Running GA Job with Parameters:
  Number of Qubits     : 15
  Ansatz Reps          : 1
  Generations          : 1000
  Mutation Probability : 0.25 0.01 
  Elitism              : 5
  Crossover Type       : single_point
STARTING ROUND 0


started GA at id 1 with 1 procs

GA parameters used for this experiment:
  num_generations=500
  num_parents_mating=20
  population_size=100
  num_genes=120
  parent_selection_type=tournament
  keep_parents=-1
  crossover_type=single_point
  mutation_type=adaptive
  crossover_probability=0.9
  mutation_probability=(0.25, 0.01)
  keep_elitism=5
started GA at id 2 with 1 procs

GA parameters used for this experiment:
  num_generations=500
  num_parents_mating=20
  population_size=100
  num_genes=120
  parent_selection_type=tournament
  keep_parents=-1
  crossover_type=single_point
  mutation_type=adaptive
  crossover_probability=0.9
  mutation_probability=(0.25, 0.01)
  keep_elitism=5
started GA at id None with 1 procs

GA parameters used for this experiment:
  num_generations=500
  num_parents_mating=20
  population_size=100
  num_genes=120
  parent_selection_type=tournament
  keep_parents=-1
  crossover_type=single_point
  mutation_type=adaptive
  crossover_probability=0.9
  mutation_probability=(0.25, 0.01)
  keep_elitism=5
started GA at id 3 with 1 procs

GA parameters used for this experiment:
  num_generations=500
  num_parents_mating=20
  population_size=100
  num_genes=120
  parent_selection_type=tournament
  keep_parents=-1
  crossover_type=single_point
  mutation_type=adaptive
  crossover_probability=0.9
  mutation_probability=(0.25, 0.01)
  keep_elitism=5
[0, array([0., 0., 0., 0.]), array([3, 3, 0, 2, 3, 3, 2, 3, 2, 1, 1, 2, 1, 0, 2, 1, 2, 0, 0, 2, 3, 0,
       2, 3, 2, 1, 3, 3, 2, 0, 0, 0, 3, 0, 3, 2, 1, 2, 0, 1, 1, 1, 1, 3,
       0, 0, 2, 3, 0, 2, 2, 0, 2, 1, 2, 3, 0, 3, 2, 1, 2, 1, 1, 1, 0, 2,
       3, 0, 0, 1, 1, 0, 0, 3, 2, 1, 1, 3, 2, 3, 3, 2, 0, 2, 0, 3, 2, 1,
       1, 0, 2, 0, 1, 2, 1, 2, 3, 0, 0, 1, 1, 0, 0, 0, 0, 1, 0, 3, 0, 2,
       0, 0, 0, 1, 1, 0, 3, 1, 0, 0], dtype=object)]
[0, array([0., 0., 0., 0.]), array([3, 3, 0, 2, 3, 3, 2, 3, 2, 1, 1, 2, 1, 0, 2, 1, 2, 0, 0, 2, 3, 0,
       2, 3, 2, 1, 3, 3, 2, 0, 0, 0, 3, 0, 3, 2, 1, 2, 0, 1, 1, 1, 1, 3,
       0, 0, 2, 3, 0, 2, 2, 0, 2, 1, 2, 3, 0, 3, 2, 1, 2, 1, 1, 1, 0, 2,
       3, 0, 0, 1, 1, 0, 0, 3, 2, 1, 1, 3, 2, 3, 3, 2, 0, 2, 0, 3, 2, 1,
       1, 0, 2, 0, 1, 2, 1, 2, 3, 0, 0, 1, 1, 0, 0, 0, 0, 1, 0, 3, 0, 2,
       0, 0, 0, 1, 1, 0, 3, 1, 0, 0], dtype=object)]
[0, array([0., 0., 0., 0.]), array([3, 3, 0, 2, 3, 3, 2, 3, 2, 1, 1, 2, 1, 0, 2, 1, 2, 0, 0, 2, 3, 0,
       2, 3, 2, 1, 3, 3, 2, 0, 0, 0, 3, 0, 3, 2, 1, 2, 0, 1, 1, 1, 1, 3,
       0, 0, 2, 3, 0, 2, 2, 0, 2, 1, 2, 3, 0, 3, 2, 1, 2, 1, 1, 1, 0, 2,
       3, 0, 0, 1, 1, 0, 0, 3, 2, 1, 1, 3, 2, 3, 3, 2, 0, 2, 0, 3, 2, 1,
       1, 0, 2, 0, 1, 2, 1, 2, 3, 0, 0, 1, 1, 0, 0, 0, 0, 1, 0, 3, 0, 2,
       0, 0, 0, 1, 1, 0, 3, 1, 0, 0], dtype=object)]
[0, array([0., 0., 0., 0.]), array([3, 3, 0, 2, 3, 3, 2, 3, 2, 1, 1, 2, 1, 0, 2, 1, 2, 0, 0, 2, 3, 0,
       2, 3, 2, 1, 3, 3, 2, 0, 0, 0, 3, 0, 3, 2, 1, 2, 0, 1, 1, 1, 1, 3,
       0, 0, 2, 3, 0, 2, 2, 0, 2, 1, 2, 3, 0, 3, 2, 1, 2, 1, 1, 1, 0, 2,
       3, 0, 0, 1, 1, 0, 0, 3, 2, 1, 1, 3, 2, 3, 3, 2, 0, 2, 0, 3, 2, 1,
       1, 0, 2, 0, 1, 2, 1, 2, 3, 0, 0, 1, 1, 0, 0, 0, 0, 1, 0, 3, 0, 2,
       0, 0, 0, 1, 1, 0, 3, 1, 0, 0], dtype=object)]
[1, array([0., 0., 0., 0.]), array([3, 0, 2, 3, 0, 0, 0, 1, 1, 1, 2, 3, 1, 2, 3, 1, 0, 2, 1, 1, 1, 1,
       0, 0, 3, 2, 2, 0, 3, 3, 1, 0, 1, 0, 3, 2, 0, 2, 0, 3, 1, 2, 3, 0,
       3, 3, 3, 1, 1, 0, 0, 1, 3, 2, 2, 1, 0, 2, 2, 0, 1, 0, 3, 0, 3, 2,
       2, 3, 1, 0, 1, 1, 3, 1, 2, 0, 0, 1, 0, 2, 2, 3, 2, 2, 2, 2, 1, 0,
       3, 0, 0, 1, 1, 2, 3, 1, 2, 2, 2, 2, 0, 0, 3, 0, 2, 2, 2, 3, 2, 0,
       0, 1, 2, 3, 2, 0, 0, 1, 1, 2], dtype=object)]
[1, array([0., 0., 0., 0.]), array([3, 0, 2, 3, 0, 0, 0, 1, 1, 1, 2, 3, 1, 2, 3, 1, 0, 2, 1, 1, 1, 1,
       0, 0, 3, 2, 2, 0, 3, 3, 1, 0, 1, 0, 3, 2, 0, 2, 0, 3, 1, 2, 3, 0,
       3, 3, 3, 1, 1, 0, 0, 1, 3, 2, 2, 1, 0, 2, 2, 0, 1, 0, 3, 0, 3, 2,
       2, 3, 1, 0, 1, 1, 3, 1, 2, 0, 0, 1, 0, 2, 2, 3, 2, 2, 2, 2, 1, 0,
       3, 0, 0, 1, 1, 2, 3, 1, 2, 2, 2, 2, 0, 0, 3, 0, 2, 2, 2, 3, 2, 0,
       0, 1, 2, 3, 2, 0, 0, 1, 1, 2], dtype=object)]
[1, array([0., 0., 0., 0.]), array([3, 0, 2, 3, 0, 0, 0, 1, 1, 1, 2, 3, 1, 2, 3, 1, 0, 2, 1, 1, 1, 1,
       0, 0, 3, 2, 2, 0, 3, 3, 1, 0, 1, 0, 3, 2, 0, 2, 0, 3, 1, 2, 3, 0,
       3, 3, 3, 1, 1, 0, 0, 1, 3, 2, 2, 1, 0, 2, 2, 0, 1, 0, 3, 0, 3, 2,
       2, 3, 1, 0, 1, 1, 3, 1, 2, 0, 0, 1, 0, 2, 2, 3, 2, 2, 2, 2, 1, 0,
       3, 0, 0, 1, 1, 2, 3, 1, 2, 2, 2, 2, 0, 0, 3, 0, 2, 2, 2, 3, 2, 0,
       0, 1, 2, 3, 2, 0, 0, 1, 1, 2], dtype=object)]
[1, array([0., 0., 0., 0.]), array([3, 0, 2, 3, 0, 0, 0, 1, 1, 1, 2, 3, 1, 2, 3, 1, 0, 2, 1, 1, 1, 1,
       0, 0, 3, 2, 2, 0, 3, 3, 1, 0, 1, 0, 3, 2, 0, 2, 0, 3, 1, 2, 3, 0,
       3, 3, 3, 1, 1, 0, 0, 1, 3, 2, 2, 1, 0, 2, 2, 0, 1, 0, 3, 0, 3, 2,
       2, 3, 1, 0, 1, 1, 3, 1, 2, 0, 0, 1, 0, 2, 2, 3, 2, 2, 2, 2, 1, 0,
       3, 0, 0, 1, 1, 2, 3, 1, 2, 2, 2, 2, 0, 0, 3, 0, 2, 2, 2, 3, 2, 0,
       0, 1, 2, 3, 2, 0, 0, 1, 1, 2], dtype=object)]
[2, array([0., 0., 0., 0.]), array([3, 0, 2, 3, 0, 0, 0, 1, 1, 1, 2, 3, 1, 2, 3, 1, 0, 2, 1, 1, 1, 1,
       0, 0, 3, 2, 2, 0, 3, 3, 1, 0, 1, 0, 3, 2, 0, 2, 0, 3, 1, 2, 3, 0,
       3, 3, 3, 1, 1, 0, 0, 1, 3, 2, 2, 1, 0, 2, 2, 0, 1, 0, 3, 0, 3, 2,
       2, 3, 1, 0, 1, 1, 3, 1, 2, 0, 0, 1, 0, 2, 2, 3, 2, 2, 2, 2, 1, 0,
       3, 0, 1, 1, 1, 2, 3, 1, 2, 2, 2, 2, 0, 0, 3, 0, 2, 2, 2, 3, 2, 0,
       0, 1, 2, 3, 2, 0, 0, 1, 1, 2], dtype=object)]
[2, array([0., 0., 0., 0.]), array([3, 0, 2, 3, 0, 0, 0, 1, 1, 1, 2, 3, 1, 2, 3, 1, 0, 2, 1, 1, 1, 1,
       0, 0, 3, 2, 2, 0, 3, 3, 1, 0, 1, 0, 3, 2, 0, 2, 0, 3, 1, 2, 3, 0,
       3, 3, 3, 1, 1, 0, 0, 1, 3, 2, 2, 1, 0, 2, 2, 0, 1, 0, 3, 0, 3, 2,
       2, 3, 1, 0, 1, 1, 3, 1, 2, 0, 0, 1, 0, 2, 2, 3, 2, 2, 2, 2, 1, 0,
       3, 0, 1, 1, 1, 2, 3, 1, 2, 2, 2, 2, 0, 0, 3, 0, 2, 2, 2, 3, 2, 0,
       0, 1, 2, 3, 2, 0, 0, 1, 1, 2], dtype=object)]
[2, array([0., 0., 0., 0.]), array([3, 0, 2, 3, 0, 0, 0, 1, 1, 1, 2, 3, 1, 2, 3, 1, 0, 2, 1, 1, 1, 1,
       0, 0, 3, 2, 2, 0, 3, 3, 1, 0, 1, 0, 3, 2, 0, 2, 0, 3, 1, 2, 3, 0,
       3, 3, 3, 1, 1, 0, 0, 1, 3, 2, 2, 1, 0, 2, 2, 0, 1, 0, 3, 0, 3, 2,
       2, 3, 1, 0, 1, 1, 3, 1, 2, 0, 0, 1, 0, 2, 2, 3, 2, 2, 2, 2, 1, 0,
       3, 0, 1, 1, 1, 2, 3, 1, 2, 2, 2, 2, 0, 0, 3, 0, 2, 2, 2, 3, 2, 0,
       0, 1, 2, 3, 2, 0, 0, 1, 1, 2], dtype=object)]
[2, array([0., 0., 0., 0.]), array([3, 0, 2, 3, 0, 0, 0, 1, 1, 1, 2, 3, 1, 2, 3, 1, 0, 2, 1, 1, 1, 1,
       0, 0, 3, 2, 2, 0, 3, 3, 1, 0, 1, 0, 3, 2, 0, 2, 0, 3, 1, 2, 3, 0,
       3, 3, 3, 1, 1, 0, 0, 1, 3, 2, 2, 1, 0, 2, 2, 0, 1, 0, 3, 0, 3, 2,
       2, 3, 1, 0, 1, 1, 3, 1, 2, 0, 0, 1, 0, 2, 2, 3, 2, 2, 2, 2, 1, 0,
       3, 0, 1, 1, 1, 2, 3, 1, 2, 2, 2, 2, 0, 0, 3, 0, 2, 2, 2, 3, 2, 0,
       0, 1, 2, 3, 2, 0, 0, 1, 1, 2], dtype=object)]
[3, array([0., 0., 0., 0.]), array([1, 0, 3, 0, 3, 1, 0, 0, 3, 0, 3, 2, 3, 2, 2, 1, 0, 0, 1, 0, 3, 0,
       0, 0, 3, 1, 3, 0, 1, 2, 3, 2, 1, 2, 3, 0, 0, 0, 1, 2, 1, 0, 0, 3,
       0, 3, 2, 2, 1, 1, 0, 1, 1, 2, 0, 2, 3, 3, 1, 0, 1, 3, 0, 2, 3, 2,
       1, 1, 0, 3, 1, 1, 0, 2, 1, 3, 2, 1, 0, 1, 2, 1, 1, 0, 2, 0, 3, 3,
       2, 1, 0, 2, 2, 0, 2, 3, 0, 3, 0, 1, 1, 1, 1, 2, 3, 1, 3, 3, 2, 2,
       1, 2, 2, 2, 1, 0, 0, 3, 3, 1], dtype=object)]
[3, array([0., 0., 0., 0.]), array([1, 0, 3, 0, 3, 1, 0, 0, 3, 0, 3, 2, 3, 2, 2, 1, 0, 0, 1, 0, 3, 0,
       0, 0, 3, 1, 3, 0, 1, 2, 3, 2, 1, 2, 3, 0, 0, 0, 1, 2, 1, 0, 0, 3,
       0, 3, 2, 2, 1, 1, 0, 1, 1, 2, 0, 2, 3, 3, 1, 0, 1, 3, 0, 2, 3, 2,
       1, 1, 0, 3, 1, 1, 0, 2, 1, 3, 2, 1, 0, 1, 2, 1, 1, 0, 2, 0, 3, 3,
       2, 1, 0, 2, 2, 0, 2, 3, 0, 3, 0, 1, 1, 1, 1, 2, 3, 1, 3, 3, 2, 2,
       1, 2, 2, 2, 1, 0, 0, 3, 3, 1], dtype=object)]
[3, array([0., 0., 0., 0.]), array([1, 0, 3, 0, 3, 1, 0, 0, 3, 0, 3, 2, 3, 2, 2, 1, 0, 0, 1, 0, 3, 0,
       0, 0, 3, 1, 3, 0, 1, 2, 3, 2, 1, 2, 3, 0, 0, 0, 1, 2, 1, 0, 0, 3,
       0, 3, 2, 2, 1, 1, 0, 1, 1, 2, 0, 2, 3, 3, 1, 0, 1, 3, 0, 2, 3, 2,
       1, 1, 0, 3, 1, 1, 0, 2, 1, 3, 2, 1, 0, 1, 2, 1, 1, 0, 2, 0, 3, 3,
       2, 1, 0, 2, 2, 0, 2, 3, 0, 3, 0, 1, 1, 1, 1, 2, 3, 1, 3, 3, 2, 2,
       1, 2, 2, 2, 1, 0, 0, 3, 3, 1], dtype=object)]
[3, array([0., 0., 0., 0.]), array([1, 0, 3, 0, 3, 1, 0, 0, 3, 0, 3, 2, 3, 2, 2, 1, 0, 0, 1, 0, 3, 0,
       0, 0, 3, 1, 3, 0, 1, 2, 3, 2, 1, 2, 3, 0, 0, 0, 1, 2, 1, 0, 0, 3,
       0, 3, 2, 2, 1, 1, 0, 1, 1, 2, 0, 2, 3, 3, 1, 0, 1, 3, 0, 2, 3, 2,
       1, 1, 0, 3, 1, 1, 0, 2, 1, 3, 2, 1, 0, 1, 2, 1, 1, 0, 2, 0, 3, 3,
       2, 1, 0, 2, 2, 0, 2, 3, 0, 3, 0, 1, 1, 1, 1, 2, 3, 1, 3, 3, 2, 2,
       1, 2, 2, 2, 1, 0, 0, 3, 3, 1], dtype=object)]
[4, array([0., 0., 0., 0.]), array([1, 0, 3, 0, 3, 1, 0, 0, 3, 0, 3, 2, 3, 2, 2, 1, 0, 0, 1, 0, 3, 0,
       0, 0, 3, 1, 3, 0, 1, 2, 3, 2, 1, 2, 3, 0, 0, 0, 1, 2, 1, 0, 0, 3,
       0, 3, 2, 2, 1, 1, 0, 1, 1, 2, 0, 2, 3, 3, 1, 0, 1, 3, 0, 2, 3, 2,
       1, 1, 0, 3, 1, 1, 0, 2, 1, 3, 2, 1, 0, 1, 2, 1, 1, 0, 2, 0, 3, 3,
       2, 1, 0, 2, 2, 0, 2, 3, 0, 3, 0, 1, 1, 1, 1, 2, 3, 1, 3, 3, 2, 2,
       1, 2, 2, 2, 1, 0, 0, 3, 3, 1], dtype=object)]
[4, array([0., 0., 0., 0.]), array([1, 0, 3, 0, 3, 1, 0, 0, 3, 0, 3, 2, 3, 2, 2, 1, 0, 0, 1, 0, 3, 0,
       0, 0, 3, 1, 3, 0, 1, 2, 3, 2, 1, 2, 3, 0, 0, 0, 1, 2, 1, 0, 0, 3,
       0, 3, 2, 2, 1, 1, 0, 1, 1, 2, 0, 2, 3, 3, 1, 0, 1, 3, 0, 2, 3, 2,
       1, 1, 0, 3, 1, 1, 0, 2, 1, 3, 2, 1, 0, 1, 2, 1, 1, 0, 2, 0, 3, 3,
       2, 1, 0, 2, 2, 0, 2, 3, 0, 3, 0, 1, 1, 1, 1, 2, 3, 1, 3, 3, 2, 2,
       1, 2, 2, 2, 1, 0, 0, 3, 3, 1], dtype=object)]
[4, array([0., 0., 0., 0.]), array([1, 0, 3, 0, 3, 1, 0, 0, 3, 0, 3, 2, 3, 2, 2, 1, 0, 0, 1, 0, 3, 0,
       0, 0, 3, 1, 3, 0, 1, 2, 3, 2, 1, 2, 3, 0, 0, 0, 1, 2, 1, 0, 0, 3,
       0, 3, 2, 2, 1, 1, 0, 1, 1, 2, 0, 2, 3, 3, 1, 0, 1, 3, 0, 2, 3, 2,
       1, 1, 0, 3, 1, 1, 0, 2, 1, 3, 2, 1, 0, 1, 2, 1, 1, 0, 2, 0, 3, 3,
       2, 1, 0, 2, 2, 0, 2, 3, 0, 3, 0, 1, 1, 1, 1, 2, 3, 1, 3, 3, 2, 2,
       1, 2, 2, 2, 1, 0, 0, 3, 3, 1], dtype=object)]
[4, array([0., 0., 0., 0.]), array([1, 0, 3, 0, 3, 1, 0, 0, 3, 0, 3, 2, 3, 2, 2, 1, 0, 0, 1, 0, 3, 0,
       0, 0, 3, 1, 3, 0, 1, 2, 3, 2, 1, 2, 3, 0, 0, 0, 1, 2, 1, 0, 0, 3,
       0, 3, 2, 2, 1, 1, 0, 1, 1, 2, 0, 2, 3, 3, 1, 0, 1, 3, 0, 2, 3, 2,
       1, 1, 0, 3, 1, 1, 0, 2, 1, 3, 2, 1, 0, 1, 2, 1, 1, 0, 2, 0, 3, 3,
       2, 1, 0, 2, 2, 0, 2, 3, 0, 3, 0, 1, 1, 1, 1, 2, 3, 1, 3, 3, 2, 2,
       1, 2, 2, 2, 1, 0, 0, 3, 3, 1], dtype=object)]
[5, array([0., 0., 0., 0.]), array([1, 1, 3, 1, 1, 1, 0, 0, 3, 2, 3, 0, 2, 0, 0, 0, 0, 0, 3, 3, 2, 2,
       3, 2, 3, 2, 0, 3, 3, 0, 1, 3, 1, 2, 2, 1, 3, 2, 2, 3, 3, 1, 0, 3,
       3, 2, 1, 1, 2, 3, 3, 2, 1, 1, 0, 3, 1, 1, 1, 0, 2, 3, 0, 0, 0, 2,
       1, 1, 2, 3, 3, 2, 2, 2, 2, 3, 1, 3, 1, 3, 1, 3, 2, 2, 0, 0, 1, 2,
       2, 1, 0, 2, 2, 0, 0, 3, 1, 0, 3, 3, 0, 1, 0, 1, 1, 1, 2, 2, 0, 2,
       2, 0, 3, 0, 2, 1, 1, 1, 0, 1], dtype=object)]
[5, array([0., 0., 0., 0.]), array([1, 1, 3, 1, 1, 1, 0, 0, 3, 2, 3, 0, 2, 0, 0, 0, 0, 0, 3, 3, 2, 2,
       3, 2, 3, 2, 0, 3, 3, 0, 1, 3, 1, 2, 2, 1, 3, 2, 2, 3, 3, 1, 0, 3,
       3, 2, 1, 1, 2, 3, 3, 2, 1, 1, 0, 3, 1, 1, 1, 0, 2, 3, 0, 0, 0, 2,
       1, 1, 2, 3, 3, 2, 2, 2, 2, 3, 1, 3, 1, 3, 1, 3, 2, 2, 0, 0, 1, 2,
       2, 1, 0, 2, 2, 0, 0, 3, 1, 0, 3, 3, 0, 1, 0, 1, 1, 1, 2, 2, 0, 2,
       2, 0, 3, 0, 2, 1, 1, 1, 0, 1], dtype=object)]
[5, array([0., 0., 0., 0.]), array([1, 1, 3, 1, 1, 1, 0, 0, 3, 2, 3, 0, 2, 0, 0, 0, 0, 0, 3, 3, 2, 2,
       3, 2, 3, 2, 0, 3, 3, 0, 1, 3, 1, 2, 2, 1, 3, 2, 2, 3, 3, 1, 0, 3,
       3, 2, 1, 1, 2, 3, 3, 2, 1, 1, 0, 3, 1, 1, 1, 0, 2, 3, 0, 0, 0, 2,
       1, 1, 2, 3, 3, 2, 2, 2, 2, 3, 1, 3, 1, 3, 1, 3, 2, 2, 0, 0, 1, 2,
       2, 1, 0, 2, 2, 0, 0, 3, 1, 0, 3, 3, 0, 1, 0, 1, 1, 1, 2, 2, 0, 2,
       2, 0, 3, 0, 2, 1, 1, 1, 0, 1], dtype=object)]
[5, array([0., 0., 0., 0.]), array([1, 1, 3, 1, 1, 1, 0, 0, 3, 2, 3, 0, 2, 0, 0, 0, 0, 0, 3, 3, 2, 2,
       3, 2, 3, 2, 0, 3, 3, 0, 1, 3, 1, 2, 2, 1, 3, 2, 2, 3, 3, 1, 0, 3,
       3, 2, 1, 1, 2, 3, 3, 2, 1, 1, 0, 3, 1, 1, 1, 0, 2, 3, 0, 0, 0, 2,
       1, 1, 2, 3, 3, 2, 2, 2, 2, 3, 1, 3, 1, 3, 1, 3, 2, 2, 0, 0, 1, 2,
       2, 1, 0, 2, 2, 0, 0, 3, 1, 0, 3, 3, 0, 1, 0, 1, 1, 1, 2, 2, 0, 2,
       2, 0, 3, 0, 2, 1, 1, 1, 0, 1], dtype=object)]
[6, array([0., 0., 0., 0.]), array([1, 1, 3, 1, 1, 1, 0, 0, 3, 2, 3, 0, 2, 0, 0, 0, 0, 0, 3, 3, 2, 2,
       3, 2, 3, 2, 0, 3, 3, 0, 1, 3, 1, 2, 2, 1, 3, 2, 2, 3, 3, 1, 0, 3,
       3, 2, 1, 1, 2, 3, 3, 2, 1, 1, 0, 3, 1, 1, 1, 0, 2, 3, 0, 0, 0, 2,
       1, 1, 2, 3, 3, 2, 2, 2, 2, 3, 1, 3, 1, 3, 1, 3, 2, 2, 0, 0, 1, 2,
       2, 1, 0, 2, 2, 0, 0, 3, 1, 0, 3, 3, 0, 1, 0, 1, 1, 1, 2, 2, 0, 2,
       2, 0, 3, 0, 2, 1, 1, 1, 0, 1], dtype=object)]
[6, array([0., 0., 0., 0.]), array([1, 1, 3, 1, 1, 1, 0, 0, 3, 2, 3, 0, 2, 0, 0, 0, 0, 0, 3, 3, 2, 2,
       3, 2, 3, 2, 0, 3, 3, 0, 1, 3, 1, 2, 2, 1, 3, 2, 2, 3, 3, 1, 0, 3,
       3, 2, 1, 1, 2, 3, 3, 2, 1, 1, 0, 3, 1, 1, 1, 0, 2, 3, 0, 0, 0, 2,
       1, 1, 2, 3, 3, 2, 2, 2, 2, 3, 1, 3, 1, 3, 1, 3, 2, 2, 0, 0, 1, 2,
       2, 1, 0, 2, 2, 0, 0, 3, 1, 0, 3, 3, 0, 1, 0, 1, 1, 1, 2, 2, 0, 2,
       2, 0, 3, 0, 2, 1, 1, 1, 0, 1], dtype=object)]
[6, array([0., 0., 0., 0.]), array([1, 1, 3, 1, 1, 1, 0, 0, 3, 2, 3, 0, 2, 0, 0, 0, 0, 0, 3, 3, 2, 2,
       3, 2, 3, 2, 0, 3, 3, 0, 1, 3, 1, 2, 2, 1, 3, 2, 2, 3, 3, 1, 0, 3,
       3, 2, 1, 1, 2, 3, 3, 2, 1, 1, 0, 3, 1, 1, 1, 0, 2, 3, 0, 0, 0, 2,
       1, 1, 2, 3, 3, 2, 2, 2, 2, 3, 1, 3, 1, 3, 1, 3, 2, 2, 0, 0, 1, 2,
       2, 1, 0, 2, 2, 0, 0, 3, 1, 0, 3, 3, 0, 1, 0, 1, 1, 1, 2, 2, 0, 2,
       2, 0, 3, 0, 2, 1, 1, 1, 0, 1], dtype=object)]
[6, array([0., 0., 0., 0.]), array([1, 1, 3, 1, 1, 1, 0, 0, 3, 2, 3, 0, 2, 0, 0, 0, 0, 0, 3, 3, 2, 2,
       3, 2, 3, 2, 0, 3, 3, 0, 1, 3, 1, 2, 2, 1, 3, 2, 2, 3, 3, 1, 0, 3,
       3, 2, 1, 1, 2, 3, 3, 2, 1, 1, 0, 3, 1, 1, 1, 0, 2, 3, 0, 0, 0, 2,
       1, 1, 2, 3, 3, 2, 2, 2, 2, 3, 1, 3, 1, 3, 1, 3, 2, 2, 0, 0, 1, 2,
       2, 1, 0, 2, 2, 0, 0, 3, 1, 0, 3, 3, 0, 1, 0, 1, 1, 1, 2, 2, 0, 2,
       2, 0, 3, 0, 2, 1, 1, 1, 0, 1], dtype=object)]
[7, array([0., 0., 0., 0.]), array([1, 0, 3, 0, 3, 1, 0, 0, 3, 0, 3, 2, 3, 2, 2, 1, 0, 2, 0, 3, 1, 3,
       0, 1, 0, 1, 0, 0, 3, 1, 0, 2, 0, 0, 1, 1, 0, 1, 1, 1, 2, 1, 1, 0,
       1, 2, 2, 3, 1, 2, 2, 1, 3, 3, 0, 1, 2, 1, 2, 3, 2, 1, 0, 3, 3, 0,
       2, 1, 0, 1, 2, 1, 1, 2, 0, 2, 1, 0, 0, 0, 0, 1, 3, 1, 2, 0, 3, 3,
       2, 1, 0, 2, 2, 0, 2, 3, 1, 3, 0, 1, 1, 1, 1, 2, 3, 1, 3, 3, 2, 2,
       1, 2, 2, 2, 1, 0, 0, 3, 3, 1], dtype=object)]
[7, array([0., 0., 0., 0.]), array([1, 0, 3, 0, 3, 1, 0, 0, 3, 0, 3, 2, 3, 2, 2, 1, 0, 2, 0, 3, 1, 3,
       0, 1, 0, 1, 0, 0, 3, 1, 0, 2, 0, 0, 1, 1, 0, 1, 1, 1, 2, 1, 1, 0,
       1, 2, 2, 3, 1, 2, 2, 1, 3, 3, 0, 1, 2, 1, 2, 3, 2, 1, 0, 3, 3, 0,
       2, 1, 0, 1, 2, 1, 1, 2, 0, 2, 1, 0, 0, 0, 0, 1, 3, 1, 2, 0, 3, 3,
       2, 1, 0, 2, 2, 0, 2, 3, 1, 3, 0, 1, 1, 1, 1, 2, 3, 1, 3, 3, 2, 2,
       1, 2, 2, 2, 1, 0, 0, 3, 3, 1], dtype=object)]
[7, array([0., 0., 0., 0.]), array([1, 0, 3, 0, 3, 1, 0, 0, 3, 0, 3, 2, 3, 2, 2, 1, 0, 2, 0, 3, 1, 3,
       0, 1, 0, 1, 0, 0, 3, 1, 0, 2, 0, 0, 1, 1, 0, 1, 1, 1, 2, 1, 1, 0,
       1, 2, 2, 3, 1, 2, 2, 1, 3, 3, 0, 1, 2, 1, 2, 3, 2, 1, 0, 3, 3, 0,
       2, 1, 0, 1, 2, 1, 1, 2, 0, 2, 1, 0, 0, 0, 0, 1, 3, 1, 2, 0, 3, 3,
       2, 1, 0, 2, 2, 0, 2, 3, 1, 3, 0, 1, 1, 1, 1, 2, 3, 1, 3, 3, 2, 2,
       1, 2, 2, 2, 1, 0, 0, 3, 3, 1], dtype=object)]
[7, array([0., 0., 0., 0.]), array([1, 0, 3, 0, 3, 1, 0, 0, 3, 0, 3, 2, 3, 2, 2, 1, 0, 2, 0, 3, 1, 3,
       0, 1, 0, 1, 0, 0, 3, 1, 0, 2, 0, 0, 1, 1, 0, 1, 1, 1, 2, 1, 1, 0,
       1, 2, 2, 3, 1, 2, 2, 1, 3, 3, 0, 1, 2, 1, 2, 3, 2, 1, 0, 3, 3, 0,
       2, 1, 0, 1, 2, 1, 1, 2, 0, 2, 1, 0, 0, 0, 0, 1, 3, 1, 2, 0, 3, 3,
       2, 1, 0, 2, 2, 0, 2, 3, 1, 3, 0, 1, 1, 1, 1, 2, 3, 1, 3, 3, 2, 2,
       1, 2, 2, 2, 1, 0, 0, 3, 3, 1], dtype=object)]
[8, array([0., 0., 0., 0.]), array([1, 0, 3, 0, 3, 1, 0, 0, 3, 0, 3, 2, 3, 2, 2, 1, 0, 2, 0, 3, 1, 3,
       0, 1, 0, 1, 0, 0, 3, 1, 0, 2, 0, 0, 1, 1, 0, 1, 1, 1, 2, 1, 3, 0,
       1, 2, 2, 3, 1, 2, 2, 1, 3, 3, 0, 1, 2, 1, 2, 1, 2, 1, 0, 3, 3, 0,
       2, 1, 0, 1, 2, 1, 1, 2, 0, 2, 1, 0, 0, 0, 0, 1, 3, 1, 2, 0, 3, 3,
       2, 1, 0, 2, 2, 0, 2, 3, 1, 3, 0, 1, 1, 1, 1, 2, 3, 1, 3, 3, 2, 2,
       1, 2, 2, 2, 1, 0, 0, 3, 3, 1], dtype=object)]
[8, array([0., 0., 0., 0.]), array([1, 0, 3, 0, 3, 1, 0, 0, 3, 0, 3, 2, 3, 2, 2, 1, 0, 2, 0, 3, 1, 3,
       0, 1, 0, 1, 0, 0, 3, 1, 0, 2, 0, 0, 1, 1, 0, 1, 1, 1, 2, 1, 3, 0,
       1, 2, 2, 3, 1, 2, 2, 1, 3, 3, 0, 1, 2, 1, 2, 1, 2, 1, 0, 3, 3, 0,
       2, 1, 0, 1, 2, 1, 1, 2, 0, 2, 1, 0, 0, 0, 0, 1, 3, 1, 2, 0, 3, 3,
       2, 1, 0, 2, 2, 0, 2, 3, 1, 3, 0, 1, 1, 1, 1, 2, 3, 1, 3, 3, 2, 2,
       1, 2, 2, 2, 1, 0, 0, 3, 3, 1], dtype=object)]
[8, array([0., 0., 0., 0.]), array([1, 0, 3, 0, 3, 1, 0, 0, 3, 0, 3, 2, 3, 2, 2, 1, 0, 2, 0, 3, 1, 3,
       0, 1, 0, 1, 0, 0, 3, 1, 0, 2, 0, 0, 1, 1, 0, 1, 1, 1, 2, 1, 3, 0,
       1, 2, 2, 3, 1, 2, 2, 1, 3, 3, 0, 1, 2, 1, 2, 1, 2, 1, 0, 3, 3, 0,
       2, 1, 0, 1, 2, 1, 1, 2, 0, 2, 1, 0, 0, 0, 0, 1, 3, 1, 2, 0, 3, 3,
       2, 1, 0, 2, 2, 0, 2, 3, 1, 3, 0, 1, 1, 1, 1, 2, 3, 1, 3, 3, 2, 2,
       1, 2, 2, 2, 1, 0, 0, 3, 3, 1], dtype=object)]
[8, array([0., 0., 0., 0.]), array([1, 0, 3, 0, 3, 1, 0, 0, 3, 0, 3, 2, 3, 2, 2, 1, 0, 2, 0, 3, 1, 3,
       0, 1, 0, 1, 0, 0, 3, 1, 0, 2, 0, 0, 1, 1, 0, 1, 1, 1, 2, 1, 3, 0,
       1, 2, 2, 3, 1, 2, 2, 1, 3, 3, 0, 1, 2, 1, 2, 1, 2, 1, 0, 3, 3, 0,
       2, 1, 0, 1, 2, 1, 1, 2, 0, 2, 1, 0, 0, 0, 0, 1, 3, 1, 2, 0, 3, 3,
       2, 1, 0, 2, 2, 0, 2, 3, 1, 3, 0, 1, 1, 1, 1, 2, 3, 1, 3, 3, 2, 2,
       1, 2, 2, 2, 1, 0, 0, 3, 3, 1], dtype=object)]
[9, array([-20., -10., -10.,   0.]), array([1, 1, 0, 1, 0, 2, 2, 2, 2, 2, 3, 0, 1, 0, 3, 1, 1, 3, 1, 0, 3, 0,
       0, 0, 3, 1, 3, 0, 3, 0, 1, 3, 1, 2, 2, 1, 3, 2, 2, 3, 3, 1, 0, 3,
       3, 2, 1, 1, 2, 3, 3, 2, 1, 1, 0, 3, 1, 1, 1, 0, 2, 3, 0, 0, 0, 2,
       1, 1, 2, 3, 3, 2, 2, 2, 2, 3, 1, 3, 1, 3, 1, 0, 3, 3, 2, 3, 2, 1,
       2, 1, 3, 0, 3, 0, 3, 1, 0, 1, 3, 2, 3, 0, 2, 3, 2, 2, 2, 3, 2, 0,
       0, 1, 2, 3, 2, 0, 0, 1, 1, 2], dtype=object)]
[9, array([-20., -10., -10.,   0.]), array([1, 1, 0, 1, 0, 2, 2, 2, 2, 2, 3, 0, 1, 0, 3, 1, 1, 3, 1, 0, 3, 0,
       0, 0, 3, 1, 3, 0, 3, 0, 1, 3, 1, 2, 2, 1, 3, 2, 2, 3, 3, 1, 0, 3,
       3, 2, 1, 1, 2, 3, 3, 2, 1, 1, 0, 3, 1, 1, 1, 0, 2, 3, 0, 0, 0, 2,
       1, 1, 2, 3, 3, 2, 2, 2, 2, 3, 1, 3, 1, 3, 1, 0, 3, 3, 2, 3, 2, 1,
       2, 1, 3, 0, 3, 0, 3, 1, 0, 1, 3, 2, 3, 0, 2, 3, 2, 2, 2, 3, 2, 0,
       0, 1, 2, 3, 2, 0, 0, 1, 1, 2], dtype=object)]
[9, array([-20., -10., -10.,   0.]), array([1, 1, 0, 1, 0, 2, 2, 2, 2, 2, 3, 0, 1, 0, 3, 1, 1, 3, 1, 0, 3, 0,
       0, 0, 3, 1, 3, 0, 3, 0, 1, 3, 1, 2, 2, 1, 3, 2, 2, 3, 3, 1, 0, 3,
       3, 2, 1, 1, 2, 3, 3, 2, 1, 1, 0, 3, 1, 1, 1, 0, 2, 3, 0, 0, 0, 2,
       1, 1, 2, 3, 3, 2, 2, 2, 2, 3, 1, 3, 1, 3, 1, 0, 3, 3, 2, 3, 2, 1,
       2, 1, 3, 0, 3, 0, 3, 1, 0, 1, 3, 2, 3, 0, 2, 3, 2, 2, 2, 3, 2, 0,
       0, 1, 2, 3, 2, 0, 0, 1, 1, 2], dtype=object)]
[9, array([-20., -10., -10.,   0.]), array([1, 1, 0, 1, 0, 2, 2, 2, 2, 2, 3, 0, 1, 0, 3, 1, 1, 3, 1, 0, 3, 0,
       0, 0, 3, 1, 3, 0, 3, 0, 1, 3, 1, 2, 2, 1, 3, 2, 2, 3, 3, 1, 0, 3,
       3, 2, 1, 1, 2, 3, 3, 2, 1, 1, 0, 3, 1, 1, 1, 0, 2, 3, 0, 0, 0, 2,
       1, 1, 2, 3, 3, 2, 2, 2, 2, 3, 1, 3, 1, 3, 1, 0, 3, 3, 2, 3, 2, 1,
       2, 1, 3, 0, 3, 0, 3, 1, 0, 1, 3, 2, 3, 0, 2, 3, 2, 2, 2, 3, 2, 0,
       0, 1, 2, 3, 2, 0, 0, 1, 1, 2], dtype=object)]
[10, array([-20., -10., -10.,   0.]), array([1, 1, 0, 1, 0, 2, 2, 2, 2, 2, 3, 0, 1, 0, 3, 1, 1, 3, 1, 0, 3, 0,
       0, 0, 3, 1, 3, 0, 3, 0, 1, 3, 1, 2, 2, 1, 3, 2, 2, 3, 3, 1, 0, 3,
       3, 2, 1, 1, 2, 3, 3, 2, 1, 1, 0, 3, 1, 1, 1, 0, 2, 3, 0, 0, 0, 2,
       1, 1, 2, 3, 3, 2, 2, 2, 2, 3, 1, 3, 1, 3, 0, 0, 3, 3, 2, 3, 2, 1,
       2, 1, 3, 0, 3, 0, 3, 1, 0, 1, 3, 2, 3, 0, 2, 3, 2, 2, 2, 3, 2, 0,
       0, 1, 2, 3, 2, 0, 0, 1, 1, 2], dtype=object)]
[10, array([-20., -10., -10.,   0.]), array([1, 1, 0, 1, 0, 2, 2, 2, 2, 2, 3, 0, 1, 0, 3, 1, 1, 3, 1, 0, 3, 0,
       0, 0, 3, 1, 3, 0, 3, 0, 1, 3, 1, 2, 2, 1, 3, 2, 2, 3, 3, 1, 0, 3,
       3, 2, 1, 1, 2, 3, 3, 2, 1, 1, 0, 3, 1, 1, 1, 0, 2, 3, 0, 0, 0, 2,
       1, 1, 2, 3, 3, 2, 2, 2, 2, 3, 1, 3, 1, 3, 0, 0, 3, 3, 2, 3, 2, 1,
       2, 1, 3, 0, 3, 0, 3, 1, 0, 1, 3, 2, 3, 0, 2, 3, 2, 2, 2, 3, 2, 0,
       0, 1, 2, 3, 2, 0, 0, 1, 1, 2], dtype=object)]
[10, array([-20., -10., -10.,   0.]), array([1, 1, 0, 1, 0, 2, 2, 2, 2, 2, 3, 0, 1, 0, 3, 1, 1, 3, 1, 0, 3, 0,
       0, 0, 3, 1, 3, 0, 3, 0, 1, 3, 1, 2, 2, 1, 3, 2, 2, 3, 3, 1, 0, 3,
       3, 2, 1, 1, 2, 3, 3, 2, 1, 1, 0, 3, 1, 1, 1, 0, 2, 3, 0, 0, 0, 2,
       1, 1, 2, 3, 3, 2, 2, 2, 2, 3, 1, 3, 1, 3, 0, 0, 3, 3, 2, 3, 2, 1,
       2, 1, 3, 0, 3, 0, 3, 1, 0, 1, 3, 2, 3, 0, 2, 3, 2, 2, 2, 3, 2, 0,
       0, 1, 2, 3, 2, 0, 0, 1, 1, 2], dtype=object)]
[10, array([-20., -10., -10.,   0.]), array([1, 1, 0, 1, 0, 2, 2, 2, 2, 2, 3, 0, 1, 0, 3, 1, 1, 3, 1, 0, 3, 0,
       0, 0, 3, 1, 3, 0, 3, 0, 1, 3, 1, 2, 2, 1, 3, 2, 2, 3, 3, 1, 0, 3,
       3, 2, 1, 1, 2, 3, 3, 2, 1, 1, 0, 3, 1, 1, 1, 0, 2, 3, 0, 0, 0, 2,
       1, 1, 2, 3, 3, 2, 2, 2, 2, 3, 1, 3, 1, 3, 0, 0, 3, 3, 2, 3, 2, 1,
       2, 1, 3, 0, 3, 0, 3, 1, 0, 1, 3, 2, 3, 0, 2, 3, 2, 2, 2, 3, 2, 0,
       0, 1, 2, 3, 2, 0, 0, 1, 1, 2], dtype=object)]
[11, array([0., 0., 0., 0.]), array([1, 3, 3, 1, 1, 3, 2, 1, 2, 0, 1, 2, 1, 2, 3, 3, 3, 2, 1, 1, 3, 1,
       0, 0, 3, 2, 2, 0, 1, 3, 0, 0, 1, 0, 2, 2, 0, 2, 0, 3, 0, 0, 3, 1,
       3, 3, 3, 1, 1, 0, 1, 1, 3, 2, 2, 2, 0, 2, 2, 0, 1, 0, 3, 1, 1, 2,
       2, 3, 1, 3, 2, 1, 3, 2, 3, 3, 0, 0, 1, 2, 3, 0, 2, 1, 3, 2, 0, 0,
       3, 2, 0, 2, 2, 1, 3, 0, 0, 1, 3, 1, 2, 2, 1, 2, 2, 0, 2, 2, 3, 3,
       2, 1, 0, 2, 0, 2, 1, 2, 2, 0], dtype=object)]
[11, array([0., 0., 0., 0.]), array([1, 3, 3, 1, 1, 3, 2, 1, 2, 0, 1, 2, 1, 2, 3, 3, 3, 2, 1, 1, 3, 1,
       0, 0, 3, 2, 2, 0, 1, 3, 0, 0, 1, 0, 2, 2, 0, 2, 0, 3, 0, 0, 3, 1,
       3, 3, 3, 1, 1, 0, 1, 1, 3, 2, 2, 2, 0, 2, 2, 0, 1, 0, 3, 1, 1, 2,
       2, 3, 1, 3, 2, 1, 3, 2, 3, 3, 0, 0, 1, 2, 3, 0, 2, 1, 3, 2, 0, 0,
       3, 2, 0, 2, 2, 1, 3, 0, 0, 1, 3, 1, 2, 2, 1, 2, 2, 0, 2, 2, 3, 3,
       2, 1, 0, 2, 0, 2, 1, 2, 2, 0], dtype=object)]
[11, array([0., 0., 0., 0.]), array([1, 3, 3, 1, 1, 3, 2, 1, 2, 0, 1, 2, 1, 2, 3, 3, 3, 2, 1, 1, 3, 1,
       0, 0, 3, 2, 2, 0, 1, 3, 0, 0, 1, 0, 2, 2, 0, 2, 0, 3, 0, 0, 3, 1,
       3, 3, 3, 1, 1, 0, 1, 1, 3, 2, 2, 2, 0, 2, 2, 0, 1, 0, 3, 1, 1, 2,
       2, 3, 1, 3, 2, 1, 3, 2, 3, 3, 0, 0, 1, 2, 3, 0, 2, 1, 3, 2, 0, 0,
       3, 2, 0, 2, 2, 1, 3, 0, 0, 1, 3, 1, 2, 2, 1, 2, 2, 0, 2, 2, 3, 3,
       2, 1, 0, 2, 0, 2, 1, 2, 2, 0], dtype=object)]
[11, array([0., 0., 0., 0.]), array([1, 3, 3, 1, 1, 3, 2, 1, 2, 0, 1, 2, 1, 2, 3, 3, 3, 2, 1, 1, 3, 1,
       0, 0, 3, 2, 2, 0, 1, 3, 0, 0, 1, 0, 2, 2, 0, 2, 0, 3, 0, 0, 3, 1,
       3, 3, 3, 1, 1, 0, 1, 1, 3, 2, 2, 2, 0, 2, 2, 0, 1, 0, 3, 1, 1, 2,
       2, 3, 1, 3, 2, 1, 3, 2, 3, 3, 0, 0, 1, 2, 3, 0, 2, 1, 3, 2, 0, 0,
       3, 2, 0, 2, 2, 1, 3, 0, 0, 1, 3, 1, 2, 2, 1, 2, 2, 0, 2, 2, 3, 3,
       2, 1, 0, 2, 0, 2, 1, 2, 2, 0], dtype=object)]
[12, array([0., 0., 0., 0.]), array([1, 3, 3, 2, 1, 3, 2, 1, 2, 0, 1, 2, 1, 2, 1, 3, 3, 2, 1, 1, 3, 1,
       0, 0, 3, 2, 2, 0, 1, 3, 0, 0, 1, 0, 2, 2, 0, 2, 0, 3, 0, 0, 3, 1,
       3, 3, 3, 1, 1, 0, 1, 1, 3, 2, 2, 2, 0, 2, 2, 0, 1, 0, 3, 1, 1, 2,
       2, 3, 1, 3, 2, 1, 3, 2, 3, 3, 0, 0, 1, 2, 3, 0, 2, 1, 3, 2, 0, 0,
       3, 2, 0, 2, 2, 1, 3, 0, 0, 1, 3, 1, 2, 2, 1, 2, 2, 0, 2, 2, 3, 3,
       2, 1, 0, 2, 0, 2, 1, 2, 2, 0], dtype=object)]
[12, array([0., 0., 0., 0.]), array([1, 3, 3, 2, 1, 3, 2, 1, 2, 0, 1, 2, 1, 2, 1, 3, 3, 2, 1, 1, 3, 1,
       0, 0, 3, 2, 2, 0, 1, 3, 0, 0, 1, 0, 2, 2, 0, 2, 0, 3, 0, 0, 3, 1,
       3, 3, 3, 1, 1, 0, 1, 1, 3, 2, 2, 2, 0, 2, 2, 0, 1, 0, 3, 1, 1, 2,
       2, 3, 1, 3, 2, 1, 3, 2, 3, 3, 0, 0, 1, 2, 3, 0, 2, 1, 3, 2, 0, 0,
       3, 2, 0, 2, 2, 1, 3, 0, 0, 1, 3, 1, 2, 2, 1, 2, 2, 0, 2, 2, 3, 3,
       2, 1, 0, 2, 0, 2, 1, 2, 2, 0], dtype=object)]
[12, array([0., 0., 0., 0.]), array([1, 3, 3, 2, 1, 3, 2, 1, 2, 0, 1, 2, 1, 2, 1, 3, 3, 2, 1, 1, 3, 1,
       0, 0, 3, 2, 2, 0, 1, 3, 0, 0, 1, 0, 2, 2, 0, 2, 0, 3, 0, 0, 3, 1,
       3, 3, 3, 1, 1, 0, 1, 1, 3, 2, 2, 2, 0, 2, 2, 0, 1, 0, 3, 1, 1, 2,
       2, 3, 1, 3, 2, 1, 3, 2, 3, 3, 0, 0, 1, 2, 3, 0, 2, 1, 3, 2, 0, 0,
       3, 2, 0, 2, 2, 1, 3, 0, 0, 1, 3, 1, 2, 2, 1, 2, 2, 0, 2, 2, 3, 3,
       2, 1, 0, 2, 0, 2, 1, 2, 2, 0], dtype=object)]
[12, array([0., 0., 0., 0.]), array([1, 3, 3, 2, 1, 3, 2, 1, 2, 0, 1, 2, 1, 2, 1, 3, 3, 2, 1, 1, 3, 1,
       0, 0, 3, 2, 2, 0, 1, 3, 0, 0, 1, 0, 2, 2, 0, 2, 0, 3, 0, 0, 3, 1,
       3, 3, 3, 1, 1, 0, 1, 1, 3, 2, 2, 2, 0, 2, 2, 0, 1, 0, 3, 1, 1, 2,
       2, 3, 1, 3, 2, 1, 3, 2, 3, 3, 0, 0, 1, 2, 3, 0, 2, 1, 3, 2, 0, 0,
       3, 2, 0, 2, 2, 1, 3, 0, 0, 1, 3, 1, 2, 2, 1, 2, 2, 0, 2, 2, 3, 3,
       2, 1, 0, 2, 0, 2, 1, 2, 2, 0], dtype=object)]
[13, array([-20., -10., -10.,   0.]), array([1, 0, 0, 0, 0, 1, 0, 3, 3, 2, 3, 0, 1, 0, 3, 1, 1, 3, 1, 0, 3, 0,
       0, 0, 3, 1, 3, 0, 3, 0, 1, 3, 1, 2, 2, 1, 3, 2, 2, 3, 3, 1, 0, 3,
       3, 2, 1, 1, 2, 3, 3, 2, 1, 1, 0, 3, 1, 1, 1, 0, 2, 3, 0, 0, 0, 2,
       1, 1, 2, 3, 3, 2, 2, 2, 2, 3, 1, 3, 1, 3, 0, 0, 3, 3, 2, 3, 2, 1,
       2, 1, 3, 0, 3, 0, 3, 1, 0, 1, 3, 2, 3, 0, 2, 3, 2, 2, 2, 3, 2, 0,
       0, 1, 2, 3, 2, 0, 0, 1, 1, 2], dtype=object)]
[13, array([-20., -10., -10.,   0.]), array([1, 0, 0, 0, 0, 1, 0, 3, 3, 2, 3, 0, 1, 0, 3, 1, 1, 3, 1, 0, 3, 0,
       0, 0, 3, 1, 3, 0, 3, 0, 1, 3, 1, 2, 2, 1, 3, 2, 2, 3, 3, 1, 0, 3,
       3, 2, 1, 1, 2, 3, 3, 2, 1, 1, 0, 3, 1, 1, 1, 0, 2, 3, 0, 0, 0, 2,
       1, 1, 2, 3, 3, 2, 2, 2, 2, 3, 1, 3, 1, 3, 0, 0, 3, 3, 2, 3, 2, 1,
       2, 1, 3, 0, 3, 0, 3, 1, 0, 1, 3, 2, 3, 0, 2, 3, 2, 2, 2, 3, 2, 0,
       0, 1, 2, 3, 2, 0, 0, 1, 1, 2], dtype=object)]
[13, array([-20., -10., -10.,   0.]), array([1, 0, 0, 0, 0, 1, 0, 3, 3, 2, 3, 0, 1, 0, 3, 1, 1, 3, 1, 0, 3, 0,
       0, 0, 3, 1, 3, 0, 3, 0, 1, 3, 1, 2, 2, 1, 3, 2, 2, 3, 3, 1, 0, 3,
       3, 2, 1, 1, 2, 3, 3, 2, 1, 1, 0, 3, 1, 1, 1, 0, 2, 3, 0, 0, 0, 2,
       1, 1, 2, 3, 3, 2, 2, 2, 2, 3, 1, 3, 1, 3, 0, 0, 3, 3, 2, 3, 2, 1,
       2, 1, 3, 0, 3, 0, 3, 1, 0, 1, 3, 2, 3, 0, 2, 3, 2, 2, 2, 3, 2, 0,
       0, 1, 2, 3, 2, 0, 0, 1, 1, 2], dtype=object)]
[13, array([-20., -10., -10.,   0.]), array([1, 0, 0, 0, 0, 1, 0, 3, 3, 2, 3, 0, 1, 0, 3, 1, 1, 3, 1, 0, 3, 0,
       0, 0, 3, 1, 3, 0, 3, 0, 1, 3, 1, 2, 2, 1, 3, 2, 2, 3, 3, 1, 0, 3,
       3, 2, 1, 1, 2, 3, 3, 2, 1, 1, 0, 3, 1, 1, 1, 0, 2, 3, 0, 0, 0, 2,
       1, 1, 2, 3, 3, 2, 2, 2, 2, 3, 1, 3, 1, 3, 0, 0, 3, 3, 2, 3, 2, 1,
       2, 1, 3, 0, 3, 0, 3, 1, 0, 1, 3, 2, 3, 0, 2, 3, 2, 2, 2, 3, 2, 0,
       0, 1, 2, 3, 2, 0, 0, 1, 1, 2], dtype=object)]
[14, array([-20., -10., -10.,   0.]), array([1, 0, 0, 0, 0, 1, 0, 3, 3, 2, 3, 0, 1, 0, 3, 1, 1, 3, 1, 0, 3, 0,
       0, 0, 3, 1, 3, 0, 3, 0, 1, 3, 1, 2, 2, 1, 3, 2, 2, 3, 3, 1, 0, 3,
       3, 2, 1, 1, 2, 3, 3, 2, 1, 1, 0, 3, 1, 1, 1, 0, 0, 3, 0, 0, 0, 2,
       1, 1, 2, 3, 3, 2, 2, 2, 2, 3, 1, 3, 1, 3, 0, 0, 3, 3, 2, 3, 2, 1,
       2, 1, 3, 0, 3, 0, 3, 1, 0, 1, 3, 2, 3, 0, 2, 3, 2, 2, 2, 3, 2, 0,
       0, 1, 2, 3, 2, 0, 0, 1, 1, 2], dtype=object)]
[14, array([-20., -10., -10.,   0.]), array([1, 0, 0, 0, 0, 1, 0, 3, 3, 2, 3, 0, 1, 0, 3, 1, 1, 3, 1, 0, 3, 0,
       0, 0, 3, 1, 3, 0, 3, 0, 1, 3, 1, 2, 2, 1, 3, 2, 2, 3, 3, 1, 0, 3,
       3, 2, 1, 1, 2, 3, 3, 2, 1, 1, 0, 3, 1, 1, 1, 0, 0, 3, 0, 0, 0, 2,
       1, 1, 2, 3, 3, 2, 2, 2, 2, 3, 1, 3, 1, 3, 0, 0, 3, 3, 2, 3, 2, 1,
       2, 1, 3, 0, 3, 0, 3, 1, 0, 1, 3, 2, 3, 0, 2, 3, 2, 2, 2, 3, 2, 0,
       0, 1, 2, 3, 2, 0, 0, 1, 1, 2], dtype=object)]
[14, array([-20., -10., -10.,   0.]), array([1, 0, 0, 0, 0, 1, 0, 3, 3, 2, 3, 0, 1, 0, 3, 1, 1, 3, 1, 0, 3, 0,
       0, 0, 3, 1, 3, 0, 3, 0, 1, 3, 1, 2, 2, 1, 3, 2, 2, 3, 3, 1, 0, 3,
       3, 2, 1, 1, 2, 3, 3, 2, 1, 1, 0, 3, 1, 1, 1, 0, 0, 3, 0, 0, 0, 2,
       1, 1, 2, 3, 3, 2, 2, 2, 2, 3, 1, 3, 1, 3, 0, 0, 3, 3, 2, 3, 2, 1,
       2, 1, 3, 0, 3, 0, 3, 1, 0, 1, 3, 2, 3, 0, 2, 3, 2, 2, 2, 3, 2, 0,
       0, 1, 2, 3, 2, 0, 0, 1, 1, 2], dtype=object)]
[14, array([-20., -10., -10.,   0.]), array([1, 0, 0, 0, 0, 1, 0, 3, 3, 2, 3, 0, 1, 0, 3, 1, 1, 3, 1, 0, 3, 0,
       0, 0, 3, 1, 3, 0, 3, 0, 1, 3, 1, 2, 2, 1, 3, 2, 2, 3, 3, 1, 0, 3,
       3, 2, 1, 1, 2, 3, 3, 2, 1, 1, 0, 3, 1, 1, 1, 0, 0, 3, 0, 0, 0, 2,
       1, 1, 2, 3, 3, 2, 2, 2, 2, 3, 1, 3, 1, 3, 0, 0, 3, 3, 2, 3, 2, 1,
       2, 1, 3, 0, 3, 0, 3, 1, 0, 1, 3, 2, 3, 0, 2, 3, 2, 2, 2, 3, 2, 0,
       0, 1, 2, 3, 2, 0, 0, 1, 1, 2], dtype=object)]
[15, array([0., 0., 0., 0.]), array([3, 2, 0, 1, 0, 2, 2, 0, 2, 2, 1, 1, 0, 0, 3, 1, 1, 0, 1, 2, 1, 0,
       1, 0, 1, 2, 2, 1, 3, 3, 2, 2, 1, 2, 1, 2, 2, 3, 2, 1, 0, 2, 0, 3,
       2, 3, 0, 1, 2, 1, 2, 1, 0, 2, 2, 2, 1, 0, 1, 0, 0, 3, 3, 0, 3, 0,
       1, 0, 1, 1, 1, 3, 3, 2, 1, 2, 3, 3, 1, 2, 0, 1, 3, 3, 1, 0, 0, 3,
       2, 2, 3, 2, 3, 0, 1, 2, 0, 1, 3, 2, 3, 3, 2, 2, 1, 0, 1, 2, 3, 1,
       1, 2, 2, 0, 0, 0, 0, 0, 3, 1], dtype=object)]
[15, array([0., 0., 0., 0.]), array([3, 2, 0, 1, 0, 2, 2, 0, 2, 2, 1, 1, 0, 0, 3, 1, 1, 0, 1, 2, 1, 0,
       1, 0, 1, 2, 2, 1, 3, 3, 2, 2, 1, 2, 1, 2, 2, 3, 2, 1, 0, 2, 0, 3,
       2, 3, 0, 1, 2, 1, 2, 1, 0, 2, 2, 2, 1, 0, 1, 0, 0, 3, 3, 0, 3, 0,
       1, 0, 1, 1, 1, 3, 3, 2, 1, 2, 3, 3, 1, 2, 0, 1, 3, 3, 1, 0, 0, 3,
       2, 2, 3, 2, 3, 0, 1, 2, 0, 1, 3, 2, 3, 3, 2, 2, 1, 0, 1, 2, 3, 1,
       1, 2, 2, 0, 0, 0, 0, 0, 3, 1], dtype=object)]
[15, array([0., 0., 0., 0.]), array([3, 2, 0, 1, 0, 2, 2, 0, 2, 2, 1, 1, 0, 0, 3, 1, 1, 0, 1, 2, 1, 0,
       1, 0, 1, 2, 2, 1, 3, 3, 2, 2, 1, 2, 1, 2, 2, 3, 2, 1, 0, 2, 0, 3,
       2, 3, 0, 1, 2, 1, 2, 1, 0, 2, 2, 2, 1, 0, 1, 0, 0, 3, 3, 0, 3, 0,
       1, 0, 1, 1, 1, 3, 3, 2, 1, 2, 3, 3, 1, 2, 0, 1, 3, 3, 1, 0, 0, 3,
       2, 2, 3, 2, 3, 0, 1, 2, 0, 1, 3, 2, 3, 3, 2, 2, 1, 0, 1, 2, 3, 1,
       1, 2, 2, 0, 0, 0, 0, 0, 3, 1], dtype=object)]
[15, array([0., 0., 0., 0.]), array([3, 2, 0, 1, 0, 2, 2, 0, 2, 2, 1, 1, 0, 0, 3, 1, 1, 0, 1, 2, 1, 0,
       1, 0, 1, 2, 2, 1, 3, 3, 2, 2, 1, 2, 1, 2, 2, 3, 2, 1, 0, 2, 0, 3,
       2, 3, 0, 1, 2, 1, 2, 1, 0, 2, 2, 2, 1, 0, 1, 0, 0, 3, 3, 0, 3, 0,
       1, 0, 1, 1, 1, 3, 3, 2, 1, 2, 3, 3, 1, 2, 0, 1, 3, 3, 1, 0, 0, 3,
       2, 2, 3, 2, 3, 0, 1, 2, 0, 1, 3, 2, 3, 3, 2, 2, 1, 0, 1, 2, 3, 1,
       1, 2, 2, 0, 0, 0, 0, 0, 3, 1], dtype=object)]
[16, array([0., 0., 0., 0.]), array([3, 2, 0, 1, 0, 2, 2, 0, 2, 2, 1, 1, 0, 0, 3, 1, 1, 0, 1, 2, 1, 0,
       1, 0, 1, 2, 2, 1, 3, 3, 2, 2, 1, 2, 1, 2, 2, 3, 2, 1, 0, 2, 0, 3,
       2, 3, 0, 1, 2, 1, 2, 1, 0, 2, 2, 2, 1, 0, 1, 0, 0, 3, 3, 0, 3, 0,
       1, 0, 1, 3, 1, 3, 3, 2, 1, 2, 3, 3, 1, 2, 0, 1, 3, 3, 1, 0, 0, 3,
       2, 2, 3, 2, 3, 0, 1, 2, 0, 1, 3, 2, 3, 3, 2, 2, 1, 0, 1, 2, 3, 1,
       1, 2, 2, 0, 0, 0, 0, 0, 3, 1], dtype=object)]
[16, array([0., 0., 0., 0.]), array([3, 2, 0, 1, 0, 2, 2, 0, 2, 2, 1, 1, 0, 0, 3, 1, 1, 0, 1, 2, 1, 0,
       1, 0, 1, 2, 2, 1, 3, 3, 2, 2, 1, 2, 1, 2, 2, 3, 2, 1, 0, 2, 0, 3,
       2, 3, 0, 1, 2, 1, 2, 1, 0, 2, 2, 2, 1, 0, 1, 0, 0, 3, 3, 0, 3, 0,
       1, 0, 1, 3, 1, 3, 3, 2, 1, 2, 3, 3, 1, 2, 0, 1, 3, 3, 1, 0, 0, 3,
       2, 2, 3, 2, 3, 0, 1, 2, 0, 1, 3, 2, 3, 3, 2, 2, 1, 0, 1, 2, 3, 1,
       1, 2, 2, 0, 0, 0, 0, 0, 3, 1], dtype=object)]
[16, array([0., 0., 0., 0.]), array([3, 2, 0, 1, 0, 2, 2, 0, 2, 2, 1, 1, 0, 0, 3, 1, 1, 0, 1, 2, 1, 0,
       1, 0, 1, 2, 2, 1, 3, 3, 2, 2, 1, 2, 1, 2, 2, 3, 2, 1, 0, 2, 0, 3,
       2, 3, 0, 1, 2, 1, 2, 1, 0, 2, 2, 2, 1, 0, 1, 0, 0, 3, 3, 0, 3, 0,
       1, 0, 1, 3, 1, 3, 3, 2, 1, 2, 3, 3, 1, 2, 0, 1, 3, 3, 1, 0, 0, 3,
       2, 2, 3, 2, 3, 0, 1, 2, 0, 1, 3, 2, 3, 3, 2, 2, 1, 0, 1, 2, 3, 1,
       1, 2, 2, 0, 0, 0, 0, 0, 3, 1], dtype=object)]
[16, array([0., 0., 0., 0.]), array([3, 2, 0, 1, 0, 2, 2, 0, 2, 2, 1, 1, 0, 0, 3, 1, 1, 0, 1, 2, 1, 0,
       1, 0, 1, 2, 2, 1, 3, 3, 2, 2, 1, 2, 1, 2, 2, 3, 2, 1, 0, 2, 0, 3,
       2, 3, 0, 1, 2, 1, 2, 1, 0, 2, 2, 2, 1, 0, 1, 0, 0, 3, 3, 0, 3, 0,
       1, 0, 1, 3, 1, 3, 3, 2, 1, 2, 3, 3, 1, 2, 0, 1, 3, 3, 1, 0, 0, 3,
       2, 2, 3, 2, 3, 0, 1, 2, 0, 1, 3, 2, 3, 3, 2, 2, 1, 0, 1, 2, 3, 1,
       1, 2, 2, 0, 0, 0, 0, 0, 3, 1], dtype=object)]
[17, array([-20., -10., -10.,   0.]), array([1, 0, 0, 0, 0, 1, 0, 3, 3, 2, 3, 0, 1, 0, 3, 1, 1, 3, 1, 0, 3, 0,
       0, 0, 3, 1, 3, 0, 3, 0, 1, 3, 1, 2, 2, 1, 3, 2, 2, 3, 3, 1, 0, 3,
       3, 2, 1, 1, 2, 3, 3, 2, 1, 1, 0, 3, 1, 1, 1, 0, 0, 3, 0, 0, 0, 2,
       1, 1, 2, 3, 3, 2, 2, 2, 2, 3, 1, 3, 1, 3, 0, 0, 3, 3, 2, 3, 2, 1,
       2, 1, 3, 0, 3, 0, 3, 1, 0, 1, 3, 2, 3, 0, 2, 3, 2, 2, 2, 3, 2, 0,
       0, 1, 2, 3, 2, 0, 0, 1, 1, 2], dtype=object)]
[17, array([-20., -10., -10.,   0.]), array([1, 0, 0, 0, 0, 1, 0, 3, 3, 2, 3, 0, 1, 0, 3, 1, 1, 3, 1, 0, 3, 0,
       0, 0, 3, 1, 3, 0, 3, 0, 1, 3, 1, 2, 2, 1, 3, 2, 2, 3, 3, 1, 0, 3,
       3, 2, 1, 1, 2, 3, 3, 2, 1, 1, 0, 3, 1, 1, 1, 0, 0, 3, 0, 0, 0, 2,
       1, 1, 2, 3, 3, 2, 2, 2, 2, 3, 1, 3, 1, 3, 0, 0, 3, 3, 2, 3, 2, 1,
       2, 1, 3, 0, 3, 0, 3, 1, 0, 1, 3, 2, 3, 0, 2, 3, 2, 2, 2, 3, 2, 0,
       0, 1, 2, 3, 2, 0, 0, 1, 1, 2], dtype=object)]
[17, array([-20., -10., -10.,   0.]), array([1, 0, 0, 0, 0, 1, 0, 3, 3, 2, 3, 0, 1, 0, 3, 1, 1, 3, 1, 0, 3, 0,
       0, 0, 3, 1, 3, 0, 3, 0, 1, 3, 1, 2, 2, 1, 3, 2, 2, 3, 3, 1, 0, 3,
       3, 2, 1, 1, 2, 3, 3, 2, 1, 1, 0, 3, 1, 1, 1, 0, 0, 3, 0, 0, 0, 2,
       1, 1, 2, 3, 3, 2, 2, 2, 2, 3, 1, 3, 1, 3, 0, 0, 3, 3, 2, 3, 2, 1,
       2, 1, 3, 0, 3, 0, 3, 1, 0, 1, 3, 2, 3, 0, 2, 3, 2, 2, 2, 3, 2, 0,
       0, 1, 2, 3, 2, 0, 0, 1, 1, 2], dtype=object)]
[17, array([-20., -10., -10.,   0.]), array([1, 0, 0, 0, 0, 1, 0, 3, 3, 2, 3, 0, 1, 0, 3, 1, 1, 3, 1, 0, 3, 0,
       0, 0, 3, 1, 3, 0, 3, 0, 1, 3, 1, 2, 2, 1, 3, 2, 2, 3, 3, 1, 0, 3,
       3, 2, 1, 1, 2, 3, 3, 2, 1, 1, 0, 3, 1, 1, 1, 0, 0, 3, 0, 0, 0, 2,
       1, 1, 2, 3, 3, 2, 2, 2, 2, 3, 1, 3, 1, 3, 0, 0, 3, 3, 2, 3, 2, 1,
       2, 1, 3, 0, 3, 0, 3, 1, 0, 1, 3, 2, 3, 0, 2, 3, 2, 2, 2, 3, 2, 0,
       0, 1, 2, 3, 2, 0, 0, 1, 1, 2], dtype=object)]
[18, array([0., 0., 0., 0.]), array([1, 0, 1, 0, 2, 2, 1, 1, 1, 1, 3, 3, 3, 2, 0, 0, 0, 2, 0, 3, 3, 3,
       0, 0, 0, 2, 2, 2, 2, 1, 2, 2, 1, 3, 1, 0, 2, 1, 2, 2, 2, 2, 0, 3,
       2, 3, 0, 1, 3, 2, 2, 1, 0, 2, 2, 2, 1, 0, 1, 0, 3, 3, 3, 0, 3, 2,
       1, 0, 1, 1, 0, 1, 3, 2, 3, 2, 3, 3, 1, 3, 3, 1, 3, 3, 1, 1, 2, 3,
       3, 2, 0, 2, 3, 0, 1, 2, 0, 1, 3, 2, 3, 0, 0, 2, 3, 1, 3, 3, 2, 0,
       1, 2, 0, 3, 3, 0, 2, 3, 2, 0], dtype=object)]
[18, array([0., 0., 0., 0.]), array([1, 0, 1, 0, 2, 2, 1, 1, 1, 1, 3, 3, 3, 2, 0, 0, 0, 2, 0, 3, 3, 3,
       0, 0, 0, 2, 2, 2, 2, 1, 2, 2, 1, 3, 1, 0, 2, 1, 2, 2, 2, 2, 0, 3,
       2, 3, 0, 1, 3, 2, 2, 1, 0, 2, 2, 2, 1, 0, 1, 0, 3, 3, 3, 0, 3, 2,
       1, 0, 1, 1, 0, 1, 3, 2, 3, 2, 3, 3, 1, 3, 3, 1, 3, 3, 1, 1, 2, 3,
       3, 2, 0, 2, 3, 0, 1, 2, 0, 1, 3, 2, 3, 0, 0, 2, 3, 1, 3, 3, 2, 0,
       1, 2, 0, 3, 3, 0, 2, 3, 2, 0], dtype=object)]
[18, array([0., 0., 0., 0.]), array([1, 0, 1, 0, 2, 2, 1, 1, 1, 1, 3, 3, 3, 2, 0, 0, 0, 2, 0, 3, 3, 3,
       0, 0, 0, 2, 2, 2, 2, 1, 2, 2, 1, 3, 1, 0, 2, 1, 2, 2, 2, 2, 0, 3,
       2, 3, 0, 1, 3, 2, 2, 1, 0, 2, 2, 2, 1, 0, 1, 0, 3, 3, 3, 0, 3, 2,
       1, 0, 1, 1, 0, 1, 3, 2, 3, 2, 3, 3, 1, 3, 3, 1, 3, 3, 1, 1, 2, 3,
       3, 2, 0, 2, 3, 0, 1, 2, 0, 1, 3, 2, 3, 0, 0, 2, 3, 1, 3, 3, 2, 0,
       1, 2, 0, 3, 3, 0, 2, 3, 2, 0], dtype=object)]
[18, array([0., 0., 0., 0.]), array([1, 0, 1, 0, 2, 2, 1, 1, 1, 1, 3, 3, 3, 2, 0, 0, 0, 2, 0, 3, 3, 3,
       0, 0, 0, 2, 2, 2, 2, 1, 2, 2, 1, 3, 1, 0, 2, 1, 2, 2, 2, 2, 0, 3,
       2, 3, 0, 1, 3, 2, 2, 1, 0, 2, 2, 2, 1, 0, 1, 0, 3, 3, 3, 0, 3, 2,
       1, 0, 1, 1, 0, 1, 3, 2, 3, 2, 3, 3, 1, 3, 3, 1, 3, 3, 1, 1, 2, 3,
       3, 2, 0, 2, 3, 0, 1, 2, 0, 1, 3, 2, 3, 0, 0, 2, 3, 1, 3, 3, 2, 0,
       1, 2, 0, 3, 3, 0, 2, 3, 2, 0], dtype=object)]
[19, array([-20., -10., -10.,   0.]), array([1, 1, 0, 1, 0, 2, 2, 2, 2, 2, 3, 0, 1, 0, 3, 1, 1, 3, 1, 0, 3, 0,
       0, 0, 3, 1, 3, 0, 3, 0, 1, 3, 1, 2, 2, 1, 3, 2, 2, 3, 3, 1, 0, 3,
       3, 2, 1, 1, 2, 3, 3, 2, 1, 1, 0, 3, 1, 1, 1, 0, 2, 3, 0, 0, 0, 2,
       1, 1, 2, 3, 3, 2, 2, 2, 2, 3, 1, 3, 1, 3, 0, 0, 3, 3, 2, 3, 2, 1,
       2, 1, 3, 0, 3, 0, 3, 1, 0, 1, 3, 2, 3, 0, 2, 3, 2, 2, 2, 3, 2, 0,
       0, 1, 0, 3, 3, 0, 3, 2, 3, 3], dtype=object)]
[19, array([-20., -10., -10.,   0.]), array([1, 1, 0, 1, 0, 2, 2, 2, 2, 2, 3, 0, 1, 0, 3, 1, 1, 3, 1, 0, 3, 0,
       0, 0, 3, 1, 3, 0, 3, 0, 1, 3, 1, 2, 2, 1, 3, 2, 2, 3, 3, 1, 0, 3,
       3, 2, 1, 1, 2, 3, 3, 2, 1, 1, 0, 3, 1, 1, 1, 0, 2, 3, 0, 0, 0, 2,
       1, 1, 2, 3, 3, 2, 2, 2, 2, 3, 1, 3, 1, 3, 0, 0, 3, 3, 2, 3, 2, 1,
       2, 1, 3, 0, 3, 0, 3, 1, 0, 1, 3, 2, 3, 0, 2, 3, 2, 2, 2, 3, 2, 0,
       0, 1, 0, 3, 3, 0, 3, 2, 3, 3], dtype=object)]
[19, array([-20., -10., -10.,   0.]), array([1, 1, 0, 1, 0, 2, 2, 2, 2, 2, 3, 0, 1, 0, 3, 1, 1, 3, 1, 0, 3, 0,
       0, 0, 3, 1, 3, 0, 3, 0, 1, 3, 1, 2, 2, 1, 3, 2, 2, 3, 3, 1, 0, 3,
       3, 2, 1, 1, 2, 3, 3, 2, 1, 1, 0, 3, 1, 1, 1, 0, 2, 3, 0, 0, 0, 2,
       1, 1, 2, 3, 3, 2, 2, 2, 2, 3, 1, 3, 1, 3, 0, 0, 3, 3, 2, 3, 2, 1,
       2, 1, 3, 0, 3, 0, 3, 1, 0, 1, 3, 2, 3, 0, 2, 3, 2, 2, 2, 3, 2, 0,
       0, 1, 0, 3, 3, 0, 3, 2, 3, 3], dtype=object)]
[19, array([-20., -10., -10.,   0.]), array([1, 1, 0, 1, 0, 2, 2, 2, 2, 2, 3, 0, 1, 0, 3, 1, 1, 3, 1, 0, 3, 0,
       0, 0, 3, 1, 3, 0, 3, 0, 1, 3, 1, 2, 2, 1, 3, 2, 2, 3, 3, 1, 0, 3,
       3, 2, 1, 1, 2, 3, 3, 2, 1, 1, 0, 3, 1, 1, 1, 0, 2, 3, 0, 0, 0, 2,
       1, 1, 2, 3, 3, 2, 2, 2, 2, 3, 1, 3, 1, 3, 0, 0, 3, 3, 2, 3, 2, 1,
       2, 1, 3, 0, 3, 0, 3, 1, 0, 1, 3, 2, 3, 0, 2, 3, 2, 2, 2, 3, 2, 0,
       0, 1, 0, 3, 3, 0, 3, 2, 3, 3], dtype=object)]
[20, array([-20., -10., -10.,   0.]), array([1, 1, 0, 1, 0, 2, 2, 2, 2, 2, 3, 0, 1, 0, 3, 1, 1, 3, 1, 0, 3, 0,
       0, 0, 3, 1, 3, 0, 3, 0, 1, 3, 1, 2, 2, 1, 3, 2, 2, 3, 3, 1, 0, 3,
       3, 2, 1, 1, 2, 3, 3, 2, 1, 1, 0, 3, 1, 1, 1, 0, 2, 3, 0, 0, 0, 2,
       1, 1, 2, 3, 3, 2, 2, 2, 2, 3, 1, 3, 1, 3, 0, 0, 3, 3, 2, 3, 2, 1,
       2, 1, 3, 0, 3, 0, 3, 1, 0, 1, 3, 2, 3, 0, 2, 3, 2, 1, 2, 3, 2, 0,
       0, 1, 0, 3, 3, 0, 3, 2, 3, 3], dtype=object)]
[20, array([-20., -10., -10.,   0.]), array([1, 1, 0, 1, 0, 2, 2, 2, 2, 2, 3, 0, 1, 0, 3, 1, 1, 3, 1, 0, 3, 0,
       0, 0, 3, 1, 3, 0, 3, 0, 1, 3, 1, 2, 2, 1, 3, 2, 2, 3, 3, 1, 0, 3,
       3, 2, 1, 1, 2, 3, 3, 2, 1, 1, 0, 3, 1, 1, 1, 0, 2, 3, 0, 0, 0, 2,
       1, 1, 2, 3, 3, 2, 2, 2, 2, 3, 1, 3, 1, 3, 0, 0, 3, 3, 2, 3, 2, 1,
       2, 1, 3, 0, 3, 0, 3, 1, 0, 1, 3, 2, 3, 0, 2, 3, 2, 1, 2, 3, 2, 0,
       0, 1, 0, 3, 3, 0, 3, 2, 3, 3], dtype=object)]
[20, array([-20., -10., -10.,   0.]), array([1, 1, 0, 1, 0, 2, 2, 2, 2, 2, 3, 0, 1, 0, 3, 1, 1, 3, 1, 0, 3, 0,
       0, 0, 3, 1, 3, 0, 3, 0, 1, 3, 1, 2, 2, 1, 3, 2, 2, 3, 3, 1, 0, 3,
       3, 2, 1, 1, 2, 3, 3, 2, 1, 1, 0, 3, 1, 1, 1, 0, 2, 3, 0, 0, 0, 2,
       1, 1, 2, 3, 3, 2, 2, 2, 2, 3, 1, 3, 1, 3, 0, 0, 3, 3, 2, 3, 2, 1,
       2, 1, 3, 0, 3, 0, 3, 1, 0, 1, 3, 2, 3, 0, 2, 3, 2, 1, 2, 3, 2, 0,
       0, 1, 0, 3, 3, 0, 3, 2, 3, 3], dtype=object)]
[20, array([-20., -10., -10.,   0.]), array([1, 1, 0, 1, 0, 2, 2, 2, 2, 2, 3, 0, 1, 0, 3, 1, 1, 3, 1, 0, 3, 0,
       0, 0, 3, 1, 3, 0, 3, 0, 1, 3, 1, 2, 2, 1, 3, 2, 2, 3, 3, 1, 0, 3,
       3, 2, 1, 1, 2, 3, 3, 2, 1, 1, 0, 3, 1, 1, 1, 0, 2, 3, 0, 0, 0, 2,
       1, 1, 2, 3, 3, 2, 2, 2, 2, 3, 1, 3, 1, 3, 0, 0, 3, 3, 2, 3, 2, 1,
       2, 1, 3, 0, 3, 0, 3, 1, 0, 1, 3, 2, 3, 0, 2, 3, 2, 1, 2, 3, 2, 0,
       0, 1, 0, 3, 3, 0, 3, 2, 3, 3], dtype=object)]
[21, array([-8., -4., -4.,  0.]), array([1, 0, 1, 0, 2, 2, 1, 3, 2, 3, 3, 3, 0, 2, 0, 1, 0, 2, 0, 2, 3, 1,
       1, 0, 0, 2, 2, 0, 1, 1, 1, 2, 1, 1, 1, 2, 2, 1, 2, 1, 0, 2, 1, 1,
       2, 2, 3, 1, 3, 3, 0, 3, 0, 2, 2, 2, 1, 0, 1, 0, 2, 2, 0, 1, 0, 1,
       0, 0, 1, 0, 0, 1, 2, 0, 0, 0, 0, 1, 0, 1, 0, 1, 2, 2, 2, 0, 2, 2,
       2, 0, 2, 3, 1, 1, 2, 2, 0, 3, 0, 1, 2, 1, 2, 2, 1, 0, 3, 0, 1, 1,
       1, 2, 3, 3, 0, 1, 0, 2, 0, 3], dtype=object)]
[21, array([-8., -4., -4.,  0.]), array([1, 0, 1, 0, 2, 2, 1, 3, 2, 3, 3, 3, 0, 2, 0, 1, 0, 2, 0, 2, 3, 1,
       1, 0, 0, 2, 2, 0, 1, 1, 1, 2, 1, 1, 1, 2, 2, 1, 2, 1, 0, 2, 1, 1,
       2, 2, 3, 1, 3, 3, 0, 3, 0, 2, 2, 2, 1, 0, 1, 0, 2, 2, 0, 1, 0, 1,
       0, 0, 1, 0, 0, 1, 2, 0, 0, 0, 0, 1, 0, 1, 0, 1, 2, 2, 2, 0, 2, 2,
       2, 0, 2, 3, 1, 1, 2, 2, 0, 3, 0, 1, 2, 1, 2, 2, 1, 0, 3, 0, 1, 1,
       1, 2, 3, 3, 0, 1, 0, 2, 0, 3], dtype=object)]
[21, array([-8., -4., -4.,  0.]), array([1, 0, 1, 0, 2, 2, 1, 3, 2, 3, 3, 3, 0, 2, 0, 1, 0, 2, 0, 2, 3, 1,
       1, 0, 0, 2, 2, 0, 1, 1, 1, 2, 1, 1, 1, 2, 2, 1, 2, 1, 0, 2, 1, 1,
       2, 2, 3, 1, 3, 3, 0, 3, 0, 2, 2, 2, 1, 0, 1, 0, 2, 2, 0, 1, 0, 1,
       0, 0, 1, 0, 0, 1, 2, 0, 0, 0, 0, 1, 0, 1, 0, 1, 2, 2, 2, 0, 2, 2,
       2, 0, 2, 3, 1, 1, 2, 2, 0, 3, 0, 1, 2, 1, 2, 2, 1, 0, 3, 0, 1, 1,
       1, 2, 3, 3, 0, 1, 0, 2, 0, 3], dtype=object)]
[21, array([-8., -4., -4.,  0.]), array([1, 0, 1, 0, 2, 2, 1, 3, 2, 3, 3, 3, 0, 2, 0, 1, 0, 2, 0, 2, 3, 1,
       1, 0, 0, 2, 2, 0, 1, 1, 1, 2, 1, 1, 1, 2, 2, 1, 2, 1, 0, 2, 1, 1,
       2, 2, 3, 1, 3, 3, 0, 3, 0, 2, 2, 2, 1, 0, 1, 0, 2, 2, 0, 1, 0, 1,
       0, 0, 1, 0, 0, 1, 2, 0, 0, 0, 0, 1, 0, 1, 0, 1, 2, 2, 2, 0, 2, 2,
       2, 0, 2, 3, 1, 1, 2, 2, 0, 3, 0, 1, 2, 1, 2, 2, 1, 0, 3, 0, 1, 1,
       1, 2, 3, 3, 0, 1, 0, 2, 0, 3], dtype=object)]
[22, array([-8., -4., -4.,  0.]), array([1, 2, 3, 3, 1, 0, 0, 2, 2, 2, 2, 1, 1, 2, 3, 3, 2, 0, 1, 0, 3, 3,
       1, 0, 0, 1, 0, 2, 3, 2, 2, 0, 0, 1, 2, 2, 3, 1, 2, 1, 0, 2, 1, 1,
       2, 2, 3, 1, 3, 3, 0, 3, 0, 2, 2, 2, 1, 0, 1, 0, 2, 2, 0, 1, 0, 1,
       0, 0, 1, 0, 0, 1, 2, 0, 0, 0, 0, 1, 0, 1, 0, 1, 2, 2, 2, 0, 2, 2,
       2, 0, 2, 3, 1, 1, 2, 2, 0, 3, 0, 1, 2, 1, 2, 2, 1, 0, 3, 0, 1, 1,
       1, 2, 3, 3, 0, 1, 0, 2, 0, 3], dtype=object)]
[22, array([-8., -4., -4.,  0.]), array([1, 2, 3, 3, 1, 0, 0, 2, 2, 2, 2, 1, 1, 2, 3, 3, 2, 0, 1, 0, 3, 3,
       1, 0, 0, 1, 0, 2, 3, 2, 2, 0, 0, 1, 2, 2, 3, 1, 2, 1, 0, 2, 1, 1,
       2, 2, 3, 1, 3, 3, 0, 3, 0, 2, 2, 2, 1, 0, 1, 0, 2, 2, 0, 1, 0, 1,
       0, 0, 1, 0, 0, 1, 2, 0, 0, 0, 0, 1, 0, 1, 0, 1, 2, 2, 2, 0, 2, 2,
       2, 0, 2, 3, 1, 1, 2, 2, 0, 3, 0, 1, 2, 1, 2, 2, 1, 0, 3, 0, 1, 1,
       1, 2, 3, 3, 0, 1, 0, 2, 0, 3], dtype=object)]
[22, array([-8., -4., -4.,  0.]), array([1, 2, 3, 3, 1, 0, 0, 2, 2, 2, 2, 1, 1, 2, 3, 3, 2, 0, 1, 0, 3, 3,
       1, 0, 0, 1, 0, 2, 3, 2, 2, 0, 0, 1, 2, 2, 3, 1, 2, 1, 0, 2, 1, 1,
       2, 2, 3, 1, 3, 3, 0, 3, 0, 2, 2, 2, 1, 0, 1, 0, 2, 2, 0, 1, 0, 1,
       0, 0, 1, 0, 0, 1, 2, 0, 0, 0, 0, 1, 0, 1, 0, 1, 2, 2, 2, 0, 2, 2,
       2, 0, 2, 3, 1, 1, 2, 2, 0, 3, 0, 1, 2, 1, 2, 2, 1, 0, 3, 0, 1, 1,
       1, 2, 3, 3, 0, 1, 0, 2, 0, 3], dtype=object)]
[22, array([-8., -4., -4.,  0.]), array([1, 2, 3, 3, 1, 0, 0, 2, 2, 2, 2, 1, 1, 2, 3, 3, 2, 0, 1, 0, 3, 3,
       1, 0, 0, 1, 0, 2, 3, 2, 2, 0, 0, 1, 2, 2, 3, 1, 2, 1, 0, 2, 1, 1,
       2, 2, 3, 1, 3, 3, 0, 3, 0, 2, 2, 2, 1, 0, 1, 0, 2, 2, 0, 1, 0, 1,
       0, 0, 1, 0, 0, 1, 2, 0, 0, 0, 0, 1, 0, 1, 0, 1, 2, 2, 2, 0, 2, 2,
       2, 0, 2, 3, 1, 1, 2, 2, 0, 3, 0, 1, 2, 1, 2, 2, 1, 0, 3, 0, 1, 1,
       1, 2, 3, 3, 0, 1, 0, 2, 0, 3], dtype=object)]
[23, array([-20., -10., -10.,   0.]), array([1, 3, 0, 2, 0, 2, 2, 2, 2, 3, 3, 0, 1, 0, 3, 1, 1, 3, 1, 0, 3, 0,
       0, 0, 3, 1, 3, 0, 3, 0, 1, 3, 1, 2, 2, 1, 3, 2, 2, 3, 3, 1, 0, 3,
       3, 2, 1, 1, 2, 3, 3, 2, 1, 1, 0, 3, 1, 1, 1, 0, 2, 3, 0, 0, 0, 2,
       1, 1, 2, 3, 3, 2, 2, 2, 2, 3, 1, 3, 1, 3, 0, 0, 3, 3, 2, 3, 2, 1,
       2, 1, 3, 0, 3, 0, 3, 1, 0, 1, 3, 2, 3, 0, 2, 3, 2, 2, 2, 3, 2, 0,
       0, 1, 2, 3, 2, 0, 0, 1, 1, 2], dtype=object)]
[23, array([-20., -10., -10.,   0.]), array([1, 3, 0, 2, 0, 2, 2, 2, 2, 3, 3, 0, 1, 0, 3, 1, 1, 3, 1, 0, 3, 0,
       0, 0, 3, 1, 3, 0, 3, 0, 1, 3, 1, 2, 2, 1, 3, 2, 2, 3, 3, 1, 0, 3,
       3, 2, 1, 1, 2, 3, 3, 2, 1, 1, 0, 3, 1, 1, 1, 0, 2, 3, 0, 0, 0, 2,
       1, 1, 2, 3, 3, 2, 2, 2, 2, 3, 1, 3, 1, 3, 0, 0, 3, 3, 2, 3, 2, 1,
       2, 1, 3, 0, 3, 0, 3, 1, 0, 1, 3, 2, 3, 0, 2, 3, 2, 2, 2, 3, 2, 0,
       0, 1, 2, 3, 2, 0, 0, 1, 1, 2], dtype=object)]
[23, array([-20., -10., -10.,   0.]), array([1, 3, 0, 2, 0, 2, 2, 2, 2, 3, 3, 0, 1, 0, 3, 1, 1, 3, 1, 0, 3, 0,
       0, 0, 3, 1, 3, 0, 3, 0, 1, 3, 1, 2, 2, 1, 3, 2, 2, 3, 3, 1, 0, 3,
       3, 2, 1, 1, 2, 3, 3, 2, 1, 1, 0, 3, 1, 1, 1, 0, 2, 3, 0, 0, 0, 2,
       1, 1, 2, 3, 3, 2, 2, 2, 2, 3, 1, 3, 1, 3, 0, 0, 3, 3, 2, 3, 2, 1,
       2, 1, 3, 0, 3, 0, 3, 1, 0, 1, 3, 2, 3, 0, 2, 3, 2, 2, 2, 3, 2, 0,
       0, 1, 2, 3, 2, 0, 0, 1, 1, 2], dtype=object)]
[23, array([-20., -10., -10.,   0.]), array([1, 3, 0, 2, 0, 2, 2, 2, 2, 3, 3, 0, 1, 0, 3, 1, 1, 3, 1, 0, 3, 0,
       0, 0, 3, 1, 3, 0, 3, 0, 1, 3, 1, 2, 2, 1, 3, 2, 2, 3, 3, 1, 0, 3,
       3, 2, 1, 1, 2, 3, 3, 2, 1, 1, 0, 3, 1, 1, 1, 0, 2, 3, 0, 0, 0, 2,
       1, 1, 2, 3, 3, 2, 2, 2, 2, 3, 1, 3, 1, 3, 0, 0, 3, 3, 2, 3, 2, 1,
       2, 1, 3, 0, 3, 0, 3, 1, 0, 1, 3, 2, 3, 0, 2, 3, 2, 2, 2, 3, 2, 0,
       0, 1, 2, 3, 2, 0, 0, 1, 1, 2], dtype=object)]
[24, array([-20., -10., -10.,   0.]), array([1, 3, 0, 2, 0, 2, 2, 2, 2, 3, 3, 0, 1, 0, 3, 1, 1, 3, 1, 0, 3, 0,
       0, 0, 3, 1, 3, 0, 3, 0, 1, 3, 1, 2, 2, 1, 3, 2, 2, 3, 3, 1, 0, 3,
       3, 2, 1, 1, 2, 3, 3, 2, 1, 1, 0, 3, 1, 1, 1, 0, 2, 3, 0, 0, 0, 2,
       1, 1, 2, 3, 3, 2, 2, 2, 2, 3, 1, 3, 1, 3, 0, 0, 3, 3, 0, 3, 2, 1,
       2, 1, 3, 0, 3, 0, 3, 1, 0, 1, 3, 2, 3, 0, 2, 3, 2, 2, 2, 3, 2, 0,
       0, 1, 2, 3, 2, 0, 0, 1, 1, 2], dtype=object)]
[24, array([-20., -10., -10.,   0.]), array([1, 3, 0, 2, 0, 2, 2, 2, 2, 3, 3, 0, 1, 0, 3, 1, 1, 3, 1, 0, 3, 0,
       0, 0, 3, 1, 3, 0, 3, 0, 1, 3, 1, 2, 2, 1, 3, 2, 2, 3, 3, 1, 0, 3,
       3, 2, 1, 1, 2, 3, 3, 2, 1, 1, 0, 3, 1, 1, 1, 0, 2, 3, 0, 0, 0, 2,
       1, 1, 2, 3, 3, 2, 2, 2, 2, 3, 1, 3, 1, 3, 0, 0, 3, 3, 0, 3, 2, 1,
       2, 1, 3, 0, 3, 0, 3, 1, 0, 1, 3, 2, 3, 0, 2, 3, 2, 2, 2, 3, 2, 0,
       0, 1, 2, 3, 2, 0, 0, 1, 1, 2], dtype=object)]
[24, array([-20., -10., -10.,   0.]), array([1, 3, 0, 2, 0, 2, 2, 2, 2, 3, 3, 0, 1, 0, 3, 1, 1, 3, 1, 0, 3, 0,
       0, 0, 3, 1, 3, 0, 3, 0, 1, 3, 1, 2, 2, 1, 3, 2, 2, 3, 3, 1, 0, 3,
       3, 2, 1, 1, 2, 3, 3, 2, 1, 1, 0, 3, 1, 1, 1, 0, 2, 3, 0, 0, 0, 2,
       1, 1, 2, 3, 3, 2, 2, 2, 2, 3, 1, 3, 1, 3, 0, 0, 3, 3, 0, 3, 2, 1,
       2, 1, 3, 0, 3, 0, 3, 1, 0, 1, 3, 2, 3, 0, 2, 3, 2, 2, 2, 3, 2, 0,
       0, 1, 2, 3, 2, 0, 0, 1, 1, 2], dtype=object)]
[24, array([-20., -10., -10.,   0.]), array([1, 3, 0, 2, 0, 2, 2, 2, 2, 3, 3, 0, 1, 0, 3, 1, 1, 3, 1, 0, 3, 0,
       0, 0, 3, 1, 3, 0, 3, 0, 1, 3, 1, 2, 2, 1, 3, 2, 2, 3, 3, 1, 0, 3,
       3, 2, 1, 1, 2, 3, 3, 2, 1, 1, 0, 3, 1, 1, 1, 0, 2, 3, 0, 0, 0, 2,
       1, 1, 2, 3, 3, 2, 2, 2, 2, 3, 1, 3, 1, 3, 0, 0, 3, 3, 0, 3, 2, 1,
       2, 1, 3, 0, 3, 0, 3, 1, 0, 1, 3, 2, 3, 0, 2, 3, 2, 2, 2, 3, 2, 0,
       0, 1, 2, 3, 2, 0, 0, 1, 1, 2], dtype=object)]
[25, array([-20., -10., -10.,   0.]), array([1, 1, 0, 1, 0, 2, 2, 2, 2, 2, 3, 0, 1, 0, 3, 1, 1, 3, 1, 0, 3, 0,
       0, 0, 3, 1, 3, 0, 3, 0, 1, 3, 1, 2, 2, 1, 3, 2, 2, 3, 3, 1, 0, 3,
       3, 2, 1, 1, 2, 3, 3, 2, 1, 1, 0, 3, 1, 1, 1, 0, 2, 3, 0, 0, 0, 2,
       1, 2, 2, 3, 3, 2, 2, 2, 2, 3, 1, 3, 1, 3, 0, 0, 3, 3, 2, 3, 2, 1,
       2, 1, 3, 0, 3, 0, 3, 1, 0, 1, 3, 2, 3, 0, 2, 3, 2, 2, 2, 3, 2, 0,
       0, 1, 2, 3, 2, 0, 0, 1, 1, 2], dtype=object)]
[25, array([-20., -10., -10.,   0.]), array([1, 1, 0, 1, 0, 2, 2, 2, 2, 2, 3, 0, 1, 0, 3, 1, 1, 3, 1, 0, 3, 0,
       0, 0, 3, 1, 3, 0, 3, 0, 1, 3, 1, 2, 2, 1, 3, 2, 2, 3, 3, 1, 0, 3,
       3, 2, 1, 1, 2, 3, 3, 2, 1, 1, 0, 3, 1, 1, 1, 0, 2, 3, 0, 0, 0, 2,
       1, 2, 2, 3, 3, 2, 2, 2, 2, 3, 1, 3, 1, 3, 0, 0, 3, 3, 2, 3, 2, 1,
       2, 1, 3, 0, 3, 0, 3, 1, 0, 1, 3, 2, 3, 0, 2, 3, 2, 2, 2, 3, 2, 0,
       0, 1, 2, 3, 2, 0, 0, 1, 1, 2], dtype=object)]
[25, array([-20., -10., -10.,   0.]), array([1, 1, 0, 1, 0, 2, 2, 2, 2, 2, 3, 0, 1, 0, 3, 1, 1, 3, 1, 0, 3, 0,
       0, 0, 3, 1, 3, 0, 3, 0, 1, 3, 1, 2, 2, 1, 3, 2, 2, 3, 3, 1, 0, 3,
       3, 2, 1, 1, 2, 3, 3, 2, 1, 1, 0, 3, 1, 1, 1, 0, 2, 3, 0, 0, 0, 2,
       1, 2, 2, 3, 3, 2, 2, 2, 2, 3, 1, 3, 1, 3, 0, 0, 3, 3, 2, 3, 2, 1,
       2, 1, 3, 0, 3, 0, 3, 1, 0, 1, 3, 2, 3, 0, 2, 3, 2, 2, 2, 3, 2, 0,
       0, 1, 2, 3, 2, 0, 0, 1, 1, 2], dtype=object)]
[25, array([-20., -10., -10.,   0.]), array([1, 1, 0, 1, 0, 2, 2, 2, 2, 2, 3, 0, 1, 0, 3, 1, 1, 3, 1, 0, 3, 0,
       0, 0, 3, 1, 3, 0, 3, 0, 1, 3, 1, 2, 2, 1, 3, 2, 2, 3, 3, 1, 0, 3,
       3, 2, 1, 1, 2, 3, 3, 2, 1, 1, 0, 3, 1, 1, 1, 0, 2, 3, 0, 0, 0, 2,
       1, 2, 2, 3, 3, 2, 2, 2, 2, 3, 1, 3, 1, 3, 0, 0, 3, 3, 2, 3, 2, 1,
       2, 1, 3, 0, 3, 0, 3, 1, 0, 1, 3, 2, 3, 0, 2, 3, 2, 2, 2, 3, 2, 0,
       0, 1, 2, 3, 2, 0, 0, 1, 1, 2], dtype=object)]
[26, array([-20., -10., -10.,   0.]), array([1, 1, 0, 1, 0, 2, 2, 2, 2, 2, 3, 0, 1, 0, 3, 1, 1, 3, 1, 0, 3, 0,
       0, 0, 3, 1, 3, 0, 3, 0, 1, 3, 1, 2, 2, 1, 3, 2, 2, 3, 3, 1, 0, 3,
       3, 2, 1, 1, 2, 3, 3, 2, 1, 1, 0, 3, 1, 1, 1, 0, 2, 3, 0, 0, 0, 2,
       1, 1, 2, 3, 3, 2, 2, 2, 2, 3, 1, 3, 1, 3, 0, 0, 3, 3, 0, 3, 2, 1,
       2, 1, 3, 0, 3, 0, 3, 1, 0, 1, 3, 2, 3, 0, 2, 3, 2, 2, 2, 3, 2, 0,
       0, 1, 2, 3, 3, 0, 0, 1, 1, 2], dtype=object)]
[26, array([-20., -10., -10.,   0.]), array([1, 1, 0, 1, 0, 2, 2, 2, 2, 2, 3, 0, 1, 0, 3, 1, 1, 3, 1, 0, 3, 0,
       0, 0, 3, 1, 3, 0, 3, 0, 1, 3, 1, 2, 2, 1, 3, 2, 2, 3, 3, 1, 0, 3,
       3, 2, 1, 1, 2, 3, 3, 2, 1, 1, 0, 3, 1, 1, 1, 0, 2, 3, 0, 0, 0, 2,
       1, 1, 2, 3, 3, 2, 2, 2, 2, 3, 1, 3, 1, 3, 0, 0, 3, 3, 0, 3, 2, 1,
       2, 1, 3, 0, 3, 0, 3, 1, 0, 1, 3, 2, 3, 0, 2, 3, 2, 2, 2, 3, 2, 0,
       0, 1, 2, 3, 3, 0, 0, 1, 1, 2], dtype=object)]
[26, array([-20., -10., -10.,   0.]), array([1, 1, 0, 1, 0, 2, 2, 2, 2, 2, 3, 0, 1, 0, 3, 1, 1, 3, 1, 0, 3, 0,
       0, 0, 3, 1, 3, 0, 3, 0, 1, 3, 1, 2, 2, 1, 3, 2, 2, 3, 3, 1, 0, 3,
       3, 2, 1, 1, 2, 3, 3, 2, 1, 1, 0, 3, 1, 1, 1, 0, 2, 3, 0, 0, 0, 2,
       1, 1, 2, 3, 3, 2, 2, 2, 2, 3, 1, 3, 1, 3, 0, 0, 3, 3, 0, 3, 2, 1,
       2, 1, 3, 0, 3, 0, 3, 1, 0, 1, 3, 2, 3, 0, 2, 3, 2, 2, 2, 3, 2, 0,
       0, 1, 2, 3, 3, 0, 0, 1, 1, 2], dtype=object)]
[26, array([-20., -10., -10.,   0.]), array([1, 1, 0, 1, 0, 2, 2, 2, 2, 2, 3, 0, 1, 0, 3, 1, 1, 3, 1, 0, 3, 0,
       0, 0, 3, 1, 3, 0, 3, 0, 1, 3, 1, 2, 2, 1, 3, 2, 2, 3, 3, 1, 0, 3,
       3, 2, 1, 1, 2, 3, 3, 2, 1, 1, 0, 3, 1, 1, 1, 0, 2, 3, 0, 0, 0, 2,
       1, 1, 2, 3, 3, 2, 2, 2, 2, 3, 1, 3, 1, 3, 0, 0, 3, 3, 0, 3, 2, 1,
       2, 1, 3, 0, 3, 0, 3, 1, 0, 1, 3, 2, 3, 0, 2, 3, 2, 2, 2, 3, 2, 0,
       0, 1, 2, 3, 3, 0, 0, 1, 1, 2], dtype=object)]
[27, array([-20., -10., -10.,   0.]), array([3, 3, 0, 2, 0, 2, 2, 2, 2, 3, 3, 0, 1, 0, 3, 1, 1, 3, 1, 0, 3, 0,
       0, 0, 3, 1, 3, 0, 3, 0, 1, 3, 1, 2, 2, 1, 3, 2, 2, 3, 3, 1, 0, 3,
       3, 2, 1, 1, 2, 3, 3, 2, 1, 1, 0, 3, 1, 1, 1, 0, 2, 3, 0, 0, 0, 2,
       1, 1, 2, 3, 3, 2, 2, 2, 2, 3, 1, 3, 1, 3, 0, 0, 3, 3, 2, 3, 2, 1,
       2, 1, 3, 0, 3, 0, 3, 1, 0, 1, 2, 2, 3, 0, 2, 3, 2, 2, 2, 3, 2, 0,
       0, 1, 2, 3, 2, 0, 0, 1, 1, 2], dtype=object)]
[27, array([-20., -10., -10.,   0.]), array([3, 3, 0, 2, 0, 2, 2, 2, 2, 3, 3, 0, 1, 0, 3, 1, 1, 3, 1, 0, 3, 0,
       0, 0, 3, 1, 3, 0, 3, 0, 1, 3, 1, 2, 2, 1, 3, 2, 2, 3, 3, 1, 0, 3,
       3, 2, 1, 1, 2, 3, 3, 2, 1, 1, 0, 3, 1, 1, 1, 0, 2, 3, 0, 0, 0, 2,
       1, 1, 2, 3, 3, 2, 2, 2, 2, 3, 1, 3, 1, 3, 0, 0, 3, 3, 2, 3, 2, 1,
       2, 1, 3, 0, 3, 0, 3, 1, 0, 1, 2, 2, 3, 0, 2, 3, 2, 2, 2, 3, 2, 0,
       0, 1, 2, 3, 2, 0, 0, 1, 1, 2], dtype=object)]
[27, array([-20., -10., -10.,   0.]), array([3, 3, 0, 2, 0, 2, 2, 2, 2, 3, 3, 0, 1, 0, 3, 1, 1, 3, 1, 0, 3, 0,
       0, 0, 3, 1, 3, 0, 3, 0, 1, 3, 1, 2, 2, 1, 3, 2, 2, 3, 3, 1, 0, 3,
       3, 2, 1, 1, 2, 3, 3, 2, 1, 1, 0, 3, 1, 1, 1, 0, 2, 3, 0, 0, 0, 2,
       1, 1, 2, 3, 3, 2, 2, 2, 2, 3, 1, 3, 1, 3, 0, 0, 3, 3, 2, 3, 2, 1,
       2, 1, 3, 0, 3, 0, 3, 1, 0, 1, 2, 2, 3, 0, 2, 3, 2, 2, 2, 3, 2, 0,
       0, 1, 2, 3, 2, 0, 0, 1, 1, 2], dtype=object)]
[27, array([-20., -10., -10.,   0.]), array([3, 3, 0, 2, 0, 2, 2, 2, 2, 3, 3, 0, 1, 0, 3, 1, 1, 3, 1, 0, 3, 0,
       0, 0, 3, 1, 3, 0, 3, 0, 1, 3, 1, 2, 2, 1, 3, 2, 2, 3, 3, 1, 0, 3,
       3, 2, 1, 1, 2, 3, 3, 2, 1, 1, 0, 3, 1, 1, 1, 0, 2, 3, 0, 0, 0, 2,
       1, 1, 2, 3, 3, 2, 2, 2, 2, 3, 1, 3, 1, 3, 0, 0, 3, 3, 2, 3, 2, 1,
       2, 1, 3, 0, 3, 0, 3, 1, 0, 1, 2, 2, 3, 0, 2, 3, 2, 2, 2, 3, 2, 0,
       0, 1, 2, 3, 2, 0, 0, 1, 1, 2], dtype=object)]
[28, array([-20., -10., -10.,   0.]), array([1, 3, 0, 2, 0, 1, 2, 2, 2, 3, 3, 2, 1, 0, 3, 1, 1, 3, 1, 0, 3, 0,
       0, 0, 3, 1, 3, 0, 3, 0, 1, 3, 1, 2, 2, 1, 3, 2, 2, 3, 3, 1, 0, 3,
       3, 2, 1, 1, 2, 3, 3, 2, 1, 1, 0, 3, 1, 1, 1, 0, 2, 3, 0, 0, 0, 2,
       1, 1, 2, 3, 3, 2, 2, 2, 2, 3, 1, 3, 1, 3, 0, 0, 3, 3, 2, 3, 2, 1,
       2, 1, 3, 0, 3, 0, 3, 1, 0, 1, 2, 2, 3, 0, 2, 3, 2, 2, 2, 3, 2, 0,
       0, 1, 2, 3, 2, 0, 0, 1, 2, 3], dtype=object)]
[28, array([-20., -10., -10.,   0.]), array([1, 3, 0, 2, 0, 1, 2, 2, 2, 3, 3, 2, 1, 0, 3, 1, 1, 3, 1, 0, 3, 0,
       0, 0, 3, 1, 3, 0, 3, 0, 1, 3, 1, 2, 2, 1, 3, 2, 2, 3, 3, 1, 0, 3,
       3, 2, 1, 1, 2, 3, 3, 2, 1, 1, 0, 3, 1, 1, 1, 0, 2, 3, 0, 0, 0, 2,
       1, 1, 2, 3, 3, 2, 2, 2, 2, 3, 1, 3, 1, 3, 0, 0, 3, 3, 2, 3, 2, 1,
       2, 1, 3, 0, 3, 0, 3, 1, 0, 1, 2, 2, 3, 0, 2, 3, 2, 2, 2, 3, 2, 0,
       0, 1, 2, 3, 2, 0, 0, 1, 2, 3], dtype=object)]
[28, array([-20., -10., -10.,   0.]), array([1, 3, 0, 2, 0, 1, 2, 2, 2, 3, 3, 2, 1, 0, 3, 1, 1, 3, 1, 0, 3, 0,
       0, 0, 3, 1, 3, 0, 3, 0, 1, 3, 1, 2, 2, 1, 3, 2, 2, 3, 3, 1, 0, 3,
       3, 2, 1, 1, 2, 3, 3, 2, 1, 1, 0, 3, 1, 1, 1, 0, 2, 3, 0, 0, 0, 2,
       1, 1, 2, 3, 3, 2, 2, 2, 2, 3, 1, 3, 1, 3, 0, 0, 3, 3, 2, 3, 2, 1,
       2, 1, 3, 0, 3, 0, 3, 1, 0, 1, 2, 2, 3, 0, 2, 3, 2, 2, 2, 3, 2, 0,
       0, 1, 2, 3, 2, 0, 0, 1, 2, 3], dtype=object)]
[28, array([-20., -10., -10.,   0.]), array([1, 3, 0, 2, 0, 1, 2, 2, 2, 3, 3, 2, 1, 0, 3, 1, 1, 3, 1, 0, 3, 0,
       0, 0, 3, 1, 3, 0, 3, 0, 1, 3, 1, 2, 2, 1, 3, 2, 2, 3, 3, 1, 0, 3,
       3, 2, 1, 1, 2, 3, 3, 2, 1, 1, 0, 3, 1, 1, 1, 0, 2, 3, 0, 0, 0, 2,
       1, 1, 2, 3, 3, 2, 2, 2, 2, 3, 1, 3, 1, 3, 0, 0, 3, 3, 2, 3, 2, 1,
       2, 1, 3, 0, 3, 0, 3, 1, 0, 1, 2, 2, 3, 0, 2, 3, 2, 2, 2, 3, 2, 0,
       0, 1, 2, 3, 2, 0, 0, 1, 2, 3], dtype=object)]
[29, array([-20., -10., -10.,   0.]), array([1, 0, 0, 2, 0, 2, 2, 2, 2, 3, 3, 0, 1, 0, 3, 1, 1, 3, 1, 0, 3, 0,
       0, 0, 3, 1, 3, 0, 3, 0, 1, 3, 1, 2, 2, 1, 3, 2, 2, 3, 3, 1, 0, 3,
       3, 0, 1, 1, 2, 3, 3, 2, 1, 1, 0, 3, 1, 1, 1, 0, 2, 3, 0, 0, 0, 2,
       1, 1, 2, 3, 3, 2, 2, 2, 2, 3, 1, 3, 1, 3, 2, 0, 3, 3, 2, 3, 2, 1,
       2, 1, 3, 0, 3, 0, 3, 2, 0, 1, 2, 2, 3, 0, 2, 3, 2, 2, 2, 3, 2, 0,
       0, 1, 2, 3, 2, 0, 0, 1, 1, 2], dtype=object)]
[29, array([-20., -10., -10.,   0.]), array([1, 0, 0, 2, 0, 2, 2, 2, 2, 3, 3, 0, 1, 0, 3, 1, 1, 3, 1, 0, 3, 0,
       0, 0, 3, 1, 3, 0, 3, 0, 1, 3, 1, 2, 2, 1, 3, 2, 2, 3, 3, 1, 0, 3,
       3, 0, 1, 1, 2, 3, 3, 2, 1, 1, 0, 3, 1, 1, 1, 0, 2, 3, 0, 0, 0, 2,
       1, 1, 2, 3, 3, 2, 2, 2, 2, 3, 1, 3, 1, 3, 2, 0, 3, 3, 2, 3, 2, 1,
       2, 1, 3, 0, 3, 0, 3, 2, 0, 1, 2, 2, 3, 0, 2, 3, 2, 2, 2, 3, 2, 0,
       0, 1, 2, 3, 2, 0, 0, 1, 1, 2], dtype=object)]
[29, array([-20., -10., -10.,   0.]), array([1, 0, 0, 2, 0, 2, 2, 2, 2, 3, 3, 0, 1, 0, 3, 1, 1, 3, 1, 0, 3, 0,
       0, 0, 3, 1, 3, 0, 3, 0, 1, 3, 1, 2, 2, 1, 3, 2, 2, 3, 3, 1, 0, 3,
       3, 0, 1, 1, 2, 3, 3, 2, 1, 1, 0, 3, 1, 1, 1, 0, 2, 3, 0, 0, 0, 2,
       1, 1, 2, 3, 3, 2, 2, 2, 2, 3, 1, 3, 1, 3, 2, 0, 3, 3, 2, 3, 2, 1,
       2, 1, 3, 0, 3, 0, 3, 2, 0, 1, 2, 2, 3, 0, 2, 3, 2, 2, 2, 3, 2, 0,
       0, 1, 2, 3, 2, 0, 0, 1, 1, 2], dtype=object)]
[29, array([-20., -10., -10.,   0.]), array([1, 0, 0, 2, 0, 2, 2, 2, 2, 3, 3, 0, 1, 0, 3, 1, 1, 3, 1, 0, 3, 0,
       0, 0, 3, 1, 3, 0, 3, 0, 1, 3, 1, 2, 2, 1, 3, 2, 2, 3, 3, 1, 0, 3,
       3, 0, 1, 1, 2, 3, 3, 2, 1, 1, 0, 3, 1, 1, 1, 0, 2, 3, 0, 0, 0, 2,
       1, 1, 2, 3, 3, 2, 2, 2, 2, 3, 1, 3, 1, 3, 2, 0, 3, 3, 2, 3, 2, 1,
       2, 1, 3, 0, 3, 0, 3, 2, 0, 1, 2, 2, 3, 0, 2, 3, 2, 2, 2, 3, 2, 0,
       0, 1, 2, 3, 2, 0, 0, 1, 1, 2], dtype=object)]
[30, array([-20., -10., -10.,   0.]), array([1, 0, 0, 2, 0, 2, 2, 2, 2, 3, 3, 0, 1, 0, 3, 1, 1, 3, 1, 0, 3, 0,
       0, 0, 3, 1, 3, 0, 3, 0, 1, 3, 1, 2, 2, 1, 3, 2, 2, 3, 3, 1, 0, 3,
       3, 0, 1, 1, 2, 3, 3, 2, 1, 1, 0, 3, 1, 1, 1, 0, 2, 3, 0, 0, 0, 2,
       1, 1, 2, 3, 3, 2, 2, 2, 2, 3, 1, 3, 1, 3, 2, 0, 3, 3, 2, 3, 2, 1,
       2, 1, 3, 0, 3, 0, 3, 2, 0, 1, 2, 2, 3, 0, 2, 3, 2, 2, 2, 3, 2, 0,
       0, 1, 2, 3, 2, 0, 0, 1, 1, 2], dtype=object)]
[30, array([-20., -10., -10.,   0.]), array([1, 0, 0, 2, 0, 2, 2, 2, 2, 3, 3, 0, 1, 0, 3, 1, 1, 3, 1, 0, 3, 0,
       0, 0, 3, 1, 3, 0, 3, 0, 1, 3, 1, 2, 2, 1, 3, 2, 2, 3, 3, 1, 0, 3,
       3, 0, 1, 1, 2, 3, 3, 2, 1, 1, 0, 3, 1, 1, 1, 0, 2, 3, 0, 0, 0, 2,
       1, 1, 2, 3, 3, 2, 2, 2, 2, 3, 1, 3, 1, 3, 2, 0, 3, 3, 2, 3, 2, 1,
       2, 1, 3, 0, 3, 0, 3, 2, 0, 1, 2, 2, 3, 0, 2, 3, 2, 2, 2, 3, 2, 0,
       0, 1, 2, 3, 2, 0, 0, 1, 1, 2], dtype=object)]
[30, array([-20., -10., -10.,   0.]), array([1, 0, 0, 2, 0, 2, 2, 2, 2, 3, 3, 0, 1, 0, 3, 1, 1, 3, 1, 0, 3, 0,
       0, 0, 3, 1, 3, 0, 3, 0, 1, 3, 1, 2, 2, 1, 3, 2, 2, 3, 3, 1, 0, 3,
       3, 0, 1, 1, 2, 3, 3, 2, 1, 1, 0, 3, 1, 1, 1, 0, 2, 3, 0, 0, 0, 2,
       1, 1, 2, 3, 3, 2, 2, 2, 2, 3, 1, 3, 1, 3, 2, 0, 3, 3, 2, 3, 2, 1,
       2, 1, 3, 0, 3, 0, 3, 2, 0, 1, 2, 2, 3, 0, 2, 3, 2, 2, 2, 3, 2, 0,
       0, 1, 2, 3, 2, 0, 0, 1, 1, 2], dtype=object)]
[30, array([-20., -10., -10.,   0.]), array([1, 0, 0, 2, 0, 2, 2, 2, 2, 3, 3, 0, 1, 0, 3, 1, 1, 3, 1, 0, 3, 0,
       0, 0, 3, 1, 3, 0, 3, 0, 1, 3, 1, 2, 2, 1, 3, 2, 2, 3, 3, 1, 0, 3,
       3, 0, 1, 1, 2, 3, 3, 2, 1, 1, 0, 3, 1, 1, 1, 0, 2, 3, 0, 0, 0, 2,
       1, 1, 2, 3, 3, 2, 2, 2, 2, 3, 1, 3, 1, 3, 2, 0, 3, 3, 2, 3, 2, 1,
       2, 1, 3, 0, 3, 0, 3, 2, 0, 1, 2, 2, 3, 0, 2, 3, 2, 2, 2, 3, 2, 0,
       0, 1, 2, 3, 2, 0, 0, 1, 1, 2], dtype=object)]
[31, array([-20., -10., -10.,   0.]), array([1, 1, 0, 1, 0, 2, 2, 2, 2, 3, 3, 2, 1, 0, 3, 1, 1, 3, 1, 0, 3, 0,
       0, 0, 3, 1, 3, 0, 3, 0, 1, 3, 1, 2, 2, 1, 3, 2, 2, 3, 3, 1, 0, 3,
       3, 2, 1, 1, 2, 3, 3, 2, 1, 1, 0, 3, 1, 1, 1, 0, 2, 3, 0, 0, 0, 2,
       1, 1, 2, 3, 3, 2, 2, 2, 2, 3, 1, 3, 1, 3, 0, 0, 3, 3, 2, 3, 2, 1,
       2, 1, 3, 0, 3, 0, 3, 1, 0, 1, 2, 2, 3, 0, 2, 3, 2, 2, 2, 3, 2, 0,
       0, 1, 2, 3, 2, 0, 0, 1, 2, 3], dtype=object)]
[31, array([-20., -10., -10.,   0.]), array([1, 1, 0, 1, 0, 2, 2, 2, 2, 3, 3, 2, 1, 0, 3, 1, 1, 3, 1, 0, 3, 0,
       0, 0, 3, 1, 3, 0, 3, 0, 1, 3, 1, 2, 2, 1, 3, 2, 2, 3, 3, 1, 0, 3,
       3, 2, 1, 1, 2, 3, 3, 2, 1, 1, 0, 3, 1, 1, 1, 0, 2, 3, 0, 0, 0, 2,
       1, 1, 2, 3, 3, 2, 2, 2, 2, 3, 1, 3, 1, 3, 0, 0, 3, 3, 2, 3, 2, 1,
       2, 1, 3, 0, 3, 0, 3, 1, 0, 1, 2, 2, 3, 0, 2, 3, 2, 2, 2, 3, 2, 0,
       0, 1, 2, 3, 2, 0, 0, 1, 2, 3], dtype=object)]
[31, array([-20., -10., -10.,   0.]), array([1, 1, 0, 1, 0, 2, 2, 2, 2, 3, 3, 2, 1, 0, 3, 1, 1, 3, 1, 0, 3, 0,
       0, 0, 3, 1, 3, 0, 3, 0, 1, 3, 1, 2, 2, 1, 3, 2, 2, 3, 3, 1, 0, 3,
       3, 2, 1, 1, 2, 3, 3, 2, 1, 1, 0, 3, 1, 1, 1, 0, 2, 3, 0, 0, 0, 2,
       1, 1, 2, 3, 3, 2, 2, 2, 2, 3, 1, 3, 1, 3, 0, 0, 3, 3, 2, 3, 2, 1,
       2, 1, 3, 0, 3, 0, 3, 1, 0, 1, 2, 2, 3, 0, 2, 3, 2, 2, 2, 3, 2, 0,
       0, 1, 2, 3, 2, 0, 0, 1, 2, 3], dtype=object)]
[31, array([-20., -10., -10.,   0.]), array([1, 1, 0, 1, 0, 2, 2, 2, 2, 3, 3, 2, 1, 0, 3, 1, 1, 3, 1, 0, 3, 0,
       0, 0, 3, 1, 3, 0, 3, 0, 1, 3, 1, 2, 2, 1, 3, 2, 2, 3, 3, 1, 0, 3,
       3, 2, 1, 1, 2, 3, 3, 2, 1, 1, 0, 3, 1, 1, 1, 0, 2, 3, 0, 0, 0, 2,
       1, 1, 2, 3, 3, 2, 2, 2, 2, 3, 1, 3, 1, 3, 0, 0, 3, 3, 2, 3, 2, 1,
       2, 1, 3, 0, 3, 0, 3, 1, 0, 1, 2, 2, 3, 0, 2, 3, 2, 2, 2, 3, 2, 0,
       0, 1, 2, 3, 2, 0, 0, 1, 2, 3], dtype=object)]
[32, array([-20., -10., -10.,   0.]), array([1, 1, 0, 1, 0, 2, 2, 2, 2, 3, 3, 2, 1, 0, 3, 1, 1, 3, 1, 0, 3, 0,
       0, 0, 3, 1, 3, 0, 3, 0, 1, 3, 1, 2, 2, 1, 3, 2, 2, 3, 3, 1, 0, 3,
       3, 2, 1, 1, 2, 3, 3, 2, 1, 1, 0, 3, 1, 1, 1, 0, 2, 3, 0, 0, 0, 2,
       1, 1, 2, 3, 3, 2, 2, 2, 2, 3, 1, 3, 1, 3, 0, 0, 3, 3, 2, 3, 2, 1,
       2, 1, 3, 0, 3, 0, 3, 1, 0, 1, 2, 2, 3, 0, 2, 3, 1, 2, 2, 3, 2, 0,
       0, 1, 2, 3, 2, 0, 0, 1, 2, 3], dtype=object)]
[32, array([-20., -10., -10.,   0.]), array([1, 1, 0, 1, 0, 2, 2, 2, 2, 3, 3, 2, 1, 0, 3, 1, 1, 3, 1, 0, 3, 0,
       0, 0, 3, 1, 3, 0, 3, 0, 1, 3, 1, 2, 2, 1, 3, 2, 2, 3, 3, 1, 0, 3,
       3, 2, 1, 1, 2, 3, 3, 2, 1, 1, 0, 3, 1, 1, 1, 0, 2, 3, 0, 0, 0, 2,
       1, 1, 2, 3, 3, 2, 2, 2, 2, 3, 1, 3, 1, 3, 0, 0, 3, 3, 2, 3, 2, 1,
       2, 1, 3, 0, 3, 0, 3, 1, 0, 1, 2, 2, 3, 0, 2, 3, 1, 2, 2, 3, 2, 0,
       0, 1, 2, 3, 2, 0, 0, 1, 2, 3], dtype=object)]
[32, array([-20., -10., -10.,   0.]), array([1, 1, 0, 1, 0, 2, 2, 2, 2, 3, 3, 2, 1, 0, 3, 1, 1, 3, 1, 0, 3, 0,
       0, 0, 3, 1, 3, 0, 3, 0, 1, 3, 1, 2, 2, 1, 3, 2, 2, 3, 3, 1, 0, 3,
       3, 2, 1, 1, 2, 3, 3, 2, 1, 1, 0, 3, 1, 1, 1, 0, 2, 3, 0, 0, 0, 2,
       1, 1, 2, 3, 3, 2, 2, 2, 2, 3, 1, 3, 1, 3, 0, 0, 3, 3, 2, 3, 2, 1,
       2, 1, 3, 0, 3, 0, 3, 1, 0, 1, 2, 2, 3, 0, 2, 3, 1, 2, 2, 3, 2, 0,
       0, 1, 2, 3, 2, 0, 0, 1, 2, 3], dtype=object)]
[32, array([-20., -10., -10.,   0.]), array([1, 1, 0, 1, 0, 2, 2, 2, 2, 3, 3, 2, 1, 0, 3, 1, 1, 3, 1, 0, 3, 0,
       0, 0, 3, 1, 3, 0, 3, 0, 1, 3, 1, 2, 2, 1, 3, 2, 2, 3, 3, 1, 0, 3,
       3, 2, 1, 1, 2, 3, 3, 2, 1, 1, 0, 3, 1, 1, 1, 0, 2, 3, 0, 0, 0, 2,
       1, 1, 2, 3, 3, 2, 2, 2, 2, 3, 1, 3, 1, 3, 0, 0, 3, 3, 2, 3, 2, 1,
       2, 1, 3, 0, 3, 0, 3, 1, 0, 1, 2, 2, 3, 0, 2, 3, 1, 2, 2, 3, 2, 0,
       0, 1, 2, 3, 2, 0, 0, 1, 2, 3], dtype=object)]
[33, array([-20., -10., -10.,   0.]), array([1, 3, 0, 2, 0, 1, 2, 2, 2, 3, 3, 2, 1, 0, 3, 1, 1, 3, 1, 0, 3, 3,
       0, 0, 3, 1, 3, 0, 3, 0, 1, 3, 1, 2, 2, 1, 3, 2, 2, 3, 3, 1, 0, 3,
       3, 2, 1, 1, 2, 3, 3, 2, 1, 1, 0, 3, 1, 1, 1, 0, 2, 3, 0, 0, 0, 2,
       1, 1, 2, 3, 3, 2, 2, 2, 2, 3, 1, 3, 1, 3, 2, 0, 3, 3, 2, 3, 2, 1,
       2, 1, 3, 0, 3, 0, 3, 2, 0, 1, 2, 2, 3, 0, 2, 3, 2, 2, 2, 3, 2, 0,
       0, 1, 2, 3, 2, 0, 0, 1, 1, 2], dtype=object)]
[33, array([-20., -10., -10.,   0.]), array([1, 3, 0, 2, 0, 1, 2, 2, 2, 3, 3, 2, 1, 0, 3, 1, 1, 3, 1, 0, 3, 3,
       0, 0, 3, 1, 3, 0, 3, 0, 1, 3, 1, 2, 2, 1, 3, 2, 2, 3, 3, 1, 0, 3,
       3, 2, 1, 1, 2, 3, 3, 2, 1, 1, 0, 3, 1, 1, 1, 0, 2, 3, 0, 0, 0, 2,
       1, 1, 2, 3, 3, 2, 2, 2, 2, 3, 1, 3, 1, 3, 2, 0, 3, 3, 2, 3, 2, 1,
       2, 1, 3, 0, 3, 0, 3, 2, 0, 1, 2, 2, 3, 0, 2, 3, 2, 2, 2, 3, 2, 0,
       0, 1, 2, 3, 2, 0, 0, 1, 1, 2], dtype=object)]
[33, array([-20., -10., -10.,   0.]), array([1, 3, 0, 2, 0, 1, 2, 2, 2, 3, 3, 2, 1, 0, 3, 1, 1, 3, 1, 0, 3, 3,
       0, 0, 3, 1, 3, 0, 3, 0, 1, 3, 1, 2, 2, 1, 3, 2, 2, 3, 3, 1, 0, 3,
       3, 2, 1, 1, 2, 3, 3, 2, 1, 1, 0, 3, 1, 1, 1, 0, 2, 3, 0, 0, 0, 2,
       1, 1, 2, 3, 3, 2, 2, 2, 2, 3, 1, 3, 1, 3, 2, 0, 3, 3, 2, 3, 2, 1,
       2, 1, 3, 0, 3, 0, 3, 2, 0, 1, 2, 2, 3, 0, 2, 3, 2, 2, 2, 3, 2, 0,
       0, 1, 2, 3, 2, 0, 0, 1, 1, 2], dtype=object)]
[33, array([-20., -10., -10.,   0.]), array([1, 3, 0, 2, 0, 1, 2, 2, 2, 3, 3, 2, 1, 0, 3, 1, 1, 3, 1, 0, 3, 3,
       0, 0, 3, 1, 3, 0, 3, 0, 1, 3, 1, 2, 2, 1, 3, 2, 2, 3, 3, 1, 0, 3,
       3, 2, 1, 1, 2, 3, 3, 2, 1, 1, 0, 3, 1, 1, 1, 0, 2, 3, 0, 0, 0, 2,
       1, 1, 2, 3, 3, 2, 2, 2, 2, 3, 1, 3, 1, 3, 2, 0, 3, 3, 2, 3, 2, 1,
       2, 1, 3, 0, 3, 0, 3, 2, 0, 1, 2, 2, 3, 0, 2, 3, 2, 2, 2, 3, 2, 0,
       0, 1, 2, 3, 2, 0, 0, 1, 1, 2], dtype=object)]
[34, array([-20., -10., -10.,   0.]), array([1, 3, 0, 2, 0, 1, 2, 2, 2, 1, 3, 2, 1, 0, 3, 1, 1, 3, 1, 0, 3, 3,
       0, 0, 3, 1, 3, 0, 3, 0, 1, 3, 1, 2, 2, 1, 3, 2, 2, 3, 3, 1, 0, 3,
       3, 2, 1, 1, 2, 3, 3, 2, 1, 1, 0, 3, 1, 1, 1, 0, 2, 3, 0, 0, 0, 2,
       1, 1, 2, 3, 3, 2, 2, 2, 2, 3, 1, 3, 1, 3, 2, 0, 3, 3, 2, 3, 2, 1,
       2, 1, 3, 0, 3, 0, 3, 2, 0, 1, 2, 2, 3, 0, 2, 3, 2, 2, 2, 3, 0, 0,
       0, 1, 2, 3, 2, 0, 0, 1, 1, 2], dtype=object)]
[34, array([-20., -10., -10.,   0.]), array([1, 3, 0, 2, 0, 1, 2, 2, 2, 1, 3, 2, 1, 0, 3, 1, 1, 3, 1, 0, 3, 3,
       0, 0, 3, 1, 3, 0, 3, 0, 1, 3, 1, 2, 2, 1, 3, 2, 2, 3, 3, 1, 0, 3,
       3, 2, 1, 1, 2, 3, 3, 2, 1, 1, 0, 3, 1, 1, 1, 0, 2, 3, 0, 0, 0, 2,
       1, 1, 2, 3, 3, 2, 2, 2, 2, 3, 1, 3, 1, 3, 2, 0, 3, 3, 2, 3, 2, 1,
       2, 1, 3, 0, 3, 0, 3, 2, 0, 1, 2, 2, 3, 0, 2, 3, 2, 2, 2, 3, 0, 0,
       0, 1, 2, 3, 2, 0, 0, 1, 1, 2], dtype=object)]
[34, array([-20., -10., -10.,   0.]), array([1, 3, 0, 2, 0, 1, 2, 2, 2, 1, 3, 2, 1, 0, 3, 1, 1, 3, 1, 0, 3, 3,
       0, 0, 3, 1, 3, 0, 3, 0, 1, 3, 1, 2, 2, 1, 3, 2, 2, 3, 3, 1, 0, 3,
       3, 2, 1, 1, 2, 3, 3, 2, 1, 1, 0, 3, 1, 1, 1, 0, 2, 3, 0, 0, 0, 2,
       1, 1, 2, 3, 3, 2, 2, 2, 2, 3, 1, 3, 1, 3, 2, 0, 3, 3, 2, 3, 2, 1,
       2, 1, 3, 0, 3, 0, 3, 2, 0, 1, 2, 2, 3, 0, 2, 3, 2, 2, 2, 3, 0, 0,
       0, 1, 2, 3, 2, 0, 0, 1, 1, 2], dtype=object)]
[34, array([-20., -10., -10.,   0.]), array([1, 3, 0, 2, 0, 1, 2, 2, 2, 1, 3, 2, 1, 0, 3, 1, 1, 3, 1, 0, 3, 3,
       0, 0, 3, 1, 3, 0, 3, 0, 1, 3, 1, 2, 2, 1, 3, 2, 2, 3, 3, 1, 0, 3,
       3, 2, 1, 1, 2, 3, 3, 2, 1, 1, 0, 3, 1, 1, 1, 0, 2, 3, 0, 0, 0, 2,
       1, 1, 2, 3, 3, 2, 2, 2, 2, 3, 1, 3, 1, 3, 2, 0, 3, 3, 2, 3, 2, 1,
       2, 1, 3, 0, 3, 0, 3, 2, 0, 1, 2, 2, 3, 0, 2, 3, 2, 2, 2, 3, 0, 0,
       0, 1, 2, 3, 2, 0, 0, 1, 1, 2], dtype=object)]
[35, array([-20., -10., -10.,   0.]), array([1, 3, 0, 2, 0, 2, 2, 2, 2, 3, 3, 0, 1, 0, 3, 1, 1, 3, 1, 0, 3, 0,
       2, 0, 3, 1, 3, 0, 1, 0, 1, 3, 1, 2, 3, 1, 3, 2, 2, 3, 3, 1, 0, 3,
       3, 2, 1, 1, 2, 3, 3, 2, 1, 1, 0, 3, 1, 1, 1, 0, 2, 3, 0, 0, 0, 2,
       1, 1, 2, 3, 3, 2, 2, 2, 2, 3, 1, 3, 1, 3, 0, 0, 3, 3, 2, 3, 2, 1,
       2, 1, 3, 0, 3, 0, 3, 1, 0, 1, 2, 2, 3, 0, 2, 3, 3, 2, 2, 3, 2, 0,
       0, 1, 2, 3, 2, 0, 0, 1, 2, 3], dtype=object)]
[35, array([-20., -10., -10.,   0.]), array([1, 3, 0, 2, 0, 2, 2, 2, 2, 3, 3, 0, 1, 0, 3, 1, 1, 3, 1, 0, 3, 0,
       2, 0, 3, 1, 3, 0, 1, 0, 1, 3, 1, 2, 3, 1, 3, 2, 2, 3, 3, 1, 0, 3,
       3, 2, 1, 1, 2, 3, 3, 2, 1, 1, 0, 3, 1, 1, 1, 0, 2, 3, 0, 0, 0, 2,
       1, 1, 2, 3, 3, 2, 2, 2, 2, 3, 1, 3, 1, 3, 0, 0, 3, 3, 2, 3, 2, 1,
       2, 1, 3, 0, 3, 0, 3, 1, 0, 1, 2, 2, 3, 0, 2, 3, 3, 2, 2, 3, 2, 0,
       0, 1, 2, 3, 2, 0, 0, 1, 2, 3], dtype=object)]
[35, array([-20., -10., -10.,   0.]), array([1, 3, 0, 2, 0, 2, 2, 2, 2, 3, 3, 0, 1, 0, 3, 1, 1, 3, 1, 0, 3, 0,
       2, 0, 3, 1, 3, 0, 1, 0, 1, 3, 1, 2, 3, 1, 3, 2, 2, 3, 3, 1, 0, 3,
       3, 2, 1, 1, 2, 3, 3, 2, 1, 1, 0, 3, 1, 1, 1, 0, 2, 3, 0, 0, 0, 2,
       1, 1, 2, 3, 3, 2, 2, 2, 2, 3, 1, 3, 1, 3, 0, 0, 3, 3, 2, 3, 2, 1,
       2, 1, 3, 0, 3, 0, 3, 1, 0, 1, 2, 2, 3, 0, 2, 3, 3, 2, 2, 3, 2, 0,
       0, 1, 2, 3, 2, 0, 0, 1, 2, 3], dtype=object)]
[35, array([-20., -10., -10.,   0.]), array([1, 3, 0, 2, 0, 2, 2, 2, 2, 3, 3, 0, 1, 0, 3, 1, 1, 3, 1, 0, 3, 0,
       2, 0, 3, 1, 3, 0, 1, 0, 1, 3, 1, 2, 3, 1, 3, 2, 2, 3, 3, 1, 0, 3,
       3, 2, 1, 1, 2, 3, 3, 2, 1, 1, 0, 3, 1, 1, 1, 0, 2, 3, 0, 0, 0, 2,
       1, 1, 2, 3, 3, 2, 2, 2, 2, 3, 1, 3, 1, 3, 0, 0, 3, 3, 2, 3, 2, 1,
       2, 1, 3, 0, 3, 0, 3, 1, 0, 1, 2, 2, 3, 0, 2, 3, 3, 2, 2, 3, 2, 0,
       0, 1, 2, 3, 2, 0, 0, 1, 2, 3], dtype=object)]
[36, array([-20., -10., -10.,   0.]), array([1, 1, 0, 2, 0, 2, 2, 2, 2, 3, 3, 0, 1, 0, 3, 1, 1, 3, 1, 0, 3, 0,
       0, 0, 3, 1, 3, 0, 3, 0, 1, 3, 1, 2, 0, 1, 3, 2, 2, 3, 3, 1, 0, 3,
       3, 0, 1, 1, 2, 3, 3, 2, 1, 1, 0, 2, 1, 1, 1, 0, 2, 3, 0, 0, 0, 2,
       1, 1, 2, 3, 3, 2, 2, 2, 2, 3, 1, 3, 1, 3, 2, 0, 3, 3, 2, 3, 2, 1,
       2, 1, 3, 0, 3, 0, 3, 2, 0, 1, 2, 2, 3, 0, 2, 3, 2, 2, 2, 3, 2, 0,
       0, 1, 2, 3, 2, 0, 0, 1, 1, 2], dtype=object)]
[36, array([-20., -10., -10.,   0.]), array([1, 1, 0, 2, 0, 2, 2, 2, 2, 3, 3, 0, 1, 0, 3, 1, 1, 3, 1, 0, 3, 0,
       0, 0, 3, 1, 3, 0, 3, 0, 1, 3, 1, 2, 0, 1, 3, 2, 2, 3, 3, 1, 0, 3,
       3, 0, 1, 1, 2, 3, 3, 2, 1, 1, 0, 2, 1, 1, 1, 0, 2, 3, 0, 0, 0, 2,
       1, 1, 2, 3, 3, 2, 2, 2, 2, 3, 1, 3, 1, 3, 2, 0, 3, 3, 2, 3, 2, 1,
       2, 1, 3, 0, 3, 0, 3, 2, 0, 1, 2, 2, 3, 0, 2, 3, 2, 2, 2, 3, 2, 0,
       0, 1, 2, 3, 2, 0, 0, 1, 1, 2], dtype=object)]
[36, array([-20., -10., -10.,   0.]), array([1, 1, 0, 2, 0, 2, 2, 2, 2, 3, 3, 0, 1, 0, 3, 1, 1, 3, 1, 0, 3, 0,
       0, 0, 3, 1, 3, 0, 3, 0, 1, 3, 1, 2, 0, 1, 3, 2, 2, 3, 3, 1, 0, 3,
       3, 0, 1, 1, 2, 3, 3, 2, 1, 1, 0, 2, 1, 1, 1, 0, 2, 3, 0, 0, 0, 2,
       1, 1, 2, 3, 3, 2, 2, 2, 2, 3, 1, 3, 1, 3, 2, 0, 3, 3, 2, 3, 2, 1,
       2, 1, 3, 0, 3, 0, 3, 2, 0, 1, 2, 2, 3, 0, 2, 3, 2, 2, 2, 3, 2, 0,
       0, 1, 2, 3, 2, 0, 0, 1, 1, 2], dtype=object)]
[36, array([-20., -10., -10.,   0.]), array([1, 1, 0, 2, 0, 2, 2, 2, 2, 3, 3, 0, 1, 0, 3, 1, 1, 3, 1, 0, 3, 0,
       0, 0, 3, 1, 3, 0, 3, 0, 1, 3, 1, 2, 0, 1, 3, 2, 2, 3, 3, 1, 0, 3,
       3, 0, 1, 1, 2, 3, 3, 2, 1, 1, 0, 2, 1, 1, 1, 0, 2, 3, 0, 0, 0, 2,
       1, 1, 2, 3, 3, 2, 2, 2, 2, 3, 1, 3, 1, 3, 2, 0, 3, 3, 2, 3, 2, 1,
       2, 1, 3, 0, 3, 0, 3, 2, 0, 1, 2, 2, 3, 0, 2, 3, 2, 2, 2, 3, 2, 0,
       0, 1, 2, 3, 2, 0, 0, 1, 1, 2], dtype=object)]
[37, array([-20., -10., -10.,   0.]), array([1, 1, 0, 1, 0, 1, 2, 2, 2, 3, 3, 0, 1, 0, 3, 1, 1, 3, 1, 0, 3, 0,
       0, 0, 3, 1, 3, 0, 3, 0, 1, 3, 1, 2, 2, 1, 3, 2, 2, 3, 3, 1, 0, 3,
       3, 0, 1, 1, 2, 3, 3, 2, 1, 1, 0, 3, 1, 1, 1, 0, 2, 3, 0, 0, 0, 2,
       1, 1, 2, 1, 3, 2, 2, 2, 2, 3, 1, 3, 1, 3, 2, 0, 3, 3, 2, 3, 2, 1,
       2, 1, 3, 0, 3, 0, 3, 2, 0, 1, 2, 2, 3, 0, 2, 3, 2, 2, 2, 3, 2, 0,
       0, 1, 2, 3, 2, 0, 0, 1, 1, 2], dtype=object)]
[37, array([-20., -10., -10.,   0.]), array([1, 1, 0, 1, 0, 1, 2, 2, 2, 3, 3, 0, 1, 0, 3, 1, 1, 3, 1, 0, 3, 0,
       0, 0, 3, 1, 3, 0, 3, 0, 1, 3, 1, 2, 2, 1, 3, 2, 2, 3, 3, 1, 0, 3,
       3, 0, 1, 1, 2, 3, 3, 2, 1, 1, 0, 3, 1, 1, 1, 0, 2, 3, 0, 0, 0, 2,
       1, 1, 2, 1, 3, 2, 2, 2, 2, 3, 1, 3, 1, 3, 2, 0, 3, 3, 2, 3, 2, 1,
       2, 1, 3, 0, 3, 0, 3, 2, 0, 1, 2, 2, 3, 0, 2, 3, 2, 2, 2, 3, 2, 0,
       0, 1, 2, 3, 2, 0, 0, 1, 1, 2], dtype=object)]
[37, array([-20., -10., -10.,   0.]), array([1, 1, 0, 1, 0, 1, 2, 2, 2, 3, 3, 0, 1, 0, 3, 1, 1, 3, 1, 0, 3, 0,
       0, 0, 3, 1, 3, 0, 3, 0, 1, 3, 1, 2, 2, 1, 3, 2, 2, 3, 3, 1, 0, 3,
       3, 0, 1, 1, 2, 3, 3, 2, 1, 1, 0, 3, 1, 1, 1, 0, 2, 3, 0, 0, 0, 2,
       1, 1, 2, 1, 3, 2, 2, 2, 2, 3, 1, 3, 1, 3, 2, 0, 3, 3, 2, 3, 2, 1,
       2, 1, 3, 0, 3, 0, 3, 2, 0, 1, 2, 2, 3, 0, 2, 3, 2, 2, 2, 3, 2, 0,
       0, 1, 2, 3, 2, 0, 0, 1, 1, 2], dtype=object)]
[37, array([-20., -10., -10.,   0.]), array([1, 1, 0, 1, 0, 1, 2, 2, 2, 3, 3, 0, 1, 0, 3, 1, 1, 3, 1, 0, 3, 0,
       0, 0, 3, 1, 3, 0, 3, 0, 1, 3, 1, 2, 2, 1, 3, 2, 2, 3, 3, 1, 0, 3,
       3, 0, 1, 1, 2, 3, 3, 2, 1, 1, 0, 3, 1, 1, 1, 0, 2, 3, 0, 0, 0, 2,
       1, 1, 2, 1, 3, 2, 2, 2, 2, 3, 1, 3, 1, 3, 2, 0, 3, 3, 2, 3, 2, 1,
       2, 1, 3, 0, 3, 0, 3, 2, 0, 1, 2, 2, 3, 0, 2, 3, 2, 2, 2, 3, 2, 0,
       0, 1, 2, 3, 2, 0, 0, 1, 1, 2], dtype=object)]
[38, array([-20., -10., -10.,   0.]), array([1, 1, 0, 1, 0, 1, 2, 2, 2, 3, 3, 0, 1, 0, 3, 1, 1, 3, 1, 0, 3, 0,
       0, 0, 3, 1, 3, 0, 3, 0, 1, 3, 1, 2, 2, 1, 3, 1, 2, 3, 3, 1, 0, 3,
       3, 0, 1, 1, 2, 3, 3, 2, 1, 1, 0, 3, 1, 1, 1, 0, 2, 3, 0, 0, 0, 2,
       1, 1, 2, 1, 3, 2, 2, 2, 2, 3, 1, 3, 1, 3, 2, 0, 3, 3, 2, 3, 2, 1,
       2, 1, 3, 0, 3, 0, 3, 2, 0, 1, 2, 2, 3, 0, 2, 3, 2, 2, 2, 3, 2, 0,
       0, 1, 2, 3, 2, 0, 0, 1, 1, 2], dtype=object)]
[38, array([-20., -10., -10.,   0.]), array([1, 1, 0, 1, 0, 1, 2, 2, 2, 3, 3, 0, 1, 0, 3, 1, 1, 3, 1, 0, 3, 0,
       0, 0, 3, 1, 3, 0, 3, 0, 1, 3, 1, 2, 2, 1, 3, 1, 2, 3, 3, 1, 0, 3,
       3, 0, 1, 1, 2, 3, 3, 2, 1, 1, 0, 3, 1, 1, 1, 0, 2, 3, 0, 0, 0, 2,
       1, 1, 2, 1, 3, 2, 2, 2, 2, 3, 1, 3, 1, 3, 2, 0, 3, 3, 2, 3, 2, 1,
       2, 1, 3, 0, 3, 0, 3, 2, 0, 1, 2, 2, 3, 0, 2, 3, 2, 2, 2, 3, 2, 0,
       0, 1, 2, 3, 2, 0, 0, 1, 1, 2], dtype=object)]
[38, array([-20., -10., -10.,   0.]), array([1, 1, 0, 1, 0, 1, 2, 2, 2, 3, 3, 0, 1, 0, 3, 1, 1, 3, 1, 0, 3, 0,
       0, 0, 3, 1, 3, 0, 3, 0, 1, 3, 1, 2, 2, 1, 3, 1, 2, 3, 3, 1, 0, 3,
       3, 0, 1, 1, 2, 3, 3, 2, 1, 1, 0, 3, 1, 1, 1, 0, 2, 3, 0, 0, 0, 2,
       1, 1, 2, 1, 3, 2, 2, 2, 2, 3, 1, 3, 1, 3, 2, 0, 3, 3, 2, 3, 2, 1,
       2, 1, 3, 0, 3, 0, 3, 2, 0, 1, 2, 2, 3, 0, 2, 3, 2, 2, 2, 3, 2, 0,
       0, 1, 2, 3, 2, 0, 0, 1, 1, 2], dtype=object)]
[38, array([-20., -10., -10.,   0.]), array([1, 1, 0, 1, 0, 1, 2, 2, 2, 3, 3, 0, 1, 0, 3, 1, 1, 3, 1, 0, 3, 0,
       0, 0, 3, 1, 3, 0, 3, 0, 1, 3, 1, 2, 2, 1, 3, 1, 2, 3, 3, 1, 0, 3,
       3, 0, 1, 1, 2, 3, 3, 2, 1, 1, 0, 3, 1, 1, 1, 0, 2, 3, 0, 0, 0, 2,
       1, 1, 2, 1, 3, 2, 2, 2, 2, 3, 1, 3, 1, 3, 2, 0, 3, 3, 2, 3, 2, 1,
       2, 1, 3, 0, 3, 0, 3, 2, 0, 1, 2, 2, 3, 0, 2, 3, 2, 2, 2, 3, 2, 0,
       0, 1, 2, 3, 2, 0, 0, 1, 1, 2], dtype=object)]
[39, array([-20., -10., -10.,   0.]), array([1, 3, 0, 2, 0, 1, 2, 2, 2, 3, 3, 2, 1, 0, 3, 1, 0, 2, 3, 0, 3, 3,
       0, 0, 3, 1, 3, 0, 3, 0, 1, 2, 1, 2, 2, 1, 3, 2, 2, 3, 3, 1, 0, 3,
       3, 2, 1, 1, 2, 3, 3, 2, 1, 1, 0, 3, 1, 1, 1, 0, 2, 3, 0, 0, 0, 2,
       1, 1, 2, 1, 3, 2, 2, 2, 2, 3, 1, 3, 1, 3, 2, 0, 3, 3, 2, 3, 2, 1,
       2, 1, 3, 0, 3, 0, 3, 1, 0, 1, 2, 2, 3, 0, 2, 3, 2, 2, 2, 3, 2, 0,
       0, 1, 2, 3, 2, 0, 0, 1, 2, 3], dtype=object)]
[39, array([-20., -10., -10.,   0.]), array([1, 3, 0, 2, 0, 1, 2, 2, 2, 3, 3, 2, 1, 0, 3, 1, 0, 2, 3, 0, 3, 3,
       0, 0, 3, 1, 3, 0, 3, 0, 1, 2, 1, 2, 2, 1, 3, 2, 2, 3, 3, 1, 0, 3,
       3, 2, 1, 1, 2, 3, 3, 2, 1, 1, 0, 3, 1, 1, 1, 0, 2, 3, 0, 0, 0, 2,
       1, 1, 2, 1, 3, 2, 2, 2, 2, 3, 1, 3, 1, 3, 2, 0, 3, 3, 2, 3, 2, 1,
       2, 1, 3, 0, 3, 0, 3, 1, 0, 1, 2, 2, 3, 0, 2, 3, 2, 2, 2, 3, 2, 0,
       0, 1, 2, 3, 2, 0, 0, 1, 2, 3], dtype=object)]
[39, array([-20., -10., -10.,   0.]), array([1, 3, 0, 2, 0, 1, 2, 2, 2, 3, 3, 2, 1, 0, 3, 1, 0, 2, 3, 0, 3, 3,
       0, 0, 3, 1, 3, 0, 3, 0, 1, 2, 1, 2, 2, 1, 3, 2, 2, 3, 3, 1, 0, 3,
       3, 2, 1, 1, 2, 3, 3, 2, 1, 1, 0, 3, 1, 1, 1, 0, 2, 3, 0, 0, 0, 2,
       1, 1, 2, 1, 3, 2, 2, 2, 2, 3, 1, 3, 1, 3, 2, 0, 3, 3, 2, 3, 2, 1,
       2, 1, 3, 0, 3, 0, 3, 1, 0, 1, 2, 2, 3, 0, 2, 3, 2, 2, 2, 3, 2, 0,
       0, 1, 2, 3, 2, 0, 0, 1, 2, 3], dtype=object)]
[39, array([-20., -10., -10.,   0.]), array([1, 3, 0, 2, 0, 1, 2, 2, 2, 3, 3, 2, 1, 0, 3, 1, 0, 2, 3, 0, 3, 3,
       0, 0, 3, 1, 3, 0, 3, 0, 1, 2, 1, 2, 2, 1, 3, 2, 2, 3, 3, 1, 0, 3,
       3, 2, 1, 1, 2, 3, 3, 2, 1, 1, 0, 3, 1, 1, 1, 0, 2, 3, 0, 0, 0, 2,
       1, 1, 2, 1, 3, 2, 2, 2, 2, 3, 1, 3, 1, 3, 2, 0, 3, 3, 2, 3, 2, 1,
       2, 1, 3, 0, 3, 0, 3, 1, 0, 1, 2, 2, 3, 0, 2, 3, 2, 2, 2, 3, 2, 0,
       0, 1, 2, 3, 2, 0, 0, 1, 2, 3], dtype=object)]
[40, array([-20., -10., -10.,   0.]), array([1, 3, 0, 2, 0, 1, 2, 2, 2, 3, 3, 2, 1, 0, 3, 1, 0, 2, 3, 0, 3, 3,
       0, 0, 3, 1, 3, 0, 3, 0, 1, 2, 1, 2, 2, 1, 3, 2, 2, 3, 3, 1, 0, 3,
       3, 2, 1, 1, 2, 3, 3, 2, 1, 1, 1, 3, 1, 1, 1, 0, 2, 3, 0, 0, 1, 2,
       1, 1, 2, 1, 3, 2, 2, 2, 2, 3, 1, 3, 1, 3, 2, 0, 3, 3, 2, 3, 2, 1,
       2, 1, 3, 0, 3, 0, 3, 1, 0, 1, 2, 2, 3, 0, 2, 3, 2, 2, 2, 3, 2, 0,
       0, 1, 2, 3, 2, 0, 0, 1, 2, 3], dtype=object)]
[40, array([-20., -10., -10.,   0.]), array([1, 3, 0, 2, 0, 1, 2, 2, 2, 3, 3, 2, 1, 0, 3, 1, 0, 2, 3, 0, 3, 3,
       0, 0, 3, 1, 3, 0, 3, 0, 1, 2, 1, 2, 2, 1, 3, 2, 2, 3, 3, 1, 0, 3,
       3, 2, 1, 1, 2, 3, 3, 2, 1, 1, 1, 3, 1, 1, 1, 0, 2, 3, 0, 0, 1, 2,
       1, 1, 2, 1, 3, 2, 2, 2, 2, 3, 1, 3, 1, 3, 2, 0, 3, 3, 2, 3, 2, 1,
       2, 1, 3, 0, 3, 0, 3, 1, 0, 1, 2, 2, 3, 0, 2, 3, 2, 2, 2, 3, 2, 0,
       0, 1, 2, 3, 2, 0, 0, 1, 2, 3], dtype=object)]
[40, array([-20., -10., -10.,   0.]), array([1, 3, 0, 2, 0, 1, 2, 2, 2, 3, 3, 2, 1, 0, 3, 1, 0, 2, 3, 0, 3, 3,
       0, 0, 3, 1, 3, 0, 3, 0, 1, 2, 1, 2, 2, 1, 3, 2, 2, 3, 3, 1, 0, 3,
       3, 2, 1, 1, 2, 3, 3, 2, 1, 1, 1, 3, 1, 1, 1, 0, 2, 3, 0, 0, 1, 2,
       1, 1, 2, 1, 3, 2, 2, 2, 2, 3, 1, 3, 1, 3, 2, 0, 3, 3, 2, 3, 2, 1,
       2, 1, 3, 0, 3, 0, 3, 1, 0, 1, 2, 2, 3, 0, 2, 3, 2, 2, 2, 3, 2, 0,
       0, 1, 2, 3, 2, 0, 0, 1, 2, 3], dtype=object)]
[40, array([-20., -10., -10.,   0.]), array([1, 3, 0, 2, 0, 1, 2, 2, 2, 3, 3, 2, 1, 0, 3, 1, 0, 2, 3, 0, 3, 3,
       0, 0, 3, 1, 3, 0, 3, 0, 1, 2, 1, 2, 2, 1, 3, 2, 2, 3, 3, 1, 0, 3,
       3, 2, 1, 1, 2, 3, 3, 2, 1, 1, 1, 3, 1, 1, 1, 0, 2, 3, 0, 0, 1, 2,
       1, 1, 2, 1, 3, 2, 2, 2, 2, 3, 1, 3, 1, 3, 2, 0, 3, 3, 2, 3, 2, 1,
       2, 1, 3, 0, 3, 0, 3, 1, 0, 1, 2, 2, 3, 0, 2, 3, 2, 2, 2, 3, 2, 0,
       0, 1, 2, 3, 2, 0, 0, 1, 2, 3], dtype=object)]
[41, array([-20., -10., -10.,   0.]), array([1, 3, 0, 2, 0, 2, 2, 2, 2, 3, 3, 0, 1, 0, 3, 2, 1, 3, 1, 0, 3, 0,
       0, 0, 3, 1, 3, 0, 3, 0, 1, 3, 1, 2, 2, 1, 3, 2, 2, 3, 3, 1, 0, 3,
       3, 0, 1, 1, 2, 3, 3, 2, 1, 1, 0, 2, 1, 1, 1, 0, 2, 3, 0, 0, 0, 2,
       1, 1, 2, 3, 3, 2, 2, 2, 2, 3, 1, 3, 1, 3, 0, 0, 3, 3, 2, 1, 2, 1,
       2, 1, 3, 0, 3, 0, 3, 2, 0, 1, 2, 2, 3, 0, 3, 3, 2, 2, 2, 3, 2, 0,
       0, 1, 2, 3, 2, 0, 0, 1, 1, 2], dtype=object)]
[41, array([-20., -10., -10.,   0.]), array([1, 3, 0, 2, 0, 2, 2, 2, 2, 3, 3, 0, 1, 0, 3, 2, 1, 3, 1, 0, 3, 0,
       0, 0, 3, 1, 3, 0, 3, 0, 1, 3, 1, 2, 2, 1, 3, 2, 2, 3, 3, 1, 0, 3,
       3, 0, 1, 1, 2, 3, 3, 2, 1, 1, 0, 2, 1, 1, 1, 0, 2, 3, 0, 0, 0, 2,
       1, 1, 2, 3, 3, 2, 2, 2, 2, 3, 1, 3, 1, 3, 0, 0, 3, 3, 2, 1, 2, 1,
       2, 1, 3, 0, 3, 0, 3, 2, 0, 1, 2, 2, 3, 0, 3, 3, 2, 2, 2, 3, 2, 0,
       0, 1, 2, 3, 2, 0, 0, 1, 1, 2], dtype=object)]
[41, array([-20., -10., -10.,   0.]), array([1, 3, 0, 2, 0, 2, 2, 2, 2, 3, 3, 0, 1, 0, 3, 2, 1, 3, 1, 0, 3, 0,
       0, 0, 3, 1, 3, 0, 3, 0, 1, 3, 1, 2, 2, 1, 3, 2, 2, 3, 3, 1, 0, 3,
       3, 0, 1, 1, 2, 3, 3, 2, 1, 1, 0, 2, 1, 1, 1, 0, 2, 3, 0, 0, 0, 2,
       1, 1, 2, 3, 3, 2, 2, 2, 2, 3, 1, 3, 1, 3, 0, 0, 3, 3, 2, 1, 2, 1,
       2, 1, 3, 0, 3, 0, 3, 2, 0, 1, 2, 2, 3, 0, 3, 3, 2, 2, 2, 3, 2, 0,
       0, 1, 2, 3, 2, 0, 0, 1, 1, 2], dtype=object)]
[41, array([-20., -10., -10.,   0.]), array([1, 3, 0, 2, 0, 2, 2, 2, 2, 3, 3, 0, 1, 0, 3, 2, 1, 3, 1, 0, 3, 0,
       0, 0, 3, 1, 3, 0, 3, 0, 1, 3, 1, 2, 2, 1, 3, 2, 2, 3, 3, 1, 0, 3,
       3, 0, 1, 1, 2, 3, 3, 2, 1, 1, 0, 2, 1, 1, 1, 0, 2, 3, 0, 0, 0, 2,
       1, 1, 2, 3, 3, 2, 2, 2, 2, 3, 1, 3, 1, 3, 0, 0, 3, 3, 2, 1, 2, 1,
       2, 1, 3, 0, 3, 0, 3, 2, 0, 1, 2, 2, 3, 0, 3, 3, 2, 2, 2, 3, 2, 0,
       0, 1, 2, 3, 2, 0, 0, 1, 1, 2], dtype=object)]
[42, array([-20., -10., -10.,   0.]), array([1, 3, 0, 2, 0, 2, 2, 2, 2, 3, 3, 0, 1, 0, 3, 2, 1, 3, 1, 0, 3, 0,
       0, 0, 3, 1, 3, 0, 3, 0, 1, 3, 1, 2, 2, 1, 3, 2, 2, 3, 3, 1, 0, 3,
       3, 0, 1, 1, 2, 3, 3, 2, 1, 1, 0, 1, 1, 1, 1, 0, 2, 3, 0, 0, 0, 2,
       1, 1, 2, 3, 3, 2, 2, 2, 2, 3, 1, 3, 1, 3, 0, 0, 3, 3, 2, 1, 2, 1,
       2, 1, 3, 0, 3, 0, 3, 2, 0, 1, 2, 2, 3, 0, 3, 3, 2, 2, 2, 3, 2, 0,
       0, 1, 2, 3, 2, 0, 0, 1, 1, 2], dtype=object)]
[42, array([-20., -10., -10.,   0.]), array([1, 3, 0, 2, 0, 2, 2, 2, 2, 3, 3, 0, 1, 0, 3, 2, 1, 3, 1, 0, 3, 0,
       0, 0, 3, 1, 3, 0, 3, 0, 1, 3, 1, 2, 2, 1, 3, 2, 2, 3, 3, 1, 0, 3,
       3, 0, 1, 1, 2, 3, 3, 2, 1, 1, 0, 1, 1, 1, 1, 0, 2, 3, 0, 0, 0, 2,
       1, 1, 2, 3, 3, 2, 2, 2, 2, 3, 1, 3, 1, 3, 0, 0, 3, 3, 2, 1, 2, 1,
       2, 1, 3, 0, 3, 0, 3, 2, 0, 1, 2, 2, 3, 0, 3, 3, 2, 2, 2, 3, 2, 0,
       0, 1, 2, 3, 2, 0, 0, 1, 1, 2], dtype=object)]
[42, array([-20., -10., -10.,   0.]), array([1, 3, 0, 2, 0, 2, 2, 2, 2, 3, 3, 0, 1, 0, 3, 2, 1, 3, 1, 0, 3, 0,
       0, 0, 3, 1, 3, 0, 3, 0, 1, 3, 1, 2, 2, 1, 3, 2, 2, 3, 3, 1, 0, 3,
       3, 0, 1, 1, 2, 3, 3, 2, 1, 1, 0, 1, 1, 1, 1, 0, 2, 3, 0, 0, 0, 2,
       1, 1, 2, 3, 3, 2, 2, 2, 2, 3, 1, 3, 1, 3, 0, 0, 3, 3, 2, 1, 2, 1,
       2, 1, 3, 0, 3, 0, 3, 2, 0, 1, 2, 2, 3, 0, 3, 3, 2, 2, 2, 3, 2, 0,
       0, 1, 2, 3, 2, 0, 0, 1, 1, 2], dtype=object)]
[42, array([-20., -10., -10.,   0.]), array([1, 3, 0, 2, 0, 2, 2, 2, 2, 3, 3, 0, 1, 0, 3, 2, 1, 3, 1, 0, 3, 0,
       0, 0, 3, 1, 3, 0, 3, 0, 1, 3, 1, 2, 2, 1, 3, 2, 2, 3, 3, 1, 0, 3,
       3, 0, 1, 1, 2, 3, 3, 2, 1, 1, 0, 1, 1, 1, 1, 0, 2, 3, 0, 0, 0, 2,
       1, 1, 2, 3, 3, 2, 2, 2, 2, 3, 1, 3, 1, 3, 0, 0, 3, 3, 2, 1, 2, 1,
       2, 1, 3, 0, 3, 0, 3, 2, 0, 1, 2, 2, 3, 0, 3, 3, 2, 2, 2, 3, 2, 0,
       0, 1, 2, 3, 2, 0, 0, 1, 1, 2], dtype=object)]
[43, array([-20., -10., -10.,   0.]), array([1, 3, 0, 2, 3, 2, 2, 2, 2, 3, 3, 0, 1, 0, 3, 1, 0, 3, 1, 0, 3, 0,
       0, 0, 3, 1, 3, 0, 3, 0, 1, 3, 1, 2, 2, 1, 3, 2, 2, 3, 3, 1, 0, 3,
       3, 0, 1, 1, 2, 3, 3, 2, 1, 1, 0, 2, 1, 1, 1, 0, 2, 3, 1, 0, 0, 2,
       1, 1, 2, 2, 3, 2, 2, 2, 2, 3, 1, 3, 1, 3, 2, 0, 3, 3, 2, 1, 2, 1,
       2, 1, 3, 0, 3, 0, 3, 2, 0, 2, 2, 2, 3, 0, 2, 3, 2, 0, 2, 3, 2, 2,
       0, 1, 2, 3, 2, 0, 0, 1, 1, 2], dtype=object)]
[43, array([-20., -10., -10.,   0.]), array([1, 3, 0, 2, 3, 2, 2, 2, 2, 3, 3, 0, 1, 0, 3, 1, 0, 3, 1, 0, 3, 0,
       0, 0, 3, 1, 3, 0, 3, 0, 1, 3, 1, 2, 2, 1, 3, 2, 2, 3, 3, 1, 0, 3,
       3, 0, 1, 1, 2, 3, 3, 2, 1, 1, 0, 2, 1, 1, 1, 0, 2, 3, 1, 0, 0, 2,
       1, 1, 2, 2, 3, 2, 2, 2, 2, 3, 1, 3, 1, 3, 2, 0, 3, 3, 2, 1, 2, 1,
       2, 1, 3, 0, 3, 0, 3, 2, 0, 2, 2, 2, 3, 0, 2, 3, 2, 0, 2, 3, 2, 2,
       0, 1, 2, 3, 2, 0, 0, 1, 1, 2], dtype=object)]
[43, array([-20., -10., -10.,   0.]), array([1, 3, 0, 2, 3, 2, 2, 2, 2, 3, 3, 0, 1, 0, 3, 1, 0, 3, 1, 0, 3, 0,
       0, 0, 3, 1, 3, 0, 3, 0, 1, 3, 1, 2, 2, 1, 3, 2, 2, 3, 3, 1, 0, 3,
       3, 0, 1, 1, 2, 3, 3, 2, 1, 1, 0, 2, 1, 1, 1, 0, 2, 3, 1, 0, 0, 2,
       1, 1, 2, 2, 3, 2, 2, 2, 2, 3, 1, 3, 1, 3, 2, 0, 3, 3, 2, 1, 2, 1,
       2, 1, 3, 0, 3, 0, 3, 2, 0, 2, 2, 2, 3, 0, 2, 3, 2, 0, 2, 3, 2, 2,
       0, 1, 2, 3, 2, 0, 0, 1, 1, 2], dtype=object)]
[43, array([-20., -10., -10.,   0.]), array([1, 3, 0, 2, 3, 2, 2, 2, 2, 3, 3, 0, 1, 0, 3, 1, 0, 3, 1, 0, 3, 0,
       0, 0, 3, 1, 3, 0, 3, 0, 1, 3, 1, 2, 2, 1, 3, 2, 2, 3, 3, 1, 0, 3,
       3, 0, 1, 1, 2, 3, 3, 2, 1, 1, 0, 2, 1, 1, 1, 0, 2, 3, 1, 0, 0, 2,
       1, 1, 2, 2, 3, 2, 2, 2, 2, 3, 1, 3, 1, 3, 2, 0, 3, 3, 2, 1, 2, 1,
       2, 1, 3, 0, 3, 0, 3, 2, 0, 2, 2, 2, 3, 0, 2, 3, 2, 0, 2, 3, 2, 2,
       0, 1, 2, 3, 2, 0, 0, 1, 1, 2], dtype=object)]
[44, array([-20., -10., -10.,   0.]), array([1, 3, 0, 2, 3, 2, 2, 2, 2, 3, 3, 0, 1, 0, 3, 1, 0, 3, 1, 0, 3, 0,
       0, 0, 3, 1, 3, 0, 3, 0, 1, 3, 1, 2, 2, 1, 3, 2, 2, 3, 3, 1, 0, 3,
       3, 0, 1, 1, 2, 3, 3, 2, 1, 1, 0, 2, 1, 1, 1, 0, 2, 3, 1, 0, 0, 2,
       1, 1, 2, 2, 3, 2, 2, 2, 2, 3, 1, 3, 1, 3, 2, 0, 3, 3, 2, 1, 2, 1,
       2, 1, 3, 0, 3, 0, 3, 2, 0, 2, 2, 2, 3, 0, 2, 3, 2, 0, 2, 3, 2, 2,
       0, 1, 2, 3, 2, 0, 0, 1, 1, 2], dtype=object)]
[44, array([-20., -10., -10.,   0.]), array([1, 3, 0, 2, 3, 2, 2, 2, 2, 3, 3, 0, 1, 0, 3, 1, 0, 3, 1, 0, 3, 0,
       0, 0, 3, 1, 3, 0, 3, 0, 1, 3, 1, 2, 2, 1, 3, 2, 2, 3, 3, 1, 0, 3,
       3, 0, 1, 1, 2, 3, 3, 2, 1, 1, 0, 2, 1, 1, 1, 0, 2, 3, 1, 0, 0, 2,
       1, 1, 2, 2, 3, 2, 2, 2, 2, 3, 1, 3, 1, 3, 2, 0, 3, 3, 2, 1, 2, 1,
       2, 1, 3, 0, 3, 0, 3, 2, 0, 2, 2, 2, 3, 0, 2, 3, 2, 0, 2, 3, 2, 2,
       0, 1, 2, 3, 2, 0, 0, 1, 1, 2], dtype=object)]
[44, array([-20., -10., -10.,   0.]), array([1, 3, 0, 2, 3, 2, 2, 2, 2, 3, 3, 0, 1, 0, 3, 1, 0, 3, 1, 0, 3, 0,
       0, 0, 3, 1, 3, 0, 3, 0, 1, 3, 1, 2, 2, 1, 3, 2, 2, 3, 3, 1, 0, 3,
       3, 0, 1, 1, 2, 3, 3, 2, 1, 1, 0, 2, 1, 1, 1, 0, 2, 3, 1, 0, 0, 2,
       1, 1, 2, 2, 3, 2, 2, 2, 2, 3, 1, 3, 1, 3, 2, 0, 3, 3, 2, 1, 2, 1,
       2, 1, 3, 0, 3, 0, 3, 2, 0, 2, 2, 2, 3, 0, 2, 3, 2, 0, 2, 3, 2, 2,
       0, 1, 2, 3, 2, 0, 0, 1, 1, 2], dtype=object)]
[44, array([-20., -10., -10.,   0.]), array([1, 3, 0, 2, 3, 2, 2, 2, 2, 3, 3, 0, 1, 0, 3, 1, 0, 3, 1, 0, 3, 0,
       0, 0, 3, 1, 3, 0, 3, 0, 1, 3, 1, 2, 2, 1, 3, 2, 2, 3, 3, 1, 0, 3,
       3, 0, 1, 1, 2, 3, 3, 2, 1, 1, 0, 2, 1, 1, 1, 0, 2, 3, 1, 0, 0, 2,
       1, 1, 2, 2, 3, 2, 2, 2, 2, 3, 1, 3, 1, 3, 2, 0, 3, 3, 2, 1, 2, 1,
       2, 1, 3, 0, 3, 0, 3, 2, 0, 2, 2, 2, 3, 0, 2, 3, 2, 0, 2, 3, 2, 2,
       0, 1, 2, 3, 2, 0, 0, 1, 1, 2], dtype=object)]
[45, array([-20., -10., -10.,   0.]), array([1, 3, 0, 2, 0, 2, 2, 2, 2, 3, 1, 0, 1, 0, 3, 1, 1, 3, 1, 0, 3, 0,
       0, 0, 3, 1, 3, 1, 3, 0, 1, 3, 1, 2, 2, 1, 3, 2, 2, 3, 3, 1, 0, 3,
       3, 0, 1, 3, 2, 3, 3, 2, 3, 1, 0, 3, 1, 1, 1, 0, 2, 3, 3, 0, 0, 2,
       1, 1, 2, 3, 1, 2, 2, 2, 2, 3, 1, 3, 1, 3, 3, 0, 3, 3, 2, 3, 2, 1,
       2, 1, 3, 0, 3, 0, 3, 1, 0, 1, 2, 2, 3, 0, 2, 3, 2, 2, 2, 3, 2, 0,
       0, 1, 2, 3, 2, 0, 0, 1, 2, 3], dtype=object)]
[45, array([-20., -10., -10.,   0.]), array([1, 3, 0, 2, 0, 2, 2, 2, 2, 3, 1, 0, 1, 0, 3, 1, 1, 3, 1, 0, 3, 0,
       0, 0, 3, 1, 3, 1, 3, 0, 1, 3, 1, 2, 2, 1, 3, 2, 2, 3, 3, 1, 0, 3,
       3, 0, 1, 3, 2, 3, 3, 2, 3, 1, 0, 3, 1, 1, 1, 0, 2, 3, 3, 0, 0, 2,
       1, 1, 2, 3, 1, 2, 2, 2, 2, 3, 1, 3, 1, 3, 3, 0, 3, 3, 2, 3, 2, 1,
       2, 1, 3, 0, 3, 0, 3, 1, 0, 1, 2, 2, 3, 0, 2, 3, 2, 2, 2, 3, 2, 0,
       0, 1, 2, 3, 2, 0, 0, 1, 2, 3], dtype=object)]
[45, array([-20., -10., -10.,   0.]), array([1, 3, 0, 2, 0, 2, 2, 2, 2, 3, 1, 0, 1, 0, 3, 1, 1, 3, 1, 0, 3, 0,
       0, 0, 3, 1, 3, 1, 3, 0, 1, 3, 1, 2, 2, 1, 3, 2, 2, 3, 3, 1, 0, 3,
       3, 0, 1, 3, 2, 3, 3, 2, 3, 1, 0, 3, 1, 1, 1, 0, 2, 3, 3, 0, 0, 2,
       1, 1, 2, 3, 1, 2, 2, 2, 2, 3, 1, 3, 1, 3, 3, 0, 3, 3, 2, 3, 2, 1,
       2, 1, 3, 0, 3, 0, 3, 1, 0, 1, 2, 2, 3, 0, 2, 3, 2, 2, 2, 3, 2, 0,
       0, 1, 2, 3, 2, 0, 0, 1, 2, 3], dtype=object)]
[45, array([-20., -10., -10.,   0.]), array([1, 3, 0, 2, 0, 2, 2, 2, 2, 3, 1, 0, 1, 0, 3, 1, 1, 3, 1, 0, 3, 0,
       0, 0, 3, 1, 3, 1, 3, 0, 1, 3, 1, 2, 2, 1, 3, 2, 2, 3, 3, 1, 0, 3,
       3, 0, 1, 3, 2, 3, 3, 2, 3, 1, 0, 3, 1, 1, 1, 0, 2, 3, 3, 0, 0, 2,
       1, 1, 2, 3, 1, 2, 2, 2, 2, 3, 1, 3, 1, 3, 3, 0, 3, 3, 2, 3, 2, 1,
       2, 1, 3, 0, 3, 0, 3, 1, 0, 1, 2, 2, 3, 0, 2, 3, 2, 2, 2, 3, 2, 0,
       0, 1, 2, 3, 2, 0, 0, 1, 2, 3], dtype=object)]
[46, array([-20., -10., -10.,   0.]), array([1, 3, 0, 2, 0, 2, 2, 2, 2, 3, 1, 0, 1, 0, 3, 1, 1, 3, 1, 0, 3, 0,
       0, 0, 3, 1, 3, 1, 3, 0, 1, 3, 1, 2, 2, 1, 3, 2, 2, 3, 3, 1, 0, 3,
       3, 0, 1, 3, 2, 3, 3, 2, 3, 1, 0, 3, 1, 1, 1, 0, 2, 3, 3, 0, 0, 2,
       1, 1, 2, 3, 1, 2, 2, 2, 2, 3, 1, 3, 1, 3, 3, 0, 3, 3, 2, 3, 2, 1,
       2, 1, 3, 0, 3, 0, 3, 1, 0, 1, 2, 2, 3, 0, 2, 3, 2, 2, 2, 3, 2, 0,
       0, 1, 2, 3, 2, 0, 0, 1, 2, 3], dtype=object)]
[46, array([-20., -10., -10.,   0.]), array([1, 3, 0, 2, 0, 2, 2, 2, 2, 3, 1, 0, 1, 0, 3, 1, 1, 3, 1, 0, 3, 0,
       0, 0, 3, 1, 3, 1, 3, 0, 1, 3, 1, 2, 2, 1, 3, 2, 2, 3, 3, 1, 0, 3,
       3, 0, 1, 3, 2, 3, 3, 2, 3, 1, 0, 3, 1, 1, 1, 0, 2, 3, 3, 0, 0, 2,
       1, 1, 2, 3, 1, 2, 2, 2, 2, 3, 1, 3, 1, 3, 3, 0, 3, 3, 2, 3, 2, 1,
       2, 1, 3, 0, 3, 0, 3, 1, 0, 1, 2, 2, 3, 0, 2, 3, 2, 2, 2, 3, 2, 0,
       0, 1, 2, 3, 2, 0, 0, 1, 2, 3], dtype=object)]
[46, array([-20., -10., -10.,   0.]), array([1, 3, 0, 2, 0, 2, 2, 2, 2, 3, 1, 0, 1, 0, 3, 1, 1, 3, 1, 0, 3, 0,
       0, 0, 3, 1, 3, 1, 3, 0, 1, 3, 1, 2, 2, 1, 3, 2, 2, 3, 3, 1, 0, 3,
       3, 0, 1, 3, 2, 3, 3, 2, 3, 1, 0, 3, 1, 1, 1, 0, 2, 3, 3, 0, 0, 2,
       1, 1, 2, 3, 1, 2, 2, 2, 2, 3, 1, 3, 1, 3, 3, 0, 3, 3, 2, 3, 2, 1,
       2, 1, 3, 0, 3, 0, 3, 1, 0, 1, 2, 2, 3, 0, 2, 3, 2, 2, 2, 3, 2, 0,
       0, 1, 2, 3, 2, 0, 0, 1, 2, 3], dtype=object)]
[46, array([-20., -10., -10.,   0.]), array([1, 3, 0, 2, 0, 2, 2, 2, 2, 3, 1, 0, 1, 0, 3, 1, 1, 3, 1, 0, 3, 0,
       0, 0, 3, 1, 3, 1, 3, 0, 1, 3, 1, 2, 2, 1, 3, 2, 2, 3, 3, 1, 0, 3,
       3, 0, 1, 3, 2, 3, 3, 2, 3, 1, 0, 3, 1, 1, 1, 0, 2, 3, 3, 0, 0, 2,
       1, 1, 2, 3, 1, 2, 2, 2, 2, 3, 1, 3, 1, 3, 3, 0, 3, 3, 2, 3, 2, 1,
       2, 1, 3, 0, 3, 0, 3, 1, 0, 1, 2, 2, 3, 0, 2, 3, 2, 2, 2, 3, 2, 0,
       0, 1, 2, 3, 2, 0, 0, 1, 2, 3], dtype=object)]
[47, array([-20., -10., -10.,   0.]), array([1, 1, 0, 1, 0, 1, 2, 2, 2, 3, 3, 0, 1, 0, 3, 1, 1, 3, 1, 0, 3, 0,
       0, 0, 2, 1, 3, 0, 3, 0, 1, 2, 1, 2, 2, 1, 3, 2, 2, 3, 3, 1, 0, 3,
       3, 0, 1, 1, 2, 3, 3, 2, 1, 1, 0, 2, 1, 1, 1, 0, 2, 3, 0, 0, 0, 2,
       1, 1, 2, 3, 3, 2, 2, 2, 2, 3, 1, 3, 1, 3, 2, 0, 3, 3, 2, 3, 2, 1,
       2, 1, 3, 0, 3, 0, 3, 1, 0, 1, 2, 2, 3, 0, 2, 3, 2, 0, 2, 3, 2, 2,
       0, 1, 2, 3, 0, 0, 0, 1, 1, 2], dtype=object)]
[47, array([-20., -10., -10.,   0.]), array([1, 1, 0, 1, 0, 1, 2, 2, 2, 3, 3, 0, 1, 0, 3, 1, 1, 3, 1, 0, 3, 0,
       0, 0, 2, 1, 3, 0, 3, 0, 1, 2, 1, 2, 2, 1, 3, 2, 2, 3, 3, 1, 0, 3,
       3, 0, 1, 1, 2, 3, 3, 2, 1, 1, 0, 2, 1, 1, 1, 0, 2, 3, 0, 0, 0, 2,
       1, 1, 2, 3, 3, 2, 2, 2, 2, 3, 1, 3, 1, 3, 2, 0, 3, 3, 2, 3, 2, 1,
       2, 1, 3, 0, 3, 0, 3, 1, 0, 1, 2, 2, 3, 0, 2, 3, 2, 0, 2, 3, 2, 2,
       0, 1, 2, 3, 0, 0, 0, 1, 1, 2], dtype=object)]
[47, array([-20., -10., -10.,   0.]), array([1, 1, 0, 1, 0, 1, 2, 2, 2, 3, 3, 0, 1, 0, 3, 1, 1, 3, 1, 0, 3, 0,
       0, 0, 2, 1, 3, 0, 3, 0, 1, 2, 1, 2, 2, 1, 3, 2, 2, 3, 3, 1, 0, 3,
       3, 0, 1, 1, 2, 3, 3, 2, 1, 1, 0, 2, 1, 1, 1, 0, 2, 3, 0, 0, 0, 2,
       1, 1, 2, 3, 3, 2, 2, 2, 2, 3, 1, 3, 1, 3, 2, 0, 3, 3, 2, 3, 2, 1,
       2, 1, 3, 0, 3, 0, 3, 1, 0, 1, 2, 2, 3, 0, 2, 3, 2, 0, 2, 3, 2, 2,
       0, 1, 2, 3, 0, 0, 0, 1, 1, 2], dtype=object)]
[47, array([-20., -10., -10.,   0.]), array([1, 1, 0, 1, 0, 1, 2, 2, 2, 3, 3, 0, 1, 0, 3, 1, 1, 3, 1, 0, 3, 0,
       0, 0, 2, 1, 3, 0, 3, 0, 1, 2, 1, 2, 2, 1, 3, 2, 2, 3, 3, 1, 0, 3,
       3, 0, 1, 1, 2, 3, 3, 2, 1, 1, 0, 2, 1, 1, 1, 0, 2, 3, 0, 0, 0, 2,
       1, 1, 2, 3, 3, 2, 2, 2, 2, 3, 1, 3, 1, 3, 2, 0, 3, 3, 2, 3, 2, 1,
       2, 1, 3, 0, 3, 0, 3, 1, 0, 1, 2, 2, 3, 0, 2, 3, 2, 0, 2, 3, 2, 2,
       0, 1, 2, 3, 0, 0, 0, 1, 1, 2], dtype=object)]
[48, array([-20., -10., -10.,   0.]), array([1, 1, 0, 1, 0, 1, 2, 2, 2, 3, 3, 0, 1, 0, 3, 1, 1, 3, 1, 0, 3, 0,
       0, 0, 1, 1, 3, 0, 3, 0, 1, 2, 1, 3, 2, 1, 3, 2, 2, 3, 3, 1, 0, 3,
       3, 0, 1, 1, 2, 3, 3, 2, 1, 1, 0, 2, 1, 1, 1, 0, 2, 3, 0, 0, 0, 2,
       0, 1, 2, 3, 3, 2, 2, 2, 2, 3, 1, 3, 1, 3, 2, 0, 3, 3, 2, 3, 2, 1,
       2, 1, 3, 0, 3, 0, 3, 1, 0, 1, 2, 2, 3, 0, 2, 3, 2, 0, 2, 3, 2, 2,
       0, 1, 2, 3, 0, 0, 0, 1, 1, 2], dtype=object)]
[48, array([-20., -10., -10.,   0.]), array([1, 1, 0, 1, 0, 1, 2, 2, 2, 3, 3, 0, 1, 0, 3, 1, 1, 3, 1, 0, 3, 0,
       0, 0, 1, 1, 3, 0, 3, 0, 1, 2, 1, 3, 2, 1, 3, 2, 2, 3, 3, 1, 0, 3,
       3, 0, 1, 1, 2, 3, 3, 2, 1, 1, 0, 2, 1, 1, 1, 0, 2, 3, 0, 0, 0, 2,
       0, 1, 2, 3, 3, 2, 2, 2, 2, 3, 1, 3, 1, 3, 2, 0, 3, 3, 2, 3, 2, 1,
       2, 1, 3, 0, 3, 0, 3, 1, 0, 1, 2, 2, 3, 0, 2, 3, 2, 0, 2, 3, 2, 2,
       0, 1, 2, 3, 0, 0, 0, 1, 1, 2], dtype=object)]
[48, array([-20., -10., -10.,   0.]), array([1, 1, 0, 1, 0, 1, 2, 2, 2, 3, 3, 0, 1, 0, 3, 1, 1, 3, 1, 0, 3, 0,
       0, 0, 1, 1, 3, 0, 3, 0, 1, 2, 1, 3, 2, 1, 3, 2, 2, 3, 3, 1, 0, 3,
       3, 0, 1, 1, 2, 3, 3, 2, 1, 1, 0, 2, 1, 1, 1, 0, 2, 3, 0, 0, 0, 2,
       0, 1, 2, 3, 3, 2, 2, 2, 2, 3, 1, 3, 1, 3, 2, 0, 3, 3, 2, 3, 2, 1,
       2, 1, 3, 0, 3, 0, 3, 1, 0, 1, 2, 2, 3, 0, 2, 3, 2, 0, 2, 3, 2, 2,
       0, 1, 2, 3, 0, 0, 0, 1, 1, 2], dtype=object)]
[48, array([-20., -10., -10.,   0.]), array([1, 1, 0, 1, 0, 1, 2, 2, 2, 3, 3, 0, 1, 0, 3, 1, 1, 3, 1, 0, 3, 0,
       0, 0, 1, 1, 3, 0, 3, 0, 1, 2, 1, 3, 2, 1, 3, 2, 2, 3, 3, 1, 0, 3,
       3, 0, 1, 1, 2, 3, 3, 2, 1, 1, 0, 2, 1, 1, 1, 0, 2, 3, 0, 0, 0, 2,
       0, 1, 2, 3, 3, 2, 2, 2, 2, 3, 1, 3, 1, 3, 2, 0, 3, 3, 2, 3, 2, 1,
       2, 1, 3, 0, 3, 0, 3, 1, 0, 1, 2, 2, 3, 0, 2, 3, 2, 0, 2, 3, 2, 2,
       0, 1, 2, 3, 0, 0, 0, 1, 1, 2], dtype=object)]
[49, array([-20., -10., -10.,   0.]), array([1, 3, 0, 2, 3, 2, 2, 2, 2, 3, 3, 0, 1, 0, 3, 1, 1, 3, 1, 0, 3, 0,
       0, 0, 3, 1, 3, 0, 3, 0, 1, 3, 1, 2, 2, 1, 3, 2, 2, 3, 3, 1, 0, 3,
       3, 0, 1, 1, 2, 3, 3, 2, 1, 1, 2, 2, 1, 1, 1, 0, 2, 3, 3, 0, 0, 2,
       1, 1, 2, 3, 1, 2, 2, 2, 2, 3, 1, 3, 1, 3, 3, 0, 3, 3, 2, 3, 2, 1,
       2, 1, 3, 0, 3, 0, 3, 1, 0, 1, 2, 2, 3, 0, 2, 3, 2, 0, 2, 3, 2, 2,
       0, 1, 2, 3, 2, 0, 0, 1, 1, 2], dtype=object)]
[49, array([-20., -10., -10.,   0.]), array([1, 3, 0, 2, 3, 2, 2, 2, 2, 3, 3, 0, 1, 0, 3, 1, 1, 3, 1, 0, 3, 0,
       0, 0, 3, 1, 3, 0, 3, 0, 1, 3, 1, 2, 2, 1, 3, 2, 2, 3, 3, 1, 0, 3,
       3, 0, 1, 1, 2, 3, 3, 2, 1, 1, 2, 2, 1, 1, 1, 0, 2, 3, 3, 0, 0, 2,
       1, 1, 2, 3, 1, 2, 2, 2, 2, 3, 1, 3, 1, 3, 3, 0, 3, 3, 2, 3, 2, 1,
       2, 1, 3, 0, 3, 0, 3, 1, 0, 1, 2, 2, 3, 0, 2, 3, 2, 0, 2, 3, 2, 2,
       0, 1, 2, 3, 2, 0, 0, 1, 1, 2], dtype=object)]
[49, array([-20., -10., -10.,   0.]), array([1, 3, 0, 2, 3, 2, 2, 2, 2, 3, 3, 0, 1, 0, 3, 1, 1, 3, 1, 0, 3, 0,
       0, 0, 3, 1, 3, 0, 3, 0, 1, 3, 1, 2, 2, 1, 3, 2, 2, 3, 3, 1, 0, 3,
       3, 0, 1, 1, 2, 3, 3, 2, 1, 1, 2, 2, 1, 1, 1, 0, 2, 3, 3, 0, 0, 2,
       1, 1, 2, 3, 1, 2, 2, 2, 2, 3, 1, 3, 1, 3, 3, 0, 3, 3, 2, 3, 2, 1,
       2, 1, 3, 0, 3, 0, 3, 1, 0, 1, 2, 2, 3, 0, 2, 3, 2, 0, 2, 3, 2, 2,
       0, 1, 2, 3, 2, 0, 0, 1, 1, 2], dtype=object)]
[49, array([-20., -10., -10.,   0.]), array([1, 3, 0, 2, 3, 2, 2, 2, 2, 3, 3, 0, 1, 0, 3, 1, 1, 3, 1, 0, 3, 0,
       0, 0, 3, 1, 3, 0, 3, 0, 1, 3, 1, 2, 2, 1, 3, 2, 2, 3, 3, 1, 0, 3,
       3, 0, 1, 1, 2, 3, 3, 2, 1, 1, 2, 2, 1, 1, 1, 0, 2, 3, 3, 0, 0, 2,
       1, 1, 2, 3, 1, 2, 2, 2, 2, 3, 1, 3, 1, 3, 3, 0, 3, 3, 2, 3, 2, 1,
       2, 1, 3, 0, 3, 0, 3, 1, 0, 1, 2, 2, 3, 0, 2, 3, 2, 0, 2, 3, 2, 2,
       0, 1, 2, 3, 2, 0, 0, 1, 1, 2], dtype=object)]
[50, array([-20., -10., -10.,   0.]), array([1, 3, 0, 2, 2, 2, 1, 2, 2, 3, 1, 0, 1, 0, 3, 1, 1, 3, 1, 0, 3, 0,
       0, 0, 3, 1, 3, 1, 3, 0, 1, 3, 1, 3, 2, 1, 3, 2, 2, 3, 3, 1, 0, 3,
       3, 0, 2, 3, 2, 3, 3, 2, 3, 1, 0, 3, 1, 1, 1, 0, 2, 3, 3, 0, 0, 2,
       1, 1, 2, 3, 1, 2, 2, 2, 2, 3, 1, 3, 1, 3, 2, 0, 3, 3, 0, 3, 2, 1,
       2, 1, 1, 0, 3, 0, 3, 1, 0, 1, 2, 2, 3, 0, 2, 1, 1, 2, 2, 3, 2, 0,
       0, 1, 2, 3, 2, 0, 0, 1, 2, 3], dtype=object)]
[50, array([-20., -10., -10.,   0.]), array([1, 3, 0, 2, 2, 2, 1, 2, 2, 3, 1, 0, 1, 0, 3, 1, 1, 3, 1, 0, 3, 0,
       0, 0, 3, 1, 3, 1, 3, 0, 1, 3, 1, 3, 2, 1, 3, 2, 2, 3, 3, 1, 0, 3,
       3, 0, 2, 3, 2, 3, 3, 2, 3, 1, 0, 3, 1, 1, 1, 0, 2, 3, 3, 0, 0, 2,
       1, 1, 2, 3, 1, 2, 2, 2, 2, 3, 1, 3, 1, 3, 2, 0, 3, 3, 0, 3, 2, 1,
       2, 1, 1, 0, 3, 0, 3, 1, 0, 1, 2, 2, 3, 0, 2, 1, 1, 2, 2, 3, 2, 0,
       0, 1, 2, 3, 2, 0, 0, 1, 2, 3], dtype=object)]
[50, array([-20., -10., -10.,   0.]), array([1, 3, 0, 2, 2, 2, 1, 2, 2, 3, 1, 0, 1, 0, 3, 1, 1, 3, 1, 0, 3, 0,
       0, 0, 3, 1, 3, 1, 3, 0, 1, 3, 1, 3, 2, 1, 3, 2, 2, 3, 3, 1, 0, 3,
       3, 0, 2, 3, 2, 3, 3, 2, 3, 1, 0, 3, 1, 1, 1, 0, 2, 3, 3, 0, 0, 2,
       1, 1, 2, 3, 1, 2, 2, 2, 2, 3, 1, 3, 1, 3, 2, 0, 3, 3, 0, 3, 2, 1,
       2, 1, 1, 0, 3, 0, 3, 1, 0, 1, 2, 2, 3, 0, 2, 1, 1, 2, 2, 3, 2, 0,
       0, 1, 2, 3, 2, 0, 0, 1, 2, 3], dtype=object)]
[50, array([-20., -10., -10.,   0.]), array([1, 3, 0, 2, 2, 2, 1, 2, 2, 3, 1, 0, 1, 0, 3, 1, 1, 3, 1, 0, 3, 0,
       0, 0, 3, 1, 3, 1, 3, 0, 1, 3, 1, 3, 2, 1, 3, 2, 2, 3, 3, 1, 0, 3,
       3, 0, 2, 3, 2, 3, 3, 2, 3, 1, 0, 3, 1, 1, 1, 0, 2, 3, 3, 0, 0, 2,
       1, 1, 2, 3, 1, 2, 2, 2, 2, 3, 1, 3, 1, 3, 2, 0, 3, 3, 0, 3, 2, 1,
       2, 1, 1, 0, 3, 0, 3, 1, 0, 1, 2, 2, 3, 0, 2, 1, 1, 2, 2, 3, 2, 0,
       0, 1, 2, 3, 2, 0, 0, 1, 2, 3], dtype=object)]
[51, array([-20., -10., -10.,   0.]), array([1, 1, 0, 2, 2, 2, 2, 2, 2, 3, 1, 0, 1, 0, 3, 1, 1, 2, 1, 0, 3, 0,
       0, 0, 3, 1, 3, 1, 3, 0, 1, 3, 1, 2, 2, 1, 3, 2, 2, 3, 3, 1, 0, 3,
       3, 0, 1, 1, 2, 3, 3, 2, 1, 1, 2, 2, 1, 1, 1, 0, 2, 3, 3, 0, 0, 2,
       1, 1, 2, 3, 1, 2, 2, 2, 2, 3, 1, 3, 1, 3, 2, 0, 3, 3, 2, 3, 2, 1,
       2, 1, 3, 0, 3, 0, 3, 1, 0, 1, 2, 2, 3, 0, 2, 1, 2, 2, 2, 3, 2, 0,
       0, 1, 2, 3, 2, 0, 0, 1, 2, 3], dtype=object)]
[51, array([-20., -10., -10.,   0.]), array([1, 1, 0, 2, 2, 2, 2, 2, 2, 3, 1, 0, 1, 0, 3, 1, 1, 2, 1, 0, 3, 0,
       0, 0, 3, 1, 3, 1, 3, 0, 1, 3, 1, 2, 2, 1, 3, 2, 2, 3, 3, 1, 0, 3,
       3, 0, 1, 1, 2, 3, 3, 2, 1, 1, 2, 2, 1, 1, 1, 0, 2, 3, 3, 0, 0, 2,
       1, 1, 2, 3, 1, 2, 2, 2, 2, 3, 1, 3, 1, 3, 2, 0, 3, 3, 2, 3, 2, 1,
       2, 1, 3, 0, 3, 0, 3, 1, 0, 1, 2, 2, 3, 0, 2, 1, 2, 2, 2, 3, 2, 0,
       0, 1, 2, 3, 2, 0, 0, 1, 2, 3], dtype=object)]
[51, array([-20., -10., -10.,   0.]), array([1, 1, 0, 2, 2, 2, 2, 2, 2, 3, 1, 0, 1, 0, 3, 1, 1, 2, 1, 0, 3, 0,
       0, 0, 3, 1, 3, 1, 3, 0, 1, 3, 1, 2, 2, 1, 3, 2, 2, 3, 3, 1, 0, 3,
       3, 0, 1, 1, 2, 3, 3, 2, 1, 1, 2, 2, 1, 1, 1, 0, 2, 3, 3, 0, 0, 2,
       1, 1, 2, 3, 1, 2, 2, 2, 2, 3, 1, 3, 1, 3, 2, 0, 3, 3, 2, 3, 2, 1,
       2, 1, 3, 0, 3, 0, 3, 1, 0, 1, 2, 2, 3, 0, 2, 1, 2, 2, 2, 3, 2, 0,
       0, 1, 2, 3, 2, 0, 0, 1, 2, 3], dtype=object)]
[51, array([-20., -10., -10.,   0.]), array([1, 1, 0, 2, 2, 2, 2, 2, 2, 3, 1, 0, 1, 0, 3, 1, 1, 2, 1, 0, 3, 0,
       0, 0, 3, 1, 3, 1, 3, 0, 1, 3, 1, 2, 2, 1, 3, 2, 2, 3, 3, 1, 0, 3,
       3, 0, 1, 1, 2, 3, 3, 2, 1, 1, 2, 2, 1, 1, 1, 0, 2, 3, 3, 0, 0, 2,
       1, 1, 2, 3, 1, 2, 2, 2, 2, 3, 1, 3, 1, 3, 2, 0, 3, 3, 2, 3, 2, 1,
       2, 1, 3, 0, 3, 0, 3, 1, 0, 1, 2, 2, 3, 0, 2, 1, 2, 2, 2, 3, 2, 0,
       0, 1, 2, 3, 2, 0, 0, 1, 2, 3], dtype=object)]
[52, array([-20., -10., -10.,   0.]), array([1, 1, 0, 2, 2, 2, 2, 2, 2, 3, 3, 0, 1, 0, 3, 1, 1, 2, 1, 0, 3, 0,
       0, 0, 3, 1, 3, 1, 3, 0, 1, 3, 1, 2, 2, 1, 3, 2, 2, 3, 3, 1, 0, 3,
       3, 0, 1, 1, 2, 3, 3, 2, 1, 1, 2, 2, 1, 1, 1, 0, 2, 3, 3, 0, 0, 2,
       1, 1, 2, 3, 1, 2, 2, 2, 2, 3, 1, 3, 1, 3, 2, 0, 3, 3, 2, 3, 2, 1,
       2, 1, 3, 2, 3, 0, 3, 1, 0, 1, 2, 2, 3, 0, 2, 1, 2, 2, 2, 3, 2, 0,
       0, 1, 2, 3, 2, 0, 0, 1, 2, 3], dtype=object)]
[52, array([-20., -10., -10.,   0.]), array([1, 1, 0, 2, 2, 2, 2, 2, 2, 3, 3, 0, 1, 0, 3, 1, 1, 2, 1, 0, 3, 0,
       0, 0, 3, 1, 3, 1, 3, 0, 1, 3, 1, 2, 2, 1, 3, 2, 2, 3, 3, 1, 0, 3,
       3, 0, 1, 1, 2, 3, 3, 2, 1, 1, 2, 2, 1, 1, 1, 0, 2, 3, 3, 0, 0, 2,
       1, 1, 2, 3, 1, 2, 2, 2, 2, 3, 1, 3, 1, 3, 2, 0, 3, 3, 2, 3, 2, 1,
       2, 1, 3, 2, 3, 0, 3, 1, 0, 1, 2, 2, 3, 0, 2, 1, 2, 2, 2, 3, 2, 0,
       0, 1, 2, 3, 2, 0, 0, 1, 2, 3], dtype=object)]
[52, array([-20., -10., -10.,   0.]), array([1, 1, 0, 2, 2, 2, 2, 2, 2, 3, 3, 0, 1, 0, 3, 1, 1, 2, 1, 0, 3, 0,
       0, 0, 3, 1, 3, 1, 3, 0, 1, 3, 1, 2, 2, 1, 3, 2, 2, 3, 3, 1, 0, 3,
       3, 0, 1, 1, 2, 3, 3, 2, 1, 1, 2, 2, 1, 1, 1, 0, 2, 3, 3, 0, 0, 2,
       1, 1, 2, 3, 1, 2, 2, 2, 2, 3, 1, 3, 1, 3, 2, 0, 3, 3, 2, 3, 2, 1,
       2, 1, 3, 2, 3, 0, 3, 1, 0, 1, 2, 2, 3, 0, 2, 1, 2, 2, 2, 3, 2, 0,
       0, 1, 2, 3, 2, 0, 0, 1, 2, 3], dtype=object)]
[52, array([-20., -10., -10.,   0.]), array([1, 1, 0, 2, 2, 2, 2, 2, 2, 3, 3, 0, 1, 0, 3, 1, 1, 2, 1, 0, 3, 0,
       0, 0, 3, 1, 3, 1, 3, 0, 1, 3, 1, 2, 2, 1, 3, 2, 2, 3, 3, 1, 0, 3,
       3, 0, 1, 1, 2, 3, 3, 2, 1, 1, 2, 2, 1, 1, 1, 0, 2, 3, 3, 0, 0, 2,
       1, 1, 2, 3, 1, 2, 2, 2, 2, 3, 1, 3, 1, 3, 2, 0, 3, 3, 2, 3, 2, 1,
       2, 1, 3, 2, 3, 0, 3, 1, 0, 1, 2, 2, 3, 0, 2, 1, 2, 2, 2, 3, 2, 0,
       0, 1, 2, 3, 2, 0, 0, 1, 2, 3], dtype=object)]
[53, array([-20., -10., -10.,   0.]), array([1, 3, 0, 2, 3, 2, 2, 2, 2, 2, 3, 0, 1, 0, 3, 1, 1, 3, 1, 0, 3, 0,
       0, 0, 3, 1, 3, 1, 3, 0, 1, 3, 1, 2, 2, 1, 3, 2, 2, 3, 3, 1, 0, 3,
       3, 0, 1, 3, 2, 3, 3, 2, 3, 1, 0, 3, 1, 1, 1, 0, 2, 3, 3, 0, 0, 2,
       1, 1, 2, 1, 3, 2, 2, 2, 2, 3, 1, 3, 1, 3, 2, 0, 3, 3, 2, 3, 2, 1,
       2, 1, 3, 0, 3, 0, 3, 2, 0, 1, 2, 2, 3, 0, 2, 3, 1, 2, 2, 3, 2, 0,
       0, 1, 2, 3, 2, 0, 0, 1, 1, 2], dtype=object)]
[53, array([-20., -10., -10.,   0.]), array([1, 3, 0, 2, 3, 2, 2, 2, 2, 2, 3, 0, 1, 0, 3, 1, 1, 3, 1, 0, 3, 0,
       0, 0, 3, 1, 3, 1, 3, 0, 1, 3, 1, 2, 2, 1, 3, 2, 2, 3, 3, 1, 0, 3,
       3, 0, 1, 3, 2, 3, 3, 2, 3, 1, 0, 3, 1, 1, 1, 0, 2, 3, 3, 0, 0, 2,
       1, 1, 2, 1, 3, 2, 2, 2, 2, 3, 1, 3, 1, 3, 2, 0, 3, 3, 2, 3, 2, 1,
       2, 1, 3, 0, 3, 0, 3, 2, 0, 1, 2, 2, 3, 0, 2, 3, 1, 2, 2, 3, 2, 0,
       0, 1, 2, 3, 2, 0, 0, 1, 1, 2], dtype=object)]
[53, array([-20., -10., -10.,   0.]), array([1, 3, 0, 2, 3, 2, 2, 2, 2, 2, 3, 0, 1, 0, 3, 1, 1, 3, 1, 0, 3, 0,
       0, 0, 3, 1, 3, 1, 3, 0, 1, 3, 1, 2, 2, 1, 3, 2, 2, 3, 3, 1, 0, 3,
       3, 0, 1, 3, 2, 3, 3, 2, 3, 1, 0, 3, 1, 1, 1, 0, 2, 3, 3, 0, 0, 2,
       1, 1, 2, 1, 3, 2, 2, 2, 2, 3, 1, 3, 1, 3, 2, 0, 3, 3, 2, 3, 2, 1,
       2, 1, 3, 0, 3, 0, 3, 2, 0, 1, 2, 2, 3, 0, 2, 3, 1, 2, 2, 3, 2, 0,
       0, 1, 2, 3, 2, 0, 0, 1, 1, 2], dtype=object)]
[53, array([-20., -10., -10.,   0.]), array([1, 3, 0, 2, 3, 2, 2, 2, 2, 2, 3, 0, 1, 0, 3, 1, 1, 3, 1, 0, 3, 0,
       0, 0, 3, 1, 3, 1, 3, 0, 1, 3, 1, 2, 2, 1, 3, 2, 2, 3, 3, 1, 0, 3,
       3, 0, 1, 3, 2, 3, 3, 2, 3, 1, 0, 3, 1, 1, 1, 0, 2, 3, 3, 0, 0, 2,
       1, 1, 2, 1, 3, 2, 2, 2, 2, 3, 1, 3, 1, 3, 2, 0, 3, 3, 2, 3, 2, 1,
       2, 1, 3, 0, 3, 0, 3, 2, 0, 1, 2, 2, 3, 0, 2, 3, 1, 2, 2, 3, 2, 0,
       0, 1, 2, 3, 2, 0, 0, 1, 1, 2], dtype=object)]
[54, array([-20., -10., -10.,   0.]), array([1, 3, 0, 2, 3, 2, 2, 2, 2, 2, 3, 0, 1, 0, 3, 1, 1, 3, 1, 0, 3, 0,
       0, 0, 3, 1, 3, 1, 3, 0, 1, 3, 1, 2, 2, 1, 3, 2, 2, 3, 3, 1, 0, 3,
       3, 0, 1, 3, 2, 3, 3, 2, 3, 1, 0, 3, 1, 1, 1, 0, 2, 3, 3, 0, 0, 2,
       1, 1, 2, 1, 3, 2, 2, 2, 2, 3, 1, 3, 1, 3, 2, 0, 3, 3, 2, 3, 2, 1,
       2, 1, 3, 0, 3, 0, 3, 2, 0, 1, 2, 2, 3, 0, 2, 3, 1, 2, 2, 3, 2, 0,
       0, 1, 2, 3, 2, 0, 0, 1, 1, 2], dtype=object)]
[54, array([-20., -10., -10.,   0.]), array([1, 3, 0, 2, 3, 2, 2, 2, 2, 2, 3, 0, 1, 0, 3, 1, 1, 3, 1, 0, 3, 0,
       0, 0, 3, 1, 3, 1, 3, 0, 1, 3, 1, 2, 2, 1, 3, 2, 2, 3, 3, 1, 0, 3,
       3, 0, 1, 3, 2, 3, 3, 2, 3, 1, 0, 3, 1, 1, 1, 0, 2, 3, 3, 0, 0, 2,
       1, 1, 2, 1, 3, 2, 2, 2, 2, 3, 1, 3, 1, 3, 2, 0, 3, 3, 2, 3, 2, 1,
       2, 1, 3, 0, 3, 0, 3, 2, 0, 1, 2, 2, 3, 0, 2, 3, 1, 2, 2, 3, 2, 0,
       0, 1, 2, 3, 2, 0, 0, 1, 1, 2], dtype=object)]
[54, array([-20., -10., -10.,   0.]), array([1, 3, 0, 2, 3, 2, 2, 2, 2, 2, 3, 0, 1, 0, 3, 1, 1, 3, 1, 0, 3, 0,
       0, 0, 3, 1, 3, 1, 3, 0, 1, 3, 1, 2, 2, 1, 3, 2, 2, 3, 3, 1, 0, 3,
       3, 0, 1, 3, 2, 3, 3, 2, 3, 1, 0, 3, 1, 1, 1, 0, 2, 3, 3, 0, 0, 2,
       1, 1, 2, 1, 3, 2, 2, 2, 2, 3, 1, 3, 1, 3, 2, 0, 3, 3, 2, 3, 2, 1,
       2, 1, 3, 0, 3, 0, 3, 2, 0, 1, 2, 2, 3, 0, 2, 3, 1, 2, 2, 3, 2, 0,
       0, 1, 2, 3, 2, 0, 0, 1, 1, 2], dtype=object)]
[54, array([-20., -10., -10.,   0.]), array([1, 3, 0, 2, 3, 2, 2, 2, 2, 2, 3, 0, 1, 0, 3, 1, 1, 3, 1, 0, 3, 0,
       0, 0, 3, 1, 3, 1, 3, 0, 1, 3, 1, 2, 2, 1, 3, 2, 2, 3, 3, 1, 0, 3,
       3, 0, 1, 3, 2, 3, 3, 2, 3, 1, 0, 3, 1, 1, 1, 0, 2, 3, 3, 0, 0, 2,
       1, 1, 2, 1, 3, 2, 2, 2, 2, 3, 1, 3, 1, 3, 2, 0, 3, 3, 2, 3, 2, 1,
       2, 1, 3, 0, 3, 0, 3, 2, 0, 1, 2, 2, 3, 0, 2, 3, 1, 2, 2, 3, 2, 0,
       0, 1, 2, 3, 2, 0, 0, 1, 1, 2], dtype=object)]
[55, array([-20., -10., -10.,   0.]), array([1, 3, 0, 2, 3, 2, 2, 2, 2, 2, 3, 0, 1, 0, 3, 1, 1, 3, 1, 0, 3, 0,
       0, 0, 3, 1, 3, 1, 3, 0, 1, 3, 1, 2, 2, 1, 3, 2, 2, 3, 3, 1, 0, 3,
       0, 0, 1, 3, 2, 3, 3, 2, 3, 1, 3, 3, 1, 1, 1, 0, 1, 3, 3, 0, 0, 2,
       1, 3, 2, 3, 1, 2, 2, 2, 2, 3, 1, 3, 1, 3, 2, 0, 3, 3, 0, 3, 2, 1,
       2, 1, 1, 0, 3, 0, 3, 1, 0, 1, 2, 2, 3, 0, 2, 1, 1, 2, 2, 3, 2, 0,
       0, 1, 2, 3, 2, 2, 0, 1, 1, 2], dtype=object)]
[55, array([-20., -10., -10.,   0.]), array([1, 3, 0, 2, 3, 2, 2, 2, 2, 2, 3, 0, 1, 0, 3, 1, 1, 3, 1, 0, 3, 0,
       0, 0, 3, 1, 3, 1, 3, 0, 1, 3, 1, 2, 2, 1, 3, 2, 2, 3, 3, 1, 0, 3,
       0, 0, 1, 3, 2, 3, 3, 2, 3, 1, 3, 3, 1, 1, 1, 0, 1, 3, 3, 0, 0, 2,
       1, 3, 2, 3, 1, 2, 2, 2, 2, 3, 1, 3, 1, 3, 2, 0, 3, 3, 0, 3, 2, 1,
       2, 1, 1, 0, 3, 0, 3, 1, 0, 1, 2, 2, 3, 0, 2, 1, 1, 2, 2, 3, 2, 0,
       0, 1, 2, 3, 2, 2, 0, 1, 1, 2], dtype=object)]
[55, array([-20., -10., -10.,   0.]), array([1, 3, 0, 2, 3, 2, 2, 2, 2, 2, 3, 0, 1, 0, 3, 1, 1, 3, 1, 0, 3, 0,
       0, 0, 3, 1, 3, 1, 3, 0, 1, 3, 1, 2, 2, 1, 3, 2, 2, 3, 3, 1, 0, 3,
       0, 0, 1, 3, 2, 3, 3, 2, 3, 1, 3, 3, 1, 1, 1, 0, 1, 3, 3, 0, 0, 2,
       1, 3, 2, 3, 1, 2, 2, 2, 2, 3, 1, 3, 1, 3, 2, 0, 3, 3, 0, 3, 2, 1,
       2, 1, 1, 0, 3, 0, 3, 1, 0, 1, 2, 2, 3, 0, 2, 1, 1, 2, 2, 3, 2, 0,
       0, 1, 2, 3, 2, 2, 0, 1, 1, 2], dtype=object)]
[55, array([-20., -10., -10.,   0.]), array([1, 3, 0, 2, 3, 2, 2, 2, 2, 2, 3, 0, 1, 0, 3, 1, 1, 3, 1, 0, 3, 0,
       0, 0, 3, 1, 3, 1, 3, 0, 1, 3, 1, 2, 2, 1, 3, 2, 2, 3, 3, 1, 0, 3,
       0, 0, 1, 3, 2, 3, 3, 2, 3, 1, 3, 3, 1, 1, 1, 0, 1, 3, 3, 0, 0, 2,
       1, 3, 2, 3, 1, 2, 2, 2, 2, 3, 1, 3, 1, 3, 2, 0, 3, 3, 0, 3, 2, 1,
       2, 1, 1, 0, 3, 0, 3, 1, 0, 1, 2, 2, 3, 0, 2, 1, 1, 2, 2, 3, 2, 0,
       0, 1, 2, 3, 2, 2, 0, 1, 1, 2], dtype=object)]
[56, array([-20., -10., -10.,   0.]), array([1, 3, 0, 2, 3, 2, 2, 2, 2, 2, 3, 0, 1, 0, 3, 1, 1, 3, 1, 0, 3, 0,
       0, 0, 3, 1, 3, 1, 3, 0, 1, 3, 1, 2, 2, 3, 3, 2, 0, 3, 3, 1, 0, 3,
       0, 0, 1, 3, 2, 3, 3, 2, 3, 1, 3, 3, 1, 1, 1, 0, 1, 3, 3, 0, 0, 2,
       1, 3, 2, 3, 1, 2, 2, 2, 2, 3, 1, 3, 1, 3, 2, 0, 3, 3, 0, 3, 2, 1,
       2, 1, 1, 0, 3, 0, 3, 1, 0, 1, 2, 2, 3, 0, 2, 1, 1, 2, 2, 3, 2, 0,
       0, 1, 2, 3, 2, 2, 0, 1, 1, 2], dtype=object)]
[56, array([-20., -10., -10.,   0.]), array([1, 3, 0, 2, 3, 2, 2, 2, 2, 2, 3, 0, 1, 0, 3, 1, 1, 3, 1, 0, 3, 0,
       0, 0, 3, 1, 3, 1, 3, 0, 1, 3, 1, 2, 2, 3, 3, 2, 0, 3, 3, 1, 0, 3,
       0, 0, 1, 3, 2, 3, 3, 2, 3, 1, 3, 3, 1, 1, 1, 0, 1, 3, 3, 0, 0, 2,
       1, 3, 2, 3, 1, 2, 2, 2, 2, 3, 1, 3, 1, 3, 2, 0, 3, 3, 0, 3, 2, 1,
       2, 1, 1, 0, 3, 0, 3, 1, 0, 1, 2, 2, 3, 0, 2, 1, 1, 2, 2, 3, 2, 0,
       0, 1, 2, 3, 2, 2, 0, 1, 1, 2], dtype=object)]
[56, array([-20., -10., -10.,   0.]), array([1, 3, 0, 2, 3, 2, 2, 2, 2, 2, 3, 0, 1, 0, 3, 1, 1, 3, 1, 0, 3, 0,
       0, 0, 3, 1, 3, 1, 3, 0, 1, 3, 1, 2, 2, 3, 3, 2, 0, 3, 3, 1, 0, 3,
       0, 0, 1, 3, 2, 3, 3, 2, 3, 1, 3, 3, 1, 1, 1, 0, 1, 3, 3, 0, 0, 2,
       1, 3, 2, 3, 1, 2, 2, 2, 2, 3, 1, 3, 1, 3, 2, 0, 3, 3, 0, 3, 2, 1,
       2, 1, 1, 0, 3, 0, 3, 1, 0, 1, 2, 2, 3, 0, 2, 1, 1, 2, 2, 3, 2, 0,
       0, 1, 2, 3, 2, 2, 0, 1, 1, 2], dtype=object)]
[56, array([-20., -10., -10.,   0.]), array([1, 3, 0, 2, 3, 2, 2, 2, 2, 2, 3, 0, 1, 0, 3, 1, 1, 3, 1, 0, 3, 0,
       0, 0, 3, 1, 3, 1, 3, 0, 1, 3, 1, 2, 2, 3, 3, 2, 0, 3, 3, 1, 0, 3,
       0, 0, 1, 3, 2, 3, 3, 2, 3, 1, 3, 3, 1, 1, 1, 0, 1, 3, 3, 0, 0, 2,
       1, 3, 2, 3, 1, 2, 2, 2, 2, 3, 1, 3, 1, 3, 2, 0, 3, 3, 0, 3, 2, 1,
       2, 1, 1, 0, 3, 0, 3, 1, 0, 1, 2, 2, 3, 0, 2, 1, 1, 2, 2, 3, 2, 0,
       0, 1, 2, 3, 2, 2, 0, 1, 1, 2], dtype=object)]
[57, array([-20., -10., -10.,   0.]), array([1, 1, 0, 2, 2, 2, 2, 2, 2, 3, 1, 0, 1, 2, 3, 1, 3, 2, 1, 0, 3, 0,
       0, 0, 3, 1, 3, 1, 3, 0, 3, 3, 1, 2, 2, 1, 3, 2, 2, 3, 3, 1, 0, 3,
       3, 0, 1, 3, 2, 3, 3, 2, 3, 1, 0, 3, 1, 1, 1, 0, 2, 3, 3, 0, 0, 2,
       1, 1, 2, 3, 1, 2, 2, 2, 2, 3, 1, 3, 1, 3, 2, 0, 3, 3, 0, 3, 2, 1,
       2, 1, 1, 0, 3, 0, 3, 2, 0, 3, 2, 2, 3, 0, 2, 3, 2, 0, 2, 3, 2, 2,
       0, 1, 2, 3, 0, 0, 0, 1, 1, 2], dtype=object)]
[57, array([-20., -10., -10.,   0.]), array([1, 1, 0, 2, 2, 2, 2, 2, 2, 3, 1, 0, 1, 2, 3, 1, 3, 2, 1, 0, 3, 0,
       0, 0, 3, 1, 3, 1, 3, 0, 3, 3, 1, 2, 2, 1, 3, 2, 2, 3, 3, 1, 0, 3,
       3, 0, 1, 3, 2, 3, 3, 2, 3, 1, 0, 3, 1, 1, 1, 0, 2, 3, 3, 0, 0, 2,
       1, 1, 2, 3, 1, 2, 2, 2, 2, 3, 1, 3, 1, 3, 2, 0, 3, 3, 0, 3, 2, 1,
       2, 1, 1, 0, 3, 0, 3, 2, 0, 3, 2, 2, 3, 0, 2, 3, 2, 0, 2, 3, 2, 2,
       0, 1, 2, 3, 0, 0, 0, 1, 1, 2], dtype=object)]
[57, array([-20., -10., -10.,   0.]), array([1, 1, 0, 2, 2, 2, 2, 2, 2, 3, 1, 0, 1, 2, 3, 1, 3, 2, 1, 0, 3, 0,
       0, 0, 3, 1, 3, 1, 3, 0, 3, 3, 1, 2, 2, 1, 3, 2, 2, 3, 3, 1, 0, 3,
       3, 0, 1, 3, 2, 3, 3, 2, 3, 1, 0, 3, 1, 1, 1, 0, 2, 3, 3, 0, 0, 2,
       1, 1, 2, 3, 1, 2, 2, 2, 2, 3, 1, 3, 1, 3, 2, 0, 3, 3, 0, 3, 2, 1,
       2, 1, 1, 0, 3, 0, 3, 2, 0, 3, 2, 2, 3, 0, 2, 3, 2, 0, 2, 3, 2, 2,
       0, 1, 2, 3, 0, 0, 0, 1, 1, 2], dtype=object)]
[57, array([-20., -10., -10.,   0.]), array([1, 1, 0, 2, 2, 2, 2, 2, 2, 3, 1, 0, 1, 2, 3, 1, 3, 2, 1, 0, 3, 0,
       0, 0, 3, 1, 3, 1, 3, 0, 3, 3, 1, 2, 2, 1, 3, 2, 2, 3, 3, 1, 0, 3,
       3, 0, 1, 3, 2, 3, 3, 2, 3, 1, 0, 3, 1, 1, 1, 0, 2, 3, 3, 0, 0, 2,
       1, 1, 2, 3, 1, 2, 2, 2, 2, 3, 1, 3, 1, 3, 2, 0, 3, 3, 0, 3, 2, 1,
       2, 1, 1, 0, 3, 0, 3, 2, 0, 3, 2, 2, 3, 0, 2, 3, 2, 0, 2, 3, 2, 2,
       0, 1, 2, 3, 0, 0, 0, 1, 1, 2], dtype=object)]
[58, array([-20., -10., -10.,   0.]), array([1, 1, 0, 2, 2, 2, 2, 2, 2, 3, 1, 0, 1, 2, 3, 1, 3, 2, 1, 0, 3, 0,
       0, 0, 3, 1, 3, 1, 3, 0, 3, 3, 1, 2, 2, 1, 3, 2, 2, 3, 3, 1, 0, 3,
       3, 0, 1, 3, 2, 3, 3, 2, 3, 1, 0, 3, 1, 1, 3, 0, 2, 3, 3, 0, 0, 2,
       1, 1, 2, 3, 1, 2, 2, 2, 2, 3, 1, 3, 1, 3, 2, 0, 3, 3, 0, 3, 2, 1,
       2, 1, 1, 0, 3, 0, 3, 2, 0, 3, 2, 2, 3, 0, 2, 3, 2, 0, 2, 3, 2, 2,
       0, 1, 2, 3, 0, 0, 0, 1, 1, 2], dtype=object)]
[58, array([-20., -10., -10.,   0.]), array([1, 1, 0, 2, 2, 2, 2, 2, 2, 3, 1, 0, 1, 2, 3, 1, 3, 2, 1, 0, 3, 0,
       0, 0, 3, 1, 3, 1, 3, 0, 3, 3, 1, 2, 2, 1, 3, 2, 2, 3, 3, 1, 0, 3,
       3, 0, 1, 3, 2, 3, 3, 2, 3, 1, 0, 3, 1, 1, 3, 0, 2, 3, 3, 0, 0, 2,
       1, 1, 2, 3, 1, 2, 2, 2, 2, 3, 1, 3, 1, 3, 2, 0, 3, 3, 0, 3, 2, 1,
       2, 1, 1, 0, 3, 0, 3, 2, 0, 3, 2, 2, 3, 0, 2, 3, 2, 0, 2, 3, 2, 2,
       0, 1, 2, 3, 0, 0, 0, 1, 1, 2], dtype=object)]
[58, array([-20., -10., -10.,   0.]), array([1, 1, 0, 2, 2, 2, 2, 2, 2, 3, 1, 0, 1, 2, 3, 1, 3, 2, 1, 0, 3, 0,
       0, 0, 3, 1, 3, 1, 3, 0, 3, 3, 1, 2, 2, 1, 3, 2, 2, 3, 3, 1, 0, 3,
       3, 0, 1, 3, 2, 3, 3, 2, 3, 1, 0, 3, 1, 1, 3, 0, 2, 3, 3, 0, 0, 2,
       1, 1, 2, 3, 1, 2, 2, 2, 2, 3, 1, 3, 1, 3, 2, 0, 3, 3, 0, 3, 2, 1,
       2, 1, 1, 0, 3, 0, 3, 2, 0, 3, 2, 2, 3, 0, 2, 3, 2, 0, 2, 3, 2, 2,
       0, 1, 2, 3, 0, 0, 0, 1, 1, 2], dtype=object)]
[58, array([-20., -10., -10.,   0.]), array([1, 1, 0, 2, 2, 2, 2, 2, 2, 3, 1, 0, 1, 2, 3, 1, 3, 2, 1, 0, 3, 0,
       0, 0, 3, 1, 3, 1, 3, 0, 3, 3, 1, 2, 2, 1, 3, 2, 2, 3, 3, 1, 0, 3,
       3, 0, 1, 3, 2, 3, 3, 2, 3, 1, 0, 3, 1, 1, 3, 0, 2, 3, 3, 0, 0, 2,
       1, 1, 2, 3, 1, 2, 2, 2, 2, 3, 1, 3, 1, 3, 2, 0, 3, 3, 0, 3, 2, 1,
       2, 1, 1, 0, 3, 0, 3, 2, 0, 3, 2, 2, 3, 0, 2, 3, 2, 0, 2, 3, 2, 2,
       0, 1, 2, 3, 0, 0, 0, 1, 1, 2], dtype=object)]
[59, array([-20., -10., -10.,   0.]), array([1, 1, 0, 2, 3, 2, 2, 2, 2, 2, 3, 0, 1, 0, 3, 1, 1, 0, 1, 0, 3, 0,
       0, 0, 3, 1, 3, 0, 3, 1, 1, 3, 1, 2, 2, 1, 3, 2, 2, 3, 3, 1, 0, 3,
       3, 0, 1, 1, 2, 3, 3, 2, 3, 1, 0, 3, 1, 1, 1, 0, 2, 3, 3, 0, 0, 2,
       1, 1, 2, 1, 3, 2, 2, 2, 2, 3, 1, 3, 1, 3, 2, 0, 3, 3, 2, 3, 2, 1,
       2, 1, 3, 0, 3, 0, 3, 2, 0, 1, 2, 2, 3, 0, 2, 3, 1, 2, 2, 3, 2, 0,
       0, 1, 2, 3, 0, 0, 0, 1, 1, 2], dtype=object)]
[59, array([-20., -10., -10.,   0.]), array([1, 1, 0, 2, 3, 2, 2, 2, 2, 2, 3, 0, 1, 0, 3, 1, 1, 0, 1, 0, 3, 0,
       0, 0, 3, 1, 3, 0, 3, 1, 1, 3, 1, 2, 2, 1, 3, 2, 2, 3, 3, 1, 0, 3,
       3, 0, 1, 1, 2, 3, 3, 2, 3, 1, 0, 3, 1, 1, 1, 0, 2, 3, 3, 0, 0, 2,
       1, 1, 2, 1, 3, 2, 2, 2, 2, 3, 1, 3, 1, 3, 2, 0, 3, 3, 2, 3, 2, 1,
       2, 1, 3, 0, 3, 0, 3, 2, 0, 1, 2, 2, 3, 0, 2, 3, 1, 2, 2, 3, 2, 0,
       0, 1, 2, 3, 0, 0, 0, 1, 1, 2], dtype=object)]
[59, array([-20., -10., -10.,   0.]), array([1, 1, 0, 2, 3, 2, 2, 2, 2, 2, 3, 0, 1, 0, 3, 1, 1, 0, 1, 0, 3, 0,
       0, 0, 3, 1, 3, 0, 3, 1, 1, 3, 1, 2, 2, 1, 3, 2, 2, 3, 3, 1, 0, 3,
       3, 0, 1, 1, 2, 3, 3, 2, 3, 1, 0, 3, 1, 1, 1, 0, 2, 3, 3, 0, 0, 2,
       1, 1, 2, 1, 3, 2, 2, 2, 2, 3, 1, 3, 1, 3, 2, 0, 3, 3, 2, 3, 2, 1,
       2, 1, 3, 0, 3, 0, 3, 2, 0, 1, 2, 2, 3, 0, 2, 3, 1, 2, 2, 3, 2, 0,
       0, 1, 2, 3, 0, 0, 0, 1, 1, 2], dtype=object)]
[59, array([-20., -10., -10.,   0.]), array([1, 1, 0, 2, 3, 2, 2, 2, 2, 2, 3, 0, 1, 0, 3, 1, 1, 0, 1, 0, 3, 0,
       0, 0, 3, 1, 3, 0, 3, 1, 1, 3, 1, 2, 2, 1, 3, 2, 2, 3, 3, 1, 0, 3,
       3, 0, 1, 1, 2, 3, 3, 2, 3, 1, 0, 3, 1, 1, 1, 0, 2, 3, 3, 0, 0, 2,
       1, 1, 2, 1, 3, 2, 2, 2, 2, 3, 1, 3, 1, 3, 2, 0, 3, 3, 2, 3, 2, 1,
       2, 1, 3, 0, 3, 0, 3, 2, 0, 1, 2, 2, 3, 0, 2, 3, 1, 2, 2, 3, 2, 0,
       0, 1, 2, 3, 0, 0, 0, 1, 1, 2], dtype=object)]
[60, array([-20., -10., -10.,   0.]), array([1, 3, 0, 2, 0, 2, 2, 2, 2, 0, 3, 0, 0, 0, 3, 1, 1, 3, 1, 0, 3, 0,
       0, 0, 3, 1, 3, 1, 3, 0, 1, 3, 1, 2, 2, 1, 3, 2, 2, 3, 3, 1, 0, 3,
       1, 0, 1, 3, 2, 3, 3, 2, 3, 1, 3, 3, 0, 1, 1, 0, 2, 3, 3, 0, 0, 2,
       1, 1, 2, 3, 1, 2, 0, 2, 2, 3, 1, 3, 1, 3, 2, 0, 3, 3, 3, 3, 2, 1,
       2, 1, 3, 0, 3, 0, 3, 2, 2, 1, 2, 2, 3, 0, 2, 1, 1, 2, 2, 3, 2, 0,
       0, 1, 2, 3, 2, 0, 0, 1, 2, 3], dtype=object)]
[60, array([-20., -10., -10.,   0.]), array([1, 3, 0, 2, 0, 2, 2, 2, 2, 0, 3, 0, 0, 0, 3, 1, 1, 3, 1, 0, 3, 0,
       0, 0, 3, 1, 3, 1, 3, 0, 1, 3, 1, 2, 2, 1, 3, 2, 2, 3, 3, 1, 0, 3,
       1, 0, 1, 3, 2, 3, 3, 2, 3, 1, 3, 3, 0, 1, 1, 0, 2, 3, 3, 0, 0, 2,
       1, 1, 2, 3, 1, 2, 0, 2, 2, 3, 1, 3, 1, 3, 2, 0, 3, 3, 3, 3, 2, 1,
       2, 1, 3, 0, 3, 0, 3, 2, 2, 1, 2, 2, 3, 0, 2, 1, 1, 2, 2, 3, 2, 0,
       0, 1, 2, 3, 2, 0, 0, 1, 2, 3], dtype=object)]
[60, array([-20., -10., -10.,   0.]), array([1, 3, 0, 2, 0, 2, 2, 2, 2, 0, 3, 0, 0, 0, 3, 1, 1, 3, 1, 0, 3, 0,
       0, 0, 3, 1, 3, 1, 3, 0, 1, 3, 1, 2, 2, 1, 3, 2, 2, 3, 3, 1, 0, 3,
       1, 0, 1, 3, 2, 3, 3, 2, 3, 1, 3, 3, 0, 1, 1, 0, 2, 3, 3, 0, 0, 2,
       1, 1, 2, 3, 1, 2, 0, 2, 2, 3, 1, 3, 1, 3, 2, 0, 3, 3, 3, 3, 2, 1,
       2, 1, 3, 0, 3, 0, 3, 2, 2, 1, 2, 2, 3, 0, 2, 1, 1, 2, 2, 3, 2, 0,
       0, 1, 2, 3, 2, 0, 0, 1, 2, 3], dtype=object)]
[60, array([-20., -10., -10.,   0.]), array([1, 3, 0, 2, 0, 2, 2, 2, 2, 0, 3, 0, 0, 0, 3, 1, 1, 3, 1, 0, 3, 0,
       0, 0, 3, 1, 3, 1, 3, 0, 1, 3, 1, 2, 2, 1, 3, 2, 2, 3, 3, 1, 0, 3,
       1, 0, 1, 3, 2, 3, 3, 2, 3, 1, 3, 3, 0, 1, 1, 0, 2, 3, 3, 0, 0, 2,
       1, 1, 2, 3, 1, 2, 0, 2, 2, 3, 1, 3, 1, 3, 2, 0, 3, 3, 3, 3, 2, 1,
       2, 1, 3, 0, 3, 0, 3, 2, 2, 1, 2, 2, 3, 0, 2, 1, 1, 2, 2, 3, 2, 0,
       0, 1, 2, 3, 2, 0, 0, 1, 2, 3], dtype=object)]
[61, array([-20., -10., -10.,   0.]), array([1, 3, 0, 2, 0, 2, 2, 2, 2, 0, 3, 0, 1, 0, 3, 1, 3, 2, 1, 0, 3, 0,
       0, 0, 3, 1, 3, 1, 3, 0, 3, 3, 1, 2, 2, 1, 3, 2, 2, 3, 3, 2, 0, 3,
       3, 0, 1, 1, 2, 3, 3, 2, 1, 1, 2, 2, 2, 1, 1, 0, 3, 3, 3, 0, 0, 2,
       1, 1, 2, 3, 1, 2, 2, 2, 2, 3, 1, 3, 1, 3, 2, 0, 3, 3, 0, 3, 2, 1,
       2, 1, 1, 0, 3, 0, 3, 1, 0, 1, 2, 2, 3, 0, 2, 3, 2, 0, 2, 3, 2, 2,
       0, 1, 2, 3, 0, 0, 0, 1, 1, 2], dtype=object)]
[61, array([-20., -10., -10.,   0.]), array([1, 3, 0, 2, 0, 2, 2, 2, 2, 0, 3, 0, 1, 0, 3, 1, 3, 2, 1, 0, 3, 0,
       0, 0, 3, 1, 3, 1, 3, 0, 3, 3, 1, 2, 2, 1, 3, 2, 2, 3, 3, 2, 0, 3,
       3, 0, 1, 1, 2, 3, 3, 2, 1, 1, 2, 2, 2, 1, 1, 0, 3, 3, 3, 0, 0, 2,
       1, 1, 2, 3, 1, 2, 2, 2, 2, 3, 1, 3, 1, 3, 2, 0, 3, 3, 0, 3, 2, 1,
       2, 1, 1, 0, 3, 0, 3, 1, 0, 1, 2, 2, 3, 0, 2, 3, 2, 0, 2, 3, 2, 2,
       0, 1, 2, 3, 0, 0, 0, 1, 1, 2], dtype=object)]
[61, array([-20., -10., -10.,   0.]), array([1, 3, 0, 2, 0, 2, 2, 2, 2, 0, 3, 0, 1, 0, 3, 1, 3, 2, 1, 0, 3, 0,
       0, 0, 3, 1, 3, 1, 3, 0, 3, 3, 1, 2, 2, 1, 3, 2, 2, 3, 3, 2, 0, 3,
       3, 0, 1, 1, 2, 3, 3, 2, 1, 1, 2, 2, 2, 1, 1, 0, 3, 3, 3, 0, 0, 2,
       1, 1, 2, 3, 1, 2, 2, 2, 2, 3, 1, 3, 1, 3, 2, 0, 3, 3, 0, 3, 2, 1,
       2, 1, 1, 0, 3, 0, 3, 1, 0, 1, 2, 2, 3, 0, 2, 3, 2, 0, 2, 3, 2, 2,
       0, 1, 2, 3, 0, 0, 0, 1, 1, 2], dtype=object)]
[61, array([-20., -10., -10.,   0.]), array([1, 3, 0, 2, 0, 2, 2, 2, 2, 0, 3, 0, 1, 0, 3, 1, 3, 2, 1, 0, 3, 0,
       0, 0, 3, 1, 3, 1, 3, 0, 3, 3, 1, 2, 2, 1, 3, 2, 2, 3, 3, 2, 0, 3,
       3, 0, 1, 1, 2, 3, 3, 2, 1, 1, 2, 2, 2, 1, 1, 0, 3, 3, 3, 0, 0, 2,
       1, 1, 2, 3, 1, 2, 2, 2, 2, 3, 1, 3, 1, 3, 2, 0, 3, 3, 0, 3, 2, 1,
       2, 1, 1, 0, 3, 0, 3, 1, 0, 1, 2, 2, 3, 0, 2, 3, 2, 0, 2, 3, 2, 2,
       0, 1, 2, 3, 0, 0, 0, 1, 1, 2], dtype=object)]
[62, array([-20., -10., -10.,   0.]), array([1, 3, 0, 3, 0, 2, 2, 2, 2, 0, 3, 0, 1, 0, 3, 1, 3, 2, 1, 0, 3, 0,
       0, 0, 3, 1, 3, 1, 3, 0, 3, 3, 1, 2, 2, 1, 3, 2, 2, 3, 3, 2, 0, 3,
       3, 0, 1, 1, 2, 3, 3, 2, 1, 1, 2, 2, 2, 1, 1, 0, 3, 3, 3, 0, 0, 2,
       1, 1, 2, 3, 1, 2, 2, 2, 2, 3, 1, 3, 1, 3, 2, 0, 3, 3, 0, 3, 2, 1,
       2, 1, 1, 0, 3, 0, 3, 1, 0, 1, 2, 2, 3, 0, 2, 3, 2, 0, 2, 3, 2, 2,
       0, 1, 2, 3, 0, 0, 0, 1, 1, 2], dtype=object)]
[62, array([-20., -10., -10.,   0.]), array([1, 3, 0, 3, 0, 2, 2, 2, 2, 0, 3, 0, 1, 0, 3, 1, 3, 2, 1, 0, 3, 0,
       0, 0, 3, 1, 3, 1, 3, 0, 3, 3, 1, 2, 2, 1, 3, 2, 2, 3, 3, 2, 0, 3,
       3, 0, 1, 1, 2, 3, 3, 2, 1, 1, 2, 2, 2, 1, 1, 0, 3, 3, 3, 0, 0, 2,
       1, 1, 2, 3, 1, 2, 2, 2, 2, 3, 1, 3, 1, 3, 2, 0, 3, 3, 0, 3, 2, 1,
       2, 1, 1, 0, 3, 0, 3, 1, 0, 1, 2, 2, 3, 0, 2, 3, 2, 0, 2, 3, 2, 2,
       0, 1, 2, 3, 0, 0, 0, 1, 1, 2], dtype=object)]
[62, array([-20., -10., -10.,   0.]), array([1, 3, 0, 3, 0, 2, 2, 2, 2, 0, 3, 0, 1, 0, 3, 1, 3, 2, 1, 0, 3, 0,
       0, 0, 3, 1, 3, 1, 3, 0, 3, 3, 1, 2, 2, 1, 3, 2, 2, 3, 3, 2, 0, 3,
       3, 0, 1, 1, 2, 3, 3, 2, 1, 1, 2, 2, 2, 1, 1, 0, 3, 3, 3, 0, 0, 2,
       1, 1, 2, 3, 1, 2, 2, 2, 2, 3, 1, 3, 1, 3, 2, 0, 3, 3, 0, 3, 2, 1,
       2, 1, 1, 0, 3, 0, 3, 1, 0, 1, 2, 2, 3, 0, 2, 3, 2, 0, 2, 3, 2, 2,
       0, 1, 2, 3, 0, 0, 0, 1, 1, 2], dtype=object)]
[62, array([-20., -10., -10.,   0.]), array([1, 3, 0, 3, 0, 2, 2, 2, 2, 0, 3, 0, 1, 0, 3, 1, 3, 2, 1, 0, 3, 0,
       0, 0, 3, 1, 3, 1, 3, 0, 3, 3, 1, 2, 2, 1, 3, 2, 2, 3, 3, 2, 0, 3,
       3, 0, 1, 1, 2, 3, 3, 2, 1, 1, 2, 2, 2, 1, 1, 0, 3, 3, 3, 0, 0, 2,
       1, 1, 2, 3, 1, 2, 2, 2, 2, 3, 1, 3, 1, 3, 2, 0, 3, 3, 0, 3, 2, 1,
       2, 1, 1, 0, 3, 0, 3, 1, 0, 1, 2, 2, 3, 0, 2, 3, 2, 0, 2, 3, 2, 2,
       0, 1, 2, 3, 0, 0, 0, 1, 1, 2], dtype=object)]
[63, array([-20., -10., -10.,   0.]), array([1, 3, 0, 2, 0, 2, 2, 2, 2, 2, 3, 0, 1, 0, 3, 1, 1, 3, 1, 0, 3, 0,
       0, 0, 3, 1, 3, 1, 3, 0, 1, 3, 1, 2, 2, 1, 3, 2, 2, 3, 3, 1, 0, 3,
       1, 0, 1, 1, 2, 3, 3, 2, 1, 1, 1, 2, 2, 1, 1, 0, 3, 3, 3, 0, 0, 2,
       1, 0, 2, 3, 3, 2, 2, 0, 2, 3, 1, 3, 1, 3, 3, 0, 3, 3, 2, 3, 2, 1,
       2, 1, 3, 0, 2, 0, 3, 1, 0, 1, 3, 2, 3, 0, 2, 1, 2, 0, 2, 3, 2, 1,
       0, 1, 2, 3, 0, 0, 0, 1, 2, 2], dtype=object)]
[63, array([-20., -10., -10.,   0.]), array([1, 3, 0, 2, 0, 2, 2, 2, 2, 2, 3, 0, 1, 0, 3, 1, 1, 3, 1, 0, 3, 0,
       0, 0, 3, 1, 3, 1, 3, 0, 1, 3, 1, 2, 2, 1, 3, 2, 2, 3, 3, 1, 0, 3,
       1, 0, 1, 1, 2, 3, 3, 2, 1, 1, 1, 2, 2, 1, 1, 0, 3, 3, 3, 0, 0, 2,
       1, 0, 2, 3, 3, 2, 2, 0, 2, 3, 1, 3, 1, 3, 3, 0, 3, 3, 2, 3, 2, 1,
       2, 1, 3, 0, 2, 0, 3, 1, 0, 1, 3, 2, 3, 0, 2, 1, 2, 0, 2, 3, 2, 1,
       0, 1, 2, 3, 0, 0, 0, 1, 2, 2], dtype=object)]
[63, array([-20., -10., -10.,   0.]), array([1, 3, 0, 2, 0, 2, 2, 2, 2, 2, 3, 0, 1, 0, 3, 1, 1, 3, 1, 0, 3, 0,
       0, 0, 3, 1, 3, 1, 3, 0, 1, 3, 1, 2, 2, 1, 3, 2, 2, 3, 3, 1, 0, 3,
       1, 0, 1, 1, 2, 3, 3, 2, 1, 1, 1, 2, 2, 1, 1, 0, 3, 3, 3, 0, 0, 2,
       1, 0, 2, 3, 3, 2, 2, 0, 2, 3, 1, 3, 1, 3, 3, 0, 3, 3, 2, 3, 2, 1,
       2, 1, 3, 0, 2, 0, 3, 1, 0, 1, 3, 2, 3, 0, 2, 1, 2, 0, 2, 3, 2, 1,
       0, 1, 2, 3, 0, 0, 0, 1, 2, 2], dtype=object)]
[63, array([-20., -10., -10.,   0.]), array([1, 3, 0, 2, 0, 2, 2, 2, 2, 2, 3, 0, 1, 0, 3, 1, 1, 3, 1, 0, 3, 0,
       0, 0, 3, 1, 3, 1, 3, 0, 1, 3, 1, 2, 2, 1, 3, 2, 2, 3, 3, 1, 0, 3,
       1, 0, 1, 1, 2, 3, 3, 2, 1, 1, 1, 2, 2, 1, 1, 0, 3, 3, 3, 0, 0, 2,
       1, 0, 2, 3, 3, 2, 2, 0, 2, 3, 1, 3, 1, 3, 3, 0, 3, 3, 2, 3, 2, 1,
       2, 1, 3, 0, 2, 0, 3, 1, 0, 1, 3, 2, 3, 0, 2, 1, 2, 0, 2, 3, 2, 1,
       0, 1, 2, 3, 0, 0, 0, 1, 2, 2], dtype=object)]
[64, array([-20., -10., -10.,   0.]), array([1, 3, 0, 2, 0, 2, 2, 2, 2, 2, 3, 0, 1, 0, 3, 1, 1, 3, 1, 0, 3, 0,
       0, 0, 3, 1, 3, 1, 3, 0, 1, 3, 1, 2, 2, 1, 3, 2, 2, 3, 3, 1, 0, 3,
       1, 0, 1, 1, 2, 3, 3, 2, 1, 1, 1, 2, 2, 1, 1, 0, 3, 3, 3, 0, 0, 2,
       1, 0, 2, 3, 3, 2, 2, 0, 2, 3, 1, 3, 1, 3, 3, 0, 3, 3, 2, 3, 2, 1,
       2, 1, 3, 0, 2, 0, 3, 1, 0, 1, 3, 2, 3, 0, 2, 1, 2, 0, 2, 3, 2, 1,
       0, 1, 2, 3, 0, 0, 0, 1, 2, 2], dtype=object)]
[64, array([-20., -10., -10.,   0.]), array([1, 3, 0, 2, 0, 2, 2, 2, 2, 2, 3, 0, 1, 0, 3, 1, 1, 3, 1, 0, 3, 0,
       0, 0, 3, 1, 3, 1, 3, 0, 1, 3, 1, 2, 2, 1, 3, 2, 2, 3, 3, 1, 0, 3,
       1, 0, 1, 1, 2, 3, 3, 2, 1, 1, 1, 2, 2, 1, 1, 0, 3, 3, 3, 0, 0, 2,
       1, 0, 2, 3, 3, 2, 2, 0, 2, 3, 1, 3, 1, 3, 3, 0, 3, 3, 2, 3, 2, 1,
       2, 1, 3, 0, 2, 0, 3, 1, 0, 1, 3, 2, 3, 0, 2, 1, 2, 0, 2, 3, 2, 1,
       0, 1, 2, 3, 0, 0, 0, 1, 2, 2], dtype=object)]
[64, array([-20., -10., -10.,   0.]), array([1, 3, 0, 2, 0, 2, 2, 2, 2, 2, 3, 0, 1, 0, 3, 1, 1, 3, 1, 0, 3, 0,
       0, 0, 3, 1, 3, 1, 3, 0, 1, 3, 1, 2, 2, 1, 3, 2, 2, 3, 3, 1, 0, 3,
       1, 0, 1, 1, 2, 3, 3, 2, 1, 1, 1, 2, 2, 1, 1, 0, 3, 3, 3, 0, 0, 2,
       1, 0, 2, 3, 3, 2, 2, 0, 2, 3, 1, 3, 1, 3, 3, 0, 3, 3, 2, 3, 2, 1,
       2, 1, 3, 0, 2, 0, 3, 1, 0, 1, 3, 2, 3, 0, 2, 1, 2, 0, 2, 3, 2, 1,
       0, 1, 2, 3, 0, 0, 0, 1, 2, 2], dtype=object)]
[64, array([-20., -10., -10.,   0.]), array([1, 3, 0, 2, 0, 2, 2, 2, 2, 2, 3, 0, 1, 0, 3, 1, 1, 3, 1, 0, 3, 0,
       0, 0, 3, 1, 3, 1, 3, 0, 1, 3, 1, 2, 2, 1, 3, 2, 2, 3, 3, 1, 0, 3,
       1, 0, 1, 1, 2, 3, 3, 2, 1, 1, 1, 2, 2, 1, 1, 0, 3, 3, 3, 0, 0, 2,
       1, 0, 2, 3, 3, 2, 2, 0, 2, 3, 1, 3, 1, 3, 3, 0, 3, 3, 2, 3, 2, 1,
       2, 1, 3, 0, 2, 0, 3, 1, 0, 1, 3, 2, 3, 0, 2, 1, 2, 0, 2, 3, 2, 1,
       0, 1, 2, 3, 0, 0, 0, 1, 2, 2], dtype=object)]
[65, array([-20., -10., -10.,   0.]), array([1, 3, 0, 2, 0, 2, 2, 2, 2, 2, 3, 0, 1, 0, 3, 1, 1, 3, 1, 0, 3, 0,
       0, 0, 3, 1, 3, 0, 3, 1, 1, 3, 1, 2, 2, 1, 3, 2, 2, 3, 3, 1, 0, 3,
       1, 0, 1, 1, 2, 3, 3, 0, 1, 1, 1, 2, 3, 1, 1, 0, 3, 3, 3, 0, 0, 2,
       1, 0, 2, 3, 3, 2, 2, 0, 2, 3, 1, 3, 1, 3, 3, 0, 3, 3, 0, 3, 3, 1,
       2, 1, 3, 3, 2, 0, 3, 2, 0, 1, 2, 2, 3, 0, 2, 3, 1, 2, 2, 3, 2, 0,
       0, 1, 2, 3, 2, 0, 0, 1, 2, 3], dtype=object)]
[65, array([-20., -10., -10.,   0.]), array([1, 3, 0, 2, 0, 2, 2, 2, 2, 2, 3, 0, 1, 0, 3, 1, 1, 3, 1, 0, 3, 0,
       0, 0, 3, 1, 3, 0, 3, 1, 1, 3, 1, 2, 2, 1, 3, 2, 2, 3, 3, 1, 0, 3,
       1, 0, 1, 1, 2, 3, 3, 0, 1, 1, 1, 2, 3, 1, 1, 0, 3, 3, 3, 0, 0, 2,
       1, 0, 2, 3, 3, 2, 2, 0, 2, 3, 1, 3, 1, 3, 3, 0, 3, 3, 0, 3, 3, 1,
       2, 1, 3, 3, 2, 0, 3, 2, 0, 1, 2, 2, 3, 0, 2, 3, 1, 2, 2, 3, 2, 0,
       0, 1, 2, 3, 2, 0, 0, 1, 2, 3], dtype=object)]
[65, array([-20., -10., -10.,   0.]), array([1, 3, 0, 2, 0, 2, 2, 2, 2, 2, 3, 0, 1, 0, 3, 1, 1, 3, 1, 0, 3, 0,
       0, 0, 3, 1, 3, 0, 3, 1, 1, 3, 1, 2, 2, 1, 3, 2, 2, 3, 3, 1, 0, 3,
       1, 0, 1, 1, 2, 3, 3, 0, 1, 1, 1, 2, 3, 1, 1, 0, 3, 3, 3, 0, 0, 2,
       1, 0, 2, 3, 3, 2, 2, 0, 2, 3, 1, 3, 1, 3, 3, 0, 3, 3, 0, 3, 3, 1,
       2, 1, 3, 3, 2, 0, 3, 2, 0, 1, 2, 2, 3, 0, 2, 3, 1, 2, 2, 3, 2, 0,
       0, 1, 2, 3, 2, 0, 0, 1, 2, 3], dtype=object)]
[65, array([-20., -10., -10.,   0.]), array([1, 3, 0, 2, 0, 2, 2, 2, 2, 2, 3, 0, 1, 0, 3, 1, 1, 3, 1, 0, 3, 0,
       0, 0, 3, 1, 3, 0, 3, 1, 1, 3, 1, 2, 2, 1, 3, 2, 2, 3, 3, 1, 0, 3,
       1, 0, 1, 1, 2, 3, 3, 0, 1, 1, 1, 2, 3, 1, 1, 0, 3, 3, 3, 0, 0, 2,
       1, 0, 2, 3, 3, 2, 2, 0, 2, 3, 1, 3, 1, 3, 3, 0, 3, 3, 0, 3, 3, 1,
       2, 1, 3, 3, 2, 0, 3, 2, 0, 1, 2, 2, 3, 0, 2, 3, 1, 2, 2, 3, 2, 0,
       0, 1, 2, 3, 2, 0, 0, 1, 2, 3], dtype=object)]
[66, array([-20., -10., -10.,   0.]), array([1, 1, 0, 2, 0, 2, 2, 2, 2, 2, 3, 0, 1, 0, 3, 1, 1, 3, 1, 0, 3, 0,
       0, 0, 3, 1, 3, 0, 3, 1, 1, 3, 1, 2, 2, 1, 3, 2, 2, 3, 3, 1, 0, 3,
       1, 0, 1, 1, 2, 3, 3, 0, 1, 1, 1, 2, 3, 1, 1, 0, 3, 3, 3, 0, 0, 2,
       1, 0, 2, 3, 3, 2, 2, 0, 2, 3, 1, 3, 1, 3, 3, 0, 3, 3, 0, 3, 3, 1,
       2, 1, 3, 3, 2, 0, 3, 2, 0, 1, 2, 2, 3, 0, 2, 3, 1, 2, 2, 3, 2, 0,
       0, 1, 2, 3, 2, 0, 0, 1, 2, 3], dtype=object)]
[66, array([-20., -10., -10.,   0.]), array([1, 1, 0, 2, 0, 2, 2, 2, 2, 2, 3, 0, 1, 0, 3, 1, 1, 3, 1, 0, 3, 0,
       0, 0, 3, 1, 3, 0, 3, 1, 1, 3, 1, 2, 2, 1, 3, 2, 2, 3, 3, 1, 0, 3,
       1, 0, 1, 1, 2, 3, 3, 0, 1, 1, 1, 2, 3, 1, 1, 0, 3, 3, 3, 0, 0, 2,
       1, 0, 2, 3, 3, 2, 2, 0, 2, 3, 1, 3, 1, 3, 3, 0, 3, 3, 0, 3, 3, 1,
       2, 1, 3, 3, 2, 0, 3, 2, 0, 1, 2, 2, 3, 0, 2, 3, 1, 2, 2, 3, 2, 0,
       0, 1, 2, 3, 2, 0, 0, 1, 2, 3], dtype=object)]
[66, array([-20., -10., -10.,   0.]), array([1, 1, 0, 2, 0, 2, 2, 2, 2, 2, 3, 0, 1, 0, 3, 1, 1, 3, 1, 0, 3, 0,
       0, 0, 3, 1, 3, 0, 3, 1, 1, 3, 1, 2, 2, 1, 3, 2, 2, 3, 3, 1, 0, 3,
       1, 0, 1, 1, 2, 3, 3, 0, 1, 1, 1, 2, 3, 1, 1, 0, 3, 3, 3, 0, 0, 2,
       1, 0, 2, 3, 3, 2, 2, 0, 2, 3, 1, 3, 1, 3, 3, 0, 3, 3, 0, 3, 3, 1,
       2, 1, 3, 3, 2, 0, 3, 2, 0, 1, 2, 2, 3, 0, 2, 3, 1, 2, 2, 3, 2, 0,
       0, 1, 2, 3, 2, 0, 0, 1, 2, 3], dtype=object)]
[66, array([-20., -10., -10.,   0.]), array([1, 1, 0, 2, 0, 2, 2, 2, 2, 2, 3, 0, 1, 0, 3, 1, 1, 3, 1, 0, 3, 0,
       0, 0, 3, 1, 3, 0, 3, 1, 1, 3, 1, 2, 2, 1, 3, 2, 2, 3, 3, 1, 0, 3,
       1, 0, 1, 1, 2, 3, 3, 0, 1, 1, 1, 2, 3, 1, 1, 0, 3, 3, 3, 0, 0, 2,
       1, 0, 2, 3, 3, 2, 2, 0, 2, 3, 1, 3, 1, 3, 3, 0, 3, 3, 0, 3, 3, 1,
       2, 1, 3, 3, 2, 0, 3, 2, 0, 1, 2, 2, 3, 0, 2, 3, 1, 2, 2, 3, 2, 0,
       0, 1, 2, 3, 2, 0, 0, 1, 2, 3], dtype=object)]
[67, array([-20., -10., -10.,   0.]), array([1, 3, 0, 2, 0, 1, 2, 2, 2, 0, 3, 0, 0, 0, 3, 1, 1, 3, 1, 0, 3, 0,
       0, 0, 3, 1, 3, 1, 3, 0, 1, 3, 1, 2, 2, 1, 3, 2, 2, 3, 3, 1, 0, 3,
       1, 0, 1, 1, 2, 3, 3, 0, 1, 1, 1, 2, 3, 1, 1, 0, 3, 3, 3, 0, 0, 2,
       1, 0, 2, 3, 3, 2, 2, 0, 2, 3, 1, 3, 1, 3, 3, 0, 3, 3, 0, 3, 3, 1,
       2, 1, 3, 3, 2, 0, 3, 2, 0, 1, 2, 2, 3, 0, 2, 3, 1, 2, 2, 3, 2, 0,
       0, 1, 2, 3, 2, 0, 0, 1, 1, 2], dtype=object)]
[67, array([-20., -10., -10.,   0.]), array([1, 3, 0, 2, 0, 1, 2, 2, 2, 0, 3, 0, 0, 0, 3, 1, 1, 3, 1, 0, 3, 0,
       0, 0, 3, 1, 3, 1, 3, 0, 1, 3, 1, 2, 2, 1, 3, 2, 2, 3, 3, 1, 0, 3,
       1, 0, 1, 1, 2, 3, 3, 0, 1, 1, 1, 2, 3, 1, 1, 0, 3, 3, 3, 0, 0, 2,
       1, 0, 2, 3, 3, 2, 2, 0, 2, 3, 1, 3, 1, 3, 3, 0, 3, 3, 0, 3, 3, 1,
       2, 1, 3, 3, 2, 0, 3, 2, 0, 1, 2, 2, 3, 0, 2, 3, 1, 2, 2, 3, 2, 0,
       0, 1, 2, 3, 2, 0, 0, 1, 1, 2], dtype=object)]
[67, array([-20., -10., -10.,   0.]), array([1, 3, 0, 2, 0, 1, 2, 2, 2, 0, 3, 0, 0, 0, 3, 1, 1, 3, 1, 0, 3, 0,
       0, 0, 3, 1, 3, 1, 3, 0, 1, 3, 1, 2, 2, 1, 3, 2, 2, 3, 3, 1, 0, 3,
       1, 0, 1, 1, 2, 3, 3, 0, 1, 1, 1, 2, 3, 1, 1, 0, 3, 3, 3, 0, 0, 2,
       1, 0, 2, 3, 3, 2, 2, 0, 2, 3, 1, 3, 1, 3, 3, 0, 3, 3, 0, 3, 3, 1,
       2, 1, 3, 3, 2, 0, 3, 2, 0, 1, 2, 2, 3, 0, 2, 3, 1, 2, 2, 3, 2, 0,
       0, 1, 2, 3, 2, 0, 0, 1, 1, 2], dtype=object)]
[67, array([-20., -10., -10.,   0.]), array([1, 3, 0, 2, 0, 1, 2, 2, 2, 0, 3, 0, 0, 0, 3, 1, 1, 3, 1, 0, 3, 0,
       0, 0, 3, 1, 3, 1, 3, 0, 1, 3, 1, 2, 2, 1, 3, 2, 2, 3, 3, 1, 0, 3,
       1, 0, 1, 1, 2, 3, 3, 0, 1, 1, 1, 2, 3, 1, 1, 0, 3, 3, 3, 0, 0, 2,
       1, 0, 2, 3, 3, 2, 2, 0, 2, 3, 1, 3, 1, 3, 3, 0, 3, 3, 0, 3, 3, 1,
       2, 1, 3, 3, 2, 0, 3, 2, 0, 1, 2, 2, 3, 0, 2, 3, 1, 2, 2, 3, 2, 0,
       0, 1, 2, 3, 2, 0, 0, 1, 1, 2], dtype=object)]
[68, array([-20., -10., -10.,   0.]), array([1, 3, 0, 0, 3, 0, 2, 2, 2, 2, 3, 0, 1, 0, 3, 1, 1, 3, 1, 0, 3, 0,
       0, 0, 3, 1, 3, 1, 3, 0, 1, 3, 1, 2, 2, 1, 3, 3, 2, 3, 3, 1, 0, 3,
       1, 0, 1, 1, 2, 0, 3, 2, 1, 1, 2, 2, 1, 1, 1, 3, 2, 3, 2, 0, 0, 2,
       1, 1, 2, 3, 1, 2, 2, 2, 2, 3, 1, 3, 1, 3, 0, 0, 3, 3, 0, 3, 2, 1,
       2, 1, 3, 0, 3, 0, 3, 2, 0, 1, 2, 2, 3, 0, 2, 3, 1, 2, 2, 3, 2, 0,
       0, 1, 2, 3, 2, 0, 0, 1, 2, 3], dtype=object)]
[68, array([-20., -10., -10.,   0.]), array([1, 3, 0, 0, 3, 0, 2, 2, 2, 2, 3, 0, 1, 0, 3, 1, 1, 3, 1, 0, 3, 0,
       0, 0, 3, 1, 3, 1, 3, 0, 1, 3, 1, 2, 2, 1, 3, 3, 2, 3, 3, 1, 0, 3,
       1, 0, 1, 1, 2, 0, 3, 2, 1, 1, 2, 2, 1, 1, 1, 3, 2, 3, 2, 0, 0, 2,
       1, 1, 2, 3, 1, 2, 2, 2, 2, 3, 1, 3, 1, 3, 0, 0, 3, 3, 0, 3, 2, 1,
       2, 1, 3, 0, 3, 0, 3, 2, 0, 1, 2, 2, 3, 0, 2, 3, 1, 2, 2, 3, 2, 0,
       0, 1, 2, 3, 2, 0, 0, 1, 2, 3], dtype=object)]
[68, array([-20., -10., -10.,   0.]), array([1, 3, 0, 0, 3, 0, 2, 2, 2, 2, 3, 0, 1, 0, 3, 1, 1, 3, 1, 0, 3, 0,
       0, 0, 3, 1, 3, 1, 3, 0, 1, 3, 1, 2, 2, 1, 3, 3, 2, 3, 3, 1, 0, 3,
       1, 0, 1, 1, 2, 0, 3, 2, 1, 1, 2, 2, 1, 1, 1, 3, 2, 3, 2, 0, 0, 2,
       1, 1, 2, 3, 1, 2, 2, 2, 2, 3, 1, 3, 1, 3, 0, 0, 3, 3, 0, 3, 2, 1,
       2, 1, 3, 0, 3, 0, 3, 2, 0, 1, 2, 2, 3, 0, 2, 3, 1, 2, 2, 3, 2, 0,
       0, 1, 2, 3, 2, 0, 0, 1, 2, 3], dtype=object)]
[68, array([-20., -10., -10.,   0.]), array([1, 3, 0, 0, 3, 0, 2, 2, 2, 2, 3, 0, 1, 0, 3, 1, 1, 3, 1, 0, 3, 0,
       0, 0, 3, 1, 3, 1, 3, 0, 1, 3, 1, 2, 2, 1, 3, 3, 2, 3, 3, 1, 0, 3,
       1, 0, 1, 1, 2, 0, 3, 2, 1, 1, 2, 2, 1, 1, 1, 3, 2, 3, 2, 0, 0, 2,
       1, 1, 2, 3, 1, 2, 2, 2, 2, 3, 1, 3, 1, 3, 0, 0, 3, 3, 0, 3, 2, 1,
       2, 1, 3, 0, 3, 0, 3, 2, 0, 1, 2, 2, 3, 0, 2, 3, 1, 2, 2, 3, 2, 0,
       0, 1, 2, 3, 2, 0, 0, 1, 2, 3], dtype=object)]
[69, array([-20., -10., -10.,   0.]), array([3, 3, 0, 2, 0, 2, 2, 2, 2, 0, 3, 0, 0, 0, 3, 1, 1, 3, 1, 0, 3, 0,
       0, 0, 3, 1, 3, 1, 3, 0, 1, 3, 1, 2, 2, 1, 3, 2, 2, 3, 3, 1, 0, 3,
       1, 0, 1, 2, 2, 3, 3, 2, 1, 1, 1, 2, 2, 1, 1, 0, 3, 3, 3, 0, 0, 2,
       1, 0, 2, 3, 3, 2, 2, 0, 2, 3, 1, 3, 1, 3, 3, 0, 3, 3, 2, 3, 2, 1,
       2, 1, 3, 0, 2, 0, 3, 2, 0, 1, 2, 2, 3, 0, 2, 3, 1, 2, 2, 3, 2, 0,
       0, 1, 2, 3, 2, 0, 0, 1, 2, 3], dtype=object)]
[69, array([-20., -10., -10.,   0.]), array([3, 3, 0, 2, 0, 2, 2, 2, 2, 0, 3, 0, 0, 0, 3, 1, 1, 3, 1, 0, 3, 0,
       0, 0, 3, 1, 3, 1, 3, 0, 1, 3, 1, 2, 2, 1, 3, 2, 2, 3, 3, 1, 0, 3,
       1, 0, 1, 2, 2, 3, 3, 2, 1, 1, 1, 2, 2, 1, 1, 0, 3, 3, 3, 0, 0, 2,
       1, 0, 2, 3, 3, 2, 2, 0, 2, 3, 1, 3, 1, 3, 3, 0, 3, 3, 2, 3, 2, 1,
       2, 1, 3, 0, 2, 0, 3, 2, 0, 1, 2, 2, 3, 0, 2, 3, 1, 2, 2, 3, 2, 0,
       0, 1, 2, 3, 2, 0, 0, 1, 2, 3], dtype=object)]
[69, array([-20., -10., -10.,   0.]), array([3, 3, 0, 2, 0, 2, 2, 2, 2, 0, 3, 0, 0, 0, 3, 1, 1, 3, 1, 0, 3, 0,
       0, 0, 3, 1, 3, 1, 3, 0, 1, 3, 1, 2, 2, 1, 3, 2, 2, 3, 3, 1, 0, 3,
       1, 0, 1, 2, 2, 3, 3, 2, 1, 1, 1, 2, 2, 1, 1, 0, 3, 3, 3, 0, 0, 2,
       1, 0, 2, 3, 3, 2, 2, 0, 2, 3, 1, 3, 1, 3, 3, 0, 3, 3, 2, 3, 2, 1,
       2, 1, 3, 0, 2, 0, 3, 2, 0, 1, 2, 2, 3, 0, 2, 3, 1, 2, 2, 3, 2, 0,
       0, 1, 2, 3, 2, 0, 0, 1, 2, 3], dtype=object)]
[69, array([-20., -10., -10.,   0.]), array([3, 3, 0, 2, 0, 2, 2, 2, 2, 0, 3, 0, 0, 0, 3, 1, 1, 3, 1, 0, 3, 0,
       0, 0, 3, 1, 3, 1, 3, 0, 1, 3, 1, 2, 2, 1, 3, 2, 2, 3, 3, 1, 0, 3,
       1, 0, 1, 2, 2, 3, 3, 2, 1, 1, 1, 2, 2, 1, 1, 0, 3, 3, 3, 0, 0, 2,
       1, 0, 2, 3, 3, 2, 2, 0, 2, 3, 1, 3, 1, 3, 3, 0, 3, 3, 2, 3, 2, 1,
       2, 1, 3, 0, 2, 0, 3, 2, 0, 1, 2, 2, 3, 0, 2, 3, 1, 2, 2, 3, 2, 0,
       0, 1, 2, 3, 2, 0, 0, 1, 2, 3], dtype=object)]
[70, array([-20., -10., -10.,   0.]), array([3, 3, 0, 2, 0, 2, 2, 2, 3, 0, 3, 2, 0, 0, 3, 1, 1, 3, 1, 0, 3, 0,
       0, 0, 3, 1, 3, 1, 3, 0, 1, 3, 1, 2, 2, 1, 3, 2, 2, 3, 3, 1, 0, 3,
       1, 0, 1, 2, 2, 3, 3, 2, 1, 1, 1, 2, 2, 1, 1, 0, 3, 3, 3, 0, 0, 2,
       1, 0, 2, 3, 3, 2, 2, 0, 2, 3, 1, 3, 1, 3, 3, 0, 3, 3, 2, 3, 2, 1,
       2, 1, 3, 0, 2, 0, 3, 2, 0, 1, 2, 2, 3, 0, 2, 3, 2, 0, 2, 3, 2, 2,
       0, 1, 2, 3, 0, 0, 0, 1, 1, 2], dtype=object)]
[70, array([-20., -10., -10.,   0.]), array([3, 3, 0, 2, 0, 2, 2, 2, 3, 0, 3, 2, 0, 0, 3, 1, 1, 3, 1, 0, 3, 0,
       0, 0, 3, 1, 3, 1, 3, 0, 1, 3, 1, 2, 2, 1, 3, 2, 2, 3, 3, 1, 0, 3,
       1, 0, 1, 2, 2, 3, 3, 2, 1, 1, 1, 2, 2, 1, 1, 0, 3, 3, 3, 0, 0, 2,
       1, 0, 2, 3, 3, 2, 2, 0, 2, 3, 1, 3, 1, 3, 3, 0, 3, 3, 2, 3, 2, 1,
       2, 1, 3, 0, 2, 0, 3, 2, 0, 1, 2, 2, 3, 0, 2, 3, 2, 0, 2, 3, 2, 2,
       0, 1, 2, 3, 0, 0, 0, 1, 1, 2], dtype=object)]
[70, array([-20., -10., -10.,   0.]), array([3, 3, 0, 2, 0, 2, 2, 2, 3, 0, 3, 2, 0, 0, 3, 1, 1, 3, 1, 0, 3, 0,
       0, 0, 3, 1, 3, 1, 3, 0, 1, 3, 1, 2, 2, 1, 3, 2, 2, 3, 3, 1, 0, 3,
       1, 0, 1, 2, 2, 3, 3, 2, 1, 1, 1, 2, 2, 1, 1, 0, 3, 3, 3, 0, 0, 2,
       1, 0, 2, 3, 3, 2, 2, 0, 2, 3, 1, 3, 1, 3, 3, 0, 3, 3, 2, 3, 2, 1,
       2, 1, 3, 0, 2, 0, 3, 2, 0, 1, 2, 2, 3, 0, 2, 3, 2, 0, 2, 3, 2, 2,
       0, 1, 2, 3, 0, 0, 0, 1, 1, 2], dtype=object)]
[70, array([-20., -10., -10.,   0.]), array([3, 3, 0, 2, 0, 2, 2, 2, 3, 0, 3, 2, 0, 0, 3, 1, 1, 3, 1, 0, 3, 0,
       0, 0, 3, 1, 3, 1, 3, 0, 1, 3, 1, 2, 2, 1, 3, 2, 2, 3, 3, 1, 0, 3,
       1, 0, 1, 2, 2, 3, 3, 2, 1, 1, 1, 2, 2, 1, 1, 0, 3, 3, 3, 0, 0, 2,
       1, 0, 2, 3, 3, 2, 2, 0, 2, 3, 1, 3, 1, 3, 3, 0, 3, 3, 2, 3, 2, 1,
       2, 1, 3, 0, 2, 0, 3, 2, 0, 1, 2, 2, 3, 0, 2, 3, 2, 0, 2, 3, 2, 2,
       0, 1, 2, 3, 0, 0, 0, 1, 1, 2], dtype=object)]
[71, array([-20., -10., -10.,   0.]), array([3, 3, 0, 2, 0, 2, 2, 2, 2, 0, 3, 0, 0, 0, 3, 1, 1, 3, 1, 0, 3, 0,
       0, 0, 3, 1, 3, 1, 3, 0, 1, 3, 1, 2, 2, 1, 3, 2, 2, 3, 3, 1, 0, 3,
       1, 0, 1, 1, 2, 3, 3, 2, 1, 1, 1, 2, 2, 1, 1, 0, 2, 3, 3, 0, 0, 2,
       1, 1, 2, 3, 1, 2, 2, 2, 2, 3, 1, 3, 1, 3, 2, 0, 3, 3, 0, 3, 2, 1,
       2, 1, 3, 0, 3, 0, 3, 2, 0, 1, 0, 2, 3, 0, 2, 3, 2, 0, 2, 3, 2, 2,
       0, 1, 2, 3, 0, 0, 0, 1, 1, 2], dtype=object)]
[71, array([-20., -10., -10.,   0.]), array([3, 3, 0, 2, 0, 2, 2, 2, 2, 0, 3, 0, 0, 0, 3, 1, 1, 3, 1, 0, 3, 0,
       0, 0, 3, 1, 3, 1, 3, 0, 1, 3, 1, 2, 2, 1, 3, 2, 2, 3, 3, 1, 0, 3,
       1, 0, 1, 1, 2, 3, 3, 2, 1, 1, 1, 2, 2, 1, 1, 0, 2, 3, 3, 0, 0, 2,
       1, 1, 2, 3, 1, 2, 2, 2, 2, 3, 1, 3, 1, 3, 2, 0, 3, 3, 0, 3, 2, 1,
       2, 1, 3, 0, 3, 0, 3, 2, 0, 1, 0, 2, 3, 0, 2, 3, 2, 0, 2, 3, 2, 2,
       0, 1, 2, 3, 0, 0, 0, 1, 1, 2], dtype=object)]
[71, array([-20., -10., -10.,   0.]), array([3, 3, 0, 2, 0, 2, 2, 2, 2, 0, 3, 0, 0, 0, 3, 1, 1, 3, 1, 0, 3, 0,
       0, 0, 3, 1, 3, 1, 3, 0, 1, 3, 1, 2, 2, 1, 3, 2, 2, 3, 3, 1, 0, 3,
       1, 0, 1, 1, 2, 3, 3, 2, 1, 1, 1, 2, 2, 1, 1, 0, 2, 3, 3, 0, 0, 2,
       1, 1, 2, 3, 1, 2, 2, 2, 2, 3, 1, 3, 1, 3, 2, 0, 3, 3, 0, 3, 2, 1,
       2, 1, 3, 0, 3, 0, 3, 2, 0, 1, 0, 2, 3, 0, 2, 3, 2, 0, 2, 3, 2, 2,
       0, 1, 2, 3, 0, 0, 0, 1, 1, 2], dtype=object)]
[71, array([-20., -10., -10.,   0.]), array([3, 3, 0, 2, 0, 2, 2, 2, 2, 0, 3, 0, 0, 0, 3, 1, 1, 3, 1, 0, 3, 0,
       0, 0, 3, 1, 3, 1, 3, 0, 1, 3, 1, 2, 2, 1, 3, 2, 2, 3, 3, 1, 0, 3,
       1, 0, 1, 1, 2, 3, 3, 2, 1, 1, 1, 2, 2, 1, 1, 0, 2, 3, 3, 0, 0, 2,
       1, 1, 2, 3, 1, 2, 2, 2, 2, 3, 1, 3, 1, 3, 2, 0, 3, 3, 0, 3, 2, 1,
       2, 1, 3, 0, 3, 0, 3, 2, 0, 1, 0, 2, 3, 0, 2, 3, 2, 0, 2, 3, 2, 2,
       0, 1, 2, 3, 0, 0, 0, 1, 1, 2], dtype=object)]
[72, array([-20., -10., -10.,   0.]), array([3, 3, 0, 2, 0, 2, 2, 2, 2, 0, 3, 0, 0, 0, 3, 1, 1, 3, 1, 0, 3, 0,
       0, 0, 3, 1, 3, 1, 3, 2, 1, 3, 1, 2, 2, 1, 3, 2, 2, 3, 3, 1, 0, 3,
       1, 0, 1, 1, 2, 3, 3, 2, 1, 1, 1, 2, 2, 1, 1, 0, 2, 3, 3, 0, 0, 2,
       1, 1, 2, 3, 1, 2, 2, 2, 2, 3, 1, 3, 1, 3, 2, 0, 3, 3, 0, 3, 2, 1,
       2, 1, 3, 0, 3, 0, 3, 2, 0, 1, 0, 2, 3, 0, 2, 3, 2, 0, 2, 3, 2, 2,
       0, 1, 2, 3, 0, 0, 0, 1, 1, 2], dtype=object)]
[72, array([-20., -10., -10.,   0.]), array([3, 3, 0, 2, 0, 2, 2, 2, 2, 0, 3, 0, 0, 0, 3, 1, 1, 3, 1, 0, 3, 0,
       0, 0, 3, 1, 3, 1, 3, 2, 1, 3, 1, 2, 2, 1, 3, 2, 2, 3, 3, 1, 0, 3,
       1, 0, 1, 1, 2, 3, 3, 2, 1, 1, 1, 2, 2, 1, 1, 0, 2, 3, 3, 0, 0, 2,
       1, 1, 2, 3, 1, 2, 2, 2, 2, 3, 1, 3, 1, 3, 2, 0, 3, 3, 0, 3, 2, 1,
       2, 1, 3, 0, 3, 0, 3, 2, 0, 1, 0, 2, 3, 0, 2, 3, 2, 0, 2, 3, 2, 2,
       0, 1, 2, 3, 0, 0, 0, 1, 1, 2], dtype=object)]
[72, array([-20., -10., -10.,   0.]), array([3, 3, 0, 2, 0, 2, 2, 2, 2, 0, 3, 0, 0, 0, 3, 1, 1, 3, 1, 0, 3, 0,
       0, 0, 3, 1, 3, 1, 3, 2, 1, 3, 1, 2, 2, 1, 3, 2, 2, 3, 3, 1, 0, 3,
       1, 0, 1, 1, 2, 3, 3, 2, 1, 1, 1, 2, 2, 1, 1, 0, 2, 3, 3, 0, 0, 2,
       1, 1, 2, 3, 1, 2, 2, 2, 2, 3, 1, 3, 1, 3, 2, 0, 3, 3, 0, 3, 2, 1,
       2, 1, 3, 0, 3, 0, 3, 2, 0, 1, 0, 2, 3, 0, 2, 3, 2, 0, 2, 3, 2, 2,
       0, 1, 2, 3, 0, 0, 0, 1, 1, 2], dtype=object)]
[72, array([-20., -10., -10.,   0.]), array([3, 3, 0, 2, 0, 2, 2, 2, 2, 0, 3, 0, 0, 0, 3, 1, 1, 3, 1, 0, 3, 0,
       0, 0, 3, 1, 3, 1, 3, 2, 1, 3, 1, 2, 2, 1, 3, 2, 2, 3, 3, 1, 0, 3,
       1, 0, 1, 1, 2, 3, 3, 2, 1, 1, 1, 2, 2, 1, 1, 0, 2, 3, 3, 0, 0, 2,
       1, 1, 2, 3, 1, 2, 2, 2, 2, 3, 1, 3, 1, 3, 2, 0, 3, 3, 0, 3, 2, 1,
       2, 1, 3, 0, 3, 0, 3, 2, 0, 1, 0, 2, 3, 0, 2, 3, 2, 0, 2, 3, 2, 2,
       0, 1, 2, 3, 0, 0, 0, 1, 1, 2], dtype=object)]
[73, array([-20., -10., -10.,   0.]), array([1, 3, 0, 2, 3, 2, 2, 2, 1, 2, 3, 0, 1, 0, 3, 1, 1, 2, 1, 0, 3, 0,
       0, 0, 3, 1, 3, 1, 3, 0, 1, 3, 1, 2, 2, 1, 3, 2, 2, 3, 3, 1, 0, 3,
       1, 0, 1, 1, 2, 3, 3, 0, 1, 1, 3, 2, 3, 1, 1, 0, 3, 3, 3, 0, 0, 2,
       1, 0, 2, 3, 3, 2, 2, 0, 2, 3, 1, 3, 1, 3, 3, 0, 3, 3, 0, 3, 3, 1,
       2, 1, 3, 3, 2, 0, 3, 2, 0, 1, 2, 2, 3, 0, 2, 1, 1, 2, 0, 3, 2, 0,
       0, 1, 2, 3, 2, 0, 0, 1, 2, 3], dtype=object)]
[73, array([-20., -10., -10.,   0.]), array([1, 3, 0, 2, 3, 2, 2, 2, 1, 2, 3, 0, 1, 0, 3, 1, 1, 2, 1, 0, 3, 0,
       0, 0, 3, 1, 3, 1, 3, 0, 1, 3, 1, 2, 2, 1, 3, 2, 2, 3, 3, 1, 0, 3,
       1, 0, 1, 1, 2, 3, 3, 0, 1, 1, 3, 2, 3, 1, 1, 0, 3, 3, 3, 0, 0, 2,
       1, 0, 2, 3, 3, 2, 2, 0, 2, 3, 1, 3, 1, 3, 3, 0, 3, 3, 0, 3, 3, 1,
       2, 1, 3, 3, 2, 0, 3, 2, 0, 1, 2, 2, 3, 0, 2, 1, 1, 2, 0, 3, 2, 0,
       0, 1, 2, 3, 2, 0, 0, 1, 2, 3], dtype=object)]
[73, array([-20., -10., -10.,   0.]), array([1, 3, 0, 2, 3, 2, 2, 2, 1, 2, 3, 0, 1, 0, 3, 1, 1, 2, 1, 0, 3, 0,
       0, 0, 3, 1, 3, 1, 3, 0, 1, 3, 1, 2, 2, 1, 3, 2, 2, 3, 3, 1, 0, 3,
       1, 0, 1, 1, 2, 3, 3, 0, 1, 1, 3, 2, 3, 1, 1, 0, 3, 3, 3, 0, 0, 2,
       1, 0, 2, 3, 3, 2, 2, 0, 2, 3, 1, 3, 1, 3, 3, 0, 3, 3, 0, 3, 3, 1,
       2, 1, 3, 3, 2, 0, 3, 2, 0, 1, 2, 2, 3, 0, 2, 1, 1, 2, 0, 3, 2, 0,
       0, 1, 2, 3, 2, 0, 0, 1, 2, 3], dtype=object)]
[73, array([-20., -10., -10.,   0.]), array([1, 3, 0, 2, 3, 2, 2, 2, 1, 2, 3, 0, 1, 0, 3, 1, 1, 2, 1, 0, 3, 0,
       0, 0, 3, 1, 3, 1, 3, 0, 1, 3, 1, 2, 2, 1, 3, 2, 2, 3, 3, 1, 0, 3,
       1, 0, 1, 1, 2, 3, 3, 0, 1, 1, 3, 2, 3, 1, 1, 0, 3, 3, 3, 0, 0, 2,
       1, 0, 2, 3, 3, 2, 2, 0, 2, 3, 1, 3, 1, 3, 3, 0, 3, 3, 0, 3, 3, 1,
       2, 1, 3, 3, 2, 0, 3, 2, 0, 1, 2, 2, 3, 0, 2, 1, 1, 2, 0, 3, 2, 0,
       0, 1, 2, 3, 2, 0, 0, 1, 2, 3], dtype=object)]
[74, array([-20., -10., -10.,   0.]), array([1, 3, 0, 2, 3, 2, 2, 2, 1, 2, 3, 0, 1, 0, 3, 1, 1, 2, 1, 0, 3, 0,
       0, 0, 3, 1, 3, 1, 3, 0, 1, 3, 1, 2, 2, 1, 3, 2, 2, 3, 3, 1, 0, 3,
       1, 0, 1, 1, 2, 3, 3, 0, 1, 1, 3, 2, 3, 1, 1, 0, 3, 3, 3, 0, 0, 2,
       1, 0, 2, 3, 3, 2, 2, 0, 2, 3, 1, 3, 1, 3, 3, 0, 3, 3, 0, 3, 3, 1,
       2, 1, 3, 3, 2, 0, 3, 2, 0, 1, 2, 2, 3, 0, 2, 1, 1, 2, 0, 3, 2, 0,
       0, 1, 2, 3, 2, 0, 0, 1, 2, 3], dtype=object)]
[74, array([-20., -10., -10.,   0.]), array([1, 3, 0, 2, 3, 2, 2, 2, 1, 2, 3, 0, 1, 0, 3, 1, 1, 2, 1, 0, 3, 0,
       0, 0, 3, 1, 3, 1, 3, 0, 1, 3, 1, 2, 2, 1, 3, 2, 2, 3, 3, 1, 0, 3,
       1, 0, 1, 1, 2, 3, 3, 0, 1, 1, 3, 2, 3, 1, 1, 0, 3, 3, 3, 0, 0, 2,
       1, 0, 2, 3, 3, 2, 2, 0, 2, 3, 1, 3, 1, 3, 3, 0, 3, 3, 0, 3, 3, 1,
       2, 1, 3, 3, 2, 0, 3, 2, 0, 1, 2, 2, 3, 0, 2, 1, 1, 2, 0, 3, 2, 0,
       0, 1, 2, 3, 2, 0, 0, 1, 2, 3], dtype=object)]
[74, array([-20., -10., -10.,   0.]), array([1, 3, 0, 2, 3, 2, 2, 2, 1, 2, 3, 0, 1, 0, 3, 1, 1, 2, 1, 0, 3, 0,
       0, 0, 3, 1, 3, 1, 3, 0, 1, 3, 1, 2, 2, 1, 3, 2, 2, 3, 3, 1, 0, 3,
       1, 0, 1, 1, 2, 3, 3, 0, 1, 1, 3, 2, 3, 1, 1, 0, 3, 3, 3, 0, 0, 2,
       1, 0, 2, 3, 3, 2, 2, 0, 2, 3, 1, 3, 1, 3, 3, 0, 3, 3, 0, 3, 3, 1,
       2, 1, 3, 3, 2, 0, 3, 2, 0, 1, 2, 2, 3, 0, 2, 1, 1, 2, 0, 3, 2, 0,
       0, 1, 2, 3, 2, 0, 0, 1, 2, 3], dtype=object)]
[74, array([-20., -10., -10.,   0.]), array([1, 3, 0, 2, 3, 2, 2, 2, 1, 2, 3, 0, 1, 0, 3, 1, 1, 2, 1, 0, 3, 0,
       0, 0, 3, 1, 3, 1, 3, 0, 1, 3, 1, 2, 2, 1, 3, 2, 2, 3, 3, 1, 0, 3,
       1, 0, 1, 1, 2, 3, 3, 0, 1, 1, 3, 2, 3, 1, 1, 0, 3, 3, 3, 0, 0, 2,
       1, 0, 2, 3, 3, 2, 2, 0, 2, 3, 1, 3, 1, 3, 3, 0, 3, 3, 0, 3, 3, 1,
       2, 1, 3, 3, 2, 0, 3, 2, 0, 1, 2, 2, 3, 0, 2, 1, 1, 2, 0, 3, 2, 0,
       0, 1, 2, 3, 2, 0, 0, 1, 2, 3], dtype=object)]
[75, array([-20., -10., -10.,   0.]), array([1, 3, 0, 2, 3, 2, 2, 2, 1, 2, 3, 0, 1, 0, 3, 1, 1, 2, 1, 0, 3, 0,
       0, 0, 3, 1, 3, 1, 3, 0, 2, 3, 1, 2, 2, 1, 3, 2, 2, 3, 3, 1, 0, 3,
       1, 0, 1, 1, 3, 3, 3, 2, 1, 1, 1, 2, 2, 1, 1, 0, 3, 3, 3, 0, 0, 2,
       1, 1, 2, 3, 1, 2, 2, 0, 2, 3, 1, 3, 1, 3, 3, 0, 3, 3, 2, 1, 2, 1,
       2, 1, 3, 0, 3, 3, 3, 1, 0, 1, 2, 2, 3, 0, 2, 3, 2, 0, 2, 3, 2, 2,
       0, 1, 2, 3, 0, 0, 0, 1, 1, 2], dtype=object)]
[75, array([-20., -10., -10.,   0.]), array([1, 3, 0, 2, 3, 2, 2, 2, 1, 2, 3, 0, 1, 0, 3, 1, 1, 2, 1, 0, 3, 0,
       0, 0, 3, 1, 3, 1, 3, 0, 2, 3, 1, 2, 2, 1, 3, 2, 2, 3, 3, 1, 0, 3,
       1, 0, 1, 1, 3, 3, 3, 2, 1, 1, 1, 2, 2, 1, 1, 0, 3, 3, 3, 0, 0, 2,
       1, 1, 2, 3, 1, 2, 2, 0, 2, 3, 1, 3, 1, 3, 3, 0, 3, 3, 2, 1, 2, 1,
       2, 1, 3, 0, 3, 3, 3, 1, 0, 1, 2, 2, 3, 0, 2, 3, 2, 0, 2, 3, 2, 2,
       0, 1, 2, 3, 0, 0, 0, 1, 1, 2], dtype=object)]
[75, array([-20., -10., -10.,   0.]), array([1, 3, 0, 2, 3, 2, 2, 2, 1, 2, 3, 0, 1, 0, 3, 1, 1, 2, 1, 0, 3, 0,
       0, 0, 3, 1, 3, 1, 3, 0, 2, 3, 1, 2, 2, 1, 3, 2, 2, 3, 3, 1, 0, 3,
       1, 0, 1, 1, 3, 3, 3, 2, 1, 1, 1, 2, 2, 1, 1, 0, 3, 3, 3, 0, 0, 2,
       1, 1, 2, 3, 1, 2, 2, 0, 2, 3, 1, 3, 1, 3, 3, 0, 3, 3, 2, 1, 2, 1,
       2, 1, 3, 0, 3, 3, 3, 1, 0, 1, 2, 2, 3, 0, 2, 3, 2, 0, 2, 3, 2, 2,
       0, 1, 2, 3, 0, 0, 0, 1, 1, 2], dtype=object)]
[75, array([-20., -10., -10.,   0.]), array([1, 3, 0, 2, 3, 2, 2, 2, 1, 2, 3, 0, 1, 0, 3, 1, 1, 2, 1, 0, 3, 0,
       0, 0, 3, 1, 3, 1, 3, 0, 2, 3, 1, 2, 2, 1, 3, 2, 2, 3, 3, 1, 0, 3,
       1, 0, 1, 1, 3, 3, 3, 2, 1, 1, 1, 2, 2, 1, 1, 0, 3, 3, 3, 0, 0, 2,
       1, 1, 2, 3, 1, 2, 2, 0, 2, 3, 1, 3, 1, 3, 3, 0, 3, 3, 2, 1, 2, 1,
       2, 1, 3, 0, 3, 3, 3, 1, 0, 1, 2, 2, 3, 0, 2, 3, 2, 0, 2, 3, 2, 2,
       0, 1, 2, 3, 0, 0, 0, 1, 1, 2], dtype=object)]
[76, array([-20., -10., -10.,   0.]), array([1, 3, 0, 2, 3, 2, 2, 2, 1, 2, 3, 0, 1, 0, 3, 1, 1, 2, 1, 0, 3, 0,
       0, 0, 3, 1, 3, 1, 3, 0, 2, 3, 1, 2, 2, 1, 3, 2, 2, 3, 3, 1, 0, 3,
       1, 0, 1, 1, 3, 3, 3, 2, 1, 1, 1, 2, 2, 1, 1, 0, 3, 3, 3, 0, 0, 2,
       1, 1, 3, 3, 1, 2, 2, 0, 2, 3, 1, 3, 1, 3, 3, 0, 3, 3, 2, 1, 2, 1,
       2, 1, 3, 0, 3, 3, 3, 1, 0, 1, 2, 2, 3, 0, 2, 3, 2, 0, 2, 3, 2, 2,
       0, 1, 2, 3, 0, 0, 0, 1, 1, 2], dtype=object)]
[76, array([-20., -10., -10.,   0.]), array([1, 3, 0, 2, 3, 2, 2, 2, 1, 2, 3, 0, 1, 0, 3, 1, 1, 2, 1, 0, 3, 0,
       0, 0, 3, 1, 3, 1, 3, 0, 2, 3, 1, 2, 2, 1, 3, 2, 2, 3, 3, 1, 0, 3,
       1, 0, 1, 1, 3, 3, 3, 2, 1, 1, 1, 2, 2, 1, 1, 0, 3, 3, 3, 0, 0, 2,
       1, 1, 3, 3, 1, 2, 2, 0, 2, 3, 1, 3, 1, 3, 3, 0, 3, 3, 2, 1, 2, 1,
       2, 1, 3, 0, 3, 3, 3, 1, 0, 1, 2, 2, 3, 0, 2, 3, 2, 0, 2, 3, 2, 2,
       0, 1, 2, 3, 0, 0, 0, 1, 1, 2], dtype=object)]
[76, array([-20., -10., -10.,   0.]), array([1, 3, 0, 2, 3, 2, 2, 2, 1, 2, 3, 0, 1, 0, 3, 1, 1, 2, 1, 0, 3, 0,
       0, 0, 3, 1, 3, 1, 3, 0, 2, 3, 1, 2, 2, 1, 3, 2, 2, 3, 3, 1, 0, 3,
       1, 0, 1, 1, 3, 3, 3, 2, 1, 1, 1, 2, 2, 1, 1, 0, 3, 3, 3, 0, 0, 2,
       1, 1, 3, 3, 1, 2, 2, 0, 2, 3, 1, 3, 1, 3, 3, 0, 3, 3, 2, 1, 2, 1,
       2, 1, 3, 0, 3, 3, 3, 1, 0, 1, 2, 2, 3, 0, 2, 3, 2, 0, 2, 3, 2, 2,
       0, 1, 2, 3, 0, 0, 0, 1, 1, 2], dtype=object)]
[76, array([-20., -10., -10.,   0.]), array([1, 3, 0, 2, 3, 2, 2, 2, 1, 2, 3, 0, 1, 0, 3, 1, 1, 2, 1, 0, 3, 0,
       0, 0, 3, 1, 3, 1, 3, 0, 2, 3, 1, 2, 2, 1, 3, 2, 2, 3, 3, 1, 0, 3,
       1, 0, 1, 1, 3, 3, 3, 2, 1, 1, 1, 2, 2, 1, 1, 0, 3, 3, 3, 0, 0, 2,
       1, 1, 3, 3, 1, 2, 2, 0, 2, 3, 1, 3, 1, 3, 3, 0, 3, 3, 2, 1, 2, 1,
       2, 1, 3, 0, 3, 3, 3, 1, 0, 1, 2, 2, 3, 0, 2, 3, 2, 0, 2, 3, 2, 2,
       0, 1, 2, 3, 0, 0, 0, 1, 1, 2], dtype=object)]
[77, array([-20., -10., -10.,   0.]), array([1, 1, 0, 2, 3, 2, 2, 2, 2, 2, 3, 0, 1, 2, 3, 1, 1, 3, 0, 0, 3, 0,
       0, 0, 3, 1, 3, 1, 3, 0, 1, 3, 1, 3, 2, 1, 3, 2, 2, 3, 3, 1, 0, 3,
       2, 0, 1, 1, 3, 3, 3, 2, 1, 1, 1, 2, 2, 1, 1, 0, 3, 3, 3, 0, 0, 2,
       1, 1, 2, 3, 1, 2, 2, 2, 2, 3, 1, 3, 1, 3, 3, 0, 3, 3, 2, 1, 2, 1,
       2, 1, 3, 0, 3, 0, 3, 2, 0, 1, 2, 2, 3, 0, 2, 3, 1, 2, 2, 3, 2, 1,
       0, 1, 2, 3, 2, 0, 0, 1, 2, 3], dtype=object)]
[77, array([-20., -10., -10.,   0.]), array([1, 1, 0, 2, 3, 2, 2, 2, 2, 2, 3, 0, 1, 2, 3, 1, 1, 3, 0, 0, 3, 0,
       0, 0, 3, 1, 3, 1, 3, 0, 1, 3, 1, 3, 2, 1, 3, 2, 2, 3, 3, 1, 0, 3,
       2, 0, 1, 1, 3, 3, 3, 2, 1, 1, 1, 2, 2, 1, 1, 0, 3, 3, 3, 0, 0, 2,
       1, 1, 2, 3, 1, 2, 2, 2, 2, 3, 1, 3, 1, 3, 3, 0, 3, 3, 2, 1, 2, 1,
       2, 1, 3, 0, 3, 0, 3, 2, 0, 1, 2, 2, 3, 0, 2, 3, 1, 2, 2, 3, 2, 1,
       0, 1, 2, 3, 2, 0, 0, 1, 2, 3], dtype=object)]
[77, array([-20., -10., -10.,   0.]), array([1, 1, 0, 2, 3, 2, 2, 2, 2, 2, 3, 0, 1, 2, 3, 1, 1, 3, 0, 0, 3, 0,
       0, 0, 3, 1, 3, 1, 3, 0, 1, 3, 1, 3, 2, 1, 3, 2, 2, 3, 3, 1, 0, 3,
       2, 0, 1, 1, 3, 3, 3, 2, 1, 1, 1, 2, 2, 1, 1, 0, 3, 3, 3, 0, 0, 2,
       1, 1, 2, 3, 1, 2, 2, 2, 2, 3, 1, 3, 1, 3, 3, 0, 3, 3, 2, 1, 2, 1,
       2, 1, 3, 0, 3, 0, 3, 2, 0, 1, 2, 2, 3, 0, 2, 3, 1, 2, 2, 3, 2, 1,
       0, 1, 2, 3, 2, 0, 0, 1, 2, 3], dtype=object)]
[77, array([-20., -10., -10.,   0.]), array([1, 1, 0, 2, 3, 2, 2, 2, 2, 2, 3, 0, 1, 2, 3, 1, 1, 3, 0, 0, 3, 0,
       0, 0, 3, 1, 3, 1, 3, 0, 1, 3, 1, 3, 2, 1, 3, 2, 2, 3, 3, 1, 0, 3,
       2, 0, 1, 1, 3, 3, 3, 2, 1, 1, 1, 2, 2, 1, 1, 0, 3, 3, 3, 0, 0, 2,
       1, 1, 2, 3, 1, 2, 2, 2, 2, 3, 1, 3, 1, 3, 3, 0, 3, 3, 2, 1, 2, 1,
       2, 1, 3, 0, 3, 0, 3, 2, 0, 1, 2, 2, 3, 0, 2, 3, 1, 2, 2, 3, 2, 1,
       0, 1, 2, 3, 2, 0, 0, 1, 2, 3], dtype=object)]
[78, array([-20., -10., -10.,   0.]), array([1, 1, 0, 2, 3, 2, 2, 2, 2, 2, 3, 0, 1, 2, 3, 1, 1, 3, 0, 0, 3, 0,
       0, 0, 3, 1, 3, 1, 3, 0, 1, 3, 1, 3, 2, 1, 3, 2, 2, 3, 3, 1, 0, 3,
       2, 0, 1, 1, 2, 3, 3, 2, 1, 1, 1, 2, 2, 1, 1, 0, 3, 3, 3, 0, 0, 2,
       1, 1, 2, 3, 1, 2, 2, 2, 2, 3, 1, 3, 1, 3, 3, 0, 3, 3, 0, 1, 2, 1,
       2, 1, 3, 0, 3, 0, 3, 2, 0, 1, 2, 2, 3, 0, 2, 3, 0, 2, 2, 3, 2, 1,
       0, 1, 2, 3, 2, 0, 0, 1, 2, 3], dtype=object)]
[78, array([-20., -10., -10.,   0.]), array([1, 1, 0, 2, 3, 2, 2, 2, 2, 2, 3, 0, 1, 2, 3, 1, 1, 3, 0, 0, 3, 0,
       0, 0, 3, 1, 3, 1, 3, 0, 1, 3, 1, 3, 2, 1, 3, 2, 2, 3, 3, 1, 0, 3,
       2, 0, 1, 1, 2, 3, 3, 2, 1, 1, 1, 2, 2, 1, 1, 0, 3, 3, 3, 0, 0, 2,
       1, 1, 2, 3, 1, 2, 2, 2, 2, 3, 1, 3, 1, 3, 3, 0, 3, 3, 0, 1, 2, 1,
       2, 1, 3, 0, 3, 0, 3, 2, 0, 1, 2, 2, 3, 0, 2, 3, 0, 2, 2, 3, 2, 1,
       0, 1, 2, 3, 2, 0, 0, 1, 2, 3], dtype=object)]
[78, array([-20., -10., -10.,   0.]), array([1, 1, 0, 2, 3, 2, 2, 2, 2, 2, 3, 0, 1, 2, 3, 1, 1, 3, 0, 0, 3, 0,
       0, 0, 3, 1, 3, 1, 3, 0, 1, 3, 1, 3, 2, 1, 3, 2, 2, 3, 3, 1, 0, 3,
       2, 0, 1, 1, 2, 3, 3, 2, 1, 1, 1, 2, 2, 1, 1, 0, 3, 3, 3, 0, 0, 2,
       1, 1, 2, 3, 1, 2, 2, 2, 2, 3, 1, 3, 1, 3, 3, 0, 3, 3, 0, 1, 2, 1,
       2, 1, 3, 0, 3, 0, 3, 2, 0, 1, 2, 2, 3, 0, 2, 3, 0, 2, 2, 3, 2, 1,
       0, 1, 2, 3, 2, 0, 0, 1, 2, 3], dtype=object)]
[78, array([-20., -10., -10.,   0.]), array([1, 1, 0, 2, 3, 2, 2, 2, 2, 2, 3, 0, 1, 2, 3, 1, 1, 3, 0, 0, 3, 0,
       0, 0, 3, 1, 3, 1, 3, 0, 1, 3, 1, 3, 2, 1, 3, 2, 2, 3, 3, 1, 0, 3,
       2, 0, 1, 1, 2, 3, 3, 2, 1, 1, 1, 2, 2, 1, 1, 0, 3, 3, 3, 0, 0, 2,
       1, 1, 2, 3, 1, 2, 2, 2, 2, 3, 1, 3, 1, 3, 3, 0, 3, 3, 0, 1, 2, 1,
       2, 1, 3, 0, 3, 0, 3, 2, 0, 1, 2, 2, 3, 0, 2, 3, 0, 2, 2, 3, 2, 1,
       0, 1, 2, 3, 2, 0, 0, 1, 2, 3], dtype=object)]
[79, array([-20., -10., -10.,   0.]), array([1, 3, 0, 2, 3, 2, 2, 2, 1, 2, 3, 0, 1, 0, 3, 1, 1, 2, 1, 0, 3, 0,
       0, 0, 3, 1, 3, 1, 3, 0, 2, 3, 1, 2, 2, 1, 3, 2, 2, 3, 3, 1, 0, 3,
       1, 0, 1, 1, 2, 3, 3, 2, 1, 1, 1, 2, 2, 1, 1, 0, 1, 3, 1, 0, 0, 2,
       1, 1, 2, 3, 1, 2, 2, 2, 2, 3, 1, 3, 1, 3, 3, 0, 3, 3, 2, 2, 2, 1,
       2, 1, 3, 0, 3, 3, 3, 1, 0, 1, 2, 2, 3, 0, 2, 3, 1, 2, 2, 3, 2, 0,
       0, 1, 2, 3, 2, 0, 0, 1, 2, 3], dtype=object)]
[79, array([-20., -10., -10.,   0.]), array([1, 3, 0, 2, 3, 2, 2, 2, 1, 2, 3, 0, 1, 0, 3, 1, 1, 2, 1, 0, 3, 0,
       0, 0, 3, 1, 3, 1, 3, 0, 2, 3, 1, 2, 2, 1, 3, 2, 2, 3, 3, 1, 0, 3,
       1, 0, 1, 1, 2, 3, 3, 2, 1, 1, 1, 2, 2, 1, 1, 0, 1, 3, 1, 0, 0, 2,
       1, 1, 2, 3, 1, 2, 2, 2, 2, 3, 1, 3, 1, 3, 3, 0, 3, 3, 2, 2, 2, 1,
       2, 1, 3, 0, 3, 3, 3, 1, 0, 1, 2, 2, 3, 0, 2, 3, 1, 2, 2, 3, 2, 0,
       0, 1, 2, 3, 2, 0, 0, 1, 2, 3], dtype=object)]
[79, array([-20., -10., -10.,   0.]), array([1, 3, 0, 2, 3, 2, 2, 2, 1, 2, 3, 0, 1, 0, 3, 1, 1, 2, 1, 0, 3, 0,
       0, 0, 3, 1, 3, 1, 3, 0, 2, 3, 1, 2, 2, 1, 3, 2, 2, 3, 3, 1, 0, 3,
       1, 0, 1, 1, 2, 3, 3, 2, 1, 1, 1, 2, 2, 1, 1, 0, 1, 3, 1, 0, 0, 2,
       1, 1, 2, 3, 1, 2, 2, 2, 2, 3, 1, 3, 1, 3, 3, 0, 3, 3, 2, 2, 2, 1,
       2, 1, 3, 0, 3, 3, 3, 1, 0, 1, 2, 2, 3, 0, 2, 3, 1, 2, 2, 3, 2, 0,
       0, 1, 2, 3, 2, 0, 0, 1, 2, 3], dtype=object)]
[79, array([-20., -10., -10.,   0.]), array([1, 3, 0, 2, 3, 2, 2, 2, 1, 2, 3, 0, 1, 0, 3, 1, 1, 2, 1, 0, 3, 0,
       0, 0, 3, 1, 3, 1, 3, 0, 2, 3, 1, 2, 2, 1, 3, 2, 2, 3, 3, 1, 0, 3,
       1, 0, 1, 1, 2, 3, 3, 2, 1, 1, 1, 2, 2, 1, 1, 0, 1, 3, 1, 0, 0, 2,
       1, 1, 2, 3, 1, 2, 2, 2, 2, 3, 1, 3, 1, 3, 3, 0, 3, 3, 2, 2, 2, 1,
       2, 1, 3, 0, 3, 3, 3, 1, 0, 1, 2, 2, 3, 0, 2, 3, 1, 2, 2, 3, 2, 0,
       0, 1, 2, 3, 2, 0, 0, 1, 2, 3], dtype=object)]
[80, array([-20., -10., -10.,   0.]), array([1, 3, 0, 2, 3, 2, 2, 2, 1, 2, 3, 0, 1, 0, 3, 1, 1, 2, 1, 0, 3, 0,
       0, 0, 3, 1, 3, 1, 3, 0, 2, 3, 1, 2, 2, 1, 3, 2, 2, 3, 3, 1, 0, 3,
       1, 0, 1, 1, 2, 3, 3, 2, 1, 1, 1, 2, 2, 1, 1, 0, 1, 3, 1, 0, 0, 2,
       1, 1, 2, 3, 1, 2, 2, 2, 2, 3, 1, 3, 1, 3, 3, 0, 3, 3, 2, 2, 2, 1,
       2, 1, 3, 0, 3, 3, 3, 1, 0, 1, 2, 2, 1, 0, 2, 3, 1, 2, 2, 3, 2, 0,
       0, 1, 2, 3, 2, 0, 0, 1, 2, 3], dtype=object)]
[80, array([-20., -10., -10.,   0.]), array([1, 3, 0, 2, 3, 2, 2, 2, 1, 2, 3, 0, 1, 0, 3, 1, 1, 2, 1, 0, 3, 0,
       0, 0, 3, 1, 3, 1, 3, 0, 2, 3, 1, 2, 2, 1, 3, 2, 2, 3, 3, 1, 0, 3,
       1, 0, 1, 1, 2, 3, 3, 2, 1, 1, 1, 2, 2, 1, 1, 0, 1, 3, 1, 0, 0, 2,
       1, 1, 2, 3, 1, 2, 2, 2, 2, 3, 1, 3, 1, 3, 3, 0, 3, 3, 2, 2, 2, 1,
       2, 1, 3, 0, 3, 3, 3, 1, 0, 1, 2, 2, 1, 0, 2, 3, 1, 2, 2, 3, 2, 0,
       0, 1, 2, 3, 2, 0, 0, 1, 2, 3], dtype=object)]
[80, array([-20., -10., -10.,   0.]), array([1, 3, 0, 2, 3, 2, 2, 2, 1, 2, 3, 0, 1, 0, 3, 1, 1, 2, 1, 0, 3, 0,
       0, 0, 3, 1, 3, 1, 3, 0, 2, 3, 1, 2, 2, 1, 3, 2, 2, 3, 3, 1, 0, 3,
       1, 0, 1, 1, 2, 3, 3, 2, 1, 1, 1, 2, 2, 1, 1, 0, 1, 3, 1, 0, 0, 2,
       1, 1, 2, 3, 1, 2, 2, 2, 2, 3, 1, 3, 1, 3, 3, 0, 3, 3, 2, 2, 2, 1,
       2, 1, 3, 0, 3, 3, 3, 1, 0, 1, 2, 2, 1, 0, 2, 3, 1, 2, 2, 3, 2, 0,
       0, 1, 2, 3, 2, 0, 0, 1, 2, 3], dtype=object)]
[80, array([-20., -10., -10.,   0.]), array([1, 3, 0, 2, 3, 2, 2, 2, 1, 2, 3, 0, 1, 0, 3, 1, 1, 2, 1, 0, 3, 0,
       0, 0, 3, 1, 3, 1, 3, 0, 2, 3, 1, 2, 2, 1, 3, 2, 2, 3, 3, 1, 0, 3,
       1, 0, 1, 1, 2, 3, 3, 2, 1, 1, 1, 2, 2, 1, 1, 0, 1, 3, 1, 0, 0, 2,
       1, 1, 2, 3, 1, 2, 2, 2, 2, 3, 1, 3, 1, 3, 3, 0, 3, 3, 2, 2, 2, 1,
       2, 1, 3, 0, 3, 3, 3, 1, 0, 1, 2, 2, 1, 0, 2, 3, 1, 2, 2, 3, 2, 0,
       0, 1, 2, 3, 2, 0, 0, 1, 2, 3], dtype=object)]
[81, array([-20., -10., -10.,   0.]), array([1, 3, 0, 2, 3, 2, 2, 2, 1, 2, 3, 0, 1, 0, 3, 1, 1, 0, 1, 0, 3, 0,
       0, 0, 3, 1, 3, 1, 3, 0, 1, 3, 1, 2, 2, 1, 3, 2, 2, 3, 3, 1, 0, 3,
       1, 0, 1, 1, 2, 3, 3, 0, 1, 1, 3, 2, 3, 1, 1, 0, 3, 3, 3, 0, 0, 2,
       1, 1, 2, 3, 1, 2, 2, 2, 2, 3, 1, 3, 1, 3, 3, 0, 3, 3, 2, 1, 2, 1,
       2, 1, 3, 2, 3, 0, 3, 2, 0, 1, 2, 2, 3, 0, 2, 3, 0, 2, 2, 3, 2, 0,
       0, 1, 2, 3, 1, 0, 0, 1, 2, 3], dtype=object)]
[81, array([-20., -10., -10.,   0.]), array([1, 3, 0, 2, 3, 2, 2, 2, 1, 2, 3, 0, 1, 0, 3, 1, 1, 0, 1, 0, 3, 0,
       0, 0, 3, 1, 3, 1, 3, 0, 1, 3, 1, 2, 2, 1, 3, 2, 2, 3, 3, 1, 0, 3,
       1, 0, 1, 1, 2, 3, 3, 0, 1, 1, 3, 2, 3, 1, 1, 0, 3, 3, 3, 0, 0, 2,
       1, 1, 2, 3, 1, 2, 2, 2, 2, 3, 1, 3, 1, 3, 3, 0, 3, 3, 2, 1, 2, 1,
       2, 1, 3, 2, 3, 0, 3, 2, 0, 1, 2, 2, 3, 0, 2, 3, 0, 2, 2, 3, 2, 0,
       0, 1, 2, 3, 1, 0, 0, 1, 2, 3], dtype=object)]
[81, array([-20., -10., -10.,   0.]), array([1, 3, 0, 2, 3, 2, 2, 2, 1, 2, 3, 0, 1, 0, 3, 1, 1, 0, 1, 0, 3, 0,
       0, 0, 3, 1, 3, 1, 3, 0, 1, 3, 1, 2, 2, 1, 3, 2, 2, 3, 3, 1, 0, 3,
       1, 0, 1, 1, 2, 3, 3, 0, 1, 1, 3, 2, 3, 1, 1, 0, 3, 3, 3, 0, 0, 2,
       1, 1, 2, 3, 1, 2, 2, 2, 2, 3, 1, 3, 1, 3, 3, 0, 3, 3, 2, 1, 2, 1,
       2, 1, 3, 2, 3, 0, 3, 2, 0, 1, 2, 2, 3, 0, 2, 3, 0, 2, 2, 3, 2, 0,
       0, 1, 2, 3, 1, 0, 0, 1, 2, 3], dtype=object)]
[81, array([-20., -10., -10.,   0.]), array([1, 3, 0, 2, 3, 2, 2, 2, 1, 2, 3, 0, 1, 0, 3, 1, 1, 0, 1, 0, 3, 0,
       0, 0, 3, 1, 3, 1, 3, 0, 1, 3, 1, 2, 2, 1, 3, 2, 2, 3, 3, 1, 0, 3,
       1, 0, 1, 1, 2, 3, 3, 0, 1, 1, 3, 2, 3, 1, 1, 0, 3, 3, 3, 0, 0, 2,
       1, 1, 2, 3, 1, 2, 2, 2, 2, 3, 1, 3, 1, 3, 3, 0, 3, 3, 2, 1, 2, 1,
       2, 1, 3, 2, 3, 0, 3, 2, 0, 1, 2, 2, 3, 0, 2, 3, 0, 2, 2, 3, 2, 0,
       0, 1, 2, 3, 1, 0, 0, 1, 2, 3], dtype=object)]
[82, array([-20., -10., -10.,   0.]), array([1, 3, 0, 2, 3, 2, 2, 2, 1, 2, 3, 0, 1, 0, 3, 1, 1, 0, 1, 0, 3, 0,
       0, 0, 3, 1, 3, 1, 3, 0, 1, 3, 1, 2, 2, 1, 3, 2, 2, 3, 3, 1, 0, 3,
       1, 0, 1, 1, 2, 3, 3, 0, 1, 1, 3, 2, 3, 1, 1, 0, 3, 3, 3, 0, 0, 2,
       1, 1, 2, 3, 1, 2, 2, 2, 2, 3, 1, 3, 1, 3, 3, 1, 3, 3, 3, 1, 2, 1,
       2, 1, 3, 2, 3, 0, 3, 2, 0, 1, 2, 2, 3, 0, 2, 3, 0, 2, 0, 3, 2, 0,
       0, 1, 2, 3, 2, 0, 0, 1, 2, 3], dtype=object)]
[82, array([-20., -10., -10.,   0.]), array([1, 3, 0, 2, 3, 2, 2, 2, 1, 2, 3, 0, 1, 0, 3, 1, 1, 0, 1, 0, 3, 0,
       0, 0, 3, 1, 3, 1, 3, 0, 1, 3, 1, 2, 2, 1, 3, 2, 2, 3, 3, 1, 0, 3,
       1, 0, 1, 1, 2, 3, 3, 0, 1, 1, 3, 2, 3, 1, 1, 0, 3, 3, 3, 0, 0, 2,
       1, 1, 2, 3, 1, 2, 2, 2, 2, 3, 1, 3, 1, 3, 3, 1, 3, 3, 3, 1, 2, 1,
       2, 1, 3, 2, 3, 0, 3, 2, 0, 1, 2, 2, 3, 0, 2, 3, 0, 2, 0, 3, 2, 0,
       0, 1, 2, 3, 2, 0, 0, 1, 2, 3], dtype=object)]
[82, array([-20., -10., -10.,   0.]), array([1, 3, 0, 2, 3, 2, 2, 2, 1, 2, 3, 0, 1, 0, 3, 1, 1, 0, 1, 0, 3, 0,
       0, 0, 3, 1, 3, 1, 3, 0, 1, 3, 1, 2, 2, 1, 3, 2, 2, 3, 3, 1, 0, 3,
       1, 0, 1, 1, 2, 3, 3, 0, 1, 1, 3, 2, 3, 1, 1, 0, 3, 3, 3, 0, 0, 2,
       1, 1, 2, 3, 1, 2, 2, 2, 2, 3, 1, 3, 1, 3, 3, 1, 3, 3, 3, 1, 2, 1,
       2, 1, 3, 2, 3, 0, 3, 2, 0, 1, 2, 2, 3, 0, 2, 3, 0, 2, 0, 3, 2, 0,
       0, 1, 2, 3, 2, 0, 0, 1, 2, 3], dtype=object)]
[82, array([-20., -10., -10.,   0.]), array([1, 3, 0, 2, 3, 2, 2, 2, 1, 2, 3, 0, 1, 0, 3, 1, 1, 0, 1, 0, 3, 0,
       0, 0, 3, 1, 3, 1, 3, 0, 1, 3, 1, 2, 2, 1, 3, 2, 2, 3, 3, 1, 0, 3,
       1, 0, 1, 1, 2, 3, 3, 0, 1, 1, 3, 2, 3, 1, 1, 0, 3, 3, 3, 0, 0, 2,
       1, 1, 2, 3, 1, 2, 2, 2, 2, 3, 1, 3, 1, 3, 3, 1, 3, 3, 3, 1, 2, 1,
       2, 1, 3, 2, 3, 0, 3, 2, 0, 1, 2, 2, 3, 0, 2, 3, 0, 2, 0, 3, 2, 0,
       0, 1, 2, 3, 2, 0, 0, 1, 2, 3], dtype=object)]
[83, array([-20., -10., -10.,   0.]), array([1, 3, 0, 2, 3, 2, 2, 2, 1, 2, 3, 0, 1, 0, 3, 1, 1, 3, 0, 0, 3, 0,
       0, 0, 3, 1, 3, 1, 3, 0, 2, 3, 1, 2, 2, 1, 3, 2, 2, 3, 3, 1, 0, 3,
       1, 0, 1, 1, 2, 3, 3, 2, 0, 1, 1, 2, 2, 1, 1, 0, 1, 3, 1, 0, 0, 2,
       1, 1, 2, 3, 1, 2, 2, 2, 2, 3, 1, 3, 1, 3, 3, 0, 3, 3, 2, 2, 2, 1,
       2, 1, 3, 0, 3, 3, 3, 1, 0, 1, 2, 2, 3, 0, 2, 3, 1, 2, 2, 3, 2, 0,
       0, 1, 2, 3, 2, 0, 0, 1, 2, 3], dtype=object)]
[83, array([-20., -10., -10.,   0.]), array([1, 3, 0, 2, 3, 2, 2, 2, 1, 2, 3, 0, 1, 0, 3, 1, 1, 3, 0, 0, 3, 0,
       0, 0, 3, 1, 3, 1, 3, 0, 2, 3, 1, 2, 2, 1, 3, 2, 2, 3, 3, 1, 0, 3,
       1, 0, 1, 1, 2, 3, 3, 2, 0, 1, 1, 2, 2, 1, 1, 0, 1, 3, 1, 0, 0, 2,
       1, 1, 2, 3, 1, 2, 2, 2, 2, 3, 1, 3, 1, 3, 3, 0, 3, 3, 2, 2, 2, 1,
       2, 1, 3, 0, 3, 3, 3, 1, 0, 1, 2, 2, 3, 0, 2, 3, 1, 2, 2, 3, 2, 0,
       0, 1, 2, 3, 2, 0, 0, 1, 2, 3], dtype=object)]
[83, array([-20., -10., -10.,   0.]), array([1, 3, 0, 2, 3, 2, 2, 2, 1, 2, 3, 0, 1, 0, 3, 1, 1, 3, 0, 0, 3, 0,
       0, 0, 3, 1, 3, 1, 3, 0, 2, 3, 1, 2, 2, 1, 3, 2, 2, 3, 3, 1, 0, 3,
       1, 0, 1, 1, 2, 3, 3, 2, 0, 1, 1, 2, 2, 1, 1, 0, 1, 3, 1, 0, 0, 2,
       1, 1, 2, 3, 1, 2, 2, 2, 2, 3, 1, 3, 1, 3, 3, 0, 3, 3, 2, 2, 2, 1,
       2, 1, 3, 0, 3, 3, 3, 1, 0, 1, 2, 2, 3, 0, 2, 3, 1, 2, 2, 3, 2, 0,
       0, 1, 2, 3, 2, 0, 0, 1, 2, 3], dtype=object)]
[83, array([-20., -10., -10.,   0.]), array([1, 3, 0, 2, 3, 2, 2, 2, 1, 2, 3, 0, 1, 0, 3, 1, 1, 3, 0, 0, 3, 0,
       0, 0, 3, 1, 3, 1, 3, 0, 2, 3, 1, 2, 2, 1, 3, 2, 2, 3, 3, 1, 0, 3,
       1, 0, 1, 1, 2, 3, 3, 2, 0, 1, 1, 2, 2, 1, 1, 0, 1, 3, 1, 0, 0, 2,
       1, 1, 2, 3, 1, 2, 2, 2, 2, 3, 1, 3, 1, 3, 3, 0, 3, 3, 2, 2, 2, 1,
       2, 1, 3, 0, 3, 3, 3, 1, 0, 1, 2, 2, 3, 0, 2, 3, 1, 2, 2, 3, 2, 0,
       0, 1, 2, 3, 2, 0, 0, 1, 2, 3], dtype=object)]
[84, array([-20., -10., -10.,   0.]), array([1, 3, 0, 2, 0, 2, 2, 2, 1, 2, 3, 0, 1, 0, 3, 1, 1, 3, 0, 0, 3, 0,
       0, 0, 3, 1, 3, 1, 3, 0, 2, 3, 1, 2, 2, 1, 3, 2, 2, 3, 3, 1, 0, 3,
       1, 1, 1, 1, 2, 3, 3, 2, 0, 1, 1, 2, 2, 1, 1, 2, 1, 3, 1, 0, 0, 2,
       1, 1, 2, 3, 1, 2, 2, 2, 2, 3, 1, 3, 1, 3, 3, 0, 3, 3, 2, 2, 2, 1,
       2, 1, 3, 0, 3, 3, 3, 1, 0, 1, 2, 2, 3, 0, 2, 3, 1, 2, 2, 3, 2, 0,
       0, 1, 2, 3, 2, 0, 0, 1, 2, 3], dtype=object)]
[84, array([-20., -10., -10.,   0.]), array([1, 3, 0, 2, 0, 2, 2, 2, 1, 2, 3, 0, 1, 0, 3, 1, 1, 3, 0, 0, 3, 0,
       0, 0, 3, 1, 3, 1, 3, 0, 2, 3, 1, 2, 2, 1, 3, 2, 2, 3, 3, 1, 0, 3,
       1, 1, 1, 1, 2, 3, 3, 2, 0, 1, 1, 2, 2, 1, 1, 2, 1, 3, 1, 0, 0, 2,
       1, 1, 2, 3, 1, 2, 2, 2, 2, 3, 1, 3, 1, 3, 3, 0, 3, 3, 2, 2, 2, 1,
       2, 1, 3, 0, 3, 3, 3, 1, 0, 1, 2, 2, 3, 0, 2, 3, 1, 2, 2, 3, 2, 0,
       0, 1, 2, 3, 2, 0, 0, 1, 2, 3], dtype=object)]
[84, array([-20., -10., -10.,   0.]), array([1, 3, 0, 2, 0, 2, 2, 2, 1, 2, 3, 0, 1, 0, 3, 1, 1, 3, 0, 0, 3, 0,
       0, 0, 3, 1, 3, 1, 3, 0, 2, 3, 1, 2, 2, 1, 3, 2, 2, 3, 3, 1, 0, 3,
       1, 1, 1, 1, 2, 3, 3, 2, 0, 1, 1, 2, 2, 1, 1, 2, 1, 3, 1, 0, 0, 2,
       1, 1, 2, 3, 1, 2, 2, 2, 2, 3, 1, 3, 1, 3, 3, 0, 3, 3, 2, 2, 2, 1,
       2, 1, 3, 0, 3, 3, 3, 1, 0, 1, 2, 2, 3, 0, 2, 3, 1, 2, 2, 3, 2, 0,
       0, 1, 2, 3, 2, 0, 0, 1, 2, 3], dtype=object)]
[84, array([-20., -10., -10.,   0.]), array([1, 3, 0, 2, 0, 2, 2, 2, 1, 2, 3, 0, 1, 0, 3, 1, 1, 3, 0, 0, 3, 0,
       0, 0, 3, 1, 3, 1, 3, 0, 2, 3, 1, 2, 2, 1, 3, 2, 2, 3, 3, 1, 0, 3,
       1, 1, 1, 1, 2, 3, 3, 2, 0, 1, 1, 2, 2, 1, 1, 2, 1, 3, 1, 0, 0, 2,
       1, 1, 2, 3, 1, 2, 2, 2, 2, 3, 1, 3, 1, 3, 3, 0, 3, 3, 2, 2, 2, 1,
       2, 1, 3, 0, 3, 3, 3, 1, 0, 1, 2, 2, 3, 0, 2, 3, 1, 2, 2, 3, 2, 0,
       0, 1, 2, 3, 2, 0, 0, 1, 2, 3], dtype=object)]
[85, array([-20., -10., -10.,   0.]), array([1, 3, 0, 2, 3, 2, 2, 2, 1, 2, 3, 0, 3, 0, 3, 1, 1, 0, 1, 0, 3, 0,
       0, 0, 3, 1, 3, 1, 3, 3, 1, 3, 1, 3, 2, 1, 3, 2, 2, 3, 3, 1, 0, 3,
       2, 0, 1, 1, 3, 0, 3, 2, 1, 1, 2, 2, 2, 1, 1, 0, 3, 3, 0, 0, 0, 2,
       1, 1, 2, 3, 1, 2, 2, 2, 2, 3, 1, 3, 1, 3, 3, 0, 3, 3, 2, 1, 2, 1,
       2, 1, 3, 0, 3, 3, 3, 1, 0, 1, 2, 2, 3, 0, 2, 3, 2, 2, 2, 3, 2, 1,
       0, 1, 2, 3, 2, 0, 0, 1, 2, 3], dtype=object)]
[85, array([-20., -10., -10.,   0.]), array([1, 3, 0, 2, 3, 2, 2, 2, 1, 2, 3, 0, 3, 0, 3, 1, 1, 0, 1, 0, 3, 0,
       0, 0, 3, 1, 3, 1, 3, 3, 1, 3, 1, 3, 2, 1, 3, 2, 2, 3, 3, 1, 0, 3,
       2, 0, 1, 1, 3, 0, 3, 2, 1, 1, 2, 2, 2, 1, 1, 0, 3, 3, 0, 0, 0, 2,
       1, 1, 2, 3, 1, 2, 2, 2, 2, 3, 1, 3, 1, 3, 3, 0, 3, 3, 2, 1, 2, 1,
       2, 1, 3, 0, 3, 3, 3, 1, 0, 1, 2, 2, 3, 0, 2, 3, 2, 2, 2, 3, 2, 1,
       0, 1, 2, 3, 2, 0, 0, 1, 2, 3], dtype=object)]
[85, array([-20., -10., -10.,   0.]), array([1, 3, 0, 2, 3, 2, 2, 2, 1, 2, 3, 0, 3, 0, 3, 1, 1, 0, 1, 0, 3, 0,
       0, 0, 3, 1, 3, 1, 3, 3, 1, 3, 1, 3, 2, 1, 3, 2, 2, 3, 3, 1, 0, 3,
       2, 0, 1, 1, 3, 0, 3, 2, 1, 1, 2, 2, 2, 1, 1, 0, 3, 3, 0, 0, 0, 2,
       1, 1, 2, 3, 1, 2, 2, 2, 2, 3, 1, 3, 1, 3, 3, 0, 3, 3, 2, 1, 2, 1,
       2, 1, 3, 0, 3, 3, 3, 1, 0, 1, 2, 2, 3, 0, 2, 3, 2, 2, 2, 3, 2, 1,
       0, 1, 2, 3, 2, 0, 0, 1, 2, 3], dtype=object)]
[85, array([-20., -10., -10.,   0.]), array([1, 3, 0, 2, 3, 2, 2, 2, 1, 2, 3, 0, 3, 0, 3, 1, 1, 0, 1, 0, 3, 0,
       0, 0, 3, 1, 3, 1, 3, 3, 1, 3, 1, 3, 2, 1, 3, 2, 2, 3, 3, 1, 0, 3,
       2, 0, 1, 1, 3, 0, 3, 2, 1, 1, 2, 2, 2, 1, 1, 0, 3, 3, 0, 0, 0, 2,
       1, 1, 2, 3, 1, 2, 2, 2, 2, 3, 1, 3, 1, 3, 3, 0, 3, 3, 2, 1, 2, 1,
       2, 1, 3, 0, 3, 3, 3, 1, 0, 1, 2, 2, 3, 0, 2, 3, 2, 2, 2, 3, 2, 1,
       0, 1, 2, 3, 2, 0, 0, 1, 2, 3], dtype=object)]
[86, array([-20., -10., -10.,   0.]), array([1, 3, 0, 2, 3, 2, 2, 2, 1, 2, 3, 0, 3, 0, 3, 1, 1, 0, 1, 0, 3, 0,
       0, 0, 3, 1, 3, 1, 3, 3, 1, 3, 1, 3, 2, 1, 3, 1, 2, 3, 3, 1, 0, 3,
       2, 0, 1, 1, 3, 0, 3, 2, 1, 1, 2, 2, 2, 1, 0, 0, 3, 3, 0, 0, 0, 2,
       1, 1, 2, 3, 1, 2, 2, 2, 2, 3, 1, 3, 1, 3, 3, 0, 3, 3, 2, 3, 2, 1,
       2, 1, 3, 0, 3, 3, 3, 1, 0, 1, 2, 2, 3, 0, 2, 3, 2, 2, 2, 3, 2, 1,
       2, 1, 2, 3, 2, 0, 0, 1, 2, 3], dtype=object)]
[86, array([-20., -10., -10.,   0.]), array([1, 3, 0, 2, 3, 2, 2, 2, 1, 2, 3, 0, 3, 0, 3, 1, 1, 0, 1, 0, 3, 0,
       0, 0, 3, 1, 3, 1, 3, 3, 1, 3, 1, 3, 2, 1, 3, 1, 2, 3, 3, 1, 0, 3,
       2, 0, 1, 1, 3, 0, 3, 2, 1, 1, 2, 2, 2, 1, 0, 0, 3, 3, 0, 0, 0, 2,
       1, 1, 2, 3, 1, 2, 2, 2, 2, 3, 1, 3, 1, 3, 3, 0, 3, 3, 2, 3, 2, 1,
       2, 1, 3, 0, 3, 3, 3, 1, 0, 1, 2, 2, 3, 0, 2, 3, 2, 2, 2, 3, 2, 1,
       2, 1, 2, 3, 2, 0, 0, 1, 2, 3], dtype=object)]
[86, array([-20., -10., -10.,   0.]), array([1, 3, 0, 2, 3, 2, 2, 2, 1, 2, 3, 0, 3, 0, 3, 1, 1, 0, 1, 0, 3, 0,
       0, 0, 3, 1, 3, 1, 3, 3, 1, 3, 1, 3, 2, 1, 3, 1, 2, 3, 3, 1, 0, 3,
       2, 0, 1, 1, 3, 0, 3, 2, 1, 1, 2, 2, 2, 1, 0, 0, 3, 3, 0, 0, 0, 2,
       1, 1, 2, 3, 1, 2, 2, 2, 2, 3, 1, 3, 1, 3, 3, 0, 3, 3, 2, 3, 2, 1,
       2, 1, 3, 0, 3, 3, 3, 1, 0, 1, 2, 2, 3, 0, 2, 3, 2, 2, 2, 3, 2, 1,
       2, 1, 2, 3, 2, 0, 0, 1, 2, 3], dtype=object)]
[86, array([-20., -10., -10.,   0.]), array([1, 3, 0, 2, 3, 2, 2, 2, 1, 2, 3, 0, 3, 0, 3, 1, 1, 0, 1, 0, 3, 0,
       0, 0, 3, 1, 3, 1, 3, 3, 1, 3, 1, 3, 2, 1, 3, 1, 2, 3, 3, 1, 0, 3,
       2, 0, 1, 1, 3, 0, 3, 2, 1, 1, 2, 2, 2, 1, 0, 0, 3, 3, 0, 0, 0, 2,
       1, 1, 2, 3, 1, 2, 2, 2, 2, 3, 1, 3, 1, 3, 3, 0, 3, 3, 2, 3, 2, 1,
       2, 1, 3, 0, 3, 3, 3, 1, 0, 1, 2, 2, 3, 0, 2, 3, 2, 2, 2, 3, 2, 1,
       2, 1, 2, 3, 2, 0, 0, 1, 2, 3], dtype=object)]
[87, array([-20., -10., -10.,   0.]), array([1, 3, 0, 2, 3, 2, 2, 2, 1, 2, 3, 0, 1, 0, 3, 1, 1, 0, 1, 0, 3, 0,
       0, 0, 3, 1, 3, 3, 1, 0, 1, 3, 1, 2, 2, 1, 3, 2, 2, 3, 3, 1, 0, 3,
       2, 0, 1, 1, 0, 0, 3, 2, 1, 1, 1, 2, 2, 1, 1, 0, 3, 3, 3, 0, 0, 2,
       1, 1, 2, 3, 1, 2, 2, 2, 2, 3, 1, 3, 1, 3, 3, 0, 3, 3, 2, 2, 2, 1,
       2, 1, 3, 0, 3, 3, 3, 1, 0, 1, 2, 2, 3, 0, 2, 3, 1, 2, 2, 3, 2, 0,
       0, 1, 3, 3, 1, 0, 0, 1, 2, 3], dtype=object)]
[87, array([-20., -10., -10.,   0.]), array([1, 3, 0, 2, 3, 2, 2, 2, 1, 2, 3, 0, 1, 0, 3, 1, 1, 0, 1, 0, 3, 0,
       0, 0, 3, 1, 3, 3, 1, 0, 1, 3, 1, 2, 2, 1, 3, 2, 2, 3, 3, 1, 0, 3,
       2, 0, 1, 1, 0, 0, 3, 2, 1, 1, 1, 2, 2, 1, 1, 0, 3, 3, 3, 0, 0, 2,
       1, 1, 2, 3, 1, 2, 2, 2, 2, 3, 1, 3, 1, 3, 3, 0, 3, 3, 2, 2, 2, 1,
       2, 1, 3, 0, 3, 3, 3, 1, 0, 1, 2, 2, 3, 0, 2, 3, 1, 2, 2, 3, 2, 0,
       0, 1, 3, 3, 1, 0, 0, 1, 2, 3], dtype=object)]
[87, array([-20., -10., -10.,   0.]), array([1, 3, 0, 2, 3, 2, 2, 2, 1, 2, 3, 0, 1, 0, 3, 1, 1, 0, 1, 0, 3, 0,
       0, 0, 3, 1, 3, 3, 1, 0, 1, 3, 1, 2, 2, 1, 3, 2, 2, 3, 3, 1, 0, 3,
       2, 0, 1, 1, 0, 0, 3, 2, 1, 1, 1, 2, 2, 1, 1, 0, 3, 3, 3, 0, 0, 2,
       1, 1, 2, 3, 1, 2, 2, 2, 2, 3, 1, 3, 1, 3, 3, 0, 3, 3, 2, 2, 2, 1,
       2, 1, 3, 0, 3, 3, 3, 1, 0, 1, 2, 2, 3, 0, 2, 3, 1, 2, 2, 3, 2, 0,
       0, 1, 3, 3, 1, 0, 0, 1, 2, 3], dtype=object)]
[87, array([-20., -10., -10.,   0.]), array([1, 3, 0, 2, 3, 2, 2, 2, 1, 2, 3, 0, 1, 0, 3, 1, 1, 0, 1, 0, 3, 0,
       0, 0, 3, 1, 3, 3, 1, 0, 1, 3, 1, 2, 2, 1, 3, 2, 2, 3, 3, 1, 0, 3,
       2, 0, 1, 1, 0, 0, 3, 2, 1, 1, 1, 2, 2, 1, 1, 0, 3, 3, 3, 0, 0, 2,
       1, 1, 2, 3, 1, 2, 2, 2, 2, 3, 1, 3, 1, 3, 3, 0, 3, 3, 2, 2, 2, 1,
       2, 1, 3, 0, 3, 3, 3, 1, 0, 1, 2, 2, 3, 0, 2, 3, 1, 2, 2, 3, 2, 0,
       0, 1, 3, 3, 1, 0, 0, 1, 2, 3], dtype=object)]
[88, array([-20., -10., -10.,   0.]), array([1, 3, 0, 2, 3, 2, 2, 2, 1, 2, 3, 0, 1, 0, 3, 1, 1, 3, 0, 0, 3, 0,
       0, 0, 3, 1, 3, 1, 2, 0, 2, 3, 1, 2, 2, 1, 3, 2, 2, 3, 3, 1, 0, 3,
       1, 0, 1, 1, 2, 3, 3, 2, 0, 1, 1, 2, 2, 1, 1, 0, 1, 3, 1, 0, 0, 2,
       1, 1, 2, 3, 1, 2, 2, 2, 2, 3, 1, 3, 1, 3, 3, 0, 3, 3, 2, 3, 2, 1,
       2, 1, 3, 0, 3, 0, 3, 2, 0, 1, 2, 2, 3, 0, 2, 3, 1, 2, 2, 3, 2, 0,
       0, 1, 2, 3, 2, 0, 0, 1, 2, 0], dtype=object)]
[88, array([-20., -10., -10.,   0.]), array([1, 3, 0, 2, 3, 2, 2, 2, 1, 2, 3, 0, 1, 0, 3, 1, 1, 3, 0, 0, 3, 0,
       0, 0, 3, 1, 3, 1, 2, 0, 2, 3, 1, 2, 2, 1, 3, 2, 2, 3, 3, 1, 0, 3,
       1, 0, 1, 1, 2, 3, 3, 2, 0, 1, 1, 2, 2, 1, 1, 0, 1, 3, 1, 0, 0, 2,
       1, 1, 2, 3, 1, 2, 2, 2, 2, 3, 1, 3, 1, 3, 3, 0, 3, 3, 2, 3, 2, 1,
       2, 1, 3, 0, 3, 0, 3, 2, 0, 1, 2, 2, 3, 0, 2, 3, 1, 2, 2, 3, 2, 0,
       0, 1, 2, 3, 2, 0, 0, 1, 2, 0], dtype=object)]
[88, array([-20., -10., -10.,   0.]), array([1, 3, 0, 2, 3, 2, 2, 2, 1, 2, 3, 0, 1, 0, 3, 1, 1, 3, 0, 0, 3, 0,
       0, 0, 3, 1, 3, 1, 2, 0, 2, 3, 1, 2, 2, 1, 3, 2, 2, 3, 3, 1, 0, 3,
       1, 0, 1, 1, 2, 3, 3, 2, 0, 1, 1, 2, 2, 1, 1, 0, 1, 3, 1, 0, 0, 2,
       1, 1, 2, 3, 1, 2, 2, 2, 2, 3, 1, 3, 1, 3, 3, 0, 3, 3, 2, 3, 2, 1,
       2, 1, 3, 0, 3, 0, 3, 2, 0, 1, 2, 2, 3, 0, 2, 3, 1, 2, 2, 3, 2, 0,
       0, 1, 2, 3, 2, 0, 0, 1, 2, 0], dtype=object)]
[88, array([-20., -10., -10.,   0.]), array([1, 3, 0, 2, 3, 2, 2, 2, 1, 2, 3, 0, 1, 0, 3, 1, 1, 3, 0, 0, 3, 0,
       0, 0, 3, 1, 3, 1, 2, 0, 2, 3, 1, 2, 2, 1, 3, 2, 2, 3, 3, 1, 0, 3,
       1, 0, 1, 1, 2, 3, 3, 2, 0, 1, 1, 2, 2, 1, 1, 0, 1, 3, 1, 0, 0, 2,
       1, 1, 2, 3, 1, 2, 2, 2, 2, 3, 1, 3, 1, 3, 3, 0, 3, 3, 2, 3, 2, 1,
       2, 1, 3, 0, 3, 0, 3, 2, 0, 1, 2, 2, 3, 0, 2, 3, 1, 2, 2, 3, 2, 0,
       0, 1, 2, 3, 2, 0, 0, 1, 2, 0], dtype=object)]
[89, array([-20., -10., -10.,   0.]), array([1, 3, 0, 2, 3, 3, 2, 2, 1, 2, 3, 0, 1, 0, 3, 1, 1, 2, 1, 0, 3, 0,
       2, 0, 3, 1, 3, 1, 3, 0, 2, 3, 1, 3, 2, 1, 3, 2, 2, 3, 3, 1, 0, 3,
       2, 0, 1, 1, 2, 3, 3, 2, 1, 1, 1, 2, 3, 1, 2, 0, 3, 3, 3, 0, 2, 2,
       1, 1, 2, 3, 1, 2, 2, 2, 2, 3, 1, 3, 1, 3, 3, 0, 3, 3, 2, 3, 2, 1,
       2, 1, 3, 0, 1, 0, 3, 2, 0, 1, 2, 2, 3, 0, 2, 3, 0, 3, 0, 3, 2, 0,
       0, 1, 3, 3, 1, 0, 0, 1, 2, 3], dtype=object)]
[89, array([-20., -10., -10.,   0.]), array([1, 3, 0, 2, 3, 3, 2, 2, 1, 2, 3, 0, 1, 0, 3, 1, 1, 2, 1, 0, 3, 0,
       2, 0, 3, 1, 3, 1, 3, 0, 2, 3, 1, 3, 2, 1, 3, 2, 2, 3, 3, 1, 0, 3,
       2, 0, 1, 1, 2, 3, 3, 2, 1, 1, 1, 2, 3, 1, 2, 0, 3, 3, 3, 0, 2, 2,
       1, 1, 2, 3, 1, 2, 2, 2, 2, 3, 1, 3, 1, 3, 3, 0, 3, 3, 2, 3, 2, 1,
       2, 1, 3, 0, 1, 0, 3, 2, 0, 1, 2, 2, 3, 0, 2, 3, 0, 3, 0, 3, 2, 0,
       0, 1, 3, 3, 1, 0, 0, 1, 2, 3], dtype=object)]
[89, array([-20., -10., -10.,   0.]), array([1, 3, 0, 2, 3, 3, 2, 2, 1, 2, 3, 0, 1, 0, 3, 1, 1, 2, 1, 0, 3, 0,
       2, 0, 3, 1, 3, 1, 3, 0, 2, 3, 1, 3, 2, 1, 3, 2, 2, 3, 3, 1, 0, 3,
       2, 0, 1, 1, 2, 3, 3, 2, 1, 1, 1, 2, 3, 1, 2, 0, 3, 3, 3, 0, 2, 2,
       1, 1, 2, 3, 1, 2, 2, 2, 2, 3, 1, 3, 1, 3, 3, 0, 3, 3, 2, 3, 2, 1,
       2, 1, 3, 0, 1, 0, 3, 2, 0, 1, 2, 2, 3, 0, 2, 3, 0, 3, 0, 3, 2, 0,
       0, 1, 3, 3, 1, 0, 0, 1, 2, 3], dtype=object)]
[89, array([-20., -10., -10.,   0.]), array([1, 3, 0, 2, 3, 3, 2, 2, 1, 2, 3, 0, 1, 0, 3, 1, 1, 2, 1, 0, 3, 0,
       2, 0, 3, 1, 3, 1, 3, 0, 2, 3, 1, 3, 2, 1, 3, 2, 2, 3, 3, 1, 0, 3,
       2, 0, 1, 1, 2, 3, 3, 2, 1, 1, 1, 2, 3, 1, 2, 0, 3, 3, 3, 0, 2, 2,
       1, 1, 2, 3, 1, 2, 2, 2, 2, 3, 1, 3, 1, 3, 3, 0, 3, 3, 2, 3, 2, 1,
       2, 1, 3, 0, 1, 0, 3, 2, 0, 1, 2, 2, 3, 0, 2, 3, 0, 3, 0, 3, 2, 0,
       0, 1, 3, 3, 1, 0, 0, 1, 2, 3], dtype=object)]
[90, array([-20., -10., -10.,   0.]), array([1, 3, 0, 2, 3, 2, 2, 2, 3, 2, 3, 0, 1, 2, 3, 1, 1, 3, 0, 0, 3, 0,
       0, 0, 3, 1, 0, 1, 3, 3, 1, 3, 1, 3, 2, 1, 3, 2, 2, 3, 3, 1, 0, 3,
       2, 0, 1, 1, 0, 0, 3, 2, 1, 1, 1, 2, 2, 1, 1, 0, 3, 3, 3, 0, 0, 2,
       1, 1, 2, 3, 1, 2, 2, 3, 2, 3, 1, 3, 1, 3, 3, 0, 3, 3, 2, 2, 2, 1,
       2, 1, 3, 0, 3, 3, 3, 1, 0, 1, 2, 2, 3, 0, 2, 0, 2, 2, 2, 3, 2, 1,
       2, 1, 2, 3, 2, 0, 0, 1, 2, 3], dtype=object)]
[90, array([-20., -10., -10.,   0.]), array([1, 3, 0, 2, 3, 2, 2, 2, 3, 2, 3, 0, 1, 2, 3, 1, 1, 3, 0, 0, 3, 0,
       0, 0, 3, 1, 0, 1, 3, 3, 1, 3, 1, 3, 2, 1, 3, 2, 2, 3, 3, 1, 0, 3,
       2, 0, 1, 1, 0, 0, 3, 2, 1, 1, 1, 2, 2, 1, 1, 0, 3, 3, 3, 0, 0, 2,
       1, 1, 2, 3, 1, 2, 2, 3, 2, 3, 1, 3, 1, 3, 3, 0, 3, 3, 2, 2, 2, 1,
       2, 1, 3, 0, 3, 3, 3, 1, 0, 1, 2, 2, 3, 0, 2, 0, 2, 2, 2, 3, 2, 1,
       2, 1, 2, 3, 2, 0, 0, 1, 2, 3], dtype=object)]
[90, array([-20., -10., -10.,   0.]), array([1, 3, 0, 2, 3, 2, 2, 2, 3, 2, 3, 0, 1, 2, 3, 1, 1, 3, 0, 0, 3, 0,
       0, 0, 3, 1, 0, 1, 3, 3, 1, 3, 1, 3, 2, 1, 3, 2, 2, 3, 3, 1, 0, 3,
       2, 0, 1, 1, 0, 0, 3, 2, 1, 1, 1, 2, 2, 1, 1, 0, 3, 3, 3, 0, 0, 2,
       1, 1, 2, 3, 1, 2, 2, 3, 2, 3, 1, 3, 1, 3, 3, 0, 3, 3, 2, 2, 2, 1,
       2, 1, 3, 0, 3, 3, 3, 1, 0, 1, 2, 2, 3, 0, 2, 0, 2, 2, 2, 3, 2, 1,
       2, 1, 2, 3, 2, 0, 0, 1, 2, 3], dtype=object)]
[90, array([-20., -10., -10.,   0.]), array([1, 3, 0, 2, 3, 2, 2, 2, 3, 2, 3, 0, 1, 2, 3, 1, 1, 3, 0, 0, 3, 0,
       0, 0, 3, 1, 0, 1, 3, 3, 1, 3, 1, 3, 2, 1, 3, 2, 2, 3, 3, 1, 0, 3,
       2, 0, 1, 1, 0, 0, 3, 2, 1, 1, 1, 2, 2, 1, 1, 0, 3, 3, 3, 0, 0, 2,
       1, 1, 2, 3, 1, 2, 2, 3, 2, 3, 1, 3, 1, 3, 3, 0, 3, 3, 2, 2, 2, 1,
       2, 1, 3, 0, 3, 3, 3, 1, 0, 1, 2, 2, 3, 0, 2, 0, 2, 2, 2, 3, 2, 1,
       2, 1, 2, 3, 2, 0, 0, 1, 2, 3], dtype=object)]
[91, array([-20., -10., -10.,   0.]), array([1, 3, 0, 2, 3, 2, 3, 2, 1, 2, 3, 0, 1, 0, 3, 1, 1, 0, 1, 0, 3, 0,
       0, 0, 3, 1, 3, 1, 3, 0, 1, 3, 1, 2, 2, 1, 3, 2, 2, 3, 3, 1, 0, 3,
       1, 0, 1, 1, 2, 3, 3, 0, 1, 1, 3, 2, 1, 1, 1, 0, 3, 3, 3, 0, 2, 2,
       1, 1, 2, 3, 1, 2, 2, 2, 2, 3, 1, 3, 1, 3, 3, 0, 3, 3, 2, 2, 2, 1,
       2, 1, 3, 0, 3, 3, 3, 1, 0, 1, 2, 2, 3, 0, 2, 3, 1, 2, 2, 2, 2, 0,
       0, 1, 2, 3, 1, 0, 0, 1, 2, 3], dtype=object)]
[91, array([-20., -10., -10.,   0.]), array([1, 3, 0, 2, 3, 2, 3, 2, 1, 2, 3, 0, 1, 0, 3, 1, 1, 0, 1, 0, 3, 0,
       0, 0, 3, 1, 3, 1, 3, 0, 1, 3, 1, 2, 2, 1, 3, 2, 2, 3, 3, 1, 0, 3,
       1, 0, 1, 1, 2, 3, 3, 0, 1, 1, 3, 2, 1, 1, 1, 0, 3, 3, 3, 0, 2, 2,
       1, 1, 2, 3, 1, 2, 2, 2, 2, 3, 1, 3, 1, 3, 3, 0, 3, 3, 2, 2, 2, 1,
       2, 1, 3, 0, 3, 3, 3, 1, 0, 1, 2, 2, 3, 0, 2, 3, 1, 2, 2, 2, 2, 0,
       0, 1, 2, 3, 1, 0, 0, 1, 2, 3], dtype=object)]
[91, array([-20., -10., -10.,   0.]), array([1, 3, 0, 2, 3, 2, 3, 2, 1, 2, 3, 0, 1, 0, 3, 1, 1, 0, 1, 0, 3, 0,
       0, 0, 3, 1, 3, 1, 3, 0, 1, 3, 1, 2, 2, 1, 3, 2, 2, 3, 3, 1, 0, 3,
       1, 0, 1, 1, 2, 3, 3, 0, 1, 1, 3, 2, 1, 1, 1, 0, 3, 3, 3, 0, 2, 2,
       1, 1, 2, 3, 1, 2, 2, 2, 2, 3, 1, 3, 1, 3, 3, 0, 3, 3, 2, 2, 2, 1,
       2, 1, 3, 0, 3, 3, 3, 1, 0, 1, 2, 2, 3, 0, 2, 3, 1, 2, 2, 2, 2, 0,
       0, 1, 2, 3, 1, 0, 0, 1, 2, 3], dtype=object)]
[91, array([-20., -10., -10.,   0.]), array([1, 3, 0, 2, 3, 2, 3, 2, 1, 2, 3, 0, 1, 0, 3, 1, 1, 0, 1, 0, 3, 0,
       0, 0, 3, 1, 3, 1, 3, 0, 1, 3, 1, 2, 2, 1, 3, 2, 2, 3, 3, 1, 0, 3,
       1, 0, 1, 1, 2, 3, 3, 0, 1, 1, 3, 2, 1, 1, 1, 0, 3, 3, 3, 0, 2, 2,
       1, 1, 2, 3, 1, 2, 2, 2, 2, 3, 1, 3, 1, 3, 3, 0, 3, 3, 2, 2, 2, 1,
       2, 1, 3, 0, 3, 3, 3, 1, 0, 1, 2, 2, 3, 0, 2, 3, 1, 2, 2, 2, 2, 0,
       0, 1, 2, 3, 1, 0, 0, 1, 2, 3], dtype=object)]
[92, array([-20., -10., -10.,   0.]), array([1, 3, 0, 2, 3, 2, 2, 2, 3, 2, 3, 0, 1, 2, 3, 1, 1, 3, 0, 0, 3, 0,
       0, 0, 3, 1, 0, 1, 3, 3, 1, 3, 1, 3, 2, 1, 3, 2, 2, 3, 3, 1, 0, 3,
       2, 0, 1, 1, 0, 0, 3, 2, 1, 1, 1, 2, 2, 1, 1, 0, 3, 3, 3, 0, 0, 2,
       1, 1, 2, 3, 1, 2, 2, 3, 2, 3, 1, 3, 1, 3, 3, 0, 3, 3, 2, 2, 2, 1,
       2, 1, 3, 0, 3, 3, 3, 1, 0, 1, 2, 2, 2, 0, 1, 3, 1, 2, 2, 3, 2, 0,
       3, 1, 2, 3, 1, 0, 1, 1, 2, 3], dtype=object)]
[92, array([-20., -10., -10.,   0.]), array([1, 3, 0, 2, 3, 2, 2, 2, 3, 2, 3, 0, 1, 2, 3, 1, 1, 3, 0, 0, 3, 0,
       0, 0, 3, 1, 0, 1, 3, 3, 1, 3, 1, 3, 2, 1, 3, 2, 2, 3, 3, 1, 0, 3,
       2, 0, 1, 1, 0, 0, 3, 2, 1, 1, 1, 2, 2, 1, 1, 0, 3, 3, 3, 0, 0, 2,
       1, 1, 2, 3, 1, 2, 2, 3, 2, 3, 1, 3, 1, 3, 3, 0, 3, 3, 2, 2, 2, 1,
       2, 1, 3, 0, 3, 3, 3, 1, 0, 1, 2, 2, 2, 0, 1, 3, 1, 2, 2, 3, 2, 0,
       3, 1, 2, 3, 1, 0, 1, 1, 2, 3], dtype=object)]
[92, array([-20., -10., -10.,   0.]), array([1, 3, 0, 2, 3, 2, 2, 2, 3, 2, 3, 0, 1, 2, 3, 1, 1, 3, 0, 0, 3, 0,
       0, 0, 3, 1, 0, 1, 3, 3, 1, 3, 1, 3, 2, 1, 3, 2, 2, 3, 3, 1, 0, 3,
       2, 0, 1, 1, 0, 0, 3, 2, 1, 1, 1, 2, 2, 1, 1, 0, 3, 3, 3, 0, 0, 2,
       1, 1, 2, 3, 1, 2, 2, 3, 2, 3, 1, 3, 1, 3, 3, 0, 3, 3, 2, 2, 2, 1,
       2, 1, 3, 0, 3, 3, 3, 1, 0, 1, 2, 2, 2, 0, 1, 3, 1, 2, 2, 3, 2, 0,
       3, 1, 2, 3, 1, 0, 1, 1, 2, 3], dtype=object)]
[92, array([-20., -10., -10.,   0.]), array([1, 3, 0, 2, 3, 2, 2, 2, 3, 2, 3, 0, 1, 2, 3, 1, 1, 3, 0, 0, 3, 0,
       0, 0, 3, 1, 0, 1, 3, 3, 1, 3, 1, 3, 2, 1, 3, 2, 2, 3, 3, 1, 0, 3,
       2, 0, 1, 1, 0, 0, 3, 2, 1, 1, 1, 2, 2, 1, 1, 0, 3, 3, 3, 0, 0, 2,
       1, 1, 2, 3, 1, 2, 2, 3, 2, 3, 1, 3, 1, 3, 3, 0, 3, 3, 2, 2, 2, 1,
       2, 1, 3, 0, 3, 3, 3, 1, 0, 1, 2, 2, 2, 0, 1, 3, 1, 2, 2, 3, 2, 0,
       3, 1, 2, 3, 1, 0, 1, 1, 2, 3], dtype=object)]
[93, array([-20., -10., -10.,   0.]), array([1, 3, 0, 2, 3, 2, 2, 2, 1, 2, 3, 0, 3, 0, 3, 1, 1, 0, 1, 0, 3, 0,
       0, 0, 3, 1, 3, 2, 3, 3, 1, 3, 1, 2, 2, 1, 3, 2, 2, 3, 3, 1, 0, 3,
       1, 0, 1, 1, 2, 3, 3, 0, 1, 1, 3, 2, 3, 1, 1, 0, 3, 3, 3, 0, 2, 2,
       1, 1, 2, 3, 1, 2, 2, 2, 2, 3, 1, 3, 1, 3, 3, 0, 3, 3, 2, 2, 2, 1,
       2, 1, 3, 0, 3, 3, 3, 1, 0, 1, 2, 2, 2, 0, 1, 3, 1, 2, 2, 3, 2, 0,
       0, 1, 2, 3, 2, 0, 2, 1, 2, 3], dtype=object)]
[93, array([-20., -10., -10.,   0.]), array([1, 3, 0, 2, 3, 2, 2, 2, 1, 2, 3, 0, 3, 0, 3, 1, 1, 0, 1, 0, 3, 0,
       0, 0, 3, 1, 3, 2, 3, 3, 1, 3, 1, 2, 2, 1, 3, 2, 2, 3, 3, 1, 0, 3,
       1, 0, 1, 1, 2, 3, 3, 0, 1, 1, 3, 2, 3, 1, 1, 0, 3, 3, 3, 0, 2, 2,
       1, 1, 2, 3, 1, 2, 2, 2, 2, 3, 1, 3, 1, 3, 3, 0, 3, 3, 2, 2, 2, 1,
       2, 1, 3, 0, 3, 3, 3, 1, 0, 1, 2, 2, 2, 0, 1, 3, 1, 2, 2, 3, 2, 0,
       0, 1, 2, 3, 2, 0, 2, 1, 2, 3], dtype=object)]
[93, array([-20., -10., -10.,   0.]), array([1, 3, 0, 2, 3, 2, 2, 2, 1, 2, 3, 0, 3, 0, 3, 1, 1, 0, 1, 0, 3, 0,
       0, 0, 3, 1, 3, 2, 3, 3, 1, 3, 1, 2, 2, 1, 3, 2, 2, 3, 3, 1, 0, 3,
       1, 0, 1, 1, 2, 3, 3, 0, 1, 1, 3, 2, 3, 1, 1, 0, 3, 3, 3, 0, 2, 2,
       1, 1, 2, 3, 1, 2, 2, 2, 2, 3, 1, 3, 1, 3, 3, 0, 3, 3, 2, 2, 2, 1,
       2, 1, 3, 0, 3, 3, 3, 1, 0, 1, 2, 2, 2, 0, 1, 3, 1, 2, 2, 3, 2, 0,
       0, 1, 2, 3, 2, 0, 2, 1, 2, 3], dtype=object)]
[93, array([-20., -10., -10.,   0.]), array([1, 3, 0, 2, 3, 2, 2, 2, 1, 2, 3, 0, 3, 0, 3, 1, 1, 0, 1, 0, 3, 0,
       0, 0, 3, 1, 3, 2, 3, 3, 1, 3, 1, 2, 2, 1, 3, 2, 2, 3, 3, 1, 0, 3,
       1, 0, 1, 1, 2, 3, 3, 0, 1, 1, 3, 2, 3, 1, 1, 0, 3, 3, 3, 0, 2, 2,
       1, 1, 2, 3, 1, 2, 2, 2, 2, 3, 1, 3, 1, 3, 3, 0, 3, 3, 2, 2, 2, 1,
       2, 1, 3, 0, 3, 3, 3, 1, 0, 1, 2, 2, 2, 0, 1, 3, 1, 2, 2, 3, 2, 0,
       0, 1, 2, 3, 2, 0, 2, 1, 2, 3], dtype=object)]
[94, array([-20., -10., -10.,   0.]), array([1, 3, 0, 2, 3, 2, 2, 2, 3, 2, 3, 0, 1, 0, 3, 1, 1, 3, 0, 0, 3, 0,
       0, 0, 3, 1, 0, 1, 3, 3, 1, 3, 1, 3, 2, 1, 3, 2, 2, 3, 3, 1, 0, 3,
       3, 0, 1, 1, 0, 0, 3, 2, 1, 1, 1, 2, 2, 1, 1, 0, 3, 3, 3, 0, 2, 2,
       1, 1, 2, 3, 1, 2, 2, 2, 2, 3, 1, 3, 1, 3, 3, 0, 3, 3, 2, 2, 2, 1,
       2, 1, 3, 0, 3, 3, 3, 1, 0, 1, 2, 2, 3, 0, 2, 3, 1, 2, 2, 2, 2, 0,
       0, 1, 3, 3, 2, 0, 0, 1, 2, 3], dtype=object)]
[94, array([-20., -10., -10.,   0.]), array([1, 3, 0, 2, 3, 2, 2, 2, 3, 2, 3, 0, 1, 0, 3, 1, 1, 3, 0, 0, 3, 0,
       0, 0, 3, 1, 0, 1, 3, 3, 1, 3, 1, 3, 2, 1, 3, 2, 2, 3, 3, 1, 0, 3,
       3, 0, 1, 1, 0, 0, 3, 2, 1, 1, 1, 2, 2, 1, 1, 0, 3, 3, 3, 0, 2, 2,
       1, 1, 2, 3, 1, 2, 2, 2, 2, 3, 1, 3, 1, 3, 3, 0, 3, 3, 2, 2, 2, 1,
       2, 1, 3, 0, 3, 3, 3, 1, 0, 1, 2, 2, 3, 0, 2, 3, 1, 2, 2, 2, 2, 0,
       0, 1, 3, 3, 2, 0, 0, 1, 2, 3], dtype=object)]
[94, array([-20., -10., -10.,   0.]), array([1, 3, 0, 2, 3, 2, 2, 2, 3, 2, 3, 0, 1, 0, 3, 1, 1, 3, 0, 0, 3, 0,
       0, 0, 3, 1, 0, 1, 3, 3, 1, 3, 1, 3, 2, 1, 3, 2, 2, 3, 3, 1, 0, 3,
       3, 0, 1, 1, 0, 0, 3, 2, 1, 1, 1, 2, 2, 1, 1, 0, 3, 3, 3, 0, 2, 2,
       1, 1, 2, 3, 1, 2, 2, 2, 2, 3, 1, 3, 1, 3, 3, 0, 3, 3, 2, 2, 2, 1,
       2, 1, 3, 0, 3, 3, 3, 1, 0, 1, 2, 2, 3, 0, 2, 3, 1, 2, 2, 2, 2, 0,
       0, 1, 3, 3, 2, 0, 0, 1, 2, 3], dtype=object)]
[94, array([-20., -10., -10.,   0.]), array([1, 3, 0, 2, 3, 2, 2, 2, 3, 2, 3, 0, 1, 0, 3, 1, 1, 3, 0, 0, 3, 0,
       0, 0, 3, 1, 0, 1, 3, 3, 1, 3, 1, 3, 2, 1, 3, 2, 2, 3, 3, 1, 0, 3,
       3, 0, 1, 1, 0, 0, 3, 2, 1, 1, 1, 2, 2, 1, 1, 0, 3, 3, 3, 0, 2, 2,
       1, 1, 2, 3, 1, 2, 2, 2, 2, 3, 1, 3, 1, 3, 3, 0, 3, 3, 2, 2, 2, 1,
       2, 1, 3, 0, 3, 3, 3, 1, 0, 1, 2, 2, 3, 0, 2, 3, 1, 2, 2, 2, 2, 0,
       0, 1, 3, 3, 2, 0, 0, 1, 2, 3], dtype=object)]
[95, array([-20., -10., -10.,   0.]), array([1, 3, 0, 2, 3, 2, 2, 2, 1, 2, 3, 0, 1, 0, 3, 1, 1, 0, 1, 0, 3, 0,
       0, 0, 0, 1, 3, 3, 1, 0, 1, 3, 1, 2, 2, 1, 3, 2, 2, 3, 3, 1, 0, 3,
       2, 0, 1, 1, 0, 0, 3, 2, 1, 1, 1, 2, 2, 1, 1, 0, 3, 3, 3, 0, 0, 2,
       1, 2, 2, 3, 1, 2, 2, 2, 2, 3, 1, 3, 1, 3, 3, 0, 3, 3, 2, 2, 2, 1,
       2, 1, 3, 0, 3, 3, 3, 1, 0, 1, 2, 2, 2, 0, 2, 3, 1, 2, 2, 3, 2, 0,
       0, 1, 2, 3, 2, 0, 0, 1, 2, 0], dtype=object)]
[95, array([-20., -10., -10.,   0.]), array([1, 3, 0, 2, 3, 2, 2, 2, 1, 2, 3, 0, 1, 0, 3, 1, 1, 0, 1, 0, 3, 0,
       0, 0, 0, 1, 3, 3, 1, 0, 1, 3, 1, 2, 2, 1, 3, 2, 2, 3, 3, 1, 0, 3,
       2, 0, 1, 1, 0, 0, 3, 2, 1, 1, 1, 2, 2, 1, 1, 0, 3, 3, 3, 0, 0, 2,
       1, 2, 2, 3, 1, 2, 2, 2, 2, 3, 1, 3, 1, 3, 3, 0, 3, 3, 2, 2, 2, 1,
       2, 1, 3, 0, 3, 3, 3, 1, 0, 1, 2, 2, 2, 0, 2, 3, 1, 2, 2, 3, 2, 0,
       0, 1, 2, 3, 2, 0, 0, 1, 2, 0], dtype=object)]
[95, array([-20., -10., -10.,   0.]), array([1, 3, 0, 2, 3, 2, 2, 2, 1, 2, 3, 0, 1, 0, 3, 1, 1, 0, 1, 0, 3, 0,
       0, 0, 0, 1, 3, 3, 1, 0, 1, 3, 1, 2, 2, 1, 3, 2, 2, 3, 3, 1, 0, 3,
       2, 0, 1, 1, 0, 0, 3, 2, 1, 1, 1, 2, 2, 1, 1, 0, 3, 3, 3, 0, 0, 2,
       1, 2, 2, 3, 1, 2, 2, 2, 2, 3, 1, 3, 1, 3, 3, 0, 3, 3, 2, 2, 2, 1,
       2, 1, 3, 0, 3, 3, 3, 1, 0, 1, 2, 2, 2, 0, 2, 3, 1, 2, 2, 3, 2, 0,
       0, 1, 2, 3, 2, 0, 0, 1, 2, 0], dtype=object)]
[95, array([-20., -10., -10.,   0.]), array([1, 3, 0, 2, 3, 2, 2, 2, 1, 2, 3, 0, 1, 0, 3, 1, 1, 0, 1, 0, 3, 0,
       0, 0, 0, 1, 3, 3, 1, 0, 1, 3, 1, 2, 2, 1, 3, 2, 2, 3, 3, 1, 0, 3,
       2, 0, 1, 1, 0, 0, 3, 2, 1, 1, 1, 2, 2, 1, 1, 0, 3, 3, 3, 0, 0, 2,
       1, 2, 2, 3, 1, 2, 2, 2, 2, 3, 1, 3, 1, 3, 3, 0, 3, 3, 2, 2, 2, 1,
       2, 1, 3, 0, 3, 3, 3, 1, 0, 1, 2, 2, 2, 0, 2, 3, 1, 2, 2, 3, 2, 0,
       0, 1, 2, 3, 2, 0, 0, 1, 2, 0], dtype=object)]
[96, array([-20., -10., -10.,   0.]), array([1, 3, 0, 2, 3, 2, 2, 2, 3, 2, 3, 0, 1, 0, 3, 1, 1, 0, 1, 0, 3, 0,
       0, 0, 3, 1, 3, 1, 3, 0, 1, 3, 1, 2, 2, 1, 3, 2, 2, 3, 3, 1, 0, 3,
       1, 0, 1, 1, 0, 0, 3, 2, 1, 1, 1, 2, 2, 1, 1, 0, 3, 3, 3, 0, 0, 2,
       1, 2, 2, 3, 3, 2, 2, 2, 2, 3, 1, 3, 1, 3, 3, 0, 3, 3, 0, 2, 2, 1,
       2, 1, 3, 0, 3, 3, 1, 1, 0, 3, 2, 2, 2, 0, 2, 3, 1, 2, 2, 3, 2, 0,
       0, 1, 2, 3, 2, 0, 2, 1, 2, 3], dtype=object)]
[96, array([-20., -10., -10.,   0.]), array([1, 3, 0, 2, 3, 2, 2, 2, 3, 2, 3, 0, 1, 0, 3, 1, 1, 0, 1, 0, 3, 0,
       0, 0, 3, 1, 3, 1, 3, 0, 1, 3, 1, 2, 2, 1, 3, 2, 2, 3, 3, 1, 0, 3,
       1, 0, 1, 1, 0, 0, 3, 2, 1, 1, 1, 2, 2, 1, 1, 0, 3, 3, 3, 0, 0, 2,
       1, 2, 2, 3, 3, 2, 2, 2, 2, 3, 1, 3, 1, 3, 3, 0, 3, 3, 0, 2, 2, 1,
       2, 1, 3, 0, 3, 3, 1, 1, 0, 3, 2, 2, 2, 0, 2, 3, 1, 2, 2, 3, 2, 0,
       0, 1, 2, 3, 2, 0, 2, 1, 2, 3], dtype=object)]
[96, array([-20., -10., -10.,   0.]), array([1, 3, 0, 2, 3, 2, 2, 2, 3, 2, 3, 0, 1, 0, 3, 1, 1, 0, 1, 0, 3, 0,
       0, 0, 3, 1, 3, 1, 3, 0, 1, 3, 1, 2, 2, 1, 3, 2, 2, 3, 3, 1, 0, 3,
       1, 0, 1, 1, 0, 0, 3, 2, 1, 1, 1, 2, 2, 1, 1, 0, 3, 3, 3, 0, 0, 2,
       1, 2, 2, 3, 3, 2, 2, 2, 2, 3, 1, 3, 1, 3, 3, 0, 3, 3, 0, 2, 2, 1,
       2, 1, 3, 0, 3, 3, 1, 1, 0, 3, 2, 2, 2, 0, 2, 3, 1, 2, 2, 3, 2, 0,
       0, 1, 2, 3, 2, 0, 2, 1, 2, 3], dtype=object)]
[96, array([-20., -10., -10.,   0.]), array([1, 3, 0, 2, 3, 2, 2, 2, 3, 2, 3, 0, 1, 0, 3, 1, 1, 0, 1, 0, 3, 0,
       0, 0, 3, 1, 3, 1, 3, 0, 1, 3, 1, 2, 2, 1, 3, 2, 2, 3, 3, 1, 0, 3,
       1, 0, 1, 1, 0, 0, 3, 2, 1, 1, 1, 2, 2, 1, 1, 0, 3, 3, 3, 0, 0, 2,
       1, 2, 2, 3, 3, 2, 2, 2, 2, 3, 1, 3, 1, 3, 3, 0, 3, 3, 0, 2, 2, 1,
       2, 1, 3, 0, 3, 3, 1, 1, 0, 3, 2, 2, 2, 0, 2, 3, 1, 2, 2, 3, 2, 0,
       0, 1, 2, 3, 2, 0, 2, 1, 2, 3], dtype=object)]
[97, array([-20., -10., -10.,   0.]), array([1, 3, 0, 2, 3, 2, 2, 2, 1, 2, 3, 0, 1, 0, 3, 1, 1, 0, 1, 0, 3, 0,
       0, 0, 3, 1, 3, 3, 1, 0, 1, 3, 1, 2, 2, 1, 3, 2, 2, 3, 3, 1, 0, 3,
       1, 0, 1, 1, 2, 3, 3, 0, 1, 1, 3, 2, 3, 1, 1, 0, 3, 3, 3, 0, 2, 2,
       1, 1, 2, 3, 1, 2, 2, 2, 2, 3, 1, 3, 1, 3, 3, 0, 3, 3, 2, 2, 2, 1,
       2, 1, 3, 0, 3, 3, 3, 1, 0, 1, 2, 2, 2, 0, 1, 3, 1, 2, 2, 3, 2, 0,
       0, 1, 2, 3, 0, 0, 0, 0, 1, 2], dtype=object)]
[97, array([-20., -10., -10.,   0.]), array([1, 3, 0, 2, 3, 2, 2, 2, 1, 2, 3, 0, 1, 0, 3, 1, 1, 0, 1, 0, 3, 0,
       0, 0, 3, 1, 3, 3, 1, 0, 1, 3, 1, 2, 2, 1, 3, 2, 2, 3, 3, 1, 0, 3,
       1, 0, 1, 1, 2, 3, 3, 0, 1, 1, 3, 2, 3, 1, 1, 0, 3, 3, 3, 0, 2, 2,
       1, 1, 2, 3, 1, 2, 2, 2, 2, 3, 1, 3, 1, 3, 3, 0, 3, 3, 2, 2, 2, 1,
       2, 1, 3, 0, 3, 3, 3, 1, 0, 1, 2, 2, 2, 0, 1, 3, 1, 2, 2, 3, 2, 0,
       0, 1, 2, 3, 0, 0, 0, 0, 1, 2], dtype=object)]
[97, array([-20., -10., -10.,   0.]), array([1, 3, 0, 2, 3, 2, 2, 2, 1, 2, 3, 0, 1, 0, 3, 1, 1, 0, 1, 0, 3, 0,
       0, 0, 3, 1, 3, 3, 1, 0, 1, 3, 1, 2, 2, 1, 3, 2, 2, 3, 3, 1, 0, 3,
       1, 0, 1, 1, 2, 3, 3, 0, 1, 1, 3, 2, 3, 1, 1, 0, 3, 3, 3, 0, 2, 2,
       1, 1, 2, 3, 1, 2, 2, 2, 2, 3, 1, 3, 1, 3, 3, 0, 3, 3, 2, 2, 2, 1,
       2, 1, 3, 0, 3, 3, 3, 1, 0, 1, 2, 2, 2, 0, 1, 3, 1, 2, 2, 3, 2, 0,
       0, 1, 2, 3, 0, 0, 0, 0, 1, 2], dtype=object)]
[97, array([-20., -10., -10.,   0.]), array([1, 3, 0, 2, 3, 2, 2, 2, 1, 2, 3, 0, 1, 0, 3, 1, 1, 0, 1, 0, 3, 0,
       0, 0, 3, 1, 3, 3, 1, 0, 1, 3, 1, 2, 2, 1, 3, 2, 2, 3, 3, 1, 0, 3,
       1, 0, 1, 1, 2, 3, 3, 0, 1, 1, 3, 2, 3, 1, 1, 0, 3, 3, 3, 0, 2, 2,
       1, 1, 2, 3, 1, 2, 2, 2, 2, 3, 1, 3, 1, 3, 3, 0, 3, 3, 2, 2, 2, 1,
       2, 1, 3, 0, 3, 3, 3, 1, 0, 1, 2, 2, 2, 0, 1, 3, 1, 2, 2, 3, 2, 0,
       0, 1, 2, 3, 0, 0, 0, 0, 1, 2], dtype=object)]
[98, array([-20., -10., -10.,   0.]), array([1, 3, 0, 2, 1, 2, 2, 2, 1, 2, 3, 0, 1, 0, 3, 1, 1, 0, 1, 0, 3, 0,
       0, 0, 3, 1, 3, 3, 1, 0, 1, 3, 1, 2, 2, 1, 3, 2, 2, 3, 3, 1, 0, 3,
       1, 0, 1, 1, 2, 3, 3, 0, 1, 1, 3, 2, 3, 1, 1, 0, 3, 3, 3, 0, 2, 2,
       1, 1, 2, 3, 1, 2, 2, 2, 2, 3, 1, 3, 1, 3, 3, 0, 3, 3, 2, 2, 2, 1,
       2, 1, 3, 0, 3, 3, 3, 1, 0, 1, 2, 2, 2, 0, 1, 3, 1, 2, 2, 3, 2, 0,
       0, 1, 2, 3, 0, 0, 0, 0, 1, 2], dtype=object)]
[98, array([-20., -10., -10.,   0.]), array([1, 3, 0, 2, 1, 2, 2, 2, 1, 2, 3, 0, 1, 0, 3, 1, 1, 0, 1, 0, 3, 0,
       0, 0, 3, 1, 3, 3, 1, 0, 1, 3, 1, 2, 2, 1, 3, 2, 2, 3, 3, 1, 0, 3,
       1, 0, 1, 1, 2, 3, 3, 0, 1, 1, 3, 2, 3, 1, 1, 0, 3, 3, 3, 0, 2, 2,
       1, 1, 2, 3, 1, 2, 2, 2, 2, 3, 1, 3, 1, 3, 3, 0, 3, 3, 2, 2, 2, 1,
       2, 1, 3, 0, 3, 3, 3, 1, 0, 1, 2, 2, 2, 0, 1, 3, 1, 2, 2, 3, 2, 0,
       0, 1, 2, 3, 0, 0, 0, 0, 1, 2], dtype=object)]
[98, array([-20., -10., -10.,   0.]), array([1, 3, 0, 2, 1, 2, 2, 2, 1, 2, 3, 0, 1, 0, 3, 1, 1, 0, 1, 0, 3, 0,
       0, 0, 3, 1, 3, 3, 1, 0, 1, 3, 1, 2, 2, 1, 3, 2, 2, 3, 3, 1, 0, 3,
       1, 0, 1, 1, 2, 3, 3, 0, 1, 1, 3, 2, 3, 1, 1, 0, 3, 3, 3, 0, 2, 2,
       1, 1, 2, 3, 1, 2, 2, 2, 2, 3, 1, 3, 1, 3, 3, 0, 3, 3, 2, 2, 2, 1,
       2, 1, 3, 0, 3, 3, 3, 1, 0, 1, 2, 2, 2, 0, 1, 3, 1, 2, 2, 3, 2, 0,
       0, 1, 2, 3, 0, 0, 0, 0, 1, 2], dtype=object)]
[98, array([-20., -10., -10.,   0.]), array([1, 3, 0, 2, 1, 2, 2, 2, 1, 2, 3, 0, 1, 0, 3, 1, 1, 0, 1, 0, 3, 0,
       0, 0, 3, 1, 3, 3, 1, 0, 1, 3, 1, 2, 2, 1, 3, 2, 2, 3, 3, 1, 0, 3,
       1, 0, 1, 1, 2, 3, 3, 0, 1, 1, 3, 2, 3, 1, 1, 0, 3, 3, 3, 0, 2, 2,
       1, 1, 2, 3, 1, 2, 2, 2, 2, 3, 1, 3, 1, 3, 3, 0, 3, 3, 2, 2, 2, 1,
       2, 1, 3, 0, 3, 3, 3, 1, 0, 1, 2, 2, 2, 0, 1, 3, 1, 2, 2, 3, 2, 0,
       0, 1, 2, 3, 0, 0, 0, 0, 1, 2], dtype=object)]
[99, array([-20., -10., -10.,   0.]), array([1, 3, 0, 2, 3, 2, 2, 2, 1, 2, 3, 0, 3, 0, 3, 1, 1, 0, 0, 0, 3, 0,
       0, 2, 3, 1, 0, 1, 3, 3, 1, 3, 1, 3, 2, 1, 3, 2, 2, 3, 3, 1, 0, 3,
       2, 0, 1, 1, 0, 0, 3, 0, 1, 1, 3, 2, 3, 1, 1, 0, 3, 3, 3, 0, 0, 2,
       1, 1, 2, 3, 1, 2, 2, 2, 2, 3, 1, 3, 1, 3, 3, 0, 3, 3, 2, 1, 2, 1,
       2, 1, 3, 0, 1, 3, 3, 1, 0, 3, 2, 2, 3, 0, 2, 3, 2, 0, 2, 3, 2, 2,
       0, 1, 0, 3, 0, 0, 0, 1, 1, 2], dtype=object)]
[99, array([-20., -10., -10.,   0.]), array([1, 3, 0, 2, 3, 2, 2, 2, 1, 2, 3, 0, 3, 0, 3, 1, 1, 0, 0, 0, 3, 0,
       0, 2, 3, 1, 0, 1, 3, 3, 1, 3, 1, 3, 2, 1, 3, 2, 2, 3, 3, 1, 0, 3,
       2, 0, 1, 1, 0, 0, 3, 0, 1, 1, 3, 2, 3, 1, 1, 0, 3, 3, 3, 0, 0, 2,
       1, 1, 2, 3, 1, 2, 2, 2, 2, 3, 1, 3, 1, 3, 3, 0, 3, 3, 2, 1, 2, 1,
       2, 1, 3, 0, 1, 3, 3, 1, 0, 3, 2, 2, 3, 0, 2, 3, 2, 0, 2, 3, 2, 2,
       0, 1, 0, 3, 0, 0, 0, 1, 1, 2], dtype=object)]
[99, array([-20., -10., -10.,   0.]), array([1, 3, 0, 2, 3, 2, 2, 2, 1, 2, 3, 0, 3, 0, 3, 1, 1, 0, 0, 0, 3, 0,
       0, 2, 3, 1, 0, 1, 3, 3, 1, 3, 1, 3, 2, 1, 3, 2, 2, 3, 3, 1, 0, 3,
       2, 0, 1, 1, 0, 0, 3, 0, 1, 1, 3, 2, 3, 1, 1, 0, 3, 3, 3, 0, 0, 2,
       1, 1, 2, 3, 1, 2, 2, 2, 2, 3, 1, 3, 1, 3, 3, 0, 3, 3, 2, 1, 2, 1,
       2, 1, 3, 0, 1, 3, 3, 1, 0, 3, 2, 2, 3, 0, 2, 3, 2, 0, 2, 3, 2, 2,
       0, 1, 0, 3, 0, 0, 0, 1, 1, 2], dtype=object)]
[99, array([-20., -10., -10.,   0.]), array([1, 3, 0, 2, 3, 2, 2, 2, 1, 2, 3, 0, 3, 0, 3, 1, 1, 0, 0, 0, 3, 0,
       0, 2, 3, 1, 0, 1, 3, 3, 1, 3, 1, 3, 2, 1, 3, 2, 2, 3, 3, 1, 0, 3,
       2, 0, 1, 1, 0, 0, 3, 0, 1, 1, 3, 2, 3, 1, 1, 0, 3, 3, 3, 0, 0, 2,
       1, 1, 2, 3, 1, 2, 2, 2, 2, 3, 1, 3, 1, 3, 3, 0, 3, 3, 2, 1, 2, 1,
       2, 1, 3, 0, 1, 3, 3, 1, 0, 3, 2, 2, 3, 0, 2, 3, 2, 0, 2, 3, 2, 2,
       0, 1, 0, 3, 0, 0, 0, 1, 1, 2], dtype=object)]
[100, array([-20., -10., -10.,   0.]), array([1, 3, 0, 2, 3, 2, 2, 2, 1, 2, 3, 0, 3, 0, 3, 1, 1, 0, 1, 0, 3, 0,
       0, 0, 3, 1, 3, 1, 3, 3, 1, 3, 1, 3, 2, 1, 3, 1, 2, 3, 3, 1, 0, 3,
       1, 0, 1, 1, 2, 3, 3, 0, 2, 1, 3, 2, 1, 1, 1, 0, 3, 3, 3, 0, 2, 2,
       1, 1, 2, 3, 1, 2, 2, 2, 2, 3, 1, 3, 1, 3, 3, 0, 3, 3, 2, 1, 2, 1,
       2, 1, 3, 0, 1, 3, 3, 1, 0, 3, 2, 2, 3, 0, 2, 3, 2, 0, 2, 3, 2, 2,
       0, 1, 0, 3, 0, 0, 0, 1, 1, 2], dtype=object)]
[100, array([-20., -10., -10.,   0.]), array([1, 3, 0, 2, 3, 2, 2, 2, 1, 2, 3, 0, 3, 0, 3, 1, 1, 0, 1, 0, 3, 0,
       0, 0, 3, 1, 3, 1, 3, 3, 1, 3, 1, 3, 2, 1, 3, 1, 2, 3, 3, 1, 0, 3,
       1, 0, 1, 1, 2, 3, 3, 0, 2, 1, 3, 2, 1, 1, 1, 0, 3, 3, 3, 0, 2, 2,
       1, 1, 2, 3, 1, 2, 2, 2, 2, 3, 1, 3, 1, 3, 3, 0, 3, 3, 2, 1, 2, 1,
       2, 1, 3, 0, 1, 3, 3, 1, 0, 3, 2, 2, 3, 0, 2, 3, 2, 0, 2, 3, 2, 2,
       0, 1, 0, 3, 0, 0, 0, 1, 1, 2], dtype=object)]
[100, array([-20., -10., -10.,   0.]), array([1, 3, 0, 2, 3, 2, 2, 2, 1, 2, 3, 0, 3, 0, 3, 1, 1, 0, 1, 0, 3, 0,
       0, 0, 3, 1, 3, 1, 3, 3, 1, 3, 1, 3, 2, 1, 3, 1, 2, 3, 3, 1, 0, 3,
       1, 0, 1, 1, 2, 3, 3, 0, 2, 1, 3, 2, 1, 1, 1, 0, 3, 3, 3, 0, 2, 2,
       1, 1, 2, 3, 1, 2, 2, 2, 2, 3, 1, 3, 1, 3, 3, 0, 3, 3, 2, 1, 2, 1,
       2, 1, 3, 0, 1, 3, 3, 1, 0, 3, 2, 2, 3, 0, 2, 3, 2, 0, 2, 3, 2, 2,
       0, 1, 0, 3, 0, 0, 0, 1, 1, 2], dtype=object)]
[100, array([-20., -10., -10.,   0.]), array([1, 3, 0, 2, 3, 2, 2, 2, 1, 2, 3, 0, 3, 0, 3, 1, 1, 0, 1, 0, 3, 0,
       0, 0, 3, 1, 3, 1, 3, 3, 1, 3, 1, 3, 2, 1, 3, 1, 2, 3, 3, 1, 0, 3,
       1, 0, 1, 1, 2, 3, 3, 0, 2, 1, 3, 2, 1, 1, 1, 0, 3, 3, 3, 0, 2, 2,
       1, 1, 2, 3, 1, 2, 2, 2, 2, 3, 1, 3, 1, 3, 3, 0, 3, 3, 2, 1, 2, 1,
       2, 1, 3, 0, 1, 3, 3, 1, 0, 3, 2, 2, 3, 0, 2, 3, 2, 0, 2, 3, 2, 2,
       0, 1, 0, 3, 0, 0, 0, 1, 1, 2], dtype=object)]
[101, array([-20., -10., -10.,   0.]), array([1, 3, 0, 2, 3, 2, 2, 2, 1, 2, 3, 0, 1, 0, 3, 1, 1, 0, 1, 0, 3, 0,
       0, 0, 0, 1, 3, 3, 1, 0, 1, 3, 1, 2, 2, 1, 3, 2, 2, 3, 3, 1, 0, 3,
       1, 0, 1, 1, 2, 3, 3, 0, 1, 1, 3, 2, 2, 1, 1, 0, 3, 3, 3, 0, 0, 2,
       1, 1, 2, 3, 1, 2, 2, 2, 2, 3, 1, 3, 1, 3, 3, 0, 3, 3, 2, 1, 2, 1,
       2, 1, 3, 0, 1, 0, 3, 1, 0, 3, 2, 2, 0, 0, 2, 3, 2, 0, 2, 1, 2, 2,
       0, 1, 0, 3, 0, 0, 0, 1, 2, 3], dtype=object)]
[101, array([-20., -10., -10.,   0.]), array([1, 3, 0, 2, 3, 2, 2, 2, 1, 2, 3, 0, 1, 0, 3, 1, 1, 0, 1, 0, 3, 0,
       0, 0, 0, 1, 3, 3, 1, 0, 1, 3, 1, 2, 2, 1, 3, 2, 2, 3, 3, 1, 0, 3,
       1, 0, 1, 1, 2, 3, 3, 0, 1, 1, 3, 2, 2, 1, 1, 0, 3, 3, 3, 0, 0, 2,
       1, 1, 2, 3, 1, 2, 2, 2, 2, 3, 1, 3, 1, 3, 3, 0, 3, 3, 2, 1, 2, 1,
       2, 1, 3, 0, 1, 0, 3, 1, 0, 3, 2, 2, 0, 0, 2, 3, 2, 0, 2, 1, 2, 2,
       0, 1, 0, 3, 0, 0, 0, 1, 2, 3], dtype=object)]
[101, array([-20., -10., -10.,   0.]), array([1, 3, 0, 2, 3, 2, 2, 2, 1, 2, 3, 0, 1, 0, 3, 1, 1, 0, 1, 0, 3, 0,
       0, 0, 0, 1, 3, 3, 1, 0, 1, 3, 1, 2, 2, 1, 3, 2, 2, 3, 3, 1, 0, 3,
       1, 0, 1, 1, 2, 3, 3, 0, 1, 1, 3, 2, 2, 1, 1, 0, 3, 3, 3, 0, 0, 2,
       1, 1, 2, 3, 1, 2, 2, 2, 2, 3, 1, 3, 1, 3, 3, 0, 3, 3, 2, 1, 2, 1,
       2, 1, 3, 0, 1, 0, 3, 1, 0, 3, 2, 2, 0, 0, 2, 3, 2, 0, 2, 1, 2, 2,
       0, 1, 0, 3, 0, 0, 0, 1, 2, 3], dtype=object)]
[101, array([-20., -10., -10.,   0.]), array([1, 3, 0, 2, 3, 2, 2, 2, 1, 2, 3, 0, 1, 0, 3, 1, 1, 0, 1, 0, 3, 0,
       0, 0, 0, 1, 3, 3, 1, 0, 1, 3, 1, 2, 2, 1, 3, 2, 2, 3, 3, 1, 0, 3,
       1, 0, 1, 1, 2, 3, 3, 0, 1, 1, 3, 2, 2, 1, 1, 0, 3, 3, 3, 0, 0, 2,
       1, 1, 2, 3, 1, 2, 2, 2, 2, 3, 1, 3, 1, 3, 3, 0, 3, 3, 2, 1, 2, 1,
       2, 1, 3, 0, 1, 0, 3, 1, 0, 3, 2, 2, 0, 0, 2, 3, 2, 0, 2, 1, 2, 2,
       0, 1, 0, 3, 0, 0, 0, 1, 2, 3], dtype=object)]
[102, array([-20., -10., -10.,   0.]), array([1, 3, 0, 2, 3, 2, 2, 2, 1, 2, 3, 0, 1, 0, 3, 1, 1, 0, 1, 0, 3, 0,
       0, 0, 0, 1, 3, 3, 1, 0, 1, 3, 1, 2, 2, 1, 3, 2, 2, 3, 3, 1, 0, 3,
       1, 0, 1, 1, 2, 3, 3, 0, 1, 1, 3, 2, 2, 1, 1, 0, 3, 3, 3, 0, 0, 2,
       1, 1, 2, 3, 1, 2, 2, 1, 2, 3, 1, 3, 1, 3, 3, 0, 3, 3, 2, 1, 2, 1,
       2, 1, 3, 0, 1, 0, 3, 1, 0, 3, 2, 2, 0, 0, 2, 3, 2, 0, 2, 1, 2, 2,
       0, 1, 0, 3, 0, 0, 0, 1, 2, 3], dtype=object)]
[102, array([-20., -10., -10.,   0.]), array([1, 3, 0, 2, 3, 2, 2, 2, 1, 2, 3, 0, 1, 0, 3, 1, 1, 0, 1, 0, 3, 0,
       0, 0, 0, 1, 3, 3, 1, 0, 1, 3, 1, 2, 2, 1, 3, 2, 2, 3, 3, 1, 0, 3,
       1, 0, 1, 1, 2, 3, 3, 0, 1, 1, 3, 2, 2, 1, 1, 0, 3, 3, 3, 0, 0, 2,
       1, 1, 2, 3, 1, 2, 2, 1, 2, 3, 1, 3, 1, 3, 3, 0, 3, 3, 2, 1, 2, 1,
       2, 1, 3, 0, 1, 0, 3, 1, 0, 3, 2, 2, 0, 0, 2, 3, 2, 0, 2, 1, 2, 2,
       0, 1, 0, 3, 0, 0, 0, 1, 2, 3], dtype=object)]
[102, array([-20., -10., -10.,   0.]), array([1, 3, 0, 2, 3, 2, 2, 2, 1, 2, 3, 0, 1, 0, 3, 1, 1, 0, 1, 0, 3, 0,
       0, 0, 0, 1, 3, 3, 1, 0, 1, 3, 1, 2, 2, 1, 3, 2, 2, 3, 3, 1, 0, 3,
       1, 0, 1, 1, 2, 3, 3, 0, 1, 1, 3, 2, 2, 1, 1, 0, 3, 3, 3, 0, 0, 2,
       1, 1, 2, 3, 1, 2, 2, 1, 2, 3, 1, 3, 1, 3, 3, 0, 3, 3, 2, 1, 2, 1,
       2, 1, 3, 0, 1, 0, 3, 1, 0, 3, 2, 2, 0, 0, 2, 3, 2, 0, 2, 1, 2, 2,
       0, 1, 0, 3, 0, 0, 0, 1, 2, 3], dtype=object)]
[102, array([-20., -10., -10.,   0.]), array([1, 3, 0, 2, 3, 2, 2, 2, 1, 2, 3, 0, 1, 0, 3, 1, 1, 0, 1, 0, 3, 0,
       0, 0, 0, 1, 3, 3, 1, 0, 1, 3, 1, 2, 2, 1, 3, 2, 2, 3, 3, 1, 0, 3,
       1, 0, 1, 1, 2, 3, 3, 0, 1, 1, 3, 2, 2, 1, 1, 0, 3, 3, 3, 0, 0, 2,
       1, 1, 2, 3, 1, 2, 2, 1, 2, 3, 1, 3, 1, 3, 3, 0, 3, 3, 2, 1, 2, 1,
       2, 1, 3, 0, 1, 0, 3, 1, 0, 3, 2, 2, 0, 0, 2, 3, 2, 0, 2, 1, 2, 2,
       0, 1, 0, 3, 0, 0, 0, 1, 2, 3], dtype=object)]
[103, array([-20., -10., -10.,   0.]), array([1, 3, 0, 2, 3, 2, 2, 2, 1, 2, 3, 0, 3, 0, 3, 1, 1, 0, 1, 0, 3, 0,
       0, 0, 3, 1, 3, 3, 1, 0, 1, 3, 1, 2, 2, 1, 3, 2, 2, 3, 3, 1, 0, 3,
       1, 1, 1, 1, 2, 3, 3, 0, 1, 1, 3, 2, 3, 1, 0, 0, 3, 3, 3, 0, 0, 2,
       1, 1, 2, 3, 1, 2, 2, 3, 2, 3, 1, 3, 1, 3, 3, 0, 3, 3, 2, 3, 2, 1,
       2, 1, 3, 0, 1, 3, 3, 1, 0, 3, 2, 2, 3, 0, 2, 3, 2, 0, 2, 3, 2, 2,
       0, 1, 0, 3, 0, 0, 0, 1, 1, 2], dtype=object)]
[103, array([-20., -10., -10.,   0.]), array([1, 3, 0, 2, 3, 2, 2, 2, 1, 2, 3, 0, 3, 0, 3, 1, 1, 0, 1, 0, 3, 0,
       0, 0, 3, 1, 3, 3, 1, 0, 1, 3, 1, 2, 2, 1, 3, 2, 2, 3, 3, 1, 0, 3,
       1, 1, 1, 1, 2, 3, 3, 0, 1, 1, 3, 2, 3, 1, 0, 0, 3, 3, 3, 0, 0, 2,
       1, 1, 2, 3, 1, 2, 2, 3, 2, 3, 1, 3, 1, 3, 3, 0, 3, 3, 2, 3, 2, 1,
       2, 1, 3, 0, 1, 3, 3, 1, 0, 3, 2, 2, 3, 0, 2, 3, 2, 0, 2, 3, 2, 2,
       0, 1, 0, 3, 0, 0, 0, 1, 1, 2], dtype=object)]
[103, array([-20., -10., -10.,   0.]), array([1, 3, 0, 2, 3, 2, 2, 2, 1, 2, 3, 0, 3, 0, 3, 1, 1, 0, 1, 0, 3, 0,
       0, 0, 3, 1, 3, 3, 1, 0, 1, 3, 1, 2, 2, 1, 3, 2, 2, 3, 3, 1, 0, 3,
       1, 1, 1, 1, 2, 3, 3, 0, 1, 1, 3, 2, 3, 1, 0, 0, 3, 3, 3, 0, 0, 2,
       1, 1, 2, 3, 1, 2, 2, 3, 2, 3, 1, 3, 1, 3, 3, 0, 3, 3, 2, 3, 2, 1,
       2, 1, 3, 0, 1, 3, 3, 1, 0, 3, 2, 2, 3, 0, 2, 3, 2, 0, 2, 3, 2, 2,
       0, 1, 0, 3, 0, 0, 0, 1, 1, 2], dtype=object)]
[103, array([-20., -10., -10.,   0.]), array([1, 3, 0, 2, 3, 2, 2, 2, 1, 2, 3, 0, 3, 0, 3, 1, 1, 0, 1, 0, 3, 0,
       0, 0, 3, 1, 3, 3, 1, 0, 1, 3, 1, 2, 2, 1, 3, 2, 2, 3, 3, 1, 0, 3,
       1, 1, 1, 1, 2, 3, 3, 0, 1, 1, 3, 2, 3, 1, 0, 0, 3, 3, 3, 0, 0, 2,
       1, 1, 2, 3, 1, 2, 2, 3, 2, 3, 1, 3, 1, 3, 3, 0, 3, 3, 2, 3, 2, 1,
       2, 1, 3, 0, 1, 3, 3, 1, 0, 3, 2, 2, 3, 0, 2, 3, 2, 0, 2, 3, 2, 2,
       0, 1, 0, 3, 0, 0, 0, 1, 1, 2], dtype=object)]
[104, array([-20., -10., -10.,   0.]), array([1, 3, 0, 2, 3, 3, 2, 2, 1, 2, 3, 0, 3, 0, 3, 1, 1, 0, 1, 0, 3, 0,
       0, 0, 3, 1, 3, 3, 1, 0, 1, 3, 1, 2, 2, 1, 3, 2, 2, 3, 3, 1, 0, 3,
       1, 1, 1, 1, 2, 3, 3, 0, 1, 1, 3, 2, 3, 1, 0, 0, 3, 3, 3, 0, 0, 2,
       1, 1, 2, 3, 1, 2, 2, 3, 2, 3, 1, 3, 1, 3, 3, 0, 3, 3, 2, 1, 2, 1,
       2, 1, 3, 0, 1, 3, 3, 1, 0, 3, 2, 2, 3, 0, 2, 3, 2, 0, 2, 3, 2, 2,
       0, 1, 0, 3, 0, 0, 0, 1, 1, 2], dtype=object)]
[104, array([-20., -10., -10.,   0.]), array([1, 3, 0, 2, 3, 3, 2, 2, 1, 2, 3, 0, 3, 0, 3, 1, 1, 0, 1, 0, 3, 0,
       0, 0, 3, 1, 3, 3, 1, 0, 1, 3, 1, 2, 2, 1, 3, 2, 2, 3, 3, 1, 0, 3,
       1, 1, 1, 1, 2, 3, 3, 0, 1, 1, 3, 2, 3, 1, 0, 0, 3, 3, 3, 0, 0, 2,
       1, 1, 2, 3, 1, 2, 2, 3, 2, 3, 1, 3, 1, 3, 3, 0, 3, 3, 2, 1, 2, 1,
       2, 1, 3, 0, 1, 3, 3, 1, 0, 3, 2, 2, 3, 0, 2, 3, 2, 0, 2, 3, 2, 2,
       0, 1, 0, 3, 0, 0, 0, 1, 1, 2], dtype=object)]
[104, array([-20., -10., -10.,   0.]), array([1, 3, 0, 2, 3, 3, 2, 2, 1, 2, 3, 0, 3, 0, 3, 1, 1, 0, 1, 0, 3, 0,
       0, 0, 3, 1, 3, 3, 1, 0, 1, 3, 1, 2, 2, 1, 3, 2, 2, 3, 3, 1, 0, 3,
       1, 1, 1, 1, 2, 3, 3, 0, 1, 1, 3, 2, 3, 1, 0, 0, 3, 3, 3, 0, 0, 2,
       1, 1, 2, 3, 1, 2, 2, 3, 2, 3, 1, 3, 1, 3, 3, 0, 3, 3, 2, 1, 2, 1,
       2, 1, 3, 0, 1, 3, 3, 1, 0, 3, 2, 2, 3, 0, 2, 3, 2, 0, 2, 3, 2, 2,
       0, 1, 0, 3, 0, 0, 0, 1, 1, 2], dtype=object)]
[104, array([-20., -10., -10.,   0.]), array([1, 3, 0, 2, 3, 3, 2, 2, 1, 2, 3, 0, 3, 0, 3, 1, 1, 0, 1, 0, 3, 0,
       0, 0, 3, 1, 3, 3, 1, 0, 1, 3, 1, 2, 2, 1, 3, 2, 2, 3, 3, 1, 0, 3,
       1, 1, 1, 1, 2, 3, 3, 0, 1, 1, 3, 2, 3, 1, 0, 0, 3, 3, 3, 0, 0, 2,
       1, 1, 2, 3, 1, 2, 2, 3, 2, 3, 1, 3, 1, 3, 3, 0, 3, 3, 2, 1, 2, 1,
       2, 1, 3, 0, 1, 3, 3, 1, 0, 3, 2, 2, 3, 0, 2, 3, 2, 0, 2, 3, 2, 2,
       0, 1, 0, 3, 0, 0, 0, 1, 1, 2], dtype=object)]
[105, array([-20., -10., -10.,   0.]), array([1, 3, 0, 2, 3, 2, 2, 2, 1, 2, 3, 0, 3, 0, 3, 1, 1, 0, 2, 0, 3, 0,
       0, 0, 3, 1, 3, 1, 3, 2, 1, 3, 1, 3, 2, 1, 3, 1, 2, 3, 3, 1, 0, 3,
       1, 0, 1, 1, 2, 3, 3, 0, 1, 1, 3, 2, 3, 1, 1, 0, 3, 3, 3, 0, 0, 2,
       1, 1, 2, 3, 3, 2, 2, 3, 2, 3, 1, 3, 1, 2, 3, 0, 3, 3, 2, 2, 2, 1,
       2, 1, 3, 0, 3, 3, 3, 1, 0, 1, 2, 2, 3, 0, 2, 3, 2, 0, 2, 3, 2, 2,
       0, 1, 0, 3, 0, 0, 0, 1, 1, 2], dtype=object)]
[105, array([-20., -10., -10.,   0.]), array([1, 3, 0, 2, 3, 2, 2, 2, 1, 2, 3, 0, 3, 0, 3, 1, 1, 0, 2, 0, 3, 0,
       0, 0, 3, 1, 3, 1, 3, 2, 1, 3, 1, 3, 2, 1, 3, 1, 2, 3, 3, 1, 0, 3,
       1, 0, 1, 1, 2, 3, 3, 0, 1, 1, 3, 2, 3, 1, 1, 0, 3, 3, 3, 0, 0, 2,
       1, 1, 2, 3, 3, 2, 2, 3, 2, 3, 1, 3, 1, 2, 3, 0, 3, 3, 2, 2, 2, 1,
       2, 1, 3, 0, 3, 3, 3, 1, 0, 1, 2, 2, 3, 0, 2, 3, 2, 0, 2, 3, 2, 2,
       0, 1, 0, 3, 0, 0, 0, 1, 1, 2], dtype=object)]
[105, array([-20., -10., -10.,   0.]), array([1, 3, 0, 2, 3, 2, 2, 2, 1, 2, 3, 0, 3, 0, 3, 1, 1, 0, 2, 0, 3, 0,
       0, 0, 3, 1, 3, 1, 3, 2, 1, 3, 1, 3, 2, 1, 3, 1, 2, 3, 3, 1, 0, 3,
       1, 0, 1, 1, 2, 3, 3, 0, 1, 1, 3, 2, 3, 1, 1, 0, 3, 3, 3, 0, 0, 2,
       1, 1, 2, 3, 3, 2, 2, 3, 2, 3, 1, 3, 1, 2, 3, 0, 3, 3, 2, 2, 2, 1,
       2, 1, 3, 0, 3, 3, 3, 1, 0, 1, 2, 2, 3, 0, 2, 3, 2, 0, 2, 3, 2, 2,
       0, 1, 0, 3, 0, 0, 0, 1, 1, 2], dtype=object)]
[105, array([-20., -10., -10.,   0.]), array([1, 3, 0, 2, 3, 2, 2, 2, 1, 2, 3, 0, 3, 0, 3, 1, 1, 0, 2, 0, 3, 0,
       0, 0, 3, 1, 3, 1, 3, 2, 1, 3, 1, 3, 2, 1, 3, 1, 2, 3, 3, 1, 0, 3,
       1, 0, 1, 1, 2, 3, 3, 0, 1, 1, 3, 2, 3, 1, 1, 0, 3, 3, 3, 0, 0, 2,
       1, 1, 2, 3, 3, 2, 2, 3, 2, 3, 1, 3, 1, 2, 3, 0, 3, 3, 2, 2, 2, 1,
       2, 1, 3, 0, 3, 3, 3, 1, 0, 1, 2, 2, 3, 0, 2, 3, 2, 0, 2, 3, 2, 2,
       0, 1, 0, 3, 0, 0, 0, 1, 1, 2], dtype=object)]
[106, array([-20., -10., -10.,   0.]), array([1, 3, 0, 2, 3, 2, 2, 2, 1, 2, 3, 0, 3, 0, 3, 1, 1, 0, 2, 0, 3, 0,
       0, 0, 0, 1, 3, 1, 3, 2, 1, 3, 1, 3, 2, 1, 3, 1, 2, 3, 3, 1, 0, 3,
       1, 0, 1, 1, 2, 3, 3, 0, 1, 1, 3, 2, 3, 1, 1, 0, 3, 3, 3, 0, 0, 2,
       1, 1, 2, 3, 3, 2, 2, 3, 2, 3, 1, 3, 1, 2, 3, 0, 3, 3, 2, 2, 2, 1,
       2, 1, 3, 0, 3, 3, 3, 1, 0, 1, 2, 2, 3, 0, 2, 3, 2, 0, 2, 3, 2, 2,
       0, 1, 0, 3, 0, 0, 0, 1, 1, 2], dtype=object)]
[106, array([-20., -10., -10.,   0.]), array([1, 3, 0, 2, 3, 2, 2, 2, 1, 2, 3, 0, 3, 0, 3, 1, 1, 0, 2, 0, 3, 0,
       0, 0, 0, 1, 3, 1, 3, 2, 1, 3, 1, 3, 2, 1, 3, 1, 2, 3, 3, 1, 0, 3,
       1, 0, 1, 1, 2, 3, 3, 0, 1, 1, 3, 2, 3, 1, 1, 0, 3, 3, 3, 0, 0, 2,
       1, 1, 2, 3, 3, 2, 2, 3, 2, 3, 1, 3, 1, 2, 3, 0, 3, 3, 2, 2, 2, 1,
       2, 1, 3, 0, 3, 3, 3, 1, 0, 1, 2, 2, 3, 0, 2, 3, 2, 0, 2, 3, 2, 2,
       0, 1, 0, 3, 0, 0, 0, 1, 1, 2], dtype=object)]
[106, array([-20., -10., -10.,   0.]), array([1, 3, 0, 2, 3, 2, 2, 2, 1, 2, 3, 0, 3, 0, 3, 1, 1, 0, 2, 0, 3, 0,
       0, 0, 0, 1, 3, 1, 3, 2, 1, 3, 1, 3, 2, 1, 3, 1, 2, 3, 3, 1, 0, 3,
       1, 0, 1, 1, 2, 3, 3, 0, 1, 1, 3, 2, 3, 1, 1, 0, 3, 3, 3, 0, 0, 2,
       1, 1, 2, 3, 3, 2, 2, 3, 2, 3, 1, 3, 1, 2, 3, 0, 3, 3, 2, 2, 2, 1,
       2, 1, 3, 0, 3, 3, 3, 1, 0, 1, 2, 2, 3, 0, 2, 3, 2, 0, 2, 3, 2, 2,
       0, 1, 0, 3, 0, 0, 0, 1, 1, 2], dtype=object)]
[106, array([-20., -10., -10.,   0.]), array([1, 3, 0, 2, 3, 2, 2, 2, 1, 2, 3, 0, 3, 0, 3, 1, 1, 0, 2, 0, 3, 0,
       0, 0, 0, 1, 3, 1, 3, 2, 1, 3, 1, 3, 2, 1, 3, 1, 2, 3, 3, 1, 0, 3,
       1, 0, 1, 1, 2, 3, 3, 0, 1, 1, 3, 2, 3, 1, 1, 0, 3, 3, 3, 0, 0, 2,
       1, 1, 2, 3, 3, 2, 2, 3, 2, 3, 1, 3, 1, 2, 3, 0, 3, 3, 2, 2, 2, 1,
       2, 1, 3, 0, 3, 3, 3, 1, 0, 1, 2, 2, 3, 0, 2, 3, 2, 0, 2, 3, 2, 2,
       0, 1, 0, 3, 0, 0, 0, 1, 1, 2], dtype=object)]
[107, array([-20., -10., -10.,   0.]), array([1, 3, 0, 2, 3, 2, 2, 2, 1, 2, 3, 0, 3, 0, 3, 1, 1, 0, 1, 0, 3, 0,
       0, 0, 3, 1, 3, 3, 1, 0, 1, 3, 1, 2, 2, 1, 3, 2, 2, 3, 3, 1, 0, 3,
       1, 0, 1, 1, 0, 0, 3, 2, 1, 1, 1, 2, 2, 1, 1, 0, 3, 3, 3, 0, 0, 2,
       1, 2, 2, 3, 1, 2, 2, 3, 2, 3, 1, 3, 1, 3, 3, 0, 3, 3, 2, 2, 2, 1,
       2, 1, 3, 0, 3, 2, 2, 2, 3, 3, 2, 2, 3, 0, 2, 3, 2, 0, 2, 3, 2, 2,
       0, 1, 0, 3, 0, 0, 0, 1, 1, 2], dtype=object)]
[107, array([-20., -10., -10.,   0.]), array([1, 3, 0, 2, 3, 2, 2, 2, 1, 2, 3, 0, 3, 0, 3, 1, 1, 0, 1, 0, 3, 0,
       0, 0, 3, 1, 3, 3, 1, 0, 1, 3, 1, 2, 2, 1, 3, 2, 2, 3, 3, 1, 0, 3,
       1, 0, 1, 1, 0, 0, 3, 2, 1, 1, 1, 2, 2, 1, 1, 0, 3, 3, 3, 0, 0, 2,
       1, 2, 2, 3, 1, 2, 2, 3, 2, 3, 1, 3, 1, 3, 3, 0, 3, 3, 2, 2, 2, 1,
       2, 1, 3, 0, 3, 2, 2, 2, 3, 3, 2, 2, 3, 0, 2, 3, 2, 0, 2, 3, 2, 2,
       0, 1, 0, 3, 0, 0, 0, 1, 1, 2], dtype=object)]
[107, array([-20., -10., -10.,   0.]), array([1, 3, 0, 2, 3, 2, 2, 2, 1, 2, 3, 0, 3, 0, 3, 1, 1, 0, 1, 0, 3, 0,
       0, 0, 3, 1, 3, 3, 1, 0, 1, 3, 1, 2, 2, 1, 3, 2, 2, 3, 3, 1, 0, 3,
       1, 0, 1, 1, 0, 0, 3, 2, 1, 1, 1, 2, 2, 1, 1, 0, 3, 3, 3, 0, 0, 2,
       1, 2, 2, 3, 1, 2, 2, 3, 2, 3, 1, 3, 1, 3, 3, 0, 3, 3, 2, 2, 2, 1,
       2, 1, 3, 0, 3, 2, 2, 2, 3, 3, 2, 2, 3, 0, 2, 3, 2, 0, 2, 3, 2, 2,
       0, 1, 0, 3, 0, 0, 0, 1, 1, 2], dtype=object)]
[107, array([-20., -10., -10.,   0.]), array([1, 3, 0, 2, 3, 2, 2, 2, 1, 2, 3, 0, 3, 0, 3, 1, 1, 0, 1, 0, 3, 0,
       0, 0, 3, 1, 3, 3, 1, 0, 1, 3, 1, 2, 2, 1, 3, 2, 2, 3, 3, 1, 0, 3,
       1, 0, 1, 1, 0, 0, 3, 2, 1, 1, 1, 2, 2, 1, 1, 0, 3, 3, 3, 0, 0, 2,
       1, 2, 2, 3, 1, 2, 2, 3, 2, 3, 1, 3, 1, 3, 3, 0, 3, 3, 2, 2, 2, 1,
       2, 1, 3, 0, 3, 2, 2, 2, 3, 3, 2, 2, 3, 0, 2, 3, 2, 0, 2, 3, 2, 2,
       0, 1, 0, 3, 0, 0, 0, 1, 1, 2], dtype=object)]
[108, array([-20., -10., -10.,   0.]), array([1, 3, 0, 2, 3, 2, 2, 2, 1, 2, 3, 0, 3, 0, 3, 1, 1, 0, 1, 0, 3, 0,
       0, 0, 3, 1, 3, 3, 1, 0, 1, 3, 1, 2, 2, 1, 3, 2, 2, 3, 3, 1, 0, 3,
       1, 0, 1, 1, 0, 0, 3, 2, 1, 1, 1, 2, 2, 1, 1, 0, 0, 3, 3, 0, 0, 2,
       1, 2, 2, 3, 1, 2, 2, 3, 2, 3, 1, 3, 1, 3, 3, 0, 3, 3, 2, 2, 2, 1,
       2, 1, 3, 0, 3, 2, 2, 2, 3, 3, 2, 2, 3, 0, 2, 3, 2, 0, 2, 3, 2, 2,
       0, 1, 0, 3, 0, 0, 0, 1, 1, 2], dtype=object)]
[108, array([-20., -10., -10.,   0.]), array([1, 3, 0, 2, 3, 2, 2, 2, 1, 2, 3, 0, 3, 0, 3, 1, 1, 0, 1, 0, 3, 0,
       0, 0, 3, 1, 3, 3, 1, 0, 1, 3, 1, 2, 2, 1, 3, 2, 2, 3, 3, 1, 0, 3,
       1, 0, 1, 1, 0, 0, 3, 2, 1, 1, 1, 2, 2, 1, 1, 0, 0, 3, 3, 0, 0, 2,
       1, 2, 2, 3, 1, 2, 2, 3, 2, 3, 1, 3, 1, 3, 3, 0, 3, 3, 2, 2, 2, 1,
       2, 1, 3, 0, 3, 2, 2, 2, 3, 3, 2, 2, 3, 0, 2, 3, 2, 0, 2, 3, 2, 2,
       0, 1, 0, 3, 0, 0, 0, 1, 1, 2], dtype=object)]
[108, array([-20., -10., -10.,   0.]), array([1, 3, 0, 2, 3, 2, 2, 2, 1, 2, 3, 0, 3, 0, 3, 1, 1, 0, 1, 0, 3, 0,
       0, 0, 3, 1, 3, 3, 1, 0, 1, 3, 1, 2, 2, 1, 3, 2, 2, 3, 3, 1, 0, 3,
       1, 0, 1, 1, 0, 0, 3, 2, 1, 1, 1, 2, 2, 1, 1, 0, 0, 3, 3, 0, 0, 2,
       1, 2, 2, 3, 1, 2, 2, 3, 2, 3, 1, 3, 1, 3, 3, 0, 3, 3, 2, 2, 2, 1,
       2, 1, 3, 0, 3, 2, 2, 2, 3, 3, 2, 2, 3, 0, 2, 3, 2, 0, 2, 3, 2, 2,
       0, 1, 0, 3, 0, 0, 0, 1, 1, 2], dtype=object)]
[108, array([-20., -10., -10.,   0.]), array([1, 3, 0, 2, 3, 2, 2, 2, 1, 2, 3, 0, 3, 0, 3, 1, 1, 0, 1, 0, 3, 0,
       0, 0, 3, 1, 3, 3, 1, 0, 1, 3, 1, 2, 2, 1, 3, 2, 2, 3, 3, 1, 0, 3,
       1, 0, 1, 1, 0, 0, 3, 2, 1, 1, 1, 2, 2, 1, 1, 0, 0, 3, 3, 0, 0, 2,
       1, 2, 2, 3, 1, 2, 2, 3, 2, 3, 1, 3, 1, 3, 3, 0, 3, 3, 2, 2, 2, 1,
       2, 1, 3, 0, 3, 2, 2, 2, 3, 3, 2, 2, 3, 0, 2, 3, 2, 0, 2, 3, 2, 2,
       0, 1, 0, 3, 0, 0, 0, 1, 1, 2], dtype=object)]
[109, array([-20., -10., -10.,   0.]), array([1, 3, 0, 2, 3, 2, 2, 2, 1, 2, 3, 0, 3, 0, 3, 1, 1, 0, 1, 0, 3, 0,
       0, 0, 3, 1, 3, 3, 1, 0, 1, 3, 1, 2, 2, 1, 3, 2, 2, 3, 3, 1, 0, 3,
       1, 1, 1, 1, 0, 0, 3, 0, 1, 1, 1, 2, 3, 1, 1, 0, 3, 3, 3, 0, 0, 2,
       1, 2, 2, 3, 1, 2, 2, 3, 2, 3, 1, 3, 1, 3, 3, 0, 3, 3, 2, 2, 2, 1,
       2, 1, 3, 0, 3, 2, 2, 2, 3, 3, 2, 2, 3, 0, 3, 3, 2, 0, 2, 3, 2, 2,
       0, 1, 0, 3, 0, 0, 0, 1, 1, 2], dtype=object)]
[109, array([-20., -10., -10.,   0.]), array([1, 3, 0, 2, 3, 2, 2, 2, 1, 2, 3, 0, 3, 0, 3, 1, 1, 0, 1, 0, 3, 0,
       0, 0, 3, 1, 3, 3, 1, 0, 1, 3, 1, 2, 2, 1, 3, 2, 2, 3, 3, 1, 0, 3,
       1, 1, 1, 1, 0, 0, 3, 0, 1, 1, 1, 2, 3, 1, 1, 0, 3, 3, 3, 0, 0, 2,
       1, 2, 2, 3, 1, 2, 2, 3, 2, 3, 1, 3, 1, 3, 3, 0, 3, 3, 2, 2, 2, 1,
       2, 1, 3, 0, 3, 2, 2, 2, 3, 3, 2, 2, 3, 0, 3, 3, 2, 0, 2, 3, 2, 2,
       0, 1, 0, 3, 0, 0, 0, 1, 1, 2], dtype=object)]
[109, array([-20., -10., -10.,   0.]), array([1, 3, 0, 2, 3, 2, 2, 2, 1, 2, 3, 0, 3, 0, 3, 1, 1, 0, 1, 0, 3, 0,
       0, 0, 3, 1, 3, 3, 1, 0, 1, 3, 1, 2, 2, 1, 3, 2, 2, 3, 3, 1, 0, 3,
       1, 1, 1, 1, 0, 0, 3, 0, 1, 1, 1, 2, 3, 1, 1, 0, 3, 3, 3, 0, 0, 2,
       1, 2, 2, 3, 1, 2, 2, 3, 2, 3, 1, 3, 1, 3, 3, 0, 3, 3, 2, 2, 2, 1,
       2, 1, 3, 0, 3, 2, 2, 2, 3, 3, 2, 2, 3, 0, 3, 3, 2, 0, 2, 3, 2, 2,
       0, 1, 0, 3, 0, 0, 0, 1, 1, 2], dtype=object)]
[109, array([-20., -10., -10.,   0.]), array([1, 3, 0, 2, 3, 2, 2, 2, 1, 2, 3, 0, 3, 0, 3, 1, 1, 0, 1, 0, 3, 0,
       0, 0, 3, 1, 3, 3, 1, 0, 1, 3, 1, 2, 2, 1, 3, 2, 2, 3, 3, 1, 0, 3,
       1, 1, 1, 1, 0, 0, 3, 0, 1, 1, 1, 2, 3, 1, 1, 0, 3, 3, 3, 0, 0, 2,
       1, 2, 2, 3, 1, 2, 2, 3, 2, 3, 1, 3, 1, 3, 3, 0, 3, 3, 2, 2, 2, 1,
       2, 1, 3, 0, 3, 2, 2, 2, 3, 3, 2, 2, 3, 0, 3, 3, 2, 0, 2, 3, 2, 2,
       0, 1, 0, 3, 0, 0, 0, 1, 1, 2], dtype=object)]
[110, array([-20., -10., -10.,   0.]), array([1, 3, 0, 2, 3, 2, 2, 2, 3, 2, 3, 2, 1, 0, 3, 1, 1, 0, 1, 0, 3, 0,
       0, 0, 3, 1, 3, 3, 0, 0, 1, 1, 1, 2, 2, 1, 3, 2, 2, 3, 3, 1, 0, 3,
       2, 0, 1, 1, 0, 0, 3, 2, 1, 1, 1, 2, 2, 1, 1, 0, 3, 3, 1, 0, 0, 2,
       1, 2, 2, 3, 1, 2, 2, 3, 2, 3, 1, 3, 1, 3, 3, 0, 3, 3, 2, 2, 2, 1,
       2, 1, 3, 0, 3, 2, 2, 2, 3, 1, 2, 2, 3, 0, 2, 3, 1, 3, 2, 3, 2, 0,
       0, 1, 2, 3, 0, 0, 0, 0, 1, 2], dtype=object)]
[110, array([-20., -10., -10.,   0.]), array([1, 3, 0, 2, 3, 2, 2, 2, 3, 2, 3, 2, 1, 0, 3, 1, 1, 0, 1, 0, 3, 0,
       0, 0, 3, 1, 3, 3, 0, 0, 1, 1, 1, 2, 2, 1, 3, 2, 2, 3, 3, 1, 0, 3,
       2, 0, 1, 1, 0, 0, 3, 2, 1, 1, 1, 2, 2, 1, 1, 0, 3, 3, 1, 0, 0, 2,
       1, 2, 2, 3, 1, 2, 2, 3, 2, 3, 1, 3, 1, 3, 3, 0, 3, 3, 2, 2, 2, 1,
       2, 1, 3, 0, 3, 2, 2, 2, 3, 1, 2, 2, 3, 0, 2, 3, 1, 3, 2, 3, 2, 0,
       0, 1, 2, 3, 0, 0, 0, 0, 1, 2], dtype=object)]
[110, array([-20., -10., -10.,   0.]), array([1, 3, 0, 2, 3, 2, 2, 2, 3, 2, 3, 2, 1, 0, 3, 1, 1, 0, 1, 0, 3, 0,
       0, 0, 3, 1, 3, 3, 0, 0, 1, 1, 1, 2, 2, 1, 3, 2, 2, 3, 3, 1, 0, 3,
       2, 0, 1, 1, 0, 0, 3, 2, 1, 1, 1, 2, 2, 1, 1, 0, 3, 3, 1, 0, 0, 2,
       1, 2, 2, 3, 1, 2, 2, 3, 2, 3, 1, 3, 1, 3, 3, 0, 3, 3, 2, 2, 2, 1,
       2, 1, 3, 0, 3, 2, 2, 2, 3, 1, 2, 2, 3, 0, 2, 3, 1, 3, 2, 3, 2, 0,
       0, 1, 2, 3, 0, 0, 0, 0, 1, 2], dtype=object)]
[110, array([-20., -10., -10.,   0.]), array([1, 3, 0, 2, 3, 2, 2, 2, 3, 2, 3, 2, 1, 0, 3, 1, 1, 0, 1, 0, 3, 0,
       0, 0, 3, 1, 3, 3, 0, 0, 1, 1, 1, 2, 2, 1, 3, 2, 2, 3, 3, 1, 0, 3,
       2, 0, 1, 1, 0, 0, 3, 2, 1, 1, 1, 2, 2, 1, 1, 0, 3, 3, 1, 0, 0, 2,
       1, 2, 2, 3, 1, 2, 2, 3, 2, 3, 1, 3, 1, 3, 3, 0, 3, 3, 2, 2, 2, 1,
       2, 1, 3, 0, 3, 2, 2, 2, 3, 1, 2, 2, 3, 0, 2, 3, 1, 3, 2, 3, 2, 0,
       0, 1, 2, 3, 0, 0, 0, 0, 1, 2], dtype=object)]
[111, array([-20., -10., -10.,   0.]), array([1, 3, 0, 2, 3, 2, 2, 2, 1, 2, 3, 0, 3, 0, 3, 1, 1, 0, 1, 0, 3, 0,
       0, 0, 3, 1, 3, 3, 1, 0, 1, 3, 1, 2, 2, 1, 3, 2, 2, 3, 3, 1, 0, 3,
       2, 2, 1, 1, 0, 0, 3, 2, 1, 1, 1, 2, 3, 1, 1, 0, 3, 3, 3, 0, 0, 2,
       1, 2, 2, 3, 1, 2, 2, 3, 2, 3, 1, 3, 1, 3, 3, 0, 3, 3, 2, 2, 2, 1,
       2, 1, 3, 0, 3, 3, 3, 1, 0, 1, 1, 2, 2, 0, 2, 3, 1, 2, 2, 3, 0, 0,
       0, 1, 2, 3, 0, 0, 0, 0, 1, 2], dtype=object)]
[111, array([-20., -10., -10.,   0.]), array([1, 3, 0, 2, 3, 2, 2, 2, 1, 2, 3, 0, 3, 0, 3, 1, 1, 0, 1, 0, 3, 0,
       0, 0, 3, 1, 3, 3, 1, 0, 1, 3, 1, 2, 2, 1, 3, 2, 2, 3, 3, 1, 0, 3,
       2, 2, 1, 1, 0, 0, 3, 2, 1, 1, 1, 2, 3, 1, 1, 0, 3, 3, 3, 0, 0, 2,
       1, 2, 2, 3, 1, 2, 2, 3, 2, 3, 1, 3, 1, 3, 3, 0, 3, 3, 2, 2, 2, 1,
       2, 1, 3, 0, 3, 3, 3, 1, 0, 1, 1, 2, 2, 0, 2, 3, 1, 2, 2, 3, 0, 0,
       0, 1, 2, 3, 0, 0, 0, 0, 1, 2], dtype=object)]
[111, array([-20., -10., -10.,   0.]), array([1, 3, 0, 2, 3, 2, 2, 2, 1, 2, 3, 0, 3, 0, 3, 1, 1, 0, 1, 0, 3, 0,
       0, 0, 3, 1, 3, 3, 1, 0, 1, 3, 1, 2, 2, 1, 3, 2, 2, 3, 3, 1, 0, 3,
       2, 2, 1, 1, 0, 0, 3, 2, 1, 1, 1, 2, 3, 1, 1, 0, 3, 3, 3, 0, 0, 2,
       1, 2, 2, 3, 1, 2, 2, 3, 2, 3, 1, 3, 1, 3, 3, 0, 3, 3, 2, 2, 2, 1,
       2, 1, 3, 0, 3, 3, 3, 1, 0, 1, 1, 2, 2, 0, 2, 3, 1, 2, 2, 3, 0, 0,
       0, 1, 2, 3, 0, 0, 0, 0, 1, 2], dtype=object)]
[111, array([-20., -10., -10.,   0.]), array([1, 3, 0, 2, 3, 2, 2, 2, 1, 2, 3, 0, 3, 0, 3, 1, 1, 0, 1, 0, 3, 0,
       0, 0, 3, 1, 3, 3, 1, 0, 1, 3, 1, 2, 2, 1, 3, 2, 2, 3, 3, 1, 0, 3,
       2, 2, 1, 1, 0, 0, 3, 2, 1, 1, 1, 2, 3, 1, 1, 0, 3, 3, 3, 0, 0, 2,
       1, 2, 2, 3, 1, 2, 2, 3, 2, 3, 1, 3, 1, 3, 3, 0, 3, 3, 2, 2, 2, 1,
       2, 1, 3, 0, 3, 3, 3, 1, 0, 1, 1, 2, 2, 0, 2, 3, 1, 2, 2, 3, 0, 0,
       0, 1, 2, 3, 0, 0, 0, 0, 1, 2], dtype=object)]
[112, array([-20., -10., -10.,   0.]), array([1, 3, 0, 2, 3, 2, 2, 2, 1, 2, 3, 0, 3, 0, 3, 3, 1, 0, 1, 0, 3, 0,
       0, 0, 3, 1, 3, 3, 1, 0, 1, 3, 1, 2, 2, 1, 3, 2, 2, 3, 3, 1, 0, 3,
       2, 2, 1, 1, 0, 0, 3, 2, 1, 1, 1, 2, 2, 1, 1, 0, 3, 3, 3, 0, 0, 2,
       1, 2, 2, 3, 3, 2, 3, 3, 2, 3, 1, 3, 1, 3, 3, 0, 3, 3, 2, 2, 2, 1,
       2, 1, 3, 0, 3, 3, 3, 1, 0, 1, 1, 2, 2, 0, 2, 3, 1, 2, 2, 3, 0, 0,
       0, 1, 2, 3, 0, 0, 0, 0, 1, 2], dtype=object)]
[112, array([-20., -10., -10.,   0.]), array([1, 3, 0, 2, 3, 2, 2, 2, 1, 2, 3, 0, 3, 0, 3, 3, 1, 0, 1, 0, 3, 0,
       0, 0, 3, 1, 3, 3, 1, 0, 1, 3, 1, 2, 2, 1, 3, 2, 2, 3, 3, 1, 0, 3,
       2, 2, 1, 1, 0, 0, 3, 2, 1, 1, 1, 2, 2, 1, 1, 0, 3, 3, 3, 0, 0, 2,
       1, 2, 2, 3, 3, 2, 3, 3, 2, 3, 1, 3, 1, 3, 3, 0, 3, 3, 2, 2, 2, 1,
       2, 1, 3, 0, 3, 3, 3, 1, 0, 1, 1, 2, 2, 0, 2, 3, 1, 2, 2, 3, 0, 0,
       0, 1, 2, 3, 0, 0, 0, 0, 1, 2], dtype=object)]
[112, array([-20., -10., -10.,   0.]), array([1, 3, 0, 2, 3, 2, 2, 2, 1, 2, 3, 0, 3, 0, 3, 3, 1, 0, 1, 0, 3, 0,
       0, 0, 3, 1, 3, 3, 1, 0, 1, 3, 1, 2, 2, 1, 3, 2, 2, 3, 3, 1, 0, 3,
       2, 2, 1, 1, 0, 0, 3, 2, 1, 1, 1, 2, 2, 1, 1, 0, 3, 3, 3, 0, 0, 2,
       1, 2, 2, 3, 3, 2, 3, 3, 2, 3, 1, 3, 1, 3, 3, 0, 3, 3, 2, 2, 2, 1,
       2, 1, 3, 0, 3, 3, 3, 1, 0, 1, 1, 2, 2, 0, 2, 3, 1, 2, 2, 3, 0, 0,
       0, 1, 2, 3, 0, 0, 0, 0, 1, 2], dtype=object)]
[112, array([-20., -10., -10.,   0.]), array([1, 3, 0, 2, 3, 2, 2, 2, 1, 2, 3, 0, 3, 0, 3, 3, 1, 0, 1, 0, 3, 0,
       0, 0, 3, 1, 3, 3, 1, 0, 1, 3, 1, 2, 2, 1, 3, 2, 2, 3, 3, 1, 0, 3,
       2, 2, 1, 1, 0, 0, 3, 2, 1, 1, 1, 2, 2, 1, 1, 0, 3, 3, 3, 0, 0, 2,
       1, 2, 2, 3, 3, 2, 3, 3, 2, 3, 1, 3, 1, 3, 3, 0, 3, 3, 2, 2, 2, 1,
       2, 1, 3, 0, 3, 3, 3, 1, 0, 1, 1, 2, 2, 0, 2, 3, 1, 2, 2, 3, 0, 0,
       0, 1, 2, 3, 0, 0, 0, 0, 1, 2], dtype=object)]
[113, array([-20., -10., -10.,   0.]), array([1, 3, 0, 2, 3, 2, 2, 2, 1, 2, 3, 0, 3, 0, 3, 1, 1, 0, 1, 0, 3, 0,
       0, 0, 3, 1, 3, 3, 1, 0, 1, 3, 1, 2, 2, 1, 3, 2, 2, 3, 3, 1, 0, 3,
       2, 0, 1, 0, 0, 0, 3, 2, 1, 1, 1, 2, 3, 1, 0, 0, 3, 3, 3, 0, 0, 2,
       1, 1, 2, 3, 1, 2, 2, 3, 2, 3, 1, 3, 1, 3, 3, 0, 3, 3, 2, 2, 2, 1,
       2, 1, 3, 0, 3, 2, 2, 2, 3, 1, 2, 2, 3, 0, 2, 3, 1, 3, 2, 3, 2, 0,
       0, 1, 2, 3, 0, 0, 0, 0, 1, 2], dtype=object)]
[113, array([-20., -10., -10.,   0.]), array([1, 3, 0, 2, 3, 2, 2, 2, 1, 2, 3, 0, 3, 0, 3, 1, 1, 0, 1, 0, 3, 0,
       0, 0, 3, 1, 3, 3, 1, 0, 1, 3, 1, 2, 2, 1, 3, 2, 2, 3, 3, 1, 0, 3,
       2, 0, 1, 0, 0, 0, 3, 2, 1, 1, 1, 2, 3, 1, 0, 0, 3, 3, 3, 0, 0, 2,
       1, 1, 2, 3, 1, 2, 2, 3, 2, 3, 1, 3, 1, 3, 3, 0, 3, 3, 2, 2, 2, 1,
       2, 1, 3, 0, 3, 2, 2, 2, 3, 1, 2, 2, 3, 0, 2, 3, 1, 3, 2, 3, 2, 0,
       0, 1, 2, 3, 0, 0, 0, 0, 1, 2], dtype=object)]
[113, array([-20., -10., -10.,   0.]), array([1, 3, 0, 2, 3, 2, 2, 2, 1, 2, 3, 0, 3, 0, 3, 1, 1, 0, 1, 0, 3, 0,
       0, 0, 3, 1, 3, 3, 1, 0, 1, 3, 1, 2, 2, 1, 3, 2, 2, 3, 3, 1, 0, 3,
       2, 0, 1, 0, 0, 0, 3, 2, 1, 1, 1, 2, 3, 1, 0, 0, 3, 3, 3, 0, 0, 2,
       1, 1, 2, 3, 1, 2, 2, 3, 2, 3, 1, 3, 1, 3, 3, 0, 3, 3, 2, 2, 2, 1,
       2, 1, 3, 0, 3, 2, 2, 2, 3, 1, 2, 2, 3, 0, 2, 3, 1, 3, 2, 3, 2, 0,
       0, 1, 2, 3, 0, 0, 0, 0, 1, 2], dtype=object)]
[113, array([-20., -10., -10.,   0.]), array([1, 3, 0, 2, 3, 2, 2, 2, 1, 2, 3, 0, 3, 0, 3, 1, 1, 0, 1, 0, 3, 0,
       0, 0, 3, 1, 3, 3, 1, 0, 1, 3, 1, 2, 2, 1, 3, 2, 2, 3, 3, 1, 0, 3,
       2, 0, 1, 0, 0, 0, 3, 2, 1, 1, 1, 2, 3, 1, 0, 0, 3, 3, 3, 0, 0, 2,
       1, 1, 2, 3, 1, 2, 2, 3, 2, 3, 1, 3, 1, 3, 3, 0, 3, 3, 2, 2, 2, 1,
       2, 1, 3, 0, 3, 2, 2, 2, 3, 1, 2, 2, 3, 0, 2, 3, 1, 3, 2, 3, 2, 0,
       0, 1, 2, 3, 0, 0, 0, 0, 1, 2], dtype=object)]
[114, array([-20., -10., -10.,   0.]), array([1, 3, 0, 2, 3, 2, 2, 2, 1, 2, 3, 0, 3, 0, 3, 0, 0, 0, 1, 0, 3, 0,
       0, 0, 3, 1, 3, 3, 1, 0, 1, 3, 1, 2, 2, 1, 3, 2, 2, 3, 3, 1, 0, 3,
       2, 2, 1, 1, 0, 0, 3, 2, 1, 1, 1, 2, 3, 1, 1, 0, 3, 3, 3, 0, 0, 2,
       1, 2, 2, 3, 1, 2, 2, 3, 2, 3, 1, 3, 1, 3, 3, 0, 3, 3, 2, 2, 2, 1,
       2, 1, 3, 0, 3, 2, 2, 2, 3, 1, 2, 2, 3, 0, 2, 3, 1, 3, 2, 3, 2, 0,
       0, 1, 2, 3, 0, 0, 0, 0, 1, 2], dtype=object)]
[114, array([-20., -10., -10.,   0.]), array([1, 3, 0, 2, 3, 2, 2, 2, 1, 2, 3, 0, 3, 0, 3, 0, 0, 0, 1, 0, 3, 0,
       0, 0, 3, 1, 3, 3, 1, 0, 1, 3, 1, 2, 2, 1, 3, 2, 2, 3, 3, 1, 0, 3,
       2, 2, 1, 1, 0, 0, 3, 2, 1, 1, 1, 2, 3, 1, 1, 0, 3, 3, 3, 0, 0, 2,
       1, 2, 2, 3, 1, 2, 2, 3, 2, 3, 1, 3, 1, 3, 3, 0, 3, 3, 2, 2, 2, 1,
       2, 1, 3, 0, 3, 2, 2, 2, 3, 1, 2, 2, 3, 0, 2, 3, 1, 3, 2, 3, 2, 0,
       0, 1, 2, 3, 0, 0, 0, 0, 1, 2], dtype=object)]
[114, array([-20., -10., -10.,   0.]), array([1, 3, 0, 2, 3, 2, 2, 2, 1, 2, 3, 0, 3, 0, 3, 0, 0, 0, 1, 0, 3, 0,
       0, 0, 3, 1, 3, 3, 1, 0, 1, 3, 1, 2, 2, 1, 3, 2, 2, 3, 3, 1, 0, 3,
       2, 2, 1, 1, 0, 0, 3, 2, 1, 1, 1, 2, 3, 1, 1, 0, 3, 3, 3, 0, 0, 2,
       1, 2, 2, 3, 1, 2, 2, 3, 2, 3, 1, 3, 1, 3, 3, 0, 3, 3, 2, 2, 2, 1,
       2, 1, 3, 0, 3, 2, 2, 2, 3, 1, 2, 2, 3, 0, 2, 3, 1, 3, 2, 3, 2, 0,
       0, 1, 2, 3, 0, 0, 0, 0, 1, 2], dtype=object)]
[114, array([-20., -10., -10.,   0.]), array([1, 3, 0, 2, 3, 2, 2, 2, 1, 2, 3, 0, 3, 0, 3, 0, 0, 0, 1, 0, 3, 0,
       0, 0, 3, 1, 3, 3, 1, 0, 1, 3, 1, 2, 2, 1, 3, 2, 2, 3, 3, 1, 0, 3,
       2, 2, 1, 1, 0, 0, 3, 2, 1, 1, 1, 2, 3, 1, 1, 0, 3, 3, 3, 0, 0, 2,
       1, 2, 2, 3, 1, 2, 2, 3, 2, 3, 1, 3, 1, 3, 3, 0, 3, 3, 2, 2, 2, 1,
       2, 1, 3, 0, 3, 2, 2, 2, 3, 1, 2, 2, 3, 0, 2, 3, 1, 3, 2, 3, 2, 0,
       0, 1, 2, 3, 0, 0, 0, 0, 1, 2], dtype=object)]
[115, array([-20., -10., -10.,   0.]), array([1, 3, 0, 2, 3, 2, 2, 2, 1, 2, 3, 0, 3, 0, 3, 1, 1, 0, 1, 0, 3, 0,
       0, 0, 3, 1, 3, 3, 1, 0, 1, 3, 1, 2, 2, 1, 3, 2, 2, 3, 3, 1, 0, 3,
       2, 0, 1, 1, 0, 0, 3, 2, 1, 1, 1, 2, 3, 1, 1, 2, 3, 3, 3, 0, 0, 2,
       1, 2, 2, 3, 1, 2, 2, 3, 2, 3, 1, 3, 1, 3, 3, 0, 3, 3, 2, 2, 2, 1,
       2, 1, 3, 0, 3, 2, 2, 2, 3, 1, 2, 2, 3, 0, 2, 3, 1, 3, 2, 3, 2, 0,
       0, 1, 2, 3, 0, 0, 0, 0, 1, 2], dtype=object)]
[115, array([-20., -10., -10.,   0.]), array([1, 3, 0, 2, 3, 2, 2, 2, 1, 2, 3, 0, 3, 0, 3, 1, 1, 0, 1, 0, 3, 0,
       0, 0, 3, 1, 3, 3, 1, 0, 1, 3, 1, 2, 2, 1, 3, 2, 2, 3, 3, 1, 0, 3,
       2, 0, 1, 1, 0, 0, 3, 2, 1, 1, 1, 2, 3, 1, 1, 2, 3, 3, 3, 0, 0, 2,
       1, 2, 2, 3, 1, 2, 2, 3, 2, 3, 1, 3, 1, 3, 3, 0, 3, 3, 2, 2, 2, 1,
       2, 1, 3, 0, 3, 2, 2, 2, 3, 1, 2, 2, 3, 0, 2, 3, 1, 3, 2, 3, 2, 0,
       0, 1, 2, 3, 0, 0, 0, 0, 1, 2], dtype=object)]
[115, array([-20., -10., -10.,   0.]), array([1, 3, 0, 2, 3, 2, 2, 2, 1, 2, 3, 0, 3, 0, 3, 1, 1, 0, 1, 0, 3, 0,
       0, 0, 3, 1, 3, 3, 1, 0, 1, 3, 1, 2, 2, 1, 3, 2, 2, 3, 3, 1, 0, 3,
       2, 0, 1, 1, 0, 0, 3, 2, 1, 1, 1, 2, 3, 1, 1, 2, 3, 3, 3, 0, 0, 2,
       1, 2, 2, 3, 1, 2, 2, 3, 2, 3, 1, 3, 1, 3, 3, 0, 3, 3, 2, 2, 2, 1,
       2, 1, 3, 0, 3, 2, 2, 2, 3, 1, 2, 2, 3, 0, 2, 3, 1, 3, 2, 3, 2, 0,
       0, 1, 2, 3, 0, 0, 0, 0, 1, 2], dtype=object)]
[115, array([-20., -10., -10.,   0.]), array([1, 3, 0, 2, 3, 2, 2, 2, 1, 2, 3, 0, 3, 0, 3, 1, 1, 0, 1, 0, 3, 0,
       0, 0, 3, 1, 3, 3, 1, 0, 1, 3, 1, 2, 2, 1, 3, 2, 2, 3, 3, 1, 0, 3,
       2, 0, 1, 1, 0, 0, 3, 2, 1, 1, 1, 2, 3, 1, 1, 2, 3, 3, 3, 0, 0, 2,
       1, 2, 2, 3, 1, 2, 2, 3, 2, 3, 1, 3, 1, 3, 3, 0, 3, 3, 2, 2, 2, 1,
       2, 1, 3, 0, 3, 2, 2, 2, 3, 1, 2, 2, 3, 0, 2, 3, 1, 3, 2, 3, 2, 0,
       0, 1, 2, 3, 0, 0, 0, 0, 1, 2], dtype=object)]
[116, array([-20., -10., -10.,   0.]), array([1, 3, 0, 2, 3, 2, 2, 2, 1, 2, 3, 0, 3, 0, 3, 1, 1, 0, 1, 0, 3, 0,
       0, 0, 3, 1, 3, 3, 1, 0, 1, 3, 1, 2, 2, 1, 3, 2, 2, 3, 3, 1, 0, 3,
       2, 0, 1, 1, 0, 0, 3, 2, 1, 1, 1, 2, 3, 1, 1, 2, 3, 3, 3, 0, 0, 2,
       1, 2, 2, 3, 1, 2, 2, 3, 2, 3, 1, 3, 1, 3, 3, 0, 3, 3, 2, 2, 2, 1,
       2, 1, 3, 0, 3, 2, 2, 2, 3, 1, 2, 2, 3, 0, 2, 3, 1, 3, 2, 3, 2, 0,
       0, 1, 2, 3, 0, 0, 0, 0, 1, 2], dtype=object)]
[116, array([-20., -10., -10.,   0.]), array([1, 3, 0, 2, 3, 2, 2, 2, 1, 2, 3, 0, 3, 0, 3, 1, 1, 0, 1, 0, 3, 0,
       0, 0, 3, 1, 3, 3, 1, 0, 1, 3, 1, 2, 2, 1, 3, 2, 2, 3, 3, 1, 0, 3,
       2, 0, 1, 1, 0, 0, 3, 2, 1, 1, 1, 2, 3, 1, 1, 2, 3, 3, 3, 0, 0, 2,
       1, 2, 2, 3, 1, 2, 2, 3, 2, 3, 1, 3, 1, 3, 3, 0, 3, 3, 2, 2, 2, 1,
       2, 1, 3, 0, 3, 2, 2, 2, 3, 1, 2, 2, 3, 0, 2, 3, 1, 3, 2, 3, 2, 0,
       0, 1, 2, 3, 0, 0, 0, 0, 1, 2], dtype=object)]
[116, array([-20., -10., -10.,   0.]), array([1, 3, 0, 2, 3, 2, 2, 2, 1, 2, 3, 0, 3, 0, 3, 1, 1, 0, 1, 0, 3, 0,
       0, 0, 3, 1, 3, 3, 1, 0, 1, 3, 1, 2, 2, 1, 3, 2, 2, 3, 3, 1, 0, 3,
       2, 0, 1, 1, 0, 0, 3, 2, 1, 1, 1, 2, 3, 1, 1, 2, 3, 3, 3, 0, 0, 2,
       1, 2, 2, 3, 1, 2, 2, 3, 2, 3, 1, 3, 1, 3, 3, 0, 3, 3, 2, 2, 2, 1,
       2, 1, 3, 0, 3, 2, 2, 2, 3, 1, 2, 2, 3, 0, 2, 3, 1, 3, 2, 3, 2, 0,
       0, 1, 2, 3, 0, 0, 0, 0, 1, 2], dtype=object)]
[116, array([-20., -10., -10.,   0.]), array([1, 3, 0, 2, 3, 2, 2, 2, 1, 2, 3, 0, 3, 0, 3, 1, 1, 0, 1, 0, 3, 0,
       0, 0, 3, 1, 3, 3, 1, 0, 1, 3, 1, 2, 2, 1, 3, 2, 2, 3, 3, 1, 0, 3,
       2, 0, 1, 1, 0, 0, 3, 2, 1, 1, 1, 2, 3, 1, 1, 2, 3, 3, 3, 0, 0, 2,
       1, 2, 2, 3, 1, 2, 2, 3, 2, 3, 1, 3, 1, 3, 3, 0, 3, 3, 2, 2, 2, 1,
       2, 1, 3, 0, 3, 2, 2, 2, 3, 1, 2, 2, 3, 0, 2, 3, 1, 3, 2, 3, 2, 0,
       0, 1, 2, 3, 0, 0, 0, 0, 1, 2], dtype=object)]
[117, array([-20., -10., -10.,   0.]), array([1, 3, 0, 2, 3, 2, 2, 2, 1, 2, 3, 0, 3, 0, 3, 1, 1, 0, 1, 0, 3, 0,
       0, 0, 3, 1, 3, 3, 1, 0, 1, 3, 1, 2, 2, 1, 3, 2, 2, 3, 3, 1, 0, 3,
       2, 0, 1, 1, 0, 0, 3, 1, 1, 1, 1, 2, 3, 1, 1, 0, 3, 3, 3, 0, 0, 2,
       0, 2, 2, 3, 1, 2, 2, 3, 2, 3, 1, 3, 1, 3, 3, 0, 3, 3, 2, 2, 2, 1,
       2, 1, 3, 0, 3, 2, 2, 2, 3, 1, 2, 2, 3, 0, 2, 3, 1, 3, 2, 3, 2, 0,
       0, 1, 2, 3, 0, 0, 0, 0, 1, 1], dtype=object)]
[117, array([-20., -10., -10.,   0.]), array([1, 3, 0, 2, 3, 2, 2, 2, 1, 2, 3, 0, 3, 0, 3, 1, 1, 0, 1, 0, 3, 0,
       0, 0, 3, 1, 3, 3, 1, 0, 1, 3, 1, 2, 2, 1, 3, 2, 2, 3, 3, 1, 0, 3,
       2, 0, 1, 1, 0, 0, 3, 1, 1, 1, 1, 2, 3, 1, 1, 0, 3, 3, 3, 0, 0, 2,
       0, 2, 2, 3, 1, 2, 2, 3, 2, 3, 1, 3, 1, 3, 3, 0, 3, 3, 2, 2, 2, 1,
       2, 1, 3, 0, 3, 2, 2, 2, 3, 1, 2, 2, 3, 0, 2, 3, 1, 3, 2, 3, 2, 0,
       0, 1, 2, 3, 0, 0, 0, 0, 1, 1], dtype=object)]
[117, array([-20., -10., -10.,   0.]), array([1, 3, 0, 2, 3, 2, 2, 2, 1, 2, 3, 0, 3, 0, 3, 1, 1, 0, 1, 0, 3, 0,
       0, 0, 3, 1, 3, 3, 1, 0, 1, 3, 1, 2, 2, 1, 3, 2, 2, 3, 3, 1, 0, 3,
       2, 0, 1, 1, 0, 0, 3, 1, 1, 1, 1, 2, 3, 1, 1, 0, 3, 3, 3, 0, 0, 2,
       0, 2, 2, 3, 1, 2, 2, 3, 2, 3, 1, 3, 1, 3, 3, 0, 3, 3, 2, 2, 2, 1,
       2, 1, 3, 0, 3, 2, 2, 2, 3, 1, 2, 2, 3, 0, 2, 3, 1, 3, 2, 3, 2, 0,
       0, 1, 2, 3, 0, 0, 0, 0, 1, 1], dtype=object)]
[117, array([-20., -10., -10.,   0.]), array([1, 3, 0, 2, 3, 2, 2, 2, 1, 2, 3, 0, 3, 0, 3, 1, 1, 0, 1, 0, 3, 0,
       0, 0, 3, 1, 3, 3, 1, 0, 1, 3, 1, 2, 2, 1, 3, 2, 2, 3, 3, 1, 0, 3,
       2, 0, 1, 1, 0, 0, 3, 1, 1, 1, 1, 2, 3, 1, 1, 0, 3, 3, 3, 0, 0, 2,
       0, 2, 2, 3, 1, 2, 2, 3, 2, 3, 1, 3, 1, 3, 3, 0, 3, 3, 2, 2, 2, 1,
       2, 1, 3, 0, 3, 2, 2, 2, 3, 1, 2, 2, 3, 0, 2, 3, 1, 3, 2, 3, 2, 0,
       0, 1, 2, 3, 0, 0, 0, 0, 1, 1], dtype=object)]
[118, array([-20., -10., -10.,   0.]), array([1, 3, 0, 2, 3, 2, 2, 2, 1, 2, 3, 0, 3, 0, 3, 1, 1, 0, 1, 0, 3, 0,
       0, 0, 3, 1, 3, 3, 1, 0, 1, 3, 1, 2, 2, 1, 3, 2, 2, 3, 3, 1, 0, 3,
       2, 0, 1, 1, 0, 0, 3, 1, 1, 1, 1, 2, 3, 1, 1, 1, 3, 3, 3, 0, 0, 2,
       0, 2, 2, 3, 1, 2, 2, 3, 2, 3, 1, 3, 1, 3, 3, 0, 3, 3, 2, 2, 2, 1,
       2, 1, 3, 0, 3, 2, 2, 2, 3, 1, 2, 2, 3, 0, 2, 3, 1, 3, 2, 3, 2, 0,
       3, 1, 2, 3, 0, 0, 0, 0, 1, 1], dtype=object)]
[118, array([-20., -10., -10.,   0.]), array([1, 3, 0, 2, 3, 2, 2, 2, 1, 2, 3, 0, 3, 0, 3, 1, 1, 0, 1, 0, 3, 0,
       0, 0, 3, 1, 3, 3, 1, 0, 1, 3, 1, 2, 2, 1, 3, 2, 2, 3, 3, 1, 0, 3,
       2, 0, 1, 1, 0, 0, 3, 1, 1, 1, 1, 2, 3, 1, 1, 1, 3, 3, 3, 0, 0, 2,
       0, 2, 2, 3, 1, 2, 2, 3, 2, 3, 1, 3, 1, 3, 3, 0, 3, 3, 2, 2, 2, 1,
       2, 1, 3, 0, 3, 2, 2, 2, 3, 1, 2, 2, 3, 0, 2, 3, 1, 3, 2, 3, 2, 0,
       3, 1, 2, 3, 0, 0, 0, 0, 1, 1], dtype=object)]
[118, array([-20., -10., -10.,   0.]), array([1, 3, 0, 2, 3, 2, 2, 2, 1, 2, 3, 0, 3, 0, 3, 1, 1, 0, 1, 0, 3, 0,
       0, 0, 3, 1, 3, 3, 1, 0, 1, 3, 1, 2, 2, 1, 3, 2, 2, 3, 3, 1, 0, 3,
       2, 0, 1, 1, 0, 0, 3, 1, 1, 1, 1, 2, 3, 1, 1, 1, 3, 3, 3, 0, 0, 2,
       0, 2, 2, 3, 1, 2, 2, 3, 2, 3, 1, 3, 1, 3, 3, 0, 3, 3, 2, 2, 2, 1,
       2, 1, 3, 0, 3, 2, 2, 2, 3, 1, 2, 2, 3, 0, 2, 3, 1, 3, 2, 3, 2, 0,
       3, 1, 2, 3, 0, 0, 0, 0, 1, 1], dtype=object)]
[118, array([-20., -10., -10.,   0.]), array([1, 3, 0, 2, 3, 2, 2, 2, 1, 2, 3, 0, 3, 0, 3, 1, 1, 0, 1, 0, 3, 0,
       0, 0, 3, 1, 3, 3, 1, 0, 1, 3, 1, 2, 2, 1, 3, 2, 2, 3, 3, 1, 0, 3,
       2, 0, 1, 1, 0, 0, 3, 1, 1, 1, 1, 2, 3, 1, 1, 1, 3, 3, 3, 0, 0, 2,
       0, 2, 2, 3, 1, 2, 2, 3, 2, 3, 1, 3, 1, 3, 3, 0, 3, 3, 2, 2, 2, 1,
       2, 1, 3, 0, 3, 2, 2, 2, 3, 1, 2, 2, 3, 0, 2, 3, 1, 3, 2, 3, 2, 0,
       3, 1, 2, 3, 0, 0, 0, 0, 1, 1], dtype=object)]
[119, array([-20., -10., -10.,   0.]), array([1, 3, 0, 2, 3, 2, 2, 2, 1, 2, 3, 0, 3, 0, 3, 1, 1, 0, 1, 0, 3, 0,
       0, 0, 3, 1, 3, 3, 1, 0, 1, 3, 1, 2, 2, 1, 3, 2, 2, 3, 3, 1, 2, 3,
       2, 2, 1, 1, 0, 0, 3, 2, 1, 1, 1, 2, 3, 1, 1, 0, 3, 3, 3, 0, 0, 2,
       1, 2, 2, 3, 1, 2, 2, 3, 2, 3, 1, 3, 1, 3, 3, 0, 3, 3, 2, 1, 2, 1,
       2, 1, 3, 0, 3, 2, 2, 2, 3, 1, 2, 2, 3, 0, 2, 3, 1, 3, 2, 3, 2, 0,
       0, 1, 2, 3, 0, 0, 0, 0, 1, 1], dtype=object)]
[119, array([-20., -10., -10.,   0.]), array([1, 3, 0, 2, 3, 2, 2, 2, 1, 2, 3, 0, 3, 0, 3, 1, 1, 0, 1, 0, 3, 0,
       0, 0, 3, 1, 3, 3, 1, 0, 1, 3, 1, 2, 2, 1, 3, 2, 2, 3, 3, 1, 2, 3,
       2, 2, 1, 1, 0, 0, 3, 2, 1, 1, 1, 2, 3, 1, 1, 0, 3, 3, 3, 0, 0, 2,
       1, 2, 2, 3, 1, 2, 2, 3, 2, 3, 1, 3, 1, 3, 3, 0, 3, 3, 2, 1, 2, 1,
       2, 1, 3, 0, 3, 2, 2, 2, 3, 1, 2, 2, 3, 0, 2, 3, 1, 3, 2, 3, 2, 0,
       0, 1, 2, 3, 0, 0, 0, 0, 1, 1], dtype=object)]
[119, array([-20., -10., -10.,   0.]), array([1, 3, 0, 2, 3, 2, 2, 2, 1, 2, 3, 0, 3, 0, 3, 1, 1, 0, 1, 0, 3, 0,
       0, 0, 3, 1, 3, 3, 1, 0, 1, 3, 1, 2, 2, 1, 3, 2, 2, 3, 3, 1, 2, 3,
       2, 2, 1, 1, 0, 0, 3, 2, 1, 1, 1, 2, 3, 1, 1, 0, 3, 3, 3, 0, 0, 2,
       1, 2, 2, 3, 1, 2, 2, 3, 2, 3, 1, 3, 1, 3, 3, 0, 3, 3, 2, 1, 2, 1,
       2, 1, 3, 0, 3, 2, 2, 2, 3, 1, 2, 2, 3, 0, 2, 3, 1, 3, 2, 3, 2, 0,
       0, 1, 2, 3, 0, 0, 0, 0, 1, 1], dtype=object)]
[119, array([-20., -10., -10.,   0.]), array([1, 3, 0, 2, 3, 2, 2, 2, 1, 2, 3, 0, 3, 0, 3, 1, 1, 0, 1, 0, 3, 0,
       0, 0, 3, 1, 3, 3, 1, 0, 1, 3, 1, 2, 2, 1, 3, 2, 2, 3, 3, 1, 2, 3,
       2, 2, 1, 1, 0, 0, 3, 2, 1, 1, 1, 2, 3, 1, 1, 0, 3, 3, 3, 0, 0, 2,
       1, 2, 2, 3, 1, 2, 2, 3, 2, 3, 1, 3, 1, 3, 3, 0, 3, 3, 2, 1, 2, 1,
       2, 1, 3, 0, 3, 2, 2, 2, 3, 1, 2, 2, 3, 0, 2, 3, 1, 3, 2, 3, 2, 0,
       0, 1, 2, 3, 0, 0, 0, 0, 1, 1], dtype=object)]
[120, array([-20., -10., -10.,   0.]), array([1, 3, 0, 2, 3, 2, 2, 2, 1, 2, 3, 0, 3, 0, 3, 1, 1, 0, 1, 0, 3, 0,
       0, 0, 3, 1, 3, 3, 1, 0, 1, 3, 1, 2, 2, 1, 3, 2, 2, 3, 3, 1, 2, 3,
       2, 2, 1, 1, 0, 0, 3, 2, 1, 1, 1, 2, 3, 1, 1, 0, 3, 3, 3, 0, 0, 2,
       1, 2, 2, 3, 1, 2, 2, 3, 2, 3, 1, 3, 1, 3, 2, 0, 3, 3, 2, 1, 2, 1,
       2, 1, 3, 0, 3, 2, 2, 2, 3, 1, 2, 2, 3, 0, 2, 3, 1, 3, 2, 3, 2, 0,
       0, 1, 2, 3, 0, 0, 0, 0, 1, 1], dtype=object)]
[120, array([-20., -10., -10.,   0.]), array([1, 3, 0, 2, 3, 2, 2, 2, 1, 2, 3, 0, 3, 0, 3, 1, 1, 0, 1, 0, 3, 0,
       0, 0, 3, 1, 3, 3, 1, 0, 1, 3, 1, 2, 2, 1, 3, 2, 2, 3, 3, 1, 2, 3,
       2, 2, 1, 1, 0, 0, 3, 2, 1, 1, 1, 2, 3, 1, 1, 0, 3, 3, 3, 0, 0, 2,
       1, 2, 2, 3, 1, 2, 2, 3, 2, 3, 1, 3, 1, 3, 2, 0, 3, 3, 2, 1, 2, 1,
       2, 1, 3, 0, 3, 2, 2, 2, 3, 1, 2, 2, 3, 0, 2, 3, 1, 3, 2, 3, 2, 0,
       0, 1, 2, 3, 0, 0, 0, 0, 1, 1], dtype=object)]
[120, array([-20., -10., -10.,   0.]), array([1, 3, 0, 2, 3, 2, 2, 2, 1, 2, 3, 0, 3, 0, 3, 1, 1, 0, 1, 0, 3, 0,
       0, 0, 3, 1, 3, 3, 1, 0, 1, 3, 1, 2, 2, 1, 3, 2, 2, 3, 3, 1, 2, 3,
       2, 2, 1, 1, 0, 0, 3, 2, 1, 1, 1, 2, 3, 1, 1, 0, 3, 3, 3, 0, 0, 2,
       1, 2, 2, 3, 1, 2, 2, 3, 2, 3, 1, 3, 1, 3, 2, 0, 3, 3, 2, 1, 2, 1,
       2, 1, 3, 0, 3, 2, 2, 2, 3, 1, 2, 2, 3, 0, 2, 3, 1, 3, 2, 3, 2, 0,
       0, 1, 2, 3, 0, 0, 0, 0, 1, 1], dtype=object)]
[120, array([-20., -10., -10.,   0.]), array([1, 3, 0, 2, 3, 2, 2, 2, 1, 2, 3, 0, 3, 0, 3, 1, 1, 0, 1, 0, 3, 0,
       0, 0, 3, 1, 3, 3, 1, 0, 1, 3, 1, 2, 2, 1, 3, 2, 2, 3, 3, 1, 2, 3,
       2, 2, 1, 1, 0, 0, 3, 2, 1, 1, 1, 2, 3, 1, 1, 0, 3, 3, 3, 0, 0, 2,
       1, 2, 2, 3, 1, 2, 2, 3, 2, 3, 1, 3, 1, 3, 2, 0, 3, 3, 2, 1, 2, 1,
       2, 1, 3, 0, 3, 2, 2, 2, 3, 1, 2, 2, 3, 0, 2, 3, 1, 3, 2, 3, 2, 0,
       0, 1, 2, 3, 0, 0, 0, 0, 1, 1], dtype=object)]
[121, array([-20., -10., -10.,   0.]), array([1, 3, 0, 2, 3, 2, 2, 2, 1, 2, 3, 0, 3, 0, 3, 1, 0, 0, 1, 0, 3, 0,
       0, 0, 3, 1, 3, 3, 1, 0, 1, 3, 1, 2, 2, 1, 3, 2, 2, 3, 3, 1, 2, 3,
       2, 2, 1, 1, 0, 0, 3, 2, 1, 1, 1, 2, 3, 1, 1, 0, 3, 3, 3, 0, 0, 2,
       1, 2, 2, 3, 1, 2, 2, 3, 2, 3, 1, 3, 1, 3, 3, 0, 3, 3, 2, 2, 2, 1,
       2, 1, 3, 0, 3, 2, 2, 2, 3, 1, 2, 2, 3, 0, 2, 3, 1, 3, 2, 3, 2, 0,
       0, 1, 2, 3, 0, 0, 0, 0, 1, 1], dtype=object)]
[121, array([-20., -10., -10.,   0.]), array([1, 3, 0, 2, 3, 2, 2, 2, 1, 2, 3, 0, 3, 0, 3, 1, 0, 0, 1, 0, 3, 0,
       0, 0, 3, 1, 3, 3, 1, 0, 1, 3, 1, 2, 2, 1, 3, 2, 2, 3, 3, 1, 2, 3,
       2, 2, 1, 1, 0, 0, 3, 2, 1, 1, 1, 2, 3, 1, 1, 0, 3, 3, 3, 0, 0, 2,
       1, 2, 2, 3, 1, 2, 2, 3, 2, 3, 1, 3, 1, 3, 3, 0, 3, 3, 2, 2, 2, 1,
       2, 1, 3, 0, 3, 2, 2, 2, 3, 1, 2, 2, 3, 0, 2, 3, 1, 3, 2, 3, 2, 0,
       0, 1, 2, 3, 0, 0, 0, 0, 1, 1], dtype=object)]
[121, array([-20., -10., -10.,   0.]), array([1, 3, 0, 2, 3, 2, 2, 2, 1, 2, 3, 0, 3, 0, 3, 1, 0, 0, 1, 0, 3, 0,
       0, 0, 3, 1, 3, 3, 1, 0, 1, 3, 1, 2, 2, 1, 3, 2, 2, 3, 3, 1, 2, 3,
       2, 2, 1, 1, 0, 0, 3, 2, 1, 1, 1, 2, 3, 1, 1, 0, 3, 3, 3, 0, 0, 2,
       1, 2, 2, 3, 1, 2, 2, 3, 2, 3, 1, 3, 1, 3, 3, 0, 3, 3, 2, 2, 2, 1,
       2, 1, 3, 0, 3, 2, 2, 2, 3, 1, 2, 2, 3, 0, 2, 3, 1, 3, 2, 3, 2, 0,
       0, 1, 2, 3, 0, 0, 0, 0, 1, 1], dtype=object)]
[121, array([-20., -10., -10.,   0.]), array([1, 3, 0, 2, 3, 2, 2, 2, 1, 2, 3, 0, 3, 0, 3, 1, 0, 0, 1, 0, 3, 0,
       0, 0, 3, 1, 3, 3, 1, 0, 1, 3, 1, 2, 2, 1, 3, 2, 2, 3, 3, 1, 2, 3,
       2, 2, 1, 1, 0, 0, 3, 2, 1, 1, 1, 2, 3, 1, 1, 0, 3, 3, 3, 0, 0, 2,
       1, 2, 2, 3, 1, 2, 2, 3, 2, 3, 1, 3, 1, 3, 3, 0, 3, 3, 2, 2, 2, 1,
       2, 1, 3, 0, 3, 2, 2, 2, 3, 1, 2, 2, 3, 0, 2, 3, 1, 3, 2, 3, 2, 0,
       0, 1, 2, 3, 0, 0, 0, 0, 1, 1], dtype=object)]
[122, array([-20., -10., -10.,   0.]), array([1, 3, 0, 2, 3, 2, 2, 2, 1, 2, 3, 0, 3, 3, 3, 1, 0, 0, 1, 0, 3, 0,
       0, 0, 3, 1, 3, 3, 1, 0, 1, 3, 1, 2, 2, 1, 3, 2, 2, 3, 3, 1, 2, 3,
       2, 2, 1, 1, 0, 0, 3, 2, 1, 1, 1, 2, 3, 1, 1, 0, 3, 3, 3, 0, 0, 2,
       1, 2, 2, 3, 1, 2, 2, 3, 2, 3, 1, 3, 1, 3, 3, 0, 3, 3, 2, 2, 2, 1,
       2, 1, 3, 0, 3, 2, 2, 2, 3, 1, 2, 2, 3, 0, 2, 3, 1, 3, 2, 3, 2, 0,
       0, 1, 2, 3, 0, 0, 0, 0, 1, 1], dtype=object)]
[122, array([-20., -10., -10.,   0.]), array([1, 3, 0, 2, 3, 2, 2, 2, 1, 2, 3, 0, 3, 3, 3, 1, 0, 0, 1, 0, 3, 0,
       0, 0, 3, 1, 3, 3, 1, 0, 1, 3, 1, 2, 2, 1, 3, 2, 2, 3, 3, 1, 2, 3,
       2, 2, 1, 1, 0, 0, 3, 2, 1, 1, 1, 2, 3, 1, 1, 0, 3, 3, 3, 0, 0, 2,
       1, 2, 2, 3, 1, 2, 2, 3, 2, 3, 1, 3, 1, 3, 3, 0, 3, 3, 2, 2, 2, 1,
       2, 1, 3, 0, 3, 2, 2, 2, 3, 1, 2, 2, 3, 0, 2, 3, 1, 3, 2, 3, 2, 0,
       0, 1, 2, 3, 0, 0, 0, 0, 1, 1], dtype=object)]
[122, array([-20., -10., -10.,   0.]), array([1, 3, 0, 2, 3, 2, 2, 2, 1, 2, 3, 0, 3, 3, 3, 1, 0, 0, 1, 0, 3, 0,
       0, 0, 3, 1, 3, 3, 1, 0, 1, 3, 1, 2, 2, 1, 3, 2, 2, 3, 3, 1, 2, 3,
       2, 2, 1, 1, 0, 0, 3, 2, 1, 1, 1, 2, 3, 1, 1, 0, 3, 3, 3, 0, 0, 2,
       1, 2, 2, 3, 1, 2, 2, 3, 2, 3, 1, 3, 1, 3, 3, 0, 3, 3, 2, 2, 2, 1,
       2, 1, 3, 0, 3, 2, 2, 2, 3, 1, 2, 2, 3, 0, 2, 3, 1, 3, 2, 3, 2, 0,
       0, 1, 2, 3, 0, 0, 0, 0, 1, 1], dtype=object)]
[122, array([-20., -10., -10.,   0.]), array([1, 3, 0, 2, 3, 2, 2, 2, 1, 2, 3, 0, 3, 3, 3, 1, 0, 0, 1, 0, 3, 0,
       0, 0, 3, 1, 3, 3, 1, 0, 1, 3, 1, 2, 2, 1, 3, 2, 2, 3, 3, 1, 2, 3,
       2, 2, 1, 1, 0, 0, 3, 2, 1, 1, 1, 2, 3, 1, 1, 0, 3, 3, 3, 0, 0, 2,
       1, 2, 2, 3, 1, 2, 2, 3, 2, 3, 1, 3, 1, 3, 3, 0, 3, 3, 2, 2, 2, 1,
       2, 1, 3, 0, 3, 2, 2, 2, 3, 1, 2, 2, 3, 0, 2, 3, 1, 3, 2, 3, 2, 0,
       0, 1, 2, 3, 0, 0, 0, 0, 1, 1], dtype=object)]
[123, array([-20., -10., -10.,   0.]), array([1, 3, 0, 2, 3, 2, 2, 2, 3, 2, 3, 0, 3, 0, 3, 0, 1, 1, 2, 0, 3, 0,
       0, 0, 3, 1, 2, 3, 1, 0, 1, 1, 1, 2, 2, 1, 3, 2, 2, 3, 3, 1, 0, 3,
       0, 0, 1, 1, 0, 0, 3, 2, 1, 1, 1, 2, 3, 1, 1, 0, 3, 3, 3, 0, 0, 2,
       1, 2, 2, 3, 1, 2, 2, 3, 2, 3, 1, 3, 1, 3, 3, 0, 3, 3, 2, 2, 2, 1,
       2, 1, 3, 0, 0, 3, 2, 2, 3, 1, 1, 2, 3, 0, 3, 3, 1, 3, 2, 3, 2, 0,
       0, 1, 2, 3, 0, 0, 0, 0, 1, 2], dtype=object)]
[123, array([-20., -10., -10.,   0.]), array([1, 3, 0, 2, 3, 2, 2, 2, 3, 2, 3, 0, 3, 0, 3, 0, 1, 1, 2, 0, 3, 0,
       0, 0, 3, 1, 2, 3, 1, 0, 1, 1, 1, 2, 2, 1, 3, 2, 2, 3, 3, 1, 0, 3,
       0, 0, 1, 1, 0, 0, 3, 2, 1, 1, 1, 2, 3, 1, 1, 0, 3, 3, 3, 0, 0, 2,
       1, 2, 2, 3, 1, 2, 2, 3, 2, 3, 1, 3, 1, 3, 3, 0, 3, 3, 2, 2, 2, 1,
       2, 1, 3, 0, 0, 3, 2, 2, 3, 1, 1, 2, 3, 0, 3, 3, 1, 3, 2, 3, 2, 0,
       0, 1, 2, 3, 0, 0, 0, 0, 1, 2], dtype=object)]
[123, array([-20., -10., -10.,   0.]), array([1, 3, 0, 2, 3, 2, 2, 2, 3, 2, 3, 0, 3, 0, 3, 0, 1, 1, 2, 0, 3, 0,
       0, 0, 3, 1, 2, 3, 1, 0, 1, 1, 1, 2, 2, 1, 3, 2, 2, 3, 3, 1, 0, 3,
       0, 0, 1, 1, 0, 0, 3, 2, 1, 1, 1, 2, 3, 1, 1, 0, 3, 3, 3, 0, 0, 2,
       1, 2, 2, 3, 1, 2, 2, 3, 2, 3, 1, 3, 1, 3, 3, 0, 3, 3, 2, 2, 2, 1,
       2, 1, 3, 0, 0, 3, 2, 2, 3, 1, 1, 2, 3, 0, 3, 3, 1, 3, 2, 3, 2, 0,
       0, 1, 2, 3, 0, 0, 0, 0, 1, 2], dtype=object)]
[123, array([-20., -10., -10.,   0.]), array([1, 3, 0, 2, 3, 2, 2, 2, 3, 2, 3, 0, 3, 0, 3, 0, 1, 1, 2, 0, 3, 0,
       0, 0, 3, 1, 2, 3, 1, 0, 1, 1, 1, 2, 2, 1, 3, 2, 2, 3, 3, 1, 0, 3,
       0, 0, 1, 1, 0, 0, 3, 2, 1, 1, 1, 2, 3, 1, 1, 0, 3, 3, 3, 0, 0, 2,
       1, 2, 2, 3, 1, 2, 2, 3, 2, 3, 1, 3, 1, 3, 3, 0, 3, 3, 2, 2, 2, 1,
       2, 1, 3, 0, 0, 3, 2, 2, 3, 1, 1, 2, 3, 0, 3, 3, 1, 3, 2, 3, 2, 0,
       0, 1, 2, 3, 0, 0, 0, 0, 1, 2], dtype=object)]
[124, array([-20., -10., -10.,   0.]), array([1, 3, 0, 2, 3, 2, 2, 2, 3, 2, 3, 0, 3, 0, 3, 0, 1, 1, 2, 0, 3, 0,
       0, 0, 3, 1, 2, 3, 1, 0, 1, 1, 1, 2, 2, 1, 3, 2, 2, 3, 3, 1, 0, 3,
       0, 0, 1, 1, 0, 0, 3, 2, 1, 1, 1, 2, 3, 1, 1, 0, 3, 3, 3, 0, 0, 2,
       1, 2, 2, 3, 1, 2, 2, 3, 2, 3, 1, 3, 1, 0, 3, 0, 3, 3, 2, 2, 2, 1,
       2, 1, 3, 0, 0, 3, 2, 2, 3, 1, 1, 2, 3, 0, 3, 3, 1, 3, 2, 3, 2, 0,
       0, 1, 2, 3, 0, 0, 0, 0, 1, 2], dtype=object)]
[124, array([-20., -10., -10.,   0.]), array([1, 3, 0, 2, 3, 2, 2, 2, 3, 2, 3, 0, 3, 0, 3, 0, 1, 1, 2, 0, 3, 0,
       0, 0, 3, 1, 2, 3, 1, 0, 1, 1, 1, 2, 2, 1, 3, 2, 2, 3, 3, 1, 0, 3,
       0, 0, 1, 1, 0, 0, 3, 2, 1, 1, 1, 2, 3, 1, 1, 0, 3, 3, 3, 0, 0, 2,
       1, 2, 2, 3, 1, 2, 2, 3, 2, 3, 1, 3, 1, 0, 3, 0, 3, 3, 2, 2, 2, 1,
       2, 1, 3, 0, 0, 3, 2, 2, 3, 1, 1, 2, 3, 0, 3, 3, 1, 3, 2, 3, 2, 0,
       0, 1, 2, 3, 0, 0, 0, 0, 1, 2], dtype=object)]
[124, array([-20., -10., -10.,   0.]), array([1, 3, 0, 2, 3, 2, 2, 2, 3, 2, 3, 0, 3, 0, 3, 0, 1, 1, 2, 0, 3, 0,
       0, 0, 3, 1, 2, 3, 1, 0, 1, 1, 1, 2, 2, 1, 3, 2, 2, 3, 3, 1, 0, 3,
       0, 0, 1, 1, 0, 0, 3, 2, 1, 1, 1, 2, 3, 1, 1, 0, 3, 3, 3, 0, 0, 2,
       1, 2, 2, 3, 1, 2, 2, 3, 2, 3, 1, 3, 1, 0, 3, 0, 3, 3, 2, 2, 2, 1,
       2, 1, 3, 0, 0, 3, 2, 2, 3, 1, 1, 2, 3, 0, 3, 3, 1, 3, 2, 3, 2, 0,
       0, 1, 2, 3, 0, 0, 0, 0, 1, 2], dtype=object)]
[124, array([-20., -10., -10.,   0.]), array([1, 3, 0, 2, 3, 2, 2, 2, 3, 2, 3, 0, 3, 0, 3, 0, 1, 1, 2, 0, 3, 0,
       0, 0, 3, 1, 2, 3, 1, 0, 1, 1, 1, 2, 2, 1, 3, 2, 2, 3, 3, 1, 0, 3,
       0, 0, 1, 1, 0, 0, 3, 2, 1, 1, 1, 2, 3, 1, 1, 0, 3, 3, 3, 0, 0, 2,
       1, 2, 2, 3, 1, 2, 2, 3, 2, 3, 1, 3, 1, 0, 3, 0, 3, 3, 2, 2, 2, 1,
       2, 1, 3, 0, 0, 3, 2, 2, 3, 1, 1, 2, 3, 0, 3, 3, 1, 3, 2, 3, 2, 0,
       0, 1, 2, 3, 0, 0, 0, 0, 1, 2], dtype=object)]
[125, array([-20., -10., -10.,   0.]), array([1, 3, 0, 2, 3, 2, 2, 2, 1, 2, 3, 0, 3, 0, 3, 1, 1, 0, 1, 0, 3, 1,
       0, 0, 3, 1, 3, 3, 1, 0, 1, 3, 1, 1, 2, 1, 3, 2, 2, 3, 3, 1, 0, 3,
       2, 0, 1, 1, 0, 0, 3, 2, 1, 1, 1, 2, 3, 1, 1, 0, 3, 3, 3, 0, 0, 2,
       1, 2, 2, 3, 1, 2, 2, 3, 2, 3, 1, 3, 1, 3, 3, 0, 3, 3, 2, 2, 1, 1,
       2, 1, 3, 0, 0, 3, 2, 2, 3, 1, 1, 2, 3, 0, 3, 3, 1, 3, 2, 3, 2, 0,
       0, 1, 2, 3, 2, 0, 0, 0, 1, 1], dtype=object)]
[125, array([-20., -10., -10.,   0.]), array([1, 3, 0, 2, 3, 2, 2, 2, 1, 2, 3, 0, 3, 0, 3, 1, 1, 0, 1, 0, 3, 1,
       0, 0, 3, 1, 3, 3, 1, 0, 1, 3, 1, 1, 2, 1, 3, 2, 2, 3, 3, 1, 0, 3,
       2, 0, 1, 1, 0, 0, 3, 2, 1, 1, 1, 2, 3, 1, 1, 0, 3, 3, 3, 0, 0, 2,
       1, 2, 2, 3, 1, 2, 2, 3, 2, 3, 1, 3, 1, 3, 3, 0, 3, 3, 2, 2, 1, 1,
       2, 1, 3, 0, 0, 3, 2, 2, 3, 1, 1, 2, 3, 0, 3, 3, 1, 3, 2, 3, 2, 0,
       0, 1, 2, 3, 2, 0, 0, 0, 1, 1], dtype=object)]
[125, array([-20., -10., -10.,   0.]), array([1, 3, 0, 2, 3, 2, 2, 2, 1, 2, 3, 0, 3, 0, 3, 1, 1, 0, 1, 0, 3, 1,
       0, 0, 3, 1, 3, 3, 1, 0, 1, 3, 1, 1, 2, 1, 3, 2, 2, 3, 3, 1, 0, 3,
       2, 0, 1, 1, 0, 0, 3, 2, 1, 1, 1, 2, 3, 1, 1, 0, 3, 3, 3, 0, 0, 2,
       1, 2, 2, 3, 1, 2, 2, 3, 2, 3, 1, 3, 1, 3, 3, 0, 3, 3, 2, 2, 1, 1,
       2, 1, 3, 0, 0, 3, 2, 2, 3, 1, 1, 2, 3, 0, 3, 3, 1, 3, 2, 3, 2, 0,
       0, 1, 2, 3, 2, 0, 0, 0, 1, 1], dtype=object)]
[125, array([-20., -10., -10.,   0.]), array([1, 3, 0, 2, 3, 2, 2, 2, 1, 2, 3, 0, 3, 0, 3, 1, 1, 0, 1, 0, 3, 1,
       0, 0, 3, 1, 3, 3, 1, 0, 1, 3, 1, 1, 2, 1, 3, 2, 2, 3, 3, 1, 0, 3,
       2, 0, 1, 1, 0, 0, 3, 2, 1, 1, 1, 2, 3, 1, 1, 0, 3, 3, 3, 0, 0, 2,
       1, 2, 2, 3, 1, 2, 2, 3, 2, 3, 1, 3, 1, 3, 3, 0, 3, 3, 2, 2, 1, 1,
       2, 1, 3, 0, 0, 3, 2, 2, 3, 1, 1, 2, 3, 0, 3, 3, 1, 3, 2, 3, 2, 0,
       0, 1, 2, 3, 2, 0, 0, 0, 1, 1], dtype=object)]
[126, array([-20., -10., -10.,   0.]), array([1, 3, 0, 2, 3, 2, 2, 2, 1, 2, 3, 0, 3, 0, 3, 1, 1, 0, 1, 0, 3, 1,
       0, 0, 3, 1, 3, 3, 1, 0, 1, 3, 1, 1, 2, 1, 3, 2, 2, 3, 3, 1, 0, 3,
       2, 0, 1, 1, 0, 1, 3, 2, 1, 1, 1, 2, 3, 1, 1, 0, 3, 3, 3, 0, 0, 2,
       1, 2, 2, 3, 1, 2, 2, 3, 2, 3, 1, 3, 1, 3, 3, 0, 3, 3, 2, 2, 1, 1,
       2, 1, 3, 0, 0, 3, 2, 2, 3, 1, 1, 2, 3, 0, 3, 3, 1, 3, 2, 3, 2, 0,
       0, 1, 2, 3, 2, 0, 0, 0, 1, 1], dtype=object)]
[126, array([-20., -10., -10.,   0.]), array([1, 3, 0, 2, 3, 2, 2, 2, 1, 2, 3, 0, 3, 0, 3, 1, 1, 0, 1, 0, 3, 1,
       0, 0, 3, 1, 3, 3, 1, 0, 1, 3, 1, 1, 2, 1, 3, 2, 2, 3, 3, 1, 0, 3,
       2, 0, 1, 1, 0, 1, 3, 2, 1, 1, 1, 2, 3, 1, 1, 0, 3, 3, 3, 0, 0, 2,
       1, 2, 2, 3, 1, 2, 2, 3, 2, 3, 1, 3, 1, 3, 3, 0, 3, 3, 2, 2, 1, 1,
       2, 1, 3, 0, 0, 3, 2, 2, 3, 1, 1, 2, 3, 0, 3, 3, 1, 3, 2, 3, 2, 0,
       0, 1, 2, 3, 2, 0, 0, 0, 1, 1], dtype=object)]
[126, array([-20., -10., -10.,   0.]), array([1, 3, 0, 2, 3, 2, 2, 2, 1, 2, 3, 0, 3, 0, 3, 1, 1, 0, 1, 0, 3, 1,
       0, 0, 3, 1, 3, 3, 1, 0, 1, 3, 1, 1, 2, 1, 3, 2, 2, 3, 3, 1, 0, 3,
       2, 0, 1, 1, 0, 1, 3, 2, 1, 1, 1, 2, 3, 1, 1, 0, 3, 3, 3, 0, 0, 2,
       1, 2, 2, 3, 1, 2, 2, 3, 2, 3, 1, 3, 1, 3, 3, 0, 3, 3, 2, 2, 1, 1,
       2, 1, 3, 0, 0, 3, 2, 2, 3, 1, 1, 2, 3, 0, 3, 3, 1, 3, 2, 3, 2, 0,
       0, 1, 2, 3, 2, 0, 0, 0, 1, 1], dtype=object)]
[126, array([-20., -10., -10.,   0.]), array([1, 3, 0, 2, 3, 2, 2, 2, 1, 2, 3, 0, 3, 0, 3, 1, 1, 0, 1, 0, 3, 1,
       0, 0, 3, 1, 3, 3, 1, 0, 1, 3, 1, 1, 2, 1, 3, 2, 2, 3, 3, 1, 0, 3,
       2, 0, 1, 1, 0, 1, 3, 2, 1, 1, 1, 2, 3, 1, 1, 0, 3, 3, 3, 0, 0, 2,
       1, 2, 2, 3, 1, 2, 2, 3, 2, 3, 1, 3, 1, 3, 3, 0, 3, 3, 2, 2, 1, 1,
       2, 1, 3, 0, 0, 3, 2, 2, 3, 1, 1, 2, 3, 0, 3, 3, 1, 3, 2, 3, 2, 0,
       0, 1, 2, 3, 2, 0, 0, 0, 1, 1], dtype=object)]
[127, array([-20., -10., -10.,   0.]), array([1, 3, 0, 2, 3, 2, 2, 2, 1, 2, 3, 0, 3, 0, 3, 1, 1, 0, 1, 0, 3, 1,
       0, 0, 3, 1, 3, 3, 1, 0, 1, 3, 1, 2, 2, 1, 3, 2, 2, 3, 3, 1, 2, 3,
       2, 2, 1, 1, 0, 0, 3, 2, 1, 1, 1, 2, 3, 1, 1, 0, 3, 3, 3, 0, 0, 2,
       1, 2, 2, 3, 1, 2, 2, 3, 2, 3, 1, 3, 1, 3, 3, 0, 3, 3, 2, 2, 2, 1,
       2, 1, 3, 0, 3, 0, 2, 2, 3, 1, 3, 2, 3, 0, 2, 3, 1, 3, 2, 3, 2, 0,
       0, 1, 2, 3, 0, 0, 0, 0, 1, 1], dtype=object)]
[127, array([-20., -10., -10.,   0.]), array([1, 3, 0, 2, 3, 2, 2, 2, 1, 2, 3, 0, 3, 0, 3, 1, 1, 0, 1, 0, 3, 1,
       0, 0, 3, 1, 3, 3, 1, 0, 1, 3, 1, 2, 2, 1, 3, 2, 2, 3, 3, 1, 2, 3,
       2, 2, 1, 1, 0, 0, 3, 2, 1, 1, 1, 2, 3, 1, 1, 0, 3, 3, 3, 0, 0, 2,
       1, 2, 2, 3, 1, 2, 2, 3, 2, 3, 1, 3, 1, 3, 3, 0, 3, 3, 2, 2, 2, 1,
       2, 1, 3, 0, 3, 0, 2, 2, 3, 1, 3, 2, 3, 0, 2, 3, 1, 3, 2, 3, 2, 0,
       0, 1, 2, 3, 0, 0, 0, 0, 1, 1], dtype=object)]
[127, array([-20., -10., -10.,   0.]), array([1, 3, 0, 2, 3, 2, 2, 2, 1, 2, 3, 0, 3, 0, 3, 1, 1, 0, 1, 0, 3, 1,
       0, 0, 3, 1, 3, 3, 1, 0, 1, 3, 1, 2, 2, 1, 3, 2, 2, 3, 3, 1, 2, 3,
       2, 2, 1, 1, 0, 0, 3, 2, 1, 1, 1, 2, 3, 1, 1, 0, 3, 3, 3, 0, 0, 2,
       1, 2, 2, 3, 1, 2, 2, 3, 2, 3, 1, 3, 1, 3, 3, 0, 3, 3, 2, 2, 2, 1,
       2, 1, 3, 0, 3, 0, 2, 2, 3, 1, 3, 2, 3, 0, 2, 3, 1, 3, 2, 3, 2, 0,
       0, 1, 2, 3, 0, 0, 0, 0, 1, 1], dtype=object)]
[127, array([-20., -10., -10.,   0.]), array([1, 3, 0, 2, 3, 2, 2, 2, 1, 2, 3, 0, 3, 0, 3, 1, 1, 0, 1, 0, 3, 1,
       0, 0, 3, 1, 3, 3, 1, 0, 1, 3, 1, 2, 2, 1, 3, 2, 2, 3, 3, 1, 2, 3,
       2, 2, 1, 1, 0, 0, 3, 2, 1, 1, 1, 2, 3, 1, 1, 0, 3, 3, 3, 0, 0, 2,
       1, 2, 2, 3, 1, 2, 2, 3, 2, 3, 1, 3, 1, 3, 3, 0, 3, 3, 2, 2, 2, 1,
       2, 1, 3, 0, 3, 0, 2, 2, 3, 1, 3, 2, 3, 0, 2, 3, 1, 3, 2, 3, 2, 0,
       0, 1, 2, 3, 0, 0, 0, 0, 1, 1], dtype=object)]
[128, array([-20., -10., -10.,   0.]), array([1, 3, 0, 2, 3, 2, 2, 2, 2, 2, 3, 0, 3, 0, 3, 1, 0, 0, 1, 0, 3, 0,
       0, 0, 3, 1, 3, 3, 1, 0, 1, 3, 1, 2, 2, 1, 3, 2, 2, 3, 3, 1, 2, 3,
       2, 2, 0, 1, 0, 0, 3, 2, 1, 1, 1, 2, 3, 1, 1, 0, 3, 3, 3, 0, 0, 2,
       1, 2, 2, 3, 1, 2, 2, 3, 2, 3, 1, 3, 1, 3, 3, 0, 3, 3, 2, 0, 2, 1,
       2, 1, 3, 2, 3, 2, 2, 2, 3, 1, 2, 2, 3, 0, 2, 3, 1, 3, 2, 3, 2, 0,
       0, 1, 2, 3, 0, 0, 0, 0, 1, 2], dtype=object)]
[128, array([-20., -10., -10.,   0.]), array([1, 3, 0, 2, 3, 2, 2, 2, 2, 2, 3, 0, 3, 0, 3, 1, 0, 0, 1, 0, 3, 0,
       0, 0, 3, 1, 3, 3, 1, 0, 1, 3, 1, 2, 2, 1, 3, 2, 2, 3, 3, 1, 2, 3,
       2, 2, 0, 1, 0, 0, 3, 2, 1, 1, 1, 2, 3, 1, 1, 0, 3, 3, 3, 0, 0, 2,
       1, 2, 2, 3, 1, 2, 2, 3, 2, 3, 1, 3, 1, 3, 3, 0, 3, 3, 2, 0, 2, 1,
       2, 1, 3, 2, 3, 2, 2, 2, 3, 1, 2, 2, 3, 0, 2, 3, 1, 3, 2, 3, 2, 0,
       0, 1, 2, 3, 0, 0, 0, 0, 1, 2], dtype=object)]
[128, array([-20., -10., -10.,   0.]), array([1, 3, 0, 2, 3, 2, 2, 2, 2, 2, 3, 0, 3, 0, 3, 1, 0, 0, 1, 0, 3, 0,
       0, 0, 3, 1, 3, 3, 1, 0, 1, 3, 1, 2, 2, 1, 3, 2, 2, 3, 3, 1, 2, 3,
       2, 2, 0, 1, 0, 0, 3, 2, 1, 1, 1, 2, 3, 1, 1, 0, 3, 3, 3, 0, 0, 2,
       1, 2, 2, 3, 1, 2, 2, 3, 2, 3, 1, 3, 1, 3, 3, 0, 3, 3, 2, 0, 2, 1,
       2, 1, 3, 2, 3, 2, 2, 2, 3, 1, 2, 2, 3, 0, 2, 3, 1, 3, 2, 3, 2, 0,
       0, 1, 2, 3, 0, 0, 0, 0, 1, 2], dtype=object)]
[128, array([-20., -10., -10.,   0.]), array([1, 3, 0, 2, 3, 2, 2, 2, 2, 2, 3, 0, 3, 0, 3, 1, 0, 0, 1, 0, 3, 0,
       0, 0, 3, 1, 3, 3, 1, 0, 1, 3, 1, 2, 2, 1, 3, 2, 2, 3, 3, 1, 2, 3,
       2, 2, 0, 1, 0, 0, 3, 2, 1, 1, 1, 2, 3, 1, 1, 0, 3, 3, 3, 0, 0, 2,
       1, 2, 2, 3, 1, 2, 2, 3, 2, 3, 1, 3, 1, 3, 3, 0, 3, 3, 2, 0, 2, 1,
       2, 1, 3, 2, 3, 2, 2, 2, 3, 1, 2, 2, 3, 0, 2, 3, 1, 3, 2, 3, 2, 0,
       0, 1, 2, 3, 0, 0, 0, 0, 1, 2], dtype=object)]
[129, array([-20., -10., -10.,   0.]), array([1, 3, 0, 1, 3, 2, 2, 2, 1, 0, 3, 0, 3, 0, 3, 1, 0, 0, 0, 0, 3, 0,
       0, 0, 3, 1, 3, 3, 1, 0, 1, 3, 1, 0, 2, 1, 3, 2, 2, 3, 3, 1, 2, 3,
       2, 0, 1, 1, 2, 0, 3, 2, 1, 1, 3, 2, 3, 1, 3, 0, 3, 0, 3, 0, 0, 2,
       1, 2, 2, 1, 1, 2, 2, 3, 2, 3, 1, 3, 1, 3, 3, 0, 3, 3, 2, 2, 2, 1,
       2, 1, 3, 0, 3, 3, 3, 1, 0, 1, 0, 2, 2, 0, 2, 3, 1, 2, 2, 3, 2, 0,
       0, 1, 0, 3, 0, 0, 0, 0, 1, 2], dtype=object)]
[129, array([-20., -10., -10.,   0.]), array([1, 3, 0, 1, 3, 2, 2, 2, 1, 0, 3, 0, 3, 0, 3, 1, 0, 0, 0, 0, 3, 0,
       0, 0, 3, 1, 3, 3, 1, 0, 1, 3, 1, 0, 2, 1, 3, 2, 2, 3, 3, 1, 2, 3,
       2, 0, 1, 1, 2, 0, 3, 2, 1, 1, 3, 2, 3, 1, 3, 0, 3, 0, 3, 0, 0, 2,
       1, 2, 2, 1, 1, 2, 2, 3, 2, 3, 1, 3, 1, 3, 3, 0, 3, 3, 2, 2, 2, 1,
       2, 1, 3, 0, 3, 3, 3, 1, 0, 1, 0, 2, 2, 0, 2, 3, 1, 2, 2, 3, 2, 0,
       0, 1, 0, 3, 0, 0, 0, 0, 1, 2], dtype=object)]
[129, array([-20., -10., -10.,   0.]), array([1, 3, 0, 1, 3, 2, 2, 2, 1, 0, 3, 0, 3, 0, 3, 1, 0, 0, 0, 0, 3, 0,
       0, 0, 3, 1, 3, 3, 1, 0, 1, 3, 1, 0, 2, 1, 3, 2, 2, 3, 3, 1, 2, 3,
       2, 0, 1, 1, 2, 0, 3, 2, 1, 1, 3, 2, 3, 1, 3, 0, 3, 0, 3, 0, 0, 2,
       1, 2, 2, 1, 1, 2, 2, 3, 2, 3, 1, 3, 1, 3, 3, 0, 3, 3, 2, 2, 2, 1,
       2, 1, 3, 0, 3, 3, 3, 1, 0, 1, 0, 2, 2, 0, 2, 3, 1, 2, 2, 3, 2, 0,
       0, 1, 0, 3, 0, 0, 0, 0, 1, 2], dtype=object)]
[129, array([-20., -10., -10.,   0.]), array([1, 3, 0, 1, 3, 2, 2, 2, 1, 0, 3, 0, 3, 0, 3, 1, 0, 0, 0, 0, 3, 0,
       0, 0, 3, 1, 3, 3, 1, 0, 1, 3, 1, 0, 2, 1, 3, 2, 2, 3, 3, 1, 2, 3,
       2, 0, 1, 1, 2, 0, 3, 2, 1, 1, 3, 2, 3, 1, 3, 0, 3, 0, 3, 0, 0, 2,
       1, 2, 2, 1, 1, 2, 2, 3, 2, 3, 1, 3, 1, 3, 3, 0, 3, 3, 2, 2, 2, 1,
       2, 1, 3, 0, 3, 3, 3, 1, 0, 1, 0, 2, 2, 0, 2, 3, 1, 2, 2, 3, 2, 0,
       0, 1, 0, 3, 0, 0, 0, 0, 1, 2], dtype=object)]
[130, array([-20., -10., -10.,   0.]), array([0, 3, 0, 1, 3, 2, 2, 2, 1, 0, 3, 0, 3, 0, 3, 1, 0, 0, 0, 0, 3, 0,
       0, 0, 3, 1, 3, 3, 1, 0, 1, 3, 1, 0, 2, 1, 3, 2, 2, 3, 3, 1, 2, 3,
       2, 0, 1, 1, 2, 0, 3, 2, 1, 1, 3, 2, 3, 1, 3, 0, 3, 0, 3, 0, 0, 2,
       1, 2, 2, 1, 3, 2, 2, 3, 2, 3, 1, 3, 1, 3, 3, 0, 3, 3, 2, 2, 2, 1,
       2, 1, 3, 0, 3, 3, 3, 1, 0, 1, 0, 2, 2, 0, 2, 3, 1, 2, 2, 3, 2, 0,
       0, 1, 0, 3, 0, 0, 0, 0, 1, 2], dtype=object)]
[130, array([-20., -10., -10.,   0.]), array([0, 3, 0, 1, 3, 2, 2, 2, 1, 0, 3, 0, 3, 0, 3, 1, 0, 0, 0, 0, 3, 0,
       0, 0, 3, 1, 3, 3, 1, 0, 1, 3, 1, 0, 2, 1, 3, 2, 2, 3, 3, 1, 2, 3,
       2, 0, 1, 1, 2, 0, 3, 2, 1, 1, 3, 2, 3, 1, 3, 0, 3, 0, 3, 0, 0, 2,
       1, 2, 2, 1, 3, 2, 2, 3, 2, 3, 1, 3, 1, 3, 3, 0, 3, 3, 2, 2, 2, 1,
       2, 1, 3, 0, 3, 3, 3, 1, 0, 1, 0, 2, 2, 0, 2, 3, 1, 2, 2, 3, 2, 0,
       0, 1, 0, 3, 0, 0, 0, 0, 1, 2], dtype=object)]
[130, array([-20., -10., -10.,   0.]), array([0, 3, 0, 1, 3, 2, 2, 2, 1, 0, 3, 0, 3, 0, 3, 1, 0, 0, 0, 0, 3, 0,
       0, 0, 3, 1, 3, 3, 1, 0, 1, 3, 1, 0, 2, 1, 3, 2, 2, 3, 3, 1, 2, 3,
       2, 0, 1, 1, 2, 0, 3, 2, 1, 1, 3, 2, 3, 1, 3, 0, 3, 0, 3, 0, 0, 2,
       1, 2, 2, 1, 3, 2, 2, 3, 2, 3, 1, 3, 1, 3, 3, 0, 3, 3, 2, 2, 2, 1,
       2, 1, 3, 0, 3, 3, 3, 1, 0, 1, 0, 2, 2, 0, 2, 3, 1, 2, 2, 3, 2, 0,
       0, 1, 0, 3, 0, 0, 0, 0, 1, 2], dtype=object)]
[130, array([-20., -10., -10.,   0.]), array([0, 3, 0, 1, 3, 2, 2, 2, 1, 0, 3, 0, 3, 0, 3, 1, 0, 0, 0, 0, 3, 0,
       0, 0, 3, 1, 3, 3, 1, 0, 1, 3, 1, 0, 2, 1, 3, 2, 2, 3, 3, 1, 2, 3,
       2, 0, 1, 1, 2, 0, 3, 2, 1, 1, 3, 2, 3, 1, 3, 0, 3, 0, 3, 0, 0, 2,
       1, 2, 2, 1, 3, 2, 2, 3, 2, 3, 1, 3, 1, 3, 3, 0, 3, 3, 2, 2, 2, 1,
       2, 1, 3, 0, 3, 3, 3, 1, 0, 1, 0, 2, 2, 0, 2, 3, 1, 2, 2, 3, 2, 0,
       0, 1, 0, 3, 0, 0, 0, 0, 1, 2], dtype=object)]
[131, array([-20., -10., -10.,   0.]), array([1, 3, 0, 2, 0, 2, 2, 2, 1, 2, 3, 0, 3, 0, 3, 1, 0, 0, 1, 0, 3, 1,
       0, 0, 3, 1, 3, 3, 1, 0, 1, 3, 1, 1, 2, 1, 3, 3, 2, 3, 3, 1, 3, 3,
       2, 0, 1, 1, 0, 0, 3, 2, 1, 1, 1, 2, 3, 1, 1, 0, 3, 3, 3, 0, 0, 2,
       1, 2, 2, 3, 1, 2, 2, 3, 2, 3, 1, 3, 1, 3, 3, 0, 3, 3, 2, 2, 2, 1,
       2, 1, 3, 0, 3, 1, 3, 1, 0, 2, 1, 2, 2, 0, 2, 3, 1, 3, 2, 3, 2, 0,
       0, 1, 2, 3, 0, 0, 0, 0, 1, 1], dtype=object)]
[131, array([-20., -10., -10.,   0.]), array([1, 3, 0, 2, 0, 2, 2, 2, 1, 2, 3, 0, 3, 0, 3, 1, 0, 0, 1, 0, 3, 1,
       0, 0, 3, 1, 3, 3, 1, 0, 1, 3, 1, 1, 2, 1, 3, 3, 2, 3, 3, 1, 3, 3,
       2, 0, 1, 1, 0, 0, 3, 2, 1, 1, 1, 2, 3, 1, 1, 0, 3, 3, 3, 0, 0, 2,
       1, 2, 2, 3, 1, 2, 2, 3, 2, 3, 1, 3, 1, 3, 3, 0, 3, 3, 2, 2, 2, 1,
       2, 1, 3, 0, 3, 1, 3, 1, 0, 2, 1, 2, 2, 0, 2, 3, 1, 3, 2, 3, 2, 0,
       0, 1, 2, 3, 0, 0, 0, 0, 1, 1], dtype=object)]
[131, array([-20., -10., -10.,   0.]), array([1, 3, 0, 2, 0, 2, 2, 2, 1, 2, 3, 0, 3, 0, 3, 1, 0, 0, 1, 0, 3, 1,
       0, 0, 3, 1, 3, 3, 1, 0, 1, 3, 1, 1, 2, 1, 3, 3, 2, 3, 3, 1, 3, 3,
       2, 0, 1, 1, 0, 0, 3, 2, 1, 1, 1, 2, 3, 1, 1, 0, 3, 3, 3, 0, 0, 2,
       1, 2, 2, 3, 1, 2, 2, 3, 2, 3, 1, 3, 1, 3, 3, 0, 3, 3, 2, 2, 2, 1,
       2, 1, 3, 0, 3, 1, 3, 1, 0, 2, 1, 2, 2, 0, 2, 3, 1, 3, 2, 3, 2, 0,
       0, 1, 2, 3, 0, 0, 0, 0, 1, 1], dtype=object)]
[131, array([-20., -10., -10.,   0.]), array([1, 3, 0, 2, 0, 2, 2, 2, 1, 2, 3, 0, 3, 0, 3, 1, 0, 0, 1, 0, 3, 1,
       0, 0, 3, 1, 3, 3, 1, 0, 1, 3, 1, 1, 2, 1, 3, 3, 2, 3, 3, 1, 3, 3,
       2, 0, 1, 1, 0, 0, 3, 2, 1, 1, 1, 2, 3, 1, 1, 0, 3, 3, 3, 0, 0, 2,
       1, 2, 2, 3, 1, 2, 2, 3, 2, 3, 1, 3, 1, 3, 3, 0, 3, 3, 2, 2, 2, 1,
       2, 1, 3, 0, 3, 1, 3, 1, 0, 2, 1, 2, 2, 0, 2, 3, 1, 3, 2, 3, 2, 0,
       0, 1, 2, 3, 0, 0, 0, 0, 1, 1], dtype=object)]
[132, array([-20., -10., -10.,   0.]), array([1, 3, 0, 2, 0, 2, 2, 2, 1, 2, 3, 0, 3, 0, 3, 1, 0, 0, 1, 0, 3, 1,
       0, 0, 3, 1, 3, 3, 1, 0, 1, 3, 1, 1, 2, 1, 3, 3, 2, 3, 3, 1, 3, 3,
       2, 0, 1, 1, 0, 0, 3, 2, 1, 1, 1, 2, 0, 1, 1, 0, 3, 3, 3, 0, 0, 2,
       1, 2, 0, 3, 1, 2, 2, 3, 2, 3, 1, 3, 1, 3, 3, 0, 3, 3, 2, 2, 2, 1,
       2, 1, 3, 0, 3, 1, 3, 1, 0, 2, 1, 2, 2, 0, 2, 3, 1, 3, 2, 3, 2, 0,
       0, 1, 2, 3, 0, 0, 0, 0, 1, 1], dtype=object)]
[132, array([-20., -10., -10.,   0.]), array([1, 3, 0, 2, 0, 2, 2, 2, 1, 2, 3, 0, 3, 0, 3, 1, 0, 0, 1, 0, 3, 1,
       0, 0, 3, 1, 3, 3, 1, 0, 1, 3, 1, 1, 2, 1, 3, 3, 2, 3, 3, 1, 3, 3,
       2, 0, 1, 1, 0, 0, 3, 2, 1, 1, 1, 2, 0, 1, 1, 0, 3, 3, 3, 0, 0, 2,
       1, 2, 0, 3, 1, 2, 2, 3, 2, 3, 1, 3, 1, 3, 3, 0, 3, 3, 2, 2, 2, 1,
       2, 1, 3, 0, 3, 1, 3, 1, 0, 2, 1, 2, 2, 0, 2, 3, 1, 3, 2, 3, 2, 0,
       0, 1, 2, 3, 0, 0, 0, 0, 1, 1], dtype=object)]
[132, array([-20., -10., -10.,   0.]), array([1, 3, 0, 2, 0, 2, 2, 2, 1, 2, 3, 0, 3, 0, 3, 1, 0, 0, 1, 0, 3, 1,
       0, 0, 3, 1, 3, 3, 1, 0, 1, 3, 1, 1, 2, 1, 3, 3, 2, 3, 3, 1, 3, 3,
       2, 0, 1, 1, 0, 0, 3, 2, 1, 1, 1, 2, 0, 1, 1, 0, 3, 3, 3, 0, 0, 2,
       1, 2, 0, 3, 1, 2, 2, 3, 2, 3, 1, 3, 1, 3, 3, 0, 3, 3, 2, 2, 2, 1,
       2, 1, 3, 0, 3, 1, 3, 1, 0, 2, 1, 2, 2, 0, 2, 3, 1, 3, 2, 3, 2, 0,
       0, 1, 2, 3, 0, 0, 0, 0, 1, 1], dtype=object)]
[132, array([-20., -10., -10.,   0.]), array([1, 3, 0, 2, 0, 2, 2, 2, 1, 2, 3, 0, 3, 0, 3, 1, 0, 0, 1, 0, 3, 1,
       0, 0, 3, 1, 3, 3, 1, 0, 1, 3, 1, 1, 2, 1, 3, 3, 2, 3, 3, 1, 3, 3,
       2, 0, 1, 1, 0, 0, 3, 2, 1, 1, 1, 2, 0, 1, 1, 0, 3, 3, 3, 0, 0, 2,
       1, 2, 0, 3, 1, 2, 2, 3, 2, 3, 1, 3, 1, 3, 3, 0, 3, 3, 2, 2, 2, 1,
       2, 1, 3, 0, 3, 1, 3, 1, 0, 2, 1, 2, 2, 0, 2, 3, 1, 3, 2, 3, 2, 0,
       0, 1, 2, 3, 0, 0, 0, 0, 1, 1], dtype=object)]
[133, array([-20., -10., -10.,   0.]), array([1, 2, 0, 2, 3, 0, 2, 2, 1, 3, 3, 3, 3, 0, 3, 1, 1, 0, 1, 0, 3, 0,
       2, 0, 3, 1, 2, 3, 1, 0, 1, 1, 1, 2, 2, 1, 3, 0, 2, 3, 3, 1, 0, 3,
       2, 0, 1, 1, 0, 0, 3, 2, 1, 1, 1, 2, 3, 1, 1, 0, 3, 3, 3, 0, 0, 2,
       1, 2, 2, 3, 1, 2, 2, 3, 2, 3, 1, 3, 1, 3, 3, 0, 3, 3, 2, 2, 2, 1,
       2, 1, 3, 0, 3, 3, 2, 2, 3, 1, 3, 2, 3, 0, 3, 3, 2, 2, 2, 3, 0, 0,
       0, 1, 2, 3, 0, 0, 0, 0, 1, 1], dtype=object)]
[133, array([-20., -10., -10.,   0.]), array([1, 2, 0, 2, 3, 0, 2, 2, 1, 3, 3, 3, 3, 0, 3, 1, 1, 0, 1, 0, 3, 0,
       2, 0, 3, 1, 2, 3, 1, 0, 1, 1, 1, 2, 2, 1, 3, 0, 2, 3, 3, 1, 0, 3,
       2, 0, 1, 1, 0, 0, 3, 2, 1, 1, 1, 2, 3, 1, 1, 0, 3, 3, 3, 0, 0, 2,
       1, 2, 2, 3, 1, 2, 2, 3, 2, 3, 1, 3, 1, 3, 3, 0, 3, 3, 2, 2, 2, 1,
       2, 1, 3, 0, 3, 3, 2, 2, 3, 1, 3, 2, 3, 0, 3, 3, 2, 2, 2, 3, 0, 0,
       0, 1, 2, 3, 0, 0, 0, 0, 1, 1], dtype=object)]
[133, array([-20., -10., -10.,   0.]), array([1, 2, 0, 2, 3, 0, 2, 2, 1, 3, 3, 3, 3, 0, 3, 1, 1, 0, 1, 0, 3, 0,
       2, 0, 3, 1, 2, 3, 1, 0, 1, 1, 1, 2, 2, 1, 3, 0, 2, 3, 3, 1, 0, 3,
       2, 0, 1, 1, 0, 0, 3, 2, 1, 1, 1, 2, 3, 1, 1, 0, 3, 3, 3, 0, 0, 2,
       1, 2, 2, 3, 1, 2, 2, 3, 2, 3, 1, 3, 1, 3, 3, 0, 3, 3, 2, 2, 2, 1,
       2, 1, 3, 0, 3, 3, 2, 2, 3, 1, 3, 2, 3, 0, 3, 3, 2, 2, 2, 3, 0, 0,
       0, 1, 2, 3, 0, 0, 0, 0, 1, 1], dtype=object)]
[133, array([-20., -10., -10.,   0.]), array([1, 2, 0, 2, 3, 0, 2, 2, 1, 3, 3, 3, 3, 0, 3, 1, 1, 0, 1, 0, 3, 0,
       2, 0, 3, 1, 2, 3, 1, 0, 1, 1, 1, 2, 2, 1, 3, 0, 2, 3, 3, 1, 0, 3,
       2, 0, 1, 1, 0, 0, 3, 2, 1, 1, 1, 2, 3, 1, 1, 0, 3, 3, 3, 0, 0, 2,
       1, 2, 2, 3, 1, 2, 2, 3, 2, 3, 1, 3, 1, 3, 3, 0, 3, 3, 2, 2, 2, 1,
       2, 1, 3, 0, 3, 3, 2, 2, 3, 1, 3, 2, 3, 0, 3, 3, 2, 2, 2, 3, 0, 0,
       0, 1, 2, 3, 0, 0, 0, 0, 1, 1], dtype=object)]
[134, array([-20., -10., -10.,   0.]), array([1, 2, 0, 2, 3, 0, 2, 2, 1, 3, 3, 3, 3, 0, 3, 1, 2, 0, 1, 0, 3, 0,
       2, 0, 3, 1, 2, 3, 1, 0, 1, 1, 1, 2, 2, 1, 3, 0, 2, 3, 3, 1, 0, 3,
       2, 0, 1, 1, 0, 0, 3, 2, 1, 1, 1, 2, 3, 1, 1, 0, 3, 3, 3, 0, 0, 2,
       1, 2, 2, 3, 1, 2, 2, 3, 2, 3, 1, 3, 1, 3, 3, 0, 3, 3, 2, 2, 2, 1,
       2, 1, 3, 0, 3, 3, 2, 3, 3, 1, 3, 2, 3, 0, 3, 3, 2, 2, 2, 3, 0, 0,
       0, 1, 2, 3, 0, 0, 0, 0, 1, 1], dtype=object)]
[134, array([-20., -10., -10.,   0.]), array([1, 2, 0, 2, 3, 0, 2, 2, 1, 3, 3, 3, 3, 0, 3, 1, 2, 0, 1, 0, 3, 0,
       2, 0, 3, 1, 2, 3, 1, 0, 1, 1, 1, 2, 2, 1, 3, 0, 2, 3, 3, 1, 0, 3,
       2, 0, 1, 1, 0, 0, 3, 2, 1, 1, 1, 2, 3, 1, 1, 0, 3, 3, 3, 0, 0, 2,
       1, 2, 2, 3, 1, 2, 2, 3, 2, 3, 1, 3, 1, 3, 3, 0, 3, 3, 2, 2, 2, 1,
       2, 1, 3, 0, 3, 3, 2, 3, 3, 1, 3, 2, 3, 0, 3, 3, 2, 2, 2, 3, 0, 0,
       0, 1, 2, 3, 0, 0, 0, 0, 1, 1], dtype=object)]
[134, array([-20., -10., -10.,   0.]), array([1, 2, 0, 2, 3, 0, 2, 2, 1, 3, 3, 3, 3, 0, 3, 1, 2, 0, 1, 0, 3, 0,
       2, 0, 3, 1, 2, 3, 1, 0, 1, 1, 1, 2, 2, 1, 3, 0, 2, 3, 3, 1, 0, 3,
       2, 0, 1, 1, 0, 0, 3, 2, 1, 1, 1, 2, 3, 1, 1, 0, 3, 3, 3, 0, 0, 2,
       1, 2, 2, 3, 1, 2, 2, 3, 2, 3, 1, 3, 1, 3, 3, 0, 3, 3, 2, 2, 2, 1,
       2, 1, 3, 0, 3, 3, 2, 3, 3, 1, 3, 2, 3, 0, 3, 3, 2, 2, 2, 3, 0, 0,
       0, 1, 2, 3, 0, 0, 0, 0, 1, 1], dtype=object)]
[134, array([-20., -10., -10.,   0.]), array([1, 2, 0, 2, 3, 0, 2, 2, 1, 3, 3, 3, 3, 0, 3, 1, 2, 0, 1, 0, 3, 0,
       2, 0, 3, 1, 2, 3, 1, 0, 1, 1, 1, 2, 2, 1, 3, 0, 2, 3, 3, 1, 0, 3,
       2, 0, 1, 1, 0, 0, 3, 2, 1, 1, 1, 2, 3, 1, 1, 0, 3, 3, 3, 0, 0, 2,
       1, 2, 2, 3, 1, 2, 2, 3, 2, 3, 1, 3, 1, 3, 3, 0, 3, 3, 2, 2, 2, 1,
       2, 1, 3, 0, 3, 3, 2, 3, 3, 1, 3, 2, 3, 0, 3, 3, 2, 2, 2, 3, 0, 0,
       0, 1, 2, 3, 0, 0, 0, 0, 1, 1], dtype=object)]
[135, array([-20., -10., -10.,   0.]), array([1, 3, 0, 2, 3, 2, 2, 2, 1, 2, 3, 0, 3, 0, 3, 1, 1, 0, 1, 0, 3, 1,
       0, 0, 3, 1, 3, 3, 1, 0, 1, 3, 1, 1, 2, 1, 3, 2, 2, 3, 3, 1, 0, 3,
       2, 0, 1, 1, 0, 0, 3, 2, 1, 1, 1, 2, 3, 1, 3, 0, 3, 0, 3, 0, 0, 2,
       1, 2, 2, 3, 1, 2, 2, 3, 2, 3, 1, 3, 1, 3, 3, 0, 3, 3, 2, 2, 2, 1,
       2, 1, 3, 0, 3, 2, 2, 1, 3, 0, 1, 2, 3, 0, 3, 3, 2, 2, 2, 3, 0, 0,
       0, 1, 2, 3, 0, 0, 0, 0, 1, 2], dtype=object)]
[135, array([-20., -10., -10.,   0.]), array([1, 3, 0, 2, 3, 2, 2, 2, 1, 2, 3, 0, 3, 0, 3, 1, 1, 0, 1, 0, 3, 1,
       0, 0, 3, 1, 3, 3, 1, 0, 1, 3, 1, 1, 2, 1, 3, 2, 2, 3, 3, 1, 0, 3,
       2, 0, 1, 1, 0, 0, 3, 2, 1, 1, 1, 2, 3, 1, 3, 0, 3, 0, 3, 0, 0, 2,
       1, 2, 2, 3, 1, 2, 2, 3, 2, 3, 1, 3, 1, 3, 3, 0, 3, 3, 2, 2, 2, 1,
       2, 1, 3, 0, 3, 2, 2, 1, 3, 0, 1, 2, 3, 0, 3, 3, 2, 2, 2, 3, 0, 0,
       0, 1, 2, 3, 0, 0, 0, 0, 1, 2], dtype=object)]
[135, array([-20., -10., -10.,   0.]), array([1, 3, 0, 2, 3, 2, 2, 2, 1, 2, 3, 0, 3, 0, 3, 1, 1, 0, 1, 0, 3, 1,
       0, 0, 3, 1, 3, 3, 1, 0, 1, 3, 1, 1, 2, 1, 3, 2, 2, 3, 3, 1, 0, 3,
       2, 0, 1, 1, 0, 0, 3, 2, 1, 1, 1, 2, 3, 1, 3, 0, 3, 0, 3, 0, 0, 2,
       1, 2, 2, 3, 1, 2, 2, 3, 2, 3, 1, 3, 1, 3, 3, 0, 3, 3, 2, 2, 2, 1,
       2, 1, 3, 0, 3, 2, 2, 1, 3, 0, 1, 2, 3, 0, 3, 3, 2, 2, 2, 3, 0, 0,
       0, 1, 2, 3, 0, 0, 0, 0, 1, 2], dtype=object)]
[135, array([-20., -10., -10.,   0.]), array([1, 3, 0, 2, 3, 2, 2, 2, 1, 2, 3, 0, 3, 0, 3, 1, 1, 0, 1, 0, 3, 1,
       0, 0, 3, 1, 3, 3, 1, 0, 1, 3, 1, 1, 2, 1, 3, 2, 2, 3, 3, 1, 0, 3,
       2, 0, 1, 1, 0, 0, 3, 2, 1, 1, 1, 2, 3, 1, 3, 0, 3, 0, 3, 0, 0, 2,
       1, 2, 2, 3, 1, 2, 2, 3, 2, 3, 1, 3, 1, 3, 3, 0, 3, 3, 2, 2, 2, 1,
       2, 1, 3, 0, 3, 2, 2, 1, 3, 0, 1, 2, 3, 0, 3, 3, 2, 2, 2, 3, 0, 0,
       0, 1, 2, 3, 0, 0, 0, 0, 1, 2], dtype=object)]
srun: Job step aborted: Waiting up to 32 seconds for job step to finish.
slurmstepd: error: *** STEP 36419768.0 ON nid006399 CANCELLED AT 2025-03-02T22:42:56 ***
slurmstepd: error: *** JOB 36419768 ON nid006399 CANCELLED AT 2025-03-02T22:42:56 ***
