Running GA Job with Parameters:
  Number of Qubits     : 10
  Ansatz Reps          : 1
  Generations          : 1000
  Mutation Probability : 0.25 0.01 
  Elitism              : 5
  Crossover Type       : single_point
STARTING ROUND 0


started GA at id 1 with 1 procs

GA parameters used for this experiment:
  num_generations=500
  num_parents_mating=20
  population_size=100
  num_genes=25
  parent_selection_type=tournament
  keep_parents=-1
  crossover_type=single_point
  mutation_type=adaptive
  crossover_probability=0.9
  mutation_probability=(0.25, 0.01)
  keep_elitism=5
started GA at id 2 with 1 procs

GA parameters used for this experiment:
  num_generations=500
  num_parents_mating=20
  population_size=100
  num_genes=25
  parent_selection_type=tournament
  keep_parents=-1
  crossover_type=single_point
  mutation_type=adaptive
  crossover_probability=0.9
  mutation_probability=(0.25, 0.01)
  keep_elitism=5
started GA at id None with 1 procs

GA parameters used for this experiment:
  num_generations=500
  num_parents_mating=20
  population_size=100
  num_genes=25
  parent_selection_type=tournament
  keep_parents=-1
  crossover_type=single_point
  mutation_type=adaptive
  crossover_probability=0.9
  mutation_probability=(0.25, 0.01)
  keep_elitism=5
started GA at id 3 with 1 procs

GA parameters used for this experiment:
  num_generations=500
  num_parents_mating=20
  population_size=100
  num_genes=25
  parent_selection_type=tournament
  keep_parents=-1
  crossover_type=single_point
  mutation_type=adaptive
  crossover_probability=0.9
  mutation_probability=(0.25, 0.01)
  keep_elitism=5
[0, array([-2., -1., -1.,  0.]), array([2, 0, 2, 1, 2, 3, 0, 3, 2, 1, 2, 1, 1, 1, 0, 2, 3, 0, 0, 1, 1, 0,
       0, 3, 2], dtype=object)]
[0, array([-2., -1., -1.,  0.]), array([2, 0, 2, 1, 2, 3, 0, 3, 2, 1, 2, 1, 1, 1, 0, 2, 3, 0, 0, 1, 1, 0,
       0, 3, 2], dtype=object)]
[0, array([-2., -1., -1.,  0.]), array([2, 0, 2, 1, 2, 3, 0, 3, 2, 1, 2, 1, 1, 1, 0, 2, 3, 0, 0, 1, 1, 0,
       0, 3, 2], dtype=object)]
[0, array([-2., -1., -1.,  0.]), array([2, 0, 2, 1, 2, 3, 0, 3, 2, 1, 2, 1, 1, 1, 0, 2, 3, 0, 0, 1, 1, 0,
       0, 3, 2], dtype=object)]
[1, array([-8., -4., -4.,  0.]), array([0, 0, 2, 2, 0, 1, 3, 3, 2, 2, 0, 3, 0, 0, 1, 0, 2, 2, 1, 3, 1, 2,
       1, 1, 3], dtype=object)]
[1, array([-8., -4., -4.,  0.]), array([0, 0, 2, 2, 0, 1, 3, 3, 2, 2, 0, 3, 0, 0, 1, 0, 2, 2, 1, 3, 1, 2,
       1, 1, 3], dtype=object)]
[1, array([-8., -4., -4.,  0.]), array([0, 0, 2, 2, 0, 1, 3, 3, 2, 2, 0, 3, 0, 0, 1, 0, 2, 2, 1, 3, 1, 2,
       1, 1, 3], dtype=object)]
[1, array([-8., -4., -4.,  0.]), array([0, 0, 2, 2, 0, 1, 3, 3, 2, 2, 0, 3, 0, 0, 1, 0, 2, 2, 1, 3, 1, 2,
       1, 1, 3], dtype=object)]
[2, array([-8., -4., -4.,  0.]), array([0, 0, 2, 2, 0, 1, 3, 3, 2, 2, 0, 3, 0, 0, 1, 0, 2, 2, 1, 3, 1, 2,
       1, 1, 3], dtype=object)]
[2, array([-8., -4., -4.,  0.]), array([0, 0, 2, 2, 0, 1, 3, 3, 2, 2, 0, 3, 0, 0, 1, 0, 2, 2, 1, 3, 1, 2,
       1, 1, 3], dtype=object)]
[2, array([-8., -4., -4.,  0.]), array([0, 0, 2, 2, 0, 1, 3, 3, 2, 2, 0, 3, 0, 0, 1, 0, 2, 2, 1, 3, 1, 2,
       1, 1, 3], dtype=object)]
[2, array([-8., -4., -4.,  0.]), array([0, 0, 2, 2, 0, 1, 3, 3, 2, 2, 0, 3, 0, 0, 1, 0, 2, 2, 1, 3, 1, 2,
       1, 1, 3], dtype=object)]
[3, array([-4., -2., -2.,  0.]), array([0, 0, 0, 1, 2, 1, 0, 0, 1, 0, 0, 1, 2, 0, 0, 2, 3, 1, 1, 3, 3, 1,
       2, 2, 1], dtype=object)]
[3, array([-4., -2., -2.,  0.]), array([0, 0, 0, 1, 2, 1, 0, 0, 1, 0, 0, 1, 2, 0, 0, 2, 3, 1, 1, 3, 3, 1,
       2, 2, 1], dtype=object)]
[3, array([-4., -2., -2.,  0.]), array([0, 0, 0, 1, 2, 1, 0, 0, 1, 0, 0, 1, 2, 0, 0, 2, 3, 1, 1, 3, 3, 1,
       2, 2, 1], dtype=object)]
[3, array([-4., -2., -2.,  0.]), array([0, 0, 0, 1, 2, 1, 0, 0, 1, 0, 0, 1, 2, 0, 0, 2, 3, 1, 1, 3, 3, 1,
       2, 2, 1], dtype=object)]
[4, array([-8., -4., -4.,  0.]), array([1, 0, 0, 3, 2, 0, 2, 0, 1, 1, 3, 2, 1, 0, 0, 0, 2, 2, 3, 0, 0, 3,
       3, 0, 0], dtype=object)]
[4, array([-8., -4., -4.,  0.]), array([1, 0, 0, 3, 2, 0, 2, 0, 1, 1, 3, 2, 1, 0, 0, 0, 2, 2, 3, 0, 0, 3,
       3, 0, 0], dtype=object)]
[4, array([-8., -4., -4.,  0.]), array([1, 0, 0, 3, 2, 0, 2, 0, 1, 1, 3, 2, 1, 0, 0, 0, 2, 2, 3, 0, 0, 3,
       3, 0, 0], dtype=object)]
[4, array([-8., -4., -4.,  0.]), array([1, 0, 0, 3, 2, 0, 2, 0, 1, 1, 3, 2, 1, 0, 0, 0, 2, 2, 3, 0, 0, 3,
       3, 0, 0], dtype=object)]
[5, array([-10.,  -5.,  -5.,   0.]), array([3, 2, 0, 1, 2, 2, 2, 2, 1, 0, 3, 2, 2, 2, 1, 1, 1, 1, 2, 2, 1, 1,
       3, 1, 0], dtype=object)]
[5, array([-10.,  -5.,  -5.,   0.]), array([3, 2, 0, 1, 2, 2, 2, 2, 1, 0, 3, 2, 2, 2, 1, 1, 1, 1, 2, 2, 1, 1,
       3, 1, 0], dtype=object)]
[5, array([-10.,  -5.,  -5.,   0.]), array([3, 2, 0, 1, 2, 2, 2, 2, 1, 0, 3, 2, 2, 2, 1, 1, 1, 1, 2, 2, 1, 1,
       3, 1, 0], dtype=object)]
[5, array([-10.,  -5.,  -5.,   0.]), array([3, 2, 0, 1, 2, 2, 2, 2, 1, 0, 3, 2, 2, 2, 1, 1, 1, 1, 2, 2, 1, 1,
       3, 1, 0], dtype=object)]
[6, array([-10.,  -5.,  -5.,   0.]), array([3, 2, 0, 1, 2, 2, 2, 2, 1, 0, 3, 2, 2, 2, 1, 1, 1, 1, 2, 2, 1, 1,
       3, 1, 0], dtype=object)]
[6, array([-10.,  -5.,  -5.,   0.]), array([3, 2, 0, 1, 2, 2, 2, 2, 1, 0, 3, 2, 2, 2, 1, 1, 1, 1, 2, 2, 1, 1,
       3, 1, 0], dtype=object)]
[6, array([-10.,  -5.,  -5.,   0.]), array([3, 2, 0, 1, 2, 2, 2, 2, 1, 0, 3, 2, 2, 2, 1, 1, 1, 1, 2, 2, 1, 1,
       3, 1, 0], dtype=object)]
[6, array([-10.,  -5.,  -5.,   0.]), array([3, 2, 0, 1, 2, 2, 2, 2, 1, 0, 3, 2, 2, 2, 1, 1, 1, 1, 2, 2, 1, 1,
       3, 1, 0], dtype=object)]
[7, array([-14.,  -7.,  -7.,   0.]), array([1, 2, 2, 3, 3, 1, 0, 2, 1, 0, 3, 2, 2, 2, 1, 1, 1, 1, 2, 2, 1, 1,
       3, 1, 1], dtype=object)]
[7, array([-14.,  -7.,  -7.,   0.]), array([1, 2, 2, 3, 3, 1, 0, 2, 1, 0, 3, 2, 2, 2, 1, 1, 1, 1, 2, 2, 1, 1,
       3, 1, 1], dtype=object)]
[7, array([-14.,  -7.,  -7.,   0.]), array([1, 2, 2, 3, 3, 1, 0, 2, 1, 0, 3, 2, 2, 2, 1, 1, 1, 1, 2, 2, 1, 1,
       3, 1, 1], dtype=object)]
[7, array([-14.,  -7.,  -7.,   0.]), array([1, 2, 2, 3, 3, 1, 0, 2, 1, 0, 3, 2, 2, 2, 1, 1, 1, 1, 2, 2, 1, 1,
       3, 1, 1], dtype=object)]
[8, array([-14.,  -7.,  -7.,   0.]), array([1, 2, 2, 3, 3, 1, 0, 2, 1, 0, 3, 2, 2, 2, 1, 1, 1, 1, 2, 2, 1, 1,
       3, 1, 1], dtype=object)]
[8, array([-14.,  -7.,  -7.,   0.]), array([1, 2, 2, 3, 3, 1, 0, 2, 1, 0, 3, 2, 2, 2, 1, 1, 1, 1, 2, 2, 1, 1,
       3, 1, 1], dtype=object)]
[8, array([-14.,  -7.,  -7.,   0.]), array([1, 2, 2, 3, 3, 1, 0, 2, 1, 0, 3, 2, 2, 2, 1, 1, 1, 1, 2, 2, 1, 1,
       3, 1, 1], dtype=object)]
[8, array([-14.,  -7.,  -7.,   0.]), array([1, 2, 2, 3, 3, 1, 0, 2, 1, 0, 3, 2, 2, 2, 1, 1, 1, 1, 2, 2, 1, 1,
       3, 1, 1], dtype=object)]
[9, array([-14.,  -7.,  -7.,   0.]), array([1, 2, 2, 3, 3, 1, 0, 2, 1, 0, 3, 2, 2, 2, 1, 1, 1, 1, 2, 2, 1, 1,
       3, 1, 3], dtype=object)]
[9, array([-14.,  -7.,  -7.,   0.]), array([1, 2, 2, 3, 3, 1, 0, 2, 1, 0, 3, 2, 2, 2, 1, 1, 1, 1, 2, 2, 1, 1,
       3, 1, 3], dtype=object)]
[9, array([-14.,  -7.,  -7.,   0.]), array([1, 2, 2, 3, 3, 1, 0, 2, 1, 0, 3, 2, 2, 2, 1, 1, 1, 1, 2, 2, 1, 1,
       3, 1, 3], dtype=object)]
[9, array([-14.,  -7.,  -7.,   0.]), array([1, 2, 2, 3, 3, 1, 0, 2, 1, 0, 3, 2, 2, 2, 1, 1, 1, 1, 2, 2, 1, 1,
       3, 1, 3], dtype=object)]
[10, array([-14.,  -7.,  -7.,   0.]), array([1, 2, 2, 3, 3, 1, 0, 2, 1, 0, 3, 2, 2, 2, 1, 1, 1, 1, 2, 2, 1, 1,
       3, 1, 3], dtype=object)]
[10, array([-14.,  -7.,  -7.,   0.]), array([1, 2, 2, 3, 3, 1, 0, 2, 1, 0, 3, 2, 2, 2, 1, 1, 1, 1, 2, 2, 1, 1,
       3, 1, 3], dtype=object)]
[10, array([-14.,  -7.,  -7.,   0.]), array([1, 2, 2, 3, 3, 1, 0, 2, 1, 0, 3, 2, 2, 2, 1, 1, 1, 1, 2, 2, 1, 1,
       3, 1, 3], dtype=object)]
[10, array([-14.,  -7.,  -7.,   0.]), array([1, 2, 2, 3, 3, 1, 0, 2, 1, 0, 3, 2, 2, 2, 1, 1, 1, 1, 2, 2, 1, 1,
       3, 1, 3], dtype=object)]
[11, array([-14.,  -7.,  -7.,   0.]), array([1, 2, 2, 3, 3, 1, 0, 2, 1, 0, 3, 2, 2, 2, 1, 1, 1, 1, 2, 2, 1, 1,
       3, 1, 1], dtype=object)]
[11, array([-14.,  -7.,  -7.,   0.]), array([1, 2, 2, 3, 3, 1, 0, 2, 1, 0, 3, 2, 2, 2, 1, 1, 1, 1, 2, 2, 1, 1,
       3, 1, 1], dtype=object)]
[11, array([-14.,  -7.,  -7.,   0.]), array([1, 2, 2, 3, 3, 1, 0, 2, 1, 0, 3, 2, 2, 2, 1, 1, 1, 1, 2, 2, 1, 1,
       3, 1, 1], dtype=object)]
[11, array([-14.,  -7.,  -7.,   0.]), array([1, 2, 2, 3, 3, 1, 0, 2, 1, 0, 3, 2, 2, 2, 1, 1, 1, 1, 2, 2, 1, 1,
       3, 1, 1], dtype=object)]
[12, array([-12.,  -6.,  -6.,   0.]), array([1, 2, 2, 3, 3, 1, 0, 2, 1, 0, 3, 2, 2, 2, 1, 1, 1, 1, 2, 2, 1, 1,
       0, 1, 3], dtype=object)]
[12, array([-12.,  -6.,  -6.,   0.]), array([1, 2, 2, 3, 3, 1, 0, 2, 1, 0, 3, 2, 2, 2, 1, 1, 1, 1, 2, 2, 1, 1,
       0, 1, 3], dtype=object)]
[12, array([-12.,  -6.,  -6.,   0.]), array([1, 2, 2, 3, 3, 1, 0, 2, 1, 0, 3, 2, 2, 2, 1, 1, 1, 1, 2, 2, 1, 1,
       0, 1, 3], dtype=object)]
[12, array([-12.,  -6.,  -6.,   0.]), array([1, 2, 2, 3, 3, 1, 0, 2, 1, 0, 3, 2, 2, 2, 1, 1, 1, 1, 2, 2, 1, 1,
       0, 1, 3], dtype=object)]
[13, array([-14.,  -7.,  -7.,   0.]), array([1, 2, 2, 3, 3, 1, 0, 2, 1, 0, 3, 2, 2, 2, 1, 1, 1, 1, 2, 2, 1, 1,
       3, 1, 3], dtype=object)]
[13, array([-14.,  -7.,  -7.,   0.]), array([1, 2, 2, 3, 3, 1, 0, 2, 1, 0, 3, 2, 2, 2, 1, 1, 1, 1, 2, 2, 1, 1,
       3, 1, 3], dtype=object)]
[13, array([-14.,  -7.,  -7.,   0.]), array([1, 2, 2, 3, 3, 1, 0, 2, 1, 0, 3, 2, 2, 2, 1, 1, 1, 1, 2, 2, 1, 1,
       3, 1, 3], dtype=object)]
[13, array([-14.,  -7.,  -7.,   0.]), array([1, 2, 2, 3, 3, 1, 0, 2, 1, 0, 3, 2, 2, 2, 1, 1, 1, 1, 2, 2, 1, 1,
       3, 1, 3], dtype=object)]
[14, array([-12.,  -6.,  -6.,   0.]), array([0, 1, 2, 3, 3, 1, 0, 2, 1, 0, 3, 2, 2, 2, 1, 1, 1, 1, 2, 2, 1, 1,
       3, 1, 3], dtype=object)]
[14, array([-12.,  -6.,  -6.,   0.]), array([0, 1, 2, 3, 3, 1, 0, 2, 1, 0, 3, 2, 2, 2, 1, 1, 1, 1, 2, 2, 1, 1,
       3, 1, 3], dtype=object)]
[14, array([-12.,  -6.,  -6.,   0.]), array([0, 1, 2, 3, 3, 1, 0, 2, 1, 0, 3, 2, 2, 2, 1, 1, 1, 1, 2, 2, 1, 1,
       3, 1, 3], dtype=object)]
[14, array([-12.,  -6.,  -6.,   0.]), array([0, 1, 2, 3, 3, 1, 0, 2, 1, 0, 3, 2, 2, 2, 1, 1, 1, 1, 2, 2, 1, 1,
       3, 1, 3], dtype=object)]
[15, array([-14.,  -7.,  -7.,   0.]), array([1, 2, 2, 3, 3, 1, 0, 2, 1, 0, 3, 2, 2, 2, 1, 1, 1, 1, 2, 2, 1, 1,
       3, 1, 1], dtype=object)]
[15, array([-14.,  -7.,  -7.,   0.]), array([1, 2, 2, 3, 3, 1, 0, 2, 1, 0, 3, 2, 2, 2, 1, 1, 1, 1, 2, 2, 1, 1,
       3, 1, 1], dtype=object)]
[15, array([-14.,  -7.,  -7.,   0.]), array([1, 2, 2, 3, 3, 1, 0, 2, 1, 0, 3, 2, 2, 2, 1, 1, 1, 1, 2, 2, 1, 1,
       3, 1, 1], dtype=object)]
[15, array([-14.,  -7.,  -7.,   0.]), array([1, 2, 2, 3, 3, 1, 0, 2, 1, 0, 3, 2, 2, 2, 1, 1, 1, 1, 2, 2, 1, 1,
       3, 1, 1], dtype=object)]
[16, array([-12.,  -6.,  -6.,   0.]), array([1, 2, 1, 3, 3, 1, 0, 2, 1, 0, 3, 2, 2, 2, 1, 1, 0, 1, 2, 2, 1, 1,
       3, 1, 1], dtype=object)]
[16, array([-12.,  -6.,  -6.,   0.]), array([1, 2, 1, 3, 3, 1, 0, 2, 1, 0, 3, 2, 2, 2, 1, 1, 0, 1, 2, 2, 1, 1,
       3, 1, 1], dtype=object)]
[16, array([-12.,  -6.,  -6.,   0.]), array([1, 2, 1, 3, 3, 1, 0, 2, 1, 0, 3, 2, 2, 2, 1, 1, 0, 1, 2, 2, 1, 1,
       3, 1, 1], dtype=object)]
[16, array([-12.,  -6.,  -6.,   0.]), array([1, 2, 1, 3, 3, 1, 0, 2, 1, 0, 3, 2, 2, 2, 1, 1, 0, 1, 2, 2, 1, 1,
       3, 1, 1], dtype=object)]
[17, array([-14.,  -7.,  -7.,   0.]), array([1, 2, 2, 3, 2, 1, 0, 0, 1, 0, 3, 2, 2, 2, 1, 1, 1, 1, 2, 2, 1, 1,
       3, 1, 1], dtype=object)]
[17, array([-14.,  -7.,  -7.,   0.]), array([1, 2, 2, 3, 2, 1, 0, 0, 1, 0, 3, 2, 2, 2, 1, 1, 1, 1, 2, 2, 1, 1,
       3, 1, 1], dtype=object)]
[17, array([-14.,  -7.,  -7.,   0.]), array([1, 2, 2, 3, 2, 1, 0, 0, 1, 0, 3, 2, 2, 2, 1, 1, 1, 1, 2, 2, 1, 1,
       3, 1, 1], dtype=object)]
[17, array([-14.,  -7.,  -7.,   0.]), array([1, 2, 2, 3, 2, 1, 0, 0, 1, 0, 3, 2, 2, 2, 1, 1, 1, 1, 2, 2, 1, 1,
       3, 1, 1], dtype=object)]
[18, array([-14.,  -7.,  -7.,   0.]), array([1, 2, 2, 3, 2, 1, 0, 0, 1, 0, 3, 2, 2, 2, 1, 1, 1, 1, 2, 2, 1, 1,
       3, 1, 1], dtype=object)]
[18, array([-14.,  -7.,  -7.,   0.]), array([1, 2, 2, 3, 2, 1, 0, 0, 1, 0, 3, 2, 2, 2, 1, 1, 1, 1, 2, 2, 1, 1,
       3, 1, 1], dtype=object)]
[18, array([-14.,  -7.,  -7.,   0.]), array([1, 2, 2, 3, 2, 1, 0, 0, 1, 0, 3, 2, 2, 2, 1, 1, 1, 1, 2, 2, 1, 1,
       3, 1, 1], dtype=object)]
[18, array([-14.,  -7.,  -7.,   0.]), array([1, 2, 2, 3, 2, 1, 0, 0, 1, 0, 3, 2, 2, 2, 1, 1, 1, 1, 2, 2, 1, 1,
       3, 1, 1], dtype=object)]
[19, array([-14.,  -7.,  -7.,   0.]), array([1, 2, 2, 3, 3, 1, 0, 2, 1, 0, 3, 2, 2, 2, 1, 1, 1, 1, 3, 2, 1, 1,
       3, 1, 3], dtype=object)]
[19, array([-14.,  -7.,  -7.,   0.]), array([1, 2, 2, 3, 3, 1, 0, 2, 1, 0, 3, 2, 2, 2, 1, 1, 1, 1, 3, 2, 1, 1,
       3, 1, 3], dtype=object)]
[19, array([-14.,  -7.,  -7.,   0.]), array([1, 2, 2, 3, 3, 1, 0, 2, 1, 0, 3, 2, 2, 2, 1, 1, 1, 1, 3, 2, 1, 1,
       3, 1, 3], dtype=object)]
[19, array([-14.,  -7.,  -7.,   0.]), array([1, 2, 2, 3, 3, 1, 0, 2, 1, 0, 3, 2, 2, 2, 1, 1, 1, 1, 3, 2, 1, 1,
       3, 1, 3], dtype=object)]
[20, array([-14.,  -7.,  -7.,   0.]), array([1, 2, 2, 3, 3, 1, 0, 2, 1, 0, 3, 2, 2, 2, 1, 1, 1, 1, 3, 2, 1, 1,
       3, 1, 3], dtype=object)]
[20, array([-14.,  -7.,  -7.,   0.]), array([1, 2, 2, 3, 3, 1, 0, 2, 1, 0, 3, 2, 2, 2, 1, 1, 1, 1, 3, 2, 1, 1,
       3, 1, 3], dtype=object)]
[20, array([-14.,  -7.,  -7.,   0.]), array([1, 2, 2, 3, 3, 1, 0, 2, 1, 0, 3, 2, 2, 2, 1, 1, 1, 1, 3, 2, 1, 1,
       3, 1, 3], dtype=object)]
[20, array([-14.,  -7.,  -7.,   0.]), array([1, 2, 2, 3, 3, 1, 0, 2, 1, 0, 3, 2, 2, 2, 1, 1, 1, 1, 3, 2, 1, 1,
       3, 1, 3], dtype=object)]
[21, array([-14.,  -7.,  -7.,   0.]), array([1, 2, 2, 3, 3, 1, 0, 2, 1, 0, 3, 2, 2, 2, 1, 1, 1, 1, 2, 2, 1, 1,
       3, 1, 3], dtype=object)]
[21, array([-14.,  -7.,  -7.,   0.]), array([1, 2, 2, 3, 3, 1, 0, 2, 1, 0, 3, 2, 2, 2, 1, 1, 1, 1, 2, 2, 1, 1,
       3, 1, 3], dtype=object)]
[21, array([-14.,  -7.,  -7.,   0.]), array([1, 2, 2, 3, 3, 1, 0, 2, 1, 0, 3, 2, 2, 2, 1, 1, 1, 1, 2, 2, 1, 1,
       3, 1, 3], dtype=object)]
[21, array([-14.,  -7.,  -7.,   0.]), array([1, 2, 2, 3, 3, 1, 0, 2, 1, 0, 3, 2, 2, 2, 1, 1, 1, 1, 2, 2, 1, 1,
       3, 1, 3], dtype=object)]
[22, array([-14.,  -7.,  -7.,   0.]), array([1, 2, 2, 3, 3, 1, 0, 2, 1, 0, 3, 2, 2, 2, 1, 1, 3, 1, 2, 2, 1, 1,
       3, 1, 1], dtype=object)]
[22, array([-14.,  -7.,  -7.,   0.]), array([1, 2, 2, 3, 3, 1, 0, 2, 1, 0, 3, 2, 2, 2, 1, 1, 3, 1, 2, 2, 1, 1,
       3, 1, 1], dtype=object)]
[22, array([-14.,  -7.,  -7.,   0.]), array([1, 2, 2, 3, 3, 1, 0, 2, 1, 0, 3, 2, 2, 2, 1, 1, 3, 1, 2, 2, 1, 1,
       3, 1, 1], dtype=object)]
[22, array([-14.,  -7.,  -7.,   0.]), array([1, 2, 2, 3, 3, 1, 0, 2, 1, 0, 3, 2, 2, 2, 1, 1, 3, 1, 2, 2, 1, 1,
       3, 1, 1], dtype=object)]
[23, array([-14.,  -7.,  -7.,   0.]), array([1, 2, 2, 3, 3, 1, 0, 2, 1, 0, 3, 2, 2, 1, 1, 1, 1, 2, 2, 2, 1, 1,
       3, 1, 3], dtype=object)]
[23, array([-14.,  -7.,  -7.,   0.]), array([1, 2, 2, 3, 3, 1, 0, 2, 1, 0, 3, 2, 2, 1, 1, 1, 1, 2, 2, 2, 1, 1,
       3, 1, 3], dtype=object)]
[23, array([-14.,  -7.,  -7.,   0.]), array([1, 2, 2, 3, 3, 1, 0, 2, 1, 0, 3, 2, 2, 1, 1, 1, 1, 2, 2, 2, 1, 1,
       3, 1, 3], dtype=object)]
[23, array([-14.,  -7.,  -7.,   0.]), array([1, 2, 2, 3, 3, 1, 0, 2, 1, 0, 3, 2, 2, 1, 1, 1, 1, 2, 2, 2, 1, 1,
       3, 1, 3], dtype=object)]
[24, array([-14.,  -7.,  -7.,   0.]), array([1, 2, 2, 3, 3, 1, 0, 2, 1, 0, 3, 2, 2, 2, 1, 1, 1, 1, 2, 2, 1, 1,
       3, 1, 1], dtype=object)]
[24, array([-14.,  -7.,  -7.,   0.]), array([1, 2, 2, 3, 3, 1, 0, 2, 1, 0, 3, 2, 2, 2, 1, 1, 1, 1, 2, 2, 1, 1,
       3, 1, 1], dtype=object)]
[24, array([-14.,  -7.,  -7.,   0.]), array([1, 2, 2, 3, 3, 1, 0, 2, 1, 0, 3, 2, 2, 2, 1, 1, 1, 1, 2, 2, 1, 1,
       3, 1, 1], dtype=object)]
[24, array([-14.,  -7.,  -7.,   0.]), array([1, 2, 2, 3, 3, 1, 0, 2, 1, 0, 3, 2, 2, 2, 1, 1, 1, 1, 2, 2, 1, 1,
       3, 1, 1], dtype=object)]
[25, array([-14.,  -7.,  -7.,   0.]), array([1, 2, 2, 3, 3, 1, 0, 2, 1, 0, 3, 2, 2, 2, 1, 1, 1, 1, 2, 2, 1, 1,
       3, 1, 3], dtype=object)]
[25, array([-14.,  -7.,  -7.,   0.]), array([1, 2, 2, 3, 3, 1, 0, 2, 1, 0, 3, 2, 2, 2, 1, 1, 1, 1, 2, 2, 1, 1,
       3, 1, 3], dtype=object)]
[25, array([-14.,  -7.,  -7.,   0.]), array([1, 2, 2, 3, 3, 1, 0, 2, 1, 0, 3, 2, 2, 2, 1, 1, 1, 1, 2, 2, 1, 1,
       3, 1, 3], dtype=object)]
[25, array([-14.,  -7.,  -7.,   0.]), array([1, 2, 2, 3, 3, 1, 0, 2, 1, 0, 3, 2, 2, 2, 1, 1, 1, 1, 2, 2, 1, 1,
       3, 1, 3], dtype=object)]
[26, array([-14.,  -7.,  -7.,   0.]), array([1, 2, 2, 3, 2, 1, 0, 0, 1, 0, 3, 2, 2, 2, 1, 1, 1, 2, 2, 2, 1, 1,
       3, 1, 3], dtype=object)]
[26, array([-14.,  -7.,  -7.,   0.]), array([1, 2, 2, 3, 2, 1, 0, 0, 1, 0, 3, 2, 2, 2, 1, 1, 1, 2, 2, 2, 1, 1,
       3, 1, 3], dtype=object)]
[26, array([-14.,  -7.,  -7.,   0.]), array([1, 2, 2, 3, 2, 1, 0, 0, 1, 0, 3, 2, 2, 2, 1, 1, 1, 2, 2, 2, 1, 1,
       3, 1, 3], dtype=object)]
[26, array([-14.,  -7.,  -7.,   0.]), array([1, 2, 2, 3, 2, 1, 0, 0, 1, 0, 3, 2, 2, 2, 1, 1, 1, 2, 2, 2, 1, 1,
       3, 1, 3], dtype=object)]
[27, array([-14.,  -7.,  -7.,   0.]), array([1, 2, 2, 3, 3, 1, 0, 2, 1, 0, 3, 2, 2, 2, 1, 1, 1, 1, 3, 2, 1, 1,
       3, 1, 3], dtype=object)]
[27, array([-14.,  -7.,  -7.,   0.]), array([1, 2, 2, 3, 3, 1, 0, 2, 1, 0, 3, 2, 2, 2, 1, 1, 1, 1, 3, 2, 1, 1,
       3, 1, 3], dtype=object)]
[27, array([-14.,  -7.,  -7.,   0.]), array([1, 2, 2, 3, 3, 1, 0, 2, 1, 0, 3, 2, 2, 2, 1, 1, 1, 1, 3, 2, 1, 1,
       3, 1, 3], dtype=object)]
[27, array([-14.,  -7.,  -7.,   0.]), array([1, 2, 2, 3, 3, 1, 0, 2, 1, 0, 3, 2, 2, 2, 1, 1, 1, 1, 3, 2, 1, 1,
       3, 1, 3], dtype=object)]
[28, array([-14.,  -7.,  -7.,   0.]), array([1, 2, 2, 3, 3, 1, 0, 2, 1, 0, 3, 2, 2, 0, 1, 1, 1, 1, 2, 2, 1, 1,
       3, 1, 3], dtype=object)]
[28, array([-14.,  -7.,  -7.,   0.]), array([1, 2, 2, 3, 3, 1, 0, 2, 1, 0, 3, 2, 2, 0, 1, 1, 1, 1, 2, 2, 1, 1,
       3, 1, 3], dtype=object)]
[28, array([-14.,  -7.,  -7.,   0.]), array([1, 2, 2, 3, 3, 1, 0, 2, 1, 0, 3, 2, 2, 0, 1, 1, 1, 1, 2, 2, 1, 1,
       3, 1, 3], dtype=object)]
[28, array([-14.,  -7.,  -7.,   0.]), array([1, 2, 2, 3, 3, 1, 0, 2, 1, 0, 3, 2, 2, 0, 1, 1, 1, 1, 2, 2, 1, 1,
       3, 1, 3], dtype=object)]
[29, array([-14.,  -7.,  -7.,   0.]), array([1, 2, 2, 3, 3, 1, 0, 2, 1, 0, 3, 2, 2, 2, 1, 1, 1, 1, 2, 2, 1, 1,
       3, 1, 3], dtype=object)]
[29, array([-14.,  -7.,  -7.,   0.]), array([1, 2, 2, 3, 3, 1, 0, 2, 1, 0, 3, 2, 2, 2, 1, 1, 1, 1, 2, 2, 1, 1,
       3, 1, 3], dtype=object)]
[29, array([-14.,  -7.,  -7.,   0.]), array([1, 2, 2, 3, 3, 1, 0, 2, 1, 0, 3, 2, 2, 2, 1, 1, 1, 1, 2, 2, 1, 1,
       3, 1, 3], dtype=object)]
[29, array([-14.,  -7.,  -7.,   0.]), array([1, 2, 2, 3, 3, 1, 0, 2, 1, 0, 3, 2, 2, 2, 1, 1, 1, 1, 2, 2, 1, 1,
       3, 1, 3], dtype=object)]
[30, array([-14.,  -7.,  -7.,   0.]), array([1, 2, 2, 3, 3, 0, 0, 2, 1, 0, 3, 2, 2, 2, 1, 1, 1, 1, 2, 2, 1, 1,
       3, 1, 3], dtype=object)]
[30, array([-14.,  -7.,  -7.,   0.]), array([1, 2, 2, 3, 3, 0, 0, 2, 1, 0, 3, 2, 2, 2, 1, 1, 1, 1, 2, 2, 1, 1,
       3, 1, 3], dtype=object)]
[30, array([-14.,  -7.,  -7.,   0.]), array([1, 2, 2, 3, 3, 0, 0, 2, 1, 0, 3, 2, 2, 2, 1, 1, 1, 1, 2, 2, 1, 1,
       3, 1, 3], dtype=object)]
[30, array([-14.,  -7.,  -7.,   0.]), array([1, 2, 2, 3, 3, 0, 0, 2, 1, 0, 3, 2, 2, 2, 1, 1, 1, 1, 2, 2, 1, 1,
       3, 1, 3], dtype=object)]
[31, array([-14.,  -7.,  -7.,   0.]), array([1, 2, 2, 3, 3, 1, 0, 2, 1, 0, 3, 2, 2, 2, 1, 1, 1, 1, 2, 2, 1, 1,
       3, 1, 3], dtype=object)]
[31, array([-14.,  -7.,  -7.,   0.]), array([1, 2, 2, 3, 3, 1, 0, 2, 1, 0, 3, 2, 2, 2, 1, 1, 1, 1, 2, 2, 1, 1,
       3, 1, 3], dtype=object)]
[31, array([-14.,  -7.,  -7.,   0.]), array([1, 2, 2, 3, 3, 1, 0, 2, 1, 0, 3, 2, 2, 2, 1, 1, 1, 1, 2, 2, 1, 1,
       3, 1, 3], dtype=object)]
[31, array([-14.,  -7.,  -7.,   0.]), array([1, 2, 2, 3, 3, 1, 0, 2, 1, 0, 3, 2, 2, 2, 1, 1, 1, 1, 2, 2, 1, 1,
       3, 1, 3], dtype=object)]
[32, array([-14.,  -7.,  -7.,   0.]), array([1, 2, 2, 3, 3, 0, 0, 2, 1, 0, 3, 2, 2, 2, 1, 1, 1, 1, 0, 2, 1, 1,
       3, 1, 3], dtype=object)]
[32, array([-14.,  -7.,  -7.,   0.]), array([1, 2, 2, 3, 3, 0, 0, 2, 1, 0, 3, 2, 2, 2, 1, 1, 1, 1, 0, 2, 1, 1,
       3, 1, 3], dtype=object)]
[32, array([-14.,  -7.,  -7.,   0.]), array([1, 2, 2, 3, 3, 0, 0, 2, 1, 0, 3, 2, 2, 2, 1, 1, 1, 1, 0, 2, 1, 1,
       3, 1, 3], dtype=object)]
[32, array([-14.,  -7.,  -7.,   0.]), array([1, 2, 2, 3, 3, 0, 0, 2, 1, 0, 3, 2, 2, 2, 1, 1, 1, 1, 0, 2, 1, 1,
       3, 1, 3], dtype=object)]
[33, array([-14.,  -7.,  -7.,   0.]), array([1, 2, 2, 3, 3, 1, 0, 2, 1, 0, 3, 2, 2, 2, 1, 1, 1, 1, 3, 2, 1, 1,
       3, 1, 3], dtype=object)]
[33, array([-14.,  -7.,  -7.,   0.]), array([1, 2, 2, 3, 3, 1, 0, 2, 1, 0, 3, 2, 2, 2, 1, 1, 1, 1, 3, 2, 1, 1,
       3, 1, 3], dtype=object)]
[33, array([-14.,  -7.,  -7.,   0.]), array([1, 2, 2, 3, 3, 1, 0, 2, 1, 0, 3, 2, 2, 2, 1, 1, 1, 1, 3, 2, 1, 1,
       3, 1, 3], dtype=object)]
[33, array([-14.,  -7.,  -7.,   0.]), array([1, 2, 2, 3, 3, 1, 0, 2, 1, 0, 3, 2, 2, 2, 1, 1, 1, 1, 3, 2, 1, 1,
       3, 1, 3], dtype=object)]
[34, array([-14.,  -7.,  -7.,   0.]), array([1, 2, 2, 3, 1, 0, 0, 2, 1, 0, 3, 2, 2, 2, 1, 1, 1, 1, 2, 2, 1, 1,
       3, 1, 3], dtype=object)]
[34, array([-14.,  -7.,  -7.,   0.]), array([1, 2, 2, 3, 1, 0, 0, 2, 1, 0, 3, 2, 2, 2, 1, 1, 1, 1, 2, 2, 1, 1,
       3, 1, 3], dtype=object)]
[34, array([-14.,  -7.,  -7.,   0.]), array([1, 2, 2, 3, 1, 0, 0, 2, 1, 0, 3, 2, 2, 2, 1, 1, 1, 1, 2, 2, 1, 1,
       3, 1, 3], dtype=object)]
[34, array([-14.,  -7.,  -7.,   0.]), array([1, 2, 2, 3, 1, 0, 0, 2, 1, 0, 3, 2, 2, 2, 1, 1, 1, 1, 2, 2, 1, 1,
       3, 1, 3], dtype=object)]
[35, array([-14.,  -7.,  -7.,   0.]), array([1, 2, 2, 3, 3, 1, 0, 0, 1, 0, 3, 2, 2, 2, 1, 1, 1, 1, 2, 2, 1, 1,
       3, 1, 3], dtype=object)]
[35, array([-14.,  -7.,  -7.,   0.]), array([1, 2, 2, 3, 3, 1, 0, 0, 1, 0, 3, 2, 2, 2, 1, 1, 1, 1, 2, 2, 1, 1,
       3, 1, 3], dtype=object)]
[35, array([-14.,  -7.,  -7.,   0.]), array([1, 2, 2, 3, 3, 1, 0, 0, 1, 0, 3, 2, 2, 2, 1, 1, 1, 1, 2, 2, 1, 1,
       3, 1, 3], dtype=object)]
[35, array([-14.,  -7.,  -7.,   0.]), array([1, 2, 2, 3, 3, 1, 0, 0, 1, 0, 3, 2, 2, 2, 1, 1, 1, 1, 2, 2, 1, 1,
       3, 1, 3], dtype=object)]
[36, array([-14.,  -7.,  -7.,   0.]), array([1, 2, 2, 3, 3, 1, 0, 0, 1, 0, 3, 2, 2, 2, 1, 1, 1, 1, 2, 2, 1, 1,
       3, 1, 3], dtype=object)]
[36, array([-14.,  -7.,  -7.,   0.]), array([1, 2, 2, 3, 3, 1, 0, 0, 1, 0, 3, 2, 2, 2, 1, 1, 1, 1, 2, 2, 1, 1,
       3, 1, 3], dtype=object)]
[36, array([-14.,  -7.,  -7.,   0.]), array([1, 2, 2, 3, 3, 1, 0, 0, 1, 0, 3, 2, 2, 2, 1, 1, 1, 1, 2, 2, 1, 1,
       3, 1, 3], dtype=object)]
[36, array([-14.,  -7.,  -7.,   0.]), array([1, 2, 2, 3, 3, 1, 0, 0, 1, 0, 3, 2, 2, 2, 1, 1, 1, 1, 2, 2, 1, 1,
       3, 1, 3], dtype=object)]
[37, array([-14.,  -7.,  -7.,   0.]), array([1, 2, 2, 3, 3, 1, 0, 2, 1, 0, 3, 2, 2, 2, 1, 1, 1, 1, 3, 2, 1, 1,
       3, 1, 1], dtype=object)]
[37, array([-14.,  -7.,  -7.,   0.]), array([1, 2, 2, 3, 3, 1, 0, 2, 1, 0, 3, 2, 2, 2, 1, 1, 1, 1, 3, 2, 1, 1,
       3, 1, 1], dtype=object)]
[37, array([-14.,  -7.,  -7.,   0.]), array([1, 2, 2, 3, 3, 1, 0, 2, 1, 0, 3, 2, 2, 2, 1, 1, 1, 1, 3, 2, 1, 1,
       3, 1, 1], dtype=object)]
[37, array([-14.,  -7.,  -7.,   0.]), array([1, 2, 2, 3, 3, 1, 0, 2, 1, 0, 3, 2, 2, 2, 1, 1, 1, 1, 3, 2, 1, 1,
       3, 1, 1], dtype=object)]
[38, array([-14.,  -7.,  -7.,   0.]), array([1, 2, 2, 3, 3, 1, 0, 2, 1, 0, 3, 2, 2, 2, 1, 1, 1, 1, 3, 2, 1, 1,
       3, 1, 1], dtype=object)]
[38, array([-14.,  -7.,  -7.,   0.]), array([1, 2, 2, 3, 3, 1, 0, 2, 1, 0, 3, 2, 2, 2, 1, 1, 1, 1, 3, 2, 1, 1,
       3, 1, 1], dtype=object)]
[38, array([-14.,  -7.,  -7.,   0.]), array([1, 2, 2, 3, 3, 1, 0, 2, 1, 0, 3, 2, 2, 2, 1, 1, 1, 1, 3, 2, 1, 1,
       3, 1, 1], dtype=object)]
[38, array([-14.,  -7.,  -7.,   0.]), array([1, 2, 2, 3, 3, 1, 0, 2, 1, 0, 3, 2, 2, 2, 1, 1, 1, 1, 3, 2, 1, 1,
       3, 1, 1], dtype=object)]
[39, array([-14.,  -7.,  -7.,   0.]), array([1, 2, 2, 3, 3, 1, 0, 2, 1, 0, 3, 2, 2, 2, 1, 1, 1, 1, 2, 2, 1, 0,
       3, 1, 3], dtype=object)]
[39, array([-14.,  -7.,  -7.,   0.]), array([1, 2, 2, 3, 3, 1, 0, 2, 1, 0, 3, 2, 2, 2, 1, 1, 1, 1, 2, 2, 1, 0,
       3, 1, 3], dtype=object)]
[39, array([-14.,  -7.,  -7.,   0.]), array([1, 2, 2, 3, 3, 1, 0, 2, 1, 0, 3, 2, 2, 2, 1, 1, 1, 1, 2, 2, 1, 0,
       3, 1, 3], dtype=object)]
[39, array([-14.,  -7.,  -7.,   0.]), array([1, 2, 2, 3, 3, 1, 0, 2, 1, 0, 3, 2, 2, 2, 1, 1, 1, 1, 2, 2, 1, 0,
       3, 1, 3], dtype=object)]
[40, array([-14.,  -7.,  -7.,   0.]), array([1, 2, 2, 3, 3, 1, 0, 2, 1, 0, 3, 2, 2, 2, 1, 1, 1, 1, 2, 2, 1, 0,
       3, 1, 3], dtype=object)]
[40, array([-14.,  -7.,  -7.,   0.]), array([1, 2, 2, 3, 3, 1, 0, 2, 1, 0, 3, 2, 2, 2, 1, 1, 1, 1, 2, 2, 1, 0,
       3, 1, 3], dtype=object)]
[40, array([-14.,  -7.,  -7.,   0.]), array([1, 2, 2, 3, 3, 1, 0, 2, 1, 0, 3, 2, 2, 2, 1, 1, 1, 1, 2, 2, 1, 0,
       3, 1, 3], dtype=object)]
[40, array([-14.,  -7.,  -7.,   0.]), array([1, 2, 2, 3, 3, 1, 0, 2, 1, 0, 3, 2, 2, 2, 1, 1, 1, 1, 2, 2, 1, 0,
       3, 1, 3], dtype=object)]
[41, array([-14.,  -7.,  -7.,   0.]), array([2, 2, 2, 3, 3, 1, 0, 2, 1, 0, 3, 2, 2, 2, 1, 1, 1, 2, 2, 2, 1, 1,
       3, 1, 3], dtype=object)]
[41, array([-14.,  -7.,  -7.,   0.]), array([2, 2, 2, 3, 3, 1, 0, 2, 1, 0, 3, 2, 2, 2, 1, 1, 1, 2, 2, 2, 1, 1,
       3, 1, 3], dtype=object)]
[41, array([-14.,  -7.,  -7.,   0.]), array([2, 2, 2, 3, 3, 1, 0, 2, 1, 0, 3, 2, 2, 2, 1, 1, 1, 2, 2, 2, 1, 1,
       3, 1, 3], dtype=object)]
[41, array([-14.,  -7.,  -7.,   0.]), array([2, 2, 2, 3, 3, 1, 0, 2, 1, 0, 3, 2, 2, 2, 1, 1, 1, 2, 2, 2, 1, 1,
       3, 1, 3], dtype=object)]
[42, array([-14.,  -7.,  -7.,   0.]), array([2, 2, 2, 3, 3, 1, 0, 2, 1, 0, 3, 2, 2, 2, 1, 1, 1, 2, 2, 2, 1, 1,
       3, 1, 3], dtype=object)]
[42, array([-14.,  -7.,  -7.,   0.]), array([2, 2, 2, 3, 3, 1, 0, 2, 1, 0, 3, 2, 2, 2, 1, 1, 1, 2, 2, 2, 1, 1,
       3, 1, 3], dtype=object)]
[42, array([-14.,  -7.,  -7.,   0.]), array([2, 2, 2, 3, 3, 1, 0, 2, 1, 0, 3, 2, 2, 2, 1, 1, 1, 2, 2, 2, 1, 1,
       3, 1, 3], dtype=object)]
[42, array([-14.,  -7.,  -7.,   0.]), array([2, 2, 2, 3, 3, 1, 0, 2, 1, 0, 3, 2, 2, 2, 1, 1, 1, 2, 2, 2, 1, 1,
       3, 1, 3], dtype=object)]
[43, array([-14.,  -7.,  -7.,   0.]), array([1, 2, 2, 3, 3, 1, 0, 2, 1, 0, 3, 2, 2, 2, 1, 1, 1, 1, 2, 2, 1, 1,
       3, 1, 3], dtype=object)]
[43, array([-14.,  -7.,  -7.,   0.]), array([1, 2, 2, 3, 3, 1, 0, 2, 1, 0, 3, 2, 2, 2, 1, 1, 1, 1, 2, 2, 1, 1,
       3, 1, 3], dtype=object)]
[43, array([-14.,  -7.,  -7.,   0.]), array([1, 2, 2, 3, 3, 1, 0, 2, 1, 0, 3, 2, 2, 2, 1, 1, 1, 1, 2, 2, 1, 1,
       3, 1, 3], dtype=object)]
[43, array([-14.,  -7.,  -7.,   0.]), array([1, 2, 2, 3, 3, 1, 0, 2, 1, 0, 3, 2, 2, 2, 1, 1, 1, 1, 2, 2, 1, 1,
       3, 1, 3], dtype=object)]
[44, array([-14.,  -7.,  -7.,   0.]), array([1, 2, 2, 3, 3, 0, 0, 2, 1, 0, 3, 2, 2, 2, 1, 1, 1, 1, 2, 2, 1, 1,
       3, 1, 1], dtype=object)]
[44, array([-14.,  -7.,  -7.,   0.]), array([1, 2, 2, 3, 3, 0, 0, 2, 1, 0, 3, 2, 2, 2, 1, 1, 1, 1, 2, 2, 1, 1,
       3, 1, 1], dtype=object)]
[44, array([-14.,  -7.,  -7.,   0.]), array([1, 2, 2, 3, 3, 0, 0, 2, 1, 0, 3, 2, 2, 2, 1, 1, 1, 1, 2, 2, 1, 1,
       3, 1, 1], dtype=object)]
[44, array([-14.,  -7.,  -7.,   0.]), array([1, 2, 2, 3, 3, 0, 0, 2, 1, 0, 3, 2, 2, 2, 1, 1, 1, 1, 2, 2, 1, 1,
       3, 1, 1], dtype=object)]
[45, array([-14.,  -7.,  -7.,   0.]), array([1, 2, 2, 3, 3, 0, 0, 2, 1, 0, 3, 2, 2, 2, 1, 1, 1, 1, 2, 2, 1, 0,
       3, 1, 3], dtype=object)]
[45, array([-14.,  -7.,  -7.,   0.]), array([1, 2, 2, 3, 3, 0, 0, 2, 1, 0, 3, 2, 2, 2, 1, 1, 1, 1, 2, 2, 1, 0,
       3, 1, 3], dtype=object)]
[45, array([-14.,  -7.,  -7.,   0.]), array([1, 2, 2, 3, 3, 0, 0, 2, 1, 0, 3, 2, 2, 2, 1, 1, 1, 1, 2, 2, 1, 0,
       3, 1, 3], dtype=object)]
[45, array([-14.,  -7.,  -7.,   0.]), array([1, 2, 2, 3, 3, 0, 0, 2, 1, 0, 3, 2, 2, 2, 1, 1, 1, 1, 2, 2, 1, 0,
       3, 1, 3], dtype=object)]
[46, array([-14.,  -7.,  -7.,   0.]), array([3, 2, 2, 3, 3, 1, 0, 2, 1, 0, 3, 2, 2, 2, 1, 1, 1, 1, 2, 2, 1, 0,
       3, 1, 3], dtype=object)]
[46, array([-14.,  -7.,  -7.,   0.]), array([3, 2, 2, 3, 3, 1, 0, 2, 1, 0, 3, 2, 2, 2, 1, 1, 1, 1, 2, 2, 1, 0,
       3, 1, 3], dtype=object)]
[46, array([-14.,  -7.,  -7.,   0.]), array([3, 2, 2, 3, 3, 1, 0, 2, 1, 0, 3, 2, 2, 2, 1, 1, 1, 1, 2, 2, 1, 0,
       3, 1, 3], dtype=object)]
[46, array([-14.,  -7.,  -7.,   0.]), array([3, 2, 2, 3, 3, 1, 0, 2, 1, 0, 3, 2, 2, 2, 1, 1, 1, 1, 2, 2, 1, 0,
       3, 1, 3], dtype=object)]
[47, array([-14.,  -7.,  -7.,   0.]), array([1, 2, 2, 3, 3, 0, 0, 2, 1, 0, 3, 2, 2, 2, 1, 1, 1, 1, 2, 2, 1, 1,
       3, 1, 1], dtype=object)]
[47, array([-14.,  -7.,  -7.,   0.]), array([1, 2, 2, 3, 3, 0, 0, 2, 1, 0, 3, 2, 2, 2, 1, 1, 1, 1, 2, 2, 1, 1,
       3, 1, 1], dtype=object)]
[47, array([-14.,  -7.,  -7.,   0.]), array([1, 2, 2, 3, 3, 0, 0, 2, 1, 0, 3, 2, 2, 2, 1, 1, 1, 1, 2, 2, 1, 1,
       3, 1, 1], dtype=object)]
[47, array([-14.,  -7.,  -7.,   0.]), array([1, 2, 2, 3, 3, 0, 0, 2, 1, 0, 3, 2, 2, 2, 1, 1, 1, 1, 2, 2, 1, 1,
       3, 1, 1], dtype=object)]
[48, array([-14.,  -7.,  -7.,   0.]), array([1, 2, 2, 3, 3, 1, 0, 2, 1, 0, 3, 2, 2, 2, 1, 1, 2, 0, 2, 2, 1, 1,
       3, 1, 1], dtype=object)]
[48, array([-14.,  -7.,  -7.,   0.]), array([1, 2, 2, 3, 3, 1, 0, 2, 1, 0, 3, 2, 2, 2, 1, 1, 2, 0, 2, 2, 1, 1,
       3, 1, 1], dtype=object)]
[48, array([-14.,  -7.,  -7.,   0.]), array([1, 2, 2, 3, 3, 1, 0, 2, 1, 0, 3, 2, 2, 2, 1, 1, 2, 0, 2, 2, 1, 1,
       3, 1, 1], dtype=object)]
[48, array([-14.,  -7.,  -7.,   0.]), array([1, 2, 2, 3, 3, 1, 0, 2, 1, 0, 3, 2, 2, 2, 1, 1, 2, 0, 2, 2, 1, 1,
       3, 1, 1], dtype=object)]
[49, array([-14.,  -7.,  -7.,   0.]), array([1, 2, 2, 3, 3, 1, 0, 2, 1, 0, 3, 2, 2, 2, 1, 1, 1, 1, 2, 2, 1, 1,
       3, 1, 1], dtype=object)]
[49, array([-14.,  -7.,  -7.,   0.]), array([1, 2, 2, 3, 3, 1, 0, 2, 1, 0, 3, 2, 2, 2, 1, 1, 1, 1, 2, 2, 1, 1,
       3, 1, 1], dtype=object)]
[49, array([-14.,  -7.,  -7.,   0.]), array([1, 2, 2, 3, 3, 1, 0, 2, 1, 0, 3, 2, 2, 2, 1, 1, 1, 1, 2, 2, 1, 1,
       3, 1, 1], dtype=object)]
[49, array([-14.,  -7.,  -7.,   0.]), array([1, 2, 2, 3, 3, 1, 0, 2, 1, 0, 3, 2, 2, 2, 1, 1, 1, 1, 2, 2, 1, 1,
       3, 1, 1], dtype=object)]
[50, array([-14.,  -7.,  -7.,   0.]), array([1, 2, 2, 3, 3, 1, 0, 2, 1, 0, 3, 2, 2, 2, 1, 1, 1, 0, 2, 2, 1, 1,
       3, 1, 3], dtype=object)]
[50, array([-14.,  -7.,  -7.,   0.]), array([1, 2, 2, 3, 3, 1, 0, 2, 1, 0, 3, 2, 2, 2, 1, 1, 1, 0, 2, 2, 1, 1,
       3, 1, 3], dtype=object)]
[50, array([-14.,  -7.,  -7.,   0.]), array([1, 2, 2, 3, 3, 1, 0, 2, 1, 0, 3, 2, 2, 2, 1, 1, 1, 0, 2, 2, 1, 1,
       3, 1, 3], dtype=object)]
[50, array([-14.,  -7.,  -7.,   0.]), array([1, 2, 2, 3, 3, 1, 0, 2, 1, 0, 3, 2, 2, 2, 1, 1, 1, 0, 2, 2, 1, 1,
       3, 1, 3], dtype=object)]
[51, array([-14.,  -7.,  -7.,   0.]), array([3, 2, 2, 3, 3, 1, 0, 2, 1, 0, 3, 2, 2, 2, 1, 1, 1, 1, 2, 2, 1, 1,
       3, 1, 3], dtype=object)]
[51, array([-14.,  -7.,  -7.,   0.]), array([3, 2, 2, 3, 3, 1, 0, 2, 1, 0, 3, 2, 2, 2, 1, 1, 1, 1, 2, 2, 1, 1,
       3, 1, 3], dtype=object)]
[51, array([-14.,  -7.,  -7.,   0.]), array([3, 2, 2, 3, 3, 1, 0, 2, 1, 0, 3, 2, 2, 2, 1, 1, 1, 1, 2, 2, 1, 1,
       3, 1, 3], dtype=object)]
[51, array([-14.,  -7.,  -7.,   0.]), array([3, 2, 2, 3, 3, 1, 0, 2, 1, 0, 3, 2, 2, 2, 1, 1, 1, 1, 2, 2, 1, 1,
       3, 1, 3], dtype=object)]
[52, array([-16.,  -8.,  -8.,   0.]), array([1, 2, 2, 3, 3, 1, 0, 1, 1, 3, 3, 2, 2, 2, 1, 1, 1, 1, 2, 2, 1, 1,
       3, 1, 1], dtype=object)]
[52, array([-16.,  -8.,  -8.,   0.]), array([1, 2, 2, 3, 3, 1, 0, 1, 1, 3, 3, 2, 2, 2, 1, 1, 1, 1, 2, 2, 1, 1,
       3, 1, 1], dtype=object)]
[52, array([-16.,  -8.,  -8.,   0.]), array([1, 2, 2, 3, 3, 1, 0, 1, 1, 3, 3, 2, 2, 2, 1, 1, 1, 1, 2, 2, 1, 1,
       3, 1, 1], dtype=object)]
[52, array([-16.,  -8.,  -8.,   0.]), array([1, 2, 2, 3, 3, 1, 0, 1, 1, 3, 3, 2, 2, 2, 1, 1, 1, 1, 2, 2, 1, 1,
       3, 1, 1], dtype=object)]
[53, array([-16.,  -8.,  -8.,   0.]), array([1, 2, 2, 3, 3, 1, 0, 1, 1, 3, 3, 2, 2, 2, 1, 1, 1, 1, 2, 2, 1, 1,
       3, 1, 1], dtype=object)]
[53, array([-16.,  -8.,  -8.,   0.]), array([1, 2, 2, 3, 3, 1, 0, 1, 1, 3, 3, 2, 2, 2, 1, 1, 1, 1, 2, 2, 1, 1,
       3, 1, 1], dtype=object)]
[53, array([-16.,  -8.,  -8.,   0.]), array([1, 2, 2, 3, 3, 1, 0, 1, 1, 3, 3, 2, 2, 2, 1, 1, 1, 1, 2, 2, 1, 1,
       3, 1, 1], dtype=object)]
[53, array([-16.,  -8.,  -8.,   0.]), array([1, 2, 2, 3, 3, 1, 0, 1, 1, 3, 3, 2, 2, 2, 1, 1, 1, 1, 2, 2, 1, 1,
       3, 1, 1], dtype=object)]
[54, array([-14.,  -7.,  -7.,   0.]), array([1, 2, 2, 3, 3, 0, 0, 2, 1, 0, 3, 2, 2, 2, 1, 1, 1, 2, 2, 2, 1, 1,
       3, 1, 3], dtype=object)]
[54, array([-14.,  -7.,  -7.,   0.]), array([1, 2, 2, 3, 3, 0, 0, 2, 1, 0, 3, 2, 2, 2, 1, 1, 1, 2, 2, 2, 1, 1,
       3, 1, 3], dtype=object)]
[54, array([-14.,  -7.,  -7.,   0.]), array([1, 2, 2, 3, 3, 0, 0, 2, 1, 0, 3, 2, 2, 2, 1, 1, 1, 2, 2, 2, 1, 1,
       3, 1, 3], dtype=object)]
[54, array([-14.,  -7.,  -7.,   0.]), array([1, 2, 2, 3, 3, 0, 0, 2, 1, 0, 3, 2, 2, 2, 1, 1, 1, 2, 2, 2, 1, 1,
       3, 1, 3], dtype=object)]
[55, array([-16.,  -8.,  -8.,   0.]), array([1, 2, 2, 3, 3, 1, 0, 1, 1, 3, 3, 2, 2, 2, 1, 1, 1, 1, 2, 2, 1, 1,
       3, 1, 1], dtype=object)]
[55, array([-16.,  -8.,  -8.,   0.]), array([1, 2, 2, 3, 3, 1, 0, 1, 1, 3, 3, 2, 2, 2, 1, 1, 1, 1, 2, 2, 1, 1,
       3, 1, 1], dtype=object)]
[55, array([-16.,  -8.,  -8.,   0.]), array([1, 2, 2, 3, 3, 1, 0, 1, 1, 3, 3, 2, 2, 2, 1, 1, 1, 1, 2, 2, 1, 1,
       3, 1, 1], dtype=object)]
[55, array([-16.,  -8.,  -8.,   0.]), array([1, 2, 2, 3, 3, 1, 0, 1, 1, 3, 3, 2, 2, 2, 1, 1, 1, 1, 2, 2, 1, 1,
       3, 1, 1], dtype=object)]
[56, array([-16.,  -8.,  -8.,   0.]), array([3, 2, 2, 3, 3, 1, 0, 1, 1, 3, 3, 2, 2, 2, 1, 1, 1, 1, 2, 2, 1, 1,
       3, 1, 1], dtype=object)]
[56, array([-16.,  -8.,  -8.,   0.]), array([3, 2, 2, 3, 3, 1, 0, 1, 1, 3, 3, 2, 2, 2, 1, 1, 1, 1, 2, 2, 1, 1,
       3, 1, 1], dtype=object)]
[56, array([-16.,  -8.,  -8.,   0.]), array([3, 2, 2, 3, 3, 1, 0, 1, 1, 3, 3, 2, 2, 2, 1, 1, 1, 1, 2, 2, 1, 1,
       3, 1, 1], dtype=object)]
[56, array([-16.,  -8.,  -8.,   0.]), array([3, 2, 2, 3, 3, 1, 0, 1, 1, 3, 3, 2, 2, 2, 1, 1, 1, 1, 2, 2, 1, 1,
       3, 1, 1], dtype=object)]
[57, array([-16.,  -8.,  -8.,   0.]), array([3, 2, 2, 3, 3, 1, 0, 1, 1, 3, 3, 2, 2, 2, 1, 1, 1, 1, 2, 2, 1, 1,
       3, 1, 1], dtype=object)]
[57, array([-16.,  -8.,  -8.,   0.]), array([3, 2, 2, 3, 3, 1, 0, 1, 1, 3, 3, 2, 2, 2, 1, 1, 1, 1, 2, 2, 1, 1,
       3, 1, 1], dtype=object)]
[57, array([-16.,  -8.,  -8.,   0.]), array([3, 2, 2, 3, 3, 1, 0, 1, 1, 3, 3, 2, 2, 2, 1, 1, 1, 1, 2, 2, 1, 1,
       3, 1, 1], dtype=object)]
[57, array([-16.,  -8.,  -8.,   0.]), array([3, 2, 2, 3, 3, 1, 0, 1, 1, 3, 3, 2, 2, 2, 1, 1, 1, 1, 2, 2, 1, 1,
       3, 1, 1], dtype=object)]
[58, array([-14.,  -7.,  -7.,   0.]), array([1, 2, 2, 3, 3, 1, 0, 2, 1, 0, 3, 2, 2, 2, 1, 1, 1, 0, 2, 2, 1, 1,
       3, 1, 1], dtype=object)]
[58, array([-14.,  -7.,  -7.,   0.]), array([1, 2, 2, 3, 3, 1, 0, 2, 1, 0, 3, 2, 2, 2, 1, 1, 1, 0, 2, 2, 1, 1,
       3, 1, 1], dtype=object)]
[58, array([-14.,  -7.,  -7.,   0.]), array([1, 2, 2, 3, 3, 1, 0, 2, 1, 0, 3, 2, 2, 2, 1, 1, 1, 0, 2, 2, 1, 1,
       3, 1, 1], dtype=object)]
[58, array([-14.,  -7.,  -7.,   0.]), array([1, 2, 2, 3, 3, 1, 0, 2, 1, 0, 3, 2, 2, 2, 1, 1, 1, 0, 2, 2, 1, 1,
       3, 1, 1], dtype=object)]
[59, array([-16.,  -8.,  -8.,   0.]), array([3, 2, 2, 3, 3, 1, 0, 1, 1, 3, 3, 2, 2, 2, 1, 1, 1, 0, 2, 2, 1, 1,
       3, 1, 1], dtype=object)]
[59, array([-16.,  -8.,  -8.,   0.]), array([3, 2, 2, 3, 3, 1, 0, 1, 1, 3, 3, 2, 2, 2, 1, 1, 1, 0, 2, 2, 1, 1,
       3, 1, 1], dtype=object)]
[59, array([-16.,  -8.,  -8.,   0.]), array([3, 2, 2, 3, 3, 1, 0, 1, 1, 3, 3, 2, 2, 2, 1, 1, 1, 0, 2, 2, 1, 1,
       3, 1, 1], dtype=object)]
[59, array([-16.,  -8.,  -8.,   0.]), array([3, 2, 2, 3, 3, 1, 0, 1, 1, 3, 3, 2, 2, 2, 1, 1, 1, 0, 2, 2, 1, 1,
       3, 1, 1], dtype=object)]
[60, array([-16.,  -8.,  -8.,   0.]), array([3, 2, 2, 3, 3, 1, 0, 1, 1, 3, 3, 2, 2, 2, 1, 1, 1, 0, 2, 2, 1, 1,
       3, 1, 1], dtype=object)]
[60, array([-16.,  -8.,  -8.,   0.]), array([3, 2, 2, 3, 3, 1, 0, 1, 1, 3, 3, 2, 2, 2, 1, 1, 1, 0, 2, 2, 1, 1,
       3, 1, 1], dtype=object)]
[60, array([-16.,  -8.,  -8.,   0.]), array([3, 2, 2, 3, 3, 1, 0, 1, 1, 3, 3, 2, 2, 2, 1, 1, 1, 0, 2, 2, 1, 1,
       3, 1, 1], dtype=object)]
[60, array([-16.,  -8.,  -8.,   0.]), array([3, 2, 2, 3, 3, 1, 0, 1, 1, 3, 3, 2, 2, 2, 1, 1, 1, 0, 2, 2, 1, 1,
       3, 1, 1], dtype=object)]
[61, array([-16.,  -8.,  -8.,   0.]), array([3, 2, 2, 3, 3, 1, 0, 1, 1, 3, 3, 2, 2, 2, 1, 1, 1, 1, 2, 2, 1, 1,
       3, 1, 1], dtype=object)]
[61, array([-16.,  -8.,  -8.,   0.]), array([3, 2, 2, 3, 3, 1, 0, 1, 1, 3, 3, 2, 2, 2, 1, 1, 1, 1, 2, 2, 1, 1,
       3, 1, 1], dtype=object)]
[61, array([-16.,  -8.,  -8.,   0.]), array([3, 2, 2, 3, 3, 1, 0, 1, 1, 3, 3, 2, 2, 2, 1, 1, 1, 1, 2, 2, 1, 1,
       3, 1, 1], dtype=object)]
[61, array([-16.,  -8.,  -8.,   0.]), array([3, 2, 2, 3, 3, 1, 0, 1, 1, 3, 3, 2, 2, 2, 1, 1, 1, 1, 2, 2, 1, 1,
       3, 1, 1], dtype=object)]
[62, array([-16.,  -8.,  -8.,   0.]), array([2, 2, 2, 3, 3, 1, 0, 1, 1, 3, 3, 2, 2, 2, 1, 1, 1, 0, 2, 2, 1, 1,
       3, 1, 1], dtype=object)]
[62, array([-16.,  -8.,  -8.,   0.]), array([2, 2, 2, 3, 3, 1, 0, 1, 1, 3, 3, 2, 2, 2, 1, 1, 1, 0, 2, 2, 1, 1,
       3, 1, 1], dtype=object)]
[62, array([-16.,  -8.,  -8.,   0.]), array([2, 2, 2, 3, 3, 1, 0, 1, 1, 3, 3, 2, 2, 2, 1, 1, 1, 0, 2, 2, 1, 1,
       3, 1, 1], dtype=object)]
[62, array([-16.,  -8.,  -8.,   0.]), array([2, 2, 2, 3, 3, 1, 0, 1, 1, 3, 3, 2, 2, 2, 1, 1, 1, 0, 2, 2, 1, 1,
       3, 1, 1], dtype=object)]
[63, array([-16.,  -8.,  -8.,   0.]), array([3, 2, 2, 3, 3, 1, 0, 1, 1, 3, 3, 2, 2, 2, 1, 1, 1, 0, 2, 2, 1, 1,
       3, 1, 1], dtype=object)]
[63, array([-16.,  -8.,  -8.,   0.]), array([3, 2, 2, 3, 3, 1, 0, 1, 1, 3, 3, 2, 2, 2, 1, 1, 1, 0, 2, 2, 1, 1,
       3, 1, 1], dtype=object)]
[63, array([-16.,  -8.,  -8.,   0.]), array([3, 2, 2, 3, 3, 1, 0, 1, 1, 3, 3, 2, 2, 2, 1, 1, 1, 0, 2, 2, 1, 1,
       3, 1, 1], dtype=object)]
[63, array([-16.,  -8.,  -8.,   0.]), array([3, 2, 2, 3, 3, 1, 0, 1, 1, 3, 3, 2, 2, 2, 1, 1, 1, 0, 2, 2, 1, 1,
       3, 1, 1], dtype=object)]
[64, array([-16.,  -8.,  -8.,   0.]), array([3, 2, 2, 3, 3, 1, 0, 1, 1, 3, 3, 2, 2, 2, 1, 1, 1, 1, 2, 2, 1, 3,
       3, 1, 1], dtype=object)]
[64, array([-16.,  -8.,  -8.,   0.]), array([3, 2, 2, 3, 3, 1, 0, 1, 1, 3, 3, 2, 2, 2, 1, 1, 1, 1, 2, 2, 1, 3,
       3, 1, 1], dtype=object)]
[64, array([-16.,  -8.,  -8.,   0.]), array([3, 2, 2, 3, 3, 1, 0, 1, 1, 3, 3, 2, 2, 2, 1, 1, 1, 1, 2, 2, 1, 3,
       3, 1, 1], dtype=object)]
[64, array([-16.,  -8.,  -8.,   0.]), array([3, 2, 2, 3, 3, 1, 0, 1, 1, 3, 3, 2, 2, 2, 1, 1, 1, 1, 2, 2, 1, 3,
       3, 1, 1], dtype=object)]
[65, array([-16.,  -8.,  -8.,   0.]), array([3, 2, 2, 3, 3, 1, 0, 1, 1, 3, 3, 2, 2, 2, 1, 1, 1, 0, 2, 2, 1, 1,
       3, 1, 1], dtype=object)]
[65, array([-16.,  -8.,  -8.,   0.]), array([3, 2, 2, 3, 3, 1, 0, 1, 1, 3, 3, 2, 2, 2, 1, 1, 1, 0, 2, 2, 1, 1,
       3, 1, 1], dtype=object)]
[65, array([-16.,  -8.,  -8.,   0.]), array([3, 2, 2, 3, 3, 1, 0, 1, 1, 3, 3, 2, 2, 2, 1, 1, 1, 0, 2, 2, 1, 1,
       3, 1, 1], dtype=object)]
[65, array([-16.,  -8.,  -8.,   0.]), array([3, 2, 2, 3, 3, 1, 0, 1, 1, 3, 3, 2, 2, 2, 1, 1, 1, 0, 2, 2, 1, 1,
       3, 1, 1], dtype=object)]
[66, array([-16.,  -8.,  -8.,   0.]), array([3, 2, 2, 3, 3, 1, 0, 1, 1, 3, 3, 2, 2, 2, 1, 1, 1, 0, 2, 2, 1, 3,
       3, 1, 1], dtype=object)]
[66, array([-16.,  -8.,  -8.,   0.]), array([3, 2, 2, 3, 3, 1, 0, 1, 1, 3, 3, 2, 2, 2, 1, 1, 1, 0, 2, 2, 1, 3,
       3, 1, 1], dtype=object)]
[66, array([-16.,  -8.,  -8.,   0.]), array([3, 2, 2, 3, 3, 1, 0, 1, 1, 3, 3, 2, 2, 2, 1, 1, 1, 0, 2, 2, 1, 3,
       3, 1, 1], dtype=object)]
[66, array([-16.,  -8.,  -8.,   0.]), array([3, 2, 2, 3, 3, 1, 0, 1, 1, 3, 3, 2, 2, 2, 1, 1, 1, 0, 2, 2, 1, 3,
       3, 1, 1], dtype=object)]
[67, array([-16.,  -8.,  -8.,   0.]), array([3, 2, 2, 3, 3, 1, 0, 1, 1, 3, 3, 2, 2, 2, 1, 1, 1, 0, 2, 2, 1, 1,
       3, 1, 1], dtype=object)]
[67, array([-16.,  -8.,  -8.,   0.]), array([3, 2, 2, 3, 3, 1, 0, 1, 1, 3, 3, 2, 2, 2, 1, 1, 1, 0, 2, 2, 1, 1,
       3, 1, 1], dtype=object)]
[67, array([-16.,  -8.,  -8.,   0.]), array([3, 2, 2, 3, 3, 1, 0, 1, 1, 3, 3, 2, 2, 2, 1, 1, 1, 0, 2, 2, 1, 1,
       3, 1, 1], dtype=object)]
[67, array([-16.,  -8.,  -8.,   0.]), array([3, 2, 2, 3, 3, 1, 0, 1, 1, 3, 3, 2, 2, 2, 1, 1, 1, 0, 2, 2, 1, 1,
       3, 1, 1], dtype=object)]
[68, array([-16.,  -8.,  -8.,   0.]), array([1, 2, 2, 3, 3, 1, 0, 1, 1, 3, 3, 2, 2, 2, 1, 1, 1, 1, 2, 2, 1, 1,
       3, 1, 1], dtype=object)]
[68, array([-16.,  -8.,  -8.,   0.]), array([1, 2, 2, 3, 3, 1, 0, 1, 1, 3, 3, 2, 2, 2, 1, 1, 1, 1, 2, 2, 1, 1,
       3, 1, 1], dtype=object)]
[68, array([-16.,  -8.,  -8.,   0.]), array([1, 2, 2, 3, 3, 1, 0, 1, 1, 3, 3, 2, 2, 2, 1, 1, 1, 1, 2, 2, 1, 1,
       3, 1, 1], dtype=object)]
[68, array([-16.,  -8.,  -8.,   0.]), array([1, 2, 2, 3, 3, 1, 0, 1, 1, 3, 3, 2, 2, 2, 1, 1, 1, 1, 2, 2, 1, 1,
       3, 1, 1], dtype=object)]
[69, array([-16.,  -8.,  -8.,   0.]), array([3, 2, 2, 3, 3, 1, 0, 1, 1, 3, 3, 2, 2, 2, 1, 1, 1, 1, 2, 2, 1, 1,
       3, 1, 1], dtype=object)]
[69, array([-16.,  -8.,  -8.,   0.]), array([3, 2, 2, 3, 3, 1, 0, 1, 1, 3, 3, 2, 2, 2, 1, 1, 1, 1, 2, 2, 1, 1,
       3, 1, 1], dtype=object)]
[69, array([-16.,  -8.,  -8.,   0.]), array([3, 2, 2, 3, 3, 1, 0, 1, 1, 3, 3, 2, 2, 2, 1, 1, 1, 1, 2, 2, 1, 1,
       3, 1, 1], dtype=object)]
[69, array([-16.,  -8.,  -8.,   0.]), array([3, 2, 2, 3, 3, 1, 0, 1, 1, 3, 3, 2, 2, 2, 1, 1, 1, 1, 2, 2, 1, 1,
       3, 1, 1], dtype=object)]
[70, array([-16.,  -8.,  -8.,   0.]), array([1, 2, 2, 3, 3, 1, 0, 1, 1, 3, 3, 2, 2, 2, 1, 1, 1, 3, 2, 2, 1, 1,
       3, 1, 1], dtype=object)]
[70, array([-16.,  -8.,  -8.,   0.]), array([1, 2, 2, 3, 3, 1, 0, 1, 1, 3, 3, 2, 2, 2, 1, 1, 1, 3, 2, 2, 1, 1,
       3, 1, 1], dtype=object)]
[70, array([-16.,  -8.,  -8.,   0.]), array([1, 2, 2, 3, 3, 1, 0, 1, 1, 3, 3, 2, 2, 2, 1, 1, 1, 3, 2, 2, 1, 1,
       3, 1, 1], dtype=object)]
[70, array([-16.,  -8.,  -8.,   0.]), array([1, 2, 2, 3, 3, 1, 0, 1, 1, 3, 3, 2, 2, 2, 1, 1, 1, 3, 2, 2, 1, 1,
       3, 1, 1], dtype=object)]
[71, array([-16.,  -8.,  -8.,   0.]), array([0, 2, 2, 3, 3, 1, 0, 1, 1, 3, 3, 2, 2, 2, 1, 1, 1, 0, 2, 2, 1, 1,
       3, 1, 1], dtype=object)]
[71, array([-16.,  -8.,  -8.,   0.]), array([0, 2, 2, 3, 3, 1, 0, 1, 1, 3, 3, 2, 2, 2, 1, 1, 1, 0, 2, 2, 1, 1,
       3, 1, 1], dtype=object)]
[71, array([-16.,  -8.,  -8.,   0.]), array([0, 2, 2, 3, 3, 1, 0, 1, 1, 3, 3, 2, 2, 2, 1, 1, 1, 0, 2, 2, 1, 1,
       3, 1, 1], dtype=object)]
[71, array([-16.,  -8.,  -8.,   0.]), array([0, 2, 2, 3, 3, 1, 0, 1, 1, 3, 3, 2, 2, 2, 1, 1, 1, 0, 2, 2, 1, 1,
       3, 1, 1], dtype=object)]
[72, array([-16.,  -8.,  -8.,   0.]), array([0, 2, 2, 3, 3, 1, 0, 1, 1, 3, 3, 2, 2, 2, 1, 1, 1, 0, 2, 2, 1, 1,
       3, 1, 1], dtype=object)]
[72, array([-16.,  -8.,  -8.,   0.]), array([0, 2, 2, 3, 3, 1, 0, 1, 1, 3, 3, 2, 2, 2, 1, 1, 1, 0, 2, 2, 1, 1,
       3, 1, 1], dtype=object)]
[72, array([-16.,  -8.,  -8.,   0.]), array([0, 2, 2, 3, 3, 1, 0, 1, 1, 3, 3, 2, 2, 2, 1, 1, 1, 0, 2, 2, 1, 1,
       3, 1, 1], dtype=object)]
[72, array([-16.,  -8.,  -8.,   0.]), array([0, 2, 2, 3, 3, 1, 0, 1, 1, 3, 3, 2, 2, 2, 1, 1, 1, 0, 2, 2, 1, 1,
       3, 1, 1], dtype=object)]
[73, array([-16.,  -8.,  -8.,   0.]), array([3, 2, 2, 3, 3, 1, 0, 1, 1, 3, 3, 2, 2, 2, 1, 1, 1, 0, 2, 2, 1, 1,
       3, 1, 1], dtype=object)]
[73, array([-16.,  -8.,  -8.,   0.]), array([3, 2, 2, 3, 3, 1, 0, 1, 1, 3, 3, 2, 2, 2, 1, 1, 1, 0, 2, 2, 1, 1,
       3, 1, 1], dtype=object)]
[73, array([-16.,  -8.,  -8.,   0.]), array([3, 2, 2, 3, 3, 1, 0, 1, 1, 3, 3, 2, 2, 2, 1, 1, 1, 0, 2, 2, 1, 1,
       3, 1, 1], dtype=object)]
[73, array([-16.,  -8.,  -8.,   0.]), array([3, 2, 2, 3, 3, 1, 0, 1, 1, 3, 3, 2, 2, 2, 1, 1, 1, 0, 2, 2, 1, 1,
       3, 1, 1], dtype=object)]
[74, array([-16.,  -8.,  -8.,   0.]), array([3, 2, 2, 3, 3, 1, 0, 1, 1, 3, 3, 2, 2, 2, 1, 1, 1, 1, 2, 2, 1, 1,
       3, 1, 1], dtype=object)]
[74, array([-16.,  -8.,  -8.,   0.]), array([3, 2, 2, 3, 3, 1, 0, 1, 1, 3, 3, 2, 2, 2, 1, 1, 1, 1, 2, 2, 1, 1,
       3, 1, 1], dtype=object)]
[74, array([-16.,  -8.,  -8.,   0.]), array([3, 2, 2, 3, 3, 1, 0, 1, 1, 3, 3, 2, 2, 2, 1, 1, 1, 1, 2, 2, 1, 1,
       3, 1, 1], dtype=object)]
[74, array([-16.,  -8.,  -8.,   0.]), array([3, 2, 2, 3, 3, 1, 0, 1, 1, 3, 3, 2, 2, 2, 1, 1, 1, 1, 2, 2, 1, 1,
       3, 1, 1], dtype=object)]
[75, array([-16.,  -8.,  -8.,   0.]), array([3, 2, 2, 3, 3, 1, 0, 1, 1, 3, 3, 2, 2, 2, 1, 1, 1, 0, 2, 2, 1, 1,
       3, 1, 1], dtype=object)]
[75, array([-16.,  -8.,  -8.,   0.]), array([3, 2, 2, 3, 3, 1, 0, 1, 1, 3, 3, 2, 2, 2, 1, 1, 1, 0, 2, 2, 1, 1,
       3, 1, 1], dtype=object)]
[75, array([-16.,  -8.,  -8.,   0.]), array([3, 2, 2, 3, 3, 1, 0, 1, 1, 3, 3, 2, 2, 2, 1, 1, 1, 0, 2, 2, 1, 1,
       3, 1, 1], dtype=object)]
[75, array([-16.,  -8.,  -8.,   0.]), array([3, 2, 2, 3, 3, 1, 0, 1, 1, 3, 3, 2, 2, 2, 1, 1, 1, 0, 2, 2, 1, 1,
       3, 1, 1], dtype=object)]
[76, array([-16.,  -8.,  -8.,   0.]), array([3, 2, 2, 3, 3, 1, 0, 1, 1, 3, 3, 2, 2, 2, 1, 1, 1, 0, 0, 2, 1, 1,
       3, 1, 1], dtype=object)]
[76, array([-16.,  -8.,  -8.,   0.]), array([3, 2, 2, 3, 3, 1, 0, 1, 1, 3, 3, 2, 2, 2, 1, 1, 1, 0, 0, 2, 1, 1,
       3, 1, 1], dtype=object)]
[76, array([-16.,  -8.,  -8.,   0.]), array([3, 2, 2, 3, 3, 1, 0, 1, 1, 3, 3, 2, 2, 2, 1, 1, 1, 0, 0, 2, 1, 1,
       3, 1, 1], dtype=object)]
[76, array([-16.,  -8.,  -8.,   0.]), array([3, 2, 2, 3, 3, 1, 0, 1, 1, 3, 3, 2, 2, 2, 1, 1, 1, 0, 0, 2, 1, 1,
       3, 1, 1], dtype=object)]
[77, array([-16.,  -8.,  -8.,   0.]), array([3, 2, 2, 3, 3, 0, 0, 1, 1, 3, 3, 2, 2, 2, 1, 1, 1, 0, 2, 2, 1, 1,
       3, 1, 1], dtype=object)]
[77, array([-16.,  -8.,  -8.,   0.]), array([3, 2, 2, 3, 3, 0, 0, 1, 1, 3, 3, 2, 2, 2, 1, 1, 1, 0, 2, 2, 1, 1,
       3, 1, 1], dtype=object)]
[77, array([-16.,  -8.,  -8.,   0.]), array([3, 2, 2, 3, 3, 0, 0, 1, 1, 3, 3, 2, 2, 2, 1, 1, 1, 0, 2, 2, 1, 1,
       3, 1, 1], dtype=object)]
[77, array([-16.,  -8.,  -8.,   0.]), array([3, 2, 2, 3, 3, 0, 0, 1, 1, 3, 3, 2, 2, 2, 1, 1, 1, 0, 2, 2, 1, 1,
       3, 1, 1], dtype=object)]
[78, array([-16.,  -8.,  -8.,   0.]), array([1, 2, 2, 3, 3, 0, 0, 1, 1, 3, 3, 2, 2, 2, 1, 1, 1, 0, 2, 2, 1, 1,
       3, 1, 1], dtype=object)]
[78, array([-16.,  -8.,  -8.,   0.]), array([1, 2, 2, 3, 3, 0, 0, 1, 1, 3, 3, 2, 2, 2, 1, 1, 1, 0, 2, 2, 1, 1,
       3, 1, 1], dtype=object)]
[78, array([-16.,  -8.,  -8.,   0.]), array([1, 2, 2, 3, 3, 0, 0, 1, 1, 3, 3, 2, 2, 2, 1, 1, 1, 0, 2, 2, 1, 1,
       3, 1, 1], dtype=object)]
[78, array([-16.,  -8.,  -8.,   0.]), array([1, 2, 2, 3, 3, 0, 0, 1, 1, 3, 3, 2, 2, 2, 1, 1, 1, 0, 2, 2, 1, 1,
       3, 1, 1], dtype=object)]
[79, array([-16.,  -8.,  -8.,   0.]), array([3, 2, 2, 3, 3, 0, 0, 1, 1, 3, 3, 2, 2, 2, 1, 1, 1, 0, 2, 2, 1, 1,
       3, 1, 1], dtype=object)]
[79, array([-16.,  -8.,  -8.,   0.]), array([3, 2, 2, 3, 3, 0, 0, 1, 1, 3, 3, 2, 2, 2, 1, 1, 1, 0, 2, 2, 1, 1,
       3, 1, 1], dtype=object)]
[79, array([-16.,  -8.,  -8.,   0.]), array([3, 2, 2, 3, 3, 0, 0, 1, 1, 3, 3, 2, 2, 2, 1, 1, 1, 0, 2, 2, 1, 1,
       3, 1, 1], dtype=object)]
[79, array([-16.,  -8.,  -8.,   0.]), array([3, 2, 2, 3, 3, 0, 0, 1, 1, 3, 3, 2, 2, 2, 1, 1, 1, 0, 2, 2, 1, 1,
       3, 1, 1], dtype=object)]
[80, array([-16.,  -8.,  -8.,   0.]), array([3, 2, 2, 3, 3, 1, 0, 1, 1, 3, 3, 2, 2, 2, 1, 1, 1, 0, 2, 2, 1, 3,
       3, 1, 1], dtype=object)]
[80, array([-16.,  -8.,  -8.,   0.]), array([3, 2, 2, 3, 3, 1, 0, 1, 1, 3, 3, 2, 2, 2, 1, 1, 1, 0, 2, 2, 1, 3,
       3, 1, 1], dtype=object)]
[80, array([-16.,  -8.,  -8.,   0.]), array([3, 2, 2, 3, 3, 1, 0, 1, 1, 3, 3, 2, 2, 2, 1, 1, 1, 0, 2, 2, 1, 3,
       3, 1, 1], dtype=object)]
[80, array([-16.,  -8.,  -8.,   0.]), array([3, 2, 2, 3, 3, 1, 0, 1, 1, 3, 3, 2, 2, 2, 1, 1, 1, 0, 2, 2, 1, 3,
       3, 1, 1], dtype=object)]
[81, array([-16.,  -8.,  -8.,   0.]), array([3, 2, 2, 3, 3, 1, 0, 1, 1, 3, 3, 2, 2, 2, 1, 1, 1, 0, 2, 2, 1, 1,
       3, 1, 1], dtype=object)]
[81, array([-16.,  -8.,  -8.,   0.]), array([3, 2, 2, 3, 3, 1, 0, 1, 1, 3, 3, 2, 2, 2, 1, 1, 1, 0, 2, 2, 1, 1,
       3, 1, 1], dtype=object)]
[81, array([-16.,  -8.,  -8.,   0.]), array([3, 2, 2, 3, 3, 1, 0, 1, 1, 3, 3, 2, 2, 2, 1, 1, 1, 0, 2, 2, 1, 1,
       3, 1, 1], dtype=object)]
[81, array([-16.,  -8.,  -8.,   0.]), array([3, 2, 2, 3, 3, 1, 0, 1, 1, 3, 3, 2, 2, 2, 1, 1, 1, 0, 2, 2, 1, 1,
       3, 1, 1], dtype=object)]
[82, array([-16.,  -8.,  -8.,   0.]), array([3, 2, 2, 3, 3, 3, 0, 1, 1, 3, 3, 2, 2, 2, 1, 1, 1, 0, 2, 2, 1, 1,
       3, 1, 1], dtype=object)]
[82, array([-16.,  -8.,  -8.,   0.]), array([3, 2, 2, 3, 3, 3, 0, 1, 1, 3, 3, 2, 2, 2, 1, 1, 1, 0, 2, 2, 1, 1,
       3, 1, 1], dtype=object)]
[82, array([-16.,  -8.,  -8.,   0.]), array([3, 2, 2, 3, 3, 3, 0, 1, 1, 3, 3, 2, 2, 2, 1, 1, 1, 0, 2, 2, 1, 1,
       3, 1, 1], dtype=object)]
[82, array([-16.,  -8.,  -8.,   0.]), array([3, 2, 2, 3, 3, 3, 0, 1, 1, 3, 3, 2, 2, 2, 1, 1, 1, 0, 2, 2, 1, 1,
       3, 1, 1], dtype=object)]
[83, array([-16.,  -8.,  -8.,   0.]), array([3, 2, 2, 3, 3, 1, 0, 1, 1, 3, 3, 2, 2, 2, 1, 1, 1, 0, 2, 2, 1, 1,
       3, 1, 1], dtype=object)]
[83, array([-16.,  -8.,  -8.,   0.]), array([3, 2, 2, 3, 3, 1, 0, 1, 1, 3, 3, 2, 2, 2, 1, 1, 1, 0, 2, 2, 1, 1,
       3, 1, 1], dtype=object)]
[83, array([-16.,  -8.,  -8.,   0.]), array([3, 2, 2, 3, 3, 1, 0, 1, 1, 3, 3, 2, 2, 2, 1, 1, 1, 0, 2, 2, 1, 1,
       3, 1, 1], dtype=object)]
[83, array([-16.,  -8.,  -8.,   0.]), array([3, 2, 2, 3, 3, 1, 0, 1, 1, 3, 3, 2, 2, 2, 1, 1, 1, 0, 2, 2, 1, 1,
       3, 1, 1], dtype=object)]
[84, array([-16.,  -8.,  -8.,   0.]), array([0, 2, 2, 3, 3, 0, 0, 1, 1, 3, 3, 2, 2, 2, 1, 1, 1, 0, 2, 2, 1, 1,
       3, 1, 1], dtype=object)]
[84, array([-16.,  -8.,  -8.,   0.]), array([0, 2, 2, 3, 3, 0, 0, 1, 1, 3, 3, 2, 2, 2, 1, 1, 1, 0, 2, 2, 1, 1,
       3, 1, 1], dtype=object)]
[84, array([-16.,  -8.,  -8.,   0.]), array([0, 2, 2, 3, 3, 0, 0, 1, 1, 3, 3, 2, 2, 2, 1, 1, 1, 0, 2, 2, 1, 1,
       3, 1, 1], dtype=object)]
[84, array([-16.,  -8.,  -8.,   0.]), array([0, 2, 2, 3, 3, 0, 0, 1, 1, 3, 3, 2, 2, 2, 1, 1, 1, 0, 2, 2, 1, 1,
       3, 1, 1], dtype=object)]
[85, array([-16.,  -8.,  -8.,   0.]), array([3, 2, 2, 3, 3, 1, 0, 1, 1, 3, 3, 2, 2, 2, 1, 1, 1, 0, 2, 2, 1, 1,
       3, 1, 1], dtype=object)]
[85, array([-16.,  -8.,  -8.,   0.]), array([3, 2, 2, 3, 3, 1, 0, 1, 1, 3, 3, 2, 2, 2, 1, 1, 1, 0, 2, 2, 1, 1,
       3, 1, 1], dtype=object)]
[85, array([-16.,  -8.,  -8.,   0.]), array([3, 2, 2, 3, 3, 1, 0, 1, 1, 3, 3, 2, 2, 2, 1, 1, 1, 0, 2, 2, 1, 1,
       3, 1, 1], dtype=object)]
[85, array([-16.,  -8.,  -8.,   0.]), array([3, 2, 2, 3, 3, 1, 0, 1, 1, 3, 3, 2, 2, 2, 1, 1, 1, 0, 2, 2, 1, 1,
       3, 1, 1], dtype=object)]
[86, array([-16.,  -8.,  -8.,   0.]), array([3, 2, 2, 3, 3, 0, 0, 1, 1, 3, 3, 2, 2, 2, 1, 1, 3, 0, 2, 2, 1, 1,
       3, 1, 1], dtype=object)]
[86, array([-16.,  -8.,  -8.,   0.]), array([3, 2, 2, 3, 3, 0, 0, 1, 1, 3, 3, 2, 2, 2, 1, 1, 3, 0, 2, 2, 1, 1,
       3, 1, 1], dtype=object)]
[86, array([-16.,  -8.,  -8.,   0.]), array([3, 2, 2, 3, 3, 0, 0, 1, 1, 3, 3, 2, 2, 2, 1, 1, 3, 0, 2, 2, 1, 1,
       3, 1, 1], dtype=object)]
[86, array([-16.,  -8.,  -8.,   0.]), array([3, 2, 2, 3, 3, 0, 0, 1, 1, 3, 3, 2, 2, 2, 1, 1, 3, 0, 2, 2, 1, 1,
       3, 1, 1], dtype=object)]
[87, array([-16.,  -8.,  -8.,   0.]), array([3, 2, 2, 3, 3, 1, 0, 1, 1, 3, 3, 2, 2, 2, 1, 1, 3, 0, 2, 2, 1, 1,
       3, 1, 1], dtype=object)]
[87, array([-16.,  -8.,  -8.,   0.]), array([3, 2, 2, 3, 3, 1, 0, 1, 1, 3, 3, 2, 2, 2, 1, 1, 3, 0, 2, 2, 1, 1,
       3, 1, 1], dtype=object)]
[87, array([-16.,  -8.,  -8.,   0.]), array([3, 2, 2, 3, 3, 1, 0, 1, 1, 3, 3, 2, 2, 2, 1, 1, 3, 0, 2, 2, 1, 1,
       3, 1, 1], dtype=object)]
[87, array([-16.,  -8.,  -8.,   0.]), array([3, 2, 2, 3, 3, 1, 0, 1, 1, 3, 3, 2, 2, 2, 1, 1, 3, 0, 2, 2, 1, 1,
       3, 1, 1], dtype=object)]
[88, array([-16.,  -8.,  -8.,   0.]), array([3, 2, 2, 3, 3, 1, 0, 1, 1, 3, 3, 2, 2, 2, 1, 1, 1, 3, 0, 2, 1, 1,
       3, 1, 1], dtype=object)]
[88, array([-16.,  -8.,  -8.,   0.]), array([3, 2, 2, 3, 3, 1, 0, 1, 1, 3, 3, 2, 2, 2, 1, 1, 1, 3, 0, 2, 1, 1,
       3, 1, 1], dtype=object)]
[88, array([-16.,  -8.,  -8.,   0.]), array([3, 2, 2, 3, 3, 1, 0, 1, 1, 3, 3, 2, 2, 2, 1, 1, 1, 3, 0, 2, 1, 1,
       3, 1, 1], dtype=object)]
[88, array([-16.,  -8.,  -8.,   0.]), array([3, 2, 2, 3, 3, 1, 0, 1, 1, 3, 3, 2, 2, 2, 1, 1, 1, 3, 0, 2, 1, 1,
       3, 1, 1], dtype=object)]
[89, array([-16.,  -8.,  -8.,   0.]), array([3, 2, 2, 3, 3, 1, 0, 1, 1, 3, 3, 2, 2, 2, 1, 1, 1, 0, 2, 2, 1, 1,
       3, 1, 1], dtype=object)]
[89, array([-16.,  -8.,  -8.,   0.]), array([3, 2, 2, 3, 3, 1, 0, 1, 1, 3, 3, 2, 2, 2, 1, 1, 1, 0, 2, 2, 1, 1,
       3, 1, 1], dtype=object)]
[89, array([-16.,  -8.,  -8.,   0.]), array([3, 2, 2, 3, 3, 1, 0, 1, 1, 3, 3, 2, 2, 2, 1, 1, 1, 0, 2, 2, 1, 1,
       3, 1, 1], dtype=object)]
[89, array([-16.,  -8.,  -8.,   0.]), array([3, 2, 2, 3, 3, 1, 0, 1, 1, 3, 3, 2, 2, 2, 1, 1, 1, 0, 2, 2, 1, 1,
       3, 1, 1], dtype=object)]
[90, array([-16.,  -8.,  -8.,   0.]), array([3, 2, 2, 3, 3, 1, 0, 1, 1, 3, 3, 2, 2, 2, 1, 1, 1, 0, 3, 2, 1, 1,
       3, 1, 1], dtype=object)]
[90, array([-16.,  -8.,  -8.,   0.]), array([3, 2, 2, 3, 3, 1, 0, 1, 1, 3, 3, 2, 2, 2, 1, 1, 1, 0, 3, 2, 1, 1,
       3, 1, 1], dtype=object)]
[90, array([-16.,  -8.,  -8.,   0.]), array([3, 2, 2, 3, 3, 1, 0, 1, 1, 3, 3, 2, 2, 2, 1, 1, 1, 0, 3, 2, 1, 1,
       3, 1, 1], dtype=object)]
[90, array([-16.,  -8.,  -8.,   0.]), array([3, 2, 2, 3, 3, 1, 0, 1, 1, 3, 3, 2, 2, 2, 1, 1, 1, 0, 3, 2, 1, 1,
       3, 1, 1], dtype=object)]
[91, array([-16.,  -8.,  -8.,   0.]), array([3, 2, 2, 3, 3, 1, 0, 1, 1, 3, 3, 2, 2, 2, 1, 1, 1, 0, 2, 2, 1, 2,
       3, 1, 1], dtype=object)]
[91, array([-16.,  -8.,  -8.,   0.]), array([3, 2, 2, 3, 3, 1, 0, 1, 1, 3, 3, 2, 2, 2, 1, 1, 1, 0, 2, 2, 1, 2,
       3, 1, 1], dtype=object)]
[91, array([-16.,  -8.,  -8.,   0.]), array([3, 2, 2, 3, 3, 1, 0, 1, 1, 3, 3, 2, 2, 2, 1, 1, 1, 0, 2, 2, 1, 2,
       3, 1, 1], dtype=object)]
[91, array([-16.,  -8.,  -8.,   0.]), array([3, 2, 2, 3, 3, 1, 0, 1, 1, 3, 3, 2, 2, 2, 1, 1, 1, 0, 2, 2, 1, 2,
       3, 1, 1], dtype=object)]
[92, array([-16.,  -8.,  -8.,   0.]), array([3, 2, 2, 3, 3, 0, 0, 1, 1, 3, 3, 2, 2, 2, 1, 1, 1, 0, 2, 2, 1, 2,
       3, 1, 1], dtype=object)]
[92, array([-16.,  -8.,  -8.,   0.]), array([3, 2, 2, 3, 3, 0, 0, 1, 1, 3, 3, 2, 2, 2, 1, 1, 1, 0, 2, 2, 1, 2,
       3, 1, 1], dtype=object)]
[92, array([-16.,  -8.,  -8.,   0.]), array([3, 2, 2, 3, 3, 0, 0, 1, 1, 3, 3, 2, 2, 2, 1, 1, 1, 0, 2, 2, 1, 2,
       3, 1, 1], dtype=object)]
[92, array([-16.,  -8.,  -8.,   0.]), array([3, 2, 2, 3, 3, 0, 0, 1, 1, 3, 3, 2, 2, 2, 1, 1, 1, 0, 2, 2, 1, 2,
       3, 1, 1], dtype=object)]
[93, array([-16.,  -8.,  -8.,   0.]), array([3, 2, 2, 3, 3, 1, 0, 1, 1, 3, 3, 2, 2, 2, 1, 1, 1, 3, 2, 2, 1, 1,
       3, 1, 1], dtype=object)]
[93, array([-16.,  -8.,  -8.,   0.]), array([3, 2, 2, 3, 3, 1, 0, 1, 1, 3, 3, 2, 2, 2, 1, 1, 1, 3, 2, 2, 1, 1,
       3, 1, 1], dtype=object)]
[93, array([-16.,  -8.,  -8.,   0.]), array([3, 2, 2, 3, 3, 1, 0, 1, 1, 3, 3, 2, 2, 2, 1, 1, 1, 3, 2, 2, 1, 1,
       3, 1, 1], dtype=object)]
[93, array([-16.,  -8.,  -8.,   0.]), array([3, 2, 2, 3, 3, 1, 0, 1, 1, 3, 3, 2, 2, 2, 1, 1, 1, 3, 2, 2, 1, 1,
       3, 1, 1], dtype=object)]
[94, array([-16.,  -8.,  -8.,   0.]), array([3, 2, 2, 3, 3, 1, 0, 1, 1, 3, 3, 2, 2, 2, 1, 1, 1, 3, 1, 2, 1, 1,
       3, 1, 1], dtype=object)]
[94, array([-16.,  -8.,  -8.,   0.]), array([3, 2, 2, 3, 3, 1, 0, 1, 1, 3, 3, 2, 2, 2, 1, 1, 1, 3, 1, 2, 1, 1,
       3, 1, 1], dtype=object)]
[94, array([-16.,  -8.,  -8.,   0.]), array([3, 2, 2, 3, 3, 1, 0, 1, 1, 3, 3, 2, 2, 2, 1, 1, 1, 3, 1, 2, 1, 1,
       3, 1, 1], dtype=object)]
[94, array([-16.,  -8.,  -8.,   0.]), array([3, 2, 2, 3, 3, 1, 0, 1, 1, 3, 3, 2, 2, 2, 1, 1, 1, 3, 1, 2, 1, 1,
       3, 1, 1], dtype=object)]
[95, array([-16.,  -8.,  -8.,   0.]), array([3, 2, 2, 3, 3, 1, 0, 1, 1, 3, 3, 2, 2, 2, 1, 1, 3, 0, 2, 2, 1, 1,
       3, 1, 1], dtype=object)]
[95, array([-16.,  -8.,  -8.,   0.]), array([3, 2, 2, 3, 3, 1, 0, 1, 1, 3, 3, 2, 2, 2, 1, 1, 3, 0, 2, 2, 1, 1,
       3, 1, 1], dtype=object)]
[95, array([-16.,  -8.,  -8.,   0.]), array([3, 2, 2, 3, 3, 1, 0, 1, 1, 3, 3, 2, 2, 2, 1, 1, 3, 0, 2, 2, 1, 1,
       3, 1, 1], dtype=object)]
[95, array([-16.,  -8.,  -8.,   0.]), array([3, 2, 2, 3, 3, 1, 0, 1, 1, 3, 3, 2, 2, 2, 1, 1, 3, 0, 2, 2, 1, 1,
       3, 1, 1], dtype=object)]
[96, array([-16.,  -8.,  -8.,   0.]), array([3, 2, 2, 3, 3, 1, 0, 1, 1, 3, 3, 2, 2, 2, 1, 1, 0, 0, 2, 2, 1, 2,
       3, 1, 1], dtype=object)]
[96, array([-16.,  -8.,  -8.,   0.]), array([3, 2, 2, 3, 3, 1, 0, 1, 1, 3, 3, 2, 2, 2, 1, 1, 0, 0, 2, 2, 1, 2,
       3, 1, 1], dtype=object)]
[96, array([-16.,  -8.,  -8.,   0.]), array([3, 2, 2, 3, 3, 1, 0, 1, 1, 3, 3, 2, 2, 2, 1, 1, 0, 0, 2, 2, 1, 2,
       3, 1, 1], dtype=object)]
[96, array([-16.,  -8.,  -8.,   0.]), array([3, 2, 2, 3, 3, 1, 0, 1, 1, 3, 3, 2, 2, 2, 1, 1, 0, 0, 2, 2, 1, 2,
       3, 1, 1], dtype=object)]
[97, array([-16.,  -8.,  -8.,   0.]), array([3, 2, 2, 3, 3, 1, 0, 1, 1, 3, 3, 2, 2, 2, 1, 1, 1, 3, 2, 2, 1, 2,
       3, 1, 1], dtype=object)]
[97, array([-16.,  -8.,  -8.,   0.]), array([3, 2, 2, 3, 3, 1, 0, 1, 1, 3, 3, 2, 2, 2, 1, 1, 1, 3, 2, 2, 1, 2,
       3, 1, 1], dtype=object)]
[97, array([-16.,  -8.,  -8.,   0.]), array([3, 2, 2, 3, 3, 1, 0, 1, 1, 3, 3, 2, 2, 2, 1, 1, 1, 3, 2, 2, 1, 2,
       3, 1, 1], dtype=object)]
[97, array([-16.,  -8.,  -8.,   0.]), array([3, 2, 2, 3, 3, 1, 0, 1, 1, 3, 3, 2, 2, 2, 1, 1, 1, 3, 2, 2, 1, 2,
       3, 1, 1], dtype=object)]
[98, array([-16.,  -8.,  -8.,   0.]), array([3, 2, 2, 3, 3, 1, 0, 1, 1, 3, 3, 2, 2, 2, 1, 1, 1, 2, 2, 2, 1, 1,
       3, 1, 1], dtype=object)]
[98, array([-16.,  -8.,  -8.,   0.]), array([3, 2, 2, 3, 3, 1, 0, 1, 1, 3, 3, 2, 2, 2, 1, 1, 1, 2, 2, 2, 1, 1,
       3, 1, 1], dtype=object)]
[98, array([-16.,  -8.,  -8.,   0.]), array([3, 2, 2, 3, 3, 1, 0, 1, 1, 3, 3, 2, 2, 2, 1, 1, 1, 2, 2, 2, 1, 1,
       3, 1, 1], dtype=object)]
[98, array([-16.,  -8.,  -8.,   0.]), array([3, 2, 2, 3, 3, 1, 0, 1, 1, 3, 3, 2, 2, 2, 1, 1, 1, 2, 2, 2, 1, 1,
       3, 1, 1], dtype=object)]
[99, array([-16.,  -8.,  -8.,   0.]), array([3, 2, 2, 3, 3, 1, 0, 1, 1, 3, 3, 2, 2, 2, 1, 1, 3, 0, 2, 2, 1, 1,
       3, 1, 1], dtype=object)]
[99, array([-16.,  -8.,  -8.,   0.]), array([3, 2, 2, 3, 3, 1, 0, 1, 1, 3, 3, 2, 2, 2, 1, 1, 3, 0, 2, 2, 1, 1,
       3, 1, 1], dtype=object)]
[99, array([-16.,  -8.,  -8.,   0.]), array([3, 2, 2, 3, 3, 1, 0, 1, 1, 3, 3, 2, 2, 2, 1, 1, 3, 0, 2, 2, 1, 1,
       3, 1, 1], dtype=object)]
[99, array([-16.,  -8.,  -8.,   0.]), array([3, 2, 2, 3, 3, 1, 0, 1, 1, 3, 3, 2, 2, 2, 1, 1, 3, 0, 2, 2, 1, 1,
       3, 1, 1], dtype=object)]
[100, array([-16.,  -8.,  -8.,   0.]), array([3, 2, 2, 3, 3, 0, 0, 1, 1, 3, 3, 2, 2, 2, 1, 1, 1, 3, 2, 2, 1, 2,
       3, 1, 1], dtype=object)]
[100, array([-16.,  -8.,  -8.,   0.]), array([3, 2, 2, 3, 3, 0, 0, 1, 1, 3, 3, 2, 2, 2, 1, 1, 1, 3, 2, 2, 1, 2,
       3, 1, 1], dtype=object)]
[100, array([-16.,  -8.,  -8.,   0.]), array([3, 2, 2, 3, 3, 0, 0, 1, 1, 3, 3, 2, 2, 2, 1, 1, 1, 3, 2, 2, 1, 2,
       3, 1, 1], dtype=object)]
[100, array([-16.,  -8.,  -8.,   0.]), array([3, 2, 2, 3, 3, 0, 0, 1, 1, 3, 3, 2, 2, 2, 1, 1, 1, 3, 2, 2, 1, 2,
       3, 1, 1], dtype=object)]
[101, array([-16.,  -8.,  -8.,   0.]), array([3, 2, 2, 3, 3, 1, 0, 1, 1, 3, 3, 2, 2, 2, 1, 1, 1, 3, 2, 2, 1, 1,
       3, 1, 1], dtype=object)]
[101, array([-16.,  -8.,  -8.,   0.]), array([3, 2, 2, 3, 3, 1, 0, 1, 1, 3, 3, 2, 2, 2, 1, 1, 1, 3, 2, 2, 1, 1,
       3, 1, 1], dtype=object)]
[101, array([-16.,  -8.,  -8.,   0.]), array([3, 2, 2, 3, 3, 1, 0, 1, 1, 3, 3, 2, 2, 2, 1, 1, 1, 3, 2, 2, 1, 1,
       3, 1, 1], dtype=object)]
[101, array([-16.,  -8.,  -8.,   0.]), array([3, 2, 2, 3, 3, 1, 0, 1, 1, 3, 3, 2, 2, 2, 1, 1, 1, 3, 2, 2, 1, 1,
       3, 1, 1], dtype=object)]
[102, array([-16.,  -8.,  -8.,   0.]), array([3, 2, 2, 3, 3, 0, 0, 1, 1, 3, 3, 2, 2, 2, 1, 1, 1, 3, 2, 2, 1, 3,
       3, 1, 1], dtype=object)]
[102, array([-16.,  -8.,  -8.,   0.]), array([3, 2, 2, 3, 3, 0, 0, 1, 1, 3, 3, 2, 2, 2, 1, 1, 1, 3, 2, 2, 1, 3,
       3, 1, 1], dtype=object)]
[102, array([-16.,  -8.,  -8.,   0.]), array([3, 2, 2, 3, 3, 0, 0, 1, 1, 3, 3, 2, 2, 2, 1, 1, 1, 3, 2, 2, 1, 3,
       3, 1, 1], dtype=object)]
[102, array([-16.,  -8.,  -8.,   0.]), array([3, 2, 2, 3, 3, 0, 0, 1, 1, 3, 3, 2, 2, 2, 1, 1, 1, 3, 2, 2, 1, 3,
       3, 1, 1], dtype=object)]
[103, array([-16.,  -8.,  -8.,   0.]), array([3, 2, 2, 3, 3, 1, 0, 1, 1, 3, 3, 2, 2, 2, 1, 1, 3, 0, 2, 2, 1, 1,
       3, 1, 1], dtype=object)]
[103, array([-16.,  -8.,  -8.,   0.]), array([3, 2, 2, 3, 3, 1, 0, 1, 1, 3, 3, 2, 2, 2, 1, 1, 3, 0, 2, 2, 1, 1,
       3, 1, 1], dtype=object)]
[103, array([-16.,  -8.,  -8.,   0.]), array([3, 2, 2, 3, 3, 1, 0, 1, 1, 3, 3, 2, 2, 2, 1, 1, 3, 0, 2, 2, 1, 1,
       3, 1, 1], dtype=object)]
[103, array([-16.,  -8.,  -8.,   0.]), array([3, 2, 2, 3, 3, 1, 0, 1, 1, 3, 3, 2, 2, 2, 1, 1, 3, 0, 2, 2, 1, 1,
       3, 1, 1], dtype=object)]
[104, array([-16.,  -8.,  -8.,   0.]), array([3, 2, 2, 3, 3, 2, 0, 1, 1, 3, 3, 2, 2, 2, 1, 1, 1, 3, 2, 2, 1, 1,
       3, 1, 1], dtype=object)]
[104, array([-16.,  -8.,  -8.,   0.]), array([3, 2, 2, 3, 3, 2, 0, 1, 1, 3, 3, 2, 2, 2, 1, 1, 1, 3, 2, 2, 1, 1,
       3, 1, 1], dtype=object)]
[104, array([-16.,  -8.,  -8.,   0.]), array([3, 2, 2, 3, 3, 2, 0, 1, 1, 3, 3, 2, 2, 2, 1, 1, 1, 3, 2, 2, 1, 1,
       3, 1, 1], dtype=object)]
[104, array([-16.,  -8.,  -8.,   0.]), array([3, 2, 2, 3, 3, 2, 0, 1, 1, 3, 3, 2, 2, 2, 1, 1, 1, 3, 2, 2, 1, 1,
       3, 1, 1], dtype=object)]
[105, array([-16.,  -8.,  -8.,   0.]), array([3, 2, 2, 3, 3, 1, 0, 1, 1, 3, 3, 2, 2, 2, 1, 1, 1, 3, 2, 2, 1, 2,
       3, 1, 1], dtype=object)]
[105, array([-16.,  -8.,  -8.,   0.]), array([3, 2, 2, 3, 3, 1, 0, 1, 1, 3, 3, 2, 2, 2, 1, 1, 1, 3, 2, 2, 1, 2,
       3, 1, 1], dtype=object)]
[105, array([-16.,  -8.,  -8.,   0.]), array([3, 2, 2, 3, 3, 1, 0, 1, 1, 3, 3, 2, 2, 2, 1, 1, 1, 3, 2, 2, 1, 2,
       3, 1, 1], dtype=object)]
[105, array([-16.,  -8.,  -8.,   0.]), array([3, 2, 2, 3, 3, 1, 0, 1, 1, 3, 3, 2, 2, 2, 1, 1, 1, 3, 2, 2, 1, 2,
       3, 1, 1], dtype=object)]
[106, array([-16.,  -8.,  -8.,   0.]), array([3, 2, 2, 3, 3, 3, 0, 1, 1, 3, 3, 2, 2, 2, 1, 1, 1, 3, 2, 2, 1, 2,
       3, 1, 1], dtype=object)]
[106, array([-16.,  -8.,  -8.,   0.]), array([3, 2, 2, 3, 3, 3, 0, 1, 1, 3, 3, 2, 2, 2, 1, 1, 1, 3, 2, 2, 1, 2,
       3, 1, 1], dtype=object)]
[106, array([-16.,  -8.,  -8.,   0.]), array([3, 2, 2, 3, 3, 3, 0, 1, 1, 3, 3, 2, 2, 2, 1, 1, 1, 3, 2, 2, 1, 2,
       3, 1, 1], dtype=object)]
[106, array([-16.,  -8.,  -8.,   0.]), array([3, 2, 2, 3, 3, 3, 0, 1, 1, 3, 3, 2, 2, 2, 1, 1, 1, 3, 2, 2, 1, 2,
       3, 1, 1], dtype=object)]
[107, array([-16.,  -8.,  -8.,   0.]), array([0, 2, 2, 3, 3, 1, 0, 1, 1, 3, 3, 2, 2, 2, 1, 1, 1, 3, 2, 2, 1, 2,
       3, 1, 1], dtype=object)]
[107, array([-16.,  -8.,  -8.,   0.]), array([0, 2, 2, 3, 3, 1, 0, 1, 1, 3, 3, 2, 2, 2, 1, 1, 1, 3, 2, 2, 1, 2,
       3, 1, 1], dtype=object)]
[107, array([-16.,  -8.,  -8.,   0.]), array([0, 2, 2, 3, 3, 1, 0, 1, 1, 3, 3, 2, 2, 2, 1, 1, 1, 3, 2, 2, 1, 2,
       3, 1, 1], dtype=object)]
[107, array([-16.,  -8.,  -8.,   0.]), array([0, 2, 2, 3, 3, 1, 0, 1, 1, 3, 3, 2, 2, 2, 1, 1, 1, 3, 2, 2, 1, 2,
       3, 1, 1], dtype=object)]
[108, array([-16.,  -8.,  -8.,   0.]), array([0, 2, 2, 3, 3, 0, 0, 1, 1, 3, 3, 2, 2, 2, 1, 1, 1, 3, 2, 2, 1, 2,
       3, 1, 1], dtype=object)]
[108, array([-16.,  -8.,  -8.,   0.]), array([0, 2, 2, 3, 3, 0, 0, 1, 1, 3, 3, 2, 2, 2, 1, 1, 1, 3, 2, 2, 1, 2,
       3, 1, 1], dtype=object)]
[108, array([-16.,  -8.,  -8.,   0.]), array([0, 2, 2, 3, 3, 0, 0, 1, 1, 3, 3, 2, 2, 2, 1, 1, 1, 3, 2, 2, 1, 2,
       3, 1, 1], dtype=object)]
[108, array([-16.,  -8.,  -8.,   0.]), array([0, 2, 2, 3, 3, 0, 0, 1, 1, 3, 3, 2, 2, 2, 1, 1, 1, 3, 2, 2, 1, 2,
       3, 1, 1], dtype=object)]
[109, array([-16.,  -8.,  -8.,   0.]), array([3, 2, 2, 3, 3, 1, 0, 1, 1, 3, 3, 2, 2, 2, 1, 1, 1, 3, 2, 2, 1, 1,
       3, 1, 1], dtype=object)]
[109, array([-16.,  -8.,  -8.,   0.]), array([3, 2, 2, 3, 3, 1, 0, 1, 1, 3, 3, 2, 2, 2, 1, 1, 1, 3, 2, 2, 1, 1,
       3, 1, 1], dtype=object)]
[109, array([-16.,  -8.,  -8.,   0.]), array([3, 2, 2, 3, 3, 1, 0, 1, 1, 3, 3, 2, 2, 2, 1, 1, 1, 3, 2, 2, 1, 1,
       3, 1, 1], dtype=object)]
[109, array([-16.,  -8.,  -8.,   0.]), array([3, 2, 2, 3, 3, 1, 0, 1, 1, 3, 3, 2, 2, 2, 1, 1, 1, 3, 2, 2, 1, 1,
       3, 1, 1], dtype=object)]
[110, array([-16.,  -8.,  -8.,   0.]), array([0, 2, 2, 3, 3, 1, 0, 1, 1, 3, 3, 2, 2, 2, 1, 1, 3, 0, 2, 2, 1, 2,
       3, 1, 1], dtype=object)]
[110, array([-16.,  -8.,  -8.,   0.]), array([0, 2, 2, 3, 3, 1, 0, 1, 1, 3, 3, 2, 2, 2, 1, 1, 3, 0, 2, 2, 1, 2,
       3, 1, 1], dtype=object)]
[110, array([-16.,  -8.,  -8.,   0.]), array([0, 2, 2, 3, 3, 1, 0, 1, 1, 3, 3, 2, 2, 2, 1, 1, 3, 0, 2, 2, 1, 2,
       3, 1, 1], dtype=object)]
[110, array([-16.,  -8.,  -8.,   0.]), array([0, 2, 2, 3, 3, 1, 0, 1, 1, 3, 3, 2, 2, 2, 1, 1, 3, 0, 2, 2, 1, 2,
       3, 1, 1], dtype=object)]
[111, array([-16.,  -8.,  -8.,   0.]), array([3, 2, 2, 3, 3, 1, 0, 1, 1, 3, 3, 2, 2, 2, 1, 1, 1, 3, 2, 2, 1, 2,
       3, 1, 1], dtype=object)]
[111, array([-16.,  -8.,  -8.,   0.]), array([3, 2, 2, 3, 3, 1, 0, 1, 1, 3, 3, 2, 2, 2, 1, 1, 1, 3, 2, 2, 1, 2,
       3, 1, 1], dtype=object)]
[111, array([-16.,  -8.,  -8.,   0.]), array([3, 2, 2, 3, 3, 1, 0, 1, 1, 3, 3, 2, 2, 2, 1, 1, 1, 3, 2, 2, 1, 2,
       3, 1, 1], dtype=object)]
[111, array([-16.,  -8.,  -8.,   0.]), array([3, 2, 2, 3, 3, 1, 0, 1, 1, 3, 3, 2, 2, 2, 1, 1, 1, 3, 2, 2, 1, 2,
       3, 1, 1], dtype=object)]
[112, array([-16.,  -8.,  -8.,   0.]), array([0, 2, 2, 3, 3, 1, 0, 1, 1, 3, 3, 2, 2, 2, 1, 1, 1, 3, 2, 2, 1, 2,
       3, 1, 1], dtype=object)]
[112, array([-16.,  -8.,  -8.,   0.]), array([0, 2, 2, 3, 3, 1, 0, 1, 1, 3, 3, 2, 2, 2, 1, 1, 1, 3, 2, 2, 1, 2,
       3, 1, 1], dtype=object)]
[112, array([-16.,  -8.,  -8.,   0.]), array([0, 2, 2, 3, 3, 1, 0, 1, 1, 3, 3, 2, 2, 2, 1, 1, 1, 3, 2, 2, 1, 2,
       3, 1, 1], dtype=object)]
[112, array([-16.,  -8.,  -8.,   0.]), array([0, 2, 2, 3, 3, 1, 0, 1, 1, 3, 3, 2, 2, 2, 1, 1, 1, 3, 2, 2, 1, 2,
       3, 1, 1], dtype=object)]
[113, array([-16.,  -8.,  -8.,   0.]), array([3, 2, 2, 3, 3, 1, 0, 1, 1, 3, 3, 2, 2, 2, 1, 1, 1, 3, 2, 2, 1, 2,
       3, 1, 1], dtype=object)]
[113, array([-16.,  -8.,  -8.,   0.]), array([3, 2, 2, 3, 3, 1, 0, 1, 1, 3, 3, 2, 2, 2, 1, 1, 1, 3, 2, 2, 1, 2,
       3, 1, 1], dtype=object)]
[113, array([-16.,  -8.,  -8.,   0.]), array([3, 2, 2, 3, 3, 1, 0, 1, 1, 3, 3, 2, 2, 2, 1, 1, 1, 3, 2, 2, 1, 2,
       3, 1, 1], dtype=object)]
[113, array([-16.,  -8.,  -8.,   0.]), array([3, 2, 2, 3, 3, 1, 0, 1, 1, 3, 3, 2, 2, 2, 1, 1, 1, 3, 2, 2, 1, 2,
       3, 1, 1], dtype=object)]
[114, array([-16.,  -8.,  -8.,   0.]), array([3, 2, 2, 3, 3, 2, 0, 1, 1, 3, 3, 2, 2, 2, 1, 1, 3, 0, 2, 2, 1, 2,
       3, 1, 1], dtype=object)]
[114, array([-16.,  -8.,  -8.,   0.]), array([3, 2, 2, 3, 3, 2, 0, 1, 1, 3, 3, 2, 2, 2, 1, 1, 3, 0, 2, 2, 1, 2,
       3, 1, 1], dtype=object)]
[114, array([-16.,  -8.,  -8.,   0.]), array([3, 2, 2, 3, 3, 2, 0, 1, 1, 3, 3, 2, 2, 2, 1, 1, 3, 0, 2, 2, 1, 2,
       3, 1, 1], dtype=object)]
[114, array([-16.,  -8.,  -8.,   0.]), array([3, 2, 2, 3, 3, 2, 0, 1, 1, 3, 3, 2, 2, 2, 1, 1, 3, 0, 2, 2, 1, 2,
       3, 1, 1], dtype=object)]
[115, array([-16.,  -8.,  -8.,   0.]), array([3, 2, 2, 3, 3, 1, 0, 1, 1, 3, 3, 2, 2, 2, 1, 1, 3, 0, 2, 2, 1, 2,
       3, 1, 1], dtype=object)]
[115, array([-16.,  -8.,  -8.,   0.]), array([3, 2, 2, 3, 3, 1, 0, 1, 1, 3, 3, 2, 2, 2, 1, 1, 3, 0, 2, 2, 1, 2,
       3, 1, 1], dtype=object)]
[115, array([-16.,  -8.,  -8.,   0.]), array([3, 2, 2, 3, 3, 1, 0, 1, 1, 3, 3, 2, 2, 2, 1, 1, 3, 0, 2, 2, 1, 2,
       3, 1, 1], dtype=object)]
[115, array([-16.,  -8.,  -8.,   0.]), array([3, 2, 2, 3, 3, 1, 0, 1, 1, 3, 3, 2, 2, 2, 1, 1, 3, 0, 2, 2, 1, 2,
       3, 1, 1], dtype=object)]
[116, array([-16.,  -8.,  -8.,   0.]), array([2, 2, 2, 3, 3, 1, 0, 1, 1, 3, 3, 2, 2, 2, 1, 1, 3, 0, 2, 2, 1, 2,
       3, 1, 1], dtype=object)]
[116, array([-16.,  -8.,  -8.,   0.]), array([2, 2, 2, 3, 3, 1, 0, 1, 1, 3, 3, 2, 2, 2, 1, 1, 3, 0, 2, 2, 1, 2,
       3, 1, 1], dtype=object)]
[116, array([-16.,  -8.,  -8.,   0.]), array([2, 2, 2, 3, 3, 1, 0, 1, 1, 3, 3, 2, 2, 2, 1, 1, 3, 0, 2, 2, 1, 2,
       3, 1, 1], dtype=object)]
[116, array([-16.,  -8.,  -8.,   0.]), array([2, 2, 2, 3, 3, 1, 0, 1, 1, 3, 3, 2, 2, 2, 1, 1, 3, 0, 2, 2, 1, 2,
       3, 1, 1], dtype=object)]
[117, array([-16.,  -8.,  -8.,   0.]), array([1, 2, 2, 3, 3, 1, 0, 1, 1, 3, 3, 2, 2, 2, 1, 1, 1, 3, 2, 2, 1, 1,
       3, 1, 1], dtype=object)]
[117, array([-16.,  -8.,  -8.,   0.]), array([1, 2, 2, 3, 3, 1, 0, 1, 1, 3, 3, 2, 2, 2, 1, 1, 1, 3, 2, 2, 1, 1,
       3, 1, 1], dtype=object)]
[117, array([-16.,  -8.,  -8.,   0.]), array([1, 2, 2, 3, 3, 1, 0, 1, 1, 3, 3, 2, 2, 2, 1, 1, 1, 3, 2, 2, 1, 1,
       3, 1, 1], dtype=object)]
[117, array([-16.,  -8.,  -8.,   0.]), array([1, 2, 2, 3, 3, 1, 0, 1, 1, 3, 3, 2, 2, 2, 1, 1, 1, 3, 2, 2, 1, 1,
       3, 1, 1], dtype=object)]
[118, array([-16.,  -8.,  -8.,   0.]), array([1, 2, 2, 3, 3, 1, 0, 1, 1, 3, 3, 2, 2, 2, 1, 1, 3, 3, 2, 2, 1, 1,
       3, 1, 1], dtype=object)]
[118, array([-16.,  -8.,  -8.,   0.]), array([1, 2, 2, 3, 3, 1, 0, 1, 1, 3, 3, 2, 2, 2, 1, 1, 3, 3, 2, 2, 1, 1,
       3, 1, 1], dtype=object)]
[118, array([-16.,  -8.,  -8.,   0.]), array([1, 2, 2, 3, 3, 1, 0, 1, 1, 3, 3, 2, 2, 2, 1, 1, 3, 3, 2, 2, 1, 1,
       3, 1, 1], dtype=object)]
[118, array([-16.,  -8.,  -8.,   0.]), array([1, 2, 2, 3, 3, 1, 0, 1, 1, 3, 3, 2, 2, 2, 1, 1, 3, 3, 2, 2, 1, 1,
       3, 1, 1], dtype=object)]
[119, array([-16.,  -8.,  -8.,   0.]), array([3, 2, 2, 3, 3, 3, 0, 1, 1, 3, 3, 2, 2, 2, 1, 1, 3, 3, 2, 2, 1, 1,
       3, 1, 1], dtype=object)]
[119, array([-16.,  -8.,  -8.,   0.]), array([3, 2, 2, 3, 3, 3, 0, 1, 1, 3, 3, 2, 2, 2, 1, 1, 3, 3, 2, 2, 1, 1,
       3, 1, 1], dtype=object)]
[119, array([-16.,  -8.,  -8.,   0.]), array([3, 2, 2, 3, 3, 3, 0, 1, 1, 3, 3, 2, 2, 2, 1, 1, 3, 3, 2, 2, 1, 1,
       3, 1, 1], dtype=object)]
[119, array([-16.,  -8.,  -8.,   0.]), array([3, 2, 2, 3, 3, 3, 0, 1, 1, 3, 3, 2, 2, 2, 1, 1, 3, 3, 2, 2, 1, 1,
       3, 1, 1], dtype=object)]
[120, array([-16.,  -8.,  -8.,   0.]), array([0, 2, 2, 3, 3, 1, 0, 1, 1, 3, 3, 2, 2, 2, 1, 1, 1, 3, 2, 2, 1, 1,
       3, 1, 1], dtype=object)]
[120, array([-16.,  -8.,  -8.,   0.]), array([0, 2, 2, 3, 3, 1, 0, 1, 1, 3, 3, 2, 2, 2, 1, 1, 1, 3, 2, 2, 1, 1,
       3, 1, 1], dtype=object)]
[120, array([-16.,  -8.,  -8.,   0.]), array([0, 2, 2, 3, 3, 1, 0, 1, 1, 3, 3, 2, 2, 2, 1, 1, 1, 3, 2, 2, 1, 1,
       3, 1, 1], dtype=object)]
[120, array([-16.,  -8.,  -8.,   0.]), array([0, 2, 2, 3, 3, 1, 0, 1, 1, 3, 3, 2, 2, 2, 1, 1, 1, 3, 2, 2, 1, 1,
       3, 1, 1], dtype=object)]
[121, array([-16.,  -8.,  -8.,   0.]), array([3, 2, 2, 3, 3, 1, 0, 1, 1, 3, 3, 2, 2, 2, 1, 1, 1, 3, 2, 2, 1, 1,
       3, 1, 1], dtype=object)]
[121, array([-16.,  -8.,  -8.,   0.]), array([3, 2, 2, 3, 3, 1, 0, 1, 1, 3, 3, 2, 2, 2, 1, 1, 1, 3, 2, 2, 1, 1,
       3, 1, 1], dtype=object)]
[121, array([-16.,  -8.,  -8.,   0.]), array([3, 2, 2, 3, 3, 1, 0, 1, 1, 3, 3, 2, 2, 2, 1, 1, 1, 3, 2, 2, 1, 1,
       3, 1, 1], dtype=object)]
[121, array([-16.,  -8.,  -8.,   0.]), array([3, 2, 2, 3, 3, 1, 0, 1, 1, 3, 3, 2, 2, 2, 1, 1, 1, 3, 2, 2, 1, 1,
       3, 1, 1], dtype=object)]
[122, array([-16.,  -8.,  -8.,   0.]), array([1, 2, 2, 3, 3, 1, 0, 1, 1, 3, 3, 2, 2, 2, 1, 1, 1, 3, 0, 2, 1, 1,
       3, 1, 1], dtype=object)]
[122, array([-16.,  -8.,  -8.,   0.]), array([1, 2, 2, 3, 3, 1, 0, 1, 1, 3, 3, 2, 2, 2, 1, 1, 1, 3, 0, 2, 1, 1,
       3, 1, 1], dtype=object)]
[122, array([-16.,  -8.,  -8.,   0.]), array([1, 2, 2, 3, 3, 1, 0, 1, 1, 3, 3, 2, 2, 2, 1, 1, 1, 3, 0, 2, 1, 1,
       3, 1, 1], dtype=object)]
[122, array([-16.,  -8.,  -8.,   0.]), array([1, 2, 2, 3, 3, 1, 0, 1, 1, 3, 3, 2, 2, 2, 1, 1, 1, 3, 0, 2, 1, 1,
       3, 1, 1], dtype=object)]
[123, array([-16.,  -8.,  -8.,   0.]), array([3, 2, 2, 3, 3, 1, 0, 1, 1, 3, 3, 2, 2, 2, 1, 1, 3, 0, 2, 2, 1, 1,
       3, 1, 1], dtype=object)]
[123, array([-16.,  -8.,  -8.,   0.]), array([3, 2, 2, 3, 3, 1, 0, 1, 1, 3, 3, 2, 2, 2, 1, 1, 3, 0, 2, 2, 1, 1,
       3, 1, 1], dtype=object)]
[123, array([-16.,  -8.,  -8.,   0.]), array([3, 2, 2, 3, 3, 1, 0, 1, 1, 3, 3, 2, 2, 2, 1, 1, 3, 0, 2, 2, 1, 1,
       3, 1, 1], dtype=object)]
[123, array([-16.,  -8.,  -8.,   0.]), array([3, 2, 2, 3, 3, 1, 0, 1, 1, 3, 3, 2, 2, 2, 1, 1, 3, 0, 2, 2, 1, 1,
       3, 1, 1], dtype=object)]
[124, array([-16.,  -8.,  -8.,   0.]), array([3, 2, 2, 3, 3, 3, 0, 1, 1, 3, 3, 2, 2, 2, 1, 1, 3, 3, 2, 2, 1, 1,
       3, 1, 1], dtype=object)]
[124, array([-16.,  -8.,  -8.,   0.]), array([3, 2, 2, 3, 3, 3, 0, 1, 1, 3, 3, 2, 2, 2, 1, 1, 3, 3, 2, 2, 1, 1,
       3, 1, 1], dtype=object)]
[124, array([-16.,  -8.,  -8.,   0.]), array([3, 2, 2, 3, 3, 3, 0, 1, 1, 3, 3, 2, 2, 2, 1, 1, 3, 3, 2, 2, 1, 1,
       3, 1, 1], dtype=object)]
[124, array([-16.,  -8.,  -8.,   0.]), array([3, 2, 2, 3, 3, 3, 0, 1, 1, 3, 3, 2, 2, 2, 1, 1, 3, 3, 2, 2, 1, 1,
       3, 1, 1], dtype=object)]
[125, array([-16.,  -8.,  -8.,   0.]), array([1, 2, 2, 3, 3, 1, 0, 1, 1, 3, 3, 2, 2, 2, 1, 1, 3, 0, 2, 2, 1, 2,
       3, 1, 1], dtype=object)]
[125, array([-16.,  -8.,  -8.,   0.]), array([1, 2, 2, 3, 3, 1, 0, 1, 1, 3, 3, 2, 2, 2, 1, 1, 3, 0, 2, 2, 1, 2,
       3, 1, 1], dtype=object)]
[125, array([-16.,  -8.,  -8.,   0.]), array([1, 2, 2, 3, 3, 1, 0, 1, 1, 3, 3, 2, 2, 2, 1, 1, 3, 0, 2, 2, 1, 2,
       3, 1, 1], dtype=object)]
[125, array([-16.,  -8.,  -8.,   0.]), array([1, 2, 2, 3, 3, 1, 0, 1, 1, 3, 3, 2, 2, 2, 1, 1, 3, 0, 2, 2, 1, 2,
       3, 1, 1], dtype=object)]
[126, array([-16.,  -8.,  -8.,   0.]), array([3, 2, 2, 3, 3, 1, 0, 1, 1, 3, 3, 2, 2, 2, 1, 1, 1, 3, 2, 2, 1, 2,
       3, 1, 1], dtype=object)]
[126, array([-16.,  -8.,  -8.,   0.]), array([3, 2, 2, 3, 3, 1, 0, 1, 1, 3, 3, 2, 2, 2, 1, 1, 1, 3, 2, 2, 1, 2,
       3, 1, 1], dtype=object)]
[126, array([-16.,  -8.,  -8.,   0.]), array([3, 2, 2, 3, 3, 1, 0, 1, 1, 3, 3, 2, 2, 2, 1, 1, 1, 3, 2, 2, 1, 2,
       3, 1, 1], dtype=object)]
[126, array([-16.,  -8.,  -8.,   0.]), array([3, 2, 2, 3, 3, 1, 0, 1, 1, 3, 3, 2, 2, 2, 1, 1, 1, 3, 2, 2, 1, 2,
       3, 1, 1], dtype=object)]
[127, array([-16.,  -8.,  -8.,   0.]), array([3, 2, 2, 3, 3, 1, 0, 1, 1, 3, 3, 2, 2, 2, 1, 1, 1, 3, 2, 2, 1, 1,
       3, 1, 1], dtype=object)]
[127, array([-16.,  -8.,  -8.,   0.]), array([3, 2, 2, 3, 3, 1, 0, 1, 1, 3, 3, 2, 2, 2, 1, 1, 1, 3, 2, 2, 1, 1,
       3, 1, 1], dtype=object)]
[127, array([-16.,  -8.,  -8.,   0.]), array([3, 2, 2, 3, 3, 1, 0, 1, 1, 3, 3, 2, 2, 2, 1, 1, 1, 3, 2, 2, 1, 1,
       3, 1, 1], dtype=object)]
[127, array([-16.,  -8.,  -8.,   0.]), array([3, 2, 2, 3, 3, 1, 0, 1, 1, 3, 3, 2, 2, 2, 1, 1, 1, 3, 2, 2, 1, 1,
       3, 1, 1], dtype=object)]
[128, array([-16.,  -8.,  -8.,   0.]), array([3, 2, 2, 3, 3, 2, 0, 1, 1, 3, 3, 2, 2, 2, 1, 1, 3, 3, 2, 2, 1, 2,
       3, 1, 1], dtype=object)]
[128, array([-16.,  -8.,  -8.,   0.]), array([3, 2, 2, 3, 3, 2, 0, 1, 1, 3, 3, 2, 2, 2, 1, 1, 3, 3, 2, 2, 1, 2,
       3, 1, 1], dtype=object)]
[128, array([-16.,  -8.,  -8.,   0.]), array([3, 2, 2, 3, 3, 2, 0, 1, 1, 3, 3, 2, 2, 2, 1, 1, 3, 3, 2, 2, 1, 2,
       3, 1, 1], dtype=object)]
[128, array([-16.,  -8.,  -8.,   0.]), array([3, 2, 2, 3, 3, 2, 0, 1, 1, 3, 3, 2, 2, 2, 1, 1, 3, 3, 2, 2, 1, 2,
       3, 1, 1], dtype=object)]
[129, array([-16.,  -8.,  -8.,   0.]), array([3, 2, 2, 3, 3, 1, 0, 1, 1, 3, 3, 2, 2, 2, 1, 1, 2, 3, 1, 2, 1, 1,
       3, 1, 1], dtype=object)]
[129, array([-16.,  -8.,  -8.,   0.]), array([3, 2, 2, 3, 3, 1, 0, 1, 1, 3, 3, 2, 2, 2, 1, 1, 2, 3, 1, 2, 1, 1,
       3, 1, 1], dtype=object)]
[129, array([-16.,  -8.,  -8.,   0.]), array([3, 2, 2, 3, 3, 1, 0, 1, 1, 3, 3, 2, 2, 2, 1, 1, 2, 3, 1, 2, 1, 1,
       3, 1, 1], dtype=object)]
[129, array([-16.,  -8.,  -8.,   0.]), array([3, 2, 2, 3, 3, 1, 0, 1, 1, 3, 3, 2, 2, 2, 1, 1, 2, 3, 1, 2, 1, 1,
       3, 1, 1], dtype=object)]
[130, array([-16.,  -8.,  -8.,   0.]), array([3, 2, 2, 3, 3, 3, 0, 1, 1, 3, 3, 2, 2, 2, 1, 1, 1, 3, 2, 2, 1, 1,
       3, 1, 1], dtype=object)]
[130, array([-16.,  -8.,  -8.,   0.]), array([3, 2, 2, 3, 3, 3, 0, 1, 1, 3, 3, 2, 2, 2, 1, 1, 1, 3, 2, 2, 1, 1,
       3, 1, 1], dtype=object)]
[130, array([-16.,  -8.,  -8.,   0.]), array([3, 2, 2, 3, 3, 3, 0, 1, 1, 3, 3, 2, 2, 2, 1, 1, 1, 3, 2, 2, 1, 1,
       3, 1, 1], dtype=object)]
[130, array([-16.,  -8.,  -8.,   0.]), array([3, 2, 2, 3, 3, 3, 0, 1, 1, 3, 3, 2, 2, 2, 1, 1, 1, 3, 2, 2, 1, 1,
       3, 1, 1], dtype=object)]
[131, array([-16.,  -8.,  -8.,   0.]), array([3, 2, 2, 3, 3, 1, 0, 1, 1, 3, 3, 2, 2, 2, 1, 1, 2, 3, 1, 2, 1, 1,
       3, 1, 1], dtype=object)]
[131, array([-16.,  -8.,  -8.,   0.]), array([3, 2, 2, 3, 3, 1, 0, 1, 1, 3, 3, 2, 2, 2, 1, 1, 2, 3, 1, 2, 1, 1,
       3, 1, 1], dtype=object)]
[131, array([-16.,  -8.,  -8.,   0.]), array([3, 2, 2, 3, 3, 1, 0, 1, 1, 3, 3, 2, 2, 2, 1, 1, 2, 3, 1, 2, 1, 1,
       3, 1, 1], dtype=object)]
[131, array([-16.,  -8.,  -8.,   0.]), array([3, 2, 2, 3, 3, 1, 0, 1, 1, 3, 3, 2, 2, 2, 1, 1, 2, 3, 1, 2, 1, 1,
       3, 1, 1], dtype=object)]
[132, array([-16.,  -8.,  -8.,   0.]), array([1, 2, 2, 3, 3, 1, 0, 1, 1, 3, 3, 2, 2, 2, 1, 1, 2, 3, 1, 2, 1, 1,
       3, 1, 1], dtype=object)]
[132, array([-16.,  -8.,  -8.,   0.]), array([1, 2, 2, 3, 3, 1, 0, 1, 1, 3, 3, 2, 2, 2, 1, 1, 2, 3, 1, 2, 1, 1,
       3, 1, 1], dtype=object)]
[132, array([-16.,  -8.,  -8.,   0.]), array([1, 2, 2, 3, 3, 1, 0, 1, 1, 3, 3, 2, 2, 2, 1, 1, 2, 3, 1, 2, 1, 1,
       3, 1, 1], dtype=object)]
[132, array([-16.,  -8.,  -8.,   0.]), array([1, 2, 2, 3, 3, 1, 0, 1, 1, 3, 3, 2, 2, 2, 1, 1, 2, 3, 1, 2, 1, 1,
       3, 1, 1], dtype=object)]
[133, array([-16.,  -8.,  -8.,   0.]), array([3, 2, 2, 3, 3, 1, 0, 1, 1, 3, 3, 2, 2, 2, 1, 1, 1, 3, 2, 2, 1, 1,
       3, 1, 1], dtype=object)]
[133, array([-16.,  -8.,  -8.,   0.]), array([3, 2, 2, 3, 3, 1, 0, 1, 1, 3, 3, 2, 2, 2, 1, 1, 1, 3, 2, 2, 1, 1,
       3, 1, 1], dtype=object)]
[133, array([-16.,  -8.,  -8.,   0.]), array([3, 2, 2, 3, 3, 1, 0, 1, 1, 3, 3, 2, 2, 2, 1, 1, 1, 3, 2, 2, 1, 1,
       3, 1, 1], dtype=object)]
[133, array([-16.,  -8.,  -8.,   0.]), array([3, 2, 2, 3, 3, 1, 0, 1, 1, 3, 3, 2, 2, 2, 1, 1, 1, 3, 2, 2, 1, 1,
       3, 1, 1], dtype=object)]
[134, array([-16.,  -8.,  -8.,   0.]), array([1, 2, 2, 3, 3, 1, 0, 1, 1, 3, 3, 2, 2, 2, 1, 1, 3, 2, 2, 2, 1, 2,
       3, 1, 1], dtype=object)]
[134, array([-16.,  -8.,  -8.,   0.]), array([1, 2, 2, 3, 3, 1, 0, 1, 1, 3, 3, 2, 2, 2, 1, 1, 3, 2, 2, 2, 1, 2,
       3, 1, 1], dtype=object)]
[134, array([-16.,  -8.,  -8.,   0.]), array([1, 2, 2, 3, 3, 1, 0, 1, 1, 3, 3, 2, 2, 2, 1, 1, 3, 2, 2, 2, 1, 2,
       3, 1, 1], dtype=object)]
[134, array([-16.,  -8.,  -8.,   0.]), array([1, 2, 2, 3, 3, 1, 0, 1, 1, 3, 3, 2, 2, 2, 1, 1, 3, 2, 2, 2, 1, 2,
       3, 1, 1], dtype=object)]
[135, array([-16.,  -8.,  -8.,   0.]), array([3, 2, 2, 3, 3, 1, 0, 1, 1, 3, 3, 2, 2, 2, 1, 1, 3, 2, 2, 2, 1, 1,
       3, 1, 1], dtype=object)]
[135, array([-16.,  -8.,  -8.,   0.]), array([3, 2, 2, 3, 3, 1, 0, 1, 1, 3, 3, 2, 2, 2, 1, 1, 3, 2, 2, 2, 1, 1,
       3, 1, 1], dtype=object)]
[135, array([-16.,  -8.,  -8.,   0.]), array([3, 2, 2, 3, 3, 1, 0, 1, 1, 3, 3, 2, 2, 2, 1, 1, 3, 2, 2, 2, 1, 1,
       3, 1, 1], dtype=object)]
[135, array([-16.,  -8.,  -8.,   0.]), array([3, 2, 2, 3, 3, 1, 0, 1, 1, 3, 3, 2, 2, 2, 1, 1, 3, 2, 2, 2, 1, 1,
       3, 1, 1], dtype=object)]
[136, array([-16.,  -8.,  -8.,   0.]), array([3, 2, 2, 3, 3, 1, 0, 1, 1, 3, 3, 2, 2, 2, 1, 1, 3, 0, 2, 2, 1, 1,
       3, 1, 1], dtype=object)]
[136, array([-16.,  -8.,  -8.,   0.]), array([3, 2, 2, 3, 3, 1, 0, 1, 1, 3, 3, 2, 2, 2, 1, 1, 3, 0, 2, 2, 1, 1,
       3, 1, 1], dtype=object)]
[136, array([-16.,  -8.,  -8.,   0.]), array([3, 2, 2, 3, 3, 1, 0, 1, 1, 3, 3, 2, 2, 2, 1, 1, 3, 0, 2, 2, 1, 1,
       3, 1, 1], dtype=object)]
[136, array([-16.,  -8.,  -8.,   0.]), array([3, 2, 2, 3, 3, 1, 0, 1, 1, 3, 3, 2, 2, 2, 1, 1, 3, 0, 2, 2, 1, 1,
       3, 1, 1], dtype=object)]
[137, array([-16.,  -8.,  -8.,   0.]), array([3, 2, 2, 3, 3, 1, 0, 1, 1, 3, 3, 2, 2, 2, 1, 1, 1, 3, 2, 2, 1, 1,
       3, 1, 1], dtype=object)]
[137, array([-16.,  -8.,  -8.,   0.]), array([3, 2, 2, 3, 3, 1, 0, 1, 1, 3, 3, 2, 2, 2, 1, 1, 1, 3, 2, 2, 1, 1,
       3, 1, 1], dtype=object)]
[137, array([-16.,  -8.,  -8.,   0.]), array([3, 2, 2, 3, 3, 1, 0, 1, 1, 3, 3, 2, 2, 2, 1, 1, 1, 3, 2, 2, 1, 1,
       3, 1, 1], dtype=object)]
[137, array([-16.,  -8.,  -8.,   0.]), array([3, 2, 2, 3, 3, 1, 0, 1, 1, 3, 3, 2, 2, 2, 1, 1, 1, 3, 2, 2, 1, 1,
       3, 1, 1], dtype=object)]
[138, array([-16.,  -8.,  -8.,   0.]), array([3, 2, 2, 3, 3, 2, 0, 1, 1, 3, 3, 2, 2, 2, 1, 1, 1, 3, 1, 2, 1, 1,
       3, 1, 1], dtype=object)]
[138, array([-16.,  -8.,  -8.,   0.]), array([3, 2, 2, 3, 3, 2, 0, 1, 1, 3, 3, 2, 2, 2, 1, 1, 1, 3, 1, 2, 1, 1,
       3, 1, 1], dtype=object)]
[138, array([-16.,  -8.,  -8.,   0.]), array([3, 2, 2, 3, 3, 2, 0, 1, 1, 3, 3, 2, 2, 2, 1, 1, 1, 3, 1, 2, 1, 1,
       3, 1, 1], dtype=object)]
[138, array([-16.,  -8.,  -8.,   0.]), array([3, 2, 2, 3, 3, 2, 0, 1, 1, 3, 3, 2, 2, 2, 1, 1, 1, 3, 1, 2, 1, 1,
       3, 1, 1], dtype=object)]
[139, array([-16.,  -8.,  -8.,   0.]), array([1, 2, 2, 3, 3, 1, 0, 1, 1, 3, 3, 2, 2, 2, 1, 1, 1, 3, 2, 2, 1, 1,
       3, 1, 1], dtype=object)]
[139, array([-16.,  -8.,  -8.,   0.]), array([1, 2, 2, 3, 3, 1, 0, 1, 1, 3, 3, 2, 2, 2, 1, 1, 1, 3, 2, 2, 1, 1,
       3, 1, 1], dtype=object)]
[139, array([-16.,  -8.,  -8.,   0.]), array([1, 2, 2, 3, 3, 1, 0, 1, 1, 3, 3, 2, 2, 2, 1, 1, 1, 3, 2, 2, 1, 1,
       3, 1, 1], dtype=object)]
[139, array([-16.,  -8.,  -8.,   0.]), array([1, 2, 2, 3, 3, 1, 0, 1, 1, 3, 3, 2, 2, 2, 1, 1, 1, 3, 2, 2, 1, 1,
       3, 1, 1], dtype=object)]
[140, array([-16.,  -8.,  -8.,   0.]), array([3, 2, 2, 3, 3, 2, 0, 1, 1, 3, 3, 2, 2, 2, 1, 1, 3, 3, 2, 2, 1, 1,
       3, 1, 1], dtype=object)]
[140, array([-16.,  -8.,  -8.,   0.]), array([3, 2, 2, 3, 3, 2, 0, 1, 1, 3, 3, 2, 2, 2, 1, 1, 3, 3, 2, 2, 1, 1,
       3, 1, 1], dtype=object)]
[140, array([-16.,  -8.,  -8.,   0.]), array([3, 2, 2, 3, 3, 2, 0, 1, 1, 3, 3, 2, 2, 2, 1, 1, 3, 3, 2, 2, 1, 1,
       3, 1, 1], dtype=object)]
[140, array([-16.,  -8.,  -8.,   0.]), array([3, 2, 2, 3, 3, 2, 0, 1, 1, 3, 3, 2, 2, 2, 1, 1, 3, 3, 2, 2, 1, 1,
       3, 1, 1], dtype=object)]
[141, array([-16.,  -8.,  -8.,   0.]), array([1, 2, 2, 3, 3, 1, 0, 1, 1, 3, 3, 2, 2, 2, 1, 1, 3, 0, 2, 2, 1, 1,
       3, 1, 1], dtype=object)]
[141, array([-16.,  -8.,  -8.,   0.]), array([1, 2, 2, 3, 3, 1, 0, 1, 1, 3, 3, 2, 2, 2, 1, 1, 3, 0, 2, 2, 1, 1,
       3, 1, 1], dtype=object)]
[141, array([-16.,  -8.,  -8.,   0.]), array([1, 2, 2, 3, 3, 1, 0, 1, 1, 3, 3, 2, 2, 2, 1, 1, 3, 0, 2, 2, 1, 1,
       3, 1, 1], dtype=object)]
[141, array([-16.,  -8.,  -8.,   0.]), array([1, 2, 2, 3, 3, 1, 0, 1, 1, 3, 3, 2, 2, 2, 1, 1, 3, 0, 2, 2, 1, 1,
       3, 1, 1], dtype=object)]
[142, array([-16.,  -8.,  -8.,   0.]), array([2, 2, 2, 3, 3, 1, 0, 1, 1, 3, 3, 2, 2, 2, 1, 1, 1, 3, 2, 2, 1, 1,
       3, 1, 1], dtype=object)]
[142, array([-16.,  -8.,  -8.,   0.]), array([2, 2, 2, 3, 3, 1, 0, 1, 1, 3, 3, 2, 2, 2, 1, 1, 1, 3, 2, 2, 1, 1,
       3, 1, 1], dtype=object)]
[142, array([-16.,  -8.,  -8.,   0.]), array([2, 2, 2, 3, 3, 1, 0, 1, 1, 3, 3, 2, 2, 2, 1, 1, 1, 3, 2, 2, 1, 1,
       3, 1, 1], dtype=object)]
[142, array([-16.,  -8.,  -8.,   0.]), array([2, 2, 2, 3, 3, 1, 0, 1, 1, 3, 3, 2, 2, 2, 1, 1, 1, 3, 2, 2, 1, 1,
       3, 1, 1], dtype=object)]
[143, array([-16.,  -8.,  -8.,   0.]), array([1, 2, 2, 3, 3, 1, 0, 1, 1, 3, 3, 2, 2, 2, 1, 1, 1, 3, 2, 2, 1, 1,
       3, 1, 1], dtype=object)]
[143, array([-16.,  -8.,  -8.,   0.]), array([1, 2, 2, 3, 3, 1, 0, 1, 1, 3, 3, 2, 2, 2, 1, 1, 1, 3, 2, 2, 1, 1,
       3, 1, 1], dtype=object)]
[143, array([-16.,  -8.,  -8.,   0.]), array([1, 2, 2, 3, 3, 1, 0, 1, 1, 3, 3, 2, 2, 2, 1, 1, 1, 3, 2, 2, 1, 1,
       3, 1, 1], dtype=object)]
[143, array([-16.,  -8.,  -8.,   0.]), array([1, 2, 2, 3, 3, 1, 0, 1, 1, 3, 3, 2, 2, 2, 1, 1, 1, 3, 2, 2, 1, 1,
       3, 1, 1], dtype=object)]
[144, array([-16.,  -8.,  -8.,   0.]), array([1, 2, 2, 3, 3, 1, 0, 1, 1, 3, 3, 2, 2, 2, 1, 1, 1, 3, 2, 2, 1, 1,
       3, 1, 1], dtype=object)]
[144, array([-16.,  -8.,  -8.,   0.]), array([1, 2, 2, 3, 3, 1, 0, 1, 1, 3, 3, 2, 2, 2, 1, 1, 1, 3, 2, 2, 1, 1,
       3, 1, 1], dtype=object)]
[144, array([-16.,  -8.,  -8.,   0.]), array([1, 2, 2, 3, 3, 1, 0, 1, 1, 3, 3, 2, 2, 2, 1, 1, 1, 3, 2, 2, 1, 1,
       3, 1, 1], dtype=object)]
[144, array([-16.,  -8.,  -8.,   0.]), array([1, 2, 2, 3, 3, 1, 0, 1, 1, 3, 3, 2, 2, 2, 1, 1, 1, 3, 2, 2, 1, 1,
       3, 1, 1], dtype=object)]
[145, array([-16.,  -8.,  -8.,   0.]), array([3, 2, 2, 3, 3, 1, 0, 1, 1, 3, 3, 2, 2, 2, 1, 1, 3, 0, 2, 2, 1, 1,
       3, 1, 1], dtype=object)]
[145, array([-16.,  -8.,  -8.,   0.]), array([3, 2, 2, 3, 3, 1, 0, 1, 1, 3, 3, 2, 2, 2, 1, 1, 3, 0, 2, 2, 1, 1,
       3, 1, 1], dtype=object)]
[145, array([-16.,  -8.,  -8.,   0.]), array([3, 2, 2, 3, 3, 1, 0, 1, 1, 3, 3, 2, 2, 2, 1, 1, 3, 0, 2, 2, 1, 1,
       3, 1, 1], dtype=object)]
[145, array([-16.,  -8.,  -8.,   0.]), array([3, 2, 2, 3, 3, 1, 0, 1, 1, 3, 3, 2, 2, 2, 1, 1, 3, 0, 2, 2, 1, 1,
       3, 1, 1], dtype=object)]
[146, array([-16.,  -8.,  -8.,   0.]), array([1, 2, 2, 3, 3, 2, 0, 1, 1, 3, 3, 2, 2, 2, 1, 1, 3, 2, 2, 2, 1, 1,
       3, 1, 1], dtype=object)]
[146, array([-16.,  -8.,  -8.,   0.]), array([1, 2, 2, 3, 3, 2, 0, 1, 1, 3, 3, 2, 2, 2, 1, 1, 3, 2, 2, 2, 1, 1,
       3, 1, 1], dtype=object)]
[146, array([-16.,  -8.,  -8.,   0.]), array([1, 2, 2, 3, 3, 2, 0, 1, 1, 3, 3, 2, 2, 2, 1, 1, 3, 2, 2, 2, 1, 1,
       3, 1, 1], dtype=object)]
[146, array([-16.,  -8.,  -8.,   0.]), array([1, 2, 2, 3, 3, 2, 0, 1, 1, 3, 3, 2, 2, 2, 1, 1, 3, 2, 2, 2, 1, 1,
       3, 1, 1], dtype=object)]
[147, array([-16.,  -8.,  -8.,   0.]), array([1, 2, 2, 3, 3, 2, 0, 1, 1, 3, 3, 2, 2, 2, 1, 1, 0, 0, 2, 2, 1, 1,
       3, 1, 1], dtype=object)]
[147, array([-16.,  -8.,  -8.,   0.]), array([1, 2, 2, 3, 3, 2, 0, 1, 1, 3, 3, 2, 2, 2, 1, 1, 0, 0, 2, 2, 1, 1,
       3, 1, 1], dtype=object)]
[147, array([-16.,  -8.,  -8.,   0.]), array([1, 2, 2, 3, 3, 2, 0, 1, 1, 3, 3, 2, 2, 2, 1, 1, 0, 0, 2, 2, 1, 1,
       3, 1, 1], dtype=object)]
[147, array([-16.,  -8.,  -8.,   0.]), array([1, 2, 2, 3, 3, 2, 0, 1, 1, 3, 3, 2, 2, 2, 1, 1, 0, 0, 2, 2, 1, 1,
       3, 1, 1], dtype=object)]
[148, array([-16.,  -8.,  -8.,   0.]), array([1, 2, 2, 3, 3, 2, 0, 1, 1, 3, 3, 2, 2, 2, 1, 1, 3, 2, 1, 2, 1, 1,
       3, 1, 1], dtype=object)]
[148, array([-16.,  -8.,  -8.,   0.]), array([1, 2, 2, 3, 3, 2, 0, 1, 1, 3, 3, 2, 2, 2, 1, 1, 3, 2, 1, 2, 1, 1,
       3, 1, 1], dtype=object)]
[148, array([-16.,  -8.,  -8.,   0.]), array([1, 2, 2, 3, 3, 2, 0, 1, 1, 3, 3, 2, 2, 2, 1, 1, 3, 2, 1, 2, 1, 1,
       3, 1, 1], dtype=object)]
[148, array([-16.,  -8.,  -8.,   0.]), array([1, 2, 2, 3, 3, 2, 0, 1, 1, 3, 3, 2, 2, 2, 1, 1, 3, 2, 1, 2, 1, 1,
       3, 1, 1], dtype=object)]
[149, array([-16.,  -8.,  -8.,   0.]), array([1, 2, 2, 3, 3, 2, 0, 1, 1, 3, 3, 2, 2, 2, 1, 1, 3, 1, 2, 2, 1, 3,
       3, 1, 1], dtype=object)]
[149, array([-16.,  -8.,  -8.,   0.]), array([1, 2, 2, 3, 3, 2, 0, 1, 1, 3, 3, 2, 2, 2, 1, 1, 3, 1, 2, 2, 1, 3,
       3, 1, 1], dtype=object)]
[149, array([-16.,  -8.,  -8.,   0.]), array([1, 2, 2, 3, 3, 2, 0, 1, 1, 3, 3, 2, 2, 2, 1, 1, 3, 1, 2, 2, 1, 3,
       3, 1, 1], dtype=object)]
[149, array([-16.,  -8.,  -8.,   0.]), array([1, 2, 2, 3, 3, 2, 0, 1, 1, 3, 3, 2, 2, 2, 1, 1, 3, 1, 2, 2, 1, 3,
       3, 1, 1], dtype=object)]
[150, array([-16.,  -8.,  -8.,   0.]), array([1, 2, 2, 3, 3, 2, 0, 1, 1, 3, 3, 2, 2, 2, 1, 1, 3, 1, 2, 2, 1, 3,
       3, 1, 1], dtype=object)]
[150, array([-16.,  -8.,  -8.,   0.]), array([1, 2, 2, 3, 3, 2, 0, 1, 1, 3, 3, 2, 2, 2, 1, 1, 3, 1, 2, 2, 1, 3,
       3, 1, 1], dtype=object)]
[150, array([-16.,  -8.,  -8.,   0.]), array([1, 2, 2, 3, 3, 2, 0, 1, 1, 3, 3, 2, 2, 2, 1, 1, 3, 1, 2, 2, 1, 3,
       3, 1, 1], dtype=object)]
[150, array([-16.,  -8.,  -8.,   0.]), array([1, 2, 2, 3, 3, 2, 0, 1, 1, 3, 3, 2, 2, 2, 1, 1, 3, 1, 2, 2, 1, 3,
       3, 1, 1], dtype=object)]
[151, array([-16.,  -8.,  -8.,   0.]), array([3, 2, 2, 3, 3, 1, 0, 1, 1, 3, 3, 2, 2, 2, 1, 1, 3, 0, 2, 2, 1, 1,
       3, 1, 1], dtype=object)]
[151, array([-16.,  -8.,  -8.,   0.]), array([3, 2, 2, 3, 3, 1, 0, 1, 1, 3, 3, 2, 2, 2, 1, 1, 3, 0, 2, 2, 1, 1,
       3, 1, 1], dtype=object)]
[151, array([-16.,  -8.,  -8.,   0.]), array([3, 2, 2, 3, 3, 1, 0, 1, 1, 3, 3, 2, 2, 2, 1, 1, 3, 0, 2, 2, 1, 1,
       3, 1, 1], dtype=object)]
[151, array([-16.,  -8.,  -8.,   0.]), array([3, 2, 2, 3, 3, 1, 0, 1, 1, 3, 3, 2, 2, 2, 1, 1, 3, 0, 2, 2, 1, 1,
       3, 1, 1], dtype=object)]
[152, array([-16.,  -8.,  -8.,   0.]), array([3, 2, 2, 3, 3, 1, 0, 1, 1, 3, 3, 2, 2, 2, 1, 1, 3, 0, 1, 2, 1, 1,
       3, 1, 1], dtype=object)]
[152, array([-16.,  -8.,  -8.,   0.]), array([3, 2, 2, 3, 3, 1, 0, 1, 1, 3, 3, 2, 2, 2, 1, 1, 3, 0, 1, 2, 1, 1,
       3, 1, 1], dtype=object)]
[152, array([-16.,  -8.,  -8.,   0.]), array([3, 2, 2, 3, 3, 1, 0, 1, 1, 3, 3, 2, 2, 2, 1, 1, 3, 0, 1, 2, 1, 1,
       3, 1, 1], dtype=object)]
[152, array([-16.,  -8.,  -8.,   0.]), array([3, 2, 2, 3, 3, 1, 0, 1, 1, 3, 3, 2, 2, 2, 1, 1, 3, 0, 1, 2, 1, 1,
       3, 1, 1], dtype=object)]
[153, array([-16.,  -8.,  -8.,   0.]), array([1, 2, 2, 3, 3, 2, 0, 1, 1, 3, 3, 2, 2, 2, 1, 1, 0, 0, 2, 2, 1, 1,
       3, 1, 1], dtype=object)]
[153, array([-16.,  -8.,  -8.,   0.]), array([1, 2, 2, 3, 3, 2, 0, 1, 1, 3, 3, 2, 2, 2, 1, 1, 0, 0, 2, 2, 1, 1,
       3, 1, 1], dtype=object)]
[153, array([-16.,  -8.,  -8.,   0.]), array([1, 2, 2, 3, 3, 2, 0, 1, 1, 3, 3, 2, 2, 2, 1, 1, 0, 0, 2, 2, 1, 1,
       3, 1, 1], dtype=object)]
[153, array([-16.,  -8.,  -8.,   0.]), array([1, 2, 2, 3, 3, 2, 0, 1, 1, 3, 3, 2, 2, 2, 1, 1, 0, 0, 2, 2, 1, 1,
       3, 1, 1], dtype=object)]
[154, array([-16.,  -8.,  -8.,   0.]), array([3, 2, 2, 3, 3, 2, 0, 1, 1, 3, 3, 2, 2, 2, 1, 1, 3, 0, 2, 2, 1, 3,
       3, 1, 1], dtype=object)]
[154, array([-16.,  -8.,  -8.,   0.]), array([3, 2, 2, 3, 3, 2, 0, 1, 1, 3, 3, 2, 2, 2, 1, 1, 3, 0, 2, 2, 1, 3,
       3, 1, 1], dtype=object)]
[154, array([-16.,  -8.,  -8.,   0.]), array([3, 2, 2, 3, 3, 2, 0, 1, 1, 3, 3, 2, 2, 2, 1, 1, 3, 0, 2, 2, 1, 3,
       3, 1, 1], dtype=object)]
[154, array([-16.,  -8.,  -8.,   0.]), array([3, 2, 2, 3, 3, 2, 0, 1, 1, 3, 3, 2, 2, 2, 1, 1, 3, 0, 2, 2, 1, 3,
       3, 1, 1], dtype=object)]
[155, array([-16.,  -8.,  -8.,   0.]), array([3, 2, 2, 3, 3, 1, 0, 1, 1, 3, 3, 2, 2, 2, 1, 1, 3, 0, 2, 2, 1, 1,
       3, 1, 1], dtype=object)]
[155, array([-16.,  -8.,  -8.,   0.]), array([3, 2, 2, 3, 3, 1, 0, 1, 1, 3, 3, 2, 2, 2, 1, 1, 3, 0, 2, 2, 1, 1,
       3, 1, 1], dtype=object)]
[155, array([-16.,  -8.,  -8.,   0.]), array([3, 2, 2, 3, 3, 1, 0, 1, 1, 3, 3, 2, 2, 2, 1, 1, 3, 0, 2, 2, 1, 1,
       3, 1, 1], dtype=object)]
[155, array([-16.,  -8.,  -8.,   0.]), array([3, 2, 2, 3, 3, 1, 0, 1, 1, 3, 3, 2, 2, 2, 1, 1, 3, 0, 2, 2, 1, 1,
       3, 1, 1], dtype=object)]
[156, array([-16.,  -8.,  -8.,   0.]), array([3, 2, 2, 3, 3, 3, 0, 1, 1, 3, 3, 2, 2, 2, 1, 1, 0, 0, 2, 2, 1, 3,
       3, 1, 1], dtype=object)]
[156, array([-16.,  -8.,  -8.,   0.]), array([3, 2, 2, 3, 3, 3, 0, 1, 1, 3, 3, 2, 2, 2, 1, 1, 0, 0, 2, 2, 1, 3,
       3, 1, 1], dtype=object)]
[156, array([-16.,  -8.,  -8.,   0.]), array([3, 2, 2, 3, 3, 3, 0, 1, 1, 3, 3, 2, 2, 2, 1, 1, 0, 0, 2, 2, 1, 3,
       3, 1, 1], dtype=object)]
[156, array([-16.,  -8.,  -8.,   0.]), array([3, 2, 2, 3, 3, 3, 0, 1, 1, 3, 3, 2, 2, 2, 1, 1, 0, 0, 2, 2, 1, 3,
       3, 1, 1], dtype=object)]
[157, array([-16.,  -8.,  -8.,   0.]), array([1, 2, 2, 3, 3, 2, 0, 1, 1, 3, 3, 2, 2, 2, 1, 1, 0, 0, 2, 2, 1, 1,
       3, 1, 1], dtype=object)]
[157, array([-16.,  -8.,  -8.,   0.]), array([1, 2, 2, 3, 3, 2, 0, 1, 1, 3, 3, 2, 2, 2, 1, 1, 0, 0, 2, 2, 1, 1,
       3, 1, 1], dtype=object)]
[157, array([-16.,  -8.,  -8.,   0.]), array([1, 2, 2, 3, 3, 2, 0, 1, 1, 3, 3, 2, 2, 2, 1, 1, 0, 0, 2, 2, 1, 1,
       3, 1, 1], dtype=object)]
[157, array([-16.,  -8.,  -8.,   0.]), array([1, 2, 2, 3, 3, 2, 0, 1, 1, 3, 3, 2, 2, 2, 1, 1, 0, 0, 2, 2, 1, 1,
       3, 1, 1], dtype=object)]
[158, array([-16.,  -8.,  -8.,   0.]), array([1, 2, 2, 3, 3, 1, 0, 1, 1, 3, 3, 2, 2, 2, 1, 1, 3, 0, 3, 2, 1, 1,
       3, 1, 1], dtype=object)]
[158, array([-16.,  -8.,  -8.,   0.]), array([1, 2, 2, 3, 3, 1, 0, 1, 1, 3, 3, 2, 2, 2, 1, 1, 3, 0, 3, 2, 1, 1,
       3, 1, 1], dtype=object)]
[158, array([-16.,  -8.,  -8.,   0.]), array([1, 2, 2, 3, 3, 1, 0, 1, 1, 3, 3, 2, 2, 2, 1, 1, 3, 0, 3, 2, 1, 1,
       3, 1, 1], dtype=object)]
[158, array([-16.,  -8.,  -8.,   0.]), array([1, 2, 2, 3, 3, 1, 0, 1, 1, 3, 3, 2, 2, 2, 1, 1, 3, 0, 3, 2, 1, 1,
       3, 1, 1], dtype=object)]
[159, array([-16.,  -8.,  -8.,   0.]), array([1, 2, 2, 3, 3, 1, 0, 1, 1, 3, 3, 2, 2, 2, 1, 1, 3, 0, 2, 2, 1, 1,
       3, 1, 1], dtype=object)]
[159, array([-16.,  -8.,  -8.,   0.]), array([1, 2, 2, 3, 3, 1, 0, 1, 1, 3, 3, 2, 2, 2, 1, 1, 3, 0, 2, 2, 1, 1,
       3, 1, 1], dtype=object)]
[159, array([-16.,  -8.,  -8.,   0.]), array([1, 2, 2, 3, 3, 1, 0, 1, 1, 3, 3, 2, 2, 2, 1, 1, 3, 0, 2, 2, 1, 1,
       3, 1, 1], dtype=object)]
[159, array([-16.,  -8.,  -8.,   0.]), array([1, 2, 2, 3, 3, 1, 0, 1, 1, 3, 3, 2, 2, 2, 1, 1, 3, 0, 2, 2, 1, 1,
       3, 1, 1], dtype=object)]
[160, array([-16.,  -8.,  -8.,   0.]), array([1, 2, 2, 3, 3, 2, 0, 1, 1, 3, 3, 2, 2, 2, 1, 1, 0, 0, 2, 2, 1, 2,
       3, 1, 1], dtype=object)]
[160, array([-16.,  -8.,  -8.,   0.]), array([1, 2, 2, 3, 3, 2, 0, 1, 1, 3, 3, 2, 2, 2, 1, 1, 0, 0, 2, 2, 1, 2,
       3, 1, 1], dtype=object)]
[160, array([-16.,  -8.,  -8.,   0.]), array([1, 2, 2, 3, 3, 2, 0, 1, 1, 3, 3, 2, 2, 2, 1, 1, 0, 0, 2, 2, 1, 2,
       3, 1, 1], dtype=object)]
[160, array([-16.,  -8.,  -8.,   0.]), array([1, 2, 2, 3, 3, 2, 0, 1, 1, 3, 3, 2, 2, 2, 1, 1, 0, 0, 2, 2, 1, 2,
       3, 1, 1], dtype=object)]
[161, array([-16.,  -8.,  -8.,   0.]), array([1, 2, 2, 3, 3, 2, 0, 1, 1, 3, 3, 2, 2, 2, 1, 1, 0, 0, 2, 2, 1, 1,
       3, 1, 1], dtype=object)]
[161, array([-16.,  -8.,  -8.,   0.]), array([1, 2, 2, 3, 3, 2, 0, 1, 1, 3, 3, 2, 2, 2, 1, 1, 0, 0, 2, 2, 1, 1,
       3, 1, 1], dtype=object)]
[161, array([-16.,  -8.,  -8.,   0.]), array([1, 2, 2, 3, 3, 2, 0, 1, 1, 3, 3, 2, 2, 2, 1, 1, 0, 0, 2, 2, 1, 1,
       3, 1, 1], dtype=object)]
[161, array([-16.,  -8.,  -8.,   0.]), array([1, 2, 2, 3, 3, 2, 0, 1, 1, 3, 3, 2, 2, 2, 1, 1, 0, 0, 2, 2, 1, 1,
       3, 1, 1], dtype=object)]
[162, array([-16.,  -8.,  -8.,   0.]), array([1, 2, 2, 3, 3, 1, 0, 1, 1, 3, 3, 2, 2, 2, 1, 1, 2, 3, 2, 2, 1, 1,
       3, 1, 1], dtype=object)]
[162, array([-16.,  -8.,  -8.,   0.]), array([1, 2, 2, 3, 3, 1, 0, 1, 1, 3, 3, 2, 2, 2, 1, 1, 2, 3, 2, 2, 1, 1,
       3, 1, 1], dtype=object)]
[162, array([-16.,  -8.,  -8.,   0.]), array([1, 2, 2, 3, 3, 1, 0, 1, 1, 3, 3, 2, 2, 2, 1, 1, 2, 3, 2, 2, 1, 1,
       3, 1, 1], dtype=object)]
[162, array([-16.,  -8.,  -8.,   0.]), array([1, 2, 2, 3, 3, 1, 0, 1, 1, 3, 3, 2, 2, 2, 1, 1, 2, 3, 2, 2, 1, 1,
       3, 1, 1], dtype=object)]
[163, array([-16.,  -8.,  -8.,   0.]), array([1, 2, 2, 3, 3, 1, 0, 1, 1, 3, 3, 2, 2, 2, 1, 1, 0, 0, 2, 2, 1, 1,
       3, 1, 1], dtype=object)]
[163, array([-16.,  -8.,  -8.,   0.]), array([1, 2, 2, 3, 3, 1, 0, 1, 1, 3, 3, 2, 2, 2, 1, 1, 0, 0, 2, 2, 1, 1,
       3, 1, 1], dtype=object)]
[163, array([-16.,  -8.,  -8.,   0.]), array([1, 2, 2, 3, 3, 1, 0, 1, 1, 3, 3, 2, 2, 2, 1, 1, 0, 0, 2, 2, 1, 1,
       3, 1, 1], dtype=object)]
[163, array([-16.,  -8.,  -8.,   0.]), array([1, 2, 2, 3, 3, 1, 0, 1, 1, 3, 3, 2, 2, 2, 1, 1, 0, 0, 2, 2, 1, 1,
       3, 1, 1], dtype=object)]
[164, array([-16.,  -8.,  -8.,   0.]), array([3, 2, 2, 3, 3, 2, 0, 1, 1, 3, 3, 2, 2, 2, 1, 1, 0, 0, 2, 2, 1, 2,
       3, 1, 1], dtype=object)]
[164, array([-16.,  -8.,  -8.,   0.]), array([3, 2, 2, 3, 3, 2, 0, 1, 1, 3, 3, 2, 2, 2, 1, 1, 0, 0, 2, 2, 1, 2,
       3, 1, 1], dtype=object)]
[164, array([-16.,  -8.,  -8.,   0.]), array([3, 2, 2, 3, 3, 2, 0, 1, 1, 3, 3, 2, 2, 2, 1, 1, 0, 0, 2, 2, 1, 2,
       3, 1, 1], dtype=object)]
[164, array([-16.,  -8.,  -8.,   0.]), array([3, 2, 2, 3, 3, 2, 0, 1, 1, 3, 3, 2, 2, 2, 1, 1, 0, 0, 2, 2, 1, 2,
       3, 1, 1], dtype=object)]
[165, array([-16.,  -8.,  -8.,   0.]), array([1, 2, 2, 3, 3, 1, 0, 1, 1, 3, 3, 2, 2, 2, 1, 1, 0, 0, 2, 2, 1, 1,
       3, 1, 1], dtype=object)]
[165, array([-16.,  -8.,  -8.,   0.]), array([1, 2, 2, 3, 3, 1, 0, 1, 1, 3, 3, 2, 2, 2, 1, 1, 0, 0, 2, 2, 1, 1,
       3, 1, 1], dtype=object)]
[165, array([-16.,  -8.,  -8.,   0.]), array([1, 2, 2, 3, 3, 1, 0, 1, 1, 3, 3, 2, 2, 2, 1, 1, 0, 0, 2, 2, 1, 1,
       3, 1, 1], dtype=object)]
[165, array([-16.,  -8.,  -8.,   0.]), array([1, 2, 2, 3, 3, 1, 0, 1, 1, 3, 3, 2, 2, 2, 1, 1, 0, 0, 2, 2, 1, 1,
       3, 1, 1], dtype=object)]
[166, array([-16.,  -8.,  -8.,   0.]), array([1, 2, 2, 3, 3, 2, 0, 1, 1, 3, 3, 2, 2, 2, 1, 1, 2, 0, 2, 2, 1, 2,
       3, 1, 1], dtype=object)]
[166, array([-16.,  -8.,  -8.,   0.]), array([1, 2, 2, 3, 3, 2, 0, 1, 1, 3, 3, 2, 2, 2, 1, 1, 2, 0, 2, 2, 1, 2,
       3, 1, 1], dtype=object)]
[166, array([-16.,  -8.,  -8.,   0.]), array([1, 2, 2, 3, 3, 2, 0, 1, 1, 3, 3, 2, 2, 2, 1, 1, 2, 0, 2, 2, 1, 2,
       3, 1, 1], dtype=object)]
[166, array([-16.,  -8.,  -8.,   0.]), array([1, 2, 2, 3, 3, 2, 0, 1, 1, 3, 3, 2, 2, 2, 1, 1, 2, 0, 2, 2, 1, 2,
       3, 1, 1], dtype=object)]
[167, array([-16.,  -8.,  -8.,   0.]), array([1, 2, 2, 3, 3, 1, 0, 1, 1, 3, 3, 2, 2, 2, 1, 1, 0, 0, 2, 2, 1, 1,
       3, 1, 1], dtype=object)]
[167, array([-16.,  -8.,  -8.,   0.]), array([1, 2, 2, 3, 3, 1, 0, 1, 1, 3, 3, 2, 2, 2, 1, 1, 0, 0, 2, 2, 1, 1,
       3, 1, 1], dtype=object)]
[167, array([-16.,  -8.,  -8.,   0.]), array([1, 2, 2, 3, 3, 1, 0, 1, 1, 3, 3, 2, 2, 2, 1, 1, 0, 0, 2, 2, 1, 1,
       3, 1, 1], dtype=object)]
[167, array([-16.,  -8.,  -8.,   0.]), array([1, 2, 2, 3, 3, 1, 0, 1, 1, 3, 3, 2, 2, 2, 1, 1, 0, 0, 2, 2, 1, 1,
       3, 1, 1], dtype=object)]
[168, array([-16.,  -8.,  -8.,   0.]), array([1, 2, 2, 3, 3, 0, 0, 1, 1, 3, 3, 2, 2, 2, 1, 1, 0, 0, 2, 2, 1, 1,
       3, 1, 1], dtype=object)]
[168, array([-16.,  -8.,  -8.,   0.]), array([1, 2, 2, 3, 3, 0, 0, 1, 1, 3, 3, 2, 2, 2, 1, 1, 0, 0, 2, 2, 1, 1,
       3, 1, 1], dtype=object)]
[168, array([-16.,  -8.,  -8.,   0.]), array([1, 2, 2, 3, 3, 0, 0, 1, 1, 3, 3, 2, 2, 2, 1, 1, 0, 0, 2, 2, 1, 1,
       3, 1, 1], dtype=object)]
[168, array([-16.,  -8.,  -8.,   0.]), array([1, 2, 2, 3, 3, 0, 0, 1, 1, 3, 3, 2, 2, 2, 1, 1, 0, 0, 2, 2, 1, 1,
       3, 1, 1], dtype=object)]
[169, array([-16.,  -8.,  -8.,   0.]), array([1, 2, 2, 3, 3, 1, 0, 1, 1, 3, 3, 2, 2, 2, 1, 1, 2, 0, 2, 2, 1, 1,
       3, 1, 1], dtype=object)]
[169, array([-16.,  -8.,  -8.,   0.]), array([1, 2, 2, 3, 3, 1, 0, 1, 1, 3, 3, 2, 2, 2, 1, 1, 2, 0, 2, 2, 1, 1,
       3, 1, 1], dtype=object)]
[169, array([-16.,  -8.,  -8.,   0.]), array([1, 2, 2, 3, 3, 1, 0, 1, 1, 3, 3, 2, 2, 2, 1, 1, 2, 0, 2, 2, 1, 1,
       3, 1, 1], dtype=object)]
[169, array([-16.,  -8.,  -8.,   0.]), array([1, 2, 2, 3, 3, 1, 0, 1, 1, 3, 3, 2, 2, 2, 1, 1, 2, 0, 2, 2, 1, 1,
       3, 1, 1], dtype=object)]
[170, array([-16.,  -8.,  -8.,   0.]), array([1, 2, 2, 3, 3, 1, 0, 1, 1, 3, 3, 2, 2, 2, 1, 1, 2, 0, 2, 2, 1, 1,
       3, 1, 1], dtype=object)]
[170, array([-16.,  -8.,  -8.,   0.]), array([1, 2, 2, 3, 3, 1, 0, 1, 1, 3, 3, 2, 2, 2, 1, 1, 2, 0, 2, 2, 1, 1,
       3, 1, 1], dtype=object)]
[170, array([-16.,  -8.,  -8.,   0.]), array([1, 2, 2, 3, 3, 1, 0, 1, 1, 3, 3, 2, 2, 2, 1, 1, 2, 0, 2, 2, 1, 1,
       3, 1, 1], dtype=object)]
[170, array([-16.,  -8.,  -8.,   0.]), array([1, 2, 2, 3, 3, 1, 0, 1, 1, 3, 3, 2, 2, 2, 1, 1, 2, 0, 2, 2, 1, 1,
       3, 1, 1], dtype=object)]
[171, array([-16.,  -8.,  -8.,   0.]), array([1, 2, 2, 3, 3, 1, 0, 1, 1, 3, 3, 2, 2, 2, 1, 1, 0, 0, 2, 2, 1, 1,
       3, 1, 1], dtype=object)]
[171, array([-16.,  -8.,  -8.,   0.]), array([1, 2, 2, 3, 3, 1, 0, 1, 1, 3, 3, 2, 2, 2, 1, 1, 0, 0, 2, 2, 1, 1,
       3, 1, 1], dtype=object)]
[171, array([-16.,  -8.,  -8.,   0.]), array([1, 2, 2, 3, 3, 1, 0, 1, 1, 3, 3, 2, 2, 2, 1, 1, 0, 0, 2, 2, 1, 1,
       3, 1, 1], dtype=object)]
[171, array([-16.,  -8.,  -8.,   0.]), array([1, 2, 2, 3, 3, 1, 0, 1, 1, 3, 3, 2, 2, 2, 1, 1, 0, 0, 2, 2, 1, 1,
       3, 1, 1], dtype=object)]
[172, array([-16.,  -8.,  -8.,   0.]), array([3, 2, 2, 3, 3, 1, 0, 1, 1, 3, 3, 2, 2, 2, 1, 1, 3, 0, 2, 2, 1, 1,
       3, 1, 1], dtype=object)]
[172, array([-16.,  -8.,  -8.,   0.]), array([3, 2, 2, 3, 3, 1, 0, 1, 1, 3, 3, 2, 2, 2, 1, 1, 3, 0, 2, 2, 1, 1,
       3, 1, 1], dtype=object)]
[172, array([-16.,  -8.,  -8.,   0.]), array([3, 2, 2, 3, 3, 1, 0, 1, 1, 3, 3, 2, 2, 2, 1, 1, 3, 0, 2, 2, 1, 1,
       3, 1, 1], dtype=object)]
[172, array([-16.,  -8.,  -8.,   0.]), array([3, 2, 2, 3, 3, 1, 0, 1, 1, 3, 3, 2, 2, 2, 1, 1, 3, 0, 2, 2, 1, 1,
       3, 1, 1], dtype=object)]
[173, array([-16.,  -8.,  -8.,   0.]), array([1, 2, 2, 3, 3, 1, 0, 1, 1, 3, 3, 2, 2, 2, 1, 1, 0, 0, 2, 2, 1, 1,
       3, 1, 1], dtype=object)]
[173, array([-16.,  -8.,  -8.,   0.]), array([1, 2, 2, 3, 3, 1, 0, 1, 1, 3, 3, 2, 2, 2, 1, 1, 0, 0, 2, 2, 1, 1,
       3, 1, 1], dtype=object)]
[173, array([-16.,  -8.,  -8.,   0.]), array([1, 2, 2, 3, 3, 1, 0, 1, 1, 3, 3, 2, 2, 2, 1, 1, 0, 0, 2, 2, 1, 1,
       3, 1, 1], dtype=object)]
[173, array([-16.,  -8.,  -8.,   0.]), array([1, 2, 2, 3, 3, 1, 0, 1, 1, 3, 3, 2, 2, 2, 1, 1, 0, 0, 2, 2, 1, 1,
       3, 1, 1], dtype=object)]
[174, array([-16.,  -8.,  -8.,   0.]), array([3, 2, 2, 3, 3, 2, 0, 1, 1, 3, 3, 2, 2, 2, 1, 1, 2, 0, 2, 2, 1, 1,
       3, 1, 1], dtype=object)]
[174, array([-16.,  -8.,  -8.,   0.]), array([3, 2, 2, 3, 3, 2, 0, 1, 1, 3, 3, 2, 2, 2, 1, 1, 2, 0, 2, 2, 1, 1,
       3, 1, 1], dtype=object)]
[174, array([-16.,  -8.,  -8.,   0.]), array([3, 2, 2, 3, 3, 2, 0, 1, 1, 3, 3, 2, 2, 2, 1, 1, 2, 0, 2, 2, 1, 1,
       3, 1, 1], dtype=object)]
[174, array([-16.,  -8.,  -8.,   0.]), array([3, 2, 2, 3, 3, 2, 0, 1, 1, 3, 3, 2, 2, 2, 1, 1, 2, 0, 2, 2, 1, 1,
       3, 1, 1], dtype=object)]
[175, array([-16.,  -8.,  -8.,   0.]), array([1, 2, 2, 3, 3, 1, 0, 1, 1, 3, 3, 2, 2, 2, 1, 1, 3, 0, 2, 2, 1, 1,
       3, 1, 1], dtype=object)]
[175, array([-16.,  -8.,  -8.,   0.]), array([1, 2, 2, 3, 3, 1, 0, 1, 1, 3, 3, 2, 2, 2, 1, 1, 3, 0, 2, 2, 1, 1,
       3, 1, 1], dtype=object)]
[175, array([-16.,  -8.,  -8.,   0.]), array([1, 2, 2, 3, 3, 1, 0, 1, 1, 3, 3, 2, 2, 2, 1, 1, 3, 0, 2, 2, 1, 1,
       3, 1, 1], dtype=object)]
[175, array([-16.,  -8.,  -8.,   0.]), array([1, 2, 2, 3, 3, 1, 0, 1, 1, 3, 3, 2, 2, 2, 1, 1, 3, 0, 2, 2, 1, 1,
       3, 1, 1], dtype=object)]
[176, array([-16.,  -8.,  -8.,   0.]), array([1, 2, 2, 3, 3, 2, 0, 1, 1, 3, 3, 2, 2, 2, 1, 1, 3, 0, 0, 2, 1, 1,
       3, 1, 1], dtype=object)]
[176, array([-16.,  -8.,  -8.,   0.]), array([1, 2, 2, 3, 3, 2, 0, 1, 1, 3, 3, 2, 2, 2, 1, 1, 3, 0, 0, 2, 1, 1,
       3, 1, 1], dtype=object)]
[176, array([-16.,  -8.,  -8.,   0.]), array([1, 2, 2, 3, 3, 2, 0, 1, 1, 3, 3, 2, 2, 2, 1, 1, 3, 0, 0, 2, 1, 1,
       3, 1, 1], dtype=object)]
[176, array([-16.,  -8.,  -8.,   0.]), array([1, 2, 2, 3, 3, 2, 0, 1, 1, 3, 3, 2, 2, 2, 1, 1, 3, 0, 0, 2, 1, 1,
       3, 1, 1], dtype=object)]
[177, array([-16.,  -8.,  -8.,   0.]), array([1, 2, 2, 3, 3, 1, 0, 1, 1, 3, 3, 2, 2, 2, 1, 1, 0, 0, 2, 2, 1, 1,
       3, 1, 1], dtype=object)]
[177, array([-16.,  -8.,  -8.,   0.]), array([1, 2, 2, 3, 3, 1, 0, 1, 1, 3, 3, 2, 2, 2, 1, 1, 0, 0, 2, 2, 1, 1,
       3, 1, 1], dtype=object)]
[177, array([-16.,  -8.,  -8.,   0.]), array([1, 2, 2, 3, 3, 1, 0, 1, 1, 3, 3, 2, 2, 2, 1, 1, 0, 0, 2, 2, 1, 1,
       3, 1, 1], dtype=object)]
[177, array([-16.,  -8.,  -8.,   0.]), array([1, 2, 2, 3, 3, 1, 0, 1, 1, 3, 3, 2, 2, 2, 1, 1, 0, 0, 2, 2, 1, 1,
       3, 1, 1], dtype=object)]
[178, array([-16.,  -8.,  -8.,   0.]), array([3, 2, 2, 3, 3, 1, 0, 1, 1, 3, 3, 2, 2, 2, 1, 1, 0, 0, 2, 2, 1, 3,
       3, 1, 1], dtype=object)]
[178, array([-16.,  -8.,  -8.,   0.]), array([3, 2, 2, 3, 3, 1, 0, 1, 1, 3, 3, 2, 2, 2, 1, 1, 0, 0, 2, 2, 1, 3,
       3, 1, 1], dtype=object)]
[178, array([-16.,  -8.,  -8.,   0.]), array([3, 2, 2, 3, 3, 1, 0, 1, 1, 3, 3, 2, 2, 2, 1, 1, 0, 0, 2, 2, 1, 3,
       3, 1, 1], dtype=object)]
[178, array([-16.,  -8.,  -8.,   0.]), array([3, 2, 2, 3, 3, 1, 0, 1, 1, 3, 3, 2, 2, 2, 1, 1, 0, 0, 2, 2, 1, 3,
       3, 1, 1], dtype=object)]
[179, array([-16.,  -8.,  -8.,   0.]), array([3, 2, 2, 3, 3, 1, 0, 1, 1, 3, 3, 2, 2, 2, 1, 1, 0, 0, 2, 2, 1, 1,
       3, 1, 1], dtype=object)]
[179, array([-16.,  -8.,  -8.,   0.]), array([3, 2, 2, 3, 3, 1, 0, 1, 1, 3, 3, 2, 2, 2, 1, 1, 0, 0, 2, 2, 1, 1,
       3, 1, 1], dtype=object)]
[179, array([-16.,  -8.,  -8.,   0.]), array([3, 2, 2, 3, 3, 1, 0, 1, 1, 3, 3, 2, 2, 2, 1, 1, 0, 0, 2, 2, 1, 1,
       3, 1, 1], dtype=object)]
[179, array([-16.,  -8.,  -8.,   0.]), array([3, 2, 2, 3, 3, 1, 0, 1, 1, 3, 3, 2, 2, 2, 1, 1, 0, 0, 2, 2, 1, 1,
       3, 1, 1], dtype=object)]
[180, array([-16.,  -8.,  -8.,   0.]), array([3, 2, 2, 3, 3, 1, 0, 1, 1, 3, 3, 2, 2, 2, 1, 1, 3, 0, 2, 2, 1, 2,
       3, 1, 1], dtype=object)]
[180, array([-16.,  -8.,  -8.,   0.]), array([3, 2, 2, 3, 3, 1, 0, 1, 1, 3, 3, 2, 2, 2, 1, 1, 3, 0, 2, 2, 1, 2,
       3, 1, 1], dtype=object)]
[180, array([-16.,  -8.,  -8.,   0.]), array([3, 2, 2, 3, 3, 1, 0, 1, 1, 3, 3, 2, 2, 2, 1, 1, 3, 0, 2, 2, 1, 2,
       3, 1, 1], dtype=object)]
[180, array([-16.,  -8.,  -8.,   0.]), array([3, 2, 2, 3, 3, 1, 0, 1, 1, 3, 3, 2, 2, 2, 1, 1, 3, 0, 2, 2, 1, 2,
       3, 1, 1], dtype=object)]
[181, array([-16.,  -8.,  -8.,   0.]), array([3, 2, 2, 3, 3, 1, 0, 1, 1, 3, 3, 2, 2, 2, 1, 1, 0, 0, 2, 2, 1, 1,
       3, 1, 1], dtype=object)]
[181, array([-16.,  -8.,  -8.,   0.]), array([3, 2, 2, 3, 3, 1, 0, 1, 1, 3, 3, 2, 2, 2, 1, 1, 0, 0, 2, 2, 1, 1,
       3, 1, 1], dtype=object)]
[181, array([-16.,  -8.,  -8.,   0.]), array([3, 2, 2, 3, 3, 1, 0, 1, 1, 3, 3, 2, 2, 2, 1, 1, 0, 0, 2, 2, 1, 1,
       3, 1, 1], dtype=object)]
[181, array([-16.,  -8.,  -8.,   0.]), array([3, 2, 2, 3, 3, 1, 0, 1, 1, 3, 3, 2, 2, 2, 1, 1, 0, 0, 2, 2, 1, 1,
       3, 1, 1], dtype=object)]
[182, array([-16.,  -8.,  -8.,   0.]), array([3, 2, 2, 3, 3, 1, 0, 1, 1, 3, 3, 2, 2, 2, 1, 1, 3, 0, 1, 2, 1, 1,
       3, 1, 1], dtype=object)]
[182, array([-16.,  -8.,  -8.,   0.]), array([3, 2, 2, 3, 3, 1, 0, 1, 1, 3, 3, 2, 2, 2, 1, 1, 3, 0, 1, 2, 1, 1,
       3, 1, 1], dtype=object)]
[182, array([-16.,  -8.,  -8.,   0.]), array([3, 2, 2, 3, 3, 1, 0, 1, 1, 3, 3, 2, 2, 2, 1, 1, 3, 0, 1, 2, 1, 1,
       3, 1, 1], dtype=object)]
[182, array([-16.,  -8.,  -8.,   0.]), array([3, 2, 2, 3, 3, 1, 0, 1, 1, 3, 3, 2, 2, 2, 1, 1, 3, 0, 1, 2, 1, 1,
       3, 1, 1], dtype=object)]
[183, array([-16.,  -8.,  -8.,   0.]), array([1, 2, 2, 3, 3, 1, 0, 1, 1, 3, 3, 2, 2, 2, 1, 1, 3, 0, 2, 2, 1, 2,
       3, 1, 1], dtype=object)]
[183, array([-16.,  -8.,  -8.,   0.]), array([1, 2, 2, 3, 3, 1, 0, 1, 1, 3, 3, 2, 2, 2, 1, 1, 3, 0, 2, 2, 1, 2,
       3, 1, 1], dtype=object)]
[183, array([-16.,  -8.,  -8.,   0.]), array([1, 2, 2, 3, 3, 1, 0, 1, 1, 3, 3, 2, 2, 2, 1, 1, 3, 0, 2, 2, 1, 2,
       3, 1, 1], dtype=object)]
[183, array([-16.,  -8.,  -8.,   0.]), array([1, 2, 2, 3, 3, 1, 0, 1, 1, 3, 3, 2, 2, 2, 1, 1, 3, 0, 2, 2, 1, 2,
       3, 1, 1], dtype=object)]
[184, array([-16.,  -8.,  -8.,   0.]), array([1, 2, 2, 3, 3, 1, 0, 1, 1, 3, 3, 2, 2, 2, 1, 1, 0, 0, 2, 2, 1, 2,
       3, 1, 1], dtype=object)]
[184, array([-16.,  -8.,  -8.,   0.]), array([1, 2, 2, 3, 3, 1, 0, 1, 1, 3, 3, 2, 2, 2, 1, 1, 0, 0, 2, 2, 1, 2,
       3, 1, 1], dtype=object)]
[184, array([-16.,  -8.,  -8.,   0.]), array([1, 2, 2, 3, 3, 1, 0, 1, 1, 3, 3, 2, 2, 2, 1, 1, 0, 0, 2, 2, 1, 2,
       3, 1, 1], dtype=object)]
[184, array([-16.,  -8.,  -8.,   0.]), array([1, 2, 2, 3, 3, 1, 0, 1, 1, 3, 3, 2, 2, 2, 1, 1, 0, 0, 2, 2, 1, 2,
       3, 1, 1], dtype=object)]
[185, array([-16.,  -8.,  -8.,   0.]), array([1, 2, 2, 3, 3, 1, 0, 1, 1, 3, 3, 2, 2, 2, 1, 1, 0, 0, 2, 2, 1, 1,
       3, 1, 1], dtype=object)]
[185, array([-16.,  -8.,  -8.,   0.]), array([1, 2, 2, 3, 3, 1, 0, 1, 1, 3, 3, 2, 2, 2, 1, 1, 0, 0, 2, 2, 1, 1,
       3, 1, 1], dtype=object)]
[185, array([-16.,  -8.,  -8.,   0.]), array([1, 2, 2, 3, 3, 1, 0, 1, 1, 3, 3, 2, 2, 2, 1, 1, 0, 0, 2, 2, 1, 1,
       3, 1, 1], dtype=object)]
[185, array([-16.,  -8.,  -8.,   0.]), array([1, 2, 2, 3, 3, 1, 0, 1, 1, 3, 3, 2, 2, 2, 1, 1, 0, 0, 2, 2, 1, 1,
       3, 1, 1], dtype=object)]
[186, array([-16.,  -8.,  -8.,   0.]), array([1, 2, 2, 3, 3, 1, 0, 1, 1, 3, 3, 2, 2, 2, 1, 1, 2, 0, 2, 2, 1, 1,
       3, 1, 1], dtype=object)]
[186, array([-16.,  -8.,  -8.,   0.]), array([1, 2, 2, 3, 3, 1, 0, 1, 1, 3, 3, 2, 2, 2, 1, 1, 2, 0, 2, 2, 1, 1,
       3, 1, 1], dtype=object)]
[186, array([-16.,  -8.,  -8.,   0.]), array([1, 2, 2, 3, 3, 1, 0, 1, 1, 3, 3, 2, 2, 2, 1, 1, 2, 0, 2, 2, 1, 1,
       3, 1, 1], dtype=object)]
[186, array([-16.,  -8.,  -8.,   0.]), array([1, 2, 2, 3, 3, 1, 0, 1, 1, 3, 3, 2, 2, 2, 1, 1, 2, 0, 2, 2, 1, 1,
       3, 1, 1], dtype=object)]
[187, array([-16.,  -8.,  -8.,   0.]), array([1, 2, 2, 3, 3, 1, 0, 1, 1, 3, 3, 2, 2, 2, 1, 1, 3, 0, 2, 2, 1, 1,
       3, 1, 1], dtype=object)]
[187, array([-16.,  -8.,  -8.,   0.]), array([1, 2, 2, 3, 3, 1, 0, 1, 1, 3, 3, 2, 2, 2, 1, 1, 3, 0, 2, 2, 1, 1,
       3, 1, 1], dtype=object)]
[187, array([-16.,  -8.,  -8.,   0.]), array([1, 2, 2, 3, 3, 1, 0, 1, 1, 3, 3, 2, 2, 2, 1, 1, 3, 0, 2, 2, 1, 1,
       3, 1, 1], dtype=object)]
[187, array([-16.,  -8.,  -8.,   0.]), array([1, 2, 2, 3, 3, 1, 0, 1, 1, 3, 3, 2, 2, 2, 1, 1, 3, 0, 2, 2, 1, 1,
       3, 1, 1], dtype=object)]
[188, array([-16.,  -8.,  -8.,   0.]), array([3, 2, 2, 3, 3, 1, 0, 1, 1, 3, 3, 2, 2, 2, 1, 1, 3, 0, 2, 2, 1, 1,
       3, 1, 1], dtype=object)]
[188, array([-16.,  -8.,  -8.,   0.]), array([3, 2, 2, 3, 3, 1, 0, 1, 1, 3, 3, 2, 2, 2, 1, 1, 3, 0, 2, 2, 1, 1,
       3, 1, 1], dtype=object)]
[188, array([-16.,  -8.,  -8.,   0.]), array([3, 2, 2, 3, 3, 1, 0, 1, 1, 3, 3, 2, 2, 2, 1, 1, 3, 0, 2, 2, 1, 1,
       3, 1, 1], dtype=object)]
[188, array([-16.,  -8.,  -8.,   0.]), array([3, 2, 2, 3, 3, 1, 0, 1, 1, 3, 3, 2, 2, 2, 1, 1, 3, 0, 2, 2, 1, 1,
       3, 1, 1], dtype=object)]
[189, array([-16.,  -8.,  -8.,   0.]), array([1, 2, 2, 3, 3, 1, 0, 1, 1, 3, 3, 2, 2, 2, 1, 1, 3, 0, 1, 2, 1, 1,
       3, 1, 1], dtype=object)]
[189, array([-16.,  -8.,  -8.,   0.]), array([1, 2, 2, 3, 3, 1, 0, 1, 1, 3, 3, 2, 2, 2, 1, 1, 3, 0, 1, 2, 1, 1,
       3, 1, 1], dtype=object)]
[189, array([-16.,  -8.,  -8.,   0.]), array([1, 2, 2, 3, 3, 1, 0, 1, 1, 3, 3, 2, 2, 2, 1, 1, 3, 0, 1, 2, 1, 1,
       3, 1, 1], dtype=object)]
[189, array([-16.,  -8.,  -8.,   0.]), array([1, 2, 2, 3, 3, 1, 0, 1, 1, 3, 3, 2, 2, 2, 1, 1, 3, 0, 1, 2, 1, 1,
       3, 1, 1], dtype=object)]
[190, array([-16.,  -8.,  -8.,   0.]), array([1, 2, 2, 3, 3, 0, 0, 1, 1, 3, 3, 2, 2, 2, 1, 1, 3, 0, 2, 2, 1, 1,
       3, 1, 1], dtype=object)]
[190, array([-16.,  -8.,  -8.,   0.]), array([1, 2, 2, 3, 3, 0, 0, 1, 1, 3, 3, 2, 2, 2, 1, 1, 3, 0, 2, 2, 1, 1,
       3, 1, 1], dtype=object)]
[190, array([-16.,  -8.,  -8.,   0.]), array([1, 2, 2, 3, 3, 0, 0, 1, 1, 3, 3, 2, 2, 2, 1, 1, 3, 0, 2, 2, 1, 1,
       3, 1, 1], dtype=object)]
[190, array([-16.,  -8.,  -8.,   0.]), array([1, 2, 2, 3, 3, 0, 0, 1, 1, 3, 3, 2, 2, 2, 1, 1, 3, 0, 2, 2, 1, 1,
       3, 1, 1], dtype=object)]
[191, array([-16.,  -8.,  -8.,   0.]), array([1, 2, 2, 3, 3, 1, 0, 1, 1, 3, 3, 2, 2, 2, 1, 1, 0, 0, 2, 2, 1, 1,
       3, 1, 1], dtype=object)]
[191, array([-16.,  -8.,  -8.,   0.]), array([1, 2, 2, 3, 3, 1, 0, 1, 1, 3, 3, 2, 2, 2, 1, 1, 0, 0, 2, 2, 1, 1,
       3, 1, 1], dtype=object)]
[191, array([-16.,  -8.,  -8.,   0.]), array([1, 2, 2, 3, 3, 1, 0, 1, 1, 3, 3, 2, 2, 2, 1, 1, 0, 0, 2, 2, 1, 1,
       3, 1, 1], dtype=object)]
[191, array([-16.,  -8.,  -8.,   0.]), array([1, 2, 2, 3, 3, 1, 0, 1, 1, 3, 3, 2, 2, 2, 1, 1, 0, 0, 2, 2, 1, 1,
       3, 1, 1], dtype=object)]
[192, array([-16.,  -8.,  -8.,   0.]), array([1, 2, 2, 3, 3, 0, 0, 1, 1, 3, 3, 2, 2, 2, 1, 1, 0, 0, 2, 2, 1, 1,
       3, 1, 1], dtype=object)]
[192, array([-16.,  -8.,  -8.,   0.]), array([1, 2, 2, 3, 3, 0, 0, 1, 1, 3, 3, 2, 2, 2, 1, 1, 0, 0, 2, 2, 1, 1,
       3, 1, 1], dtype=object)]
[192, array([-16.,  -8.,  -8.,   0.]), array([1, 2, 2, 3, 3, 0, 0, 1, 1, 3, 3, 2, 2, 2, 1, 1, 0, 0, 2, 2, 1, 1,
       3, 1, 1], dtype=object)]
[192, array([-16.,  -8.,  -8.,   0.]), array([1, 2, 2, 3, 3, 0, 0, 1, 1, 3, 3, 2, 2, 2, 1, 1, 0, 0, 2, 2, 1, 1,
       3, 1, 1], dtype=object)]
[193, array([-16.,  -8.,  -8.,   0.]), array([1, 2, 2, 3, 3, 1, 0, 1, 1, 3, 3, 2, 2, 2, 1, 1, 0, 0, 2, 2, 1, 1,
       3, 1, 1], dtype=object)]
[193, array([-16.,  -8.,  -8.,   0.]), array([1, 2, 2, 3, 3, 1, 0, 1, 1, 3, 3, 2, 2, 2, 1, 1, 0, 0, 2, 2, 1, 1,
       3, 1, 1], dtype=object)]
[193, array([-16.,  -8.,  -8.,   0.]), array([1, 2, 2, 3, 3, 1, 0, 1, 1, 3, 3, 2, 2, 2, 1, 1, 0, 0, 2, 2, 1, 1,
       3, 1, 1], dtype=object)]
[193, array([-16.,  -8.,  -8.,   0.]), array([1, 2, 2, 3, 3, 1, 0, 1, 1, 3, 3, 2, 2, 2, 1, 1, 0, 0, 2, 2, 1, 1,
       3, 1, 1], dtype=object)]
[194, array([-16.,  -8.,  -8.,   0.]), array([2, 2, 2, 3, 3, 1, 0, 1, 1, 3, 3, 2, 2, 2, 1, 1, 0, 0, 2, 2, 1, 1,
       3, 1, 1], dtype=object)]
[194, array([-16.,  -8.,  -8.,   0.]), array([2, 2, 2, 3, 3, 1, 0, 1, 1, 3, 3, 2, 2, 2, 1, 1, 0, 0, 2, 2, 1, 1,
       3, 1, 1], dtype=object)]
[194, array([-16.,  -8.,  -8.,   0.]), array([2, 2, 2, 3, 3, 1, 0, 1, 1, 3, 3, 2, 2, 2, 1, 1, 0, 0, 2, 2, 1, 1,
       3, 1, 1], dtype=object)]
[194, array([-16.,  -8.,  -8.,   0.]), array([2, 2, 2, 3, 3, 1, 0, 1, 1, 3, 3, 2, 2, 2, 1, 1, 0, 0, 2, 2, 1, 1,
       3, 1, 1], dtype=object)]
[195, array([-16.,  -8.,  -8.,   0.]), array([1, 2, 2, 3, 3, 1, 0, 1, 1, 3, 3, 2, 2, 2, 1, 1, 3, 0, 1, 2, 1, 1,
       3, 1, 1], dtype=object)]
[195, array([-16.,  -8.,  -8.,   0.]), array([1, 2, 2, 3, 3, 1, 0, 1, 1, 3, 3, 2, 2, 2, 1, 1, 3, 0, 1, 2, 1, 1,
       3, 1, 1], dtype=object)]
[195, array([-16.,  -8.,  -8.,   0.]), array([1, 2, 2, 3, 3, 1, 0, 1, 1, 3, 3, 2, 2, 2, 1, 1, 3, 0, 1, 2, 1, 1,
       3, 1, 1], dtype=object)]
[195, array([-16.,  -8.,  -8.,   0.]), array([1, 2, 2, 3, 3, 1, 0, 1, 1, 3, 3, 2, 2, 2, 1, 1, 3, 0, 1, 2, 1, 1,
       3, 1, 1], dtype=object)]
[196, array([-16.,  -8.,  -8.,   0.]), array([1, 2, 2, 3, 3, 1, 0, 1, 1, 3, 3, 2, 2, 2, 1, 1, 0, 0, 0, 2, 1, 1,
       3, 1, 1], dtype=object)]
[196, array([-16.,  -8.,  -8.,   0.]), array([1, 2, 2, 3, 3, 1, 0, 1, 1, 3, 3, 2, 2, 2, 1, 1, 0, 0, 0, 2, 1, 1,
       3, 1, 1], dtype=object)]
[196, array([-16.,  -8.,  -8.,   0.]), array([1, 2, 2, 3, 3, 1, 0, 1, 1, 3, 3, 2, 2, 2, 1, 1, 0, 0, 0, 2, 1, 1,
       3, 1, 1], dtype=object)]
[196, array([-16.,  -8.,  -8.,   0.]), array([1, 2, 2, 3, 3, 1, 0, 1, 1, 3, 3, 2, 2, 2, 1, 1, 0, 0, 0, 2, 1, 1,
       3, 1, 1], dtype=object)]
[197, array([-16.,  -8.,  -8.,   0.]), array([1, 2, 2, 3, 3, 1, 0, 1, 1, 3, 3, 2, 2, 2, 1, 1, 0, 0, 2, 2, 1, 1,
       3, 1, 1], dtype=object)]
[197, array([-16.,  -8.,  -8.,   0.]), array([1, 2, 2, 3, 3, 1, 0, 1, 1, 3, 3, 2, 2, 2, 1, 1, 0, 0, 2, 2, 1, 1,
       3, 1, 1], dtype=object)]
[197, array([-16.,  -8.,  -8.,   0.]), array([1, 2, 2, 3, 3, 1, 0, 1, 1, 3, 3, 2, 2, 2, 1, 1, 0, 0, 2, 2, 1, 1,
       3, 1, 1], dtype=object)]
[197, array([-16.,  -8.,  -8.,   0.]), array([1, 2, 2, 3, 3, 1, 0, 1, 1, 3, 3, 2, 2, 2, 1, 1, 0, 0, 2, 2, 1, 1,
       3, 1, 1], dtype=object)]
[198, array([-16.,  -8.,  -8.,   0.]), array([1, 2, 2, 3, 3, 1, 0, 1, 1, 3, 3, 2, 2, 2, 1, 1, 0, 1, 2, 2, 1, 1,
       3, 1, 1], dtype=object)]
[198, array([-16.,  -8.,  -8.,   0.]), array([1, 2, 2, 3, 3, 1, 0, 1, 1, 3, 3, 2, 2, 2, 1, 1, 0, 1, 2, 2, 1, 1,
       3, 1, 1], dtype=object)]
[198, array([-16.,  -8.,  -8.,   0.]), array([1, 2, 2, 3, 3, 1, 0, 1, 1, 3, 3, 2, 2, 2, 1, 1, 0, 1, 2, 2, 1, 1,
       3, 1, 1], dtype=object)]
[198, array([-16.,  -8.,  -8.,   0.]), array([1, 2, 2, 3, 3, 1, 0, 1, 1, 3, 3, 2, 2, 2, 1, 1, 0, 1, 2, 2, 1, 1,
       3, 1, 1], dtype=object)]
[199, array([-16.,  -8.,  -8.,   0.]), array([1, 2, 2, 3, 3, 1, 0, 1, 1, 3, 3, 2, 2, 2, 1, 1, 3, 0, 1, 2, 1, 1,
       3, 1, 1], dtype=object)]
[199, array([-16.,  -8.,  -8.,   0.]), array([1, 2, 2, 3, 3, 1, 0, 1, 1, 3, 3, 2, 2, 2, 1, 1, 3, 0, 1, 2, 1, 1,
       3, 1, 1], dtype=object)]
[199, array([-16.,  -8.,  -8.,   0.]), array([1, 2, 2, 3, 3, 1, 0, 1, 1, 3, 3, 2, 2, 2, 1, 1, 3, 0, 1, 2, 1, 1,
       3, 1, 1], dtype=object)]
[199, array([-16.,  -8.,  -8.,   0.]), array([1, 2, 2, 3, 3, 1, 0, 1, 1, 3, 3, 2, 2, 2, 1, 1, 3, 0, 1, 2, 1, 1,
       3, 1, 1], dtype=object)]
[200, array([-16.,  -8.,  -8.,   0.]), array([0, 2, 2, 3, 3, 1, 0, 1, 1, 3, 3, 2, 2, 2, 1, 1, 3, 0, 2, 2, 1, 1,
       3, 1, 1], dtype=object)]
[200, array([-16.,  -8.,  -8.,   0.]), array([0, 2, 2, 3, 3, 1, 0, 1, 1, 3, 3, 2, 2, 2, 1, 1, 3, 0, 2, 2, 1, 1,
       3, 1, 1], dtype=object)]
[200, array([-16.,  -8.,  -8.,   0.]), array([0, 2, 2, 3, 3, 1, 0, 1, 1, 3, 3, 2, 2, 2, 1, 1, 3, 0, 2, 2, 1, 1,
       3, 1, 1], dtype=object)]
[200, array([-16.,  -8.,  -8.,   0.]), array([0, 2, 2, 3, 3, 1, 0, 1, 1, 3, 3, 2, 2, 2, 1, 1, 3, 0, 2, 2, 1, 1,
       3, 1, 1], dtype=object)]
[201, array([-16.,  -8.,  -8.,   0.]), array([1, 2, 2, 3, 3, 1, 0, 1, 1, 3, 3, 2, 2, 2, 1, 1, 3, 0, 2, 2, 1, 1,
       3, 1, 1], dtype=object)]
[201, array([-16.,  -8.,  -8.,   0.]), array([1, 2, 2, 3, 3, 1, 0, 1, 1, 3, 3, 2, 2, 2, 1, 1, 3, 0, 2, 2, 1, 1,
       3, 1, 1], dtype=object)]
[201, array([-16.,  -8.,  -8.,   0.]), array([1, 2, 2, 3, 3, 1, 0, 1, 1, 3, 3, 2, 2, 2, 1, 1, 3, 0, 2, 2, 1, 1,
       3, 1, 1], dtype=object)]
[201, array([-16.,  -8.,  -8.,   0.]), array([1, 2, 2, 3, 3, 1, 0, 1, 1, 3, 3, 2, 2, 2, 1, 1, 3, 0, 2, 2, 1, 1,
       3, 1, 1], dtype=object)]
[202, array([-16.,  -8.,  -8.,   0.]), array([1, 2, 2, 3, 3, 1, 0, 1, 1, 3, 3, 2, 2, 2, 1, 1, 0, 1, 1, 2, 1, 1,
       3, 1, 1], dtype=object)]
[202, array([-16.,  -8.,  -8.,   0.]), array([1, 2, 2, 3, 3, 1, 0, 1, 1, 3, 3, 2, 2, 2, 1, 1, 0, 1, 1, 2, 1, 1,
       3, 1, 1], dtype=object)]
[202, array([-16.,  -8.,  -8.,   0.]), array([1, 2, 2, 3, 3, 1, 0, 1, 1, 3, 3, 2, 2, 2, 1, 1, 0, 1, 1, 2, 1, 1,
       3, 1, 1], dtype=object)]
[202, array([-16.,  -8.,  -8.,   0.]), array([1, 2, 2, 3, 3, 1, 0, 1, 1, 3, 3, 2, 2, 2, 1, 1, 0, 1, 1, 2, 1, 1,
       3, 1, 1], dtype=object)]
[203, array([-16.,  -8.,  -8.,   0.]), array([0, 2, 2, 3, 3, 1, 0, 1, 1, 3, 3, 2, 2, 2, 1, 1, 0, 1, 2, 2, 1, 1,
       3, 1, 1], dtype=object)]
[203, array([-16.,  -8.,  -8.,   0.]), array([0, 2, 2, 3, 3, 1, 0, 1, 1, 3, 3, 2, 2, 2, 1, 1, 0, 1, 2, 2, 1, 1,
       3, 1, 1], dtype=object)]
[203, array([-16.,  -8.,  -8.,   0.]), array([0, 2, 2, 3, 3, 1, 0, 1, 1, 3, 3, 2, 2, 2, 1, 1, 0, 1, 2, 2, 1, 1,
       3, 1, 1], dtype=object)]
[203, array([-16.,  -8.,  -8.,   0.]), array([0, 2, 2, 3, 3, 1, 0, 1, 1, 3, 3, 2, 2, 2, 1, 1, 0, 1, 2, 2, 1, 1,
       3, 1, 1], dtype=object)]
[204, array([-16.,  -8.,  -8.,   0.]), array([2, 2, 2, 3, 3, 1, 0, 1, 1, 3, 3, 2, 2, 2, 1, 1, 3, 0, 2, 2, 1, 1,
       3, 1, 1], dtype=object)]
[204, array([-16.,  -8.,  -8.,   0.]), array([2, 2, 2, 3, 3, 1, 0, 1, 1, 3, 3, 2, 2, 2, 1, 1, 3, 0, 2, 2, 1, 1,
       3, 1, 1], dtype=object)]
[204, array([-16.,  -8.,  -8.,   0.]), array([2, 2, 2, 3, 3, 1, 0, 1, 1, 3, 3, 2, 2, 2, 1, 1, 3, 0, 2, 2, 1, 1,
       3, 1, 1], dtype=object)]
[204, array([-16.,  -8.,  -8.,   0.]), array([2, 2, 2, 3, 3, 1, 0, 1, 1, 3, 3, 2, 2, 2, 1, 1, 3, 0, 2, 2, 1, 1,
       3, 1, 1], dtype=object)]
[205, array([-16.,  -8.,  -8.,   0.]), array([1, 2, 2, 3, 3, 1, 0, 1, 1, 3, 3, 2, 2, 2, 1, 1, 3, 0, 1, 2, 1, 1,
       3, 1, 1], dtype=object)]
[205, array([-16.,  -8.,  -8.,   0.]), array([1, 2, 2, 3, 3, 1, 0, 1, 1, 3, 3, 2, 2, 2, 1, 1, 3, 0, 1, 2, 1, 1,
       3, 1, 1], dtype=object)]
[205, array([-16.,  -8.,  -8.,   0.]), array([1, 2, 2, 3, 3, 1, 0, 1, 1, 3, 3, 2, 2, 2, 1, 1, 3, 0, 1, 2, 1, 1,
       3, 1, 1], dtype=object)]
[205, array([-16.,  -8.,  -8.,   0.]), array([1, 2, 2, 3, 3, 1, 0, 1, 1, 3, 3, 2, 2, 2, 1, 1, 3, 0, 1, 2, 1, 1,
       3, 1, 1], dtype=object)]
[206, array([-16.,  -8.,  -8.,   0.]), array([1, 2, 2, 3, 3, 1, 0, 1, 1, 3, 3, 2, 2, 2, 1, 1, 3, 1, 2, 2, 1, 1,
       3, 1, 1], dtype=object)]
[206, array([-16.,  -8.,  -8.,   0.]), array([1, 2, 2, 3, 3, 1, 0, 1, 1, 3, 3, 2, 2, 2, 1, 1, 3, 1, 2, 2, 1, 1,
       3, 1, 1], dtype=object)]
[206, array([-16.,  -8.,  -8.,   0.]), array([1, 2, 2, 3, 3, 1, 0, 1, 1, 3, 3, 2, 2, 2, 1, 1, 3, 1, 2, 2, 1, 1,
       3, 1, 1], dtype=object)]
[206, array([-16.,  -8.,  -8.,   0.]), array([1, 2, 2, 3, 3, 1, 0, 1, 1, 3, 3, 2, 2, 2, 1, 1, 3, 1, 2, 2, 1, 1,
       3, 1, 1], dtype=object)]
[207, array([-16.,  -8.,  -8.,   0.]), array([1, 2, 2, 3, 3, 1, 0, 1, 1, 3, 3, 2, 2, 2, 1, 1, 3, 0, 1, 2, 1, 1,
       3, 1, 1], dtype=object)]
[207, array([-16.,  -8.,  -8.,   0.]), array([1, 2, 2, 3, 3, 1, 0, 1, 1, 3, 3, 2, 2, 2, 1, 1, 3, 0, 1, 2, 1, 1,
       3, 1, 1], dtype=object)]
[207, array([-16.,  -8.,  -8.,   0.]), array([1, 2, 2, 3, 3, 1, 0, 1, 1, 3, 3, 2, 2, 2, 1, 1, 3, 0, 1, 2, 1, 1,
       3, 1, 1], dtype=object)]
[207, array([-16.,  -8.,  -8.,   0.]), array([1, 2, 2, 3, 3, 1, 0, 1, 1, 3, 3, 2, 2, 2, 1, 1, 3, 0, 1, 2, 1, 1,
       3, 1, 1], dtype=object)]
[208, array([-16.,  -8.,  -8.,   0.]), array([0, 2, 2, 3, 3, 1, 0, 1, 1, 3, 3, 2, 2, 2, 1, 1, 1, 1, 2, 2, 1, 1,
       3, 1, 1], dtype=object)]
[208, array([-16.,  -8.,  -8.,   0.]), array([0, 2, 2, 3, 3, 1, 0, 1, 1, 3, 3, 2, 2, 2, 1, 1, 1, 1, 2, 2, 1, 1,
       3, 1, 1], dtype=object)]
[208, array([-16.,  -8.,  -8.,   0.]), array([0, 2, 2, 3, 3, 1, 0, 1, 1, 3, 3, 2, 2, 2, 1, 1, 1, 1, 2, 2, 1, 1,
       3, 1, 1], dtype=object)]
[208, array([-16.,  -8.,  -8.,   0.]), array([0, 2, 2, 3, 3, 1, 0, 1, 1, 3, 3, 2, 2, 2, 1, 1, 1, 1, 2, 2, 1, 1,
       3, 1, 1], dtype=object)]
[209, array([-16.,  -8.,  -8.,   0.]), array([1, 2, 2, 3, 3, 1, 0, 1, 1, 3, 3, 2, 2, 2, 1, 1, 3, 0, 1, 2, 1, 1,
       3, 1, 1], dtype=object)]
[209, array([-16.,  -8.,  -8.,   0.]), array([1, 2, 2, 3, 3, 1, 0, 1, 1, 3, 3, 2, 2, 2, 1, 1, 3, 0, 1, 2, 1, 1,
       3, 1, 1], dtype=object)]
[209, array([-16.,  -8.,  -8.,   0.]), array([1, 2, 2, 3, 3, 1, 0, 1, 1, 3, 3, 2, 2, 2, 1, 1, 3, 0, 1, 2, 1, 1,
       3, 1, 1], dtype=object)]
[209, array([-16.,  -8.,  -8.,   0.]), array([1, 2, 2, 3, 3, 1, 0, 1, 1, 3, 3, 2, 2, 2, 1, 1, 3, 0, 1, 2, 1, 1,
       3, 1, 1], dtype=object)]
[210, array([-16.,  -8.,  -8.,   0.]), array([1, 2, 2, 3, 3, 1, 0, 1, 1, 3, 3, 2, 2, 2, 1, 1, 1, 1, 2, 2, 1, 1,
       3, 1, 1], dtype=object)]
[210, array([-16.,  -8.,  -8.,   0.]), array([1, 2, 2, 3, 3, 1, 0, 1, 1, 3, 3, 2, 2, 2, 1, 1, 1, 1, 2, 2, 1, 1,
       3, 1, 1], dtype=object)]
[210, array([-16.,  -8.,  -8.,   0.]), array([1, 2, 2, 3, 3, 1, 0, 1, 1, 3, 3, 2, 2, 2, 1, 1, 1, 1, 2, 2, 1, 1,
       3, 1, 1], dtype=object)]
[210, array([-16.,  -8.,  -8.,   0.]), array([1, 2, 2, 3, 3, 1, 0, 1, 1, 3, 3, 2, 2, 2, 1, 1, 1, 1, 2, 2, 1, 1,
       3, 1, 1], dtype=object)]
[211, array([-16.,  -8.,  -8.,   0.]), array([0, 2, 2, 3, 3, 1, 0, 1, 1, 3, 3, 2, 2, 2, 1, 1, 1, 1, 2, 2, 1, 1,
       3, 1, 1], dtype=object)]
[211, array([-16.,  -8.,  -8.,   0.]), array([0, 2, 2, 3, 3, 1, 0, 1, 1, 3, 3, 2, 2, 2, 1, 1, 1, 1, 2, 2, 1, 1,
       3, 1, 1], dtype=object)]
[211, array([-16.,  -8.,  -8.,   0.]), array([0, 2, 2, 3, 3, 1, 0, 1, 1, 3, 3, 2, 2, 2, 1, 1, 1, 1, 2, 2, 1, 1,
       3, 1, 1], dtype=object)]
[211, array([-16.,  -8.,  -8.,   0.]), array([0, 2, 2, 3, 3, 1, 0, 1, 1, 3, 3, 2, 2, 2, 1, 1, 1, 1, 2, 2, 1, 1,
       3, 1, 1], dtype=object)]
[212, array([-16.,  -8.,  -8.,   0.]), array([3, 2, 2, 3, 3, 1, 0, 1, 1, 3, 3, 2, 2, 2, 1, 1, 3, 0, 1, 2, 1, 1,
       3, 1, 1], dtype=object)]
[212, array([-16.,  -8.,  -8.,   0.]), array([3, 2, 2, 3, 3, 1, 0, 1, 1, 3, 3, 2, 2, 2, 1, 1, 3, 0, 1, 2, 1, 1,
       3, 1, 1], dtype=object)]
[212, array([-16.,  -8.,  -8.,   0.]), array([3, 2, 2, 3, 3, 1, 0, 1, 1, 3, 3, 2, 2, 2, 1, 1, 3, 0, 1, 2, 1, 1,
       3, 1, 1], dtype=object)]
[212, array([-16.,  -8.,  -8.,   0.]), array([3, 2, 2, 3, 3, 1, 0, 1, 1, 3, 3, 2, 2, 2, 1, 1, 3, 0, 1, 2, 1, 1,
       3, 1, 1], dtype=object)]
[213, array([-16.,  -8.,  -8.,   0.]), array([3, 2, 2, 3, 3, 1, 0, 1, 1, 3, 3, 2, 2, 2, 1, 1, 3, 0, 1, 2, 1, 1,
       3, 1, 1], dtype=object)]
[213, array([-16.,  -8.,  -8.,   0.]), array([3, 2, 2, 3, 3, 1, 0, 1, 1, 3, 3, 2, 2, 2, 1, 1, 3, 0, 1, 2, 1, 1,
       3, 1, 1], dtype=object)]
[213, array([-16.,  -8.,  -8.,   0.]), array([3, 2, 2, 3, 3, 1, 0, 1, 1, 3, 3, 2, 2, 2, 1, 1, 3, 0, 1, 2, 1, 1,
       3, 1, 1], dtype=object)]
[213, array([-16.,  -8.,  -8.,   0.]), array([3, 2, 2, 3, 3, 1, 0, 1, 1, 3, 3, 2, 2, 2, 1, 1, 3, 0, 1, 2, 1, 1,
       3, 1, 1], dtype=object)]
[214, array([-16.,  -8.,  -8.,   0.]), array([3, 2, 2, 3, 3, 1, 0, 1, 1, 3, 3, 2, 2, 2, 1, 1, 3, 1, 2, 2, 1, 1,
       3, 1, 1], dtype=object)]
[214, array([-16.,  -8.,  -8.,   0.]), array([3, 2, 2, 3, 3, 1, 0, 1, 1, 3, 3, 2, 2, 2, 1, 1, 3, 1, 2, 2, 1, 1,
       3, 1, 1], dtype=object)]
[214, array([-16.,  -8.,  -8.,   0.]), array([3, 2, 2, 3, 3, 1, 0, 1, 1, 3, 3, 2, 2, 2, 1, 1, 3, 1, 2, 2, 1, 1,
       3, 1, 1], dtype=object)]
[214, array([-16.,  -8.,  -8.,   0.]), array([3, 2, 2, 3, 3, 1, 0, 1, 1, 3, 3, 2, 2, 2, 1, 1, 3, 1, 2, 2, 1, 1,
       3, 1, 1], dtype=object)]
[215, array([-16.,  -8.,  -8.,   0.]), array([0, 2, 2, 3, 3, 2, 0, 1, 1, 3, 3, 2, 2, 2, 1, 1, 1, 0, 1, 2, 1, 1,
       3, 1, 1], dtype=object)]
[215, array([-16.,  -8.,  -8.,   0.]), array([0, 2, 2, 3, 3, 2, 0, 1, 1, 3, 3, 2, 2, 2, 1, 1, 1, 0, 1, 2, 1, 1,
       3, 1, 1], dtype=object)]
[215, array([-16.,  -8.,  -8.,   0.]), array([0, 2, 2, 3, 3, 2, 0, 1, 1, 3, 3, 2, 2, 2, 1, 1, 1, 0, 1, 2, 1, 1,
       3, 1, 1], dtype=object)]
[215, array([-16.,  -8.,  -8.,   0.]), array([0, 2, 2, 3, 3, 2, 0, 1, 1, 3, 3, 2, 2, 2, 1, 1, 1, 0, 1, 2, 1, 1,
       3, 1, 1], dtype=object)]
[216, array([-16.,  -8.,  -8.,   0.]), array([0, 2, 2, 3, 3, 2, 0, 1, 1, 3, 3, 2, 2, 2, 1, 1, 1, 0, 1, 2, 1, 1,
       3, 1, 1], dtype=object)]
[216, array([-16.,  -8.,  -8.,   0.]), array([0, 2, 2, 3, 3, 2, 0, 1, 1, 3, 3, 2, 2, 2, 1, 1, 1, 0, 1, 2, 1, 1,
       3, 1, 1], dtype=object)]
[216, array([-16.,  -8.,  -8.,   0.]), array([0, 2, 2, 3, 3, 2, 0, 1, 1, 3, 3, 2, 2, 2, 1, 1, 1, 0, 1, 2, 1, 1,
       3, 1, 1], dtype=object)]
[216, array([-16.,  -8.,  -8.,   0.]), array([0, 2, 2, 3, 3, 2, 0, 1, 1, 3, 3, 2, 2, 2, 1, 1, 1, 0, 1, 2, 1, 1,
       3, 1, 1], dtype=object)]
[217, array([-16.,  -8.,  -8.,   0.]), array([1, 2, 2, 3, 3, 1, 0, 1, 1, 3, 3, 2, 2, 2, 1, 1, 3, 0, 1, 2, 1, 2,
       3, 1, 1], dtype=object)]
[217, array([-16.,  -8.,  -8.,   0.]), array([1, 2, 2, 3, 3, 1, 0, 1, 1, 3, 3, 2, 2, 2, 1, 1, 3, 0, 1, 2, 1, 2,
       3, 1, 1], dtype=object)]
[217, array([-16.,  -8.,  -8.,   0.]), array([1, 2, 2, 3, 3, 1, 0, 1, 1, 3, 3, 2, 2, 2, 1, 1, 3, 0, 1, 2, 1, 2,
       3, 1, 1], dtype=object)]
[217, array([-16.,  -8.,  -8.,   0.]), array([1, 2, 2, 3, 3, 1, 0, 1, 1, 3, 3, 2, 2, 2, 1, 1, 3, 0, 1, 2, 1, 2,
       3, 1, 1], dtype=object)]
[218, array([-16.,  -8.,  -8.,   0.]), array([1, 2, 2, 3, 3, 1, 0, 1, 1, 3, 3, 2, 2, 2, 1, 1, 3, 0, 1, 2, 1, 2,
       3, 1, 1], dtype=object)]
[218, array([-16.,  -8.,  -8.,   0.]), array([1, 2, 2, 3, 3, 1, 0, 1, 1, 3, 3, 2, 2, 2, 1, 1, 3, 0, 1, 2, 1, 2,
       3, 1, 1], dtype=object)]
[218, array([-16.,  -8.,  -8.,   0.]), array([1, 2, 2, 3, 3, 1, 0, 1, 1, 3, 3, 2, 2, 2, 1, 1, 3, 0, 1, 2, 1, 2,
       3, 1, 1], dtype=object)]
[218, array([-16.,  -8.,  -8.,   0.]), array([1, 2, 2, 3, 3, 1, 0, 1, 1, 3, 3, 2, 2, 2, 1, 1, 3, 0, 1, 2, 1, 2,
       3, 1, 1], dtype=object)]
[219, array([-16.,  -8.,  -8.,   0.]), array([1, 2, 2, 3, 3, 1, 0, 1, 1, 3, 3, 2, 2, 2, 1, 1, 0, 1, 2, 2, 1, 1,
       3, 1, 1], dtype=object)]
[219, array([-16.,  -8.,  -8.,   0.]), array([1, 2, 2, 3, 3, 1, 0, 1, 1, 3, 3, 2, 2, 2, 1, 1, 0, 1, 2, 2, 1, 1,
       3, 1, 1], dtype=object)]
[219, array([-16.,  -8.,  -8.,   0.]), array([1, 2, 2, 3, 3, 1, 0, 1, 1, 3, 3, 2, 2, 2, 1, 1, 0, 1, 2, 2, 1, 1,
       3, 1, 1], dtype=object)]
[219, array([-16.,  -8.,  -8.,   0.]), array([1, 2, 2, 3, 3, 1, 0, 1, 1, 3, 3, 2, 2, 2, 1, 1, 0, 1, 2, 2, 1, 1,
       3, 1, 1], dtype=object)]
[220, array([-16.,  -8.,  -8.,   0.]), array([1, 2, 2, 3, 3, 1, 0, 1, 1, 3, 3, 2, 2, 2, 1, 1, 0, 1, 3, 2, 1, 1,
       3, 1, 1], dtype=object)]
[220, array([-16.,  -8.,  -8.,   0.]), array([1, 2, 2, 3, 3, 1, 0, 1, 1, 3, 3, 2, 2, 2, 1, 1, 0, 1, 3, 2, 1, 1,
       3, 1, 1], dtype=object)]
[220, array([-16.,  -8.,  -8.,   0.]), array([1, 2, 2, 3, 3, 1, 0, 1, 1, 3, 3, 2, 2, 2, 1, 1, 0, 1, 3, 2, 1, 1,
       3, 1, 1], dtype=object)]
[220, array([-16.,  -8.,  -8.,   0.]), array([1, 2, 2, 3, 3, 1, 0, 1, 1, 3, 3, 2, 2, 2, 1, 1, 0, 1, 3, 2, 1, 1,
       3, 1, 1], dtype=object)]
[221, array([-16.,  -8.,  -8.,   0.]), array([3, 2, 2, 3, 3, 1, 0, 1, 1, 3, 3, 2, 2, 2, 1, 1, 3, 0, 1, 2, 1, 1,
       3, 1, 1], dtype=object)]
[221, array([-16.,  -8.,  -8.,   0.]), array([3, 2, 2, 3, 3, 1, 0, 1, 1, 3, 3, 2, 2, 2, 1, 1, 3, 0, 1, 2, 1, 1,
       3, 1, 1], dtype=object)]
[221, array([-16.,  -8.,  -8.,   0.]), array([3, 2, 2, 3, 3, 1, 0, 1, 1, 3, 3, 2, 2, 2, 1, 1, 3, 0, 1, 2, 1, 1,
       3, 1, 1], dtype=object)]
[221, array([-16.,  -8.,  -8.,   0.]), array([3, 2, 2, 3, 3, 1, 0, 1, 1, 3, 3, 2, 2, 2, 1, 1, 3, 0, 1, 2, 1, 1,
       3, 1, 1], dtype=object)]
[222, array([-16.,  -8.,  -8.,   0.]), array([3, 2, 2, 3, 3, 1, 0, 1, 1, 3, 3, 2, 2, 2, 1, 1, 2, 0, 1, 2, 1, 1,
       3, 1, 1], dtype=object)]
[222, array([-16.,  -8.,  -8.,   0.]), array([3, 2, 2, 3, 3, 1, 0, 1, 1, 3, 3, 2, 2, 2, 1, 1, 2, 0, 1, 2, 1, 1,
       3, 1, 1], dtype=object)]
[222, array([-16.,  -8.,  -8.,   0.]), array([3, 2, 2, 3, 3, 1, 0, 1, 1, 3, 3, 2, 2, 2, 1, 1, 2, 0, 1, 2, 1, 1,
       3, 1, 1], dtype=object)]
[222, array([-16.,  -8.,  -8.,   0.]), array([3, 2, 2, 3, 3, 1, 0, 1, 1, 3, 3, 2, 2, 2, 1, 1, 2, 0, 1, 2, 1, 1,
       3, 1, 1], dtype=object)]
[223, array([-16.,  -8.,  -8.,   0.]), array([0, 2, 2, 3, 3, 1, 0, 1, 1, 3, 3, 2, 2, 2, 1, 1, 0, 1, 2, 2, 1, 1,
       3, 1, 1], dtype=object)]
[223, array([-16.,  -8.,  -8.,   0.]), array([0, 2, 2, 3, 3, 1, 0, 1, 1, 3, 3, 2, 2, 2, 1, 1, 0, 1, 2, 2, 1, 1,
       3, 1, 1], dtype=object)]
[223, array([-16.,  -8.,  -8.,   0.]), array([0, 2, 2, 3, 3, 1, 0, 1, 1, 3, 3, 2, 2, 2, 1, 1, 0, 1, 2, 2, 1, 1,
       3, 1, 1], dtype=object)]
[223, array([-16.,  -8.,  -8.,   0.]), array([0, 2, 2, 3, 3, 1, 0, 1, 1, 3, 3, 2, 2, 2, 1, 1, 0, 1, 2, 2, 1, 1,
       3, 1, 1], dtype=object)]
[224, array([-16.,  -8.,  -8.,   0.]), array([1, 2, 2, 3, 3, 2, 0, 1, 1, 3, 3, 2, 2, 2, 1, 1, 0, 0, 2, 2, 1, 1,
       3, 1, 1], dtype=object)]
[224, array([-16.,  -8.,  -8.,   0.]), array([1, 2, 2, 3, 3, 2, 0, 1, 1, 3, 3, 2, 2, 2, 1, 1, 0, 0, 2, 2, 1, 1,
       3, 1, 1], dtype=object)]
[224, array([-16.,  -8.,  -8.,   0.]), array([1, 2, 2, 3, 3, 2, 0, 1, 1, 3, 3, 2, 2, 2, 1, 1, 0, 0, 2, 2, 1, 1,
       3, 1, 1], dtype=object)]
[224, array([-16.,  -8.,  -8.,   0.]), array([1, 2, 2, 3, 3, 2, 0, 1, 1, 3, 3, 2, 2, 2, 1, 1, 0, 0, 2, 2, 1, 1,
       3, 1, 1], dtype=object)]
[225, array([-16.,  -8.,  -8.,   0.]), array([0, 2, 2, 3, 3, 1, 0, 1, 1, 3, 3, 2, 2, 2, 1, 1, 0, 1, 2, 2, 1, 1,
       3, 1, 1], dtype=object)]
[225, array([-16.,  -8.,  -8.,   0.]), array([0, 2, 2, 3, 3, 1, 0, 1, 1, 3, 3, 2, 2, 2, 1, 1, 0, 1, 2, 2, 1, 1,
       3, 1, 1], dtype=object)]
[225, array([-16.,  -8.,  -8.,   0.]), array([0, 2, 2, 3, 3, 1, 0, 1, 1, 3, 3, 2, 2, 2, 1, 1, 0, 1, 2, 2, 1, 1,
       3, 1, 1], dtype=object)]
[225, array([-16.,  -8.,  -8.,   0.]), array([0, 2, 2, 3, 3, 1, 0, 1, 1, 3, 3, 2, 2, 2, 1, 1, 0, 1, 2, 2, 1, 1,
       3, 1, 1], dtype=object)]
[226, array([-16.,  -8.,  -8.,   0.]), array([1, 2, 2, 3, 3, 1, 0, 1, 1, 3, 3, 2, 2, 2, 1, 1, 0, 0, 1, 2, 1, 1,
       3, 1, 1], dtype=object)]
[226, array([-16.,  -8.,  -8.,   0.]), array([1, 2, 2, 3, 3, 1, 0, 1, 1, 3, 3, 2, 2, 2, 1, 1, 0, 0, 1, 2, 1, 1,
       3, 1, 1], dtype=object)]
[226, array([-16.,  -8.,  -8.,   0.]), array([1, 2, 2, 3, 3, 1, 0, 1, 1, 3, 3, 2, 2, 2, 1, 1, 0, 0, 1, 2, 1, 1,
       3, 1, 1], dtype=object)]
[226, array([-16.,  -8.,  -8.,   0.]), array([1, 2, 2, 3, 3, 1, 0, 1, 1, 3, 3, 2, 2, 2, 1, 1, 0, 0, 1, 2, 1, 1,
       3, 1, 1], dtype=object)]
[227, array([-16.,  -8.,  -8.,   0.]), array([3, 2, 2, 3, 3, 1, 0, 1, 1, 3, 3, 2, 2, 2, 1, 1, 0, 1, 2, 2, 1, 1,
       3, 1, 1], dtype=object)]
[227, array([-16.,  -8.,  -8.,   0.]), array([3, 2, 2, 3, 3, 1, 0, 1, 1, 3, 3, 2, 2, 2, 1, 1, 0, 1, 2, 2, 1, 1,
       3, 1, 1], dtype=object)]
[227, array([-16.,  -8.,  -8.,   0.]), array([3, 2, 2, 3, 3, 1, 0, 1, 1, 3, 3, 2, 2, 2, 1, 1, 0, 1, 2, 2, 1, 1,
       3, 1, 1], dtype=object)]
[227, array([-16.,  -8.,  -8.,   0.]), array([3, 2, 2, 3, 3, 1, 0, 1, 1, 3, 3, 2, 2, 2, 1, 1, 0, 1, 2, 2, 1, 1,
       3, 1, 1], dtype=object)]
[228, array([-16.,  -8.,  -8.,   0.]), array([1, 2, 2, 3, 3, 1, 0, 1, 1, 3, 3, 2, 2, 2, 1, 1, 0, 3, 2, 2, 1, 1,
       3, 1, 1], dtype=object)]
[228, array([-16.,  -8.,  -8.,   0.]), array([1, 2, 2, 3, 3, 1, 0, 1, 1, 3, 3, 2, 2, 2, 1, 1, 0, 3, 2, 2, 1, 1,
       3, 1, 1], dtype=object)]
[228, array([-16.,  -8.,  -8.,   0.]), array([1, 2, 2, 3, 3, 1, 0, 1, 1, 3, 3, 2, 2, 2, 1, 1, 0, 3, 2, 2, 1, 1,
       3, 1, 1], dtype=object)]
[228, array([-16.,  -8.,  -8.,   0.]), array([1, 2, 2, 3, 3, 1, 0, 1, 1, 3, 3, 2, 2, 2, 1, 1, 0, 3, 2, 2, 1, 1,
       3, 1, 1], dtype=object)]
[229, array([-16.,  -8.,  -8.,   0.]), array([3, 2, 2, 3, 3, 1, 0, 1, 1, 3, 3, 2, 2, 2, 1, 1, 0, 1, 2, 2, 1, 1,
       3, 1, 1], dtype=object)]
[229, array([-16.,  -8.,  -8.,   0.]), array([3, 2, 2, 3, 3, 1, 0, 1, 1, 3, 3, 2, 2, 2, 1, 1, 0, 1, 2, 2, 1, 1,
       3, 1, 1], dtype=object)]
[229, array([-16.,  -8.,  -8.,   0.]), array([3, 2, 2, 3, 3, 1, 0, 1, 1, 3, 3, 2, 2, 2, 1, 1, 0, 1, 2, 2, 1, 1,
       3, 1, 1], dtype=object)]
[229, array([-16.,  -8.,  -8.,   0.]), array([3, 2, 2, 3, 3, 1, 0, 1, 1, 3, 3, 2, 2, 2, 1, 1, 0, 1, 2, 2, 1, 1,
       3, 1, 1], dtype=object)]
[230, array([-16.,  -8.,  -8.,   0.]), array([0, 2, 2, 3, 3, 1, 0, 1, 1, 3, 3, 2, 2, 2, 1, 1, 3, 0, 1, 2, 1, 1,
       3, 1, 1], dtype=object)]
[230, array([-16.,  -8.,  -8.,   0.]), array([0, 2, 2, 3, 3, 1, 0, 1, 1, 3, 3, 2, 2, 2, 1, 1, 3, 0, 1, 2, 1, 1,
       3, 1, 1], dtype=object)]
[230, array([-16.,  -8.,  -8.,   0.]), array([0, 2, 2, 3, 3, 1, 0, 1, 1, 3, 3, 2, 2, 2, 1, 1, 3, 0, 1, 2, 1, 1,
       3, 1, 1], dtype=object)]
[230, array([-16.,  -8.,  -8.,   0.]), array([0, 2, 2, 3, 3, 1, 0, 1, 1, 3, 3, 2, 2, 2, 1, 1, 3, 0, 1, 2, 1, 1,
       3, 1, 1], dtype=object)]
[231, array([-16.,  -8.,  -8.,   0.]), array([1, 2, 2, 3, 3, 1, 0, 1, 1, 3, 3, 2, 2, 2, 1, 1, 0, 1, 2, 2, 1, 1,
       3, 1, 1], dtype=object)]
[231, array([-16.,  -8.,  -8.,   0.]), array([1, 2, 2, 3, 3, 1, 0, 1, 1, 3, 3, 2, 2, 2, 1, 1, 0, 1, 2, 2, 1, 1,
       3, 1, 1], dtype=object)]
[231, array([-16.,  -8.,  -8.,   0.]), array([1, 2, 2, 3, 3, 1, 0, 1, 1, 3, 3, 2, 2, 2, 1, 1, 0, 1, 2, 2, 1, 1,
       3, 1, 1], dtype=object)]
[231, array([-16.,  -8.,  -8.,   0.]), array([1, 2, 2, 3, 3, 1, 0, 1, 1, 3, 3, 2, 2, 2, 1, 1, 0, 1, 2, 2, 1, 1,
       3, 1, 1], dtype=object)]
[232, array([-16.,  -8.,  -8.,   0.]), array([1, 2, 2, 3, 3, 1, 0, 1, 1, 3, 3, 2, 2, 2, 1, 1, 3, 1, 2, 2, 1, 1,
       3, 1, 1], dtype=object)]
[232, array([-16.,  -8.,  -8.,   0.]), array([1, 2, 2, 3, 3, 1, 0, 1, 1, 3, 3, 2, 2, 2, 1, 1, 3, 1, 2, 2, 1, 1,
       3, 1, 1], dtype=object)]
[232, array([-16.,  -8.,  -8.,   0.]), array([1, 2, 2, 3, 3, 1, 0, 1, 1, 3, 3, 2, 2, 2, 1, 1, 3, 1, 2, 2, 1, 1,
       3, 1, 1], dtype=object)]
[232, array([-16.,  -8.,  -8.,   0.]), array([1, 2, 2, 3, 3, 1, 0, 1, 1, 3, 3, 2, 2, 2, 1, 1, 3, 1, 2, 2, 1, 1,
       3, 1, 1], dtype=object)]
[233, array([-16.,  -8.,  -8.,   0.]), array([1, 2, 2, 3, 3, 1, 0, 1, 1, 3, 3, 2, 2, 2, 1, 1, 3, 0, 3, 2, 1, 1,
       3, 1, 1], dtype=object)]
[233, array([-16.,  -8.,  -8.,   0.]), array([1, 2, 2, 3, 3, 1, 0, 1, 1, 3, 3, 2, 2, 2, 1, 1, 3, 0, 3, 2, 1, 1,
       3, 1, 1], dtype=object)]
[233, array([-16.,  -8.,  -8.,   0.]), array([1, 2, 2, 3, 3, 1, 0, 1, 1, 3, 3, 2, 2, 2, 1, 1, 3, 0, 3, 2, 1, 1,
       3, 1, 1], dtype=object)]
[233, array([-16.,  -8.,  -8.,   0.]), array([1, 2, 2, 3, 3, 1, 0, 1, 1, 3, 3, 2, 2, 2, 1, 1, 3, 0, 3, 2, 1, 1,
       3, 1, 1], dtype=object)]
[234, array([-16.,  -8.,  -8.,   0.]), array([1, 2, 2, 3, 3, 1, 0, 1, 1, 3, 3, 2, 2, 2, 1, 1, 0, 0, 2, 2, 1, 1,
       3, 1, 1], dtype=object)]
[234, array([-16.,  -8.,  -8.,   0.]), array([1, 2, 2, 3, 3, 1, 0, 1, 1, 3, 3, 2, 2, 2, 1, 1, 0, 0, 2, 2, 1, 1,
       3, 1, 1], dtype=object)]
[234, array([-16.,  -8.,  -8.,   0.]), array([1, 2, 2, 3, 3, 1, 0, 1, 1, 3, 3, 2, 2, 2, 1, 1, 0, 0, 2, 2, 1, 1,
       3, 1, 1], dtype=object)]
[234, array([-16.,  -8.,  -8.,   0.]), array([1, 2, 2, 3, 3, 1, 0, 1, 1, 3, 3, 2, 2, 2, 1, 1, 0, 0, 2, 2, 1, 1,
       3, 1, 1], dtype=object)]
[235, array([-16.,  -8.,  -8.,   0.]), array([2, 2, 2, 3, 3, 1, 0, 1, 1, 3, 3, 2, 2, 2, 1, 1, 0, 1, 2, 2, 1, 1,
       3, 1, 1], dtype=object)]
[235, array([-16.,  -8.,  -8.,   0.]), array([2, 2, 2, 3, 3, 1, 0, 1, 1, 3, 3, 2, 2, 2, 1, 1, 0, 1, 2, 2, 1, 1,
       3, 1, 1], dtype=object)]
[235, array([-16.,  -8.,  -8.,   0.]), array([2, 2, 2, 3, 3, 1, 0, 1, 1, 3, 3, 2, 2, 2, 1, 1, 0, 1, 2, 2, 1, 1,
       3, 1, 1], dtype=object)]
[235, array([-16.,  -8.,  -8.,   0.]), array([2, 2, 2, 3, 3, 1, 0, 1, 1, 3, 3, 2, 2, 2, 1, 1, 0, 1, 2, 2, 1, 1,
       3, 1, 1], dtype=object)]
[236, array([-16.,  -8.,  -8.,   0.]), array([2, 2, 2, 3, 3, 1, 0, 1, 1, 3, 3, 2, 2, 2, 1, 1, 0, 1, 2, 2, 1, 1,
       3, 1, 1], dtype=object)]
[236, array([-16.,  -8.,  -8.,   0.]), array([2, 2, 2, 3, 3, 1, 0, 1, 1, 3, 3, 2, 2, 2, 1, 1, 0, 1, 2, 2, 1, 1,
       3, 1, 1], dtype=object)]
[236, array([-16.,  -8.,  -8.,   0.]), array([2, 2, 2, 3, 3, 1, 0, 1, 1, 3, 3, 2, 2, 2, 1, 1, 0, 1, 2, 2, 1, 1,
       3, 1, 1], dtype=object)]
[236, array([-16.,  -8.,  -8.,   0.]), array([2, 2, 2, 3, 3, 1, 0, 1, 1, 3, 3, 2, 2, 2, 1, 1, 0, 1, 2, 2, 1, 1,
       3, 1, 1], dtype=object)]
[237, array([-16.,  -8.,  -8.,   0.]), array([1, 2, 2, 3, 3, 1, 0, 1, 1, 3, 3, 2, 2, 2, 1, 1, 3, 0, 3, 2, 1, 1,
       3, 1, 1], dtype=object)]
[237, array([-16.,  -8.,  -8.,   0.]), array([1, 2, 2, 3, 3, 1, 0, 1, 1, 3, 3, 2, 2, 2, 1, 1, 3, 0, 3, 2, 1, 1,
       3, 1, 1], dtype=object)]
[237, array([-16.,  -8.,  -8.,   0.]), array([1, 2, 2, 3, 3, 1, 0, 1, 1, 3, 3, 2, 2, 2, 1, 1, 3, 0, 3, 2, 1, 1,
       3, 1, 1], dtype=object)]
[237, array([-16.,  -8.,  -8.,   0.]), array([1, 2, 2, 3, 3, 1, 0, 1, 1, 3, 3, 2, 2, 2, 1, 1, 3, 0, 3, 2, 1, 1,
       3, 1, 1], dtype=object)]
[238, array([-16.,  -8.,  -8.,   0.]), array([3, 2, 2, 3, 3, 1, 0, 1, 1, 3, 3, 2, 2, 2, 1, 1, 0, 0, 1, 2, 1, 3,
       3, 1, 1], dtype=object)]
[238, array([-16.,  -8.,  -8.,   0.]), array([3, 2, 2, 3, 3, 1, 0, 1, 1, 3, 3, 2, 2, 2, 1, 1, 0, 0, 1, 2, 1, 3,
       3, 1, 1], dtype=object)]
[238, array([-16.,  -8.,  -8.,   0.]), array([3, 2, 2, 3, 3, 1, 0, 1, 1, 3, 3, 2, 2, 2, 1, 1, 0, 0, 1, 2, 1, 3,
       3, 1, 1], dtype=object)]
[238, array([-16.,  -8.,  -8.,   0.]), array([3, 2, 2, 3, 3, 1, 0, 1, 1, 3, 3, 2, 2, 2, 1, 1, 0, 0, 1, 2, 1, 3,
       3, 1, 1], dtype=object)]
[239, array([-16.,  -8.,  -8.,   0.]), array([1, 2, 2, 3, 3, 1, 0, 1, 1, 3, 3, 2, 2, 2, 1, 1, 0, 1, 2, 2, 1, 1,
       3, 1, 1], dtype=object)]
[239, array([-16.,  -8.,  -8.,   0.]), array([1, 2, 2, 3, 3, 1, 0, 1, 1, 3, 3, 2, 2, 2, 1, 1, 0, 1, 2, 2, 1, 1,
       3, 1, 1], dtype=object)]
[239, array([-16.,  -8.,  -8.,   0.]), array([1, 2, 2, 3, 3, 1, 0, 1, 1, 3, 3, 2, 2, 2, 1, 1, 0, 1, 2, 2, 1, 1,
       3, 1, 1], dtype=object)]
[239, array([-16.,  -8.,  -8.,   0.]), array([1, 2, 2, 3, 3, 1, 0, 1, 1, 3, 3, 2, 2, 2, 1, 1, 0, 1, 2, 2, 1, 1,
       3, 1, 1], dtype=object)]
[240, array([-16.,  -8.,  -8.,   0.]), array([2, 2, 2, 3, 3, 1, 0, 1, 1, 3, 3, 2, 2, 2, 1, 1, 3, 0, 2, 2, 1, 1,
       3, 1, 1], dtype=object)]
[240, array([-16.,  -8.,  -8.,   0.]), array([2, 2, 2, 3, 3, 1, 0, 1, 1, 3, 3, 2, 2, 2, 1, 1, 3, 0, 2, 2, 1, 1,
       3, 1, 1], dtype=object)]
[240, array([-16.,  -8.,  -8.,   0.]), array([2, 2, 2, 3, 3, 1, 0, 1, 1, 3, 3, 2, 2, 2, 1, 1, 3, 0, 2, 2, 1, 1,
       3, 1, 1], dtype=object)]
[240, array([-16.,  -8.,  -8.,   0.]), array([2, 2, 2, 3, 3, 1, 0, 1, 1, 3, 3, 2, 2, 2, 1, 1, 3, 0, 2, 2, 1, 1,
       3, 1, 1], dtype=object)]
[241, array([-16.,  -8.,  -8.,   0.]), array([2, 2, 2, 3, 3, 1, 0, 1, 1, 3, 3, 2, 2, 2, 1, 1, 0, 1, 2, 2, 1, 1,
       3, 1, 1], dtype=object)]
[241, array([-16.,  -8.,  -8.,   0.]), array([2, 2, 2, 3, 3, 1, 0, 1, 1, 3, 3, 2, 2, 2, 1, 1, 0, 1, 2, 2, 1, 1,
       3, 1, 1], dtype=object)]
[241, array([-16.,  -8.,  -8.,   0.]), array([2, 2, 2, 3, 3, 1, 0, 1, 1, 3, 3, 2, 2, 2, 1, 1, 0, 1, 2, 2, 1, 1,
       3, 1, 1], dtype=object)]
[241, array([-16.,  -8.,  -8.,   0.]), array([2, 2, 2, 3, 3, 1, 0, 1, 1, 3, 3, 2, 2, 2, 1, 1, 0, 1, 2, 2, 1, 1,
       3, 1, 1], dtype=object)]
[242, array([-16.,  -8.,  -8.,   0.]), array([2, 2, 2, 3, 3, 1, 0, 1, 1, 3, 3, 2, 2, 2, 1, 1, 0, 0, 2, 2, 1, 1,
       3, 1, 1], dtype=object)]
[242, array([-16.,  -8.,  -8.,   0.]), array([2, 2, 2, 3, 3, 1, 0, 1, 1, 3, 3, 2, 2, 2, 1, 1, 0, 0, 2, 2, 1, 1,
       3, 1, 1], dtype=object)]
[242, array([-16.,  -8.,  -8.,   0.]), array([2, 2, 2, 3, 3, 1, 0, 1, 1, 3, 3, 2, 2, 2, 1, 1, 0, 0, 2, 2, 1, 1,
       3, 1, 1], dtype=object)]
[242, array([-16.,  -8.,  -8.,   0.]), array([2, 2, 2, 3, 3, 1, 0, 1, 1, 3, 3, 2, 2, 2, 1, 1, 0, 0, 2, 2, 1, 1,
       3, 1, 1], dtype=object)]
[243, array([-16.,  -8.,  -8.,   0.]), array([2, 2, 2, 3, 3, 1, 0, 1, 1, 3, 3, 2, 2, 2, 1, 1, 0, 1, 0, 2, 1, 1,
       3, 1, 1], dtype=object)]
[243, array([-16.,  -8.,  -8.,   0.]), array([2, 2, 2, 3, 3, 1, 0, 1, 1, 3, 3, 2, 2, 2, 1, 1, 0, 1, 0, 2, 1, 1,
       3, 1, 1], dtype=object)]
[243, array([-16.,  -8.,  -8.,   0.]), array([2, 2, 2, 3, 3, 1, 0, 1, 1, 3, 3, 2, 2, 2, 1, 1, 0, 1, 0, 2, 1, 1,
       3, 1, 1], dtype=object)]
[243, array([-16.,  -8.,  -8.,   0.]), array([2, 2, 2, 3, 3, 1, 0, 1, 1, 3, 3, 2, 2, 2, 1, 1, 0, 1, 0, 2, 1, 1,
       3, 1, 1], dtype=object)]
[244, array([-16.,  -8.,  -8.,   0.]), array([2, 2, 2, 3, 3, 1, 0, 1, 1, 3, 3, 2, 2, 2, 1, 1, 0, 1, 0, 2, 1, 1,
       3, 1, 1], dtype=object)]
[244, array([-16.,  -8.,  -8.,   0.]), array([2, 2, 2, 3, 3, 1, 0, 1, 1, 3, 3, 2, 2, 2, 1, 1, 0, 1, 0, 2, 1, 1,
       3, 1, 1], dtype=object)]
[244, array([-16.,  -8.,  -8.,   0.]), array([2, 2, 2, 3, 3, 1, 0, 1, 1, 3, 3, 2, 2, 2, 1, 1, 0, 1, 0, 2, 1, 1,
       3, 1, 1], dtype=object)]
[244, array([-16.,  -8.,  -8.,   0.]), array([2, 2, 2, 3, 3, 1, 0, 1, 1, 3, 3, 2, 2, 2, 1, 1, 0, 1, 0, 2, 1, 1,
       3, 1, 1], dtype=object)]
[245, array([-16.,  -8.,  -8.,   0.]), array([2, 2, 2, 3, 3, 1, 0, 1, 1, 3, 3, 2, 2, 2, 1, 1, 0, 0, 1, 2, 1, 1,
       3, 1, 1], dtype=object)]
[245, array([-16.,  -8.,  -8.,   0.]), array([2, 2, 2, 3, 3, 1, 0, 1, 1, 3, 3, 2, 2, 2, 1, 1, 0, 0, 1, 2, 1, 1,
       3, 1, 1], dtype=object)]
[245, array([-16.,  -8.,  -8.,   0.]), array([2, 2, 2, 3, 3, 1, 0, 1, 1, 3, 3, 2, 2, 2, 1, 1, 0, 0, 1, 2, 1, 1,
       3, 1, 1], dtype=object)]
[245, array([-16.,  -8.,  -8.,   0.]), array([2, 2, 2, 3, 3, 1, 0, 1, 1, 3, 3, 2, 2, 2, 1, 1, 0, 0, 1, 2, 1, 1,
       3, 1, 1], dtype=object)]
[246, array([-16.,  -8.,  -8.,   0.]), array([3, 2, 2, 3, 3, 1, 0, 1, 1, 3, 3, 2, 2, 2, 1, 1, 0, 0, 2, 2, 1, 1,
       3, 1, 1], dtype=object)]
[246, array([-16.,  -8.,  -8.,   0.]), array([3, 2, 2, 3, 3, 1, 0, 1, 1, 3, 3, 2, 2, 2, 1, 1, 0, 0, 2, 2, 1, 1,
       3, 1, 1], dtype=object)]
[246, array([-16.,  -8.,  -8.,   0.]), array([3, 2, 2, 3, 3, 1, 0, 1, 1, 3, 3, 2, 2, 2, 1, 1, 0, 0, 2, 2, 1, 1,
       3, 1, 1], dtype=object)]
[246, array([-16.,  -8.,  -8.,   0.]), array([3, 2, 2, 3, 3, 1, 0, 1, 1, 3, 3, 2, 2, 2, 1, 1, 0, 0, 2, 2, 1, 1,
       3, 1, 1], dtype=object)]
[247, array([-16.,  -8.,  -8.,   0.]), array([2, 2, 2, 3, 3, 1, 0, 1, 1, 3, 3, 2, 2, 2, 1, 1, 0, 1, 0, 2, 1, 1,
       3, 1, 1], dtype=object)]
[247, array([-16.,  -8.,  -8.,   0.]), array([2, 2, 2, 3, 3, 1, 0, 1, 1, 3, 3, 2, 2, 2, 1, 1, 0, 1, 0, 2, 1, 1,
       3, 1, 1], dtype=object)]
[247, array([-16.,  -8.,  -8.,   0.]), array([2, 2, 2, 3, 3, 1, 0, 1, 1, 3, 3, 2, 2, 2, 1, 1, 0, 1, 0, 2, 1, 1,
       3, 1, 1], dtype=object)]
[247, array([-16.,  -8.,  -8.,   0.]), array([2, 2, 2, 3, 3, 1, 0, 1, 1, 3, 3, 2, 2, 2, 1, 1, 0, 1, 0, 2, 1, 1,
       3, 1, 1], dtype=object)]
[248, array([-16.,  -8.,  -8.,   0.]), array([1, 2, 2, 3, 3, 1, 0, 1, 1, 3, 3, 2, 2, 2, 1, 1, 2, 0, 2, 2, 1, 1,
       3, 1, 1], dtype=object)]
[248, array([-16.,  -8.,  -8.,   0.]), array([1, 2, 2, 3, 3, 1, 0, 1, 1, 3, 3, 2, 2, 2, 1, 1, 2, 0, 2, 2, 1, 1,
       3, 1, 1], dtype=object)]
[248, array([-16.,  -8.,  -8.,   0.]), array([1, 2, 2, 3, 3, 1, 0, 1, 1, 3, 3, 2, 2, 2, 1, 1, 2, 0, 2, 2, 1, 1,
       3, 1, 1], dtype=object)]
[248, array([-16.,  -8.,  -8.,   0.]), array([1, 2, 2, 3, 3, 1, 0, 1, 1, 3, 3, 2, 2, 2, 1, 1, 2, 0, 2, 2, 1, 1,
       3, 1, 1], dtype=object)]
[249, array([-16.,  -8.,  -8.,   0.]), array([2, 2, 2, 3, 3, 1, 0, 1, 1, 3, 3, 2, 2, 2, 1, 1, 0, 0, 1, 2, 1, 1,
       3, 1, 1], dtype=object)]
[249, array([-16.,  -8.,  -8.,   0.]), array([2, 2, 2, 3, 3, 1, 0, 1, 1, 3, 3, 2, 2, 2, 1, 1, 0, 0, 1, 2, 1, 1,
       3, 1, 1], dtype=object)]
[249, array([-16.,  -8.,  -8.,   0.]), array([2, 2, 2, 3, 3, 1, 0, 1, 1, 3, 3, 2, 2, 2, 1, 1, 0, 0, 1, 2, 1, 1,
       3, 1, 1], dtype=object)]
[249, array([-16.,  -8.,  -8.,   0.]), array([2, 2, 2, 3, 3, 1, 0, 1, 1, 3, 3, 2, 2, 2, 1, 1, 0, 0, 1, 2, 1, 1,
       3, 1, 1], dtype=object)]
[250, array([-16.,  -8.,  -8.,   0.]), array([2, 2, 2, 3, 3, 1, 0, 1, 1, 3, 3, 2, 2, 2, 1, 1, 0, 2, 0, 2, 1, 1,
       3, 1, 1], dtype=object)]
[250, array([-16.,  -8.,  -8.,   0.]), array([2, 2, 2, 3, 3, 1, 0, 1, 1, 3, 3, 2, 2, 2, 1, 1, 0, 2, 0, 2, 1, 1,
       3, 1, 1], dtype=object)]
[250, array([-16.,  -8.,  -8.,   0.]), array([2, 2, 2, 3, 3, 1, 0, 1, 1, 3, 3, 2, 2, 2, 1, 1, 0, 2, 0, 2, 1, 1,
       3, 1, 1], dtype=object)]
[250, array([-16.,  -8.,  -8.,   0.]), array([2, 2, 2, 3, 3, 1, 0, 1, 1, 3, 3, 2, 2, 2, 1, 1, 0, 2, 0, 2, 1, 1,
       3, 1, 1], dtype=object)]
[251, array([-16.,  -8.,  -8.,   0.]), array([2, 2, 2, 3, 3, 1, 0, 1, 1, 3, 3, 2, 2, 2, 1, 1, 0, 0, 2, 2, 1, 1,
       3, 1, 1], dtype=object)]
[251, array([-16.,  -8.,  -8.,   0.]), array([2, 2, 2, 3, 3, 1, 0, 1, 1, 3, 3, 2, 2, 2, 1, 1, 0, 0, 2, 2, 1, 1,
       3, 1, 1], dtype=object)]
[251, array([-16.,  -8.,  -8.,   0.]), array([2, 2, 2, 3, 3, 1, 0, 1, 1, 3, 3, 2, 2, 2, 1, 1, 0, 0, 2, 2, 1, 1,
       3, 1, 1], dtype=object)]
[251, array([-16.,  -8.,  -8.,   0.]), array([2, 2, 2, 3, 3, 1, 0, 1, 1, 3, 3, 2, 2, 2, 1, 1, 0, 0, 2, 2, 1, 1,
       3, 1, 1], dtype=object)]
[252, array([-16.,  -8.,  -8.,   0.]), array([1, 2, 2, 3, 3, 3, 0, 1, 1, 3, 3, 2, 2, 2, 1, 1, 0, 1, 0, 2, 1, 1,
       3, 1, 1], dtype=object)]
[252, array([-16.,  -8.,  -8.,   0.]), array([1, 2, 2, 3, 3, 3, 0, 1, 1, 3, 3, 2, 2, 2, 1, 1, 0, 1, 0, 2, 1, 1,
       3, 1, 1], dtype=object)]
[252, array([-16.,  -8.,  -8.,   0.]), array([1, 2, 2, 3, 3, 3, 0, 1, 1, 3, 3, 2, 2, 2, 1, 1, 0, 1, 0, 2, 1, 1,
       3, 1, 1], dtype=object)]
[252, array([-16.,  -8.,  -8.,   0.]), array([1, 2, 2, 3, 3, 3, 0, 1, 1, 3, 3, 2, 2, 2, 1, 1, 0, 1, 0, 2, 1, 1,
       3, 1, 1], dtype=object)]
[253, array([-16.,  -8.,  -8.,   0.]), array([2, 2, 2, 3, 3, 1, 0, 1, 1, 3, 3, 2, 2, 2, 1, 1, 0, 1, 2, 2, 1, 1,
       3, 1, 1], dtype=object)]
[253, array([-16.,  -8.,  -8.,   0.]), array([2, 2, 2, 3, 3, 1, 0, 1, 1, 3, 3, 2, 2, 2, 1, 1, 0, 1, 2, 2, 1, 1,
       3, 1, 1], dtype=object)]
[253, array([-16.,  -8.,  -8.,   0.]), array([2, 2, 2, 3, 3, 1, 0, 1, 1, 3, 3, 2, 2, 2, 1, 1, 0, 1, 2, 2, 1, 1,
       3, 1, 1], dtype=object)]
[253, array([-16.,  -8.,  -8.,   0.]), array([2, 2, 2, 3, 3, 1, 0, 1, 1, 3, 3, 2, 2, 2, 1, 1, 0, 1, 2, 2, 1, 1,
       3, 1, 1], dtype=object)]
[254, array([-16.,  -8.,  -8.,   0.]), array([2, 2, 2, 3, 3, 1, 0, 1, 1, 3, 3, 2, 2, 2, 1, 1, 1, 2, 0, 2, 1, 1,
       3, 1, 1], dtype=object)]
[254, array([-16.,  -8.,  -8.,   0.]), array([2, 2, 2, 3, 3, 1, 0, 1, 1, 3, 3, 2, 2, 2, 1, 1, 1, 2, 0, 2, 1, 1,
       3, 1, 1], dtype=object)]
[254, array([-16.,  -8.,  -8.,   0.]), array([2, 2, 2, 3, 3, 1, 0, 1, 1, 3, 3, 2, 2, 2, 1, 1, 1, 2, 0, 2, 1, 1,
       3, 1, 1], dtype=object)]
[254, array([-16.,  -8.,  -8.,   0.]), array([2, 2, 2, 3, 3, 1, 0, 1, 1, 3, 3, 2, 2, 2, 1, 1, 1, 2, 0, 2, 1, 1,
       3, 1, 1], dtype=object)]
[255, array([-16.,  -8.,  -8.,   0.]), array([2, 2, 2, 3, 3, 1, 0, 1, 1, 3, 3, 2, 2, 2, 1, 1, 0, 1, 0, 2, 1, 1,
       3, 1, 1], dtype=object)]
[255, array([-16.,  -8.,  -8.,   0.]), array([2, 2, 2, 3, 3, 1, 0, 1, 1, 3, 3, 2, 2, 2, 1, 1, 0, 1, 0, 2, 1, 1,
       3, 1, 1], dtype=object)]
[255, array([-16.,  -8.,  -8.,   0.]), array([2, 2, 2, 3, 3, 1, 0, 1, 1, 3, 3, 2, 2, 2, 1, 1, 0, 1, 0, 2, 1, 1,
       3, 1, 1], dtype=object)]
[255, array([-16.,  -8.,  -8.,   0.]), array([2, 2, 2, 3, 3, 1, 0, 1, 1, 3, 3, 2, 2, 2, 1, 1, 0, 1, 0, 2, 1, 1,
       3, 1, 1], dtype=object)]
[256, array([-16.,  -8.,  -8.,   0.]), array([2, 2, 2, 3, 3, 1, 0, 1, 1, 3, 3, 2, 2, 2, 1, 1, 2, 1, 0, 2, 1, 1,
       3, 1, 1], dtype=object)]
[256, array([-16.,  -8.,  -8.,   0.]), array([2, 2, 2, 3, 3, 1, 0, 1, 1, 3, 3, 2, 2, 2, 1, 1, 2, 1, 0, 2, 1, 1,
       3, 1, 1], dtype=object)]
[256, array([-16.,  -8.,  -8.,   0.]), array([2, 2, 2, 3, 3, 1, 0, 1, 1, 3, 3, 2, 2, 2, 1, 1, 2, 1, 0, 2, 1, 1,
       3, 1, 1], dtype=object)]
[256, array([-16.,  -8.,  -8.,   0.]), array([2, 2, 2, 3, 3, 1, 0, 1, 1, 3, 3, 2, 2, 2, 1, 1, 2, 1, 0, 2, 1, 1,
       3, 1, 1], dtype=object)]
[257, array([-16.,  -8.,  -8.,   0.]), array([2, 2, 2, 3, 3, 1, 0, 1, 1, 3, 3, 2, 2, 2, 1, 1, 0, 1, 0, 2, 1, 1,
       3, 1, 1], dtype=object)]
[257, array([-16.,  -8.,  -8.,   0.]), array([2, 2, 2, 3, 3, 1, 0, 1, 1, 3, 3, 2, 2, 2, 1, 1, 0, 1, 0, 2, 1, 1,
       3, 1, 1], dtype=object)]
[257, array([-16.,  -8.,  -8.,   0.]), array([2, 2, 2, 3, 3, 1, 0, 1, 1, 3, 3, 2, 2, 2, 1, 1, 0, 1, 0, 2, 1, 1,
       3, 1, 1], dtype=object)]
[257, array([-16.,  -8.,  -8.,   0.]), array([2, 2, 2, 3, 3, 1, 0, 1, 1, 3, 3, 2, 2, 2, 1, 1, 0, 1, 0, 2, 1, 1,
       3, 1, 1], dtype=object)]
[258, array([-16.,  -8.,  -8.,   0.]), array([1, 2, 2, 3, 3, 1, 0, 1, 1, 3, 3, 2, 2, 2, 1, 1, 1, 0, 1, 2, 1, 1,
       3, 1, 1], dtype=object)]
[258, array([-16.,  -8.,  -8.,   0.]), array([1, 2, 2, 3, 3, 1, 0, 1, 1, 3, 3, 2, 2, 2, 1, 1, 1, 0, 1, 2, 1, 1,
       3, 1, 1], dtype=object)]
[258, array([-16.,  -8.,  -8.,   0.]), array([1, 2, 2, 3, 3, 1, 0, 1, 1, 3, 3, 2, 2, 2, 1, 1, 1, 0, 1, 2, 1, 1,
       3, 1, 1], dtype=object)]
[258, array([-16.,  -8.,  -8.,   0.]), array([1, 2, 2, 3, 3, 1, 0, 1, 1, 3, 3, 2, 2, 2, 1, 1, 1, 0, 1, 2, 1, 1,
       3, 1, 1], dtype=object)]
[259, array([-16.,  -8.,  -8.,   0.]), array([2, 2, 2, 3, 3, 1, 0, 1, 1, 3, 3, 2, 2, 2, 1, 1, 0, 1, 2, 2, 1, 1,
       3, 1, 1], dtype=object)]
[259, array([-16.,  -8.,  -8.,   0.]), array([2, 2, 2, 3, 3, 1, 0, 1, 1, 3, 3, 2, 2, 2, 1, 1, 0, 1, 2, 2, 1, 1,
       3, 1, 1], dtype=object)]
[259, array([-16.,  -8.,  -8.,   0.]), array([2, 2, 2, 3, 3, 1, 0, 1, 1, 3, 3, 2, 2, 2, 1, 1, 0, 1, 2, 2, 1, 1,
       3, 1, 1], dtype=object)]
[259, array([-16.,  -8.,  -8.,   0.]), array([2, 2, 2, 3, 3, 1, 0, 1, 1, 3, 3, 2, 2, 2, 1, 1, 0, 1, 2, 2, 1, 1,
       3, 1, 1], dtype=object)]
[260, array([-16.,  -8.,  -8.,   0.]), array([2, 2, 2, 3, 3, 3, 0, 1, 1, 3, 3, 2, 2, 2, 1, 1, 1, 0, 1, 2, 1, 1,
       3, 1, 1], dtype=object)]
[260, array([-16.,  -8.,  -8.,   0.]), array([2, 2, 2, 3, 3, 3, 0, 1, 1, 3, 3, 2, 2, 2, 1, 1, 1, 0, 1, 2, 1, 1,
       3, 1, 1], dtype=object)]
[260, array([-16.,  -8.,  -8.,   0.]), array([2, 2, 2, 3, 3, 3, 0, 1, 1, 3, 3, 2, 2, 2, 1, 1, 1, 0, 1, 2, 1, 1,
       3, 1, 1], dtype=object)]
[260, array([-16.,  -8.,  -8.,   0.]), array([2, 2, 2, 3, 3, 3, 0, 1, 1, 3, 3, 2, 2, 2, 1, 1, 1, 0, 1, 2, 1, 1,
       3, 1, 1], dtype=object)]
[261, array([-16.,  -8.,  -8.,   0.]), array([2, 2, 2, 3, 3, 1, 0, 1, 1, 3, 3, 2, 2, 2, 1, 1, 0, 0, 1, 2, 1, 1,
       3, 1, 1], dtype=object)]
[261, array([-16.,  -8.,  -8.,   0.]), array([2, 2, 2, 3, 3, 1, 0, 1, 1, 3, 3, 2, 2, 2, 1, 1, 0, 0, 1, 2, 1, 1,
       3, 1, 1], dtype=object)]
[261, array([-16.,  -8.,  -8.,   0.]), array([2, 2, 2, 3, 3, 1, 0, 1, 1, 3, 3, 2, 2, 2, 1, 1, 0, 0, 1, 2, 1, 1,
       3, 1, 1], dtype=object)]
[261, array([-16.,  -8.,  -8.,   0.]), array([2, 2, 2, 3, 3, 1, 0, 1, 1, 3, 3, 2, 2, 2, 1, 1, 0, 0, 1, 2, 1, 1,
       3, 1, 1], dtype=object)]
[262, array([-16.,  -8.,  -8.,   0.]), array([2, 2, 2, 3, 3, 1, 0, 1, 1, 3, 3, 2, 2, 2, 1, 1, 0, 1, 3, 2, 1, 1,
       3, 1, 1], dtype=object)]
[262, array([-16.,  -8.,  -8.,   0.]), array([2, 2, 2, 3, 3, 1, 0, 1, 1, 3, 3, 2, 2, 2, 1, 1, 0, 1, 3, 2, 1, 1,
       3, 1, 1], dtype=object)]
[262, array([-16.,  -8.,  -8.,   0.]), array([2, 2, 2, 3, 3, 1, 0, 1, 1, 3, 3, 2, 2, 2, 1, 1, 0, 1, 3, 2, 1, 1,
       3, 1, 1], dtype=object)]
[262, array([-16.,  -8.,  -8.,   0.]), array([2, 2, 2, 3, 3, 1, 0, 1, 1, 3, 3, 2, 2, 2, 1, 1, 0, 1, 3, 2, 1, 1,
       3, 1, 1], dtype=object)]
[263, array([-16.,  -8.,  -8.,   0.]), array([2, 2, 2, 3, 3, 1, 0, 1, 1, 3, 3, 2, 2, 2, 1, 1, 0, 1, 0, 2, 1, 1,
       3, 1, 1], dtype=object)]
[263, array([-16.,  -8.,  -8.,   0.]), array([2, 2, 2, 3, 3, 1, 0, 1, 1, 3, 3, 2, 2, 2, 1, 1, 0, 1, 0, 2, 1, 1,
       3, 1, 1], dtype=object)]
[263, array([-16.,  -8.,  -8.,   0.]), array([2, 2, 2, 3, 3, 1, 0, 1, 1, 3, 3, 2, 2, 2, 1, 1, 0, 1, 0, 2, 1, 1,
       3, 1, 1], dtype=object)]
[263, array([-16.,  -8.,  -8.,   0.]), array([2, 2, 2, 3, 3, 1, 0, 1, 1, 3, 3, 2, 2, 2, 1, 1, 0, 1, 0, 2, 1, 1,
       3, 1, 1], dtype=object)]
[264, array([-16.,  -8.,  -8.,   0.]), array([0, 2, 2, 3, 3, 1, 0, 1, 1, 3, 3, 2, 2, 2, 1, 1, 0, 1, 0, 2, 1, 1,
       3, 1, 1], dtype=object)]
[264, array([-16.,  -8.,  -8.,   0.]), array([0, 2, 2, 3, 3, 1, 0, 1, 1, 3, 3, 2, 2, 2, 1, 1, 0, 1, 0, 2, 1, 1,
       3, 1, 1], dtype=object)]
[264, array([-16.,  -8.,  -8.,   0.]), array([0, 2, 2, 3, 3, 1, 0, 1, 1, 3, 3, 2, 2, 2, 1, 1, 0, 1, 0, 2, 1, 1,
       3, 1, 1], dtype=object)]
[264, array([-16.,  -8.,  -8.,   0.]), array([0, 2, 2, 3, 3, 1, 0, 1, 1, 3, 3, 2, 2, 2, 1, 1, 0, 1, 0, 2, 1, 1,
       3, 1, 1], dtype=object)]
[265, array([-16.,  -8.,  -8.,   0.]), array([2, 2, 2, 3, 3, 1, 0, 1, 1, 3, 3, 2, 2, 2, 1, 1, 0, 0, 3, 2, 1, 1,
       3, 1, 1], dtype=object)]
[265, array([-16.,  -8.,  -8.,   0.]), array([2, 2, 2, 3, 3, 1, 0, 1, 1, 3, 3, 2, 2, 2, 1, 1, 0, 0, 3, 2, 1, 1,
       3, 1, 1], dtype=object)]
[265, array([-16.,  -8.,  -8.,   0.]), array([2, 2, 2, 3, 3, 1, 0, 1, 1, 3, 3, 2, 2, 2, 1, 1, 0, 0, 3, 2, 1, 1,
       3, 1, 1], dtype=object)]
[265, array([-16.,  -8.,  -8.,   0.]), array([2, 2, 2, 3, 3, 1, 0, 1, 1, 3, 3, 2, 2, 2, 1, 1, 0, 0, 3, 2, 1, 1,
       3, 1, 1], dtype=object)]
[266, array([-16.,  -8.,  -8.,   0.]), array([1, 2, 2, 3, 3, 1, 0, 1, 1, 3, 3, 2, 2, 2, 1, 1, 0, 1, 2, 2, 1, 1,
       3, 1, 1], dtype=object)]
[266, array([-16.,  -8.,  -8.,   0.]), array([1, 2, 2, 3, 3, 1, 0, 1, 1, 3, 3, 2, 2, 2, 1, 1, 0, 1, 2, 2, 1, 1,
       3, 1, 1], dtype=object)]
[266, array([-16.,  -8.,  -8.,   0.]), array([1, 2, 2, 3, 3, 1, 0, 1, 1, 3, 3, 2, 2, 2, 1, 1, 0, 1, 2, 2, 1, 1,
       3, 1, 1], dtype=object)]
[266, array([-16.,  -8.,  -8.,   0.]), array([1, 2, 2, 3, 3, 1, 0, 1, 1, 3, 3, 2, 2, 2, 1, 1, 0, 1, 2, 2, 1, 1,
       3, 1, 1], dtype=object)]
[267, array([-16.,  -8.,  -8.,   0.]), array([3, 2, 2, 3, 3, 1, 0, 1, 1, 3, 3, 2, 2, 2, 1, 1, 0, 0, 1, 2, 1, 1,
       3, 1, 1], dtype=object)]
[267, array([-16.,  -8.,  -8.,   0.]), array([3, 2, 2, 3, 3, 1, 0, 1, 1, 3, 3, 2, 2, 2, 1, 1, 0, 0, 1, 2, 1, 1,
       3, 1, 1], dtype=object)]
[267, array([-16.,  -8.,  -8.,   0.]), array([3, 2, 2, 3, 3, 1, 0, 1, 1, 3, 3, 2, 2, 2, 1, 1, 0, 0, 1, 2, 1, 1,
       3, 1, 1], dtype=object)]
[267, array([-16.,  -8.,  -8.,   0.]), array([3, 2, 2, 3, 3, 1, 0, 1, 1, 3, 3, 2, 2, 2, 1, 1, 0, 0, 1, 2, 1, 1,
       3, 1, 1], dtype=object)]
[268, array([-16.,  -8.,  -8.,   0.]), array([3, 2, 2, 3, 3, 1, 0, 1, 1, 3, 3, 2, 2, 2, 1, 1, 0, 0, 1, 2, 1, 1,
       3, 1, 1], dtype=object)]
[268, array([-16.,  -8.,  -8.,   0.]), array([3, 2, 2, 3, 3, 1, 0, 1, 1, 3, 3, 2, 2, 2, 1, 1, 0, 0, 1, 2, 1, 1,
       3, 1, 1], dtype=object)]
[268, array([-16.,  -8.,  -8.,   0.]), array([3, 2, 2, 3, 3, 1, 0, 1, 1, 3, 3, 2, 2, 2, 1, 1, 0, 0, 1, 2, 1, 1,
       3, 1, 1], dtype=object)]
[268, array([-16.,  -8.,  -8.,   0.]), array([3, 2, 2, 3, 3, 1, 0, 1, 1, 3, 3, 2, 2, 2, 1, 1, 0, 0, 1, 2, 1, 1,
       3, 1, 1], dtype=object)]
[269, array([-16.,  -8.,  -8.,   0.]), array([3, 2, 2, 3, 3, 1, 0, 1, 1, 3, 3, 2, 2, 2, 1, 1, 0, 1, 0, 2, 1, 1,
       3, 1, 1], dtype=object)]
[269, array([-16.,  -8.,  -8.,   0.]), array([3, 2, 2, 3, 3, 1, 0, 1, 1, 3, 3, 2, 2, 2, 1, 1, 0, 1, 0, 2, 1, 1,
       3, 1, 1], dtype=object)]
[269, array([-16.,  -8.,  -8.,   0.]), array([3, 2, 2, 3, 3, 1, 0, 1, 1, 3, 3, 2, 2, 2, 1, 1, 0, 1, 0, 2, 1, 1,
       3, 1, 1], dtype=object)]
[269, array([-16.,  -8.,  -8.,   0.]), array([3, 2, 2, 3, 3, 1, 0, 1, 1, 3, 3, 2, 2, 2, 1, 1, 0, 1, 0, 2, 1, 1,
       3, 1, 1], dtype=object)]
[270, array([-16.,  -8.,  -8.,   0.]), array([2, 2, 2, 3, 3, 1, 0, 1, 1, 3, 3, 2, 2, 2, 1, 1, 0, 2, 0, 2, 1, 1,
       3, 1, 1], dtype=object)]
[270, array([-16.,  -8.,  -8.,   0.]), array([2, 2, 2, 3, 3, 1, 0, 1, 1, 3, 3, 2, 2, 2, 1, 1, 0, 2, 0, 2, 1, 1,
       3, 1, 1], dtype=object)]
[270, array([-16.,  -8.,  -8.,   0.]), array([2, 2, 2, 3, 3, 1, 0, 1, 1, 3, 3, 2, 2, 2, 1, 1, 0, 2, 0, 2, 1, 1,
       3, 1, 1], dtype=object)]
[270, array([-16.,  -8.,  -8.,   0.]), array([2, 2, 2, 3, 3, 1, 0, 1, 1, 3, 3, 2, 2, 2, 1, 1, 0, 2, 0, 2, 1, 1,
       3, 1, 1], dtype=object)]
[271, array([-16.,  -8.,  -8.,   0.]), array([2, 2, 2, 3, 3, 1, 0, 1, 1, 3, 3, 2, 2, 2, 1, 1, 0, 1, 0, 2, 1, 1,
       3, 1, 1], dtype=object)]
[271, array([-16.,  -8.,  -8.,   0.]), array([2, 2, 2, 3, 3, 1, 0, 1, 1, 3, 3, 2, 2, 2, 1, 1, 0, 1, 0, 2, 1, 1,
       3, 1, 1], dtype=object)]
[271, array([-16.,  -8.,  -8.,   0.]), array([2, 2, 2, 3, 3, 1, 0, 1, 1, 3, 3, 2, 2, 2, 1, 1, 0, 1, 0, 2, 1, 1,
       3, 1, 1], dtype=object)]
[271, array([-16.,  -8.,  -8.,   0.]), array([2, 2, 2, 3, 3, 1, 0, 1, 1, 3, 3, 2, 2, 2, 1, 1, 0, 1, 0, 2, 1, 1,
       3, 1, 1], dtype=object)]
[272, array([-16.,  -8.,  -8.,   0.]), array([3, 2, 2, 3, 3, 1, 0, 1, 1, 3, 3, 2, 2, 2, 1, 1, 0, 1, 1, 2, 1, 1,
       3, 1, 1], dtype=object)]
[272, array([-16.,  -8.,  -8.,   0.]), array([3, 2, 2, 3, 3, 1, 0, 1, 1, 3, 3, 2, 2, 2, 1, 1, 0, 1, 1, 2, 1, 1,
       3, 1, 1], dtype=object)]
[272, array([-16.,  -8.,  -8.,   0.]), array([3, 2, 2, 3, 3, 1, 0, 1, 1, 3, 3, 2, 2, 2, 1, 1, 0, 1, 1, 2, 1, 1,
       3, 1, 1], dtype=object)]
[272, array([-16.,  -8.,  -8.,   0.]), array([3, 2, 2, 3, 3, 1, 0, 1, 1, 3, 3, 2, 2, 2, 1, 1, 0, 1, 1, 2, 1, 1,
       3, 1, 1], dtype=object)]
[273, array([-16.,  -8.,  -8.,   0.]), array([2, 2, 2, 3, 3, 1, 0, 1, 1, 3, 3, 2, 2, 2, 1, 1, 0, 0, 0, 2, 1, 1,
       3, 1, 1], dtype=object)]
[273, array([-16.,  -8.,  -8.,   0.]), array([2, 2, 2, 3, 3, 1, 0, 1, 1, 3, 3, 2, 2, 2, 1, 1, 0, 0, 0, 2, 1, 1,
       3, 1, 1], dtype=object)]
[273, array([-16.,  -8.,  -8.,   0.]), array([2, 2, 2, 3, 3, 1, 0, 1, 1, 3, 3, 2, 2, 2, 1, 1, 0, 0, 0, 2, 1, 1,
       3, 1, 1], dtype=object)]
[273, array([-16.,  -8.,  -8.,   0.]), array([2, 2, 2, 3, 3, 1, 0, 1, 1, 3, 3, 2, 2, 2, 1, 1, 0, 0, 0, 2, 1, 1,
       3, 1, 1], dtype=object)]
[274, array([-16.,  -8.,  -8.,   0.]), array([2, 2, 2, 3, 3, 1, 0, 1, 1, 3, 3, 2, 2, 2, 1, 1, 0, 1, 0, 2, 1, 1,
       3, 1, 1], dtype=object)]
[274, array([-16.,  -8.,  -8.,   0.]), array([2, 2, 2, 3, 3, 1, 0, 1, 1, 3, 3, 2, 2, 2, 1, 1, 0, 1, 0, 2, 1, 1,
       3, 1, 1], dtype=object)]
[274, array([-16.,  -8.,  -8.,   0.]), array([2, 2, 2, 3, 3, 1, 0, 1, 1, 3, 3, 2, 2, 2, 1, 1, 0, 1, 0, 2, 1, 1,
       3, 1, 1], dtype=object)]
[274, array([-16.,  -8.,  -8.,   0.]), array([2, 2, 2, 3, 3, 1, 0, 1, 1, 3, 3, 2, 2, 2, 1, 1, 0, 1, 0, 2, 1, 1,
       3, 1, 1], dtype=object)]
[275, array([-16.,  -8.,  -8.,   0.]), array([3, 2, 2, 3, 3, 1, 0, 1, 1, 3, 3, 2, 2, 2, 1, 1, 0, 1, 0, 2, 1, 1,
       3, 1, 1], dtype=object)]
[275, array([-16.,  -8.,  -8.,   0.]), array([3, 2, 2, 3, 3, 1, 0, 1, 1, 3, 3, 2, 2, 2, 1, 1, 0, 1, 0, 2, 1, 1,
       3, 1, 1], dtype=object)]
[275, array([-16.,  -8.,  -8.,   0.]), array([3, 2, 2, 3, 3, 1, 0, 1, 1, 3, 3, 2, 2, 2, 1, 1, 0, 1, 0, 2, 1, 1,
       3, 1, 1], dtype=object)]
[275, array([-16.,  -8.,  -8.,   0.]), array([3, 2, 2, 3, 3, 1, 0, 1, 1, 3, 3, 2, 2, 2, 1, 1, 0, 1, 0, 2, 1, 1,
       3, 1, 1], dtype=object)]
[276, array([-16.,  -8.,  -8.,   0.]), array([3, 2, 2, 3, 3, 2, 0, 1, 1, 3, 3, 2, 2, 2, 1, 1, 0, 2, 1, 2, 1, 1,
       3, 1, 1], dtype=object)]
[276, array([-16.,  -8.,  -8.,   0.]), array([3, 2, 2, 3, 3, 2, 0, 1, 1, 3, 3, 2, 2, 2, 1, 1, 0, 2, 1, 2, 1, 1,
       3, 1, 1], dtype=object)]
[276, array([-16.,  -8.,  -8.,   0.]), array([3, 2, 2, 3, 3, 2, 0, 1, 1, 3, 3, 2, 2, 2, 1, 1, 0, 2, 1, 2, 1, 1,
       3, 1, 1], dtype=object)]
[276, array([-16.,  -8.,  -8.,   0.]), array([3, 2, 2, 3, 3, 2, 0, 1, 1, 3, 3, 2, 2, 2, 1, 1, 0, 2, 1, 2, 1, 1,
       3, 1, 1], dtype=object)]
[277, array([-16.,  -8.,  -8.,   0.]), array([3, 2, 2, 3, 3, 1, 0, 1, 1, 3, 3, 2, 2, 2, 1, 1, 0, 1, 0, 2, 1, 1,
       3, 1, 1], dtype=object)]
[277, array([-16.,  -8.,  -8.,   0.]), array([3, 2, 2, 3, 3, 1, 0, 1, 1, 3, 3, 2, 2, 2, 1, 1, 0, 1, 0, 2, 1, 1,
       3, 1, 1], dtype=object)]
[277, array([-16.,  -8.,  -8.,   0.]), array([3, 2, 2, 3, 3, 1, 0, 1, 1, 3, 3, 2, 2, 2, 1, 1, 0, 1, 0, 2, 1, 1,
       3, 1, 1], dtype=object)]
[277, array([-16.,  -8.,  -8.,   0.]), array([3, 2, 2, 3, 3, 1, 0, 1, 1, 3, 3, 2, 2, 2, 1, 1, 0, 1, 0, 2, 1, 1,
       3, 1, 1], dtype=object)]
[278, array([-16.,  -8.,  -8.,   0.]), array([3, 2, 2, 3, 3, 1, 0, 1, 1, 3, 3, 2, 2, 2, 1, 1, 0, 0, 1, 2, 1, 0,
       3, 1, 1], dtype=object)]
[278, array([-16.,  -8.,  -8.,   0.]), array([3, 2, 2, 3, 3, 1, 0, 1, 1, 3, 3, 2, 2, 2, 1, 1, 0, 0, 1, 2, 1, 0,
       3, 1, 1], dtype=object)]
[278, array([-16.,  -8.,  -8.,   0.]), array([3, 2, 2, 3, 3, 1, 0, 1, 1, 3, 3, 2, 2, 2, 1, 1, 0, 0, 1, 2, 1, 0,
       3, 1, 1], dtype=object)]
[278, array([-16.,  -8.,  -8.,   0.]), array([3, 2, 2, 3, 3, 1, 0, 1, 1, 3, 3, 2, 2, 2, 1, 1, 0, 0, 1, 2, 1, 0,
       3, 1, 1], dtype=object)]
[279, array([-16.,  -8.,  -8.,   0.]), array([2, 2, 2, 3, 3, 1, 0, 1, 1, 3, 3, 2, 2, 2, 1, 1, 0, 2, 1, 2, 1, 1,
       3, 1, 1], dtype=object)]
[279, array([-16.,  -8.,  -8.,   0.]), array([2, 2, 2, 3, 3, 1, 0, 1, 1, 3, 3, 2, 2, 2, 1, 1, 0, 2, 1, 2, 1, 1,
       3, 1, 1], dtype=object)]
[279, array([-16.,  -8.,  -8.,   0.]), array([2, 2, 2, 3, 3, 1, 0, 1, 1, 3, 3, 2, 2, 2, 1, 1, 0, 2, 1, 2, 1, 1,
       3, 1, 1], dtype=object)]
[279, array([-16.,  -8.,  -8.,   0.]), array([2, 2, 2, 3, 3, 1, 0, 1, 1, 3, 3, 2, 2, 2, 1, 1, 0, 2, 1, 2, 1, 1,
       3, 1, 1], dtype=object)]
[280, array([-16.,  -8.,  -8.,   0.]), array([3, 2, 2, 3, 3, 1, 0, 1, 1, 3, 3, 2, 2, 2, 1, 1, 3, 1, 0, 2, 1, 1,
       3, 1, 1], dtype=object)]
[280, array([-16.,  -8.,  -8.,   0.]), array([3, 2, 2, 3, 3, 1, 0, 1, 1, 3, 3, 2, 2, 2, 1, 1, 3, 1, 0, 2, 1, 1,
       3, 1, 1], dtype=object)]
[280, array([-16.,  -8.,  -8.,   0.]), array([3, 2, 2, 3, 3, 1, 0, 1, 1, 3, 3, 2, 2, 2, 1, 1, 3, 1, 0, 2, 1, 1,
       3, 1, 1], dtype=object)]
[280, array([-16.,  -8.,  -8.,   0.]), array([3, 2, 2, 3, 3, 1, 0, 1, 1, 3, 3, 2, 2, 2, 1, 1, 3, 1, 0, 2, 1, 1,
       3, 1, 1], dtype=object)]
[281, array([-16.,  -8.,  -8.,   0.]), array([2, 2, 2, 3, 3, 1, 0, 1, 1, 3, 3, 2, 2, 2, 1, 1, 0, 1, 1, 2, 1, 1,
       3, 1, 1], dtype=object)]
[281, array([-16.,  -8.,  -8.,   0.]), array([2, 2, 2, 3, 3, 1, 0, 1, 1, 3, 3, 2, 2, 2, 1, 1, 0, 1, 1, 2, 1, 1,
       3, 1, 1], dtype=object)]
[281, array([-16.,  -8.,  -8.,   0.]), array([2, 2, 2, 3, 3, 1, 0, 1, 1, 3, 3, 2, 2, 2, 1, 1, 0, 1, 1, 2, 1, 1,
       3, 1, 1], dtype=object)]
[281, array([-16.,  -8.,  -8.,   0.]), array([2, 2, 2, 3, 3, 1, 0, 1, 1, 3, 3, 2, 2, 2, 1, 1, 0, 1, 1, 2, 1, 1,
       3, 1, 1], dtype=object)]
[282, array([-16.,  -8.,  -8.,   0.]), array([3, 2, 2, 3, 3, 1, 0, 1, 1, 3, 3, 2, 2, 2, 1, 1, 0, 1, 0, 2, 1, 1,
       3, 1, 1], dtype=object)]
[282, array([-16.,  -8.,  -8.,   0.]), array([3, 2, 2, 3, 3, 1, 0, 1, 1, 3, 3, 2, 2, 2, 1, 1, 0, 1, 0, 2, 1, 1,
       3, 1, 1], dtype=object)]
[282, array([-16.,  -8.,  -8.,   0.]), array([3, 2, 2, 3, 3, 1, 0, 1, 1, 3, 3, 2, 2, 2, 1, 1, 0, 1, 0, 2, 1, 1,
       3, 1, 1], dtype=object)]
[282, array([-16.,  -8.,  -8.,   0.]), array([3, 2, 2, 3, 3, 1, 0, 1, 1, 3, 3, 2, 2, 2, 1, 1, 0, 1, 0, 2, 1, 1,
       3, 1, 1], dtype=object)]
[283, array([-16.,  -8.,  -8.,   0.]), array([2, 2, 2, 3, 3, 0, 0, 1, 1, 3, 3, 2, 2, 2, 1, 1, 0, 1, 0, 2, 1, 1,
       3, 1, 1], dtype=object)]
[283, array([-16.,  -8.,  -8.,   0.]), array([2, 2, 2, 3, 3, 0, 0, 1, 1, 3, 3, 2, 2, 2, 1, 1, 0, 1, 0, 2, 1, 1,
       3, 1, 1], dtype=object)]
[283, array([-16.,  -8.,  -8.,   0.]), array([2, 2, 2, 3, 3, 0, 0, 1, 1, 3, 3, 2, 2, 2, 1, 1, 0, 1, 0, 2, 1, 1,
       3, 1, 1], dtype=object)]
[283, array([-16.,  -8.,  -8.,   0.]), array([2, 2, 2, 3, 3, 0, 0, 1, 1, 3, 3, 2, 2, 2, 1, 1, 0, 1, 0, 2, 1, 1,
       3, 1, 1], dtype=object)]
[284, array([-16.,  -8.,  -8.,   0.]), array([3, 2, 2, 3, 3, 1, 0, 1, 1, 3, 3, 2, 2, 2, 1, 1, 0, 1, 0, 2, 1, 1,
       3, 1, 1], dtype=object)]
[284, array([-16.,  -8.,  -8.,   0.]), array([3, 2, 2, 3, 3, 1, 0, 1, 1, 3, 3, 2, 2, 2, 1, 1, 0, 1, 0, 2, 1, 1,
       3, 1, 1], dtype=object)]
[284, array([-16.,  -8.,  -8.,   0.]), array([3, 2, 2, 3, 3, 1, 0, 1, 1, 3, 3, 2, 2, 2, 1, 1, 0, 1, 0, 2, 1, 1,
       3, 1, 1], dtype=object)]
[284, array([-16.,  -8.,  -8.,   0.]), array([3, 2, 2, 3, 3, 1, 0, 1, 1, 3, 3, 2, 2, 2, 1, 1, 0, 1, 0, 2, 1, 1,
       3, 1, 1], dtype=object)]
[285, array([-16.,  -8.,  -8.,   0.]), array([2, 2, 2, 3, 3, 1, 0, 1, 1, 3, 3, 2, 2, 2, 1, 1, 0, 1, 0, 2, 1, 1,
       3, 1, 1], dtype=object)]
[285, array([-16.,  -8.,  -8.,   0.]), array([2, 2, 2, 3, 3, 1, 0, 1, 1, 3, 3, 2, 2, 2, 1, 1, 0, 1, 0, 2, 1, 1,
       3, 1, 1], dtype=object)]
[285, array([-16.,  -8.,  -8.,   0.]), array([2, 2, 2, 3, 3, 1, 0, 1, 1, 3, 3, 2, 2, 2, 1, 1, 0, 1, 0, 2, 1, 1,
       3, 1, 1], dtype=object)]
[285, array([-16.,  -8.,  -8.,   0.]), array([2, 2, 2, 3, 3, 1, 0, 1, 1, 3, 3, 2, 2, 2, 1, 1, 0, 1, 0, 2, 1, 1,
       3, 1, 1], dtype=object)]
[286, array([-16.,  -8.,  -8.,   0.]), array([2, 2, 2, 3, 3, 0, 0, 1, 1, 3, 3, 2, 2, 2, 1, 1, 0, 1, 1, 2, 1, 1,
       3, 1, 1], dtype=object)]
[286, array([-16.,  -8.,  -8.,   0.]), array([2, 2, 2, 3, 3, 0, 0, 1, 1, 3, 3, 2, 2, 2, 1, 1, 0, 1, 1, 2, 1, 1,
       3, 1, 1], dtype=object)]
[286, array([-16.,  -8.,  -8.,   0.]), array([2, 2, 2, 3, 3, 0, 0, 1, 1, 3, 3, 2, 2, 2, 1, 1, 0, 1, 1, 2, 1, 1,
       3, 1, 1], dtype=object)]
[286, array([-16.,  -8.,  -8.,   0.]), array([2, 2, 2, 3, 3, 0, 0, 1, 1, 3, 3, 2, 2, 2, 1, 1, 0, 1, 1, 2, 1, 1,
       3, 1, 1], dtype=object)]
[287, array([-16.,  -8.,  -8.,   0.]), array([2, 2, 2, 3, 3, 1, 0, 1, 1, 3, 3, 2, 2, 2, 1, 1, 0, 2, 1, 2, 1, 1,
       3, 1, 1], dtype=object)]
[287, array([-16.,  -8.,  -8.,   0.]), array([2, 2, 2, 3, 3, 1, 0, 1, 1, 3, 3, 2, 2, 2, 1, 1, 0, 2, 1, 2, 1, 1,
       3, 1, 1], dtype=object)]
[287, array([-16.,  -8.,  -8.,   0.]), array([2, 2, 2, 3, 3, 1, 0, 1, 1, 3, 3, 2, 2, 2, 1, 1, 0, 2, 1, 2, 1, 1,
       3, 1, 1], dtype=object)]
[287, array([-16.,  -8.,  -8.,   0.]), array([2, 2, 2, 3, 3, 1, 0, 1, 1, 3, 3, 2, 2, 2, 1, 1, 0, 2, 1, 2, 1, 1,
       3, 1, 1], dtype=object)]
[288, array([-16.,  -8.,  -8.,   0.]), array([0, 2, 2, 3, 3, 1, 0, 1, 1, 3, 3, 2, 2, 2, 1, 1, 0, 2, 1, 2, 1, 1,
       3, 1, 1], dtype=object)]
[288, array([-16.,  -8.,  -8.,   0.]), array([0, 2, 2, 3, 3, 1, 0, 1, 1, 3, 3, 2, 2, 2, 1, 1, 0, 2, 1, 2, 1, 1,
       3, 1, 1], dtype=object)]
[288, array([-16.,  -8.,  -8.,   0.]), array([0, 2, 2, 3, 3, 1, 0, 1, 1, 3, 3, 2, 2, 2, 1, 1, 0, 2, 1, 2, 1, 1,
       3, 1, 1], dtype=object)]
[288, array([-16.,  -8.,  -8.,   0.]), array([0, 2, 2, 3, 3, 1, 0, 1, 1, 3, 3, 2, 2, 2, 1, 1, 0, 2, 1, 2, 1, 1,
       3, 1, 1], dtype=object)]
[289, array([-16.,  -8.,  -8.,   0.]), array([2, 2, 2, 3, 3, 3, 0, 1, 1, 3, 3, 2, 2, 2, 1, 1, 0, 2, 0, 2, 1, 1,
       3, 1, 1], dtype=object)]
[289, array([-16.,  -8.,  -8.,   0.]), array([2, 2, 2, 3, 3, 3, 0, 1, 1, 3, 3, 2, 2, 2, 1, 1, 0, 2, 0, 2, 1, 1,
       3, 1, 1], dtype=object)]
[289, array([-16.,  -8.,  -8.,   0.]), array([2, 2, 2, 3, 3, 3, 0, 1, 1, 3, 3, 2, 2, 2, 1, 1, 0, 2, 0, 2, 1, 1,
       3, 1, 1], dtype=object)]
[289, array([-16.,  -8.,  -8.,   0.]), array([2, 2, 2, 3, 3, 3, 0, 1, 1, 3, 3, 2, 2, 2, 1, 1, 0, 2, 0, 2, 1, 1,
       3, 1, 1], dtype=object)]
[290, array([-16.,  -8.,  -8.,   0.]), array([2, 2, 2, 3, 3, 3, 0, 1, 1, 3, 3, 2, 2, 2, 1, 1, 0, 2, 0, 2, 1, 1,
       3, 1, 1], dtype=object)]
[290, array([-16.,  -8.,  -8.,   0.]), array([2, 2, 2, 3, 3, 3, 0, 1, 1, 3, 3, 2, 2, 2, 1, 1, 0, 2, 0, 2, 1, 1,
       3, 1, 1], dtype=object)]
[290, array([-16.,  -8.,  -8.,   0.]), array([2, 2, 2, 3, 3, 3, 0, 1, 1, 3, 3, 2, 2, 2, 1, 1, 0, 2, 0, 2, 1, 1,
       3, 1, 1], dtype=object)]
[290, array([-16.,  -8.,  -8.,   0.]), array([2, 2, 2, 3, 3, 3, 0, 1, 1, 3, 3, 2, 2, 2, 1, 1, 0, 2, 0, 2, 1, 1,
       3, 1, 1], dtype=object)]
[291, array([-16.,  -8.,  -8.,   0.]), array([0, 2, 2, 3, 3, 1, 0, 1, 1, 3, 3, 2, 2, 2, 1, 1, 0, 1, 0, 2, 1, 1,
       3, 1, 1], dtype=object)]
[291, array([-16.,  -8.,  -8.,   0.]), array([0, 2, 2, 3, 3, 1, 0, 1, 1, 3, 3, 2, 2, 2, 1, 1, 0, 1, 0, 2, 1, 1,
       3, 1, 1], dtype=object)]
[291, array([-16.,  -8.,  -8.,   0.]), array([0, 2, 2, 3, 3, 1, 0, 1, 1, 3, 3, 2, 2, 2, 1, 1, 0, 1, 0, 2, 1, 1,
       3, 1, 1], dtype=object)]
[291, array([-16.,  -8.,  -8.,   0.]), array([0, 2, 2, 3, 3, 1, 0, 1, 1, 3, 3, 2, 2, 2, 1, 1, 0, 1, 0, 2, 1, 1,
       3, 1, 1], dtype=object)]
[292, array([-16.,  -8.,  -8.,   0.]), array([2, 2, 2, 3, 3, 3, 0, 1, 1, 3, 3, 2, 2, 2, 1, 1, 0, 2, 1, 2, 1, 1,
       3, 1, 1], dtype=object)]
[292, array([-16.,  -8.,  -8.,   0.]), array([2, 2, 2, 3, 3, 3, 0, 1, 1, 3, 3, 2, 2, 2, 1, 1, 0, 2, 1, 2, 1, 1,
       3, 1, 1], dtype=object)]
[292, array([-16.,  -8.,  -8.,   0.]), array([2, 2, 2, 3, 3, 3, 0, 1, 1, 3, 3, 2, 2, 2, 1, 1, 0, 2, 1, 2, 1, 1,
       3, 1, 1], dtype=object)]
[292, array([-16.,  -8.,  -8.,   0.]), array([2, 2, 2, 3, 3, 3, 0, 1, 1, 3, 3, 2, 2, 2, 1, 1, 0, 2, 1, 2, 1, 1,
       3, 1, 1], dtype=object)]
[293, array([-16.,  -8.,  -8.,   0.]), array([3, 2, 2, 3, 3, 1, 0, 1, 1, 3, 3, 2, 2, 2, 1, 1, 0, 2, 1, 2, 1, 1,
       3, 1, 1], dtype=object)]
[293, array([-16.,  -8.,  -8.,   0.]), array([3, 2, 2, 3, 3, 1, 0, 1, 1, 3, 3, 2, 2, 2, 1, 1, 0, 2, 1, 2, 1, 1,
       3, 1, 1], dtype=object)]
[293, array([-16.,  -8.,  -8.,   0.]), array([3, 2, 2, 3, 3, 1, 0, 1, 1, 3, 3, 2, 2, 2, 1, 1, 0, 2, 1, 2, 1, 1,
       3, 1, 1], dtype=object)]
[293, array([-16.,  -8.,  -8.,   0.]), array([3, 2, 2, 3, 3, 1, 0, 1, 1, 3, 3, 2, 2, 2, 1, 1, 0, 2, 1, 2, 1, 1,
       3, 1, 1], dtype=object)]
[294, array([-16.,  -8.,  -8.,   0.]), array([0, 2, 2, 3, 3, 1, 0, 1, 1, 3, 3, 2, 2, 2, 1, 1, 0, 2, 1, 2, 1, 1,
       3, 1, 1], dtype=object)]
[294, array([-16.,  -8.,  -8.,   0.]), array([0, 2, 2, 3, 3, 1, 0, 1, 1, 3, 3, 2, 2, 2, 1, 1, 0, 2, 1, 2, 1, 1,
       3, 1, 1], dtype=object)]
[294, array([-16.,  -8.,  -8.,   0.]), array([0, 2, 2, 3, 3, 1, 0, 1, 1, 3, 3, 2, 2, 2, 1, 1, 0, 2, 1, 2, 1, 1,
       3, 1, 1], dtype=object)]
[294, array([-16.,  -8.,  -8.,   0.]), array([0, 2, 2, 3, 3, 1, 0, 1, 1, 3, 3, 2, 2, 2, 1, 1, 0, 2, 1, 2, 1, 1,
       3, 1, 1], dtype=object)]
[295, array([-16.,  -8.,  -8.,   0.]), array([2, 2, 2, 3, 3, 3, 0, 1, 1, 3, 3, 2, 2, 2, 1, 1, 0, 1, 0, 2, 1, 1,
       3, 1, 1], dtype=object)]
[295, array([-16.,  -8.,  -8.,   0.]), array([2, 2, 2, 3, 3, 3, 0, 1, 1, 3, 3, 2, 2, 2, 1, 1, 0, 1, 0, 2, 1, 1,
       3, 1, 1], dtype=object)]
[295, array([-16.,  -8.,  -8.,   0.]), array([2, 2, 2, 3, 3, 3, 0, 1, 1, 3, 3, 2, 2, 2, 1, 1, 0, 1, 0, 2, 1, 1,
       3, 1, 1], dtype=object)]
[295, array([-16.,  -8.,  -8.,   0.]), array([2, 2, 2, 3, 3, 3, 0, 1, 1, 3, 3, 2, 2, 2, 1, 1, 0, 1, 0, 2, 1, 1,
       3, 1, 1], dtype=object)]
[296, array([-16.,  -8.,  -8.,   0.]), array([2, 2, 2, 3, 3, 1, 0, 1, 1, 3, 3, 2, 2, 2, 1, 1, 0, 2, 1, 2, 1, 1,
       3, 1, 1], dtype=object)]
[296, array([-16.,  -8.,  -8.,   0.]), array([2, 2, 2, 3, 3, 1, 0, 1, 1, 3, 3, 2, 2, 2, 1, 1, 0, 2, 1, 2, 1, 1,
       3, 1, 1], dtype=object)]
[296, array([-16.,  -8.,  -8.,   0.]), array([2, 2, 2, 3, 3, 1, 0, 1, 1, 3, 3, 2, 2, 2, 1, 1, 0, 2, 1, 2, 1, 1,
       3, 1, 1], dtype=object)]
[296, array([-16.,  -8.,  -8.,   0.]), array([2, 2, 2, 3, 3, 1, 0, 1, 1, 3, 3, 2, 2, 2, 1, 1, 0, 2, 1, 2, 1, 1,
       3, 1, 1], dtype=object)]
[297, array([-16.,  -8.,  -8.,   0.]), array([0, 2, 2, 3, 3, 1, 0, 1, 1, 3, 3, 2, 2, 2, 1, 1, 0, 1, 3, 2, 1, 1,
       3, 1, 1], dtype=object)]
[297, array([-16.,  -8.,  -8.,   0.]), array([0, 2, 2, 3, 3, 1, 0, 1, 1, 3, 3, 2, 2, 2, 1, 1, 0, 1, 3, 2, 1, 1,
       3, 1, 1], dtype=object)]
[297, array([-16.,  -8.,  -8.,   0.]), array([0, 2, 2, 3, 3, 1, 0, 1, 1, 3, 3, 2, 2, 2, 1, 1, 0, 1, 3, 2, 1, 1,
       3, 1, 1], dtype=object)]
[297, array([-16.,  -8.,  -8.,   0.]), array([0, 2, 2, 3, 3, 1, 0, 1, 1, 3, 3, 2, 2, 2, 1, 1, 0, 1, 3, 2, 1, 1,
       3, 1, 1], dtype=object)]
[298, array([-16.,  -8.,  -8.,   0.]), array([0, 2, 2, 3, 3, 1, 0, 1, 1, 3, 3, 2, 2, 2, 1, 1, 0, 1, 3, 2, 1, 1,
       3, 1, 1], dtype=object)]
[298, array([-16.,  -8.,  -8.,   0.]), array([0, 2, 2, 3, 3, 1, 0, 1, 1, 3, 3, 2, 2, 2, 1, 1, 0, 1, 3, 2, 1, 1,
       3, 1, 1], dtype=object)]
[298, array([-16.,  -8.,  -8.,   0.]), array([0, 2, 2, 3, 3, 1, 0, 1, 1, 3, 3, 2, 2, 2, 1, 1, 0, 1, 3, 2, 1, 1,
       3, 1, 1], dtype=object)]
[298, array([-16.,  -8.,  -8.,   0.]), array([0, 2, 2, 3, 3, 1, 0, 1, 1, 3, 3, 2, 2, 2, 1, 1, 0, 1, 3, 2, 1, 1,
       3, 1, 1], dtype=object)]
[299, array([-16.,  -8.,  -8.,   0.]), array([2, 2, 2, 3, 3, 3, 0, 1, 1, 3, 3, 2, 2, 2, 1, 1, 0, 2, 1, 2, 1, 1,
       3, 1, 1], dtype=object)]
[299, array([-16.,  -8.,  -8.,   0.]), array([2, 2, 2, 3, 3, 3, 0, 1, 1, 3, 3, 2, 2, 2, 1, 1, 0, 2, 1, 2, 1, 1,
       3, 1, 1], dtype=object)]
[299, array([-16.,  -8.,  -8.,   0.]), array([2, 2, 2, 3, 3, 3, 0, 1, 1, 3, 3, 2, 2, 2, 1, 1, 0, 2, 1, 2, 1, 1,
       3, 1, 1], dtype=object)]
[299, array([-16.,  -8.,  -8.,   0.]), array([2, 2, 2, 3, 3, 3, 0, 1, 1, 3, 3, 2, 2, 2, 1, 1, 0, 2, 1, 2, 1, 1,
       3, 1, 1], dtype=object)]
[300, array([-16.,  -8.,  -8.,   0.]), array([0, 2, 2, 3, 3, 3, 0, 1, 1, 3, 3, 2, 2, 2, 1, 1, 0, 1, 3, 2, 1, 1,
       3, 1, 1], dtype=object)]
[300, array([-16.,  -8.,  -8.,   0.]), array([0, 2, 2, 3, 3, 3, 0, 1, 1, 3, 3, 2, 2, 2, 1, 1, 0, 1, 3, 2, 1, 1,
       3, 1, 1], dtype=object)]
[300, array([-16.,  -8.,  -8.,   0.]), array([0, 2, 2, 3, 3, 3, 0, 1, 1, 3, 3, 2, 2, 2, 1, 1, 0, 1, 3, 2, 1, 1,
       3, 1, 1], dtype=object)]
[300, array([-16.,  -8.,  -8.,   0.]), array([0, 2, 2, 3, 3, 3, 0, 1, 1, 3, 3, 2, 2, 2, 1, 1, 0, 1, 3, 2, 1, 1,
       3, 1, 1], dtype=object)]
[301, array([-16.,  -8.,  -8.,   0.]), array([2, 2, 2, 3, 3, 3, 0, 1, 1, 3, 3, 2, 2, 2, 1, 1, 0, 1, 0, 2, 1, 1,
       3, 1, 1], dtype=object)]
[301, array([-16.,  -8.,  -8.,   0.]), array([2, 2, 2, 3, 3, 3, 0, 1, 1, 3, 3, 2, 2, 2, 1, 1, 0, 1, 0, 2, 1, 1,
       3, 1, 1], dtype=object)]
[301, array([-16.,  -8.,  -8.,   0.]), array([2, 2, 2, 3, 3, 3, 0, 1, 1, 3, 3, 2, 2, 2, 1, 1, 0, 1, 0, 2, 1, 1,
       3, 1, 1], dtype=object)]
[301, array([-16.,  -8.,  -8.,   0.]), array([2, 2, 2, 3, 3, 3, 0, 1, 1, 3, 3, 2, 2, 2, 1, 1, 0, 1, 0, 2, 1, 1,
       3, 1, 1], dtype=object)]
[302, array([-16.,  -8.,  -8.,   0.]), array([2, 2, 2, 3, 3, 3, 0, 1, 1, 3, 3, 2, 2, 2, 1, 1, 0, 0, 0, 2, 1, 1,
       3, 1, 1], dtype=object)]
[302, array([-16.,  -8.,  -8.,   0.]), array([2, 2, 2, 3, 3, 3, 0, 1, 1, 3, 3, 2, 2, 2, 1, 1, 0, 0, 0, 2, 1, 1,
       3, 1, 1], dtype=object)]
[302, array([-16.,  -8.,  -8.,   0.]), array([2, 2, 2, 3, 3, 3, 0, 1, 1, 3, 3, 2, 2, 2, 1, 1, 0, 0, 0, 2, 1, 1,
       3, 1, 1], dtype=object)]
[302, array([-16.,  -8.,  -8.,   0.]), array([2, 2, 2, 3, 3, 3, 0, 1, 1, 3, 3, 2, 2, 2, 1, 1, 0, 0, 0, 2, 1, 1,
       3, 1, 1], dtype=object)]
[303, array([-16.,  -8.,  -8.,   0.]), array([2, 2, 2, 3, 3, 3, 0, 1, 1, 3, 3, 2, 2, 2, 1, 1, 0, 1, 0, 2, 1, 1,
       3, 1, 1], dtype=object)]
[303, array([-16.,  -8.,  -8.,   0.]), array([2, 2, 2, 3, 3, 3, 0, 1, 1, 3, 3, 2, 2, 2, 1, 1, 0, 1, 0, 2, 1, 1,
       3, 1, 1], dtype=object)]
[303, array([-16.,  -8.,  -8.,   0.]), array([2, 2, 2, 3, 3, 3, 0, 1, 1, 3, 3, 2, 2, 2, 1, 1, 0, 1, 0, 2, 1, 1,
       3, 1, 1], dtype=object)]
[303, array([-16.,  -8.,  -8.,   0.]), array([2, 2, 2, 3, 3, 3, 0, 1, 1, 3, 3, 2, 2, 2, 1, 1, 0, 1, 0, 2, 1, 1,
       3, 1, 1], dtype=object)]
[304, array([-16.,  -8.,  -8.,   0.]), array([2, 2, 2, 3, 3, 3, 0, 1, 1, 3, 3, 2, 2, 2, 1, 1, 0, 2, 0, 2, 1, 1,
       3, 1, 1], dtype=object)]
[304, array([-16.,  -8.,  -8.,   0.]), array([2, 2, 2, 3, 3, 3, 0, 1, 1, 3, 3, 2, 2, 2, 1, 1, 0, 2, 0, 2, 1, 1,
       3, 1, 1], dtype=object)]
[304, array([-16.,  -8.,  -8.,   0.]), array([2, 2, 2, 3, 3, 3, 0, 1, 1, 3, 3, 2, 2, 2, 1, 1, 0, 2, 0, 2, 1, 1,
       3, 1, 1], dtype=object)]
[304, array([-16.,  -8.,  -8.,   0.]), array([2, 2, 2, 3, 3, 3, 0, 1, 1, 3, 3, 2, 2, 2, 1, 1, 0, 2, 0, 2, 1, 1,
       3, 1, 1], dtype=object)]
[305, array([-16.,  -8.,  -8.,   0.]), array([0, 2, 2, 3, 3, 0, 0, 1, 1, 3, 3, 2, 2, 2, 1, 1, 0, 1, 0, 2, 1, 1,
       3, 1, 1], dtype=object)]
[305, array([-16.,  -8.,  -8.,   0.]), array([0, 2, 2, 3, 3, 0, 0, 1, 1, 3, 3, 2, 2, 2, 1, 1, 0, 1, 0, 2, 1, 1,
       3, 1, 1], dtype=object)]
[305, array([-16.,  -8.,  -8.,   0.]), array([0, 2, 2, 3, 3, 0, 0, 1, 1, 3, 3, 2, 2, 2, 1, 1, 0, 1, 0, 2, 1, 1,
       3, 1, 1], dtype=object)]
[305, array([-16.,  -8.,  -8.,   0.]), array([0, 2, 2, 3, 3, 0, 0, 1, 1, 3, 3, 2, 2, 2, 1, 1, 0, 1, 0, 2, 1, 1,
       3, 1, 1], dtype=object)]
[306, array([-16.,  -8.,  -8.,   0.]), array([1, 2, 2, 3, 3, 3, 0, 1, 1, 3, 3, 2, 2, 2, 1, 1, 0, 1, 0, 2, 1, 1,
       3, 1, 1], dtype=object)]
[306, array([-16.,  -8.,  -8.,   0.]), array([1, 2, 2, 3, 3, 3, 0, 1, 1, 3, 3, 2, 2, 2, 1, 1, 0, 1, 0, 2, 1, 1,
       3, 1, 1], dtype=object)]
[306, array([-16.,  -8.,  -8.,   0.]), array([1, 2, 2, 3, 3, 3, 0, 1, 1, 3, 3, 2, 2, 2, 1, 1, 0, 1, 0, 2, 1, 1,
       3, 1, 1], dtype=object)]
[306, array([-16.,  -8.,  -8.,   0.]), array([1, 2, 2, 3, 3, 3, 0, 1, 1, 3, 3, 2, 2, 2, 1, 1, 0, 1, 0, 2, 1, 1,
       3, 1, 1], dtype=object)]
[307, array([-16.,  -8.,  -8.,   0.]), array([2, 2, 2, 3, 3, 3, 0, 1, 1, 3, 3, 2, 2, 2, 1, 1, 0, 2, 1, 2, 1, 1,
       3, 1, 1], dtype=object)]
[307, array([-16.,  -8.,  -8.,   0.]), array([2, 2, 2, 3, 3, 3, 0, 1, 1, 3, 3, 2, 2, 2, 1, 1, 0, 2, 1, 2, 1, 1,
       3, 1, 1], dtype=object)]
[307, array([-16.,  -8.,  -8.,   0.]), array([2, 2, 2, 3, 3, 3, 0, 1, 1, 3, 3, 2, 2, 2, 1, 1, 0, 2, 1, 2, 1, 1,
       3, 1, 1], dtype=object)]
[307, array([-16.,  -8.,  -8.,   0.]), array([2, 2, 2, 3, 3, 3, 0, 1, 1, 3, 3, 2, 2, 2, 1, 1, 0, 2, 1, 2, 1, 1,
       3, 1, 1], dtype=object)]
[308, array([-16.,  -8.,  -8.,   0.]), array([0, 2, 2, 3, 3, 3, 0, 1, 1, 3, 3, 2, 2, 2, 1, 1, 0, 1, 0, 2, 1, 1,
       3, 1, 1], dtype=object)]
[308, array([-16.,  -8.,  -8.,   0.]), array([0, 2, 2, 3, 3, 3, 0, 1, 1, 3, 3, 2, 2, 2, 1, 1, 0, 1, 0, 2, 1, 1,
       3, 1, 1], dtype=object)]
[308, array([-16.,  -8.,  -8.,   0.]), array([0, 2, 2, 3, 3, 3, 0, 1, 1, 3, 3, 2, 2, 2, 1, 1, 0, 1, 0, 2, 1, 1,
       3, 1, 1], dtype=object)]
[308, array([-16.,  -8.,  -8.,   0.]), array([0, 2, 2, 3, 3, 3, 0, 1, 1, 3, 3, 2, 2, 2, 1, 1, 0, 1, 0, 2, 1, 1,
       3, 1, 1], dtype=object)]
[309, array([-16.,  -8.,  -8.,   0.]), array([2, 2, 2, 3, 3, 3, 0, 1, 1, 3, 3, 2, 2, 2, 1, 1, 0, 2, 1, 2, 1, 1,
       3, 1, 1], dtype=object)]
[309, array([-16.,  -8.,  -8.,   0.]), array([2, 2, 2, 3, 3, 3, 0, 1, 1, 3, 3, 2, 2, 2, 1, 1, 0, 2, 1, 2, 1, 1,
       3, 1, 1], dtype=object)]
[309, array([-16.,  -8.,  -8.,   0.]), array([2, 2, 2, 3, 3, 3, 0, 1, 1, 3, 3, 2, 2, 2, 1, 1, 0, 2, 1, 2, 1, 1,
       3, 1, 1], dtype=object)]
[309, array([-16.,  -8.,  -8.,   0.]), array([2, 2, 2, 3, 3, 3, 0, 1, 1, 3, 3, 2, 2, 2, 1, 1, 0, 2, 1, 2, 1, 1,
       3, 1, 1], dtype=object)]
[310, array([-16.,  -8.,  -8.,   0.]), array([2, 2, 2, 3, 3, 1, 0, 1, 1, 3, 3, 2, 2, 2, 1, 1, 0, 2, 1, 2, 1, 1,
       3, 1, 1], dtype=object)]
[310, array([-16.,  -8.,  -8.,   0.]), array([2, 2, 2, 3, 3, 1, 0, 1, 1, 3, 3, 2, 2, 2, 1, 1, 0, 2, 1, 2, 1, 1,
       3, 1, 1], dtype=object)]
[310, array([-16.,  -8.,  -8.,   0.]), array([2, 2, 2, 3, 3, 1, 0, 1, 1, 3, 3, 2, 2, 2, 1, 1, 0, 2, 1, 2, 1, 1,
       3, 1, 1], dtype=object)]
[310, array([-16.,  -8.,  -8.,   0.]), array([2, 2, 2, 3, 3, 1, 0, 1, 1, 3, 3, 2, 2, 2, 1, 1, 0, 2, 1, 2, 1, 1,
       3, 1, 1], dtype=object)]
[311, array([-16.,  -8.,  -8.,   0.]), array([2, 2, 2, 3, 3, 3, 0, 1, 1, 3, 3, 2, 2, 2, 1, 1, 0, 2, 1, 2, 1, 1,
       3, 1, 1], dtype=object)]
[311, array([-16.,  -8.,  -8.,   0.]), array([2, 2, 2, 3, 3, 3, 0, 1, 1, 3, 3, 2, 2, 2, 1, 1, 0, 2, 1, 2, 1, 1,
       3, 1, 1], dtype=object)]
[311, array([-16.,  -8.,  -8.,   0.]), array([2, 2, 2, 3, 3, 3, 0, 1, 1, 3, 3, 2, 2, 2, 1, 1, 0, 2, 1, 2, 1, 1,
       3, 1, 1], dtype=object)]
[311, array([-16.,  -8.,  -8.,   0.]), array([2, 2, 2, 3, 3, 3, 0, 1, 1, 3, 3, 2, 2, 2, 1, 1, 0, 2, 1, 2, 1, 1,
       3, 1, 1], dtype=object)]
[312, array([-16.,  -8.,  -8.,   0.]), array([2, 2, 2, 3, 3, 3, 0, 1, 1, 3, 3, 2, 2, 2, 1, 1, 0, 2, 1, 2, 1, 2,
       3, 1, 1], dtype=object)]
[312, array([-16.,  -8.,  -8.,   0.]), array([2, 2, 2, 3, 3, 3, 0, 1, 1, 3, 3, 2, 2, 2, 1, 1, 0, 2, 1, 2, 1, 2,
       3, 1, 1], dtype=object)]
[312, array([-16.,  -8.,  -8.,   0.]), array([2, 2, 2, 3, 3, 3, 0, 1, 1, 3, 3, 2, 2, 2, 1, 1, 0, 2, 1, 2, 1, 2,
       3, 1, 1], dtype=object)]
[312, array([-16.,  -8.,  -8.,   0.]), array([2, 2, 2, 3, 3, 3, 0, 1, 1, 3, 3, 2, 2, 2, 1, 1, 0, 2, 1, 2, 1, 2,
       3, 1, 1], dtype=object)]
[313, array([-16.,  -8.,  -8.,   0.]), array([2, 2, 2, 3, 3, 3, 0, 1, 1, 3, 3, 2, 2, 2, 1, 1, 0, 2, 1, 2, 1, 1,
       3, 1, 1], dtype=object)]
[313, array([-16.,  -8.,  -8.,   0.]), array([2, 2, 2, 3, 3, 3, 0, 1, 1, 3, 3, 2, 2, 2, 1, 1, 0, 2, 1, 2, 1, 1,
       3, 1, 1], dtype=object)]
[313, array([-16.,  -8.,  -8.,   0.]), array([2, 2, 2, 3, 3, 3, 0, 1, 1, 3, 3, 2, 2, 2, 1, 1, 0, 2, 1, 2, 1, 1,
       3, 1, 1], dtype=object)]
[313, array([-16.,  -8.,  -8.,   0.]), array([2, 2, 2, 3, 3, 3, 0, 1, 1, 3, 3, 2, 2, 2, 1, 1, 0, 2, 1, 2, 1, 1,
       3, 1, 1], dtype=object)]
[314, array([-16.,  -8.,  -8.,   0.]), array([2, 2, 2, 3, 3, 3, 0, 1, 1, 3, 3, 2, 2, 2, 1, 1, 0, 3, 3, 2, 1, 1,
       3, 1, 1], dtype=object)]
[314, array([-16.,  -8.,  -8.,   0.]), array([2, 2, 2, 3, 3, 3, 0, 1, 1, 3, 3, 2, 2, 2, 1, 1, 0, 3, 3, 2, 1, 1,
       3, 1, 1], dtype=object)]
[314, array([-16.,  -8.,  -8.,   0.]), array([2, 2, 2, 3, 3, 3, 0, 1, 1, 3, 3, 2, 2, 2, 1, 1, 0, 3, 3, 2, 1, 1,
       3, 1, 1], dtype=object)]
[314, array([-16.,  -8.,  -8.,   0.]), array([2, 2, 2, 3, 3, 3, 0, 1, 1, 3, 3, 2, 2, 2, 1, 1, 0, 3, 3, 2, 1, 1,
       3, 1, 1], dtype=object)]
[315, array([-16.,  -8.,  -8.,   0.]), array([2, 2, 2, 3, 3, 3, 0, 1, 1, 3, 3, 2, 2, 2, 1, 1, 0, 2, 3, 2, 1, 1,
       3, 1, 1], dtype=object)]
[315, array([-16.,  -8.,  -8.,   0.]), array([2, 2, 2, 3, 3, 3, 0, 1, 1, 3, 3, 2, 2, 2, 1, 1, 0, 2, 3, 2, 1, 1,
       3, 1, 1], dtype=object)]
[315, array([-16.,  -8.,  -8.,   0.]), array([2, 2, 2, 3, 3, 3, 0, 1, 1, 3, 3, 2, 2, 2, 1, 1, 0, 2, 3, 2, 1, 1,
       3, 1, 1], dtype=object)]
[315, array([-16.,  -8.,  -8.,   0.]), array([2, 2, 2, 3, 3, 3, 0, 1, 1, 3, 3, 2, 2, 2, 1, 1, 0, 2, 3, 2, 1, 1,
       3, 1, 1], dtype=object)]
[316, array([-16.,  -8.,  -8.,   0.]), array([2, 2, 2, 3, 3, 3, 0, 1, 1, 3, 3, 2, 2, 2, 1, 1, 3, 1, 0, 2, 1, 1,
       3, 1, 1], dtype=object)]
[316, array([-16.,  -8.,  -8.,   0.]), array([2, 2, 2, 3, 3, 3, 0, 1, 1, 3, 3, 2, 2, 2, 1, 1, 3, 1, 0, 2, 1, 1,
       3, 1, 1], dtype=object)]
[316, array([-16.,  -8.,  -8.,   0.]), array([2, 2, 2, 3, 3, 3, 0, 1, 1, 3, 3, 2, 2, 2, 1, 1, 3, 1, 0, 2, 1, 1,
       3, 1, 1], dtype=object)]
[316, array([-16.,  -8.,  -8.,   0.]), array([2, 2, 2, 3, 3, 3, 0, 1, 1, 3, 3, 2, 2, 2, 1, 1, 3, 1, 0, 2, 1, 1,
       3, 1, 1], dtype=object)]
[317, array([-16.,  -8.,  -8.,   0.]), array([2, 2, 2, 3, 3, 3, 0, 1, 1, 3, 3, 2, 2, 2, 1, 1, 0, 1, 0, 2, 1, 1,
       3, 1, 1], dtype=object)]
[317, array([-16.,  -8.,  -8.,   0.]), array([2, 2, 2, 3, 3, 3, 0, 1, 1, 3, 3, 2, 2, 2, 1, 1, 0, 1, 0, 2, 1, 1,
       3, 1, 1], dtype=object)]
[317, array([-16.,  -8.,  -8.,   0.]), array([2, 2, 2, 3, 3, 3, 0, 1, 1, 3, 3, 2, 2, 2, 1, 1, 0, 1, 0, 2, 1, 1,
       3, 1, 1], dtype=object)]
[317, array([-16.,  -8.,  -8.,   0.]), array([2, 2, 2, 3, 3, 3, 0, 1, 1, 3, 3, 2, 2, 2, 1, 1, 0, 1, 0, 2, 1, 1,
       3, 1, 1], dtype=object)]
[318, array([-16.,  -8.,  -8.,   0.]), array([2, 2, 2, 3, 3, 3, 0, 1, 1, 3, 3, 2, 2, 2, 1, 1, 0, 0, 3, 2, 1, 1,
       3, 1, 1], dtype=object)]
[318, array([-16.,  -8.,  -8.,   0.]), array([2, 2, 2, 3, 3, 3, 0, 1, 1, 3, 3, 2, 2, 2, 1, 1, 0, 0, 3, 2, 1, 1,
       3, 1, 1], dtype=object)]
[318, array([-16.,  -8.,  -8.,   0.]), array([2, 2, 2, 3, 3, 3, 0, 1, 1, 3, 3, 2, 2, 2, 1, 1, 0, 0, 3, 2, 1, 1,
       3, 1, 1], dtype=object)]
[318, array([-16.,  -8.,  -8.,   0.]), array([2, 2, 2, 3, 3, 3, 0, 1, 1, 3, 3, 2, 2, 2, 1, 1, 0, 0, 3, 2, 1, 1,
       3, 1, 1], dtype=object)]
[319, array([-16.,  -8.,  -8.,   0.]), array([2, 2, 2, 3, 3, 3, 0, 1, 1, 3, 3, 2, 2, 2, 1, 1, 0, 2, 1, 2, 1, 1,
       3, 1, 1], dtype=object)]
[319, array([-16.,  -8.,  -8.,   0.]), array([2, 2, 2, 3, 3, 3, 0, 1, 1, 3, 3, 2, 2, 2, 1, 1, 0, 2, 1, 2, 1, 1,
       3, 1, 1], dtype=object)]
[319, array([-16.,  -8.,  -8.,   0.]), array([2, 2, 2, 3, 3, 3, 0, 1, 1, 3, 3, 2, 2, 2, 1, 1, 0, 2, 1, 2, 1, 1,
       3, 1, 1], dtype=object)]
[319, array([-16.,  -8.,  -8.,   0.]), array([2, 2, 2, 3, 3, 3, 0, 1, 1, 3, 3, 2, 2, 2, 1, 1, 0, 2, 1, 2, 1, 1,
       3, 1, 1], dtype=object)]
[320, array([-16.,  -8.,  -8.,   0.]), array([2, 2, 2, 3, 3, 1, 0, 1, 1, 3, 3, 2, 2, 2, 1, 1, 0, 2, 1, 2, 1, 1,
       3, 1, 1], dtype=object)]
[320, array([-16.,  -8.,  -8.,   0.]), array([2, 2, 2, 3, 3, 1, 0, 1, 1, 3, 3, 2, 2, 2, 1, 1, 0, 2, 1, 2, 1, 1,
       3, 1, 1], dtype=object)]
[320, array([-16.,  -8.,  -8.,   0.]), array([2, 2, 2, 3, 3, 1, 0, 1, 1, 3, 3, 2, 2, 2, 1, 1, 0, 2, 1, 2, 1, 1,
       3, 1, 1], dtype=object)]
[320, array([-16.,  -8.,  -8.,   0.]), array([2, 2, 2, 3, 3, 1, 0, 1, 1, 3, 3, 2, 2, 2, 1, 1, 0, 2, 1, 2, 1, 1,
       3, 1, 1], dtype=object)]
[321, array([-16.,  -8.,  -8.,   0.]), array([2, 2, 2, 3, 3, 3, 0, 1, 1, 3, 3, 2, 2, 2, 1, 1, 1, 2, 1, 2, 1, 1,
       3, 1, 1], dtype=object)]
[321, array([-16.,  -8.,  -8.,   0.]), array([2, 2, 2, 3, 3, 3, 0, 1, 1, 3, 3, 2, 2, 2, 1, 1, 1, 2, 1, 2, 1, 1,
       3, 1, 1], dtype=object)]
[321, array([-16.,  -8.,  -8.,   0.]), array([2, 2, 2, 3, 3, 3, 0, 1, 1, 3, 3, 2, 2, 2, 1, 1, 1, 2, 1, 2, 1, 1,
       3, 1, 1], dtype=object)]
[321, array([-16.,  -8.,  -8.,   0.]), array([2, 2, 2, 3, 3, 3, 0, 1, 1, 3, 3, 2, 2, 2, 1, 1, 1, 2, 1, 2, 1, 1,
       3, 1, 1], dtype=object)]
[322, array([-16.,  -8.,  -8.,   0.]), array([2, 2, 2, 3, 3, 3, 0, 1, 1, 3, 3, 2, 2, 2, 1, 1, 1, 2, 1, 2, 1, 1,
       3, 1, 1], dtype=object)]
[322, array([-16.,  -8.,  -8.,   0.]), array([2, 2, 2, 3, 3, 3, 0, 1, 1, 3, 3, 2, 2, 2, 1, 1, 1, 2, 1, 2, 1, 1,
       3, 1, 1], dtype=object)]
[322, array([-16.,  -8.,  -8.,   0.]), array([2, 2, 2, 3, 3, 3, 0, 1, 1, 3, 3, 2, 2, 2, 1, 1, 1, 2, 1, 2, 1, 1,
       3, 1, 1], dtype=object)]
[322, array([-16.,  -8.,  -8.,   0.]), array([2, 2, 2, 3, 3, 3, 0, 1, 1, 3, 3, 2, 2, 2, 1, 1, 1, 2, 1, 2, 1, 1,
       3, 1, 1], dtype=object)]
[323, array([-16.,  -8.,  -8.,   0.]), array([2, 2, 2, 3, 3, 3, 0, 1, 1, 3, 3, 2, 2, 2, 1, 1, 0, 2, 1, 2, 1, 1,
       3, 1, 1], dtype=object)]
[323, array([-16.,  -8.,  -8.,   0.]), array([2, 2, 2, 3, 3, 3, 0, 1, 1, 3, 3, 2, 2, 2, 1, 1, 0, 2, 1, 2, 1, 1,
       3, 1, 1], dtype=object)]
[323, array([-16.,  -8.,  -8.,   0.]), array([2, 2, 2, 3, 3, 3, 0, 1, 1, 3, 3, 2, 2, 2, 1, 1, 0, 2, 1, 2, 1, 1,
       3, 1, 1], dtype=object)]
[323, array([-16.,  -8.,  -8.,   0.]), array([2, 2, 2, 3, 3, 3, 0, 1, 1, 3, 3, 2, 2, 2, 1, 1, 0, 2, 1, 2, 1, 1,
       3, 1, 1], dtype=object)]
[324, array([-16.,  -8.,  -8.,   0.]), array([2, 2, 2, 3, 3, 3, 0, 1, 1, 3, 3, 2, 2, 2, 1, 1, 0, 2, 0, 2, 1, 1,
       3, 1, 1], dtype=object)]
[324, array([-16.,  -8.,  -8.,   0.]), array([2, 2, 2, 3, 3, 3, 0, 1, 1, 3, 3, 2, 2, 2, 1, 1, 0, 2, 0, 2, 1, 1,
       3, 1, 1], dtype=object)]
[324, array([-16.,  -8.,  -8.,   0.]), array([2, 2, 2, 3, 3, 3, 0, 1, 1, 3, 3, 2, 2, 2, 1, 1, 0, 2, 0, 2, 1, 1,
       3, 1, 1], dtype=object)]
[324, array([-16.,  -8.,  -8.,   0.]), array([2, 2, 2, 3, 3, 3, 0, 1, 1, 3, 3, 2, 2, 2, 1, 1, 0, 2, 0, 2, 1, 1,
       3, 1, 1], dtype=object)]
[325, array([-16.,  -8.,  -8.,   0.]), array([2, 2, 2, 3, 3, 3, 0, 1, 1, 3, 3, 2, 2, 2, 1, 1, 1, 2, 3, 2, 1, 1,
       3, 1, 1], dtype=object)]
[325, array([-16.,  -8.,  -8.,   0.]), array([2, 2, 2, 3, 3, 3, 0, 1, 1, 3, 3, 2, 2, 2, 1, 1, 1, 2, 3, 2, 1, 1,
       3, 1, 1], dtype=object)]
[325, array([-16.,  -8.,  -8.,   0.]), array([2, 2, 2, 3, 3, 3, 0, 1, 1, 3, 3, 2, 2, 2, 1, 1, 1, 2, 3, 2, 1, 1,
       3, 1, 1], dtype=object)]
[325, array([-16.,  -8.,  -8.,   0.]), array([2, 2, 2, 3, 3, 3, 0, 1, 1, 3, 3, 2, 2, 2, 1, 1, 1, 2, 3, 2, 1, 1,
       3, 1, 1], dtype=object)]
[326, array([-16.,  -8.,  -8.,   0.]), array([2, 2, 2, 3, 3, 2, 0, 1, 1, 3, 3, 2, 2, 2, 1, 1, 0, 2, 3, 2, 1, 1,
       3, 1, 1], dtype=object)]
[326, array([-16.,  -8.,  -8.,   0.]), array([2, 2, 2, 3, 3, 2, 0, 1, 1, 3, 3, 2, 2, 2, 1, 1, 0, 2, 3, 2, 1, 1,
       3, 1, 1], dtype=object)]
[326, array([-16.,  -8.,  -8.,   0.]), array([2, 2, 2, 3, 3, 2, 0, 1, 1, 3, 3, 2, 2, 2, 1, 1, 0, 2, 3, 2, 1, 1,
       3, 1, 1], dtype=object)]
[326, array([-16.,  -8.,  -8.,   0.]), array([2, 2, 2, 3, 3, 2, 0, 1, 1, 3, 3, 2, 2, 2, 1, 1, 0, 2, 3, 2, 1, 1,
       3, 1, 1], dtype=object)]
[327, array([-16.,  -8.,  -8.,   0.]), array([2, 2, 2, 3, 3, 3, 0, 1, 1, 3, 3, 2, 2, 2, 1, 1, 0, 2, 3, 2, 1, 1,
       3, 1, 1], dtype=object)]
[327, array([-16.,  -8.,  -8.,   0.]), array([2, 2, 2, 3, 3, 3, 0, 1, 1, 3, 3, 2, 2, 2, 1, 1, 0, 2, 3, 2, 1, 1,
       3, 1, 1], dtype=object)]
[327, array([-16.,  -8.,  -8.,   0.]), array([2, 2, 2, 3, 3, 3, 0, 1, 1, 3, 3, 2, 2, 2, 1, 1, 0, 2, 3, 2, 1, 1,
       3, 1, 1], dtype=object)]
[327, array([-16.,  -8.,  -8.,   0.]), array([2, 2, 2, 3, 3, 3, 0, 1, 1, 3, 3, 2, 2, 2, 1, 1, 0, 2, 3, 2, 1, 1,
       3, 1, 1], dtype=object)]
[328, array([-16.,  -8.,  -8.,   0.]), array([2, 2, 2, 3, 3, 3, 0, 1, 1, 3, 3, 2, 2, 2, 1, 1, 0, 3, 1, 2, 1, 1,
       3, 1, 1], dtype=object)]
[328, array([-16.,  -8.,  -8.,   0.]), array([2, 2, 2, 3, 3, 3, 0, 1, 1, 3, 3, 2, 2, 2, 1, 1, 0, 3, 1, 2, 1, 1,
       3, 1, 1], dtype=object)]
[328, array([-16.,  -8.,  -8.,   0.]), array([2, 2, 2, 3, 3, 3, 0, 1, 1, 3, 3, 2, 2, 2, 1, 1, 0, 3, 1, 2, 1, 1,
       3, 1, 1], dtype=object)]
[328, array([-16.,  -8.,  -8.,   0.]), array([2, 2, 2, 3, 3, 3, 0, 1, 1, 3, 3, 2, 2, 2, 1, 1, 0, 3, 1, 2, 1, 1,
       3, 1, 1], dtype=object)]
[329, array([-16.,  -8.,  -8.,   0.]), array([2, 2, 2, 3, 3, 3, 0, 1, 1, 3, 3, 2, 2, 2, 1, 1, 0, 2, 3, 2, 1, 1,
       3, 1, 1], dtype=object)]
[329, array([-16.,  -8.,  -8.,   0.]), array([2, 2, 2, 3, 3, 3, 0, 1, 1, 3, 3, 2, 2, 2, 1, 1, 0, 2, 3, 2, 1, 1,
       3, 1, 1], dtype=object)]
[329, array([-16.,  -8.,  -8.,   0.]), array([2, 2, 2, 3, 3, 3, 0, 1, 1, 3, 3, 2, 2, 2, 1, 1, 0, 2, 3, 2, 1, 1,
       3, 1, 1], dtype=object)]
[329, array([-16.,  -8.,  -8.,   0.]), array([2, 2, 2, 3, 3, 3, 0, 1, 1, 3, 3, 2, 2, 2, 1, 1, 0, 2, 3, 2, 1, 1,
       3, 1, 1], dtype=object)]
[330, array([-16.,  -8.,  -8.,   0.]), array([2, 2, 2, 3, 3, 3, 0, 1, 1, 3, 3, 2, 2, 2, 1, 1, 0, 0, 1, 2, 1, 1,
       3, 1, 1], dtype=object)]
[330, array([-16.,  -8.,  -8.,   0.]), array([2, 2, 2, 3, 3, 3, 0, 1, 1, 3, 3, 2, 2, 2, 1, 1, 0, 0, 1, 2, 1, 1,
       3, 1, 1], dtype=object)]
[330, array([-16.,  -8.,  -8.,   0.]), array([2, 2, 2, 3, 3, 3, 0, 1, 1, 3, 3, 2, 2, 2, 1, 1, 0, 0, 1, 2, 1, 1,
       3, 1, 1], dtype=object)]
[330, array([-16.,  -8.,  -8.,   0.]), array([2, 2, 2, 3, 3, 3, 0, 1, 1, 3, 3, 2, 2, 2, 1, 1, 0, 0, 1, 2, 1, 1,
       3, 1, 1], dtype=object)]
[331, array([-16.,  -8.,  -8.,   0.]), array([2, 2, 2, 3, 3, 3, 0, 1, 1, 3, 3, 2, 2, 2, 1, 1, 0, 2, 1, 2, 1, 1,
       3, 1, 1], dtype=object)]
[331, array([-16.,  -8.,  -8.,   0.]), array([2, 2, 2, 3, 3, 3, 0, 1, 1, 3, 3, 2, 2, 2, 1, 1, 0, 2, 1, 2, 1, 1,
       3, 1, 1], dtype=object)]
[331, array([-16.,  -8.,  -8.,   0.]), array([2, 2, 2, 3, 3, 3, 0, 1, 1, 3, 3, 2, 2, 2, 1, 1, 0, 2, 1, 2, 1, 1,
       3, 1, 1], dtype=object)]
[331, array([-16.,  -8.,  -8.,   0.]), array([2, 2, 2, 3, 3, 3, 0, 1, 1, 3, 3, 2, 2, 2, 1, 1, 0, 2, 1, 2, 1, 1,
       3, 1, 1], dtype=object)]
[332, array([-16.,  -8.,  -8.,   0.]), array([2, 2, 2, 3, 3, 3, 0, 1, 1, 3, 3, 2, 2, 2, 1, 1, 2, 2, 3, 2, 1, 1,
       3, 1, 1], dtype=object)]
[332, array([-16.,  -8.,  -8.,   0.]), array([2, 2, 2, 3, 3, 3, 0, 1, 1, 3, 3, 2, 2, 2, 1, 1, 2, 2, 3, 2, 1, 1,
       3, 1, 1], dtype=object)]
[332, array([-16.,  -8.,  -8.,   0.]), array([2, 2, 2, 3, 3, 3, 0, 1, 1, 3, 3, 2, 2, 2, 1, 1, 2, 2, 3, 2, 1, 1,
       3, 1, 1], dtype=object)]
[332, array([-16.,  -8.,  -8.,   0.]), array([2, 2, 2, 3, 3, 3, 0, 1, 1, 3, 3, 2, 2, 2, 1, 1, 2, 2, 3, 2, 1, 1,
       3, 1, 1], dtype=object)]
[333, array([-16.,  -8.,  -8.,   0.]), array([2, 2, 2, 3, 3, 3, 0, 1, 1, 3, 3, 2, 2, 2, 1, 1, 0, 2, 3, 2, 1, 1,
       3, 1, 1], dtype=object)]
[333, array([-16.,  -8.,  -8.,   0.]), array([2, 2, 2, 3, 3, 3, 0, 1, 1, 3, 3, 2, 2, 2, 1, 1, 0, 2, 3, 2, 1, 1,
       3, 1, 1], dtype=object)]
[333, array([-16.,  -8.,  -8.,   0.]), array([2, 2, 2, 3, 3, 3, 0, 1, 1, 3, 3, 2, 2, 2, 1, 1, 0, 2, 3, 2, 1, 1,
       3, 1, 1], dtype=object)]
[333, array([-16.,  -8.,  -8.,   0.]), array([2, 2, 2, 3, 3, 3, 0, 1, 1, 3, 3, 2, 2, 2, 1, 1, 0, 2, 3, 2, 1, 1,
       3, 1, 1], dtype=object)]
[334, array([-16.,  -8.,  -8.,   0.]), array([2, 2, 2, 3, 3, 3, 0, 1, 1, 3, 3, 2, 2, 2, 1, 1, 0, 0, 1, 2, 1, 1,
       3, 1, 1], dtype=object)]
[334, array([-16.,  -8.,  -8.,   0.]), array([2, 2, 2, 3, 3, 3, 0, 1, 1, 3, 3, 2, 2, 2, 1, 1, 0, 0, 1, 2, 1, 1,
       3, 1, 1], dtype=object)]
[334, array([-16.,  -8.,  -8.,   0.]), array([2, 2, 2, 3, 3, 3, 0, 1, 1, 3, 3, 2, 2, 2, 1, 1, 0, 0, 1, 2, 1, 1,
       3, 1, 1], dtype=object)]
[334, array([-16.,  -8.,  -8.,   0.]), array([2, 2, 2, 3, 3, 3, 0, 1, 1, 3, 3, 2, 2, 2, 1, 1, 0, 0, 1, 2, 1, 1,
       3, 1, 1], dtype=object)]
[335, array([-16.,  -8.,  -8.,   0.]), array([2, 2, 2, 3, 3, 3, 0, 1, 1, 3, 3, 2, 2, 2, 1, 1, 0, 2, 1, 2, 1, 1,
       3, 1, 1], dtype=object)]
[335, array([-16.,  -8.,  -8.,   0.]), array([2, 2, 2, 3, 3, 3, 0, 1, 1, 3, 3, 2, 2, 2, 1, 1, 0, 2, 1, 2, 1, 1,
       3, 1, 1], dtype=object)]
[335, array([-16.,  -8.,  -8.,   0.]), array([2, 2, 2, 3, 3, 3, 0, 1, 1, 3, 3, 2, 2, 2, 1, 1, 0, 2, 1, 2, 1, 1,
       3, 1, 1], dtype=object)]
[335, array([-16.,  -8.,  -8.,   0.]), array([2, 2, 2, 3, 3, 3, 0, 1, 1, 3, 3, 2, 2, 2, 1, 1, 0, 2, 1, 2, 1, 1,
       3, 1, 1], dtype=object)]
[336, array([-16.,  -8.,  -8.,   0.]), array([2, 2, 2, 3, 3, 1, 0, 1, 1, 3, 3, 2, 2, 2, 1, 1, 0, 2, 3, 2, 1, 1,
       3, 1, 1], dtype=object)]
[336, array([-16.,  -8.,  -8.,   0.]), array([2, 2, 2, 3, 3, 1, 0, 1, 1, 3, 3, 2, 2, 2, 1, 1, 0, 2, 3, 2, 1, 1,
       3, 1, 1], dtype=object)]
[336, array([-16.,  -8.,  -8.,   0.]), array([2, 2, 2, 3, 3, 1, 0, 1, 1, 3, 3, 2, 2, 2, 1, 1, 0, 2, 3, 2, 1, 1,
       3, 1, 1], dtype=object)]
[336, array([-16.,  -8.,  -8.,   0.]), array([2, 2, 2, 3, 3, 1, 0, 1, 1, 3, 3, 2, 2, 2, 1, 1, 0, 2, 3, 2, 1, 1,
       3, 1, 1], dtype=object)]
[337, array([-16.,  -8.,  -8.,   0.]), array([2, 2, 2, 3, 3, 3, 0, 1, 1, 3, 3, 2, 2, 2, 1, 1, 0, 2, 3, 2, 1, 1,
       3, 1, 1], dtype=object)]
[337, array([-16.,  -8.,  -8.,   0.]), array([2, 2, 2, 3, 3, 3, 0, 1, 1, 3, 3, 2, 2, 2, 1, 1, 0, 2, 3, 2, 1, 1,
       3, 1, 1], dtype=object)]
[337, array([-16.,  -8.,  -8.,   0.]), array([2, 2, 2, 3, 3, 3, 0, 1, 1, 3, 3, 2, 2, 2, 1, 1, 0, 2, 3, 2, 1, 1,
       3, 1, 1], dtype=object)]
[337, array([-16.,  -8.,  -8.,   0.]), array([2, 2, 2, 3, 3, 3, 0, 1, 1, 3, 3, 2, 2, 2, 1, 1, 0, 2, 3, 2, 1, 1,
       3, 1, 1], dtype=object)]
[338, array([-16.,  -8.,  -8.,   0.]), array([2, 2, 2, 3, 3, 3, 0, 1, 1, 3, 3, 2, 2, 2, 1, 1, 0, 3, 1, 2, 1, 2,
       3, 1, 1], dtype=object)]
[338, array([-16.,  -8.,  -8.,   0.]), array([2, 2, 2, 3, 3, 3, 0, 1, 1, 3, 3, 2, 2, 2, 1, 1, 0, 3, 1, 2, 1, 2,
       3, 1, 1], dtype=object)]
[338, array([-16.,  -8.,  -8.,   0.]), array([2, 2, 2, 3, 3, 3, 0, 1, 1, 3, 3, 2, 2, 2, 1, 1, 0, 3, 1, 2, 1, 2,
       3, 1, 1], dtype=object)]
[338, array([-16.,  -8.,  -8.,   0.]), array([2, 2, 2, 3, 3, 3, 0, 1, 1, 3, 3, 2, 2, 2, 1, 1, 0, 3, 1, 2, 1, 2,
       3, 1, 1], dtype=object)]
[339, array([-16.,  -8.,  -8.,   0.]), array([2, 2, 2, 3, 3, 3, 0, 1, 1, 3, 3, 2, 2, 2, 1, 1, 0, 1, 1, 2, 1, 1,
       3, 1, 1], dtype=object)]
[339, array([-16.,  -8.,  -8.,   0.]), array([2, 2, 2, 3, 3, 3, 0, 1, 1, 3, 3, 2, 2, 2, 1, 1, 0, 1, 1, 2, 1, 1,
       3, 1, 1], dtype=object)]
[339, array([-16.,  -8.,  -8.,   0.]), array([2, 2, 2, 3, 3, 3, 0, 1, 1, 3, 3, 2, 2, 2, 1, 1, 0, 1, 1, 2, 1, 1,
       3, 1, 1], dtype=object)]
[339, array([-16.,  -8.,  -8.,   0.]), array([2, 2, 2, 3, 3, 3, 0, 1, 1, 3, 3, 2, 2, 2, 1, 1, 0, 1, 1, 2, 1, 1,
       3, 1, 1], dtype=object)]
[340, array([-16.,  -8.,  -8.,   0.]), array([2, 2, 2, 3, 3, 2, 0, 1, 1, 3, 3, 2, 2, 2, 1, 1, 0, 1, 1, 2, 1, 1,
       3, 1, 1], dtype=object)]
[340, array([-16.,  -8.,  -8.,   0.]), array([2, 2, 2, 3, 3, 2, 0, 1, 1, 3, 3, 2, 2, 2, 1, 1, 0, 1, 1, 2, 1, 1,
       3, 1, 1], dtype=object)]
[340, array([-16.,  -8.,  -8.,   0.]), array([2, 2, 2, 3, 3, 2, 0, 1, 1, 3, 3, 2, 2, 2, 1, 1, 0, 1, 1, 2, 1, 1,
       3, 1, 1], dtype=object)]
[340, array([-16.,  -8.,  -8.,   0.]), array([2, 2, 2, 3, 3, 2, 0, 1, 1, 3, 3, 2, 2, 2, 1, 1, 0, 1, 1, 2, 1, 1,
       3, 1, 1], dtype=object)]
[341, array([-16.,  -8.,  -8.,   0.]), array([2, 2, 2, 3, 3, 3, 0, 1, 1, 3, 3, 2, 2, 2, 1, 1, 0, 2, 3, 2, 1, 1,
       3, 1, 1], dtype=object)]
[341, array([-16.,  -8.,  -8.,   0.]), array([2, 2, 2, 3, 3, 3, 0, 1, 1, 3, 3, 2, 2, 2, 1, 1, 0, 2, 3, 2, 1, 1,
       3, 1, 1], dtype=object)]
[341, array([-16.,  -8.,  -8.,   0.]), array([2, 2, 2, 3, 3, 3, 0, 1, 1, 3, 3, 2, 2, 2, 1, 1, 0, 2, 3, 2, 1, 1,
       3, 1, 1], dtype=object)]
[341, array([-16.,  -8.,  -8.,   0.]), array([2, 2, 2, 3, 3, 3, 0, 1, 1, 3, 3, 2, 2, 2, 1, 1, 0, 2, 3, 2, 1, 1,
       3, 1, 1], dtype=object)]
[342, array([-16.,  -8.,  -8.,   0.]), array([3, 2, 2, 3, 3, 3, 0, 1, 1, 3, 3, 2, 2, 2, 1, 1, 1, 2, 3, 2, 1, 1,
       3, 1, 1], dtype=object)]
[342, array([-16.,  -8.,  -8.,   0.]), array([3, 2, 2, 3, 3, 3, 0, 1, 1, 3, 3, 2, 2, 2, 1, 1, 1, 2, 3, 2, 1, 1,
       3, 1, 1], dtype=object)]
[342, array([-16.,  -8.,  -8.,   0.]), array([3, 2, 2, 3, 3, 3, 0, 1, 1, 3, 3, 2, 2, 2, 1, 1, 1, 2, 3, 2, 1, 1,
       3, 1, 1], dtype=object)]
[342, array([-16.,  -8.,  -8.,   0.]), array([3, 2, 2, 3, 3, 3, 0, 1, 1, 3, 3, 2, 2, 2, 1, 1, 1, 2, 3, 2, 1, 1,
       3, 1, 1], dtype=object)]
[343, array([-16.,  -8.,  -8.,   0.]), array([2, 2, 2, 3, 3, 3, 0, 1, 1, 3, 3, 2, 2, 2, 1, 1, 0, 2, 1, 2, 1, 1,
       3, 1, 1], dtype=object)]
[343, array([-16.,  -8.,  -8.,   0.]), array([2, 2, 2, 3, 3, 3, 0, 1, 1, 3, 3, 2, 2, 2, 1, 1, 0, 2, 1, 2, 1, 1,
       3, 1, 1], dtype=object)]
[343, array([-16.,  -8.,  -8.,   0.]), array([2, 2, 2, 3, 3, 3, 0, 1, 1, 3, 3, 2, 2, 2, 1, 1, 0, 2, 1, 2, 1, 1,
       3, 1, 1], dtype=object)]
[343, array([-16.,  -8.,  -8.,   0.]), array([2, 2, 2, 3, 3, 3, 0, 1, 1, 3, 3, 2, 2, 2, 1, 1, 0, 2, 1, 2, 1, 1,
       3, 1, 1], dtype=object)]
[344, array([-16.,  -8.,  -8.,   0.]), array([2, 2, 2, 3, 3, 3, 0, 1, 1, 3, 3, 2, 2, 2, 1, 1, 0, 0, 3, 2, 1, 2,
       3, 1, 1], dtype=object)]
[344, array([-16.,  -8.,  -8.,   0.]), array([2, 2, 2, 3, 3, 3, 0, 1, 1, 3, 3, 2, 2, 2, 1, 1, 0, 0, 3, 2, 1, 2,
       3, 1, 1], dtype=object)]
[344, array([-16.,  -8.,  -8.,   0.]), array([2, 2, 2, 3, 3, 3, 0, 1, 1, 3, 3, 2, 2, 2, 1, 1, 0, 0, 3, 2, 1, 2,
       3, 1, 1], dtype=object)]
[344, array([-16.,  -8.,  -8.,   0.]), array([2, 2, 2, 3, 3, 3, 0, 1, 1, 3, 3, 2, 2, 2, 1, 1, 0, 0, 3, 2, 1, 2,
       3, 1, 1], dtype=object)]
[345, array([-16.,  -8.,  -8.,   0.]), array([2, 2, 2, 3, 3, 3, 0, 1, 1, 3, 3, 2, 2, 2, 1, 1, 0, 1, 1, 2, 1, 2,
       3, 1, 1], dtype=object)]
[345, array([-16.,  -8.,  -8.,   0.]), array([2, 2, 2, 3, 3, 3, 0, 1, 1, 3, 3, 2, 2, 2, 1, 1, 0, 1, 1, 2, 1, 2,
       3, 1, 1], dtype=object)]
[345, array([-16.,  -8.,  -8.,   0.]), array([2, 2, 2, 3, 3, 3, 0, 1, 1, 3, 3, 2, 2, 2, 1, 1, 0, 1, 1, 2, 1, 2,
       3, 1, 1], dtype=object)]
[345, array([-16.,  -8.,  -8.,   0.]), array([2, 2, 2, 3, 3, 3, 0, 1, 1, 3, 3, 2, 2, 2, 1, 1, 0, 1, 1, 2, 1, 2,
       3, 1, 1], dtype=object)]
[346, array([-16.,  -8.,  -8.,   0.]), array([2, 2, 2, 3, 3, 3, 0, 1, 1, 3, 3, 2, 2, 2, 1, 1, 0, 2, 1, 2, 1, 2,
       3, 1, 1], dtype=object)]
[346, array([-16.,  -8.,  -8.,   0.]), array([2, 2, 2, 3, 3, 3, 0, 1, 1, 3, 3, 2, 2, 2, 1, 1, 0, 2, 1, 2, 1, 2,
       3, 1, 1], dtype=object)]
[346, array([-16.,  -8.,  -8.,   0.]), array([2, 2, 2, 3, 3, 3, 0, 1, 1, 3, 3, 2, 2, 2, 1, 1, 0, 2, 1, 2, 1, 2,
       3, 1, 1], dtype=object)]
[346, array([-16.,  -8.,  -8.,   0.]), array([2, 2, 2, 3, 3, 3, 0, 1, 1, 3, 3, 2, 2, 2, 1, 1, 0, 2, 1, 2, 1, 2,
       3, 1, 1], dtype=object)]
[347, array([-16.,  -8.,  -8.,   0.]), array([2, 2, 2, 3, 3, 3, 0, 1, 1, 3, 3, 2, 2, 2, 1, 1, 0, 0, 3, 2, 1, 1,
       3, 1, 1], dtype=object)]
[347, array([-16.,  -8.,  -8.,   0.]), array([2, 2, 2, 3, 3, 3, 0, 1, 1, 3, 3, 2, 2, 2, 1, 1, 0, 0, 3, 2, 1, 1,
       3, 1, 1], dtype=object)]
[347, array([-16.,  -8.,  -8.,   0.]), array([2, 2, 2, 3, 3, 3, 0, 1, 1, 3, 3, 2, 2, 2, 1, 1, 0, 0, 3, 2, 1, 1,
       3, 1, 1], dtype=object)]
[347, array([-16.,  -8.,  -8.,   0.]), array([2, 2, 2, 3, 3, 3, 0, 1, 1, 3, 3, 2, 2, 2, 1, 1, 0, 0, 3, 2, 1, 1,
       3, 1, 1], dtype=object)]
[348, array([-16.,  -8.,  -8.,   0.]), array([2, 2, 2, 3, 3, 3, 0, 1, 1, 3, 3, 2, 2, 2, 1, 1, 3, 2, 1, 2, 1, 1,
       3, 1, 1], dtype=object)]
[348, array([-16.,  -8.,  -8.,   0.]), array([2, 2, 2, 3, 3, 3, 0, 1, 1, 3, 3, 2, 2, 2, 1, 1, 3, 2, 1, 2, 1, 1,
       3, 1, 1], dtype=object)]
[348, array([-16.,  -8.,  -8.,   0.]), array([2, 2, 2, 3, 3, 3, 0, 1, 1, 3, 3, 2, 2, 2, 1, 1, 3, 2, 1, 2, 1, 1,
       3, 1, 1], dtype=object)]
[348, array([-16.,  -8.,  -8.,   0.]), array([2, 2, 2, 3, 3, 3, 0, 1, 1, 3, 3, 2, 2, 2, 1, 1, 3, 2, 1, 2, 1, 1,
       3, 1, 1], dtype=object)]
[349, array([-16.,  -8.,  -8.,   0.]), array([2, 2, 2, 3, 3, 3, 0, 1, 1, 3, 3, 2, 2, 2, 1, 1, 0, 1, 1, 2, 1, 1,
       3, 1, 1], dtype=object)]
[349, array([-16.,  -8.,  -8.,   0.]), array([2, 2, 2, 3, 3, 3, 0, 1, 1, 3, 3, 2, 2, 2, 1, 1, 0, 1, 1, 2, 1, 1,
       3, 1, 1], dtype=object)]
[349, array([-16.,  -8.,  -8.,   0.]), array([2, 2, 2, 3, 3, 3, 0, 1, 1, 3, 3, 2, 2, 2, 1, 1, 0, 1, 1, 2, 1, 1,
       3, 1, 1], dtype=object)]
[349, array([-16.,  -8.,  -8.,   0.]), array([2, 2, 2, 3, 3, 3, 0, 1, 1, 3, 3, 2, 2, 2, 1, 1, 0, 1, 1, 2, 1, 1,
       3, 1, 1], dtype=object)]
[350, array([-16.,  -8.,  -8.,   0.]), array([2, 2, 2, 3, 3, 3, 0, 1, 1, 3, 3, 2, 2, 2, 1, 1, 0, 3, 1, 2, 1, 1,
       3, 1, 1], dtype=object)]
[350, array([-16.,  -8.,  -8.,   0.]), array([2, 2, 2, 3, 3, 3, 0, 1, 1, 3, 3, 2, 2, 2, 1, 1, 0, 3, 1, 2, 1, 1,
       3, 1, 1], dtype=object)]
[350, array([-16.,  -8.,  -8.,   0.]), array([2, 2, 2, 3, 3, 3, 0, 1, 1, 3, 3, 2, 2, 2, 1, 1, 0, 3, 1, 2, 1, 1,
       3, 1, 1], dtype=object)]
[350, array([-16.,  -8.,  -8.,   0.]), array([2, 2, 2, 3, 3, 3, 0, 1, 1, 3, 3, 2, 2, 2, 1, 1, 0, 3, 1, 2, 1, 1,
       3, 1, 1], dtype=object)]
[351, array([-16.,  -8.,  -8.,   0.]), array([2, 2, 2, 3, 3, 3, 0, 1, 1, 3, 3, 2, 2, 2, 1, 1, 1, 1, 1, 2, 1, 2,
       3, 1, 1], dtype=object)]
[351, array([-16.,  -8.,  -8.,   0.]), array([2, 2, 2, 3, 3, 3, 0, 1, 1, 3, 3, 2, 2, 2, 1, 1, 1, 1, 1, 2, 1, 2,
       3, 1, 1], dtype=object)]
[351, array([-16.,  -8.,  -8.,   0.]), array([2, 2, 2, 3, 3, 3, 0, 1, 1, 3, 3, 2, 2, 2, 1, 1, 1, 1, 1, 2, 1, 2,
       3, 1, 1], dtype=object)]
[351, array([-16.,  -8.,  -8.,   0.]), array([2, 2, 2, 3, 3, 3, 0, 1, 1, 3, 3, 2, 2, 2, 1, 1, 1, 1, 1, 2, 1, 2,
       3, 1, 1], dtype=object)]
[352, array([-16.,  -8.,  -8.,   0.]), array([2, 2, 2, 3, 3, 3, 0, 1, 1, 3, 3, 2, 2, 2, 1, 1, 1, 1, 1, 2, 1, 1,
       3, 1, 1], dtype=object)]
[352, array([-16.,  -8.,  -8.,   0.]), array([2, 2, 2, 3, 3, 3, 0, 1, 1, 3, 3, 2, 2, 2, 1, 1, 1, 1, 1, 2, 1, 1,
       3, 1, 1], dtype=object)]
[352, array([-16.,  -8.,  -8.,   0.]), array([2, 2, 2, 3, 3, 3, 0, 1, 1, 3, 3, 2, 2, 2, 1, 1, 1, 1, 1, 2, 1, 1,
       3, 1, 1], dtype=object)]
[352, array([-16.,  -8.,  -8.,   0.]), array([2, 2, 2, 3, 3, 3, 0, 1, 1, 3, 3, 2, 2, 2, 1, 1, 1, 1, 1, 2, 1, 1,
       3, 1, 1], dtype=object)]
[353, array([-16.,  -8.,  -8.,   0.]), array([2, 2, 2, 3, 3, 3, 0, 1, 1, 3, 3, 2, 2, 2, 1, 1, 1, 1, 1, 2, 1, 2,
       3, 1, 1], dtype=object)]
[353, array([-16.,  -8.,  -8.,   0.]), array([2, 2, 2, 3, 3, 3, 0, 1, 1, 3, 3, 2, 2, 2, 1, 1, 1, 1, 1, 2, 1, 2,
       3, 1, 1], dtype=object)]
[353, array([-16.,  -8.,  -8.,   0.]), array([2, 2, 2, 3, 3, 3, 0, 1, 1, 3, 3, 2, 2, 2, 1, 1, 1, 1, 1, 2, 1, 2,
       3, 1, 1], dtype=object)]
[353, array([-16.,  -8.,  -8.,   0.]), array([2, 2, 2, 3, 3, 3, 0, 1, 1, 3, 3, 2, 2, 2, 1, 1, 1, 1, 1, 2, 1, 2,
       3, 1, 1], dtype=object)]
[354, array([-16.,  -8.,  -8.,   0.]), array([3, 2, 2, 3, 3, 3, 0, 1, 1, 3, 3, 2, 2, 2, 1, 1, 1, 1, 1, 2, 1, 2,
       3, 1, 1], dtype=object)]
[354, array([-16.,  -8.,  -8.,   0.]), array([3, 2, 2, 3, 3, 3, 0, 1, 1, 3, 3, 2, 2, 2, 1, 1, 1, 1, 1, 2, 1, 2,
       3, 1, 1], dtype=object)]
[354, array([-16.,  -8.,  -8.,   0.]), array([3, 2, 2, 3, 3, 3, 0, 1, 1, 3, 3, 2, 2, 2, 1, 1, 1, 1, 1, 2, 1, 2,
       3, 1, 1], dtype=object)]
[354, array([-16.,  -8.,  -8.,   0.]), array([3, 2, 2, 3, 3, 3, 0, 1, 1, 3, 3, 2, 2, 2, 1, 1, 1, 1, 1, 2, 1, 2,
       3, 1, 1], dtype=object)]
[355, array([-16.,  -8.,  -8.,   0.]), array([2, 2, 2, 3, 3, 3, 0, 1, 1, 3, 3, 2, 2, 2, 1, 1, 0, 1, 1, 2, 1, 1,
       3, 1, 1], dtype=object)]
[355, array([-16.,  -8.,  -8.,   0.]), array([2, 2, 2, 3, 3, 3, 0, 1, 1, 3, 3, 2, 2, 2, 1, 1, 0, 1, 1, 2, 1, 1,
       3, 1, 1], dtype=object)]
[355, array([-16.,  -8.,  -8.,   0.]), array([2, 2, 2, 3, 3, 3, 0, 1, 1, 3, 3, 2, 2, 2, 1, 1, 0, 1, 1, 2, 1, 1,
       3, 1, 1], dtype=object)]
[355, array([-16.,  -8.,  -8.,   0.]), array([2, 2, 2, 3, 3, 3, 0, 1, 1, 3, 3, 2, 2, 2, 1, 1, 0, 1, 1, 2, 1, 1,
       3, 1, 1], dtype=object)]
[356, array([-16.,  -8.,  -8.,   0.]), array([2, 2, 2, 3, 3, 3, 0, 1, 1, 3, 3, 2, 2, 2, 1, 1, 3, 1, 1, 2, 1, 3,
       3, 1, 1], dtype=object)]
[356, array([-16.,  -8.,  -8.,   0.]), array([2, 2, 2, 3, 3, 3, 0, 1, 1, 3, 3, 2, 2, 2, 1, 1, 3, 1, 1, 2, 1, 3,
       3, 1, 1], dtype=object)]
[356, array([-16.,  -8.,  -8.,   0.]), array([2, 2, 2, 3, 3, 3, 0, 1, 1, 3, 3, 2, 2, 2, 1, 1, 3, 1, 1, 2, 1, 3,
       3, 1, 1], dtype=object)]
[356, array([-16.,  -8.,  -8.,   0.]), array([2, 2, 2, 3, 3, 3, 0, 1, 1, 3, 3, 2, 2, 2, 1, 1, 3, 1, 1, 2, 1, 3,
       3, 1, 1], dtype=object)]
[357, array([-16.,  -8.,  -8.,   0.]), array([2, 2, 2, 3, 3, 3, 0, 1, 1, 3, 3, 2, 2, 2, 1, 1, 0, 1, 1, 2, 1, 1,
       3, 1, 1], dtype=object)]
[357, array([-16.,  -8.,  -8.,   0.]), array([2, 2, 2, 3, 3, 3, 0, 1, 1, 3, 3, 2, 2, 2, 1, 1, 0, 1, 1, 2, 1, 1,
       3, 1, 1], dtype=object)]
[357, array([-16.,  -8.,  -8.,   0.]), array([2, 2, 2, 3, 3, 3, 0, 1, 1, 3, 3, 2, 2, 2, 1, 1, 0, 1, 1, 2, 1, 1,
       3, 1, 1], dtype=object)]
[357, array([-16.,  -8.,  -8.,   0.]), array([2, 2, 2, 3, 3, 3, 0, 1, 1, 3, 3, 2, 2, 2, 1, 1, 0, 1, 1, 2, 1, 1,
       3, 1, 1], dtype=object)]
[358, array([-16.,  -8.,  -8.,   0.]), array([0, 2, 2, 3, 3, 3, 0, 1, 1, 3, 3, 2, 2, 2, 1, 1, 1, 1, 1, 2, 1, 2,
       3, 1, 1], dtype=object)]
[358, array([-16.,  -8.,  -8.,   0.]), array([0, 2, 2, 3, 3, 3, 0, 1, 1, 3, 3, 2, 2, 2, 1, 1, 1, 1, 1, 2, 1, 2,
       3, 1, 1], dtype=object)]
[358, array([-16.,  -8.,  -8.,   0.]), array([0, 2, 2, 3, 3, 3, 0, 1, 1, 3, 3, 2, 2, 2, 1, 1, 1, 1, 1, 2, 1, 2,
       3, 1, 1], dtype=object)]
[358, array([-16.,  -8.,  -8.,   0.]), array([0, 2, 2, 3, 3, 3, 0, 1, 1, 3, 3, 2, 2, 2, 1, 1, 1, 1, 1, 2, 1, 2,
       3, 1, 1], dtype=object)]
[359, array([-16.,  -8.,  -8.,   0.]), array([2, 2, 2, 3, 3, 3, 0, 1, 1, 3, 3, 2, 2, 2, 1, 1, 0, 1, 1, 2, 1, 1,
       3, 1, 1], dtype=object)]
[359, array([-16.,  -8.,  -8.,   0.]), array([2, 2, 2, 3, 3, 3, 0, 1, 1, 3, 3, 2, 2, 2, 1, 1, 0, 1, 1, 2, 1, 1,
       3, 1, 1], dtype=object)]
[359, array([-16.,  -8.,  -8.,   0.]), array([2, 2, 2, 3, 3, 3, 0, 1, 1, 3, 3, 2, 2, 2, 1, 1, 0, 1, 1, 2, 1, 1,
       3, 1, 1], dtype=object)]
[359, array([-16.,  -8.,  -8.,   0.]), array([2, 2, 2, 3, 3, 3, 0, 1, 1, 3, 3, 2, 2, 2, 1, 1, 0, 1, 1, 2, 1, 1,
       3, 1, 1], dtype=object)]
[360, array([-16.,  -8.,  -8.,   0.]), array([2, 2, 2, 3, 3, 3, 0, 1, 1, 3, 3, 2, 2, 2, 1, 1, 0, 1, 1, 2, 1, 3,
       3, 1, 1], dtype=object)]
[360, array([-16.,  -8.,  -8.,   0.]), array([2, 2, 2, 3, 3, 3, 0, 1, 1, 3, 3, 2, 2, 2, 1, 1, 0, 1, 1, 2, 1, 3,
       3, 1, 1], dtype=object)]
[360, array([-16.,  -8.,  -8.,   0.]), array([2, 2, 2, 3, 3, 3, 0, 1, 1, 3, 3, 2, 2, 2, 1, 1, 0, 1, 1, 2, 1, 3,
       3, 1, 1], dtype=object)]
[360, array([-16.,  -8.,  -8.,   0.]), array([2, 2, 2, 3, 3, 3, 0, 1, 1, 3, 3, 2, 2, 2, 1, 1, 0, 1, 1, 2, 1, 3,
       3, 1, 1], dtype=object)]
[361, array([-16.,  -8.,  -8.,   0.]), array([2, 2, 2, 3, 3, 3, 0, 1, 1, 3, 3, 2, 2, 2, 1, 1, 0, 1, 1, 2, 1, 2,
       3, 1, 1], dtype=object)]
[361, array([-16.,  -8.,  -8.,   0.]), array([2, 2, 2, 3, 3, 3, 0, 1, 1, 3, 3, 2, 2, 2, 1, 1, 0, 1, 1, 2, 1, 2,
       3, 1, 1], dtype=object)]
[361, array([-16.,  -8.,  -8.,   0.]), array([2, 2, 2, 3, 3, 3, 0, 1, 1, 3, 3, 2, 2, 2, 1, 1, 0, 1, 1, 2, 1, 2,
       3, 1, 1], dtype=object)]
[361, array([-16.,  -8.,  -8.,   0.]), array([2, 2, 2, 3, 3, 3, 0, 1, 1, 3, 3, 2, 2, 2, 1, 1, 0, 1, 1, 2, 1, 2,
       3, 1, 1], dtype=object)]
[362, array([-16.,  -8.,  -8.,   0.]), array([2, 2, 2, 3, 3, 2, 0, 1, 1, 3, 3, 2, 2, 2, 1, 1, 0, 1, 1, 2, 1, 1,
       3, 1, 1], dtype=object)]
[362, array([-16.,  -8.,  -8.,   0.]), array([2, 2, 2, 3, 3, 2, 0, 1, 1, 3, 3, 2, 2, 2, 1, 1, 0, 1, 1, 2, 1, 1,
       3, 1, 1], dtype=object)]
[362, array([-16.,  -8.,  -8.,   0.]), array([2, 2, 2, 3, 3, 2, 0, 1, 1, 3, 3, 2, 2, 2, 1, 1, 0, 1, 1, 2, 1, 1,
       3, 1, 1], dtype=object)]
[362, array([-16.,  -8.,  -8.,   0.]), array([2, 2, 2, 3, 3, 2, 0, 1, 1, 3, 3, 2, 2, 2, 1, 1, 0, 1, 1, 2, 1, 1,
       3, 1, 1], dtype=object)]
[363, array([-16.,  -8.,  -8.,   0.]), array([2, 2, 2, 3, 3, 3, 0, 1, 1, 3, 3, 2, 2, 2, 1, 1, 0, 1, 1, 2, 1, 1,
       3, 1, 1], dtype=object)]
[363, array([-16.,  -8.,  -8.,   0.]), array([2, 2, 2, 3, 3, 3, 0, 1, 1, 3, 3, 2, 2, 2, 1, 1, 0, 1, 1, 2, 1, 1,
       3, 1, 1], dtype=object)]
[363, array([-16.,  -8.,  -8.,   0.]), array([2, 2, 2, 3, 3, 3, 0, 1, 1, 3, 3, 2, 2, 2, 1, 1, 0, 1, 1, 2, 1, 1,
       3, 1, 1], dtype=object)]
[363, array([-16.,  -8.,  -8.,   0.]), array([2, 2, 2, 3, 3, 3, 0, 1, 1, 3, 3, 2, 2, 2, 1, 1, 0, 1, 1, 2, 1, 1,
       3, 1, 1], dtype=object)]
[364, array([-16.,  -8.,  -8.,   0.]), array([2, 2, 2, 3, 3, 3, 0, 1, 1, 3, 3, 2, 2, 2, 1, 1, 0, 1, 3, 2, 1, 2,
       3, 1, 1], dtype=object)]
[364, array([-16.,  -8.,  -8.,   0.]), array([2, 2, 2, 3, 3, 3, 0, 1, 1, 3, 3, 2, 2, 2, 1, 1, 0, 1, 3, 2, 1, 2,
       3, 1, 1], dtype=object)]
[364, array([-16.,  -8.,  -8.,   0.]), array([2, 2, 2, 3, 3, 3, 0, 1, 1, 3, 3, 2, 2, 2, 1, 1, 0, 1, 3, 2, 1, 2,
       3, 1, 1], dtype=object)]
[364, array([-16.,  -8.,  -8.,   0.]), array([2, 2, 2, 3, 3, 3, 0, 1, 1, 3, 3, 2, 2, 2, 1, 1, 0, 1, 3, 2, 1, 2,
       3, 1, 1], dtype=object)]
[365, array([-16.,  -8.,  -8.,   0.]), array([2, 2, 2, 3, 3, 3, 0, 1, 1, 3, 3, 2, 2, 2, 1, 1, 1, 1, 1, 2, 1, 2,
       3, 1, 1], dtype=object)]
[365, array([-16.,  -8.,  -8.,   0.]), array([2, 2, 2, 3, 3, 3, 0, 1, 1, 3, 3, 2, 2, 2, 1, 1, 1, 1, 1, 2, 1, 2,
       3, 1, 1], dtype=object)]
[365, array([-16.,  -8.,  -8.,   0.]), array([2, 2, 2, 3, 3, 3, 0, 1, 1, 3, 3, 2, 2, 2, 1, 1, 1, 1, 1, 2, 1, 2,
       3, 1, 1], dtype=object)]
[365, array([-16.,  -8.,  -8.,   0.]), array([2, 2, 2, 3, 3, 3, 0, 1, 1, 3, 3, 2, 2, 2, 1, 1, 1, 1, 1, 2, 1, 2,
       3, 1, 1], dtype=object)]
[366, array([-16.,  -8.,  -8.,   0.]), array([2, 2, 2, 3, 3, 3, 0, 1, 1, 3, 3, 2, 2, 2, 1, 1, 0, 1, 1, 2, 1, 0,
       3, 1, 1], dtype=object)]
[366, array([-16.,  -8.,  -8.,   0.]), array([2, 2, 2, 3, 3, 3, 0, 1, 1, 3, 3, 2, 2, 2, 1, 1, 0, 1, 1, 2, 1, 0,
       3, 1, 1], dtype=object)]
[366, array([-16.,  -8.,  -8.,   0.]), array([2, 2, 2, 3, 3, 3, 0, 1, 1, 3, 3, 2, 2, 2, 1, 1, 0, 1, 1, 2, 1, 0,
       3, 1, 1], dtype=object)]
[366, array([-16.,  -8.,  -8.,   0.]), array([2, 2, 2, 3, 3, 3, 0, 1, 1, 3, 3, 2, 2, 2, 1, 1, 0, 1, 1, 2, 1, 0,
       3, 1, 1], dtype=object)]
[367, array([-16.,  -8.,  -8.,   0.]), array([2, 2, 2, 3, 3, 3, 0, 1, 1, 3, 3, 2, 2, 2, 1, 1, 0, 1, 1, 2, 1, 1,
       3, 1, 1], dtype=object)]
[367, array([-16.,  -8.,  -8.,   0.]), array([2, 2, 2, 3, 3, 3, 0, 1, 1, 3, 3, 2, 2, 2, 1, 1, 0, 1, 1, 2, 1, 1,
       3, 1, 1], dtype=object)]
[367, array([-16.,  -8.,  -8.,   0.]), array([2, 2, 2, 3, 3, 3, 0, 1, 1, 3, 3, 2, 2, 2, 1, 1, 0, 1, 1, 2, 1, 1,
       3, 1, 1], dtype=object)]
[367, array([-16.,  -8.,  -8.,   0.]), array([2, 2, 2, 3, 3, 3, 0, 1, 1, 3, 3, 2, 2, 2, 1, 1, 0, 1, 1, 2, 1, 1,
       3, 1, 1], dtype=object)]
[368, array([-16.,  -8.,  -8.,   0.]), array([2, 2, 2, 3, 3, 3, 0, 1, 1, 3, 3, 2, 2, 2, 1, 1, 1, 1, 1, 2, 1, 1,
       3, 1, 1], dtype=object)]
[368, array([-16.,  -8.,  -8.,   0.]), array([2, 2, 2, 3, 3, 3, 0, 1, 1, 3, 3, 2, 2, 2, 1, 1, 1, 1, 1, 2, 1, 1,
       3, 1, 1], dtype=object)]
[368, array([-16.,  -8.,  -8.,   0.]), array([2, 2, 2, 3, 3, 3, 0, 1, 1, 3, 3, 2, 2, 2, 1, 1, 1, 1, 1, 2, 1, 1,
       3, 1, 1], dtype=object)]
[368, array([-16.,  -8.,  -8.,   0.]), array([2, 2, 2, 3, 3, 3, 0, 1, 1, 3, 3, 2, 2, 2, 1, 1, 1, 1, 1, 2, 1, 1,
       3, 1, 1], dtype=object)]
[369, array([-16.,  -8.,  -8.,   0.]), array([2, 2, 2, 3, 3, 3, 0, 1, 1, 3, 3, 2, 2, 2, 1, 1, 0, 1, 1, 2, 1, 1,
       3, 1, 1], dtype=object)]
[369, array([-16.,  -8.,  -8.,   0.]), array([2, 2, 2, 3, 3, 3, 0, 1, 1, 3, 3, 2, 2, 2, 1, 1, 0, 1, 1, 2, 1, 1,
       3, 1, 1], dtype=object)]
[369, array([-16.,  -8.,  -8.,   0.]), array([2, 2, 2, 3, 3, 3, 0, 1, 1, 3, 3, 2, 2, 2, 1, 1, 0, 1, 1, 2, 1, 1,
       3, 1, 1], dtype=object)]
[369, array([-16.,  -8.,  -8.,   0.]), array([2, 2, 2, 3, 3, 3, 0, 1, 1, 3, 3, 2, 2, 2, 1, 1, 0, 1, 1, 2, 1, 1,
       3, 1, 1], dtype=object)]
[370, array([-16.,  -8.,  -8.,   0.]), array([2, 2, 2, 3, 3, 2, 0, 1, 1, 3, 3, 2, 2, 2, 1, 1, 0, 1, 1, 2, 1, 1,
       3, 1, 1], dtype=object)]
[370, array([-16.,  -8.,  -8.,   0.]), array([2, 2, 2, 3, 3, 2, 0, 1, 1, 3, 3, 2, 2, 2, 1, 1, 0, 1, 1, 2, 1, 1,
       3, 1, 1], dtype=object)]
[370, array([-16.,  -8.,  -8.,   0.]), array([2, 2, 2, 3, 3, 2, 0, 1, 1, 3, 3, 2, 2, 2, 1, 1, 0, 1, 1, 2, 1, 1,
       3, 1, 1], dtype=object)]
[370, array([-16.,  -8.,  -8.,   0.]), array([2, 2, 2, 3, 3, 2, 0, 1, 1, 3, 3, 2, 2, 2, 1, 1, 0, 1, 1, 2, 1, 1,
       3, 1, 1], dtype=object)]
[371, array([-16.,  -8.,  -8.,   0.]), array([2, 2, 2, 3, 3, 3, 0, 1, 1, 3, 3, 2, 2, 2, 1, 1, 0, 1, 1, 2, 1, 1,
       3, 1, 1], dtype=object)]
[371, array([-16.,  -8.,  -8.,   0.]), array([2, 2, 2, 3, 3, 3, 0, 1, 1, 3, 3, 2, 2, 2, 1, 1, 0, 1, 1, 2, 1, 1,
       3, 1, 1], dtype=object)]
[371, array([-16.,  -8.,  -8.,   0.]), array([2, 2, 2, 3, 3, 3, 0, 1, 1, 3, 3, 2, 2, 2, 1, 1, 0, 1, 1, 2, 1, 1,
       3, 1, 1], dtype=object)]
[371, array([-16.,  -8.,  -8.,   0.]), array([2, 2, 2, 3, 3, 3, 0, 1, 1, 3, 3, 2, 2, 2, 1, 1, 0, 1, 1, 2, 1, 1,
       3, 1, 1], dtype=object)]
[372, array([-16.,  -8.,  -8.,   0.]), array([2, 2, 2, 3, 3, 3, 0, 1, 1, 3, 3, 2, 2, 2, 1, 1, 3, 1, 1, 2, 1, 1,
       3, 1, 1], dtype=object)]
[372, array([-16.,  -8.,  -8.,   0.]), array([2, 2, 2, 3, 3, 3, 0, 1, 1, 3, 3, 2, 2, 2, 1, 1, 3, 1, 1, 2, 1, 1,
       3, 1, 1], dtype=object)]
[372, array([-16.,  -8.,  -8.,   0.]), array([2, 2, 2, 3, 3, 3, 0, 1, 1, 3, 3, 2, 2, 2, 1, 1, 3, 1, 1, 2, 1, 1,
       3, 1, 1], dtype=object)]
[372, array([-16.,  -8.,  -8.,   0.]), array([2, 2, 2, 3, 3, 3, 0, 1, 1, 3, 3, 2, 2, 2, 1, 1, 3, 1, 1, 2, 1, 1,
       3, 1, 1], dtype=object)]
[373, array([-16.,  -8.,  -8.,   0.]), array([2, 2, 2, 3, 3, 3, 0, 1, 1, 3, 3, 2, 2, 2, 1, 1, 0, 1, 1, 2, 1, 1,
       3, 1, 1], dtype=object)]
[373, array([-16.,  -8.,  -8.,   0.]), array([2, 2, 2, 3, 3, 3, 0, 1, 1, 3, 3, 2, 2, 2, 1, 1, 0, 1, 1, 2, 1, 1,
       3, 1, 1], dtype=object)]
[373, array([-16.,  -8.,  -8.,   0.]), array([2, 2, 2, 3, 3, 3, 0, 1, 1, 3, 3, 2, 2, 2, 1, 1, 0, 1, 1, 2, 1, 1,
       3, 1, 1], dtype=object)]
[373, array([-16.,  -8.,  -8.,   0.]), array([2, 2, 2, 3, 3, 3, 0, 1, 1, 3, 3, 2, 2, 2, 1, 1, 0, 1, 1, 2, 1, 1,
       3, 1, 1], dtype=object)]
[374, array([-16.,  -8.,  -8.,   0.]), array([2, 2, 2, 3, 3, 3, 0, 1, 1, 3, 3, 2, 2, 2, 1, 1, 0, 0, 1, 2, 1, 1,
       3, 1, 1], dtype=object)]
[374, array([-16.,  -8.,  -8.,   0.]), array([2, 2, 2, 3, 3, 3, 0, 1, 1, 3, 3, 2, 2, 2, 1, 1, 0, 0, 1, 2, 1, 1,
       3, 1, 1], dtype=object)]
[374, array([-16.,  -8.,  -8.,   0.]), array([2, 2, 2, 3, 3, 3, 0, 1, 1, 3, 3, 2, 2, 2, 1, 1, 0, 0, 1, 2, 1, 1,
       3, 1, 1], dtype=object)]
[374, array([-16.,  -8.,  -8.,   0.]), array([2, 2, 2, 3, 3, 3, 0, 1, 1, 3, 3, 2, 2, 2, 1, 1, 0, 0, 1, 2, 1, 1,
       3, 1, 1], dtype=object)]
[375, array([-16.,  -8.,  -8.,   0.]), array([2, 2, 2, 3, 3, 3, 0, 1, 1, 3, 3, 2, 2, 2, 1, 1, 0, 1, 1, 2, 1, 1,
       3, 1, 1], dtype=object)]
[375, array([-16.,  -8.,  -8.,   0.]), array([2, 2, 2, 3, 3, 3, 0, 1, 1, 3, 3, 2, 2, 2, 1, 1, 0, 1, 1, 2, 1, 1,
       3, 1, 1], dtype=object)]
[375, array([-16.,  -8.,  -8.,   0.]), array([2, 2, 2, 3, 3, 3, 0, 1, 1, 3, 3, 2, 2, 2, 1, 1, 0, 1, 1, 2, 1, 1,
       3, 1, 1], dtype=object)]
[375, array([-16.,  -8.,  -8.,   0.]), array([2, 2, 2, 3, 3, 3, 0, 1, 1, 3, 3, 2, 2, 2, 1, 1, 0, 1, 1, 2, 1, 1,
       3, 1, 1], dtype=object)]
[376, array([-16.,  -8.,  -8.,   0.]), array([2, 2, 2, 3, 3, 1, 0, 1, 1, 3, 3, 2, 2, 2, 1, 1, 1, 1, 1, 2, 1, 1,
       3, 1, 1], dtype=object)]
[376, array([-16.,  -8.,  -8.,   0.]), array([2, 2, 2, 3, 3, 1, 0, 1, 1, 3, 3, 2, 2, 2, 1, 1, 1, 1, 1, 2, 1, 1,
       3, 1, 1], dtype=object)]
[376, array([-16.,  -8.,  -8.,   0.]), array([2, 2, 2, 3, 3, 1, 0, 1, 1, 3, 3, 2, 2, 2, 1, 1, 1, 1, 1, 2, 1, 1,
       3, 1, 1], dtype=object)]
[376, array([-16.,  -8.,  -8.,   0.]), array([2, 2, 2, 3, 3, 1, 0, 1, 1, 3, 3, 2, 2, 2, 1, 1, 1, 1, 1, 2, 1, 1,
       3, 1, 1], dtype=object)]
[377, array([-16.,  -8.,  -8.,   0.]), array([2, 2, 2, 3, 3, 3, 0, 1, 1, 3, 3, 2, 2, 2, 1, 1, 0, 1, 1, 2, 1, 1,
       3, 1, 1], dtype=object)]
[377, array([-16.,  -8.,  -8.,   0.]), array([2, 2, 2, 3, 3, 3, 0, 1, 1, 3, 3, 2, 2, 2, 1, 1, 0, 1, 1, 2, 1, 1,
       3, 1, 1], dtype=object)]
[377, array([-16.,  -8.,  -8.,   0.]), array([2, 2, 2, 3, 3, 3, 0, 1, 1, 3, 3, 2, 2, 2, 1, 1, 0, 1, 1, 2, 1, 1,
       3, 1, 1], dtype=object)]
[377, array([-16.,  -8.,  -8.,   0.]), array([2, 2, 2, 3, 3, 3, 0, 1, 1, 3, 3, 2, 2, 2, 1, 1, 0, 1, 1, 2, 1, 1,
       3, 1, 1], dtype=object)]
[378, array([-16.,  -8.,  -8.,   0.]), array([2, 2, 2, 3, 3, 3, 0, 1, 1, 3, 3, 2, 2, 2, 1, 1, 3, 1, 1, 2, 1, 0,
       3, 1, 1], dtype=object)]
[378, array([-16.,  -8.,  -8.,   0.]), array([2, 2, 2, 3, 3, 3, 0, 1, 1, 3, 3, 2, 2, 2, 1, 1, 3, 1, 1, 2, 1, 0,
       3, 1, 1], dtype=object)]
[378, array([-16.,  -8.,  -8.,   0.]), array([2, 2, 2, 3, 3, 3, 0, 1, 1, 3, 3, 2, 2, 2, 1, 1, 3, 1, 1, 2, 1, 0,
       3, 1, 1], dtype=object)]
[378, array([-16.,  -8.,  -8.,   0.]), array([2, 2, 2, 3, 3, 3, 0, 1, 1, 3, 3, 2, 2, 2, 1, 1, 3, 1, 1, 2, 1, 0,
       3, 1, 1], dtype=object)]
[379, array([-16.,  -8.,  -8.,   0.]), array([2, 2, 2, 3, 3, 3, 0, 1, 1, 3, 3, 2, 2, 2, 1, 1, 0, 1, 1, 2, 1, 1,
       3, 1, 1], dtype=object)]
[379, array([-16.,  -8.,  -8.,   0.]), array([2, 2, 2, 3, 3, 3, 0, 1, 1, 3, 3, 2, 2, 2, 1, 1, 0, 1, 1, 2, 1, 1,
       3, 1, 1], dtype=object)]
[379, array([-16.,  -8.,  -8.,   0.]), array([2, 2, 2, 3, 3, 3, 0, 1, 1, 3, 3, 2, 2, 2, 1, 1, 0, 1, 1, 2, 1, 1,
       3, 1, 1], dtype=object)]
[379, array([-16.,  -8.,  -8.,   0.]), array([2, 2, 2, 3, 3, 3, 0, 1, 1, 3, 3, 2, 2, 2, 1, 1, 0, 1, 1, 2, 1, 1,
       3, 1, 1], dtype=object)]
[380, array([-16.,  -8.,  -8.,   0.]), array([2, 2, 2, 3, 3, 3, 0, 1, 1, 3, 3, 2, 2, 2, 1, 1, 0, 1, 1, 2, 1, 3,
       3, 1, 1], dtype=object)]
[380, array([-16.,  -8.,  -8.,   0.]), array([2, 2, 2, 3, 3, 3, 0, 1, 1, 3, 3, 2, 2, 2, 1, 1, 0, 1, 1, 2, 1, 3,
       3, 1, 1], dtype=object)]
[380, array([-16.,  -8.,  -8.,   0.]), array([2, 2, 2, 3, 3, 3, 0, 1, 1, 3, 3, 2, 2, 2, 1, 1, 0, 1, 1, 2, 1, 3,
       3, 1, 1], dtype=object)]
[380, array([-16.,  -8.,  -8.,   0.]), array([2, 2, 2, 3, 3, 3, 0, 1, 1, 3, 3, 2, 2, 2, 1, 1, 0, 1, 1, 2, 1, 3,
       3, 1, 1], dtype=object)]
[381, array([-16.,  -8.,  -8.,   0.]), array([2, 2, 2, 3, 3, 3, 0, 1, 1, 3, 3, 2, 2, 2, 1, 1, 0, 1, 1, 2, 1, 1,
       3, 1, 1], dtype=object)]
[381, array([-16.,  -8.,  -8.,   0.]), array([2, 2, 2, 3, 3, 3, 0, 1, 1, 3, 3, 2, 2, 2, 1, 1, 0, 1, 1, 2, 1, 1,
       3, 1, 1], dtype=object)]
[381, array([-16.,  -8.,  -8.,   0.]), array([2, 2, 2, 3, 3, 3, 0, 1, 1, 3, 3, 2, 2, 2, 1, 1, 0, 1, 1, 2, 1, 1,
       3, 1, 1], dtype=object)]
[381, array([-16.,  -8.,  -8.,   0.]), array([2, 2, 2, 3, 3, 3, 0, 1, 1, 3, 3, 2, 2, 2, 1, 1, 0, 1, 1, 2, 1, 1,
       3, 1, 1], dtype=object)]
[382, array([-16.,  -8.,  -8.,   0.]), array([2, 2, 2, 3, 3, 3, 0, 1, 1, 3, 3, 2, 2, 2, 1, 1, 0, 2, 1, 2, 1, 1,
       3, 1, 1], dtype=object)]
[382, array([-16.,  -8.,  -8.,   0.]), array([2, 2, 2, 3, 3, 3, 0, 1, 1, 3, 3, 2, 2, 2, 1, 1, 0, 2, 1, 2, 1, 1,
       3, 1, 1], dtype=object)]
[382, array([-16.,  -8.,  -8.,   0.]), array([2, 2, 2, 3, 3, 3, 0, 1, 1, 3, 3, 2, 2, 2, 1, 1, 0, 2, 1, 2, 1, 1,
       3, 1, 1], dtype=object)]
[382, array([-16.,  -8.,  -8.,   0.]), array([2, 2, 2, 3, 3, 3, 0, 1, 1, 3, 3, 2, 2, 2, 1, 1, 0, 2, 1, 2, 1, 1,
       3, 1, 1], dtype=object)]
[383, array([-16.,  -8.,  -8.,   0.]), array([2, 2, 2, 3, 3, 3, 0, 1, 1, 3, 3, 2, 2, 2, 1, 1, 0, 1, 1, 2, 1, 1,
       3, 1, 1], dtype=object)]
[383, array([-16.,  -8.,  -8.,   0.]), array([2, 2, 2, 3, 3, 3, 0, 1, 1, 3, 3, 2, 2, 2, 1, 1, 0, 1, 1, 2, 1, 1,
       3, 1, 1], dtype=object)]
[383, array([-16.,  -8.,  -8.,   0.]), array([2, 2, 2, 3, 3, 3, 0, 1, 1, 3, 3, 2, 2, 2, 1, 1, 0, 1, 1, 2, 1, 1,
       3, 1, 1], dtype=object)]
[383, array([-16.,  -8.,  -8.,   0.]), array([2, 2, 2, 3, 3, 3, 0, 1, 1, 3, 3, 2, 2, 2, 1, 1, 0, 1, 1, 2, 1, 1,
       3, 1, 1], dtype=object)]
[384, array([-16.,  -8.,  -8.,   0.]), array([2, 2, 2, 3, 3, 2, 0, 1, 1, 3, 3, 2, 2, 2, 1, 1, 0, 1, 1, 2, 1, 1,
       3, 1, 1], dtype=object)]
[384, array([-16.,  -8.,  -8.,   0.]), array([2, 2, 2, 3, 3, 2, 0, 1, 1, 3, 3, 2, 2, 2, 1, 1, 0, 1, 1, 2, 1, 1,
       3, 1, 1], dtype=object)]
[384, array([-16.,  -8.,  -8.,   0.]), array([2, 2, 2, 3, 3, 2, 0, 1, 1, 3, 3, 2, 2, 2, 1, 1, 0, 1, 1, 2, 1, 1,
       3, 1, 1], dtype=object)]
[384, array([-16.,  -8.,  -8.,   0.]), array([2, 2, 2, 3, 3, 2, 0, 1, 1, 3, 3, 2, 2, 2, 1, 1, 0, 1, 1, 2, 1, 1,
       3, 1, 1], dtype=object)]
[385, array([-16.,  -8.,  -8.,   0.]), array([2, 2, 2, 3, 3, 3, 0, 1, 1, 3, 3, 2, 2, 2, 1, 1, 0, 1, 1, 2, 1, 1,
       3, 1, 1], dtype=object)]
[385, array([-16.,  -8.,  -8.,   0.]), array([2, 2, 2, 3, 3, 3, 0, 1, 1, 3, 3, 2, 2, 2, 1, 1, 0, 1, 1, 2, 1, 1,
       3, 1, 1], dtype=object)]
[385, array([-16.,  -8.,  -8.,   0.]), array([2, 2, 2, 3, 3, 3, 0, 1, 1, 3, 3, 2, 2, 2, 1, 1, 0, 1, 1, 2, 1, 1,
       3, 1, 1], dtype=object)]
[385, array([-16.,  -8.,  -8.,   0.]), array([2, 2, 2, 3, 3, 3, 0, 1, 1, 3, 3, 2, 2, 2, 1, 1, 0, 1, 1, 2, 1, 1,
       3, 1, 1], dtype=object)]
[386, array([-16.,  -8.,  -8.,   0.]), array([2, 2, 2, 3, 3, 3, 0, 1, 1, 3, 3, 2, 2, 2, 1, 1, 1, 1, 0, 2, 1, 1,
       3, 1, 1], dtype=object)]
[386, array([-16.,  -8.,  -8.,   0.]), array([2, 2, 2, 3, 3, 3, 0, 1, 1, 3, 3, 2, 2, 2, 1, 1, 1, 1, 0, 2, 1, 1,
       3, 1, 1], dtype=object)]
[386, array([-16.,  -8.,  -8.,   0.]), array([2, 2, 2, 3, 3, 3, 0, 1, 1, 3, 3, 2, 2, 2, 1, 1, 1, 1, 0, 2, 1, 1,
       3, 1, 1], dtype=object)]
[386, array([-16.,  -8.,  -8.,   0.]), array([2, 2, 2, 3, 3, 3, 0, 1, 1, 3, 3, 2, 2, 2, 1, 1, 1, 1, 0, 2, 1, 1,
       3, 1, 1], dtype=object)]
[387, array([-16.,  -8.,  -8.,   0.]), array([2, 2, 2, 3, 3, 3, 0, 1, 1, 3, 3, 2, 2, 2, 1, 1, 1, 1, 1, 2, 1, 1,
       3, 1, 1], dtype=object)]
[387, array([-16.,  -8.,  -8.,   0.]), array([2, 2, 2, 3, 3, 3, 0, 1, 1, 3, 3, 2, 2, 2, 1, 1, 1, 1, 1, 2, 1, 1,
       3, 1, 1], dtype=object)]
[387, array([-16.,  -8.,  -8.,   0.]), array([2, 2, 2, 3, 3, 3, 0, 1, 1, 3, 3, 2, 2, 2, 1, 1, 1, 1, 1, 2, 1, 1,
       3, 1, 1], dtype=object)]
[387, array([-16.,  -8.,  -8.,   0.]), array([2, 2, 2, 3, 3, 3, 0, 1, 1, 3, 3, 2, 2, 2, 1, 1, 1, 1, 1, 2, 1, 1,
       3, 1, 1], dtype=object)]
[388, array([-16.,  -8.,  -8.,   0.]), array([2, 2, 2, 3, 3, 3, 0, 1, 1, 3, 3, 2, 2, 2, 1, 1, 3, 1, 1, 2, 1, 3,
       3, 1, 1], dtype=object)]
[388, array([-16.,  -8.,  -8.,   0.]), array([2, 2, 2, 3, 3, 3, 0, 1, 1, 3, 3, 2, 2, 2, 1, 1, 3, 1, 1, 2, 1, 3,
       3, 1, 1], dtype=object)]
[388, array([-16.,  -8.,  -8.,   0.]), array([2, 2, 2, 3, 3, 3, 0, 1, 1, 3, 3, 2, 2, 2, 1, 1, 3, 1, 1, 2, 1, 3,
       3, 1, 1], dtype=object)]
[388, array([-16.,  -8.,  -8.,   0.]), array([2, 2, 2, 3, 3, 3, 0, 1, 1, 3, 3, 2, 2, 2, 1, 1, 3, 1, 1, 2, 1, 3,
       3, 1, 1], dtype=object)]
[389, array([-16.,  -8.,  -8.,   0.]), array([2, 2, 2, 3, 3, 3, 0, 1, 1, 3, 3, 2, 2, 2, 1, 1, 0, 1, 1, 2, 1, 1,
       3, 1, 1], dtype=object)]
[389, array([-16.,  -8.,  -8.,   0.]), array([2, 2, 2, 3, 3, 3, 0, 1, 1, 3, 3, 2, 2, 2, 1, 1, 0, 1, 1, 2, 1, 1,
       3, 1, 1], dtype=object)]
[389, array([-16.,  -8.,  -8.,   0.]), array([2, 2, 2, 3, 3, 3, 0, 1, 1, 3, 3, 2, 2, 2, 1, 1, 0, 1, 1, 2, 1, 1,
       3, 1, 1], dtype=object)]
[389, array([-16.,  -8.,  -8.,   0.]), array([2, 2, 2, 3, 3, 3, 0, 1, 1, 3, 3, 2, 2, 2, 1, 1, 0, 1, 1, 2, 1, 1,
       3, 1, 1], dtype=object)]
[390, array([-16.,  -8.,  -8.,   0.]), array([2, 2, 2, 3, 3, 3, 0, 1, 1, 3, 3, 2, 2, 2, 1, 1, 0, 1, 2, 2, 1, 1,
       3, 1, 1], dtype=object)]
[390, array([-16.,  -8.,  -8.,   0.]), array([2, 2, 2, 3, 3, 3, 0, 1, 1, 3, 3, 2, 2, 2, 1, 1, 0, 1, 2, 2, 1, 1,
       3, 1, 1], dtype=object)]
[390, array([-16.,  -8.,  -8.,   0.]), array([2, 2, 2, 3, 3, 3, 0, 1, 1, 3, 3, 2, 2, 2, 1, 1, 0, 1, 2, 2, 1, 1,
       3, 1, 1], dtype=object)]
[390, array([-16.,  -8.,  -8.,   0.]), array([2, 2, 2, 3, 3, 3, 0, 1, 1, 3, 3, 2, 2, 2, 1, 1, 0, 1, 2, 2, 1, 1,
       3, 1, 1], dtype=object)]
[391, array([-16.,  -8.,  -8.,   0.]), array([2, 2, 2, 3, 3, 3, 0, 1, 1, 3, 3, 2, 2, 2, 1, 1, 0, 1, 1, 2, 1, 1,
       3, 1, 1], dtype=object)]
[391, array([-16.,  -8.,  -8.,   0.]), array([2, 2, 2, 3, 3, 3, 0, 1, 1, 3, 3, 2, 2, 2, 1, 1, 0, 1, 1, 2, 1, 1,
       3, 1, 1], dtype=object)]
[391, array([-16.,  -8.,  -8.,   0.]), array([2, 2, 2, 3, 3, 3, 0, 1, 1, 3, 3, 2, 2, 2, 1, 1, 0, 1, 1, 2, 1, 1,
       3, 1, 1], dtype=object)]
[391, array([-16.,  -8.,  -8.,   0.]), array([2, 2, 2, 3, 3, 3, 0, 1, 1, 3, 3, 2, 2, 2, 1, 1, 0, 1, 1, 2, 1, 1,
       3, 1, 1], dtype=object)]
[392, array([-16.,  -8.,  -8.,   0.]), array([2, 2, 2, 3, 3, 3, 0, 1, 1, 3, 3, 2, 2, 2, 1, 1, 0, 1, 1, 2, 1, 0,
       3, 1, 1], dtype=object)]
[392, array([-16.,  -8.,  -8.,   0.]), array([2, 2, 2, 3, 3, 3, 0, 1, 1, 3, 3, 2, 2, 2, 1, 1, 0, 1, 1, 2, 1, 0,
       3, 1, 1], dtype=object)]
[392, array([-16.,  -8.,  -8.,   0.]), array([2, 2, 2, 3, 3, 3, 0, 1, 1, 3, 3, 2, 2, 2, 1, 1, 0, 1, 1, 2, 1, 0,
       3, 1, 1], dtype=object)]
[392, array([-16.,  -8.,  -8.,   0.]), array([2, 2, 2, 3, 3, 3, 0, 1, 1, 3, 3, 2, 2, 2, 1, 1, 0, 1, 1, 2, 1, 0,
       3, 1, 1], dtype=object)]
[393, array([-16.,  -8.,  -8.,   0.]), array([2, 2, 2, 3, 3, 3, 0, 1, 1, 3, 3, 2, 2, 2, 1, 1, 0, 1, 1, 2, 1, 1,
       3, 1, 1], dtype=object)]
[393, array([-16.,  -8.,  -8.,   0.]), array([2, 2, 2, 3, 3, 3, 0, 1, 1, 3, 3, 2, 2, 2, 1, 1, 0, 1, 1, 2, 1, 1,
       3, 1, 1], dtype=object)]
[393, array([-16.,  -8.,  -8.,   0.]), array([2, 2, 2, 3, 3, 3, 0, 1, 1, 3, 3, 2, 2, 2, 1, 1, 0, 1, 1, 2, 1, 1,
       3, 1, 1], dtype=object)]
[393, array([-16.,  -8.,  -8.,   0.]), array([2, 2, 2, 3, 3, 3, 0, 1, 1, 3, 3, 2, 2, 2, 1, 1, 0, 1, 1, 2, 1, 1,
       3, 1, 1], dtype=object)]
[394, array([-16.,  -8.,  -8.,   0.]), array([2, 2, 2, 3, 3, 1, 0, 1, 1, 3, 3, 2, 2, 2, 1, 1, 0, 1, 1, 2, 1, 1,
       3, 1, 1], dtype=object)]
[394, array([-16.,  -8.,  -8.,   0.]), array([2, 2, 2, 3, 3, 1, 0, 1, 1, 3, 3, 2, 2, 2, 1, 1, 0, 1, 1, 2, 1, 1,
       3, 1, 1], dtype=object)]
[394, array([-16.,  -8.,  -8.,   0.]), array([2, 2, 2, 3, 3, 1, 0, 1, 1, 3, 3, 2, 2, 2, 1, 1, 0, 1, 1, 2, 1, 1,
       3, 1, 1], dtype=object)]
[394, array([-16.,  -8.,  -8.,   0.]), array([2, 2, 2, 3, 3, 1, 0, 1, 1, 3, 3, 2, 2, 2, 1, 1, 0, 1, 1, 2, 1, 1,
       3, 1, 1], dtype=object)]
[395, array([-16.,  -8.,  -8.,   0.]), array([2, 2, 2, 3, 3, 3, 0, 1, 1, 3, 3, 2, 2, 2, 1, 1, 0, 1, 1, 2, 1, 1,
       3, 1, 1], dtype=object)]
[395, array([-16.,  -8.,  -8.,   0.]), array([2, 2, 2, 3, 3, 3, 0, 1, 1, 3, 3, 2, 2, 2, 1, 1, 0, 1, 1, 2, 1, 1,
       3, 1, 1], dtype=object)]
[395, array([-16.,  -8.,  -8.,   0.]), array([2, 2, 2, 3, 3, 3, 0, 1, 1, 3, 3, 2, 2, 2, 1, 1, 0, 1, 1, 2, 1, 1,
       3, 1, 1], dtype=object)]
[395, array([-16.,  -8.,  -8.,   0.]), array([2, 2, 2, 3, 3, 3, 0, 1, 1, 3, 3, 2, 2, 2, 1, 1, 0, 1, 1, 2, 1, 1,
       3, 1, 1], dtype=object)]
[396, array([-16.,  -8.,  -8.,   0.]), array([2, 2, 2, 3, 3, 3, 0, 1, 1, 3, 3, 2, 2, 2, 1, 1, 2, 1, 1, 2, 1, 1,
       3, 1, 1], dtype=object)]
[396, array([-16.,  -8.,  -8.,   0.]), array([2, 2, 2, 3, 3, 3, 0, 1, 1, 3, 3, 2, 2, 2, 1, 1, 2, 1, 1, 2, 1, 1,
       3, 1, 1], dtype=object)]
[396, array([-16.,  -8.,  -8.,   0.]), array([2, 2, 2, 3, 3, 3, 0, 1, 1, 3, 3, 2, 2, 2, 1, 1, 2, 1, 1, 2, 1, 1,
       3, 1, 1], dtype=object)]
[396, array([-16.,  -8.,  -8.,   0.]), array([2, 2, 2, 3, 3, 3, 0, 1, 1, 3, 3, 2, 2, 2, 1, 1, 2, 1, 1, 2, 1, 1,
       3, 1, 1], dtype=object)]
[397, array([-16.,  -8.,  -8.,   0.]), array([2, 2, 2, 3, 3, 3, 0, 1, 1, 3, 3, 2, 2, 2, 1, 1, 0, 1, 1, 2, 1, 1,
       3, 1, 1], dtype=object)]
[397, array([-16.,  -8.,  -8.,   0.]), array([2, 2, 2, 3, 3, 3, 0, 1, 1, 3, 3, 2, 2, 2, 1, 1, 0, 1, 1, 2, 1, 1,
       3, 1, 1], dtype=object)]
[397, array([-16.,  -8.,  -8.,   0.]), array([2, 2, 2, 3, 3, 3, 0, 1, 1, 3, 3, 2, 2, 2, 1, 1, 0, 1, 1, 2, 1, 1,
       3, 1, 1], dtype=object)]
[397, array([-16.,  -8.,  -8.,   0.]), array([2, 2, 2, 3, 3, 3, 0, 1, 1, 3, 3, 2, 2, 2, 1, 1, 0, 1, 1, 2, 1, 1,
       3, 1, 1], dtype=object)]
[398, array([-16.,  -8.,  -8.,   0.]), array([1, 2, 2, 3, 3, 2, 0, 1, 1, 3, 3, 2, 2, 2, 1, 1, 0, 1, 1, 2, 1, 1,
       3, 1, 1], dtype=object)]
[398, array([-16.,  -8.,  -8.,   0.]), array([1, 2, 2, 3, 3, 2, 0, 1, 1, 3, 3, 2, 2, 2, 1, 1, 0, 1, 1, 2, 1, 1,
       3, 1, 1], dtype=object)]
[398, array([-16.,  -8.,  -8.,   0.]), array([1, 2, 2, 3, 3, 2, 0, 1, 1, 3, 3, 2, 2, 2, 1, 1, 0, 1, 1, 2, 1, 1,
       3, 1, 1], dtype=object)]
[398, array([-16.,  -8.,  -8.,   0.]), array([1, 2, 2, 3, 3, 2, 0, 1, 1, 3, 3, 2, 2, 2, 1, 1, 0, 1, 1, 2, 1, 1,
       3, 1, 1], dtype=object)]
[399, array([-16.,  -8.,  -8.,   0.]), array([2, 2, 2, 3, 3, 3, 0, 1, 1, 3, 3, 2, 2, 2, 1, 1, 1, 1, 1, 2, 1, 1,
       3, 1, 1], dtype=object)]
[399, array([-16.,  -8.,  -8.,   0.]), array([2, 2, 2, 3, 3, 3, 0, 1, 1, 3, 3, 2, 2, 2, 1, 1, 1, 1, 1, 2, 1, 1,
       3, 1, 1], dtype=object)]
[399, array([-16.,  -8.,  -8.,   0.]), array([2, 2, 2, 3, 3, 3, 0, 1, 1, 3, 3, 2, 2, 2, 1, 1, 1, 1, 1, 2, 1, 1,
       3, 1, 1], dtype=object)]
[399, array([-16.,  -8.,  -8.,   0.]), array([2, 2, 2, 3, 3, 3, 0, 1, 1, 3, 3, 2, 2, 2, 1, 1, 1, 1, 1, 2, 1, 1,
       3, 1, 1], dtype=object)]
[400, array([-16.,  -8.,  -8.,   0.]), array([2, 2, 2, 3, 3, 3, 0, 1, 1, 3, 3, 2, 2, 2, 1, 1, 1, 0, 1, 2, 1, 1,
       3, 1, 1], dtype=object)]
[400, array([-16.,  -8.,  -8.,   0.]), array([2, 2, 2, 3, 3, 3, 0, 1, 1, 3, 3, 2, 2, 2, 1, 1, 1, 0, 1, 2, 1, 1,
       3, 1, 1], dtype=object)]
[400, array([-16.,  -8.,  -8.,   0.]), array([2, 2, 2, 3, 3, 3, 0, 1, 1, 3, 3, 2, 2, 2, 1, 1, 1, 0, 1, 2, 1, 1,
       3, 1, 1], dtype=object)]
[400, array([-16.,  -8.,  -8.,   0.]), array([2, 2, 2, 3, 3, 3, 0, 1, 1, 3, 3, 2, 2, 2, 1, 1, 1, 0, 1, 2, 1, 1,
       3, 1, 1], dtype=object)]
[401, array([-16.,  -8.,  -8.,   0.]), array([2, 2, 2, 3, 3, 3, 0, 1, 1, 3, 3, 2, 2, 2, 1, 1, 0, 1, 1, 2, 1, 1,
       3, 1, 1], dtype=object)]
[401, array([-16.,  -8.,  -8.,   0.]), array([2, 2, 2, 3, 3, 3, 0, 1, 1, 3, 3, 2, 2, 2, 1, 1, 0, 1, 1, 2, 1, 1,
       3, 1, 1], dtype=object)]
[401, array([-16.,  -8.,  -8.,   0.]), array([2, 2, 2, 3, 3, 3, 0, 1, 1, 3, 3, 2, 2, 2, 1, 1, 0, 1, 1, 2, 1, 1,
       3, 1, 1], dtype=object)]
[401, array([-16.,  -8.,  -8.,   0.]), array([2, 2, 2, 3, 3, 3, 0, 1, 1, 3, 3, 2, 2, 2, 1, 1, 0, 1, 1, 2, 1, 1,
       3, 1, 1], dtype=object)]
[402, array([-16.,  -8.,  -8.,   0.]), array([2, 2, 2, 3, 3, 3, 0, 1, 1, 3, 3, 2, 2, 2, 1, 1, 0, 1, 1, 2, 1, 2,
       3, 1, 1], dtype=object)]
[402, array([-16.,  -8.,  -8.,   0.]), array([2, 2, 2, 3, 3, 3, 0, 1, 1, 3, 3, 2, 2, 2, 1, 1, 0, 1, 1, 2, 1, 2,
       3, 1, 1], dtype=object)]
[402, array([-16.,  -8.,  -8.,   0.]), array([2, 2, 2, 3, 3, 3, 0, 1, 1, 3, 3, 2, 2, 2, 1, 1, 0, 1, 1, 2, 1, 2,
       3, 1, 1], dtype=object)]
[402, array([-16.,  -8.,  -8.,   0.]), array([2, 2, 2, 3, 3, 3, 0, 1, 1, 3, 3, 2, 2, 2, 1, 1, 0, 1, 1, 2, 1, 2,
       3, 1, 1], dtype=object)]
[403, array([-16.,  -8.,  -8.,   0.]), array([2, 2, 2, 3, 3, 3, 0, 1, 1, 3, 3, 2, 2, 2, 1, 1, 0, 1, 1, 2, 1, 1,
       3, 1, 1], dtype=object)]
[403, array([-16.,  -8.,  -8.,   0.]), array([2, 2, 2, 3, 3, 3, 0, 1, 1, 3, 3, 2, 2, 2, 1, 1, 0, 1, 1, 2, 1, 1,
       3, 1, 1], dtype=object)]
[403, array([-16.,  -8.,  -8.,   0.]), array([2, 2, 2, 3, 3, 3, 0, 1, 1, 3, 3, 2, 2, 2, 1, 1, 0, 1, 1, 2, 1, 1,
       3, 1, 1], dtype=object)]
[403, array([-16.,  -8.,  -8.,   0.]), array([2, 2, 2, 3, 3, 3, 0, 1, 1, 3, 3, 2, 2, 2, 1, 1, 0, 1, 1, 2, 1, 1,
       3, 1, 1], dtype=object)]
[404, array([-16.,  -8.,  -8.,   0.]), array([1, 2, 2, 3, 3, 3, 0, 1, 1, 3, 3, 2, 2, 2, 1, 1, 0, 2, 1, 2, 1, 1,
       3, 1, 1], dtype=object)]
[404, array([-16.,  -8.,  -8.,   0.]), array([1, 2, 2, 3, 3, 3, 0, 1, 1, 3, 3, 2, 2, 2, 1, 1, 0, 2, 1, 2, 1, 1,
       3, 1, 1], dtype=object)]
[404, array([-16.,  -8.,  -8.,   0.]), array([1, 2, 2, 3, 3, 3, 0, 1, 1, 3, 3, 2, 2, 2, 1, 1, 0, 2, 1, 2, 1, 1,
       3, 1, 1], dtype=object)]
[404, array([-16.,  -8.,  -8.,   0.]), array([1, 2, 2, 3, 3, 3, 0, 1, 1, 3, 3, 2, 2, 2, 1, 1, 0, 2, 1, 2, 1, 1,
       3, 1, 1], dtype=object)]
[405, array([-16.,  -8.,  -8.,   0.]), array([2, 2, 2, 3, 3, 3, 0, 1, 1, 3, 3, 2, 2, 2, 1, 1, 0, 1, 1, 2, 1, 1,
       3, 1, 1], dtype=object)]
[405, array([-16.,  -8.,  -8.,   0.]), array([2, 2, 2, 3, 3, 3, 0, 1, 1, 3, 3, 2, 2, 2, 1, 1, 0, 1, 1, 2, 1, 1,
       3, 1, 1], dtype=object)]
[405, array([-16.,  -8.,  -8.,   0.]), array([2, 2, 2, 3, 3, 3, 0, 1, 1, 3, 3, 2, 2, 2, 1, 1, 0, 1, 1, 2, 1, 1,
       3, 1, 1], dtype=object)]
[405, array([-16.,  -8.,  -8.,   0.]), array([2, 2, 2, 3, 3, 3, 0, 1, 1, 3, 3, 2, 2, 2, 1, 1, 0, 1, 1, 2, 1, 1,
       3, 1, 1], dtype=object)]
[406, array([-16.,  -8.,  -8.,   0.]), array([1, 2, 2, 3, 3, 3, 0, 1, 1, 3, 3, 2, 2, 2, 1, 1, 2, 1, 1, 2, 1, 1,
       3, 1, 1], dtype=object)]
[406, array([-16.,  -8.,  -8.,   0.]), array([1, 2, 2, 3, 3, 3, 0, 1, 1, 3, 3, 2, 2, 2, 1, 1, 2, 1, 1, 2, 1, 1,
       3, 1, 1], dtype=object)]
[406, array([-16.,  -8.,  -8.,   0.]), array([1, 2, 2, 3, 3, 3, 0, 1, 1, 3, 3, 2, 2, 2, 1, 1, 2, 1, 1, 2, 1, 1,
       3, 1, 1], dtype=object)]
[406, array([-16.,  -8.,  -8.,   0.]), array([1, 2, 2, 3, 3, 3, 0, 1, 1, 3, 3, 2, 2, 2, 1, 1, 2, 1, 1, 2, 1, 1,
       3, 1, 1], dtype=object)]
[407, array([-16.,  -8.,  -8.,   0.]), array([2, 2, 2, 3, 3, 3, 0, 1, 1, 3, 3, 2, 2, 2, 1, 1, 0, 1, 1, 2, 1, 1,
       3, 1, 1], dtype=object)]
[407, array([-16.,  -8.,  -8.,   0.]), array([2, 2, 2, 3, 3, 3, 0, 1, 1, 3, 3, 2, 2, 2, 1, 1, 0, 1, 1, 2, 1, 1,
       3, 1, 1], dtype=object)]
[407, array([-16.,  -8.,  -8.,   0.]), array([2, 2, 2, 3, 3, 3, 0, 1, 1, 3, 3, 2, 2, 2, 1, 1, 0, 1, 1, 2, 1, 1,
       3, 1, 1], dtype=object)]
[407, array([-16.,  -8.,  -8.,   0.]), array([2, 2, 2, 3, 3, 3, 0, 1, 1, 3, 3, 2, 2, 2, 1, 1, 0, 1, 1, 2, 1, 1,
       3, 1, 1], dtype=object)]
[408, array([-16.,  -8.,  -8.,   0.]), array([0, 2, 2, 3, 3, 3, 0, 1, 1, 3, 3, 2, 2, 2, 1, 1, 0, 1, 1, 2, 1, 1,
       3, 1, 1], dtype=object)]
[408, array([-16.,  -8.,  -8.,   0.]), array([0, 2, 2, 3, 3, 3, 0, 1, 1, 3, 3, 2, 2, 2, 1, 1, 0, 1, 1, 2, 1, 1,
       3, 1, 1], dtype=object)]
[408, array([-16.,  -8.,  -8.,   0.]), array([0, 2, 2, 3, 3, 3, 0, 1, 1, 3, 3, 2, 2, 2, 1, 1, 0, 1, 1, 2, 1, 1,
       3, 1, 1], dtype=object)]
[408, array([-16.,  -8.,  -8.,   0.]), array([0, 2, 2, 3, 3, 3, 0, 1, 1, 3, 3, 2, 2, 2, 1, 1, 0, 1, 1, 2, 1, 1,
       3, 1, 1], dtype=object)]
[409, array([-16.,  -8.,  -8.,   0.]), array([2, 2, 2, 3, 3, 3, 0, 1, 1, 3, 3, 2, 2, 2, 1, 1, 0, 1, 1, 2, 1, 1,
       3, 1, 1], dtype=object)]
[409, array([-16.,  -8.,  -8.,   0.]), array([2, 2, 2, 3, 3, 3, 0, 1, 1, 3, 3, 2, 2, 2, 1, 1, 0, 1, 1, 2, 1, 1,
       3, 1, 1], dtype=object)]
[409, array([-16.,  -8.,  -8.,   0.]), array([2, 2, 2, 3, 3, 3, 0, 1, 1, 3, 3, 2, 2, 2, 1, 1, 0, 1, 1, 2, 1, 1,
       3, 1, 1], dtype=object)]
[409, array([-16.,  -8.,  -8.,   0.]), array([2, 2, 2, 3, 3, 3, 0, 1, 1, 3, 3, 2, 2, 2, 1, 1, 0, 1, 1, 2, 1, 1,
       3, 1, 1], dtype=object)]
[410, array([-16.,  -8.,  -8.,   0.]), array([2, 2, 2, 3, 3, 3, 0, 1, 1, 3, 3, 2, 2, 2, 1, 1, 2, 1, 1, 2, 1, 1,
       3, 1, 1], dtype=object)]
[410, array([-16.,  -8.,  -8.,   0.]), array([2, 2, 2, 3, 3, 3, 0, 1, 1, 3, 3, 2, 2, 2, 1, 1, 2, 1, 1, 2, 1, 1,
       3, 1, 1], dtype=object)]
[410, array([-16.,  -8.,  -8.,   0.]), array([2, 2, 2, 3, 3, 3, 0, 1, 1, 3, 3, 2, 2, 2, 1, 1, 2, 1, 1, 2, 1, 1,
       3, 1, 1], dtype=object)]
[410, array([-16.,  -8.,  -8.,   0.]), array([2, 2, 2, 3, 3, 3, 0, 1, 1, 3, 3, 2, 2, 2, 1, 1, 2, 1, 1, 2, 1, 1,
       3, 1, 1], dtype=object)]
[411, array([-16.,  -8.,  -8.,   0.]), array([2, 2, 2, 3, 3, 3, 0, 1, 1, 3, 3, 2, 2, 2, 1, 1, 0, 1, 1, 2, 1, 1,
       3, 1, 1], dtype=object)]
[411, array([-16.,  -8.,  -8.,   0.]), array([2, 2, 2, 3, 3, 3, 0, 1, 1, 3, 3, 2, 2, 2, 1, 1, 0, 1, 1, 2, 1, 1,
       3, 1, 1], dtype=object)]
[411, array([-16.,  -8.,  -8.,   0.]), array([2, 2, 2, 3, 3, 3, 0, 1, 1, 3, 3, 2, 2, 2, 1, 1, 0, 1, 1, 2, 1, 1,
       3, 1, 1], dtype=object)]
[411, array([-16.,  -8.,  -8.,   0.]), array([2, 2, 2, 3, 3, 3, 0, 1, 1, 3, 3, 2, 2, 2, 1, 1, 0, 1, 1, 2, 1, 1,
       3, 1, 1], dtype=object)]
[412, array([-16.,  -8.,  -8.,   0.]), array([2, 2, 2, 3, 3, 3, 0, 1, 1, 3, 3, 2, 2, 2, 1, 1, 0, 1, 0, 2, 1, 1,
       3, 1, 1], dtype=object)]
[412, array([-16.,  -8.,  -8.,   0.]), array([2, 2, 2, 3, 3, 3, 0, 1, 1, 3, 3, 2, 2, 2, 1, 1, 0, 1, 0, 2, 1, 1,
       3, 1, 1], dtype=object)]
[412, array([-16.,  -8.,  -8.,   0.]), array([2, 2, 2, 3, 3, 3, 0, 1, 1, 3, 3, 2, 2, 2, 1, 1, 0, 1, 0, 2, 1, 1,
       3, 1, 1], dtype=object)]
[412, array([-16.,  -8.,  -8.,   0.]), array([2, 2, 2, 3, 3, 3, 0, 1, 1, 3, 3, 2, 2, 2, 1, 1, 0, 1, 0, 2, 1, 1,
       3, 1, 1], dtype=object)]
[413, array([-16.,  -8.,  -8.,   0.]), array([2, 2, 2, 3, 3, 3, 0, 1, 1, 3, 3, 2, 2, 2, 1, 1, 0, 1, 1, 2, 1, 1,
       3, 1, 1], dtype=object)]
[413, array([-16.,  -8.,  -8.,   0.]), array([2, 2, 2, 3, 3, 3, 0, 1, 1, 3, 3, 2, 2, 2, 1, 1, 0, 1, 1, 2, 1, 1,
       3, 1, 1], dtype=object)]
[413, array([-16.,  -8.,  -8.,   0.]), array([2, 2, 2, 3, 3, 3, 0, 1, 1, 3, 3, 2, 2, 2, 1, 1, 0, 1, 1, 2, 1, 1,
       3, 1, 1], dtype=object)]
[413, array([-16.,  -8.,  -8.,   0.]), array([2, 2, 2, 3, 3, 3, 0, 1, 1, 3, 3, 2, 2, 2, 1, 1, 0, 1, 1, 2, 1, 1,
       3, 1, 1], dtype=object)]
[414, array([-16.,  -8.,  -8.,   0.]), array([2, 2, 2, 3, 3, 3, 0, 1, 1, 3, 3, 2, 2, 2, 1, 1, 0, 1, 2, 2, 1, 1,
       3, 1, 1], dtype=object)]
[414, array([-16.,  -8.,  -8.,   0.]), array([2, 2, 2, 3, 3, 3, 0, 1, 1, 3, 3, 2, 2, 2, 1, 1, 0, 1, 2, 2, 1, 1,
       3, 1, 1], dtype=object)]
[414, array([-16.,  -8.,  -8.,   0.]), array([2, 2, 2, 3, 3, 3, 0, 1, 1, 3, 3, 2, 2, 2, 1, 1, 0, 1, 2, 2, 1, 1,
       3, 1, 1], dtype=object)]
[414, array([-16.,  -8.,  -8.,   0.]), array([2, 2, 2, 3, 3, 3, 0, 1, 1, 3, 3, 2, 2, 2, 1, 1, 0, 1, 2, 2, 1, 1,
       3, 1, 1], dtype=object)]
[415, array([-16.,  -8.,  -8.,   0.]), array([2, 2, 2, 3, 3, 3, 0, 1, 1, 3, 3, 2, 2, 2, 1, 1, 0, 1, 1, 2, 1, 1,
       3, 1, 1], dtype=object)]
[415, array([-16.,  -8.,  -8.,   0.]), array([2, 2, 2, 3, 3, 3, 0, 1, 1, 3, 3, 2, 2, 2, 1, 1, 0, 1, 1, 2, 1, 1,
       3, 1, 1], dtype=object)]
[415, array([-16.,  -8.,  -8.,   0.]), array([2, 2, 2, 3, 3, 3, 0, 1, 1, 3, 3, 2, 2, 2, 1, 1, 0, 1, 1, 2, 1, 1,
       3, 1, 1], dtype=object)]
[415, array([-16.,  -8.,  -8.,   0.]), array([2, 2, 2, 3, 3, 3, 0, 1, 1, 3, 3, 2, 2, 2, 1, 1, 0, 1, 1, 2, 1, 1,
       3, 1, 1], dtype=object)]
[416, array([-16.,  -8.,  -8.,   0.]), array([2, 2, 2, 3, 3, 1, 0, 1, 1, 3, 3, 2, 2, 2, 1, 1, 0, 1, 1, 2, 1, 1,
       3, 1, 1], dtype=object)]
[416, array([-16.,  -8.,  -8.,   0.]), array([2, 2, 2, 3, 3, 1, 0, 1, 1, 3, 3, 2, 2, 2, 1, 1, 0, 1, 1, 2, 1, 1,
       3, 1, 1], dtype=object)]
[416, array([-16.,  -8.,  -8.,   0.]), array([2, 2, 2, 3, 3, 1, 0, 1, 1, 3, 3, 2, 2, 2, 1, 1, 0, 1, 1, 2, 1, 1,
       3, 1, 1], dtype=object)]
[416, array([-16.,  -8.,  -8.,   0.]), array([2, 2, 2, 3, 3, 1, 0, 1, 1, 3, 3, 2, 2, 2, 1, 1, 0, 1, 1, 2, 1, 1,
       3, 1, 1], dtype=object)]
[417, array([-16.,  -8.,  -8.,   0.]), array([1, 2, 2, 3, 3, 3, 0, 1, 1, 3, 3, 2, 2, 2, 1, 1, 0, 1, 1, 2, 1, 1,
       3, 1, 1], dtype=object)]
[417, array([-16.,  -8.,  -8.,   0.]), array([1, 2, 2, 3, 3, 3, 0, 1, 1, 3, 3, 2, 2, 2, 1, 1, 0, 1, 1, 2, 1, 1,
       3, 1, 1], dtype=object)]
[417, array([-16.,  -8.,  -8.,   0.]), array([1, 2, 2, 3, 3, 3, 0, 1, 1, 3, 3, 2, 2, 2, 1, 1, 0, 1, 1, 2, 1, 1,
       3, 1, 1], dtype=object)]
[417, array([-16.,  -8.,  -8.,   0.]), array([1, 2, 2, 3, 3, 3, 0, 1, 1, 3, 3, 2, 2, 2, 1, 1, 0, 1, 1, 2, 1, 1,
       3, 1, 1], dtype=object)]
[418, array([-16.,  -8.,  -8.,   0.]), array([2, 2, 2, 3, 3, 3, 0, 1, 1, 3, 3, 2, 2, 2, 1, 1, 0, 2, 1, 2, 1, 1,
       3, 1, 1], dtype=object)]
[418, array([-16.,  -8.,  -8.,   0.]), array([2, 2, 2, 3, 3, 3, 0, 1, 1, 3, 3, 2, 2, 2, 1, 1, 0, 2, 1, 2, 1, 1,
       3, 1, 1], dtype=object)]
[418, array([-16.,  -8.,  -8.,   0.]), array([2, 2, 2, 3, 3, 3, 0, 1, 1, 3, 3, 2, 2, 2, 1, 1, 0, 2, 1, 2, 1, 1,
       3, 1, 1], dtype=object)]
[418, array([-16.,  -8.,  -8.,   0.]), array([2, 2, 2, 3, 3, 3, 0, 1, 1, 3, 3, 2, 2, 2, 1, 1, 0, 2, 1, 2, 1, 1,
       3, 1, 1], dtype=object)]
[419, array([-16.,  -8.,  -8.,   0.]), array([1, 2, 2, 3, 3, 3, 0, 1, 1, 3, 3, 2, 2, 2, 1, 1, 0, 1, 3, 2, 1, 1,
       3, 1, 1], dtype=object)]
[419, array([-16.,  -8.,  -8.,   0.]), array([1, 2, 2, 3, 3, 3, 0, 1, 1, 3, 3, 2, 2, 2, 1, 1, 0, 1, 3, 2, 1, 1,
       3, 1, 1], dtype=object)]
[419, array([-16.,  -8.,  -8.,   0.]), array([1, 2, 2, 3, 3, 3, 0, 1, 1, 3, 3, 2, 2, 2, 1, 1, 0, 1, 3, 2, 1, 1,
       3, 1, 1], dtype=object)]
[419, array([-16.,  -8.,  -8.,   0.]), array([1, 2, 2, 3, 3, 3, 0, 1, 1, 3, 3, 2, 2, 2, 1, 1, 0, 1, 3, 2, 1, 1,
       3, 1, 1], dtype=object)]
[420, array([-16.,  -8.,  -8.,   0.]), array([2, 2, 2, 3, 3, 3, 0, 1, 1, 3, 3, 2, 2, 2, 1, 1, 2, 1, 3, 2, 1, 1,
       3, 1, 1], dtype=object)]
[420, array([-16.,  -8.,  -8.,   0.]), array([2, 2, 2, 3, 3, 3, 0, 1, 1, 3, 3, 2, 2, 2, 1, 1, 2, 1, 3, 2, 1, 1,
       3, 1, 1], dtype=object)]
[420, array([-16.,  -8.,  -8.,   0.]), array([2, 2, 2, 3, 3, 3, 0, 1, 1, 3, 3, 2, 2, 2, 1, 1, 2, 1, 3, 2, 1, 1,
       3, 1, 1], dtype=object)]
[420, array([-16.,  -8.,  -8.,   0.]), array([2, 2, 2, 3, 3, 3, 0, 1, 1, 3, 3, 2, 2, 2, 1, 1, 2, 1, 3, 2, 1, 1,
       3, 1, 1], dtype=object)]
[421, array([-16.,  -8.,  -8.,   0.]), array([2, 2, 2, 3, 3, 3, 0, 1, 1, 3, 3, 2, 2, 2, 1, 1, 0, 1, 1, 2, 1, 1,
       3, 1, 1], dtype=object)]
[421, array([-16.,  -8.,  -8.,   0.]), array([2, 2, 2, 3, 3, 3, 0, 1, 1, 3, 3, 2, 2, 2, 1, 1, 0, 1, 1, 2, 1, 1,
       3, 1, 1], dtype=object)]
[421, array([-16.,  -8.,  -8.,   0.]), array([2, 2, 2, 3, 3, 3, 0, 1, 1, 3, 3, 2, 2, 2, 1, 1, 0, 1, 1, 2, 1, 1,
       3, 1, 1], dtype=object)]
[421, array([-16.,  -8.,  -8.,   0.]), array([2, 2, 2, 3, 3, 3, 0, 1, 1, 3, 3, 2, 2, 2, 1, 1, 0, 1, 1, 2, 1, 1,
       3, 1, 1], dtype=object)]
[422, array([-16.,  -8.,  -8.,   0.]), array([2, 2, 2, 3, 3, 3, 0, 1, 1, 3, 3, 2, 2, 2, 1, 1, 0, 3, 3, 2, 1, 1,
       3, 1, 1], dtype=object)]
[422, array([-16.,  -8.,  -8.,   0.]), array([2, 2, 2, 3, 3, 3, 0, 1, 1, 3, 3, 2, 2, 2, 1, 1, 0, 3, 3, 2, 1, 1,
       3, 1, 1], dtype=object)]
[422, array([-16.,  -8.,  -8.,   0.]), array([2, 2, 2, 3, 3, 3, 0, 1, 1, 3, 3, 2, 2, 2, 1, 1, 0, 3, 3, 2, 1, 1,
       3, 1, 1], dtype=object)]
[422, array([-16.,  -8.,  -8.,   0.]), array([2, 2, 2, 3, 3, 3, 0, 1, 1, 3, 3, 2, 2, 2, 1, 1, 0, 3, 3, 2, 1, 1,
       3, 1, 1], dtype=object)]
[423, array([-16.,  -8.,  -8.,   0.]), array([1, 2, 2, 3, 3, 3, 0, 1, 1, 3, 3, 2, 2, 2, 1, 1, 0, 1, 1, 2, 1, 1,
       3, 1, 1], dtype=object)]
[423, array([-16.,  -8.,  -8.,   0.]), array([1, 2, 2, 3, 3, 3, 0, 1, 1, 3, 3, 2, 2, 2, 1, 1, 0, 1, 1, 2, 1, 1,
       3, 1, 1], dtype=object)]
[423, array([-16.,  -8.,  -8.,   0.]), array([1, 2, 2, 3, 3, 3, 0, 1, 1, 3, 3, 2, 2, 2, 1, 1, 0, 1, 1, 2, 1, 1,
       3, 1, 1], dtype=object)]
[423, array([-16.,  -8.,  -8.,   0.]), array([1, 2, 2, 3, 3, 3, 0, 1, 1, 3, 3, 2, 2, 2, 1, 1, 0, 1, 1, 2, 1, 1,
       3, 1, 1], dtype=object)]
[424, array([-16.,  -8.,  -8.,   0.]), array([1, 2, 2, 3, 3, 3, 0, 1, 1, 3, 3, 2, 2, 2, 1, 1, 0, 1, 3, 2, 1, 1,
       3, 1, 1], dtype=object)]
[424, array([-16.,  -8.,  -8.,   0.]), array([1, 2, 2, 3, 3, 3, 0, 1, 1, 3, 3, 2, 2, 2, 1, 1, 0, 1, 3, 2, 1, 1,
       3, 1, 1], dtype=object)]
[424, array([-16.,  -8.,  -8.,   0.]), array([1, 2, 2, 3, 3, 3, 0, 1, 1, 3, 3, 2, 2, 2, 1, 1, 0, 1, 3, 2, 1, 1,
       3, 1, 1], dtype=object)]
[424, array([-16.,  -8.,  -8.,   0.]), array([1, 2, 2, 3, 3, 3, 0, 1, 1, 3, 3, 2, 2, 2, 1, 1, 0, 1, 3, 2, 1, 1,
       3, 1, 1], dtype=object)]
[425, array([-16.,  -8.,  -8.,   0.]), array([2, 2, 2, 3, 3, 3, 0, 1, 1, 3, 3, 2, 2, 2, 1, 1, 0, 1, 1, 2, 1, 1,
       3, 1, 1], dtype=object)]
[425, array([-16.,  -8.,  -8.,   0.]), array([2, 2, 2, 3, 3, 3, 0, 1, 1, 3, 3, 2, 2, 2, 1, 1, 0, 1, 1, 2, 1, 1,
       3, 1, 1], dtype=object)]
[425, array([-16.,  -8.,  -8.,   0.]), array([2, 2, 2, 3, 3, 3, 0, 1, 1, 3, 3, 2, 2, 2, 1, 1, 0, 1, 1, 2, 1, 1,
       3, 1, 1], dtype=object)]
[425, array([-16.,  -8.,  -8.,   0.]), array([2, 2, 2, 3, 3, 3, 0, 1, 1, 3, 3, 2, 2, 2, 1, 1, 0, 1, 1, 2, 1, 1,
       3, 1, 1], dtype=object)]
[426, array([-16.,  -8.,  -8.,   0.]), array([2, 2, 2, 3, 3, 3, 0, 1, 1, 3, 3, 2, 2, 2, 1, 1, 0, 1, 2, 2, 1, 1,
       3, 1, 1], dtype=object)]
[426, array([-16.,  -8.,  -8.,   0.]), array([2, 2, 2, 3, 3, 3, 0, 1, 1, 3, 3, 2, 2, 2, 1, 1, 0, 1, 2, 2, 1, 1,
       3, 1, 1], dtype=object)]
[426, array([-16.,  -8.,  -8.,   0.]), array([2, 2, 2, 3, 3, 3, 0, 1, 1, 3, 3, 2, 2, 2, 1, 1, 0, 1, 2, 2, 1, 1,
       3, 1, 1], dtype=object)]
[426, array([-16.,  -8.,  -8.,   0.]), array([2, 2, 2, 3, 3, 3, 0, 1, 1, 3, 3, 2, 2, 2, 1, 1, 0, 1, 2, 2, 1, 1,
       3, 1, 1], dtype=object)]
[427, array([-16.,  -8.,  -8.,   0.]), array([2, 2, 2, 3, 3, 3, 0, 1, 1, 3, 3, 2, 2, 2, 1, 1, 0, 1, 3, 2, 1, 1,
       3, 1, 1], dtype=object)]
[427, array([-16.,  -8.,  -8.,   0.]), array([2, 2, 2, 3, 3, 3, 0, 1, 1, 3, 3, 2, 2, 2, 1, 1, 0, 1, 3, 2, 1, 1,
       3, 1, 1], dtype=object)]
[427, array([-16.,  -8.,  -8.,   0.]), array([2, 2, 2, 3, 3, 3, 0, 1, 1, 3, 3, 2, 2, 2, 1, 1, 0, 1, 3, 2, 1, 1,
       3, 1, 1], dtype=object)]
[427, array([-16.,  -8.,  -8.,   0.]), array([2, 2, 2, 3, 3, 3, 0, 1, 1, 3, 3, 2, 2, 2, 1, 1, 0, 1, 3, 2, 1, 1,
       3, 1, 1], dtype=object)]
[428, array([-16.,  -8.,  -8.,   0.]), array([2, 2, 2, 3, 3, 3, 0, 1, 1, 3, 3, 2, 2, 2, 1, 1, 0, 0, 1, 2, 1, 1,
       3, 1, 1], dtype=object)]
[428, array([-16.,  -8.,  -8.,   0.]), array([2, 2, 2, 3, 3, 3, 0, 1, 1, 3, 3, 2, 2, 2, 1, 1, 0, 0, 1, 2, 1, 1,
       3, 1, 1], dtype=object)]
[428, array([-16.,  -8.,  -8.,   0.]), array([2, 2, 2, 3, 3, 3, 0, 1, 1, 3, 3, 2, 2, 2, 1, 1, 0, 0, 1, 2, 1, 1,
       3, 1, 1], dtype=object)]
[428, array([-16.,  -8.,  -8.,   0.]), array([2, 2, 2, 3, 3, 3, 0, 1, 1, 3, 3, 2, 2, 2, 1, 1, 0, 0, 1, 2, 1, 1,
       3, 1, 1], dtype=object)]
[429, array([-16.,  -8.,  -8.,   0.]), array([2, 2, 2, 3, 3, 3, 0, 1, 1, 3, 3, 2, 2, 2, 1, 1, 0, 1, 1, 2, 1, 0,
       3, 1, 1], dtype=object)]
[429, array([-16.,  -8.,  -8.,   0.]), array([2, 2, 2, 3, 3, 3, 0, 1, 1, 3, 3, 2, 2, 2, 1, 1, 0, 1, 1, 2, 1, 0,
       3, 1, 1], dtype=object)]
[429, array([-16.,  -8.,  -8.,   0.]), array([2, 2, 2, 3, 3, 3, 0, 1, 1, 3, 3, 2, 2, 2, 1, 1, 0, 1, 1, 2, 1, 0,
       3, 1, 1], dtype=object)]
[429, array([-16.,  -8.,  -8.,   0.]), array([2, 2, 2, 3, 3, 3, 0, 1, 1, 3, 3, 2, 2, 2, 1, 1, 0, 1, 1, 2, 1, 0,
       3, 1, 1], dtype=object)]
[430, array([-16.,  -8.,  -8.,   0.]), array([2, 2, 2, 3, 3, 2, 0, 1, 1, 3, 3, 2, 2, 2, 1, 1, 0, 1, 1, 2, 1, 0,
       3, 1, 1], dtype=object)]
[430, array([-16.,  -8.,  -8.,   0.]), array([2, 2, 2, 3, 3, 2, 0, 1, 1, 3, 3, 2, 2, 2, 1, 1, 0, 1, 1, 2, 1, 0,
       3, 1, 1], dtype=object)]
[430, array([-16.,  -8.,  -8.,   0.]), array([2, 2, 2, 3, 3, 2, 0, 1, 1, 3, 3, 2, 2, 2, 1, 1, 0, 1, 1, 2, 1, 0,
       3, 1, 1], dtype=object)]
[430, array([-16.,  -8.,  -8.,   0.]), array([2, 2, 2, 3, 3, 2, 0, 1, 1, 3, 3, 2, 2, 2, 1, 1, 0, 1, 1, 2, 1, 0,
       3, 1, 1], dtype=object)]
[431, array([-16.,  -8.,  -8.,   0.]), array([2, 2, 2, 3, 3, 3, 0, 1, 1, 3, 3, 2, 2, 2, 1, 1, 0, 1, 3, 2, 1, 1,
       3, 1, 1], dtype=object)]
[431, array([-16.,  -8.,  -8.,   0.]), array([2, 2, 2, 3, 3, 3, 0, 1, 1, 3, 3, 2, 2, 2, 1, 1, 0, 1, 3, 2, 1, 1,
       3, 1, 1], dtype=object)]
[431, array([-16.,  -8.,  -8.,   0.]), array([2, 2, 2, 3, 3, 3, 0, 1, 1, 3, 3, 2, 2, 2, 1, 1, 0, 1, 3, 2, 1, 1,
       3, 1, 1], dtype=object)]
[431, array([-16.,  -8.,  -8.,   0.]), array([2, 2, 2, 3, 3, 3, 0, 1, 1, 3, 3, 2, 2, 2, 1, 1, 0, 1, 3, 2, 1, 1,
       3, 1, 1], dtype=object)]
[432, array([-16.,  -8.,  -8.,   0.]), array([2, 2, 2, 3, 3, 3, 0, 1, 1, 3, 3, 2, 2, 2, 1, 1, 0, 1, 1, 2, 1, 0,
       3, 1, 1], dtype=object)]
[432, array([-16.,  -8.,  -8.,   0.]), array([2, 2, 2, 3, 3, 3, 0, 1, 1, 3, 3, 2, 2, 2, 1, 1, 0, 1, 1, 2, 1, 0,
       3, 1, 1], dtype=object)]
[432, array([-16.,  -8.,  -8.,   0.]), array([2, 2, 2, 3, 3, 3, 0, 1, 1, 3, 3, 2, 2, 2, 1, 1, 0, 1, 1, 2, 1, 0,
       3, 1, 1], dtype=object)]
[432, array([-16.,  -8.,  -8.,   0.]), array([2, 2, 2, 3, 3, 3, 0, 1, 1, 3, 3, 2, 2, 2, 1, 1, 0, 1, 1, 2, 1, 0,
       3, 1, 1], dtype=object)]
[433, array([-16.,  -8.,  -8.,   0.]), array([2, 2, 2, 3, 3, 3, 0, 1, 1, 3, 3, 2, 2, 2, 1, 1, 0, 1, 3, 2, 1, 0,
       3, 1, 1], dtype=object)]
[433, array([-16.,  -8.,  -8.,   0.]), array([2, 2, 2, 3, 3, 3, 0, 1, 1, 3, 3, 2, 2, 2, 1, 1, 0, 1, 3, 2, 1, 0,
       3, 1, 1], dtype=object)]
[433, array([-16.,  -8.,  -8.,   0.]), array([2, 2, 2, 3, 3, 3, 0, 1, 1, 3, 3, 2, 2, 2, 1, 1, 0, 1, 3, 2, 1, 0,
       3, 1, 1], dtype=object)]
[433, array([-16.,  -8.,  -8.,   0.]), array([2, 2, 2, 3, 3, 3, 0, 1, 1, 3, 3, 2, 2, 2, 1, 1, 0, 1, 3, 2, 1, 0,
       3, 1, 1], dtype=object)]
[434, array([-16.,  -8.,  -8.,   0.]), array([0, 2, 2, 3, 3, 3, 0, 1, 1, 3, 3, 2, 2, 2, 1, 1, 0, 1, 1, 2, 1, 1,
       3, 1, 1], dtype=object)]
[434, array([-16.,  -8.,  -8.,   0.]), array([0, 2, 2, 3, 3, 3, 0, 1, 1, 3, 3, 2, 2, 2, 1, 1, 0, 1, 1, 2, 1, 1,
       3, 1, 1], dtype=object)]
[434, array([-16.,  -8.,  -8.,   0.]), array([0, 2, 2, 3, 3, 3, 0, 1, 1, 3, 3, 2, 2, 2, 1, 1, 0, 1, 1, 2, 1, 1,
       3, 1, 1], dtype=object)]
[434, array([-16.,  -8.,  -8.,   0.]), array([0, 2, 2, 3, 3, 3, 0, 1, 1, 3, 3, 2, 2, 2, 1, 1, 0, 1, 1, 2, 1, 1,
       3, 1, 1], dtype=object)]
[435, array([-16.,  -8.,  -8.,   0.]), array([2, 2, 2, 3, 3, 3, 0, 1, 1, 3, 3, 2, 2, 2, 1, 1, 0, 1, 1, 2, 1, 0,
       3, 1, 1], dtype=object)]
[435, array([-16.,  -8.,  -8.,   0.]), array([2, 2, 2, 3, 3, 3, 0, 1, 1, 3, 3, 2, 2, 2, 1, 1, 0, 1, 1, 2, 1, 0,
       3, 1, 1], dtype=object)]
[435, array([-16.,  -8.,  -8.,   0.]), array([2, 2, 2, 3, 3, 3, 0, 1, 1, 3, 3, 2, 2, 2, 1, 1, 0, 1, 1, 2, 1, 0,
       3, 1, 1], dtype=object)]
[435, array([-16.,  -8.,  -8.,   0.]), array([2, 2, 2, 3, 3, 3, 0, 1, 1, 3, 3, 2, 2, 2, 1, 1, 0, 1, 1, 2, 1, 0,
       3, 1, 1], dtype=object)]
[436, array([-16.,  -8.,  -8.,   0.]), array([1, 2, 2, 3, 3, 3, 0, 1, 1, 3, 3, 2, 2, 2, 1, 1, 0, 1, 3, 2, 1, 1,
       3, 1, 1], dtype=object)]
[436, array([-16.,  -8.,  -8.,   0.]), array([1, 2, 2, 3, 3, 3, 0, 1, 1, 3, 3, 2, 2, 2, 1, 1, 0, 1, 3, 2, 1, 1,
       3, 1, 1], dtype=object)]
[436, array([-16.,  -8.,  -8.,   0.]), array([1, 2, 2, 3, 3, 3, 0, 1, 1, 3, 3, 2, 2, 2, 1, 1, 0, 1, 3, 2, 1, 1,
       3, 1, 1], dtype=object)]
[436, array([-16.,  -8.,  -8.,   0.]), array([1, 2, 2, 3, 3, 3, 0, 1, 1, 3, 3, 2, 2, 2, 1, 1, 0, 1, 3, 2, 1, 1,
       3, 1, 1], dtype=object)]
[437, array([-16.,  -8.,  -8.,   0.]), array([2, 2, 2, 3, 3, 3, 0, 1, 1, 3, 3, 2, 2, 2, 1, 1, 0, 1, 1, 2, 1, 0,
       3, 1, 1], dtype=object)]
[437, array([-16.,  -8.,  -8.,   0.]), array([2, 2, 2, 3, 3, 3, 0, 1, 1, 3, 3, 2, 2, 2, 1, 1, 0, 1, 1, 2, 1, 0,
       3, 1, 1], dtype=object)]
[437, array([-16.,  -8.,  -8.,   0.]), array([2, 2, 2, 3, 3, 3, 0, 1, 1, 3, 3, 2, 2, 2, 1, 1, 0, 1, 1, 2, 1, 0,
       3, 1, 1], dtype=object)]
[437, array([-16.,  -8.,  -8.,   0.]), array([2, 2, 2, 3, 3, 3, 0, 1, 1, 3, 3, 2, 2, 2, 1, 1, 0, 1, 1, 2, 1, 0,
       3, 1, 1], dtype=object)]
[438, array([-16.,  -8.,  -8.,   0.]), array([2, 2, 2, 3, 3, 3, 0, 1, 1, 3, 3, 2, 2, 2, 1, 1, 0, 1, 2, 2, 1, 1,
       3, 1, 1], dtype=object)]
[438, array([-16.,  -8.,  -8.,   0.]), array([2, 2, 2, 3, 3, 3, 0, 1, 1, 3, 3, 2, 2, 2, 1, 1, 0, 1, 2, 2, 1, 1,
       3, 1, 1], dtype=object)]
[438, array([-16.,  -8.,  -8.,   0.]), array([2, 2, 2, 3, 3, 3, 0, 1, 1, 3, 3, 2, 2, 2, 1, 1, 0, 1, 2, 2, 1, 1,
       3, 1, 1], dtype=object)]
[438, array([-16.,  -8.,  -8.,   0.]), array([2, 2, 2, 3, 3, 3, 0, 1, 1, 3, 3, 2, 2, 2, 1, 1, 0, 1, 2, 2, 1, 1,
       3, 1, 1], dtype=object)]
[439, array([-16.,  -8.,  -8.,   0.]), array([2, 2, 2, 3, 3, 3, 0, 1, 1, 3, 3, 2, 2, 2, 1, 1, 0, 1, 1, 2, 1, 0,
       3, 1, 1], dtype=object)]
[439, array([-16.,  -8.,  -8.,   0.]), array([2, 2, 2, 3, 3, 3, 0, 1, 1, 3, 3, 2, 2, 2, 1, 1, 0, 1, 1, 2, 1, 0,
       3, 1, 1], dtype=object)]
[439, array([-16.,  -8.,  -8.,   0.]), array([2, 2, 2, 3, 3, 3, 0, 1, 1, 3, 3, 2, 2, 2, 1, 1, 0, 1, 1, 2, 1, 0,
       3, 1, 1], dtype=object)]
[439, array([-16.,  -8.,  -8.,   0.]), array([2, 2, 2, 3, 3, 3, 0, 1, 1, 3, 3, 2, 2, 2, 1, 1, 0, 1, 1, 2, 1, 0,
       3, 1, 1], dtype=object)]
[440, array([-16.,  -8.,  -8.,   0.]), array([0, 2, 2, 3, 3, 3, 0, 1, 1, 3, 3, 2, 2, 2, 1, 1, 0, 1, 1, 2, 1, 1,
       3, 1, 1], dtype=object)]
[440, array([-16.,  -8.,  -8.,   0.]), array([0, 2, 2, 3, 3, 3, 0, 1, 1, 3, 3, 2, 2, 2, 1, 1, 0, 1, 1, 2, 1, 1,
       3, 1, 1], dtype=object)]
[440, array([-16.,  -8.,  -8.,   0.]), array([0, 2, 2, 3, 3, 3, 0, 1, 1, 3, 3, 2, 2, 2, 1, 1, 0, 1, 1, 2, 1, 1,
       3, 1, 1], dtype=object)]
[440, array([-16.,  -8.,  -8.,   0.]), array([0, 2, 2, 3, 3, 3, 0, 1, 1, 3, 3, 2, 2, 2, 1, 1, 0, 1, 1, 2, 1, 1,
       3, 1, 1], dtype=object)]
[441, array([-16.,  -8.,  -8.,   0.]), array([2, 2, 2, 3, 3, 3, 0, 1, 1, 3, 3, 2, 2, 2, 1, 1, 0, 1, 3, 2, 1, 1,
       3, 1, 1], dtype=object)]
[441, array([-16.,  -8.,  -8.,   0.]), array([2, 2, 2, 3, 3, 3, 0, 1, 1, 3, 3, 2, 2, 2, 1, 1, 0, 1, 3, 2, 1, 1,
       3, 1, 1], dtype=object)]
[441, array([-16.,  -8.,  -8.,   0.]), array([2, 2, 2, 3, 3, 3, 0, 1, 1, 3, 3, 2, 2, 2, 1, 1, 0, 1, 3, 2, 1, 1,
       3, 1, 1], dtype=object)]
[441, array([-16.,  -8.,  -8.,   0.]), array([2, 2, 2, 3, 3, 3, 0, 1, 1, 3, 3, 2, 2, 2, 1, 1, 0, 1, 3, 2, 1, 1,
       3, 1, 1], dtype=object)]
[442, array([-16.,  -8.,  -8.,   0.]), array([2, 2, 2, 3, 3, 0, 0, 1, 1, 3, 3, 2, 2, 2, 1, 1, 0, 1, 3, 2, 1, 1,
       3, 1, 1], dtype=object)]
[442, array([-16.,  -8.,  -8.,   0.]), array([2, 2, 2, 3, 3, 0, 0, 1, 1, 3, 3, 2, 2, 2, 1, 1, 0, 1, 3, 2, 1, 1,
       3, 1, 1], dtype=object)]
[442, array([-16.,  -8.,  -8.,   0.]), array([2, 2, 2, 3, 3, 0, 0, 1, 1, 3, 3, 2, 2, 2, 1, 1, 0, 1, 3, 2, 1, 1,
       3, 1, 1], dtype=object)]
[442, array([-16.,  -8.,  -8.,   0.]), array([2, 2, 2, 3, 3, 0, 0, 1, 1, 3, 3, 2, 2, 2, 1, 1, 0, 1, 3, 2, 1, 1,
       3, 1, 1], dtype=object)]
[443, array([-16.,  -8.,  -8.,   0.]), array([2, 2, 2, 3, 3, 3, 0, 1, 1, 3, 3, 2, 2, 2, 1, 1, 2, 1, 3, 2, 1, 1,
       3, 1, 1], dtype=object)]
[443, array([-16.,  -8.,  -8.,   0.]), array([2, 2, 2, 3, 3, 3, 0, 1, 1, 3, 3, 2, 2, 2, 1, 1, 2, 1, 3, 2, 1, 1,
       3, 1, 1], dtype=object)]
[443, array([-16.,  -8.,  -8.,   0.]), array([2, 2, 2, 3, 3, 3, 0, 1, 1, 3, 3, 2, 2, 2, 1, 1, 2, 1, 3, 2, 1, 1,
       3, 1, 1], dtype=object)]
[443, array([-16.,  -8.,  -8.,   0.]), array([2, 2, 2, 3, 3, 3, 0, 1, 1, 3, 3, 2, 2, 2, 1, 1, 2, 1, 3, 2, 1, 1,
       3, 1, 1], dtype=object)]
[444, array([-16.,  -8.,  -8.,   0.]), array([2, 2, 2, 3, 3, 3, 0, 1, 1, 3, 3, 2, 2, 2, 1, 1, 2, 1, 1, 2, 1, 0,
       3, 1, 1], dtype=object)]
[444, array([-16.,  -8.,  -8.,   0.]), array([2, 2, 2, 3, 3, 3, 0, 1, 1, 3, 3, 2, 2, 2, 1, 1, 2, 1, 1, 2, 1, 0,
       3, 1, 1], dtype=object)]
[444, array([-16.,  -8.,  -8.,   0.]), array([2, 2, 2, 3, 3, 3, 0, 1, 1, 3, 3, 2, 2, 2, 1, 1, 2, 1, 1, 2, 1, 0,
       3, 1, 1], dtype=object)]
[444, array([-16.,  -8.,  -8.,   0.]), array([2, 2, 2, 3, 3, 3, 0, 1, 1, 3, 3, 2, 2, 2, 1, 1, 2, 1, 1, 2, 1, 0,
       3, 1, 1], dtype=object)]
[445, array([-16.,  -8.,  -8.,   0.]), array([2, 2, 2, 3, 3, 3, 0, 1, 1, 3, 3, 2, 2, 2, 1, 1, 0, 1, 1, 2, 1, 1,
       3, 1, 1], dtype=object)]
[445, array([-16.,  -8.,  -8.,   0.]), array([2, 2, 2, 3, 3, 3, 0, 1, 1, 3, 3, 2, 2, 2, 1, 1, 0, 1, 1, 2, 1, 1,
       3, 1, 1], dtype=object)]
[445, array([-16.,  -8.,  -8.,   0.]), array([2, 2, 2, 3, 3, 3, 0, 1, 1, 3, 3, 2, 2, 2, 1, 1, 0, 1, 1, 2, 1, 1,
       3, 1, 1], dtype=object)]
[445, array([-16.,  -8.,  -8.,   0.]), array([2, 2, 2, 3, 3, 3, 0, 1, 1, 3, 3, 2, 2, 2, 1, 1, 0, 1, 1, 2, 1, 1,
       3, 1, 1], dtype=object)]
[446, array([-16.,  -8.,  -8.,   0.]), array([2, 2, 2, 3, 3, 3, 0, 1, 1, 3, 3, 2, 2, 2, 1, 1, 1, 1, 1, 2, 1, 1,
       3, 1, 1], dtype=object)]
[446, array([-16.,  -8.,  -8.,   0.]), array([2, 2, 2, 3, 3, 3, 0, 1, 1, 3, 3, 2, 2, 2, 1, 1, 1, 1, 1, 2, 1, 1,
       3, 1, 1], dtype=object)]
[446, array([-16.,  -8.,  -8.,   0.]), array([2, 2, 2, 3, 3, 3, 0, 1, 1, 3, 3, 2, 2, 2, 1, 1, 1, 1, 1, 2, 1, 1,
       3, 1, 1], dtype=object)]
[446, array([-16.,  -8.,  -8.,   0.]), array([2, 2, 2, 3, 3, 3, 0, 1, 1, 3, 3, 2, 2, 2, 1, 1, 1, 1, 1, 2, 1, 1,
       3, 1, 1], dtype=object)]
[447, array([-16.,  -8.,  -8.,   0.]), array([2, 2, 2, 3, 3, 3, 0, 1, 1, 3, 3, 2, 2, 2, 1, 1, 0, 1, 1, 2, 1, 1,
       3, 1, 1], dtype=object)]
[447, array([-16.,  -8.,  -8.,   0.]), array([2, 2, 2, 3, 3, 3, 0, 1, 1, 3, 3, 2, 2, 2, 1, 1, 0, 1, 1, 2, 1, 1,
       3, 1, 1], dtype=object)]
[447, array([-16.,  -8.,  -8.,   0.]), array([2, 2, 2, 3, 3, 3, 0, 1, 1, 3, 3, 2, 2, 2, 1, 1, 0, 1, 1, 2, 1, 1,
       3, 1, 1], dtype=object)]
[447, array([-16.,  -8.,  -8.,   0.]), array([2, 2, 2, 3, 3, 3, 0, 1, 1, 3, 3, 2, 2, 2, 1, 1, 0, 1, 1, 2, 1, 1,
       3, 1, 1], dtype=object)]
[448, array([-16.,  -8.,  -8.,   0.]), array([0, 2, 2, 3, 3, 3, 0, 1, 1, 3, 3, 2, 2, 2, 1, 1, 0, 1, 3, 2, 1, 1,
       3, 1, 1], dtype=object)]
[448, array([-16.,  -8.,  -8.,   0.]), array([0, 2, 2, 3, 3, 3, 0, 1, 1, 3, 3, 2, 2, 2, 1, 1, 0, 1, 3, 2, 1, 1,
       3, 1, 1], dtype=object)]
[448, array([-16.,  -8.,  -8.,   0.]), array([0, 2, 2, 3, 3, 3, 0, 1, 1, 3, 3, 2, 2, 2, 1, 1, 0, 1, 3, 2, 1, 1,
       3, 1, 1], dtype=object)]
[448, array([-16.,  -8.,  -8.,   0.]), array([0, 2, 2, 3, 3, 3, 0, 1, 1, 3, 3, 2, 2, 2, 1, 1, 0, 1, 3, 2, 1, 1,
       3, 1, 1], dtype=object)]
[449, array([-16.,  -8.,  -8.,   0.]), array([2, 2, 2, 3, 3, 3, 0, 1, 1, 3, 3, 2, 2, 2, 1, 1, 0, 1, 1, 2, 1, 1,
       3, 1, 1], dtype=object)]
[449, array([-16.,  -8.,  -8.,   0.]), array([2, 2, 2, 3, 3, 3, 0, 1, 1, 3, 3, 2, 2, 2, 1, 1, 0, 1, 1, 2, 1, 1,
       3, 1, 1], dtype=object)]
[449, array([-16.,  -8.,  -8.,   0.]), array([2, 2, 2, 3, 3, 3, 0, 1, 1, 3, 3, 2, 2, 2, 1, 1, 0, 1, 1, 2, 1, 1,
       3, 1, 1], dtype=object)]
[449, array([-16.,  -8.,  -8.,   0.]), array([2, 2, 2, 3, 3, 3, 0, 1, 1, 3, 3, 2, 2, 2, 1, 1, 0, 1, 1, 2, 1, 1,
       3, 1, 1], dtype=object)]
[450, array([-16.,  -8.,  -8.,   0.]), array([2, 2, 2, 3, 3, 2, 0, 1, 1, 3, 3, 2, 2, 2, 1, 1, 0, 1, 1, 2, 1, 0,
       3, 1, 1], dtype=object)]
[450, array([-16.,  -8.,  -8.,   0.]), array([2, 2, 2, 3, 3, 2, 0, 1, 1, 3, 3, 2, 2, 2, 1, 1, 0, 1, 1, 2, 1, 0,
       3, 1, 1], dtype=object)]
[450, array([-16.,  -8.,  -8.,   0.]), array([2, 2, 2, 3, 3, 2, 0, 1, 1, 3, 3, 2, 2, 2, 1, 1, 0, 1, 1, 2, 1, 0,
       3, 1, 1], dtype=object)]
[450, array([-16.,  -8.,  -8.,   0.]), array([2, 2, 2, 3, 3, 2, 0, 1, 1, 3, 3, 2, 2, 2, 1, 1, 0, 1, 1, 2, 1, 0,
       3, 1, 1], dtype=object)]
[451, array([-16.,  -8.,  -8.,   0.]), array([2, 2, 2, 3, 3, 2, 0, 1, 1, 3, 3, 2, 2, 2, 1, 1, 0, 1, 1, 2, 1, 1,
       3, 1, 1], dtype=object)]
[451, array([-16.,  -8.,  -8.,   0.]), array([2, 2, 2, 3, 3, 2, 0, 1, 1, 3, 3, 2, 2, 2, 1, 1, 0, 1, 1, 2, 1, 1,
       3, 1, 1], dtype=object)]
[451, array([-16.,  -8.,  -8.,   0.]), array([2, 2, 2, 3, 3, 2, 0, 1, 1, 3, 3, 2, 2, 2, 1, 1, 0, 1, 1, 2, 1, 1,
       3, 1, 1], dtype=object)]
[451, array([-16.,  -8.,  -8.,   0.]), array([2, 2, 2, 3, 3, 2, 0, 1, 1, 3, 3, 2, 2, 2, 1, 1, 0, 1, 1, 2, 1, 1,
       3, 1, 1], dtype=object)]
[452, array([-16.,  -8.,  -8.,   0.]), array([2, 2, 2, 3, 3, 3, 0, 1, 1, 3, 3, 2, 2, 2, 1, 1, 0, 1, 3, 2, 1, 1,
       3, 1, 1], dtype=object)]
[452, array([-16.,  -8.,  -8.,   0.]), array([2, 2, 2, 3, 3, 3, 0, 1, 1, 3, 3, 2, 2, 2, 1, 1, 0, 1, 3, 2, 1, 1,
       3, 1, 1], dtype=object)]
[452, array([-16.,  -8.,  -8.,   0.]), array([2, 2, 2, 3, 3, 3, 0, 1, 1, 3, 3, 2, 2, 2, 1, 1, 0, 1, 3, 2, 1, 1,
       3, 1, 1], dtype=object)]
[452, array([-16.,  -8.,  -8.,   0.]), array([2, 2, 2, 3, 3, 3, 0, 1, 1, 3, 3, 2, 2, 2, 1, 1, 0, 1, 3, 2, 1, 1,
       3, 1, 1], dtype=object)]
[453, array([-16.,  -8.,  -8.,   0.]), array([2, 2, 2, 3, 3, 3, 0, 1, 1, 3, 3, 2, 2, 2, 1, 1, 0, 1, 1, 2, 1, 1,
       3, 1, 1], dtype=object)]
[453, array([-16.,  -8.,  -8.,   0.]), array([2, 2, 2, 3, 3, 3, 0, 1, 1, 3, 3, 2, 2, 2, 1, 1, 0, 1, 1, 2, 1, 1,
       3, 1, 1], dtype=object)]
[453, array([-16.,  -8.,  -8.,   0.]), array([2, 2, 2, 3, 3, 3, 0, 1, 1, 3, 3, 2, 2, 2, 1, 1, 0, 1, 1, 2, 1, 1,
       3, 1, 1], dtype=object)]
[453, array([-16.,  -8.,  -8.,   0.]), array([2, 2, 2, 3, 3, 3, 0, 1, 1, 3, 3, 2, 2, 2, 1, 1, 0, 1, 1, 2, 1, 1,
       3, 1, 1], dtype=object)]
[454, array([-16.,  -8.,  -8.,   0.]), array([0, 2, 2, 3, 3, 3, 0, 1, 1, 3, 3, 2, 2, 2, 1, 1, 0, 1, 1, 2, 1, 1,
       3, 1, 1], dtype=object)]
[454, array([-16.,  -8.,  -8.,   0.]), array([0, 2, 2, 3, 3, 3, 0, 1, 1, 3, 3, 2, 2, 2, 1, 1, 0, 1, 1, 2, 1, 1,
       3, 1, 1], dtype=object)]
[454, array([-16.,  -8.,  -8.,   0.]), array([0, 2, 2, 3, 3, 3, 0, 1, 1, 3, 3, 2, 2, 2, 1, 1, 0, 1, 1, 2, 1, 1,
       3, 1, 1], dtype=object)]
[454, array([-16.,  -8.,  -8.,   0.]), array([0, 2, 2, 3, 3, 3, 0, 1, 1, 3, 3, 2, 2, 2, 1, 1, 0, 1, 1, 2, 1, 1,
       3, 1, 1], dtype=object)]
[455, array([-16.,  -8.,  -8.,   0.]), array([2, 2, 2, 3, 3, 3, 0, 1, 1, 3, 3, 2, 2, 2, 1, 1, 0, 1, 1, 2, 1, 1,
       3, 1, 1], dtype=object)]
[455, array([-16.,  -8.,  -8.,   0.]), array([2, 2, 2, 3, 3, 3, 0, 1, 1, 3, 3, 2, 2, 2, 1, 1, 0, 1, 1, 2, 1, 1,
       3, 1, 1], dtype=object)]
[455, array([-16.,  -8.,  -8.,   0.]), array([2, 2, 2, 3, 3, 3, 0, 1, 1, 3, 3, 2, 2, 2, 1, 1, 0, 1, 1, 2, 1, 1,
       3, 1, 1], dtype=object)]
[455, array([-16.,  -8.,  -8.,   0.]), array([2, 2, 2, 3, 3, 3, 0, 1, 1, 3, 3, 2, 2, 2, 1, 1, 0, 1, 1, 2, 1, 1,
       3, 1, 1], dtype=object)]
[456, array([-16.,  -8.,  -8.,   0.]), array([2, 2, 2, 3, 3, 0, 0, 1, 1, 3, 3, 2, 2, 2, 1, 1, 2, 2, 3, 2, 1, 1,
       3, 1, 1], dtype=object)]
[456, array([-16.,  -8.,  -8.,   0.]), array([2, 2, 2, 3, 3, 0, 0, 1, 1, 3, 3, 2, 2, 2, 1, 1, 2, 2, 3, 2, 1, 1,
       3, 1, 1], dtype=object)]
[456, array([-16.,  -8.,  -8.,   0.]), array([2, 2, 2, 3, 3, 0, 0, 1, 1, 3, 3, 2, 2, 2, 1, 1, 2, 2, 3, 2, 1, 1,
       3, 1, 1], dtype=object)]
[456, array([-16.,  -8.,  -8.,   0.]), array([2, 2, 2, 3, 3, 0, 0, 1, 1, 3, 3, 2, 2, 2, 1, 1, 2, 2, 3, 2, 1, 1,
       3, 1, 1], dtype=object)]
[457, array([-16.,  -8.,  -8.,   0.]), array([2, 2, 2, 3, 3, 3, 0, 1, 1, 3, 3, 2, 2, 2, 1, 1, 0, 1, 1, 2, 1, 1,
       3, 1, 1], dtype=object)]
[457, array([-16.,  -8.,  -8.,   0.]), array([2, 2, 2, 3, 3, 3, 0, 1, 1, 3, 3, 2, 2, 2, 1, 1, 0, 1, 1, 2, 1, 1,
       3, 1, 1], dtype=object)]
[457, array([-16.,  -8.,  -8.,   0.]), array([2, 2, 2, 3, 3, 3, 0, 1, 1, 3, 3, 2, 2, 2, 1, 1, 0, 1, 1, 2, 1, 1,
       3, 1, 1], dtype=object)]
[457, array([-16.,  -8.,  -8.,   0.]), array([2, 2, 2, 3, 3, 3, 0, 1, 1, 3, 3, 2, 2, 2, 1, 1, 0, 1, 1, 2, 1, 1,
       3, 1, 1], dtype=object)]
[458, array([-16.,  -8.,  -8.,   0.]), array([3, 2, 2, 3, 3, 3, 0, 1, 1, 3, 3, 2, 2, 2, 1, 1, 0, 1, 1, 2, 1, 1,
       3, 1, 1], dtype=object)]
[458, array([-16.,  -8.,  -8.,   0.]), array([3, 2, 2, 3, 3, 3, 0, 1, 1, 3, 3, 2, 2, 2, 1, 1, 0, 1, 1, 2, 1, 1,
       3, 1, 1], dtype=object)]
[458, array([-16.,  -8.,  -8.,   0.]), array([3, 2, 2, 3, 3, 3, 0, 1, 1, 3, 3, 2, 2, 2, 1, 1, 0, 1, 1, 2, 1, 1,
       3, 1, 1], dtype=object)]
[458, array([-16.,  -8.,  -8.,   0.]), array([3, 2, 2, 3, 3, 3, 0, 1, 1, 3, 3, 2, 2, 2, 1, 1, 0, 1, 1, 2, 1, 1,
       3, 1, 1], dtype=object)]
[459, array([-16.,  -8.,  -8.,   0.]), array([2, 2, 2, 3, 3, 3, 0, 1, 1, 3, 3, 2, 2, 2, 1, 1, 0, 1, 1, 2, 1, 1,
       3, 1, 1], dtype=object)]
[459, array([-16.,  -8.,  -8.,   0.]), array([2, 2, 2, 3, 3, 3, 0, 1, 1, 3, 3, 2, 2, 2, 1, 1, 0, 1, 1, 2, 1, 1,
       3, 1, 1], dtype=object)]
[459, array([-16.,  -8.,  -8.,   0.]), array([2, 2, 2, 3, 3, 3, 0, 1, 1, 3, 3, 2, 2, 2, 1, 1, 0, 1, 1, 2, 1, 1,
       3, 1, 1], dtype=object)]
[459, array([-16.,  -8.,  -8.,   0.]), array([2, 2, 2, 3, 3, 3, 0, 1, 1, 3, 3, 2, 2, 2, 1, 1, 0, 1, 1, 2, 1, 1,
       3, 1, 1], dtype=object)]
[460, array([-16.,  -8.,  -8.,   0.]), array([2, 2, 2, 3, 3, 1, 0, 1, 1, 3, 3, 2, 2, 2, 1, 1, 2, 2, 0, 2, 1, 1,
       3, 1, 1], dtype=object)]
[460, array([-16.,  -8.,  -8.,   0.]), array([2, 2, 2, 3, 3, 1, 0, 1, 1, 3, 3, 2, 2, 2, 1, 1, 2, 2, 0, 2, 1, 1,
       3, 1, 1], dtype=object)]
[460, array([-16.,  -8.,  -8.,   0.]), array([2, 2, 2, 3, 3, 1, 0, 1, 1, 3, 3, 2, 2, 2, 1, 1, 2, 2, 0, 2, 1, 1,
       3, 1, 1], dtype=object)]
[460, array([-16.,  -8.,  -8.,   0.]), array([2, 2, 2, 3, 3, 1, 0, 1, 1, 3, 3, 2, 2, 2, 1, 1, 2, 2, 0, 2, 1, 1,
       3, 1, 1], dtype=object)]
[461, array([-16.,  -8.,  -8.,   0.]), array([2, 2, 2, 3, 3, 3, 0, 1, 1, 3, 3, 2, 2, 2, 1, 1, 0, 1, 1, 2, 1, 1,
       3, 1, 1], dtype=object)]
[461, array([-16.,  -8.,  -8.,   0.]), array([2, 2, 2, 3, 3, 3, 0, 1, 1, 3, 3, 2, 2, 2, 1, 1, 0, 1, 1, 2, 1, 1,
       3, 1, 1], dtype=object)]
[461, array([-16.,  -8.,  -8.,   0.]), array([2, 2, 2, 3, 3, 3, 0, 1, 1, 3, 3, 2, 2, 2, 1, 1, 0, 1, 1, 2, 1, 1,
       3, 1, 1], dtype=object)]
[461, array([-16.,  -8.,  -8.,   0.]), array([2, 2, 2, 3, 3, 3, 0, 1, 1, 3, 3, 2, 2, 2, 1, 1, 0, 1, 1, 2, 1, 1,
       3, 1, 1], dtype=object)]
[462, array([-16.,  -8.,  -8.,   0.]), array([2, 2, 2, 3, 3, 1, 0, 1, 1, 3, 3, 2, 2, 2, 1, 1, 2, 2, 3, 2, 1, 1,
       3, 1, 1], dtype=object)]
[462, array([-16.,  -8.,  -8.,   0.]), array([2, 2, 2, 3, 3, 1, 0, 1, 1, 3, 3, 2, 2, 2, 1, 1, 2, 2, 3, 2, 1, 1,
       3, 1, 1], dtype=object)]
[462, array([-16.,  -8.,  -8.,   0.]), array([2, 2, 2, 3, 3, 1, 0, 1, 1, 3, 3, 2, 2, 2, 1, 1, 2, 2, 3, 2, 1, 1,
       3, 1, 1], dtype=object)]
[462, array([-16.,  -8.,  -8.,   0.]), array([2, 2, 2, 3, 3, 1, 0, 1, 1, 3, 3, 2, 2, 2, 1, 1, 2, 2, 3, 2, 1, 1,
       3, 1, 1], dtype=object)]
[463, array([-16.,  -8.,  -8.,   0.]), array([2, 2, 2, 3, 3, 3, 0, 1, 1, 3, 3, 2, 2, 2, 1, 1, 2, 2, 3, 2, 1, 1,
       3, 1, 1], dtype=object)]
[463, array([-16.,  -8.,  -8.,   0.]), array([2, 2, 2, 3, 3, 3, 0, 1, 1, 3, 3, 2, 2, 2, 1, 1, 2, 2, 3, 2, 1, 1,
       3, 1, 1], dtype=object)]
[463, array([-16.,  -8.,  -8.,   0.]), array([2, 2, 2, 3, 3, 3, 0, 1, 1, 3, 3, 2, 2, 2, 1, 1, 2, 2, 3, 2, 1, 1,
       3, 1, 1], dtype=object)]
[463, array([-16.,  -8.,  -8.,   0.]), array([2, 2, 2, 3, 3, 3, 0, 1, 1, 3, 3, 2, 2, 2, 1, 1, 2, 2, 3, 2, 1, 1,
       3, 1, 1], dtype=object)]
[464, array([-16.,  -8.,  -8.,   0.]), array([2, 2, 2, 3, 3, 2, 0, 1, 1, 3, 3, 2, 2, 2, 1, 1, 0, 1, 1, 2, 1, 1,
       3, 1, 1], dtype=object)]
[464, array([-16.,  -8.,  -8.,   0.]), array([2, 2, 2, 3, 3, 2, 0, 1, 1, 3, 3, 2, 2, 2, 1, 1, 0, 1, 1, 2, 1, 1,
       3, 1, 1], dtype=object)]
[464, array([-16.,  -8.,  -8.,   0.]), array([2, 2, 2, 3, 3, 2, 0, 1, 1, 3, 3, 2, 2, 2, 1, 1, 0, 1, 1, 2, 1, 1,
       3, 1, 1], dtype=object)]
[464, array([-16.,  -8.,  -8.,   0.]), array([2, 2, 2, 3, 3, 2, 0, 1, 1, 3, 3, 2, 2, 2, 1, 1, 0, 1, 1, 2, 1, 1,
       3, 1, 1], dtype=object)]
[465, array([-16.,  -8.,  -8.,   0.]), array([2, 2, 2, 3, 3, 3, 0, 1, 1, 3, 3, 2, 2, 2, 1, 1, 2, 2, 3, 2, 1, 1,
       3, 1, 1], dtype=object)]
[465, array([-16.,  -8.,  -8.,   0.]), array([2, 2, 2, 3, 3, 3, 0, 1, 1, 3, 3, 2, 2, 2, 1, 1, 2, 2, 3, 2, 1, 1,
       3, 1, 1], dtype=object)]
[465, array([-16.,  -8.,  -8.,   0.]), array([2, 2, 2, 3, 3, 3, 0, 1, 1, 3, 3, 2, 2, 2, 1, 1, 2, 2, 3, 2, 1, 1,
       3, 1, 1], dtype=object)]
[465, array([-16.,  -8.,  -8.,   0.]), array([2, 2, 2, 3, 3, 3, 0, 1, 1, 3, 3, 2, 2, 2, 1, 1, 2, 2, 3, 2, 1, 1,
       3, 1, 1], dtype=object)]
[466, array([-16.,  -8.,  -8.,   0.]), array([3, 2, 2, 3, 3, 3, 0, 1, 1, 3, 3, 2, 2, 2, 1, 1, 0, 1, 1, 2, 1, 1,
       3, 1, 1], dtype=object)]
[466, array([-16.,  -8.,  -8.,   0.]), array([3, 2, 2, 3, 3, 3, 0, 1, 1, 3, 3, 2, 2, 2, 1, 1, 0, 1, 1, 2, 1, 1,
       3, 1, 1], dtype=object)]
[466, array([-16.,  -8.,  -8.,   0.]), array([3, 2, 2, 3, 3, 3, 0, 1, 1, 3, 3, 2, 2, 2, 1, 1, 0, 1, 1, 2, 1, 1,
       3, 1, 1], dtype=object)]
[466, array([-16.,  -8.,  -8.,   0.]), array([3, 2, 2, 3, 3, 3, 0, 1, 1, 3, 3, 2, 2, 2, 1, 1, 0, 1, 1, 2, 1, 1,
       3, 1, 1], dtype=object)]
[467, array([-16.,  -8.,  -8.,   0.]), array([2, 2, 2, 3, 3, 3, 0, 1, 1, 3, 3, 2, 2, 2, 1, 1, 0, 1, 1, 2, 1, 1,
       3, 1, 1], dtype=object)]
[467, array([-16.,  -8.,  -8.,   0.]), array([2, 2, 2, 3, 3, 3, 0, 1, 1, 3, 3, 2, 2, 2, 1, 1, 0, 1, 1, 2, 1, 1,
       3, 1, 1], dtype=object)]
[467, array([-16.,  -8.,  -8.,   0.]), array([2, 2, 2, 3, 3, 3, 0, 1, 1, 3, 3, 2, 2, 2, 1, 1, 0, 1, 1, 2, 1, 1,
       3, 1, 1], dtype=object)]
[467, array([-16.,  -8.,  -8.,   0.]), array([2, 2, 2, 3, 3, 3, 0, 1, 1, 3, 3, 2, 2, 2, 1, 1, 0, 1, 1, 2, 1, 1,
       3, 1, 1], dtype=object)]
[468, array([-16.,  -8.,  -8.,   0.]), array([2, 2, 2, 3, 3, 3, 0, 1, 1, 3, 3, 2, 2, 2, 1, 1, 0, 2, 3, 2, 1, 1,
       3, 1, 1], dtype=object)]
[468, array([-16.,  -8.,  -8.,   0.]), array([2, 2, 2, 3, 3, 3, 0, 1, 1, 3, 3, 2, 2, 2, 1, 1, 0, 2, 3, 2, 1, 1,
       3, 1, 1], dtype=object)]
[468, array([-16.,  -8.,  -8.,   0.]), array([2, 2, 2, 3, 3, 3, 0, 1, 1, 3, 3, 2, 2, 2, 1, 1, 0, 2, 3, 2, 1, 1,
       3, 1, 1], dtype=object)]
[468, array([-16.,  -8.,  -8.,   0.]), array([2, 2, 2, 3, 3, 3, 0, 1, 1, 3, 3, 2, 2, 2, 1, 1, 0, 2, 3, 2, 1, 1,
       3, 1, 1], dtype=object)]
[469, array([-16.,  -8.,  -8.,   0.]), array([2, 2, 2, 3, 3, 3, 0, 1, 1, 3, 3, 2, 2, 2, 1, 1, 2, 2, 3, 2, 1, 1,
       3, 1, 1], dtype=object)]
[469, array([-16.,  -8.,  -8.,   0.]), array([2, 2, 2, 3, 3, 3, 0, 1, 1, 3, 3, 2, 2, 2, 1, 1, 2, 2, 3, 2, 1, 1,
       3, 1, 1], dtype=object)]
[469, array([-16.,  -8.,  -8.,   0.]), array([2, 2, 2, 3, 3, 3, 0, 1, 1, 3, 3, 2, 2, 2, 1, 1, 2, 2, 3, 2, 1, 1,
       3, 1, 1], dtype=object)]
[469, array([-16.,  -8.,  -8.,   0.]), array([2, 2, 2, 3, 3, 3, 0, 1, 1, 3, 3, 2, 2, 2, 1, 1, 2, 2, 3, 2, 1, 1,
       3, 1, 1], dtype=object)]
[470, array([-16.,  -8.,  -8.,   0.]), array([2, 2, 2, 3, 3, 3, 0, 1, 1, 3, 3, 2, 2, 2, 1, 1, 2, 2, 1, 2, 1, 0,
       3, 1, 1], dtype=object)]
[470, array([-16.,  -8.,  -8.,   0.]), array([2, 2, 2, 3, 3, 3, 0, 1, 1, 3, 3, 2, 2, 2, 1, 1, 2, 2, 1, 2, 1, 0,
       3, 1, 1], dtype=object)]
[470, array([-16.,  -8.,  -8.,   0.]), array([2, 2, 2, 3, 3, 3, 0, 1, 1, 3, 3, 2, 2, 2, 1, 1, 2, 2, 1, 2, 1, 0,
       3, 1, 1], dtype=object)]
[470, array([-16.,  -8.,  -8.,   0.]), array([2, 2, 2, 3, 3, 3, 0, 1, 1, 3, 3, 2, 2, 2, 1, 1, 2, 2, 1, 2, 1, 0,
       3, 1, 1], dtype=object)]
[471, array([-16.,  -8.,  -8.,   0.]), array([2, 2, 2, 3, 3, 3, 0, 1, 1, 3, 3, 2, 2, 2, 1, 1, 2, 2, 3, 2, 1, 1,
       3, 1, 1], dtype=object)]
[471, array([-16.,  -8.,  -8.,   0.]), array([2, 2, 2, 3, 3, 3, 0, 1, 1, 3, 3, 2, 2, 2, 1, 1, 2, 2, 3, 2, 1, 1,
       3, 1, 1], dtype=object)]
[471, array([-16.,  -8.,  -8.,   0.]), array([2, 2, 2, 3, 3, 3, 0, 1, 1, 3, 3, 2, 2, 2, 1, 1, 2, 2, 3, 2, 1, 1,
       3, 1, 1], dtype=object)]
[471, array([-16.,  -8.,  -8.,   0.]), array([2, 2, 2, 3, 3, 3, 0, 1, 1, 3, 3, 2, 2, 2, 1, 1, 2, 2, 3, 2, 1, 1,
       3, 1, 1], dtype=object)]
[472, array([-16.,  -8.,  -8.,   0.]), array([3, 2, 2, 3, 3, 3, 0, 1, 1, 3, 3, 2, 2, 2, 1, 1, 2, 2, 3, 2, 1, 1,
       3, 1, 1], dtype=object)]
[472, array([-16.,  -8.,  -8.,   0.]), array([3, 2, 2, 3, 3, 3, 0, 1, 1, 3, 3, 2, 2, 2, 1, 1, 2, 2, 3, 2, 1, 1,
       3, 1, 1], dtype=object)]
[472, array([-16.,  -8.,  -8.,   0.]), array([3, 2, 2, 3, 3, 3, 0, 1, 1, 3, 3, 2, 2, 2, 1, 1, 2, 2, 3, 2, 1, 1,
       3, 1, 1], dtype=object)]
[472, array([-16.,  -8.,  -8.,   0.]), array([3, 2, 2, 3, 3, 3, 0, 1, 1, 3, 3, 2, 2, 2, 1, 1, 2, 2, 3, 2, 1, 1,
       3, 1, 1], dtype=object)]
[473, array([-16.,  -8.,  -8.,   0.]), array([2, 2, 2, 3, 3, 3, 0, 1, 1, 3, 3, 2, 2, 2, 1, 1, 2, 2, 3, 2, 1, 1,
       3, 1, 1], dtype=object)]
[473, array([-16.,  -8.,  -8.,   0.]), array([2, 2, 2, 3, 3, 3, 0, 1, 1, 3, 3, 2, 2, 2, 1, 1, 2, 2, 3, 2, 1, 1,
       3, 1, 1], dtype=object)]
[473, array([-16.,  -8.,  -8.,   0.]), array([2, 2, 2, 3, 3, 3, 0, 1, 1, 3, 3, 2, 2, 2, 1, 1, 2, 2, 3, 2, 1, 1,
       3, 1, 1], dtype=object)]
[473, array([-16.,  -8.,  -8.,   0.]), array([2, 2, 2, 3, 3, 3, 0, 1, 1, 3, 3, 2, 2, 2, 1, 1, 2, 2, 3, 2, 1, 1,
       3, 1, 1], dtype=object)]
[474, array([-16.,  -8.,  -8.,   0.]), array([2, 2, 2, 3, 3, 2, 0, 1, 1, 3, 3, 2, 2, 2, 1, 1, 2, 2, 3, 2, 1, 1,
       3, 1, 1], dtype=object)]
[474, array([-16.,  -8.,  -8.,   0.]), array([2, 2, 2, 3, 3, 2, 0, 1, 1, 3, 3, 2, 2, 2, 1, 1, 2, 2, 3, 2, 1, 1,
       3, 1, 1], dtype=object)]
[474, array([-16.,  -8.,  -8.,   0.]), array([2, 2, 2, 3, 3, 2, 0, 1, 1, 3, 3, 2, 2, 2, 1, 1, 2, 2, 3, 2, 1, 1,
       3, 1, 1], dtype=object)]
[474, array([-16.,  -8.,  -8.,   0.]), array([2, 2, 2, 3, 3, 2, 0, 1, 1, 3, 3, 2, 2, 2, 1, 1, 2, 2, 3, 2, 1, 1,
       3, 1, 1], dtype=object)]
[475, array([-16.,  -8.,  -8.,   0.]), array([2, 2, 2, 3, 3, 3, 0, 1, 1, 3, 3, 2, 2, 2, 1, 1, 2, 2, 3, 2, 1, 1,
       3, 1, 1], dtype=object)]
[475, array([-16.,  -8.,  -8.,   0.]), array([2, 2, 2, 3, 3, 3, 0, 1, 1, 3, 3, 2, 2, 2, 1, 1, 2, 2, 3, 2, 1, 1,
       3, 1, 1], dtype=object)]
[475, array([-16.,  -8.,  -8.,   0.]), array([2, 2, 2, 3, 3, 3, 0, 1, 1, 3, 3, 2, 2, 2, 1, 1, 2, 2, 3, 2, 1, 1,
       3, 1, 1], dtype=object)]
[475, array([-16.,  -8.,  -8.,   0.]), array([2, 2, 2, 3, 3, 3, 0, 1, 1, 3, 3, 2, 2, 2, 1, 1, 2, 2, 3, 2, 1, 1,
       3, 1, 1], dtype=object)]
[476, array([-16.,  -8.,  -8.,   0.]), array([2, 2, 2, 3, 3, 2, 0, 1, 1, 3, 3, 2, 2, 2, 1, 1, 2, 2, 3, 2, 1, 1,
       3, 1, 1], dtype=object)]
[476, array([-16.,  -8.,  -8.,   0.]), array([2, 2, 2, 3, 3, 2, 0, 1, 1, 3, 3, 2, 2, 2, 1, 1, 2, 2, 3, 2, 1, 1,
       3, 1, 1], dtype=object)]
[476, array([-16.,  -8.,  -8.,   0.]), array([2, 2, 2, 3, 3, 2, 0, 1, 1, 3, 3, 2, 2, 2, 1, 1, 2, 2, 3, 2, 1, 1,
       3, 1, 1], dtype=object)]
[476, array([-16.,  -8.,  -8.,   0.]), array([2, 2, 2, 3, 3, 2, 0, 1, 1, 3, 3, 2, 2, 2, 1, 1, 2, 2, 3, 2, 1, 1,
       3, 1, 1], dtype=object)]
[477, array([-16.,  -8.,  -8.,   0.]), array([2, 2, 2, 3, 3, 3, 0, 1, 1, 3, 3, 2, 2, 2, 1, 1, 2, 2, 3, 2, 1, 1,
       3, 1, 1], dtype=object)]
[477, array([-16.,  -8.,  -8.,   0.]), array([2, 2, 2, 3, 3, 3, 0, 1, 1, 3, 3, 2, 2, 2, 1, 1, 2, 2, 3, 2, 1, 1,
       3, 1, 1], dtype=object)]
[477, array([-16.,  -8.,  -8.,   0.]), array([2, 2, 2, 3, 3, 3, 0, 1, 1, 3, 3, 2, 2, 2, 1, 1, 2, 2, 3, 2, 1, 1,
       3, 1, 1], dtype=object)]
[477, array([-16.,  -8.,  -8.,   0.]), array([2, 2, 2, 3, 3, 3, 0, 1, 1, 3, 3, 2, 2, 2, 1, 1, 2, 2, 3, 2, 1, 1,
       3, 1, 1], dtype=object)]
[478, array([-16.,  -8.,  -8.,   0.]), array([2, 2, 2, 3, 3, 3, 0, 1, 1, 3, 3, 2, 2, 2, 1, 1, 3, 2, 3, 2, 1, 1,
       3, 1, 1], dtype=object)]
[478, array([-16.,  -8.,  -8.,   0.]), array([2, 2, 2, 3, 3, 3, 0, 1, 1, 3, 3, 2, 2, 2, 1, 1, 3, 2, 3, 2, 1, 1,
       3, 1, 1], dtype=object)]
[478, array([-16.,  -8.,  -8.,   0.]), array([2, 2, 2, 3, 3, 3, 0, 1, 1, 3, 3, 2, 2, 2, 1, 1, 3, 2, 3, 2, 1, 1,
       3, 1, 1], dtype=object)]
[478, array([-16.,  -8.,  -8.,   0.]), array([2, 2, 2, 3, 3, 3, 0, 1, 1, 3, 3, 2, 2, 2, 1, 1, 3, 2, 3, 2, 1, 1,
       3, 1, 1], dtype=object)]
[479, array([-16.,  -8.,  -8.,   0.]), array([2, 2, 2, 3, 3, 3, 0, 1, 1, 3, 3, 2, 2, 2, 1, 1, 2, 2, 3, 2, 1, 1,
       3, 1, 1], dtype=object)]
[479, array([-16.,  -8.,  -8.,   0.]), array([2, 2, 2, 3, 3, 3, 0, 1, 1, 3, 3, 2, 2, 2, 1, 1, 2, 2, 3, 2, 1, 1,
       3, 1, 1], dtype=object)]
[479, array([-16.,  -8.,  -8.,   0.]), array([2, 2, 2, 3, 3, 3, 0, 1, 1, 3, 3, 2, 2, 2, 1, 1, 2, 2, 3, 2, 1, 1,
       3, 1, 1], dtype=object)]
[479, array([-16.,  -8.,  -8.,   0.]), array([2, 2, 2, 3, 3, 3, 0, 1, 1, 3, 3, 2, 2, 2, 1, 1, 2, 2, 3, 2, 1, 1,
       3, 1, 1], dtype=object)]
[480, array([-16.,  -8.,  -8.,   0.]), array([2, 2, 2, 3, 3, 3, 0, 1, 1, 3, 3, 2, 2, 2, 1, 1, 2, 2, 3, 2, 1, 3,
       3, 1, 1], dtype=object)]
[480, array([-16.,  -8.,  -8.,   0.]), array([2, 2, 2, 3, 3, 3, 0, 1, 1, 3, 3, 2, 2, 2, 1, 1, 2, 2, 3, 2, 1, 3,
       3, 1, 1], dtype=object)]
[480, array([-16.,  -8.,  -8.,   0.]), array([2, 2, 2, 3, 3, 3, 0, 1, 1, 3, 3, 2, 2, 2, 1, 1, 2, 2, 3, 2, 1, 3,
       3, 1, 1], dtype=object)]
[480, array([-16.,  -8.,  -8.,   0.]), array([2, 2, 2, 3, 3, 3, 0, 1, 1, 3, 3, 2, 2, 2, 1, 1, 2, 2, 3, 2, 1, 3,
       3, 1, 1], dtype=object)]
[481, array([-16.,  -8.,  -8.,   0.]), array([2, 2, 2, 3, 3, 3, 0, 1, 1, 3, 3, 2, 2, 2, 1, 1, 2, 2, 3, 2, 1, 1,
       3, 1, 1], dtype=object)]
[481, array([-16.,  -8.,  -8.,   0.]), array([2, 2, 2, 3, 3, 3, 0, 1, 1, 3, 3, 2, 2, 2, 1, 1, 2, 2, 3, 2, 1, 1,
       3, 1, 1], dtype=object)]
[481, array([-16.,  -8.,  -8.,   0.]), array([2, 2, 2, 3, 3, 3, 0, 1, 1, 3, 3, 2, 2, 2, 1, 1, 2, 2, 3, 2, 1, 1,
       3, 1, 1], dtype=object)]
[481, array([-16.,  -8.,  -8.,   0.]), array([2, 2, 2, 3, 3, 3, 0, 1, 1, 3, 3, 2, 2, 2, 1, 1, 2, 2, 3, 2, 1, 1,
       3, 1, 1], dtype=object)]
[482, array([-16.,  -8.,  -8.,   0.]), array([2, 2, 2, 3, 3, 3, 0, 1, 1, 3, 3, 2, 2, 2, 1, 1, 1, 1, 3, 2, 1, 1,
       3, 1, 1], dtype=object)]
[482, array([-16.,  -8.,  -8.,   0.]), array([2, 2, 2, 3, 3, 3, 0, 1, 1, 3, 3, 2, 2, 2, 1, 1, 1, 1, 3, 2, 1, 1,
       3, 1, 1], dtype=object)]
[482, array([-16.,  -8.,  -8.,   0.]), array([2, 2, 2, 3, 3, 3, 0, 1, 1, 3, 3, 2, 2, 2, 1, 1, 1, 1, 3, 2, 1, 1,
       3, 1, 1], dtype=object)]
[482, array([-16.,  -8.,  -8.,   0.]), array([2, 2, 2, 3, 3, 3, 0, 1, 1, 3, 3, 2, 2, 2, 1, 1, 1, 1, 3, 2, 1, 1,
       3, 1, 1], dtype=object)]
[483, array([-16.,  -8.,  -8.,   0.]), array([2, 2, 2, 3, 3, 3, 0, 1, 1, 3, 3, 2, 2, 2, 1, 1, 2, 2, 3, 2, 1, 3,
       3, 1, 1], dtype=object)]
[483, array([-16.,  -8.,  -8.,   0.]), array([2, 2, 2, 3, 3, 3, 0, 1, 1, 3, 3, 2, 2, 2, 1, 1, 2, 2, 3, 2, 1, 3,
       3, 1, 1], dtype=object)]
[483, array([-16.,  -8.,  -8.,   0.]), array([2, 2, 2, 3, 3, 3, 0, 1, 1, 3, 3, 2, 2, 2, 1, 1, 2, 2, 3, 2, 1, 3,
       3, 1, 1], dtype=object)]
[483, array([-16.,  -8.,  -8.,   0.]), array([2, 2, 2, 3, 3, 3, 0, 1, 1, 3, 3, 2, 2, 2, 1, 1, 2, 2, 3, 2, 1, 3,
       3, 1, 1], dtype=object)]
[484, array([-16.,  -8.,  -8.,   0.]), array([2, 2, 2, 3, 3, 3, 0, 1, 1, 3, 3, 2, 2, 2, 1, 1, 2, 2, 0, 2, 1, 3,
       3, 1, 1], dtype=object)]
[484, array([-16.,  -8.,  -8.,   0.]), array([2, 2, 2, 3, 3, 3, 0, 1, 1, 3, 3, 2, 2, 2, 1, 1, 2, 2, 0, 2, 1, 3,
       3, 1, 1], dtype=object)]
[484, array([-16.,  -8.,  -8.,   0.]), array([2, 2, 2, 3, 3, 3, 0, 1, 1, 3, 3, 2, 2, 2, 1, 1, 2, 2, 0, 2, 1, 3,
       3, 1, 1], dtype=object)]
[484, array([-16.,  -8.,  -8.,   0.]), array([2, 2, 2, 3, 3, 3, 0, 1, 1, 3, 3, 2, 2, 2, 1, 1, 2, 2, 0, 2, 1, 3,
       3, 1, 1], dtype=object)]
[485, array([-16.,  -8.,  -8.,   0.]), array([2, 2, 2, 3, 3, 3, 0, 1, 1, 3, 3, 2, 2, 2, 1, 1, 2, 2, 3, 2, 1, 1,
       3, 1, 1], dtype=object)]
[485, array([-16.,  -8.,  -8.,   0.]), array([2, 2, 2, 3, 3, 3, 0, 1, 1, 3, 3, 2, 2, 2, 1, 1, 2, 2, 3, 2, 1, 1,
       3, 1, 1], dtype=object)]
[485, array([-16.,  -8.,  -8.,   0.]), array([2, 2, 2, 3, 3, 3, 0, 1, 1, 3, 3, 2, 2, 2, 1, 1, 2, 2, 3, 2, 1, 1,
       3, 1, 1], dtype=object)]
[485, array([-16.,  -8.,  -8.,   0.]), array([2, 2, 2, 3, 3, 3, 0, 1, 1, 3, 3, 2, 2, 2, 1, 1, 2, 2, 3, 2, 1, 1,
       3, 1, 1], dtype=object)]
[486, array([-16.,  -8.,  -8.,   0.]), array([1, 2, 2, 3, 3, 3, 0, 1, 1, 3, 3, 2, 2, 2, 1, 1, 2, 0, 3, 2, 1, 1,
       3, 1, 1], dtype=object)]
[486, array([-16.,  -8.,  -8.,   0.]), array([1, 2, 2, 3, 3, 3, 0, 1, 1, 3, 3, 2, 2, 2, 1, 1, 2, 0, 3, 2, 1, 1,
       3, 1, 1], dtype=object)]
[486, array([-16.,  -8.,  -8.,   0.]), array([1, 2, 2, 3, 3, 3, 0, 1, 1, 3, 3, 2, 2, 2, 1, 1, 2, 0, 3, 2, 1, 1,
       3, 1, 1], dtype=object)]
[486, array([-16.,  -8.,  -8.,   0.]), array([1, 2, 2, 3, 3, 3, 0, 1, 1, 3, 3, 2, 2, 2, 1, 1, 2, 0, 3, 2, 1, 1,
       3, 1, 1], dtype=object)]
[487, array([-16.,  -8.,  -8.,   0.]), array([2, 2, 2, 3, 3, 3, 0, 1, 1, 3, 3, 2, 2, 2, 1, 1, 2, 2, 3, 2, 1, 1,
       3, 1, 1], dtype=object)]
[487, array([-16.,  -8.,  -8.,   0.]), array([2, 2, 2, 3, 3, 3, 0, 1, 1, 3, 3, 2, 2, 2, 1, 1, 2, 2, 3, 2, 1, 1,
       3, 1, 1], dtype=object)]
[487, array([-16.,  -8.,  -8.,   0.]), array([2, 2, 2, 3, 3, 3, 0, 1, 1, 3, 3, 2, 2, 2, 1, 1, 2, 2, 3, 2, 1, 1,
       3, 1, 1], dtype=object)]
[487, array([-16.,  -8.,  -8.,   0.]), array([2, 2, 2, 3, 3, 3, 0, 1, 1, 3, 3, 2, 2, 2, 1, 1, 2, 2, 3, 2, 1, 1,
       3, 1, 1], dtype=object)]
[488, array([-16.,  -8.,  -8.,   0.]), array([2, 2, 2, 3, 3, 3, 0, 1, 1, 3, 3, 2, 2, 2, 1, 1, 2, 2, 3, 2, 1, 2,
       3, 1, 1], dtype=object)]
[488, array([-16.,  -8.,  -8.,   0.]), array([2, 2, 2, 3, 3, 3, 0, 1, 1, 3, 3, 2, 2, 2, 1, 1, 2, 2, 3, 2, 1, 2,
       3, 1, 1], dtype=object)]
[488, array([-16.,  -8.,  -8.,   0.]), array([2, 2, 2, 3, 3, 3, 0, 1, 1, 3, 3, 2, 2, 2, 1, 1, 2, 2, 3, 2, 1, 2,
       3, 1, 1], dtype=object)]
[488, array([-16.,  -8.,  -8.,   0.]), array([2, 2, 2, 3, 3, 3, 0, 1, 1, 3, 3, 2, 2, 2, 1, 1, 2, 2, 3, 2, 1, 2,
       3, 1, 1], dtype=object)]
[489, array([-16.,  -8.,  -8.,   0.]), array([2, 2, 2, 3, 3, 3, 0, 1, 1, 3, 3, 2, 2, 2, 1, 1, 2, 2, 3, 2, 1, 1,
       3, 1, 1], dtype=object)]
[489, array([-16.,  -8.,  -8.,   0.]), array([2, 2, 2, 3, 3, 3, 0, 1, 1, 3, 3, 2, 2, 2, 1, 1, 2, 2, 3, 2, 1, 1,
       3, 1, 1], dtype=object)]
[489, array([-16.,  -8.,  -8.,   0.]), array([2, 2, 2, 3, 3, 3, 0, 1, 1, 3, 3, 2, 2, 2, 1, 1, 2, 2, 3, 2, 1, 1,
       3, 1, 1], dtype=object)]
[489, array([-16.,  -8.,  -8.,   0.]), array([2, 2, 2, 3, 3, 3, 0, 1, 1, 3, 3, 2, 2, 2, 1, 1, 2, 2, 3, 2, 1, 1,
       3, 1, 1], dtype=object)]
[490, array([-16.,  -8.,  -8.,   0.]), array([2, 2, 2, 3, 3, 2, 0, 1, 1, 3, 3, 2, 2, 2, 1, 1, 2, 2, 3, 2, 1, 1,
       3, 1, 1], dtype=object)]
[490, array([-16.,  -8.,  -8.,   0.]), array([2, 2, 2, 3, 3, 2, 0, 1, 1, 3, 3, 2, 2, 2, 1, 1, 2, 2, 3, 2, 1, 1,
       3, 1, 1], dtype=object)]
[490, array([-16.,  -8.,  -8.,   0.]), array([2, 2, 2, 3, 3, 2, 0, 1, 1, 3, 3, 2, 2, 2, 1, 1, 2, 2, 3, 2, 1, 1,
       3, 1, 1], dtype=object)]
[490, array([-16.,  -8.,  -8.,   0.]), array([2, 2, 2, 3, 3, 2, 0, 1, 1, 3, 3, 2, 2, 2, 1, 1, 2, 2, 3, 2, 1, 1,
       3, 1, 1], dtype=object)]
[491, array([-16.,  -8.,  -8.,   0.]), array([2, 2, 2, 3, 3, 3, 0, 1, 1, 3, 3, 2, 2, 2, 1, 1, 1, 0, 3, 2, 1, 1,
       3, 1, 1], dtype=object)]
[491, array([-16.,  -8.,  -8.,   0.]), array([2, 2, 2, 3, 3, 3, 0, 1, 1, 3, 3, 2, 2, 2, 1, 1, 1, 0, 3, 2, 1, 1,
       3, 1, 1], dtype=object)]
[491, array([-16.,  -8.,  -8.,   0.]), array([2, 2, 2, 3, 3, 3, 0, 1, 1, 3, 3, 2, 2, 2, 1, 1, 1, 0, 3, 2, 1, 1,
       3, 1, 1], dtype=object)]
[491, array([-16.,  -8.,  -8.,   0.]), array([2, 2, 2, 3, 3, 3, 0, 1, 1, 3, 3, 2, 2, 2, 1, 1, 1, 0, 3, 2, 1, 1,
       3, 1, 1], dtype=object)]
[492, array([-16.,  -8.,  -8.,   0.]), array([2, 2, 2, 3, 3, 3, 0, 1, 1, 3, 3, 2, 2, 2, 1, 1, 0, 0, 3, 2, 1, 1,
       3, 1, 1], dtype=object)]
[492, array([-16.,  -8.,  -8.,   0.]), array([2, 2, 2, 3, 3, 3, 0, 1, 1, 3, 3, 2, 2, 2, 1, 1, 0, 0, 3, 2, 1, 1,
       3, 1, 1], dtype=object)]
[492, array([-16.,  -8.,  -8.,   0.]), array([2, 2, 2, 3, 3, 3, 0, 1, 1, 3, 3, 2, 2, 2, 1, 1, 0, 0, 3, 2, 1, 1,
       3, 1, 1], dtype=object)]
[492, array([-16.,  -8.,  -8.,   0.]), array([2, 2, 2, 3, 3, 3, 0, 1, 1, 3, 3, 2, 2, 2, 1, 1, 0, 0, 3, 2, 1, 1,
       3, 1, 1], dtype=object)]
[493, array([-16.,  -8.,  -8.,   0.]), array([2, 2, 2, 3, 3, 3, 0, 1, 1, 3, 3, 2, 2, 2, 1, 1, 1, 0, 3, 2, 1, 1,
       3, 1, 1], dtype=object)]
[493, array([-16.,  -8.,  -8.,   0.]), array([2, 2, 2, 3, 3, 3, 0, 1, 1, 3, 3, 2, 2, 2, 1, 1, 1, 0, 3, 2, 1, 1,
       3, 1, 1], dtype=object)]
[493, array([-16.,  -8.,  -8.,   0.]), array([2, 2, 2, 3, 3, 3, 0, 1, 1, 3, 3, 2, 2, 2, 1, 1, 1, 0, 3, 2, 1, 1,
       3, 1, 1], dtype=object)]
[493, array([-16.,  -8.,  -8.,   0.]), array([2, 2, 2, 3, 3, 3, 0, 1, 1, 3, 3, 2, 2, 2, 1, 1, 1, 0, 3, 2, 1, 1,
       3, 1, 1], dtype=object)]
[494, array([-16.,  -8.,  -8.,   0.]), array([1, 2, 2, 3, 3, 3, 0, 1, 1, 3, 3, 2, 2, 2, 1, 1, 1, 0, 3, 2, 1, 1,
       3, 1, 1], dtype=object)]
[494, array([-16.,  -8.,  -8.,   0.]), array([1, 2, 2, 3, 3, 3, 0, 1, 1, 3, 3, 2, 2, 2, 1, 1, 1, 0, 3, 2, 1, 1,
       3, 1, 1], dtype=object)]
[494, array([-16.,  -8.,  -8.,   0.]), array([1, 2, 2, 3, 3, 3, 0, 1, 1, 3, 3, 2, 2, 2, 1, 1, 1, 0, 3, 2, 1, 1,
       3, 1, 1], dtype=object)]
[494, array([-16.,  -8.,  -8.,   0.]), array([1, 2, 2, 3, 3, 3, 0, 1, 1, 3, 3, 2, 2, 2, 1, 1, 1, 0, 3, 2, 1, 1,
       3, 1, 1], dtype=object)]
[495, array([-16.,  -8.,  -8.,   0.]), array([2, 2, 2, 3, 3, 3, 0, 1, 1, 3, 3, 2, 2, 2, 1, 1, 1, 0, 3, 2, 1, 1,
       3, 1, 1], dtype=object)]
[495, array([-16.,  -8.,  -8.,   0.]), array([2, 2, 2, 3, 3, 3, 0, 1, 1, 3, 3, 2, 2, 2, 1, 1, 1, 0, 3, 2, 1, 1,
       3, 1, 1], dtype=object)]
[495, array([-16.,  -8.,  -8.,   0.]), array([2, 2, 2, 3, 3, 3, 0, 1, 1, 3, 3, 2, 2, 2, 1, 1, 1, 0, 3, 2, 1, 1,
       3, 1, 1], dtype=object)]
[495, array([-16.,  -8.,  -8.,   0.]), array([2, 2, 2, 3, 3, 3, 0, 1, 1, 3, 3, 2, 2, 2, 1, 1, 1, 0, 3, 2, 1, 1,
       3, 1, 1], dtype=object)]
[496, array([-16.,  -8.,  -8.,   0.]), array([1, 2, 2, 3, 3, 3, 0, 1, 1, 3, 3, 2, 2, 2, 1, 1, 2, 0, 3, 2, 1, 1,
       3, 1, 1], dtype=object)]
[496, array([-16.,  -8.,  -8.,   0.]), array([1, 2, 2, 3, 3, 3, 0, 1, 1, 3, 3, 2, 2, 2, 1, 1, 2, 0, 3, 2, 1, 1,
       3, 1, 1], dtype=object)]
[496, array([-16.,  -8.,  -8.,   0.]), array([1, 2, 2, 3, 3, 3, 0, 1, 1, 3, 3, 2, 2, 2, 1, 1, 2, 0, 3, 2, 1, 1,
       3, 1, 1], dtype=object)]
[496, array([-16.,  -8.,  -8.,   0.]), array([1, 2, 2, 3, 3, 3, 0, 1, 1, 3, 3, 2, 2, 2, 1, 1, 2, 0, 3, 2, 1, 1,
       3, 1, 1], dtype=object)]
[497, array([-16.,  -8.,  -8.,   0.]), array([2, 2, 2, 3, 3, 3, 0, 1, 1, 3, 3, 2, 2, 2, 1, 1, 1, 0, 3, 2, 1, 1,
       3, 1, 1], dtype=object)]
[497, array([-16.,  -8.,  -8.,   0.]), array([2, 2, 2, 3, 3, 3, 0, 1, 1, 3, 3, 2, 2, 2, 1, 1, 1, 0, 3, 2, 1, 1,
       3, 1, 1], dtype=object)]
[497, array([-16.,  -8.,  -8.,   0.]), array([2, 2, 2, 3, 3, 3, 0, 1, 1, 3, 3, 2, 2, 2, 1, 1, 1, 0, 3, 2, 1, 1,
       3, 1, 1], dtype=object)]
[497, array([-16.,  -8.,  -8.,   0.]), array([2, 2, 2, 3, 3, 3, 0, 1, 1, 3, 3, 2, 2, 2, 1, 1, 1, 0, 3, 2, 1, 1,
       3, 1, 1], dtype=object)]
[498, array([-16.,  -8.,  -8.,   0.]), array([0, 2, 2, 3, 3, 3, 0, 1, 1, 3, 3, 2, 2, 2, 1, 1, 1, 0, 3, 2, 1, 1,
       3, 1, 1], dtype=object)]
[498, array([-16.,  -8.,  -8.,   0.]), array([0, 2, 2, 3, 3, 3, 0, 1, 1, 3, 3, 2, 2, 2, 1, 1, 1, 0, 3, 2, 1, 1,
       3, 1, 1], dtype=object)]
[498, array([-16.,  -8.,  -8.,   0.]), array([0, 2, 2, 3, 3, 3, 0, 1, 1, 3, 3, 2, 2, 2, 1, 1, 1, 0, 3, 2, 1, 1,
       3, 1, 1], dtype=object)]
[498, array([-16.,  -8.,  -8.,   0.]), array([0, 2, 2, 3, 3, 3, 0, 1, 1, 3, 3, 2, 2, 2, 1, 1, 1, 0, 3, 2, 1, 1,
       3, 1, 1], dtype=object)]
[499, array([-16.,  -8.,  -8.,   0.]), array([2, 2, 2, 3, 3, 3, 0, 1, 1, 3, 3, 2, 2, 2, 1, 1, 2, 2, 3, 2, 1, 1,
       3, 1, 1], dtype=object)]
[499, array([-16.,  -8.,  -8.,   0.]), array([2, 2, 2, 3, 3, 3, 0, 1, 1, 3, 3, 2, 2, 2, 1, 1, 2, 2, 3, 2, 1, 1,
       3, 1, 1], dtype=object)]
[499, array([-16.,  -8.,  -8.,   0.]), array([2, 2, 2, 3, 3, 3, 0, 1, 1, 3, 3, 2, 2, 2, 1, 1, 2, 2, 3, 2, 1, 1,
       3, 1, 1], dtype=object)]
[499, array([-16.,  -8.,  -8.,   0.]), array([2, 2, 2, 3, 3, 3, 0, 1, 1, 3, 3, 2, 2, 2, 1, 1, 2, 2, 3, 2, 1, 1,
       3, 1, 1], dtype=object)]
[500, array([-16.,  -8.,  -8.,   0.]), array([1, 2, 2, 3, 3, 3, 0, 1, 1, 3, 3, 2, 2, 2, 1, 1, 2, 0, 3, 2, 1, 1,
       3, 1, 1], dtype=object)]
[500, array([-16.,  -8.,  -8.,   0.]), array([1, 2, 2, 3, 3, 3, 0, 1, 1, 3, 3, 2, 2, 2, 1, 1, 2, 0, 3, 2, 1, 1,
       3, 1, 1], dtype=object)]
[500, array([-16.,  -8.,  -8.,   0.]), array([1, 2, 2, 3, 3, 3, 0, 1, 1, 3, 3, 2, 2, 2, 1, 1, 2, 0, 3, 2, 1, 1,
       3, 1, 1], dtype=object)]
[500, array([-16.,  -8.,  -8.,   0.]), array([1, 2, 2, 3, 3, 3, 0, 1, 1, 3, 3, 2, 2, 2, 1, 1, 2, 0, 3, 2, 1, 1,
       3, 1, 1], dtype=object)]
[501, array([-16.,  -8.,  -8.,   0.]), array([1, 2, 2, 3, 3, 3, 0, 1, 1, 3, 3, 2, 2, 2, 1, 1, 1, 0, 3, 2, 1, 1,
       3, 1, 1], dtype=object)]
[501, array([-16.,  -8.,  -8.,   0.]), array([1, 2, 2, 3, 3, 3, 0, 1, 1, 3, 3, 2, 2, 2, 1, 1, 1, 0, 3, 2, 1, 1,
       3, 1, 1], dtype=object)]
[501, array([-16.,  -8.,  -8.,   0.]), array([1, 2, 2, 3, 3, 3, 0, 1, 1, 3, 3, 2, 2, 2, 1, 1, 1, 0, 3, 2, 1, 1,
       3, 1, 1], dtype=object)]
[501, array([-16.,  -8.,  -8.,   0.]), array([1, 2, 2, 3, 3, 3, 0, 1, 1, 3, 3, 2, 2, 2, 1, 1, 1, 0, 3, 2, 1, 1,
       3, 1, 1], dtype=object)]
[502, array([-16.,  -8.,  -8.,   0.]), array([2, 2, 2, 3, 3, 3, 0, 1, 1, 3, 3, 2, 2, 2, 1, 1, 2, 0, 3, 2, 1, 1,
       3, 1, 1], dtype=object)]
[502, array([-16.,  -8.,  -8.,   0.]), array([2, 2, 2, 3, 3, 3, 0, 1, 1, 3, 3, 2, 2, 2, 1, 1, 2, 0, 3, 2, 1, 1,
       3, 1, 1], dtype=object)]
[502, array([-16.,  -8.,  -8.,   0.]), array([2, 2, 2, 3, 3, 3, 0, 1, 1, 3, 3, 2, 2, 2, 1, 1, 2, 0, 3, 2, 1, 1,
       3, 1, 1], dtype=object)]
[502, array([-16.,  -8.,  -8.,   0.]), array([2, 2, 2, 3, 3, 3, 0, 1, 1, 3, 3, 2, 2, 2, 1, 1, 2, 0, 3, 2, 1, 1,
       3, 1, 1], dtype=object)]
[503, array([-16.,  -8.,  -8.,   0.]), array([2, 2, 2, 3, 3, 3, 0, 1, 1, 3, 3, 2, 2, 2, 1, 1, 1, 0, 3, 2, 1, 1,
       3, 1, 1], dtype=object)]
[503, array([-16.,  -8.,  -8.,   0.]), array([2, 2, 2, 3, 3, 3, 0, 1, 1, 3, 3, 2, 2, 2, 1, 1, 1, 0, 3, 2, 1, 1,
       3, 1, 1], dtype=object)]
[503, array([-16.,  -8.,  -8.,   0.]), array([2, 2, 2, 3, 3, 3, 0, 1, 1, 3, 3, 2, 2, 2, 1, 1, 1, 0, 3, 2, 1, 1,
       3, 1, 1], dtype=object)]
[503, array([-16.,  -8.,  -8.,   0.]), array([2, 2, 2, 3, 3, 3, 0, 1, 1, 3, 3, 2, 2, 2, 1, 1, 1, 0, 3, 2, 1, 1,
       3, 1, 1], dtype=object)]
[504, array([-16.,  -8.,  -8.,   0.]), array([2, 2, 2, 3, 3, 3, 0, 1, 1, 3, 3, 2, 2, 2, 1, 1, 2, 0, 3, 2, 1, 1,
       3, 1, 1], dtype=object)]
[504, array([-16.,  -8.,  -8.,   0.]), array([2, 2, 2, 3, 3, 3, 0, 1, 1, 3, 3, 2, 2, 2, 1, 1, 2, 0, 3, 2, 1, 1,
       3, 1, 1], dtype=object)]
[504, array([-16.,  -8.,  -8.,   0.]), array([2, 2, 2, 3, 3, 3, 0, 1, 1, 3, 3, 2, 2, 2, 1, 1, 2, 0, 3, 2, 1, 1,
       3, 1, 1], dtype=object)]
[504, array([-16.,  -8.,  -8.,   0.]), array([2, 2, 2, 3, 3, 3, 0, 1, 1, 3, 3, 2, 2, 2, 1, 1, 2, 0, 3, 2, 1, 1,
       3, 1, 1], dtype=object)]
[505, array([-16.,  -8.,  -8.,   0.]), array([2, 2, 2, 3, 3, 2, 0, 1, 1, 3, 3, 2, 2, 2, 1, 1, 1, 0, 3, 2, 1, 1,
       3, 1, 1], dtype=object)]
[505, array([-16.,  -8.,  -8.,   0.]), array([2, 2, 2, 3, 3, 2, 0, 1, 1, 3, 3, 2, 2, 2, 1, 1, 1, 0, 3, 2, 1, 1,
       3, 1, 1], dtype=object)]
[505, array([-16.,  -8.,  -8.,   0.]), array([2, 2, 2, 3, 3, 2, 0, 1, 1, 3, 3, 2, 2, 2, 1, 1, 1, 0, 3, 2, 1, 1,
       3, 1, 1], dtype=object)]
[505, array([-16.,  -8.,  -8.,   0.]), array([2, 2, 2, 3, 3, 2, 0, 1, 1, 3, 3, 2, 2, 2, 1, 1, 1, 0, 3, 2, 1, 1,
       3, 1, 1], dtype=object)]
[506, array([-16.,  -8.,  -8.,   0.]), array([1, 2, 2, 3, 3, 3, 0, 1, 1, 3, 3, 2, 2, 2, 1, 1, 2, 1, 3, 2, 1, 1,
       3, 1, 1], dtype=object)]
[506, array([-16.,  -8.,  -8.,   0.]), array([1, 2, 2, 3, 3, 3, 0, 1, 1, 3, 3, 2, 2, 2, 1, 1, 2, 1, 3, 2, 1, 1,
       3, 1, 1], dtype=object)]
[506, array([-16.,  -8.,  -8.,   0.]), array([1, 2, 2, 3, 3, 3, 0, 1, 1, 3, 3, 2, 2, 2, 1, 1, 2, 1, 3, 2, 1, 1,
       3, 1, 1], dtype=object)]
[506, array([-16.,  -8.,  -8.,   0.]), array([1, 2, 2, 3, 3, 3, 0, 1, 1, 3, 3, 2, 2, 2, 1, 1, 2, 1, 3, 2, 1, 1,
       3, 1, 1], dtype=object)]
[507, array([-16.,  -8.,  -8.,   0.]), array([2, 2, 2, 3, 3, 3, 0, 1, 1, 3, 3, 2, 2, 2, 1, 1, 1, 0, 3, 2, 1, 1,
       3, 1, 1], dtype=object)]
[507, array([-16.,  -8.,  -8.,   0.]), array([2, 2, 2, 3, 3, 3, 0, 1, 1, 3, 3, 2, 2, 2, 1, 1, 1, 0, 3, 2, 1, 1,
       3, 1, 1], dtype=object)]
[507, array([-16.,  -8.,  -8.,   0.]), array([2, 2, 2, 3, 3, 3, 0, 1, 1, 3, 3, 2, 2, 2, 1, 1, 1, 0, 3, 2, 1, 1,
       3, 1, 1], dtype=object)]
[507, array([-16.,  -8.,  -8.,   0.]), array([2, 2, 2, 3, 3, 3, 0, 1, 1, 3, 3, 2, 2, 2, 1, 1, 1, 0, 3, 2, 1, 1,
       3, 1, 1], dtype=object)]
[508, array([-16.,  -8.,  -8.,   0.]), array([2, 2, 2, 3, 3, 2, 0, 1, 1, 3, 3, 2, 2, 2, 1, 1, 1, 1, 3, 2, 1, 1,
       3, 1, 1], dtype=object)]
[508, array([-16.,  -8.,  -8.,   0.]), array([2, 2, 2, 3, 3, 2, 0, 1, 1, 3, 3, 2, 2, 2, 1, 1, 1, 1, 3, 2, 1, 1,
       3, 1, 1], dtype=object)]
[508, array([-16.,  -8.,  -8.,   0.]), array([2, 2, 2, 3, 3, 2, 0, 1, 1, 3, 3, 2, 2, 2, 1, 1, 1, 1, 3, 2, 1, 1,
       3, 1, 1], dtype=object)]
[508, array([-16.,  -8.,  -8.,   0.]), array([2, 2, 2, 3, 3, 2, 0, 1, 1, 3, 3, 2, 2, 2, 1, 1, 1, 1, 3, 2, 1, 1,
       3, 1, 1], dtype=object)]
[509, array([-16.,  -8.,  -8.,   0.]), array([2, 2, 2, 3, 3, 2, 0, 1, 1, 3, 3, 2, 2, 2, 1, 1, 2, 1, 3, 2, 1, 1,
       3, 1, 1], dtype=object)]
[509, array([-16.,  -8.,  -8.,   0.]), array([2, 2, 2, 3, 3, 2, 0, 1, 1, 3, 3, 2, 2, 2, 1, 1, 2, 1, 3, 2, 1, 1,
       3, 1, 1], dtype=object)]
[509, array([-16.,  -8.,  -8.,   0.]), array([2, 2, 2, 3, 3, 2, 0, 1, 1, 3, 3, 2, 2, 2, 1, 1, 2, 1, 3, 2, 1, 1,
       3, 1, 1], dtype=object)]
[509, array([-16.,  -8.,  -8.,   0.]), array([2, 2, 2, 3, 3, 2, 0, 1, 1, 3, 3, 2, 2, 2, 1, 1, 2, 1, 3, 2, 1, 1,
       3, 1, 1], dtype=object)]
[510, array([-16.,  -8.,  -8.,   0.]), array([2, 2, 2, 3, 3, 2, 0, 1, 1, 3, 3, 2, 2, 2, 1, 1, 2, 0, 3, 2, 1, 1,
       3, 1, 1], dtype=object)]
[510, array([-16.,  -8.,  -8.,   0.]), array([2, 2, 2, 3, 3, 2, 0, 1, 1, 3, 3, 2, 2, 2, 1, 1, 2, 0, 3, 2, 1, 1,
       3, 1, 1], dtype=object)]
[510, array([-16.,  -8.,  -8.,   0.]), array([2, 2, 2, 3, 3, 2, 0, 1, 1, 3, 3, 2, 2, 2, 1, 1, 2, 0, 3, 2, 1, 1,
       3, 1, 1], dtype=object)]
[510, array([-16.,  -8.,  -8.,   0.]), array([2, 2, 2, 3, 3, 2, 0, 1, 1, 3, 3, 2, 2, 2, 1, 1, 2, 0, 3, 2, 1, 1,
       3, 1, 1], dtype=object)]
[511, array([-16.,  -8.,  -8.,   0.]), array([2, 2, 2, 3, 3, 3, 0, 1, 1, 3, 3, 2, 2, 2, 1, 1, 2, 1, 3, 2, 1, 1,
       3, 1, 1], dtype=object)]
[511, array([-16.,  -8.,  -8.,   0.]), array([2, 2, 2, 3, 3, 3, 0, 1, 1, 3, 3, 2, 2, 2, 1, 1, 2, 1, 3, 2, 1, 1,
       3, 1, 1], dtype=object)]
[511, array([-16.,  -8.,  -8.,   0.]), array([2, 2, 2, 3, 3, 3, 0, 1, 1, 3, 3, 2, 2, 2, 1, 1, 2, 1, 3, 2, 1, 1,
       3, 1, 1], dtype=object)]
[511, array([-16.,  -8.,  -8.,   0.]), array([2, 2, 2, 3, 3, 3, 0, 1, 1, 3, 3, 2, 2, 2, 1, 1, 2, 1, 3, 2, 1, 1,
       3, 1, 1], dtype=object)]
[512, array([-16.,  -8.,  -8.,   0.]), array([1, 2, 2, 3, 3, 3, 0, 1, 1, 3, 3, 2, 2, 2, 1, 1, 2, 0, 3, 2, 1, 1,
       3, 1, 1], dtype=object)]
[512, array([-16.,  -8.,  -8.,   0.]), array([1, 2, 2, 3, 3, 3, 0, 1, 1, 3, 3, 2, 2, 2, 1, 1, 2, 0, 3, 2, 1, 1,
       3, 1, 1], dtype=object)]
[512, array([-16.,  -8.,  -8.,   0.]), array([1, 2, 2, 3, 3, 3, 0, 1, 1, 3, 3, 2, 2, 2, 1, 1, 2, 0, 3, 2, 1, 1,
       3, 1, 1], dtype=object)]
[512, array([-16.,  -8.,  -8.,   0.]), array([1, 2, 2, 3, 3, 3, 0, 1, 1, 3, 3, 2, 2, 2, 1, 1, 2, 0, 3, 2, 1, 1,
       3, 1, 1], dtype=object)]
[513, array([-16.,  -8.,  -8.,   0.]), array([2, 2, 2, 3, 3, 3, 0, 1, 1, 3, 3, 2, 2, 2, 1, 1, 2, 1, 3, 2, 1, 1,
       3, 1, 1], dtype=object)]
[513, array([-16.,  -8.,  -8.,   0.]), array([2, 2, 2, 3, 3, 3, 0, 1, 1, 3, 3, 2, 2, 2, 1, 1, 2, 1, 3, 2, 1, 1,
       3, 1, 1], dtype=object)]
[513, array([-16.,  -8.,  -8.,   0.]), array([2, 2, 2, 3, 3, 3, 0, 1, 1, 3, 3, 2, 2, 2, 1, 1, 2, 1, 3, 2, 1, 1,
       3, 1, 1], dtype=object)]
[513, array([-16.,  -8.,  -8.,   0.]), array([2, 2, 2, 3, 3, 3, 0, 1, 1, 3, 3, 2, 2, 2, 1, 1, 2, 1, 3, 2, 1, 1,
       3, 1, 1], dtype=object)]
[514, array([-16.,  -8.,  -8.,   0.]), array([1, 2, 2, 3, 3, 3, 0, 1, 1, 3, 3, 2, 2, 2, 1, 1, 2, 1, 3, 2, 1, 1,
       3, 1, 1], dtype=object)]
[514, array([-16.,  -8.,  -8.,   0.]), array([1, 2, 2, 3, 3, 3, 0, 1, 1, 3, 3, 2, 2, 2, 1, 1, 2, 1, 3, 2, 1, 1,
       3, 1, 1], dtype=object)]
[514, array([-16.,  -8.,  -8.,   0.]), array([1, 2, 2, 3, 3, 3, 0, 1, 1, 3, 3, 2, 2, 2, 1, 1, 2, 1, 3, 2, 1, 1,
       3, 1, 1], dtype=object)]
[514, array([-16.,  -8.,  -8.,   0.]), array([1, 2, 2, 3, 3, 3, 0, 1, 1, 3, 3, 2, 2, 2, 1, 1, 2, 1, 3, 2, 1, 1,
       3, 1, 1], dtype=object)]
[515, array([-16.,  -8.,  -8.,   0.]), array([2, 2, 2, 3, 3, 3, 0, 1, 1, 3, 3, 2, 2, 2, 1, 1, 2, 1, 3, 2, 1, 1,
       3, 1, 1], dtype=object)]
[515, array([-16.,  -8.,  -8.,   0.]), array([2, 2, 2, 3, 3, 3, 0, 1, 1, 3, 3, 2, 2, 2, 1, 1, 2, 1, 3, 2, 1, 1,
       3, 1, 1], dtype=object)]
[515, array([-16.,  -8.,  -8.,   0.]), array([2, 2, 2, 3, 3, 3, 0, 1, 1, 3, 3, 2, 2, 2, 1, 1, 2, 1, 3, 2, 1, 1,
       3, 1, 1], dtype=object)]
[515, array([-16.,  -8.,  -8.,   0.]), array([2, 2, 2, 3, 3, 3, 0, 1, 1, 3, 3, 2, 2, 2, 1, 1, 2, 1, 3, 2, 1, 1,
       3, 1, 1], dtype=object)]
[516, array([-16.,  -8.,  -8.,   0.]), array([2, 2, 2, 3, 3, 3, 0, 1, 1, 3, 3, 2, 2, 2, 1, 1, 2, 1, 1, 2, 1, 1,
       3, 1, 1], dtype=object)]
[516, array([-16.,  -8.,  -8.,   0.]), array([2, 2, 2, 3, 3, 3, 0, 1, 1, 3, 3, 2, 2, 2, 1, 1, 2, 1, 1, 2, 1, 1,
       3, 1, 1], dtype=object)]
[516, array([-16.,  -8.,  -8.,   0.]), array([2, 2, 2, 3, 3, 3, 0, 1, 1, 3, 3, 2, 2, 2, 1, 1, 2, 1, 1, 2, 1, 1,
       3, 1, 1], dtype=object)]
[516, array([-16.,  -8.,  -8.,   0.]), array([2, 2, 2, 3, 3, 3, 0, 1, 1, 3, 3, 2, 2, 2, 1, 1, 2, 1, 1, 2, 1, 1,
       3, 1, 1], dtype=object)]
[517, array([-16.,  -8.,  -8.,   0.]), array([2, 2, 2, 3, 3, 3, 0, 1, 1, 3, 3, 2, 2, 2, 1, 1, 2, 1, 3, 2, 1, 0,
       3, 1, 1], dtype=object)]
[517, array([-16.,  -8.,  -8.,   0.]), array([2, 2, 2, 3, 3, 3, 0, 1, 1, 3, 3, 2, 2, 2, 1, 1, 2, 1, 3, 2, 1, 0,
       3, 1, 1], dtype=object)]
[517, array([-16.,  -8.,  -8.,   0.]), array([2, 2, 2, 3, 3, 3, 0, 1, 1, 3, 3, 2, 2, 2, 1, 1, 2, 1, 3, 2, 1, 0,
       3, 1, 1], dtype=object)]
[517, array([-16.,  -8.,  -8.,   0.]), array([2, 2, 2, 3, 3, 3, 0, 1, 1, 3, 3, 2, 2, 2, 1, 1, 2, 1, 3, 2, 1, 0,
       3, 1, 1], dtype=object)]
[518, array([-16.,  -8.,  -8.,   0.]), array([2, 2, 2, 3, 3, 3, 0, 1, 1, 3, 3, 2, 2, 2, 1, 1, 2, 1, 3, 2, 1, 0,
       3, 1, 1], dtype=object)]
[518, array([-16.,  -8.,  -8.,   0.]), array([2, 2, 2, 3, 3, 3, 0, 1, 1, 3, 3, 2, 2, 2, 1, 1, 2, 1, 3, 2, 1, 0,
       3, 1, 1], dtype=object)]
[518, array([-16.,  -8.,  -8.,   0.]), array([2, 2, 2, 3, 3, 3, 0, 1, 1, 3, 3, 2, 2, 2, 1, 1, 2, 1, 3, 2, 1, 0,
       3, 1, 1], dtype=object)]
[518, array([-16.,  -8.,  -8.,   0.]), array([2, 2, 2, 3, 3, 3, 0, 1, 1, 3, 3, 2, 2, 2, 1, 1, 2, 1, 3, 2, 1, 0,
       3, 1, 1], dtype=object)]
[519, array([-16.,  -8.,  -8.,   0.]), array([2, 2, 2, 3, 3, 3, 0, 1, 1, 3, 3, 2, 2, 2, 1, 1, 2, 1, 3, 2, 1, 1,
       3, 1, 1], dtype=object)]
[519, array([-16.,  -8.,  -8.,   0.]), array([2, 2, 2, 3, 3, 3, 0, 1, 1, 3, 3, 2, 2, 2, 1, 1, 2, 1, 3, 2, 1, 1,
       3, 1, 1], dtype=object)]
[519, array([-16.,  -8.,  -8.,   0.]), array([2, 2, 2, 3, 3, 3, 0, 1, 1, 3, 3, 2, 2, 2, 1, 1, 2, 1, 3, 2, 1, 1,
       3, 1, 1], dtype=object)]
[519, array([-16.,  -8.,  -8.,   0.]), array([2, 2, 2, 3, 3, 3, 0, 1, 1, 3, 3, 2, 2, 2, 1, 1, 2, 1, 3, 2, 1, 1,
       3, 1, 1], dtype=object)]
[520, array([-16.,  -8.,  -8.,   0.]), array([2, 2, 2, 3, 3, 2, 0, 1, 1, 3, 3, 2, 2, 2, 1, 1, 2, 1, 2, 2, 1, 1,
       3, 1, 1], dtype=object)]
[520, array([-16.,  -8.,  -8.,   0.]), array([2, 2, 2, 3, 3, 2, 0, 1, 1, 3, 3, 2, 2, 2, 1, 1, 2, 1, 2, 2, 1, 1,
       3, 1, 1], dtype=object)]
[520, array([-16.,  -8.,  -8.,   0.]), array([2, 2, 2, 3, 3, 2, 0, 1, 1, 3, 3, 2, 2, 2, 1, 1, 2, 1, 2, 2, 1, 1,
       3, 1, 1], dtype=object)]
[520, array([-16.,  -8.,  -8.,   0.]), array([2, 2, 2, 3, 3, 2, 0, 1, 1, 3, 3, 2, 2, 2, 1, 1, 2, 1, 2, 2, 1, 1,
       3, 1, 1], dtype=object)]
[521, array([-16.,  -8.,  -8.,   0.]), array([2, 2, 2, 3, 3, 3, 0, 1, 1, 3, 3, 2, 2, 2, 1, 1, 2, 1, 3, 2, 1, 1,
       3, 1, 1], dtype=object)]
[521, array([-16.,  -8.,  -8.,   0.]), array([2, 2, 2, 3, 3, 3, 0, 1, 1, 3, 3, 2, 2, 2, 1, 1, 2, 1, 3, 2, 1, 1,
       3, 1, 1], dtype=object)]
[521, array([-16.,  -8.,  -8.,   0.]), array([2, 2, 2, 3, 3, 3, 0, 1, 1, 3, 3, 2, 2, 2, 1, 1, 2, 1, 3, 2, 1, 1,
       3, 1, 1], dtype=object)]
[521, array([-16.,  -8.,  -8.,   0.]), array([2, 2, 2, 3, 3, 3, 0, 1, 1, 3, 3, 2, 2, 2, 1, 1, 2, 1, 3, 2, 1, 1,
       3, 1, 1], dtype=object)]
[522, array([-16.,  -8.,  -8.,   0.]), array([2, 2, 2, 3, 3, 1, 0, 1, 1, 3, 3, 2, 2, 2, 1, 1, 2, 1, 3, 2, 1, 1,
       3, 1, 1], dtype=object)]
[522, array([-16.,  -8.,  -8.,   0.]), array([2, 2, 2, 3, 3, 1, 0, 1, 1, 3, 3, 2, 2, 2, 1, 1, 2, 1, 3, 2, 1, 1,
       3, 1, 1], dtype=object)]
[522, array([-16.,  -8.,  -8.,   0.]), array([2, 2, 2, 3, 3, 1, 0, 1, 1, 3, 3, 2, 2, 2, 1, 1, 2, 1, 3, 2, 1, 1,
       3, 1, 1], dtype=object)]
[522, array([-16.,  -8.,  -8.,   0.]), array([2, 2, 2, 3, 3, 1, 0, 1, 1, 3, 3, 2, 2, 2, 1, 1, 2, 1, 3, 2, 1, 1,
       3, 1, 1], dtype=object)]
[523, array([-16.,  -8.,  -8.,   0.]), array([2, 2, 2, 3, 3, 3, 0, 1, 1, 3, 3, 2, 2, 2, 1, 1, 2, 2, 3, 2, 1, 1,
       3, 1, 1], dtype=object)]
[523, array([-16.,  -8.,  -8.,   0.]), array([2, 2, 2, 3, 3, 3, 0, 1, 1, 3, 3, 2, 2, 2, 1, 1, 2, 2, 3, 2, 1, 1,
       3, 1, 1], dtype=object)]
[523, array([-16.,  -8.,  -8.,   0.]), array([2, 2, 2, 3, 3, 3, 0, 1, 1, 3, 3, 2, 2, 2, 1, 1, 2, 2, 3, 2, 1, 1,
       3, 1, 1], dtype=object)]
[523, array([-16.,  -8.,  -8.,   0.]), array([2, 2, 2, 3, 3, 3, 0, 1, 1, 3, 3, 2, 2, 2, 1, 1, 2, 2, 3, 2, 1, 1,
       3, 1, 1], dtype=object)]
[524, array([-16.,  -8.,  -8.,   0.]), array([2, 2, 2, 3, 3, 3, 0, 1, 1, 3, 3, 2, 2, 2, 1, 1, 2, 3, 3, 2, 1, 1,
       3, 1, 1], dtype=object)]
[524, array([-16.,  -8.,  -8.,   0.]), array([2, 2, 2, 3, 3, 3, 0, 1, 1, 3, 3, 2, 2, 2, 1, 1, 2, 3, 3, 2, 1, 1,
       3, 1, 1], dtype=object)]
[524, array([-16.,  -8.,  -8.,   0.]), array([2, 2, 2, 3, 3, 3, 0, 1, 1, 3, 3, 2, 2, 2, 1, 1, 2, 3, 3, 2, 1, 1,
       3, 1, 1], dtype=object)]
[524, array([-16.,  -8.,  -8.,   0.]), array([2, 2, 2, 3, 3, 3, 0, 1, 1, 3, 3, 2, 2, 2, 1, 1, 2, 3, 3, 2, 1, 1,
       3, 1, 1], dtype=object)]
[525, array([-16.,  -8.,  -8.,   0.]), array([2, 2, 2, 3, 3, 2, 0, 1, 1, 3, 3, 2, 2, 2, 1, 1, 1, 1, 3, 2, 1, 3,
       3, 1, 1], dtype=object)]
[525, array([-16.,  -8.,  -8.,   0.]), array([2, 2, 2, 3, 3, 2, 0, 1, 1, 3, 3, 2, 2, 2, 1, 1, 1, 1, 3, 2, 1, 3,
       3, 1, 1], dtype=object)]
[525, array([-16.,  -8.,  -8.,   0.]), array([2, 2, 2, 3, 3, 2, 0, 1, 1, 3, 3, 2, 2, 2, 1, 1, 1, 1, 3, 2, 1, 3,
       3, 1, 1], dtype=object)]
[525, array([-16.,  -8.,  -8.,   0.]), array([2, 2, 2, 3, 3, 2, 0, 1, 1, 3, 3, 2, 2, 2, 1, 1, 1, 1, 3, 2, 1, 3,
       3, 1, 1], dtype=object)]
[526, array([-16.,  -8.,  -8.,   0.]), array([2, 2, 2, 3, 3, 2, 0, 1, 1, 3, 3, 2, 2, 2, 1, 1, 2, 1, 3, 2, 1, 3,
       3, 1, 1], dtype=object)]
[526, array([-16.,  -8.,  -8.,   0.]), array([2, 2, 2, 3, 3, 2, 0, 1, 1, 3, 3, 2, 2, 2, 1, 1, 2, 1, 3, 2, 1, 3,
       3, 1, 1], dtype=object)]
[526, array([-16.,  -8.,  -8.,   0.]), array([2, 2, 2, 3, 3, 2, 0, 1, 1, 3, 3, 2, 2, 2, 1, 1, 2, 1, 3, 2, 1, 3,
       3, 1, 1], dtype=object)]
[526, array([-16.,  -8.,  -8.,   0.]), array([2, 2, 2, 3, 3, 2, 0, 1, 1, 3, 3, 2, 2, 2, 1, 1, 2, 1, 3, 2, 1, 3,
       3, 1, 1], dtype=object)]
[527, array([-16.,  -8.,  -8.,   0.]), array([2, 2, 2, 3, 3, 2, 0, 1, 1, 3, 3, 2, 2, 2, 1, 1, 2, 1, 3, 2, 1, 1,
       3, 1, 1], dtype=object)]
[527, array([-16.,  -8.,  -8.,   0.]), array([2, 2, 2, 3, 3, 2, 0, 1, 1, 3, 3, 2, 2, 2, 1, 1, 2, 1, 3, 2, 1, 1,
       3, 1, 1], dtype=object)]
[527, array([-16.,  -8.,  -8.,   0.]), array([2, 2, 2, 3, 3, 2, 0, 1, 1, 3, 3, 2, 2, 2, 1, 1, 2, 1, 3, 2, 1, 1,
       3, 1, 1], dtype=object)]
[527, array([-16.,  -8.,  -8.,   0.]), array([2, 2, 2, 3, 3, 2, 0, 1, 1, 3, 3, 2, 2, 2, 1, 1, 2, 1, 3, 2, 1, 1,
       3, 1, 1], dtype=object)]
[528, array([-16.,  -8.,  -8.,   0.]), array([2, 2, 2, 3, 3, 1, 0, 1, 1, 3, 3, 2, 2, 2, 1, 1, 1, 1, 3, 2, 1, 3,
       3, 1, 1], dtype=object)]
[528, array([-16.,  -8.,  -8.,   0.]), array([2, 2, 2, 3, 3, 1, 0, 1, 1, 3, 3, 2, 2, 2, 1, 1, 1, 1, 3, 2, 1, 3,
       3, 1, 1], dtype=object)]
[528, array([-16.,  -8.,  -8.,   0.]), array([2, 2, 2, 3, 3, 1, 0, 1, 1, 3, 3, 2, 2, 2, 1, 1, 1, 1, 3, 2, 1, 3,
       3, 1, 1], dtype=object)]
[528, array([-16.,  -8.,  -8.,   0.]), array([2, 2, 2, 3, 3, 1, 0, 1, 1, 3, 3, 2, 2, 2, 1, 1, 1, 1, 3, 2, 1, 3,
       3, 1, 1], dtype=object)]
[529, array([-16.,  -8.,  -8.,   0.]), array([2, 2, 2, 3, 3, 3, 0, 1, 1, 3, 3, 2, 2, 2, 1, 1, 2, 1, 3, 2, 1, 1,
       3, 1, 1], dtype=object)]
[529, array([-16.,  -8.,  -8.,   0.]), array([2, 2, 2, 3, 3, 3, 0, 1, 1, 3, 3, 2, 2, 2, 1, 1, 2, 1, 3, 2, 1, 1,
       3, 1, 1], dtype=object)]
[529, array([-16.,  -8.,  -8.,   0.]), array([2, 2, 2, 3, 3, 3, 0, 1, 1, 3, 3, 2, 2, 2, 1, 1, 2, 1, 3, 2, 1, 1,
       3, 1, 1], dtype=object)]
[529, array([-16.,  -8.,  -8.,   0.]), array([2, 2, 2, 3, 3, 3, 0, 1, 1, 3, 3, 2, 2, 2, 1, 1, 2, 1, 3, 2, 1, 1,
       3, 1, 1], dtype=object)]
[530, array([-16.,  -8.,  -8.,   0.]), array([2, 2, 2, 3, 3, 2, 0, 1, 1, 3, 3, 2, 2, 2, 1, 1, 3, 1, 3, 2, 1, 1,
       3, 1, 1], dtype=object)]
[530, array([-16.,  -8.,  -8.,   0.]), array([2, 2, 2, 3, 3, 2, 0, 1, 1, 3, 3, 2, 2, 2, 1, 1, 3, 1, 3, 2, 1, 1,
       3, 1, 1], dtype=object)]
[530, array([-16.,  -8.,  -8.,   0.]), array([2, 2, 2, 3, 3, 2, 0, 1, 1, 3, 3, 2, 2, 2, 1, 1, 3, 1, 3, 2, 1, 1,
       3, 1, 1], dtype=object)]
[530, array([-16.,  -8.,  -8.,   0.]), array([2, 2, 2, 3, 3, 2, 0, 1, 1, 3, 3, 2, 2, 2, 1, 1, 3, 1, 3, 2, 1, 1,
       3, 1, 1], dtype=object)]
[531, array([-16.,  -8.,  -8.,   0.]), array([2, 2, 2, 3, 3, 3, 0, 1, 1, 3, 3, 2, 2, 2, 1, 1, 2, 1, 3, 2, 1, 0,
       3, 1, 1], dtype=object)]
[531, array([-16.,  -8.,  -8.,   0.]), array([2, 2, 2, 3, 3, 3, 0, 1, 1, 3, 3, 2, 2, 2, 1, 1, 2, 1, 3, 2, 1, 0,
       3, 1, 1], dtype=object)]
[531, array([-16.,  -8.,  -8.,   0.]), array([2, 2, 2, 3, 3, 3, 0, 1, 1, 3, 3, 2, 2, 2, 1, 1, 2, 1, 3, 2, 1, 0,
       3, 1, 1], dtype=object)]
[531, array([-16.,  -8.,  -8.,   0.]), array([2, 2, 2, 3, 3, 3, 0, 1, 1, 3, 3, 2, 2, 2, 1, 1, 2, 1, 3, 2, 1, 0,
       3, 1, 1], dtype=object)]
[532, array([-16.,  -8.,  -8.,   0.]), array([2, 2, 2, 3, 3, 3, 0, 1, 1, 3, 3, 2, 2, 2, 1, 1, 3, 2, 3, 2, 1, 1,
       3, 1, 1], dtype=object)]
[532, array([-16.,  -8.,  -8.,   0.]), array([2, 2, 2, 3, 3, 3, 0, 1, 1, 3, 3, 2, 2, 2, 1, 1, 3, 2, 3, 2, 1, 1,
       3, 1, 1], dtype=object)]
[532, array([-16.,  -8.,  -8.,   0.]), array([2, 2, 2, 3, 3, 3, 0, 1, 1, 3, 3, 2, 2, 2, 1, 1, 3, 2, 3, 2, 1, 1,
       3, 1, 1], dtype=object)]
[532, array([-16.,  -8.,  -8.,   0.]), array([2, 2, 2, 3, 3, 3, 0, 1, 1, 3, 3, 2, 2, 2, 1, 1, 3, 2, 3, 2, 1, 1,
       3, 1, 1], dtype=object)]
[533, array([-16.,  -8.,  -8.,   0.]), array([2, 2, 2, 3, 3, 2, 0, 1, 1, 3, 3, 2, 2, 2, 1, 1, 2, 1, 3, 2, 1, 1,
       3, 1, 1], dtype=object)]
[533, array([-16.,  -8.,  -8.,   0.]), array([2, 2, 2, 3, 3, 2, 0, 1, 1, 3, 3, 2, 2, 2, 1, 1, 2, 1, 3, 2, 1, 1,
       3, 1, 1], dtype=object)]
[533, array([-16.,  -8.,  -8.,   0.]), array([2, 2, 2, 3, 3, 2, 0, 1, 1, 3, 3, 2, 2, 2, 1, 1, 2, 1, 3, 2, 1, 1,
       3, 1, 1], dtype=object)]
[533, array([-16.,  -8.,  -8.,   0.]), array([2, 2, 2, 3, 3, 2, 0, 1, 1, 3, 3, 2, 2, 2, 1, 1, 2, 1, 3, 2, 1, 1,
       3, 1, 1], dtype=object)]
[534, array([-16.,  -8.,  -8.,   0.]), array([2, 2, 2, 3, 3, 2, 0, 1, 1, 3, 3, 2, 2, 2, 1, 1, 3, 1, 3, 2, 1, 1,
       3, 1, 1], dtype=object)]
[534, array([-16.,  -8.,  -8.,   0.]), array([2, 2, 2, 3, 3, 2, 0, 1, 1, 3, 3, 2, 2, 2, 1, 1, 3, 1, 3, 2, 1, 1,
       3, 1, 1], dtype=object)]
[534, array([-16.,  -8.,  -8.,   0.]), array([2, 2, 2, 3, 3, 2, 0, 1, 1, 3, 3, 2, 2, 2, 1, 1, 3, 1, 3, 2, 1, 1,
       3, 1, 1], dtype=object)]
[534, array([-16.,  -8.,  -8.,   0.]), array([2, 2, 2, 3, 3, 2, 0, 1, 1, 3, 3, 2, 2, 2, 1, 1, 3, 1, 3, 2, 1, 1,
       3, 1, 1], dtype=object)]
[535, array([-16.,  -8.,  -8.,   0.]), array([2, 2, 2, 3, 3, 3, 0, 1, 1, 3, 3, 2, 2, 2, 1, 1, 1, 1, 3, 2, 1, 1,
       3, 1, 1], dtype=object)]
[535, array([-16.,  -8.,  -8.,   0.]), array([2, 2, 2, 3, 3, 3, 0, 1, 1, 3, 3, 2, 2, 2, 1, 1, 1, 1, 3, 2, 1, 1,
       3, 1, 1], dtype=object)]
[535, array([-16.,  -8.,  -8.,   0.]), array([2, 2, 2, 3, 3, 3, 0, 1, 1, 3, 3, 2, 2, 2, 1, 1, 1, 1, 3, 2, 1, 1,
       3, 1, 1], dtype=object)]
[535, array([-16.,  -8.,  -8.,   0.]), array([2, 2, 2, 3, 3, 3, 0, 1, 1, 3, 3, 2, 2, 2, 1, 1, 1, 1, 3, 2, 1, 1,
       3, 1, 1], dtype=object)]
[536, array([-16.,  -8.,  -8.,   0.]), array([2, 2, 2, 3, 3, 2, 0, 1, 1, 3, 3, 2, 2, 2, 1, 1, 3, 2, 1, 2, 1, 1,
       3, 1, 1], dtype=object)]
[536, array([-16.,  -8.,  -8.,   0.]), array([2, 2, 2, 3, 3, 2, 0, 1, 1, 3, 3, 2, 2, 2, 1, 1, 3, 2, 1, 2, 1, 1,
       3, 1, 1], dtype=object)]
[536, array([-16.,  -8.,  -8.,   0.]), array([2, 2, 2, 3, 3, 2, 0, 1, 1, 3, 3, 2, 2, 2, 1, 1, 3, 2, 1, 2, 1, 1,
       3, 1, 1], dtype=object)]
[536, array([-16.,  -8.,  -8.,   0.]), array([2, 2, 2, 3, 3, 2, 0, 1, 1, 3, 3, 2, 2, 2, 1, 1, 3, 2, 1, 2, 1, 1,
       3, 1, 1], dtype=object)]
[537, array([-16.,  -8.,  -8.,   0.]), array([2, 2, 2, 3, 3, 1, 0, 1, 1, 3, 3, 2, 2, 2, 1, 1, 2, 1, 3, 2, 1, 1,
       3, 1, 1], dtype=object)]
[537, array([-16.,  -8.,  -8.,   0.]), array([2, 2, 2, 3, 3, 1, 0, 1, 1, 3, 3, 2, 2, 2, 1, 1, 2, 1, 3, 2, 1, 1,
       3, 1, 1], dtype=object)]
[537, array([-16.,  -8.,  -8.,   0.]), array([2, 2, 2, 3, 3, 1, 0, 1, 1, 3, 3, 2, 2, 2, 1, 1, 2, 1, 3, 2, 1, 1,
       3, 1, 1], dtype=object)]
[537, array([-16.,  -8.,  -8.,   0.]), array([2, 2, 2, 3, 3, 1, 0, 1, 1, 3, 3, 2, 2, 2, 1, 1, 2, 1, 3, 2, 1, 1,
       3, 1, 1], dtype=object)]
[538, array([-16.,  -8.,  -8.,   0.]), array([2, 2, 2, 3, 3, 2, 0, 1, 1, 3, 3, 2, 2, 2, 1, 1, 1, 1, 3, 2, 1, 1,
       3, 1, 1], dtype=object)]
[538, array([-16.,  -8.,  -8.,   0.]), array([2, 2, 2, 3, 3, 2, 0, 1, 1, 3, 3, 2, 2, 2, 1, 1, 1, 1, 3, 2, 1, 1,
       3, 1, 1], dtype=object)]
[538, array([-16.,  -8.,  -8.,   0.]), array([2, 2, 2, 3, 3, 2, 0, 1, 1, 3, 3, 2, 2, 2, 1, 1, 1, 1, 3, 2, 1, 1,
       3, 1, 1], dtype=object)]
[538, array([-16.,  -8.,  -8.,   0.]), array([2, 2, 2, 3, 3, 2, 0, 1, 1, 3, 3, 2, 2, 2, 1, 1, 1, 1, 3, 2, 1, 1,
       3, 1, 1], dtype=object)]
[539, array([-16.,  -8.,  -8.,   0.]), array([2, 2, 2, 3, 3, 3, 0, 1, 1, 3, 3, 2, 2, 2, 1, 1, 2, 1, 3, 2, 1, 1,
       3, 1, 1], dtype=object)]
[539, array([-16.,  -8.,  -8.,   0.]), array([2, 2, 2, 3, 3, 3, 0, 1, 1, 3, 3, 2, 2, 2, 1, 1, 2, 1, 3, 2, 1, 1,
       3, 1, 1], dtype=object)]
[539, array([-16.,  -8.,  -8.,   0.]), array([2, 2, 2, 3, 3, 3, 0, 1, 1, 3, 3, 2, 2, 2, 1, 1, 2, 1, 3, 2, 1, 1,
       3, 1, 1], dtype=object)]
[539, array([-16.,  -8.,  -8.,   0.]), array([2, 2, 2, 3, 3, 3, 0, 1, 1, 3, 3, 2, 2, 2, 1, 1, 2, 1, 3, 2, 1, 1,
       3, 1, 1], dtype=object)]
[540, array([-16.,  -8.,  -8.,   0.]), array([2, 2, 2, 3, 3, 3, 0, 1, 1, 3, 3, 2, 2, 2, 1, 1, 2, 0, 3, 2, 1, 1,
       3, 1, 1], dtype=object)]
[540, array([-16.,  -8.,  -8.,   0.]), array([2, 2, 2, 3, 3, 3, 0, 1, 1, 3, 3, 2, 2, 2, 1, 1, 2, 0, 3, 2, 1, 1,
       3, 1, 1], dtype=object)]
[540, array([-16.,  -8.,  -8.,   0.]), array([2, 2, 2, 3, 3, 3, 0, 1, 1, 3, 3, 2, 2, 2, 1, 1, 2, 0, 3, 2, 1, 1,
       3, 1, 1], dtype=object)]
[540, array([-16.,  -8.,  -8.,   0.]), array([2, 2, 2, 3, 3, 3, 0, 1, 1, 3, 3, 2, 2, 2, 1, 1, 2, 0, 3, 2, 1, 1,
       3, 1, 1], dtype=object)]
[541, array([-16.,  -8.,  -8.,   0.]), array([2, 2, 2, 3, 3, 1, 0, 1, 1, 3, 3, 2, 2, 2, 1, 1, 2, 1, 3, 2, 1, 1,
       3, 1, 1], dtype=object)]
[541, array([-16.,  -8.,  -8.,   0.]), array([2, 2, 2, 3, 3, 1, 0, 1, 1, 3, 3, 2, 2, 2, 1, 1, 2, 1, 3, 2, 1, 1,
       3, 1, 1], dtype=object)]
[541, array([-16.,  -8.,  -8.,   0.]), array([2, 2, 2, 3, 3, 1, 0, 1, 1, 3, 3, 2, 2, 2, 1, 1, 2, 1, 3, 2, 1, 1,
       3, 1, 1], dtype=object)]
[541, array([-16.,  -8.,  -8.,   0.]), array([2, 2, 2, 3, 3, 1, 0, 1, 1, 3, 3, 2, 2, 2, 1, 1, 2, 1, 3, 2, 1, 1,
       3, 1, 1], dtype=object)]
[542, array([-16.,  -8.,  -8.,   0.]), array([2, 2, 2, 3, 3, 3, 0, 1, 1, 3, 3, 2, 2, 2, 1, 1, 1, 1, 3, 2, 1, 1,
       3, 1, 1], dtype=object)]
[542, array([-16.,  -8.,  -8.,   0.]), array([2, 2, 2, 3, 3, 3, 0, 1, 1, 3, 3, 2, 2, 2, 1, 1, 1, 1, 3, 2, 1, 1,
       3, 1, 1], dtype=object)]
[542, array([-16.,  -8.,  -8.,   0.]), array([2, 2, 2, 3, 3, 3, 0, 1, 1, 3, 3, 2, 2, 2, 1, 1, 1, 1, 3, 2, 1, 1,
       3, 1, 1], dtype=object)]
[542, array([-16.,  -8.,  -8.,   0.]), array([2, 2, 2, 3, 3, 3, 0, 1, 1, 3, 3, 2, 2, 2, 1, 1, 1, 1, 3, 2, 1, 1,
       3, 1, 1], dtype=object)]
[543, array([-16.,  -8.,  -8.,   0.]), array([2, 2, 2, 3, 3, 2, 0, 1, 1, 3, 3, 2, 2, 2, 1, 1, 2, 1, 3, 2, 1, 1,
       3, 1, 1], dtype=object)]
[543, array([-16.,  -8.,  -8.,   0.]), array([2, 2, 2, 3, 3, 2, 0, 1, 1, 3, 3, 2, 2, 2, 1, 1, 2, 1, 3, 2, 1, 1,
       3, 1, 1], dtype=object)]
[543, array([-16.,  -8.,  -8.,   0.]), array([2, 2, 2, 3, 3, 2, 0, 1, 1, 3, 3, 2, 2, 2, 1, 1, 2, 1, 3, 2, 1, 1,
       3, 1, 1], dtype=object)]
[543, array([-16.,  -8.,  -8.,   0.]), array([2, 2, 2, 3, 3, 2, 0, 1, 1, 3, 3, 2, 2, 2, 1, 1, 2, 1, 3, 2, 1, 1,
       3, 1, 1], dtype=object)]
[544, array([-16.,  -8.,  -8.,   0.]), array([2, 2, 2, 3, 3, 3, 0, 1, 1, 3, 3, 2, 2, 2, 1, 1, 2, 1, 3, 2, 1, 3,
       3, 1, 1], dtype=object)]
[544, array([-16.,  -8.,  -8.,   0.]), array([2, 2, 2, 3, 3, 3, 0, 1, 1, 3, 3, 2, 2, 2, 1, 1, 2, 1, 3, 2, 1, 3,
       3, 1, 1], dtype=object)]
[544, array([-16.,  -8.,  -8.,   0.]), array([2, 2, 2, 3, 3, 3, 0, 1, 1, 3, 3, 2, 2, 2, 1, 1, 2, 1, 3, 2, 1, 3,
       3, 1, 1], dtype=object)]
[544, array([-16.,  -8.,  -8.,   0.]), array([2, 2, 2, 3, 3, 3, 0, 1, 1, 3, 3, 2, 2, 2, 1, 1, 2, 1, 3, 2, 1, 3,
       3, 1, 1], dtype=object)]
[545, array([-16.,  -8.,  -8.,   0.]), array([2, 2, 2, 3, 3, 2, 0, 1, 1, 3, 3, 2, 2, 2, 1, 1, 2, 1, 3, 2, 1, 1,
       3, 1, 1], dtype=object)]
[545, array([-16.,  -8.,  -8.,   0.]), array([2, 2, 2, 3, 3, 2, 0, 1, 1, 3, 3, 2, 2, 2, 1, 1, 2, 1, 3, 2, 1, 1,
       3, 1, 1], dtype=object)]
[545, array([-16.,  -8.,  -8.,   0.]), array([2, 2, 2, 3, 3, 2, 0, 1, 1, 3, 3, 2, 2, 2, 1, 1, 2, 1, 3, 2, 1, 1,
       3, 1, 1], dtype=object)]
[545, array([-16.,  -8.,  -8.,   0.]), array([2, 2, 2, 3, 3, 2, 0, 1, 1, 3, 3, 2, 2, 2, 1, 1, 2, 1, 3, 2, 1, 1,
       3, 1, 1], dtype=object)]
[546, array([-16.,  -8.,  -8.,   0.]), array([2, 2, 2, 3, 3, 0, 0, 1, 1, 3, 3, 2, 2, 2, 1, 1, 2, 1, 3, 2, 1, 1,
       3, 1, 1], dtype=object)]
[546, array([-16.,  -8.,  -8.,   0.]), array([2, 2, 2, 3, 3, 0, 0, 1, 1, 3, 3, 2, 2, 2, 1, 1, 2, 1, 3, 2, 1, 1,
       3, 1, 1], dtype=object)]
[546, array([-16.,  -8.,  -8.,   0.]), array([2, 2, 2, 3, 3, 0, 0, 1, 1, 3, 3, 2, 2, 2, 1, 1, 2, 1, 3, 2, 1, 1,
       3, 1, 1], dtype=object)]
[546, array([-16.,  -8.,  -8.,   0.]), array([2, 2, 2, 3, 3, 0, 0, 1, 1, 3, 3, 2, 2, 2, 1, 1, 2, 1, 3, 2, 1, 1,
       3, 1, 1], dtype=object)]
[547, array([-16.,  -8.,  -8.,   0.]), array([2, 2, 2, 3, 3, 2, 0, 1, 1, 3, 3, 2, 2, 2, 1, 1, 2, 1, 3, 2, 1, 1,
       3, 1, 1], dtype=object)]
[547, array([-16.,  -8.,  -8.,   0.]), array([2, 2, 2, 3, 3, 2, 0, 1, 1, 3, 3, 2, 2, 2, 1, 1, 2, 1, 3, 2, 1, 1,
       3, 1, 1], dtype=object)]
[547, array([-16.,  -8.,  -8.,   0.]), array([2, 2, 2, 3, 3, 2, 0, 1, 1, 3, 3, 2, 2, 2, 1, 1, 2, 1, 3, 2, 1, 1,
       3, 1, 1], dtype=object)]
[547, array([-16.,  -8.,  -8.,   0.]), array([2, 2, 2, 3, 3, 2, 0, 1, 1, 3, 3, 2, 2, 2, 1, 1, 2, 1, 3, 2, 1, 1,
       3, 1, 1], dtype=object)]
[548, array([-16.,  -8.,  -8.,   0.]), array([2, 2, 2, 3, 3, 2, 0, 1, 1, 3, 3, 2, 2, 2, 1, 1, 2, 1, 2, 2, 1, 1,
       3, 1, 1], dtype=object)]
[548, array([-16.,  -8.,  -8.,   0.]), array([2, 2, 2, 3, 3, 2, 0, 1, 1, 3, 3, 2, 2, 2, 1, 1, 2, 1, 2, 2, 1, 1,
       3, 1, 1], dtype=object)]
[548, array([-16.,  -8.,  -8.,   0.]), array([2, 2, 2, 3, 3, 2, 0, 1, 1, 3, 3, 2, 2, 2, 1, 1, 2, 1, 2, 2, 1, 1,
       3, 1, 1], dtype=object)]
[548, array([-16.,  -8.,  -8.,   0.]), array([2, 2, 2, 3, 3, 2, 0, 1, 1, 3, 3, 2, 2, 2, 1, 1, 2, 1, 2, 2, 1, 1,
       3, 1, 1], dtype=object)]
[549, array([-16.,  -8.,  -8.,   0.]), array([2, 2, 2, 3, 3, 3, 0, 1, 1, 3, 3, 2, 2, 2, 1, 1, 2, 1, 3, 2, 1, 1,
       3, 1, 1], dtype=object)]
[549, array([-16.,  -8.,  -8.,   0.]), array([2, 2, 2, 3, 3, 3, 0, 1, 1, 3, 3, 2, 2, 2, 1, 1, 2, 1, 3, 2, 1, 1,
       3, 1, 1], dtype=object)]
[549, array([-16.,  -8.,  -8.,   0.]), array([2, 2, 2, 3, 3, 3, 0, 1, 1, 3, 3, 2, 2, 2, 1, 1, 2, 1, 3, 2, 1, 1,
       3, 1, 1], dtype=object)]
[549, array([-16.,  -8.,  -8.,   0.]), array([2, 2, 2, 3, 3, 3, 0, 1, 1, 3, 3, 2, 2, 2, 1, 1, 2, 1, 3, 2, 1, 1,
       3, 1, 1], dtype=object)]
[550, array([-16.,  -8.,  -8.,   0.]), array([2, 2, 2, 3, 3, 2, 0, 1, 1, 3, 3, 2, 2, 2, 1, 1, 3, 1, 3, 2, 1, 1,
       3, 1, 1], dtype=object)]
[550, array([-16.,  -8.,  -8.,   0.]), array([2, 2, 2, 3, 3, 2, 0, 1, 1, 3, 3, 2, 2, 2, 1, 1, 3, 1, 3, 2, 1, 1,
       3, 1, 1], dtype=object)]
[550, array([-16.,  -8.,  -8.,   0.]), array([2, 2, 2, 3, 3, 2, 0, 1, 1, 3, 3, 2, 2, 2, 1, 1, 3, 1, 3, 2, 1, 1,
       3, 1, 1], dtype=object)]
[550, array([-16.,  -8.,  -8.,   0.]), array([2, 2, 2, 3, 3, 2, 0, 1, 1, 3, 3, 2, 2, 2, 1, 1, 3, 1, 3, 2, 1, 1,
       3, 1, 1], dtype=object)]
[551, array([-16.,  -8.,  -8.,   0.]), array([2, 2, 2, 3, 3, 2, 0, 1, 1, 3, 3, 2, 2, 2, 1, 1, 2, 1, 3, 2, 1, 1,
       3, 1, 1], dtype=object)]
[551, array([-16.,  -8.,  -8.,   0.]), array([2, 2, 2, 3, 3, 2, 0, 1, 1, 3, 3, 2, 2, 2, 1, 1, 2, 1, 3, 2, 1, 1,
       3, 1, 1], dtype=object)]
[551, array([-16.,  -8.,  -8.,   0.]), array([2, 2, 2, 3, 3, 2, 0, 1, 1, 3, 3, 2, 2, 2, 1, 1, 2, 1, 3, 2, 1, 1,
       3, 1, 1], dtype=object)]
[551, array([-16.,  -8.,  -8.,   0.]), array([2, 2, 2, 3, 3, 2, 0, 1, 1, 3, 3, 2, 2, 2, 1, 1, 2, 1, 3, 2, 1, 1,
       3, 1, 1], dtype=object)]
[552, array([-16.,  -8.,  -8.,   0.]), array([2, 2, 2, 3, 3, 1, 0, 1, 1, 3, 3, 2, 2, 2, 1, 1, 2, 1, 1, 2, 1, 1,
       3, 1, 1], dtype=object)]
[552, array([-16.,  -8.,  -8.,   0.]), array([2, 2, 2, 3, 3, 1, 0, 1, 1, 3, 3, 2, 2, 2, 1, 1, 2, 1, 1, 2, 1, 1,
       3, 1, 1], dtype=object)]
[552, array([-16.,  -8.,  -8.,   0.]), array([2, 2, 2, 3, 3, 1, 0, 1, 1, 3, 3, 2, 2, 2, 1, 1, 2, 1, 1, 2, 1, 1,
       3, 1, 1], dtype=object)]
[552, array([-16.,  -8.,  -8.,   0.]), array([2, 2, 2, 3, 3, 1, 0, 1, 1, 3, 3, 2, 2, 2, 1, 1, 2, 1, 1, 2, 1, 1,
       3, 1, 1], dtype=object)]
[553, array([-16.,  -8.,  -8.,   0.]), array([2, 2, 2, 3, 3, 1, 0, 1, 1, 3, 3, 2, 2, 2, 1, 1, 2, 1, 3, 2, 1, 1,
       3, 1, 1], dtype=object)]
[553, array([-16.,  -8.,  -8.,   0.]), array([2, 2, 2, 3, 3, 1, 0, 1, 1, 3, 3, 2, 2, 2, 1, 1, 2, 1, 3, 2, 1, 1,
       3, 1, 1], dtype=object)]
[553, array([-16.,  -8.,  -8.,   0.]), array([2, 2, 2, 3, 3, 1, 0, 1, 1, 3, 3, 2, 2, 2, 1, 1, 2, 1, 3, 2, 1, 1,
       3, 1, 1], dtype=object)]
[553, array([-16.,  -8.,  -8.,   0.]), array([2, 2, 2, 3, 3, 1, 0, 1, 1, 3, 3, 2, 2, 2, 1, 1, 2, 1, 3, 2, 1, 1,
       3, 1, 1], dtype=object)]
[554, array([-16.,  -8.,  -8.,   0.]), array([2, 2, 2, 3, 3, 3, 0, 1, 1, 3, 3, 2, 2, 2, 1, 1, 2, 2, 3, 2, 1, 1,
       3, 1, 1], dtype=object)]
[554, array([-16.,  -8.,  -8.,   0.]), array([2, 2, 2, 3, 3, 3, 0, 1, 1, 3, 3, 2, 2, 2, 1, 1, 2, 2, 3, 2, 1, 1,
       3, 1, 1], dtype=object)]
[554, array([-16.,  -8.,  -8.,   0.]), array([2, 2, 2, 3, 3, 3, 0, 1, 1, 3, 3, 2, 2, 2, 1, 1, 2, 2, 3, 2, 1, 1,
       3, 1, 1], dtype=object)]
[554, array([-16.,  -8.,  -8.,   0.]), array([2, 2, 2, 3, 3, 3, 0, 1, 1, 3, 3, 2, 2, 2, 1, 1, 2, 2, 3, 2, 1, 1,
       3, 1, 1], dtype=object)]
[555, array([-16.,  -8.,  -8.,   0.]), array([2, 2, 2, 3, 3, 1, 0, 1, 1, 3, 3, 2, 2, 2, 1, 1, 2, 0, 3, 2, 1, 1,
       3, 1, 1], dtype=object)]
[555, array([-16.,  -8.,  -8.,   0.]), array([2, 2, 2, 3, 3, 1, 0, 1, 1, 3, 3, 2, 2, 2, 1, 1, 2, 0, 3, 2, 1, 1,
       3, 1, 1], dtype=object)]
[555, array([-16.,  -8.,  -8.,   0.]), array([2, 2, 2, 3, 3, 1, 0, 1, 1, 3, 3, 2, 2, 2, 1, 1, 2, 0, 3, 2, 1, 1,
       3, 1, 1], dtype=object)]
[555, array([-16.,  -8.,  -8.,   0.]), array([2, 2, 2, 3, 3, 1, 0, 1, 1, 3, 3, 2, 2, 2, 1, 1, 2, 0, 3, 2, 1, 1,
       3, 1, 1], dtype=object)]
[556, array([-16.,  -8.,  -8.,   0.]), array([2, 2, 2, 3, 3, 1, 0, 1, 1, 3, 3, 2, 2, 2, 1, 1, 2, 1, 0, 2, 1, 1,
       3, 1, 1], dtype=object)]
[556, array([-16.,  -8.,  -8.,   0.]), array([2, 2, 2, 3, 3, 1, 0, 1, 1, 3, 3, 2, 2, 2, 1, 1, 2, 1, 0, 2, 1, 1,
       3, 1, 1], dtype=object)]
[556, array([-16.,  -8.,  -8.,   0.]), array([2, 2, 2, 3, 3, 1, 0, 1, 1, 3, 3, 2, 2, 2, 1, 1, 2, 1, 0, 2, 1, 1,
       3, 1, 1], dtype=object)]
[556, array([-16.,  -8.,  -8.,   0.]), array([2, 2, 2, 3, 3, 1, 0, 1, 1, 3, 3, 2, 2, 2, 1, 1, 2, 1, 0, 2, 1, 1,
       3, 1, 1], dtype=object)]
[557, array([-16.,  -8.,  -8.,   0.]), array([2, 2, 2, 3, 3, 2, 0, 1, 1, 3, 3, 2, 2, 2, 1, 1, 2, 1, 3, 2, 1, 1,
       3, 1, 1], dtype=object)]
[557, array([-16.,  -8.,  -8.,   0.]), array([2, 2, 2, 3, 3, 2, 0, 1, 1, 3, 3, 2, 2, 2, 1, 1, 2, 1, 3, 2, 1, 1,
       3, 1, 1], dtype=object)]
[557, array([-16.,  -8.,  -8.,   0.]), array([2, 2, 2, 3, 3, 2, 0, 1, 1, 3, 3, 2, 2, 2, 1, 1, 2, 1, 3, 2, 1, 1,
       3, 1, 1], dtype=object)]
[557, array([-16.,  -8.,  -8.,   0.]), array([2, 2, 2, 3, 3, 2, 0, 1, 1, 3, 3, 2, 2, 2, 1, 1, 2, 1, 3, 2, 1, 1,
       3, 1, 1], dtype=object)]
[558, array([-16.,  -8.,  -8.,   0.]), array([1, 2, 2, 3, 3, 2, 0, 1, 1, 3, 3, 2, 2, 2, 1, 1, 2, 1, 3, 2, 1, 1,
       3, 1, 1], dtype=object)]
[558, array([-16.,  -8.,  -8.,   0.]), array([1, 2, 2, 3, 3, 2, 0, 1, 1, 3, 3, 2, 2, 2, 1, 1, 2, 1, 3, 2, 1, 1,
       3, 1, 1], dtype=object)]
[558, array([-16.,  -8.,  -8.,   0.]), array([1, 2, 2, 3, 3, 2, 0, 1, 1, 3, 3, 2, 2, 2, 1, 1, 2, 1, 3, 2, 1, 1,
       3, 1, 1], dtype=object)]
[558, array([-16.,  -8.,  -8.,   0.]), array([1, 2, 2, 3, 3, 2, 0, 1, 1, 3, 3, 2, 2, 2, 1, 1, 2, 1, 3, 2, 1, 1,
       3, 1, 1], dtype=object)]
[559, array([-16.,  -8.,  -8.,   0.]), array([2, 2, 2, 3, 3, 2, 0, 1, 1, 3, 3, 2, 2, 2, 1, 1, 2, 1, 3, 2, 1, 1,
       3, 1, 1], dtype=object)]
[559, array([-16.,  -8.,  -8.,   0.]), array([2, 2, 2, 3, 3, 2, 0, 1, 1, 3, 3, 2, 2, 2, 1, 1, 2, 1, 3, 2, 1, 1,
       3, 1, 1], dtype=object)]
[559, array([-16.,  -8.,  -8.,   0.]), array([2, 2, 2, 3, 3, 2, 0, 1, 1, 3, 3, 2, 2, 2, 1, 1, 2, 1, 3, 2, 1, 1,
       3, 1, 1], dtype=object)]
[559, array([-16.,  -8.,  -8.,   0.]), array([2, 2, 2, 3, 3, 2, 0, 1, 1, 3, 3, 2, 2, 2, 1, 1, 2, 1, 3, 2, 1, 1,
       3, 1, 1], dtype=object)]
[560, array([-16.,  -8.,  -8.,   0.]), array([2, 2, 2, 3, 3, 2, 0, 1, 1, 3, 3, 2, 2, 2, 1, 1, 2, 1, 0, 2, 1, 3,
       3, 1, 1], dtype=object)]
[560, array([-16.,  -8.,  -8.,   0.]), array([2, 2, 2, 3, 3, 2, 0, 1, 1, 3, 3, 2, 2, 2, 1, 1, 2, 1, 0, 2, 1, 3,
       3, 1, 1], dtype=object)]
[560, array([-16.,  -8.,  -8.,   0.]), array([2, 2, 2, 3, 3, 2, 0, 1, 1, 3, 3, 2, 2, 2, 1, 1, 2, 1, 0, 2, 1, 3,
       3, 1, 1], dtype=object)]
[560, array([-16.,  -8.,  -8.,   0.]), array([2, 2, 2, 3, 3, 2, 0, 1, 1, 3, 3, 2, 2, 2, 1, 1, 2, 1, 0, 2, 1, 3,
       3, 1, 1], dtype=object)]
[561, array([-16.,  -8.,  -8.,   0.]), array([2, 2, 2, 3, 3, 2, 0, 1, 1, 3, 3, 2, 2, 2, 1, 1, 1, 1, 0, 2, 1, 1,
       3, 1, 1], dtype=object)]
[561, array([-16.,  -8.,  -8.,   0.]), array([2, 2, 2, 3, 3, 2, 0, 1, 1, 3, 3, 2, 2, 2, 1, 1, 1, 1, 0, 2, 1, 1,
       3, 1, 1], dtype=object)]
[561, array([-16.,  -8.,  -8.,   0.]), array([2, 2, 2, 3, 3, 2, 0, 1, 1, 3, 3, 2, 2, 2, 1, 1, 1, 1, 0, 2, 1, 1,
       3, 1, 1], dtype=object)]
[561, array([-16.,  -8.,  -8.,   0.]), array([2, 2, 2, 3, 3, 2, 0, 1, 1, 3, 3, 2, 2, 2, 1, 1, 1, 1, 0, 2, 1, 1,
       3, 1, 1], dtype=object)]
[562, array([-16.,  -8.,  -8.,   0.]), array([2, 2, 2, 3, 3, 2, 0, 1, 1, 3, 3, 2, 2, 2, 1, 1, 0, 1, 0, 2, 1, 3,
       3, 1, 1], dtype=object)]
[562, array([-16.,  -8.,  -8.,   0.]), array([2, 2, 2, 3, 3, 2, 0, 1, 1, 3, 3, 2, 2, 2, 1, 1, 0, 1, 0, 2, 1, 3,
       3, 1, 1], dtype=object)]
[562, array([-16.,  -8.,  -8.,   0.]), array([2, 2, 2, 3, 3, 2, 0, 1, 1, 3, 3, 2, 2, 2, 1, 1, 0, 1, 0, 2, 1, 3,
       3, 1, 1], dtype=object)]
[562, array([-16.,  -8.,  -8.,   0.]), array([2, 2, 2, 3, 3, 2, 0, 1, 1, 3, 3, 2, 2, 2, 1, 1, 0, 1, 0, 2, 1, 3,
       3, 1, 1], dtype=object)]
[563, array([-16.,  -8.,  -8.,   0.]), array([2, 2, 2, 3, 3, 2, 0, 1, 1, 3, 3, 2, 2, 2, 1, 1, 1, 1, 0, 2, 1, 1,
       3, 1, 1], dtype=object)]
[563, array([-16.,  -8.,  -8.,   0.]), array([2, 2, 2, 3, 3, 2, 0, 1, 1, 3, 3, 2, 2, 2, 1, 1, 1, 1, 0, 2, 1, 1,
       3, 1, 1], dtype=object)]
[563, array([-16.,  -8.,  -8.,   0.]), array([2, 2, 2, 3, 3, 2, 0, 1, 1, 3, 3, 2, 2, 2, 1, 1, 1, 1, 0, 2, 1, 1,
       3, 1, 1], dtype=object)]
[563, array([-16.,  -8.,  -8.,   0.]), array([2, 2, 2, 3, 3, 2, 0, 1, 1, 3, 3, 2, 2, 2, 1, 1, 1, 1, 0, 2, 1, 1,
       3, 1, 1], dtype=object)]
[564, array([-16.,  -8.,  -8.,   0.]), array([2, 2, 2, 3, 3, 2, 0, 1, 1, 3, 3, 2, 2, 2, 1, 1, 2, 3, 0, 2, 1, 2,
       3, 1, 1], dtype=object)]
[564, array([-16.,  -8.,  -8.,   0.]), array([2, 2, 2, 3, 3, 2, 0, 1, 1, 3, 3, 2, 2, 2, 1, 1, 2, 3, 0, 2, 1, 2,
       3, 1, 1], dtype=object)]
[564, array([-16.,  -8.,  -8.,   0.]), array([2, 2, 2, 3, 3, 2, 0, 1, 1, 3, 3, 2, 2, 2, 1, 1, 2, 3, 0, 2, 1, 2,
       3, 1, 1], dtype=object)]
[564, array([-16.,  -8.,  -8.,   0.]), array([2, 2, 2, 3, 3, 2, 0, 1, 1, 3, 3, 2, 2, 2, 1, 1, 2, 3, 0, 2, 1, 2,
       3, 1, 1], dtype=object)]
[565, array([-16.,  -8.,  -8.,   0.]), array([2, 2, 2, 3, 3, 2, 0, 1, 1, 3, 3, 2, 2, 2, 1, 1, 2, 1, 3, 2, 1, 1,
       3, 1, 1], dtype=object)]
[565, array([-16.,  -8.,  -8.,   0.]), array([2, 2, 2, 3, 3, 2, 0, 1, 1, 3, 3, 2, 2, 2, 1, 1, 2, 1, 3, 2, 1, 1,
       3, 1, 1], dtype=object)]
[565, array([-16.,  -8.,  -8.,   0.]), array([2, 2, 2, 3, 3, 2, 0, 1, 1, 3, 3, 2, 2, 2, 1, 1, 2, 1, 3, 2, 1, 1,
       3, 1, 1], dtype=object)]
[565, array([-16.,  -8.,  -8.,   0.]), array([2, 2, 2, 3, 3, 2, 0, 1, 1, 3, 3, 2, 2, 2, 1, 1, 2, 1, 3, 2, 1, 1,
       3, 1, 1], dtype=object)]
[566, array([-16.,  -8.,  -8.,   0.]), array([2, 2, 2, 3, 3, 2, 0, 1, 1, 3, 3, 2, 2, 2, 1, 1, 2, 1, 0, 2, 1, 1,
       3, 1, 1], dtype=object)]
[566, array([-16.,  -8.,  -8.,   0.]), array([2, 2, 2, 3, 3, 2, 0, 1, 1, 3, 3, 2, 2, 2, 1, 1, 2, 1, 0, 2, 1, 1,
       3, 1, 1], dtype=object)]
[566, array([-16.,  -8.,  -8.,   0.]), array([2, 2, 2, 3, 3, 2, 0, 1, 1, 3, 3, 2, 2, 2, 1, 1, 2, 1, 0, 2, 1, 1,
       3, 1, 1], dtype=object)]
[566, array([-16.,  -8.,  -8.,   0.]), array([2, 2, 2, 3, 3, 2, 0, 1, 1, 3, 3, 2, 2, 2, 1, 1, 2, 1, 0, 2, 1, 1,
       3, 1, 1], dtype=object)]
[567, array([-16.,  -8.,  -8.,   0.]), array([2, 2, 2, 3, 3, 2, 0, 1, 1, 3, 3, 2, 2, 2, 1, 1, 2, 1, 0, 2, 1, 2,
       3, 1, 1], dtype=object)]
[567, array([-16.,  -8.,  -8.,   0.]), array([2, 2, 2, 3, 3, 2, 0, 1, 1, 3, 3, 2, 2, 2, 1, 1, 2, 1, 0, 2, 1, 2,
       3, 1, 1], dtype=object)]
[567, array([-16.,  -8.,  -8.,   0.]), array([2, 2, 2, 3, 3, 2, 0, 1, 1, 3, 3, 2, 2, 2, 1, 1, 2, 1, 0, 2, 1, 2,
       3, 1, 1], dtype=object)]
[567, array([-16.,  -8.,  -8.,   0.]), array([2, 2, 2, 3, 3, 2, 0, 1, 1, 3, 3, 2, 2, 2, 1, 1, 2, 1, 0, 2, 1, 2,
       3, 1, 1], dtype=object)]
[568, array([-16.,  -8.,  -8.,   0.]), array([1, 2, 2, 3, 3, 2, 0, 1, 1, 3, 3, 2, 2, 2, 1, 1, 2, 1, 3, 2, 1, 1,
       3, 1, 1], dtype=object)]
[568, array([-16.,  -8.,  -8.,   0.]), array([1, 2, 2, 3, 3, 2, 0, 1, 1, 3, 3, 2, 2, 2, 1, 1, 2, 1, 3, 2, 1, 1,
       3, 1, 1], dtype=object)]
[568, array([-16.,  -8.,  -8.,   0.]), array([1, 2, 2, 3, 3, 2, 0, 1, 1, 3, 3, 2, 2, 2, 1, 1, 2, 1, 3, 2, 1, 1,
       3, 1, 1], dtype=object)]
[568, array([-16.,  -8.,  -8.,   0.]), array([1, 2, 2, 3, 3, 2, 0, 1, 1, 3, 3, 2, 2, 2, 1, 1, 2, 1, 3, 2, 1, 1,
       3, 1, 1], dtype=object)]
[569, array([-16.,  -8.,  -8.,   0.]), array([2, 2, 2, 3, 3, 2, 0, 1, 1, 3, 3, 2, 2, 2, 1, 1, 2, 1, 3, 2, 1, 1,
       3, 1, 1], dtype=object)]
[569, array([-16.,  -8.,  -8.,   0.]), array([2, 2, 2, 3, 3, 2, 0, 1, 1, 3, 3, 2, 2, 2, 1, 1, 2, 1, 3, 2, 1, 1,
       3, 1, 1], dtype=object)]
[569, array([-16.,  -8.,  -8.,   0.]), array([2, 2, 2, 3, 3, 2, 0, 1, 1, 3, 3, 2, 2, 2, 1, 1, 2, 1, 3, 2, 1, 1,
       3, 1, 1], dtype=object)]
[569, array([-16.,  -8.,  -8.,   0.]), array([2, 2, 2, 3, 3, 2, 0, 1, 1, 3, 3, 2, 2, 2, 1, 1, 2, 1, 3, 2, 1, 1,
       3, 1, 1], dtype=object)]
[570, array([-16.,  -8.,  -8.,   0.]), array([3, 2, 2, 3, 3, 2, 0, 1, 1, 3, 3, 2, 2, 2, 1, 1, 2, 1, 0, 2, 1, 1,
       3, 1, 1], dtype=object)]
[570, array([-16.,  -8.,  -8.,   0.]), array([3, 2, 2, 3, 3, 2, 0, 1, 1, 3, 3, 2, 2, 2, 1, 1, 2, 1, 0, 2, 1, 1,
       3, 1, 1], dtype=object)]
[570, array([-16.,  -8.,  -8.,   0.]), array([3, 2, 2, 3, 3, 2, 0, 1, 1, 3, 3, 2, 2, 2, 1, 1, 2, 1, 0, 2, 1, 1,
       3, 1, 1], dtype=object)]
[570, array([-16.,  -8.,  -8.,   0.]), array([3, 2, 2, 3, 3, 2, 0, 1, 1, 3, 3, 2, 2, 2, 1, 1, 2, 1, 0, 2, 1, 1,
       3, 1, 1], dtype=object)]
[571, array([-16.,  -8.,  -8.,   0.]), array([3, 2, 2, 3, 3, 2, 0, 1, 1, 3, 3, 2, 2, 2, 1, 1, 2, 1, 3, 2, 1, 1,
       3, 1, 1], dtype=object)]
[571, array([-16.,  -8.,  -8.,   0.]), array([3, 2, 2, 3, 3, 2, 0, 1, 1, 3, 3, 2, 2, 2, 1, 1, 2, 1, 3, 2, 1, 1,
       3, 1, 1], dtype=object)]
[571, array([-16.,  -8.,  -8.,   0.]), array([3, 2, 2, 3, 3, 2, 0, 1, 1, 3, 3, 2, 2, 2, 1, 1, 2, 1, 3, 2, 1, 1,
       3, 1, 1], dtype=object)]
[571, array([-16.,  -8.,  -8.,   0.]), array([3, 2, 2, 3, 3, 2, 0, 1, 1, 3, 3, 2, 2, 2, 1, 1, 2, 1, 3, 2, 1, 1,
       3, 1, 1], dtype=object)]
[572, array([-16.,  -8.,  -8.,   0.]), array([2, 2, 2, 3, 3, 2, 0, 1, 1, 3, 3, 2, 2, 2, 1, 1, 2, 1, 3, 2, 1, 3,
       3, 1, 1], dtype=object)]
[572, array([-16.,  -8.,  -8.,   0.]), array([2, 2, 2, 3, 3, 2, 0, 1, 1, 3, 3, 2, 2, 2, 1, 1, 2, 1, 3, 2, 1, 3,
       3, 1, 1], dtype=object)]
[572, array([-16.,  -8.,  -8.,   0.]), array([2, 2, 2, 3, 3, 2, 0, 1, 1, 3, 3, 2, 2, 2, 1, 1, 2, 1, 3, 2, 1, 3,
       3, 1, 1], dtype=object)]
[572, array([-16.,  -8.,  -8.,   0.]), array([2, 2, 2, 3, 3, 2, 0, 1, 1, 3, 3, 2, 2, 2, 1, 1, 2, 1, 3, 2, 1, 3,
       3, 1, 1], dtype=object)]
[573, array([-16.,  -8.,  -8.,   0.]), array([2, 2, 2, 3, 3, 2, 0, 1, 1, 3, 3, 2, 2, 2, 1, 1, 2, 1, 3, 2, 1, 1,
       3, 1, 1], dtype=object)]
[573, array([-16.,  -8.,  -8.,   0.]), array([2, 2, 2, 3, 3, 2, 0, 1, 1, 3, 3, 2, 2, 2, 1, 1, 2, 1, 3, 2, 1, 1,
       3, 1, 1], dtype=object)]
[573, array([-16.,  -8.,  -8.,   0.]), array([2, 2, 2, 3, 3, 2, 0, 1, 1, 3, 3, 2, 2, 2, 1, 1, 2, 1, 3, 2, 1, 1,
       3, 1, 1], dtype=object)]
[573, array([-16.,  -8.,  -8.,   0.]), array([2, 2, 2, 3, 3, 2, 0, 1, 1, 3, 3, 2, 2, 2, 1, 1, 2, 1, 3, 2, 1, 1,
       3, 1, 1], dtype=object)]
[574, array([-16.,  -8.,  -8.,   0.]), array([3, 2, 2, 3, 3, 2, 0, 1, 1, 3, 3, 2, 2, 2, 1, 1, 2, 1, 3, 2, 1, 1,
       3, 1, 1], dtype=object)]
[574, array([-16.,  -8.,  -8.,   0.]), array([3, 2, 2, 3, 3, 2, 0, 1, 1, 3, 3, 2, 2, 2, 1, 1, 2, 1, 3, 2, 1, 1,
       3, 1, 1], dtype=object)]
[574, array([-16.,  -8.,  -8.,   0.]), array([3, 2, 2, 3, 3, 2, 0, 1, 1, 3, 3, 2, 2, 2, 1, 1, 2, 1, 3, 2, 1, 1,
       3, 1, 1], dtype=object)]
[574, array([-16.,  -8.,  -8.,   0.]), array([3, 2, 2, 3, 3, 2, 0, 1, 1, 3, 3, 2, 2, 2, 1, 1, 2, 1, 3, 2, 1, 1,
       3, 1, 1], dtype=object)]
[575, array([-16.,  -8.,  -8.,   0.]), array([2, 2, 2, 3, 3, 2, 0, 1, 1, 3, 3, 2, 2, 2, 1, 1, 2, 1, 3, 2, 1, 1,
       3, 1, 1], dtype=object)]
[575, array([-16.,  -8.,  -8.,   0.]), array([2, 2, 2, 3, 3, 2, 0, 1, 1, 3, 3, 2, 2, 2, 1, 1, 2, 1, 3, 2, 1, 1,
       3, 1, 1], dtype=object)]
[575, array([-16.,  -8.,  -8.,   0.]), array([2, 2, 2, 3, 3, 2, 0, 1, 1, 3, 3, 2, 2, 2, 1, 1, 2, 1, 3, 2, 1, 1,
       3, 1, 1], dtype=object)]
[575, array([-16.,  -8.,  -8.,   0.]), array([2, 2, 2, 3, 3, 2, 0, 1, 1, 3, 3, 2, 2, 2, 1, 1, 2, 1, 3, 2, 1, 1,
       3, 1, 1], dtype=object)]
[576, array([-16.,  -8.,  -8.,   0.]), array([3, 2, 2, 3, 3, 2, 0, 1, 1, 3, 3, 2, 2, 2, 1, 1, 1, 1, 0, 2, 1, 1,
       3, 1, 1], dtype=object)]
[576, array([-16.,  -8.,  -8.,   0.]), array([3, 2, 2, 3, 3, 2, 0, 1, 1, 3, 3, 2, 2, 2, 1, 1, 1, 1, 0, 2, 1, 1,
       3, 1, 1], dtype=object)]
[576, array([-16.,  -8.,  -8.,   0.]), array([3, 2, 2, 3, 3, 2, 0, 1, 1, 3, 3, 2, 2, 2, 1, 1, 1, 1, 0, 2, 1, 1,
       3, 1, 1], dtype=object)]
[576, array([-16.,  -8.,  -8.,   0.]), array([3, 2, 2, 3, 3, 2, 0, 1, 1, 3, 3, 2, 2, 2, 1, 1, 1, 1, 0, 2, 1, 1,
       3, 1, 1], dtype=object)]
[577, array([-16.,  -8.,  -8.,   0.]), array([2, 2, 2, 3, 3, 2, 0, 1, 1, 3, 3, 2, 2, 2, 1, 1, 2, 1, 3, 2, 1, 1,
       3, 1, 1], dtype=object)]
[577, array([-16.,  -8.,  -8.,   0.]), array([2, 2, 2, 3, 3, 2, 0, 1, 1, 3, 3, 2, 2, 2, 1, 1, 2, 1, 3, 2, 1, 1,
       3, 1, 1], dtype=object)]
[577, array([-16.,  -8.,  -8.,   0.]), array([2, 2, 2, 3, 3, 2, 0, 1, 1, 3, 3, 2, 2, 2, 1, 1, 2, 1, 3, 2, 1, 1,
       3, 1, 1], dtype=object)]
[577, array([-16.,  -8.,  -8.,   0.]), array([2, 2, 2, 3, 3, 2, 0, 1, 1, 3, 3, 2, 2, 2, 1, 1, 2, 1, 3, 2, 1, 1,
       3, 1, 1], dtype=object)]
[578, array([-16.,  -8.,  -8.,   0.]), array([2, 2, 2, 3, 3, 2, 0, 1, 1, 3, 3, 2, 2, 2, 1, 1, 0, 1, 3, 2, 1, 2,
       3, 1, 1], dtype=object)]
[578, array([-16.,  -8.,  -8.,   0.]), array([2, 2, 2, 3, 3, 2, 0, 1, 1, 3, 3, 2, 2, 2, 1, 1, 0, 1, 3, 2, 1, 2,
       3, 1, 1], dtype=object)]
[578, array([-16.,  -8.,  -8.,   0.]), array([2, 2, 2, 3, 3, 2, 0, 1, 1, 3, 3, 2, 2, 2, 1, 1, 0, 1, 3, 2, 1, 2,
       3, 1, 1], dtype=object)]
[578, array([-16.,  -8.,  -8.,   0.]), array([2, 2, 2, 3, 3, 2, 0, 1, 1, 3, 3, 2, 2, 2, 1, 1, 0, 1, 3, 2, 1, 2,
       3, 1, 1], dtype=object)]
[579, array([-16.,  -8.,  -8.,   0.]), array([2, 2, 2, 3, 3, 2, 0, 1, 1, 3, 3, 2, 2, 2, 1, 1, 0, 1, 3, 2, 1, 1,
       3, 1, 1], dtype=object)]
[579, array([-16.,  -8.,  -8.,   0.]), array([2, 2, 2, 3, 3, 2, 0, 1, 1, 3, 3, 2, 2, 2, 1, 1, 0, 1, 3, 2, 1, 1,
       3, 1, 1], dtype=object)]
[579, array([-16.,  -8.,  -8.,   0.]), array([2, 2, 2, 3, 3, 2, 0, 1, 1, 3, 3, 2, 2, 2, 1, 1, 0, 1, 3, 2, 1, 1,
       3, 1, 1], dtype=object)]
[579, array([-16.,  -8.,  -8.,   0.]), array([2, 2, 2, 3, 3, 2, 0, 1, 1, 3, 3, 2, 2, 2, 1, 1, 0, 1, 3, 2, 1, 1,
       3, 1, 1], dtype=object)]
[580, array([-16.,  -8.,  -8.,   0.]), array([3, 2, 2, 3, 3, 2, 0, 1, 1, 3, 3, 2, 2, 2, 1, 1, 0, 1, 3, 2, 1, 1,
       3, 1, 1], dtype=object)]
[580, array([-16.,  -8.,  -8.,   0.]), array([3, 2, 2, 3, 3, 2, 0, 1, 1, 3, 3, 2, 2, 2, 1, 1, 0, 1, 3, 2, 1, 1,
       3, 1, 1], dtype=object)]
[580, array([-16.,  -8.,  -8.,   0.]), array([3, 2, 2, 3, 3, 2, 0, 1, 1, 3, 3, 2, 2, 2, 1, 1, 0, 1, 3, 2, 1, 1,
       3, 1, 1], dtype=object)]
[580, array([-16.,  -8.,  -8.,   0.]), array([3, 2, 2, 3, 3, 2, 0, 1, 1, 3, 3, 2, 2, 2, 1, 1, 0, 1, 3, 2, 1, 1,
       3, 1, 1], dtype=object)]
[581, array([-16.,  -8.,  -8.,   0.]), array([2, 2, 2, 3, 3, 2, 0, 1, 1, 3, 3, 2, 2, 2, 1, 1, 1, 1, 0, 2, 1, 1,
       3, 1, 1], dtype=object)]
[581, array([-16.,  -8.,  -8.,   0.]), array([2, 2, 2, 3, 3, 2, 0, 1, 1, 3, 3, 2, 2, 2, 1, 1, 1, 1, 0, 2, 1, 1,
       3, 1, 1], dtype=object)]
[581, array([-16.,  -8.,  -8.,   0.]), array([2, 2, 2, 3, 3, 2, 0, 1, 1, 3, 3, 2, 2, 2, 1, 1, 1, 1, 0, 2, 1, 1,
       3, 1, 1], dtype=object)]
[581, array([-16.,  -8.,  -8.,   0.]), array([2, 2, 2, 3, 3, 2, 0, 1, 1, 3, 3, 2, 2, 2, 1, 1, 1, 1, 0, 2, 1, 1,
       3, 1, 1], dtype=object)]
[582, array([-16.,  -8.,  -8.,   0.]), array([2, 2, 2, 3, 3, 2, 0, 1, 1, 3, 3, 2, 2, 2, 1, 1, 0, 1, 0, 2, 1, 1,
       3, 1, 1], dtype=object)]
[582, array([-16.,  -8.,  -8.,   0.]), array([2, 2, 2, 3, 3, 2, 0, 1, 1, 3, 3, 2, 2, 2, 1, 1, 0, 1, 0, 2, 1, 1,
       3, 1, 1], dtype=object)]
[582, array([-16.,  -8.,  -8.,   0.]), array([2, 2, 2, 3, 3, 2, 0, 1, 1, 3, 3, 2, 2, 2, 1, 1, 0, 1, 0, 2, 1, 1,
       3, 1, 1], dtype=object)]
[582, array([-16.,  -8.,  -8.,   0.]), array([2, 2, 2, 3, 3, 2, 0, 1, 1, 3, 3, 2, 2, 2, 1, 1, 0, 1, 0, 2, 1, 1,
       3, 1, 1], dtype=object)]
[583, array([-16.,  -8.,  -8.,   0.]), array([2, 2, 2, 3, 3, 1, 0, 1, 1, 3, 3, 2, 2, 2, 1, 1, 1, 1, 0, 2, 1, 1,
       3, 1, 1], dtype=object)]
[583, array([-16.,  -8.,  -8.,   0.]), array([2, 2, 2, 3, 3, 1, 0, 1, 1, 3, 3, 2, 2, 2, 1, 1, 1, 1, 0, 2, 1, 1,
       3, 1, 1], dtype=object)]
[583, array([-16.,  -8.,  -8.,   0.]), array([2, 2, 2, 3, 3, 1, 0, 1, 1, 3, 3, 2, 2, 2, 1, 1, 1, 1, 0, 2, 1, 1,
       3, 1, 1], dtype=object)]
[583, array([-16.,  -8.,  -8.,   0.]), array([2, 2, 2, 3, 3, 1, 0, 1, 1, 3, 3, 2, 2, 2, 1, 1, 1, 1, 0, 2, 1, 1,
       3, 1, 1], dtype=object)]
[584, array([-16.,  -8.,  -8.,   0.]), array([2, 2, 2, 3, 3, 1, 0, 1, 1, 3, 3, 2, 2, 2, 1, 1, 1, 1, 3, 2, 1, 2,
       3, 1, 1], dtype=object)]
[584, array([-16.,  -8.,  -8.,   0.]), array([2, 2, 2, 3, 3, 1, 0, 1, 1, 3, 3, 2, 2, 2, 1, 1, 1, 1, 3, 2, 1, 2,
       3, 1, 1], dtype=object)]
[584, array([-16.,  -8.,  -8.,   0.]), array([2, 2, 2, 3, 3, 1, 0, 1, 1, 3, 3, 2, 2, 2, 1, 1, 1, 1, 3, 2, 1, 2,
       3, 1, 1], dtype=object)]
[584, array([-16.,  -8.,  -8.,   0.]), array([2, 2, 2, 3, 3, 1, 0, 1, 1, 3, 3, 2, 2, 2, 1, 1, 1, 1, 3, 2, 1, 2,
       3, 1, 1], dtype=object)]
[585, array([-16.,  -8.,  -8.,   0.]), array([2, 2, 2, 3, 3, 2, 0, 1, 1, 3, 3, 2, 2, 2, 1, 1, 1, 1, 0, 2, 1, 2,
       3, 1, 1], dtype=object)]
[585, array([-16.,  -8.,  -8.,   0.]), array([2, 2, 2, 3, 3, 2, 0, 1, 1, 3, 3, 2, 2, 2, 1, 1, 1, 1, 0, 2, 1, 2,
       3, 1, 1], dtype=object)]
[585, array([-16.,  -8.,  -8.,   0.]), array([2, 2, 2, 3, 3, 2, 0, 1, 1, 3, 3, 2, 2, 2, 1, 1, 1, 1, 0, 2, 1, 2,
       3, 1, 1], dtype=object)]
[585, array([-16.,  -8.,  -8.,   0.]), array([2, 2, 2, 3, 3, 2, 0, 1, 1, 3, 3, 2, 2, 2, 1, 1, 1, 1, 0, 2, 1, 2,
       3, 1, 1], dtype=object)]
[586, array([-16.,  -8.,  -8.,   0.]), array([3, 2, 2, 3, 3, 2, 0, 1, 1, 3, 3, 2, 2, 2, 1, 1, 1, 1, 3, 2, 1, 1,
       3, 1, 1], dtype=object)]
[586, array([-16.,  -8.,  -8.,   0.]), array([3, 2, 2, 3, 3, 2, 0, 1, 1, 3, 3, 2, 2, 2, 1, 1, 1, 1, 3, 2, 1, 1,
       3, 1, 1], dtype=object)]
[586, array([-16.,  -8.,  -8.,   0.]), array([3, 2, 2, 3, 3, 2, 0, 1, 1, 3, 3, 2, 2, 2, 1, 1, 1, 1, 3, 2, 1, 1,
       3, 1, 1], dtype=object)]
[586, array([-16.,  -8.,  -8.,   0.]), array([3, 2, 2, 3, 3, 2, 0, 1, 1, 3, 3, 2, 2, 2, 1, 1, 1, 1, 3, 2, 1, 1,
       3, 1, 1], dtype=object)]
[587, array([-16.,  -8.,  -8.,   0.]), array([3, 2, 2, 3, 3, 2, 0, 1, 1, 3, 3, 2, 2, 2, 1, 1, 1, 1, 0, 2, 1, 1,
       3, 1, 1], dtype=object)]
[587, array([-16.,  -8.,  -8.,   0.]), array([3, 2, 2, 3, 3, 2, 0, 1, 1, 3, 3, 2, 2, 2, 1, 1, 1, 1, 0, 2, 1, 1,
       3, 1, 1], dtype=object)]
[587, array([-16.,  -8.,  -8.,   0.]), array([3, 2, 2, 3, 3, 2, 0, 1, 1, 3, 3, 2, 2, 2, 1, 1, 1, 1, 0, 2, 1, 1,
       3, 1, 1], dtype=object)]
[587, array([-16.,  -8.,  -8.,   0.]), array([3, 2, 2, 3, 3, 2, 0, 1, 1, 3, 3, 2, 2, 2, 1, 1, 1, 1, 0, 2, 1, 1,
       3, 1, 1], dtype=object)]
[588, array([-16.,  -8.,  -8.,   0.]), array([1, 2, 2, 3, 3, 2, 0, 1, 1, 3, 3, 2, 2, 2, 1, 1, 0, 1, 3, 2, 1, 1,
       3, 1, 1], dtype=object)]
[588, array([-16.,  -8.,  -8.,   0.]), array([1, 2, 2, 3, 3, 2, 0, 1, 1, 3, 3, 2, 2, 2, 1, 1, 0, 1, 3, 2, 1, 1,
       3, 1, 1], dtype=object)]
[588, array([-16.,  -8.,  -8.,   0.]), array([1, 2, 2, 3, 3, 2, 0, 1, 1, 3, 3, 2, 2, 2, 1, 1, 0, 1, 3, 2, 1, 1,
       3, 1, 1], dtype=object)]
[588, array([-16.,  -8.,  -8.,   0.]), array([1, 2, 2, 3, 3, 2, 0, 1, 1, 3, 3, 2, 2, 2, 1, 1, 0, 1, 3, 2, 1, 1,
       3, 1, 1], dtype=object)]
[589, array([-16.,  -8.,  -8.,   0.]), array([2, 2, 2, 3, 3, 2, 0, 1, 1, 3, 3, 2, 2, 2, 1, 1, 0, 1, 0, 2, 1, 2,
       3, 1, 1], dtype=object)]
[589, array([-16.,  -8.,  -8.,   0.]), array([2, 2, 2, 3, 3, 2, 0, 1, 1, 3, 3, 2, 2, 2, 1, 1, 0, 1, 0, 2, 1, 2,
       3, 1, 1], dtype=object)]
[589, array([-16.,  -8.,  -8.,   0.]), array([2, 2, 2, 3, 3, 2, 0, 1, 1, 3, 3, 2, 2, 2, 1, 1, 0, 1, 0, 2, 1, 2,
       3, 1, 1], dtype=object)]
[589, array([-16.,  -8.,  -8.,   0.]), array([2, 2, 2, 3, 3, 2, 0, 1, 1, 3, 3, 2, 2, 2, 1, 1, 0, 1, 0, 2, 1, 2,
       3, 1, 1], dtype=object)]
[590, array([-16.,  -8.,  -8.,   0.]), array([2, 2, 2, 3, 3, 2, 0, 1, 1, 3, 3, 2, 2, 2, 1, 1, 0, 1, 0, 2, 1, 2,
       3, 1, 1], dtype=object)]
[590, array([-16.,  -8.,  -8.,   0.]), array([2, 2, 2, 3, 3, 2, 0, 1, 1, 3, 3, 2, 2, 2, 1, 1, 0, 1, 0, 2, 1, 2,
       3, 1, 1], dtype=object)]
[590, array([-16.,  -8.,  -8.,   0.]), array([2, 2, 2, 3, 3, 2, 0, 1, 1, 3, 3, 2, 2, 2, 1, 1, 0, 1, 0, 2, 1, 2,
       3, 1, 1], dtype=object)]
[590, array([-16.,  -8.,  -8.,   0.]), array([2, 2, 2, 3, 3, 2, 0, 1, 1, 3, 3, 2, 2, 2, 1, 1, 0, 1, 0, 2, 1, 2,
       3, 1, 1], dtype=object)]
[591, array([-16.,  -8.,  -8.,   0.]), array([2, 2, 2, 3, 3, 1, 0, 1, 1, 3, 3, 2, 2, 2, 1, 1, 0, 1, 0, 2, 1, 1,
       3, 1, 1], dtype=object)]
[591, array([-16.,  -8.,  -8.,   0.]), array([2, 2, 2, 3, 3, 1, 0, 1, 1, 3, 3, 2, 2, 2, 1, 1, 0, 1, 0, 2, 1, 1,
       3, 1, 1], dtype=object)]
[591, array([-16.,  -8.,  -8.,   0.]), array([2, 2, 2, 3, 3, 1, 0, 1, 1, 3, 3, 2, 2, 2, 1, 1, 0, 1, 0, 2, 1, 1,
       3, 1, 1], dtype=object)]
[591, array([-16.,  -8.,  -8.,   0.]), array([2, 2, 2, 3, 3, 1, 0, 1, 1, 3, 3, 2, 2, 2, 1, 1, 0, 1, 0, 2, 1, 1,
       3, 1, 1], dtype=object)]
[592, array([-16.,  -8.,  -8.,   0.]), array([1, 2, 2, 3, 3, 2, 0, 1, 1, 3, 3, 2, 2, 2, 1, 1, 1, 1, 0, 2, 1, 1,
       3, 1, 1], dtype=object)]
[592, array([-16.,  -8.,  -8.,   0.]), array([1, 2, 2, 3, 3, 2, 0, 1, 1, 3, 3, 2, 2, 2, 1, 1, 1, 1, 0, 2, 1, 1,
       3, 1, 1], dtype=object)]
[592, array([-16.,  -8.,  -8.,   0.]), array([1, 2, 2, 3, 3, 2, 0, 1, 1, 3, 3, 2, 2, 2, 1, 1, 1, 1, 0, 2, 1, 1,
       3, 1, 1], dtype=object)]
[592, array([-16.,  -8.,  -8.,   0.]), array([1, 2, 2, 3, 3, 2, 0, 1, 1, 3, 3, 2, 2, 2, 1, 1, 1, 1, 0, 2, 1, 1,
       3, 1, 1], dtype=object)]
[593, array([-16.,  -8.,  -8.,   0.]), array([2, 2, 2, 3, 3, 2, 0, 1, 1, 3, 3, 2, 2, 2, 1, 1, 0, 1, 0, 2, 1, 1,
       3, 1, 1], dtype=object)]
[593, array([-16.,  -8.,  -8.,   0.]), array([2, 2, 2, 3, 3, 2, 0, 1, 1, 3, 3, 2, 2, 2, 1, 1, 0, 1, 0, 2, 1, 1,
       3, 1, 1], dtype=object)]
[593, array([-16.,  -8.,  -8.,   0.]), array([2, 2, 2, 3, 3, 2, 0, 1, 1, 3, 3, 2, 2, 2, 1, 1, 0, 1, 0, 2, 1, 1,
       3, 1, 1], dtype=object)]
[593, array([-16.,  -8.,  -8.,   0.]), array([2, 2, 2, 3, 3, 2, 0, 1, 1, 3, 3, 2, 2, 2, 1, 1, 0, 1, 0, 2, 1, 1,
       3, 1, 1], dtype=object)]
[594, array([-16.,  -8.,  -8.,   0.]), array([2, 2, 2, 3, 3, 2, 0, 1, 1, 3, 3, 2, 2, 2, 1, 1, 0, 1, 3, 2, 1, 1,
       3, 1, 1], dtype=object)]
[594, array([-16.,  -8.,  -8.,   0.]), array([2, 2, 2, 3, 3, 2, 0, 1, 1, 3, 3, 2, 2, 2, 1, 1, 0, 1, 3, 2, 1, 1,
       3, 1, 1], dtype=object)]
[594, array([-16.,  -8.,  -8.,   0.]), array([2, 2, 2, 3, 3, 2, 0, 1, 1, 3, 3, 2, 2, 2, 1, 1, 0, 1, 3, 2, 1, 1,
       3, 1, 1], dtype=object)]
[594, array([-16.,  -8.,  -8.,   0.]), array([2, 2, 2, 3, 3, 2, 0, 1, 1, 3, 3, 2, 2, 2, 1, 1, 0, 1, 3, 2, 1, 1,
       3, 1, 1], dtype=object)]
[595, array([-16.,  -8.,  -8.,   0.]), array([2, 2, 2, 3, 3, 2, 0, 1, 1, 3, 3, 2, 2, 2, 1, 1, 0, 1, 0, 2, 1, 1,
       3, 1, 1], dtype=object)]
[595, array([-16.,  -8.,  -8.,   0.]), array([2, 2, 2, 3, 3, 2, 0, 1, 1, 3, 3, 2, 2, 2, 1, 1, 0, 1, 0, 2, 1, 1,
       3, 1, 1], dtype=object)]
[595, array([-16.,  -8.,  -8.,   0.]), array([2, 2, 2, 3, 3, 2, 0, 1, 1, 3, 3, 2, 2, 2, 1, 1, 0, 1, 0, 2, 1, 1,
       3, 1, 1], dtype=object)]
[595, array([-16.,  -8.,  -8.,   0.]), array([2, 2, 2, 3, 3, 2, 0, 1, 1, 3, 3, 2, 2, 2, 1, 1, 0, 1, 0, 2, 1, 1,
       3, 1, 1], dtype=object)]
[596, array([-16.,  -8.,  -8.,   0.]), array([2, 2, 2, 3, 3, 2, 0, 1, 1, 3, 3, 2, 2, 2, 1, 1, 0, 1, 3, 2, 1, 0,
       3, 1, 1], dtype=object)]
[596, array([-16.,  -8.,  -8.,   0.]), array([2, 2, 2, 3, 3, 2, 0, 1, 1, 3, 3, 2, 2, 2, 1, 1, 0, 1, 3, 2, 1, 0,
       3, 1, 1], dtype=object)]
[596, array([-16.,  -8.,  -8.,   0.]), array([2, 2, 2, 3, 3, 2, 0, 1, 1, 3, 3, 2, 2, 2, 1, 1, 0, 1, 3, 2, 1, 0,
       3, 1, 1], dtype=object)]
[596, array([-16.,  -8.,  -8.,   0.]), array([2, 2, 2, 3, 3, 2, 0, 1, 1, 3, 3, 2, 2, 2, 1, 1, 0, 1, 3, 2, 1, 0,
       3, 1, 1], dtype=object)]
[597, array([-16.,  -8.,  -8.,   0.]), array([2, 2, 2, 3, 3, 2, 0, 1, 1, 3, 3, 2, 2, 2, 1, 1, 0, 1, 0, 2, 1, 1,
       3, 1, 1], dtype=object)]
[597, array([-16.,  -8.,  -8.,   0.]), array([2, 2, 2, 3, 3, 2, 0, 1, 1, 3, 3, 2, 2, 2, 1, 1, 0, 1, 0, 2, 1, 1,
       3, 1, 1], dtype=object)]
[597, array([-16.,  -8.,  -8.,   0.]), array([2, 2, 2, 3, 3, 2, 0, 1, 1, 3, 3, 2, 2, 2, 1, 1, 0, 1, 0, 2, 1, 1,
       3, 1, 1], dtype=object)]
[597, array([-16.,  -8.,  -8.,   0.]), array([2, 2, 2, 3, 3, 2, 0, 1, 1, 3, 3, 2, 2, 2, 1, 1, 0, 1, 0, 2, 1, 1,
       3, 1, 1], dtype=object)]
[598, array([-16.,  -8.,  -8.,   0.]), array([2, 2, 2, 3, 3, 2, 0, 1, 1, 3, 3, 2, 2, 2, 1, 1, 0, 1, 0, 2, 1, 0,
       3, 1, 1], dtype=object)]
[598, array([-16.,  -8.,  -8.,   0.]), array([2, 2, 2, 3, 3, 2, 0, 1, 1, 3, 3, 2, 2, 2, 1, 1, 0, 1, 0, 2, 1, 0,
       3, 1, 1], dtype=object)]
[598, array([-16.,  -8.,  -8.,   0.]), array([2, 2, 2, 3, 3, 2, 0, 1, 1, 3, 3, 2, 2, 2, 1, 1, 0, 1, 0, 2, 1, 0,
       3, 1, 1], dtype=object)]
[598, array([-16.,  -8.,  -8.,   0.]), array([2, 2, 2, 3, 3, 2, 0, 1, 1, 3, 3, 2, 2, 2, 1, 1, 0, 1, 0, 2, 1, 0,
       3, 1, 1], dtype=object)]
[599, array([-16.,  -8.,  -8.,   0.]), array([2, 2, 2, 3, 3, 2, 0, 1, 1, 3, 3, 2, 2, 2, 1, 1, 0, 1, 0, 2, 1, 0,
       3, 1, 1], dtype=object)]
[599, array([-16.,  -8.,  -8.,   0.]), array([2, 2, 2, 3, 3, 2, 0, 1, 1, 3, 3, 2, 2, 2, 1, 1, 0, 1, 0, 2, 1, 0,
       3, 1, 1], dtype=object)]
[599, array([-16.,  -8.,  -8.,   0.]), array([2, 2, 2, 3, 3, 2, 0, 1, 1, 3, 3, 2, 2, 2, 1, 1, 0, 1, 0, 2, 1, 0,
       3, 1, 1], dtype=object)]
[599, array([-16.,  -8.,  -8.,   0.]), array([2, 2, 2, 3, 3, 2, 0, 1, 1, 3, 3, 2, 2, 2, 1, 1, 0, 1, 0, 2, 1, 0,
       3, 1, 1], dtype=object)]
[600, array([-16.,  -8.,  -8.,   0.]), array([2, 2, 2, 3, 3, 2, 0, 1, 1, 3, 3, 2, 2, 2, 1, 1, 0, 1, 0, 2, 1, 0,
       3, 1, 1], dtype=object)]
[600, array([-16.,  -8.,  -8.,   0.]), array([2, 2, 2, 3, 3, 2, 0, 1, 1, 3, 3, 2, 2, 2, 1, 1, 0, 1, 0, 2, 1, 0,
       3, 1, 1], dtype=object)]
[600, array([-16.,  -8.,  -8.,   0.]), array([2, 2, 2, 3, 3, 2, 0, 1, 1, 3, 3, 2, 2, 2, 1, 1, 0, 1, 0, 2, 1, 0,
       3, 1, 1], dtype=object)]
[600, array([-16.,  -8.,  -8.,   0.]), array([2, 2, 2, 3, 3, 2, 0, 1, 1, 3, 3, 2, 2, 2, 1, 1, 0, 1, 0, 2, 1, 0,
       3, 1, 1], dtype=object)]
[601, array([-16.,  -8.,  -8.,   0.]), array([2, 2, 2, 3, 3, 2, 0, 1, 1, 3, 3, 2, 2, 2, 1, 1, 0, 1, 0, 2, 1, 1,
       3, 1, 1], dtype=object)]
[601, array([-16.,  -8.,  -8.,   0.]), array([2, 2, 2, 3, 3, 2, 0, 1, 1, 3, 3, 2, 2, 2, 1, 1, 0, 1, 0, 2, 1, 1,
       3, 1, 1], dtype=object)]
[601, array([-16.,  -8.,  -8.,   0.]), array([2, 2, 2, 3, 3, 2, 0, 1, 1, 3, 3, 2, 2, 2, 1, 1, 0, 1, 0, 2, 1, 1,
       3, 1, 1], dtype=object)]
[601, array([-16.,  -8.,  -8.,   0.]), array([2, 2, 2, 3, 3, 2, 0, 1, 1, 3, 3, 2, 2, 2, 1, 1, 0, 1, 0, 2, 1, 1,
       3, 1, 1], dtype=object)]
[602, array([-16.,  -8.,  -8.,   0.]), array([2, 2, 2, 3, 3, 2, 0, 1, 1, 3, 3, 2, 2, 2, 1, 1, 0, 1, 0, 2, 1, 0,
       3, 1, 1], dtype=object)]
[602, array([-16.,  -8.,  -8.,   0.]), array([2, 2, 2, 3, 3, 2, 0, 1, 1, 3, 3, 2, 2, 2, 1, 1, 0, 1, 0, 2, 1, 0,
       3, 1, 1], dtype=object)]
[602, array([-16.,  -8.,  -8.,   0.]), array([2, 2, 2, 3, 3, 2, 0, 1, 1, 3, 3, 2, 2, 2, 1, 1, 0, 1, 0, 2, 1, 0,
       3, 1, 1], dtype=object)]
[602, array([-16.,  -8.,  -8.,   0.]), array([2, 2, 2, 3, 3, 2, 0, 1, 1, 3, 3, 2, 2, 2, 1, 1, 0, 1, 0, 2, 1, 0,
       3, 1, 1], dtype=object)]
[603, array([-16.,  -8.,  -8.,   0.]), array([2, 2, 2, 3, 3, 2, 0, 1, 1, 3, 3, 2, 2, 2, 1, 1, 0, 1, 0, 2, 1, 1,
       3, 1, 1], dtype=object)]
[603, array([-16.,  -8.,  -8.,   0.]), array([2, 2, 2, 3, 3, 2, 0, 1, 1, 3, 3, 2, 2, 2, 1, 1, 0, 1, 0, 2, 1, 1,
       3, 1, 1], dtype=object)]
[603, array([-16.,  -8.,  -8.,   0.]), array([2, 2, 2, 3, 3, 2, 0, 1, 1, 3, 3, 2, 2, 2, 1, 1, 0, 1, 0, 2, 1, 1,
       3, 1, 1], dtype=object)]
[603, array([-16.,  -8.,  -8.,   0.]), array([2, 2, 2, 3, 3, 2, 0, 1, 1, 3, 3, 2, 2, 2, 1, 1, 0, 1, 0, 2, 1, 1,
       3, 1, 1], dtype=object)]
[604, array([-16.,  -8.,  -8.,   0.]), array([3, 2, 2, 3, 3, 2, 0, 1, 1, 3, 3, 2, 2, 2, 1, 1, 0, 1, 0, 2, 1, 1,
       3, 1, 1], dtype=object)]
[604, array([-16.,  -8.,  -8.,   0.]), array([3, 2, 2, 3, 3, 2, 0, 1, 1, 3, 3, 2, 2, 2, 1, 1, 0, 1, 0, 2, 1, 1,
       3, 1, 1], dtype=object)]
[604, array([-16.,  -8.,  -8.,   0.]), array([3, 2, 2, 3, 3, 2, 0, 1, 1, 3, 3, 2, 2, 2, 1, 1, 0, 1, 0, 2, 1, 1,
       3, 1, 1], dtype=object)]
[604, array([-16.,  -8.,  -8.,   0.]), array([3, 2, 2, 3, 3, 2, 0, 1, 1, 3, 3, 2, 2, 2, 1, 1, 0, 1, 0, 2, 1, 1,
       3, 1, 1], dtype=object)]
[605, array([-16.,  -8.,  -8.,   0.]), array([2, 2, 2, 3, 3, 2, 0, 1, 1, 3, 3, 2, 2, 2, 1, 1, 1, 1, 0, 2, 1, 1,
       3, 1, 1], dtype=object)]
[605, array([-16.,  -8.,  -8.,   0.]), array([2, 2, 2, 3, 3, 2, 0, 1, 1, 3, 3, 2, 2, 2, 1, 1, 1, 1, 0, 2, 1, 1,
       3, 1, 1], dtype=object)]
[605, array([-16.,  -8.,  -8.,   0.]), array([2, 2, 2, 3, 3, 2, 0, 1, 1, 3, 3, 2, 2, 2, 1, 1, 1, 1, 0, 2, 1, 1,
       3, 1, 1], dtype=object)]
[605, array([-16.,  -8.,  -8.,   0.]), array([2, 2, 2, 3, 3, 2, 0, 1, 1, 3, 3, 2, 2, 2, 1, 1, 1, 1, 0, 2, 1, 1,
       3, 1, 1], dtype=object)]
[606, array([-16.,  -8.,  -8.,   0.]), array([2, 2, 2, 3, 3, 2, 0, 1, 1, 3, 3, 2, 2, 2, 1, 1, 2, 1, 1, 2, 1, 1,
       3, 1, 1], dtype=object)]
[606, array([-16.,  -8.,  -8.,   0.]), array([2, 2, 2, 3, 3, 2, 0, 1, 1, 3, 3, 2, 2, 2, 1, 1, 2, 1, 1, 2, 1, 1,
       3, 1, 1], dtype=object)]
[606, array([-16.,  -8.,  -8.,   0.]), array([2, 2, 2, 3, 3, 2, 0, 1, 1, 3, 3, 2, 2, 2, 1, 1, 2, 1, 1, 2, 1, 1,
       3, 1, 1], dtype=object)]
[606, array([-16.,  -8.,  -8.,   0.]), array([2, 2, 2, 3, 3, 2, 0, 1, 1, 3, 3, 2, 2, 2, 1, 1, 2, 1, 1, 2, 1, 1,
       3, 1, 1], dtype=object)]
[607, array([-16.,  -8.,  -8.,   0.]), array([2, 2, 2, 3, 3, 2, 0, 1, 1, 3, 3, 2, 2, 2, 1, 1, 2, 1, 1, 2, 1, 1,
       3, 1, 1], dtype=object)]
[607, array([-16.,  -8.,  -8.,   0.]), array([2, 2, 2, 3, 3, 2, 0, 1, 1, 3, 3, 2, 2, 2, 1, 1, 2, 1, 1, 2, 1, 1,
       3, 1, 1], dtype=object)]
[607, array([-16.,  -8.,  -8.,   0.]), array([2, 2, 2, 3, 3, 2, 0, 1, 1, 3, 3, 2, 2, 2, 1, 1, 2, 1, 1, 2, 1, 1,
       3, 1, 1], dtype=object)]
[607, array([-16.,  -8.,  -8.,   0.]), array([2, 2, 2, 3, 3, 2, 0, 1, 1, 3, 3, 2, 2, 2, 1, 1, 2, 1, 1, 2, 1, 1,
       3, 1, 1], dtype=object)]
[608, array([-16.,  -8.,  -8.,   0.]), array([2, 2, 2, 3, 3, 3, 0, 1, 1, 3, 3, 2, 2, 2, 1, 1, 0, 1, 0, 2, 1, 1,
       3, 1, 1], dtype=object)]
[608, array([-16.,  -8.,  -8.,   0.]), array([2, 2, 2, 3, 3, 3, 0, 1, 1, 3, 3, 2, 2, 2, 1, 1, 0, 1, 0, 2, 1, 1,
       3, 1, 1], dtype=object)]
[608, array([-16.,  -8.,  -8.,   0.]), array([2, 2, 2, 3, 3, 3, 0, 1, 1, 3, 3, 2, 2, 2, 1, 1, 0, 1, 0, 2, 1, 1,
       3, 1, 1], dtype=object)]
[608, array([-16.,  -8.,  -8.,   0.]), array([2, 2, 2, 3, 3, 3, 0, 1, 1, 3, 3, 2, 2, 2, 1, 1, 0, 1, 0, 2, 1, 1,
       3, 1, 1], dtype=object)]
[609, array([-16.,  -8.,  -8.,   0.]), array([2, 2, 2, 3, 3, 1, 0, 1, 1, 3, 3, 2, 2, 2, 1, 1, 0, 1, 0, 2, 1, 1,
       3, 1, 1], dtype=object)]
[609, array([-16.,  -8.,  -8.,   0.]), array([2, 2, 2, 3, 3, 1, 0, 1, 1, 3, 3, 2, 2, 2, 1, 1, 0, 1, 0, 2, 1, 1,
       3, 1, 1], dtype=object)]
[609, array([-16.,  -8.,  -8.,   0.]), array([2, 2, 2, 3, 3, 1, 0, 1, 1, 3, 3, 2, 2, 2, 1, 1, 0, 1, 0, 2, 1, 1,
       3, 1, 1], dtype=object)]
[609, array([-16.,  -8.,  -8.,   0.]), array([2, 2, 2, 3, 3, 1, 0, 1, 1, 3, 3, 2, 2, 2, 1, 1, 0, 1, 0, 2, 1, 1,
       3, 1, 1], dtype=object)]
[610, array([-16.,  -8.,  -8.,   0.]), array([2, 2, 2, 3, 3, 1, 0, 1, 1, 3, 3, 2, 2, 2, 1, 1, 0, 1, 0, 2, 1, 1,
       3, 1, 1], dtype=object)]
[610, array([-16.,  -8.,  -8.,   0.]), array([2, 2, 2, 3, 3, 1, 0, 1, 1, 3, 3, 2, 2, 2, 1, 1, 0, 1, 0, 2, 1, 1,
       3, 1, 1], dtype=object)]
[610, array([-16.,  -8.,  -8.,   0.]), array([2, 2, 2, 3, 3, 1, 0, 1, 1, 3, 3, 2, 2, 2, 1, 1, 0, 1, 0, 2, 1, 1,
       3, 1, 1], dtype=object)]
[610, array([-16.,  -8.,  -8.,   0.]), array([2, 2, 2, 3, 3, 1, 0, 1, 1, 3, 3, 2, 2, 2, 1, 1, 0, 1, 0, 2, 1, 1,
       3, 1, 1], dtype=object)]
[611, array([-16.,  -8.,  -8.,   0.]), array([2, 2, 2, 3, 3, 2, 0, 1, 1, 3, 3, 2, 2, 2, 1, 1, 0, 1, 0, 2, 1, 1,
       3, 1, 1], dtype=object)]
[611, array([-16.,  -8.,  -8.,   0.]), array([2, 2, 2, 3, 3, 2, 0, 1, 1, 3, 3, 2, 2, 2, 1, 1, 0, 1, 0, 2, 1, 1,
       3, 1, 1], dtype=object)]
[611, array([-16.,  -8.,  -8.,   0.]), array([2, 2, 2, 3, 3, 2, 0, 1, 1, 3, 3, 2, 2, 2, 1, 1, 0, 1, 0, 2, 1, 1,
       3, 1, 1], dtype=object)]
[611, array([-16.,  -8.,  -8.,   0.]), array([2, 2, 2, 3, 3, 2, 0, 1, 1, 3, 3, 2, 2, 2, 1, 1, 0, 1, 0, 2, 1, 1,
       3, 1, 1], dtype=object)]
[612, array([-16.,  -8.,  -8.,   0.]), array([2, 2, 2, 3, 3, 2, 0, 1, 1, 3, 3, 2, 2, 2, 1, 1, 0, 1, 0, 2, 1, 0,
       3, 1, 1], dtype=object)]
[612, array([-16.,  -8.,  -8.,   0.]), array([2, 2, 2, 3, 3, 2, 0, 1, 1, 3, 3, 2, 2, 2, 1, 1, 0, 1, 0, 2, 1, 0,
       3, 1, 1], dtype=object)]
[612, array([-16.,  -8.,  -8.,   0.]), array([2, 2, 2, 3, 3, 2, 0, 1, 1, 3, 3, 2, 2, 2, 1, 1, 0, 1, 0, 2, 1, 0,
       3, 1, 1], dtype=object)]
[612, array([-16.,  -8.,  -8.,   0.]), array([2, 2, 2, 3, 3, 2, 0, 1, 1, 3, 3, 2, 2, 2, 1, 1, 0, 1, 0, 2, 1, 0,
       3, 1, 1], dtype=object)]
[613, array([-16.,  -8.,  -8.,   0.]), array([2, 2, 2, 3, 3, 2, 0, 1, 1, 3, 3, 2, 2, 2, 1, 1, 0, 1, 0, 2, 1, 1,
       3, 1, 1], dtype=object)]
[613, array([-16.,  -8.,  -8.,   0.]), array([2, 2, 2, 3, 3, 2, 0, 1, 1, 3, 3, 2, 2, 2, 1, 1, 0, 1, 0, 2, 1, 1,
       3, 1, 1], dtype=object)]
[613, array([-16.,  -8.,  -8.,   0.]), array([2, 2, 2, 3, 3, 2, 0, 1, 1, 3, 3, 2, 2, 2, 1, 1, 0, 1, 0, 2, 1, 1,
       3, 1, 1], dtype=object)]
[613, array([-16.,  -8.,  -8.,   0.]), array([2, 2, 2, 3, 3, 2, 0, 1, 1, 3, 3, 2, 2, 2, 1, 1, 0, 1, 0, 2, 1, 1,
       3, 1, 1], dtype=object)]
[614, array([-16.,  -8.,  -8.,   0.]), array([2, 2, 2, 3, 3, 2, 0, 1, 1, 3, 3, 2, 2, 2, 1, 1, 0, 1, 2, 2, 1, 1,
       3, 1, 1], dtype=object)]
[614, array([-16.,  -8.,  -8.,   0.]), array([2, 2, 2, 3, 3, 2, 0, 1, 1, 3, 3, 2, 2, 2, 1, 1, 0, 1, 2, 2, 1, 1,
       3, 1, 1], dtype=object)]
[614, array([-16.,  -8.,  -8.,   0.]), array([2, 2, 2, 3, 3, 2, 0, 1, 1, 3, 3, 2, 2, 2, 1, 1, 0, 1, 2, 2, 1, 1,
       3, 1, 1], dtype=object)]
[614, array([-16.,  -8.,  -8.,   0.]), array([2, 2, 2, 3, 3, 2, 0, 1, 1, 3, 3, 2, 2, 2, 1, 1, 0, 1, 2, 2, 1, 1,
       3, 1, 1], dtype=object)]
[615, array([-16.,  -8.,  -8.,   0.]), array([2, 2, 2, 3, 3, 2, 0, 1, 1, 3, 3, 2, 2, 2, 1, 1, 0, 1, 0, 2, 1, 1,
       3, 1, 1], dtype=object)]
[615, array([-16.,  -8.,  -8.,   0.]), array([2, 2, 2, 3, 3, 2, 0, 1, 1, 3, 3, 2, 2, 2, 1, 1, 0, 1, 0, 2, 1, 1,
       3, 1, 1], dtype=object)]
[615, array([-16.,  -8.,  -8.,   0.]), array([2, 2, 2, 3, 3, 2, 0, 1, 1, 3, 3, 2, 2, 2, 1, 1, 0, 1, 0, 2, 1, 1,
       3, 1, 1], dtype=object)]
[615, array([-16.,  -8.,  -8.,   0.]), array([2, 2, 2, 3, 3, 2, 0, 1, 1, 3, 3, 2, 2, 2, 1, 1, 0, 1, 0, 2, 1, 1,
       3, 1, 1], dtype=object)]
[616, array([-16.,  -8.,  -8.,   0.]), array([3, 2, 2, 3, 3, 2, 0, 1, 1, 3, 3, 2, 2, 2, 1, 1, 0, 1, 0, 2, 1, 1,
       3, 1, 1], dtype=object)]
[616, array([-16.,  -8.,  -8.,   0.]), array([3, 2, 2, 3, 3, 2, 0, 1, 1, 3, 3, 2, 2, 2, 1, 1, 0, 1, 0, 2, 1, 1,
       3, 1, 1], dtype=object)]
[616, array([-16.,  -8.,  -8.,   0.]), array([3, 2, 2, 3, 3, 2, 0, 1, 1, 3, 3, 2, 2, 2, 1, 1, 0, 1, 0, 2, 1, 1,
       3, 1, 1], dtype=object)]
[616, array([-16.,  -8.,  -8.,   0.]), array([3, 2, 2, 3, 3, 2, 0, 1, 1, 3, 3, 2, 2, 2, 1, 1, 0, 1, 0, 2, 1, 1,
       3, 1, 1], dtype=object)]
[617, array([-16.,  -8.,  -8.,   0.]), array([2, 2, 2, 3, 3, 2, 0, 1, 1, 3, 3, 2, 2, 2, 1, 1, 0, 0, 0, 2, 1, 1,
       3, 1, 1], dtype=object)]
[617, array([-16.,  -8.,  -8.,   0.]), array([2, 2, 2, 3, 3, 2, 0, 1, 1, 3, 3, 2, 2, 2, 1, 1, 0, 0, 0, 2, 1, 1,
       3, 1, 1], dtype=object)]
[617, array([-16.,  -8.,  -8.,   0.]), array([2, 2, 2, 3, 3, 2, 0, 1, 1, 3, 3, 2, 2, 2, 1, 1, 0, 0, 0, 2, 1, 1,
       3, 1, 1], dtype=object)]
[617, array([-16.,  -8.,  -8.,   0.]), array([2, 2, 2, 3, 3, 2, 0, 1, 1, 3, 3, 2, 2, 2, 1, 1, 0, 0, 0, 2, 1, 1,
       3, 1, 1], dtype=object)]
[618, array([-16.,  -8.,  -8.,   0.]), array([2, 2, 2, 3, 3, 2, 0, 1, 1, 3, 3, 2, 2, 2, 1, 1, 0, 1, 0, 2, 1, 3,
       3, 1, 1], dtype=object)]
[618, array([-16.,  -8.,  -8.,   0.]), array([2, 2, 2, 3, 3, 2, 0, 1, 1, 3, 3, 2, 2, 2, 1, 1, 0, 1, 0, 2, 1, 3,
       3, 1, 1], dtype=object)]
[618, array([-16.,  -8.,  -8.,   0.]), array([2, 2, 2, 3, 3, 2, 0, 1, 1, 3, 3, 2, 2, 2, 1, 1, 0, 1, 0, 2, 1, 3,
       3, 1, 1], dtype=object)]
[618, array([-16.,  -8.,  -8.,   0.]), array([2, 2, 2, 3, 3, 2, 0, 1, 1, 3, 3, 2, 2, 2, 1, 1, 0, 1, 0, 2, 1, 3,
       3, 1, 1], dtype=object)]
[619, array([-16.,  -8.,  -8.,   0.]), array([2, 2, 2, 3, 3, 2, 0, 1, 1, 3, 3, 2, 2, 2, 1, 1, 0, 1, 0, 2, 1, 1,
       3, 1, 1], dtype=object)]
[619, array([-16.,  -8.,  -8.,   0.]), array([2, 2, 2, 3, 3, 2, 0, 1, 1, 3, 3, 2, 2, 2, 1, 1, 0, 1, 0, 2, 1, 1,
       3, 1, 1], dtype=object)]
[619, array([-16.,  -8.,  -8.,   0.]), array([2, 2, 2, 3, 3, 2, 0, 1, 1, 3, 3, 2, 2, 2, 1, 1, 0, 1, 0, 2, 1, 1,
       3, 1, 1], dtype=object)]
[619, array([-16.,  -8.,  -8.,   0.]), array([2, 2, 2, 3, 3, 2, 0, 1, 1, 3, 3, 2, 2, 2, 1, 1, 0, 1, 0, 2, 1, 1,
       3, 1, 1], dtype=object)]
[620, array([-16.,  -8.,  -8.,   0.]), array([2, 2, 2, 3, 3, 3, 0, 1, 1, 3, 3, 2, 2, 2, 1, 1, 0, 1, 0, 2, 1, 3,
       3, 1, 1], dtype=object)]
[620, array([-16.,  -8.,  -8.,   0.]), array([2, 2, 2, 3, 3, 3, 0, 1, 1, 3, 3, 2, 2, 2, 1, 1, 0, 1, 0, 2, 1, 3,
       3, 1, 1], dtype=object)]
[620, array([-16.,  -8.,  -8.,   0.]), array([2, 2, 2, 3, 3, 3, 0, 1, 1, 3, 3, 2, 2, 2, 1, 1, 0, 1, 0, 2, 1, 3,
       3, 1, 1], dtype=object)]
[620, array([-16.,  -8.,  -8.,   0.]), array([2, 2, 2, 3, 3, 3, 0, 1, 1, 3, 3, 2, 2, 2, 1, 1, 0, 1, 0, 2, 1, 3,
       3, 1, 1], dtype=object)]
[621, array([-16.,  -8.,  -8.,   0.]), array([2, 2, 2, 3, 3, 2, 0, 1, 1, 3, 3, 2, 2, 2, 1, 1, 0, 1, 0, 2, 1, 1,
       3, 1, 1], dtype=object)]
[621, array([-16.,  -8.,  -8.,   0.]), array([2, 2, 2, 3, 3, 2, 0, 1, 1, 3, 3, 2, 2, 2, 1, 1, 0, 1, 0, 2, 1, 1,
       3, 1, 1], dtype=object)]
[621, array([-16.,  -8.,  -8.,   0.]), array([2, 2, 2, 3, 3, 2, 0, 1, 1, 3, 3, 2, 2, 2, 1, 1, 0, 1, 0, 2, 1, 1,
       3, 1, 1], dtype=object)]
[621, array([-16.,  -8.,  -8.,   0.]), array([2, 2, 2, 3, 3, 2, 0, 1, 1, 3, 3, 2, 2, 2, 1, 1, 0, 1, 0, 2, 1, 1,
       3, 1, 1], dtype=object)]
[622, array([-16.,  -8.,  -8.,   0.]), array([2, 2, 2, 3, 3, 3, 0, 1, 1, 3, 3, 2, 2, 2, 1, 1, 0, 1, 0, 2, 1, 3,
       3, 1, 1], dtype=object)]
[622, array([-16.,  -8.,  -8.,   0.]), array([2, 2, 2, 3, 3, 3, 0, 1, 1, 3, 3, 2, 2, 2, 1, 1, 0, 1, 0, 2, 1, 3,
       3, 1, 1], dtype=object)]
[622, array([-16.,  -8.,  -8.,   0.]), array([2, 2, 2, 3, 3, 3, 0, 1, 1, 3, 3, 2, 2, 2, 1, 1, 0, 1, 0, 2, 1, 3,
       3, 1, 1], dtype=object)]
[622, array([-16.,  -8.,  -8.,   0.]), array([2, 2, 2, 3, 3, 3, 0, 1, 1, 3, 3, 2, 2, 2, 1, 1, 0, 1, 0, 2, 1, 3,
       3, 1, 1], dtype=object)]
[623, array([-16.,  -8.,  -8.,   0.]), array([2, 2, 2, 3, 3, 2, 0, 1, 1, 3, 3, 2, 2, 2, 1, 1, 0, 1, 0, 2, 1, 3,
       3, 1, 1], dtype=object)]
[623, array([-16.,  -8.,  -8.,   0.]), array([2, 2, 2, 3, 3, 2, 0, 1, 1, 3, 3, 2, 2, 2, 1, 1, 0, 1, 0, 2, 1, 3,
       3, 1, 1], dtype=object)]
[623, array([-16.,  -8.,  -8.,   0.]), array([2, 2, 2, 3, 3, 2, 0, 1, 1, 3, 3, 2, 2, 2, 1, 1, 0, 1, 0, 2, 1, 3,
       3, 1, 1], dtype=object)]
[623, array([-16.,  -8.,  -8.,   0.]), array([2, 2, 2, 3, 3, 2, 0, 1, 1, 3, 3, 2, 2, 2, 1, 1, 0, 1, 0, 2, 1, 3,
       3, 1, 1], dtype=object)]
[624, array([-16.,  -8.,  -8.,   0.]), array([2, 2, 2, 3, 3, 2, 0, 1, 1, 3, 3, 2, 2, 2, 1, 1, 0, 1, 0, 2, 1, 2,
       3, 1, 1], dtype=object)]
[624, array([-16.,  -8.,  -8.,   0.]), array([2, 2, 2, 3, 3, 2, 0, 1, 1, 3, 3, 2, 2, 2, 1, 1, 0, 1, 0, 2, 1, 2,
       3, 1, 1], dtype=object)]
[624, array([-16.,  -8.,  -8.,   0.]), array([2, 2, 2, 3, 3, 2, 0, 1, 1, 3, 3, 2, 2, 2, 1, 1, 0, 1, 0, 2, 1, 2,
       3, 1, 1], dtype=object)]
[624, array([-16.,  -8.,  -8.,   0.]), array([2, 2, 2, 3, 3, 2, 0, 1, 1, 3, 3, 2, 2, 2, 1, 1, 0, 1, 0, 2, 1, 2,
       3, 1, 1], dtype=object)]
[625, array([-16.,  -8.,  -8.,   0.]), array([2, 2, 2, 3, 3, 3, 0, 1, 1, 3, 3, 2, 2, 2, 1, 1, 0, 1, 0, 2, 1, 1,
       3, 1, 1], dtype=object)]
[625, array([-16.,  -8.,  -8.,   0.]), array([2, 2, 2, 3, 3, 3, 0, 1, 1, 3, 3, 2, 2, 2, 1, 1, 0, 1, 0, 2, 1, 1,
       3, 1, 1], dtype=object)]
[625, array([-16.,  -8.,  -8.,   0.]), array([2, 2, 2, 3, 3, 3, 0, 1, 1, 3, 3, 2, 2, 2, 1, 1, 0, 1, 0, 2, 1, 1,
       3, 1, 1], dtype=object)]
[625, array([-16.,  -8.,  -8.,   0.]), array([2, 2, 2, 3, 3, 3, 0, 1, 1, 3, 3, 2, 2, 2, 1, 1, 0, 1, 0, 2, 1, 1,
       3, 1, 1], dtype=object)]
[626, array([-16.,  -8.,  -8.,   0.]), array([2, 2, 2, 3, 3, 3, 0, 1, 1, 3, 3, 2, 2, 2, 1, 1, 0, 0, 0, 2, 1, 1,
       3, 1, 1], dtype=object)]
[626, array([-16.,  -8.,  -8.,   0.]), array([2, 2, 2, 3, 3, 3, 0, 1, 1, 3, 3, 2, 2, 2, 1, 1, 0, 0, 0, 2, 1, 1,
       3, 1, 1], dtype=object)]
[626, array([-16.,  -8.,  -8.,   0.]), array([2, 2, 2, 3, 3, 3, 0, 1, 1, 3, 3, 2, 2, 2, 1, 1, 0, 0, 0, 2, 1, 1,
       3, 1, 1], dtype=object)]
[626, array([-16.,  -8.,  -8.,   0.]), array([2, 2, 2, 3, 3, 3, 0, 1, 1, 3, 3, 2, 2, 2, 1, 1, 0, 0, 0, 2, 1, 1,
       3, 1, 1], dtype=object)]
[627, array([-16.,  -8.,  -8.,   0.]), array([2, 2, 2, 3, 3, 1, 0, 1, 1, 3, 3, 2, 2, 2, 1, 1, 0, 1, 0, 2, 1, 1,
       3, 1, 1], dtype=object)]
[627, array([-16.,  -8.,  -8.,   0.]), array([2, 2, 2, 3, 3, 1, 0, 1, 1, 3, 3, 2, 2, 2, 1, 1, 0, 1, 0, 2, 1, 1,
       3, 1, 1], dtype=object)]
[627, array([-16.,  -8.,  -8.,   0.]), array([2, 2, 2, 3, 3, 1, 0, 1, 1, 3, 3, 2, 2, 2, 1, 1, 0, 1, 0, 2, 1, 1,
       3, 1, 1], dtype=object)]
[627, array([-16.,  -8.,  -8.,   0.]), array([2, 2, 2, 3, 3, 1, 0, 1, 1, 3, 3, 2, 2, 2, 1, 1, 0, 1, 0, 2, 1, 1,
       3, 1, 1], dtype=object)]
[628, array([-16.,  -8.,  -8.,   0.]), array([2, 2, 2, 3, 3, 2, 0, 1, 1, 3, 3, 2, 2, 2, 1, 1, 0, 1, 0, 2, 1, 2,
       3, 1, 1], dtype=object)]
[628, array([-16.,  -8.,  -8.,   0.]), array([2, 2, 2, 3, 3, 2, 0, 1, 1, 3, 3, 2, 2, 2, 1, 1, 0, 1, 0, 2, 1, 2,
       3, 1, 1], dtype=object)]
[628, array([-16.,  -8.,  -8.,   0.]), array([2, 2, 2, 3, 3, 2, 0, 1, 1, 3, 3, 2, 2, 2, 1, 1, 0, 1, 0, 2, 1, 2,
       3, 1, 1], dtype=object)]
[628, array([-16.,  -8.,  -8.,   0.]), array([2, 2, 2, 3, 3, 2, 0, 1, 1, 3, 3, 2, 2, 2, 1, 1, 0, 1, 0, 2, 1, 2,
       3, 1, 1], dtype=object)]
[629, array([-16.,  -8.,  -8.,   0.]), array([2, 2, 2, 3, 3, 2, 0, 1, 1, 3, 3, 2, 2, 2, 1, 1, 0, 1, 0, 2, 1, 3,
       3, 1, 1], dtype=object)]
[629, array([-16.,  -8.,  -8.,   0.]), array([2, 2, 2, 3, 3, 2, 0, 1, 1, 3, 3, 2, 2, 2, 1, 1, 0, 1, 0, 2, 1, 3,
       3, 1, 1], dtype=object)]
[629, array([-16.,  -8.,  -8.,   0.]), array([2, 2, 2, 3, 3, 2, 0, 1, 1, 3, 3, 2, 2, 2, 1, 1, 0, 1, 0, 2, 1, 3,
       3, 1, 1], dtype=object)]
[629, array([-16.,  -8.,  -8.,   0.]), array([2, 2, 2, 3, 3, 2, 0, 1, 1, 3, 3, 2, 2, 2, 1, 1, 0, 1, 0, 2, 1, 3,
       3, 1, 1], dtype=object)]
[630, array([-16.,  -8.,  -8.,   0.]), array([2, 2, 2, 3, 3, 3, 0, 1, 1, 3, 3, 2, 2, 2, 1, 1, 0, 0, 0, 2, 1, 1,
       3, 1, 1], dtype=object)]
[630, array([-16.,  -8.,  -8.,   0.]), array([2, 2, 2, 3, 3, 3, 0, 1, 1, 3, 3, 2, 2, 2, 1, 1, 0, 0, 0, 2, 1, 1,
       3, 1, 1], dtype=object)]
[630, array([-16.,  -8.,  -8.,   0.]), array([2, 2, 2, 3, 3, 3, 0, 1, 1, 3, 3, 2, 2, 2, 1, 1, 0, 0, 0, 2, 1, 1,
       3, 1, 1], dtype=object)]
[630, array([-16.,  -8.,  -8.,   0.]), array([2, 2, 2, 3, 3, 3, 0, 1, 1, 3, 3, 2, 2, 2, 1, 1, 0, 0, 0, 2, 1, 1,
       3, 1, 1], dtype=object)]
[631, array([-16.,  -8.,  -8.,   0.]), array([2, 2, 2, 3, 3, 2, 0, 1, 1, 3, 3, 2, 2, 2, 1, 1, 0, 1, 0, 2, 1, 1,
       3, 1, 1], dtype=object)]
[631, array([-16.,  -8.,  -8.,   0.]), array([2, 2, 2, 3, 3, 2, 0, 1, 1, 3, 3, 2, 2, 2, 1, 1, 0, 1, 0, 2, 1, 1,
       3, 1, 1], dtype=object)]
[631, array([-16.,  -8.,  -8.,   0.]), array([2, 2, 2, 3, 3, 2, 0, 1, 1, 3, 3, 2, 2, 2, 1, 1, 0, 1, 0, 2, 1, 1,
       3, 1, 1], dtype=object)]
[631, array([-16.,  -8.,  -8.,   0.]), array([2, 2, 2, 3, 3, 2, 0, 1, 1, 3, 3, 2, 2, 2, 1, 1, 0, 1, 0, 2, 1, 1,
       3, 1, 1], dtype=object)]
[632, array([-16.,  -8.,  -8.,   0.]), array([2, 2, 2, 3, 3, 3, 0, 1, 1, 3, 3, 2, 2, 2, 1, 1, 0, 1, 0, 2, 1, 1,
       3, 1, 1], dtype=object)]
[632, array([-16.,  -8.,  -8.,   0.]), array([2, 2, 2, 3, 3, 3, 0, 1, 1, 3, 3, 2, 2, 2, 1, 1, 0, 1, 0, 2, 1, 1,
       3, 1, 1], dtype=object)]
[632, array([-16.,  -8.,  -8.,   0.]), array([2, 2, 2, 3, 3, 3, 0, 1, 1, 3, 3, 2, 2, 2, 1, 1, 0, 1, 0, 2, 1, 1,
       3, 1, 1], dtype=object)]
[632, array([-16.,  -8.,  -8.,   0.]), array([2, 2, 2, 3, 3, 3, 0, 1, 1, 3, 3, 2, 2, 2, 1, 1, 0, 1, 0, 2, 1, 1,
       3, 1, 1], dtype=object)]
[633, array([-16.,  -8.,  -8.,   0.]), array([2, 2, 2, 3, 3, 2, 0, 1, 1, 3, 3, 2, 2, 2, 1, 1, 0, 1, 0, 2, 1, 1,
       3, 1, 1], dtype=object)]
[633, array([-16.,  -8.,  -8.,   0.]), array([2, 2, 2, 3, 3, 2, 0, 1, 1, 3, 3, 2, 2, 2, 1, 1, 0, 1, 0, 2, 1, 1,
       3, 1, 1], dtype=object)]
[633, array([-16.,  -8.,  -8.,   0.]), array([2, 2, 2, 3, 3, 2, 0, 1, 1, 3, 3, 2, 2, 2, 1, 1, 0, 1, 0, 2, 1, 1,
       3, 1, 1], dtype=object)]
[633, array([-16.,  -8.,  -8.,   0.]), array([2, 2, 2, 3, 3, 2, 0, 1, 1, 3, 3, 2, 2, 2, 1, 1, 0, 1, 0, 2, 1, 1,
       3, 1, 1], dtype=object)]
[634, array([-16.,  -8.,  -8.,   0.]), array([2, 2, 2, 3, 3, 3, 0, 1, 1, 3, 3, 2, 2, 2, 1, 1, 0, 0, 0, 2, 1, 3,
       3, 1, 1], dtype=object)]
[634, array([-16.,  -8.,  -8.,   0.]), array([2, 2, 2, 3, 3, 3, 0, 1, 1, 3, 3, 2, 2, 2, 1, 1, 0, 0, 0, 2, 1, 3,
       3, 1, 1], dtype=object)]
[634, array([-16.,  -8.,  -8.,   0.]), array([2, 2, 2, 3, 3, 3, 0, 1, 1, 3, 3, 2, 2, 2, 1, 1, 0, 0, 0, 2, 1, 3,
       3, 1, 1], dtype=object)]
[634, array([-16.,  -8.,  -8.,   0.]), array([2, 2, 2, 3, 3, 3, 0, 1, 1, 3, 3, 2, 2, 2, 1, 1, 0, 0, 0, 2, 1, 3,
       3, 1, 1], dtype=object)]
[635, array([-16.,  -8.,  -8.,   0.]), array([2, 2, 2, 3, 3, 2, 0, 1, 1, 3, 3, 2, 2, 2, 1, 1, 0, 0, 0, 2, 1, 3,
       3, 1, 1], dtype=object)]
[635, array([-16.,  -8.,  -8.,   0.]), array([2, 2, 2, 3, 3, 2, 0, 1, 1, 3, 3, 2, 2, 2, 1, 1, 0, 0, 0, 2, 1, 3,
       3, 1, 1], dtype=object)]
[635, array([-16.,  -8.,  -8.,   0.]), array([2, 2, 2, 3, 3, 2, 0, 1, 1, 3, 3, 2, 2, 2, 1, 1, 0, 0, 0, 2, 1, 3,
       3, 1, 1], dtype=object)]
[635, array([-16.,  -8.,  -8.,   0.]), array([2, 2, 2, 3, 3, 2, 0, 1, 1, 3, 3, 2, 2, 2, 1, 1, 0, 0, 0, 2, 1, 3,
       3, 1, 1], dtype=object)]
[636, array([-16.,  -8.,  -8.,   0.]), array([0, 2, 2, 3, 3, 2, 0, 1, 1, 3, 3, 2, 2, 2, 1, 1, 0, 1, 0, 2, 1, 3,
       3, 1, 1], dtype=object)]
[636, array([-16.,  -8.,  -8.,   0.]), array([0, 2, 2, 3, 3, 2, 0, 1, 1, 3, 3, 2, 2, 2, 1, 1, 0, 1, 0, 2, 1, 3,
       3, 1, 1], dtype=object)]
[636, array([-16.,  -8.,  -8.,   0.]), array([0, 2, 2, 3, 3, 2, 0, 1, 1, 3, 3, 2, 2, 2, 1, 1, 0, 1, 0, 2, 1, 3,
       3, 1, 1], dtype=object)]
[636, array([-16.,  -8.,  -8.,   0.]), array([0, 2, 2, 3, 3, 2, 0, 1, 1, 3, 3, 2, 2, 2, 1, 1, 0, 1, 0, 2, 1, 3,
       3, 1, 1], dtype=object)]
[637, array([-16.,  -8.,  -8.,   0.]), array([2, 2, 2, 3, 3, 2, 0, 1, 1, 3, 3, 2, 2, 2, 1, 1, 0, 1, 0, 2, 1, 3,
       3, 1, 1], dtype=object)]
[637, array([-16.,  -8.,  -8.,   0.]), array([2, 2, 2, 3, 3, 2, 0, 1, 1, 3, 3, 2, 2, 2, 1, 1, 0, 1, 0, 2, 1, 3,
       3, 1, 1], dtype=object)]
[637, array([-16.,  -8.,  -8.,   0.]), array([2, 2, 2, 3, 3, 2, 0, 1, 1, 3, 3, 2, 2, 2, 1, 1, 0, 1, 0, 2, 1, 3,
       3, 1, 1], dtype=object)]
[637, array([-16.,  -8.,  -8.,   0.]), array([2, 2, 2, 3, 3, 2, 0, 1, 1, 3, 3, 2, 2, 2, 1, 1, 0, 1, 0, 2, 1, 3,
       3, 1, 1], dtype=object)]
[638, array([-16.,  -8.,  -8.,   0.]), array([2, 2, 2, 3, 3, 0, 0, 1, 1, 3, 3, 2, 2, 2, 1, 1, 0, 1, 0, 2, 1, 1,
       3, 1, 1], dtype=object)]
[638, array([-16.,  -8.,  -8.,   0.]), array([2, 2, 2, 3, 3, 0, 0, 1, 1, 3, 3, 2, 2, 2, 1, 1, 0, 1, 0, 2, 1, 1,
       3, 1, 1], dtype=object)]
[638, array([-16.,  -8.,  -8.,   0.]), array([2, 2, 2, 3, 3, 0, 0, 1, 1, 3, 3, 2, 2, 2, 1, 1, 0, 1, 0, 2, 1, 1,
       3, 1, 1], dtype=object)]
[638, array([-16.,  -8.,  -8.,   0.]), array([2, 2, 2, 3, 3, 0, 0, 1, 1, 3, 3, 2, 2, 2, 1, 1, 0, 1, 0, 2, 1, 1,
       3, 1, 1], dtype=object)]
[639, array([-16.,  -8.,  -8.,   0.]), array([2, 2, 2, 3, 3, 2, 0, 1, 1, 3, 3, 2, 2, 2, 1, 1, 0, 1, 0, 2, 1, 1,
       3, 1, 1], dtype=object)]
[639, array([-16.,  -8.,  -8.,   0.]), array([2, 2, 2, 3, 3, 2, 0, 1, 1, 3, 3, 2, 2, 2, 1, 1, 0, 1, 0, 2, 1, 1,
       3, 1, 1], dtype=object)]
[639, array([-16.,  -8.,  -8.,   0.]), array([2, 2, 2, 3, 3, 2, 0, 1, 1, 3, 3, 2, 2, 2, 1, 1, 0, 1, 0, 2, 1, 1,
       3, 1, 1], dtype=object)]
[639, array([-16.,  -8.,  -8.,   0.]), array([2, 2, 2, 3, 3, 2, 0, 1, 1, 3, 3, 2, 2, 2, 1, 1, 0, 1, 0, 2, 1, 1,
       3, 1, 1], dtype=object)]
[640, array([-16.,  -8.,  -8.,   0.]), array([0, 2, 2, 3, 3, 2, 0, 1, 1, 3, 3, 2, 2, 2, 1, 1, 0, 1, 0, 2, 1, 1,
       3, 1, 1], dtype=object)]
[640, array([-16.,  -8.,  -8.,   0.]), array([0, 2, 2, 3, 3, 2, 0, 1, 1, 3, 3, 2, 2, 2, 1, 1, 0, 1, 0, 2, 1, 1,
       3, 1, 1], dtype=object)]
[640, array([-16.,  -8.,  -8.,   0.]), array([0, 2, 2, 3, 3, 2, 0, 1, 1, 3, 3, 2, 2, 2, 1, 1, 0, 1, 0, 2, 1, 1,
       3, 1, 1], dtype=object)]
[640, array([-16.,  -8.,  -8.,   0.]), array([0, 2, 2, 3, 3, 2, 0, 1, 1, 3, 3, 2, 2, 2, 1, 1, 0, 1, 0, 2, 1, 1,
       3, 1, 1], dtype=object)]
[641, array([-16.,  -8.,  -8.,   0.]), array([2, 2, 2, 3, 3, 2, 0, 1, 1, 3, 3, 2, 2, 2, 1, 1, 0, 1, 0, 2, 1, 2,
       3, 1, 1], dtype=object)]
[641, array([-16.,  -8.,  -8.,   0.]), array([2, 2, 2, 3, 3, 2, 0, 1, 1, 3, 3, 2, 2, 2, 1, 1, 0, 1, 0, 2, 1, 2,
       3, 1, 1], dtype=object)]
[641, array([-16.,  -8.,  -8.,   0.]), array([2, 2, 2, 3, 3, 2, 0, 1, 1, 3, 3, 2, 2, 2, 1, 1, 0, 1, 0, 2, 1, 2,
       3, 1, 1], dtype=object)]
[641, array([-16.,  -8.,  -8.,   0.]), array([2, 2, 2, 3, 3, 2, 0, 1, 1, 3, 3, 2, 2, 2, 1, 1, 0, 1, 0, 2, 1, 2,
       3, 1, 1], dtype=object)]
[642, array([-16.,  -8.,  -8.,   0.]), array([2, 2, 2, 3, 3, 0, 0, 1, 1, 3, 3, 2, 2, 2, 1, 1, 0, 0, 0, 2, 1, 3,
       3, 1, 1], dtype=object)]
[642, array([-16.,  -8.,  -8.,   0.]), array([2, 2, 2, 3, 3, 0, 0, 1, 1, 3, 3, 2, 2, 2, 1, 1, 0, 0, 0, 2, 1, 3,
       3, 1, 1], dtype=object)]
[642, array([-16.,  -8.,  -8.,   0.]), array([2, 2, 2, 3, 3, 0, 0, 1, 1, 3, 3, 2, 2, 2, 1, 1, 0, 0, 0, 2, 1, 3,
       3, 1, 1], dtype=object)]
[642, array([-16.,  -8.,  -8.,   0.]), array([2, 2, 2, 3, 3, 0, 0, 1, 1, 3, 3, 2, 2, 2, 1, 1, 0, 0, 0, 2, 1, 3,
       3, 1, 1], dtype=object)]
[643, array([-16.,  -8.,  -8.,   0.]), array([2, 2, 2, 3, 3, 2, 0, 1, 1, 3, 3, 2, 2, 2, 1, 1, 0, 1, 0, 2, 1, 3,
       3, 1, 1], dtype=object)]
[643, array([-16.,  -8.,  -8.,   0.]), array([2, 2, 2, 3, 3, 2, 0, 1, 1, 3, 3, 2, 2, 2, 1, 1, 0, 1, 0, 2, 1, 3,
       3, 1, 1], dtype=object)]
[643, array([-16.,  -8.,  -8.,   0.]), array([2, 2, 2, 3, 3, 2, 0, 1, 1, 3, 3, 2, 2, 2, 1, 1, 0, 1, 0, 2, 1, 3,
       3, 1, 1], dtype=object)]
[643, array([-16.,  -8.,  -8.,   0.]), array([2, 2, 2, 3, 3, 2, 0, 1, 1, 3, 3, 2, 2, 2, 1, 1, 0, 1, 0, 2, 1, 3,
       3, 1, 1], dtype=object)]
[644, array([-16.,  -8.,  -8.,   0.]), array([2, 2, 2, 3, 3, 0, 0, 1, 1, 3, 3, 2, 2, 2, 1, 1, 0, 1, 0, 2, 1, 2,
       3, 1, 1], dtype=object)]
[644, array([-16.,  -8.,  -8.,   0.]), array([2, 2, 2, 3, 3, 0, 0, 1, 1, 3, 3, 2, 2, 2, 1, 1, 0, 1, 0, 2, 1, 2,
       3, 1, 1], dtype=object)]
[644, array([-16.,  -8.,  -8.,   0.]), array([2, 2, 2, 3, 3, 0, 0, 1, 1, 3, 3, 2, 2, 2, 1, 1, 0, 1, 0, 2, 1, 2,
       3, 1, 1], dtype=object)]
[644, array([-16.,  -8.,  -8.,   0.]), array([2, 2, 2, 3, 3, 0, 0, 1, 1, 3, 3, 2, 2, 2, 1, 1, 0, 1, 0, 2, 1, 2,
       3, 1, 1], dtype=object)]
[645, array([-16.,  -8.,  -8.,   0.]), array([2, 2, 2, 3, 3, 2, 0, 1, 1, 3, 3, 2, 2, 2, 1, 1, 0, 1, 0, 2, 1, 3,
       3, 1, 1], dtype=object)]
[645, array([-16.,  -8.,  -8.,   0.]), array([2, 2, 2, 3, 3, 2, 0, 1, 1, 3, 3, 2, 2, 2, 1, 1, 0, 1, 0, 2, 1, 3,
       3, 1, 1], dtype=object)]
[645, array([-16.,  -8.,  -8.,   0.]), array([2, 2, 2, 3, 3, 2, 0, 1, 1, 3, 3, 2, 2, 2, 1, 1, 0, 1, 0, 2, 1, 3,
       3, 1, 1], dtype=object)]
[645, array([-16.,  -8.,  -8.,   0.]), array([2, 2, 2, 3, 3, 2, 0, 1, 1, 3, 3, 2, 2, 2, 1, 1, 0, 1, 0, 2, 1, 3,
       3, 1, 1], dtype=object)]
[646, array([-16.,  -8.,  -8.,   0.]), array([2, 2, 2, 3, 3, 0, 0, 1, 1, 3, 3, 2, 2, 2, 1, 1, 0, 2, 0, 2, 1, 1,
       3, 1, 1], dtype=object)]
[646, array([-16.,  -8.,  -8.,   0.]), array([2, 2, 2, 3, 3, 0, 0, 1, 1, 3, 3, 2, 2, 2, 1, 1, 0, 2, 0, 2, 1, 1,
       3, 1, 1], dtype=object)]
[646, array([-16.,  -8.,  -8.,   0.]), array([2, 2, 2, 3, 3, 0, 0, 1, 1, 3, 3, 2, 2, 2, 1, 1, 0, 2, 0, 2, 1, 1,
       3, 1, 1], dtype=object)]
[646, array([-16.,  -8.,  -8.,   0.]), array([2, 2, 2, 3, 3, 0, 0, 1, 1, 3, 3, 2, 2, 2, 1, 1, 0, 2, 0, 2, 1, 1,
       3, 1, 1], dtype=object)]
[647, array([-16.,  -8.,  -8.,   0.]), array([2, 2, 2, 3, 3, 2, 0, 1, 1, 3, 3, 2, 2, 2, 1, 1, 0, 1, 0, 2, 1, 3,
       3, 1, 1], dtype=object)]
[647, array([-16.,  -8.,  -8.,   0.]), array([2, 2, 2, 3, 3, 2, 0, 1, 1, 3, 3, 2, 2, 2, 1, 1, 0, 1, 0, 2, 1, 3,
       3, 1, 1], dtype=object)]
[647, array([-16.,  -8.,  -8.,   0.]), array([2, 2, 2, 3, 3, 2, 0, 1, 1, 3, 3, 2, 2, 2, 1, 1, 0, 1, 0, 2, 1, 3,
       3, 1, 1], dtype=object)]
[647, array([-16.,  -8.,  -8.,   0.]), array([2, 2, 2, 3, 3, 2, 0, 1, 1, 3, 3, 2, 2, 2, 1, 1, 0, 1, 0, 2, 1, 3,
       3, 1, 1], dtype=object)]
[648, array([-16.,  -8.,  -8.,   0.]), array([2, 2, 2, 3, 3, 2, 0, 1, 1, 3, 3, 2, 2, 2, 1, 1, 0, 0, 0, 2, 1, 3,
       3, 1, 1], dtype=object)]
[648, array([-16.,  -8.,  -8.,   0.]), array([2, 2, 2, 3, 3, 2, 0, 1, 1, 3, 3, 2, 2, 2, 1, 1, 0, 0, 0, 2, 1, 3,
       3, 1, 1], dtype=object)]
[648, array([-16.,  -8.,  -8.,   0.]), array([2, 2, 2, 3, 3, 2, 0, 1, 1, 3, 3, 2, 2, 2, 1, 1, 0, 0, 0, 2, 1, 3,
       3, 1, 1], dtype=object)]
[648, array([-16.,  -8.,  -8.,   0.]), array([2, 2, 2, 3, 3, 2, 0, 1, 1, 3, 3, 2, 2, 2, 1, 1, 0, 0, 0, 2, 1, 3,
       3, 1, 1], dtype=object)]
[649, array([-16.,  -8.,  -8.,   0.]), array([2, 2, 2, 3, 3, 2, 0, 1, 1, 3, 3, 2, 2, 2, 1, 1, 0, 1, 0, 2, 1, 3,
       3, 1, 1], dtype=object)]
[649, array([-16.,  -8.,  -8.,   0.]), array([2, 2, 2, 3, 3, 2, 0, 1, 1, 3, 3, 2, 2, 2, 1, 1, 0, 1, 0, 2, 1, 3,
       3, 1, 1], dtype=object)]
[649, array([-16.,  -8.,  -8.,   0.]), array([2, 2, 2, 3, 3, 2, 0, 1, 1, 3, 3, 2, 2, 2, 1, 1, 0, 1, 0, 2, 1, 3,
       3, 1, 1], dtype=object)]
[649, array([-16.,  -8.,  -8.,   0.]), array([2, 2, 2, 3, 3, 2, 0, 1, 1, 3, 3, 2, 2, 2, 1, 1, 0, 1, 0, 2, 1, 3,
       3, 1, 1], dtype=object)]
[650, array([-16.,  -8.,  -8.,   0.]), array([2, 2, 0, 3, 3, 2, 0, 1, 3, 3, 3, 2, 2, 2, 1, 1, 0, 0, 0, 2, 1, 3,
       3, 1, 1], dtype=object)]
[650, array([-16.,  -8.,  -8.,   0.]), array([2, 2, 0, 3, 3, 2, 0, 1, 3, 3, 3, 2, 2, 2, 1, 1, 0, 0, 0, 2, 1, 3,
       3, 1, 1], dtype=object)]
[650, array([-16.,  -8.,  -8.,   0.]), array([2, 2, 0, 3, 3, 2, 0, 1, 3, 3, 3, 2, 2, 2, 1, 1, 0, 0, 0, 2, 1, 3,
       3, 1, 1], dtype=object)]
[650, array([-16.,  -8.,  -8.,   0.]), array([2, 2, 0, 3, 3, 2, 0, 1, 3, 3, 3, 2, 2, 2, 1, 1, 0, 0, 0, 2, 1, 3,
       3, 1, 1], dtype=object)]
[651, array([-16.,  -8.,  -8.,   0.]), array([2, 2, 2, 3, 3, 2, 0, 1, 1, 3, 3, 2, 2, 2, 1, 1, 0, 1, 0, 2, 1, 1,
       3, 1, 1], dtype=object)]
[651, array([-16.,  -8.,  -8.,   0.]), array([2, 2, 2, 3, 3, 2, 0, 1, 1, 3, 3, 2, 2, 2, 1, 1, 0, 1, 0, 2, 1, 1,
       3, 1, 1], dtype=object)]
[651, array([-16.,  -8.,  -8.,   0.]), array([2, 2, 2, 3, 3, 2, 0, 1, 1, 3, 3, 2, 2, 2, 1, 1, 0, 1, 0, 2, 1, 1,
       3, 1, 1], dtype=object)]
[651, array([-16.,  -8.,  -8.,   0.]), array([2, 2, 2, 3, 3, 2, 0, 1, 1, 3, 3, 2, 2, 2, 1, 1, 0, 1, 0, 2, 1, 1,
       3, 1, 1], dtype=object)]
[652, array([-16.,  -8.,  -8.,   0.]), array([2, 2, 2, 3, 3, 2, 0, 1, 1, 3, 3, 2, 2, 2, 1, 1, 0, 0, 1, 2, 1, 1,
       3, 1, 1], dtype=object)]
[652, array([-16.,  -8.,  -8.,   0.]), array([2, 2, 2, 3, 3, 2, 0, 1, 1, 3, 3, 2, 2, 2, 1, 1, 0, 0, 1, 2, 1, 1,
       3, 1, 1], dtype=object)]
[652, array([-16.,  -8.,  -8.,   0.]), array([2, 2, 2, 3, 3, 2, 0, 1, 1, 3, 3, 2, 2, 2, 1, 1, 0, 0, 1, 2, 1, 1,
       3, 1, 1], dtype=object)]
[652, array([-16.,  -8.,  -8.,   0.]), array([2, 2, 2, 3, 3, 2, 0, 1, 1, 3, 3, 2, 2, 2, 1, 1, 0, 0, 1, 2, 1, 1,
       3, 1, 1], dtype=object)]
[653, array([-16.,  -8.,  -8.,   0.]), array([2, 2, 2, 3, 3, 2, 0, 1, 1, 3, 3, 2, 2, 2, 1, 1, 0, 1, 0, 2, 1, 3,
       3, 1, 1], dtype=object)]
[653, array([-16.,  -8.,  -8.,   0.]), array([2, 2, 2, 3, 3, 2, 0, 1, 1, 3, 3, 2, 2, 2, 1, 1, 0, 1, 0, 2, 1, 3,
       3, 1, 1], dtype=object)]
[653, array([-16.,  -8.,  -8.,   0.]), array([2, 2, 2, 3, 3, 2, 0, 1, 1, 3, 3, 2, 2, 2, 1, 1, 0, 1, 0, 2, 1, 3,
       3, 1, 1], dtype=object)]
[653, array([-16.,  -8.,  -8.,   0.]), array([2, 2, 2, 3, 3, 2, 0, 1, 1, 3, 3, 2, 2, 2, 1, 1, 0, 1, 0, 2, 1, 3,
       3, 1, 1], dtype=object)]
[654, array([-16.,  -8.,  -8.,   0.]), array([2, 2, 2, 3, 3, 2, 0, 1, 1, 3, 3, 2, 2, 2, 1, 1, 0, 1, 0, 2, 1, 2,
       3, 1, 1], dtype=object)]
[654, array([-16.,  -8.,  -8.,   0.]), array([2, 2, 2, 3, 3, 2, 0, 1, 1, 3, 3, 2, 2, 2, 1, 1, 0, 1, 0, 2, 1, 2,
       3, 1, 1], dtype=object)]
[654, array([-16.,  -8.,  -8.,   0.]), array([2, 2, 2, 3, 3, 2, 0, 1, 1, 3, 3, 2, 2, 2, 1, 1, 0, 1, 0, 2, 1, 2,
       3, 1, 1], dtype=object)]
[654, array([-16.,  -8.,  -8.,   0.]), array([2, 2, 2, 3, 3, 2, 0, 1, 1, 3, 3, 2, 2, 2, 1, 1, 0, 1, 0, 2, 1, 2,
       3, 1, 1], dtype=object)]
[655, array([-16.,  -8.,  -8.,   0.]), array([2, 2, 2, 3, 3, 2, 0, 1, 1, 3, 3, 2, 2, 2, 1, 1, 0, 1, 0, 2, 1, 3,
       3, 1, 1], dtype=object)]
[655, array([-16.,  -8.,  -8.,   0.]), array([2, 2, 2, 3, 3, 2, 0, 1, 1, 3, 3, 2, 2, 2, 1, 1, 0, 1, 0, 2, 1, 3,
       3, 1, 1], dtype=object)]
[655, array([-16.,  -8.,  -8.,   0.]), array([2, 2, 2, 3, 3, 2, 0, 1, 1, 3, 3, 2, 2, 2, 1, 1, 0, 1, 0, 2, 1, 3,
       3, 1, 1], dtype=object)]
[655, array([-16.,  -8.,  -8.,   0.]), array([2, 2, 2, 3, 3, 2, 0, 1, 1, 3, 3, 2, 2, 2, 1, 1, 0, 1, 0, 2, 1, 3,
       3, 1, 1], dtype=object)]
[656, array([-16.,  -8.,  -8.,   0.]), array([2, 2, 2, 3, 3, 1, 0, 1, 1, 3, 3, 2, 2, 2, 1, 1, 0, 2, 3, 2, 1, 3,
       3, 1, 1], dtype=object)]
[656, array([-16.,  -8.,  -8.,   0.]), array([2, 2, 2, 3, 3, 1, 0, 1, 1, 3, 3, 2, 2, 2, 1, 1, 0, 2, 3, 2, 1, 3,
       3, 1, 1], dtype=object)]
[656, array([-16.,  -8.,  -8.,   0.]), array([2, 2, 2, 3, 3, 1, 0, 1, 1, 3, 3, 2, 2, 2, 1, 1, 0, 2, 3, 2, 1, 3,
       3, 1, 1], dtype=object)]
[656, array([-16.,  -8.,  -8.,   0.]), array([2, 2, 2, 3, 3, 1, 0, 1, 1, 3, 3, 2, 2, 2, 1, 1, 0, 2, 3, 2, 1, 3,
       3, 1, 1], dtype=object)]
[657, array([-16.,  -8.,  -8.,   0.]), array([2, 2, 2, 3, 3, 2, 0, 1, 1, 3, 3, 2, 2, 2, 1, 1, 0, 1, 0, 2, 1, 3,
       3, 1, 1], dtype=object)]
[657, array([-16.,  -8.,  -8.,   0.]), array([2, 2, 2, 3, 3, 2, 0, 1, 1, 3, 3, 2, 2, 2, 1, 1, 0, 1, 0, 2, 1, 3,
       3, 1, 1], dtype=object)]
[657, array([-16.,  -8.,  -8.,   0.]), array([2, 2, 2, 3, 3, 2, 0, 1, 1, 3, 3, 2, 2, 2, 1, 1, 0, 1, 0, 2, 1, 3,
       3, 1, 1], dtype=object)]
[657, array([-16.,  -8.,  -8.,   0.]), array([2, 2, 2, 3, 3, 2, 0, 1, 1, 3, 3, 2, 2, 2, 1, 1, 0, 1, 0, 2, 1, 3,
       3, 1, 1], dtype=object)]
[658, array([-16.,  -8.,  -8.,   0.]), array([2, 2, 2, 3, 3, 2, 0, 1, 1, 3, 3, 2, 2, 0, 1, 1, 0, 1, 0, 2, 1, 3,
       3, 1, 3], dtype=object)]
[658, array([-16.,  -8.,  -8.,   0.]), array([2, 2, 2, 3, 3, 2, 0, 1, 1, 3, 3, 2, 2, 0, 1, 1, 0, 1, 0, 2, 1, 3,
       3, 1, 3], dtype=object)]
[658, array([-16.,  -8.,  -8.,   0.]), array([2, 2, 2, 3, 3, 2, 0, 1, 1, 3, 3, 2, 2, 0, 1, 1, 0, 1, 0, 2, 1, 3,
       3, 1, 3], dtype=object)]
[658, array([-16.,  -8.,  -8.,   0.]), array([2, 2, 2, 3, 3, 2, 0, 1, 1, 3, 3, 2, 2, 0, 1, 1, 0, 1, 0, 2, 1, 3,
       3, 1, 3], dtype=object)]
[659, array([-16.,  -8.,  -8.,   0.]), array([2, 2, 2, 3, 3, 2, 0, 1, 1, 3, 3, 2, 2, 2, 1, 1, 0, 1, 0, 2, 1, 3,
       3, 1, 1], dtype=object)]
[659, array([-16.,  -8.,  -8.,   0.]), array([2, 2, 2, 3, 3, 2, 0, 1, 1, 3, 3, 2, 2, 2, 1, 1, 0, 1, 0, 2, 1, 3,
       3, 1, 1], dtype=object)]
[659, array([-16.,  -8.,  -8.,   0.]), array([2, 2, 2, 3, 3, 2, 0, 1, 1, 3, 3, 2, 2, 2, 1, 1, 0, 1, 0, 2, 1, 3,
       3, 1, 1], dtype=object)]
[659, array([-16.,  -8.,  -8.,   0.]), array([2, 2, 2, 3, 3, 2, 0, 1, 1, 3, 3, 2, 2, 2, 1, 1, 0, 1, 0, 2, 1, 3,
       3, 1, 1], dtype=object)]
[660, array([-16.,  -8.,  -8.,   0.]), array([2, 2, 2, 3, 3, 2, 0, 1, 1, 3, 3, 2, 2, 2, 1, 1, 0, 3, 0, 2, 1, 3,
       3, 1, 1], dtype=object)]
[660, array([-16.,  -8.,  -8.,   0.]), array([2, 2, 2, 3, 3, 2, 0, 1, 1, 3, 3, 2, 2, 2, 1, 1, 0, 3, 0, 2, 1, 3,
       3, 1, 1], dtype=object)]
[660, array([-16.,  -8.,  -8.,   0.]), array([2, 2, 2, 3, 3, 2, 0, 1, 1, 3, 3, 2, 2, 2, 1, 1, 0, 3, 0, 2, 1, 3,
       3, 1, 1], dtype=object)]
[660, array([-16.,  -8.,  -8.,   0.]), array([2, 2, 2, 3, 3, 2, 0, 1, 1, 3, 3, 2, 2, 2, 1, 1, 0, 3, 0, 2, 1, 3,
       3, 1, 1], dtype=object)]
[661, array([-16.,  -8.,  -8.,   0.]), array([2, 2, 2, 3, 3, 2, 0, 1, 1, 3, 3, 2, 2, 2, 1, 1, 0, 0, 0, 2, 1, 1,
       3, 1, 1], dtype=object)]
[661, array([-16.,  -8.,  -8.,   0.]), array([2, 2, 2, 3, 3, 2, 0, 1, 1, 3, 3, 2, 2, 2, 1, 1, 0, 0, 0, 2, 1, 1,
       3, 1, 1], dtype=object)]
[661, array([-16.,  -8.,  -8.,   0.]), array([2, 2, 2, 3, 3, 2, 0, 1, 1, 3, 3, 2, 2, 2, 1, 1, 0, 0, 0, 2, 1, 1,
       3, 1, 1], dtype=object)]
[661, array([-16.,  -8.,  -8.,   0.]), array([2, 2, 2, 3, 3, 2, 0, 1, 1, 3, 3, 2, 2, 2, 1, 1, 0, 0, 0, 2, 1, 1,
       3, 1, 1], dtype=object)]
[662, array([-16.,  -8.,  -8.,   0.]), array([2, 2, 2, 3, 3, 2, 0, 1, 1, 3, 3, 2, 2, 2, 1, 1, 0, 3, 0, 2, 1, 1,
       3, 1, 1], dtype=object)]
[662, array([-16.,  -8.,  -8.,   0.]), array([2, 2, 2, 3, 3, 2, 0, 1, 1, 3, 3, 2, 2, 2, 1, 1, 0, 3, 0, 2, 1, 1,
       3, 1, 1], dtype=object)]
[662, array([-16.,  -8.,  -8.,   0.]), array([2, 2, 2, 3, 3, 2, 0, 1, 1, 3, 3, 2, 2, 2, 1, 1, 0, 3, 0, 2, 1, 1,
       3, 1, 1], dtype=object)]
[662, array([-16.,  -8.,  -8.,   0.]), array([2, 2, 2, 3, 3, 2, 0, 1, 1, 3, 3, 2, 2, 2, 1, 1, 0, 3, 0, 2, 1, 1,
       3, 1, 1], dtype=object)]
[663, array([-16.,  -8.,  -8.,   0.]), array([2, 2, 2, 3, 3, 2, 0, 1, 1, 3, 3, 2, 2, 2, 1, 1, 0, 1, 0, 2, 1, 3,
       3, 1, 1], dtype=object)]
[663, array([-16.,  -8.,  -8.,   0.]), array([2, 2, 2, 3, 3, 2, 0, 1, 1, 3, 3, 2, 2, 2, 1, 1, 0, 1, 0, 2, 1, 3,
       3, 1, 1], dtype=object)]
[663, array([-16.,  -8.,  -8.,   0.]), array([2, 2, 2, 3, 3, 2, 0, 1, 1, 3, 3, 2, 2, 2, 1, 1, 0, 1, 0, 2, 1, 3,
       3, 1, 1], dtype=object)]
[663, array([-16.,  -8.,  -8.,   0.]), array([2, 2, 2, 3, 3, 2, 0, 1, 1, 3, 3, 2, 2, 2, 1, 1, 0, 1, 0, 2, 1, 3,
       3, 1, 1], dtype=object)]
[664, array([-16.,  -8.,  -8.,   0.]), array([2, 2, 2, 3, 3, 2, 0, 1, 1, 3, 3, 2, 2, 2, 1, 1, 0, 0, 0, 2, 1, 3,
       3, 1, 1], dtype=object)]
[664, array([-16.,  -8.,  -8.,   0.]), array([2, 2, 2, 3, 3, 2, 0, 1, 1, 3, 3, 2, 2, 2, 1, 1, 0, 0, 0, 2, 1, 3,
       3, 1, 1], dtype=object)]
[664, array([-16.,  -8.,  -8.,   0.]), array([2, 2, 2, 3, 3, 2, 0, 1, 1, 3, 3, 2, 2, 2, 1, 1, 0, 0, 0, 2, 1, 3,
       3, 1, 1], dtype=object)]
[664, array([-16.,  -8.,  -8.,   0.]), array([2, 2, 2, 3, 3, 2, 0, 1, 1, 3, 3, 2, 2, 2, 1, 1, 0, 0, 0, 2, 1, 3,
       3, 1, 1], dtype=object)]
[665, array([-16.,  -8.,  -8.,   0.]), array([2, 2, 2, 3, 3, 2, 0, 1, 1, 3, 3, 2, 2, 2, 1, 1, 0, 1, 0, 2, 1, 1,
       3, 1, 1], dtype=object)]
[665, array([-16.,  -8.,  -8.,   0.]), array([2, 2, 2, 3, 3, 2, 0, 1, 1, 3, 3, 2, 2, 2, 1, 1, 0, 1, 0, 2, 1, 1,
       3, 1, 1], dtype=object)]
[665, array([-16.,  -8.,  -8.,   0.]), array([2, 2, 2, 3, 3, 2, 0, 1, 1, 3, 3, 2, 2, 2, 1, 1, 0, 1, 0, 2, 1, 1,
       3, 1, 1], dtype=object)]
[665, array([-16.,  -8.,  -8.,   0.]), array([2, 2, 2, 3, 3, 2, 0, 1, 1, 3, 3, 2, 2, 2, 1, 1, 0, 1, 0, 2, 1, 1,
       3, 1, 1], dtype=object)]
[666, array([-16.,  -8.,  -8.,   0.]), array([2, 2, 2, 3, 3, 2, 0, 1, 1, 3, 3, 2, 2, 2, 1, 1, 1, 1, 0, 2, 1, 3,
       3, 1, 1], dtype=object)]
[666, array([-16.,  -8.,  -8.,   0.]), array([2, 2, 2, 3, 3, 2, 0, 1, 1, 3, 3, 2, 2, 2, 1, 1, 1, 1, 0, 2, 1, 3,
       3, 1, 1], dtype=object)]
[666, array([-16.,  -8.,  -8.,   0.]), array([2, 2, 2, 3, 3, 2, 0, 1, 1, 3, 3, 2, 2, 2, 1, 1, 1, 1, 0, 2, 1, 3,
       3, 1, 1], dtype=object)]
[666, array([-16.,  -8.,  -8.,   0.]), array([2, 2, 2, 3, 3, 2, 0, 1, 1, 3, 3, 2, 2, 2, 1, 1, 1, 1, 0, 2, 1, 3,
       3, 1, 1], dtype=object)]
[667, array([-16.,  -8.,  -8.,   0.]), array([2, 2, 2, 3, 3, 2, 0, 1, 1, 3, 3, 2, 2, 2, 1, 1, 0, 1, 0, 2, 1, 3,
       3, 1, 1], dtype=object)]
[667, array([-16.,  -8.,  -8.,   0.]), array([2, 2, 2, 3, 3, 2, 0, 1, 1, 3, 3, 2, 2, 2, 1, 1, 0, 1, 0, 2, 1, 3,
       3, 1, 1], dtype=object)]
[667, array([-16.,  -8.,  -8.,   0.]), array([2, 2, 2, 3, 3, 2, 0, 1, 1, 3, 3, 2, 2, 2, 1, 1, 0, 1, 0, 2, 1, 3,
       3, 1, 1], dtype=object)]
[667, array([-16.,  -8.,  -8.,   0.]), array([2, 2, 2, 3, 3, 2, 0, 1, 1, 3, 3, 2, 2, 2, 1, 1, 0, 1, 0, 2, 1, 3,
       3, 1, 1], dtype=object)]
[668, array([-16.,  -8.,  -8.,   0.]), array([2, 2, 2, 3, 3, 2, 0, 1, 1, 3, 3, 2, 2, 2, 1, 1, 0, 1, 2, 2, 1, 3,
       3, 1, 1], dtype=object)]
[668, array([-16.,  -8.,  -8.,   0.]), array([2, 2, 2, 3, 3, 2, 0, 1, 1, 3, 3, 2, 2, 2, 1, 1, 0, 1, 2, 2, 1, 3,
       3, 1, 1], dtype=object)]
[668, array([-16.,  -8.,  -8.,   0.]), array([2, 2, 2, 3, 3, 2, 0, 1, 1, 3, 3, 2, 2, 2, 1, 1, 0, 1, 2, 2, 1, 3,
       3, 1, 1], dtype=object)]
[668, array([-16.,  -8.,  -8.,   0.]), array([2, 2, 2, 3, 3, 2, 0, 1, 1, 3, 3, 2, 2, 2, 1, 1, 0, 1, 2, 2, 1, 3,
       3, 1, 1], dtype=object)]
[669, array([-16.,  -8.,  -8.,   0.]), array([2, 2, 2, 3, 3, 2, 0, 1, 1, 3, 3, 2, 2, 2, 1, 1, 0, 1, 0, 2, 1, 3,
       3, 1, 1], dtype=object)]
[669, array([-16.,  -8.,  -8.,   0.]), array([2, 2, 2, 3, 3, 2, 0, 1, 1, 3, 3, 2, 2, 2, 1, 1, 0, 1, 0, 2, 1, 3,
       3, 1, 1], dtype=object)]
[669, array([-16.,  -8.,  -8.,   0.]), array([2, 2, 2, 3, 3, 2, 0, 1, 1, 3, 3, 2, 2, 2, 1, 1, 0, 1, 0, 2, 1, 3,
       3, 1, 1], dtype=object)]
[669, array([-16.,  -8.,  -8.,   0.]), array([2, 2, 2, 3, 3, 2, 0, 1, 1, 3, 3, 2, 2, 2, 1, 1, 0, 1, 0, 2, 1, 3,
       3, 1, 1], dtype=object)]
[670, array([-16.,  -8.,  -8.,   0.]), array([2, 2, 2, 3, 3, 2, 0, 1, 1, 3, 3, 2, 2, 2, 1, 1, 0, 1, 0, 2, 1, 0,
       3, 1, 1], dtype=object)]
[670, array([-16.,  -8.,  -8.,   0.]), array([2, 2, 2, 3, 3, 2, 0, 1, 1, 3, 3, 2, 2, 2, 1, 1, 0, 1, 0, 2, 1, 0,
       3, 1, 1], dtype=object)]
[670, array([-16.,  -8.,  -8.,   0.]), array([2, 2, 2, 3, 3, 2, 0, 1, 1, 3, 3, 2, 2, 2, 1, 1, 0, 1, 0, 2, 1, 0,
       3, 1, 1], dtype=object)]
[670, array([-16.,  -8.,  -8.,   0.]), array([2, 2, 2, 3, 3, 2, 0, 1, 1, 3, 3, 2, 2, 2, 1, 1, 0, 1, 0, 2, 1, 0,
       3, 1, 1], dtype=object)]
[671, array([-16.,  -8.,  -8.,   0.]), array([2, 2, 2, 3, 3, 2, 0, 1, 1, 3, 3, 2, 2, 2, 1, 1, 0, 1, 0, 2, 1, 3,
       3, 1, 1], dtype=object)]
[671, array([-16.,  -8.,  -8.,   0.]), array([2, 2, 2, 3, 3, 2, 0, 1, 1, 3, 3, 2, 2, 2, 1, 1, 0, 1, 0, 2, 1, 3,
       3, 1, 1], dtype=object)]
[671, array([-16.,  -8.,  -8.,   0.]), array([2, 2, 2, 3, 3, 2, 0, 1, 1, 3, 3, 2, 2, 2, 1, 1, 0, 1, 0, 2, 1, 3,
       3, 1, 1], dtype=object)]
[671, array([-16.,  -8.,  -8.,   0.]), array([2, 2, 2, 3, 3, 2, 0, 1, 1, 3, 3, 2, 2, 2, 1, 1, 0, 1, 0, 2, 1, 3,
       3, 1, 1], dtype=object)]
[672, array([-16.,  -8.,  -8.,   0.]), array([2, 2, 2, 3, 3, 2, 0, 1, 1, 3, 3, 2, 2, 2, 1, 1, 0, 3, 0, 2, 1, 3,
       3, 1, 1], dtype=object)]
[672, array([-16.,  -8.,  -8.,   0.]), array([2, 2, 2, 3, 3, 2, 0, 1, 1, 3, 3, 2, 2, 2, 1, 1, 0, 3, 0, 2, 1, 3,
       3, 1, 1], dtype=object)]
[672, array([-16.,  -8.,  -8.,   0.]), array([2, 2, 2, 3, 3, 2, 0, 1, 1, 3, 3, 2, 2, 2, 1, 1, 0, 3, 0, 2, 1, 3,
       3, 1, 1], dtype=object)]
[672, array([-16.,  -8.,  -8.,   0.]), array([2, 2, 2, 3, 3, 2, 0, 1, 1, 3, 3, 2, 2, 2, 1, 1, 0, 3, 0, 2, 1, 3,
       3, 1, 1], dtype=object)]
[673, array([-16.,  -8.,  -8.,   0.]), array([2, 2, 2, 3, 3, 2, 0, 1, 1, 3, 3, 2, 2, 2, 1, 1, 0, 0, 0, 2, 1, 3,
       3, 1, 1], dtype=object)]
[673, array([-16.,  -8.,  -8.,   0.]), array([2, 2, 2, 3, 3, 2, 0, 1, 1, 3, 3, 2, 2, 2, 1, 1, 0, 0, 0, 2, 1, 3,
       3, 1, 1], dtype=object)]
[673, array([-16.,  -8.,  -8.,   0.]), array([2, 2, 2, 3, 3, 2, 0, 1, 1, 3, 3, 2, 2, 2, 1, 1, 0, 0, 0, 2, 1, 3,
       3, 1, 1], dtype=object)]
[673, array([-16.,  -8.,  -8.,   0.]), array([2, 2, 2, 3, 3, 2, 0, 1, 1, 3, 3, 2, 2, 2, 1, 1, 0, 0, 0, 2, 1, 3,
       3, 1, 1], dtype=object)]
[674, array([-16.,  -8.,  -8.,   0.]), array([1, 2, 2, 3, 3, 2, 0, 1, 1, 3, 3, 2, 2, 2, 1, 1, 0, 1, 0, 2, 1, 3,
       3, 1, 1], dtype=object)]
[674, array([-16.,  -8.,  -8.,   0.]), array([1, 2, 2, 3, 3, 2, 0, 1, 1, 3, 3, 2, 2, 2, 1, 1, 0, 1, 0, 2, 1, 3,
       3, 1, 1], dtype=object)]
[674, array([-16.,  -8.,  -8.,   0.]), array([1, 2, 2, 3, 3, 2, 0, 1, 1, 3, 3, 2, 2, 2, 1, 1, 0, 1, 0, 2, 1, 3,
       3, 1, 1], dtype=object)]
[674, array([-16.,  -8.,  -8.,   0.]), array([1, 2, 2, 3, 3, 2, 0, 1, 1, 3, 3, 2, 2, 2, 1, 1, 0, 1, 0, 2, 1, 3,
       3, 1, 1], dtype=object)]
[675, array([-16.,  -8.,  -8.,   0.]), array([2, 2, 2, 3, 3, 2, 0, 1, 1, 3, 3, 2, 2, 2, 1, 1, 0, 1, 3, 2, 1, 3,
       3, 1, 1], dtype=object)]
[675, array([-16.,  -8.,  -8.,   0.]), array([2, 2, 2, 3, 3, 2, 0, 1, 1, 3, 3, 2, 2, 2, 1, 1, 0, 1, 3, 2, 1, 3,
       3, 1, 1], dtype=object)]
[675, array([-16.,  -8.,  -8.,   0.]), array([2, 2, 2, 3, 3, 2, 0, 1, 1, 3, 3, 2, 2, 2, 1, 1, 0, 1, 3, 2, 1, 3,
       3, 1, 1], dtype=object)]
[675, array([-16.,  -8.,  -8.,   0.]), array([2, 2, 2, 3, 3, 2, 0, 1, 1, 3, 3, 2, 2, 2, 1, 1, 0, 1, 3, 2, 1, 3,
       3, 1, 1], dtype=object)]
[676, array([-16.,  -8.,  -8.,   0.]), array([2, 2, 2, 3, 3, 2, 0, 1, 1, 3, 3, 2, 2, 2, 1, 1, 3, 1, 0, 2, 1, 3,
       3, 1, 1], dtype=object)]
[676, array([-16.,  -8.,  -8.,   0.]), array([2, 2, 2, 3, 3, 2, 0, 1, 1, 3, 3, 2, 2, 2, 1, 1, 3, 1, 0, 2, 1, 3,
       3, 1, 1], dtype=object)]
[676, array([-16.,  -8.,  -8.,   0.]), array([2, 2, 2, 3, 3, 2, 0, 1, 1, 3, 3, 2, 2, 2, 1, 1, 3, 1, 0, 2, 1, 3,
       3, 1, 1], dtype=object)]
[676, array([-16.,  -8.,  -8.,   0.]), array([2, 2, 2, 3, 3, 2, 0, 1, 1, 3, 3, 2, 2, 2, 1, 1, 3, 1, 0, 2, 1, 3,
       3, 1, 1], dtype=object)]
[677, array([-16.,  -8.,  -8.,   0.]), array([2, 2, 2, 3, 3, 2, 0, 1, 1, 3, 3, 2, 2, 2, 1, 1, 0, 1, 0, 2, 1, 3,
       3, 1, 1], dtype=object)]
[677, array([-16.,  -8.,  -8.,   0.]), array([2, 2, 2, 3, 3, 2, 0, 1, 1, 3, 3, 2, 2, 2, 1, 1, 0, 1, 0, 2, 1, 3,
       3, 1, 1], dtype=object)]
[677, array([-16.,  -8.,  -8.,   0.]), array([2, 2, 2, 3, 3, 2, 0, 1, 1, 3, 3, 2, 2, 2, 1, 1, 0, 1, 0, 2, 1, 3,
       3, 1, 1], dtype=object)]
[677, array([-16.,  -8.,  -8.,   0.]), array([2, 2, 2, 3, 3, 2, 0, 1, 1, 3, 3, 2, 2, 2, 1, 1, 0, 1, 0, 2, 1, 3,
       3, 1, 1], dtype=object)]
[678, array([-16.,  -8.,  -8.,   0.]), array([0, 2, 2, 3, 3, 2, 0, 1, 1, 3, 3, 2, 2, 2, 1, 1, 0, 1, 0, 2, 1, 3,
       3, 1, 1], dtype=object)]
[678, array([-16.,  -8.,  -8.,   0.]), array([0, 2, 2, 3, 3, 2, 0, 1, 1, 3, 3, 2, 2, 2, 1, 1, 0, 1, 0, 2, 1, 3,
       3, 1, 1], dtype=object)]
[678, array([-16.,  -8.,  -8.,   0.]), array([0, 2, 2, 3, 3, 2, 0, 1, 1, 3, 3, 2, 2, 2, 1, 1, 0, 1, 0, 2, 1, 3,
       3, 1, 1], dtype=object)]
[678, array([-16.,  -8.,  -8.,   0.]), array([0, 2, 2, 3, 3, 2, 0, 1, 1, 3, 3, 2, 2, 2, 1, 1, 0, 1, 0, 2, 1, 3,
       3, 1, 1], dtype=object)]
[679, array([-16.,  -8.,  -8.,   0.]), array([2, 2, 2, 3, 3, 2, 0, 1, 1, 3, 3, 2, 2, 2, 1, 1, 2, 1, 0, 2, 1, 3,
       3, 1, 1], dtype=object)]
[679, array([-16.,  -8.,  -8.,   0.]), array([2, 2, 2, 3, 3, 2, 0, 1, 1, 3, 3, 2, 2, 2, 1, 1, 2, 1, 0, 2, 1, 3,
       3, 1, 1], dtype=object)]
[679, array([-16.,  -8.,  -8.,   0.]), array([2, 2, 2, 3, 3, 2, 0, 1, 1, 3, 3, 2, 2, 2, 1, 1, 2, 1, 0, 2, 1, 3,
       3, 1, 1], dtype=object)]
[679, array([-16.,  -8.,  -8.,   0.]), array([2, 2, 2, 3, 3, 2, 0, 1, 1, 3, 3, 2, 2, 2, 1, 1, 2, 1, 0, 2, 1, 3,
       3, 1, 1], dtype=object)]
[680, array([-16.,  -8.,  -8.,   0.]), array([3, 2, 2, 3, 3, 3, 0, 1, 1, 3, 3, 2, 2, 2, 1, 1, 0, 1, 0, 2, 1, 3,
       3, 1, 1], dtype=object)]
[680, array([-16.,  -8.,  -8.,   0.]), array([3, 2, 2, 3, 3, 3, 0, 1, 1, 3, 3, 2, 2, 2, 1, 1, 0, 1, 0, 2, 1, 3,
       3, 1, 1], dtype=object)]
[680, array([-16.,  -8.,  -8.,   0.]), array([3, 2, 2, 3, 3, 3, 0, 1, 1, 3, 3, 2, 2, 2, 1, 1, 0, 1, 0, 2, 1, 3,
       3, 1, 1], dtype=object)]
[680, array([-16.,  -8.,  -8.,   0.]), array([3, 2, 2, 3, 3, 3, 0, 1, 1, 3, 3, 2, 2, 2, 1, 1, 0, 1, 0, 2, 1, 3,
       3, 1, 1], dtype=object)]
[681, array([-16.,  -8.,  -8.,   0.]), array([2, 2, 2, 3, 3, 2, 0, 1, 1, 3, 3, 2, 2, 2, 1, 1, 0, 1, 0, 2, 1, 3,
       3, 1, 1], dtype=object)]
[681, array([-16.,  -8.,  -8.,   0.]), array([2, 2, 2, 3, 3, 2, 0, 1, 1, 3, 3, 2, 2, 2, 1, 1, 0, 1, 0, 2, 1, 3,
       3, 1, 1], dtype=object)]
[681, array([-16.,  -8.,  -8.,   0.]), array([2, 2, 2, 3, 3, 2, 0, 1, 1, 3, 3, 2, 2, 2, 1, 1, 0, 1, 0, 2, 1, 3,
       3, 1, 1], dtype=object)]
[681, array([-16.,  -8.,  -8.,   0.]), array([2, 2, 2, 3, 3, 2, 0, 1, 1, 3, 3, 2, 2, 2, 1, 1, 0, 1, 0, 2, 1, 3,
       3, 1, 1], dtype=object)]
[682, array([-16.,  -8.,  -8.,   0.]), array([3, 2, 2, 3, 3, 2, 0, 1, 1, 3, 3, 2, 2, 2, 1, 1, 2, 1, 0, 2, 1, 3,
       3, 1, 1], dtype=object)]
[682, array([-16.,  -8.,  -8.,   0.]), array([3, 2, 2, 3, 3, 2, 0, 1, 1, 3, 3, 2, 2, 2, 1, 1, 2, 1, 0, 2, 1, 3,
       3, 1, 1], dtype=object)]
[682, array([-16.,  -8.,  -8.,   0.]), array([3, 2, 2, 3, 3, 2, 0, 1, 1, 3, 3, 2, 2, 2, 1, 1, 2, 1, 0, 2, 1, 3,
       3, 1, 1], dtype=object)]
[682, array([-16.,  -8.,  -8.,   0.]), array([3, 2, 2, 3, 3, 2, 0, 1, 1, 3, 3, 2, 2, 2, 1, 1, 2, 1, 0, 2, 1, 3,
       3, 1, 1], dtype=object)]
[683, array([-16.,  -8.,  -8.,   0.]), array([2, 2, 2, 3, 3, 2, 0, 1, 1, 3, 3, 2, 2, 2, 1, 1, 0, 1, 0, 2, 1, 3,
       3, 1, 1], dtype=object)]
[683, array([-16.,  -8.,  -8.,   0.]), array([2, 2, 2, 3, 3, 2, 0, 1, 1, 3, 3, 2, 2, 2, 1, 1, 0, 1, 0, 2, 1, 3,
       3, 1, 1], dtype=object)]
[683, array([-16.,  -8.,  -8.,   0.]), array([2, 2, 2, 3, 3, 2, 0, 1, 1, 3, 3, 2, 2, 2, 1, 1, 0, 1, 0, 2, 1, 3,
       3, 1, 1], dtype=object)]
[683, array([-16.,  -8.,  -8.,   0.]), array([2, 2, 2, 3, 3, 2, 0, 1, 1, 3, 3, 2, 2, 2, 1, 1, 0, 1, 0, 2, 1, 3,
       3, 1, 1], dtype=object)]
[684, array([-16.,  -8.,  -8.,   0.]), array([3, 2, 2, 3, 3, 2, 0, 1, 1, 3, 3, 2, 2, 2, 1, 1, 0, 1, 0, 2, 1, 2,
       3, 1, 1], dtype=object)]
[684, array([-16.,  -8.,  -8.,   0.]), array([3, 2, 2, 3, 3, 2, 0, 1, 1, 3, 3, 2, 2, 2, 1, 1, 0, 1, 0, 2, 1, 2,
       3, 1, 1], dtype=object)]
[684, array([-16.,  -8.,  -8.,   0.]), array([3, 2, 2, 3, 3, 2, 0, 1, 1, 3, 3, 2, 2, 2, 1, 1, 0, 1, 0, 2, 1, 2,
       3, 1, 1], dtype=object)]
[684, array([-16.,  -8.,  -8.,   0.]), array([3, 2, 2, 3, 3, 2, 0, 1, 1, 3, 3, 2, 2, 2, 1, 1, 0, 1, 0, 2, 1, 2,
       3, 1, 1], dtype=object)]
[685, array([-16.,  -8.,  -8.,   0.]), array([2, 2, 2, 3, 3, 2, 0, 1, 1, 3, 3, 2, 2, 2, 1, 1, 0, 1, 0, 2, 1, 3,
       3, 1, 1], dtype=object)]
[685, array([-16.,  -8.,  -8.,   0.]), array([2, 2, 2, 3, 3, 2, 0, 1, 1, 3, 3, 2, 2, 2, 1, 1, 0, 1, 0, 2, 1, 3,
       3, 1, 1], dtype=object)]
[685, array([-16.,  -8.,  -8.,   0.]), array([2, 2, 2, 3, 3, 2, 0, 1, 1, 3, 3, 2, 2, 2, 1, 1, 0, 1, 0, 2, 1, 3,
       3, 1, 1], dtype=object)]
[685, array([-16.,  -8.,  -8.,   0.]), array([2, 2, 2, 3, 3, 2, 0, 1, 1, 3, 3, 2, 2, 2, 1, 1, 0, 1, 0, 2, 1, 3,
       3, 1, 1], dtype=object)]
[686, array([-16.,  -8.,  -8.,   0.]), array([2, 2, 2, 3, 3, 2, 0, 1, 1, 3, 3, 2, 2, 2, 1, 1, 3, 1, 0, 2, 1, 3,
       3, 1, 1], dtype=object)]
[686, array([-16.,  -8.,  -8.,   0.]), array([2, 2, 2, 3, 3, 2, 0, 1, 1, 3, 3, 2, 2, 2, 1, 1, 3, 1, 0, 2, 1, 3,
       3, 1, 1], dtype=object)]
[686, array([-16.,  -8.,  -8.,   0.]), array([2, 2, 2, 3, 3, 2, 0, 1, 1, 3, 3, 2, 2, 2, 1, 1, 3, 1, 0, 2, 1, 3,
       3, 1, 1], dtype=object)]
[686, array([-16.,  -8.,  -8.,   0.]), array([2, 2, 2, 3, 3, 2, 0, 1, 1, 3, 3, 2, 2, 2, 1, 1, 3, 1, 0, 2, 1, 3,
       3, 1, 1], dtype=object)]
[687, array([-16.,  -8.,  -8.,   0.]), array([2, 2, 2, 3, 3, 2, 0, 1, 1, 3, 3, 2, 2, 2, 1, 1, 0, 1, 0, 2, 1, 3,
       3, 1, 1], dtype=object)]
[687, array([-16.,  -8.,  -8.,   0.]), array([2, 2, 2, 3, 3, 2, 0, 1, 1, 3, 3, 2, 2, 2, 1, 1, 0, 1, 0, 2, 1, 3,
       3, 1, 1], dtype=object)]
[687, array([-16.,  -8.,  -8.,   0.]), array([2, 2, 2, 3, 3, 2, 0, 1, 1, 3, 3, 2, 2, 2, 1, 1, 0, 1, 0, 2, 1, 3,
       3, 1, 1], dtype=object)]
[687, array([-16.,  -8.,  -8.,   0.]), array([2, 2, 2, 3, 3, 2, 0, 1, 1, 3, 3, 2, 2, 2, 1, 1, 0, 1, 0, 2, 1, 3,
       3, 1, 1], dtype=object)]
[688, array([-16.,  -8.,  -8.,   0.]), array([0, 2, 2, 3, 3, 2, 0, 1, 1, 3, 3, 2, 2, 2, 1, 1, 0, 1, 1, 2, 1, 3,
       3, 1, 1], dtype=object)]
[688, array([-16.,  -8.,  -8.,   0.]), array([0, 2, 2, 3, 3, 2, 0, 1, 1, 3, 3, 2, 2, 2, 1, 1, 0, 1, 1, 2, 1, 3,
       3, 1, 1], dtype=object)]
[688, array([-16.,  -8.,  -8.,   0.]), array([0, 2, 2, 3, 3, 2, 0, 1, 1, 3, 3, 2, 2, 2, 1, 1, 0, 1, 1, 2, 1, 3,
       3, 1, 1], dtype=object)]
[688, array([-16.,  -8.,  -8.,   0.]), array([0, 2, 2, 3, 3, 2, 0, 1, 1, 3, 3, 2, 2, 2, 1, 1, 0, 1, 1, 2, 1, 3,
       3, 1, 1], dtype=object)]
[689, array([-16.,  -8.,  -8.,   0.]), array([2, 2, 2, 3, 3, 3, 0, 1, 1, 3, 3, 2, 2, 2, 1, 1, 0, 3, 0, 2, 1, 3,
       3, 1, 1], dtype=object)]
[689, array([-16.,  -8.,  -8.,   0.]), array([2, 2, 2, 3, 3, 3, 0, 1, 1, 3, 3, 2, 2, 2, 1, 1, 0, 3, 0, 2, 1, 3,
       3, 1, 1], dtype=object)]
[689, array([-16.,  -8.,  -8.,   0.]), array([2, 2, 2, 3, 3, 3, 0, 1, 1, 3, 3, 2, 2, 2, 1, 1, 0, 3, 0, 2, 1, 3,
       3, 1, 1], dtype=object)]
[689, array([-16.,  -8.,  -8.,   0.]), array([2, 2, 2, 3, 3, 3, 0, 1, 1, 3, 3, 2, 2, 2, 1, 1, 0, 3, 0, 2, 1, 3,
       3, 1, 1], dtype=object)]
[690, array([-16.,  -8.,  -8.,   0.]), array([0, 2, 2, 3, 3, 2, 0, 1, 1, 3, 3, 2, 2, 2, 1, 1, 0, 1, 0, 2, 1, 3,
       3, 1, 1], dtype=object)]
[690, array([-16.,  -8.,  -8.,   0.]), array([0, 2, 2, 3, 3, 2, 0, 1, 1, 3, 3, 2, 2, 2, 1, 1, 0, 1, 0, 2, 1, 3,
       3, 1, 1], dtype=object)]
[690, array([-16.,  -8.,  -8.,   0.]), array([0, 2, 2, 3, 3, 2, 0, 1, 1, 3, 3, 2, 2, 2, 1, 1, 0, 1, 0, 2, 1, 3,
       3, 1, 1], dtype=object)]
[690, array([-16.,  -8.,  -8.,   0.]), array([0, 2, 2, 3, 3, 2, 0, 1, 1, 3, 3, 2, 2, 2, 1, 1, 0, 1, 0, 2, 1, 3,
       3, 1, 1], dtype=object)]
[691, array([-16.,  -8.,  -8.,   0.]), array([2, 2, 2, 3, 3, 2, 0, 1, 1, 3, 3, 2, 2, 2, 1, 1, 3, 1, 0, 2, 1, 3,
       3, 1, 1], dtype=object)]
[691, array([-16.,  -8.,  -8.,   0.]), array([2, 2, 2, 3, 3, 2, 0, 1, 1, 3, 3, 2, 2, 2, 1, 1, 3, 1, 0, 2, 1, 3,
       3, 1, 1], dtype=object)]
[691, array([-16.,  -8.,  -8.,   0.]), array([2, 2, 2, 3, 3, 2, 0, 1, 1, 3, 3, 2, 2, 2, 1, 1, 3, 1, 0, 2, 1, 3,
       3, 1, 1], dtype=object)]
[691, array([-16.,  -8.,  -8.,   0.]), array([2, 2, 2, 3, 3, 2, 0, 1, 1, 3, 3, 2, 2, 2, 1, 1, 3, 1, 0, 2, 1, 3,
       3, 1, 1], dtype=object)]
[692, array([-16.,  -8.,  -8.,   0.]), array([2, 2, 2, 3, 3, 3, 0, 1, 1, 3, 3, 2, 2, 2, 1, 1, 0, 1, 0, 2, 1, 3,
       3, 1, 1], dtype=object)]
[692, array([-16.,  -8.,  -8.,   0.]), array([2, 2, 2, 3, 3, 3, 0, 1, 1, 3, 3, 2, 2, 2, 1, 1, 0, 1, 0, 2, 1, 3,
       3, 1, 1], dtype=object)]
[692, array([-16.,  -8.,  -8.,   0.]), array([2, 2, 2, 3, 3, 3, 0, 1, 1, 3, 3, 2, 2, 2, 1, 1, 0, 1, 0, 2, 1, 3,
       3, 1, 1], dtype=object)]
[692, array([-16.,  -8.,  -8.,   0.]), array([2, 2, 2, 3, 3, 3, 0, 1, 1, 3, 3, 2, 2, 2, 1, 1, 0, 1, 0, 2, 1, 3,
       3, 1, 1], dtype=object)]
[693, array([-16.,  -8.,  -8.,   0.]), array([2, 2, 2, 3, 3, 3, 0, 1, 1, 3, 3, 2, 2, 2, 1, 1, 3, 1, 0, 2, 1, 3,
       3, 1, 1], dtype=object)]
[693, array([-16.,  -8.,  -8.,   0.]), array([2, 2, 2, 3, 3, 3, 0, 1, 1, 3, 3, 2, 2, 2, 1, 1, 3, 1, 0, 2, 1, 3,
       3, 1, 1], dtype=object)]
[693, array([-16.,  -8.,  -8.,   0.]), array([2, 2, 2, 3, 3, 3, 0, 1, 1, 3, 3, 2, 2, 2, 1, 1, 3, 1, 0, 2, 1, 3,
       3, 1, 1], dtype=object)]
[693, array([-16.,  -8.,  -8.,   0.]), array([2, 2, 2, 3, 3, 3, 0, 1, 1, 3, 3, 2, 2, 2, 1, 1, 3, 1, 0, 2, 1, 3,
       3, 1, 1], dtype=object)]
[694, array([-16.,  -8.,  -8.,   0.]), array([2, 2, 2, 3, 3, 3, 0, 1, 1, 3, 3, 2, 2, 2, 1, 1, 0, 0, 0, 2, 1, 3,
       3, 1, 1], dtype=object)]
[694, array([-16.,  -8.,  -8.,   0.]), array([2, 2, 2, 3, 3, 3, 0, 1, 1, 3, 3, 2, 2, 2, 1, 1, 0, 0, 0, 2, 1, 3,
       3, 1, 1], dtype=object)]
[694, array([-16.,  -8.,  -8.,   0.]), array([2, 2, 2, 3, 3, 3, 0, 1, 1, 3, 3, 2, 2, 2, 1, 1, 0, 0, 0, 2, 1, 3,
       3, 1, 1], dtype=object)]
[694, array([-16.,  -8.,  -8.,   0.]), array([2, 2, 2, 3, 3, 3, 0, 1, 1, 3, 3, 2, 2, 2, 1, 1, 0, 0, 0, 2, 1, 3,
       3, 1, 1], dtype=object)]
[695, array([-16.,  -8.,  -8.,   0.]), array([2, 2, 2, 3, 3, 2, 0, 1, 1, 3, 3, 2, 2, 2, 1, 1, 0, 1, 0, 2, 1, 3,
       3, 1, 1], dtype=object)]
[695, array([-16.,  -8.,  -8.,   0.]), array([2, 2, 2, 3, 3, 2, 0, 1, 1, 3, 3, 2, 2, 2, 1, 1, 0, 1, 0, 2, 1, 3,
       3, 1, 1], dtype=object)]
[695, array([-16.,  -8.,  -8.,   0.]), array([2, 2, 2, 3, 3, 2, 0, 1, 1, 3, 3, 2, 2, 2, 1, 1, 0, 1, 0, 2, 1, 3,
       3, 1, 1], dtype=object)]
[695, array([-16.,  -8.,  -8.,   0.]), array([2, 2, 2, 3, 3, 2, 0, 1, 1, 3, 3, 2, 2, 2, 1, 1, 0, 1, 0, 2, 1, 3,
       3, 1, 1], dtype=object)]
[696, array([-16.,  -8.,  -8.,   0.]), array([2, 2, 2, 3, 3, 2, 0, 1, 1, 3, 3, 2, 2, 2, 1, 1, 1, 1, 0, 2, 1, 3,
       3, 1, 1], dtype=object)]
[696, array([-16.,  -8.,  -8.,   0.]), array([2, 2, 2, 3, 3, 2, 0, 1, 1, 3, 3, 2, 2, 2, 1, 1, 1, 1, 0, 2, 1, 3,
       3, 1, 1], dtype=object)]
[696, array([-16.,  -8.,  -8.,   0.]), array([2, 2, 2, 3, 3, 2, 0, 1, 1, 3, 3, 2, 2, 2, 1, 1, 1, 1, 0, 2, 1, 3,
       3, 1, 1], dtype=object)]
[696, array([-16.,  -8.,  -8.,   0.]), array([2, 2, 2, 3, 3, 2, 0, 1, 1, 3, 3, 2, 2, 2, 1, 1, 1, 1, 0, 2, 1, 3,
       3, 1, 1], dtype=object)]
[697, array([-16.,  -8.,  -8.,   0.]), array([2, 2, 2, 3, 3, 2, 0, 1, 1, 3, 3, 2, 2, 2, 1, 1, 0, 1, 0, 2, 1, 3,
       3, 1, 1], dtype=object)]
[697, array([-16.,  -8.,  -8.,   0.]), array([2, 2, 2, 3, 3, 2, 0, 1, 1, 3, 3, 2, 2, 2, 1, 1, 0, 1, 0, 2, 1, 3,
       3, 1, 1], dtype=object)]
[697, array([-16.,  -8.,  -8.,   0.]), array([2, 2, 2, 3, 3, 2, 0, 1, 1, 3, 3, 2, 2, 2, 1, 1, 0, 1, 0, 2, 1, 3,
       3, 1, 1], dtype=object)]
[697, array([-16.,  -8.,  -8.,   0.]), array([2, 2, 2, 3, 3, 2, 0, 1, 1, 3, 3, 2, 2, 2, 1, 1, 0, 1, 0, 2, 1, 3,
       3, 1, 1], dtype=object)]
[698, array([-16.,  -8.,  -8.,   0.]), array([2, 2, 2, 3, 3, 2, 0, 1, 1, 3, 3, 2, 2, 2, 1, 1, 3, 3, 0, 2, 1, 3,
       3, 1, 1], dtype=object)]
[698, array([-16.,  -8.,  -8.,   0.]), array([2, 2, 2, 3, 3, 2, 0, 1, 1, 3, 3, 2, 2, 2, 1, 1, 3, 3, 0, 2, 1, 3,
       3, 1, 1], dtype=object)]
[698, array([-16.,  -8.,  -8.,   0.]), array([2, 2, 2, 3, 3, 2, 0, 1, 1, 3, 3, 2, 2, 2, 1, 1, 3, 3, 0, 2, 1, 3,
       3, 1, 1], dtype=object)]
[698, array([-16.,  -8.,  -8.,   0.]), array([2, 2, 2, 3, 3, 2, 0, 1, 1, 3, 3, 2, 2, 2, 1, 1, 3, 3, 0, 2, 1, 3,
       3, 1, 1], dtype=object)]
[699, array([-16.,  -8.,  -8.,   0.]), array([2, 2, 2, 3, 3, 2, 0, 1, 1, 3, 3, 2, 2, 2, 1, 1, 3, 1, 0, 2, 1, 3,
       3, 1, 1], dtype=object)]
[699, array([-16.,  -8.,  -8.,   0.]), array([2, 2, 2, 3, 3, 2, 0, 1, 1, 3, 3, 2, 2, 2, 1, 1, 3, 1, 0, 2, 1, 3,
       3, 1, 1], dtype=object)]
[699, array([-16.,  -8.,  -8.,   0.]), array([2, 2, 2, 3, 3, 2, 0, 1, 1, 3, 3, 2, 2, 2, 1, 1, 3, 1, 0, 2, 1, 3,
       3, 1, 1], dtype=object)]
[699, array([-16.,  -8.,  -8.,   0.]), array([2, 2, 2, 3, 3, 2, 0, 1, 1, 3, 3, 2, 2, 2, 1, 1, 3, 1, 0, 2, 1, 3,
       3, 1, 1], dtype=object)]
[700, array([-16.,  -8.,  -8.,   0.]), array([2, 2, 2, 3, 3, 2, 0, 1, 1, 3, 3, 2, 2, 2, 1, 1, 3, 1, 2, 2, 1, 3,
       3, 1, 1], dtype=object)]
[700, array([-16.,  -8.,  -8.,   0.]), array([2, 2, 2, 3, 3, 2, 0, 1, 1, 3, 3, 2, 2, 2, 1, 1, 3, 1, 2, 2, 1, 3,
       3, 1, 1], dtype=object)]
[700, array([-16.,  -8.,  -8.,   0.]), array([2, 2, 2, 3, 3, 2, 0, 1, 1, 3, 3, 2, 2, 2, 1, 1, 3, 1, 2, 2, 1, 3,
       3, 1, 1], dtype=object)]
[700, array([-16.,  -8.,  -8.,   0.]), array([2, 2, 2, 3, 3, 2, 0, 1, 1, 3, 3, 2, 2, 2, 1, 1, 3, 1, 2, 2, 1, 3,
       3, 1, 1], dtype=object)]
[701, array([-16.,  -8.,  -8.,   0.]), array([2, 2, 2, 3, 3, 2, 0, 1, 1, 3, 3, 2, 2, 2, 1, 1, 3, 1, 0, 2, 1, 3,
       3, 1, 1], dtype=object)]
[701, array([-16.,  -8.,  -8.,   0.]), array([2, 2, 2, 3, 3, 2, 0, 1, 1, 3, 3, 2, 2, 2, 1, 1, 3, 1, 0, 2, 1, 3,
       3, 1, 1], dtype=object)]
[701, array([-16.,  -8.,  -8.,   0.]), array([2, 2, 2, 3, 3, 2, 0, 1, 1, 3, 3, 2, 2, 2, 1, 1, 3, 1, 0, 2, 1, 3,
       3, 1, 1], dtype=object)]
[701, array([-16.,  -8.,  -8.,   0.]), array([2, 2, 2, 3, 3, 2, 0, 1, 1, 3, 3, 2, 2, 2, 1, 1, 3, 1, 0, 2, 1, 3,
       3, 1, 1], dtype=object)]
[702, array([-16.,  -8.,  -8.,   0.]), array([2, 2, 2, 3, 3, 0, 0, 1, 1, 3, 3, 2, 2, 2, 1, 1, 3, 1, 0, 2, 1, 3,
       3, 1, 1], dtype=object)]
[702, array([-16.,  -8.,  -8.,   0.]), array([2, 2, 2, 3, 3, 0, 0, 1, 1, 3, 3, 2, 2, 2, 1, 1, 3, 1, 0, 2, 1, 3,
       3, 1, 1], dtype=object)]
[702, array([-16.,  -8.,  -8.,   0.]), array([2, 2, 2, 3, 3, 0, 0, 1, 1, 3, 3, 2, 2, 2, 1, 1, 3, 1, 0, 2, 1, 3,
       3, 1, 1], dtype=object)]
[702, array([-16.,  -8.,  -8.,   0.]), array([2, 2, 2, 3, 3, 0, 0, 1, 1, 3, 3, 2, 2, 2, 1, 1, 3, 1, 0, 2, 1, 3,
       3, 1, 1], dtype=object)]
[703, array([-16.,  -8.,  -8.,   0.]), array([2, 2, 2, 3, 3, 2, 0, 1, 1, 3, 3, 2, 2, 2, 1, 1, 3, 1, 0, 2, 1, 3,
       3, 1, 1], dtype=object)]
[703, array([-16.,  -8.,  -8.,   0.]), array([2, 2, 2, 3, 3, 2, 0, 1, 1, 3, 3, 2, 2, 2, 1, 1, 3, 1, 0, 2, 1, 3,
       3, 1, 1], dtype=object)]
[703, array([-16.,  -8.,  -8.,   0.]), array([2, 2, 2, 3, 3, 2, 0, 1, 1, 3, 3, 2, 2, 2, 1, 1, 3, 1, 0, 2, 1, 3,
       3, 1, 1], dtype=object)]
[703, array([-16.,  -8.,  -8.,   0.]), array([2, 2, 2, 3, 3, 2, 0, 1, 1, 3, 3, 2, 2, 2, 1, 1, 3, 1, 0, 2, 1, 3,
       3, 1, 1], dtype=object)]
[704, array([-16.,  -8.,  -8.,   0.]), array([2, 2, 2, 3, 3, 2, 0, 1, 1, 3, 3, 2, 2, 2, 1, 1, 0, 1, 1, 2, 1, 3,
       3, 1, 1], dtype=object)]
[704, array([-16.,  -8.,  -8.,   0.]), array([2, 2, 2, 3, 3, 2, 0, 1, 1, 3, 3, 2, 2, 2, 1, 1, 0, 1, 1, 2, 1, 3,
       3, 1, 1], dtype=object)]
[704, array([-16.,  -8.,  -8.,   0.]), array([2, 2, 2, 3, 3, 2, 0, 1, 1, 3, 3, 2, 2, 2, 1, 1, 0, 1, 1, 2, 1, 3,
       3, 1, 1], dtype=object)]
[704, array([-16.,  -8.,  -8.,   0.]), array([2, 2, 2, 3, 3, 2, 0, 1, 1, 3, 3, 2, 2, 2, 1, 1, 0, 1, 1, 2, 1, 3,
       3, 1, 1], dtype=object)]
[705, array([-16.,  -8.,  -8.,   0.]), array([2, 2, 2, 3, 3, 2, 0, 1, 1, 3, 3, 2, 2, 2, 1, 1, 3, 1, 0, 2, 1, 0,
       3, 1, 1], dtype=object)]
[705, array([-16.,  -8.,  -8.,   0.]), array([2, 2, 2, 3, 3, 2, 0, 1, 1, 3, 3, 2, 2, 2, 1, 1, 3, 1, 0, 2, 1, 0,
       3, 1, 1], dtype=object)]
[705, array([-16.,  -8.,  -8.,   0.]), array([2, 2, 2, 3, 3, 2, 0, 1, 1, 3, 3, 2, 2, 2, 1, 1, 3, 1, 0, 2, 1, 0,
       3, 1, 1], dtype=object)]
[705, array([-16.,  -8.,  -8.,   0.]), array([2, 2, 2, 3, 3, 2, 0, 1, 1, 3, 3, 2, 2, 2, 1, 1, 3, 1, 0, 2, 1, 0,
       3, 1, 1], dtype=object)]
[706, array([-16.,  -8.,  -8.,   0.]), array([2, 2, 2, 3, 3, 2, 0, 1, 1, 3, 3, 2, 2, 2, 1, 1, 3, 1, 0, 2, 1, 0,
       3, 1, 1], dtype=object)]
[706, array([-16.,  -8.,  -8.,   0.]), array([2, 2, 2, 3, 3, 2, 0, 1, 1, 3, 3, 2, 2, 2, 1, 1, 3, 1, 0, 2, 1, 0,
       3, 1, 1], dtype=object)]
[706, array([-16.,  -8.,  -8.,   0.]), array([2, 2, 2, 3, 3, 2, 0, 1, 1, 3, 3, 2, 2, 2, 1, 1, 3, 1, 0, 2, 1, 0,
       3, 1, 1], dtype=object)]
[706, array([-16.,  -8.,  -8.,   0.]), array([2, 2, 2, 3, 3, 2, 0, 1, 1, 3, 3, 2, 2, 2, 1, 1, 3, 1, 0, 2, 1, 0,
       3, 1, 1], dtype=object)]
[707, array([-16.,  -8.,  -8.,   0.]), array([2, 2, 2, 3, 3, 2, 0, 1, 1, 3, 3, 2, 2, 2, 1, 1, 3, 1, 0, 2, 1, 3,
       3, 1, 1], dtype=object)]
[707, array([-16.,  -8.,  -8.,   0.]), array([2, 2, 2, 3, 3, 2, 0, 1, 1, 3, 3, 2, 2, 2, 1, 1, 3, 1, 0, 2, 1, 3,
       3, 1, 1], dtype=object)]
[707, array([-16.,  -8.,  -8.,   0.]), array([2, 2, 2, 3, 3, 2, 0, 1, 1, 3, 3, 2, 2, 2, 1, 1, 3, 1, 0, 2, 1, 3,
       3, 1, 1], dtype=object)]
[707, array([-16.,  -8.,  -8.,   0.]), array([2, 2, 2, 3, 3, 2, 0, 1, 1, 3, 3, 2, 2, 2, 1, 1, 3, 1, 0, 2, 1, 3,
       3, 1, 1], dtype=object)]
[708, array([-16.,  -8.,  -8.,   0.]), array([2, 2, 2, 3, 3, 2, 0, 1, 1, 3, 3, 2, 2, 2, 1, 1, 3, 0, 0, 2, 1, 3,
       3, 1, 1], dtype=object)]
[708, array([-16.,  -8.,  -8.,   0.]), array([2, 2, 2, 3, 3, 2, 0, 1, 1, 3, 3, 2, 2, 2, 1, 1, 3, 0, 0, 2, 1, 3,
       3, 1, 1], dtype=object)]
[708, array([-16.,  -8.,  -8.,   0.]), array([2, 2, 2, 3, 3, 2, 0, 1, 1, 3, 3, 2, 2, 2, 1, 1, 3, 0, 0, 2, 1, 3,
       3, 1, 1], dtype=object)]
[708, array([-16.,  -8.,  -8.,   0.]), array([2, 2, 2, 3, 3, 2, 0, 1, 1, 3, 3, 2, 2, 2, 1, 1, 3, 0, 0, 2, 1, 3,
       3, 1, 1], dtype=object)]
[709, array([-16.,  -8.,  -8.,   0.]), array([2, 2, 2, 3, 3, 2, 0, 1, 1, 3, 3, 2, 2, 2, 1, 1, 3, 1, 0, 2, 1, 0,
       3, 1, 1], dtype=object)]
[709, array([-16.,  -8.,  -8.,   0.]), array([2, 2, 2, 3, 3, 2, 0, 1, 1, 3, 3, 2, 2, 2, 1, 1, 3, 1, 0, 2, 1, 0,
       3, 1, 1], dtype=object)]
[709, array([-16.,  -8.,  -8.,   0.]), array([2, 2, 2, 3, 3, 2, 0, 1, 1, 3, 3, 2, 2, 2, 1, 1, 3, 1, 0, 2, 1, 0,
       3, 1, 1], dtype=object)]
[709, array([-16.,  -8.,  -8.,   0.]), array([2, 2, 2, 3, 3, 2, 0, 1, 1, 3, 3, 2, 2, 2, 1, 1, 3, 1, 0, 2, 1, 0,
       3, 1, 1], dtype=object)]
[710, array([-16.,  -8.,  -8.,   0.]), array([2, 2, 2, 3, 3, 0, 0, 1, 1, 3, 3, 2, 2, 2, 1, 1, 3, 1, 0, 2, 1, 0,
       3, 1, 1], dtype=object)]
[710, array([-16.,  -8.,  -8.,   0.]), array([2, 2, 2, 3, 3, 0, 0, 1, 1, 3, 3, 2, 2, 2, 1, 1, 3, 1, 0, 2, 1, 0,
       3, 1, 1], dtype=object)]
[710, array([-16.,  -8.,  -8.,   0.]), array([2, 2, 2, 3, 3, 0, 0, 1, 1, 3, 3, 2, 2, 2, 1, 1, 3, 1, 0, 2, 1, 0,
       3, 1, 1], dtype=object)]
[710, array([-16.,  -8.,  -8.,   0.]), array([2, 2, 2, 3, 3, 0, 0, 1, 1, 3, 3, 2, 2, 2, 1, 1, 3, 1, 0, 2, 1, 0,
       3, 1, 1], dtype=object)]
[711, array([-16.,  -8.,  -8.,   0.]), array([2, 2, 2, 3, 3, 2, 0, 1, 1, 3, 3, 2, 2, 2, 1, 1, 3, 1, 2, 2, 1, 3,
       3, 1, 1], dtype=object)]
[711, array([-16.,  -8.,  -8.,   0.]), array([2, 2, 2, 3, 3, 2, 0, 1, 1, 3, 3, 2, 2, 2, 1, 1, 3, 1, 2, 2, 1, 3,
       3, 1, 1], dtype=object)]
[711, array([-16.,  -8.,  -8.,   0.]), array([2, 2, 2, 3, 3, 2, 0, 1, 1, 3, 3, 2, 2, 2, 1, 1, 3, 1, 2, 2, 1, 3,
       3, 1, 1], dtype=object)]
[711, array([-16.,  -8.,  -8.,   0.]), array([2, 2, 2, 3, 3, 2, 0, 1, 1, 3, 3, 2, 2, 2, 1, 1, 3, 1, 2, 2, 1, 3,
       3, 1, 1], dtype=object)]
[712, array([-16.,  -8.,  -8.,   0.]), array([2, 2, 2, 3, 3, 0, 0, 1, 1, 3, 3, 2, 2, 2, 1, 1, 3, 1, 2, 2, 1, 3,
       3, 1, 1], dtype=object)]
[712, array([-16.,  -8.,  -8.,   0.]), array([2, 2, 2, 3, 3, 0, 0, 1, 1, 3, 3, 2, 2, 2, 1, 1, 3, 1, 2, 2, 1, 3,
       3, 1, 1], dtype=object)]
[712, array([-16.,  -8.,  -8.,   0.]), array([2, 2, 2, 3, 3, 0, 0, 1, 1, 3, 3, 2, 2, 2, 1, 1, 3, 1, 2, 2, 1, 3,
       3, 1, 1], dtype=object)]
[712, array([-16.,  -8.,  -8.,   0.]), array([2, 2, 2, 3, 3, 0, 0, 1, 1, 3, 3, 2, 2, 2, 1, 1, 3, 1, 2, 2, 1, 3,
       3, 1, 1], dtype=object)]
[713, array([-16.,  -8.,  -8.,   0.]), array([2, 2, 2, 3, 3, 2, 0, 1, 1, 3, 3, 2, 2, 2, 1, 1, 3, 1, 0, 2, 1, 3,
       3, 1, 1], dtype=object)]
[713, array([-16.,  -8.,  -8.,   0.]), array([2, 2, 2, 3, 3, 2, 0, 1, 1, 3, 3, 2, 2, 2, 1, 1, 3, 1, 0, 2, 1, 3,
       3, 1, 1], dtype=object)]
[713, array([-16.,  -8.,  -8.,   0.]), array([2, 2, 2, 3, 3, 2, 0, 1, 1, 3, 3, 2, 2, 2, 1, 1, 3, 1, 0, 2, 1, 3,
       3, 1, 1], dtype=object)]
[713, array([-16.,  -8.,  -8.,   0.]), array([2, 2, 2, 3, 3, 2, 0, 1, 1, 3, 3, 2, 2, 2, 1, 1, 3, 1, 0, 2, 1, 3,
       3, 1, 1], dtype=object)]
[714, array([-16.,  -8.,  -8.,   0.]), array([2, 2, 2, 3, 3, 0, 0, 1, 1, 3, 3, 2, 2, 2, 1, 1, 3, 1, 2, 2, 1, 0,
       3, 1, 1], dtype=object)]
[714, array([-16.,  -8.,  -8.,   0.]), array([2, 2, 2, 3, 3, 0, 0, 1, 1, 3, 3, 2, 2, 2, 1, 1, 3, 1, 2, 2, 1, 0,
       3, 1, 1], dtype=object)]
[714, array([-16.,  -8.,  -8.,   0.]), array([2, 2, 2, 3, 3, 0, 0, 1, 1, 3, 3, 2, 2, 2, 1, 1, 3, 1, 2, 2, 1, 0,
       3, 1, 1], dtype=object)]
[714, array([-16.,  -8.,  -8.,   0.]), array([2, 2, 2, 3, 3, 0, 0, 1, 1, 3, 3, 2, 2, 2, 1, 1, 3, 1, 2, 2, 1, 0,
       3, 1, 1], dtype=object)]
[715, array([-16.,  -8.,  -8.,   0.]), array([2, 2, 2, 3, 3, 2, 0, 1, 1, 3, 3, 2, 2, 2, 1, 1, 3, 1, 0, 2, 1, 3,
       3, 1, 1], dtype=object)]
[715, array([-16.,  -8.,  -8.,   0.]), array([2, 2, 2, 3, 3, 2, 0, 1, 1, 3, 3, 2, 2, 2, 1, 1, 3, 1, 0, 2, 1, 3,
       3, 1, 1], dtype=object)]
[715, array([-16.,  -8.,  -8.,   0.]), array([2, 2, 2, 3, 3, 2, 0, 1, 1, 3, 3, 2, 2, 2, 1, 1, 3, 1, 0, 2, 1, 3,
       3, 1, 1], dtype=object)]
[715, array([-16.,  -8.,  -8.,   0.]), array([2, 2, 2, 3, 3, 2, 0, 1, 1, 3, 3, 2, 2, 2, 1, 1, 3, 1, 0, 2, 1, 3,
       3, 1, 1], dtype=object)]
[716, array([-14.,  -7.,  -7.,   0.]), array([2, 2, 3, 3, 3, 2, 0, 1, 1, 3, 3, 2, 2, 2, 1, 1, 3, 1, 0, 2, 1, 3,
       3, 1, 1], dtype=object)]
[716, array([-14.,  -7.,  -7.,   0.]), array([2, 2, 3, 3, 3, 2, 0, 1, 1, 3, 3, 2, 2, 2, 1, 1, 3, 1, 0, 2, 1, 3,
       3, 1, 1], dtype=object)]
[716, array([-14.,  -7.,  -7.,   0.]), array([2, 2, 3, 3, 3, 2, 0, 1, 1, 3, 3, 2, 2, 2, 1, 1, 3, 1, 0, 2, 1, 3,
       3, 1, 1], dtype=object)]
[716, array([-14.,  -7.,  -7.,   0.]), array([2, 2, 3, 3, 3, 2, 0, 1, 1, 3, 3, 2, 2, 2, 1, 1, 3, 1, 0, 2, 1, 3,
       3, 1, 1], dtype=object)]
[717, array([-16.,  -8.,  -8.,   0.]), array([2, 2, 2, 3, 3, 0, 0, 1, 1, 3, 3, 2, 2, 2, 1, 1, 3, 1, 0, 2, 1, 3,
       3, 1, 1], dtype=object)]
[717, array([-16.,  -8.,  -8.,   0.]), array([2, 2, 2, 3, 3, 0, 0, 1, 1, 3, 3, 2, 2, 2, 1, 1, 3, 1, 0, 2, 1, 3,
       3, 1, 1], dtype=object)]
[717, array([-16.,  -8.,  -8.,   0.]), array([2, 2, 2, 3, 3, 0, 0, 1, 1, 3, 3, 2, 2, 2, 1, 1, 3, 1, 0, 2, 1, 3,
       3, 1, 1], dtype=object)]
[717, array([-16.,  -8.,  -8.,   0.]), array([2, 2, 2, 3, 3, 0, 0, 1, 1, 3, 3, 2, 2, 2, 1, 1, 3, 1, 0, 2, 1, 3,
       3, 1, 1], dtype=object)]
[718, array([-16.,  -8.,  -8.,   0.]), array([3, 2, 2, 3, 3, 2, 0, 1, 1, 3, 3, 2, 2, 2, 1, 1, 3, 1, 0, 2, 1, 3,
       3, 1, 1], dtype=object)]
[718, array([-16.,  -8.,  -8.,   0.]), array([3, 2, 2, 3, 3, 2, 0, 1, 1, 3, 3, 2, 2, 2, 1, 1, 3, 1, 0, 2, 1, 3,
       3, 1, 1], dtype=object)]
[718, array([-16.,  -8.,  -8.,   0.]), array([3, 2, 2, 3, 3, 2, 0, 1, 1, 3, 3, 2, 2, 2, 1, 1, 3, 1, 0, 2, 1, 3,
       3, 1, 1], dtype=object)]
[718, array([-16.,  -8.,  -8.,   0.]), array([3, 2, 2, 3, 3, 2, 0, 1, 1, 3, 3, 2, 2, 2, 1, 1, 3, 1, 0, 2, 1, 3,
       3, 1, 1], dtype=object)]
[719, array([-16.,  -8.,  -8.,   0.]), array([2, 2, 2, 3, 3, 2, 0, 1, 1, 3, 3, 2, 2, 2, 1, 1, 3, 1, 0, 2, 1, 3,
       3, 1, 1], dtype=object)]
[719, array([-16.,  -8.,  -8.,   0.]), array([2, 2, 2, 3, 3, 2, 0, 1, 1, 3, 3, 2, 2, 2, 1, 1, 3, 1, 0, 2, 1, 3,
       3, 1, 1], dtype=object)]
[719, array([-16.,  -8.,  -8.,   0.]), array([2, 2, 2, 3, 3, 2, 0, 1, 1, 3, 3, 2, 2, 2, 1, 1, 3, 1, 0, 2, 1, 3,
       3, 1, 1], dtype=object)]
[719, array([-16.,  -8.,  -8.,   0.]), array([2, 2, 2, 3, 3, 2, 0, 1, 1, 3, 3, 2, 2, 2, 1, 1, 3, 1, 0, 2, 1, 3,
       3, 1, 1], dtype=object)]
[720, array([-16.,  -8.,  -8.,   0.]), array([2, 2, 2, 3, 3, 2, 0, 1, 1, 3, 3, 2, 2, 2, 1, 1, 3, 1, 2, 2, 1, 3,
       3, 1, 1], dtype=object)]
[720, array([-16.,  -8.,  -8.,   0.]), array([2, 2, 2, 3, 3, 2, 0, 1, 1, 3, 3, 2, 2, 2, 1, 1, 3, 1, 2, 2, 1, 3,
       3, 1, 1], dtype=object)]
[720, array([-16.,  -8.,  -8.,   0.]), array([2, 2, 2, 3, 3, 2, 0, 1, 1, 3, 3, 2, 2, 2, 1, 1, 3, 1, 2, 2, 1, 3,
       3, 1, 1], dtype=object)]
[720, array([-16.,  -8.,  -8.,   0.]), array([2, 2, 2, 3, 3, 2, 0, 1, 1, 3, 3, 2, 2, 2, 1, 1, 3, 1, 2, 2, 1, 3,
       3, 1, 1], dtype=object)]
[721, array([-16.,  -8.,  -8.,   0.]), array([2, 2, 2, 3, 3, 2, 0, 1, 1, 3, 3, 2, 2, 2, 1, 1, 3, 1, 0, 2, 1, 0,
       3, 1, 1], dtype=object)]
[721, array([-16.,  -8.,  -8.,   0.]), array([2, 2, 2, 3, 3, 2, 0, 1, 1, 3, 3, 2, 2, 2, 1, 1, 3, 1, 0, 2, 1, 0,
       3, 1, 1], dtype=object)]
[721, array([-16.,  -8.,  -8.,   0.]), array([2, 2, 2, 3, 3, 2, 0, 1, 1, 3, 3, 2, 2, 2, 1, 1, 3, 1, 0, 2, 1, 0,
       3, 1, 1], dtype=object)]
[721, array([-16.,  -8.,  -8.,   0.]), array([2, 2, 2, 3, 3, 2, 0, 1, 1, 3, 3, 2, 2, 2, 1, 1, 3, 1, 0, 2, 1, 0,
       3, 1, 1], dtype=object)]
[722, array([-16.,  -8.,  -8.,   0.]), array([1, 2, 2, 3, 3, 2, 0, 1, 1, 3, 3, 2, 2, 2, 1, 1, 3, 1, 0, 2, 1, 3,
       3, 1, 1], dtype=object)]
[722, array([-16.,  -8.,  -8.,   0.]), array([1, 2, 2, 3, 3, 2, 0, 1, 1, 3, 3, 2, 2, 2, 1, 1, 3, 1, 0, 2, 1, 3,
       3, 1, 1], dtype=object)]
[722, array([-16.,  -8.,  -8.,   0.]), array([1, 2, 2, 3, 3, 2, 0, 1, 1, 3, 3, 2, 2, 2, 1, 1, 3, 1, 0, 2, 1, 3,
       3, 1, 1], dtype=object)]
[722, array([-16.,  -8.,  -8.,   0.]), array([1, 2, 2, 3, 3, 2, 0, 1, 1, 3, 3, 2, 2, 2, 1, 1, 3, 1, 0, 2, 1, 3,
       3, 1, 1], dtype=object)]
[723, array([-16.,  -8.,  -8.,   0.]), array([2, 2, 2, 3, 3, 2, 0, 1, 1, 3, 3, 2, 2, 2, 1, 1, 3, 1, 0, 2, 1, 3,
       3, 1, 1], dtype=object)]
[723, array([-16.,  -8.,  -8.,   0.]), array([2, 2, 2, 3, 3, 2, 0, 1, 1, 3, 3, 2, 2, 2, 1, 1, 3, 1, 0, 2, 1, 3,
       3, 1, 1], dtype=object)]
[723, array([-16.,  -8.,  -8.,   0.]), array([2, 2, 2, 3, 3, 2, 0, 1, 1, 3, 3, 2, 2, 2, 1, 1, 3, 1, 0, 2, 1, 3,
       3, 1, 1], dtype=object)]
[723, array([-16.,  -8.,  -8.,   0.]), array([2, 2, 2, 3, 3, 2, 0, 1, 1, 3, 3, 2, 2, 2, 1, 1, 3, 1, 0, 2, 1, 3,
       3, 1, 1], dtype=object)]
[724, array([-16.,  -8.,  -8.,   0.]), array([2, 2, 2, 3, 3, 2, 0, 1, 1, 3, 3, 2, 2, 2, 1, 1, 0, 1, 0, 2, 1, 3,
       3, 1, 1], dtype=object)]
[724, array([-16.,  -8.,  -8.,   0.]), array([2, 2, 2, 3, 3, 2, 0, 1, 1, 3, 3, 2, 2, 2, 1, 1, 0, 1, 0, 2, 1, 3,
       3, 1, 1], dtype=object)]
[724, array([-16.,  -8.,  -8.,   0.]), array([2, 2, 2, 3, 3, 2, 0, 1, 1, 3, 3, 2, 2, 2, 1, 1, 0, 1, 0, 2, 1, 3,
       3, 1, 1], dtype=object)]
[724, array([-16.,  -8.,  -8.,   0.]), array([2, 2, 2, 3, 3, 2, 0, 1, 1, 3, 3, 2, 2, 2, 1, 1, 0, 1, 0, 2, 1, 3,
       3, 1, 1], dtype=object)]
[725, array([-16.,  -8.,  -8.,   0.]), array([2, 2, 2, 3, 3, 2, 0, 1, 1, 3, 3, 2, 2, 2, 1, 1, 3, 1, 0, 2, 1, 3,
       3, 1, 1], dtype=object)]
[725, array([-16.,  -8.,  -8.,   0.]), array([2, 2, 2, 3, 3, 2, 0, 1, 1, 3, 3, 2, 2, 2, 1, 1, 3, 1, 0, 2, 1, 3,
       3, 1, 1], dtype=object)]
[725, array([-16.,  -8.,  -8.,   0.]), array([2, 2, 2, 3, 3, 2, 0, 1, 1, 3, 3, 2, 2, 2, 1, 1, 3, 1, 0, 2, 1, 3,
       3, 1, 1], dtype=object)]
[725, array([-16.,  -8.,  -8.,   0.]), array([2, 2, 2, 3, 3, 2, 0, 1, 1, 3, 3, 2, 2, 2, 1, 1, 3, 1, 0, 2, 1, 3,
       3, 1, 1], dtype=object)]
[726, array([-16.,  -8.,  -8.,   0.]), array([2, 2, 2, 3, 3, 2, 0, 1, 1, 3, 3, 2, 2, 2, 1, 1, 3, 1, 3, 2, 1, 3,
       3, 1, 1], dtype=object)]
[726, array([-16.,  -8.,  -8.,   0.]), array([2, 2, 2, 3, 3, 2, 0, 1, 1, 3, 3, 2, 2, 2, 1, 1, 3, 1, 3, 2, 1, 3,
       3, 1, 1], dtype=object)]
[726, array([-16.,  -8.,  -8.,   0.]), array([2, 2, 2, 3, 3, 2, 0, 1, 1, 3, 3, 2, 2, 2, 1, 1, 3, 1, 3, 2, 1, 3,
       3, 1, 1], dtype=object)]
[726, array([-16.,  -8.,  -8.,   0.]), array([2, 2, 2, 3, 3, 2, 0, 1, 1, 3, 3, 2, 2, 2, 1, 1, 3, 1, 3, 2, 1, 3,
       3, 1, 1], dtype=object)]
[727, array([-16.,  -8.,  -8.,   0.]), array([2, 2, 2, 3, 3, 2, 0, 1, 1, 3, 3, 2, 2, 2, 1, 1, 3, 1, 0, 2, 1, 3,
       3, 1, 1], dtype=object)]
[727, array([-16.,  -8.,  -8.,   0.]), array([2, 2, 2, 3, 3, 2, 0, 1, 1, 3, 3, 2, 2, 2, 1, 1, 3, 1, 0, 2, 1, 3,
       3, 1, 1], dtype=object)]
[727, array([-16.,  -8.,  -8.,   0.]), array([2, 2, 2, 3, 3, 2, 0, 1, 1, 3, 3, 2, 2, 2, 1, 1, 3, 1, 0, 2, 1, 3,
       3, 1, 1], dtype=object)]
[727, array([-16.,  -8.,  -8.,   0.]), array([2, 2, 2, 3, 3, 2, 0, 1, 1, 3, 3, 2, 2, 2, 1, 1, 3, 1, 0, 2, 1, 3,
       3, 1, 1], dtype=object)]
[728, array([-16.,  -8.,  -8.,   0.]), array([2, 2, 2, 3, 3, 2, 0, 1, 1, 3, 3, 2, 2, 2, 1, 1, 3, 0, 0, 2, 1, 3,
       3, 1, 1], dtype=object)]
[728, array([-16.,  -8.,  -8.,   0.]), array([2, 2, 2, 3, 3, 2, 0, 1, 1, 3, 3, 2, 2, 2, 1, 1, 3, 0, 0, 2, 1, 3,
       3, 1, 1], dtype=object)]
[728, array([-16.,  -8.,  -8.,   0.]), array([2, 2, 2, 3, 3, 2, 0, 1, 1, 3, 3, 2, 2, 2, 1, 1, 3, 0, 0, 2, 1, 3,
       3, 1, 1], dtype=object)]
[728, array([-16.,  -8.,  -8.,   0.]), array([2, 2, 2, 3, 3, 2, 0, 1, 1, 3, 3, 2, 2, 2, 1, 1, 3, 0, 0, 2, 1, 3,
       3, 1, 1], dtype=object)]
[729, array([-16.,  -8.,  -8.,   0.]), array([2, 2, 2, 3, 3, 2, 0, 1, 1, 3, 3, 2, 2, 2, 1, 1, 3, 2, 0, 2, 1, 3,
       3, 1, 1], dtype=object)]
[729, array([-16.,  -8.,  -8.,   0.]), array([2, 2, 2, 3, 3, 2, 0, 1, 1, 3, 3, 2, 2, 2, 1, 1, 3, 2, 0, 2, 1, 3,
       3, 1, 1], dtype=object)]
[729, array([-16.,  -8.,  -8.,   0.]), array([2, 2, 2, 3, 3, 2, 0, 1, 1, 3, 3, 2, 2, 2, 1, 1, 3, 2, 0, 2, 1, 3,
       3, 1, 1], dtype=object)]
[729, array([-16.,  -8.,  -8.,   0.]), array([2, 2, 2, 3, 3, 2, 0, 1, 1, 3, 3, 2, 2, 2, 1, 1, 3, 2, 0, 2, 1, 3,
       3, 1, 1], dtype=object)]
[730, array([-16.,  -8.,  -8.,   0.]), array([2, 2, 2, 3, 3, 3, 0, 1, 1, 3, 3, 2, 2, 2, 1, 1, 2, 1, 0, 2, 1, 3,
       3, 1, 1], dtype=object)]
[730, array([-16.,  -8.,  -8.,   0.]), array([2, 2, 2, 3, 3, 3, 0, 1, 1, 3, 3, 2, 2, 2, 1, 1, 2, 1, 0, 2, 1, 3,
       3, 1, 1], dtype=object)]
[730, array([-16.,  -8.,  -8.,   0.]), array([2, 2, 2, 3, 3, 3, 0, 1, 1, 3, 3, 2, 2, 2, 1, 1, 2, 1, 0, 2, 1, 3,
       3, 1, 1], dtype=object)]
[730, array([-16.,  -8.,  -8.,   0.]), array([2, 2, 2, 3, 3, 3, 0, 1, 1, 3, 3, 2, 2, 2, 1, 1, 2, 1, 0, 2, 1, 3,
       3, 1, 1], dtype=object)]
[731, array([-16.,  -8.,  -8.,   0.]), array([2, 2, 2, 3, 3, 2, 0, 1, 1, 3, 3, 2, 2, 2, 1, 1, 3, 1, 0, 2, 1, 3,
       3, 1, 1], dtype=object)]
[731, array([-16.,  -8.,  -8.,   0.]), array([2, 2, 2, 3, 3, 2, 0, 1, 1, 3, 3, 2, 2, 2, 1, 1, 3, 1, 0, 2, 1, 3,
       3, 1, 1], dtype=object)]
[731, array([-16.,  -8.,  -8.,   0.]), array([2, 2, 2, 3, 3, 2, 0, 1, 1, 3, 3, 2, 2, 2, 1, 1, 3, 1, 0, 2, 1, 3,
       3, 1, 1], dtype=object)]
[731, array([-16.,  -8.,  -8.,   0.]), array([2, 2, 2, 3, 3, 2, 0, 1, 1, 3, 3, 2, 2, 2, 1, 1, 3, 1, 0, 2, 1, 3,
       3, 1, 1], dtype=object)]
[732, array([-16.,  -8.,  -8.,   0.]), array([2, 2, 2, 3, 3, 2, 0, 1, 1, 3, 3, 2, 2, 2, 1, 1, 3, 1, 2, 2, 1, 3,
       3, 1, 1], dtype=object)]
[732, array([-16.,  -8.,  -8.,   0.]), array([2, 2, 2, 3, 3, 2, 0, 1, 1, 3, 3, 2, 2, 2, 1, 1, 3, 1, 2, 2, 1, 3,
       3, 1, 1], dtype=object)]
[732, array([-16.,  -8.,  -8.,   0.]), array([2, 2, 2, 3, 3, 2, 0, 1, 1, 3, 3, 2, 2, 2, 1, 1, 3, 1, 2, 2, 1, 3,
       3, 1, 1], dtype=object)]
[732, array([-16.,  -8.,  -8.,   0.]), array([2, 2, 2, 3, 3, 2, 0, 1, 1, 3, 3, 2, 2, 2, 1, 1, 3, 1, 2, 2, 1, 3,
       3, 1, 1], dtype=object)]
[733, array([-16.,  -8.,  -8.,   0.]), array([2, 2, 2, 3, 3, 2, 0, 1, 1, 3, 3, 2, 2, 2, 1, 1, 2, 1, 0, 2, 1, 3,
       3, 1, 1], dtype=object)]
[733, array([-16.,  -8.,  -8.,   0.]), array([2, 2, 2, 3, 3, 2, 0, 1, 1, 3, 3, 2, 2, 2, 1, 1, 2, 1, 0, 2, 1, 3,
       3, 1, 1], dtype=object)]
[733, array([-16.,  -8.,  -8.,   0.]), array([2, 2, 2, 3, 3, 2, 0, 1, 1, 3, 3, 2, 2, 2, 1, 1, 2, 1, 0, 2, 1, 3,
       3, 1, 1], dtype=object)]
[733, array([-16.,  -8.,  -8.,   0.]), array([2, 2, 2, 3, 3, 2, 0, 1, 1, 3, 3, 2, 2, 2, 1, 1, 2, 1, 0, 2, 1, 3,
       3, 1, 1], dtype=object)]
[734, array([-16.,  -8.,  -8.,   0.]), array([2, 2, 2, 3, 3, 2, 0, 1, 1, 3, 3, 2, 2, 2, 1, 1, 3, 1, 0, 2, 1, 0,
       3, 1, 1], dtype=object)]
[734, array([-16.,  -8.,  -8.,   0.]), array([2, 2, 2, 3, 3, 2, 0, 1, 1, 3, 3, 2, 2, 2, 1, 1, 3, 1, 0, 2, 1, 0,
       3, 1, 1], dtype=object)]
[734, array([-16.,  -8.,  -8.,   0.]), array([2, 2, 2, 3, 3, 2, 0, 1, 1, 3, 3, 2, 2, 2, 1, 1, 3, 1, 0, 2, 1, 0,
       3, 1, 1], dtype=object)]
[734, array([-16.,  -8.,  -8.,   0.]), array([2, 2, 2, 3, 3, 2, 0, 1, 1, 3, 3, 2, 2, 2, 1, 1, 3, 1, 0, 2, 1, 0,
       3, 1, 1], dtype=object)]
[735, array([-16.,  -8.,  -8.,   0.]), array([2, 2, 2, 3, 3, 2, 0, 1, 1, 3, 3, 2, 2, 2, 1, 1, 3, 1, 3, 2, 1, 3,
       3, 1, 1], dtype=object)]
[735, array([-16.,  -8.,  -8.,   0.]), array([2, 2, 2, 3, 3, 2, 0, 1, 1, 3, 3, 2, 2, 2, 1, 1, 3, 1, 3, 2, 1, 3,
       3, 1, 1], dtype=object)]
[735, array([-16.,  -8.,  -8.,   0.]), array([2, 2, 2, 3, 3, 2, 0, 1, 1, 3, 3, 2, 2, 2, 1, 1, 3, 1, 3, 2, 1, 3,
       3, 1, 1], dtype=object)]
[735, array([-16.,  -8.,  -8.,   0.]), array([2, 2, 2, 3, 3, 2, 0, 1, 1, 3, 3, 2, 2, 2, 1, 1, 3, 1, 3, 2, 1, 3,
       3, 1, 1], dtype=object)]
[736, array([-16.,  -8.,  -8.,   0.]), array([2, 2, 2, 3, 3, 3, 0, 1, 1, 3, 3, 2, 2, 2, 1, 1, 3, 2, 0, 2, 1, 3,
       3, 1, 1], dtype=object)]
[736, array([-16.,  -8.,  -8.,   0.]), array([2, 2, 2, 3, 3, 3, 0, 1, 1, 3, 3, 2, 2, 2, 1, 1, 3, 2, 0, 2, 1, 3,
       3, 1, 1], dtype=object)]
[736, array([-16.,  -8.,  -8.,   0.]), array([2, 2, 2, 3, 3, 3, 0, 1, 1, 3, 3, 2, 2, 2, 1, 1, 3, 2, 0, 2, 1, 3,
       3, 1, 1], dtype=object)]
[736, array([-16.,  -8.,  -8.,   0.]), array([2, 2, 2, 3, 3, 3, 0, 1, 1, 3, 3, 2, 2, 2, 1, 1, 3, 2, 0, 2, 1, 3,
       3, 1, 1], dtype=object)]
[737, array([-16.,  -8.,  -8.,   0.]), array([2, 2, 2, 3, 3, 3, 0, 1, 1, 3, 3, 2, 2, 2, 1, 1, 3, 1, 0, 2, 1, 3,
       3, 1, 1], dtype=object)]
[737, array([-16.,  -8.,  -8.,   0.]), array([2, 2, 2, 3, 3, 3, 0, 1, 1, 3, 3, 2, 2, 2, 1, 1, 3, 1, 0, 2, 1, 3,
       3, 1, 1], dtype=object)]
[737, array([-16.,  -8.,  -8.,   0.]), array([2, 2, 2, 3, 3, 3, 0, 1, 1, 3, 3, 2, 2, 2, 1, 1, 3, 1, 0, 2, 1, 3,
       3, 1, 1], dtype=object)]
[737, array([-16.,  -8.,  -8.,   0.]), array([2, 2, 2, 3, 3, 3, 0, 1, 1, 3, 3, 2, 2, 2, 1, 1, 3, 1, 0, 2, 1, 3,
       3, 1, 1], dtype=object)]
[738, array([-16.,  -8.,  -8.,   0.]), array([2, 2, 2, 3, 3, 3, 0, 1, 1, 3, 3, 2, 2, 2, 1, 1, 2, 1, 0, 2, 1, 3,
       3, 1, 1], dtype=object)]
[738, array([-16.,  -8.,  -8.,   0.]), array([2, 2, 2, 3, 3, 3, 0, 1, 1, 3, 3, 2, 2, 2, 1, 1, 2, 1, 0, 2, 1, 3,
       3, 1, 1], dtype=object)]
[738, array([-16.,  -8.,  -8.,   0.]), array([2, 2, 2, 3, 3, 3, 0, 1, 1, 3, 3, 2, 2, 2, 1, 1, 2, 1, 0, 2, 1, 3,
       3, 1, 1], dtype=object)]
[738, array([-16.,  -8.,  -8.,   0.]), array([2, 2, 2, 3, 3, 3, 0, 1, 1, 3, 3, 2, 2, 2, 1, 1, 2, 1, 0, 2, 1, 3,
       3, 1, 1], dtype=object)]
[739, array([-16.,  -8.,  -8.,   0.]), array([2, 2, 2, 3, 3, 2, 0, 1, 1, 3, 3, 2, 2, 2, 1, 1, 3, 1, 0, 2, 1, 3,
       3, 1, 1], dtype=object)]
[739, array([-16.,  -8.,  -8.,   0.]), array([2, 2, 2, 3, 3, 2, 0, 1, 1, 3, 3, 2, 2, 2, 1, 1, 3, 1, 0, 2, 1, 3,
       3, 1, 1], dtype=object)]
[739, array([-16.,  -8.,  -8.,   0.]), array([2, 2, 2, 3, 3, 2, 0, 1, 1, 3, 3, 2, 2, 2, 1, 1, 3, 1, 0, 2, 1, 3,
       3, 1, 1], dtype=object)]
[739, array([-16.,  -8.,  -8.,   0.]), array([2, 2, 2, 3, 3, 2, 0, 1, 1, 3, 3, 2, 2, 2, 1, 1, 3, 1, 0, 2, 1, 3,
       3, 1, 1], dtype=object)]
[740, array([-16.,  -8.,  -8.,   0.]), array([2, 2, 2, 3, 3, 1, 0, 1, 1, 3, 3, 2, 2, 2, 1, 1, 3, 1, 0, 2, 1, 0,
       3, 1, 1], dtype=object)]
[740, array([-16.,  -8.,  -8.,   0.]), array([2, 2, 2, 3, 3, 1, 0, 1, 1, 3, 3, 2, 2, 2, 1, 1, 3, 1, 0, 2, 1, 0,
       3, 1, 1], dtype=object)]
[740, array([-16.,  -8.,  -8.,   0.]), array([2, 2, 2, 3, 3, 1, 0, 1, 1, 3, 3, 2, 2, 2, 1, 1, 3, 1, 0, 2, 1, 0,
       3, 1, 1], dtype=object)]
[740, array([-16.,  -8.,  -8.,   0.]), array([2, 2, 2, 3, 3, 1, 0, 1, 1, 3, 3, 2, 2, 2, 1, 1, 3, 1, 0, 2, 1, 0,
       3, 1, 1], dtype=object)]
[741, array([-16.,  -8.,  -8.,   0.]), array([2, 2, 2, 3, 3, 2, 0, 1, 1, 3, 3, 2, 2, 2, 1, 1, 3, 1, 1, 2, 1, 2,
       3, 1, 1], dtype=object)]
[741, array([-16.,  -8.,  -8.,   0.]), array([2, 2, 2, 3, 3, 2, 0, 1, 1, 3, 3, 2, 2, 2, 1, 1, 3, 1, 1, 2, 1, 2,
       3, 1, 1], dtype=object)]
[741, array([-16.,  -8.,  -8.,   0.]), array([2, 2, 2, 3, 3, 2, 0, 1, 1, 3, 3, 2, 2, 2, 1, 1, 3, 1, 1, 2, 1, 2,
       3, 1, 1], dtype=object)]
[741, array([-16.,  -8.,  -8.,   0.]), array([2, 2, 2, 3, 3, 2, 0, 1, 1, 3, 3, 2, 2, 2, 1, 1, 3, 1, 1, 2, 1, 2,
       3, 1, 1], dtype=object)]
[742, array([-16.,  -8.,  -8.,   0.]), array([2, 2, 2, 3, 3, 2, 0, 1, 1, 3, 3, 2, 2, 2, 1, 1, 3, 1, 0, 2, 1, 3,
       3, 1, 1], dtype=object)]
[742, array([-16.,  -8.,  -8.,   0.]), array([2, 2, 2, 3, 3, 2, 0, 1, 1, 3, 3, 2, 2, 2, 1, 1, 3, 1, 0, 2, 1, 3,
       3, 1, 1], dtype=object)]
[742, array([-16.,  -8.,  -8.,   0.]), array([2, 2, 2, 3, 3, 2, 0, 1, 1, 3, 3, 2, 2, 2, 1, 1, 3, 1, 0, 2, 1, 3,
       3, 1, 1], dtype=object)]
[742, array([-16.,  -8.,  -8.,   0.]), array([2, 2, 2, 3, 3, 2, 0, 1, 1, 3, 3, 2, 2, 2, 1, 1, 3, 1, 0, 2, 1, 3,
       3, 1, 1], dtype=object)]
[743, array([-16.,  -8.,  -8.,   0.]), array([2, 2, 2, 3, 3, 3, 0, 1, 1, 3, 3, 2, 2, 2, 1, 1, 3, 1, 0, 2, 1, 3,
       3, 1, 1], dtype=object)]
[743, array([-16.,  -8.,  -8.,   0.]), array([2, 2, 2, 3, 3, 3, 0, 1, 1, 3, 3, 2, 2, 2, 1, 1, 3, 1, 0, 2, 1, 3,
       3, 1, 1], dtype=object)]
[743, array([-16.,  -8.,  -8.,   0.]), array([2, 2, 2, 3, 3, 3, 0, 1, 1, 3, 3, 2, 2, 2, 1, 1, 3, 1, 0, 2, 1, 3,
       3, 1, 1], dtype=object)]
[743, array([-16.,  -8.,  -8.,   0.]), array([2, 2, 2, 3, 3, 3, 0, 1, 1, 3, 3, 2, 2, 2, 1, 1, 3, 1, 0, 2, 1, 3,
       3, 1, 1], dtype=object)]
[744, array([-16.,  -8.,  -8.,   0.]), array([2, 2, 2, 3, 3, 3, 0, 1, 1, 3, 3, 2, 2, 2, 1, 1, 3, 1, 0, 2, 1, 0,
       3, 1, 1], dtype=object)]
[744, array([-16.,  -8.,  -8.,   0.]), array([2, 2, 2, 3, 3, 3, 0, 1, 1, 3, 3, 2, 2, 2, 1, 1, 3, 1, 0, 2, 1, 0,
       3, 1, 1], dtype=object)]
[744, array([-16.,  -8.,  -8.,   0.]), array([2, 2, 2, 3, 3, 3, 0, 1, 1, 3, 3, 2, 2, 2, 1, 1, 3, 1, 0, 2, 1, 0,
       3, 1, 1], dtype=object)]
[744, array([-16.,  -8.,  -8.,   0.]), array([2, 2, 2, 3, 3, 3, 0, 1, 1, 3, 3, 2, 2, 2, 1, 1, 3, 1, 0, 2, 1, 0,
       3, 1, 1], dtype=object)]
[745, array([-16.,  -8.,  -8.,   0.]), array([2, 2, 2, 3, 3, 2, 0, 1, 1, 3, 3, 2, 2, 2, 1, 1, 3, 1, 0, 2, 1, 0,
       3, 1, 1], dtype=object)]
[745, array([-16.,  -8.,  -8.,   0.]), array([2, 2, 2, 3, 3, 2, 0, 1, 1, 3, 3, 2, 2, 2, 1, 1, 3, 1, 0, 2, 1, 0,
       3, 1, 1], dtype=object)]
[745, array([-16.,  -8.,  -8.,   0.]), array([2, 2, 2, 3, 3, 2, 0, 1, 1, 3, 3, 2, 2, 2, 1, 1, 3, 1, 0, 2, 1, 0,
       3, 1, 1], dtype=object)]
[745, array([-16.,  -8.,  -8.,   0.]), array([2, 2, 2, 3, 3, 2, 0, 1, 1, 3, 3, 2, 2, 2, 1, 1, 3, 1, 0, 2, 1, 0,
       3, 1, 1], dtype=object)]
[746, array([-16.,  -8.,  -8.,   0.]), array([2, 2, 2, 3, 3, 0, 0, 1, 1, 3, 3, 2, 2, 2, 1, 1, 2, 1, 0, 2, 1, 3,
       3, 1, 1], dtype=object)]
[746, array([-16.,  -8.,  -8.,   0.]), array([2, 2, 2, 3, 3, 0, 0, 1, 1, 3, 3, 2, 2, 2, 1, 1, 2, 1, 0, 2, 1, 3,
       3, 1, 1], dtype=object)]
[746, array([-16.,  -8.,  -8.,   0.]), array([2, 2, 2, 3, 3, 0, 0, 1, 1, 3, 3, 2, 2, 2, 1, 1, 2, 1, 0, 2, 1, 3,
       3, 1, 1], dtype=object)]
[746, array([-16.,  -8.,  -8.,   0.]), array([2, 2, 2, 3, 3, 0, 0, 1, 1, 3, 3, 2, 2, 2, 1, 1, 2, 1, 0, 2, 1, 3,
       3, 1, 1], dtype=object)]
[747, array([-16.,  -8.,  -8.,   0.]), array([2, 2, 2, 3, 3, 2, 0, 1, 1, 3, 3, 2, 2, 2, 1, 1, 2, 1, 0, 2, 1, 3,
       3, 1, 1], dtype=object)]
[747, array([-16.,  -8.,  -8.,   0.]), array([2, 2, 2, 3, 3, 2, 0, 1, 1, 3, 3, 2, 2, 2, 1, 1, 2, 1, 0, 2, 1, 3,
       3, 1, 1], dtype=object)]
[747, array([-16.,  -8.,  -8.,   0.]), array([2, 2, 2, 3, 3, 2, 0, 1, 1, 3, 3, 2, 2, 2, 1, 1, 2, 1, 0, 2, 1, 3,
       3, 1, 1], dtype=object)]
[747, array([-16.,  -8.,  -8.,   0.]), array([2, 2, 2, 3, 3, 2, 0, 1, 1, 3, 3, 2, 2, 2, 1, 1, 2, 1, 0, 2, 1, 3,
       3, 1, 1], dtype=object)]
[748, array([-16.,  -8.,  -8.,   0.]), array([2, 2, 2, 3, 3, 2, 0, 1, 1, 3, 3, 2, 2, 2, 1, 1, 3, 1, 3, 2, 1, 3,
       3, 1, 1], dtype=object)]
[748, array([-16.,  -8.,  -8.,   0.]), array([2, 2, 2, 3, 3, 2, 0, 1, 1, 3, 3, 2, 2, 2, 1, 1, 3, 1, 3, 2, 1, 3,
       3, 1, 1], dtype=object)]
[748, array([-16.,  -8.,  -8.,   0.]), array([2, 2, 2, 3, 3, 2, 0, 1, 1, 3, 3, 2, 2, 2, 1, 1, 3, 1, 3, 2, 1, 3,
       3, 1, 1], dtype=object)]
[748, array([-16.,  -8.,  -8.,   0.]), array([2, 2, 2, 3, 3, 2, 0, 1, 1, 3, 3, 2, 2, 2, 1, 1, 3, 1, 3, 2, 1, 3,
       3, 1, 1], dtype=object)]
[749, array([-16.,  -8.,  -8.,   0.]), array([2, 2, 2, 3, 3, 2, 0, 1, 1, 3, 3, 2, 2, 2, 1, 1, 3, 1, 0, 2, 1, 3,
       3, 1, 1], dtype=object)]
[749, array([-16.,  -8.,  -8.,   0.]), array([2, 2, 2, 3, 3, 2, 0, 1, 1, 3, 3, 2, 2, 2, 1, 1, 3, 1, 0, 2, 1, 3,
       3, 1, 1], dtype=object)]
[749, array([-16.,  -8.,  -8.,   0.]), array([2, 2, 2, 3, 3, 2, 0, 1, 1, 3, 3, 2, 2, 2, 1, 1, 3, 1, 0, 2, 1, 3,
       3, 1, 1], dtype=object)]
[749, array([-16.,  -8.,  -8.,   0.]), array([2, 2, 2, 3, 3, 2, 0, 1, 1, 3, 3, 2, 2, 2, 1, 1, 3, 1, 0, 2, 1, 3,
       3, 1, 1], dtype=object)]
[750, array([-16.,  -8.,  -8.,   0.]), array([2, 2, 2, 3, 3, 2, 0, 1, 1, 3, 3, 2, 2, 2, 1, 1, 3, 1, 0, 2, 1, 1,
       3, 1, 1], dtype=object)]
[750, array([-16.,  -8.,  -8.,   0.]), array([2, 2, 2, 3, 3, 2, 0, 1, 1, 3, 3, 2, 2, 2, 1, 1, 3, 1, 0, 2, 1, 1,
       3, 1, 1], dtype=object)]
[750, array([-16.,  -8.,  -8.,   0.]), array([2, 2, 2, 3, 3, 2, 0, 1, 1, 3, 3, 2, 2, 2, 1, 1, 3, 1, 0, 2, 1, 1,
       3, 1, 1], dtype=object)]
[750, array([-16.,  -8.,  -8.,   0.]), array([2, 2, 2, 3, 3, 2, 0, 1, 1, 3, 3, 2, 2, 2, 1, 1, 3, 1, 0, 2, 1, 1,
       3, 1, 1], dtype=object)]
[751, array([-16.,  -8.,  -8.,   0.]), array([2, 2, 2, 3, 3, 2, 0, 1, 1, 3, 3, 2, 2, 2, 1, 1, 2, 1, 0, 2, 1, 3,
       3, 1, 1], dtype=object)]
[751, array([-16.,  -8.,  -8.,   0.]), array([2, 2, 2, 3, 3, 2, 0, 1, 1, 3, 3, 2, 2, 2, 1, 1, 2, 1, 0, 2, 1, 3,
       3, 1, 1], dtype=object)]
[751, array([-16.,  -8.,  -8.,   0.]), array([2, 2, 2, 3, 3, 2, 0, 1, 1, 3, 3, 2, 2, 2, 1, 1, 2, 1, 0, 2, 1, 3,
       3, 1, 1], dtype=object)]
[751, array([-16.,  -8.,  -8.,   0.]), array([2, 2, 2, 3, 3, 2, 0, 1, 1, 3, 3, 2, 2, 2, 1, 1, 2, 1, 0, 2, 1, 3,
       3, 1, 1], dtype=object)]
[752, array([-16.,  -8.,  -8.,   0.]), array([2, 2, 2, 3, 3, 1, 0, 1, 1, 3, 3, 2, 2, 2, 1, 1, 2, 1, 0, 2, 1, 3,
       3, 1, 1], dtype=object)]
[752, array([-16.,  -8.,  -8.,   0.]), array([2, 2, 2, 3, 3, 1, 0, 1, 1, 3, 3, 2, 2, 2, 1, 1, 2, 1, 0, 2, 1, 3,
       3, 1, 1], dtype=object)]
[752, array([-16.,  -8.,  -8.,   0.]), array([2, 2, 2, 3, 3, 1, 0, 1, 1, 3, 3, 2, 2, 2, 1, 1, 2, 1, 0, 2, 1, 3,
       3, 1, 1], dtype=object)]
[752, array([-16.,  -8.,  -8.,   0.]), array([2, 2, 2, 3, 3, 1, 0, 1, 1, 3, 3, 2, 2, 2, 1, 1, 2, 1, 0, 2, 1, 3,
       3, 1, 1], dtype=object)]
[753, array([-16.,  -8.,  -8.,   0.]), array([2, 2, 2, 3, 3, 2, 0, 1, 1, 3, 3, 2, 2, 2, 1, 1, 1, 1, 0, 2, 1, 3,
       3, 1, 1], dtype=object)]
[753, array([-16.,  -8.,  -8.,   0.]), array([2, 2, 2, 3, 3, 2, 0, 1, 1, 3, 3, 2, 2, 2, 1, 1, 1, 1, 0, 2, 1, 3,
       3, 1, 1], dtype=object)]
[753, array([-16.,  -8.,  -8.,   0.]), array([2, 2, 2, 3, 3, 2, 0, 1, 1, 3, 3, 2, 2, 2, 1, 1, 1, 1, 0, 2, 1, 3,
       3, 1, 1], dtype=object)]
[753, array([-16.,  -8.,  -8.,   0.]), array([2, 2, 2, 3, 3, 2, 0, 1, 1, 3, 3, 2, 2, 2, 1, 1, 1, 1, 0, 2, 1, 3,
       3, 1, 1], dtype=object)]
[754, array([-16.,  -8.,  -8.,   0.]), array([2, 2, 2, 3, 3, 2, 0, 1, 1, 3, 3, 2, 2, 2, 1, 1, 1, 1, 0, 2, 1, 3,
       3, 1, 1], dtype=object)]
[754, array([-16.,  -8.,  -8.,   0.]), array([2, 2, 2, 3, 3, 2, 0, 1, 1, 3, 3, 2, 2, 2, 1, 1, 1, 1, 0, 2, 1, 3,
       3, 1, 1], dtype=object)]
[754, array([-16.,  -8.,  -8.,   0.]), array([2, 2, 2, 3, 3, 2, 0, 1, 1, 3, 3, 2, 2, 2, 1, 1, 1, 1, 0, 2, 1, 3,
       3, 1, 1], dtype=object)]
[754, array([-16.,  -8.,  -8.,   0.]), array([2, 2, 2, 3, 3, 2, 0, 1, 1, 3, 3, 2, 2, 2, 1, 1, 1, 1, 0, 2, 1, 3,
       3, 1, 1], dtype=object)]
[755, array([-16.,  -8.,  -8.,   0.]), array([2, 2, 2, 3, 3, 2, 0, 1, 1, 3, 3, 2, 2, 2, 1, 1, 2, 1, 0, 2, 1, 3,
       3, 1, 1], dtype=object)]
[755, array([-16.,  -8.,  -8.,   0.]), array([2, 2, 2, 3, 3, 2, 0, 1, 1, 3, 3, 2, 2, 2, 1, 1, 2, 1, 0, 2, 1, 3,
       3, 1, 1], dtype=object)]
[755, array([-16.,  -8.,  -8.,   0.]), array([2, 2, 2, 3, 3, 2, 0, 1, 1, 3, 3, 2, 2, 2, 1, 1, 2, 1, 0, 2, 1, 3,
       3, 1, 1], dtype=object)]
[755, array([-16.,  -8.,  -8.,   0.]), array([2, 2, 2, 3, 3, 2, 0, 1, 1, 3, 3, 2, 2, 2, 1, 1, 2, 1, 0, 2, 1, 3,
       3, 1, 1], dtype=object)]
[756, array([-16.,  -8.,  -8.,   0.]), array([1, 2, 2, 3, 3, 3, 0, 1, 1, 3, 3, 2, 2, 2, 1, 1, 1, 1, 0, 2, 1, 3,
       3, 1, 1], dtype=object)]
[756, array([-16.,  -8.,  -8.,   0.]), array([1, 2, 2, 3, 3, 3, 0, 1, 1, 3, 3, 2, 2, 2, 1, 1, 1, 1, 0, 2, 1, 3,
       3, 1, 1], dtype=object)]
[756, array([-16.,  -8.,  -8.,   0.]), array([1, 2, 2, 3, 3, 3, 0, 1, 1, 3, 3, 2, 2, 2, 1, 1, 1, 1, 0, 2, 1, 3,
       3, 1, 1], dtype=object)]
[756, array([-16.,  -8.,  -8.,   0.]), array([1, 2, 2, 3, 3, 3, 0, 1, 1, 3, 3, 2, 2, 2, 1, 1, 1, 1, 0, 2, 1, 3,
       3, 1, 1], dtype=object)]
[757, array([-16.,  -8.,  -8.,   0.]), array([2, 2, 2, 3, 3, 1, 0, 1, 1, 3, 3, 2, 2, 2, 1, 1, 2, 1, 0, 2, 1, 3,
       3, 1, 1], dtype=object)]
[757, array([-16.,  -8.,  -8.,   0.]), array([2, 2, 2, 3, 3, 1, 0, 1, 1, 3, 3, 2, 2, 2, 1, 1, 2, 1, 0, 2, 1, 3,
       3, 1, 1], dtype=object)]
[757, array([-16.,  -8.,  -8.,   0.]), array([2, 2, 2, 3, 3, 1, 0, 1, 1, 3, 3, 2, 2, 2, 1, 1, 2, 1, 0, 2, 1, 3,
       3, 1, 1], dtype=object)]
[757, array([-16.,  -8.,  -8.,   0.]), array([2, 2, 2, 3, 3, 1, 0, 1, 1, 3, 3, 2, 2, 2, 1, 1, 2, 1, 0, 2, 1, 3,
       3, 1, 1], dtype=object)]
[758, array([-16.,  -8.,  -8.,   0.]), array([2, 2, 2, 3, 3, 2, 0, 1, 1, 3, 3, 2, 2, 2, 1, 1, 2, 1, 1, 2, 1, 3,
       3, 1, 1], dtype=object)]
[758, array([-16.,  -8.,  -8.,   0.]), array([2, 2, 2, 3, 3, 2, 0, 1, 1, 3, 3, 2, 2, 2, 1, 1, 2, 1, 1, 2, 1, 3,
       3, 1, 1], dtype=object)]
[758, array([-16.,  -8.,  -8.,   0.]), array([2, 2, 2, 3, 3, 2, 0, 1, 1, 3, 3, 2, 2, 2, 1, 1, 2, 1, 1, 2, 1, 3,
       3, 1, 1], dtype=object)]
[758, array([-16.,  -8.,  -8.,   0.]), array([2, 2, 2, 3, 3, 2, 0, 1, 1, 3, 3, 2, 2, 2, 1, 1, 2, 1, 1, 2, 1, 3,
       3, 1, 1], dtype=object)]
[759, array([-16.,  -8.,  -8.,   0.]), array([2, 2, 2, 3, 3, 2, 0, 1, 1, 3, 3, 2, 2, 2, 1, 1, 1, 1, 0, 2, 1, 3,
       3, 1, 1], dtype=object)]
[759, array([-16.,  -8.,  -8.,   0.]), array([2, 2, 2, 3, 3, 2, 0, 1, 1, 3, 3, 2, 2, 2, 1, 1, 1, 1, 0, 2, 1, 3,
       3, 1, 1], dtype=object)]
[759, array([-16.,  -8.,  -8.,   0.]), array([2, 2, 2, 3, 3, 2, 0, 1, 1, 3, 3, 2, 2, 2, 1, 1, 1, 1, 0, 2, 1, 3,
       3, 1, 1], dtype=object)]
[759, array([-16.,  -8.,  -8.,   0.]), array([2, 2, 2, 3, 3, 2, 0, 1, 1, 3, 3, 2, 2, 2, 1, 1, 1, 1, 0, 2, 1, 3,
       3, 1, 1], dtype=object)]
[760, array([-16.,  -8.,  -8.,   0.]), array([2, 2, 2, 3, 3, 1, 0, 1, 1, 3, 3, 2, 2, 2, 1, 1, 1, 1, 0, 2, 1, 3,
       3, 1, 1], dtype=object)]
[760, array([-16.,  -8.,  -8.,   0.]), array([2, 2, 2, 3, 3, 1, 0, 1, 1, 3, 3, 2, 2, 2, 1, 1, 1, 1, 0, 2, 1, 3,
       3, 1, 1], dtype=object)]
[760, array([-16.,  -8.,  -8.,   0.]), array([2, 2, 2, 3, 3, 1, 0, 1, 1, 3, 3, 2, 2, 2, 1, 1, 1, 1, 0, 2, 1, 3,
       3, 1, 1], dtype=object)]
[760, array([-16.,  -8.,  -8.,   0.]), array([2, 2, 2, 3, 3, 1, 0, 1, 1, 3, 3, 2, 2, 2, 1, 1, 1, 1, 0, 2, 1, 3,
       3, 1, 1], dtype=object)]
[761, array([-16.,  -8.,  -8.,   0.]), array([2, 2, 2, 3, 3, 2, 0, 1, 1, 3, 3, 2, 2, 2, 1, 1, 2, 1, 0, 2, 1, 3,
       3, 1, 1], dtype=object)]
[761, array([-16.,  -8.,  -8.,   0.]), array([2, 2, 2, 3, 3, 2, 0, 1, 1, 3, 3, 2, 2, 2, 1, 1, 2, 1, 0, 2, 1, 3,
       3, 1, 1], dtype=object)]
[761, array([-16.,  -8.,  -8.,   0.]), array([2, 2, 2, 3, 3, 2, 0, 1, 1, 3, 3, 2, 2, 2, 1, 1, 2, 1, 0, 2, 1, 3,
       3, 1, 1], dtype=object)]
[761, array([-16.,  -8.,  -8.,   0.]), array([2, 2, 2, 3, 3, 2, 0, 1, 1, 3, 3, 2, 2, 2, 1, 1, 2, 1, 0, 2, 1, 3,
       3, 1, 1], dtype=object)]
[762, array([-16.,  -8.,  -8.,   0.]), array([2, 2, 2, 3, 3, 2, 0, 1, 1, 3, 3, 2, 2, 2, 1, 1, 0, 1, 0, 2, 1, 3,
       3, 1, 1], dtype=object)]
[762, array([-16.,  -8.,  -8.,   0.]), array([2, 2, 2, 3, 3, 2, 0, 1, 1, 3, 3, 2, 2, 2, 1, 1, 0, 1, 0, 2, 1, 3,
       3, 1, 1], dtype=object)]
[762, array([-16.,  -8.,  -8.,   0.]), array([2, 2, 2, 3, 3, 2, 0, 1, 1, 3, 3, 2, 2, 2, 1, 1, 0, 1, 0, 2, 1, 3,
       3, 1, 1], dtype=object)]
[762, array([-16.,  -8.,  -8.,   0.]), array([2, 2, 2, 3, 3, 2, 0, 1, 1, 3, 3, 2, 2, 2, 1, 1, 0, 1, 0, 2, 1, 3,
       3, 1, 1], dtype=object)]
[763, array([-16.,  -8.,  -8.,   0.]), array([2, 2, 2, 3, 3, 2, 0, 1, 1, 3, 3, 2, 2, 2, 1, 1, 2, 1, 0, 2, 1, 3,
       3, 1, 1], dtype=object)]
[763, array([-16.,  -8.,  -8.,   0.]), array([2, 2, 2, 3, 3, 2, 0, 1, 1, 3, 3, 2, 2, 2, 1, 1, 2, 1, 0, 2, 1, 3,
       3, 1, 1], dtype=object)]
[763, array([-16.,  -8.,  -8.,   0.]), array([2, 2, 2, 3, 3, 2, 0, 1, 1, 3, 3, 2, 2, 2, 1, 1, 2, 1, 0, 2, 1, 3,
       3, 1, 1], dtype=object)]
[763, array([-16.,  -8.,  -8.,   0.]), array([2, 2, 2, 3, 3, 2, 0, 1, 1, 3, 3, 2, 2, 2, 1, 1, 2, 1, 0, 2, 1, 3,
       3, 1, 1], dtype=object)]
[764, array([-16.,  -8.,  -8.,   0.]), array([2, 2, 2, 3, 3, 1, 0, 1, 1, 3, 3, 2, 2, 2, 1, 1, 1, 1, 0, 2, 1, 3,
       3, 1, 1], dtype=object)]
[764, array([-16.,  -8.,  -8.,   0.]), array([2, 2, 2, 3, 3, 1, 0, 1, 1, 3, 3, 2, 2, 2, 1, 1, 1, 1, 0, 2, 1, 3,
       3, 1, 1], dtype=object)]
[764, array([-16.,  -8.,  -8.,   0.]), array([2, 2, 2, 3, 3, 1, 0, 1, 1, 3, 3, 2, 2, 2, 1, 1, 1, 1, 0, 2, 1, 3,
       3, 1, 1], dtype=object)]
[764, array([-16.,  -8.,  -8.,   0.]), array([2, 2, 2, 3, 3, 1, 0, 1, 1, 3, 3, 2, 2, 2, 1, 1, 1, 1, 0, 2, 1, 3,
       3, 1, 1], dtype=object)]
[765, array([-16.,  -8.,  -8.,   0.]), array([2, 2, 2, 3, 3, 2, 0, 1, 1, 3, 3, 2, 2, 2, 1, 1, 2, 1, 0, 2, 1, 3,
       3, 1, 1], dtype=object)]
[765, array([-16.,  -8.,  -8.,   0.]), array([2, 2, 2, 3, 3, 2, 0, 1, 1, 3, 3, 2, 2, 2, 1, 1, 2, 1, 0, 2, 1, 3,
       3, 1, 1], dtype=object)]
[765, array([-16.,  -8.,  -8.,   0.]), array([2, 2, 2, 3, 3, 2, 0, 1, 1, 3, 3, 2, 2, 2, 1, 1, 2, 1, 0, 2, 1, 3,
       3, 1, 1], dtype=object)]
[765, array([-16.,  -8.,  -8.,   0.]), array([2, 2, 2, 3, 3, 2, 0, 1, 1, 3, 3, 2, 2, 2, 1, 1, 2, 1, 0, 2, 1, 3,
       3, 1, 1], dtype=object)]
[766, array([-16.,  -8.,  -8.,   0.]), array([2, 2, 2, 3, 3, 2, 0, 1, 1, 3, 3, 2, 2, 2, 1, 1, 2, 1, 2, 2, 1, 3,
       3, 1, 1], dtype=object)]
[766, array([-16.,  -8.,  -8.,   0.]), array([2, 2, 2, 3, 3, 2, 0, 1, 1, 3, 3, 2, 2, 2, 1, 1, 2, 1, 2, 2, 1, 3,
       3, 1, 1], dtype=object)]
[766, array([-16.,  -8.,  -8.,   0.]), array([2, 2, 2, 3, 3, 2, 0, 1, 1, 3, 3, 2, 2, 2, 1, 1, 2, 1, 2, 2, 1, 3,
       3, 1, 1], dtype=object)]
[766, array([-16.,  -8.,  -8.,   0.]), array([2, 2, 2, 3, 3, 2, 0, 1, 1, 3, 3, 2, 2, 2, 1, 1, 2, 1, 2, 2, 1, 3,
       3, 1, 1], dtype=object)]
[767, array([-16.,  -8.,  -8.,   0.]), array([2, 2, 2, 3, 3, 2, 0, 1, 1, 3, 3, 2, 2, 2, 1, 1, 2, 1, 0, 2, 1, 3,
       3, 1, 1], dtype=object)]
[767, array([-16.,  -8.,  -8.,   0.]), array([2, 2, 2, 3, 3, 2, 0, 1, 1, 3, 3, 2, 2, 2, 1, 1, 2, 1, 0, 2, 1, 3,
       3, 1, 1], dtype=object)]
[767, array([-16.,  -8.,  -8.,   0.]), array([2, 2, 2, 3, 3, 2, 0, 1, 1, 3, 3, 2, 2, 2, 1, 1, 2, 1, 0, 2, 1, 3,
       3, 1, 1], dtype=object)]
[767, array([-16.,  -8.,  -8.,   0.]), array([2, 2, 2, 3, 3, 2, 0, 1, 1, 3, 3, 2, 2, 2, 1, 1, 2, 1, 0, 2, 1, 3,
       3, 1, 1], dtype=object)]
[768, array([-16.,  -8.,  -8.,   0.]), array([2, 2, 2, 3, 3, 2, 0, 1, 1, 3, 3, 2, 2, 2, 1, 1, 0, 1, 0, 2, 1, 3,
       3, 1, 1], dtype=object)]
[768, array([-16.,  -8.,  -8.,   0.]), array([2, 2, 2, 3, 3, 2, 0, 1, 1, 3, 3, 2, 2, 2, 1, 1, 0, 1, 0, 2, 1, 3,
       3, 1, 1], dtype=object)]
[768, array([-16.,  -8.,  -8.,   0.]), array([2, 2, 2, 3, 3, 2, 0, 1, 1, 3, 3, 2, 2, 2, 1, 1, 0, 1, 0, 2, 1, 3,
       3, 1, 1], dtype=object)]
[768, array([-16.,  -8.,  -8.,   0.]), array([2, 2, 2, 3, 3, 2, 0, 1, 1, 3, 3, 2, 2, 2, 1, 1, 0, 1, 0, 2, 1, 3,
       3, 1, 1], dtype=object)]
[769, array([-16.,  -8.,  -8.,   0.]), array([2, 2, 2, 3, 3, 2, 0, 1, 1, 3, 3, 2, 2, 2, 1, 1, 2, 1, 0, 2, 1, 3,
       3, 1, 1], dtype=object)]
[769, array([-16.,  -8.,  -8.,   0.]), array([2, 2, 2, 3, 3, 2, 0, 1, 1, 3, 3, 2, 2, 2, 1, 1, 2, 1, 0, 2, 1, 3,
       3, 1, 1], dtype=object)]
[769, array([-16.,  -8.,  -8.,   0.]), array([2, 2, 2, 3, 3, 2, 0, 1, 1, 3, 3, 2, 2, 2, 1, 1, 2, 1, 0, 2, 1, 3,
       3, 1, 1], dtype=object)]
[769, array([-16.,  -8.,  -8.,   0.]), array([2, 2, 2, 3, 3, 2, 0, 1, 1, 3, 3, 2, 2, 2, 1, 1, 2, 1, 0, 2, 1, 3,
       3, 1, 1], dtype=object)]
[770, array([-16.,  -8.,  -8.,   0.]), array([2, 2, 2, 3, 3, 2, 0, 1, 1, 3, 3, 2, 2, 2, 1, 1, 2, 1, 0, 2, 1, 1,
       3, 1, 1], dtype=object)]
[770, array([-16.,  -8.,  -8.,   0.]), array([2, 2, 2, 3, 3, 2, 0, 1, 1, 3, 3, 2, 2, 2, 1, 1, 2, 1, 0, 2, 1, 1,
       3, 1, 1], dtype=object)]
[770, array([-16.,  -8.,  -8.,   0.]), array([2, 2, 2, 3, 3, 2, 0, 1, 1, 3, 3, 2, 2, 2, 1, 1, 2, 1, 0, 2, 1, 1,
       3, 1, 1], dtype=object)]
[770, array([-16.,  -8.,  -8.,   0.]), array([2, 2, 2, 3, 3, 2, 0, 1, 1, 3, 3, 2, 2, 2, 1, 1, 2, 1, 0, 2, 1, 1,
       3, 1, 1], dtype=object)]
[771, array([-16.,  -8.,  -8.,   0.]), array([2, 2, 2, 3, 3, 2, 0, 1, 1, 3, 3, 2, 2, 2, 1, 1, 2, 1, 0, 2, 1, 3,
       3, 1, 1], dtype=object)]
[771, array([-16.,  -8.,  -8.,   0.]), array([2, 2, 2, 3, 3, 2, 0, 1, 1, 3, 3, 2, 2, 2, 1, 1, 2, 1, 0, 2, 1, 3,
       3, 1, 1], dtype=object)]
[771, array([-16.,  -8.,  -8.,   0.]), array([2, 2, 2, 3, 3, 2, 0, 1, 1, 3, 3, 2, 2, 2, 1, 1, 2, 1, 0, 2, 1, 3,
       3, 1, 1], dtype=object)]
[771, array([-16.,  -8.,  -8.,   0.]), array([2, 2, 2, 3, 3, 2, 0, 1, 1, 3, 3, 2, 2, 2, 1, 1, 2, 1, 0, 2, 1, 3,
       3, 1, 1], dtype=object)]
[772, array([-16.,  -8.,  -8.,   0.]), array([1, 2, 2, 3, 3, 2, 0, 1, 1, 3, 3, 2, 2, 2, 1, 1, 2, 1, 0, 2, 1, 2,
       3, 1, 1], dtype=object)]
[772, array([-16.,  -8.,  -8.,   0.]), array([1, 2, 2, 3, 3, 2, 0, 1, 1, 3, 3, 2, 2, 2, 1, 1, 2, 1, 0, 2, 1, 2,
       3, 1, 1], dtype=object)]
[772, array([-16.,  -8.,  -8.,   0.]), array([1, 2, 2, 3, 3, 2, 0, 1, 1, 3, 3, 2, 2, 2, 1, 1, 2, 1, 0, 2, 1, 2,
       3, 1, 1], dtype=object)]
[772, array([-16.,  -8.,  -8.,   0.]), array([1, 2, 2, 3, 3, 2, 0, 1, 1, 3, 3, 2, 2, 2, 1, 1, 2, 1, 0, 2, 1, 2,
       3, 1, 1], dtype=object)]
[773, array([-16.,  -8.,  -8.,   0.]), array([2, 2, 2, 3, 3, 2, 0, 1, 1, 3, 3, 2, 2, 2, 1, 1, 2, 1, 0, 2, 1, 3,
       3, 1, 1], dtype=object)]
[773, array([-16.,  -8.,  -8.,   0.]), array([2, 2, 2, 3, 3, 2, 0, 1, 1, 3, 3, 2, 2, 2, 1, 1, 2, 1, 0, 2, 1, 3,
       3, 1, 1], dtype=object)]
[773, array([-16.,  -8.,  -8.,   0.]), array([2, 2, 2, 3, 3, 2, 0, 1, 1, 3, 3, 2, 2, 2, 1, 1, 2, 1, 0, 2, 1, 3,
       3, 1, 1], dtype=object)]
[773, array([-16.,  -8.,  -8.,   0.]), array([2, 2, 2, 3, 3, 2, 0, 1, 1, 3, 3, 2, 2, 2, 1, 1, 2, 1, 0, 2, 1, 3,
       3, 1, 1], dtype=object)]
[774, array([-16.,  -8.,  -8.,   0.]), array([2, 2, 2, 3, 3, 2, 0, 1, 1, 3, 3, 2, 2, 2, 1, 1, 2, 3, 0, 2, 1, 3,
       3, 1, 1], dtype=object)]
[774, array([-16.,  -8.,  -8.,   0.]), array([2, 2, 2, 3, 3, 2, 0, 1, 1, 3, 3, 2, 2, 2, 1, 1, 2, 3, 0, 2, 1, 3,
       3, 1, 1], dtype=object)]
[774, array([-16.,  -8.,  -8.,   0.]), array([2, 2, 2, 3, 3, 2, 0, 1, 1, 3, 3, 2, 2, 2, 1, 1, 2, 3, 0, 2, 1, 3,
       3, 1, 1], dtype=object)]
[774, array([-16.,  -8.,  -8.,   0.]), array([2, 2, 2, 3, 3, 2, 0, 1, 1, 3, 3, 2, 2, 2, 1, 1, 2, 3, 0, 2, 1, 3,
       3, 1, 1], dtype=object)]
[775, array([-16.,  -8.,  -8.,   0.]), array([1, 2, 2, 3, 3, 2, 0, 1, 1, 3, 3, 2, 2, 2, 1, 1, 2, 1, 0, 2, 1, 3,
       3, 1, 1], dtype=object)]
[775, array([-16.,  -8.,  -8.,   0.]), array([1, 2, 2, 3, 3, 2, 0, 1, 1, 3, 3, 2, 2, 2, 1, 1, 2, 1, 0, 2, 1, 3,
       3, 1, 1], dtype=object)]
[775, array([-16.,  -8.,  -8.,   0.]), array([1, 2, 2, 3, 3, 2, 0, 1, 1, 3, 3, 2, 2, 2, 1, 1, 2, 1, 0, 2, 1, 3,
       3, 1, 1], dtype=object)]
[775, array([-16.,  -8.,  -8.,   0.]), array([1, 2, 2, 3, 3, 2, 0, 1, 1, 3, 3, 2, 2, 2, 1, 1, 2, 1, 0, 2, 1, 3,
       3, 1, 1], dtype=object)]
[776, array([-16.,  -8.,  -8.,   0.]), array([1, 2, 2, 3, 3, 2, 0, 1, 1, 3, 3, 2, 2, 2, 1, 1, 3, 1, 3, 2, 1, 3,
       3, 1, 1], dtype=object)]
[776, array([-16.,  -8.,  -8.,   0.]), array([1, 2, 2, 3, 3, 2, 0, 1, 1, 3, 3, 2, 2, 2, 1, 1, 3, 1, 3, 2, 1, 3,
       3, 1, 1], dtype=object)]
[776, array([-16.,  -8.,  -8.,   0.]), array([1, 2, 2, 3, 3, 2, 0, 1, 1, 3, 3, 2, 2, 2, 1, 1, 3, 1, 3, 2, 1, 3,
       3, 1, 1], dtype=object)]
[776, array([-16.,  -8.,  -8.,   0.]), array([1, 2, 2, 3, 3, 2, 0, 1, 1, 3, 3, 2, 2, 2, 1, 1, 3, 1, 3, 2, 1, 3,
       3, 1, 1], dtype=object)]
[777, array([-16.,  -8.,  -8.,   0.]), array([2, 2, 2, 3, 3, 2, 0, 1, 1, 3, 3, 2, 2, 2, 1, 1, 1, 1, 0, 2, 1, 3,
       3, 1, 1], dtype=object)]
[777, array([-16.,  -8.,  -8.,   0.]), array([2, 2, 2, 3, 3, 2, 0, 1, 1, 3, 3, 2, 2, 2, 1, 1, 1, 1, 0, 2, 1, 3,
       3, 1, 1], dtype=object)]
[777, array([-16.,  -8.,  -8.,   0.]), array([2, 2, 2, 3, 3, 2, 0, 1, 1, 3, 3, 2, 2, 2, 1, 1, 1, 1, 0, 2, 1, 3,
       3, 1, 1], dtype=object)]
[777, array([-16.,  -8.,  -8.,   0.]), array([2, 2, 2, 3, 3, 2, 0, 1, 1, 3, 3, 2, 2, 2, 1, 1, 1, 1, 0, 2, 1, 3,
       3, 1, 1], dtype=object)]
[778, array([-16.,  -8.,  -8.,   0.]), array([0, 2, 2, 3, 3, 2, 0, 1, 1, 3, 3, 2, 2, 2, 1, 1, 3, 1, 3, 2, 1, 3,
       3, 1, 1], dtype=object)]
[778, array([-16.,  -8.,  -8.,   0.]), array([0, 2, 2, 3, 3, 2, 0, 1, 1, 3, 3, 2, 2, 2, 1, 1, 3, 1, 3, 2, 1, 3,
       3, 1, 1], dtype=object)]
[778, array([-16.,  -8.,  -8.,   0.]), array([0, 2, 2, 3, 3, 2, 0, 1, 1, 3, 3, 2, 2, 2, 1, 1, 3, 1, 3, 2, 1, 3,
       3, 1, 1], dtype=object)]
[778, array([-16.,  -8.,  -8.,   0.]), array([0, 2, 2, 3, 3, 2, 0, 1, 1, 3, 3, 2, 2, 2, 1, 1, 3, 1, 3, 2, 1, 3,
       3, 1, 1], dtype=object)]
[779, array([-16.,  -8.,  -8.,   0.]), array([2, 2, 2, 3, 3, 2, 0, 1, 1, 3, 3, 2, 2, 2, 1, 1, 2, 1, 0, 2, 1, 3,
       3, 1, 1], dtype=object)]
[779, array([-16.,  -8.,  -8.,   0.]), array([2, 2, 2, 3, 3, 2, 0, 1, 1, 3, 3, 2, 2, 2, 1, 1, 2, 1, 0, 2, 1, 3,
       3, 1, 1], dtype=object)]
[779, array([-16.,  -8.,  -8.,   0.]), array([2, 2, 2, 3, 3, 2, 0, 1, 1, 3, 3, 2, 2, 2, 1, 1, 2, 1, 0, 2, 1, 3,
       3, 1, 1], dtype=object)]
[779, array([-16.,  -8.,  -8.,   0.]), array([2, 2, 2, 3, 3, 2, 0, 1, 1, 3, 3, 2, 2, 2, 1, 1, 2, 1, 0, 2, 1, 3,
       3, 1, 1], dtype=object)]
[780, array([-16.,  -8.,  -8.,   0.]), array([1, 2, 2, 3, 3, 2, 0, 1, 1, 3, 3, 2, 2, 2, 1, 1, 1, 1, 0, 2, 1, 3,
       3, 1, 1], dtype=object)]
[780, array([-16.,  -8.,  -8.,   0.]), array([1, 2, 2, 3, 3, 2, 0, 1, 1, 3, 3, 2, 2, 2, 1, 1, 1, 1, 0, 2, 1, 3,
       3, 1, 1], dtype=object)]
[780, array([-16.,  -8.,  -8.,   0.]), array([1, 2, 2, 3, 3, 2, 0, 1, 1, 3, 3, 2, 2, 2, 1, 1, 1, 1, 0, 2, 1, 3,
       3, 1, 1], dtype=object)]
[780, array([-16.,  -8.,  -8.,   0.]), array([1, 2, 2, 3, 3, 2, 0, 1, 1, 3, 3, 2, 2, 2, 1, 1, 1, 1, 0, 2, 1, 3,
       3, 1, 1], dtype=object)]
[781, array([-16.,  -8.,  -8.,   0.]), array([2, 2, 2, 3, 3, 2, 0, 1, 1, 3, 3, 2, 2, 2, 1, 1, 2, 1, 0, 2, 1, 3,
       3, 1, 1], dtype=object)]
[781, array([-16.,  -8.,  -8.,   0.]), array([2, 2, 2, 3, 3, 2, 0, 1, 1, 3, 3, 2, 2, 2, 1, 1, 2, 1, 0, 2, 1, 3,
       3, 1, 1], dtype=object)]
[781, array([-16.,  -8.,  -8.,   0.]), array([2, 2, 2, 3, 3, 2, 0, 1, 1, 3, 3, 2, 2, 2, 1, 1, 2, 1, 0, 2, 1, 3,
       3, 1, 1], dtype=object)]
[781, array([-16.,  -8.,  -8.,   0.]), array([2, 2, 2, 3, 3, 2, 0, 1, 1, 3, 3, 2, 2, 2, 1, 1, 2, 1, 0, 2, 1, 3,
       3, 1, 1], dtype=object)]
[782, array([-16.,  -8.,  -8.,   0.]), array([2, 2, 2, 3, 3, 1, 0, 1, 1, 3, 3, 2, 2, 2, 1, 1, 1, 1, 0, 2, 1, 3,
       3, 1, 1], dtype=object)]
[782, array([-16.,  -8.,  -8.,   0.]), array([2, 2, 2, 3, 3, 1, 0, 1, 1, 3, 3, 2, 2, 2, 1, 1, 1, 1, 0, 2, 1, 3,
       3, 1, 1], dtype=object)]
[782, array([-16.,  -8.,  -8.,   0.]), array([2, 2, 2, 3, 3, 1, 0, 1, 1, 3, 3, 2, 2, 2, 1, 1, 1, 1, 0, 2, 1, 3,
       3, 1, 1], dtype=object)]
[782, array([-16.,  -8.,  -8.,   0.]), array([2, 2, 2, 3, 3, 1, 0, 1, 1, 3, 3, 2, 2, 2, 1, 1, 1, 1, 0, 2, 1, 3,
       3, 1, 1], dtype=object)]
[783, array([-16.,  -8.,  -8.,   0.]), array([2, 2, 2, 3, 3, 2, 0, 1, 1, 3, 3, 2, 2, 2, 1, 1, 2, 1, 0, 2, 1, 3,
       3, 1, 1], dtype=object)]
[783, array([-16.,  -8.,  -8.,   0.]), array([2, 2, 2, 3, 3, 2, 0, 1, 1, 3, 3, 2, 2, 2, 1, 1, 2, 1, 0, 2, 1, 3,
       3, 1, 1], dtype=object)]
[783, array([-16.,  -8.,  -8.,   0.]), array([2, 2, 2, 3, 3, 2, 0, 1, 1, 3, 3, 2, 2, 2, 1, 1, 2, 1, 0, 2, 1, 3,
       3, 1, 1], dtype=object)]
[783, array([-16.,  -8.,  -8.,   0.]), array([2, 2, 2, 3, 3, 2, 0, 1, 1, 3, 3, 2, 2, 2, 1, 1, 2, 1, 0, 2, 1, 3,
       3, 1, 1], dtype=object)]
[784, array([-16.,  -8.,  -8.,   0.]), array([2, 2, 2, 3, 3, 2, 0, 1, 1, 3, 3, 2, 2, 2, 1, 1, 3, 1, 0, 2, 1, 3,
       3, 1, 1], dtype=object)]
[784, array([-16.,  -8.,  -8.,   0.]), array([2, 2, 2, 3, 3, 2, 0, 1, 1, 3, 3, 2, 2, 2, 1, 1, 3, 1, 0, 2, 1, 3,
       3, 1, 1], dtype=object)]
[784, array([-16.,  -8.,  -8.,   0.]), array([2, 2, 2, 3, 3, 2, 0, 1, 1, 3, 3, 2, 2, 2, 1, 1, 3, 1, 0, 2, 1, 3,
       3, 1, 1], dtype=object)]
[784, array([-16.,  -8.,  -8.,   0.]), array([2, 2, 2, 3, 3, 2, 0, 1, 1, 3, 3, 2, 2, 2, 1, 1, 3, 1, 0, 2, 1, 3,
       3, 1, 1], dtype=object)]
[785, array([-16.,  -8.,  -8.,   0.]), array([2, 2, 2, 3, 3, 2, 0, 1, 1, 3, 3, 2, 2, 2, 1, 1, 2, 1, 0, 2, 1, 3,
       3, 1, 1], dtype=object)]
[785, array([-16.,  -8.,  -8.,   0.]), array([2, 2, 2, 3, 3, 2, 0, 1, 1, 3, 3, 2, 2, 2, 1, 1, 2, 1, 0, 2, 1, 3,
       3, 1, 1], dtype=object)]
[785, array([-16.,  -8.,  -8.,   0.]), array([2, 2, 2, 3, 3, 2, 0, 1, 1, 3, 3, 2, 2, 2, 1, 1, 2, 1, 0, 2, 1, 3,
       3, 1, 1], dtype=object)]
[785, array([-16.,  -8.,  -8.,   0.]), array([2, 2, 2, 3, 3, 2, 0, 1, 1, 3, 3, 2, 2, 2, 1, 1, 2, 1, 0, 2, 1, 3,
       3, 1, 1], dtype=object)]
[786, array([-16.,  -8.,  -8.,   0.]), array([0, 2, 2, 3, 3, 2, 0, 1, 1, 3, 3, 2, 2, 2, 1, 1, 2, 1, 0, 2, 1, 3,
       3, 1, 1], dtype=object)]
[786, array([-16.,  -8.,  -8.,   0.]), array([0, 2, 2, 3, 3, 2, 0, 1, 1, 3, 3, 2, 2, 2, 1, 1, 2, 1, 0, 2, 1, 3,
       3, 1, 1], dtype=object)]
[786, array([-16.,  -8.,  -8.,   0.]), array([0, 2, 2, 3, 3, 2, 0, 1, 1, 3, 3, 2, 2, 2, 1, 1, 2, 1, 0, 2, 1, 3,
       3, 1, 1], dtype=object)]
[786, array([-16.,  -8.,  -8.,   0.]), array([0, 2, 2, 3, 3, 2, 0, 1, 1, 3, 3, 2, 2, 2, 1, 1, 2, 1, 0, 2, 1, 3,
       3, 1, 1], dtype=object)]
[787, array([-16.,  -8.,  -8.,   0.]), array([2, 2, 2, 3, 3, 2, 0, 1, 1, 3, 3, 2, 2, 2, 1, 1, 1, 1, 0, 2, 1, 3,
       3, 1, 1], dtype=object)]
[787, array([-16.,  -8.,  -8.,   0.]), array([2, 2, 2, 3, 3, 2, 0, 1, 1, 3, 3, 2, 2, 2, 1, 1, 1, 1, 0, 2, 1, 3,
       3, 1, 1], dtype=object)]
[787, array([-16.,  -8.,  -8.,   0.]), array([2, 2, 2, 3, 3, 2, 0, 1, 1, 3, 3, 2, 2, 2, 1, 1, 1, 1, 0, 2, 1, 3,
       3, 1, 1], dtype=object)]
[787, array([-16.,  -8.,  -8.,   0.]), array([2, 2, 2, 3, 3, 2, 0, 1, 1, 3, 3, 2, 2, 2, 1, 1, 1, 1, 0, 2, 1, 3,
       3, 1, 1], dtype=object)]
[788, array([-16.,  -8.,  -8.,   0.]), array([1, 2, 2, 3, 3, 2, 0, 1, 1, 3, 3, 2, 2, 2, 1, 1, 3, 1, 0, 2, 1, 3,
       3, 1, 1], dtype=object)]
[788, array([-16.,  -8.,  -8.,   0.]), array([1, 2, 2, 3, 3, 2, 0, 1, 1, 3, 3, 2, 2, 2, 1, 1, 3, 1, 0, 2, 1, 3,
       3, 1, 1], dtype=object)]
[788, array([-16.,  -8.,  -8.,   0.]), array([1, 2, 2, 3, 3, 2, 0, 1, 1, 3, 3, 2, 2, 2, 1, 1, 3, 1, 0, 2, 1, 3,
       3, 1, 1], dtype=object)]
[788, array([-16.,  -8.,  -8.,   0.]), array([1, 2, 2, 3, 3, 2, 0, 1, 1, 3, 3, 2, 2, 2, 1, 1, 3, 1, 0, 2, 1, 3,
       3, 1, 1], dtype=object)]
[789, array([-16.,  -8.,  -8.,   0.]), array([2, 2, 2, 3, 3, 2, 0, 1, 1, 3, 3, 2, 2, 2, 1, 1, 2, 1, 0, 2, 1, 3,
       3, 1, 1], dtype=object)]
[789, array([-16.,  -8.,  -8.,   0.]), array([2, 2, 2, 3, 3, 2, 0, 1, 1, 3, 3, 2, 2, 2, 1, 1, 2, 1, 0, 2, 1, 3,
       3, 1, 1], dtype=object)]
[789, array([-16.,  -8.,  -8.,   0.]), array([2, 2, 2, 3, 3, 2, 0, 1, 1, 3, 3, 2, 2, 2, 1, 1, 2, 1, 0, 2, 1, 3,
       3, 1, 1], dtype=object)]
[789, array([-16.,  -8.,  -8.,   0.]), array([2, 2, 2, 3, 3, 2, 0, 1, 1, 3, 3, 2, 2, 2, 1, 1, 2, 1, 0, 2, 1, 3,
       3, 1, 1], dtype=object)]
[790, array([-16.,  -8.,  -8.,   0.]), array([2, 2, 2, 3, 3, 2, 0, 1, 1, 3, 3, 2, 2, 2, 1, 1, 3, 1, 0, 2, 1, 1,
       3, 1, 1], dtype=object)]
[790, array([-16.,  -8.,  -8.,   0.]), array([2, 2, 2, 3, 3, 2, 0, 1, 1, 3, 3, 2, 2, 2, 1, 1, 3, 1, 0, 2, 1, 1,
       3, 1, 1], dtype=object)]
[790, array([-16.,  -8.,  -8.,   0.]), array([2, 2, 2, 3, 3, 2, 0, 1, 1, 3, 3, 2, 2, 2, 1, 1, 3, 1, 0, 2, 1, 1,
       3, 1, 1], dtype=object)]
[790, array([-16.,  -8.,  -8.,   0.]), array([2, 2, 2, 3, 3, 2, 0, 1, 1, 3, 3, 2, 2, 2, 1, 1, 3, 1, 0, 2, 1, 1,
       3, 1, 1], dtype=object)]
[791, array([-16.,  -8.,  -8.,   0.]), array([2, 2, 2, 3, 3, 2, 0, 1, 1, 3, 3, 2, 2, 2, 1, 1, 2, 1, 0, 2, 1, 3,
       3, 1, 1], dtype=object)]
[791, array([-16.,  -8.,  -8.,   0.]), array([2, 2, 2, 3, 3, 2, 0, 1, 1, 3, 3, 2, 2, 2, 1, 1, 2, 1, 0, 2, 1, 3,
       3, 1, 1], dtype=object)]
[791, array([-16.,  -8.,  -8.,   0.]), array([2, 2, 2, 3, 3, 2, 0, 1, 1, 3, 3, 2, 2, 2, 1, 1, 2, 1, 0, 2, 1, 3,
       3, 1, 1], dtype=object)]
[791, array([-16.,  -8.,  -8.,   0.]), array([2, 2, 2, 3, 3, 2, 0, 1, 1, 3, 3, 2, 2, 2, 1, 1, 2, 1, 0, 2, 1, 3,
       3, 1, 1], dtype=object)]
[792, array([-16.,  -8.,  -8.,   0.]), array([2, 2, 2, 3, 3, 2, 0, 1, 1, 3, 3, 2, 2, 2, 1, 1, 2, 1, 2, 2, 1, 3,
       3, 1, 1], dtype=object)]
[792, array([-16.,  -8.,  -8.,   0.]), array([2, 2, 2, 3, 3, 2, 0, 1, 1, 3, 3, 2, 2, 2, 1, 1, 2, 1, 2, 2, 1, 3,
       3, 1, 1], dtype=object)]
[792, array([-16.,  -8.,  -8.,   0.]), array([2, 2, 2, 3, 3, 2, 0, 1, 1, 3, 3, 2, 2, 2, 1, 1, 2, 1, 2, 2, 1, 3,
       3, 1, 1], dtype=object)]
[792, array([-16.,  -8.,  -8.,   0.]), array([2, 2, 2, 3, 3, 2, 0, 1, 1, 3, 3, 2, 2, 2, 1, 1, 2, 1, 2, 2, 1, 3,
       3, 1, 1], dtype=object)]
[793, array([-16.,  -8.,  -8.,   0.]), array([1, 2, 2, 3, 3, 2, 0, 1, 1, 3, 3, 2, 2, 2, 1, 1, 2, 1, 0, 2, 1, 3,
       3, 1, 1], dtype=object)]
[793, array([-16.,  -8.,  -8.,   0.]), array([1, 2, 2, 3, 3, 2, 0, 1, 1, 3, 3, 2, 2, 2, 1, 1, 2, 1, 0, 2, 1, 3,
       3, 1, 1], dtype=object)]
[793, array([-16.,  -8.,  -8.,   0.]), array([1, 2, 2, 3, 3, 2, 0, 1, 1, 3, 3, 2, 2, 2, 1, 1, 2, 1, 0, 2, 1, 3,
       3, 1, 1], dtype=object)]
[793, array([-16.,  -8.,  -8.,   0.]), array([1, 2, 2, 3, 3, 2, 0, 1, 1, 3, 3, 2, 2, 2, 1, 1, 2, 1, 0, 2, 1, 3,
       3, 1, 1], dtype=object)]
[794, array([-16.,  -8.,  -8.,   0.]), array([0, 2, 2, 3, 3, 2, 0, 1, 1, 3, 3, 2, 2, 2, 1, 1, 2, 1, 0, 2, 1, 3,
       3, 1, 1], dtype=object)]
[794, array([-16.,  -8.,  -8.,   0.]), array([0, 2, 2, 3, 3, 2, 0, 1, 1, 3, 3, 2, 2, 2, 1, 1, 2, 1, 0, 2, 1, 3,
       3, 1, 1], dtype=object)]
[794, array([-16.,  -8.,  -8.,   0.]), array([0, 2, 2, 3, 3, 2, 0, 1, 1, 3, 3, 2, 2, 2, 1, 1, 2, 1, 0, 2, 1, 3,
       3, 1, 1], dtype=object)]
[794, array([-16.,  -8.,  -8.,   0.]), array([0, 2, 2, 3, 3, 2, 0, 1, 1, 3, 3, 2, 2, 2, 1, 1, 2, 1, 0, 2, 1, 3,
       3, 1, 1], dtype=object)]
[795, array([-16.,  -8.,  -8.,   0.]), array([2, 2, 2, 3, 3, 2, 0, 1, 1, 3, 3, 2, 2, 2, 1, 1, 3, 1, 0, 2, 1, 3,
       3, 1, 1], dtype=object)]
[795, array([-16.,  -8.,  -8.,   0.]), array([2, 2, 2, 3, 3, 2, 0, 1, 1, 3, 3, 2, 2, 2, 1, 1, 3, 1, 0, 2, 1, 3,
       3, 1, 1], dtype=object)]
[795, array([-16.,  -8.,  -8.,   0.]), array([2, 2, 2, 3, 3, 2, 0, 1, 1, 3, 3, 2, 2, 2, 1, 1, 3, 1, 0, 2, 1, 3,
       3, 1, 1], dtype=object)]
[795, array([-16.,  -8.,  -8.,   0.]), array([2, 2, 2, 3, 3, 2, 0, 1, 1, 3, 3, 2, 2, 2, 1, 1, 3, 1, 0, 2, 1, 3,
       3, 1, 1], dtype=object)]
[796, array([-16.,  -8.,  -8.,   0.]), array([2, 2, 2, 3, 3, 2, 0, 1, 1, 3, 3, 2, 2, 2, 1, 1, 3, 3, 0, 2, 1, 3,
       3, 1, 1], dtype=object)]
[796, array([-16.,  -8.,  -8.,   0.]), array([2, 2, 2, 3, 3, 2, 0, 1, 1, 3, 3, 2, 2, 2, 1, 1, 3, 3, 0, 2, 1, 3,
       3, 1, 1], dtype=object)]
[796, array([-16.,  -8.,  -8.,   0.]), array([2, 2, 2, 3, 3, 2, 0, 1, 1, 3, 3, 2, 2, 2, 1, 1, 3, 3, 0, 2, 1, 3,
       3, 1, 1], dtype=object)]
[796, array([-16.,  -8.,  -8.,   0.]), array([2, 2, 2, 3, 3, 2, 0, 1, 1, 3, 3, 2, 2, 2, 1, 1, 3, 3, 0, 2, 1, 3,
       3, 1, 1], dtype=object)]
[797, array([-16.,  -8.,  -8.,   0.]), array([2, 2, 2, 3, 3, 2, 0, 1, 1, 3, 3, 2, 2, 2, 1, 1, 2, 1, 0, 2, 1, 3,
       3, 1, 1], dtype=object)]
[797, array([-16.,  -8.,  -8.,   0.]), array([2, 2, 2, 3, 3, 2, 0, 1, 1, 3, 3, 2, 2, 2, 1, 1, 2, 1, 0, 2, 1, 3,
       3, 1, 1], dtype=object)]
[797, array([-16.,  -8.,  -8.,   0.]), array([2, 2, 2, 3, 3, 2, 0, 1, 1, 3, 3, 2, 2, 2, 1, 1, 2, 1, 0, 2, 1, 3,
       3, 1, 1], dtype=object)]
[797, array([-16.,  -8.,  -8.,   0.]), array([2, 2, 2, 3, 3, 2, 0, 1, 1, 3, 3, 2, 2, 2, 1, 1, 2, 1, 0, 2, 1, 3,
       3, 1, 1], dtype=object)]
[798, array([-16.,  -8.,  -8.,   0.]), array([3, 2, 2, 3, 3, 2, 0, 1, 1, 3, 3, 2, 2, 2, 1, 1, 2, 1, 0, 2, 1, 0,
       3, 1, 1], dtype=object)]
[798, array([-16.,  -8.,  -8.,   0.]), array([3, 2, 2, 3, 3, 2, 0, 1, 1, 3, 3, 2, 2, 2, 1, 1, 2, 1, 0, 2, 1, 0,
       3, 1, 1], dtype=object)]
[798, array([-16.,  -8.,  -8.,   0.]), array([3, 2, 2, 3, 3, 2, 0, 1, 1, 3, 3, 2, 2, 2, 1, 1, 2, 1, 0, 2, 1, 0,
       3, 1, 1], dtype=object)]
[798, array([-16.,  -8.,  -8.,   0.]), array([3, 2, 2, 3, 3, 2, 0, 1, 1, 3, 3, 2, 2, 2, 1, 1, 2, 1, 0, 2, 1, 0,
       3, 1, 1], dtype=object)]
[799, array([-16.,  -8.,  -8.,   0.]), array([2, 2, 2, 3, 3, 2, 0, 1, 1, 3, 3, 2, 2, 2, 1, 1, 2, 1, 0, 2, 1, 3,
       3, 1, 1], dtype=object)]
[799, array([-16.,  -8.,  -8.,   0.]), array([2, 2, 2, 3, 3, 2, 0, 1, 1, 3, 3, 2, 2, 2, 1, 1, 2, 1, 0, 2, 1, 3,
       3, 1, 1], dtype=object)]
[799, array([-16.,  -8.,  -8.,   0.]), array([2, 2, 2, 3, 3, 2, 0, 1, 1, 3, 3, 2, 2, 2, 1, 1, 2, 1, 0, 2, 1, 3,
       3, 1, 1], dtype=object)]
[799, array([-16.,  -8.,  -8.,   0.]), array([2, 2, 2, 3, 3, 2, 0, 1, 1, 3, 3, 2, 2, 2, 1, 1, 2, 1, 0, 2, 1, 3,
       3, 1, 1], dtype=object)]
[800, array([-16.,  -8.,  -8.,   0.]), array([2, 2, 2, 3, 3, 2, 0, 1, 1, 3, 3, 2, 2, 2, 1, 1, 2, 1, 0, 2, 1, 2,
       3, 1, 1], dtype=object)]
[800, array([-16.,  -8.,  -8.,   0.]), array([2, 2, 2, 3, 3, 2, 0, 1, 1, 3, 3, 2, 2, 2, 1, 1, 2, 1, 0, 2, 1, 2,
       3, 1, 1], dtype=object)]
[800, array([-16.,  -8.,  -8.,   0.]), array([2, 2, 2, 3, 3, 2, 0, 1, 1, 3, 3, 2, 2, 2, 1, 1, 2, 1, 0, 2, 1, 2,
       3, 1, 1], dtype=object)]
[800, array([-16.,  -8.,  -8.,   0.]), array([2, 2, 2, 3, 3, 2, 0, 1, 1, 3, 3, 2, 2, 2, 1, 1, 2, 1, 0, 2, 1, 2,
       3, 1, 1], dtype=object)]
[801, array([-16.,  -8.,  -8.,   0.]), array([2, 2, 2, 3, 3, 2, 0, 1, 1, 3, 3, 2, 2, 2, 1, 1, 2, 1, 2, 2, 1, 3,
       3, 1, 1], dtype=object)]
[801, array([-16.,  -8.,  -8.,   0.]), array([2, 2, 2, 3, 3, 2, 0, 1, 1, 3, 3, 2, 2, 2, 1, 1, 2, 1, 2, 2, 1, 3,
       3, 1, 1], dtype=object)]
[801, array([-16.,  -8.,  -8.,   0.]), array([2, 2, 2, 3, 3, 2, 0, 1, 1, 3, 3, 2, 2, 2, 1, 1, 2, 1, 2, 2, 1, 3,
       3, 1, 1], dtype=object)]
[801, array([-16.,  -8.,  -8.,   0.]), array([2, 2, 2, 3, 3, 2, 0, 1, 1, 3, 3, 2, 2, 2, 1, 1, 2, 1, 2, 2, 1, 3,
       3, 1, 1], dtype=object)]
[802, array([-16.,  -8.,  -8.,   0.]), array([2, 2, 2, 3, 3, 2, 0, 1, 1, 3, 3, 2, 2, 2, 1, 1, 3, 1, 2, 2, 1, 3,
       3, 1, 1], dtype=object)]
[802, array([-16.,  -8.,  -8.,   0.]), array([2, 2, 2, 3, 3, 2, 0, 1, 1, 3, 3, 2, 2, 2, 1, 1, 3, 1, 2, 2, 1, 3,
       3, 1, 1], dtype=object)]
[802, array([-16.,  -8.,  -8.,   0.]), array([2, 2, 2, 3, 3, 2, 0, 1, 1, 3, 3, 2, 2, 2, 1, 1, 3, 1, 2, 2, 1, 3,
       3, 1, 1], dtype=object)]
[802, array([-16.,  -8.,  -8.,   0.]), array([2, 2, 2, 3, 3, 2, 0, 1, 1, 3, 3, 2, 2, 2, 1, 1, 3, 1, 2, 2, 1, 3,
       3, 1, 1], dtype=object)]
[803, array([-16.,  -8.,  -8.,   0.]), array([2, 2, 2, 3, 3, 2, 0, 1, 1, 3, 3, 2, 2, 2, 1, 1, 2, 1, 2, 2, 1, 3,
       3, 1, 1], dtype=object)]
[803, array([-16.,  -8.,  -8.,   0.]), array([2, 2, 2, 3, 3, 2, 0, 1, 1, 3, 3, 2, 2, 2, 1, 1, 2, 1, 2, 2, 1, 3,
       3, 1, 1], dtype=object)]
[803, array([-16.,  -8.,  -8.,   0.]), array([2, 2, 2, 3, 3, 2, 0, 1, 1, 3, 3, 2, 2, 2, 1, 1, 2, 1, 2, 2, 1, 3,
       3, 1, 1], dtype=object)]
[803, array([-16.,  -8.,  -8.,   0.]), array([2, 2, 2, 3, 3, 2, 0, 1, 1, 3, 3, 2, 2, 2, 1, 1, 2, 1, 2, 2, 1, 3,
       3, 1, 1], dtype=object)]
[804, array([-16.,  -8.,  -8.,   0.]), array([2, 2, 2, 3, 3, 2, 0, 1, 1, 3, 3, 2, 2, 2, 1, 1, 2, 1, 0, 2, 1, 1,
       3, 1, 1], dtype=object)]
[804, array([-16.,  -8.,  -8.,   0.]), array([2, 2, 2, 3, 3, 2, 0, 1, 1, 3, 3, 2, 2, 2, 1, 1, 2, 1, 0, 2, 1, 1,
       3, 1, 1], dtype=object)]
[804, array([-16.,  -8.,  -8.,   0.]), array([2, 2, 2, 3, 3, 2, 0, 1, 1, 3, 3, 2, 2, 2, 1, 1, 2, 1, 0, 2, 1, 1,
       3, 1, 1], dtype=object)]
[804, array([-16.,  -8.,  -8.,   0.]), array([2, 2, 2, 3, 3, 2, 0, 1, 1, 3, 3, 2, 2, 2, 1, 1, 2, 1, 0, 2, 1, 1,
       3, 1, 1], dtype=object)]
[805, array([-16.,  -8.,  -8.,   0.]), array([2, 2, 2, 3, 3, 2, 0, 1, 1, 3, 3, 2, 2, 2, 1, 1, 2, 1, 0, 2, 1, 3,
       3, 1, 1], dtype=object)]
[805, array([-16.,  -8.,  -8.,   0.]), array([2, 2, 2, 3, 3, 2, 0, 1, 1, 3, 3, 2, 2, 2, 1, 1, 2, 1, 0, 2, 1, 3,
       3, 1, 1], dtype=object)]
[805, array([-16.,  -8.,  -8.,   0.]), array([2, 2, 2, 3, 3, 2, 0, 1, 1, 3, 3, 2, 2, 2, 1, 1, 2, 1, 0, 2, 1, 3,
       3, 1, 1], dtype=object)]
[805, array([-16.,  -8.,  -8.,   0.]), array([2, 2, 2, 3, 3, 2, 0, 1, 1, 3, 3, 2, 2, 2, 1, 1, 2, 1, 0, 2, 1, 3,
       3, 1, 1], dtype=object)]
[806, array([-16.,  -8.,  -8.,   0.]), array([2, 2, 2, 3, 3, 2, 0, 1, 1, 3, 3, 2, 2, 2, 1, 1, 2, 1, 1, 2, 1, 3,
       3, 1, 1], dtype=object)]
[806, array([-16.,  -8.,  -8.,   0.]), array([2, 2, 2, 3, 3, 2, 0, 1, 1, 3, 3, 2, 2, 2, 1, 1, 2, 1, 1, 2, 1, 3,
       3, 1, 1], dtype=object)]
[806, array([-16.,  -8.,  -8.,   0.]), array([2, 2, 2, 3, 3, 2, 0, 1, 1, 3, 3, 2, 2, 2, 1, 1, 2, 1, 1, 2, 1, 3,
       3, 1, 1], dtype=object)]
[806, array([-16.,  -8.,  -8.,   0.]), array([2, 2, 2, 3, 3, 2, 0, 1, 1, 3, 3, 2, 2, 2, 1, 1, 2, 1, 1, 2, 1, 3,
       3, 1, 1], dtype=object)]
[807, array([-16.,  -8.,  -8.,   0.]), array([2, 2, 2, 3, 3, 2, 0, 1, 1, 3, 3, 2, 2, 2, 1, 1, 2, 1, 0, 2, 1, 3,
       3, 1, 1], dtype=object)]
[807, array([-16.,  -8.,  -8.,   0.]), array([2, 2, 2, 3, 3, 2, 0, 1, 1, 3, 3, 2, 2, 2, 1, 1, 2, 1, 0, 2, 1, 3,
       3, 1, 1], dtype=object)]
[807, array([-16.,  -8.,  -8.,   0.]), array([2, 2, 2, 3, 3, 2, 0, 1, 1, 3, 3, 2, 2, 2, 1, 1, 2, 1, 0, 2, 1, 3,
       3, 1, 1], dtype=object)]
[807, array([-16.,  -8.,  -8.,   0.]), array([2, 2, 2, 3, 3, 2, 0, 1, 1, 3, 3, 2, 2, 2, 1, 1, 2, 1, 0, 2, 1, 3,
       3, 1, 1], dtype=object)]
[808, array([-16.,  -8.,  -8.,   0.]), array([3, 2, 2, 3, 3, 2, 0, 1, 1, 3, 3, 2, 2, 2, 1, 1, 2, 1, 0, 2, 1, 3,
       3, 1, 1], dtype=object)]
[808, array([-16.,  -8.,  -8.,   0.]), array([3, 2, 2, 3, 3, 2, 0, 1, 1, 3, 3, 2, 2, 2, 1, 1, 2, 1, 0, 2, 1, 3,
       3, 1, 1], dtype=object)]
[808, array([-16.,  -8.,  -8.,   0.]), array([3, 2, 2, 3, 3, 2, 0, 1, 1, 3, 3, 2, 2, 2, 1, 1, 2, 1, 0, 2, 1, 3,
       3, 1, 1], dtype=object)]
[808, array([-16.,  -8.,  -8.,   0.]), array([3, 2, 2, 3, 3, 2, 0, 1, 1, 3, 3, 2, 2, 2, 1, 1, 2, 1, 0, 2, 1, 3,
       3, 1, 1], dtype=object)]
[809, array([-16.,  -8.,  -8.,   0.]), array([2, 2, 2, 3, 3, 2, 0, 1, 1, 3, 3, 2, 2, 2, 1, 1, 2, 1, 0, 2, 1, 3,
       3, 1, 1], dtype=object)]
[809, array([-16.,  -8.,  -8.,   0.]), array([2, 2, 2, 3, 3, 2, 0, 1, 1, 3, 3, 2, 2, 2, 1, 1, 2, 1, 0, 2, 1, 3,
       3, 1, 1], dtype=object)]
[809, array([-16.,  -8.,  -8.,   0.]), array([2, 2, 2, 3, 3, 2, 0, 1, 1, 3, 3, 2, 2, 2, 1, 1, 2, 1, 0, 2, 1, 3,
       3, 1, 1], dtype=object)]
[809, array([-16.,  -8.,  -8.,   0.]), array([2, 2, 2, 3, 3, 2, 0, 1, 1, 3, 3, 2, 2, 2, 1, 1, 2, 1, 0, 2, 1, 3,
       3, 1, 1], dtype=object)]
[810, array([-16.,  -8.,  -8.,   0.]), array([2, 2, 2, 3, 3, 0, 0, 1, 1, 3, 3, 2, 2, 2, 1, 1, 2, 1, 0, 2, 1, 3,
       3, 1, 1], dtype=object)]
[810, array([-16.,  -8.,  -8.,   0.]), array([2, 2, 2, 3, 3, 0, 0, 1, 1, 3, 3, 2, 2, 2, 1, 1, 2, 1, 0, 2, 1, 3,
       3, 1, 1], dtype=object)]
[810, array([-16.,  -8.,  -8.,   0.]), array([2, 2, 2, 3, 3, 0, 0, 1, 1, 3, 3, 2, 2, 2, 1, 1, 2, 1, 0, 2, 1, 3,
       3, 1, 1], dtype=object)]
[810, array([-16.,  -8.,  -8.,   0.]), array([2, 2, 2, 3, 3, 0, 0, 1, 1, 3, 3, 2, 2, 2, 1, 1, 2, 1, 0, 2, 1, 3,
       3, 1, 1], dtype=object)]
[811, array([-16.,  -8.,  -8.,   0.]), array([2, 2, 2, 3, 3, 2, 0, 1, 1, 3, 3, 2, 2, 2, 1, 1, 2, 1, 0, 2, 1, 3,
       3, 1, 1], dtype=object)]
[811, array([-16.,  -8.,  -8.,   0.]), array([2, 2, 2, 3, 3, 2, 0, 1, 1, 3, 3, 2, 2, 2, 1, 1, 2, 1, 0, 2, 1, 3,
       3, 1, 1], dtype=object)]
[811, array([-16.,  -8.,  -8.,   0.]), array([2, 2, 2, 3, 3, 2, 0, 1, 1, 3, 3, 2, 2, 2, 1, 1, 2, 1, 0, 2, 1, 3,
       3, 1, 1], dtype=object)]
[811, array([-16.,  -8.,  -8.,   0.]), array([2, 2, 2, 3, 3, 2, 0, 1, 1, 3, 3, 2, 2, 2, 1, 1, 2, 1, 0, 2, 1, 3,
       3, 1, 1], dtype=object)]
[812, array([-16.,  -8.,  -8.,   0.]), array([2, 2, 2, 3, 3, 3, 0, 1, 1, 3, 3, 2, 2, 2, 1, 1, 2, 1, 0, 2, 1, 3,
       3, 1, 1], dtype=object)]
[812, array([-16.,  -8.,  -8.,   0.]), array([2, 2, 2, 3, 3, 3, 0, 1, 1, 3, 3, 2, 2, 2, 1, 1, 2, 1, 0, 2, 1, 3,
       3, 1, 1], dtype=object)]
[812, array([-16.,  -8.,  -8.,   0.]), array([2, 2, 2, 3, 3, 3, 0, 1, 1, 3, 3, 2, 2, 2, 1, 1, 2, 1, 0, 2, 1, 3,
       3, 1, 1], dtype=object)]
[812, array([-16.,  -8.,  -8.,   0.]), array([2, 2, 2, 3, 3, 3, 0, 1, 1, 3, 3, 2, 2, 2, 1, 1, 2, 1, 0, 2, 1, 3,
       3, 1, 1], dtype=object)]
[813, array([-16.,  -8.,  -8.,   0.]), array([2, 2, 2, 3, 3, 2, 0, 1, 1, 3, 3, 2, 2, 2, 1, 1, 2, 1, 0, 2, 1, 3,
       3, 1, 1], dtype=object)]
[813, array([-16.,  -8.,  -8.,   0.]), array([2, 2, 2, 3, 3, 2, 0, 1, 1, 3, 3, 2, 2, 2, 1, 1, 2, 1, 0, 2, 1, 3,
       3, 1, 1], dtype=object)]
[813, array([-16.,  -8.,  -8.,   0.]), array([2, 2, 2, 3, 3, 2, 0, 1, 1, 3, 3, 2, 2, 2, 1, 1, 2, 1, 0, 2, 1, 3,
       3, 1, 1], dtype=object)]
[813, array([-16.,  -8.,  -8.,   0.]), array([2, 2, 2, 3, 3, 2, 0, 1, 1, 3, 3, 2, 2, 2, 1, 1, 2, 1, 0, 2, 1, 3,
       3, 1, 1], dtype=object)]
[814, array([-16.,  -8.,  -8.,   0.]), array([2, 2, 2, 3, 3, 2, 0, 1, 1, 3, 3, 2, 2, 2, 1, 1, 2, 1, 0, 2, 1, 0,
       3, 1, 1], dtype=object)]
[814, array([-16.,  -8.,  -8.,   0.]), array([2, 2, 2, 3, 3, 2, 0, 1, 1, 3, 3, 2, 2, 2, 1, 1, 2, 1, 0, 2, 1, 0,
       3, 1, 1], dtype=object)]
[814, array([-16.,  -8.,  -8.,   0.]), array([2, 2, 2, 3, 3, 2, 0, 1, 1, 3, 3, 2, 2, 2, 1, 1, 2, 1, 0, 2, 1, 0,
       3, 1, 1], dtype=object)]
[814, array([-16.,  -8.,  -8.,   0.]), array([2, 2, 2, 3, 3, 2, 0, 1, 1, 3, 3, 2, 2, 2, 1, 1, 2, 1, 0, 2, 1, 0,
       3, 1, 1], dtype=object)]
[815, array([-16.,  -8.,  -8.,   0.]), array([2, 2, 2, 3, 3, 2, 0, 1, 1, 3, 3, 2, 2, 2, 1, 1, 2, 1, 0, 2, 1, 3,
       3, 1, 1], dtype=object)]
[815, array([-16.,  -8.,  -8.,   0.]), array([2, 2, 2, 3, 3, 2, 0, 1, 1, 3, 3, 2, 2, 2, 1, 1, 2, 1, 0, 2, 1, 3,
       3, 1, 1], dtype=object)]
[815, array([-16.,  -8.,  -8.,   0.]), array([2, 2, 2, 3, 3, 2, 0, 1, 1, 3, 3, 2, 2, 2, 1, 1, 2, 1, 0, 2, 1, 3,
       3, 1, 1], dtype=object)]
[815, array([-16.,  -8.,  -8.,   0.]), array([2, 2, 2, 3, 3, 2, 0, 1, 1, 3, 3, 2, 2, 2, 1, 1, 2, 1, 0, 2, 1, 3,
       3, 1, 1], dtype=object)]
[816, array([-16.,  -8.,  -8.,   0.]), array([3, 2, 2, 3, 3, 2, 0, 1, 1, 3, 3, 2, 2, 2, 1, 1, 2, 1, 0, 2, 1, 3,
       3, 1, 1], dtype=object)]
[816, array([-16.,  -8.,  -8.,   0.]), array([3, 2, 2, 3, 3, 2, 0, 1, 1, 3, 3, 2, 2, 2, 1, 1, 2, 1, 0, 2, 1, 3,
       3, 1, 1], dtype=object)]
[816, array([-16.,  -8.,  -8.,   0.]), array([3, 2, 2, 3, 3, 2, 0, 1, 1, 3, 3, 2, 2, 2, 1, 1, 2, 1, 0, 2, 1, 3,
       3, 1, 1], dtype=object)]
[816, array([-16.,  -8.,  -8.,   0.]), array([3, 2, 2, 3, 3, 2, 0, 1, 1, 3, 3, 2, 2, 2, 1, 1, 2, 1, 0, 2, 1, 3,
       3, 1, 1], dtype=object)]
[817, array([-16.,  -8.,  -8.,   0.]), array([2, 2, 2, 3, 3, 2, 0, 1, 1, 3, 3, 2, 2, 2, 1, 1, 2, 1, 0, 2, 1, 3,
       3, 1, 1], dtype=object)]
[817, array([-16.,  -8.,  -8.,   0.]), array([2, 2, 2, 3, 3, 2, 0, 1, 1, 3, 3, 2, 2, 2, 1, 1, 2, 1, 0, 2, 1, 3,
       3, 1, 1], dtype=object)]
[817, array([-16.,  -8.,  -8.,   0.]), array([2, 2, 2, 3, 3, 2, 0, 1, 1, 3, 3, 2, 2, 2, 1, 1, 2, 1, 0, 2, 1, 3,
       3, 1, 1], dtype=object)]
[817, array([-16.,  -8.,  -8.,   0.]), array([2, 2, 2, 3, 3, 2, 0, 1, 1, 3, 3, 2, 2, 2, 1, 1, 2, 1, 0, 2, 1, 3,
       3, 1, 1], dtype=object)]
[818, array([-16.,  -8.,  -8.,   0.]), array([0, 2, 2, 3, 3, 2, 0, 1, 1, 3, 3, 2, 2, 2, 1, 1, 2, 1, 0, 2, 1, 3,
       3, 1, 1], dtype=object)]
[818, array([-16.,  -8.,  -8.,   0.]), array([0, 2, 2, 3, 3, 2, 0, 1, 1, 3, 3, 2, 2, 2, 1, 1, 2, 1, 0, 2, 1, 3,
       3, 1, 1], dtype=object)]
[818, array([-16.,  -8.,  -8.,   0.]), array([0, 2, 2, 3, 3, 2, 0, 1, 1, 3, 3, 2, 2, 2, 1, 1, 2, 1, 0, 2, 1, 3,
       3, 1, 1], dtype=object)]
[818, array([-16.,  -8.,  -8.,   0.]), array([0, 2, 2, 3, 3, 2, 0, 1, 1, 3, 3, 2, 2, 2, 1, 1, 2, 1, 0, 2, 1, 3,
       3, 1, 1], dtype=object)]
[819, array([-16.,  -8.,  -8.,   0.]), array([2, 2, 2, 3, 3, 2, 0, 1, 1, 3, 3, 2, 2, 2, 1, 1, 2, 1, 0, 2, 1, 1,
       3, 1, 1], dtype=object)]
[819, array([-16.,  -8.,  -8.,   0.]), array([2, 2, 2, 3, 3, 2, 0, 1, 1, 3, 3, 2, 2, 2, 1, 1, 2, 1, 0, 2, 1, 1,
       3, 1, 1], dtype=object)]
[819, array([-16.,  -8.,  -8.,   0.]), array([2, 2, 2, 3, 3, 2, 0, 1, 1, 3, 3, 2, 2, 2, 1, 1, 2, 1, 0, 2, 1, 1,
       3, 1, 1], dtype=object)]
[819, array([-16.,  -8.,  -8.,   0.]), array([2, 2, 2, 3, 3, 2, 0, 1, 1, 3, 3, 2, 2, 2, 1, 1, 2, 1, 0, 2, 1, 1,
       3, 1, 1], dtype=object)]
[820, array([-16.,  -8.,  -8.,   0.]), array([1, 2, 2, 3, 3, 2, 0, 1, 1, 3, 3, 2, 2, 2, 1, 1, 2, 1, 0, 2, 1, 3,
       3, 1, 1], dtype=object)]
[820, array([-16.,  -8.,  -8.,   0.]), array([1, 2, 2, 3, 3, 2, 0, 1, 1, 3, 3, 2, 2, 2, 1, 1, 2, 1, 0, 2, 1, 3,
       3, 1, 1], dtype=object)]
[820, array([-16.,  -8.,  -8.,   0.]), array([1, 2, 2, 3, 3, 2, 0, 1, 1, 3, 3, 2, 2, 2, 1, 1, 2, 1, 0, 2, 1, 3,
       3, 1, 1], dtype=object)]
[820, array([-16.,  -8.,  -8.,   0.]), array([1, 2, 2, 3, 3, 2, 0, 1, 1, 3, 3, 2, 2, 2, 1, 1, 2, 1, 0, 2, 1, 3,
       3, 1, 1], dtype=object)]
[821, array([-16.,  -8.,  -8.,   0.]), array([2, 2, 2, 3, 3, 2, 0, 1, 1, 3, 3, 2, 2, 2, 1, 1, 2, 1, 0, 2, 1, 3,
       3, 1, 1], dtype=object)]
[821, array([-16.,  -8.,  -8.,   0.]), array([2, 2, 2, 3, 3, 2, 0, 1, 1, 3, 3, 2, 2, 2, 1, 1, 2, 1, 0, 2, 1, 3,
       3, 1, 1], dtype=object)]
[821, array([-16.,  -8.,  -8.,   0.]), array([2, 2, 2, 3, 3, 2, 0, 1, 1, 3, 3, 2, 2, 2, 1, 1, 2, 1, 0, 2, 1, 3,
       3, 1, 1], dtype=object)]
[821, array([-16.,  -8.,  -8.,   0.]), array([2, 2, 2, 3, 3, 2, 0, 1, 1, 3, 3, 2, 2, 2, 1, 1, 2, 1, 0, 2, 1, 3,
       3, 1, 1], dtype=object)]
[822, array([-16.,  -8.,  -8.,   0.]), array([2, 2, 2, 3, 3, 2, 0, 1, 1, 3, 3, 2, 2, 2, 1, 1, 0, 1, 0, 2, 1, 3,
       3, 1, 1], dtype=object)]
[822, array([-16.,  -8.,  -8.,   0.]), array([2, 2, 2, 3, 3, 2, 0, 1, 1, 3, 3, 2, 2, 2, 1, 1, 0, 1, 0, 2, 1, 3,
       3, 1, 1], dtype=object)]
[822, array([-16.,  -8.,  -8.,   0.]), array([2, 2, 2, 3, 3, 2, 0, 1, 1, 3, 3, 2, 2, 2, 1, 1, 0, 1, 0, 2, 1, 3,
       3, 1, 1], dtype=object)]
[822, array([-16.,  -8.,  -8.,   0.]), array([2, 2, 2, 3, 3, 2, 0, 1, 1, 3, 3, 2, 2, 2, 1, 1, 0, 1, 0, 2, 1, 3,
       3, 1, 1], dtype=object)]
[823, array([-16.,  -8.,  -8.,   0.]), array([2, 2, 2, 3, 3, 2, 0, 1, 1, 3, 3, 2, 2, 2, 1, 1, 2, 1, 0, 2, 1, 0,
       3, 1, 1], dtype=object)]
[823, array([-16.,  -8.,  -8.,   0.]), array([2, 2, 2, 3, 3, 2, 0, 1, 1, 3, 3, 2, 2, 2, 1, 1, 2, 1, 0, 2, 1, 0,
       3, 1, 1], dtype=object)]
[823, array([-16.,  -8.,  -8.,   0.]), array([2, 2, 2, 3, 3, 2, 0, 1, 1, 3, 3, 2, 2, 2, 1, 1, 2, 1, 0, 2, 1, 0,
       3, 1, 1], dtype=object)]
[823, array([-16.,  -8.,  -8.,   0.]), array([2, 2, 2, 3, 3, 2, 0, 1, 1, 3, 3, 2, 2, 2, 1, 1, 2, 1, 0, 2, 1, 0,
       3, 1, 1], dtype=object)]
[824, array([-16.,  -8.,  -8.,   0.]), array([2, 2, 2, 3, 3, 0, 0, 1, 1, 3, 3, 2, 2, 2, 1, 1, 2, 1, 0, 2, 1, 0,
       3, 1, 1], dtype=object)]
[824, array([-16.,  -8.,  -8.,   0.]), array([2, 2, 2, 3, 3, 0, 0, 1, 1, 3, 3, 2, 2, 2, 1, 1, 2, 1, 0, 2, 1, 0,
       3, 1, 1], dtype=object)]
[824, array([-16.,  -8.,  -8.,   0.]), array([2, 2, 2, 3, 3, 0, 0, 1, 1, 3, 3, 2, 2, 2, 1, 1, 2, 1, 0, 2, 1, 0,
       3, 1, 1], dtype=object)]
[824, array([-16.,  -8.,  -8.,   0.]), array([2, 2, 2, 3, 3, 0, 0, 1, 1, 3, 3, 2, 2, 2, 1, 1, 2, 1, 0, 2, 1, 0,
       3, 1, 1], dtype=object)]
[825, array([-16.,  -8.,  -8.,   0.]), array([2, 2, 2, 3, 3, 2, 0, 1, 1, 3, 3, 2, 2, 2, 1, 1, 2, 1, 0, 2, 1, 3,
       3, 1, 1], dtype=object)]
[825, array([-16.,  -8.,  -8.,   0.]), array([2, 2, 2, 3, 3, 2, 0, 1, 1, 3, 3, 2, 2, 2, 1, 1, 2, 1, 0, 2, 1, 3,
       3, 1, 1], dtype=object)]
[825, array([-16.,  -8.,  -8.,   0.]), array([2, 2, 2, 3, 3, 2, 0, 1, 1, 3, 3, 2, 2, 2, 1, 1, 2, 1, 0, 2, 1, 3,
       3, 1, 1], dtype=object)]
[825, array([-16.,  -8.,  -8.,   0.]), array([2, 2, 2, 3, 3, 2, 0, 1, 1, 3, 3, 2, 2, 2, 1, 1, 2, 1, 0, 2, 1, 3,
       3, 1, 1], dtype=object)]
[826, array([-16.,  -8.,  -8.,   0.]), array([2, 2, 2, 3, 3, 2, 0, 1, 1, 3, 3, 2, 2, 2, 1, 1, 2, 1, 0, 2, 1, 0,
       3, 1, 1], dtype=object)]
[826, array([-16.,  -8.,  -8.,   0.]), array([2, 2, 2, 3, 3, 2, 0, 1, 1, 3, 3, 2, 2, 2, 1, 1, 2, 1, 0, 2, 1, 0,
       3, 1, 1], dtype=object)]
[826, array([-16.,  -8.,  -8.,   0.]), array([2, 2, 2, 3, 3, 2, 0, 1, 1, 3, 3, 2, 2, 2, 1, 1, 2, 1, 0, 2, 1, 0,
       3, 1, 1], dtype=object)]
[826, array([-16.,  -8.,  -8.,   0.]), array([2, 2, 2, 3, 3, 2, 0, 1, 1, 3, 3, 2, 2, 2, 1, 1, 2, 1, 0, 2, 1, 0,
       3, 1, 1], dtype=object)]
[827, array([-16.,  -8.,  -8.,   0.]), array([2, 2, 2, 3, 3, 2, 0, 1, 1, 3, 3, 2, 2, 2, 1, 1, 2, 1, 0, 2, 1, 3,
       3, 1, 1], dtype=object)]
[827, array([-16.,  -8.,  -8.,   0.]), array([2, 2, 2, 3, 3, 2, 0, 1, 1, 3, 3, 2, 2, 2, 1, 1, 2, 1, 0, 2, 1, 3,
       3, 1, 1], dtype=object)]
[827, array([-16.,  -8.,  -8.,   0.]), array([2, 2, 2, 3, 3, 2, 0, 1, 1, 3, 3, 2, 2, 2, 1, 1, 2, 1, 0, 2, 1, 3,
       3, 1, 1], dtype=object)]
[827, array([-16.,  -8.,  -8.,   0.]), array([2, 2, 2, 3, 3, 2, 0, 1, 1, 3, 3, 2, 2, 2, 1, 1, 2, 1, 0, 2, 1, 3,
       3, 1, 1], dtype=object)]
[828, array([-16.,  -8.,  -8.,   0.]), array([2, 2, 2, 3, 3, 2, 0, 1, 1, 3, 3, 2, 2, 2, 1, 1, 2, 1, 2, 2, 1, 3,
       3, 1, 1], dtype=object)]
[828, array([-16.,  -8.,  -8.,   0.]), array([2, 2, 2, 3, 3, 2, 0, 1, 1, 3, 3, 2, 2, 2, 1, 1, 2, 1, 2, 2, 1, 3,
       3, 1, 1], dtype=object)]
[828, array([-16.,  -8.,  -8.,   0.]), array([2, 2, 2, 3, 3, 2, 0, 1, 1, 3, 3, 2, 2, 2, 1, 1, 2, 1, 2, 2, 1, 3,
       3, 1, 1], dtype=object)]
[828, array([-16.,  -8.,  -8.,   0.]), array([2, 2, 2, 3, 3, 2, 0, 1, 1, 3, 3, 2, 2, 2, 1, 1, 2, 1, 2, 2, 1, 3,
       3, 1, 1], dtype=object)]
[829, array([-16.,  -8.,  -8.,   0.]), array([2, 2, 2, 3, 3, 2, 0, 1, 1, 3, 3, 2, 2, 2, 1, 1, 2, 1, 0, 2, 1, 3,
       3, 1, 1], dtype=object)]
[829, array([-16.,  -8.,  -8.,   0.]), array([2, 2, 2, 3, 3, 2, 0, 1, 1, 3, 3, 2, 2, 2, 1, 1, 2, 1, 0, 2, 1, 3,
       3, 1, 1], dtype=object)]
[829, array([-16.,  -8.,  -8.,   0.]), array([2, 2, 2, 3, 3, 2, 0, 1, 1, 3, 3, 2, 2, 2, 1, 1, 2, 1, 0, 2, 1, 3,
       3, 1, 1], dtype=object)]
[829, array([-16.,  -8.,  -8.,   0.]), array([2, 2, 2, 3, 3, 2, 0, 1, 1, 3, 3, 2, 2, 2, 1, 1, 2, 1, 0, 2, 1, 3,
       3, 1, 1], dtype=object)]
[830, array([-16.,  -8.,  -8.,   0.]), array([2, 2, 2, 3, 3, 2, 0, 1, 1, 3, 3, 2, 2, 2, 1, 1, 2, 2, 0, 2, 1, 0,
       3, 1, 1], dtype=object)]
[830, array([-16.,  -8.,  -8.,   0.]), array([2, 2, 2, 3, 3, 2, 0, 1, 1, 3, 3, 2, 2, 2, 1, 1, 2, 2, 0, 2, 1, 0,
       3, 1, 1], dtype=object)]
[830, array([-16.,  -8.,  -8.,   0.]), array([2, 2, 2, 3, 3, 2, 0, 1, 1, 3, 3, 2, 2, 2, 1, 1, 2, 2, 0, 2, 1, 0,
       3, 1, 1], dtype=object)]
[830, array([-16.,  -8.,  -8.,   0.]), array([2, 2, 2, 3, 3, 2, 0, 1, 1, 3, 3, 2, 2, 2, 1, 1, 2, 2, 0, 2, 1, 0,
       3, 1, 1], dtype=object)]
[831, array([-16.,  -8.,  -8.,   0.]), array([2, 2, 2, 3, 3, 2, 0, 1, 1, 3, 3, 2, 2, 2, 1, 1, 2, 1, 0, 2, 1, 0,
       3, 1, 1], dtype=object)]
[831, array([-16.,  -8.,  -8.,   0.]), array([2, 2, 2, 3, 3, 2, 0, 1, 1, 3, 3, 2, 2, 2, 1, 1, 2, 1, 0, 2, 1, 0,
       3, 1, 1], dtype=object)]
[831, array([-16.,  -8.,  -8.,   0.]), array([2, 2, 2, 3, 3, 2, 0, 1, 1, 3, 3, 2, 2, 2, 1, 1, 2, 1, 0, 2, 1, 0,
       3, 1, 1], dtype=object)]
[831, array([-16.,  -8.,  -8.,   0.]), array([2, 2, 2, 3, 3, 2, 0, 1, 1, 3, 3, 2, 2, 2, 1, 1, 2, 1, 0, 2, 1, 0,
       3, 1, 1], dtype=object)]
[832, array([-16.,  -8.,  -8.,   0.]), array([2, 2, 2, 3, 3, 2, 0, 1, 1, 3, 3, 2, 2, 2, 1, 1, 2, 1, 3, 2, 1, 3,
       3, 1, 1], dtype=object)]
[832, array([-16.,  -8.,  -8.,   0.]), array([2, 2, 2, 3, 3, 2, 0, 1, 1, 3, 3, 2, 2, 2, 1, 1, 2, 1, 3, 2, 1, 3,
       3, 1, 1], dtype=object)]
[832, array([-16.,  -8.,  -8.,   0.]), array([2, 2, 2, 3, 3, 2, 0, 1, 1, 3, 3, 2, 2, 2, 1, 1, 2, 1, 3, 2, 1, 3,
       3, 1, 1], dtype=object)]
[832, array([-16.,  -8.,  -8.,   0.]), array([2, 2, 2, 3, 3, 2, 0, 1, 1, 3, 3, 2, 2, 2, 1, 1, 2, 1, 3, 2, 1, 3,
       3, 1, 1], dtype=object)]
[833, array([-16.,  -8.,  -8.,   0.]), array([2, 2, 2, 3, 3, 2, 0, 1, 1, 3, 3, 2, 2, 2, 1, 1, 2, 3, 0, 2, 1, 3,
       3, 1, 1], dtype=object)]
[833, array([-16.,  -8.,  -8.,   0.]), array([2, 2, 2, 3, 3, 2, 0, 1, 1, 3, 3, 2, 2, 2, 1, 1, 2, 3, 0, 2, 1, 3,
       3, 1, 1], dtype=object)]
[833, array([-16.,  -8.,  -8.,   0.]), array([2, 2, 2, 3, 3, 2, 0, 1, 1, 3, 3, 2, 2, 2, 1, 1, 2, 3, 0, 2, 1, 3,
       3, 1, 1], dtype=object)]
[833, array([-16.,  -8.,  -8.,   0.]), array([2, 2, 2, 3, 3, 2, 0, 1, 1, 3, 3, 2, 2, 2, 1, 1, 2, 3, 0, 2, 1, 3,
       3, 1, 1], dtype=object)]
[834, array([-16.,  -8.,  -8.,   0.]), array([2, 2, 2, 3, 3, 2, 0, 1, 1, 3, 3, 2, 2, 2, 1, 1, 2, 3, 0, 2, 1, 1,
       3, 1, 1], dtype=object)]
[834, array([-16.,  -8.,  -8.,   0.]), array([2, 2, 2, 3, 3, 2, 0, 1, 1, 3, 3, 2, 2, 2, 1, 1, 2, 3, 0, 2, 1, 1,
       3, 1, 1], dtype=object)]
[834, array([-16.,  -8.,  -8.,   0.]), array([2, 2, 2, 3, 3, 2, 0, 1, 1, 3, 3, 2, 2, 2, 1, 1, 2, 3, 0, 2, 1, 1,
       3, 1, 1], dtype=object)]
[834, array([-16.,  -8.,  -8.,   0.]), array([2, 2, 2, 3, 3, 2, 0, 1, 1, 3, 3, 2, 2, 2, 1, 1, 2, 3, 0, 2, 1, 1,
       3, 1, 1], dtype=object)]
[835, array([-16.,  -8.,  -8.,   0.]), array([2, 2, 2, 3, 3, 1, 0, 1, 1, 3, 3, 2, 2, 2, 1, 1, 2, 1, 0, 2, 1, 3,
       3, 1, 1], dtype=object)]
[835, array([-16.,  -8.,  -8.,   0.]), array([2, 2, 2, 3, 3, 1, 0, 1, 1, 3, 3, 2, 2, 2, 1, 1, 2, 1, 0, 2, 1, 3,
       3, 1, 1], dtype=object)]
[835, array([-16.,  -8.,  -8.,   0.]), array([2, 2, 2, 3, 3, 1, 0, 1, 1, 3, 3, 2, 2, 2, 1, 1, 2, 1, 0, 2, 1, 3,
       3, 1, 1], dtype=object)]
[835, array([-16.,  -8.,  -8.,   0.]), array([2, 2, 2, 3, 3, 1, 0, 1, 1, 3, 3, 2, 2, 2, 1, 1, 2, 1, 0, 2, 1, 3,
       3, 1, 1], dtype=object)]
[836, array([-16.,  -8.,  -8.,   0.]), array([2, 2, 2, 3, 3, 1, 0, 1, 1, 3, 3, 2, 2, 2, 1, 1, 0, 2, 0, 2, 1, 3,
       3, 1, 1], dtype=object)]
[836, array([-16.,  -8.,  -8.,   0.]), array([2, 2, 2, 3, 3, 1, 0, 1, 1, 3, 3, 2, 2, 2, 1, 1, 0, 2, 0, 2, 1, 3,
       3, 1, 1], dtype=object)]
[836, array([-16.,  -8.,  -8.,   0.]), array([2, 2, 2, 3, 3, 1, 0, 1, 1, 3, 3, 2, 2, 2, 1, 1, 0, 2, 0, 2, 1, 3,
       3, 1, 1], dtype=object)]
[836, array([-16.,  -8.,  -8.,   0.]), array([2, 2, 2, 3, 3, 1, 0, 1, 1, 3, 3, 2, 2, 2, 1, 1, 0, 2, 0, 2, 1, 3,
       3, 1, 1], dtype=object)]
[837, array([-16.,  -8.,  -8.,   0.]), array([2, 2, 2, 3, 3, 2, 0, 1, 1, 3, 3, 2, 2, 2, 1, 1, 0, 2, 0, 2, 1, 3,
       3, 1, 1], dtype=object)]
[837, array([-16.,  -8.,  -8.,   0.]), array([2, 2, 2, 3, 3, 2, 0, 1, 1, 3, 3, 2, 2, 2, 1, 1, 0, 2, 0, 2, 1, 3,
       3, 1, 1], dtype=object)]
[837, array([-16.,  -8.,  -8.,   0.]), array([2, 2, 2, 3, 3, 2, 0, 1, 1, 3, 3, 2, 2, 2, 1, 1, 0, 2, 0, 2, 1, 3,
       3, 1, 1], dtype=object)]
[837, array([-16.,  -8.,  -8.,   0.]), array([2, 2, 2, 3, 3, 2, 0, 1, 1, 3, 3, 2, 2, 2, 1, 1, 0, 2, 0, 2, 1, 3,
       3, 1, 1], dtype=object)]
[838, array([-16.,  -8.,  -8.,   0.]), array([2, 2, 2, 3, 3, 1, 0, 1, 1, 3, 3, 2, 2, 2, 1, 1, 2, 2, 0, 2, 1, 3,
       3, 1, 1], dtype=object)]
[838, array([-16.,  -8.,  -8.,   0.]), array([2, 2, 2, 3, 3, 1, 0, 1, 1, 3, 3, 2, 2, 2, 1, 1, 2, 2, 0, 2, 1, 3,
       3, 1, 1], dtype=object)]
[838, array([-16.,  -8.,  -8.,   0.]), array([2, 2, 2, 3, 3, 1, 0, 1, 1, 3, 3, 2, 2, 2, 1, 1, 2, 2, 0, 2, 1, 3,
       3, 1, 1], dtype=object)]
[838, array([-16.,  -8.,  -8.,   0.]), array([2, 2, 2, 3, 3, 1, 0, 1, 1, 3, 3, 2, 2, 2, 1, 1, 2, 2, 0, 2, 1, 3,
       3, 1, 1], dtype=object)]
[839, array([-16.,  -8.,  -8.,   0.]), array([2, 2, 2, 3, 3, 2, 0, 1, 1, 3, 3, 2, 2, 2, 1, 1, 2, 2, 0, 2, 1, 3,
       3, 1, 1], dtype=object)]
[839, array([-16.,  -8.,  -8.,   0.]), array([2, 2, 2, 3, 3, 2, 0, 1, 1, 3, 3, 2, 2, 2, 1, 1, 2, 2, 0, 2, 1, 3,
       3, 1, 1], dtype=object)]
[839, array([-16.,  -8.,  -8.,   0.]), array([2, 2, 2, 3, 3, 2, 0, 1, 1, 3, 3, 2, 2, 2, 1, 1, 2, 2, 0, 2, 1, 3,
       3, 1, 1], dtype=object)]
[839, array([-16.,  -8.,  -8.,   0.]), array([2, 2, 2, 3, 3, 2, 0, 1, 1, 3, 3, 2, 2, 2, 1, 1, 2, 2, 0, 2, 1, 3,
       3, 1, 1], dtype=object)]
[840, array([-16.,  -8.,  -8.,   0.]), array([2, 2, 2, 3, 3, 2, 0, 1, 1, 3, 3, 2, 2, 2, 1, 1, 2, 1, 3, 2, 1, 3,
       3, 1, 1], dtype=object)]
[840, array([-16.,  -8.,  -8.,   0.]), array([2, 2, 2, 3, 3, 2, 0, 1, 1, 3, 3, 2, 2, 2, 1, 1, 2, 1, 3, 2, 1, 3,
       3, 1, 1], dtype=object)]
[840, array([-16.,  -8.,  -8.,   0.]), array([2, 2, 2, 3, 3, 2, 0, 1, 1, 3, 3, 2, 2, 2, 1, 1, 2, 1, 3, 2, 1, 3,
       3, 1, 1], dtype=object)]
[840, array([-16.,  -8.,  -8.,   0.]), array([2, 2, 2, 3, 3, 2, 0, 1, 1, 3, 3, 2, 2, 2, 1, 1, 2, 1, 3, 2, 1, 3,
       3, 1, 1], dtype=object)]
[841, array([-16.,  -8.,  -8.,   0.]), array([2, 2, 2, 3, 3, 2, 0, 1, 1, 3, 3, 2, 2, 2, 1, 1, 2, 3, 0, 2, 1, 3,
       3, 1, 1], dtype=object)]
[841, array([-16.,  -8.,  -8.,   0.]), array([2, 2, 2, 3, 3, 2, 0, 1, 1, 3, 3, 2, 2, 2, 1, 1, 2, 3, 0, 2, 1, 3,
       3, 1, 1], dtype=object)]
[841, array([-16.,  -8.,  -8.,   0.]), array([2, 2, 2, 3, 3, 2, 0, 1, 1, 3, 3, 2, 2, 2, 1, 1, 2, 3, 0, 2, 1, 3,
       3, 1, 1], dtype=object)]
[841, array([-16.,  -8.,  -8.,   0.]), array([2, 2, 2, 3, 3, 2, 0, 1, 1, 3, 3, 2, 2, 2, 1, 1, 2, 3, 0, 2, 1, 3,
       3, 1, 1], dtype=object)]
[842, array([-16.,  -8.,  -8.,   0.]), array([2, 2, 2, 3, 3, 2, 0, 1, 1, 3, 3, 2, 2, 2, 1, 1, 2, 2, 2, 2, 1, 3,
       3, 1, 1], dtype=object)]
[842, array([-16.,  -8.,  -8.,   0.]), array([2, 2, 2, 3, 3, 2, 0, 1, 1, 3, 3, 2, 2, 2, 1, 1, 2, 2, 2, 2, 1, 3,
       3, 1, 1], dtype=object)]
[842, array([-16.,  -8.,  -8.,   0.]), array([2, 2, 2, 3, 3, 2, 0, 1, 1, 3, 3, 2, 2, 2, 1, 1, 2, 2, 2, 2, 1, 3,
       3, 1, 1], dtype=object)]
[842, array([-16.,  -8.,  -8.,   0.]), array([2, 2, 2, 3, 3, 2, 0, 1, 1, 3, 3, 2, 2, 2, 1, 1, 2, 2, 2, 2, 1, 3,
       3, 1, 1], dtype=object)]
[843, array([-16.,  -8.,  -8.,   0.]), array([2, 2, 2, 3, 3, 2, 0, 1, 1, 3, 3, 2, 2, 2, 1, 1, 2, 1, 0, 2, 1, 3,
       3, 1, 1], dtype=object)]
[843, array([-16.,  -8.,  -8.,   0.]), array([2, 2, 2, 3, 3, 2, 0, 1, 1, 3, 3, 2, 2, 2, 1, 1, 2, 1, 0, 2, 1, 3,
       3, 1, 1], dtype=object)]
[843, array([-16.,  -8.,  -8.,   0.]), array([2, 2, 2, 3, 3, 2, 0, 1, 1, 3, 3, 2, 2, 2, 1, 1, 2, 1, 0, 2, 1, 3,
       3, 1, 1], dtype=object)]
[843, array([-16.,  -8.,  -8.,   0.]), array([2, 2, 2, 3, 3, 2, 0, 1, 1, 3, 3, 2, 2, 2, 1, 1, 2, 1, 0, 2, 1, 3,
       3, 1, 1], dtype=object)]
[844, array([-16.,  -8.,  -8.,   0.]), array([2, 2, 2, 3, 3, 2, 0, 1, 1, 3, 3, 2, 2, 2, 1, 1, 2, 0, 0, 2, 1, 3,
       3, 1, 1], dtype=object)]
[844, array([-16.,  -8.,  -8.,   0.]), array([2, 2, 2, 3, 3, 2, 0, 1, 1, 3, 3, 2, 2, 2, 1, 1, 2, 0, 0, 2, 1, 3,
       3, 1, 1], dtype=object)]
[844, array([-16.,  -8.,  -8.,   0.]), array([2, 2, 2, 3, 3, 2, 0, 1, 1, 3, 3, 2, 2, 2, 1, 1, 2, 0, 0, 2, 1, 3,
       3, 1, 1], dtype=object)]
[844, array([-16.,  -8.,  -8.,   0.]), array([2, 2, 2, 3, 3, 2, 0, 1, 1, 3, 3, 2, 2, 2, 1, 1, 2, 0, 0, 2, 1, 3,
       3, 1, 1], dtype=object)]
[845, array([-16.,  -8.,  -8.,   0.]), array([2, 2, 2, 3, 3, 2, 0, 1, 1, 3, 3, 2, 2, 2, 1, 1, 2, 1, 0, 2, 1, 3,
       3, 1, 1], dtype=object)]
[845, array([-16.,  -8.,  -8.,   0.]), array([2, 2, 2, 3, 3, 2, 0, 1, 1, 3, 3, 2, 2, 2, 1, 1, 2, 1, 0, 2, 1, 3,
       3, 1, 1], dtype=object)]
[845, array([-16.,  -8.,  -8.,   0.]), array([2, 2, 2, 3, 3, 2, 0, 1, 1, 3, 3, 2, 2, 2, 1, 1, 2, 1, 0, 2, 1, 3,
       3, 1, 1], dtype=object)]
[845, array([-16.,  -8.,  -8.,   0.]), array([2, 2, 2, 3, 3, 2, 0, 1, 1, 3, 3, 2, 2, 2, 1, 1, 2, 1, 0, 2, 1, 3,
       3, 1, 1], dtype=object)]
[846, array([-16.,  -8.,  -8.,   0.]), array([2, 2, 2, 3, 3, 2, 0, 1, 1, 3, 3, 2, 2, 2, 1, 1, 1, 3, 0, 2, 1, 3,
       3, 1, 1], dtype=object)]
[846, array([-16.,  -8.,  -8.,   0.]), array([2, 2, 2, 3, 3, 2, 0, 1, 1, 3, 3, 2, 2, 2, 1, 1, 1, 3, 0, 2, 1, 3,
       3, 1, 1], dtype=object)]
[846, array([-16.,  -8.,  -8.,   0.]), array([2, 2, 2, 3, 3, 2, 0, 1, 1, 3, 3, 2, 2, 2, 1, 1, 1, 3, 0, 2, 1, 3,
       3, 1, 1], dtype=object)]
[846, array([-16.,  -8.,  -8.,   0.]), array([2, 2, 2, 3, 3, 2, 0, 1, 1, 3, 3, 2, 2, 2, 1, 1, 1, 3, 0, 2, 1, 3,
       3, 1, 1], dtype=object)]
[847, array([-16.,  -8.,  -8.,   0.]), array([2, 2, 2, 3, 3, 1, 0, 1, 1, 3, 3, 2, 2, 2, 1, 1, 2, 1, 0, 2, 1, 3,
       3, 1, 1], dtype=object)]
[847, array([-16.,  -8.,  -8.,   0.]), array([2, 2, 2, 3, 3, 1, 0, 1, 1, 3, 3, 2, 2, 2, 1, 1, 2, 1, 0, 2, 1, 3,
       3, 1, 1], dtype=object)]
[847, array([-16.,  -8.,  -8.,   0.]), array([2, 2, 2, 3, 3, 1, 0, 1, 1, 3, 3, 2, 2, 2, 1, 1, 2, 1, 0, 2, 1, 3,
       3, 1, 1], dtype=object)]
[847, array([-16.,  -8.,  -8.,   0.]), array([2, 2, 2, 3, 3, 1, 0, 1, 1, 3, 3, 2, 2, 2, 1, 1, 2, 1, 0, 2, 1, 3,
       3, 1, 1], dtype=object)]
[848, array([-16.,  -8.,  -8.,   0.]), array([2, 2, 2, 3, 3, 1, 0, 1, 1, 3, 3, 2, 2, 2, 1, 1, 2, 3, 0, 2, 1, 3,
       3, 1, 1], dtype=object)]
[848, array([-16.,  -8.,  -8.,   0.]), array([2, 2, 2, 3, 3, 1, 0, 1, 1, 3, 3, 2, 2, 2, 1, 1, 2, 3, 0, 2, 1, 3,
       3, 1, 1], dtype=object)]
[848, array([-16.,  -8.,  -8.,   0.]), array([2, 2, 2, 3, 3, 1, 0, 1, 1, 3, 3, 2, 2, 2, 1, 1, 2, 3, 0, 2, 1, 3,
       3, 1, 1], dtype=object)]
[848, array([-16.,  -8.,  -8.,   0.]), array([2, 2, 2, 3, 3, 1, 0, 1, 1, 3, 3, 2, 2, 2, 1, 1, 2, 3, 0, 2, 1, 3,
       3, 1, 1], dtype=object)]
[849, array([-16.,  -8.,  -8.,   0.]), array([2, 2, 2, 3, 3, 2, 0, 1, 1, 3, 3, 2, 2, 2, 1, 1, 2, 1, 0, 2, 1, 3,
       3, 1, 1], dtype=object)]
[849, array([-16.,  -8.,  -8.,   0.]), array([2, 2, 2, 3, 3, 2, 0, 1, 1, 3, 3, 2, 2, 2, 1, 1, 2, 1, 0, 2, 1, 3,
       3, 1, 1], dtype=object)]
[849, array([-16.,  -8.,  -8.,   0.]), array([2, 2, 2, 3, 3, 2, 0, 1, 1, 3, 3, 2, 2, 2, 1, 1, 2, 1, 0, 2, 1, 3,
       3, 1, 1], dtype=object)]
[849, array([-16.,  -8.,  -8.,   0.]), array([2, 2, 2, 3, 3, 2, 0, 1, 1, 3, 3, 2, 2, 2, 1, 1, 2, 1, 0, 2, 1, 3,
       3, 1, 1], dtype=object)]
[850, array([-16.,  -8.,  -8.,   0.]), array([1, 2, 2, 3, 3, 2, 0, 1, 1, 3, 3, 2, 2, 2, 1, 1, 2, 2, 0, 2, 1, 3,
       3, 1, 1], dtype=object)]
[850, array([-16.,  -8.,  -8.,   0.]), array([1, 2, 2, 3, 3, 2, 0, 1, 1, 3, 3, 2, 2, 2, 1, 1, 2, 2, 0, 2, 1, 3,
       3, 1, 1], dtype=object)]
[850, array([-16.,  -8.,  -8.,   0.]), array([1, 2, 2, 3, 3, 2, 0, 1, 1, 3, 3, 2, 2, 2, 1, 1, 2, 2, 0, 2, 1, 3,
       3, 1, 1], dtype=object)]
[850, array([-16.,  -8.,  -8.,   0.]), array([1, 2, 2, 3, 3, 2, 0, 1, 1, 3, 3, 2, 2, 2, 1, 1, 2, 2, 0, 2, 1, 3,
       3, 1, 1], dtype=object)]
[851, array([-16.,  -8.,  -8.,   0.]), array([2, 2, 2, 3, 3, 2, 0, 1, 1, 3, 3, 2, 2, 2, 1, 1, 2, 1, 0, 2, 1, 3,
       3, 1, 1], dtype=object)]
[851, array([-16.,  -8.,  -8.,   0.]), array([2, 2, 2, 3, 3, 2, 0, 1, 1, 3, 3, 2, 2, 2, 1, 1, 2, 1, 0, 2, 1, 3,
       3, 1, 1], dtype=object)]
[851, array([-16.,  -8.,  -8.,   0.]), array([2, 2, 2, 3, 3, 2, 0, 1, 1, 3, 3, 2, 2, 2, 1, 1, 2, 1, 0, 2, 1, 3,
       3, 1, 1], dtype=object)]
[851, array([-16.,  -8.,  -8.,   0.]), array([2, 2, 2, 3, 3, 2, 0, 1, 1, 3, 3, 2, 2, 2, 1, 1, 2, 1, 0, 2, 1, 3,
       3, 1, 1], dtype=object)]
[852, array([-16.,  -8.,  -8.,   0.]), array([2, 2, 2, 3, 3, 1, 0, 1, 1, 3, 3, 2, 2, 2, 1, 1, 2, 3, 0, 2, 1, 3,
       3, 1, 1], dtype=object)]
[852, array([-16.,  -8.,  -8.,   0.]), array([2, 2, 2, 3, 3, 1, 0, 1, 1, 3, 3, 2, 2, 2, 1, 1, 2, 3, 0, 2, 1, 3,
       3, 1, 1], dtype=object)]
[852, array([-16.,  -8.,  -8.,   0.]), array([2, 2, 2, 3, 3, 1, 0, 1, 1, 3, 3, 2, 2, 2, 1, 1, 2, 3, 0, 2, 1, 3,
       3, 1, 1], dtype=object)]
[852, array([-16.,  -8.,  -8.,   0.]), array([2, 2, 2, 3, 3, 1, 0, 1, 1, 3, 3, 2, 2, 2, 1, 1, 2, 3, 0, 2, 1, 3,
       3, 1, 1], dtype=object)]
[853, array([-16.,  -8.,  -8.,   0.]), array([2, 2, 2, 3, 3, 2, 0, 1, 1, 3, 3, 2, 2, 2, 1, 1, 2, 1, 0, 2, 1, 3,
       3, 1, 1], dtype=object)]
[853, array([-16.,  -8.,  -8.,   0.]), array([2, 2, 2, 3, 3, 2, 0, 1, 1, 3, 3, 2, 2, 2, 1, 1, 2, 1, 0, 2, 1, 3,
       3, 1, 1], dtype=object)]
[853, array([-16.,  -8.,  -8.,   0.]), array([2, 2, 2, 3, 3, 2, 0, 1, 1, 3, 3, 2, 2, 2, 1, 1, 2, 1, 0, 2, 1, 3,
       3, 1, 1], dtype=object)]
[853, array([-16.,  -8.,  -8.,   0.]), array([2, 2, 2, 3, 3, 2, 0, 1, 1, 3, 3, 2, 2, 2, 1, 1, 2, 1, 0, 2, 1, 3,
       3, 1, 1], dtype=object)]
[854, array([-16.,  -8.,  -8.,   0.]), array([2, 2, 2, 3, 3, 2, 0, 1, 1, 3, 3, 2, 2, 2, 1, 1, 2, 3, 0, 2, 1, 1,
       3, 1, 1], dtype=object)]
[854, array([-16.,  -8.,  -8.,   0.]), array([2, 2, 2, 3, 3, 2, 0, 1, 1, 3, 3, 2, 2, 2, 1, 1, 2, 3, 0, 2, 1, 1,
       3, 1, 1], dtype=object)]
[854, array([-16.,  -8.,  -8.,   0.]), array([2, 2, 2, 3, 3, 2, 0, 1, 1, 3, 3, 2, 2, 2, 1, 1, 2, 3, 0, 2, 1, 1,
       3, 1, 1], dtype=object)]
[854, array([-16.,  -8.,  -8.,   0.]), array([2, 2, 2, 3, 3, 2, 0, 1, 1, 3, 3, 2, 2, 2, 1, 1, 2, 3, 0, 2, 1, 1,
       3, 1, 1], dtype=object)]
[855, array([-16.,  -8.,  -8.,   0.]), array([2, 2, 2, 3, 3, 2, 0, 1, 1, 3, 3, 2, 2, 2, 1, 1, 2, 1, 0, 2, 1, 3,
       3, 1, 1], dtype=object)]
[855, array([-16.,  -8.,  -8.,   0.]), array([2, 2, 2, 3, 3, 2, 0, 1, 1, 3, 3, 2, 2, 2, 1, 1, 2, 1, 0, 2, 1, 3,
       3, 1, 1], dtype=object)]
[855, array([-16.,  -8.,  -8.,   0.]), array([2, 2, 2, 3, 3, 2, 0, 1, 1, 3, 3, 2, 2, 2, 1, 1, 2, 1, 0, 2, 1, 3,
       3, 1, 1], dtype=object)]
[855, array([-16.,  -8.,  -8.,   0.]), array([2, 2, 2, 3, 3, 2, 0, 1, 1, 3, 3, 2, 2, 2, 1, 1, 2, 1, 0, 2, 1, 3,
       3, 1, 1], dtype=object)]
[856, array([-16.,  -8.,  -8.,   0.]), array([2, 2, 2, 3, 3, 1, 0, 1, 1, 3, 3, 2, 2, 2, 1, 1, 2, 1, 1, 2, 1, 3,
       3, 1, 1], dtype=object)]
[856, array([-16.,  -8.,  -8.,   0.]), array([2, 2, 2, 3, 3, 1, 0, 1, 1, 3, 3, 2, 2, 2, 1, 1, 2, 1, 1, 2, 1, 3,
       3, 1, 1], dtype=object)]
[856, array([-16.,  -8.,  -8.,   0.]), array([2, 2, 2, 3, 3, 1, 0, 1, 1, 3, 3, 2, 2, 2, 1, 1, 2, 1, 1, 2, 1, 3,
       3, 1, 1], dtype=object)]
[856, array([-16.,  -8.,  -8.,   0.]), array([2, 2, 2, 3, 3, 1, 0, 1, 1, 3, 3, 2, 2, 2, 1, 1, 2, 1, 1, 2, 1, 3,
       3, 1, 1], dtype=object)]
[857, array([-16.,  -8.,  -8.,   0.]), array([2, 2, 2, 3, 3, 2, 0, 1, 1, 3, 3, 2, 2, 2, 1, 1, 2, 2, 0, 2, 1, 3,
       3, 1, 1], dtype=object)]
[857, array([-16.,  -8.,  -8.,   0.]), array([2, 2, 2, 3, 3, 2, 0, 1, 1, 3, 3, 2, 2, 2, 1, 1, 2, 2, 0, 2, 1, 3,
       3, 1, 1], dtype=object)]
[857, array([-16.,  -8.,  -8.,   0.]), array([2, 2, 2, 3, 3, 2, 0, 1, 1, 3, 3, 2, 2, 2, 1, 1, 2, 2, 0, 2, 1, 3,
       3, 1, 1], dtype=object)]
[857, array([-16.,  -8.,  -8.,   0.]), array([2, 2, 2, 3, 3, 2, 0, 1, 1, 3, 3, 2, 2, 2, 1, 1, 2, 2, 0, 2, 1, 3,
       3, 1, 1], dtype=object)]
[858, array([-16.,  -8.,  -8.,   0.]), array([2, 2, 2, 3, 3, 2, 0, 1, 1, 3, 3, 2, 2, 2, 1, 1, 1, 1, 0, 2, 1, 3,
       3, 1, 1], dtype=object)]
[858, array([-16.,  -8.,  -8.,   0.]), array([2, 2, 2, 3, 3, 2, 0, 1, 1, 3, 3, 2, 2, 2, 1, 1, 1, 1, 0, 2, 1, 3,
       3, 1, 1], dtype=object)]
[858, array([-16.,  -8.,  -8.,   0.]), array([2, 2, 2, 3, 3, 2, 0, 1, 1, 3, 3, 2, 2, 2, 1, 1, 1, 1, 0, 2, 1, 3,
       3, 1, 1], dtype=object)]
[858, array([-16.,  -8.,  -8.,   0.]), array([2, 2, 2, 3, 3, 2, 0, 1, 1, 3, 3, 2, 2, 2, 1, 1, 1, 1, 0, 2, 1, 3,
       3, 1, 1], dtype=object)]
[859, array([-16.,  -8.,  -8.,   0.]), array([2, 2, 2, 3, 3, 2, 0, 1, 1, 3, 3, 2, 2, 2, 1, 1, 2, 2, 0, 2, 1, 3,
       3, 1, 1], dtype=object)]
[859, array([-16.,  -8.,  -8.,   0.]), array([2, 2, 2, 3, 3, 2, 0, 1, 1, 3, 3, 2, 2, 2, 1, 1, 2, 2, 0, 2, 1, 3,
       3, 1, 1], dtype=object)]
[859, array([-16.,  -8.,  -8.,   0.]), array([2, 2, 2, 3, 3, 2, 0, 1, 1, 3, 3, 2, 2, 2, 1, 1, 2, 2, 0, 2, 1, 3,
       3, 1, 1], dtype=object)]
[859, array([-16.,  -8.,  -8.,   0.]), array([2, 2, 2, 3, 3, 2, 0, 1, 1, 3, 3, 2, 2, 2, 1, 1, 2, 2, 0, 2, 1, 3,
       3, 1, 1], dtype=object)]
[860, array([-16.,  -8.,  -8.,   0.]), array([2, 2, 2, 3, 3, 2, 0, 1, 1, 3, 3, 2, 2, 2, 1, 1, 1, 3, 0, 2, 1, 1,
       3, 1, 1], dtype=object)]
[860, array([-16.,  -8.,  -8.,   0.]), array([2, 2, 2, 3, 3, 2, 0, 1, 1, 3, 3, 2, 2, 2, 1, 1, 1, 3, 0, 2, 1, 1,
       3, 1, 1], dtype=object)]
[860, array([-16.,  -8.,  -8.,   0.]), array([2, 2, 2, 3, 3, 2, 0, 1, 1, 3, 3, 2, 2, 2, 1, 1, 1, 3, 0, 2, 1, 1,
       3, 1, 1], dtype=object)]
[860, array([-16.,  -8.,  -8.,   0.]), array([2, 2, 2, 3, 3, 2, 0, 1, 1, 3, 3, 2, 2, 2, 1, 1, 1, 3, 0, 2, 1, 1,
       3, 1, 1], dtype=object)]
[861, array([-16.,  -8.,  -8.,   0.]), array([2, 2, 2, 3, 3, 2, 0, 1, 1, 3, 3, 2, 2, 2, 1, 1, 2, 2, 0, 2, 1, 3,
       3, 1, 1], dtype=object)]
[861, array([-16.,  -8.,  -8.,   0.]), array([2, 2, 2, 3, 3, 2, 0, 1, 1, 3, 3, 2, 2, 2, 1, 1, 2, 2, 0, 2, 1, 3,
       3, 1, 1], dtype=object)]
[861, array([-16.,  -8.,  -8.,   0.]), array([2, 2, 2, 3, 3, 2, 0, 1, 1, 3, 3, 2, 2, 2, 1, 1, 2, 2, 0, 2, 1, 3,
       3, 1, 1], dtype=object)]
[861, array([-16.,  -8.,  -8.,   0.]), array([2, 2, 2, 3, 3, 2, 0, 1, 1, 3, 3, 2, 2, 2, 1, 1, 2, 2, 0, 2, 1, 3,
       3, 1, 1], dtype=object)]
[862, array([-16.,  -8.,  -8.,   0.]), array([2, 2, 2, 3, 3, 1, 0, 1, 1, 3, 3, 2, 2, 2, 1, 1, 2, 2, 0, 2, 1, 3,
       3, 1, 1], dtype=object)]
[862, array([-16.,  -8.,  -8.,   0.]), array([2, 2, 2, 3, 3, 1, 0, 1, 1, 3, 3, 2, 2, 2, 1, 1, 2, 2, 0, 2, 1, 3,
       3, 1, 1], dtype=object)]
[862, array([-16.,  -8.,  -8.,   0.]), array([2, 2, 2, 3, 3, 1, 0, 1, 1, 3, 3, 2, 2, 2, 1, 1, 2, 2, 0, 2, 1, 3,
       3, 1, 1], dtype=object)]
[862, array([-16.,  -8.,  -8.,   0.]), array([2, 2, 2, 3, 3, 1, 0, 1, 1, 3, 3, 2, 2, 2, 1, 1, 2, 2, 0, 2, 1, 3,
       3, 1, 1], dtype=object)]
[863, array([-16.,  -8.,  -8.,   0.]), array([2, 2, 2, 3, 3, 2, 0, 1, 1, 3, 3, 2, 2, 2, 1, 1, 2, 2, 0, 2, 1, 3,
       3, 1, 1], dtype=object)]
[863, array([-16.,  -8.,  -8.,   0.]), array([2, 2, 2, 3, 3, 2, 0, 1, 1, 3, 3, 2, 2, 2, 1, 1, 2, 2, 0, 2, 1, 3,
       3, 1, 1], dtype=object)]
[863, array([-16.,  -8.,  -8.,   0.]), array([2, 2, 2, 3, 3, 2, 0, 1, 1, 3, 3, 2, 2, 2, 1, 1, 2, 2, 0, 2, 1, 3,
       3, 1, 1], dtype=object)]
[863, array([-16.,  -8.,  -8.,   0.]), array([2, 2, 2, 3, 3, 2, 0, 1, 1, 3, 3, 2, 2, 2, 1, 1, 2, 2, 0, 2, 1, 3,
       3, 1, 1], dtype=object)]
[864, array([-16.,  -8.,  -8.,   0.]), array([2, 2, 2, 3, 3, 2, 0, 1, 1, 3, 3, 2, 2, 2, 1, 1, 2, 2, 0, 2, 1, 0,
       3, 1, 1], dtype=object)]
[864, array([-16.,  -8.,  -8.,   0.]), array([2, 2, 2, 3, 3, 2, 0, 1, 1, 3, 3, 2, 2, 2, 1, 1, 2, 2, 0, 2, 1, 0,
       3, 1, 1], dtype=object)]
[864, array([-16.,  -8.,  -8.,   0.]), array([2, 2, 2, 3, 3, 2, 0, 1, 1, 3, 3, 2, 2, 2, 1, 1, 2, 2, 0, 2, 1, 0,
       3, 1, 1], dtype=object)]
[864, array([-16.,  -8.,  -8.,   0.]), array([2, 2, 2, 3, 3, 2, 0, 1, 1, 3, 3, 2, 2, 2, 1, 1, 2, 2, 0, 2, 1, 0,
       3, 1, 1], dtype=object)]
[865, array([-16.,  -8.,  -8.,   0.]), array([2, 2, 2, 3, 3, 2, 0, 1, 1, 3, 3, 2, 2, 2, 1, 1, 2, 2, 0, 2, 1, 3,
       3, 1, 1], dtype=object)]
[865, array([-16.,  -8.,  -8.,   0.]), array([2, 2, 2, 3, 3, 2, 0, 1, 1, 3, 3, 2, 2, 2, 1, 1, 2, 2, 0, 2, 1, 3,
       3, 1, 1], dtype=object)]
[865, array([-16.,  -8.,  -8.,   0.]), array([2, 2, 2, 3, 3, 2, 0, 1, 1, 3, 3, 2, 2, 2, 1, 1, 2, 2, 0, 2, 1, 3,
       3, 1, 1], dtype=object)]
[865, array([-16.,  -8.,  -8.,   0.]), array([2, 2, 2, 3, 3, 2, 0, 1, 1, 3, 3, 2, 2, 2, 1, 1, 2, 2, 0, 2, 1, 3,
       3, 1, 1], dtype=object)]
[866, array([-16.,  -8.,  -8.,   0.]), array([3, 2, 2, 3, 3, 2, 0, 1, 1, 3, 3, 2, 2, 2, 1, 1, 2, 2, 0, 2, 1, 3,
       3, 1, 1], dtype=object)]
[866, array([-16.,  -8.,  -8.,   0.]), array([3, 2, 2, 3, 3, 2, 0, 1, 1, 3, 3, 2, 2, 2, 1, 1, 2, 2, 0, 2, 1, 3,
       3, 1, 1], dtype=object)]
[866, array([-16.,  -8.,  -8.,   0.]), array([3, 2, 2, 3, 3, 2, 0, 1, 1, 3, 3, 2, 2, 2, 1, 1, 2, 2, 0, 2, 1, 3,
       3, 1, 1], dtype=object)]
[866, array([-16.,  -8.,  -8.,   0.]), array([3, 2, 2, 3, 3, 2, 0, 1, 1, 3, 3, 2, 2, 2, 1, 1, 2, 2, 0, 2, 1, 3,
       3, 1, 1], dtype=object)]
[867, array([-16.,  -8.,  -8.,   0.]), array([2, 2, 2, 3, 3, 2, 0, 1, 1, 3, 3, 2, 2, 2, 1, 1, 2, 2, 0, 2, 1, 3,
       3, 1, 1], dtype=object)]
[867, array([-16.,  -8.,  -8.,   0.]), array([2, 2, 2, 3, 3, 2, 0, 1, 1, 3, 3, 2, 2, 2, 1, 1, 2, 2, 0, 2, 1, 3,
       3, 1, 1], dtype=object)]
[867, array([-16.,  -8.,  -8.,   0.]), array([2, 2, 2, 3, 3, 2, 0, 1, 1, 3, 3, 2, 2, 2, 1, 1, 2, 2, 0, 2, 1, 3,
       3, 1, 1], dtype=object)]
[867, array([-16.,  -8.,  -8.,   0.]), array([2, 2, 2, 3, 3, 2, 0, 1, 1, 3, 3, 2, 2, 2, 1, 1, 2, 2, 0, 2, 1, 3,
       3, 1, 1], dtype=object)]
[868, array([-16.,  -8.,  -8.,   0.]), array([2, 2, 2, 3, 3, 0, 0, 1, 1, 3, 3, 2, 2, 2, 1, 1, 2, 2, 0, 2, 1, 3,
       3, 1, 1], dtype=object)]
[868, array([-16.,  -8.,  -8.,   0.]), array([2, 2, 2, 3, 3, 0, 0, 1, 1, 3, 3, 2, 2, 2, 1, 1, 2, 2, 0, 2, 1, 3,
       3, 1, 1], dtype=object)]
[868, array([-16.,  -8.,  -8.,   0.]), array([2, 2, 2, 3, 3, 0, 0, 1, 1, 3, 3, 2, 2, 2, 1, 1, 2, 2, 0, 2, 1, 3,
       3, 1, 1], dtype=object)]
[868, array([-16.,  -8.,  -8.,   0.]), array([2, 2, 2, 3, 3, 0, 0, 1, 1, 3, 3, 2, 2, 2, 1, 1, 2, 2, 0, 2, 1, 3,
       3, 1, 1], dtype=object)]
[869, array([-16.,  -8.,  -8.,   0.]), array([2, 2, 2, 3, 3, 2, 0, 1, 1, 3, 3, 2, 2, 2, 1, 1, 1, 2, 0, 2, 1, 3,
       3, 1, 1], dtype=object)]
[869, array([-16.,  -8.,  -8.,   0.]), array([2, 2, 2, 3, 3, 2, 0, 1, 1, 3, 3, 2, 2, 2, 1, 1, 1, 2, 0, 2, 1, 3,
       3, 1, 1], dtype=object)]
[869, array([-16.,  -8.,  -8.,   0.]), array([2, 2, 2, 3, 3, 2, 0, 1, 1, 3, 3, 2, 2, 2, 1, 1, 1, 2, 0, 2, 1, 3,
       3, 1, 1], dtype=object)]
[869, array([-16.,  -8.,  -8.,   0.]), array([2, 2, 2, 3, 3, 2, 0, 1, 1, 3, 3, 2, 2, 2, 1, 1, 1, 2, 0, 2, 1, 3,
       3, 1, 1], dtype=object)]
[870, array([-16.,  -8.,  -8.,   0.]), array([1, 2, 2, 3, 3, 2, 0, 1, 1, 3, 3, 2, 2, 2, 1, 1, 2, 2, 0, 2, 1, 3,
       3, 1, 1], dtype=object)]
[870, array([-16.,  -8.,  -8.,   0.]), array([1, 2, 2, 3, 3, 2, 0, 1, 1, 3, 3, 2, 2, 2, 1, 1, 2, 2, 0, 2, 1, 3,
       3, 1, 1], dtype=object)]
[870, array([-16.,  -8.,  -8.,   0.]), array([1, 2, 2, 3, 3, 2, 0, 1, 1, 3, 3, 2, 2, 2, 1, 1, 2, 2, 0, 2, 1, 3,
       3, 1, 1], dtype=object)]
[870, array([-16.,  -8.,  -8.,   0.]), array([1, 2, 2, 3, 3, 2, 0, 1, 1, 3, 3, 2, 2, 2, 1, 1, 2, 2, 0, 2, 1, 3,
       3, 1, 1], dtype=object)]
[871, array([-16.,  -8.,  -8.,   0.]), array([2, 2, 2, 3, 3, 2, 0, 1, 1, 3, 3, 2, 2, 2, 1, 1, 2, 2, 0, 2, 1, 0,
       3, 1, 1], dtype=object)]
[871, array([-16.,  -8.,  -8.,   0.]), array([2, 2, 2, 3, 3, 2, 0, 1, 1, 3, 3, 2, 2, 2, 1, 1, 2, 2, 0, 2, 1, 0,
       3, 1, 1], dtype=object)]
[871, array([-16.,  -8.,  -8.,   0.]), array([2, 2, 2, 3, 3, 2, 0, 1, 1, 3, 3, 2, 2, 2, 1, 1, 2, 2, 0, 2, 1, 0,
       3, 1, 1], dtype=object)]
[871, array([-16.,  -8.,  -8.,   0.]), array([2, 2, 2, 3, 3, 2, 0, 1, 1, 3, 3, 2, 2, 2, 1, 1, 2, 2, 0, 2, 1, 0,
       3, 1, 1], dtype=object)]
[872, array([-16.,  -8.,  -8.,   0.]), array([2, 2, 2, 3, 3, 2, 0, 1, 1, 3, 3, 2, 2, 2, 1, 1, 2, 2, 3, 2, 1, 0,
       3, 1, 1], dtype=object)]
[872, array([-16.,  -8.,  -8.,   0.]), array([2, 2, 2, 3, 3, 2, 0, 1, 1, 3, 3, 2, 2, 2, 1, 1, 2, 2, 3, 2, 1, 0,
       3, 1, 1], dtype=object)]
[872, array([-16.,  -8.,  -8.,   0.]), array([2, 2, 2, 3, 3, 2, 0, 1, 1, 3, 3, 2, 2, 2, 1, 1, 2, 2, 3, 2, 1, 0,
       3, 1, 1], dtype=object)]
[872, array([-16.,  -8.,  -8.,   0.]), array([2, 2, 2, 3, 3, 2, 0, 1, 1, 3, 3, 2, 2, 2, 1, 1, 2, 2, 3, 2, 1, 0,
       3, 1, 1], dtype=object)]
[873, array([-16.,  -8.,  -8.,   0.]), array([2, 2, 2, 3, 3, 2, 0, 1, 1, 3, 3, 2, 2, 2, 1, 1, 1, 2, 0, 2, 1, 3,
       3, 1, 1], dtype=object)]
[873, array([-16.,  -8.,  -8.,   0.]), array([2, 2, 2, 3, 3, 2, 0, 1, 1, 3, 3, 2, 2, 2, 1, 1, 1, 2, 0, 2, 1, 3,
       3, 1, 1], dtype=object)]
[873, array([-16.,  -8.,  -8.,   0.]), array([2, 2, 2, 3, 3, 2, 0, 1, 1, 3, 3, 2, 2, 2, 1, 1, 1, 2, 0, 2, 1, 3,
       3, 1, 1], dtype=object)]
[873, array([-16.,  -8.,  -8.,   0.]), array([2, 2, 2, 3, 3, 2, 0, 1, 1, 3, 3, 2, 2, 2, 1, 1, 1, 2, 0, 2, 1, 3,
       3, 1, 1], dtype=object)]
[874, array([-16.,  -8.,  -8.,   0.]), array([2, 2, 2, 3, 3, 2, 0, 1, 1, 3, 3, 2, 2, 2, 1, 1, 1, 2, 0, 2, 1, 0,
       3, 1, 1], dtype=object)]
[874, array([-16.,  -8.,  -8.,   0.]), array([2, 2, 2, 3, 3, 2, 0, 1, 1, 3, 3, 2, 2, 2, 1, 1, 1, 2, 0, 2, 1, 0,
       3, 1, 1], dtype=object)]
[874, array([-16.,  -8.,  -8.,   0.]), array([2, 2, 2, 3, 3, 2, 0, 1, 1, 3, 3, 2, 2, 2, 1, 1, 1, 2, 0, 2, 1, 0,
       3, 1, 1], dtype=object)]
[874, array([-16.,  -8.,  -8.,   0.]), array([2, 2, 2, 3, 3, 2, 0, 1, 1, 3, 3, 2, 2, 2, 1, 1, 1, 2, 0, 2, 1, 0,
       3, 1, 1], dtype=object)]
[875, array([-16.,  -8.,  -8.,   0.]), array([2, 2, 2, 3, 3, 2, 0, 1, 1, 3, 3, 2, 2, 2, 1, 1, 2, 2, 0, 2, 1, 3,
       3, 1, 1], dtype=object)]
[875, array([-16.,  -8.,  -8.,   0.]), array([2, 2, 2, 3, 3, 2, 0, 1, 1, 3, 3, 2, 2, 2, 1, 1, 2, 2, 0, 2, 1, 3,
       3, 1, 1], dtype=object)]
[875, array([-16.,  -8.,  -8.,   0.]), array([2, 2, 2, 3, 3, 2, 0, 1, 1, 3, 3, 2, 2, 2, 1, 1, 2, 2, 0, 2, 1, 3,
       3, 1, 1], dtype=object)]
[875, array([-16.,  -8.,  -8.,   0.]), array([2, 2, 2, 3, 3, 2, 0, 1, 1, 3, 3, 2, 2, 2, 1, 1, 2, 2, 0, 2, 1, 3,
       3, 1, 1], dtype=object)]
[876, array([-16.,  -8.,  -8.,   0.]), array([2, 2, 2, 3, 3, 2, 0, 1, 1, 3, 3, 2, 2, 2, 1, 1, 1, 2, 0, 2, 1, 2,
       3, 1, 1], dtype=object)]
[876, array([-16.,  -8.,  -8.,   0.]), array([2, 2, 2, 3, 3, 2, 0, 1, 1, 3, 3, 2, 2, 2, 1, 1, 1, 2, 0, 2, 1, 2,
       3, 1, 1], dtype=object)]
[876, array([-16.,  -8.,  -8.,   0.]), array([2, 2, 2, 3, 3, 2, 0, 1, 1, 3, 3, 2, 2, 2, 1, 1, 1, 2, 0, 2, 1, 2,
       3, 1, 1], dtype=object)]
[876, array([-16.,  -8.,  -8.,   0.]), array([2, 2, 2, 3, 3, 2, 0, 1, 1, 3, 3, 2, 2, 2, 1, 1, 1, 2, 0, 2, 1, 2,
       3, 1, 1], dtype=object)]
[877, array([-16.,  -8.,  -8.,   0.]), array([2, 2, 2, 3, 3, 2, 0, 1, 1, 3, 3, 2, 2, 2, 1, 1, 2, 2, 0, 2, 1, 3,
       3, 1, 1], dtype=object)]
[877, array([-16.,  -8.,  -8.,   0.]), array([2, 2, 2, 3, 3, 2, 0, 1, 1, 3, 3, 2, 2, 2, 1, 1, 2, 2, 0, 2, 1, 3,
       3, 1, 1], dtype=object)]
[877, array([-16.,  -8.,  -8.,   0.]), array([2, 2, 2, 3, 3, 2, 0, 1, 1, 3, 3, 2, 2, 2, 1, 1, 2, 2, 0, 2, 1, 3,
       3, 1, 1], dtype=object)]
[877, array([-16.,  -8.,  -8.,   0.]), array([2, 2, 2, 3, 3, 2, 0, 1, 1, 3, 3, 2, 2, 2, 1, 1, 2, 2, 0, 2, 1, 3,
       3, 1, 1], dtype=object)]
[878, array([-16.,  -8.,  -8.,   0.]), array([2, 2, 2, 3, 3, 0, 0, 1, 1, 3, 3, 2, 2, 2, 1, 1, 2, 2, 0, 2, 1, 3,
       3, 1, 1], dtype=object)]
[878, array([-16.,  -8.,  -8.,   0.]), array([2, 2, 2, 3, 3, 0, 0, 1, 1, 3, 3, 2, 2, 2, 1, 1, 2, 2, 0, 2, 1, 3,
       3, 1, 1], dtype=object)]
[878, array([-16.,  -8.,  -8.,   0.]), array([2, 2, 2, 3, 3, 0, 0, 1, 1, 3, 3, 2, 2, 2, 1, 1, 2, 2, 0, 2, 1, 3,
       3, 1, 1], dtype=object)]
[878, array([-16.,  -8.,  -8.,   0.]), array([2, 2, 2, 3, 3, 0, 0, 1, 1, 3, 3, 2, 2, 2, 1, 1, 2, 2, 0, 2, 1, 3,
       3, 1, 1], dtype=object)]
[879, array([-16.,  -8.,  -8.,   0.]), array([2, 2, 2, 3, 3, 2, 0, 1, 1, 3, 3, 2, 2, 2, 1, 1, 0, 2, 0, 2, 1, 2,
       3, 1, 1], dtype=object)]
[879, array([-16.,  -8.,  -8.,   0.]), array([2, 2, 2, 3, 3, 2, 0, 1, 1, 3, 3, 2, 2, 2, 1, 1, 0, 2, 0, 2, 1, 2,
       3, 1, 1], dtype=object)]
[879, array([-16.,  -8.,  -8.,   0.]), array([2, 2, 2, 3, 3, 2, 0, 1, 1, 3, 3, 2, 2, 2, 1, 1, 0, 2, 0, 2, 1, 2,
       3, 1, 1], dtype=object)]
[879, array([-16.,  -8.,  -8.,   0.]), array([2, 2, 2, 3, 3, 2, 0, 1, 1, 3, 3, 2, 2, 2, 1, 1, 0, 2, 0, 2, 1, 2,
       3, 1, 1], dtype=object)]
[880, array([-16.,  -8.,  -8.,   0.]), array([2, 2, 2, 3, 3, 2, 0, 1, 1, 3, 3, 2, 2, 2, 1, 1, 2, 0, 0, 2, 1, 2,
       3, 1, 1], dtype=object)]
[880, array([-16.,  -8.,  -8.,   0.]), array([2, 2, 2, 3, 3, 2, 0, 1, 1, 3, 3, 2, 2, 2, 1, 1, 2, 0, 0, 2, 1, 2,
       3, 1, 1], dtype=object)]
[880, array([-16.,  -8.,  -8.,   0.]), array([2, 2, 2, 3, 3, 2, 0, 1, 1, 3, 3, 2, 2, 2, 1, 1, 2, 0, 0, 2, 1, 2,
       3, 1, 1], dtype=object)]
[880, array([-16.,  -8.,  -8.,   0.]), array([2, 2, 2, 3, 3, 2, 0, 1, 1, 3, 3, 2, 2, 2, 1, 1, 2, 0, 0, 2, 1, 2,
       3, 1, 1], dtype=object)]
[881, array([-16.,  -8.,  -8.,   0.]), array([2, 2, 2, 3, 3, 2, 0, 1, 1, 3, 3, 2, 2, 2, 1, 1, 0, 2, 0, 2, 1, 2,
       3, 1, 1], dtype=object)]
[881, array([-16.,  -8.,  -8.,   0.]), array([2, 2, 2, 3, 3, 2, 0, 1, 1, 3, 3, 2, 2, 2, 1, 1, 0, 2, 0, 2, 1, 2,
       3, 1, 1], dtype=object)]
[881, array([-16.,  -8.,  -8.,   0.]), array([2, 2, 2, 3, 3, 2, 0, 1, 1, 3, 3, 2, 2, 2, 1, 1, 0, 2, 0, 2, 1, 2,
       3, 1, 1], dtype=object)]
[881, array([-16.,  -8.,  -8.,   0.]), array([2, 2, 2, 3, 3, 2, 0, 1, 1, 3, 3, 2, 2, 2, 1, 1, 0, 2, 0, 2, 1, 2,
       3, 1, 1], dtype=object)]
[882, array([-16.,  -8.,  -8.,   0.]), array([3, 2, 2, 3, 3, 2, 0, 1, 1, 3, 3, 2, 2, 2, 1, 1, 2, 1, 0, 2, 1, 2,
       3, 1, 1], dtype=object)]
[882, array([-16.,  -8.,  -8.,   0.]), array([3, 2, 2, 3, 3, 2, 0, 1, 1, 3, 3, 2, 2, 2, 1, 1, 2, 1, 0, 2, 1, 2,
       3, 1, 1], dtype=object)]
[882, array([-16.,  -8.,  -8.,   0.]), array([3, 2, 2, 3, 3, 2, 0, 1, 1, 3, 3, 2, 2, 2, 1, 1, 2, 1, 0, 2, 1, 2,
       3, 1, 1], dtype=object)]
[882, array([-16.,  -8.,  -8.,   0.]), array([3, 2, 2, 3, 3, 2, 0, 1, 1, 3, 3, 2, 2, 2, 1, 1, 2, 1, 0, 2, 1, 2,
       3, 1, 1], dtype=object)]
[883, array([-16.,  -8.,  -8.,   0.]), array([2, 2, 2, 3, 3, 2, 0, 1, 1, 3, 3, 2, 2, 2, 1, 1, 0, 2, 0, 2, 1, 2,
       3, 1, 1], dtype=object)]
[883, array([-16.,  -8.,  -8.,   0.]), array([2, 2, 2, 3, 3, 2, 0, 1, 1, 3, 3, 2, 2, 2, 1, 1, 0, 2, 0, 2, 1, 2,
       3, 1, 1], dtype=object)]
[883, array([-16.,  -8.,  -8.,   0.]), array([2, 2, 2, 3, 3, 2, 0, 1, 1, 3, 3, 2, 2, 2, 1, 1, 0, 2, 0, 2, 1, 2,
       3, 1, 1], dtype=object)]
[883, array([-16.,  -8.,  -8.,   0.]), array([2, 2, 2, 3, 3, 2, 0, 1, 1, 3, 3, 2, 2, 2, 1, 1, 0, 2, 0, 2, 1, 2,
       3, 1, 1], dtype=object)]
[884, array([-16.,  -8.,  -8.,   0.]), array([2, 2, 2, 3, 3, 2, 0, 1, 1, 3, 3, 2, 2, 2, 1, 1, 2, 1, 0, 2, 1, 3,
       3, 1, 1], dtype=object)]
[884, array([-16.,  -8.,  -8.,   0.]), array([2, 2, 2, 3, 3, 2, 0, 1, 1, 3, 3, 2, 2, 2, 1, 1, 2, 1, 0, 2, 1, 3,
       3, 1, 1], dtype=object)]
[884, array([-16.,  -8.,  -8.,   0.]), array([2, 2, 2, 3, 3, 2, 0, 1, 1, 3, 3, 2, 2, 2, 1, 1, 2, 1, 0, 2, 1, 3,
       3, 1, 1], dtype=object)]
[884, array([-16.,  -8.,  -8.,   0.]), array([2, 2, 2, 3, 3, 2, 0, 1, 1, 3, 3, 2, 2, 2, 1, 1, 2, 1, 0, 2, 1, 3,
       3, 1, 1], dtype=object)]
[885, array([-16.,  -8.,  -8.,   0.]), array([2, 2, 2, 3, 3, 2, 0, 1, 1, 3, 3, 2, 2, 2, 1, 1, 2, 2, 0, 2, 1, 2,
       3, 1, 1], dtype=object)]
[885, array([-16.,  -8.,  -8.,   0.]), array([2, 2, 2, 3, 3, 2, 0, 1, 1, 3, 3, 2, 2, 2, 1, 1, 2, 2, 0, 2, 1, 2,
       3, 1, 1], dtype=object)]
[885, array([-16.,  -8.,  -8.,   0.]), array([2, 2, 2, 3, 3, 2, 0, 1, 1, 3, 3, 2, 2, 2, 1, 1, 2, 2, 0, 2, 1, 2,
       3, 1, 1], dtype=object)]
[885, array([-16.,  -8.,  -8.,   0.]), array([2, 2, 2, 3, 3, 2, 0, 1, 1, 3, 3, 2, 2, 2, 1, 1, 2, 2, 0, 2, 1, 2,
       3, 1, 1], dtype=object)]
[886, array([-16.,  -8.,  -8.,   0.]), array([2, 2, 2, 3, 3, 1, 0, 1, 1, 3, 3, 2, 2, 2, 1, 1, 2, 2, 0, 2, 1, 2,
       3, 1, 1], dtype=object)]
[886, array([-16.,  -8.,  -8.,   0.]), array([2, 2, 2, 3, 3, 1, 0, 1, 1, 3, 3, 2, 2, 2, 1, 1, 2, 2, 0, 2, 1, 2,
       3, 1, 1], dtype=object)]
[886, array([-16.,  -8.,  -8.,   0.]), array([2, 2, 2, 3, 3, 1, 0, 1, 1, 3, 3, 2, 2, 2, 1, 1, 2, 2, 0, 2, 1, 2,
       3, 1, 1], dtype=object)]
[886, array([-16.,  -8.,  -8.,   0.]), array([2, 2, 2, 3, 3, 1, 0, 1, 1, 3, 3, 2, 2, 2, 1, 1, 2, 2, 0, 2, 1, 2,
       3, 1, 1], dtype=object)]
[887, array([-16.,  -8.,  -8.,   0.]), array([2, 2, 2, 3, 3, 2, 0, 1, 1, 3, 3, 2, 2, 2, 1, 1, 0, 2, 0, 2, 1, 2,
       3, 1, 1], dtype=object)]
[887, array([-16.,  -8.,  -8.,   0.]), array([2, 2, 2, 3, 3, 2, 0, 1, 1, 3, 3, 2, 2, 2, 1, 1, 0, 2, 0, 2, 1, 2,
       3, 1, 1], dtype=object)]
[887, array([-16.,  -8.,  -8.,   0.]), array([2, 2, 2, 3, 3, 2, 0, 1, 1, 3, 3, 2, 2, 2, 1, 1, 0, 2, 0, 2, 1, 2,
       3, 1, 1], dtype=object)]
[887, array([-16.,  -8.,  -8.,   0.]), array([2, 2, 2, 3, 3, 2, 0, 1, 1, 3, 3, 2, 2, 2, 1, 1, 0, 2, 0, 2, 1, 2,
       3, 1, 1], dtype=object)]
[888, array([-16.,  -8.,  -8.,   0.]), array([2, 2, 2, 3, 3, 2, 0, 1, 1, 3, 3, 2, 2, 2, 1, 1, 3, 0, 0, 2, 1, 2,
       3, 1, 1], dtype=object)]
[888, array([-16.,  -8.,  -8.,   0.]), array([2, 2, 2, 3, 3, 2, 0, 1, 1, 3, 3, 2, 2, 2, 1, 1, 3, 0, 0, 2, 1, 2,
       3, 1, 1], dtype=object)]
[888, array([-16.,  -8.,  -8.,   0.]), array([2, 2, 2, 3, 3, 2, 0, 1, 1, 3, 3, 2, 2, 2, 1, 1, 3, 0, 0, 2, 1, 2,
       3, 1, 1], dtype=object)]
[888, array([-16.,  -8.,  -8.,   0.]), array([2, 2, 2, 3, 3, 2, 0, 1, 1, 3, 3, 2, 2, 2, 1, 1, 3, 0, 0, 2, 1, 2,
       3, 1, 1], dtype=object)]
[889, array([-16.,  -8.,  -8.,   0.]), array([2, 2, 2, 3, 3, 2, 0, 1, 1, 3, 3, 2, 2, 2, 1, 1, 2, 2, 0, 2, 1, 2,
       3, 1, 1], dtype=object)]
[889, array([-16.,  -8.,  -8.,   0.]), array([2, 2, 2, 3, 3, 2, 0, 1, 1, 3, 3, 2, 2, 2, 1, 1, 2, 2, 0, 2, 1, 2,
       3, 1, 1], dtype=object)]
[889, array([-16.,  -8.,  -8.,   0.]), array([2, 2, 2, 3, 3, 2, 0, 1, 1, 3, 3, 2, 2, 2, 1, 1, 2, 2, 0, 2, 1, 2,
       3, 1, 1], dtype=object)]
[889, array([-16.,  -8.,  -8.,   0.]), array([2, 2, 2, 3, 3, 2, 0, 1, 1, 3, 3, 2, 2, 2, 1, 1, 2, 2, 0, 2, 1, 2,
       3, 1, 1], dtype=object)]
[890, array([-16.,  -8.,  -8.,   0.]), array([2, 2, 2, 3, 3, 2, 0, 1, 1, 3, 3, 2, 2, 2, 1, 1, 2, 2, 1, 2, 1, 2,
       3, 1, 1], dtype=object)]
[890, array([-16.,  -8.,  -8.,   0.]), array([2, 2, 2, 3, 3, 2, 0, 1, 1, 3, 3, 2, 2, 2, 1, 1, 2, 2, 1, 2, 1, 2,
       3, 1, 1], dtype=object)]
[890, array([-16.,  -8.,  -8.,   0.]), array([2, 2, 2, 3, 3, 2, 0, 1, 1, 3, 3, 2, 2, 2, 1, 1, 2, 2, 1, 2, 1, 2,
       3, 1, 1], dtype=object)]
[890, array([-16.,  -8.,  -8.,   0.]), array([2, 2, 2, 3, 3, 2, 0, 1, 1, 3, 3, 2, 2, 2, 1, 1, 2, 2, 1, 2, 1, 2,
       3, 1, 1], dtype=object)]
[891, array([-16.,  -8.,  -8.,   0.]), array([2, 2, 2, 3, 3, 2, 0, 1, 1, 3, 3, 2, 2, 2, 1, 1, 0, 2, 0, 2, 1, 2,
       3, 1, 1], dtype=object)]
[891, array([-16.,  -8.,  -8.,   0.]), array([2, 2, 2, 3, 3, 2, 0, 1, 1, 3, 3, 2, 2, 2, 1, 1, 0, 2, 0, 2, 1, 2,
       3, 1, 1], dtype=object)]
[891, array([-16.,  -8.,  -8.,   0.]), array([2, 2, 2, 3, 3, 2, 0, 1, 1, 3, 3, 2, 2, 2, 1, 1, 0, 2, 0, 2, 1, 2,
       3, 1, 1], dtype=object)]
[891, array([-16.,  -8.,  -8.,   0.]), array([2, 2, 2, 3, 3, 2, 0, 1, 1, 3, 3, 2, 2, 2, 1, 1, 0, 2, 0, 2, 1, 2,
       3, 1, 1], dtype=object)]
[892, array([-16.,  -8.,  -8.,   0.]), array([2, 2, 2, 3, 3, 1, 0, 1, 1, 3, 3, 2, 2, 2, 1, 1, 2, 2, 0, 2, 1, 2,
       3, 1, 1], dtype=object)]
[892, array([-16.,  -8.,  -8.,   0.]), array([2, 2, 2, 3, 3, 1, 0, 1, 1, 3, 3, 2, 2, 2, 1, 1, 2, 2, 0, 2, 1, 2,
       3, 1, 1], dtype=object)]
[892, array([-16.,  -8.,  -8.,   0.]), array([2, 2, 2, 3, 3, 1, 0, 1, 1, 3, 3, 2, 2, 2, 1, 1, 2, 2, 0, 2, 1, 2,
       3, 1, 1], dtype=object)]
[892, array([-16.,  -8.,  -8.,   0.]), array([2, 2, 2, 3, 3, 1, 0, 1, 1, 3, 3, 2, 2, 2, 1, 1, 2, 2, 0, 2, 1, 2,
       3, 1, 1], dtype=object)]
[893, array([-16.,  -8.,  -8.,   0.]), array([2, 2, 2, 3, 3, 2, 0, 1, 1, 3, 3, 2, 2, 2, 1, 1, 0, 2, 2, 2, 1, 2,
       3, 1, 1], dtype=object)]
[893, array([-16.,  -8.,  -8.,   0.]), array([2, 2, 2, 3, 3, 2, 0, 1, 1, 3, 3, 2, 2, 2, 1, 1, 0, 2, 2, 2, 1, 2,
       3, 1, 1], dtype=object)]
[893, array([-16.,  -8.,  -8.,   0.]), array([2, 2, 2, 3, 3, 2, 0, 1, 1, 3, 3, 2, 2, 2, 1, 1, 0, 2, 2, 2, 1, 2,
       3, 1, 1], dtype=object)]
[893, array([-16.,  -8.,  -8.,   0.]), array([2, 2, 2, 3, 3, 2, 0, 1, 1, 3, 3, 2, 2, 2, 1, 1, 0, 2, 2, 2, 1, 2,
       3, 1, 1], dtype=object)]
[894, array([-16.,  -8.,  -8.,   0.]), array([2, 2, 2, 3, 3, 2, 0, 1, 1, 3, 3, 2, 2, 2, 1, 1, 0, 2, 2, 2, 1, 3,
       3, 1, 1], dtype=object)]
[894, array([-16.,  -8.,  -8.,   0.]), array([2, 2, 2, 3, 3, 2, 0, 1, 1, 3, 3, 2, 2, 2, 1, 1, 0, 2, 2, 2, 1, 3,
       3, 1, 1], dtype=object)]
[894, array([-16.,  -8.,  -8.,   0.]), array([2, 2, 2, 3, 3, 2, 0, 1, 1, 3, 3, 2, 2, 2, 1, 1, 0, 2, 2, 2, 1, 3,
       3, 1, 1], dtype=object)]
[894, array([-16.,  -8.,  -8.,   0.]), array([2, 2, 2, 3, 3, 2, 0, 1, 1, 3, 3, 2, 2, 2, 1, 1, 0, 2, 2, 2, 1, 3,
       3, 1, 1], dtype=object)]
[895, array([-16.,  -8.,  -8.,   0.]), array([2, 2, 2, 3, 3, 2, 0, 1, 1, 3, 3, 2, 2, 2, 1, 1, 0, 2, 0, 2, 1, 3,
       3, 1, 1], dtype=object)]
[895, array([-16.,  -8.,  -8.,   0.]), array([2, 2, 2, 3, 3, 2, 0, 1, 1, 3, 3, 2, 2, 2, 1, 1, 0, 2, 0, 2, 1, 3,
       3, 1, 1], dtype=object)]
[895, array([-16.,  -8.,  -8.,   0.]), array([2, 2, 2, 3, 3, 2, 0, 1, 1, 3, 3, 2, 2, 2, 1, 1, 0, 2, 0, 2, 1, 3,
       3, 1, 1], dtype=object)]
[895, array([-16.,  -8.,  -8.,   0.]), array([2, 2, 2, 3, 3, 2, 0, 1, 1, 3, 3, 2, 2, 2, 1, 1, 0, 2, 0, 2, 1, 3,
       3, 1, 1], dtype=object)]
[896, array([-16.,  -8.,  -8.,   0.]), array([2, 2, 2, 3, 3, 2, 0, 1, 1, 3, 3, 2, 2, 2, 1, 1, 3, 2, 0, 2, 1, 3,
       3, 1, 1], dtype=object)]
[896, array([-16.,  -8.,  -8.,   0.]), array([2, 2, 2, 3, 3, 2, 0, 1, 1, 3, 3, 2, 2, 2, 1, 1, 3, 2, 0, 2, 1, 3,
       3, 1, 1], dtype=object)]
[896, array([-16.,  -8.,  -8.,   0.]), array([2, 2, 2, 3, 3, 2, 0, 1, 1, 3, 3, 2, 2, 2, 1, 1, 3, 2, 0, 2, 1, 3,
       3, 1, 1], dtype=object)]
[896, array([-16.,  -8.,  -8.,   0.]), array([2, 2, 2, 3, 3, 2, 0, 1, 1, 3, 3, 2, 2, 2, 1, 1, 3, 2, 0, 2, 1, 3,
       3, 1, 1], dtype=object)]
[897, array([-16.,  -8.,  -8.,   0.]), array([2, 2, 2, 3, 3, 2, 0, 1, 1, 3, 3, 2, 2, 2, 1, 1, 0, 2, 0, 2, 1, 3,
       3, 1, 1], dtype=object)]
[897, array([-16.,  -8.,  -8.,   0.]), array([2, 2, 2, 3, 3, 2, 0, 1, 1, 3, 3, 2, 2, 2, 1, 1, 0, 2, 0, 2, 1, 3,
       3, 1, 1], dtype=object)]
[897, array([-16.,  -8.,  -8.,   0.]), array([2, 2, 2, 3, 3, 2, 0, 1, 1, 3, 3, 2, 2, 2, 1, 1, 0, 2, 0, 2, 1, 3,
       3, 1, 1], dtype=object)]
[897, array([-16.,  -8.,  -8.,   0.]), array([2, 2, 2, 3, 3, 2, 0, 1, 1, 3, 3, 2, 2, 2, 1, 1, 0, 2, 0, 2, 1, 3,
       3, 1, 1], dtype=object)]
[898, array([-16.,  -8.,  -8.,   0.]), array([2, 2, 2, 3, 3, 2, 0, 1, 1, 3, 3, 2, 2, 2, 1, 1, 0, 2, 2, 2, 1, 3,
       3, 1, 1], dtype=object)]
[898, array([-16.,  -8.,  -8.,   0.]), array([2, 2, 2, 3, 3, 2, 0, 1, 1, 3, 3, 2, 2, 2, 1, 1, 0, 2, 2, 2, 1, 3,
       3, 1, 1], dtype=object)]
[898, array([-16.,  -8.,  -8.,   0.]), array([2, 2, 2, 3, 3, 2, 0, 1, 1, 3, 3, 2, 2, 2, 1, 1, 0, 2, 2, 2, 1, 3,
       3, 1, 1], dtype=object)]
[898, array([-16.,  -8.,  -8.,   0.]), array([2, 2, 2, 3, 3, 2, 0, 1, 1, 3, 3, 2, 2, 2, 1, 1, 0, 2, 2, 2, 1, 3,
       3, 1, 1], dtype=object)]
[899, array([-16.,  -8.,  -8.,   0.]), array([2, 2, 2, 3, 3, 2, 0, 1, 1, 3, 3, 2, 2, 2, 1, 1, 0, 2, 2, 2, 1, 2,
       3, 1, 1], dtype=object)]
[899, array([-16.,  -8.,  -8.,   0.]), array([2, 2, 2, 3, 3, 2, 0, 1, 1, 3, 3, 2, 2, 2, 1, 1, 0, 2, 2, 2, 1, 2,
       3, 1, 1], dtype=object)]
[899, array([-16.,  -8.,  -8.,   0.]), array([2, 2, 2, 3, 3, 2, 0, 1, 1, 3, 3, 2, 2, 2, 1, 1, 0, 2, 2, 2, 1, 2,
       3, 1, 1], dtype=object)]
[899, array([-16.,  -8.,  -8.,   0.]), array([2, 2, 2, 3, 3, 2, 0, 1, 1, 3, 3, 2, 2, 2, 1, 1, 0, 2, 2, 2, 1, 2,
       3, 1, 1], dtype=object)]
[900, array([-16.,  -8.,  -8.,   0.]), array([2, 2, 2, 3, 3, 0, 0, 1, 1, 3, 3, 2, 2, 2, 1, 1, 2, 2, 2, 2, 1, 2,
       3, 1, 1], dtype=object)]
[900, array([-16.,  -8.,  -8.,   0.]), array([2, 2, 2, 3, 3, 0, 0, 1, 1, 3, 3, 2, 2, 2, 1, 1, 2, 2, 2, 2, 1, 2,
       3, 1, 1], dtype=object)]
[900, array([-16.,  -8.,  -8.,   0.]), array([2, 2, 2, 3, 3, 0, 0, 1, 1, 3, 3, 2, 2, 2, 1, 1, 2, 2, 2, 2, 1, 2,
       3, 1, 1], dtype=object)]
[900, array([-16.,  -8.,  -8.,   0.]), array([2, 2, 2, 3, 3, 0, 0, 1, 1, 3, 3, 2, 2, 2, 1, 1, 2, 2, 2, 2, 1, 2,
       3, 1, 1], dtype=object)]
[901, array([-16.,  -8.,  -8.,   0.]), array([2, 2, 2, 3, 3, 2, 0, 1, 1, 3, 3, 2, 2, 2, 1, 1, 2, 2, 0, 2, 1, 2,
       3, 1, 1], dtype=object)]
[901, array([-16.,  -8.,  -8.,   0.]), array([2, 2, 2, 3, 3, 2, 0, 1, 1, 3, 3, 2, 2, 2, 1, 1, 2, 2, 0, 2, 1, 2,
       3, 1, 1], dtype=object)]
[901, array([-16.,  -8.,  -8.,   0.]), array([2, 2, 2, 3, 3, 2, 0, 1, 1, 3, 3, 2, 2, 2, 1, 1, 2, 2, 0, 2, 1, 2,
       3, 1, 1], dtype=object)]
[901, array([-16.,  -8.,  -8.,   0.]), array([2, 2, 2, 3, 3, 2, 0, 1, 1, 3, 3, 2, 2, 2, 1, 1, 2, 2, 0, 2, 1, 2,
       3, 1, 1], dtype=object)]
[902, array([-16.,  -8.,  -8.,   0.]), array([2, 2, 2, 3, 3, 2, 0, 1, 1, 3, 3, 2, 2, 2, 1, 1, 2, 2, 2, 2, 1, 3,
       3, 1, 1], dtype=object)]
[902, array([-16.,  -8.,  -8.,   0.]), array([2, 2, 2, 3, 3, 2, 0, 1, 1, 3, 3, 2, 2, 2, 1, 1, 2, 2, 2, 2, 1, 3,
       3, 1, 1], dtype=object)]
[902, array([-16.,  -8.,  -8.,   0.]), array([2, 2, 2, 3, 3, 2, 0, 1, 1, 3, 3, 2, 2, 2, 1, 1, 2, 2, 2, 2, 1, 3,
       3, 1, 1], dtype=object)]
[902, array([-16.,  -8.,  -8.,   0.]), array([2, 2, 2, 3, 3, 2, 0, 1, 1, 3, 3, 2, 2, 2, 1, 1, 2, 2, 2, 2, 1, 3,
       3, 1, 1], dtype=object)]
[903, array([-16.,  -8.,  -8.,   0.]), array([2, 2, 2, 3, 3, 2, 0, 1, 1, 3, 3, 2, 2, 2, 1, 1, 2, 2, 0, 2, 1, 3,
       3, 1, 1], dtype=object)]
[903, array([-16.,  -8.,  -8.,   0.]), array([2, 2, 2, 3, 3, 2, 0, 1, 1, 3, 3, 2, 2, 2, 1, 1, 2, 2, 0, 2, 1, 3,
       3, 1, 1], dtype=object)]
[903, array([-16.,  -8.,  -8.,   0.]), array([2, 2, 2, 3, 3, 2, 0, 1, 1, 3, 3, 2, 2, 2, 1, 1, 2, 2, 0, 2, 1, 3,
       3, 1, 1], dtype=object)]
[903, array([-16.,  -8.,  -8.,   0.]), array([2, 2, 2, 3, 3, 2, 0, 1, 1, 3, 3, 2, 2, 2, 1, 1, 2, 2, 0, 2, 1, 3,
       3, 1, 1], dtype=object)]
[904, array([-16.,  -8.,  -8.,   0.]), array([2, 2, 2, 3, 3, 2, 0, 1, 1, 3, 3, 2, 2, 2, 1, 1, 0, 3, 2, 2, 1, 2,
       3, 1, 1], dtype=object)]
[904, array([-16.,  -8.,  -8.,   0.]), array([2, 2, 2, 3, 3, 2, 0, 1, 1, 3, 3, 2, 2, 2, 1, 1, 0, 3, 2, 2, 1, 2,
       3, 1, 1], dtype=object)]
[904, array([-16.,  -8.,  -8.,   0.]), array([2, 2, 2, 3, 3, 2, 0, 1, 1, 3, 3, 2, 2, 2, 1, 1, 0, 3, 2, 2, 1, 2,
       3, 1, 1], dtype=object)]
[904, array([-16.,  -8.,  -8.,   0.]), array([2, 2, 2, 3, 3, 2, 0, 1, 1, 3, 3, 2, 2, 2, 1, 1, 0, 3, 2, 2, 1, 2,
       3, 1, 1], dtype=object)]
[905, array([-16.,  -8.,  -8.,   0.]), array([2, 2, 2, 3, 3, 2, 0, 1, 1, 3, 3, 2, 2, 2, 1, 1, 2, 2, 0, 2, 1, 3,
       3, 1, 1], dtype=object)]
[905, array([-16.,  -8.,  -8.,   0.]), array([2, 2, 2, 3, 3, 2, 0, 1, 1, 3, 3, 2, 2, 2, 1, 1, 2, 2, 0, 2, 1, 3,
       3, 1, 1], dtype=object)]
[905, array([-16.,  -8.,  -8.,   0.]), array([2, 2, 2, 3, 3, 2, 0, 1, 1, 3, 3, 2, 2, 2, 1, 1, 2, 2, 0, 2, 1, 3,
       3, 1, 1], dtype=object)]
[905, array([-16.,  -8.,  -8.,   0.]), array([2, 2, 2, 3, 3, 2, 0, 1, 1, 3, 3, 2, 2, 2, 1, 1, 2, 2, 0, 2, 1, 3,
       3, 1, 1], dtype=object)]
[906, array([-16.,  -8.,  -8.,   0.]), array([2, 2, 2, 3, 3, 2, 0, 1, 1, 3, 3, 2, 2, 2, 1, 1, 2, 1, 0, 2, 1, 3,
       3, 1, 1], dtype=object)]
[906, array([-16.,  -8.,  -8.,   0.]), array([2, 2, 2, 3, 3, 2, 0, 1, 1, 3, 3, 2, 2, 2, 1, 1, 2, 1, 0, 2, 1, 3,
       3, 1, 1], dtype=object)]
[906, array([-16.,  -8.,  -8.,   0.]), array([2, 2, 2, 3, 3, 2, 0, 1, 1, 3, 3, 2, 2, 2, 1, 1, 2, 1, 0, 2, 1, 3,
       3, 1, 1], dtype=object)]
[906, array([-16.,  -8.,  -8.,   0.]), array([2, 2, 2, 3, 3, 2, 0, 1, 1, 3, 3, 2, 2, 2, 1, 1, 2, 1, 0, 2, 1, 3,
       3, 1, 1], dtype=object)]
[907, array([-16.,  -8.,  -8.,   0.]), array([2, 2, 2, 3, 3, 2, 0, 1, 1, 3, 3, 2, 2, 2, 1, 1, 2, 2, 0, 2, 1, 3,
       3, 1, 1], dtype=object)]
[907, array([-16.,  -8.,  -8.,   0.]), array([2, 2, 2, 3, 3, 2, 0, 1, 1, 3, 3, 2, 2, 2, 1, 1, 2, 2, 0, 2, 1, 3,
       3, 1, 1], dtype=object)]
[907, array([-16.,  -8.,  -8.,   0.]), array([2, 2, 2, 3, 3, 2, 0, 1, 1, 3, 3, 2, 2, 2, 1, 1, 2, 2, 0, 2, 1, 3,
       3, 1, 1], dtype=object)]
[907, array([-16.,  -8.,  -8.,   0.]), array([2, 2, 2, 3, 3, 2, 0, 1, 1, 3, 3, 2, 2, 2, 1, 1, 2, 2, 0, 2, 1, 3,
       3, 1, 1], dtype=object)]
[908, array([-16.,  -8.,  -8.,   0.]), array([2, 2, 2, 3, 3, 2, 0, 1, 1, 3, 3, 2, 2, 2, 1, 1, 2, 0, 3, 2, 1, 3,
       3, 1, 1], dtype=object)]
[908, array([-16.,  -8.,  -8.,   0.]), array([2, 2, 2, 3, 3, 2, 0, 1, 1, 3, 3, 2, 2, 2, 1, 1, 2, 0, 3, 2, 1, 3,
       3, 1, 1], dtype=object)]
[908, array([-16.,  -8.,  -8.,   0.]), array([2, 2, 2, 3, 3, 2, 0, 1, 1, 3, 3, 2, 2, 2, 1, 1, 2, 0, 3, 2, 1, 3,
       3, 1, 1], dtype=object)]
[908, array([-16.,  -8.,  -8.,   0.]), array([2, 2, 2, 3, 3, 2, 0, 1, 1, 3, 3, 2, 2, 2, 1, 1, 2, 0, 3, 2, 1, 3,
       3, 1, 1], dtype=object)]
[909, array([-16.,  -8.,  -8.,   0.]), array([2, 2, 2, 3, 3, 2, 0, 1, 1, 3, 3, 2, 2, 2, 1, 1, 2, 1, 3, 2, 1, 3,
       3, 1, 1], dtype=object)]
[909, array([-16.,  -8.,  -8.,   0.]), array([2, 2, 2, 3, 3, 2, 0, 1, 1, 3, 3, 2, 2, 2, 1, 1, 2, 1, 3, 2, 1, 3,
       3, 1, 1], dtype=object)]
[909, array([-16.,  -8.,  -8.,   0.]), array([2, 2, 2, 3, 3, 2, 0, 1, 1, 3, 3, 2, 2, 2, 1, 1, 2, 1, 3, 2, 1, 3,
       3, 1, 1], dtype=object)]
[909, array([-16.,  -8.,  -8.,   0.]), array([2, 2, 2, 3, 3, 2, 0, 1, 1, 3, 3, 2, 2, 2, 1, 1, 2, 1, 3, 2, 1, 3,
       3, 1, 1], dtype=object)]
[910, array([-16.,  -8.,  -8.,   0.]), array([2, 2, 2, 3, 3, 2, 0, 1, 1, 3, 3, 2, 2, 2, 1, 1, 2, 1, 2, 2, 1, 3,
       3, 1, 1], dtype=object)]
[910, array([-16.,  -8.,  -8.,   0.]), array([2, 2, 2, 3, 3, 2, 0, 1, 1, 3, 3, 2, 2, 2, 1, 1, 2, 1, 2, 2, 1, 3,
       3, 1, 1], dtype=object)]
[910, array([-16.,  -8.,  -8.,   0.]), array([2, 2, 2, 3, 3, 2, 0, 1, 1, 3, 3, 2, 2, 2, 1, 1, 2, 1, 2, 2, 1, 3,
       3, 1, 1], dtype=object)]
[910, array([-16.,  -8.,  -8.,   0.]), array([2, 2, 2, 3, 3, 2, 0, 1, 1, 3, 3, 2, 2, 2, 1, 1, 2, 1, 2, 2, 1, 3,
       3, 1, 1], dtype=object)]
[911, array([-16.,  -8.,  -8.,   0.]), array([2, 2, 2, 3, 3, 2, 0, 1, 1, 3, 3, 2, 2, 2, 1, 1, 0, 2, 0, 2, 1, 3,
       3, 1, 1], dtype=object)]
[911, array([-16.,  -8.,  -8.,   0.]), array([2, 2, 2, 3, 3, 2, 0, 1, 1, 3, 3, 2, 2, 2, 1, 1, 0, 2, 0, 2, 1, 3,
       3, 1, 1], dtype=object)]
[911, array([-16.,  -8.,  -8.,   0.]), array([2, 2, 2, 3, 3, 2, 0, 1, 1, 3, 3, 2, 2, 2, 1, 1, 0, 2, 0, 2, 1, 3,
       3, 1, 1], dtype=object)]
[911, array([-16.,  -8.,  -8.,   0.]), array([2, 2, 2, 3, 3, 2, 0, 1, 1, 3, 3, 2, 2, 2, 1, 1, 0, 2, 0, 2, 1, 3,
       3, 1, 1], dtype=object)]
[912, array([-16.,  -8.,  -8.,   0.]), array([2, 2, 2, 3, 3, 2, 0, 1, 1, 3, 3, 2, 2, 2, 1, 1, 2, 2, 0, 2, 1, 1,
       3, 1, 1], dtype=object)]
[912, array([-16.,  -8.,  -8.,   0.]), array([2, 2, 2, 3, 3, 2, 0, 1, 1, 3, 3, 2, 2, 2, 1, 1, 2, 2, 0, 2, 1, 1,
       3, 1, 1], dtype=object)]
[912, array([-16.,  -8.,  -8.,   0.]), array([2, 2, 2, 3, 3, 2, 0, 1, 1, 3, 3, 2, 2, 2, 1, 1, 2, 2, 0, 2, 1, 1,
       3, 1, 1], dtype=object)]
[912, array([-16.,  -8.,  -8.,   0.]), array([2, 2, 2, 3, 3, 2, 0, 1, 1, 3, 3, 2, 2, 2, 1, 1, 2, 2, 0, 2, 1, 1,
       3, 1, 1], dtype=object)]
[913, array([-16.,  -8.,  -8.,   0.]), array([2, 2, 2, 3, 3, 2, 0, 1, 1, 3, 3, 2, 2, 2, 1, 1, 2, 2, 0, 2, 1, 3,
       3, 1, 1], dtype=object)]
[913, array([-16.,  -8.,  -8.,   0.]), array([2, 2, 2, 3, 3, 2, 0, 1, 1, 3, 3, 2, 2, 2, 1, 1, 2, 2, 0, 2, 1, 3,
       3, 1, 1], dtype=object)]
[913, array([-16.,  -8.,  -8.,   0.]), array([2, 2, 2, 3, 3, 2, 0, 1, 1, 3, 3, 2, 2, 2, 1, 1, 2, 2, 0, 2, 1, 3,
       3, 1, 1], dtype=object)]
[913, array([-16.,  -8.,  -8.,   0.]), array([2, 2, 2, 3, 3, 2, 0, 1, 1, 3, 3, 2, 2, 2, 1, 1, 2, 2, 0, 2, 1, 3,
       3, 1, 1], dtype=object)]
[914, array([-16.,  -8.,  -8.,   0.]), array([2, 2, 2, 3, 3, 2, 0, 1, 1, 3, 3, 2, 2, 2, 1, 1, 2, 1, 3, 2, 1, 1,
       3, 1, 1], dtype=object)]
[914, array([-16.,  -8.,  -8.,   0.]), array([2, 2, 2, 3, 3, 2, 0, 1, 1, 3, 3, 2, 2, 2, 1, 1, 2, 1, 3, 2, 1, 1,
       3, 1, 1], dtype=object)]
[914, array([-16.,  -8.,  -8.,   0.]), array([2, 2, 2, 3, 3, 2, 0, 1, 1, 3, 3, 2, 2, 2, 1, 1, 2, 1, 3, 2, 1, 1,
       3, 1, 1], dtype=object)]
[914, array([-16.,  -8.,  -8.,   0.]), array([2, 2, 2, 3, 3, 2, 0, 1, 1, 3, 3, 2, 2, 2, 1, 1, 2, 1, 3, 2, 1, 1,
       3, 1, 1], dtype=object)]
[915, array([-16.,  -8.,  -8.,   0.]), array([2, 2, 2, 3, 3, 2, 0, 1, 1, 3, 3, 2, 2, 2, 1, 1, 2, 2, 0, 2, 1, 3,
       3, 1, 1], dtype=object)]
[915, array([-16.,  -8.,  -8.,   0.]), array([2, 2, 2, 3, 3, 2, 0, 1, 1, 3, 3, 2, 2, 2, 1, 1, 2, 2, 0, 2, 1, 3,
       3, 1, 1], dtype=object)]
[915, array([-16.,  -8.,  -8.,   0.]), array([2, 2, 2, 3, 3, 2, 0, 1, 1, 3, 3, 2, 2, 2, 1, 1, 2, 2, 0, 2, 1, 3,
       3, 1, 1], dtype=object)]
[915, array([-16.,  -8.,  -8.,   0.]), array([2, 2, 2, 3, 3, 2, 0, 1, 1, 3, 3, 2, 2, 2, 1, 1, 2, 2, 0, 2, 1, 3,
       3, 1, 1], dtype=object)]
[916, array([-16.,  -8.,  -8.,   0.]), array([0, 2, 2, 3, 3, 2, 0, 1, 1, 3, 3, 2, 2, 2, 1, 1, 2, 0, 3, 2, 1, 3,
       3, 1, 1], dtype=object)]
[916, array([-16.,  -8.,  -8.,   0.]), array([0, 2, 2, 3, 3, 2, 0, 1, 1, 3, 3, 2, 2, 2, 1, 1, 2, 0, 3, 2, 1, 3,
       3, 1, 1], dtype=object)]
[916, array([-16.,  -8.,  -8.,   0.]), array([0, 2, 2, 3, 3, 2, 0, 1, 1, 3, 3, 2, 2, 2, 1, 1, 2, 0, 3, 2, 1, 3,
       3, 1, 1], dtype=object)]
[916, array([-16.,  -8.,  -8.,   0.]), array([0, 2, 2, 3, 3, 2, 0, 1, 1, 3, 3, 2, 2, 2, 1, 1, 2, 0, 3, 2, 1, 3,
       3, 1, 1], dtype=object)]
[917, array([-16.,  -8.,  -8.,   0.]), array([3, 2, 2, 3, 3, 2, 0, 1, 1, 3, 3, 2, 2, 2, 1, 1, 2, 2, 0, 2, 1, 1,
       3, 1, 1], dtype=object)]
[917, array([-16.,  -8.,  -8.,   0.]), array([3, 2, 2, 3, 3, 2, 0, 1, 1, 3, 3, 2, 2, 2, 1, 1, 2, 2, 0, 2, 1, 1,
       3, 1, 1], dtype=object)]
[917, array([-16.,  -8.,  -8.,   0.]), array([3, 2, 2, 3, 3, 2, 0, 1, 1, 3, 3, 2, 2, 2, 1, 1, 2, 2, 0, 2, 1, 1,
       3, 1, 1], dtype=object)]
[917, array([-16.,  -8.,  -8.,   0.]), array([3, 2, 2, 3, 3, 2, 0, 1, 1, 3, 3, 2, 2, 2, 1, 1, 2, 2, 0, 2, 1, 1,
       3, 1, 1], dtype=object)]
[918, array([-16.,  -8.,  -8.,   0.]), array([3, 2, 2, 3, 3, 2, 0, 1, 1, 3, 3, 2, 2, 2, 1, 1, 2, 2, 0, 2, 1, 1,
       3, 1, 1], dtype=object)]
[918, array([-16.,  -8.,  -8.,   0.]), array([3, 2, 2, 3, 3, 2, 0, 1, 1, 3, 3, 2, 2, 2, 1, 1, 2, 2, 0, 2, 1, 1,
       3, 1, 1], dtype=object)]
[918, array([-16.,  -8.,  -8.,   0.]), array([3, 2, 2, 3, 3, 2, 0, 1, 1, 3, 3, 2, 2, 2, 1, 1, 2, 2, 0, 2, 1, 1,
       3, 1, 1], dtype=object)]
[918, array([-16.,  -8.,  -8.,   0.]), array([3, 2, 2, 3, 3, 2, 0, 1, 1, 3, 3, 2, 2, 2, 1, 1, 2, 2, 0, 2, 1, 1,
       3, 1, 1], dtype=object)]
[919, array([-16.,  -8.,  -8.,   0.]), array([3, 2, 2, 3, 3, 2, 0, 1, 1, 3, 3, 2, 2, 2, 1, 1, 2, 1, 3, 2, 1, 3,
       3, 1, 1], dtype=object)]
[919, array([-16.,  -8.,  -8.,   0.]), array([3, 2, 2, 3, 3, 2, 0, 1, 1, 3, 3, 2, 2, 2, 1, 1, 2, 1, 3, 2, 1, 3,
       3, 1, 1], dtype=object)]
[919, array([-16.,  -8.,  -8.,   0.]), array([3, 2, 2, 3, 3, 2, 0, 1, 1, 3, 3, 2, 2, 2, 1, 1, 2, 1, 3, 2, 1, 3,
       3, 1, 1], dtype=object)]
[919, array([-16.,  -8.,  -8.,   0.]), array([3, 2, 2, 3, 3, 2, 0, 1, 1, 3, 3, 2, 2, 2, 1, 1, 2, 1, 3, 2, 1, 3,
       3, 1, 1], dtype=object)]
[920, array([-16.,  -8.,  -8.,   0.]), array([3, 2, 2, 3, 3, 2, 0, 1, 1, 3, 3, 2, 2, 2, 1, 1, 2, 1, 3, 2, 1, 3,
       3, 1, 1], dtype=object)]
[920, array([-16.,  -8.,  -8.,   0.]), array([3, 2, 2, 3, 3, 2, 0, 1, 1, 3, 3, 2, 2, 2, 1, 1, 2, 1, 3, 2, 1, 3,
       3, 1, 1], dtype=object)]
[920, array([-16.,  -8.,  -8.,   0.]), array([3, 2, 2, 3, 3, 2, 0, 1, 1, 3, 3, 2, 2, 2, 1, 1, 2, 1, 3, 2, 1, 3,
       3, 1, 1], dtype=object)]
[920, array([-16.,  -8.,  -8.,   0.]), array([3, 2, 2, 3, 3, 2, 0, 1, 1, 3, 3, 2, 2, 2, 1, 1, 2, 1, 3, 2, 1, 3,
       3, 1, 1], dtype=object)]
[921, array([-16.,  -8.,  -8.,   0.]), array([2, 2, 2, 3, 3, 2, 0, 1, 1, 3, 3, 2, 2, 2, 1, 1, 2, 0, 3, 2, 1, 3,
       3, 1, 1], dtype=object)]
[921, array([-16.,  -8.,  -8.,   0.]), array([2, 2, 2, 3, 3, 2, 0, 1, 1, 3, 3, 2, 2, 2, 1, 1, 2, 0, 3, 2, 1, 3,
       3, 1, 1], dtype=object)]
[921, array([-16.,  -8.,  -8.,   0.]), array([2, 2, 2, 3, 3, 2, 0, 1, 1, 3, 3, 2, 2, 2, 1, 1, 2, 0, 3, 2, 1, 3,
       3, 1, 1], dtype=object)]
[921, array([-16.,  -8.,  -8.,   0.]), array([2, 2, 2, 3, 3, 2, 0, 1, 1, 3, 3, 2, 2, 2, 1, 1, 2, 0, 3, 2, 1, 3,
       3, 1, 1], dtype=object)]
[922, array([-16.,  -8.,  -8.,   0.]), array([3, 2, 2, 3, 3, 2, 0, 1, 1, 3, 3, 2, 2, 2, 1, 1, 2, 2, 0, 2, 1, 1,
       3, 1, 1], dtype=object)]
[922, array([-16.,  -8.,  -8.,   0.]), array([3, 2, 2, 3, 3, 2, 0, 1, 1, 3, 3, 2, 2, 2, 1, 1, 2, 2, 0, 2, 1, 1,
       3, 1, 1], dtype=object)]
[922, array([-16.,  -8.,  -8.,   0.]), array([3, 2, 2, 3, 3, 2, 0, 1, 1, 3, 3, 2, 2, 2, 1, 1, 2, 2, 0, 2, 1, 1,
       3, 1, 1], dtype=object)]
[922, array([-16.,  -8.,  -8.,   0.]), array([3, 2, 2, 3, 3, 2, 0, 1, 1, 3, 3, 2, 2, 2, 1, 1, 2, 2, 0, 2, 1, 1,
       3, 1, 1], dtype=object)]
[923, array([-16.,  -8.,  -8.,   0.]), array([2, 2, 2, 3, 3, 2, 0, 1, 1, 3, 3, 2, 2, 2, 1, 1, 2, 2, 0, 2, 1, 3,
       3, 1, 1], dtype=object)]
[923, array([-16.,  -8.,  -8.,   0.]), array([2, 2, 2, 3, 3, 2, 0, 1, 1, 3, 3, 2, 2, 2, 1, 1, 2, 2, 0, 2, 1, 3,
       3, 1, 1], dtype=object)]
[923, array([-16.,  -8.,  -8.,   0.]), array([2, 2, 2, 3, 3, 2, 0, 1, 1, 3, 3, 2, 2, 2, 1, 1, 2, 2, 0, 2, 1, 3,
       3, 1, 1], dtype=object)]
[923, array([-16.,  -8.,  -8.,   0.]), array([2, 2, 2, 3, 3, 2, 0, 1, 1, 3, 3, 2, 2, 2, 1, 1, 2, 2, 0, 2, 1, 3,
       3, 1, 1], dtype=object)]
[924, array([-16.,  -8.,  -8.,   0.]), array([3, 2, 2, 3, 3, 2, 0, 1, 1, 3, 3, 2, 2, 2, 1, 1, 2, 2, 3, 2, 1, 3,
       3, 1, 1], dtype=object)]
[924, array([-16.,  -8.,  -8.,   0.]), array([3, 2, 2, 3, 3, 2, 0, 1, 1, 3, 3, 2, 2, 2, 1, 1, 2, 2, 3, 2, 1, 3,
       3, 1, 1], dtype=object)]
[924, array([-16.,  -8.,  -8.,   0.]), array([3, 2, 2, 3, 3, 2, 0, 1, 1, 3, 3, 2, 2, 2, 1, 1, 2, 2, 3, 2, 1, 3,
       3, 1, 1], dtype=object)]
[924, array([-16.,  -8.,  -8.,   0.]), array([3, 2, 2, 3, 3, 2, 0, 1, 1, 3, 3, 2, 2, 2, 1, 1, 2, 2, 3, 2, 1, 3,
       3, 1, 1], dtype=object)]
[925, array([-16.,  -8.,  -8.,   0.]), array([0, 2, 2, 3, 3, 2, 0, 1, 1, 3, 3, 2, 2, 2, 1, 1, 2, 0, 3, 2, 1, 3,
       3, 1, 1], dtype=object)]
[925, array([-16.,  -8.,  -8.,   0.]), array([0, 2, 2, 3, 3, 2, 0, 1, 1, 3, 3, 2, 2, 2, 1, 1, 2, 0, 3, 2, 1, 3,
       3, 1, 1], dtype=object)]
[925, array([-16.,  -8.,  -8.,   0.]), array([0, 2, 2, 3, 3, 2, 0, 1, 1, 3, 3, 2, 2, 2, 1, 1, 2, 0, 3, 2, 1, 3,
       3, 1, 1], dtype=object)]
[925, array([-16.,  -8.,  -8.,   0.]), array([0, 2, 2, 3, 3, 2, 0, 1, 1, 3, 3, 2, 2, 2, 1, 1, 2, 0, 3, 2, 1, 3,
       3, 1, 1], dtype=object)]
[926, array([-16.,  -8.,  -8.,   0.]), array([0, 2, 2, 3, 3, 2, 0, 1, 1, 3, 3, 2, 2, 2, 1, 1, 2, 0, 3, 2, 1, 3,
       3, 1, 1], dtype=object)]
[926, array([-16.,  -8.,  -8.,   0.]), array([0, 2, 2, 3, 3, 2, 0, 1, 1, 3, 3, 2, 2, 2, 1, 1, 2, 0, 3, 2, 1, 3,
       3, 1, 1], dtype=object)]
[926, array([-16.,  -8.,  -8.,   0.]), array([0, 2, 2, 3, 3, 2, 0, 1, 1, 3, 3, 2, 2, 2, 1, 1, 2, 0, 3, 2, 1, 3,
       3, 1, 1], dtype=object)]
[926, array([-16.,  -8.,  -8.,   0.]), array([0, 2, 2, 3, 3, 2, 0, 1, 1, 3, 3, 2, 2, 2, 1, 1, 2, 0, 3, 2, 1, 3,
       3, 1, 1], dtype=object)]
[927, array([-16.,  -8.,  -8.,   0.]), array([3, 2, 2, 3, 3, 2, 0, 1, 1, 3, 3, 2, 2, 2, 1, 1, 2, 0, 3, 2, 1, 3,
       3, 1, 1], dtype=object)]
[927, array([-16.,  -8.,  -8.,   0.]), array([3, 2, 2, 3, 3, 2, 0, 1, 1, 3, 3, 2, 2, 2, 1, 1, 2, 0, 3, 2, 1, 3,
       3, 1, 1], dtype=object)]
[927, array([-16.,  -8.,  -8.,   0.]), array([3, 2, 2, 3, 3, 2, 0, 1, 1, 3, 3, 2, 2, 2, 1, 1, 2, 0, 3, 2, 1, 3,
       3, 1, 1], dtype=object)]
[927, array([-16.,  -8.,  -8.,   0.]), array([3, 2, 2, 3, 3, 2, 0, 1, 1, 3, 3, 2, 2, 2, 1, 1, 2, 0, 3, 2, 1, 3,
       3, 1, 1], dtype=object)]
[928, array([-16.,  -8.,  -8.,   0.]), array([0, 2, 2, 3, 3, 2, 0, 1, 1, 3, 3, 2, 2, 2, 1, 1, 2, 0, 0, 2, 1, 3,
       3, 1, 1], dtype=object)]
[928, array([-16.,  -8.,  -8.,   0.]), array([0, 2, 2, 3, 3, 2, 0, 1, 1, 3, 3, 2, 2, 2, 1, 1, 2, 0, 0, 2, 1, 3,
       3, 1, 1], dtype=object)]
[928, array([-16.,  -8.,  -8.,   0.]), array([0, 2, 2, 3, 3, 2, 0, 1, 1, 3, 3, 2, 2, 2, 1, 1, 2, 0, 0, 2, 1, 3,
       3, 1, 1], dtype=object)]
[928, array([-16.,  -8.,  -8.,   0.]), array([0, 2, 2, 3, 3, 2, 0, 1, 1, 3, 3, 2, 2, 2, 1, 1, 2, 0, 0, 2, 1, 3,
       3, 1, 1], dtype=object)]
[929, array([-16.,  -8.,  -8.,   0.]), array([3, 2, 2, 3, 3, 2, 0, 1, 1, 3, 3, 2, 2, 2, 1, 1, 2, 2, 0, 2, 1, 3,
       3, 1, 1], dtype=object)]
[929, array([-16.,  -8.,  -8.,   0.]), array([3, 2, 2, 3, 3, 2, 0, 1, 1, 3, 3, 2, 2, 2, 1, 1, 2, 2, 0, 2, 1, 3,
       3, 1, 1], dtype=object)]
[929, array([-16.,  -8.,  -8.,   0.]), array([3, 2, 2, 3, 3, 2, 0, 1, 1, 3, 3, 2, 2, 2, 1, 1, 2, 2, 0, 2, 1, 3,
       3, 1, 1], dtype=object)]
[929, array([-16.,  -8.,  -8.,   0.]), array([3, 2, 2, 3, 3, 2, 0, 1, 1, 3, 3, 2, 2, 2, 1, 1, 2, 2, 0, 2, 1, 3,
       3, 1, 1], dtype=object)]
[930, array([-16.,  -8.,  -8.,   0.]), array([3, 2, 2, 3, 3, 2, 0, 1, 1, 3, 3, 2, 2, 2, 1, 1, 2, 2, 0, 2, 1, 2,
       3, 1, 1], dtype=object)]
[930, array([-16.,  -8.,  -8.,   0.]), array([3, 2, 2, 3, 3, 2, 0, 1, 1, 3, 3, 2, 2, 2, 1, 1, 2, 2, 0, 2, 1, 2,
       3, 1, 1], dtype=object)]
[930, array([-16.,  -8.,  -8.,   0.]), array([3, 2, 2, 3, 3, 2, 0, 1, 1, 3, 3, 2, 2, 2, 1, 1, 2, 2, 0, 2, 1, 2,
       3, 1, 1], dtype=object)]
[930, array([-16.,  -8.,  -8.,   0.]), array([3, 2, 2, 3, 3, 2, 0, 1, 1, 3, 3, 2, 2, 2, 1, 1, 2, 2, 0, 2, 1, 2,
       3, 1, 1], dtype=object)]
[931, array([-16.,  -8.,  -8.,   0.]), array([3, 2, 2, 3, 3, 2, 0, 1, 1, 3, 3, 2, 2, 2, 1, 1, 2, 2, 0, 2, 1, 3,
       3, 1, 1], dtype=object)]
[931, array([-16.,  -8.,  -8.,   0.]), array([3, 2, 2, 3, 3, 2, 0, 1, 1, 3, 3, 2, 2, 2, 1, 1, 2, 2, 0, 2, 1, 3,
       3, 1, 1], dtype=object)]
[931, array([-16.,  -8.,  -8.,   0.]), array([3, 2, 2, 3, 3, 2, 0, 1, 1, 3, 3, 2, 2, 2, 1, 1, 2, 2, 0, 2, 1, 3,
       3, 1, 1], dtype=object)]
[931, array([-16.,  -8.,  -8.,   0.]), array([3, 2, 2, 3, 3, 2, 0, 1, 1, 3, 3, 2, 2, 2, 1, 1, 2, 2, 0, 2, 1, 3,
       3, 1, 1], dtype=object)]
[932, array([-16.,  -8.,  -8.,   0.]), array([3, 2, 2, 3, 3, 1, 0, 1, 1, 3, 3, 2, 2, 2, 1, 1, 2, 0, 3, 2, 1, 3,
       3, 1, 1], dtype=object)]
[932, array([-16.,  -8.,  -8.,   0.]), array([3, 2, 2, 3, 3, 1, 0, 1, 1, 3, 3, 2, 2, 2, 1, 1, 2, 0, 3, 2, 1, 3,
       3, 1, 1], dtype=object)]
[932, array([-16.,  -8.,  -8.,   0.]), array([3, 2, 2, 3, 3, 1, 0, 1, 1, 3, 3, 2, 2, 2, 1, 1, 2, 0, 3, 2, 1, 3,
       3, 1, 1], dtype=object)]
[932, array([-16.,  -8.,  -8.,   0.]), array([3, 2, 2, 3, 3, 1, 0, 1, 1, 3, 3, 2, 2, 2, 1, 1, 2, 0, 3, 2, 1, 3,
       3, 1, 1], dtype=object)]
[933, array([-16.,  -8.,  -8.,   0.]), array([3, 2, 2, 3, 3, 2, 0, 1, 1, 3, 3, 2, 2, 2, 1, 1, 2, 1, 3, 2, 1, 3,
       3, 1, 1], dtype=object)]
[933, array([-16.,  -8.,  -8.,   0.]), array([3, 2, 2, 3, 3, 2, 0, 1, 1, 3, 3, 2, 2, 2, 1, 1, 2, 1, 3, 2, 1, 3,
       3, 1, 1], dtype=object)]
[933, array([-16.,  -8.,  -8.,   0.]), array([3, 2, 2, 3, 3, 2, 0, 1, 1, 3, 3, 2, 2, 2, 1, 1, 2, 1, 3, 2, 1, 3,
       3, 1, 1], dtype=object)]
[933, array([-16.,  -8.,  -8.,   0.]), array([3, 2, 2, 3, 3, 2, 0, 1, 1, 3, 3, 2, 2, 2, 1, 1, 2, 1, 3, 2, 1, 3,
       3, 1, 1], dtype=object)]
[934, array([-16.,  -8.,  -8.,   0.]), array([3, 2, 2, 3, 3, 2, 0, 1, 1, 3, 3, 2, 2, 2, 1, 1, 2, 0, 0, 2, 1, 3,
       3, 1, 1], dtype=object)]
[934, array([-16.,  -8.,  -8.,   0.]), array([3, 2, 2, 3, 3, 2, 0, 1, 1, 3, 3, 2, 2, 2, 1, 1, 2, 0, 0, 2, 1, 3,
       3, 1, 1], dtype=object)]
[934, array([-16.,  -8.,  -8.,   0.]), array([3, 2, 2, 3, 3, 2, 0, 1, 1, 3, 3, 2, 2, 2, 1, 1, 2, 0, 0, 2, 1, 3,
       3, 1, 1], dtype=object)]
[934, array([-16.,  -8.,  -8.,   0.]), array([3, 2, 2, 3, 3, 2, 0, 1, 1, 3, 3, 2, 2, 2, 1, 1, 2, 0, 0, 2, 1, 3,
       3, 1, 1], dtype=object)]
[935, array([-16.,  -8.,  -8.,   0.]), array([3, 2, 2, 3, 3, 2, 0, 1, 1, 3, 3, 2, 2, 2, 1, 1, 2, 0, 3, 2, 1, 3,
       3, 1, 1], dtype=object)]
[935, array([-16.,  -8.,  -8.,   0.]), array([3, 2, 2, 3, 3, 2, 0, 1, 1, 3, 3, 2, 2, 2, 1, 1, 2, 0, 3, 2, 1, 3,
       3, 1, 1], dtype=object)]
[935, array([-16.,  -8.,  -8.,   0.]), array([3, 2, 2, 3, 3, 2, 0, 1, 1, 3, 3, 2, 2, 2, 1, 1, 2, 0, 3, 2, 1, 3,
       3, 1, 1], dtype=object)]
[935, array([-16.,  -8.,  -8.,   0.]), array([3, 2, 2, 3, 3, 2, 0, 1, 1, 3, 3, 2, 2, 2, 1, 1, 2, 0, 3, 2, 1, 3,
       3, 1, 1], dtype=object)]
[936, array([-16.,  -8.,  -8.,   0.]), array([3, 2, 2, 3, 3, 3, 0, 1, 1, 3, 3, 2, 2, 2, 1, 1, 2, 2, 3, 2, 1, 3,
       3, 1, 1], dtype=object)]
[936, array([-16.,  -8.,  -8.,   0.]), array([3, 2, 2, 3, 3, 3, 0, 1, 1, 3, 3, 2, 2, 2, 1, 1, 2, 2, 3, 2, 1, 3,
       3, 1, 1], dtype=object)]
[936, array([-16.,  -8.,  -8.,   0.]), array([3, 2, 2, 3, 3, 3, 0, 1, 1, 3, 3, 2, 2, 2, 1, 1, 2, 2, 3, 2, 1, 3,
       3, 1, 1], dtype=object)]
[936, array([-16.,  -8.,  -8.,   0.]), array([3, 2, 2, 3, 3, 3, 0, 1, 1, 3, 3, 2, 2, 2, 1, 1, 2, 2, 3, 2, 1, 3,
       3, 1, 1], dtype=object)]
[937, array([-16.,  -8.,  -8.,   0.]), array([3, 2, 2, 3, 3, 2, 0, 1, 1, 3, 3, 2, 2, 2, 1, 1, 2, 2, 0, 2, 1, 3,
       3, 1, 1], dtype=object)]
[937, array([-16.,  -8.,  -8.,   0.]), array([3, 2, 2, 3, 3, 2, 0, 1, 1, 3, 3, 2, 2, 2, 1, 1, 2, 2, 0, 2, 1, 3,
       3, 1, 1], dtype=object)]
[937, array([-16.,  -8.,  -8.,   0.]), array([3, 2, 2, 3, 3, 2, 0, 1, 1, 3, 3, 2, 2, 2, 1, 1, 2, 2, 0, 2, 1, 3,
       3, 1, 1], dtype=object)]
[937, array([-16.,  -8.,  -8.,   0.]), array([3, 2, 2, 3, 3, 2, 0, 1, 1, 3, 3, 2, 2, 2, 1, 1, 2, 2, 0, 2, 1, 3,
       3, 1, 1], dtype=object)]
[938, array([-16.,  -8.,  -8.,   0.]), array([1, 2, 2, 3, 3, 2, 0, 1, 1, 3, 3, 2, 2, 2, 1, 1, 2, 2, 3, 2, 1, 3,
       3, 1, 1], dtype=object)]
[938, array([-16.,  -8.,  -8.,   0.]), array([1, 2, 2, 3, 3, 2, 0, 1, 1, 3, 3, 2, 2, 2, 1, 1, 2, 2, 3, 2, 1, 3,
       3, 1, 1], dtype=object)]
[938, array([-16.,  -8.,  -8.,   0.]), array([1, 2, 2, 3, 3, 2, 0, 1, 1, 3, 3, 2, 2, 2, 1, 1, 2, 2, 3, 2, 1, 3,
       3, 1, 1], dtype=object)]
[938, array([-16.,  -8.,  -8.,   0.]), array([1, 2, 2, 3, 3, 2, 0, 1, 1, 3, 3, 2, 2, 2, 1, 1, 2, 2, 3, 2, 1, 3,
       3, 1, 1], dtype=object)]
[939, array([-16.,  -8.,  -8.,   0.]), array([3, 2, 2, 3, 3, 2, 0, 1, 1, 3, 3, 2, 2, 2, 1, 1, 2, 2, 0, 2, 1, 3,
       3, 1, 1], dtype=object)]
[939, array([-16.,  -8.,  -8.,   0.]), array([3, 2, 2, 3, 3, 2, 0, 1, 1, 3, 3, 2, 2, 2, 1, 1, 2, 2, 0, 2, 1, 3,
       3, 1, 1], dtype=object)]
[939, array([-16.,  -8.,  -8.,   0.]), array([3, 2, 2, 3, 3, 2, 0, 1, 1, 3, 3, 2, 2, 2, 1, 1, 2, 2, 0, 2, 1, 3,
       3, 1, 1], dtype=object)]
[939, array([-16.,  -8.,  -8.,   0.]), array([3, 2, 2, 3, 3, 2, 0, 1, 1, 3, 3, 2, 2, 2, 1, 1, 2, 2, 0, 2, 1, 3,
       3, 1, 1], dtype=object)]
[940, array([-16.,  -8.,  -8.,   0.]), array([0, 2, 2, 3, 3, 2, 0, 1, 1, 3, 3, 2, 2, 2, 1, 1, 2, 1, 3, 2, 1, 3,
       3, 1, 1], dtype=object)]
[940, array([-16.,  -8.,  -8.,   0.]), array([0, 2, 2, 3, 3, 2, 0, 1, 1, 3, 3, 2, 2, 2, 1, 1, 2, 1, 3, 2, 1, 3,
       3, 1, 1], dtype=object)]
[940, array([-16.,  -8.,  -8.,   0.]), array([0, 2, 2, 3, 3, 2, 0, 1, 1, 3, 3, 2, 2, 2, 1, 1, 2, 1, 3, 2, 1, 3,
       3, 1, 1], dtype=object)]
[940, array([-16.,  -8.,  -8.,   0.]), array([0, 2, 2, 3, 3, 2, 0, 1, 1, 3, 3, 2, 2, 2, 1, 1, 2, 1, 3, 2, 1, 3,
       3, 1, 1], dtype=object)]
[941, array([-16.,  -8.,  -8.,   0.]), array([3, 2, 2, 3, 3, 2, 0, 1, 1, 3, 3, 2, 2, 2, 1, 1, 2, 2, 3, 2, 1, 3,
       3, 1, 1], dtype=object)]
[941, array([-16.,  -8.,  -8.,   0.]), array([3, 2, 2, 3, 3, 2, 0, 1, 1, 3, 3, 2, 2, 2, 1, 1, 2, 2, 3, 2, 1, 3,
       3, 1, 1], dtype=object)]
[941, array([-16.,  -8.,  -8.,   0.]), array([3, 2, 2, 3, 3, 2, 0, 1, 1, 3, 3, 2, 2, 2, 1, 1, 2, 2, 3, 2, 1, 3,
       3, 1, 1], dtype=object)]
[941, array([-16.,  -8.,  -8.,   0.]), array([3, 2, 2, 3, 3, 2, 0, 1, 1, 3, 3, 2, 2, 2, 1, 1, 2, 2, 3, 2, 1, 3,
       3, 1, 1], dtype=object)]
[942, array([-16.,  -8.,  -8.,   0.]), array([3, 2, 2, 3, 3, 2, 0, 1, 1, 3, 3, 2, 2, 2, 1, 1, 2, 0, 2, 2, 1, 3,
       3, 1, 1], dtype=object)]
[942, array([-16.,  -8.,  -8.,   0.]), array([3, 2, 2, 3, 3, 2, 0, 1, 1, 3, 3, 2, 2, 2, 1, 1, 2, 0, 2, 2, 1, 3,
       3, 1, 1], dtype=object)]
[942, array([-16.,  -8.,  -8.,   0.]), array([3, 2, 2, 3, 3, 2, 0, 1, 1, 3, 3, 2, 2, 2, 1, 1, 2, 0, 2, 2, 1, 3,
       3, 1, 1], dtype=object)]
[942, array([-16.,  -8.,  -8.,   0.]), array([3, 2, 2, 3, 3, 2, 0, 1, 1, 3, 3, 2, 2, 2, 1, 1, 2, 0, 2, 2, 1, 3,
       3, 1, 1], dtype=object)]
[943, array([-16.,  -8.,  -8.,   0.]), array([3, 2, 2, 3, 3, 2, 0, 1, 1, 3, 3, 2, 2, 2, 1, 1, 2, 2, 3, 2, 1, 3,
       3, 1, 1], dtype=object)]
[943, array([-16.,  -8.,  -8.,   0.]), array([3, 2, 2, 3, 3, 2, 0, 1, 1, 3, 3, 2, 2, 2, 1, 1, 2, 2, 3, 2, 1, 3,
       3, 1, 1], dtype=object)]
[943, array([-16.,  -8.,  -8.,   0.]), array([3, 2, 2, 3, 3, 2, 0, 1, 1, 3, 3, 2, 2, 2, 1, 1, 2, 2, 3, 2, 1, 3,
       3, 1, 1], dtype=object)]
[943, array([-16.,  -8.,  -8.,   0.]), array([3, 2, 2, 3, 3, 2, 0, 1, 1, 3, 3, 2, 2, 2, 1, 1, 2, 2, 3, 2, 1, 3,
       3, 1, 1], dtype=object)]
[944, array([-16.,  -8.,  -8.,   0.]), array([2, 2, 2, 3, 3, 2, 0, 1, 1, 3, 3, 2, 2, 2, 1, 1, 2, 2, 3, 2, 1, 3,
       3, 1, 1], dtype=object)]
[944, array([-16.,  -8.,  -8.,   0.]), array([2, 2, 2, 3, 3, 2, 0, 1, 1, 3, 3, 2, 2, 2, 1, 1, 2, 2, 3, 2, 1, 3,
       3, 1, 1], dtype=object)]
[944, array([-16.,  -8.,  -8.,   0.]), array([2, 2, 2, 3, 3, 2, 0, 1, 1, 3, 3, 2, 2, 2, 1, 1, 2, 2, 3, 2, 1, 3,
       3, 1, 1], dtype=object)]
[944, array([-16.,  -8.,  -8.,   0.]), array([2, 2, 2, 3, 3, 2, 0, 1, 1, 3, 3, 2, 2, 2, 1, 1, 2, 2, 3, 2, 1, 3,
       3, 1, 1], dtype=object)]
[945, array([-16.,  -8.,  -8.,   0.]), array([3, 2, 2, 3, 3, 2, 0, 1, 1, 3, 3, 2, 2, 2, 1, 1, 2, 2, 3, 2, 1, 3,
       3, 1, 1], dtype=object)]
[945, array([-16.,  -8.,  -8.,   0.]), array([3, 2, 2, 3, 3, 2, 0, 1, 1, 3, 3, 2, 2, 2, 1, 1, 2, 2, 3, 2, 1, 3,
       3, 1, 1], dtype=object)]
[945, array([-16.,  -8.,  -8.,   0.]), array([3, 2, 2, 3, 3, 2, 0, 1, 1, 3, 3, 2, 2, 2, 1, 1, 2, 2, 3, 2, 1, 3,
       3, 1, 1], dtype=object)]
[945, array([-16.,  -8.,  -8.,   0.]), array([3, 2, 2, 3, 3, 2, 0, 1, 1, 3, 3, 2, 2, 2, 1, 1, 2, 2, 3, 2, 1, 3,
       3, 1, 1], dtype=object)]
[946, array([-16.,  -8.,  -8.,   0.]), array([2, 2, 2, 3, 3, 2, 0, 1, 1, 3, 3, 2, 2, 2, 1, 1, 2, 0, 3, 2, 1, 3,
       3, 1, 1], dtype=object)]
[946, array([-16.,  -8.,  -8.,   0.]), array([2, 2, 2, 3, 3, 2, 0, 1, 1, 3, 3, 2, 2, 2, 1, 1, 2, 0, 3, 2, 1, 3,
       3, 1, 1], dtype=object)]
[946, array([-16.,  -8.,  -8.,   0.]), array([2, 2, 2, 3, 3, 2, 0, 1, 1, 3, 3, 2, 2, 2, 1, 1, 2, 0, 3, 2, 1, 3,
       3, 1, 1], dtype=object)]
[946, array([-16.,  -8.,  -8.,   0.]), array([2, 2, 2, 3, 3, 2, 0, 1, 1, 3, 3, 2, 2, 2, 1, 1, 2, 0, 3, 2, 1, 3,
       3, 1, 1], dtype=object)]
[947, array([-16.,  -8.,  -8.,   0.]), array([3, 2, 2, 3, 3, 2, 0, 1, 1, 3, 3, 2, 2, 2, 1, 1, 0, 1, 3, 2, 1, 3,
       3, 1, 1], dtype=object)]
[947, array([-16.,  -8.,  -8.,   0.]), array([3, 2, 2, 3, 3, 2, 0, 1, 1, 3, 3, 2, 2, 2, 1, 1, 0, 1, 3, 2, 1, 3,
       3, 1, 1], dtype=object)]
[947, array([-16.,  -8.,  -8.,   0.]), array([3, 2, 2, 3, 3, 2, 0, 1, 1, 3, 3, 2, 2, 2, 1, 1, 0, 1, 3, 2, 1, 3,
       3, 1, 1], dtype=object)]
[947, array([-16.,  -8.,  -8.,   0.]), array([3, 2, 2, 3, 3, 2, 0, 1, 1, 3, 3, 2, 2, 2, 1, 1, 0, 1, 3, 2, 1, 3,
       3, 1, 1], dtype=object)]
[948, array([-16.,  -8.,  -8.,   0.]), array([3, 2, 2, 3, 3, 2, 0, 1, 1, 3, 3, 2, 2, 2, 1, 1, 0, 1, 3, 2, 1, 3,
       3, 1, 1], dtype=object)]
[948, array([-16.,  -8.,  -8.,   0.]), array([3, 2, 2, 3, 3, 2, 0, 1, 1, 3, 3, 2, 2, 2, 1, 1, 0, 1, 3, 2, 1, 3,
       3, 1, 1], dtype=object)]
[948, array([-16.,  -8.,  -8.,   0.]), array([3, 2, 2, 3, 3, 2, 0, 1, 1, 3, 3, 2, 2, 2, 1, 1, 0, 1, 3, 2, 1, 3,
       3, 1, 1], dtype=object)]
[948, array([-16.,  -8.,  -8.,   0.]), array([3, 2, 2, 3, 3, 2, 0, 1, 1, 3, 3, 2, 2, 2, 1, 1, 0, 1, 3, 2, 1, 3,
       3, 1, 1], dtype=object)]
[949, array([-16.,  -8.,  -8.,   0.]), array([3, 2, 2, 3, 3, 2, 0, 1, 1, 3, 3, 2, 2, 2, 1, 1, 0, 2, 3, 2, 1, 3,
       3, 1, 1], dtype=object)]
[949, array([-16.,  -8.,  -8.,   0.]), array([3, 2, 2, 3, 3, 2, 0, 1, 1, 3, 3, 2, 2, 2, 1, 1, 0, 2, 3, 2, 1, 3,
       3, 1, 1], dtype=object)]
[949, array([-16.,  -8.,  -8.,   0.]), array([3, 2, 2, 3, 3, 2, 0, 1, 1, 3, 3, 2, 2, 2, 1, 1, 0, 2, 3, 2, 1, 3,
       3, 1, 1], dtype=object)]
[949, array([-16.,  -8.,  -8.,   0.]), array([3, 2, 2, 3, 3, 2, 0, 1, 1, 3, 3, 2, 2, 2, 1, 1, 0, 2, 3, 2, 1, 3,
       3, 1, 1], dtype=object)]
[950, array([-16.,  -8.,  -8.,   0.]), array([2, 2, 2, 3, 3, 2, 0, 1, 1, 3, 3, 2, 2, 2, 1, 1, 2, 2, 3, 2, 1, 3,
       3, 1, 1], dtype=object)]
[950, array([-16.,  -8.,  -8.,   0.]), array([2, 2, 2, 3, 3, 2, 0, 1, 1, 3, 3, 2, 2, 2, 1, 1, 2, 2, 3, 2, 1, 3,
       3, 1, 1], dtype=object)]
[950, array([-16.,  -8.,  -8.,   0.]), array([2, 2, 2, 3, 3, 2, 0, 1, 1, 3, 3, 2, 2, 2, 1, 1, 2, 2, 3, 2, 1, 3,
       3, 1, 1], dtype=object)]
[950, array([-16.,  -8.,  -8.,   0.]), array([2, 2, 2, 3, 3, 2, 0, 1, 1, 3, 3, 2, 2, 2, 1, 1, 2, 2, 3, 2, 1, 3,
       3, 1, 1], dtype=object)]
[951, array([-16.,  -8.,  -8.,   0.]), array([3, 2, 2, 3, 3, 2, 0, 1, 1, 3, 3, 2, 2, 2, 1, 1, 2, 2, 0, 2, 1, 3,
       3, 1, 1], dtype=object)]
[951, array([-16.,  -8.,  -8.,   0.]), array([3, 2, 2, 3, 3, 2, 0, 1, 1, 3, 3, 2, 2, 2, 1, 1, 2, 2, 0, 2, 1, 3,
       3, 1, 1], dtype=object)]
[951, array([-16.,  -8.,  -8.,   0.]), array([3, 2, 2, 3, 3, 2, 0, 1, 1, 3, 3, 2, 2, 2, 1, 1, 2, 2, 0, 2, 1, 3,
       3, 1, 1], dtype=object)]
[951, array([-16.,  -8.,  -8.,   0.]), array([3, 2, 2, 3, 3, 2, 0, 1, 1, 3, 3, 2, 2, 2, 1, 1, 2, 2, 0, 2, 1, 3,
       3, 1, 1], dtype=object)]
[952, array([-16.,  -8.,  -8.,   0.]), array([3, 2, 2, 3, 3, 2, 0, 1, 1, 3, 3, 2, 2, 2, 1, 1, 2, 2, 0, 2, 1, 0,
       3, 1, 1], dtype=object)]
[952, array([-16.,  -8.,  -8.,   0.]), array([3, 2, 2, 3, 3, 2, 0, 1, 1, 3, 3, 2, 2, 2, 1, 1, 2, 2, 0, 2, 1, 0,
       3, 1, 1], dtype=object)]
[952, array([-16.,  -8.,  -8.,   0.]), array([3, 2, 2, 3, 3, 2, 0, 1, 1, 3, 3, 2, 2, 2, 1, 1, 2, 2, 0, 2, 1, 0,
       3, 1, 1], dtype=object)]
[952, array([-16.,  -8.,  -8.,   0.]), array([3, 2, 2, 3, 3, 2, 0, 1, 1, 3, 3, 2, 2, 2, 1, 1, 2, 2, 0, 2, 1, 0,
       3, 1, 1], dtype=object)]
[953, array([-16.,  -8.,  -8.,   0.]), array([3, 2, 2, 3, 3, 2, 0, 1, 1, 3, 3, 2, 2, 2, 1, 1, 2, 2, 3, 2, 1, 3,
       3, 1, 1], dtype=object)]
[953, array([-16.,  -8.,  -8.,   0.]), array([3, 2, 2, 3, 3, 2, 0, 1, 1, 3, 3, 2, 2, 2, 1, 1, 2, 2, 3, 2, 1, 3,
       3, 1, 1], dtype=object)]
[953, array([-16.,  -8.,  -8.,   0.]), array([3, 2, 2, 3, 3, 2, 0, 1, 1, 3, 3, 2, 2, 2, 1, 1, 2, 2, 3, 2, 1, 3,
       3, 1, 1], dtype=object)]
[953, array([-16.,  -8.,  -8.,   0.]), array([3, 2, 2, 3, 3, 2, 0, 1, 1, 3, 3, 2, 2, 2, 1, 1, 2, 2, 3, 2, 1, 3,
       3, 1, 1], dtype=object)]
[954, array([-16.,  -8.,  -8.,   0.]), array([3, 2, 2, 3, 3, 2, 0, 1, 1, 3, 3, 2, 2, 2, 1, 1, 0, 1, 3, 2, 1, 3,
       3, 1, 1], dtype=object)]
[954, array([-16.,  -8.,  -8.,   0.]), array([3, 2, 2, 3, 3, 2, 0, 1, 1, 3, 3, 2, 2, 2, 1, 1, 0, 1, 3, 2, 1, 3,
       3, 1, 1], dtype=object)]
[954, array([-16.,  -8.,  -8.,   0.]), array([3, 2, 2, 3, 3, 2, 0, 1, 1, 3, 3, 2, 2, 2, 1, 1, 0, 1, 3, 2, 1, 3,
       3, 1, 1], dtype=object)]
[954, array([-16.,  -8.,  -8.,   0.]), array([3, 2, 2, 3, 3, 2, 0, 1, 1, 3, 3, 2, 2, 2, 1, 1, 0, 1, 3, 2, 1, 3,
       3, 1, 1], dtype=object)]
[955, array([-16.,  -8.,  -8.,   0.]), array([3, 2, 2, 3, 3, 2, 0, 1, 1, 3, 3, 2, 2, 2, 1, 1, 0, 1, 3, 2, 1, 3,
       3, 1, 1], dtype=object)]
[955, array([-16.,  -8.,  -8.,   0.]), array([3, 2, 2, 3, 3, 2, 0, 1, 1, 3, 3, 2, 2, 2, 1, 1, 0, 1, 3, 2, 1, 3,
       3, 1, 1], dtype=object)]
[955, array([-16.,  -8.,  -8.,   0.]), array([3, 2, 2, 3, 3, 2, 0, 1, 1, 3, 3, 2, 2, 2, 1, 1, 0, 1, 3, 2, 1, 3,
       3, 1, 1], dtype=object)]
[955, array([-16.,  -8.,  -8.,   0.]), array([3, 2, 2, 3, 3, 2, 0, 1, 1, 3, 3, 2, 2, 2, 1, 1, 0, 1, 3, 2, 1, 3,
       3, 1, 1], dtype=object)]
[956, array([-16.,  -8.,  -8.,   0.]), array([3, 2, 2, 3, 3, 0, 0, 1, 1, 3, 3, 2, 2, 2, 1, 1, 2, 2, 3, 2, 1, 0,
       3, 1, 1], dtype=object)]
[956, array([-16.,  -8.,  -8.,   0.]), array([3, 2, 2, 3, 3, 0, 0, 1, 1, 3, 3, 2, 2, 2, 1, 1, 2, 2, 3, 2, 1, 0,
       3, 1, 1], dtype=object)]
[956, array([-16.,  -8.,  -8.,   0.]), array([3, 2, 2, 3, 3, 0, 0, 1, 1, 3, 3, 2, 2, 2, 1, 1, 2, 2, 3, 2, 1, 0,
       3, 1, 1], dtype=object)]
[956, array([-16.,  -8.,  -8.,   0.]), array([3, 2, 2, 3, 3, 0, 0, 1, 1, 3, 3, 2, 2, 2, 1, 1, 2, 2, 3, 2, 1, 0,
       3, 1, 1], dtype=object)]
[957, array([-16.,  -8.,  -8.,   0.]), array([3, 2, 2, 3, 3, 0, 0, 1, 1, 3, 3, 2, 2, 2, 1, 1, 0, 2, 3, 2, 1, 3,
       3, 1, 1], dtype=object)]
[957, array([-16.,  -8.,  -8.,   0.]), array([3, 2, 2, 3, 3, 0, 0, 1, 1, 3, 3, 2, 2, 2, 1, 1, 0, 2, 3, 2, 1, 3,
       3, 1, 1], dtype=object)]
[957, array([-16.,  -8.,  -8.,   0.]), array([3, 2, 2, 3, 3, 0, 0, 1, 1, 3, 3, 2, 2, 2, 1, 1, 0, 2, 3, 2, 1, 3,
       3, 1, 1], dtype=object)]
[957, array([-16.,  -8.,  -8.,   0.]), array([3, 2, 2, 3, 3, 0, 0, 1, 1, 3, 3, 2, 2, 2, 1, 1, 0, 2, 3, 2, 1, 3,
       3, 1, 1], dtype=object)]
[958, array([-16.,  -8.,  -8.,   0.]), array([3, 2, 2, 3, 3, 1, 0, 1, 1, 3, 3, 2, 2, 2, 1, 1, 0, 1, 3, 2, 1, 0,
       3, 1, 1], dtype=object)]
[958, array([-16.,  -8.,  -8.,   0.]), array([3, 2, 2, 3, 3, 1, 0, 1, 1, 3, 3, 2, 2, 2, 1, 1, 0, 1, 3, 2, 1, 0,
       3, 1, 1], dtype=object)]
[958, array([-16.,  -8.,  -8.,   0.]), array([3, 2, 2, 3, 3, 1, 0, 1, 1, 3, 3, 2, 2, 2, 1, 1, 0, 1, 3, 2, 1, 0,
       3, 1, 1], dtype=object)]
[958, array([-16.,  -8.,  -8.,   0.]), array([3, 2, 2, 3, 3, 1, 0, 1, 1, 3, 3, 2, 2, 2, 1, 1, 0, 1, 3, 2, 1, 0,
       3, 1, 1], dtype=object)]
[959, array([-16.,  -8.,  -8.,   0.]), array([2, 2, 2, 3, 3, 2, 0, 1, 1, 3, 3, 2, 2, 2, 1, 1, 2, 2, 3, 2, 1, 3,
       3, 1, 1], dtype=object)]
[959, array([-16.,  -8.,  -8.,   0.]), array([2, 2, 2, 3, 3, 2, 0, 1, 1, 3, 3, 2, 2, 2, 1, 1, 2, 2, 3, 2, 1, 3,
       3, 1, 1], dtype=object)]
[959, array([-16.,  -8.,  -8.,   0.]), array([2, 2, 2, 3, 3, 2, 0, 1, 1, 3, 3, 2, 2, 2, 1, 1, 2, 2, 3, 2, 1, 3,
       3, 1, 1], dtype=object)]
[959, array([-16.,  -8.,  -8.,   0.]), array([2, 2, 2, 3, 3, 2, 0, 1, 1, 3, 3, 2, 2, 2, 1, 1, 2, 2, 3, 2, 1, 3,
       3, 1, 1], dtype=object)]
[960, array([-16.,  -8.,  -8.,   0.]), array([2, 2, 2, 3, 3, 0, 0, 1, 1, 3, 3, 2, 2, 2, 1, 1, 2, 2, 3, 2, 1, 3,
       3, 1, 1], dtype=object)]
[960, array([-16.,  -8.,  -8.,   0.]), array([2, 2, 2, 3, 3, 0, 0, 1, 1, 3, 3, 2, 2, 2, 1, 1, 2, 2, 3, 2, 1, 3,
       3, 1, 1], dtype=object)]
[960, array([-16.,  -8.,  -8.,   0.]), array([2, 2, 2, 3, 3, 0, 0, 1, 1, 3, 3, 2, 2, 2, 1, 1, 2, 2, 3, 2, 1, 3,
       3, 1, 1], dtype=object)]
[960, array([-16.,  -8.,  -8.,   0.]), array([2, 2, 2, 3, 3, 0, 0, 1, 1, 3, 3, 2, 2, 2, 1, 1, 2, 2, 3, 2, 1, 3,
       3, 1, 1], dtype=object)]
[961, array([-16.,  -8.,  -8.,   0.]), array([3, 2, 2, 3, 3, 2, 0, 1, 1, 3, 3, 2, 2, 2, 1, 1, 2, 2, 3, 2, 1, 3,
       3, 1, 1], dtype=object)]
[961, array([-16.,  -8.,  -8.,   0.]), array([3, 2, 2, 3, 3, 2, 0, 1, 1, 3, 3, 2, 2, 2, 1, 1, 2, 2, 3, 2, 1, 3,
       3, 1, 1], dtype=object)]
[961, array([-16.,  -8.,  -8.,   0.]), array([3, 2, 2, 3, 3, 2, 0, 1, 1, 3, 3, 2, 2, 2, 1, 1, 2, 2, 3, 2, 1, 3,
       3, 1, 1], dtype=object)]
[961, array([-16.,  -8.,  -8.,   0.]), array([3, 2, 2, 3, 3, 2, 0, 1, 1, 3, 3, 2, 2, 2, 1, 1, 2, 2, 3, 2, 1, 3,
       3, 1, 1], dtype=object)]
[962, array([-16.,  -8.,  -8.,   0.]), array([3, 2, 2, 3, 3, 3, 0, 1, 1, 3, 3, 2, 2, 2, 1, 1, 2, 2, 3, 2, 1, 0,
       3, 1, 1], dtype=object)]
[962, array([-16.,  -8.,  -8.,   0.]), array([3, 2, 2, 3, 3, 3, 0, 1, 1, 3, 3, 2, 2, 2, 1, 1, 2, 2, 3, 2, 1, 0,
       3, 1, 1], dtype=object)]
[962, array([-16.,  -8.,  -8.,   0.]), array([3, 2, 2, 3, 3, 3, 0, 1, 1, 3, 3, 2, 2, 2, 1, 1, 2, 2, 3, 2, 1, 0,
       3, 1, 1], dtype=object)]
[962, array([-16.,  -8.,  -8.,   0.]), array([3, 2, 2, 3, 3, 3, 0, 1, 1, 3, 3, 2, 2, 2, 1, 1, 2, 2, 3, 2, 1, 0,
       3, 1, 1], dtype=object)]
[963, array([-16.,  -8.,  -8.,   0.]), array([3, 2, 2, 3, 3, 2, 0, 1, 1, 3, 3, 2, 2, 2, 1, 1, 2, 2, 3, 2, 1, 0,
       3, 1, 1], dtype=object)]
[963, array([-16.,  -8.,  -8.,   0.]), array([3, 2, 2, 3, 3, 2, 0, 1, 1, 3, 3, 2, 2, 2, 1, 1, 2, 2, 3, 2, 1, 0,
       3, 1, 1], dtype=object)]
[963, array([-16.,  -8.,  -8.,   0.]), array([3, 2, 2, 3, 3, 2, 0, 1, 1, 3, 3, 2, 2, 2, 1, 1, 2, 2, 3, 2, 1, 0,
       3, 1, 1], dtype=object)]
[963, array([-16.,  -8.,  -8.,   0.]), array([3, 2, 2, 3, 3, 2, 0, 1, 1, 3, 3, 2, 2, 2, 1, 1, 2, 2, 3, 2, 1, 0,
       3, 1, 1], dtype=object)]
[964, array([-16.,  -8.,  -8.,   0.]), array([3, 2, 2, 3, 3, 2, 0, 1, 1, 3, 3, 2, 2, 2, 1, 1, 2, 1, 3, 2, 1, 3,
       3, 1, 1], dtype=object)]
[964, array([-16.,  -8.,  -8.,   0.]), array([3, 2, 2, 3, 3, 2, 0, 1, 1, 3, 3, 2, 2, 2, 1, 1, 2, 1, 3, 2, 1, 3,
       3, 1, 1], dtype=object)]
[964, array([-16.,  -8.,  -8.,   0.]), array([3, 2, 2, 3, 3, 2, 0, 1, 1, 3, 3, 2, 2, 2, 1, 1, 2, 1, 3, 2, 1, 3,
       3, 1, 1], dtype=object)]
[964, array([-16.,  -8.,  -8.,   0.]), array([3, 2, 2, 3, 3, 2, 0, 1, 1, 3, 3, 2, 2, 2, 1, 1, 2, 1, 3, 2, 1, 3,
       3, 1, 1], dtype=object)]
[965, array([-16.,  -8.,  -8.,   0.]), array([3, 2, 2, 3, 3, 2, 0, 1, 1, 3, 3, 2, 2, 2, 1, 1, 2, 2, 0, 2, 1, 3,
       3, 1, 1], dtype=object)]
[965, array([-16.,  -8.,  -8.,   0.]), array([3, 2, 2, 3, 3, 2, 0, 1, 1, 3, 3, 2, 2, 2, 1, 1, 2, 2, 0, 2, 1, 3,
       3, 1, 1], dtype=object)]
[965, array([-16.,  -8.,  -8.,   0.]), array([3, 2, 2, 3, 3, 2, 0, 1, 1, 3, 3, 2, 2, 2, 1, 1, 2, 2, 0, 2, 1, 3,
       3, 1, 1], dtype=object)]
[965, array([-16.,  -8.,  -8.,   0.]), array([3, 2, 2, 3, 3, 2, 0, 1, 1, 3, 3, 2, 2, 2, 1, 1, 2, 2, 0, 2, 1, 3,
       3, 1, 1], dtype=object)]
[966, array([-16.,  -8.,  -8.,   0.]), array([1, 2, 2, 3, 3, 2, 0, 1, 1, 3, 3, 2, 2, 2, 1, 1, 1, 2, 0, 2, 1, 3,
       3, 1, 1], dtype=object)]
[966, array([-16.,  -8.,  -8.,   0.]), array([1, 2, 2, 3, 3, 2, 0, 1, 1, 3, 3, 2, 2, 2, 1, 1, 1, 2, 0, 2, 1, 3,
       3, 1, 1], dtype=object)]
[966, array([-16.,  -8.,  -8.,   0.]), array([1, 2, 2, 3, 3, 2, 0, 1, 1, 3, 3, 2, 2, 2, 1, 1, 1, 2, 0, 2, 1, 3,
       3, 1, 1], dtype=object)]
[966, array([-16.,  -8.,  -8.,   0.]), array([1, 2, 2, 3, 3, 2, 0, 1, 1, 3, 3, 2, 2, 2, 1, 1, 1, 2, 0, 2, 1, 3,
       3, 1, 1], dtype=object)]
[967, array([-16.,  -8.,  -8.,   0.]), array([3, 2, 2, 3, 3, 2, 0, 1, 1, 3, 3, 2, 2, 2, 1, 1, 2, 2, 3, 2, 1, 0,
       3, 1, 1], dtype=object)]
[967, array([-16.,  -8.,  -8.,   0.]), array([3, 2, 2, 3, 3, 2, 0, 1, 1, 3, 3, 2, 2, 2, 1, 1, 2, 2, 3, 2, 1, 0,
       3, 1, 1], dtype=object)]
[967, array([-16.,  -8.,  -8.,   0.]), array([3, 2, 2, 3, 3, 2, 0, 1, 1, 3, 3, 2, 2, 2, 1, 1, 2, 2, 3, 2, 1, 0,
       3, 1, 1], dtype=object)]
[967, array([-16.,  -8.,  -8.,   0.]), array([3, 2, 2, 3, 3, 2, 0, 1, 1, 3, 3, 2, 2, 2, 1, 1, 2, 2, 3, 2, 1, 0,
       3, 1, 1], dtype=object)]
[968, array([-16.,  -8.,  -8.,   0.]), array([3, 2, 2, 3, 3, 1, 0, 1, 1, 3, 3, 2, 2, 2, 1, 1, 2, 3, 2, 2, 1, 3,
       3, 1, 1], dtype=object)]
[968, array([-16.,  -8.,  -8.,   0.]), array([3, 2, 2, 3, 3, 1, 0, 1, 1, 3, 3, 2, 2, 2, 1, 1, 2, 3, 2, 2, 1, 3,
       3, 1, 1], dtype=object)]
[968, array([-16.,  -8.,  -8.,   0.]), array([3, 2, 2, 3, 3, 1, 0, 1, 1, 3, 3, 2, 2, 2, 1, 1, 2, 3, 2, 2, 1, 3,
       3, 1, 1], dtype=object)]
[968, array([-16.,  -8.,  -8.,   0.]), array([3, 2, 2, 3, 3, 1, 0, 1, 1, 3, 3, 2, 2, 2, 1, 1, 2, 3, 2, 2, 1, 3,
       3, 1, 1], dtype=object)]
[969, array([-16.,  -8.,  -8.,   0.]), array([3, 2, 2, 3, 3, 2, 0, 1, 1, 3, 3, 2, 2, 2, 1, 1, 2, 2, 3, 2, 1, 3,
       3, 1, 1], dtype=object)]
[969, array([-16.,  -8.,  -8.,   0.]), array([3, 2, 2, 3, 3, 2, 0, 1, 1, 3, 3, 2, 2, 2, 1, 1, 2, 2, 3, 2, 1, 3,
       3, 1, 1], dtype=object)]
[969, array([-16.,  -8.,  -8.,   0.]), array([3, 2, 2, 3, 3, 2, 0, 1, 1, 3, 3, 2, 2, 2, 1, 1, 2, 2, 3, 2, 1, 3,
       3, 1, 1], dtype=object)]
[969, array([-16.,  -8.,  -8.,   0.]), array([3, 2, 2, 3, 3, 2, 0, 1, 1, 3, 3, 2, 2, 2, 1, 1, 2, 2, 3, 2, 1, 3,
       3, 1, 1], dtype=object)]
[970, array([-16.,  -8.,  -8.,   0.]), array([3, 2, 2, 3, 3, 2, 0, 1, 1, 3, 3, 2, 2, 2, 1, 1, 1, 2, 3, 2, 1, 3,
       3, 1, 1], dtype=object)]
[970, array([-16.,  -8.,  -8.,   0.]), array([3, 2, 2, 3, 3, 2, 0, 1, 1, 3, 3, 2, 2, 2, 1, 1, 1, 2, 3, 2, 1, 3,
       3, 1, 1], dtype=object)]
[970, array([-16.,  -8.,  -8.,   0.]), array([3, 2, 2, 3, 3, 2, 0, 1, 1, 3, 3, 2, 2, 2, 1, 1, 1, 2, 3, 2, 1, 3,
       3, 1, 1], dtype=object)]
[970, array([-16.,  -8.,  -8.,   0.]), array([3, 2, 2, 3, 3, 2, 0, 1, 1, 3, 3, 2, 2, 2, 1, 1, 1, 2, 3, 2, 1, 3,
       3, 1, 1], dtype=object)]
[971, array([-16.,  -8.,  -8.,   0.]), array([3, 2, 2, 3, 3, 2, 0, 1, 1, 3, 3, 2, 2, 2, 1, 1, 2, 3, 0, 2, 1, 3,
       3, 1, 1], dtype=object)]
[971, array([-16.,  -8.,  -8.,   0.]), array([3, 2, 2, 3, 3, 2, 0, 1, 1, 3, 3, 2, 2, 2, 1, 1, 2, 3, 0, 2, 1, 3,
       3, 1, 1], dtype=object)]
[971, array([-16.,  -8.,  -8.,   0.]), array([3, 2, 2, 3, 3, 2, 0, 1, 1, 3, 3, 2, 2, 2, 1, 1, 2, 3, 0, 2, 1, 3,
       3, 1, 1], dtype=object)]
[971, array([-16.,  -8.,  -8.,   0.]), array([3, 2, 2, 3, 3, 2, 0, 1, 1, 3, 3, 2, 2, 2, 1, 1, 2, 3, 0, 2, 1, 3,
       3, 1, 1], dtype=object)]
[972, array([-16.,  -8.,  -8.,   0.]), array([3, 2, 2, 3, 3, 2, 0, 1, 1, 3, 3, 2, 2, 2, 1, 1, 2, 3, 0, 2, 1, 0,
       3, 1, 1], dtype=object)]
[972, array([-16.,  -8.,  -8.,   0.]), array([3, 2, 2, 3, 3, 2, 0, 1, 1, 3, 3, 2, 2, 2, 1, 1, 2, 3, 0, 2, 1, 0,
       3, 1, 1], dtype=object)]
[972, array([-16.,  -8.,  -8.,   0.]), array([3, 2, 2, 3, 3, 2, 0, 1, 1, 3, 3, 2, 2, 2, 1, 1, 2, 3, 0, 2, 1, 0,
       3, 1, 1], dtype=object)]
[972, array([-16.,  -8.,  -8.,   0.]), array([3, 2, 2, 3, 3, 2, 0, 1, 1, 3, 3, 2, 2, 2, 1, 1, 2, 3, 0, 2, 1, 0,
       3, 1, 1], dtype=object)]
[973, array([-16.,  -8.,  -8.,   0.]), array([3, 2, 2, 3, 3, 2, 0, 1, 1, 3, 3, 2, 2, 2, 1, 1, 2, 2, 0, 2, 1, 3,
       3, 1, 1], dtype=object)]
[973, array([-16.,  -8.,  -8.,   0.]), array([3, 2, 2, 3, 3, 2, 0, 1, 1, 3, 3, 2, 2, 2, 1, 1, 2, 2, 0, 2, 1, 3,
       3, 1, 1], dtype=object)]
[973, array([-16.,  -8.,  -8.,   0.]), array([3, 2, 2, 3, 3, 2, 0, 1, 1, 3, 3, 2, 2, 2, 1, 1, 2, 2, 0, 2, 1, 3,
       3, 1, 1], dtype=object)]
[973, array([-16.,  -8.,  -8.,   0.]), array([3, 2, 2, 3, 3, 2, 0, 1, 1, 3, 3, 2, 2, 2, 1, 1, 2, 2, 0, 2, 1, 3,
       3, 1, 1], dtype=object)]
[974, array([-16.,  -8.,  -8.,   0.]), array([3, 2, 2, 3, 3, 2, 0, 1, 1, 3, 3, 2, 2, 2, 1, 1, 2, 2, 0, 2, 1, 0,
       3, 1, 1], dtype=object)]
[974, array([-16.,  -8.,  -8.,   0.]), array([3, 2, 2, 3, 3, 2, 0, 1, 1, 3, 3, 2, 2, 2, 1, 1, 2, 2, 0, 2, 1, 0,
       3, 1, 1], dtype=object)]
[974, array([-16.,  -8.,  -8.,   0.]), array([3, 2, 2, 3, 3, 2, 0, 1, 1, 3, 3, 2, 2, 2, 1, 1, 2, 2, 0, 2, 1, 0,
       3, 1, 1], dtype=object)]
[974, array([-16.,  -8.,  -8.,   0.]), array([3, 2, 2, 3, 3, 2, 0, 1, 1, 3, 3, 2, 2, 2, 1, 1, 2, 2, 0, 2, 1, 0,
       3, 1, 1], dtype=object)]
[975, array([-16.,  -8.,  -8.,   0.]), array([3, 2, 2, 3, 3, 2, 0, 1, 1, 3, 3, 2, 2, 2, 1, 1, 2, 2, 0, 2, 1, 3,
       3, 1, 1], dtype=object)]
[975, array([-16.,  -8.,  -8.,   0.]), array([3, 2, 2, 3, 3, 2, 0, 1, 1, 3, 3, 2, 2, 2, 1, 1, 2, 2, 0, 2, 1, 3,
       3, 1, 1], dtype=object)]
[975, array([-16.,  -8.,  -8.,   0.]), array([3, 2, 2, 3, 3, 2, 0, 1, 1, 3, 3, 2, 2, 2, 1, 1, 2, 2, 0, 2, 1, 3,
       3, 1, 1], dtype=object)]
[975, array([-16.,  -8.,  -8.,   0.]), array([3, 2, 2, 3, 3, 2, 0, 1, 1, 3, 3, 2, 2, 2, 1, 1, 2, 2, 0, 2, 1, 3,
       3, 1, 1], dtype=object)]
[976, array([-16.,  -8.,  -8.,   0.]), array([3, 2, 2, 3, 3, 2, 0, 1, 1, 3, 3, 2, 2, 2, 1, 1, 2, 3, 0, 2, 1, 2,
       3, 1, 1], dtype=object)]
[976, array([-16.,  -8.,  -8.,   0.]), array([3, 2, 2, 3, 3, 2, 0, 1, 1, 3, 3, 2, 2, 2, 1, 1, 2, 3, 0, 2, 1, 2,
       3, 1, 1], dtype=object)]
[976, array([-16.,  -8.,  -8.,   0.]), array([3, 2, 2, 3, 3, 2, 0, 1, 1, 3, 3, 2, 2, 2, 1, 1, 2, 3, 0, 2, 1, 2,
       3, 1, 1], dtype=object)]
[976, array([-16.,  -8.,  -8.,   0.]), array([3, 2, 2, 3, 3, 2, 0, 1, 1, 3, 3, 2, 2, 2, 1, 1, 2, 3, 0, 2, 1, 2,
       3, 1, 1], dtype=object)]
[977, array([-16.,  -8.,  -8.,   0.]), array([3, 2, 2, 3, 3, 2, 0, 1, 1, 3, 3, 2, 2, 2, 1, 1, 2, 2, 0, 2, 1, 3,
       3, 1, 1], dtype=object)]
[977, array([-16.,  -8.,  -8.,   0.]), array([3, 2, 2, 3, 3, 2, 0, 1, 1, 3, 3, 2, 2, 2, 1, 1, 2, 2, 0, 2, 1, 3,
       3, 1, 1], dtype=object)]
[977, array([-16.,  -8.,  -8.,   0.]), array([3, 2, 2, 3, 3, 2, 0, 1, 1, 3, 3, 2, 2, 2, 1, 1, 2, 2, 0, 2, 1, 3,
       3, 1, 1], dtype=object)]
[977, array([-16.,  -8.,  -8.,   0.]), array([3, 2, 2, 3, 3, 2, 0, 1, 1, 3, 3, 2, 2, 2, 1, 1, 2, 2, 0, 2, 1, 3,
       3, 1, 1], dtype=object)]
[978, array([-16.,  -8.,  -8.,   0.]), array([3, 2, 2, 3, 3, 2, 0, 1, 1, 3, 3, 2, 2, 2, 1, 1, 2, 3, 3, 2, 1, 3,
       3, 1, 1], dtype=object)]
[978, array([-16.,  -8.,  -8.,   0.]), array([3, 2, 2, 3, 3, 2, 0, 1, 1, 3, 3, 2, 2, 2, 1, 1, 2, 3, 3, 2, 1, 3,
       3, 1, 1], dtype=object)]
[978, array([-16.,  -8.,  -8.,   0.]), array([3, 2, 2, 3, 3, 2, 0, 1, 1, 3, 3, 2, 2, 2, 1, 1, 2, 3, 3, 2, 1, 3,
       3, 1, 1], dtype=object)]
[978, array([-16.,  -8.,  -8.,   0.]), array([3, 2, 2, 3, 3, 2, 0, 1, 1, 3, 3, 2, 2, 2, 1, 1, 2, 3, 3, 2, 1, 3,
       3, 1, 1], dtype=object)]
[979, array([-16.,  -8.,  -8.,   0.]), array([3, 2, 2, 3, 3, 2, 0, 1, 1, 3, 3, 2, 2, 2, 1, 1, 2, 3, 2, 2, 1, 3,
       3, 1, 1], dtype=object)]
[979, array([-16.,  -8.,  -8.,   0.]), array([3, 2, 2, 3, 3, 2, 0, 1, 1, 3, 3, 2, 2, 2, 1, 1, 2, 3, 2, 2, 1, 3,
       3, 1, 1], dtype=object)]
[979, array([-16.,  -8.,  -8.,   0.]), array([3, 2, 2, 3, 3, 2, 0, 1, 1, 3, 3, 2, 2, 2, 1, 1, 2, 3, 2, 2, 1, 3,
       3, 1, 1], dtype=object)]
[979, array([-16.,  -8.,  -8.,   0.]), array([3, 2, 2, 3, 3, 2, 0, 1, 1, 3, 3, 2, 2, 2, 1, 1, 2, 3, 2, 2, 1, 3,
       3, 1, 1], dtype=object)]
[980, array([-16.,  -8.,  -8.,   0.]), array([3, 2, 2, 3, 3, 1, 0, 1, 1, 3, 3, 2, 2, 2, 1, 1, 3, 3, 2, 2, 1, 0,
       3, 1, 1], dtype=object)]
[980, array([-16.,  -8.,  -8.,   0.]), array([3, 2, 2, 3, 3, 1, 0, 1, 1, 3, 3, 2, 2, 2, 1, 1, 3, 3, 2, 2, 1, 0,
       3, 1, 1], dtype=object)]
[980, array([-16.,  -8.,  -8.,   0.]), array([3, 2, 2, 3, 3, 1, 0, 1, 1, 3, 3, 2, 2, 2, 1, 1, 3, 3, 2, 2, 1, 0,
       3, 1, 1], dtype=object)]
[980, array([-16.,  -8.,  -8.,   0.]), array([3, 2, 2, 3, 3, 1, 0, 1, 1, 3, 3, 2, 2, 2, 1, 1, 3, 3, 2, 2, 1, 0,
       3, 1, 1], dtype=object)]
[981, array([-16.,  -8.,  -8.,   0.]), array([3, 2, 2, 3, 3, 2, 0, 1, 1, 3, 3, 2, 2, 2, 1, 1, 2, 3, 0, 2, 1, 3,
       3, 1, 1], dtype=object)]
[981, array([-16.,  -8.,  -8.,   0.]), array([3, 2, 2, 3, 3, 2, 0, 1, 1, 3, 3, 2, 2, 2, 1, 1, 2, 3, 0, 2, 1, 3,
       3, 1, 1], dtype=object)]
[981, array([-16.,  -8.,  -8.,   0.]), array([3, 2, 2, 3, 3, 2, 0, 1, 1, 3, 3, 2, 2, 2, 1, 1, 2, 3, 0, 2, 1, 3,
       3, 1, 1], dtype=object)]
[981, array([-16.,  -8.,  -8.,   0.]), array([3, 2, 2, 3, 3, 2, 0, 1, 1, 3, 3, 2, 2, 2, 1, 1, 2, 3, 0, 2, 1, 3,
       3, 1, 1], dtype=object)]
[982, array([-16.,  -8.,  -8.,   0.]), array([3, 2, 2, 3, 3, 3, 0, 1, 1, 3, 3, 2, 2, 2, 1, 1, 2, 3, 0, 2, 1, 0,
       3, 1, 1], dtype=object)]
[982, array([-16.,  -8.,  -8.,   0.]), array([3, 2, 2, 3, 3, 3, 0, 1, 1, 3, 3, 2, 2, 2, 1, 1, 2, 3, 0, 2, 1, 0,
       3, 1, 1], dtype=object)]
[982, array([-16.,  -8.,  -8.,   0.]), array([3, 2, 2, 3, 3, 3, 0, 1, 1, 3, 3, 2, 2, 2, 1, 1, 2, 3, 0, 2, 1, 0,
       3, 1, 1], dtype=object)]
[982, array([-16.,  -8.,  -8.,   0.]), array([3, 2, 2, 3, 3, 3, 0, 1, 1, 3, 3, 2, 2, 2, 1, 1, 2, 3, 0, 2, 1, 0,
       3, 1, 1], dtype=object)]
[983, array([-16.,  -8.,  -8.,   0.]), array([3, 2, 2, 3, 3, 2, 0, 1, 1, 3, 3, 2, 2, 2, 1, 1, 2, 3, 2, 2, 1, 3,
       3, 1, 1], dtype=object)]
[983, array([-16.,  -8.,  -8.,   0.]), array([3, 2, 2, 3, 3, 2, 0, 1, 1, 3, 3, 2, 2, 2, 1, 1, 2, 3, 2, 2, 1, 3,
       3, 1, 1], dtype=object)]
[983, array([-16.,  -8.,  -8.,   0.]), array([3, 2, 2, 3, 3, 2, 0, 1, 1, 3, 3, 2, 2, 2, 1, 1, 2, 3, 2, 2, 1, 3,
       3, 1, 1], dtype=object)]
[983, array([-16.,  -8.,  -8.,   0.]), array([3, 2, 2, 3, 3, 2, 0, 1, 1, 3, 3, 2, 2, 2, 1, 1, 2, 3, 2, 2, 1, 3,
       3, 1, 1], dtype=object)]
[984, array([-16.,  -8.,  -8.,   0.]), array([3, 2, 2, 3, 3, 3, 0, 1, 1, 3, 3, 2, 2, 2, 1, 1, 2, 3, 2, 2, 1, 1,
       3, 1, 1], dtype=object)]
[984, array([-16.,  -8.,  -8.,   0.]), array([3, 2, 2, 3, 3, 3, 0, 1, 1, 3, 3, 2, 2, 2, 1, 1, 2, 3, 2, 2, 1, 1,
       3, 1, 1], dtype=object)]
[984, array([-16.,  -8.,  -8.,   0.]), array([3, 2, 2, 3, 3, 3, 0, 1, 1, 3, 3, 2, 2, 2, 1, 1, 2, 3, 2, 2, 1, 1,
       3, 1, 1], dtype=object)]
[984, array([-16.,  -8.,  -8.,   0.]), array([3, 2, 2, 3, 3, 3, 0, 1, 1, 3, 3, 2, 2, 2, 1, 1, 2, 3, 2, 2, 1, 1,
       3, 1, 1], dtype=object)]
[985, array([-16.,  -8.,  -8.,   0.]), array([3, 2, 2, 3, 3, 2, 0, 1, 1, 3, 3, 2, 2, 2, 1, 1, 2, 3, 0, 2, 1, 3,
       3, 1, 1], dtype=object)]
[985, array([-16.,  -8.,  -8.,   0.]), array([3, 2, 2, 3, 3, 2, 0, 1, 1, 3, 3, 2, 2, 2, 1, 1, 2, 3, 0, 2, 1, 3,
       3, 1, 1], dtype=object)]
[985, array([-16.,  -8.,  -8.,   0.]), array([3, 2, 2, 3, 3, 2, 0, 1, 1, 3, 3, 2, 2, 2, 1, 1, 2, 3, 0, 2, 1, 3,
       3, 1, 1], dtype=object)]
[985, array([-16.,  -8.,  -8.,   0.]), array([3, 2, 2, 3, 3, 2, 0, 1, 1, 3, 3, 2, 2, 2, 1, 1, 2, 3, 0, 2, 1, 3,
       3, 1, 1], dtype=object)]
[986, array([-16.,  -8.,  -8.,   0.]), array([3, 2, 2, 3, 3, 2, 0, 1, 1, 3, 3, 2, 2, 2, 1, 1, 2, 3, 2, 2, 1, 2,
       3, 1, 1], dtype=object)]
[986, array([-16.,  -8.,  -8.,   0.]), array([3, 2, 2, 3, 3, 2, 0, 1, 1, 3, 3, 2, 2, 2, 1, 1, 2, 3, 2, 2, 1, 2,
       3, 1, 1], dtype=object)]
[986, array([-16.,  -8.,  -8.,   0.]), array([3, 2, 2, 3, 3, 2, 0, 1, 1, 3, 3, 2, 2, 2, 1, 1, 2, 3, 2, 2, 1, 2,
       3, 1, 1], dtype=object)]
[986, array([-16.,  -8.,  -8.,   0.]), array([3, 2, 2, 3, 3, 2, 0, 1, 1, 3, 3, 2, 2, 2, 1, 1, 2, 3, 2, 2, 1, 2,
       3, 1, 1], dtype=object)]
[987, array([-16.,  -8.,  -8.,   0.]), array([3, 2, 2, 3, 3, 2, 0, 1, 1, 3, 3, 2, 2, 2, 1, 1, 2, 3, 0, 2, 1, 0,
       3, 1, 1], dtype=object)]
[987, array([-16.,  -8.,  -8.,   0.]), array([3, 2, 2, 3, 3, 2, 0, 1, 1, 3, 3, 2, 2, 2, 1, 1, 2, 3, 0, 2, 1, 0,
       3, 1, 1], dtype=object)]
[987, array([-16.,  -8.,  -8.,   0.]), array([3, 2, 2, 3, 3, 2, 0, 1, 1, 3, 3, 2, 2, 2, 1, 1, 2, 3, 0, 2, 1, 0,
       3, 1, 1], dtype=object)]
[987, array([-16.,  -8.,  -8.,   0.]), array([3, 2, 2, 3, 3, 2, 0, 1, 1, 3, 3, 2, 2, 2, 1, 1, 2, 3, 0, 2, 1, 0,
       3, 1, 1], dtype=object)]
[988, array([-16.,  -8.,  -8.,   0.]), array([1, 2, 2, 3, 3, 2, 0, 1, 1, 3, 3, 2, 2, 2, 1, 1, 2, 3, 3, 2, 1, 0,
       3, 1, 1], dtype=object)]
[988, array([-16.,  -8.,  -8.,   0.]), array([1, 2, 2, 3, 3, 2, 0, 1, 1, 3, 3, 2, 2, 2, 1, 1, 2, 3, 3, 2, 1, 0,
       3, 1, 1], dtype=object)]
[988, array([-16.,  -8.,  -8.,   0.]), array([1, 2, 2, 3, 3, 2, 0, 1, 1, 3, 3, 2, 2, 2, 1, 1, 2, 3, 3, 2, 1, 0,
       3, 1, 1], dtype=object)]
[988, array([-16.,  -8.,  -8.,   0.]), array([1, 2, 2, 3, 3, 2, 0, 1, 1, 3, 3, 2, 2, 2, 1, 1, 2, 3, 3, 2, 1, 0,
       3, 1, 1], dtype=object)]
[989, array([-16.,  -8.,  -8.,   0.]), array([3, 2, 2, 3, 3, 2, 0, 1, 1, 3, 3, 2, 2, 2, 1, 1, 2, 3, 2, 2, 1, 0,
       3, 1, 1], dtype=object)]
[989, array([-16.,  -8.,  -8.,   0.]), array([3, 2, 2, 3, 3, 2, 0, 1, 1, 3, 3, 2, 2, 2, 1, 1, 2, 3, 2, 2, 1, 0,
       3, 1, 1], dtype=object)]
[989, array([-16.,  -8.,  -8.,   0.]), array([3, 2, 2, 3, 3, 2, 0, 1, 1, 3, 3, 2, 2, 2, 1, 1, 2, 3, 2, 2, 1, 0,
       3, 1, 1], dtype=object)]
[989, array([-16.,  -8.,  -8.,   0.]), array([3, 2, 2, 3, 3, 2, 0, 1, 1, 3, 3, 2, 2, 2, 1, 1, 2, 3, 2, 2, 1, 0,
       3, 1, 1], dtype=object)]
[990, array([-16.,  -8.,  -8.,   0.]), array([3, 2, 2, 3, 3, 2, 0, 1, 1, 3, 3, 2, 2, 2, 1, 1, 2, 3, 0, 2, 1, 1,
       3, 1, 1], dtype=object)]
[990, array([-16.,  -8.,  -8.,   0.]), array([3, 2, 2, 3, 3, 2, 0, 1, 1, 3, 3, 2, 2, 2, 1, 1, 2, 3, 0, 2, 1, 1,
       3, 1, 1], dtype=object)]
[990, array([-16.,  -8.,  -8.,   0.]), array([3, 2, 2, 3, 3, 2, 0, 1, 1, 3, 3, 2, 2, 2, 1, 1, 2, 3, 0, 2, 1, 1,
       3, 1, 1], dtype=object)]
[990, array([-16.,  -8.,  -8.,   0.]), array([3, 2, 2, 3, 3, 2, 0, 1, 1, 3, 3, 2, 2, 2, 1, 1, 2, 3, 0, 2, 1, 1,
       3, 1, 1], dtype=object)]
[991, array([-16.,  -8.,  -8.,   0.]), array([3, 2, 2, 3, 3, 2, 0, 1, 1, 3, 3, 2, 2, 2, 1, 1, 2, 3, 2, 2, 1, 0,
       3, 1, 1], dtype=object)]
[991, array([-16.,  -8.,  -8.,   0.]), array([3, 2, 2, 3, 3, 2, 0, 1, 1, 3, 3, 2, 2, 2, 1, 1, 2, 3, 2, 2, 1, 0,
       3, 1, 1], dtype=object)]
[991, array([-16.,  -8.,  -8.,   0.]), array([3, 2, 2, 3, 3, 2, 0, 1, 1, 3, 3, 2, 2, 2, 1, 1, 2, 3, 2, 2, 1, 0,
       3, 1, 1], dtype=object)]
[991, array([-16.,  -8.,  -8.,   0.]), array([3, 2, 2, 3, 3, 2, 0, 1, 1, 3, 3, 2, 2, 2, 1, 1, 2, 3, 2, 2, 1, 0,
       3, 1, 1], dtype=object)]
[992, array([-16.,  -8.,  -8.,   0.]), array([3, 2, 2, 3, 3, 2, 0, 1, 1, 3, 3, 2, 2, 2, 1, 1, 1, 3, 2, 2, 1, 3,
       3, 1, 1], dtype=object)]
[992, array([-16.,  -8.,  -8.,   0.]), array([3, 2, 2, 3, 3, 2, 0, 1, 1, 3, 3, 2, 2, 2, 1, 1, 1, 3, 2, 2, 1, 3,
       3, 1, 1], dtype=object)]
[992, array([-16.,  -8.,  -8.,   0.]), array([3, 2, 2, 3, 3, 2, 0, 1, 1, 3, 3, 2, 2, 2, 1, 1, 1, 3, 2, 2, 1, 3,
       3, 1, 1], dtype=object)]
[992, array([-16.,  -8.,  -8.,   0.]), array([3, 2, 2, 3, 3, 2, 0, 1, 1, 3, 3, 2, 2, 2, 1, 1, 1, 3, 2, 2, 1, 3,
       3, 1, 1], dtype=object)]
[993, array([-16.,  -8.,  -8.,   0.]), array([3, 2, 2, 3, 3, 2, 0, 1, 1, 3, 3, 2, 2, 2, 1, 1, 2, 3, 2, 2, 1, 0,
       3, 1, 1], dtype=object)]
[993, array([-16.,  -8.,  -8.,   0.]), array([3, 2, 2, 3, 3, 2, 0, 1, 1, 3, 3, 2, 2, 2, 1, 1, 2, 3, 2, 2, 1, 0,
       3, 1, 1], dtype=object)]
[993, array([-16.,  -8.,  -8.,   0.]), array([3, 2, 2, 3, 3, 2, 0, 1, 1, 3, 3, 2, 2, 2, 1, 1, 2, 3, 2, 2, 1, 0,
       3, 1, 1], dtype=object)]
[993, array([-16.,  -8.,  -8.,   0.]), array([3, 2, 2, 3, 3, 2, 0, 1, 1, 3, 3, 2, 2, 2, 1, 1, 2, 3, 2, 2, 1, 0,
       3, 1, 1], dtype=object)]
[994, array([-16.,  -8.,  -8.,   0.]), array([3, 2, 2, 3, 3, 2, 0, 1, 1, 3, 3, 2, 2, 2, 1, 1, 2, 3, 1, 2, 1, 0,
       3, 1, 1], dtype=object)]
[994, array([-16.,  -8.,  -8.,   0.]), array([3, 2, 2, 3, 3, 2, 0, 1, 1, 3, 3, 2, 2, 2, 1, 1, 2, 3, 1, 2, 1, 0,
       3, 1, 1], dtype=object)]
[994, array([-16.,  -8.,  -8.,   0.]), array([3, 2, 2, 3, 3, 2, 0, 1, 1, 3, 3, 2, 2, 2, 1, 1, 2, 3, 1, 2, 1, 0,
       3, 1, 1], dtype=object)]
[994, array([-16.,  -8.,  -8.,   0.]), array([3, 2, 2, 3, 3, 2, 0, 1, 1, 3, 3, 2, 2, 2, 1, 1, 2, 3, 1, 2, 1, 0,
       3, 1, 1], dtype=object)]
[995, array([-16.,  -8.,  -8.,   0.]), array([3, 2, 2, 3, 3, 2, 0, 1, 1, 3, 3, 2, 2, 2, 1, 1, 2, 3, 2, 2, 1, 3,
       3, 1, 1], dtype=object)]
[995, array([-16.,  -8.,  -8.,   0.]), array([3, 2, 2, 3, 3, 2, 0, 1, 1, 3, 3, 2, 2, 2, 1, 1, 2, 3, 2, 2, 1, 3,
       3, 1, 1], dtype=object)]
[995, array([-16.,  -8.,  -8.,   0.]), array([3, 2, 2, 3, 3, 2, 0, 1, 1, 3, 3, 2, 2, 2, 1, 1, 2, 3, 2, 2, 1, 3,
       3, 1, 1], dtype=object)]
[995, array([-16.,  -8.,  -8.,   0.]), array([3, 2, 2, 3, 3, 2, 0, 1, 1, 3, 3, 2, 2, 2, 1, 1, 2, 3, 2, 2, 1, 3,
       3, 1, 1], dtype=object)]
[996, array([-16.,  -8.,  -8.,   0.]), array([2, 2, 2, 3, 3, 2, 0, 1, 1, 3, 3, 2, 2, 2, 1, 1, 2, 3, 2, 2, 1, 3,
       3, 1, 1], dtype=object)]
[996, array([-16.,  -8.,  -8.,   0.]), array([2, 2, 2, 3, 3, 2, 0, 1, 1, 3, 3, 2, 2, 2, 1, 1, 2, 3, 2, 2, 1, 3,
       3, 1, 1], dtype=object)]
[996, array([-16.,  -8.,  -8.,   0.]), array([2, 2, 2, 3, 3, 2, 0, 1, 1, 3, 3, 2, 2, 2, 1, 1, 2, 3, 2, 2, 1, 3,
       3, 1, 1], dtype=object)]
[996, array([-16.,  -8.,  -8.,   0.]), array([2, 2, 2, 3, 3, 2, 0, 1, 1, 3, 3, 2, 2, 2, 1, 1, 2, 3, 2, 2, 1, 3,
       3, 1, 1], dtype=object)]
[997, array([-16.,  -8.,  -8.,   0.]), array([3, 2, 2, 3, 3, 2, 0, 1, 1, 3, 3, 2, 2, 2, 1, 1, 2, 3, 2, 2, 1, 0,
       3, 1, 1], dtype=object)]
[997, array([-16.,  -8.,  -8.,   0.]), array([3, 2, 2, 3, 3, 2, 0, 1, 1, 3, 3, 2, 2, 2, 1, 1, 2, 3, 2, 2, 1, 0,
       3, 1, 1], dtype=object)]
[997, array([-16.,  -8.,  -8.,   0.]), array([3, 2, 2, 3, 3, 2, 0, 1, 1, 3, 3, 2, 2, 2, 1, 1, 2, 3, 2, 2, 1, 0,
       3, 1, 1], dtype=object)]
[997, array([-16.,  -8.,  -8.,   0.]), array([3, 2, 2, 3, 3, 2, 0, 1, 1, 3, 3, 2, 2, 2, 1, 1, 2, 3, 2, 2, 1, 0,
       3, 1, 1], dtype=object)]
[998, array([-16.,  -8.,  -8.,   0.]), array([2, 2, 2, 3, 3, 2, 0, 1, 1, 3, 3, 2, 2, 2, 1, 1, 2, 3, 2, 2, 1, 3,
       3, 1, 1], dtype=object)]
[998, array([-16.,  -8.,  -8.,   0.]), array([2, 2, 2, 3, 3, 2, 0, 1, 1, 3, 3, 2, 2, 2, 1, 1, 2, 3, 2, 2, 1, 3,
       3, 1, 1], dtype=object)]
[998, array([-16.,  -8.,  -8.,   0.]), array([2, 2, 2, 3, 3, 2, 0, 1, 1, 3, 3, 2, 2, 2, 1, 1, 2, 3, 2, 2, 1, 3,
       3, 1, 1], dtype=object)]
[998, array([-16.,  -8.,  -8.,   0.]), array([2, 2, 2, 3, 3, 2, 0, 1, 1, 3, 3, 2, 2, 2, 1, 1, 2, 3, 2, 2, 1, 3,
       3, 1, 1], dtype=object)]
[999, array([-16.,  -8.,  -8.,   0.]), array([3, 2, 2, 3, 3, 2, 0, 1, 1, 3, 3, 2, 2, 2, 1, 1, 2, 3, 2, 2, 1, 3,
       3, 1, 1], dtype=object)]
[999, array([-16.,  -8.,  -8.,   0.]), array([3, 2, 2, 3, 3, 2, 0, 1, 1, 3, 3, 2, 2, 2, 1, 1, 2, 3, 2, 2, 1, 3,
       3, 1, 1], dtype=object)]
[999, array([-16.,  -8.,  -8.,   0.]), array([3, 2, 2, 3, 3, 2, 0, 1, 1, 3, 3, 2, 2, 2, 1, 1, 2, 3, 2, 2, 1, 3,
       3, 1, 1], dtype=object)]
[999, array([-16.,  -8.,  -8.,   0.]), array([3, 2, 2, 3, 3, 2, 0, 1, 1, 3, 3, 2, 2, 2, 1, 1, 2, 3, 2, 2, 1, 3,
       3, 1, 1], dtype=object)]
[1000, array([-16.,  -8.,  -8.,   0.]), array([3, 2, 2, 3, 3, 2, 0, 1, 1, 3, 3, 2, 2, 2, 1, 1, 3, 3, 2, 2, 1, 0,
       3, 1, 1], dtype=object)]
[1000, array([-16.,  -8.,  -8.,   0.]), array([3, 2, 2, 3, 3, 2, 0, 1, 1, 3, 3, 2, 2, 2, 1, 1, 3, 3, 2, 2, 1, 0,
       3, 1, 1], dtype=object)]
[1000, array([-16.,  -8.,  -8.,   0.]), array([3, 2, 2, 3, 3, 2, 0, 1, 1, 3, 3, 2, 2, 2, 1, 1, 3, 3, 2, 2, 1, 0,
       3, 1, 1], dtype=object)]
[1000, array([-16.,  -8.,  -8.,   0.]), array([3, 2, 2, 3, 3, 2, 0, 1, 1, 3, 3, 2, 2, 2, 1, 1, 3, 3, 2, 2, 1, 0,
       3, 1, 1], dtype=object)]
10 Qubits and 1 reps
Minimum Energy found with CAFQA initalization: -8.0
Minimum Energy found with Random initialization over 1000 runs: -2.5185546875
Minimum Energy found with Angle Rounding over 1000 runs: 0.95361328125
Exact Energy from Eigensolver: -63.0
