Running GA Job with Parameters:
  Number of Qubits     : 15
  Ansatz Reps          : 1
  Generations          : 500
  Mutation Probability : 0.25 0.01
  Elitism              : 5
  Crossover Type       : single_point
STARTING ROUND 0


started GA at id 1 with 1 procs

GA parameters used for this experiment:
  num_generations=250
  num_parents_mating=20
  population_size=100
  num_genes=120
  parent_selection_type=tournament
  keep_parents=-1
  crossover_type=single_point
  mutation_type=adaptive
  crossover_probability=0.9
  mutation_probability=(0.25, 0.01)
  keep_elitism=5
started GA at id 2 with 1 procs

GA parameters used for this experiment:
  num_generations=250
  num_parents_mating=20
  population_size=100
  num_genes=120
  parent_selection_type=tournament
  keep_parents=-1
  crossover_type=single_point
  mutation_type=adaptive
  crossover_probability=0.9
  mutation_probability=(0.25, 0.01)
  keep_elitism=5
started GA at id None with 1 procs

GA parameters used for this experiment:
  num_generations=250
  num_parents_mating=20
  population_size=100
  num_genes=120
  parent_selection_type=tournament
  keep_parents=-1
  crossover_type=single_point
  mutation_type=adaptive
  crossover_probability=0.9
  mutation_probability=(0.25, 0.01)
  keep_elitism=5
started GA at id 3 with 1 procs

GA parameters used for this experiment:
  num_generations=250
  num_parents_mating=20
  population_size=100
  num_genes=120
  parent_selection_type=tournament
  keep_parents=-1
  crossover_type=single_point
  mutation_type=adaptive
  crossover_probability=0.9
  mutation_probability=(0.25, 0.01)
  keep_elitism=5
[0, array([0., 0., 0., 0.]), array([3, 3, 0, 2, 3, 3, 2, 3, 2, 1, 1, 2, 1, 0, 2, 1, 2, 0, 0, 2, 3, 0,
       2, 3, 2, 1, 3, 3, 2, 0, 0, 0, 3, 0, 3, 2, 1, 2, 0, 1, 1, 1, 1, 3,
       0, 0, 2, 3, 0, 2, 2, 0, 2, 1, 2, 3, 0, 3, 2, 1, 2, 1, 1, 1, 0, 2,
       3, 0, 0, 1, 1, 0, 0, 3, 2, 1, 1, 3, 2, 3, 3, 2, 0, 2, 0, 3, 2, 1,
       1, 0, 2, 0, 1, 2, 1, 2, 3, 0, 0, 1, 1, 0, 0, 0, 0, 1, 0, 3, 0, 2,
       0, 0, 0, 1, 1, 0, 3, 1, 0, 0], dtype=object)]
[0, array([0., 0., 0., 0.]), array([3, 3, 0, 2, 3, 3, 2, 3, 2, 1, 1, 2, 1, 0, 2, 1, 2, 0, 0, 2, 3, 0,
       2, 3, 2, 1, 3, 3, 2, 0, 0, 0, 3, 0, 3, 2, 1, 2, 0, 1, 1, 1, 1, 3,
       0, 0, 2, 3, 0, 2, 2, 0, 2, 1, 2, 3, 0, 3, 2, 1, 2, 1, 1, 1, 0, 2,
       3, 0, 0, 1, 1, 0, 0, 3, 2, 1, 1, 3, 2, 3, 3, 2, 0, 2, 0, 3, 2, 1,
       1, 0, 2, 0, 1, 2, 1, 2, 3, 0, 0, 1, 1, 0, 0, 0, 0, 1, 0, 3, 0, 2,
       0, 0, 0, 1, 1, 0, 3, 1, 0, 0], dtype=object)]
[0, array([0., 0., 0., 0.]), array([3, 3, 0, 2, 3, 3, 2, 3, 2, 1, 1, 2, 1, 0, 2, 1, 2, 0, 0, 2, 3, 0,
       2, 3, 2, 1, 3, 3, 2, 0, 0, 0, 3, 0, 3, 2, 1, 2, 0, 1, 1, 1, 1, 3,
       0, 0, 2, 3, 0, 2, 2, 0, 2, 1, 2, 3, 0, 3, 2, 1, 2, 1, 1, 1, 0, 2,
       3, 0, 0, 1, 1, 0, 0, 3, 2, 1, 1, 3, 2, 3, 3, 2, 0, 2, 0, 3, 2, 1,
       1, 0, 2, 0, 1, 2, 1, 2, 3, 0, 0, 1, 1, 0, 0, 0, 0, 1, 0, 3, 0, 2,
       0, 0, 0, 1, 1, 0, 3, 1, 0, 0], dtype=object)]
[0, array([0., 0., 0., 0.]), array([3, 3, 0, 2, 3, 3, 2, 3, 2, 1, 1, 2, 1, 0, 2, 1, 2, 0, 0, 2, 3, 0,
       2, 3, 2, 1, 3, 3, 2, 0, 0, 0, 3, 0, 3, 2, 1, 2, 0, 1, 1, 1, 1, 3,
       0, 0, 2, 3, 0, 2, 2, 0, 2, 1, 2, 3, 0, 3, 2, 1, 2, 1, 1, 1, 0, 2,
       3, 0, 0, 1, 1, 0, 0, 3, 2, 1, 1, 3, 2, 3, 3, 2, 0, 2, 0, 3, 2, 1,
       1, 0, 2, 0, 1, 2, 1, 2, 3, 0, 0, 1, 1, 0, 0, 0, 0, 1, 0, 3, 0, 2,
       0, 0, 0, 1, 1, 0, 3, 1, 0, 0], dtype=object)]
[1, array([0., 0., 0., 0.]), array([3, 0, 2, 3, 0, 0, 0, 1, 1, 1, 2, 3, 1, 2, 3, 1, 0, 2, 1, 1, 1, 1,
       0, 0, 3, 2, 2, 0, 3, 3, 1, 0, 1, 0, 3, 2, 0, 2, 0, 3, 1, 2, 3, 0,
       3, 3, 3, 1, 1, 0, 0, 1, 3, 2, 2, 1, 0, 2, 2, 0, 1, 0, 3, 0, 3, 2,
       2, 3, 1, 0, 1, 1, 3, 1, 2, 0, 0, 1, 0, 2, 2, 3, 2, 2, 2, 2, 1, 0,
       3, 0, 0, 1, 1, 2, 3, 1, 2, 2, 2, 2, 0, 0, 3, 0, 2, 2, 2, 3, 2, 0,
       0, 1, 2, 3, 2, 0, 0, 1, 1, 2], dtype=object)]
[1, array([0., 0., 0., 0.]), array([3, 0, 2, 3, 0, 0, 0, 1, 1, 1, 2, 3, 1, 2, 3, 1, 0, 2, 1, 1, 1, 1,
       0, 0, 3, 2, 2, 0, 3, 3, 1, 0, 1, 0, 3, 2, 0, 2, 0, 3, 1, 2, 3, 0,
       3, 3, 3, 1, 1, 0, 0, 1, 3, 2, 2, 1, 0, 2, 2, 0, 1, 0, 3, 0, 3, 2,
       2, 3, 1, 0, 1, 1, 3, 1, 2, 0, 0, 1, 0, 2, 2, 3, 2, 2, 2, 2, 1, 0,
       3, 0, 0, 1, 1, 2, 3, 1, 2, 2, 2, 2, 0, 0, 3, 0, 2, 2, 2, 3, 2, 0,
       0, 1, 2, 3, 2, 0, 0, 1, 1, 2], dtype=object)]
[1, array([0., 0., 0., 0.]), array([3, 0, 2, 3, 0, 0, 0, 1, 1, 1, 2, 3, 1, 2, 3, 1, 0, 2, 1, 1, 1, 1,
       0, 0, 3, 2, 2, 0, 3, 3, 1, 0, 1, 0, 3, 2, 0, 2, 0, 3, 1, 2, 3, 0,
       3, 3, 3, 1, 1, 0, 0, 1, 3, 2, 2, 1, 0, 2, 2, 0, 1, 0, 3, 0, 3, 2,
       2, 3, 1, 0, 1, 1, 3, 1, 2, 0, 0, 1, 0, 2, 2, 3, 2, 2, 2, 2, 1, 0,
       3, 0, 0, 1, 1, 2, 3, 1, 2, 2, 2, 2, 0, 0, 3, 0, 2, 2, 2, 3, 2, 0,
       0, 1, 2, 3, 2, 0, 0, 1, 1, 2], dtype=object)]
[1, array([0., 0., 0., 0.]), array([3, 0, 2, 3, 0, 0, 0, 1, 1, 1, 2, 3, 1, 2, 3, 1, 0, 2, 1, 1, 1, 1,
       0, 0, 3, 2, 2, 0, 3, 3, 1, 0, 1, 0, 3, 2, 0, 2, 0, 3, 1, 2, 3, 0,
       3, 3, 3, 1, 1, 0, 0, 1, 3, 2, 2, 1, 0, 2, 2, 0, 1, 0, 3, 0, 3, 2,
       2, 3, 1, 0, 1, 1, 3, 1, 2, 0, 0, 1, 0, 2, 2, 3, 2, 2, 2, 2, 1, 0,
       3, 0, 0, 1, 1, 2, 3, 1, 2, 2, 2, 2, 0, 0, 3, 0, 2, 2, 2, 3, 2, 0,
       0, 1, 2, 3, 2, 0, 0, 1, 1, 2], dtype=object)]
[2, array([0., 0., 0., 0.]), array([3, 0, 2, 3, 0, 0, 0, 1, 1, 1, 2, 3, 1, 2, 3, 1, 0, 2, 1, 1, 1, 1,
       0, 0, 3, 2, 2, 0, 3, 3, 1, 0, 1, 0, 3, 2, 0, 2, 0, 3, 1, 2, 3, 0,
       3, 3, 3, 1, 1, 0, 0, 1, 3, 2, 2, 1, 0, 2, 2, 0, 1, 0, 3, 0, 3, 2,
       2, 3, 1, 0, 1, 1, 3, 1, 2, 0, 0, 1, 0, 2, 2, 3, 2, 2, 2, 2, 1, 0,
       3, 0, 1, 1, 1, 2, 3, 1, 2, 2, 2, 2, 0, 0, 3, 0, 2, 2, 2, 3, 2, 0,
       0, 1, 2, 3, 2, 0, 0, 1, 1, 2], dtype=object)]
[2, array([0., 0., 0., 0.]), array([3, 0, 2, 3, 0, 0, 0, 1, 1, 1, 2, 3, 1, 2, 3, 1, 0, 2, 1, 1, 1, 1,
       0, 0, 3, 2, 2, 0, 3, 3, 1, 0, 1, 0, 3, 2, 0, 2, 0, 3, 1, 2, 3, 0,
       3, 3, 3, 1, 1, 0, 0, 1, 3, 2, 2, 1, 0, 2, 2, 0, 1, 0, 3, 0, 3, 2,
       2, 3, 1, 0, 1, 1, 3, 1, 2, 0, 0, 1, 0, 2, 2, 3, 2, 2, 2, 2, 1, 0,
       3, 0, 1, 1, 1, 2, 3, 1, 2, 2, 2, 2, 0, 0, 3, 0, 2, 2, 2, 3, 2, 0,
       0, 1, 2, 3, 2, 0, 0, 1, 1, 2], dtype=object)]
[2, array([0., 0., 0., 0.]), array([3, 0, 2, 3, 0, 0, 0, 1, 1, 1, 2, 3, 1, 2, 3, 1, 0, 2, 1, 1, 1, 1,
       0, 0, 3, 2, 2, 0, 3, 3, 1, 0, 1, 0, 3, 2, 0, 2, 0, 3, 1, 2, 3, 0,
       3, 3, 3, 1, 1, 0, 0, 1, 3, 2, 2, 1, 0, 2, 2, 0, 1, 0, 3, 0, 3, 2,
       2, 3, 1, 0, 1, 1, 3, 1, 2, 0, 0, 1, 0, 2, 2, 3, 2, 2, 2, 2, 1, 0,
       3, 0, 1, 1, 1, 2, 3, 1, 2, 2, 2, 2, 0, 0, 3, 0, 2, 2, 2, 3, 2, 0,
       0, 1, 2, 3, 2, 0, 0, 1, 1, 2], dtype=object)]
[2, array([0., 0., 0., 0.]), array([3, 0, 2, 3, 0, 0, 0, 1, 1, 1, 2, 3, 1, 2, 3, 1, 0, 2, 1, 1, 1, 1,
       0, 0, 3, 2, 2, 0, 3, 3, 1, 0, 1, 0, 3, 2, 0, 2, 0, 3, 1, 2, 3, 0,
       3, 3, 3, 1, 1, 0, 0, 1, 3, 2, 2, 1, 0, 2, 2, 0, 1, 0, 3, 0, 3, 2,
       2, 3, 1, 0, 1, 1, 3, 1, 2, 0, 0, 1, 0, 2, 2, 3, 2, 2, 2, 2, 1, 0,
       3, 0, 1, 1, 1, 2, 3, 1, 2, 2, 2, 2, 0, 0, 3, 0, 2, 2, 2, 3, 2, 0,
       0, 1, 2, 3, 2, 0, 0, 1, 1, 2], dtype=object)]
[3, array([0., 0., 0., 0.]), array([1, 0, 3, 0, 3, 1, 0, 0, 3, 0, 3, 2, 3, 2, 2, 1, 0, 0, 1, 0, 3, 0,
       0, 0, 3, 1, 3, 0, 1, 2, 3, 2, 1, 2, 3, 0, 0, 0, 1, 2, 1, 0, 0, 3,
       0, 3, 2, 2, 1, 1, 0, 1, 1, 2, 0, 2, 3, 3, 1, 0, 1, 3, 0, 2, 3, 2,
       1, 1, 0, 3, 1, 1, 0, 2, 1, 3, 2, 1, 0, 1, 2, 1, 1, 0, 2, 0, 3, 3,
       2, 1, 0, 2, 2, 0, 2, 3, 0, 3, 0, 1, 1, 1, 1, 2, 3, 1, 3, 3, 2, 2,
       1, 2, 2, 2, 1, 0, 0, 3, 3, 1], dtype=object)]
[3, array([0., 0., 0., 0.]), array([1, 0, 3, 0, 3, 1, 0, 0, 3, 0, 3, 2, 3, 2, 2, 1, 0, 0, 1, 0, 3, 0,
       0, 0, 3, 1, 3, 0, 1, 2, 3, 2, 1, 2, 3, 0, 0, 0, 1, 2, 1, 0, 0, 3,
       0, 3, 2, 2, 1, 1, 0, 1, 1, 2, 0, 2, 3, 3, 1, 0, 1, 3, 0, 2, 3, 2,
       1, 1, 0, 3, 1, 1, 0, 2, 1, 3, 2, 1, 0, 1, 2, 1, 1, 0, 2, 0, 3, 3,
       2, 1, 0, 2, 2, 0, 2, 3, 0, 3, 0, 1, 1, 1, 1, 2, 3, 1, 3, 3, 2, 2,
       1, 2, 2, 2, 1, 0, 0, 3, 3, 1], dtype=object)]
[3, array([0., 0., 0., 0.]), array([1, 0, 3, 0, 3, 1, 0, 0, 3, 0, 3, 2, 3, 2, 2, 1, 0, 0, 1, 0, 3, 0,
       0, 0, 3, 1, 3, 0, 1, 2, 3, 2, 1, 2, 3, 0, 0, 0, 1, 2, 1, 0, 0, 3,
       0, 3, 2, 2, 1, 1, 0, 1, 1, 2, 0, 2, 3, 3, 1, 0, 1, 3, 0, 2, 3, 2,
       1, 1, 0, 3, 1, 1, 0, 2, 1, 3, 2, 1, 0, 1, 2, 1, 1, 0, 2, 0, 3, 3,
       2, 1, 0, 2, 2, 0, 2, 3, 0, 3, 0, 1, 1, 1, 1, 2, 3, 1, 3, 3, 2, 2,
       1, 2, 2, 2, 1, 0, 0, 3, 3, 1], dtype=object)]
[3, array([0., 0., 0., 0.]), array([1, 0, 3, 0, 3, 1, 0, 0, 3, 0, 3, 2, 3, 2, 2, 1, 0, 0, 1, 0, 3, 0,
       0, 0, 3, 1, 3, 0, 1, 2, 3, 2, 1, 2, 3, 0, 0, 0, 1, 2, 1, 0, 0, 3,
       0, 3, 2, 2, 1, 1, 0, 1, 1, 2, 0, 2, 3, 3, 1, 0, 1, 3, 0, 2, 3, 2,
       1, 1, 0, 3, 1, 1, 0, 2, 1, 3, 2, 1, 0, 1, 2, 1, 1, 0, 2, 0, 3, 3,
       2, 1, 0, 2, 2, 0, 2, 3, 0, 3, 0, 1, 1, 1, 1, 2, 3, 1, 3, 3, 2, 2,
       1, 2, 2, 2, 1, 0, 0, 3, 3, 1], dtype=object)]
[4, array([0., 0., 0., 0.]), array([1, 0, 3, 0, 3, 1, 0, 0, 3, 0, 3, 2, 3, 2, 2, 1, 0, 0, 1, 0, 3, 0,
       0, 0, 3, 1, 3, 0, 1, 2, 3, 2, 1, 2, 3, 0, 0, 0, 1, 2, 1, 0, 0, 3,
       0, 3, 2, 2, 1, 1, 0, 1, 1, 2, 0, 2, 3, 3, 1, 0, 1, 3, 0, 2, 3, 2,
       1, 1, 0, 3, 1, 1, 0, 2, 1, 3, 2, 1, 0, 1, 2, 1, 1, 0, 2, 0, 3, 3,
       2, 1, 0, 2, 2, 0, 2, 3, 0, 3, 0, 1, 1, 1, 1, 2, 3, 1, 3, 3, 2, 2,
       1, 2, 2, 2, 1, 0, 0, 3, 3, 1], dtype=object)]
[4, array([0., 0., 0., 0.]), array([1, 0, 3, 0, 3, 1, 0, 0, 3, 0, 3, 2, 3, 2, 2, 1, 0, 0, 1, 0, 3, 0,
       0, 0, 3, 1, 3, 0, 1, 2, 3, 2, 1, 2, 3, 0, 0, 0, 1, 2, 1, 0, 0, 3,
       0, 3, 2, 2, 1, 1, 0, 1, 1, 2, 0, 2, 3, 3, 1, 0, 1, 3, 0, 2, 3, 2,
       1, 1, 0, 3, 1, 1, 0, 2, 1, 3, 2, 1, 0, 1, 2, 1, 1, 0, 2, 0, 3, 3,
       2, 1, 0, 2, 2, 0, 2, 3, 0, 3, 0, 1, 1, 1, 1, 2, 3, 1, 3, 3, 2, 2,
       1, 2, 2, 2, 1, 0, 0, 3, 3, 1], dtype=object)]
[4, array([0., 0., 0., 0.]), array([1, 0, 3, 0, 3, 1, 0, 0, 3, 0, 3, 2, 3, 2, 2, 1, 0, 0, 1, 0, 3, 0,
       0, 0, 3, 1, 3, 0, 1, 2, 3, 2, 1, 2, 3, 0, 0, 0, 1, 2, 1, 0, 0, 3,
       0, 3, 2, 2, 1, 1, 0, 1, 1, 2, 0, 2, 3, 3, 1, 0, 1, 3, 0, 2, 3, 2,
       1, 1, 0, 3, 1, 1, 0, 2, 1, 3, 2, 1, 0, 1, 2, 1, 1, 0, 2, 0, 3, 3,
       2, 1, 0, 2, 2, 0, 2, 3, 0, 3, 0, 1, 1, 1, 1, 2, 3, 1, 3, 3, 2, 2,
       1, 2, 2, 2, 1, 0, 0, 3, 3, 1], dtype=object)]
[4, array([0., 0., 0., 0.]), array([1, 0, 3, 0, 3, 1, 0, 0, 3, 0, 3, 2, 3, 2, 2, 1, 0, 0, 1, 0, 3, 0,
       0, 0, 3, 1, 3, 0, 1, 2, 3, 2, 1, 2, 3, 0, 0, 0, 1, 2, 1, 0, 0, 3,
       0, 3, 2, 2, 1, 1, 0, 1, 1, 2, 0, 2, 3, 3, 1, 0, 1, 3, 0, 2, 3, 2,
       1, 1, 0, 3, 1, 1, 0, 2, 1, 3, 2, 1, 0, 1, 2, 1, 1, 0, 2, 0, 3, 3,
       2, 1, 0, 2, 2, 0, 2, 3, 0, 3, 0, 1, 1, 1, 1, 2, 3, 1, 3, 3, 2, 2,
       1, 2, 2, 2, 1, 0, 0, 3, 3, 1], dtype=object)]
[5, array([0., 0., 0., 0.]), array([1, 1, 3, 1, 1, 1, 0, 0, 3, 2, 3, 0, 2, 0, 0, 0, 0, 0, 3, 3, 2, 2,
       3, 2, 3, 2, 0, 3, 3, 0, 1, 3, 1, 2, 2, 1, 3, 2, 2, 3, 3, 1, 0, 3,
       3, 2, 1, 1, 2, 3, 3, 2, 1, 1, 0, 3, 1, 1, 1, 0, 2, 3, 0, 0, 0, 2,
       1, 1, 2, 3, 3, 2, 2, 2, 2, 3, 1, 3, 1, 3, 1, 3, 2, 2, 0, 0, 1, 2,
       2, 1, 0, 2, 2, 0, 0, 3, 1, 0, 3, 3, 0, 1, 0, 1, 1, 1, 2, 2, 0, 2,
       2, 0, 3, 0, 2, 1, 1, 1, 0, 1], dtype=object)]
[5, array([0., 0., 0., 0.]), array([1, 1, 3, 1, 1, 1, 0, 0, 3, 2, 3, 0, 2, 0, 0, 0, 0, 0, 3, 3, 2, 2,
       3, 2, 3, 2, 0, 3, 3, 0, 1, 3, 1, 2, 2, 1, 3, 2, 2, 3, 3, 1, 0, 3,
       3, 2, 1, 1, 2, 3, 3, 2, 1, 1, 0, 3, 1, 1, 1, 0, 2, 3, 0, 0, 0, 2,
       1, 1, 2, 3, 3, 2, 2, 2, 2, 3, 1, 3, 1, 3, 1, 3, 2, 2, 0, 0, 1, 2,
       2, 1, 0, 2, 2, 0, 0, 3, 1, 0, 3, 3, 0, 1, 0, 1, 1, 1, 2, 2, 0, 2,
       2, 0, 3, 0, 2, 1, 1, 1, 0, 1], dtype=object)]
[5, array([0., 0., 0., 0.]), array([1, 1, 3, 1, 1, 1, 0, 0, 3, 2, 3, 0, 2, 0, 0, 0, 0, 0, 3, 3, 2, 2,
       3, 2, 3, 2, 0, 3, 3, 0, 1, 3, 1, 2, 2, 1, 3, 2, 2, 3, 3, 1, 0, 3,
       3, 2, 1, 1, 2, 3, 3, 2, 1, 1, 0, 3, 1, 1, 1, 0, 2, 3, 0, 0, 0, 2,
       1, 1, 2, 3, 3, 2, 2, 2, 2, 3, 1, 3, 1, 3, 1, 3, 2, 2, 0, 0, 1, 2,
       2, 1, 0, 2, 2, 0, 0, 3, 1, 0, 3, 3, 0, 1, 0, 1, 1, 1, 2, 2, 0, 2,
       2, 0, 3, 0, 2, 1, 1, 1, 0, 1], dtype=object)]
[5, array([0., 0., 0., 0.]), array([1, 1, 3, 1, 1, 1, 0, 0, 3, 2, 3, 0, 2, 0, 0, 0, 0, 0, 3, 3, 2, 2,
       3, 2, 3, 2, 0, 3, 3, 0, 1, 3, 1, 2, 2, 1, 3, 2, 2, 3, 3, 1, 0, 3,
       3, 2, 1, 1, 2, 3, 3, 2, 1, 1, 0, 3, 1, 1, 1, 0, 2, 3, 0, 0, 0, 2,
       1, 1, 2, 3, 3, 2, 2, 2, 2, 3, 1, 3, 1, 3, 1, 3, 2, 2, 0, 0, 1, 2,
       2, 1, 0, 2, 2, 0, 0, 3, 1, 0, 3, 3, 0, 1, 0, 1, 1, 1, 2, 2, 0, 2,
       2, 0, 3, 0, 2, 1, 1, 1, 0, 1], dtype=object)]
[6, array([0., 0., 0., 0.]), array([1, 1, 3, 1, 1, 1, 0, 0, 3, 2, 3, 0, 2, 0, 0, 0, 0, 0, 3, 3, 2, 2,
       3, 2, 3, 2, 0, 3, 3, 0, 1, 3, 1, 2, 2, 1, 3, 2, 2, 3, 3, 1, 0, 3,
       3, 2, 1, 1, 2, 3, 3, 2, 1, 1, 0, 3, 1, 1, 1, 0, 2, 3, 0, 0, 0, 2,
       1, 1, 2, 3, 3, 2, 2, 2, 2, 3, 1, 3, 1, 3, 1, 3, 2, 2, 0, 0, 1, 2,
       2, 1, 0, 2, 2, 0, 0, 3, 1, 0, 3, 3, 0, 1, 0, 1, 1, 1, 2, 2, 0, 2,
       2, 0, 3, 0, 2, 1, 1, 1, 0, 1], dtype=object)]
[6, array([0., 0., 0., 0.]), array([1, 1, 3, 1, 1, 1, 0, 0, 3, 2, 3, 0, 2, 0, 0, 0, 0, 0, 3, 3, 2, 2,
       3, 2, 3, 2, 0, 3, 3, 0, 1, 3, 1, 2, 2, 1, 3, 2, 2, 3, 3, 1, 0, 3,
       3, 2, 1, 1, 2, 3, 3, 2, 1, 1, 0, 3, 1, 1, 1, 0, 2, 3, 0, 0, 0, 2,
       1, 1, 2, 3, 3, 2, 2, 2, 2, 3, 1, 3, 1, 3, 1, 3, 2, 2, 0, 0, 1, 2,
       2, 1, 0, 2, 2, 0, 0, 3, 1, 0, 3, 3, 0, 1, 0, 1, 1, 1, 2, 2, 0, 2,
       2, 0, 3, 0, 2, 1, 1, 1, 0, 1], dtype=object)]
[6, array([0., 0., 0., 0.]), array([1, 1, 3, 1, 1, 1, 0, 0, 3, 2, 3, 0, 2, 0, 0, 0, 0, 0, 3, 3, 2, 2,
       3, 2, 3, 2, 0, 3, 3, 0, 1, 3, 1, 2, 2, 1, 3, 2, 2, 3, 3, 1, 0, 3,
       3, 2, 1, 1, 2, 3, 3, 2, 1, 1, 0, 3, 1, 1, 1, 0, 2, 3, 0, 0, 0, 2,
       1, 1, 2, 3, 3, 2, 2, 2, 2, 3, 1, 3, 1, 3, 1, 3, 2, 2, 0, 0, 1, 2,
       2, 1, 0, 2, 2, 0, 0, 3, 1, 0, 3, 3, 0, 1, 0, 1, 1, 1, 2, 2, 0, 2,
       2, 0, 3, 0, 2, 1, 1, 1, 0, 1], dtype=object)]
[6, array([0., 0., 0., 0.]), array([1, 1, 3, 1, 1, 1, 0, 0, 3, 2, 3, 0, 2, 0, 0, 0, 0, 0, 3, 3, 2, 2,
       3, 2, 3, 2, 0, 3, 3, 0, 1, 3, 1, 2, 2, 1, 3, 2, 2, 3, 3, 1, 0, 3,
       3, 2, 1, 1, 2, 3, 3, 2, 1, 1, 0, 3, 1, 1, 1, 0, 2, 3, 0, 0, 0, 2,
       1, 1, 2, 3, 3, 2, 2, 2, 2, 3, 1, 3, 1, 3, 1, 3, 2, 2, 0, 0, 1, 2,
       2, 1, 0, 2, 2, 0, 0, 3, 1, 0, 3, 3, 0, 1, 0, 1, 1, 1, 2, 2, 0, 2,
       2, 0, 3, 0, 2, 1, 1, 1, 0, 1], dtype=object)]
[7, array([0., 0., 0., 0.]), array([1, 0, 3, 0, 3, 1, 0, 0, 3, 0, 3, 2, 3, 2, 2, 1, 0, 2, 0, 3, 1, 3,
       0, 1, 0, 1, 0, 0, 3, 1, 0, 2, 0, 0, 1, 1, 0, 1, 1, 1, 2, 1, 1, 0,
       1, 2, 2, 3, 1, 2, 2, 1, 3, 3, 0, 1, 2, 1, 2, 3, 2, 1, 0, 3, 3, 0,
       2, 1, 0, 1, 2, 1, 1, 2, 0, 2, 1, 0, 0, 0, 0, 1, 3, 1, 2, 0, 3, 3,
       2, 1, 0, 2, 2, 0, 2, 3, 1, 3, 0, 1, 1, 1, 1, 2, 3, 1, 3, 3, 2, 2,
       1, 2, 2, 2, 1, 0, 0, 3, 3, 1], dtype=object)]
[7, array([0., 0., 0., 0.]), array([1, 0, 3, 0, 3, 1, 0, 0, 3, 0, 3, 2, 3, 2, 2, 1, 0, 2, 0, 3, 1, 3,
       0, 1, 0, 1, 0, 0, 3, 1, 0, 2, 0, 0, 1, 1, 0, 1, 1, 1, 2, 1, 1, 0,
       1, 2, 2, 3, 1, 2, 2, 1, 3, 3, 0, 1, 2, 1, 2, 3, 2, 1, 0, 3, 3, 0,
       2, 1, 0, 1, 2, 1, 1, 2, 0, 2, 1, 0, 0, 0, 0, 1, 3, 1, 2, 0, 3, 3,
       2, 1, 0, 2, 2, 0, 2, 3, 1, 3, 0, 1, 1, 1, 1, 2, 3, 1, 3, 3, 2, 2,
       1, 2, 2, 2, 1, 0, 0, 3, 3, 1], dtype=object)]
[7, array([0., 0., 0., 0.]), array([1, 0, 3, 0, 3, 1, 0, 0, 3, 0, 3, 2, 3, 2, 2, 1, 0, 2, 0, 3, 1, 3,
       0, 1, 0, 1, 0, 0, 3, 1, 0, 2, 0, 0, 1, 1, 0, 1, 1, 1, 2, 1, 1, 0,
       1, 2, 2, 3, 1, 2, 2, 1, 3, 3, 0, 1, 2, 1, 2, 3, 2, 1, 0, 3, 3, 0,
       2, 1, 0, 1, 2, 1, 1, 2, 0, 2, 1, 0, 0, 0, 0, 1, 3, 1, 2, 0, 3, 3,
       2, 1, 0, 2, 2, 0, 2, 3, 1, 3, 0, 1, 1, 1, 1, 2, 3, 1, 3, 3, 2, 2,
       1, 2, 2, 2, 1, 0, 0, 3, 3, 1], dtype=object)]
[7, array([0., 0., 0., 0.]), array([1, 0, 3, 0, 3, 1, 0, 0, 3, 0, 3, 2, 3, 2, 2, 1, 0, 2, 0, 3, 1, 3,
       0, 1, 0, 1, 0, 0, 3, 1, 0, 2, 0, 0, 1, 1, 0, 1, 1, 1, 2, 1, 1, 0,
       1, 2, 2, 3, 1, 2, 2, 1, 3, 3, 0, 1, 2, 1, 2, 3, 2, 1, 0, 3, 3, 0,
       2, 1, 0, 1, 2, 1, 1, 2, 0, 2, 1, 0, 0, 0, 0, 1, 3, 1, 2, 0, 3, 3,
       2, 1, 0, 2, 2, 0, 2, 3, 1, 3, 0, 1, 1, 1, 1, 2, 3, 1, 3, 3, 2, 2,
       1, 2, 2, 2, 1, 0, 0, 3, 3, 1], dtype=object)]
[8, array([0., 0., 0., 0.]), array([1, 0, 3, 0, 3, 1, 0, 0, 3, 0, 3, 2, 3, 2, 2, 1, 0, 2, 0, 3, 1, 3,
       0, 1, 0, 1, 0, 0, 3, 1, 0, 2, 0, 0, 1, 1, 0, 1, 1, 1, 2, 1, 3, 0,
       1, 2, 2, 3, 1, 2, 2, 1, 3, 3, 0, 1, 2, 1, 2, 1, 2, 1, 0, 3, 3, 0,
       2, 1, 0, 1, 2, 1, 1, 2, 0, 2, 1, 0, 0, 0, 0, 1, 3, 1, 2, 0, 3, 3,
       2, 1, 0, 2, 2, 0, 2, 3, 1, 3, 0, 1, 1, 1, 1, 2, 3, 1, 3, 3, 2, 2,
       1, 2, 2, 2, 1, 0, 0, 3, 3, 1], dtype=object)]
[8, array([0., 0., 0., 0.]), array([1, 0, 3, 0, 3, 1, 0, 0, 3, 0, 3, 2, 3, 2, 2, 1, 0, 2, 0, 3, 1, 3,
       0, 1, 0, 1, 0, 0, 3, 1, 0, 2, 0, 0, 1, 1, 0, 1, 1, 1, 2, 1, 3, 0,
       1, 2, 2, 3, 1, 2, 2, 1, 3, 3, 0, 1, 2, 1, 2, 1, 2, 1, 0, 3, 3, 0,
       2, 1, 0, 1, 2, 1, 1, 2, 0, 2, 1, 0, 0, 0, 0, 1, 3, 1, 2, 0, 3, 3,
       2, 1, 0, 2, 2, 0, 2, 3, 1, 3, 0, 1, 1, 1, 1, 2, 3, 1, 3, 3, 2, 2,
       1, 2, 2, 2, 1, 0, 0, 3, 3, 1], dtype=object)]
[8, array([0., 0., 0., 0.]), array([1, 0, 3, 0, 3, 1, 0, 0, 3, 0, 3, 2, 3, 2, 2, 1, 0, 2, 0, 3, 1, 3,
       0, 1, 0, 1, 0, 0, 3, 1, 0, 2, 0, 0, 1, 1, 0, 1, 1, 1, 2, 1, 3, 0,
       1, 2, 2, 3, 1, 2, 2, 1, 3, 3, 0, 1, 2, 1, 2, 1, 2, 1, 0, 3, 3, 0,
       2, 1, 0, 1, 2, 1, 1, 2, 0, 2, 1, 0, 0, 0, 0, 1, 3, 1, 2, 0, 3, 3,
       2, 1, 0, 2, 2, 0, 2, 3, 1, 3, 0, 1, 1, 1, 1, 2, 3, 1, 3, 3, 2, 2,
       1, 2, 2, 2, 1, 0, 0, 3, 3, 1], dtype=object)]
[8, array([0., 0., 0., 0.]), array([1, 0, 3, 0, 3, 1, 0, 0, 3, 0, 3, 2, 3, 2, 2, 1, 0, 2, 0, 3, 1, 3,
       0, 1, 0, 1, 0, 0, 3, 1, 0, 2, 0, 0, 1, 1, 0, 1, 1, 1, 2, 1, 3, 0,
       1, 2, 2, 3, 1, 2, 2, 1, 3, 3, 0, 1, 2, 1, 2, 1, 2, 1, 0, 3, 3, 0,
       2, 1, 0, 1, 2, 1, 1, 2, 0, 2, 1, 0, 0, 0, 0, 1, 3, 1, 2, 0, 3, 3,
       2, 1, 0, 2, 2, 0, 2, 3, 1, 3, 0, 1, 1, 1, 1, 2, 3, 1, 3, 3, 2, 2,
       1, 2, 2, 2, 1, 0, 0, 3, 3, 1], dtype=object)]
[9, array([-10.,  -5.,  -5.,   0.]), array([1, 1, 0, 1, 0, 2, 2, 2, 2, 2, 3, 0, 1, 0, 3, 1, 1, 3, 1, 0, 3, 0,
       0, 0, 3, 1, 3, 0, 3, 0, 1, 3, 1, 2, 2, 1, 3, 2, 2, 3, 3, 1, 0, 3,
       3, 2, 1, 1, 2, 3, 3, 2, 1, 1, 0, 3, 1, 1, 1, 0, 2, 3, 0, 0, 0, 2,
       1, 1, 2, 3, 3, 2, 2, 2, 2, 3, 1, 3, 1, 3, 1, 0, 3, 3, 2, 3, 2, 1,
       2, 1, 3, 0, 3, 0, 3, 1, 0, 1, 3, 2, 3, 0, 2, 3, 2, 2, 2, 3, 2, 0,
       0, 1, 2, 3, 2, 0, 0, 1, 1, 2], dtype=object)]
[9, array([-10.,  -5.,  -5.,   0.]), array([1, 1, 0, 1, 0, 2, 2, 2, 2, 2, 3, 0, 1, 0, 3, 1, 1, 3, 1, 0, 3, 0,
       0, 0, 3, 1, 3, 0, 3, 0, 1, 3, 1, 2, 2, 1, 3, 2, 2, 3, 3, 1, 0, 3,
       3, 2, 1, 1, 2, 3, 3, 2, 1, 1, 0, 3, 1, 1, 1, 0, 2, 3, 0, 0, 0, 2,
       1, 1, 2, 3, 3, 2, 2, 2, 2, 3, 1, 3, 1, 3, 1, 0, 3, 3, 2, 3, 2, 1,
       2, 1, 3, 0, 3, 0, 3, 1, 0, 1, 3, 2, 3, 0, 2, 3, 2, 2, 2, 3, 2, 0,
       0, 1, 2, 3, 2, 0, 0, 1, 1, 2], dtype=object)]
[9, array([-10.,  -5.,  -5.,   0.]), array([1, 1, 0, 1, 0, 2, 2, 2, 2, 2, 3, 0, 1, 0, 3, 1, 1, 3, 1, 0, 3, 0,
       0, 0, 3, 1, 3, 0, 3, 0, 1, 3, 1, 2, 2, 1, 3, 2, 2, 3, 3, 1, 0, 3,
       3, 2, 1, 1, 2, 3, 3, 2, 1, 1, 0, 3, 1, 1, 1, 0, 2, 3, 0, 0, 0, 2,
       1, 1, 2, 3, 3, 2, 2, 2, 2, 3, 1, 3, 1, 3, 1, 0, 3, 3, 2, 3, 2, 1,
       2, 1, 3, 0, 3, 0, 3, 1, 0, 1, 3, 2, 3, 0, 2, 3, 2, 2, 2, 3, 2, 0,
       0, 1, 2, 3, 2, 0, 0, 1, 1, 2], dtype=object)]
[9, array([-10.,  -5.,  -5.,   0.]), array([1, 1, 0, 1, 0, 2, 2, 2, 2, 2, 3, 0, 1, 0, 3, 1, 1, 3, 1, 0, 3, 0,
       0, 0, 3, 1, 3, 0, 3, 0, 1, 3, 1, 2, 2, 1, 3, 2, 2, 3, 3, 1, 0, 3,
       3, 2, 1, 1, 2, 3, 3, 2, 1, 1, 0, 3, 1, 1, 1, 0, 2, 3, 0, 0, 0, 2,
       1, 1, 2, 3, 3, 2, 2, 2, 2, 3, 1, 3, 1, 3, 1, 0, 3, 3, 2, 3, 2, 1,
       2, 1, 3, 0, 3, 0, 3, 1, 0, 1, 3, 2, 3, 0, 2, 3, 2, 2, 2, 3, 2, 0,
       0, 1, 2, 3, 2, 0, 0, 1, 1, 2], dtype=object)]
[10, array([-10.,  -5.,  -5.,   0.]), array([1, 1, 0, 1, 0, 2, 2, 2, 2, 2, 3, 0, 1, 0, 3, 1, 1, 3, 1, 0, 3, 0,
       0, 0, 3, 1, 3, 0, 3, 0, 1, 3, 1, 2, 2, 1, 3, 2, 2, 3, 3, 1, 0, 3,
       3, 2, 1, 1, 2, 3, 3, 2, 1, 1, 0, 3, 1, 1, 1, 0, 2, 3, 0, 0, 0, 2,
       1, 1, 2, 3, 3, 2, 2, 2, 2, 3, 1, 3, 1, 3, 0, 0, 3, 3, 2, 3, 2, 1,
       2, 1, 3, 0, 3, 0, 3, 1, 0, 1, 3, 2, 3, 0, 2, 3, 2, 2, 2, 3, 2, 0,
       0, 1, 2, 3, 2, 0, 0, 1, 1, 2], dtype=object)]
[10, array([-10.,  -5.,  -5.,   0.]), array([1, 1, 0, 1, 0, 2, 2, 2, 2, 2, 3, 0, 1, 0, 3, 1, 1, 3, 1, 0, 3, 0,
       0, 0, 3, 1, 3, 0, 3, 0, 1, 3, 1, 2, 2, 1, 3, 2, 2, 3, 3, 1, 0, 3,
       3, 2, 1, 1, 2, 3, 3, 2, 1, 1, 0, 3, 1, 1, 1, 0, 2, 3, 0, 0, 0, 2,
       1, 1, 2, 3, 3, 2, 2, 2, 2, 3, 1, 3, 1, 3, 0, 0, 3, 3, 2, 3, 2, 1,
       2, 1, 3, 0, 3, 0, 3, 1, 0, 1, 3, 2, 3, 0, 2, 3, 2, 2, 2, 3, 2, 0,
       0, 1, 2, 3, 2, 0, 0, 1, 1, 2], dtype=object)]
[10, array([-10.,  -5.,  -5.,   0.]), array([1, 1, 0, 1, 0, 2, 2, 2, 2, 2, 3, 0, 1, 0, 3, 1, 1, 3, 1, 0, 3, 0,
       0, 0, 3, 1, 3, 0, 3, 0, 1, 3, 1, 2, 2, 1, 3, 2, 2, 3, 3, 1, 0, 3,
       3, 2, 1, 1, 2, 3, 3, 2, 1, 1, 0, 3, 1, 1, 1, 0, 2, 3, 0, 0, 0, 2,
       1, 1, 2, 3, 3, 2, 2, 2, 2, 3, 1, 3, 1, 3, 0, 0, 3, 3, 2, 3, 2, 1,
       2, 1, 3, 0, 3, 0, 3, 1, 0, 1, 3, 2, 3, 0, 2, 3, 2, 2, 2, 3, 2, 0,
       0, 1, 2, 3, 2, 0, 0, 1, 1, 2], dtype=object)]
[10, array([-10.,  -5.,  -5.,   0.]), array([1, 1, 0, 1, 0, 2, 2, 2, 2, 2, 3, 0, 1, 0, 3, 1, 1, 3, 1, 0, 3, 0,
       0, 0, 3, 1, 3, 0, 3, 0, 1, 3, 1, 2, 2, 1, 3, 2, 2, 3, 3, 1, 0, 3,
       3, 2, 1, 1, 2, 3, 3, 2, 1, 1, 0, 3, 1, 1, 1, 0, 2, 3, 0, 0, 0, 2,
       1, 1, 2, 3, 3, 2, 2, 2, 2, 3, 1, 3, 1, 3, 0, 0, 3, 3, 2, 3, 2, 1,
       2, 1, 3, 0, 3, 0, 3, 1, 0, 1, 3, 2, 3, 0, 2, 3, 2, 2, 2, 3, 2, 0,
       0, 1, 2, 3, 2, 0, 0, 1, 1, 2], dtype=object)]
[11, array([0., 0., 0., 0.]), array([1, 3, 3, 1, 1, 3, 2, 1, 2, 0, 1, 2, 1, 2, 3, 3, 3, 2, 1, 1, 3, 1,
       0, 0, 3, 2, 2, 0, 1, 3, 0, 0, 1, 0, 2, 2, 0, 2, 0, 3, 0, 0, 3, 1,
       3, 3, 3, 1, 1, 0, 1, 1, 3, 2, 2, 2, 0, 2, 2, 0, 1, 0, 3, 1, 1, 2,
       2, 3, 1, 3, 2, 1, 3, 2, 3, 3, 0, 0, 1, 2, 3, 0, 2, 1, 3, 2, 0, 0,
       3, 2, 0, 2, 2, 1, 3, 0, 0, 1, 3, 1, 2, 2, 1, 2, 2, 0, 2, 2, 3, 3,
       2, 1, 0, 2, 0, 2, 1, 2, 2, 0], dtype=object)]
[11, array([0., 0., 0., 0.]), array([1, 3, 3, 1, 1, 3, 2, 1, 2, 0, 1, 2, 1, 2, 3, 3, 3, 2, 1, 1, 3, 1,
       0, 0, 3, 2, 2, 0, 1, 3, 0, 0, 1, 0, 2, 2, 0, 2, 0, 3, 0, 0, 3, 1,
       3, 3, 3, 1, 1, 0, 1, 1, 3, 2, 2, 2, 0, 2, 2, 0, 1, 0, 3, 1, 1, 2,
       2, 3, 1, 3, 2, 1, 3, 2, 3, 3, 0, 0, 1, 2, 3, 0, 2, 1, 3, 2, 0, 0,
       3, 2, 0, 2, 2, 1, 3, 0, 0, 1, 3, 1, 2, 2, 1, 2, 2, 0, 2, 2, 3, 3,
       2, 1, 0, 2, 0, 2, 1, 2, 2, 0], dtype=object)]
[11, array([0., 0., 0., 0.]), array([1, 3, 3, 1, 1, 3, 2, 1, 2, 0, 1, 2, 1, 2, 3, 3, 3, 2, 1, 1, 3, 1,
       0, 0, 3, 2, 2, 0, 1, 3, 0, 0, 1, 0, 2, 2, 0, 2, 0, 3, 0, 0, 3, 1,
       3, 3, 3, 1, 1, 0, 1, 1, 3, 2, 2, 2, 0, 2, 2, 0, 1, 0, 3, 1, 1, 2,
       2, 3, 1, 3, 2, 1, 3, 2, 3, 3, 0, 0, 1, 2, 3, 0, 2, 1, 3, 2, 0, 0,
       3, 2, 0, 2, 2, 1, 3, 0, 0, 1, 3, 1, 2, 2, 1, 2, 2, 0, 2, 2, 3, 3,
       2, 1, 0, 2, 0, 2, 1, 2, 2, 0], dtype=object)]
[11, array([0., 0., 0., 0.]), array([1, 3, 3, 1, 1, 3, 2, 1, 2, 0, 1, 2, 1, 2, 3, 3, 3, 2, 1, 1, 3, 1,
       0, 0, 3, 2, 2, 0, 1, 3, 0, 0, 1, 0, 2, 2, 0, 2, 0, 3, 0, 0, 3, 1,
       3, 3, 3, 1, 1, 0, 1, 1, 3, 2, 2, 2, 0, 2, 2, 0, 1, 0, 3, 1, 1, 2,
       2, 3, 1, 3, 2, 1, 3, 2, 3, 3, 0, 0, 1, 2, 3, 0, 2, 1, 3, 2, 0, 0,
       3, 2, 0, 2, 2, 1, 3, 0, 0, 1, 3, 1, 2, 2, 1, 2, 2, 0, 2, 2, 3, 3,
       2, 1, 0, 2, 0, 2, 1, 2, 2, 0], dtype=object)]
[12, array([0., 0., 0., 0.]), array([1, 3, 3, 2, 1, 3, 2, 1, 2, 0, 1, 2, 1, 2, 1, 3, 3, 2, 1, 1, 3, 1,
       0, 0, 3, 2, 2, 0, 1, 3, 0, 0, 1, 0, 2, 2, 0, 2, 0, 3, 0, 0, 3, 1,
       3, 3, 3, 1, 1, 0, 1, 1, 3, 2, 2, 2, 0, 2, 2, 0, 1, 0, 3, 1, 1, 2,
       2, 3, 1, 3, 2, 1, 3, 2, 3, 3, 0, 0, 1, 2, 3, 0, 2, 1, 3, 2, 0, 0,
       3, 2, 0, 2, 2, 1, 3, 0, 0, 1, 3, 1, 2, 2, 1, 2, 2, 0, 2, 2, 3, 3,
       2, 1, 0, 2, 0, 2, 1, 2, 2, 0], dtype=object)]
[12, array([0., 0., 0., 0.]), array([1, 3, 3, 2, 1, 3, 2, 1, 2, 0, 1, 2, 1, 2, 1, 3, 3, 2, 1, 1, 3, 1,
       0, 0, 3, 2, 2, 0, 1, 3, 0, 0, 1, 0, 2, 2, 0, 2, 0, 3, 0, 0, 3, 1,
       3, 3, 3, 1, 1, 0, 1, 1, 3, 2, 2, 2, 0, 2, 2, 0, 1, 0, 3, 1, 1, 2,
       2, 3, 1, 3, 2, 1, 3, 2, 3, 3, 0, 0, 1, 2, 3, 0, 2, 1, 3, 2, 0, 0,
       3, 2, 0, 2, 2, 1, 3, 0, 0, 1, 3, 1, 2, 2, 1, 2, 2, 0, 2, 2, 3, 3,
       2, 1, 0, 2, 0, 2, 1, 2, 2, 0], dtype=object)]
[12, array([0., 0., 0., 0.]), array([1, 3, 3, 2, 1, 3, 2, 1, 2, 0, 1, 2, 1, 2, 1, 3, 3, 2, 1, 1, 3, 1,
       0, 0, 3, 2, 2, 0, 1, 3, 0, 0, 1, 0, 2, 2, 0, 2, 0, 3, 0, 0, 3, 1,
       3, 3, 3, 1, 1, 0, 1, 1, 3, 2, 2, 2, 0, 2, 2, 0, 1, 0, 3, 1, 1, 2,
       2, 3, 1, 3, 2, 1, 3, 2, 3, 3, 0, 0, 1, 2, 3, 0, 2, 1, 3, 2, 0, 0,
       3, 2, 0, 2, 2, 1, 3, 0, 0, 1, 3, 1, 2, 2, 1, 2, 2, 0, 2, 2, 3, 3,
       2, 1, 0, 2, 0, 2, 1, 2, 2, 0], dtype=object)]
[12, array([0., 0., 0., 0.]), array([1, 3, 3, 2, 1, 3, 2, 1, 2, 0, 1, 2, 1, 2, 1, 3, 3, 2, 1, 1, 3, 1,
       0, 0, 3, 2, 2, 0, 1, 3, 0, 0, 1, 0, 2, 2, 0, 2, 0, 3, 0, 0, 3, 1,
       3, 3, 3, 1, 1, 0, 1, 1, 3, 2, 2, 2, 0, 2, 2, 0, 1, 0, 3, 1, 1, 2,
       2, 3, 1, 3, 2, 1, 3, 2, 3, 3, 0, 0, 1, 2, 3, 0, 2, 1, 3, 2, 0, 0,
       3, 2, 0, 2, 2, 1, 3, 0, 0, 1, 3, 1, 2, 2, 1, 2, 2, 0, 2, 2, 3, 3,
       2, 1, 0, 2, 0, 2, 1, 2, 2, 0], dtype=object)]
[13, array([-10.,  -5.,  -5.,   0.]), array([1, 0, 0, 0, 0, 1, 0, 3, 3, 2, 3, 0, 1, 0, 3, 1, 1, 3, 1, 0, 3, 0,
       0, 0, 3, 1, 3, 0, 3, 0, 1, 3, 1, 2, 2, 1, 3, 2, 2, 3, 3, 1, 0, 3,
       3, 2, 1, 1, 2, 3, 3, 2, 1, 1, 0, 3, 1, 1, 1, 0, 2, 3, 0, 0, 0, 2,
       1, 1, 2, 3, 3, 2, 2, 2, 2, 3, 1, 3, 1, 3, 0, 0, 3, 3, 2, 3, 2, 1,
       2, 1, 3, 0, 3, 0, 3, 1, 0, 1, 3, 2, 3, 0, 2, 3, 2, 2, 2, 3, 2, 0,
       0, 1, 2, 3, 2, 0, 0, 1, 1, 2], dtype=object)]
[13, array([-10.,  -5.,  -5.,   0.]), array([1, 0, 0, 0, 0, 1, 0, 3, 3, 2, 3, 0, 1, 0, 3, 1, 1, 3, 1, 0, 3, 0,
       0, 0, 3, 1, 3, 0, 3, 0, 1, 3, 1, 2, 2, 1, 3, 2, 2, 3, 3, 1, 0, 3,
       3, 2, 1, 1, 2, 3, 3, 2, 1, 1, 0, 3, 1, 1, 1, 0, 2, 3, 0, 0, 0, 2,
       1, 1, 2, 3, 3, 2, 2, 2, 2, 3, 1, 3, 1, 3, 0, 0, 3, 3, 2, 3, 2, 1,
       2, 1, 3, 0, 3, 0, 3, 1, 0, 1, 3, 2, 3, 0, 2, 3, 2, 2, 2, 3, 2, 0,
       0, 1, 2, 3, 2, 0, 0, 1, 1, 2], dtype=object)]
[13, array([-10.,  -5.,  -5.,   0.]), array([1, 0, 0, 0, 0, 1, 0, 3, 3, 2, 3, 0, 1, 0, 3, 1, 1, 3, 1, 0, 3, 0,
       0, 0, 3, 1, 3, 0, 3, 0, 1, 3, 1, 2, 2, 1, 3, 2, 2, 3, 3, 1, 0, 3,
       3, 2, 1, 1, 2, 3, 3, 2, 1, 1, 0, 3, 1, 1, 1, 0, 2, 3, 0, 0, 0, 2,
       1, 1, 2, 3, 3, 2, 2, 2, 2, 3, 1, 3, 1, 3, 0, 0, 3, 3, 2, 3, 2, 1,
       2, 1, 3, 0, 3, 0, 3, 1, 0, 1, 3, 2, 3, 0, 2, 3, 2, 2, 2, 3, 2, 0,
       0, 1, 2, 3, 2, 0, 0, 1, 1, 2], dtype=object)]
[13, array([-10.,  -5.,  -5.,   0.]), array([1, 0, 0, 0, 0, 1, 0, 3, 3, 2, 3, 0, 1, 0, 3, 1, 1, 3, 1, 0, 3, 0,
       0, 0, 3, 1, 3, 0, 3, 0, 1, 3, 1, 2, 2, 1, 3, 2, 2, 3, 3, 1, 0, 3,
       3, 2, 1, 1, 2, 3, 3, 2, 1, 1, 0, 3, 1, 1, 1, 0, 2, 3, 0, 0, 0, 2,
       1, 1, 2, 3, 3, 2, 2, 2, 2, 3, 1, 3, 1, 3, 0, 0, 3, 3, 2, 3, 2, 1,
       2, 1, 3, 0, 3, 0, 3, 1, 0, 1, 3, 2, 3, 0, 2, 3, 2, 2, 2, 3, 2, 0,
       0, 1, 2, 3, 2, 0, 0, 1, 1, 2], dtype=object)]
[14, array([-10.,  -5.,  -5.,   0.]), array([1, 0, 0, 0, 0, 1, 0, 3, 3, 2, 3, 0, 1, 0, 3, 1, 1, 3, 1, 0, 3, 0,
       0, 0, 3, 1, 3, 0, 3, 0, 1, 3, 1, 2, 2, 1, 3, 2, 2, 3, 3, 1, 0, 3,
       3, 2, 1, 1, 2, 3, 3, 2, 1, 1, 0, 3, 1, 1, 1, 0, 0, 3, 0, 0, 0, 2,
       1, 1, 2, 3, 3, 2, 2, 2, 2, 3, 1, 3, 1, 3, 0, 0, 3, 3, 2, 3, 2, 1,
       2, 1, 3, 0, 3, 0, 3, 1, 0, 1, 3, 2, 3, 0, 2, 3, 2, 2, 2, 3, 2, 0,
       0, 1, 2, 3, 2, 0, 0, 1, 1, 2], dtype=object)]
[14, array([-10.,  -5.,  -5.,   0.]), array([1, 0, 0, 0, 0, 1, 0, 3, 3, 2, 3, 0, 1, 0, 3, 1, 1, 3, 1, 0, 3, 0,
       0, 0, 3, 1, 3, 0, 3, 0, 1, 3, 1, 2, 2, 1, 3, 2, 2, 3, 3, 1, 0, 3,
       3, 2, 1, 1, 2, 3, 3, 2, 1, 1, 0, 3, 1, 1, 1, 0, 0, 3, 0, 0, 0, 2,
       1, 1, 2, 3, 3, 2, 2, 2, 2, 3, 1, 3, 1, 3, 0, 0, 3, 3, 2, 3, 2, 1,
       2, 1, 3, 0, 3, 0, 3, 1, 0, 1, 3, 2, 3, 0, 2, 3, 2, 2, 2, 3, 2, 0,
       0, 1, 2, 3, 2, 0, 0, 1, 1, 2], dtype=object)]
[14, array([-10.,  -5.,  -5.,   0.]), array([1, 0, 0, 0, 0, 1, 0, 3, 3, 2, 3, 0, 1, 0, 3, 1, 1, 3, 1, 0, 3, 0,
       0, 0, 3, 1, 3, 0, 3, 0, 1, 3, 1, 2, 2, 1, 3, 2, 2, 3, 3, 1, 0, 3,
       3, 2, 1, 1, 2, 3, 3, 2, 1, 1, 0, 3, 1, 1, 1, 0, 0, 3, 0, 0, 0, 2,
       1, 1, 2, 3, 3, 2, 2, 2, 2, 3, 1, 3, 1, 3, 0, 0, 3, 3, 2, 3, 2, 1,
       2, 1, 3, 0, 3, 0, 3, 1, 0, 1, 3, 2, 3, 0, 2, 3, 2, 2, 2, 3, 2, 0,
       0, 1, 2, 3, 2, 0, 0, 1, 1, 2], dtype=object)]
[14, array([-10.,  -5.,  -5.,   0.]), array([1, 0, 0, 0, 0, 1, 0, 3, 3, 2, 3, 0, 1, 0, 3, 1, 1, 3, 1, 0, 3, 0,
       0, 0, 3, 1, 3, 0, 3, 0, 1, 3, 1, 2, 2, 1, 3, 2, 2, 3, 3, 1, 0, 3,
       3, 2, 1, 1, 2, 3, 3, 2, 1, 1, 0, 3, 1, 1, 1, 0, 0, 3, 0, 0, 0, 2,
       1, 1, 2, 3, 3, 2, 2, 2, 2, 3, 1, 3, 1, 3, 0, 0, 3, 3, 2, 3, 2, 1,
       2, 1, 3, 0, 3, 0, 3, 1, 0, 1, 3, 2, 3, 0, 2, 3, 2, 2, 2, 3, 2, 0,
       0, 1, 2, 3, 2, 0, 0, 1, 1, 2], dtype=object)]
[15, array([0., 0., 0., 0.]), array([3, 2, 0, 1, 0, 2, 2, 0, 2, 2, 1, 1, 0, 0, 3, 1, 1, 0, 1, 2, 1, 0,
       1, 0, 1, 2, 2, 1, 3, 3, 2, 2, 1, 2, 1, 2, 2, 3, 2, 1, 0, 2, 0, 3,
       2, 3, 0, 1, 2, 1, 2, 1, 0, 2, 2, 2, 1, 0, 1, 0, 0, 3, 3, 0, 3, 0,
       1, 0, 1, 1, 1, 3, 3, 2, 1, 2, 3, 3, 1, 2, 0, 1, 3, 3, 1, 0, 0, 3,
       2, 2, 3, 2, 3, 0, 1, 2, 0, 1, 3, 2, 3, 3, 2, 2, 1, 0, 1, 2, 3, 1,
       1, 2, 2, 0, 0, 0, 0, 0, 3, 1], dtype=object)]
[15, array([0., 0., 0., 0.]), array([3, 2, 0, 1, 0, 2, 2, 0, 2, 2, 1, 1, 0, 0, 3, 1, 1, 0, 1, 2, 1, 0,
       1, 0, 1, 2, 2, 1, 3, 3, 2, 2, 1, 2, 1, 2, 2, 3, 2, 1, 0, 2, 0, 3,
       2, 3, 0, 1, 2, 1, 2, 1, 0, 2, 2, 2, 1, 0, 1, 0, 0, 3, 3, 0, 3, 0,
       1, 0, 1, 1, 1, 3, 3, 2, 1, 2, 3, 3, 1, 2, 0, 1, 3, 3, 1, 0, 0, 3,
       2, 2, 3, 2, 3, 0, 1, 2, 0, 1, 3, 2, 3, 3, 2, 2, 1, 0, 1, 2, 3, 1,
       1, 2, 2, 0, 0, 0, 0, 0, 3, 1], dtype=object)]
[15, array([0., 0., 0., 0.]), array([3, 2, 0, 1, 0, 2, 2, 0, 2, 2, 1, 1, 0, 0, 3, 1, 1, 0, 1, 2, 1, 0,
       1, 0, 1, 2, 2, 1, 3, 3, 2, 2, 1, 2, 1, 2, 2, 3, 2, 1, 0, 2, 0, 3,
       2, 3, 0, 1, 2, 1, 2, 1, 0, 2, 2, 2, 1, 0, 1, 0, 0, 3, 3, 0, 3, 0,
       1, 0, 1, 1, 1, 3, 3, 2, 1, 2, 3, 3, 1, 2, 0, 1, 3, 3, 1, 0, 0, 3,
       2, 2, 3, 2, 3, 0, 1, 2, 0, 1, 3, 2, 3, 3, 2, 2, 1, 0, 1, 2, 3, 1,
       1, 2, 2, 0, 0, 0, 0, 0, 3, 1], dtype=object)]
[15, array([0., 0., 0., 0.]), array([3, 2, 0, 1, 0, 2, 2, 0, 2, 2, 1, 1, 0, 0, 3, 1, 1, 0, 1, 2, 1, 0,
       1, 0, 1, 2, 2, 1, 3, 3, 2, 2, 1, 2, 1, 2, 2, 3, 2, 1, 0, 2, 0, 3,
       2, 3, 0, 1, 2, 1, 2, 1, 0, 2, 2, 2, 1, 0, 1, 0, 0, 3, 3, 0, 3, 0,
       1, 0, 1, 1, 1, 3, 3, 2, 1, 2, 3, 3, 1, 2, 0, 1, 3, 3, 1, 0, 0, 3,
       2, 2, 3, 2, 3, 0, 1, 2, 0, 1, 3, 2, 3, 3, 2, 2, 1, 0, 1, 2, 3, 1,
       1, 2, 2, 0, 0, 0, 0, 0, 3, 1], dtype=object)]
[16, array([0., 0., 0., 0.]), array([3, 2, 0, 1, 0, 2, 2, 0, 2, 2, 1, 1, 0, 0, 3, 1, 1, 0, 1, 2, 1, 0,
       1, 0, 1, 2, 2, 1, 3, 3, 2, 2, 1, 2, 1, 2, 2, 3, 2, 1, 0, 2, 0, 3,
       2, 3, 0, 1, 2, 1, 2, 1, 0, 2, 2, 2, 1, 0, 1, 0, 0, 3, 3, 0, 3, 0,
       1, 0, 1, 3, 1, 3, 3, 2, 1, 2, 3, 3, 1, 2, 0, 1, 3, 3, 1, 0, 0, 3,
       2, 2, 3, 2, 3, 0, 1, 2, 0, 1, 3, 2, 3, 3, 2, 2, 1, 0, 1, 2, 3, 1,
       1, 2, 2, 0, 0, 0, 0, 0, 3, 1], dtype=object)]
[16, array([0., 0., 0., 0.]), array([3, 2, 0, 1, 0, 2, 2, 0, 2, 2, 1, 1, 0, 0, 3, 1, 1, 0, 1, 2, 1, 0,
       1, 0, 1, 2, 2, 1, 3, 3, 2, 2, 1, 2, 1, 2, 2, 3, 2, 1, 0, 2, 0, 3,
       2, 3, 0, 1, 2, 1, 2, 1, 0, 2, 2, 2, 1, 0, 1, 0, 0, 3, 3, 0, 3, 0,
       1, 0, 1, 3, 1, 3, 3, 2, 1, 2, 3, 3, 1, 2, 0, 1, 3, 3, 1, 0, 0, 3,
       2, 2, 3, 2, 3, 0, 1, 2, 0, 1, 3, 2, 3, 3, 2, 2, 1, 0, 1, 2, 3, 1,
       1, 2, 2, 0, 0, 0, 0, 0, 3, 1], dtype=object)]
[16, array([0., 0., 0., 0.]), array([3, 2, 0, 1, 0, 2, 2, 0, 2, 2, 1, 1, 0, 0, 3, 1, 1, 0, 1, 2, 1, 0,
       1, 0, 1, 2, 2, 1, 3, 3, 2, 2, 1, 2, 1, 2, 2, 3, 2, 1, 0, 2, 0, 3,
       2, 3, 0, 1, 2, 1, 2, 1, 0, 2, 2, 2, 1, 0, 1, 0, 0, 3, 3, 0, 3, 0,
       1, 0, 1, 3, 1, 3, 3, 2, 1, 2, 3, 3, 1, 2, 0, 1, 3, 3, 1, 0, 0, 3,
       2, 2, 3, 2, 3, 0, 1, 2, 0, 1, 3, 2, 3, 3, 2, 2, 1, 0, 1, 2, 3, 1,
       1, 2, 2, 0, 0, 0, 0, 0, 3, 1], dtype=object)]
[16, array([0., 0., 0., 0.]), array([3, 2, 0, 1, 0, 2, 2, 0, 2, 2, 1, 1, 0, 0, 3, 1, 1, 0, 1, 2, 1, 0,
       1, 0, 1, 2, 2, 1, 3, 3, 2, 2, 1, 2, 1, 2, 2, 3, 2, 1, 0, 2, 0, 3,
       2, 3, 0, 1, 2, 1, 2, 1, 0, 2, 2, 2, 1, 0, 1, 0, 0, 3, 3, 0, 3, 0,
       1, 0, 1, 3, 1, 3, 3, 2, 1, 2, 3, 3, 1, 2, 0, 1, 3, 3, 1, 0, 0, 3,
       2, 2, 3, 2, 3, 0, 1, 2, 0, 1, 3, 2, 3, 3, 2, 2, 1, 0, 1, 2, 3, 1,
       1, 2, 2, 0, 0, 0, 0, 0, 3, 1], dtype=object)]
[17, array([-10.,  -5.,  -5.,   0.]), array([1, 0, 0, 0, 0, 1, 0, 3, 3, 2, 3, 0, 1, 0, 3, 1, 1, 3, 1, 0, 3, 0,
       0, 0, 3, 1, 3, 0, 3, 0, 1, 3, 1, 2, 2, 1, 3, 2, 2, 3, 3, 1, 0, 3,
       3, 2, 1, 1, 2, 3, 3, 2, 1, 1, 0, 3, 1, 1, 1, 0, 0, 3, 0, 0, 0, 2,
       1, 1, 2, 3, 3, 2, 2, 2, 2, 3, 1, 3, 1, 3, 0, 0, 3, 3, 2, 3, 2, 1,
       2, 1, 3, 0, 3, 0, 3, 1, 0, 1, 3, 2, 3, 0, 2, 3, 2, 2, 2, 3, 2, 0,
       0, 1, 2, 3, 2, 0, 0, 1, 1, 2], dtype=object)]
[17, array([-10.,  -5.,  -5.,   0.]), array([1, 0, 0, 0, 0, 1, 0, 3, 3, 2, 3, 0, 1, 0, 3, 1, 1, 3, 1, 0, 3, 0,
       0, 0, 3, 1, 3, 0, 3, 0, 1, 3, 1, 2, 2, 1, 3, 2, 2, 3, 3, 1, 0, 3,
       3, 2, 1, 1, 2, 3, 3, 2, 1, 1, 0, 3, 1, 1, 1, 0, 0, 3, 0, 0, 0, 2,
       1, 1, 2, 3, 3, 2, 2, 2, 2, 3, 1, 3, 1, 3, 0, 0, 3, 3, 2, 3, 2, 1,
       2, 1, 3, 0, 3, 0, 3, 1, 0, 1, 3, 2, 3, 0, 2, 3, 2, 2, 2, 3, 2, 0,
       0, 1, 2, 3, 2, 0, 0, 1, 1, 2], dtype=object)]
[17, array([-10.,  -5.,  -5.,   0.]), array([1, 0, 0, 0, 0, 1, 0, 3, 3, 2, 3, 0, 1, 0, 3, 1, 1, 3, 1, 0, 3, 0,
       0, 0, 3, 1, 3, 0, 3, 0, 1, 3, 1, 2, 2, 1, 3, 2, 2, 3, 3, 1, 0, 3,
       3, 2, 1, 1, 2, 3, 3, 2, 1, 1, 0, 3, 1, 1, 1, 0, 0, 3, 0, 0, 0, 2,
       1, 1, 2, 3, 3, 2, 2, 2, 2, 3, 1, 3, 1, 3, 0, 0, 3, 3, 2, 3, 2, 1,
       2, 1, 3, 0, 3, 0, 3, 1, 0, 1, 3, 2, 3, 0, 2, 3, 2, 2, 2, 3, 2, 0,
       0, 1, 2, 3, 2, 0, 0, 1, 1, 2], dtype=object)]
[17, array([-10.,  -5.,  -5.,   0.]), array([1, 0, 0, 0, 0, 1, 0, 3, 3, 2, 3, 0, 1, 0, 3, 1, 1, 3, 1, 0, 3, 0,
       0, 0, 3, 1, 3, 0, 3, 0, 1, 3, 1, 2, 2, 1, 3, 2, 2, 3, 3, 1, 0, 3,
       3, 2, 1, 1, 2, 3, 3, 2, 1, 1, 0, 3, 1, 1, 1, 0, 0, 3, 0, 0, 0, 2,
       1, 1, 2, 3, 3, 2, 2, 2, 2, 3, 1, 3, 1, 3, 0, 0, 3, 3, 2, 3, 2, 1,
       2, 1, 3, 0, 3, 0, 3, 1, 0, 1, 3, 2, 3, 0, 2, 3, 2, 2, 2, 3, 2, 0,
       0, 1, 2, 3, 2, 0, 0, 1, 1, 2], dtype=object)]
[18, array([0., 0., 0., 0.]), array([1, 0, 1, 0, 2, 2, 1, 3, 1, 1, 3, 3, 3, 2, 0, 0, 0, 2, 0, 3, 3, 3,
       0, 0, 0, 2, 2, 0, 2, 1, 2, 2, 1, 2, 1, 2, 2, 1, 2, 1, 0, 2, 0, 3,
       2, 3, 0, 1, 3, 1, 2, 1, 0, 2, 2, 2, 1, 0, 1, 0, 0, 3, 3, 0, 3, 0,
       1, 0, 1, 1, 1, 3, 3, 2, 1, 2, 3, 3, 1, 2, 0, 1, 3, 3, 1, 0, 0, 3,
       2, 2, 3, 2, 3, 0, 1, 2, 0, 1, 3, 2, 3, 1, 0, 1, 3, 1, 3, 2, 1, 0,
       1, 2, 0, 3, 1, 0, 0, 3, 2, 0], dtype=object)]
[18, array([0., 0., 0., 0.]), array([1, 0, 1, 0, 2, 2, 1, 3, 1, 1, 3, 3, 3, 2, 0, 0, 0, 2, 0, 3, 3, 3,
       0, 0, 0, 2, 2, 0, 2, 1, 2, 2, 1, 2, 1, 2, 2, 1, 2, 1, 0, 2, 0, 3,
       2, 3, 0, 1, 3, 1, 2, 1, 0, 2, 2, 2, 1, 0, 1, 0, 0, 3, 3, 0, 3, 0,
       1, 0, 1, 1, 1, 3, 3, 2, 1, 2, 3, 3, 1, 2, 0, 1, 3, 3, 1, 0, 0, 3,
       2, 2, 3, 2, 3, 0, 1, 2, 0, 1, 3, 2, 3, 1, 0, 1, 3, 1, 3, 2, 1, 0,
       1, 2, 0, 3, 1, 0, 0, 3, 2, 0], dtype=object)]
[18, array([0., 0., 0., 0.]), array([1, 0, 1, 0, 2, 2, 1, 3, 1, 1, 3, 3, 3, 2, 0, 0, 0, 2, 0, 3, 3, 3,
       0, 0, 0, 2, 2, 0, 2, 1, 2, 2, 1, 2, 1, 2, 2, 1, 2, 1, 0, 2, 0, 3,
       2, 3, 0, 1, 3, 1, 2, 1, 0, 2, 2, 2, 1, 0, 1, 0, 0, 3, 3, 0, 3, 0,
       1, 0, 1, 1, 1, 3, 3, 2, 1, 2, 3, 3, 1, 2, 0, 1, 3, 3, 1, 0, 0, 3,
       2, 2, 3, 2, 3, 0, 1, 2, 0, 1, 3, 2, 3, 1, 0, 1, 3, 1, 3, 2, 1, 0,
       1, 2, 0, 3, 1, 0, 0, 3, 2, 0], dtype=object)]
[18, array([0., 0., 0., 0.]), array([1, 0, 1, 0, 2, 2, 1, 3, 1, 1, 3, 3, 3, 2, 0, 0, 0, 2, 0, 3, 3, 3,
       0, 0, 0, 2, 2, 0, 2, 1, 2, 2, 1, 2, 1, 2, 2, 1, 2, 1, 0, 2, 0, 3,
       2, 3, 0, 1, 3, 1, 2, 1, 0, 2, 2, 2, 1, 0, 1, 0, 0, 3, 3, 0, 3, 0,
       1, 0, 1, 1, 1, 3, 3, 2, 1, 2, 3, 3, 1, 2, 0, 1, 3, 3, 1, 0, 0, 3,
       2, 2, 3, 2, 3, 0, 1, 2, 0, 1, 3, 2, 3, 1, 0, 1, 3, 1, 3, 2, 1, 0,
       1, 2, 0, 3, 1, 0, 0, 3, 2, 0], dtype=object)]
[19, array([-10.,  -5.,  -5.,   0.]), array([1, 0, 0, 0, 0, 1, 0, 3, 3, 2, 3, 0, 1, 0, 3, 1, 1, 3, 1, 0, 3, 0,
       0, 0, 3, 1, 3, 0, 3, 0, 1, 3, 1, 2, 2, 1, 3, 2, 2, 3, 3, 1, 0, 3,
       3, 2, 1, 1, 2, 3, 3, 2, 1, 1, 0, 3, 1, 1, 1, 0, 2, 3, 0, 0, 0, 2,
       1, 1, 2, 3, 3, 2, 2, 2, 2, 3, 1, 3, 1, 3, 0, 0, 3, 3, 2, 3, 2, 1,
       2, 1, 3, 0, 3, 0, 3, 1, 0, 1, 3, 2, 3, 0, 2, 3, 2, 2, 2, 3, 2, 0,
       0, 1, 2, 3, 2, 0, 0, 1, 1, 2], dtype=object)]
[19, array([-10.,  -5.,  -5.,   0.]), array([1, 0, 0, 0, 0, 1, 0, 3, 3, 2, 3, 0, 1, 0, 3, 1, 1, 3, 1, 0, 3, 0,
       0, 0, 3, 1, 3, 0, 3, 0, 1, 3, 1, 2, 2, 1, 3, 2, 2, 3, 3, 1, 0, 3,
       3, 2, 1, 1, 2, 3, 3, 2, 1, 1, 0, 3, 1, 1, 1, 0, 2, 3, 0, 0, 0, 2,
       1, 1, 2, 3, 3, 2, 2, 2, 2, 3, 1, 3, 1, 3, 0, 0, 3, 3, 2, 3, 2, 1,
       2, 1, 3, 0, 3, 0, 3, 1, 0, 1, 3, 2, 3, 0, 2, 3, 2, 2, 2, 3, 2, 0,
       0, 1, 2, 3, 2, 0, 0, 1, 1, 2], dtype=object)]
[19, array([-10.,  -5.,  -5.,   0.]), array([1, 0, 0, 0, 0, 1, 0, 3, 3, 2, 3, 0, 1, 0, 3, 1, 1, 3, 1, 0, 3, 0,
       0, 0, 3, 1, 3, 0, 3, 0, 1, 3, 1, 2, 2, 1, 3, 2, 2, 3, 3, 1, 0, 3,
       3, 2, 1, 1, 2, 3, 3, 2, 1, 1, 0, 3, 1, 1, 1, 0, 2, 3, 0, 0, 0, 2,
       1, 1, 2, 3, 3, 2, 2, 2, 2, 3, 1, 3, 1, 3, 0, 0, 3, 3, 2, 3, 2, 1,
       2, 1, 3, 0, 3, 0, 3, 1, 0, 1, 3, 2, 3, 0, 2, 3, 2, 2, 2, 3, 2, 0,
       0, 1, 2, 3, 2, 0, 0, 1, 1, 2], dtype=object)]
[19, array([-10.,  -5.,  -5.,   0.]), array([1, 0, 0, 0, 0, 1, 0, 3, 3, 2, 3, 0, 1, 0, 3, 1, 1, 3, 1, 0, 3, 0,
       0, 0, 3, 1, 3, 0, 3, 0, 1, 3, 1, 2, 2, 1, 3, 2, 2, 3, 3, 1, 0, 3,
       3, 2, 1, 1, 2, 3, 3, 2, 1, 1, 0, 3, 1, 1, 1, 0, 2, 3, 0, 0, 0, 2,
       1, 1, 2, 3, 3, 2, 2, 2, 2, 3, 1, 3, 1, 3, 0, 0, 3, 3, 2, 3, 2, 1,
       2, 1, 3, 0, 3, 0, 3, 1, 0, 1, 3, 2, 3, 0, 2, 3, 2, 2, 2, 3, 2, 0,
       0, 1, 2, 3, 2, 0, 0, 1, 1, 2], dtype=object)]
[20, array([-10.,  -5.,  -5.,   0.]), array([1, 1, 0, 1, 0, 2, 2, 2, 2, 2, 3, 0, 1, 0, 3, 1, 1, 3, 1, 0, 3, 0,
       0, 0, 3, 1, 3, 0, 3, 0, 1, 3, 1, 2, 2, 1, 3, 2, 2, 3, 3, 1, 0, 3,
       3, 2, 1, 1, 2, 3, 3, 2, 1, 1, 0, 3, 1, 1, 1, 0, 2, 3, 0, 0, 0, 2,
       1, 1, 2, 3, 3, 2, 2, 2, 2, 3, 1, 3, 1, 3, 0, 0, 3, 3, 2, 3, 2, 1,
       2, 1, 2, 0, 3, 0, 3, 1, 0, 1, 3, 2, 3, 0, 2, 3, 2, 2, 2, 3, 2, 0,
       0, 1, 2, 3, 2, 0, 0, 1, 1, 2], dtype=object)]
[20, array([-10.,  -5.,  -5.,   0.]), array([1, 1, 0, 1, 0, 2, 2, 2, 2, 2, 3, 0, 1, 0, 3, 1, 1, 3, 1, 0, 3, 0,
       0, 0, 3, 1, 3, 0, 3, 0, 1, 3, 1, 2, 2, 1, 3, 2, 2, 3, 3, 1, 0, 3,
       3, 2, 1, 1, 2, 3, 3, 2, 1, 1, 0, 3, 1, 1, 1, 0, 2, 3, 0, 0, 0, 2,
       1, 1, 2, 3, 3, 2, 2, 2, 2, 3, 1, 3, 1, 3, 0, 0, 3, 3, 2, 3, 2, 1,
       2, 1, 2, 0, 3, 0, 3, 1, 0, 1, 3, 2, 3, 0, 2, 3, 2, 2, 2, 3, 2, 0,
       0, 1, 2, 3, 2, 0, 0, 1, 1, 2], dtype=object)]
[20, array([-10.,  -5.,  -5.,   0.]), array([1, 1, 0, 1, 0, 2, 2, 2, 2, 2, 3, 0, 1, 0, 3, 1, 1, 3, 1, 0, 3, 0,
       0, 0, 3, 1, 3, 0, 3, 0, 1, 3, 1, 2, 2, 1, 3, 2, 2, 3, 3, 1, 0, 3,
       3, 2, 1, 1, 2, 3, 3, 2, 1, 1, 0, 3, 1, 1, 1, 0, 2, 3, 0, 0, 0, 2,
       1, 1, 2, 3, 3, 2, 2, 2, 2, 3, 1, 3, 1, 3, 0, 0, 3, 3, 2, 3, 2, 1,
       2, 1, 2, 0, 3, 0, 3, 1, 0, 1, 3, 2, 3, 0, 2, 3, 2, 2, 2, 3, 2, 0,
       0, 1, 2, 3, 2, 0, 0, 1, 1, 2], dtype=object)]
[20, array([-10.,  -5.,  -5.,   0.]), array([1, 1, 0, 1, 0, 2, 2, 2, 2, 2, 3, 0, 1, 0, 3, 1, 1, 3, 1, 0, 3, 0,
       0, 0, 3, 1, 3, 0, 3, 0, 1, 3, 1, 2, 2, 1, 3, 2, 2, 3, 3, 1, 0, 3,
       3, 2, 1, 1, 2, 3, 3, 2, 1, 1, 0, 3, 1, 1, 1, 0, 2, 3, 0, 0, 0, 2,
       1, 1, 2, 3, 3, 2, 2, 2, 2, 3, 1, 3, 1, 3, 0, 0, 3, 3, 2, 3, 2, 1,
       2, 1, 2, 0, 3, 0, 3, 1, 0, 1, 3, 2, 3, 0, 2, 3, 2, 2, 2, 3, 2, 0,
       0, 1, 2, 3, 2, 0, 0, 1, 1, 2], dtype=object)]
[21, array([0., 0., 0., 0.]), array([1, 0, 0, 0, 0, 3, 0, 3, 3, 0, 3, 3, 1, 0, 3, 1, 1, 0, 1, 0, 3, 0,
       0, 0, 3, 1, 3, 3, 3, 0, 1, 3, 1, 1, 2, 1, 3, 2, 1, 1, 3, 1, 3, 1,
       3, 0, 1, 0, 2, 3, 3, 2, 0, 1, 0, 3, 1, 1, 0, 0, 3, 3, 0, 3, 0, 1,
       1, 1, 2, 2, 3, 2, 0, 2, 0, 3, 1, 0, 1, 2, 3, 3, 3, 2, 1, 2, 3, 2,
       3, 3, 1, 0, 2, 0, 1, 2, 3, 1, 3, 2, 3, 3, 2, 2, 1, 0, 1, 2, 1, 1,
       1, 2, 2, 2, 2, 0, 0, 0, 0, 3], dtype=object)]
[21, array([0., 0., 0., 0.]), array([1, 0, 0, 0, 0, 3, 0, 3, 3, 0, 3, 3, 1, 0, 3, 1, 1, 0, 1, 0, 3, 0,
       0, 0, 3, 1, 3, 3, 3, 0, 1, 3, 1, 1, 2, 1, 3, 2, 1, 1, 3, 1, 3, 1,
       3, 0, 1, 0, 2, 3, 3, 2, 0, 1, 0, 3, 1, 1, 0, 0, 3, 3, 0, 3, 0, 1,
       1, 1, 2, 2, 3, 2, 0, 2, 0, 3, 1, 0, 1, 2, 3, 3, 3, 2, 1, 2, 3, 2,
       3, 3, 1, 0, 2, 0, 1, 2, 3, 1, 3, 2, 3, 3, 2, 2, 1, 0, 1, 2, 1, 1,
       1, 2, 2, 2, 2, 0, 0, 0, 0, 3], dtype=object)]
[21, array([0., 0., 0., 0.]), array([1, 0, 0, 0, 0, 3, 0, 3, 3, 0, 3, 3, 1, 0, 3, 1, 1, 0, 1, 0, 3, 0,
       0, 0, 3, 1, 3, 3, 3, 0, 1, 3, 1, 1, 2, 1, 3, 2, 1, 1, 3, 1, 3, 1,
       3, 0, 1, 0, 2, 3, 3, 2, 0, 1, 0, 3, 1, 1, 0, 0, 3, 3, 0, 3, 0, 1,
       1, 1, 2, 2, 3, 2, 0, 2, 0, 3, 1, 0, 1, 2, 3, 3, 3, 2, 1, 2, 3, 2,
       3, 3, 1, 0, 2, 0, 1, 2, 3, 1, 3, 2, 3, 3, 2, 2, 1, 0, 1, 2, 1, 1,
       1, 2, 2, 2, 2, 0, 0, 0, 0, 3], dtype=object)]
[21, array([0., 0., 0., 0.]), array([1, 0, 0, 0, 0, 3, 0, 3, 3, 0, 3, 3, 1, 0, 3, 1, 1, 0, 1, 0, 3, 0,
       0, 0, 3, 1, 3, 3, 3, 0, 1, 3, 1, 1, 2, 1, 3, 2, 1, 1, 3, 1, 3, 1,
       3, 0, 1, 0, 2, 3, 3, 2, 0, 1, 0, 3, 1, 1, 0, 0, 3, 3, 0, 3, 0, 1,
       1, 1, 2, 2, 3, 2, 0, 2, 0, 3, 1, 0, 1, 2, 3, 3, 3, 2, 1, 2, 3, 2,
       3, 3, 1, 0, 2, 0, 1, 2, 3, 1, 3, 2, 3, 3, 2, 2, 1, 0, 1, 2, 1, 1,
       1, 2, 2, 2, 2, 0, 0, 0, 0, 3], dtype=object)]
[22, array([0., 0., 0., 0.]), array([1, 0, 2, 0, 0, 3, 0, 3, 3, 0, 3, 3, 1, 0, 3, 1, 1, 0, 1, 0, 3, 0,
       0, 0, 3, 1, 3, 3, 3, 0, 1, 3, 1, 1, 2, 1, 3, 2, 1, 1, 3, 1, 3, 1,
       3, 0, 1, 0, 2, 3, 3, 2, 0, 1, 0, 3, 1, 1, 0, 0, 3, 3, 0, 3, 0, 1,
       1, 1, 2, 2, 3, 2, 0, 2, 0, 3, 1, 0, 1, 2, 0, 3, 3, 2, 1, 3, 3, 2,
       3, 3, 1, 0, 2, 1, 1, 2, 3, 1, 3, 2, 3, 3, 2, 2, 1, 0, 1, 2, 1, 1,
       1, 2, 2, 2, 2, 0, 0, 0, 0, 3], dtype=object)]
[22, array([0., 0., 0., 0.]), array([1, 0, 2, 0, 0, 3, 0, 3, 3, 0, 3, 3, 1, 0, 3, 1, 1, 0, 1, 0, 3, 0,
       0, 0, 3, 1, 3, 3, 3, 0, 1, 3, 1, 1, 2, 1, 3, 2, 1, 1, 3, 1, 3, 1,
       3, 0, 1, 0, 2, 3, 3, 2, 0, 1, 0, 3, 1, 1, 0, 0, 3, 3, 0, 3, 0, 1,
       1, 1, 2, 2, 3, 2, 0, 2, 0, 3, 1, 0, 1, 2, 0, 3, 3, 2, 1, 3, 3, 2,
       3, 3, 1, 0, 2, 1, 1, 2, 3, 1, 3, 2, 3, 3, 2, 2, 1, 0, 1, 2, 1, 1,
       1, 2, 2, 2, 2, 0, 0, 0, 0, 3], dtype=object)]
[22, array([0., 0., 0., 0.]), array([1, 0, 2, 0, 0, 3, 0, 3, 3, 0, 3, 3, 1, 0, 3, 1, 1, 0, 1, 0, 3, 0,
       0, 0, 3, 1, 3, 3, 3, 0, 1, 3, 1, 1, 2, 1, 3, 2, 1, 1, 3, 1, 3, 1,
       3, 0, 1, 0, 2, 3, 3, 2, 0, 1, 0, 3, 1, 1, 0, 0, 3, 3, 0, 3, 0, 1,
       1, 1, 2, 2, 3, 2, 0, 2, 0, 3, 1, 0, 1, 2, 0, 3, 3, 2, 1, 3, 3, 2,
       3, 3, 1, 0, 2, 1, 1, 2, 3, 1, 3, 2, 3, 3, 2, 2, 1, 0, 1, 2, 1, 1,
       1, 2, 2, 2, 2, 0, 0, 0, 0, 3], dtype=object)]
[22, array([0., 0., 0., 0.]), array([1, 0, 2, 0, 0, 3, 0, 3, 3, 0, 3, 3, 1, 0, 3, 1, 1, 0, 1, 0, 3, 0,
       0, 0, 3, 1, 3, 3, 3, 0, 1, 3, 1, 1, 2, 1, 3, 2, 1, 1, 3, 1, 3, 1,
       3, 0, 1, 0, 2, 3, 3, 2, 0, 1, 0, 3, 1, 1, 0, 0, 3, 3, 0, 3, 0, 1,
       1, 1, 2, 2, 3, 2, 0, 2, 0, 3, 1, 0, 1, 2, 0, 3, 3, 2, 1, 3, 3, 2,
       3, 3, 1, 0, 2, 1, 1, 2, 3, 1, 3, 2, 3, 3, 2, 2, 1, 0, 1, 2, 1, 1,
       1, 2, 2, 2, 2, 0, 0, 0, 0, 3], dtype=object)]
[23, array([-10.,  -5.,  -5.,   0.]), array([1, 1, 0, 1, 0, 2, 2, 2, 2, 2, 3, 0, 1, 0, 3, 1, 1, 3, 1, 0, 3, 0,
       0, 0, 3, 1, 3, 0, 3, 0, 1, 3, 1, 2, 2, 1, 3, 2, 2, 3, 3, 1, 0, 3,
       3, 2, 1, 1, 2, 3, 3, 2, 1, 1, 0, 3, 1, 1, 1, 0, 2, 3, 0, 0, 0, 2,
       1, 1, 2, 3, 3, 2, 2, 2, 2, 3, 1, 3, 1, 3, 0, 0, 3, 3, 2, 3, 2, 1,
       2, 1, 3, 0, 3, 0, 3, 1, 0, 1, 3, 2, 3, 0, 2, 3, 2, 2, 2, 3, 2, 0,
       0, 1, 2, 3, 0, 1, 0, 2, 3, 3], dtype=object)]
[23, array([-10.,  -5.,  -5.,   0.]), array([1, 1, 0, 1, 0, 2, 2, 2, 2, 2, 3, 0, 1, 0, 3, 1, 1, 3, 1, 0, 3, 0,
       0, 0, 3, 1, 3, 0, 3, 0, 1, 3, 1, 2, 2, 1, 3, 2, 2, 3, 3, 1, 0, 3,
       3, 2, 1, 1, 2, 3, 3, 2, 1, 1, 0, 3, 1, 1, 1, 0, 2, 3, 0, 0, 0, 2,
       1, 1, 2, 3, 3, 2, 2, 2, 2, 3, 1, 3, 1, 3, 0, 0, 3, 3, 2, 3, 2, 1,
       2, 1, 3, 0, 3, 0, 3, 1, 0, 1, 3, 2, 3, 0, 2, 3, 2, 2, 2, 3, 2, 0,
       0, 1, 2, 3, 0, 1, 0, 2, 3, 3], dtype=object)]
[23, array([-10.,  -5.,  -5.,   0.]), array([1, 1, 0, 1, 0, 2, 2, 2, 2, 2, 3, 0, 1, 0, 3, 1, 1, 3, 1, 0, 3, 0,
       0, 0, 3, 1, 3, 0, 3, 0, 1, 3, 1, 2, 2, 1, 3, 2, 2, 3, 3, 1, 0, 3,
       3, 2, 1, 1, 2, 3, 3, 2, 1, 1, 0, 3, 1, 1, 1, 0, 2, 3, 0, 0, 0, 2,
       1, 1, 2, 3, 3, 2, 2, 2, 2, 3, 1, 3, 1, 3, 0, 0, 3, 3, 2, 3, 2, 1,
       2, 1, 3, 0, 3, 0, 3, 1, 0, 1, 3, 2, 3, 0, 2, 3, 2, 2, 2, 3, 2, 0,
       0, 1, 2, 3, 0, 1, 0, 2, 3, 3], dtype=object)]
[23, array([-10.,  -5.,  -5.,   0.]), array([1, 1, 0, 1, 0, 2, 2, 2, 2, 2, 3, 0, 1, 0, 3, 1, 1, 3, 1, 0, 3, 0,
       0, 0, 3, 1, 3, 0, 3, 0, 1, 3, 1, 2, 2, 1, 3, 2, 2, 3, 3, 1, 0, 3,
       3, 2, 1, 1, 2, 3, 3, 2, 1, 1, 0, 3, 1, 1, 1, 0, 2, 3, 0, 0, 0, 2,
       1, 1, 2, 3, 3, 2, 2, 2, 2, 3, 1, 3, 1, 3, 0, 0, 3, 3, 2, 3, 2, 1,
       2, 1, 3, 0, 3, 0, 3, 1, 0, 1, 3, 2, 3, 0, 2, 3, 2, 2, 2, 3, 2, 0,
       0, 1, 2, 3, 0, 1, 0, 2, 3, 3], dtype=object)]
[24, array([-10.,  -5.,  -5.,   0.]), array([1, 1, 0, 1, 0, 2, 2, 2, 2, 2, 3, 0, 1, 0, 3, 1, 1, 3, 1, 0, 3, 0,
       0, 0, 3, 1, 3, 0, 3, 0, 1, 3, 1, 2, 2, 1, 3, 2, 2, 3, 3, 1, 0, 3,
       3, 2, 1, 1, 2, 3, 3, 2, 1, 1, 0, 3, 1, 1, 1, 0, 2, 3, 0, 0, 0, 2,
       1, 1, 2, 3, 3, 2, 2, 2, 1, 3, 1, 3, 1, 3, 0, 0, 3, 3, 2, 3, 2, 1,
       2, 1, 3, 0, 3, 0, 3, 1, 0, 1, 3, 2, 3, 0, 2, 3, 2, 2, 2, 3, 2, 0,
       0, 1, 2, 3, 0, 1, 0, 2, 3, 3], dtype=object)]
[24, array([-10.,  -5.,  -5.,   0.]), array([1, 1, 0, 1, 0, 2, 2, 2, 2, 2, 3, 0, 1, 0, 3, 1, 1, 3, 1, 0, 3, 0,
       0, 0, 3, 1, 3, 0, 3, 0, 1, 3, 1, 2, 2, 1, 3, 2, 2, 3, 3, 1, 0, 3,
       3, 2, 1, 1, 2, 3, 3, 2, 1, 1, 0, 3, 1, 1, 1, 0, 2, 3, 0, 0, 0, 2,
       1, 1, 2, 3, 3, 2, 2, 2, 1, 3, 1, 3, 1, 3, 0, 0, 3, 3, 2, 3, 2, 1,
       2, 1, 3, 0, 3, 0, 3, 1, 0, 1, 3, 2, 3, 0, 2, 3, 2, 2, 2, 3, 2, 0,
       0, 1, 2, 3, 0, 1, 0, 2, 3, 3], dtype=object)]
[24, array([-10.,  -5.,  -5.,   0.]), array([1, 1, 0, 1, 0, 2, 2, 2, 2, 2, 3, 0, 1, 0, 3, 1, 1, 3, 1, 0, 3, 0,
       0, 0, 3, 1, 3, 0, 3, 0, 1, 3, 1, 2, 2, 1, 3, 2, 2, 3, 3, 1, 0, 3,
       3, 2, 1, 1, 2, 3, 3, 2, 1, 1, 0, 3, 1, 1, 1, 0, 2, 3, 0, 0, 0, 2,
       1, 1, 2, 3, 3, 2, 2, 2, 1, 3, 1, 3, 1, 3, 0, 0, 3, 3, 2, 3, 2, 1,
       2, 1, 3, 0, 3, 0, 3, 1, 0, 1, 3, 2, 3, 0, 2, 3, 2, 2, 2, 3, 2, 0,
       0, 1, 2, 3, 0, 1, 0, 2, 3, 3], dtype=object)]
[24, array([-10.,  -5.,  -5.,   0.]), array([1, 1, 0, 1, 0, 2, 2, 2, 2, 2, 3, 0, 1, 0, 3, 1, 1, 3, 1, 0, 3, 0,
       0, 0, 3, 1, 3, 0, 3, 0, 1, 3, 1, 2, 2, 1, 3, 2, 2, 3, 3, 1, 0, 3,
       3, 2, 1, 1, 2, 3, 3, 2, 1, 1, 0, 3, 1, 1, 1, 0, 2, 3, 0, 0, 0, 2,
       1, 1, 2, 3, 3, 2, 2, 2, 1, 3, 1, 3, 1, 3, 0, 0, 3, 3, 2, 3, 2, 1,
       2, 1, 3, 0, 3, 0, 3, 1, 0, 1, 3, 2, 3, 0, 2, 3, 2, 2, 2, 3, 2, 0,
       0, 1, 2, 3, 0, 1, 0, 2, 3, 3], dtype=object)]
[25, array([-10.,  -5.,  -5.,   0.]), array([1, 3, 2, 1, 3, 0, 0, 1, 1, 2, 1, 1, 1, 1, 1, 0, 0, 3, 1, 0, 3, 0,
       0, 0, 3, 1, 3, 0, 3, 0, 1, 3, 1, 2, 2, 1, 3, 2, 2, 3, 3, 1, 0, 3,
       3, 2, 1, 1, 2, 3, 3, 2, 1, 1, 0, 3, 1, 1, 1, 0, 2, 3, 0, 0, 0, 2,
       1, 1, 2, 3, 3, 2, 2, 2, 2, 3, 1, 3, 1, 3, 0, 0, 3, 3, 2, 3, 2, 1,
       2, 1, 2, 0, 3, 0, 3, 1, 0, 1, 3, 2, 3, 0, 2, 3, 2, 2, 2, 3, 2, 0,
       0, 1, 2, 3, 2, 0, 0, 1, 1, 2], dtype=object)]
[25, array([-10.,  -5.,  -5.,   0.]), array([1, 3, 2, 1, 3, 0, 0, 1, 1, 2, 1, 1, 1, 1, 1, 0, 0, 3, 1, 0, 3, 0,
       0, 0, 3, 1, 3, 0, 3, 0, 1, 3, 1, 2, 2, 1, 3, 2, 2, 3, 3, 1, 0, 3,
       3, 2, 1, 1, 2, 3, 3, 2, 1, 1, 0, 3, 1, 1, 1, 0, 2, 3, 0, 0, 0, 2,
       1, 1, 2, 3, 3, 2, 2, 2, 2, 3, 1, 3, 1, 3, 0, 0, 3, 3, 2, 3, 2, 1,
       2, 1, 2, 0, 3, 0, 3, 1, 0, 1, 3, 2, 3, 0, 2, 3, 2, 2, 2, 3, 2, 0,
       0, 1, 2, 3, 2, 0, 0, 1, 1, 2], dtype=object)]
[25, array([-10.,  -5.,  -5.,   0.]), array([1, 3, 2, 1, 3, 0, 0, 1, 1, 2, 1, 1, 1, 1, 1, 0, 0, 3, 1, 0, 3, 0,
       0, 0, 3, 1, 3, 0, 3, 0, 1, 3, 1, 2, 2, 1, 3, 2, 2, 3, 3, 1, 0, 3,
       3, 2, 1, 1, 2, 3, 3, 2, 1, 1, 0, 3, 1, 1, 1, 0, 2, 3, 0, 0, 0, 2,
       1, 1, 2, 3, 3, 2, 2, 2, 2, 3, 1, 3, 1, 3, 0, 0, 3, 3, 2, 3, 2, 1,
       2, 1, 2, 0, 3, 0, 3, 1, 0, 1, 3, 2, 3, 0, 2, 3, 2, 2, 2, 3, 2, 0,
       0, 1, 2, 3, 2, 0, 0, 1, 1, 2], dtype=object)]
[25, array([-10.,  -5.,  -5.,   0.]), array([1, 3, 2, 1, 3, 0, 0, 1, 1, 2, 1, 1, 1, 1, 1, 0, 0, 3, 1, 0, 3, 0,
       0, 0, 3, 1, 3, 0, 3, 0, 1, 3, 1, 2, 2, 1, 3, 2, 2, 3, 3, 1, 0, 3,
       3, 2, 1, 1, 2, 3, 3, 2, 1, 1, 0, 3, 1, 1, 1, 0, 2, 3, 0, 0, 0, 2,
       1, 1, 2, 3, 3, 2, 2, 2, 2, 3, 1, 3, 1, 3, 0, 0, 3, 3, 2, 3, 2, 1,
       2, 1, 2, 0, 3, 0, 3, 1, 0, 1, 3, 2, 3, 0, 2, 3, 2, 2, 2, 3, 2, 0,
       0, 1, 2, 3, 2, 0, 0, 1, 1, 2], dtype=object)]
[26, array([-10.,  -5.,  -5.,   0.]), array([1, 3, 2, 1, 3, 0, 0, 1, 1, 2, 1, 1, 1, 1, 1, 0, 0, 3, 1, 0, 3, 0,
       0, 0, 3, 1, 3, 0, 3, 0, 1, 3, 1, 2, 2, 1, 3, 2, 2, 3, 3, 1, 0, 3,
       3, 2, 1, 1, 2, 3, 3, 2, 1, 1, 0, 3, 1, 1, 1, 0, 2, 3, 0, 0, 0, 2,
       1, 1, 2, 3, 3, 2, 2, 2, 2, 3, 1, 3, 1, 3, 0, 0, 3, 3, 2, 3, 2, 1,
       2, 1, 2, 0, 3, 0, 3, 1, 0, 1, 3, 2, 3, 0, 2, 3, 2, 2, 2, 3, 2, 0,
       0, 1, 2, 3, 2, 0, 0, 1, 1, 2], dtype=object)]
[26, array([-10.,  -5.,  -5.,   0.]), array([1, 3, 2, 1, 3, 0, 0, 1, 1, 2, 1, 1, 1, 1, 1, 0, 0, 3, 1, 0, 3, 0,
       0, 0, 3, 1, 3, 0, 3, 0, 1, 3, 1, 2, 2, 1, 3, 2, 2, 3, 3, 1, 0, 3,
       3, 2, 1, 1, 2, 3, 3, 2, 1, 1, 0, 3, 1, 1, 1, 0, 2, 3, 0, 0, 0, 2,
       1, 1, 2, 3, 3, 2, 2, 2, 2, 3, 1, 3, 1, 3, 0, 0, 3, 3, 2, 3, 2, 1,
       2, 1, 2, 0, 3, 0, 3, 1, 0, 1, 3, 2, 3, 0, 2, 3, 2, 2, 2, 3, 2, 0,
       0, 1, 2, 3, 2, 0, 0, 1, 1, 2], dtype=object)]
[26, array([-10.,  -5.,  -5.,   0.]), array([1, 3, 2, 1, 3, 0, 0, 1, 1, 2, 1, 1, 1, 1, 1, 0, 0, 3, 1, 0, 3, 0,
       0, 0, 3, 1, 3, 0, 3, 0, 1, 3, 1, 2, 2, 1, 3, 2, 2, 3, 3, 1, 0, 3,
       3, 2, 1, 1, 2, 3, 3, 2, 1, 1, 0, 3, 1, 1, 1, 0, 2, 3, 0, 0, 0, 2,
       1, 1, 2, 3, 3, 2, 2, 2, 2, 3, 1, 3, 1, 3, 0, 0, 3, 3, 2, 3, 2, 1,
       2, 1, 2, 0, 3, 0, 3, 1, 0, 1, 3, 2, 3, 0, 2, 3, 2, 2, 2, 3, 2, 0,
       0, 1, 2, 3, 2, 0, 0, 1, 1, 2], dtype=object)]
[26, array([-10.,  -5.,  -5.,   0.]), array([1, 3, 2, 1, 3, 0, 0, 1, 1, 2, 1, 1, 1, 1, 1, 0, 0, 3, 1, 0, 3, 0,
       0, 0, 3, 1, 3, 0, 3, 0, 1, 3, 1, 2, 2, 1, 3, 2, 2, 3, 3, 1, 0, 3,
       3, 2, 1, 1, 2, 3, 3, 2, 1, 1, 0, 3, 1, 1, 1, 0, 2, 3, 0, 0, 0, 2,
       1, 1, 2, 3, 3, 2, 2, 2, 2, 3, 1, 3, 1, 3, 0, 0, 3, 3, 2, 3, 2, 1,
       2, 1, 2, 0, 3, 0, 3, 1, 0, 1, 3, 2, 3, 0, 2, 3, 2, 2, 2, 3, 2, 0,
       0, 1, 2, 3, 2, 0, 0, 1, 1, 2], dtype=object)]
[27, array([-10.,  -5.,  -5.,   0.]), array([1, 1, 0, 3, 1, 2, 2, 3, 0, 0, 0, 2, 3, 2, 1, 1, 2, 3, 0, 2, 3, 3,
       0, 2, 0, 1, 3, 0, 3, 2, 2, 3, 1, 2, 2, 1, 3, 2, 2, 3, 3, 1, 0, 3,
       3, 2, 1, 1, 3, 3, 3, 2, 1, 1, 0, 3, 1, 1, 1, 0, 2, 3, 0, 0, 0, 2,
       1, 1, 2, 3, 3, 2, 2, 2, 2, 3, 1, 3, 1, 3, 0, 0, 3, 3, 2, 3, 2, 1,
       2, 1, 2, 0, 3, 0, 3, 1, 0, 1, 3, 2, 3, 0, 2, 3, 2, 2, 2, 3, 2, 0,
       0, 1, 1, 3, 2, 0, 3, 1, 1, 2], dtype=object)]
[27, array([-10.,  -5.,  -5.,   0.]), array([1, 1, 0, 3, 1, 2, 2, 3, 0, 0, 0, 2, 3, 2, 1, 1, 2, 3, 0, 2, 3, 3,
       0, 2, 0, 1, 3, 0, 3, 2, 2, 3, 1, 2, 2, 1, 3, 2, 2, 3, 3, 1, 0, 3,
       3, 2, 1, 1, 3, 3, 3, 2, 1, 1, 0, 3, 1, 1, 1, 0, 2, 3, 0, 0, 0, 2,
       1, 1, 2, 3, 3, 2, 2, 2, 2, 3, 1, 3, 1, 3, 0, 0, 3, 3, 2, 3, 2, 1,
       2, 1, 2, 0, 3, 0, 3, 1, 0, 1, 3, 2, 3, 0, 2, 3, 2, 2, 2, 3, 2, 0,
       0, 1, 1, 3, 2, 0, 3, 1, 1, 2], dtype=object)]
[27, array([-10.,  -5.,  -5.,   0.]), array([1, 1, 0, 3, 1, 2, 2, 3, 0, 0, 0, 2, 3, 2, 1, 1, 2, 3, 0, 2, 3, 3,
       0, 2, 0, 1, 3, 0, 3, 2, 2, 3, 1, 2, 2, 1, 3, 2, 2, 3, 3, 1, 0, 3,
       3, 2, 1, 1, 3, 3, 3, 2, 1, 1, 0, 3, 1, 1, 1, 0, 2, 3, 0, 0, 0, 2,
       1, 1, 2, 3, 3, 2, 2, 2, 2, 3, 1, 3, 1, 3, 0, 0, 3, 3, 2, 3, 2, 1,
       2, 1, 2, 0, 3, 0, 3, 1, 0, 1, 3, 2, 3, 0, 2, 3, 2, 2, 2, 3, 2, 0,
       0, 1, 1, 3, 2, 0, 3, 1, 1, 2], dtype=object)]
[27, array([-10.,  -5.,  -5.,   0.]), array([1, 1, 0, 3, 1, 2, 2, 3, 0, 0, 0, 2, 3, 2, 1, 1, 2, 3, 0, 2, 3, 3,
       0, 2, 0, 1, 3, 0, 3, 2, 2, 3, 1, 2, 2, 1, 3, 2, 2, 3, 3, 1, 0, 3,
       3, 2, 1, 1, 3, 3, 3, 2, 1, 1, 0, 3, 1, 1, 1, 0, 2, 3, 0, 0, 0, 2,
       1, 1, 2, 3, 3, 2, 2, 2, 2, 3, 1, 3, 1, 3, 0, 0, 3, 3, 2, 3, 2, 1,
       2, 1, 2, 0, 3, 0, 3, 1, 0, 1, 3, 2, 3, 0, 2, 3, 2, 2, 2, 3, 2, 0,
       0, 1, 1, 3, 2, 0, 3, 1, 1, 2], dtype=object)]
[28, array([-10.,  -5.,  -5.,   0.]), array([1, 1, 0, 1, 0, 2, 2, 2, 2, 2, 3, 0, 1, 0, 3, 1, 1, 3, 1, 0, 3, 0,
       0, 0, 3, 1, 3, 0, 3, 0, 1, 3, 1, 2, 2, 1, 3, 2, 2, 3, 3, 1, 0, 3,
       3, 2, 1, 1, 0, 3, 3, 2, 1, 1, 0, 3, 1, 1, 1, 0, 2, 3, 0, 0, 0, 2,
       1, 1, 2, 3, 3, 2, 2, 2, 2, 3, 1, 3, 0, 3, 0, 0, 3, 3, 2, 3, 2, 1,
       2, 1, 2, 0, 3, 0, 3, 1, 0, 0, 3, 2, 3, 0, 2, 3, 2, 2, 2, 3, 2, 0,
       3, 1, 1, 3, 2, 0, 0, 3, 1, 2], dtype=object)]
[28, array([-10.,  -5.,  -5.,   0.]), array([1, 1, 0, 1, 0, 2, 2, 2, 2, 2, 3, 0, 1, 0, 3, 1, 1, 3, 1, 0, 3, 0,
       0, 0, 3, 1, 3, 0, 3, 0, 1, 3, 1, 2, 2, 1, 3, 2, 2, 3, 3, 1, 0, 3,
       3, 2, 1, 1, 0, 3, 3, 2, 1, 1, 0, 3, 1, 1, 1, 0, 2, 3, 0, 0, 0, 2,
       1, 1, 2, 3, 3, 2, 2, 2, 2, 3, 1, 3, 0, 3, 0, 0, 3, 3, 2, 3, 2, 1,
       2, 1, 2, 0, 3, 0, 3, 1, 0, 0, 3, 2, 3, 0, 2, 3, 2, 2, 2, 3, 2, 0,
       3, 1, 1, 3, 2, 0, 0, 3, 1, 2], dtype=object)]
[28, array([-10.,  -5.,  -5.,   0.]), array([1, 1, 0, 1, 0, 2, 2, 2, 2, 2, 3, 0, 1, 0, 3, 1, 1, 3, 1, 0, 3, 0,
       0, 0, 3, 1, 3, 0, 3, 0, 1, 3, 1, 2, 2, 1, 3, 2, 2, 3, 3, 1, 0, 3,
       3, 2, 1, 1, 0, 3, 3, 2, 1, 1, 0, 3, 1, 1, 1, 0, 2, 3, 0, 0, 0, 2,
       1, 1, 2, 3, 3, 2, 2, 2, 2, 3, 1, 3, 0, 3, 0, 0, 3, 3, 2, 3, 2, 1,
       2, 1, 2, 0, 3, 0, 3, 1, 0, 0, 3, 2, 3, 0, 2, 3, 2, 2, 2, 3, 2, 0,
       3, 1, 1, 3, 2, 0, 0, 3, 1, 2], dtype=object)]
[28, array([-10.,  -5.,  -5.,   0.]), array([1, 1, 0, 1, 0, 2, 2, 2, 2, 2, 3, 0, 1, 0, 3, 1, 1, 3, 1, 0, 3, 0,
       0, 0, 3, 1, 3, 0, 3, 0, 1, 3, 1, 2, 2, 1, 3, 2, 2, 3, 3, 1, 0, 3,
       3, 2, 1, 1, 0, 3, 3, 2, 1, 1, 0, 3, 1, 1, 1, 0, 2, 3, 0, 0, 0, 2,
       1, 1, 2, 3, 3, 2, 2, 2, 2, 3, 1, 3, 0, 3, 0, 0, 3, 3, 2, 3, 2, 1,
       2, 1, 2, 0, 3, 0, 3, 1, 0, 0, 3, 2, 3, 0, 2, 3, 2, 2, 2, 3, 2, 0,
       3, 1, 1, 3, 2, 0, 0, 3, 1, 2], dtype=object)]
[29, array([-10.,  -5.,  -5.,   0.]), array([1, 1, 0, 1, 0, 2, 2, 2, 2, 2, 3, 0, 1, 0, 3, 1, 1, 3, 1, 0, 3, 0,
       0, 0, 3, 1, 3, 0, 3, 0, 1, 3, 1, 2, 2, 1, 3, 2, 2, 3, 3, 1, 0, 3,
       3, 2, 1, 1, 0, 3, 3, 2, 1, 1, 0, 3, 1, 1, 1, 0, 2, 3, 0, 0, 0, 2,
       1, 1, 2, 3, 3, 2, 2, 2, 2, 3, 1, 3, 1, 3, 0, 0, 3, 3, 2, 3, 2, 1,
       2, 1, 2, 0, 3, 0, 3, 1, 0, 1, 3, 2, 3, 0, 2, 3, 2, 2, 2, 3, 2, 0,
       0, 1, 0, 3, 0, 0, 1, 1, 1, 2], dtype=object)]
[29, array([-10.,  -5.,  -5.,   0.]), array([1, 1, 0, 1, 0, 2, 2, 2, 2, 2, 3, 0, 1, 0, 3, 1, 1, 3, 1, 0, 3, 0,
       0, 0, 3, 1, 3, 0, 3, 0, 1, 3, 1, 2, 2, 1, 3, 2, 2, 3, 3, 1, 0, 3,
       3, 2, 1, 1, 0, 3, 3, 2, 1, 1, 0, 3, 1, 1, 1, 0, 2, 3, 0, 0, 0, 2,
       1, 1, 2, 3, 3, 2, 2, 2, 2, 3, 1, 3, 1, 3, 0, 0, 3, 3, 2, 3, 2, 1,
       2, 1, 2, 0, 3, 0, 3, 1, 0, 1, 3, 2, 3, 0, 2, 3, 2, 2, 2, 3, 2, 0,
       0, 1, 0, 3, 0, 0, 1, 1, 1, 2], dtype=object)]
[29, array([-10.,  -5.,  -5.,   0.]), array([1, 1, 0, 1, 0, 2, 2, 2, 2, 2, 3, 0, 1, 0, 3, 1, 1, 3, 1, 0, 3, 0,
       0, 0, 3, 1, 3, 0, 3, 0, 1, 3, 1, 2, 2, 1, 3, 2, 2, 3, 3, 1, 0, 3,
       3, 2, 1, 1, 0, 3, 3, 2, 1, 1, 0, 3, 1, 1, 1, 0, 2, 3, 0, 0, 0, 2,
       1, 1, 2, 3, 3, 2, 2, 2, 2, 3, 1, 3, 1, 3, 0, 0, 3, 3, 2, 3, 2, 1,
       2, 1, 2, 0, 3, 0, 3, 1, 0, 1, 3, 2, 3, 0, 2, 3, 2, 2, 2, 3, 2, 0,
       0, 1, 0, 3, 0, 0, 1, 1, 1, 2], dtype=object)]
[29, array([-10.,  -5.,  -5.,   0.]), array([1, 1, 0, 1, 0, 2, 2, 2, 2, 2, 3, 0, 1, 0, 3, 1, 1, 3, 1, 0, 3, 0,
       0, 0, 3, 1, 3, 0, 3, 0, 1, 3, 1, 2, 2, 1, 3, 2, 2, 3, 3, 1, 0, 3,
       3, 2, 1, 1, 0, 3, 3, 2, 1, 1, 0, 3, 1, 1, 1, 0, 2, 3, 0, 0, 0, 2,
       1, 1, 2, 3, 3, 2, 2, 2, 2, 3, 1, 3, 1, 3, 0, 0, 3, 3, 2, 3, 2, 1,
       2, 1, 2, 0, 3, 0, 3, 1, 0, 1, 3, 2, 3, 0, 2, 3, 2, 2, 2, 3, 2, 0,
       0, 1, 0, 3, 0, 0, 1, 1, 1, 2], dtype=object)]
[30, array([0., 0., 0., 0.]), array([1, 1, 1, 0, 0, 0, 1, 0, 0, 1, 3, 0, 1, 2, 3, 1, 1, 3, 1, 2, 3, 0,
       0, 2, 2, 1, 3, 0, 2, 0, 3, 3, 0, 2, 1, 1, 1, 3, 2, 2, 1, 1, 0, 3,
       2, 2, 1, 1, 2, 2, 3, 0, 1, 2, 0, 3, 2, 3, 0, 3, 1, 3, 0, 1, 0, 3,
       1, 3, 2, 2, 3, 0, 0, 1, 2, 2, 3, 2, 0, 1, 2, 2, 3, 3, 2, 3, 2, 3,
       2, 1, 2, 0, 0, 3, 1, 3, 2, 1, 3, 3, 3, 1, 2, 3, 0, 3, 2, 3, 0, 1,
       3, 2, 0, 3, 0, 0, 0, 0, 1, 1], dtype=object)]
[30, array([0., 0., 0., 0.]), array([1, 1, 1, 0, 0, 0, 1, 0, 0, 1, 3, 0, 1, 2, 3, 1, 1, 3, 1, 2, 3, 0,
       0, 2, 2, 1, 3, 0, 2, 0, 3, 3, 0, 2, 1, 1, 1, 3, 2, 2, 1, 1, 0, 3,
       2, 2, 1, 1, 2, 2, 3, 0, 1, 2, 0, 3, 2, 3, 0, 3, 1, 3, 0, 1, 0, 3,
       1, 3, 2, 2, 3, 0, 0, 1, 2, 2, 3, 2, 0, 1, 2, 2, 3, 3, 2, 3, 2, 3,
       2, 1, 2, 0, 0, 3, 1, 3, 2, 1, 3, 3, 3, 1, 2, 3, 0, 3, 2, 3, 0, 1,
       3, 2, 0, 3, 0, 0, 0, 0, 1, 1], dtype=object)]
[30, array([0., 0., 0., 0.]), array([1, 1, 1, 0, 0, 0, 1, 0, 0, 1, 3, 0, 1, 2, 3, 1, 1, 3, 1, 2, 3, 0,
       0, 2, 2, 1, 3, 0, 2, 0, 3, 3, 0, 2, 1, 1, 1, 3, 2, 2, 1, 1, 0, 3,
       2, 2, 1, 1, 2, 2, 3, 0, 1, 2, 0, 3, 2, 3, 0, 3, 1, 3, 0, 1, 0, 3,
       1, 3, 2, 2, 3, 0, 0, 1, 2, 2, 3, 2, 0, 1, 2, 2, 3, 3, 2, 3, 2, 3,
       2, 1, 2, 0, 0, 3, 1, 3, 2, 1, 3, 3, 3, 1, 2, 3, 0, 3, 2, 3, 0, 1,
       3, 2, 0, 3, 0, 0, 0, 0, 1, 1], dtype=object)]
[30, array([0., 0., 0., 0.]), array([1, 1, 1, 0, 0, 0, 1, 0, 0, 1, 3, 0, 1, 2, 3, 1, 1, 3, 1, 2, 3, 0,
       0, 2, 2, 1, 3, 0, 2, 0, 3, 3, 0, 2, 1, 1, 1, 3, 2, 2, 1, 1, 0, 3,
       2, 2, 1, 1, 2, 2, 3, 0, 1, 2, 0, 3, 2, 3, 0, 3, 1, 3, 0, 1, 0, 3,
       1, 3, 2, 2, 3, 0, 0, 1, 2, 2, 3, 2, 0, 1, 2, 2, 3, 3, 2, 3, 2, 3,
       2, 1, 2, 0, 0, 3, 1, 3, 2, 1, 3, 3, 3, 1, 2, 3, 0, 3, 2, 3, 0, 1,
       3, 2, 0, 3, 0, 0, 0, 0, 1, 1], dtype=object)]
[31, array([-10.,  -5.,  -5.,   0.]), array([1, 1, 0, 3, 1, 2, 2, 3, 0, 0, 0, 2, 3, 2, 1, 1, 2, 3, 0, 2, 3, 3,
       0, 2, 0, 1, 3, 0, 3, 2, 2, 3, 1, 2, 2, 1, 3, 2, 2, 3, 3, 1, 0, 3,
       3, 2, 1, 1, 3, 3, 3, 2, 1, 1, 0, 3, 1, 1, 1, 0, 2, 3, 0, 0, 0, 2,
       1, 1, 2, 3, 3, 2, 2, 2, 2, 3, 1, 3, 1, 3, 0, 0, 3, 3, 2, 3, 2, 1,
       2, 1, 2, 0, 3, 0, 3, 1, 0, 1, 3, 2, 3, 0, 2, 3, 2, 2, 2, 3, 2, 0,
       0, 1, 1, 3, 2, 0, 3, 1, 1, 2], dtype=object)]
[31, array([-10.,  -5.,  -5.,   0.]), array([1, 1, 0, 3, 1, 2, 2, 3, 0, 0, 0, 2, 3, 2, 1, 1, 2, 3, 0, 2, 3, 3,
       0, 2, 0, 1, 3, 0, 3, 2, 2, 3, 1, 2, 2, 1, 3, 2, 2, 3, 3, 1, 0, 3,
       3, 2, 1, 1, 3, 3, 3, 2, 1, 1, 0, 3, 1, 1, 1, 0, 2, 3, 0, 0, 0, 2,
       1, 1, 2, 3, 3, 2, 2, 2, 2, 3, 1, 3, 1, 3, 0, 0, 3, 3, 2, 3, 2, 1,
       2, 1, 2, 0, 3, 0, 3, 1, 0, 1, 3, 2, 3, 0, 2, 3, 2, 2, 2, 3, 2, 0,
       0, 1, 1, 3, 2, 0, 3, 1, 1, 2], dtype=object)]
[31, array([-10.,  -5.,  -5.,   0.]), array([1, 1, 0, 3, 1, 2, 2, 3, 0, 0, 0, 2, 3, 2, 1, 1, 2, 3, 0, 2, 3, 3,
       0, 2, 0, 1, 3, 0, 3, 2, 2, 3, 1, 2, 2, 1, 3, 2, 2, 3, 3, 1, 0, 3,
       3, 2, 1, 1, 3, 3, 3, 2, 1, 1, 0, 3, 1, 1, 1, 0, 2, 3, 0, 0, 0, 2,
       1, 1, 2, 3, 3, 2, 2, 2, 2, 3, 1, 3, 1, 3, 0, 0, 3, 3, 2, 3, 2, 1,
       2, 1, 2, 0, 3, 0, 3, 1, 0, 1, 3, 2, 3, 0, 2, 3, 2, 2, 2, 3, 2, 0,
       0, 1, 1, 3, 2, 0, 3, 1, 1, 2], dtype=object)]
[31, array([-10.,  -5.,  -5.,   0.]), array([1, 1, 0, 3, 1, 2, 2, 3, 0, 0, 0, 2, 3, 2, 1, 1, 2, 3, 0, 2, 3, 3,
       0, 2, 0, 1, 3, 0, 3, 2, 2, 3, 1, 2, 2, 1, 3, 2, 2, 3, 3, 1, 0, 3,
       3, 2, 1, 1, 3, 3, 3, 2, 1, 1, 0, 3, 1, 1, 1, 0, 2, 3, 0, 0, 0, 2,
       1, 1, 2, 3, 3, 2, 2, 2, 2, 3, 1, 3, 1, 3, 0, 0, 3, 3, 2, 3, 2, 1,
       2, 1, 2, 0, 3, 0, 3, 1, 0, 1, 3, 2, 3, 0, 2, 3, 2, 2, 2, 3, 2, 0,
       0, 1, 1, 3, 2, 0, 3, 1, 1, 2], dtype=object)]
[32, array([-10.,  -5.,  -5.,   0.]), array([1, 1, 0, 3, 1, 2, 2, 3, 0, 0, 0, 2, 3, 2, 1, 1, 2, 3, 0, 2, 3, 3,
       0, 2, 0, 1, 3, 0, 3, 2, 2, 3, 1, 2, 2, 1, 3, 2, 2, 3, 3, 0, 0, 3,
       3, 2, 1, 1, 3, 3, 3, 2, 1, 1, 0, 3, 1, 1, 1, 0, 2, 3, 0, 0, 0, 2,
       1, 1, 2, 3, 3, 2, 2, 2, 2, 3, 1, 3, 1, 3, 0, 0, 3, 3, 2, 3, 2, 1,
       2, 1, 2, 0, 3, 0, 3, 1, 0, 1, 3, 2, 3, 0, 2, 3, 2, 2, 2, 3, 2, 0,
       0, 1, 1, 3, 2, 0, 3, 1, 1, 2], dtype=object)]
[32, array([-10.,  -5.,  -5.,   0.]), array([1, 1, 0, 3, 1, 2, 2, 3, 0, 0, 0, 2, 3, 2, 1, 1, 2, 3, 0, 2, 3, 3,
       0, 2, 0, 1, 3, 0, 3, 2, 2, 3, 1, 2, 2, 1, 3, 2, 2, 3, 3, 0, 0, 3,
       3, 2, 1, 1, 3, 3, 3, 2, 1, 1, 0, 3, 1, 1, 1, 0, 2, 3, 0, 0, 0, 2,
       1, 1, 2, 3, 3, 2, 2, 2, 2, 3, 1, 3, 1, 3, 0, 0, 3, 3, 2, 3, 2, 1,
       2, 1, 2, 0, 3, 0, 3, 1, 0, 1, 3, 2, 3, 0, 2, 3, 2, 2, 2, 3, 2, 0,
       0, 1, 1, 3, 2, 0, 3, 1, 1, 2], dtype=object)]
[32, array([-10.,  -5.,  -5.,   0.]), array([1, 1, 0, 3, 1, 2, 2, 3, 0, 0, 0, 2, 3, 2, 1, 1, 2, 3, 0, 2, 3, 3,
       0, 2, 0, 1, 3, 0, 3, 2, 2, 3, 1, 2, 2, 1, 3, 2, 2, 3, 3, 0, 0, 3,
       3, 2, 1, 1, 3, 3, 3, 2, 1, 1, 0, 3, 1, 1, 1, 0, 2, 3, 0, 0, 0, 2,
       1, 1, 2, 3, 3, 2, 2, 2, 2, 3, 1, 3, 1, 3, 0, 0, 3, 3, 2, 3, 2, 1,
       2, 1, 2, 0, 3, 0, 3, 1, 0, 1, 3, 2, 3, 0, 2, 3, 2, 2, 2, 3, 2, 0,
       0, 1, 1, 3, 2, 0, 3, 1, 1, 2], dtype=object)]
[32, array([-10.,  -5.,  -5.,   0.]), array([1, 1, 0, 3, 1, 2, 2, 3, 0, 0, 0, 2, 3, 2, 1, 1, 2, 3, 0, 2, 3, 3,
       0, 2, 0, 1, 3, 0, 3, 2, 2, 3, 1, 2, 2, 1, 3, 2, 2, 3, 3, 0, 0, 3,
       3, 2, 1, 1, 3, 3, 3, 2, 1, 1, 0, 3, 1, 1, 1, 0, 2, 3, 0, 0, 0, 2,
       1, 1, 2, 3, 3, 2, 2, 2, 2, 3, 1, 3, 1, 3, 0, 0, 3, 3, 2, 3, 2, 1,
       2, 1, 2, 0, 3, 0, 3, 1, 0, 1, 3, 2, 3, 0, 2, 3, 2, 2, 2, 3, 2, 0,
       0, 1, 1, 3, 2, 0, 3, 1, 1, 2], dtype=object)]
[33, array([-10.,  -5.,  -5.,   0.]), array([1, 1, 0, 3, 1, 2, 2, 3, 0, 0, 0, 2, 3, 2, 1, 1, 2, 3, 0, 2, 3, 3,
       0, 2, 0, 1, 3, 0, 3, 2, 2, 3, 1, 2, 2, 1, 3, 2, 2, 3, 3, 0, 0, 3,
       3, 2, 1, 1, 3, 3, 3, 2, 1, 1, 0, 3, 1, 1, 1, 0, 2, 3, 0, 0, 0, 2,
       1, 1, 2, 3, 3, 2, 2, 2, 2, 3, 1, 3, 1, 3, 0, 0, 3, 3, 2, 3, 2, 1,
       2, 1, 2, 0, 3, 0, 3, 1, 0, 1, 3, 2, 3, 0, 2, 3, 2, 2, 2, 3, 2, 0,
       0, 1, 1, 3, 2, 0, 3, 1, 1, 2], dtype=object)]
[33, array([-10.,  -5.,  -5.,   0.]), array([1, 1, 0, 3, 1, 2, 2, 3, 0, 0, 0, 2, 3, 2, 1, 1, 2, 3, 0, 2, 3, 3,
       0, 2, 0, 1, 3, 0, 3, 2, 2, 3, 1, 2, 2, 1, 3, 2, 2, 3, 3, 0, 0, 3,
       3, 2, 1, 1, 3, 3, 3, 2, 1, 1, 0, 3, 1, 1, 1, 0, 2, 3, 0, 0, 0, 2,
       1, 1, 2, 3, 3, 2, 2, 2, 2, 3, 1, 3, 1, 3, 0, 0, 3, 3, 2, 3, 2, 1,
       2, 1, 2, 0, 3, 0, 3, 1, 0, 1, 3, 2, 3, 0, 2, 3, 2, 2, 2, 3, 2, 0,
       0, 1, 1, 3, 2, 0, 3, 1, 1, 2], dtype=object)]
[33, array([-10.,  -5.,  -5.,   0.]), array([1, 1, 0, 3, 1, 2, 2, 3, 0, 0, 0, 2, 3, 2, 1, 1, 2, 3, 0, 2, 3, 3,
       0, 2, 0, 1, 3, 0, 3, 2, 2, 3, 1, 2, 2, 1, 3, 2, 2, 3, 3, 0, 0, 3,
       3, 2, 1, 1, 3, 3, 3, 2, 1, 1, 0, 3, 1, 1, 1, 0, 2, 3, 0, 0, 0, 2,
       1, 1, 2, 3, 3, 2, 2, 2, 2, 3, 1, 3, 1, 3, 0, 0, 3, 3, 2, 3, 2, 1,
       2, 1, 2, 0, 3, 0, 3, 1, 0, 1, 3, 2, 3, 0, 2, 3, 2, 2, 2, 3, 2, 0,
       0, 1, 1, 3, 2, 0, 3, 1, 1, 2], dtype=object)]
[33, array([-10.,  -5.,  -5.,   0.]), array([1, 1, 0, 3, 1, 2, 2, 3, 0, 0, 0, 2, 3, 2, 1, 1, 2, 3, 0, 2, 3, 3,
       0, 2, 0, 1, 3, 0, 3, 2, 2, 3, 1, 2, 2, 1, 3, 2, 2, 3, 3, 0, 0, 3,
       3, 2, 1, 1, 3, 3, 3, 2, 1, 1, 0, 3, 1, 1, 1, 0, 2, 3, 0, 0, 0, 2,
       1, 1, 2, 3, 3, 2, 2, 2, 2, 3, 1, 3, 1, 3, 0, 0, 3, 3, 2, 3, 2, 1,
       2, 1, 2, 0, 3, 0, 3, 1, 0, 1, 3, 2, 3, 0, 2, 3, 2, 2, 2, 3, 2, 0,
       0, 1, 1, 3, 2, 0, 3, 1, 1, 2], dtype=object)]
[34, array([-10.,  -5.,  -5.,   0.]), array([1, 1, 0, 3, 1, 2, 2, 3, 0, 0, 0, 2, 3, 2, 1, 1, 2, 3, 0, 2, 3, 3,
       0, 2, 0, 1, 3, 0, 3, 2, 2, 3, 1, 2, 2, 1, 3, 2, 2, 3, 3, 0, 0, 3,
       3, 3, 1, 1, 3, 3, 3, 2, 1, 1, 0, 3, 1, 1, 1, 0, 2, 3, 0, 0, 0, 2,
       1, 1, 2, 3, 3, 2, 2, 2, 2, 3, 1, 3, 1, 3, 0, 0, 3, 3, 2, 3, 2, 1,
       2, 1, 2, 0, 3, 0, 3, 1, 0, 1, 3, 2, 3, 0, 2, 3, 2, 2, 2, 3, 2, 0,
       0, 1, 1, 3, 2, 0, 3, 1, 1, 2], dtype=object)]
[34, array([-10.,  -5.,  -5.,   0.]), array([1, 1, 0, 3, 1, 2, 2, 3, 0, 0, 0, 2, 3, 2, 1, 1, 2, 3, 0, 2, 3, 3,
       0, 2, 0, 1, 3, 0, 3, 2, 2, 3, 1, 2, 2, 1, 3, 2, 2, 3, 3, 0, 0, 3,
       3, 3, 1, 1, 3, 3, 3, 2, 1, 1, 0, 3, 1, 1, 1, 0, 2, 3, 0, 0, 0, 2,
       1, 1, 2, 3, 3, 2, 2, 2, 2, 3, 1, 3, 1, 3, 0, 0, 3, 3, 2, 3, 2, 1,
       2, 1, 2, 0, 3, 0, 3, 1, 0, 1, 3, 2, 3, 0, 2, 3, 2, 2, 2, 3, 2, 0,
       0, 1, 1, 3, 2, 0, 3, 1, 1, 2], dtype=object)]
[34, array([-10.,  -5.,  -5.,   0.]), array([1, 1, 0, 3, 1, 2, 2, 3, 0, 0, 0, 2, 3, 2, 1, 1, 2, 3, 0, 2, 3, 3,
       0, 2, 0, 1, 3, 0, 3, 2, 2, 3, 1, 2, 2, 1, 3, 2, 2, 3, 3, 0, 0, 3,
       3, 3, 1, 1, 3, 3, 3, 2, 1, 1, 0, 3, 1, 1, 1, 0, 2, 3, 0, 0, 0, 2,
       1, 1, 2, 3, 3, 2, 2, 2, 2, 3, 1, 3, 1, 3, 0, 0, 3, 3, 2, 3, 2, 1,
       2, 1, 2, 0, 3, 0, 3, 1, 0, 1, 3, 2, 3, 0, 2, 3, 2, 2, 2, 3, 2, 0,
       0, 1, 1, 3, 2, 0, 3, 1, 1, 2], dtype=object)]
[34, array([-10.,  -5.,  -5.,   0.]), array([1, 1, 0, 3, 1, 2, 2, 3, 0, 0, 0, 2, 3, 2, 1, 1, 2, 3, 0, 2, 3, 3,
       0, 2, 0, 1, 3, 0, 3, 2, 2, 3, 1, 2, 2, 1, 3, 2, 2, 3, 3, 0, 0, 3,
       3, 3, 1, 1, 3, 3, 3, 2, 1, 1, 0, 3, 1, 1, 1, 0, 2, 3, 0, 0, 0, 2,
       1, 1, 2, 3, 3, 2, 2, 2, 2, 3, 1, 3, 1, 3, 0, 0, 3, 3, 2, 3, 2, 1,
       2, 1, 2, 0, 3, 0, 3, 1, 0, 1, 3, 2, 3, 0, 2, 3, 2, 2, 2, 3, 2, 0,
       0, 1, 1, 3, 2, 0, 3, 1, 1, 2], dtype=object)]
[35, array([-18.,  -9.,  -9.,   0.]), array([1, 1, 0, 3, 1, 2, 2, 3, 0, 0, 0, 2, 3, 2, 1, 1, 2, 3, 0, 2, 3, 3,
       0, 2, 0, 1, 3, 0, 3, 2, 2, 3, 1, 2, 2, 1, 3, 2, 2, 3, 3, 0, 0, 3,
       3, 2, 1, 1, 3, 3, 3, 2, 1, 1, 0, 3, 1, 1, 1, 0, 2, 3, 0, 0, 0, 2,
       1, 1, 2, 3, 3, 2, 2, 2, 2, 3, 1, 1, 0, 3, 0, 3, 1, 3, 2, 3, 2, 1,
       2, 1, 3, 0, 1, 0, 1, 0, 0, 3, 3, 1, 2, 0, 3, 3, 2, 2, 0, 3, 2, 0,
       0, 1, 2, 2, 3, 2, 0, 3, 2, 2], dtype=object)]
[35, array([-18.,  -9.,  -9.,   0.]), array([1, 1, 0, 3, 1, 2, 2, 3, 0, 0, 0, 2, 3, 2, 1, 1, 2, 3, 0, 2, 3, 3,
       0, 2, 0, 1, 3, 0, 3, 2, 2, 3, 1, 2, 2, 1, 3, 2, 2, 3, 3, 0, 0, 3,
       3, 2, 1, 1, 3, 3, 3, 2, 1, 1, 0, 3, 1, 1, 1, 0, 2, 3, 0, 0, 0, 2,
       1, 1, 2, 3, 3, 2, 2, 2, 2, 3, 1, 1, 0, 3, 0, 3, 1, 3, 2, 3, 2, 1,
       2, 1, 3, 0, 1, 0, 1, 0, 0, 3, 3, 1, 2, 0, 3, 3, 2, 2, 0, 3, 2, 0,
       0, 1, 2, 2, 3, 2, 0, 3, 2, 2], dtype=object)]
[35, array([-18.,  -9.,  -9.,   0.]), array([1, 1, 0, 3, 1, 2, 2, 3, 0, 0, 0, 2, 3, 2, 1, 1, 2, 3, 0, 2, 3, 3,
       0, 2, 0, 1, 3, 0, 3, 2, 2, 3, 1, 2, 2, 1, 3, 2, 2, 3, 3, 0, 0, 3,
       3, 2, 1, 1, 3, 3, 3, 2, 1, 1, 0, 3, 1, 1, 1, 0, 2, 3, 0, 0, 0, 2,
       1, 1, 2, 3, 3, 2, 2, 2, 2, 3, 1, 1, 0, 3, 0, 3, 1, 3, 2, 3, 2, 1,
       2, 1, 3, 0, 1, 0, 1, 0, 0, 3, 3, 1, 2, 0, 3, 3, 2, 2, 0, 3, 2, 0,
       0, 1, 2, 2, 3, 2, 0, 3, 2, 2], dtype=object)]
[35, array([-18.,  -9.,  -9.,   0.]), array([1, 1, 0, 3, 1, 2, 2, 3, 0, 0, 0, 2, 3, 2, 1, 1, 2, 3, 0, 2, 3, 3,
       0, 2, 0, 1, 3, 0, 3, 2, 2, 3, 1, 2, 2, 1, 3, 2, 2, 3, 3, 0, 0, 3,
       3, 2, 1, 1, 3, 3, 3, 2, 1, 1, 0, 3, 1, 1, 1, 0, 2, 3, 0, 0, 0, 2,
       1, 1, 2, 3, 3, 2, 2, 2, 2, 3, 1, 1, 0, 3, 0, 3, 1, 3, 2, 3, 2, 1,
       2, 1, 3, 0, 1, 0, 1, 0, 0, 3, 3, 1, 2, 0, 3, 3, 2, 2, 0, 3, 2, 0,
       0, 1, 2, 2, 3, 2, 0, 3, 2, 2], dtype=object)]
[36, array([-18.,  -9.,  -9.,   0.]), array([1, 1, 0, 3, 1, 2, 2, 3, 0, 0, 0, 2, 3, 2, 1, 1, 2, 3, 0, 2, 3, 3,
       0, 2, 0, 1, 3, 0, 3, 2, 2, 3, 1, 2, 2, 1, 3, 2, 2, 3, 3, 0, 0, 3,
       3, 2, 1, 1, 3, 3, 3, 2, 1, 1, 0, 3, 1, 1, 1, 0, 0, 3, 0, 0, 0, 2,
       1, 1, 2, 3, 3, 2, 2, 2, 2, 3, 1, 1, 0, 3, 0, 3, 1, 3, 2, 3, 2, 1,
       2, 1, 3, 0, 1, 0, 1, 0, 0, 3, 3, 1, 2, 0, 3, 3, 2, 2, 0, 3, 2, 0,
       0, 1, 2, 2, 3, 2, 0, 3, 2, 2], dtype=object)]
[36, array([-18.,  -9.,  -9.,   0.]), array([1, 1, 0, 3, 1, 2, 2, 3, 0, 0, 0, 2, 3, 2, 1, 1, 2, 3, 0, 2, 3, 3,
       0, 2, 0, 1, 3, 0, 3, 2, 2, 3, 1, 2, 2, 1, 3, 2, 2, 3, 3, 0, 0, 3,
       3, 2, 1, 1, 3, 3, 3, 2, 1, 1, 0, 3, 1, 1, 1, 0, 0, 3, 0, 0, 0, 2,
       1, 1, 2, 3, 3, 2, 2, 2, 2, 3, 1, 1, 0, 3, 0, 3, 1, 3, 2, 3, 2, 1,
       2, 1, 3, 0, 1, 0, 1, 0, 0, 3, 3, 1, 2, 0, 3, 3, 2, 2, 0, 3, 2, 0,
       0, 1, 2, 2, 3, 2, 0, 3, 2, 2], dtype=object)]
[36, array([-18.,  -9.,  -9.,   0.]), array([1, 1, 0, 3, 1, 2, 2, 3, 0, 0, 0, 2, 3, 2, 1, 1, 2, 3, 0, 2, 3, 3,
       0, 2, 0, 1, 3, 0, 3, 2, 2, 3, 1, 2, 2, 1, 3, 2, 2, 3, 3, 0, 0, 3,
       3, 2, 1, 1, 3, 3, 3, 2, 1, 1, 0, 3, 1, 1, 1, 0, 0, 3, 0, 0, 0, 2,
       1, 1, 2, 3, 3, 2, 2, 2, 2, 3, 1, 1, 0, 3, 0, 3, 1, 3, 2, 3, 2, 1,
       2, 1, 3, 0, 1, 0, 1, 0, 0, 3, 3, 1, 2, 0, 3, 3, 2, 2, 0, 3, 2, 0,
       0, 1, 2, 2, 3, 2, 0, 3, 2, 2], dtype=object)]
[36, array([-18.,  -9.,  -9.,   0.]), array([1, 1, 0, 3, 1, 2, 2, 3, 0, 0, 0, 2, 3, 2, 1, 1, 2, 3, 0, 2, 3, 3,
       0, 2, 0, 1, 3, 0, 3, 2, 2, 3, 1, 2, 2, 1, 3, 2, 2, 3, 3, 0, 0, 3,
       3, 2, 1, 1, 3, 3, 3, 2, 1, 1, 0, 3, 1, 1, 1, 0, 0, 3, 0, 0, 0, 2,
       1, 1, 2, 3, 3, 2, 2, 2, 2, 3, 1, 1, 0, 3, 0, 3, 1, 3, 2, 3, 2, 1,
       2, 1, 3, 0, 1, 0, 1, 0, 0, 3, 3, 1, 2, 0, 3, 3, 2, 2, 0, 3, 2, 0,
       0, 1, 2, 2, 3, 2, 0, 3, 2, 2], dtype=object)]
[37, array([-18.,  -9.,  -9.,   0.]), array([1, 1, 0, 3, 1, 2, 2, 3, 0, 0, 0, 2, 3, 2, 1, 1, 2, 3, 0, 2, 3, 3,
       0, 2, 0, 1, 3, 0, 3, 2, 2, 3, 1, 2, 2, 1, 3, 2, 2, 3, 3, 0, 0, 3,
       3, 2, 1, 1, 3, 3, 3, 2, 1, 1, 0, 3, 1, 1, 1, 0, 0, 3, 0, 0, 0, 2,
       1, 1, 2, 3, 3, 2, 2, 2, 2, 3, 1, 1, 0, 3, 0, 3, 1, 3, 2, 3, 2, 1,
       2, 1, 3, 0, 1, 0, 1, 0, 0, 3, 3, 1, 2, 0, 3, 3, 2, 2, 0, 3, 2, 0,
       0, 1, 2, 2, 3, 2, 0, 3, 2, 2], dtype=object)]
[37, array([-18.,  -9.,  -9.,   0.]), array([1, 1, 0, 3, 1, 2, 2, 3, 0, 0, 0, 2, 3, 2, 1, 1, 2, 3, 0, 2, 3, 3,
       0, 2, 0, 1, 3, 0, 3, 2, 2, 3, 1, 2, 2, 1, 3, 2, 2, 3, 3, 0, 0, 3,
       3, 2, 1, 1, 3, 3, 3, 2, 1, 1, 0, 3, 1, 1, 1, 0, 0, 3, 0, 0, 0, 2,
       1, 1, 2, 3, 3, 2, 2, 2, 2, 3, 1, 1, 0, 3, 0, 3, 1, 3, 2, 3, 2, 1,
       2, 1, 3, 0, 1, 0, 1, 0, 0, 3, 3, 1, 2, 0, 3, 3, 2, 2, 0, 3, 2, 0,
       0, 1, 2, 2, 3, 2, 0, 3, 2, 2], dtype=object)]
[37, array([-18.,  -9.,  -9.,   0.]), array([1, 1, 0, 3, 1, 2, 2, 3, 0, 0, 0, 2, 3, 2, 1, 1, 2, 3, 0, 2, 3, 3,
       0, 2, 0, 1, 3, 0, 3, 2, 2, 3, 1, 2, 2, 1, 3, 2, 2, 3, 3, 0, 0, 3,
       3, 2, 1, 1, 3, 3, 3, 2, 1, 1, 0, 3, 1, 1, 1, 0, 0, 3, 0, 0, 0, 2,
       1, 1, 2, 3, 3, 2, 2, 2, 2, 3, 1, 1, 0, 3, 0, 3, 1, 3, 2, 3, 2, 1,
       2, 1, 3, 0, 1, 0, 1, 0, 0, 3, 3, 1, 2, 0, 3, 3, 2, 2, 0, 3, 2, 0,
       0, 1, 2, 2, 3, 2, 0, 3, 2, 2], dtype=object)]
[37, array([-18.,  -9.,  -9.,   0.]), array([1, 1, 0, 3, 1, 2, 2, 3, 0, 0, 0, 2, 3, 2, 1, 1, 2, 3, 0, 2, 3, 3,
       0, 2, 0, 1, 3, 0, 3, 2, 2, 3, 1, 2, 2, 1, 3, 2, 2, 3, 3, 0, 0, 3,
       3, 2, 1, 1, 3, 3, 3, 2, 1, 1, 0, 3, 1, 1, 1, 0, 0, 3, 0, 0, 0, 2,
       1, 1, 2, 3, 3, 2, 2, 2, 2, 3, 1, 1, 0, 3, 0, 3, 1, 3, 2, 3, 2, 1,
       2, 1, 3, 0, 1, 0, 1, 0, 0, 3, 3, 1, 2, 0, 3, 3, 2, 2, 0, 3, 2, 0,
       0, 1, 2, 2, 3, 2, 0, 3, 2, 2], dtype=object)]
[38, array([-18.,  -9.,  -9.,   0.]), array([1, 1, 0, 3, 1, 2, 2, 3, 0, 0, 0, 2, 2, 2, 1, 1, 2, 3, 0, 2, 3, 3,
       0, 2, 3, 1, 3, 0, 3, 2, 2, 3, 1, 2, 2, 1, 3, 2, 2, 3, 3, 1, 0, 3,
       3, 2, 1, 1, 3, 3, 3, 2, 1, 1, 0, 3, 1, 1, 1, 0, 0, 3, 0, 0, 0, 2,
       1, 1, 2, 3, 3, 2, 2, 2, 2, 3, 1, 1, 0, 3, 0, 3, 1, 3, 2, 3, 2, 1,
       2, 1, 3, 0, 1, 0, 1, 0, 0, 3, 3, 1, 2, 0, 3, 3, 2, 2, 0, 3, 2, 0,
       0, 1, 2, 2, 3, 2, 0, 3, 2, 2], dtype=object)]
[38, array([-18.,  -9.,  -9.,   0.]), array([1, 1, 0, 3, 1, 2, 2, 3, 0, 0, 0, 2, 2, 2, 1, 1, 2, 3, 0, 2, 3, 3,
       0, 2, 3, 1, 3, 0, 3, 2, 2, 3, 1, 2, 2, 1, 3, 2, 2, 3, 3, 1, 0, 3,
       3, 2, 1, 1, 3, 3, 3, 2, 1, 1, 0, 3, 1, 1, 1, 0, 0, 3, 0, 0, 0, 2,
       1, 1, 2, 3, 3, 2, 2, 2, 2, 3, 1, 1, 0, 3, 0, 3, 1, 3, 2, 3, 2, 1,
       2, 1, 3, 0, 1, 0, 1, 0, 0, 3, 3, 1, 2, 0, 3, 3, 2, 2, 0, 3, 2, 0,
       0, 1, 2, 2, 3, 2, 0, 3, 2, 2], dtype=object)]
[38, array([-18.,  -9.,  -9.,   0.]), array([1, 1, 0, 3, 1, 2, 2, 3, 0, 0, 0, 2, 2, 2, 1, 1, 2, 3, 0, 2, 3, 3,
       0, 2, 3, 1, 3, 0, 3, 2, 2, 3, 1, 2, 2, 1, 3, 2, 2, 3, 3, 1, 0, 3,
       3, 2, 1, 1, 3, 3, 3, 2, 1, 1, 0, 3, 1, 1, 1, 0, 0, 3, 0, 0, 0, 2,
       1, 1, 2, 3, 3, 2, 2, 2, 2, 3, 1, 1, 0, 3, 0, 3, 1, 3, 2, 3, 2, 1,
       2, 1, 3, 0, 1, 0, 1, 0, 0, 3, 3, 1, 2, 0, 3, 3, 2, 2, 0, 3, 2, 0,
       0, 1, 2, 2, 3, 2, 0, 3, 2, 2], dtype=object)]
[38, array([-18.,  -9.,  -9.,   0.]), array([1, 1, 0, 3, 1, 2, 2, 3, 0, 0, 0, 2, 2, 2, 1, 1, 2, 3, 0, 2, 3, 3,
       0, 2, 3, 1, 3, 0, 3, 2, 2, 3, 1, 2, 2, 1, 3, 2, 2, 3, 3, 1, 0, 3,
       3, 2, 1, 1, 3, 3, 3, 2, 1, 1, 0, 3, 1, 1, 1, 0, 0, 3, 0, 0, 0, 2,
       1, 1, 2, 3, 3, 2, 2, 2, 2, 3, 1, 1, 0, 3, 0, 3, 1, 3, 2, 3, 2, 1,
       2, 1, 3, 0, 1, 0, 1, 0, 0, 3, 3, 1, 2, 0, 3, 3, 2, 2, 0, 3, 2, 0,
       0, 1, 2, 2, 3, 2, 0, 3, 2, 2], dtype=object)]
[39, array([-18.,  -9.,  -9.,   0.]), array([1, 1, 0, 3, 1, 2, 2, 3, 0, 0, 0, 2, 3, 2, 1, 1, 2, 3, 0, 2, 3, 3,
       0, 2, 0, 1, 3, 0, 2, 2, 2, 3, 1, 2, 2, 1, 3, 2, 2, 3, 3, 0, 0, 3,
       3, 2, 1, 1, 3, 3, 3, 2, 1, 1, 0, 3, 1, 1, 1, 0, 2, 3, 0, 0, 0, 2,
       1, 1, 2, 3, 3, 2, 2, 2, 2, 3, 1, 1, 0, 3, 0, 3, 1, 3, 2, 3, 2, 1,
       2, 1, 3, 0, 1, 0, 1, 0, 0, 3, 3, 1, 2, 0, 3, 3, 2, 2, 0, 3, 2, 0,
       0, 1, 2, 2, 3, 2, 0, 3, 2, 2], dtype=object)]
[39, array([-18.,  -9.,  -9.,   0.]), array([1, 1, 0, 3, 1, 2, 2, 3, 0, 0, 0, 2, 3, 2, 1, 1, 2, 3, 0, 2, 3, 3,
       0, 2, 0, 1, 3, 0, 2, 2, 2, 3, 1, 2, 2, 1, 3, 2, 2, 3, 3, 0, 0, 3,
       3, 2, 1, 1, 3, 3, 3, 2, 1, 1, 0, 3, 1, 1, 1, 0, 2, 3, 0, 0, 0, 2,
       1, 1, 2, 3, 3, 2, 2, 2, 2, 3, 1, 1, 0, 3, 0, 3, 1, 3, 2, 3, 2, 1,
       2, 1, 3, 0, 1, 0, 1, 0, 0, 3, 3, 1, 2, 0, 3, 3, 2, 2, 0, 3, 2, 0,
       0, 1, 2, 2, 3, 2, 0, 3, 2, 2], dtype=object)]
[39, array([-18.,  -9.,  -9.,   0.]), array([1, 1, 0, 3, 1, 2, 2, 3, 0, 0, 0, 2, 3, 2, 1, 1, 2, 3, 0, 2, 3, 3,
       0, 2, 0, 1, 3, 0, 2, 2, 2, 3, 1, 2, 2, 1, 3, 2, 2, 3, 3, 0, 0, 3,
       3, 2, 1, 1, 3, 3, 3, 2, 1, 1, 0, 3, 1, 1, 1, 0, 2, 3, 0, 0, 0, 2,
       1, 1, 2, 3, 3, 2, 2, 2, 2, 3, 1, 1, 0, 3, 0, 3, 1, 3, 2, 3, 2, 1,
       2, 1, 3, 0, 1, 0, 1, 0, 0, 3, 3, 1, 2, 0, 3, 3, 2, 2, 0, 3, 2, 0,
       0, 1, 2, 2, 3, 2, 0, 3, 2, 2], dtype=object)]
[39, array([-18.,  -9.,  -9.,   0.]), array([1, 1, 0, 3, 1, 2, 2, 3, 0, 0, 0, 2, 3, 2, 1, 1, 2, 3, 0, 2, 3, 3,
       0, 2, 0, 1, 3, 0, 2, 2, 2, 3, 1, 2, 2, 1, 3, 2, 2, 3, 3, 0, 0, 3,
       3, 2, 1, 1, 3, 3, 3, 2, 1, 1, 0, 3, 1, 1, 1, 0, 2, 3, 0, 0, 0, 2,
       1, 1, 2, 3, 3, 2, 2, 2, 2, 3, 1, 1, 0, 3, 0, 3, 1, 3, 2, 3, 2, 1,
       2, 1, 3, 0, 1, 0, 1, 0, 0, 3, 3, 1, 2, 0, 3, 3, 2, 2, 0, 3, 2, 0,
       0, 1, 2, 2, 3, 2, 0, 3, 2, 2], dtype=object)]
[40, array([-18.,  -9.,  -9.,   0.]), array([1, 1, 0, 3, 1, 2, 2, 3, 0, 0, 0, 2, 3, 2, 1, 1, 2, 3, 0, 2, 3, 3,
       0, 2, 0, 1, 3, 0, 2, 2, 2, 3, 1, 2, 2, 1, 3, 2, 2, 3, 3, 0, 1, 3,
       3, 2, 1, 1, 3, 3, 3, 2, 1, 1, 0, 3, 1, 1, 1, 0, 2, 3, 0, 0, 0, 2,
       1, 1, 2, 3, 3, 2, 2, 2, 2, 3, 1, 1, 0, 3, 0, 3, 1, 3, 2, 3, 2, 1,
       2, 1, 3, 0, 1, 0, 1, 0, 0, 3, 3, 1, 2, 0, 3, 3, 2, 2, 0, 3, 2, 0,
       0, 1, 2, 2, 3, 2, 0, 3, 2, 2], dtype=object)]
[40, array([-18.,  -9.,  -9.,   0.]), array([1, 1, 0, 3, 1, 2, 2, 3, 0, 0, 0, 2, 3, 2, 1, 1, 2, 3, 0, 2, 3, 3,
       0, 2, 0, 1, 3, 0, 2, 2, 2, 3, 1, 2, 2, 1, 3, 2, 2, 3, 3, 0, 1, 3,
       3, 2, 1, 1, 3, 3, 3, 2, 1, 1, 0, 3, 1, 1, 1, 0, 2, 3, 0, 0, 0, 2,
       1, 1, 2, 3, 3, 2, 2, 2, 2, 3, 1, 1, 0, 3, 0, 3, 1, 3, 2, 3, 2, 1,
       2, 1, 3, 0, 1, 0, 1, 0, 0, 3, 3, 1, 2, 0, 3, 3, 2, 2, 0, 3, 2, 0,
       0, 1, 2, 2, 3, 2, 0, 3, 2, 2], dtype=object)]
[40, array([-18.,  -9.,  -9.,   0.]), array([1, 1, 0, 3, 1, 2, 2, 3, 0, 0, 0, 2, 3, 2, 1, 1, 2, 3, 0, 2, 3, 3,
       0, 2, 0, 1, 3, 0, 2, 2, 2, 3, 1, 2, 2, 1, 3, 2, 2, 3, 3, 0, 1, 3,
       3, 2, 1, 1, 3, 3, 3, 2, 1, 1, 0, 3, 1, 1, 1, 0, 2, 3, 0, 0, 0, 2,
       1, 1, 2, 3, 3, 2, 2, 2, 2, 3, 1, 1, 0, 3, 0, 3, 1, 3, 2, 3, 2, 1,
       2, 1, 3, 0, 1, 0, 1, 0, 0, 3, 3, 1, 2, 0, 3, 3, 2, 2, 0, 3, 2, 0,
       0, 1, 2, 2, 3, 2, 0, 3, 2, 2], dtype=object)]
[40, array([-18.,  -9.,  -9.,   0.]), array([1, 1, 0, 3, 1, 2, 2, 3, 0, 0, 0, 2, 3, 2, 1, 1, 2, 3, 0, 2, 3, 3,
       0, 2, 0, 1, 3, 0, 2, 2, 2, 3, 1, 2, 2, 1, 3, 2, 2, 3, 3, 0, 1, 3,
       3, 2, 1, 1, 3, 3, 3, 2, 1, 1, 0, 3, 1, 1, 1, 0, 2, 3, 0, 0, 0, 2,
       1, 1, 2, 3, 3, 2, 2, 2, 2, 3, 1, 1, 0, 3, 0, 3, 1, 3, 2, 3, 2, 1,
       2, 1, 3, 0, 1, 0, 1, 0, 0, 3, 3, 1, 2, 0, 3, 3, 2, 2, 0, 3, 2, 0,
       0, 1, 2, 2, 3, 2, 0, 3, 2, 2], dtype=object)]
[41, array([-18.,  -9.,  -9.,   0.]), array([1, 1, 0, 3, 1, 2, 2, 3, 0, 0, 0, 2, 3, 2, 1, 1, 2, 3, 0, 2, 3, 3,
       0, 2, 0, 1, 3, 0, 2, 2, 2, 3, 1, 2, 2, 1, 3, 2, 2, 3, 3, 0, 1, 3,
       3, 2, 1, 1, 3, 3, 3, 2, 1, 1, 0, 3, 1, 1, 1, 0, 2, 3, 0, 0, 0, 2,
       1, 1, 2, 3, 3, 2, 2, 2, 2, 3, 1, 1, 0, 3, 0, 3, 1, 3, 2, 3, 2, 1,
       2, 1, 3, 0, 1, 0, 1, 0, 0, 3, 3, 1, 2, 0, 3, 3, 2, 2, 0, 3, 2, 0,
       0, 1, 2, 2, 3, 2, 0, 3, 2, 2], dtype=object)]
[41, array([-18.,  -9.,  -9.,   0.]), array([1, 1, 0, 3, 1, 2, 2, 3, 0, 0, 0, 2, 3, 2, 1, 1, 2, 3, 0, 2, 3, 3,
       0, 2, 0, 1, 3, 0, 2, 2, 2, 3, 1, 2, 2, 1, 3, 2, 2, 3, 3, 0, 1, 3,
       3, 2, 1, 1, 3, 3, 3, 2, 1, 1, 0, 3, 1, 1, 1, 0, 2, 3, 0, 0, 0, 2,
       1, 1, 2, 3, 3, 2, 2, 2, 2, 3, 1, 1, 0, 3, 0, 3, 1, 3, 2, 3, 2, 1,
       2, 1, 3, 0, 1, 0, 1, 0, 0, 3, 3, 1, 2, 0, 3, 3, 2, 2, 0, 3, 2, 0,
       0, 1, 2, 2, 3, 2, 0, 3, 2, 2], dtype=object)]
[41, array([-18.,  -9.,  -9.,   0.]), array([1, 1, 0, 3, 1, 2, 2, 3, 0, 0, 0, 2, 3, 2, 1, 1, 2, 3, 0, 2, 3, 3,
       0, 2, 0, 1, 3, 0, 2, 2, 2, 3, 1, 2, 2, 1, 3, 2, 2, 3, 3, 0, 1, 3,
       3, 2, 1, 1, 3, 3, 3, 2, 1, 1, 0, 3, 1, 1, 1, 0, 2, 3, 0, 0, 0, 2,
       1, 1, 2, 3, 3, 2, 2, 2, 2, 3, 1, 1, 0, 3, 0, 3, 1, 3, 2, 3, 2, 1,
       2, 1, 3, 0, 1, 0, 1, 0, 0, 3, 3, 1, 2, 0, 3, 3, 2, 2, 0, 3, 2, 0,
       0, 1, 2, 2, 3, 2, 0, 3, 2, 2], dtype=object)]
[41, array([-18.,  -9.,  -9.,   0.]), array([1, 1, 0, 3, 1, 2, 2, 3, 0, 0, 0, 2, 3, 2, 1, 1, 2, 3, 0, 2, 3, 3,
       0, 2, 0, 1, 3, 0, 2, 2, 2, 3, 1, 2, 2, 1, 3, 2, 2, 3, 3, 0, 1, 3,
       3, 2, 1, 1, 3, 3, 3, 2, 1, 1, 0, 3, 1, 1, 1, 0, 2, 3, 0, 0, 0, 2,
       1, 1, 2, 3, 3, 2, 2, 2, 2, 3, 1, 1, 0, 3, 0, 3, 1, 3, 2, 3, 2, 1,
       2, 1, 3, 0, 1, 0, 1, 0, 0, 3, 3, 1, 2, 0, 3, 3, 2, 2, 0, 3, 2, 0,
       0, 1, 2, 2, 3, 2, 0, 3, 2, 2], dtype=object)]
[42, array([-18.,  -9.,  -9.,   0.]), array([1, 1, 0, 3, 1, 2, 2, 0, 0, 0, 0, 2, 3, 2, 1, 1, 2, 3, 0, 2, 3, 3,
       0, 2, 0, 1, 3, 0, 2, 2, 2, 3, 1, 2, 2, 1, 3, 2, 2, 3, 3, 0, 1, 3,
       3, 2, 1, 1, 3, 3, 3, 2, 1, 1, 0, 3, 1, 3, 1, 0, 2, 3, 0, 0, 0, 2,
       1, 1, 2, 3, 3, 2, 2, 2, 2, 3, 1, 1, 0, 3, 0, 3, 1, 3, 2, 3, 2, 1,
       2, 1, 3, 0, 1, 0, 1, 0, 0, 3, 3, 1, 2, 0, 3, 3, 2, 2, 0, 3, 2, 0,
       0, 1, 2, 2, 3, 2, 0, 0, 2, 2], dtype=object)]
[42, array([-18.,  -9.,  -9.,   0.]), array([1, 1, 0, 3, 1, 2, 2, 0, 0, 0, 0, 2, 3, 2, 1, 1, 2, 3, 0, 2, 3, 3,
       0, 2, 0, 1, 3, 0, 2, 2, 2, 3, 1, 2, 2, 1, 3, 2, 2, 3, 3, 0, 1, 3,
       3, 2, 1, 1, 3, 3, 3, 2, 1, 1, 0, 3, 1, 3, 1, 0, 2, 3, 0, 0, 0, 2,
       1, 1, 2, 3, 3, 2, 2, 2, 2, 3, 1, 1, 0, 3, 0, 3, 1, 3, 2, 3, 2, 1,
       2, 1, 3, 0, 1, 0, 1, 0, 0, 3, 3, 1, 2, 0, 3, 3, 2, 2, 0, 3, 2, 0,
       0, 1, 2, 2, 3, 2, 0, 0, 2, 2], dtype=object)]
[42, array([-18.,  -9.,  -9.,   0.]), array([1, 1, 0, 3, 1, 2, 2, 0, 0, 0, 0, 2, 3, 2, 1, 1, 2, 3, 0, 2, 3, 3,
       0, 2, 0, 1, 3, 0, 2, 2, 2, 3, 1, 2, 2, 1, 3, 2, 2, 3, 3, 0, 1, 3,
       3, 2, 1, 1, 3, 3, 3, 2, 1, 1, 0, 3, 1, 3, 1, 0, 2, 3, 0, 0, 0, 2,
       1, 1, 2, 3, 3, 2, 2, 2, 2, 3, 1, 1, 0, 3, 0, 3, 1, 3, 2, 3, 2, 1,
       2, 1, 3, 0, 1, 0, 1, 0, 0, 3, 3, 1, 2, 0, 3, 3, 2, 2, 0, 3, 2, 0,
       0, 1, 2, 2, 3, 2, 0, 0, 2, 2], dtype=object)]
[42, array([-18.,  -9.,  -9.,   0.]), array([1, 1, 0, 3, 1, 2, 2, 0, 0, 0, 0, 2, 3, 2, 1, 1, 2, 3, 0, 2, 3, 3,
       0, 2, 0, 1, 3, 0, 2, 2, 2, 3, 1, 2, 2, 1, 3, 2, 2, 3, 3, 0, 1, 3,
       3, 2, 1, 1, 3, 3, 3, 2, 1, 1, 0, 3, 1, 3, 1, 0, 2, 3, 0, 0, 0, 2,
       1, 1, 2, 3, 3, 2, 2, 2, 2, 3, 1, 1, 0, 3, 0, 3, 1, 3, 2, 3, 2, 1,
       2, 1, 3, 0, 1, 0, 1, 0, 0, 3, 3, 1, 2, 0, 3, 3, 2, 2, 0, 3, 2, 0,
       0, 1, 2, 2, 3, 2, 0, 0, 2, 2], dtype=object)]
[43, array([-18.,  -9.,  -9.,   0.]), array([1, 1, 0, 3, 1, 2, 2, 0, 0, 0, 0, 2, 3, 2, 1, 1, 2, 3, 0, 2, 3, 3,
       0, 2, 3, 1, 3, 0, 3, 3, 2, 3, 1, 2, 2, 1, 3, 2, 2, 3, 3, 1, 0, 3,
       3, 2, 1, 1, 3, 2, 3, 1, 0, 2, 2, 3, 3, 2, 2, 1, 0, 3, 3, 0, 1, 2,
       2, 1, 2, 0, 3, 2, 2, 2, 2, 3, 1, 1, 0, 3, 0, 3, 1, 3, 2, 3, 2, 1,
       2, 1, 3, 0, 1, 0, 1, 0, 0, 3, 3, 1, 2, 0, 3, 3, 2, 2, 0, 3, 2, 0,
       0, 1, 2, 2, 3, 2, 0, 1, 2, 2], dtype=object)]
[43, array([-18.,  -9.,  -9.,   0.]), array([1, 1, 0, 3, 1, 2, 2, 0, 0, 0, 0, 2, 3, 2, 1, 1, 2, 3, 0, 2, 3, 3,
       0, 2, 3, 1, 3, 0, 3, 3, 2, 3, 1, 2, 2, 1, 3, 2, 2, 3, 3, 1, 0, 3,
       3, 2, 1, 1, 3, 2, 3, 1, 0, 2, 2, 3, 3, 2, 2, 1, 0, 3, 3, 0, 1, 2,
       2, 1, 2, 0, 3, 2, 2, 2, 2, 3, 1, 1, 0, 3, 0, 3, 1, 3, 2, 3, 2, 1,
       2, 1, 3, 0, 1, 0, 1, 0, 0, 3, 3, 1, 2, 0, 3, 3, 2, 2, 0, 3, 2, 0,
       0, 1, 2, 2, 3, 2, 0, 1, 2, 2], dtype=object)]
[43, array([-18.,  -9.,  -9.,   0.]), array([1, 1, 0, 3, 1, 2, 2, 0, 0, 0, 0, 2, 3, 2, 1, 1, 2, 3, 0, 2, 3, 3,
       0, 2, 3, 1, 3, 0, 3, 3, 2, 3, 1, 2, 2, 1, 3, 2, 2, 3, 3, 1, 0, 3,
       3, 2, 1, 1, 3, 2, 3, 1, 0, 2, 2, 3, 3, 2, 2, 1, 0, 3, 3, 0, 1, 2,
       2, 1, 2, 0, 3, 2, 2, 2, 2, 3, 1, 1, 0, 3, 0, 3, 1, 3, 2, 3, 2, 1,
       2, 1, 3, 0, 1, 0, 1, 0, 0, 3, 3, 1, 2, 0, 3, 3, 2, 2, 0, 3, 2, 0,
       0, 1, 2, 2, 3, 2, 0, 1, 2, 2], dtype=object)]
[43, array([-18.,  -9.,  -9.,   0.]), array([1, 1, 0, 3, 1, 2, 2, 0, 0, 0, 0, 2, 3, 2, 1, 1, 2, 3, 0, 2, 3, 3,
       0, 2, 3, 1, 3, 0, 3, 3, 2, 3, 1, 2, 2, 1, 3, 2, 2, 3, 3, 1, 0, 3,
       3, 2, 1, 1, 3, 2, 3, 1, 0, 2, 2, 3, 3, 2, 2, 1, 0, 3, 3, 0, 1, 2,
       2, 1, 2, 0, 3, 2, 2, 2, 2, 3, 1, 1, 0, 3, 0, 3, 1, 3, 2, 3, 2, 1,
       2, 1, 3, 0, 1, 0, 1, 0, 0, 3, 3, 1, 2, 0, 3, 3, 2, 2, 0, 3, 2, 0,
       0, 1, 2, 2, 3, 2, 0, 1, 2, 2], dtype=object)]
[44, array([-18.,  -9.,  -9.,   0.]), array([1, 1, 0, 3, 1, 2, 2, 0, 0, 0, 0, 2, 3, 2, 1, 1, 2, 3, 0, 2, 3, 3,
       0, 2, 3, 1, 3, 0, 3, 3, 2, 3, 1, 2, 2, 1, 3, 2, 2, 3, 3, 1, 0, 3,
       3, 2, 1, 1, 3, 2, 3, 1, 0, 2, 2, 3, 3, 2, 2, 1, 0, 3, 3, 0, 1, 2,
       2, 1, 2, 0, 3, 2, 2, 2, 2, 3, 1, 1, 0, 3, 0, 3, 1, 3, 2, 3, 2, 1,
       2, 1, 3, 0, 1, 0, 1, 0, 0, 3, 3, 1, 2, 0, 3, 3, 2, 2, 0, 3, 2, 0,
       0, 1, 2, 2, 3, 2, 0, 1, 2, 2], dtype=object)]
[44, array([-18.,  -9.,  -9.,   0.]), array([1, 1, 0, 3, 1, 2, 2, 0, 0, 0, 0, 2, 3, 2, 1, 1, 2, 3, 0, 2, 3, 3,
       0, 2, 3, 1, 3, 0, 3, 3, 2, 3, 1, 2, 2, 1, 3, 2, 2, 3, 3, 1, 0, 3,
       3, 2, 1, 1, 3, 2, 3, 1, 0, 2, 2, 3, 3, 2, 2, 1, 0, 3, 3, 0, 1, 2,
       2, 1, 2, 0, 3, 2, 2, 2, 2, 3, 1, 1, 0, 3, 0, 3, 1, 3, 2, 3, 2, 1,
       2, 1, 3, 0, 1, 0, 1, 0, 0, 3, 3, 1, 2, 0, 3, 3, 2, 2, 0, 3, 2, 0,
       0, 1, 2, 2, 3, 2, 0, 1, 2, 2], dtype=object)]
[44, array([-18.,  -9.,  -9.,   0.]), array([1, 1, 0, 3, 1, 2, 2, 0, 0, 0, 0, 2, 3, 2, 1, 1, 2, 3, 0, 2, 3, 3,
       0, 2, 3, 1, 3, 0, 3, 3, 2, 3, 1, 2, 2, 1, 3, 2, 2, 3, 3, 1, 0, 3,
       3, 2, 1, 1, 3, 2, 3, 1, 0, 2, 2, 3, 3, 2, 2, 1, 0, 3, 3, 0, 1, 2,
       2, 1, 2, 0, 3, 2, 2, 2, 2, 3, 1, 1, 0, 3, 0, 3, 1, 3, 2, 3, 2, 1,
       2, 1, 3, 0, 1, 0, 1, 0, 0, 3, 3, 1, 2, 0, 3, 3, 2, 2, 0, 3, 2, 0,
       0, 1, 2, 2, 3, 2, 0, 1, 2, 2], dtype=object)]
[44, array([-18.,  -9.,  -9.,   0.]), array([1, 1, 0, 3, 1, 2, 2, 0, 0, 0, 0, 2, 3, 2, 1, 1, 2, 3, 0, 2, 3, 3,
       0, 2, 3, 1, 3, 0, 3, 3, 2, 3, 1, 2, 2, 1, 3, 2, 2, 3, 3, 1, 0, 3,
       3, 2, 1, 1, 3, 2, 3, 1, 0, 2, 2, 3, 3, 2, 2, 1, 0, 3, 3, 0, 1, 2,
       2, 1, 2, 0, 3, 2, 2, 2, 2, 3, 1, 1, 0, 3, 0, 3, 1, 3, 2, 3, 2, 1,
       2, 1, 3, 0, 1, 0, 1, 0, 0, 3, 3, 1, 2, 0, 3, 3, 2, 2, 0, 3, 2, 0,
       0, 1, 2, 2, 3, 2, 0, 1, 2, 2], dtype=object)]
[45, array([-18.,  -9.,  -9.,   0.]), array([1, 2, 0, 3, 2, 2, 2, 3, 0, 0, 0, 2, 3, 2, 1, 1, 2, 3, 0, 2, 3, 3,
       0, 2, 0, 1, 3, 0, 2, 2, 2, 3, 1, 2, 2, 1, 3, 2, 2, 3, 3, 0, 0, 3,
       3, 2, 1, 1, 3, 3, 3, 2, 1, 1, 0, 3, 1, 1, 1, 0, 2, 3, 0, 0, 0, 2,
       1, 1, 2, 3, 3, 2, 2, 2, 2, 3, 1, 1, 0, 3, 0, 3, 1, 3, 2, 3, 2, 1,
       2, 1, 3, 0, 1, 0, 1, 0, 0, 3, 3, 1, 2, 0, 3, 3, 2, 2, 0, 3, 2, 0,
       0, 1, 2, 2, 3, 2, 0, 3, 2, 2], dtype=object)]
[45, array([-18.,  -9.,  -9.,   0.]), array([1, 2, 0, 3, 2, 2, 2, 3, 0, 0, 0, 2, 3, 2, 1, 1, 2, 3, 0, 2, 3, 3,
       0, 2, 0, 1, 3, 0, 2, 2, 2, 3, 1, 2, 2, 1, 3, 2, 2, 3, 3, 0, 0, 3,
       3, 2, 1, 1, 3, 3, 3, 2, 1, 1, 0, 3, 1, 1, 1, 0, 2, 3, 0, 0, 0, 2,
       1, 1, 2, 3, 3, 2, 2, 2, 2, 3, 1, 1, 0, 3, 0, 3, 1, 3, 2, 3, 2, 1,
       2, 1, 3, 0, 1, 0, 1, 0, 0, 3, 3, 1, 2, 0, 3, 3, 2, 2, 0, 3, 2, 0,
       0, 1, 2, 2, 3, 2, 0, 3, 2, 2], dtype=object)]
[45, array([-18.,  -9.,  -9.,   0.]), array([1, 2, 0, 3, 2, 2, 2, 3, 0, 0, 0, 2, 3, 2, 1, 1, 2, 3, 0, 2, 3, 3,
       0, 2, 0, 1, 3, 0, 2, 2, 2, 3, 1, 2, 2, 1, 3, 2, 2, 3, 3, 0, 0, 3,
       3, 2, 1, 1, 3, 3, 3, 2, 1, 1, 0, 3, 1, 1, 1, 0, 2, 3, 0, 0, 0, 2,
       1, 1, 2, 3, 3, 2, 2, 2, 2, 3, 1, 1, 0, 3, 0, 3, 1, 3, 2, 3, 2, 1,
       2, 1, 3, 0, 1, 0, 1, 0, 0, 3, 3, 1, 2, 0, 3, 3, 2, 2, 0, 3, 2, 0,
       0, 1, 2, 2, 3, 2, 0, 3, 2, 2], dtype=object)]
[45, array([-18.,  -9.,  -9.,   0.]), array([1, 2, 0, 3, 2, 2, 2, 3, 0, 0, 0, 2, 3, 2, 1, 1, 2, 3, 0, 2, 3, 3,
       0, 2, 0, 1, 3, 0, 2, 2, 2, 3, 1, 2, 2, 1, 3, 2, 2, 3, 3, 0, 0, 3,
       3, 2, 1, 1, 3, 3, 3, 2, 1, 1, 0, 3, 1, 1, 1, 0, 2, 3, 0, 0, 0, 2,
       1, 1, 2, 3, 3, 2, 2, 2, 2, 3, 1, 1, 0, 3, 0, 3, 1, 3, 2, 3, 2, 1,
       2, 1, 3, 0, 1, 0, 1, 0, 0, 3, 3, 1, 2, 0, 3, 3, 2, 2, 0, 3, 2, 0,
       0, 1, 2, 2, 3, 2, 0, 3, 2, 2], dtype=object)]
[46, array([-18.,  -9.,  -9.,   0.]), array([1, 2, 0, 3, 2, 2, 2, 3, 0, 0, 0, 2, 3, 2, 1, 1, 2, 3, 0, 2, 3, 3,
       0, 2, 0, 1, 3, 0, 2, 2, 2, 3, 1, 2, 2, 1, 3, 2, 2, 3, 3, 0, 0, 3,
       3, 2, 1, 1, 3, 3, 3, 2, 1, 1, 0, 3, 1, 1, 1, 0, 2, 3, 0, 0, 0, 2,
       1, 1, 2, 3, 3, 2, 2, 2, 2, 3, 1, 1, 0, 3, 0, 3, 1, 3, 2, 3, 2, 1,
       2, 1, 3, 0, 1, 0, 1, 0, 0, 3, 3, 1, 2, 0, 3, 3, 2, 2, 0, 3, 2, 0,
       0, 1, 2, 2, 3, 2, 0, 3, 2, 2], dtype=object)]
[46, array([-18.,  -9.,  -9.,   0.]), array([1, 2, 0, 3, 2, 2, 2, 3, 0, 0, 0, 2, 3, 2, 1, 1, 2, 3, 0, 2, 3, 3,
       0, 2, 0, 1, 3, 0, 2, 2, 2, 3, 1, 2, 2, 1, 3, 2, 2, 3, 3, 0, 0, 3,
       3, 2, 1, 1, 3, 3, 3, 2, 1, 1, 0, 3, 1, 1, 1, 0, 2, 3, 0, 0, 0, 2,
       1, 1, 2, 3, 3, 2, 2, 2, 2, 3, 1, 1, 0, 3, 0, 3, 1, 3, 2, 3, 2, 1,
       2, 1, 3, 0, 1, 0, 1, 0, 0, 3, 3, 1, 2, 0, 3, 3, 2, 2, 0, 3, 2, 0,
       0, 1, 2, 2, 3, 2, 0, 3, 2, 2], dtype=object)]
[46, array([-18.,  -9.,  -9.,   0.]), array([1, 2, 0, 3, 2, 2, 2, 3, 0, 0, 0, 2, 3, 2, 1, 1, 2, 3, 0, 2, 3, 3,
       0, 2, 0, 1, 3, 0, 2, 2, 2, 3, 1, 2, 2, 1, 3, 2, 2, 3, 3, 0, 0, 3,
       3, 2, 1, 1, 3, 3, 3, 2, 1, 1, 0, 3, 1, 1, 1, 0, 2, 3, 0, 0, 0, 2,
       1, 1, 2, 3, 3, 2, 2, 2, 2, 3, 1, 1, 0, 3, 0, 3, 1, 3, 2, 3, 2, 1,
       2, 1, 3, 0, 1, 0, 1, 0, 0, 3, 3, 1, 2, 0, 3, 3, 2, 2, 0, 3, 2, 0,
       0, 1, 2, 2, 3, 2, 0, 3, 2, 2], dtype=object)]
[46, array([-18.,  -9.,  -9.,   0.]), array([1, 2, 0, 3, 2, 2, 2, 3, 0, 0, 0, 2, 3, 2, 1, 1, 2, 3, 0, 2, 3, 3,
       0, 2, 0, 1, 3, 0, 2, 2, 2, 3, 1, 2, 2, 1, 3, 2, 2, 3, 3, 0, 0, 3,
       3, 2, 1, 1, 3, 3, 3, 2, 1, 1, 0, 3, 1, 1, 1, 0, 2, 3, 0, 0, 0, 2,
       1, 1, 2, 3, 3, 2, 2, 2, 2, 3, 1, 1, 0, 3, 0, 3, 1, 3, 2, 3, 2, 1,
       2, 1, 3, 0, 1, 0, 1, 0, 0, 3, 3, 1, 2, 0, 3, 3, 2, 2, 0, 3, 2, 0,
       0, 1, 2, 2, 3, 2, 0, 3, 2, 2], dtype=object)]
[47, array([-18.,  -9.,  -9.,   0.]), array([1, 1, 0, 3, 1, 2, 2, 3, 0, 0, 0, 2, 3, 2, 1, 1, 2, 3, 0, 2, 3, 3,
       0, 3, 0, 1, 3, 2, 3, 3, 2, 3, 1, 1, 2, 1, 3, 2, 2, 3, 3, 1, 0, 3,
       2, 2, 1, 1, 3, 3, 3, 2, 1, 1, 0, 3, 1, 1, 1, 0, 2, 3, 0, 0, 0, 2,
       1, 1, 2, 3, 3, 2, 2, 2, 2, 3, 1, 3, 0, 3, 0, 3, 1, 3, 2, 3, 2, 1,
       2, 1, 3, 0, 1, 0, 1, 0, 0, 3, 3, 1, 2, 0, 3, 3, 2, 2, 0, 3, 2, 0,
       0, 1, 2, 3, 3, 2, 0, 3, 2, 2], dtype=object)]
[47, array([-18.,  -9.,  -9.,   0.]), array([1, 1, 0, 3, 1, 2, 2, 3, 0, 0, 0, 2, 3, 2, 1, 1, 2, 3, 0, 2, 3, 3,
       0, 3, 0, 1, 3, 2, 3, 3, 2, 3, 1, 1, 2, 1, 3, 2, 2, 3, 3, 1, 0, 3,
       2, 2, 1, 1, 3, 3, 3, 2, 1, 1, 0, 3, 1, 1, 1, 0, 2, 3, 0, 0, 0, 2,
       1, 1, 2, 3, 3, 2, 2, 2, 2, 3, 1, 3, 0, 3, 0, 3, 1, 3, 2, 3, 2, 1,
       2, 1, 3, 0, 1, 0, 1, 0, 0, 3, 3, 1, 2, 0, 3, 3, 2, 2, 0, 3, 2, 0,
       0, 1, 2, 3, 3, 2, 0, 3, 2, 2], dtype=object)]
[47, array([-18.,  -9.,  -9.,   0.]), array([1, 1, 0, 3, 1, 2, 2, 3, 0, 0, 0, 2, 3, 2, 1, 1, 2, 3, 0, 2, 3, 3,
       0, 3, 0, 1, 3, 2, 3, 3, 2, 3, 1, 1, 2, 1, 3, 2, 2, 3, 3, 1, 0, 3,
       2, 2, 1, 1, 3, 3, 3, 2, 1, 1, 0, 3, 1, 1, 1, 0, 2, 3, 0, 0, 0, 2,
       1, 1, 2, 3, 3, 2, 2, 2, 2, 3, 1, 3, 0, 3, 0, 3, 1, 3, 2, 3, 2, 1,
       2, 1, 3, 0, 1, 0, 1, 0, 0, 3, 3, 1, 2, 0, 3, 3, 2, 2, 0, 3, 2, 0,
       0, 1, 2, 3, 3, 2, 0, 3, 2, 2], dtype=object)]
[47, array([-18.,  -9.,  -9.,   0.]), array([1, 1, 0, 3, 1, 2, 2, 3, 0, 0, 0, 2, 3, 2, 1, 1, 2, 3, 0, 2, 3, 3,
       0, 3, 0, 1, 3, 2, 3, 3, 2, 3, 1, 1, 2, 1, 3, 2, 2, 3, 3, 1, 0, 3,
       2, 2, 1, 1, 3, 3, 3, 2, 1, 1, 0, 3, 1, 1, 1, 0, 2, 3, 0, 0, 0, 2,
       1, 1, 2, 3, 3, 2, 2, 2, 2, 3, 1, 3, 0, 3, 0, 3, 1, 3, 2, 3, 2, 1,
       2, 1, 3, 0, 1, 0, 1, 0, 0, 3, 3, 1, 2, 0, 3, 3, 2, 2, 0, 3, 2, 0,
       0, 1, 2, 3, 3, 2, 0, 3, 2, 2], dtype=object)]
[48, array([-18.,  -9.,  -9.,   0.]), array([1, 1, 0, 3, 1, 2, 2, 3, 0, 0, 0, 2, 3, 2, 1, 1, 2, 3, 0, 2, 3, 3,
       0, 3, 2, 1, 3, 2, 3, 3, 2, 3, 1, 3, 2, 1, 3, 2, 2, 3, 3, 1, 0, 3,
       2, 2, 1, 1, 3, 3, 3, 2, 1, 1, 0, 3, 1, 1, 1, 0, 2, 3, 0, 0, 0, 2,
       3, 1, 2, 3, 3, 2, 2, 2, 2, 3, 1, 3, 0, 3, 0, 3, 1, 3, 2, 3, 2, 1,
       2, 1, 3, 0, 1, 0, 1, 0, 0, 3, 3, 1, 2, 0, 3, 3, 2, 2, 0, 3, 2, 0,
       0, 1, 2, 3, 3, 2, 0, 3, 2, 2], dtype=object)]
[48, array([-18.,  -9.,  -9.,   0.]), array([1, 1, 0, 3, 1, 2, 2, 3, 0, 0, 0, 2, 3, 2, 1, 1, 2, 3, 0, 2, 3, 3,
       0, 3, 2, 1, 3, 2, 3, 3, 2, 3, 1, 3, 2, 1, 3, 2, 2, 3, 3, 1, 0, 3,
       2, 2, 1, 1, 3, 3, 3, 2, 1, 1, 0, 3, 1, 1, 1, 0, 2, 3, 0, 0, 0, 2,
       3, 1, 2, 3, 3, 2, 2, 2, 2, 3, 1, 3, 0, 3, 0, 3, 1, 3, 2, 3, 2, 1,
       2, 1, 3, 0, 1, 0, 1, 0, 0, 3, 3, 1, 2, 0, 3, 3, 2, 2, 0, 3, 2, 0,
       0, 1, 2, 3, 3, 2, 0, 3, 2, 2], dtype=object)]
[48, array([-18.,  -9.,  -9.,   0.]), array([1, 1, 0, 3, 1, 2, 2, 3, 0, 0, 0, 2, 3, 2, 1, 1, 2, 3, 0, 2, 3, 3,
       0, 3, 2, 1, 3, 2, 3, 3, 2, 3, 1, 3, 2, 1, 3, 2, 2, 3, 3, 1, 0, 3,
       2, 2, 1, 1, 3, 3, 3, 2, 1, 1, 0, 3, 1, 1, 1, 0, 2, 3, 0, 0, 0, 2,
       3, 1, 2, 3, 3, 2, 2, 2, 2, 3, 1, 3, 0, 3, 0, 3, 1, 3, 2, 3, 2, 1,
       2, 1, 3, 0, 1, 0, 1, 0, 0, 3, 3, 1, 2, 0, 3, 3, 2, 2, 0, 3, 2, 0,
       0, 1, 2, 3, 3, 2, 0, 3, 2, 2], dtype=object)]
[48, array([-18.,  -9.,  -9.,   0.]), array([1, 1, 0, 3, 1, 2, 2, 3, 0, 0, 0, 2, 3, 2, 1, 1, 2, 3, 0, 2, 3, 3,
       0, 3, 2, 1, 3, 2, 3, 3, 2, 3, 1, 3, 2, 1, 3, 2, 2, 3, 3, 1, 0, 3,
       2, 2, 1, 1, 3, 3, 3, 2, 1, 1, 0, 3, 1, 1, 1, 0, 2, 3, 0, 0, 0, 2,
       3, 1, 2, 3, 3, 2, 2, 2, 2, 3, 1, 3, 0, 3, 0, 3, 1, 3, 2, 3, 2, 1,
       2, 1, 3, 0, 1, 0, 1, 0, 0, 3, 3, 1, 2, 0, 3, 3, 2, 2, 0, 3, 2, 0,
       0, 1, 2, 3, 3, 2, 0, 3, 2, 2], dtype=object)]
[49, array([-18.,  -9.,  -9.,   0.]), array([1, 1, 0, 3, 2, 2, 2, 3, 0, 0, 0, 2, 3, 1, 1, 1, 2, 3, 0, 2, 3, 3,
       0, 2, 3, 1, 3, 0, 3, 3, 2, 3, 1, 2, 2, 1, 3, 2, 2, 3, 3, 0, 1, 3,
       3, 2, 1, 1, 3, 3, 3, 2, 1, 1, 3, 3, 1, 3, 1, 0, 2, 3, 0, 0, 0, 2,
       1, 1, 2, 3, 3, 2, 2, 1, 2, 3, 1, 1, 0, 3, 0, 3, 1, 2, 2, 3, 2, 1,
       2, 1, 3, 0, 1, 0, 1, 0, 0, 3, 3, 1, 2, 0, 3, 3, 2, 2, 0, 3, 2, 0,
       0, 1, 2, 2, 3, 2, 0, 3, 2, 2], dtype=object)]
[49, array([-18.,  -9.,  -9.,   0.]), array([1, 1, 0, 3, 2, 2, 2, 3, 0, 0, 0, 2, 3, 1, 1, 1, 2, 3, 0, 2, 3, 3,
       0, 2, 3, 1, 3, 0, 3, 3, 2, 3, 1, 2, 2, 1, 3, 2, 2, 3, 3, 0, 1, 3,
       3, 2, 1, 1, 3, 3, 3, 2, 1, 1, 3, 3, 1, 3, 1, 0, 2, 3, 0, 0, 0, 2,
       1, 1, 2, 3, 3, 2, 2, 1, 2, 3, 1, 1, 0, 3, 0, 3, 1, 2, 2, 3, 2, 1,
       2, 1, 3, 0, 1, 0, 1, 0, 0, 3, 3, 1, 2, 0, 3, 3, 2, 2, 0, 3, 2, 0,
       0, 1, 2, 2, 3, 2, 0, 3, 2, 2], dtype=object)]
[49, array([-18.,  -9.,  -9.,   0.]), array([1, 1, 0, 3, 2, 2, 2, 3, 0, 0, 0, 2, 3, 1, 1, 1, 2, 3, 0, 2, 3, 3,
       0, 2, 3, 1, 3, 0, 3, 3, 2, 3, 1, 2, 2, 1, 3, 2, 2, 3, 3, 0, 1, 3,
       3, 2, 1, 1, 3, 3, 3, 2, 1, 1, 3, 3, 1, 3, 1, 0, 2, 3, 0, 0, 0, 2,
       1, 1, 2, 3, 3, 2, 2, 1, 2, 3, 1, 1, 0, 3, 0, 3, 1, 2, 2, 3, 2, 1,
       2, 1, 3, 0, 1, 0, 1, 0, 0, 3, 3, 1, 2, 0, 3, 3, 2, 2, 0, 3, 2, 0,
       0, 1, 2, 2, 3, 2, 0, 3, 2, 2], dtype=object)]
[49, array([-18.,  -9.,  -9.,   0.]), array([1, 1, 0, 3, 2, 2, 2, 3, 0, 0, 0, 2, 3, 1, 1, 1, 2, 3, 0, 2, 3, 3,
       0, 2, 3, 1, 3, 0, 3, 3, 2, 3, 1, 2, 2, 1, 3, 2, 2, 3, 3, 0, 1, 3,
       3, 2, 1, 1, 3, 3, 3, 2, 1, 1, 3, 3, 1, 3, 1, 0, 2, 3, 0, 0, 0, 2,
       1, 1, 2, 3, 3, 2, 2, 1, 2, 3, 1, 1, 0, 3, 0, 3, 1, 2, 2, 3, 2, 1,
       2, 1, 3, 0, 1, 0, 1, 0, 0, 3, 3, 1, 2, 0, 3, 3, 2, 2, 0, 3, 2, 0,
       0, 1, 2, 2, 3, 2, 0, 3, 2, 2], dtype=object)]
[50, array([-18.,  -9.,  -9.,   0.]), array([1, 1, 0, 3, 2, 2, 2, 0, 0, 0, 0, 2, 3, 1, 1, 1, 2, 3, 0, 2, 3, 3,
       0, 2, 3, 1, 3, 0, 3, 3, 2, 3, 2, 2, 2, 1, 3, 2, 2, 3, 3, 0, 1, 3,
       3, 2, 1, 1, 3, 3, 3, 2, 1, 1, 3, 3, 1, 3, 1, 0, 2, 3, 0, 0, 0, 2,
       1, 1, 2, 3, 3, 2, 3, 1, 2, 3, 1, 1, 0, 3, 0, 3, 1, 2, 2, 3, 2, 1,
       2, 1, 3, 0, 1, 0, 1, 0, 0, 3, 3, 1, 2, 0, 3, 3, 2, 2, 0, 3, 2, 0,
       0, 1, 2, 2, 3, 2, 0, 3, 2, 2], dtype=object)]
[50, array([-18.,  -9.,  -9.,   0.]), array([1, 1, 0, 3, 2, 2, 2, 0, 0, 0, 0, 2, 3, 1, 1, 1, 2, 3, 0, 2, 3, 3,
       0, 2, 3, 1, 3, 0, 3, 3, 2, 3, 2, 2, 2, 1, 3, 2, 2, 3, 3, 0, 1, 3,
       3, 2, 1, 1, 3, 3, 3, 2, 1, 1, 3, 3, 1, 3, 1, 0, 2, 3, 0, 0, 0, 2,
       1, 1, 2, 3, 3, 2, 3, 1, 2, 3, 1, 1, 0, 3, 0, 3, 1, 2, 2, 3, 2, 1,
       2, 1, 3, 0, 1, 0, 1, 0, 0, 3, 3, 1, 2, 0, 3, 3, 2, 2, 0, 3, 2, 0,
       0, 1, 2, 2, 3, 2, 0, 3, 2, 2], dtype=object)]
[50, array([-18.,  -9.,  -9.,   0.]), array([1, 1, 0, 3, 2, 2, 2, 0, 0, 0, 0, 2, 3, 1, 1, 1, 2, 3, 0, 2, 3, 3,
       0, 2, 3, 1, 3, 0, 3, 3, 2, 3, 2, 2, 2, 1, 3, 2, 2, 3, 3, 0, 1, 3,
       3, 2, 1, 1, 3, 3, 3, 2, 1, 1, 3, 3, 1, 3, 1, 0, 2, 3, 0, 0, 0, 2,
       1, 1, 2, 3, 3, 2, 3, 1, 2, 3, 1, 1, 0, 3, 0, 3, 1, 2, 2, 3, 2, 1,
       2, 1, 3, 0, 1, 0, 1, 0, 0, 3, 3, 1, 2, 0, 3, 3, 2, 2, 0, 3, 2, 0,
       0, 1, 2, 2, 3, 2, 0, 3, 2, 2], dtype=object)]
[50, array([-18.,  -9.,  -9.,   0.]), array([1, 1, 0, 3, 2, 2, 2, 0, 0, 0, 0, 2, 3, 1, 1, 1, 2, 3, 0, 2, 3, 3,
       0, 2, 3, 1, 3, 0, 3, 3, 2, 3, 2, 2, 2, 1, 3, 2, 2, 3, 3, 0, 1, 3,
       3, 2, 1, 1, 3, 3, 3, 2, 1, 1, 3, 3, 1, 3, 1, 0, 2, 3, 0, 0, 0, 2,
       1, 1, 2, 3, 3, 2, 3, 1, 2, 3, 1, 1, 0, 3, 0, 3, 1, 2, 2, 3, 2, 1,
       2, 1, 3, 0, 1, 0, 1, 0, 0, 3, 3, 1, 2, 0, 3, 3, 2, 2, 0, 3, 2, 0,
       0, 1, 2, 2, 3, 2, 0, 3, 2, 2], dtype=object)]
[51, array([-18.,  -9.,  -9.,   0.]), array([1, 1, 0, 3, 1, 2, 2, 3, 0, 0, 0, 2, 2, 2, 1, 1, 2, 1, 0, 2, 3, 3,
       0, 2, 0, 1, 3, 0, 3, 2, 2, 3, 1, 2, 2, 1, 3, 2, 2, 3, 3, 0, 0, 3,
       3, 2, 1, 1, 3, 3, 3, 2, 1, 1, 0, 3, 0, 3, 1, 0, 2, 3, 0, 0, 0, 2,
       1, 1, 2, 3, 3, 2, 2, 2, 1, 0, 1, 1, 0, 3, 1, 3, 1, 3, 2, 3, 2, 1,
       2, 1, 2, 0, 1, 0, 1, 0, 0, 3, 3, 1, 2, 0, 3, 3, 2, 2, 0, 3, 2, 0,
       0, 1, 2, 2, 3, 2, 0, 3, 2, 2], dtype=object)]
[51, array([-18.,  -9.,  -9.,   0.]), array([1, 1, 0, 3, 1, 2, 2, 3, 0, 0, 0, 2, 2, 2, 1, 1, 2, 1, 0, 2, 3, 3,
       0, 2, 0, 1, 3, 0, 3, 2, 2, 3, 1, 2, 2, 1, 3, 2, 2, 3, 3, 0, 0, 3,
       3, 2, 1, 1, 3, 3, 3, 2, 1, 1, 0, 3, 0, 3, 1, 0, 2, 3, 0, 0, 0, 2,
       1, 1, 2, 3, 3, 2, 2, 2, 1, 0, 1, 1, 0, 3, 1, 3, 1, 3, 2, 3, 2, 1,
       2, 1, 2, 0, 1, 0, 1, 0, 0, 3, 3, 1, 2, 0, 3, 3, 2, 2, 0, 3, 2, 0,
       0, 1, 2, 2, 3, 2, 0, 3, 2, 2], dtype=object)]
[51, array([-18.,  -9.,  -9.,   0.]), array([1, 1, 0, 3, 1, 2, 2, 3, 0, 0, 0, 2, 2, 2, 1, 1, 2, 1, 0, 2, 3, 3,
       0, 2, 0, 1, 3, 0, 3, 2, 2, 3, 1, 2, 2, 1, 3, 2, 2, 3, 3, 0, 0, 3,
       3, 2, 1, 1, 3, 3, 3, 2, 1, 1, 0, 3, 0, 3, 1, 0, 2, 3, 0, 0, 0, 2,
       1, 1, 2, 3, 3, 2, 2, 2, 1, 0, 1, 1, 0, 3, 1, 3, 1, 3, 2, 3, 2, 1,
       2, 1, 2, 0, 1, 0, 1, 0, 0, 3, 3, 1, 2, 0, 3, 3, 2, 2, 0, 3, 2, 0,
       0, 1, 2, 2, 3, 2, 0, 3, 2, 2], dtype=object)]
[51, array([-18.,  -9.,  -9.,   0.]), array([1, 1, 0, 3, 1, 2, 2, 3, 0, 0, 0, 2, 2, 2, 1, 1, 2, 1, 0, 2, 3, 3,
       0, 2, 0, 1, 3, 0, 3, 2, 2, 3, 1, 2, 2, 1, 3, 2, 2, 3, 3, 0, 0, 3,
       3, 2, 1, 1, 3, 3, 3, 2, 1, 1, 0, 3, 0, 3, 1, 0, 2, 3, 0, 0, 0, 2,
       1, 1, 2, 3, 3, 2, 2, 2, 1, 0, 1, 1, 0, 3, 1, 3, 1, 3, 2, 3, 2, 1,
       2, 1, 2, 0, 1, 0, 1, 0, 0, 3, 3, 1, 2, 0, 3, 3, 2, 2, 0, 3, 2, 0,
       0, 1, 2, 2, 3, 2, 0, 3, 2, 2], dtype=object)]
[52, array([-18.,  -9.,  -9.,   0.]), array([1, 1, 0, 3, 1, 2, 2, 3, 0, 0, 0, 2, 3, 2, 1, 1, 2, 3, 2, 2, 3, 3,
       0, 2, 0, 3, 3, 2, 3, 3, 2, 3, 1, 2, 2, 1, 3, 2, 2, 3, 3, 1, 0, 3,
       3, 2, 1, 1, 3, 2, 3, 1, 0, 2, 2, 3, 3, 2, 2, 1, 2, 3, 3, 0, 1, 2,
       2, 0, 2, 0, 3, 2, 2, 2, 2, 3, 1, 1, 0, 3, 0, 3, 1, 3, 2, 3, 2, 1,
       2, 1, 3, 0, 1, 0, 3, 0, 0, 3, 3, 1, 2, 0, 3, 3, 2, 2, 0, 3, 2, 0,
       0, 1, 2, 2, 3, 2, 0, 3, 2, 2], dtype=object)]
[52, array([-18.,  -9.,  -9.,   0.]), array([1, 1, 0, 3, 1, 2, 2, 3, 0, 0, 0, 2, 3, 2, 1, 1, 2, 3, 2, 2, 3, 3,
       0, 2, 0, 3, 3, 2, 3, 3, 2, 3, 1, 2, 2, 1, 3, 2, 2, 3, 3, 1, 0, 3,
       3, 2, 1, 1, 3, 2, 3, 1, 0, 2, 2, 3, 3, 2, 2, 1, 2, 3, 3, 0, 1, 2,
       2, 0, 2, 0, 3, 2, 2, 2, 2, 3, 1, 1, 0, 3, 0, 3, 1, 3, 2, 3, 2, 1,
       2, 1, 3, 0, 1, 0, 3, 0, 0, 3, 3, 1, 2, 0, 3, 3, 2, 2, 0, 3, 2, 0,
       0, 1, 2, 2, 3, 2, 0, 3, 2, 2], dtype=object)]
[52, array([-18.,  -9.,  -9.,   0.]), array([1, 1, 0, 3, 1, 2, 2, 3, 0, 0, 0, 2, 3, 2, 1, 1, 2, 3, 2, 2, 3, 3,
       0, 2, 0, 3, 3, 2, 3, 3, 2, 3, 1, 2, 2, 1, 3, 2, 2, 3, 3, 1, 0, 3,
       3, 2, 1, 1, 3, 2, 3, 1, 0, 2, 2, 3, 3, 2, 2, 1, 2, 3, 3, 0, 1, 2,
       2, 0, 2, 0, 3, 2, 2, 2, 2, 3, 1, 1, 0, 3, 0, 3, 1, 3, 2, 3, 2, 1,
       2, 1, 3, 0, 1, 0, 3, 0, 0, 3, 3, 1, 2, 0, 3, 3, 2, 2, 0, 3, 2, 0,
       0, 1, 2, 2, 3, 2, 0, 3, 2, 2], dtype=object)]
[52, array([-18.,  -9.,  -9.,   0.]), array([1, 1, 0, 3, 1, 2, 2, 3, 0, 0, 0, 2, 3, 2, 1, 1, 2, 3, 2, 2, 3, 3,
       0, 2, 0, 3, 3, 2, 3, 3, 2, 3, 1, 2, 2, 1, 3, 2, 2, 3, 3, 1, 0, 3,
       3, 2, 1, 1, 3, 2, 3, 1, 0, 2, 2, 3, 3, 2, 2, 1, 2, 3, 3, 0, 1, 2,
       2, 0, 2, 0, 3, 2, 2, 2, 2, 3, 1, 1, 0, 3, 0, 3, 1, 3, 2, 3, 2, 1,
       2, 1, 3, 0, 1, 0, 3, 0, 0, 3, 3, 1, 2, 0, 3, 3, 2, 2, 0, 3, 2, 0,
       0, 1, 2, 2, 3, 2, 0, 3, 2, 2], dtype=object)]
[53, array([-18.,  -9.,  -9.,   0.]), array([1, 1, 0, 3, 2, 2, 2, 3, 0, 0, 0, 2, 3, 2, 1, 1, 2, 1, 0, 2, 3, 3,
       0, 2, 0, 1, 3, 0, 3, 3, 2, 3, 1, 2, 2, 1, 3, 2, 2, 3, 3, 1, 0, 3,
       3, 2, 1, 1, 3, 2, 3, 1, 0, 2, 2, 3, 3, 2, 2, 1, 0, 3, 3, 0, 1, 2,
       2, 1, 2, 0, 3, 2, 2, 2, 2, 3, 1, 1, 0, 3, 0, 3, 1, 3, 2, 3, 2, 1,
       2, 1, 3, 0, 1, 0, 3, 0, 0, 3, 3, 1, 2, 0, 3, 3, 2, 0, 0, 3, 2, 0,
       0, 1, 2, 2, 3, 1, 0, 1, 2, 2], dtype=object)]
[53, array([-18.,  -9.,  -9.,   0.]), array([1, 1, 0, 3, 2, 2, 2, 3, 0, 0, 0, 2, 3, 2, 1, 1, 2, 1, 0, 2, 3, 3,
       0, 2, 0, 1, 3, 0, 3, 3, 2, 3, 1, 2, 2, 1, 3, 2, 2, 3, 3, 1, 0, 3,
       3, 2, 1, 1, 3, 2, 3, 1, 0, 2, 2, 3, 3, 2, 2, 1, 0, 3, 3, 0, 1, 2,
       2, 1, 2, 0, 3, 2, 2, 2, 2, 3, 1, 1, 0, 3, 0, 3, 1, 3, 2, 3, 2, 1,
       2, 1, 3, 0, 1, 0, 3, 0, 0, 3, 3, 1, 2, 0, 3, 3, 2, 0, 0, 3, 2, 0,
       0, 1, 2, 2, 3, 1, 0, 1, 2, 2], dtype=object)]
[53, array([-18.,  -9.,  -9.,   0.]), array([1, 1, 0, 3, 2, 2, 2, 3, 0, 0, 0, 2, 3, 2, 1, 1, 2, 1, 0, 2, 3, 3,
       0, 2, 0, 1, 3, 0, 3, 3, 2, 3, 1, 2, 2, 1, 3, 2, 2, 3, 3, 1, 0, 3,
       3, 2, 1, 1, 3, 2, 3, 1, 0, 2, 2, 3, 3, 2, 2, 1, 0, 3, 3, 0, 1, 2,
       2, 1, 2, 0, 3, 2, 2, 2, 2, 3, 1, 1, 0, 3, 0, 3, 1, 3, 2, 3, 2, 1,
       2, 1, 3, 0, 1, 0, 3, 0, 0, 3, 3, 1, 2, 0, 3, 3, 2, 0, 0, 3, 2, 0,
       0, 1, 2, 2, 3, 1, 0, 1, 2, 2], dtype=object)]
[53, array([-18.,  -9.,  -9.,   0.]), array([1, 1, 0, 3, 2, 2, 2, 3, 0, 0, 0, 2, 3, 2, 1, 1, 2, 1, 0, 2, 3, 3,
       0, 2, 0, 1, 3, 0, 3, 3, 2, 3, 1, 2, 2, 1, 3, 2, 2, 3, 3, 1, 0, 3,
       3, 2, 1, 1, 3, 2, 3, 1, 0, 2, 2, 3, 3, 2, 2, 1, 0, 3, 3, 0, 1, 2,
       2, 1, 2, 0, 3, 2, 2, 2, 2, 3, 1, 1, 0, 3, 0, 3, 1, 3, 2, 3, 2, 1,
       2, 1, 3, 0, 1, 0, 3, 0, 0, 3, 3, 1, 2, 0, 3, 3, 2, 0, 0, 3, 2, 0,
       0, 1, 2, 2, 3, 1, 0, 1, 2, 2], dtype=object)]
[54, array([-18.,  -9.,  -9.,   0.]), array([1, 1, 3, 3, 2, 2, 2, 1, 0, 0, 0, 2, 3, 2, 1, 1, 2, 3, 0, 2, 3, 1,
       0, 2, 0, 2, 3, 3, 3, 2, 2, 3, 1, 2, 2, 1, 3, 2, 2, 3, 3, 1, 0, 3,
       3, 2, 1, 1, 3, 3, 3, 2, 1, 1, 0, 3, 1, 1, 1, 0, 2, 3, 0, 0, 0, 2,
       1, 1, 2, 3, 3, 2, 2, 2, 2, 3, 1, 1, 0, 3, 0, 3, 1, 3, 2, 3, 2, 1,
       2, 1, 3, 0, 1, 0, 1, 0, 0, 3, 3, 1, 2, 0, 3, 3, 2, 2, 0, 3, 2, 0,
       0, 1, 2, 2, 3, 1, 0, 1, 2, 2], dtype=object)]
[54, array([-18.,  -9.,  -9.,   0.]), array([1, 1, 3, 3, 2, 2, 2, 1, 0, 0, 0, 2, 3, 2, 1, 1, 2, 3, 0, 2, 3, 1,
       0, 2, 0, 2, 3, 3, 3, 2, 2, 3, 1, 2, 2, 1, 3, 2, 2, 3, 3, 1, 0, 3,
       3, 2, 1, 1, 3, 3, 3, 2, 1, 1, 0, 3, 1, 1, 1, 0, 2, 3, 0, 0, 0, 2,
       1, 1, 2, 3, 3, 2, 2, 2, 2, 3, 1, 1, 0, 3, 0, 3, 1, 3, 2, 3, 2, 1,
       2, 1, 3, 0, 1, 0, 1, 0, 0, 3, 3, 1, 2, 0, 3, 3, 2, 2, 0, 3, 2, 0,
       0, 1, 2, 2, 3, 1, 0, 1, 2, 2], dtype=object)]
[54, array([-18.,  -9.,  -9.,   0.]), array([1, 1, 3, 3, 2, 2, 2, 1, 0, 0, 0, 2, 3, 2, 1, 1, 2, 3, 0, 2, 3, 1,
       0, 2, 0, 2, 3, 3, 3, 2, 2, 3, 1, 2, 2, 1, 3, 2, 2, 3, 3, 1, 0, 3,
       3, 2, 1, 1, 3, 3, 3, 2, 1, 1, 0, 3, 1, 1, 1, 0, 2, 3, 0, 0, 0, 2,
       1, 1, 2, 3, 3, 2, 2, 2, 2, 3, 1, 1, 0, 3, 0, 3, 1, 3, 2, 3, 2, 1,
       2, 1, 3, 0, 1, 0, 1, 0, 0, 3, 3, 1, 2, 0, 3, 3, 2, 2, 0, 3, 2, 0,
       0, 1, 2, 2, 3, 1, 0, 1, 2, 2], dtype=object)]
[54, array([-18.,  -9.,  -9.,   0.]), array([1, 1, 3, 3, 2, 2, 2, 1, 0, 0, 0, 2, 3, 2, 1, 1, 2, 3, 0, 2, 3, 1,
       0, 2, 0, 2, 3, 3, 3, 2, 2, 3, 1, 2, 2, 1, 3, 2, 2, 3, 3, 1, 0, 3,
       3, 2, 1, 1, 3, 3, 3, 2, 1, 1, 0, 3, 1, 1, 1, 0, 2, 3, 0, 0, 0, 2,
       1, 1, 2, 3, 3, 2, 2, 2, 2, 3, 1, 1, 0, 3, 0, 3, 1, 3, 2, 3, 2, 1,
       2, 1, 3, 0, 1, 0, 1, 0, 0, 3, 3, 1, 2, 0, 3, 3, 2, 2, 0, 3, 2, 0,
       0, 1, 2, 2, 3, 1, 0, 1, 2, 2], dtype=object)]
[55, array([-18.,  -9.,  -9.,   0.]), array([1, 1, 0, 3, 2, 2, 2, 3, 0, 0, 0, 2, 3, 2, 1, 1, 2, 3, 0, 2, 3, 3,
       0, 2, 3, 1, 3, 0, 3, 3, 2, 3, 1, 2, 2, 3, 3, 0, 2, 3, 3, 1, 0, 3,
       3, 2, 1, 1, 3, 3, 3, 2, 1, 1, 0, 3, 1, 1, 1, 0, 2, 3, 0, 0, 1, 2,
       1, 1, 2, 3, 3, 2, 2, 2, 2, 3, 1, 1, 0, 3, 0, 3, 1, 3, 2, 3, 2, 2,
       2, 1, 3, 0, 1, 0, 1, 0, 0, 3, 0, 1, 2, 0, 3, 3, 2, 2, 0, 3, 2, 0,
       0, 1, 2, 2, 3, 1, 0, 1, 2, 2], dtype=object)]
[55, array([-18.,  -9.,  -9.,   0.]), array([1, 1, 0, 3, 2, 2, 2, 3, 0, 0, 0, 2, 3, 2, 1, 1, 2, 3, 0, 2, 3, 3,
       0, 2, 3, 1, 3, 0, 3, 3, 2, 3, 1, 2, 2, 3, 3, 0, 2, 3, 3, 1, 0, 3,
       3, 2, 1, 1, 3, 3, 3, 2, 1, 1, 0, 3, 1, 1, 1, 0, 2, 3, 0, 0, 1, 2,
       1, 1, 2, 3, 3, 2, 2, 2, 2, 3, 1, 1, 0, 3, 0, 3, 1, 3, 2, 3, 2, 2,
       2, 1, 3, 0, 1, 0, 1, 0, 0, 3, 0, 1, 2, 0, 3, 3, 2, 2, 0, 3, 2, 0,
       0, 1, 2, 2, 3, 1, 0, 1, 2, 2], dtype=object)]
[55, array([-18.,  -9.,  -9.,   0.]), array([1, 1, 0, 3, 2, 2, 2, 3, 0, 0, 0, 2, 3, 2, 1, 1, 2, 3, 0, 2, 3, 3,
       0, 2, 3, 1, 3, 0, 3, 3, 2, 3, 1, 2, 2, 3, 3, 0, 2, 3, 3, 1, 0, 3,
       3, 2, 1, 1, 3, 3, 3, 2, 1, 1, 0, 3, 1, 1, 1, 0, 2, 3, 0, 0, 1, 2,
       1, 1, 2, 3, 3, 2, 2, 2, 2, 3, 1, 1, 0, 3, 0, 3, 1, 3, 2, 3, 2, 2,
       2, 1, 3, 0, 1, 0, 1, 0, 0, 3, 0, 1, 2, 0, 3, 3, 2, 2, 0, 3, 2, 0,
       0, 1, 2, 2, 3, 1, 0, 1, 2, 2], dtype=object)]
[55, array([-18.,  -9.,  -9.,   0.]), array([1, 1, 0, 3, 2, 2, 2, 3, 0, 0, 0, 2, 3, 2, 1, 1, 2, 3, 0, 2, 3, 3,
       0, 2, 3, 1, 3, 0, 3, 3, 2, 3, 1, 2, 2, 3, 3, 0, 2, 3, 3, 1, 0, 3,
       3, 2, 1, 1, 3, 3, 3, 2, 1, 1, 0, 3, 1, 1, 1, 0, 2, 3, 0, 0, 1, 2,
       1, 1, 2, 3, 3, 2, 2, 2, 2, 3, 1, 1, 0, 3, 0, 3, 1, 3, 2, 3, 2, 2,
       2, 1, 3, 0, 1, 0, 1, 0, 0, 3, 0, 1, 2, 0, 3, 3, 2, 2, 0, 3, 2, 0,
       0, 1, 2, 2, 3, 1, 0, 1, 2, 2], dtype=object)]
[56, array([-18.,  -9.,  -9.,   0.]), array([1, 1, 0, 3, 2, 2, 2, 3, 0, 0, 0, 2, 3, 2, 1, 1, 2, 3, 0, 2, 3, 3,
       0, 2, 3, 1, 3, 0, 3, 3, 2, 3, 1, 2, 2, 2, 3, 0, 1, 3, 3, 1, 0, 3,
       3, 2, 1, 1, 3, 3, 3, 2, 1, 1, 0, 3, 1, 1, 1, 0, 2, 3, 0, 0, 1, 2,
       1, 1, 2, 3, 3, 2, 2, 2, 2, 3, 1, 1, 0, 3, 0, 3, 1, 3, 2, 3, 2, 2,
       2, 1, 3, 0, 1, 0, 1, 0, 0, 3, 0, 1, 2, 0, 3, 3, 2, 2, 0, 3, 2, 0,
       0, 1, 2, 2, 3, 1, 0, 1, 2, 2], dtype=object)]
[56, array([-18.,  -9.,  -9.,   0.]), array([1, 1, 0, 3, 2, 2, 2, 3, 0, 0, 0, 2, 3, 2, 1, 1, 2, 3, 0, 2, 3, 3,
       0, 2, 3, 1, 3, 0, 3, 3, 2, 3, 1, 2, 2, 2, 3, 0, 1, 3, 3, 1, 0, 3,
       3, 2, 1, 1, 3, 3, 3, 2, 1, 1, 0, 3, 1, 1, 1, 0, 2, 3, 0, 0, 1, 2,
       1, 1, 2, 3, 3, 2, 2, 2, 2, 3, 1, 1, 0, 3, 0, 3, 1, 3, 2, 3, 2, 2,
       2, 1, 3, 0, 1, 0, 1, 0, 0, 3, 0, 1, 2, 0, 3, 3, 2, 2, 0, 3, 2, 0,
       0, 1, 2, 2, 3, 1, 0, 1, 2, 2], dtype=object)]
[56, array([-18.,  -9.,  -9.,   0.]), array([1, 1, 0, 3, 2, 2, 2, 3, 0, 0, 0, 2, 3, 2, 1, 1, 2, 3, 0, 2, 3, 3,
       0, 2, 3, 1, 3, 0, 3, 3, 2, 3, 1, 2, 2, 2, 3, 0, 1, 3, 3, 1, 0, 3,
       3, 2, 1, 1, 3, 3, 3, 2, 1, 1, 0, 3, 1, 1, 1, 0, 2, 3, 0, 0, 1, 2,
       1, 1, 2, 3, 3, 2, 2, 2, 2, 3, 1, 1, 0, 3, 0, 3, 1, 3, 2, 3, 2, 2,
       2, 1, 3, 0, 1, 0, 1, 0, 0, 3, 0, 1, 2, 0, 3, 3, 2, 2, 0, 3, 2, 0,
       0, 1, 2, 2, 3, 1, 0, 1, 2, 2], dtype=object)]
[56, array([-18.,  -9.,  -9.,   0.]), array([1, 1, 0, 3, 2, 2, 2, 3, 0, 0, 0, 2, 3, 2, 1, 1, 2, 3, 0, 2, 3, 3,
       0, 2, 3, 1, 3, 0, 3, 3, 2, 3, 1, 2, 2, 2, 3, 0, 1, 3, 3, 1, 0, 3,
       3, 2, 1, 1, 3, 3, 3, 2, 1, 1, 0, 3, 1, 1, 1, 0, 2, 3, 0, 0, 1, 2,
       1, 1, 2, 3, 3, 2, 2, 2, 2, 3, 1, 1, 0, 3, 0, 3, 1, 3, 2, 3, 2, 2,
       2, 1, 3, 0, 1, 0, 1, 0, 0, 3, 0, 1, 2, 0, 3, 3, 2, 2, 0, 3, 2, 0,
       0, 1, 2, 2, 3, 1, 0, 1, 2, 2], dtype=object)]
[57, array([-18.,  -9.,  -9.,   0.]), array([1, 1, 0, 3, 1, 1, 2, 3, 0, 0, 0, 2, 2, 2, 1, 1, 2, 1, 0, 2, 3, 3,
       0, 2, 0, 1, 3, 0, 3, 2, 2, 3, 1, 2, 2, 1, 3, 2, 2, 3, 3, 1, 0, 3,
       3, 2, 1, 1, 3, 3, 3, 2, 1, 1, 0, 3, 1, 1, 1, 0, 2, 3, 0, 0, 0, 2,
       1, 1, 2, 3, 3, 2, 2, 2, 2, 3, 1, 1, 0, 3, 0, 3, 2, 3, 2, 3, 2, 1,
       2, 1, 2, 0, 1, 0, 1, 0, 0, 3, 3, 1, 2, 0, 3, 3, 2, 2, 0, 3, 2, 0,
       0, 1, 2, 2, 3, 2, 0, 3, 2, 2], dtype=object)]
[57, array([-18.,  -9.,  -9.,   0.]), array([1, 1, 0, 3, 1, 1, 2, 3, 0, 0, 0, 2, 2, 2, 1, 1, 2, 1, 0, 2, 3, 3,
       0, 2, 0, 1, 3, 0, 3, 2, 2, 3, 1, 2, 2, 1, 3, 2, 2, 3, 3, 1, 0, 3,
       3, 2, 1, 1, 3, 3, 3, 2, 1, 1, 0, 3, 1, 1, 1, 0, 2, 3, 0, 0, 0, 2,
       1, 1, 2, 3, 3, 2, 2, 2, 2, 3, 1, 1, 0, 3, 0, 3, 2, 3, 2, 3, 2, 1,
       2, 1, 2, 0, 1, 0, 1, 0, 0, 3, 3, 1, 2, 0, 3, 3, 2, 2, 0, 3, 2, 0,
       0, 1, 2, 2, 3, 2, 0, 3, 2, 2], dtype=object)]
[57, array([-18.,  -9.,  -9.,   0.]), array([1, 1, 0, 3, 1, 1, 2, 3, 0, 0, 0, 2, 2, 2, 1, 1, 2, 1, 0, 2, 3, 3,
       0, 2, 0, 1, 3, 0, 3, 2, 2, 3, 1, 2, 2, 1, 3, 2, 2, 3, 3, 1, 0, 3,
       3, 2, 1, 1, 3, 3, 3, 2, 1, 1, 0, 3, 1, 1, 1, 0, 2, 3, 0, 0, 0, 2,
       1, 1, 2, 3, 3, 2, 2, 2, 2, 3, 1, 1, 0, 3, 0, 3, 2, 3, 2, 3, 2, 1,
       2, 1, 2, 0, 1, 0, 1, 0, 0, 3, 3, 1, 2, 0, 3, 3, 2, 2, 0, 3, 2, 0,
       0, 1, 2, 2, 3, 2, 0, 3, 2, 2], dtype=object)]
[57, array([-18.,  -9.,  -9.,   0.]), array([1, 1, 0, 3, 1, 1, 2, 3, 0, 0, 0, 2, 2, 2, 1, 1, 2, 1, 0, 2, 3, 3,
       0, 2, 0, 1, 3, 0, 3, 2, 2, 3, 1, 2, 2, 1, 3, 2, 2, 3, 3, 1, 0, 3,
       3, 2, 1, 1, 3, 3, 3, 2, 1, 1, 0, 3, 1, 1, 1, 0, 2, 3, 0, 0, 0, 2,
       1, 1, 2, 3, 3, 2, 2, 2, 2, 3, 1, 1, 0, 3, 0, 3, 2, 3, 2, 3, 2, 1,
       2, 1, 2, 0, 1, 0, 1, 0, 0, 3, 3, 1, 2, 0, 3, 3, 2, 2, 0, 3, 2, 0,
       0, 1, 2, 2, 3, 2, 0, 3, 2, 2], dtype=object)]
[58, array([-18.,  -9.,  -9.,   0.]), array([1, 1, 0, 3, 1, 1, 2, 3, 0, 0, 0, 2, 2, 2, 1, 1, 2, 1, 0, 2, 3, 3,
       0, 2, 0, 1, 3, 0, 3, 2, 2, 3, 1, 2, 2, 1, 3, 2, 2, 3, 3, 1, 0, 3,
       3, 2, 1, 1, 3, 3, 3, 2, 1, 1, 0, 3, 1, 1, 0, 0, 2, 3, 0, 0, 0, 2,
       1, 1, 2, 3, 3, 2, 2, 2, 2, 3, 1, 1, 0, 3, 0, 3, 2, 3, 2, 3, 2, 1,
       2, 1, 2, 0, 1, 0, 1, 0, 0, 3, 3, 1, 2, 0, 3, 3, 2, 2, 0, 3, 2, 0,
       0, 1, 2, 2, 3, 2, 0, 3, 2, 2], dtype=object)]
[58, array([-18.,  -9.,  -9.,   0.]), array([1, 1, 0, 3, 1, 1, 2, 3, 0, 0, 0, 2, 2, 2, 1, 1, 2, 1, 0, 2, 3, 3,
       0, 2, 0, 1, 3, 0, 3, 2, 2, 3, 1, 2, 2, 1, 3, 2, 2, 3, 3, 1, 0, 3,
       3, 2, 1, 1, 3, 3, 3, 2, 1, 1, 0, 3, 1, 1, 0, 0, 2, 3, 0, 0, 0, 2,
       1, 1, 2, 3, 3, 2, 2, 2, 2, 3, 1, 1, 0, 3, 0, 3, 2, 3, 2, 3, 2, 1,
       2, 1, 2, 0, 1, 0, 1, 0, 0, 3, 3, 1, 2, 0, 3, 3, 2, 2, 0, 3, 2, 0,
       0, 1, 2, 2, 3, 2, 0, 3, 2, 2], dtype=object)]
[58, array([-18.,  -9.,  -9.,   0.]), array([1, 1, 0, 3, 1, 1, 2, 3, 0, 0, 0, 2, 2, 2, 1, 1, 2, 1, 0, 2, 3, 3,
       0, 2, 0, 1, 3, 0, 3, 2, 2, 3, 1, 2, 2, 1, 3, 2, 2, 3, 3, 1, 0, 3,
       3, 2, 1, 1, 3, 3, 3, 2, 1, 1, 0, 3, 1, 1, 0, 0, 2, 3, 0, 0, 0, 2,
       1, 1, 2, 3, 3, 2, 2, 2, 2, 3, 1, 1, 0, 3, 0, 3, 2, 3, 2, 3, 2, 1,
       2, 1, 2, 0, 1, 0, 1, 0, 0, 3, 3, 1, 2, 0, 3, 3, 2, 2, 0, 3, 2, 0,
       0, 1, 2, 2, 3, 2, 0, 3, 2, 2], dtype=object)]
[58, array([-18.,  -9.,  -9.,   0.]), array([1, 1, 0, 3, 1, 1, 2, 3, 0, 0, 0, 2, 2, 2, 1, 1, 2, 1, 0, 2, 3, 3,
       0, 2, 0, 1, 3, 0, 3, 2, 2, 3, 1, 2, 2, 1, 3, 2, 2, 3, 3, 1, 0, 3,
       3, 2, 1, 1, 3, 3, 3, 2, 1, 1, 0, 3, 1, 1, 0, 0, 2, 3, 0, 0, 0, 2,
       1, 1, 2, 3, 3, 2, 2, 2, 2, 3, 1, 1, 0, 3, 0, 3, 2, 3, 2, 3, 2, 1,
       2, 1, 2, 0, 1, 0, 1, 0, 0, 3, 3, 1, 2, 0, 3, 3, 2, 2, 0, 3, 2, 0,
       0, 1, 2, 2, 3, 2, 0, 3, 2, 2], dtype=object)]
[59, array([-18.,  -9.,  -9.,   0.]), array([1, 1, 0, 3, 2, 2, 2, 3, 0, 0, 0, 2, 3, 3, 1, 1, 2, 3, 0, 2, 3, 3,
       0, 0, 3, 1, 3, 0, 3, 3, 0, 3, 1, 2, 2, 1, 3, 2, 2, 3, 0, 1, 0, 3,
       3, 2, 1, 1, 1, 2, 3, 1, 0, 2, 0, 3, 1, 1, 1, 0, 2, 3, 0, 0, 1, 2,
       1, 1, 2, 3, 3, 2, 2, 2, 2, 1, 1, 1, 0, 3, 0, 3, 1, 3, 2, 3, 2, 2,
       2, 1, 3, 0, 1, 0, 1, 0, 0, 3, 0, 1, 2, 0, 3, 3, 2, 2, 0, 3, 2, 2,
       0, 1, 2, 2, 3, 2, 0, 3, 2, 2], dtype=object)]
[59, array([-18.,  -9.,  -9.,   0.]), array([1, 1, 0, 3, 2, 2, 2, 3, 0, 0, 0, 2, 3, 3, 1, 1, 2, 3, 0, 2, 3, 3,
       0, 0, 3, 1, 3, 0, 3, 3, 0, 3, 1, 2, 2, 1, 3, 2, 2, 3, 0, 1, 0, 3,
       3, 2, 1, 1, 1, 2, 3, 1, 0, 2, 0, 3, 1, 1, 1, 0, 2, 3, 0, 0, 1, 2,
       1, 1, 2, 3, 3, 2, 2, 2, 2, 1, 1, 1, 0, 3, 0, 3, 1, 3, 2, 3, 2, 2,
       2, 1, 3, 0, 1, 0, 1, 0, 0, 3, 0, 1, 2, 0, 3, 3, 2, 2, 0, 3, 2, 2,
       0, 1, 2, 2, 3, 2, 0, 3, 2, 2], dtype=object)]
[59, array([-18.,  -9.,  -9.,   0.]), array([1, 1, 0, 3, 2, 2, 2, 3, 0, 0, 0, 2, 3, 3, 1, 1, 2, 3, 0, 2, 3, 3,
       0, 0, 3, 1, 3, 0, 3, 3, 0, 3, 1, 2, 2, 1, 3, 2, 2, 3, 0, 1, 0, 3,
       3, 2, 1, 1, 1, 2, 3, 1, 0, 2, 0, 3, 1, 1, 1, 0, 2, 3, 0, 0, 1, 2,
       1, 1, 2, 3, 3, 2, 2, 2, 2, 1, 1, 1, 0, 3, 0, 3, 1, 3, 2, 3, 2, 2,
       2, 1, 3, 0, 1, 0, 1, 0, 0, 3, 0, 1, 2, 0, 3, 3, 2, 2, 0, 3, 2, 2,
       0, 1, 2, 2, 3, 2, 0, 3, 2, 2], dtype=object)]
[59, array([-18.,  -9.,  -9.,   0.]), array([1, 1, 0, 3, 2, 2, 2, 3, 0, 0, 0, 2, 3, 3, 1, 1, 2, 3, 0, 2, 3, 3,
       0, 0, 3, 1, 3, 0, 3, 3, 0, 3, 1, 2, 2, 1, 3, 2, 2, 3, 0, 1, 0, 3,
       3, 2, 1, 1, 1, 2, 3, 1, 0, 2, 0, 3, 1, 1, 1, 0, 2, 3, 0, 0, 1, 2,
       1, 1, 2, 3, 3, 2, 2, 2, 2, 1, 1, 1, 0, 3, 0, 3, 1, 3, 2, 3, 2, 2,
       2, 1, 3, 0, 1, 0, 1, 0, 0, 3, 0, 1, 2, 0, 3, 3, 2, 2, 0, 3, 2, 2,
       0, 1, 2, 2, 3, 2, 0, 3, 2, 2], dtype=object)]
[60, array([-18.,  -9.,  -9.,   0.]), array([1, 1, 0, 3, 2, 2, 2, 3, 0, 0, 0, 2, 3, 3, 1, 1, 2, 3, 0, 2, 3, 3,
       0, 0, 3, 1, 3, 0, 3, 3, 0, 3, 1, 2, 2, 1, 3, 2, 2, 3, 0, 1, 0, 3,
       3, 2, 1, 1, 1, 2, 3, 1, 0, 2, 0, 3, 1, 3, 1, 0, 2, 3, 0, 0, 1, 2,
       1, 1, 2, 3, 3, 2, 2, 2, 2, 1, 1, 1, 0, 3, 0, 3, 1, 3, 2, 3, 2, 2,
       2, 1, 3, 0, 1, 0, 1, 0, 0, 3, 0, 1, 2, 0, 3, 3, 2, 2, 0, 3, 2, 2,
       0, 1, 2, 2, 3, 2, 0, 3, 2, 2], dtype=object)]
[60, array([-18.,  -9.,  -9.,   0.]), array([1, 1, 0, 3, 2, 2, 2, 3, 0, 0, 0, 2, 3, 3, 1, 1, 2, 3, 0, 2, 3, 3,
       0, 0, 3, 1, 3, 0, 3, 3, 0, 3, 1, 2, 2, 1, 3, 2, 2, 3, 0, 1, 0, 3,
       3, 2, 1, 1, 1, 2, 3, 1, 0, 2, 0, 3, 1, 3, 1, 0, 2, 3, 0, 0, 1, 2,
       1, 1, 2, 3, 3, 2, 2, 2, 2, 1, 1, 1, 0, 3, 0, 3, 1, 3, 2, 3, 2, 2,
       2, 1, 3, 0, 1, 0, 1, 0, 0, 3, 0, 1, 2, 0, 3, 3, 2, 2, 0, 3, 2, 2,
       0, 1, 2, 2, 3, 2, 0, 3, 2, 2], dtype=object)]
[60, array([-18.,  -9.,  -9.,   0.]), array([1, 1, 0, 3, 2, 2, 2, 3, 0, 0, 0, 2, 3, 3, 1, 1, 2, 3, 0, 2, 3, 3,
       0, 0, 3, 1, 3, 0, 3, 3, 0, 3, 1, 2, 2, 1, 3, 2, 2, 3, 0, 1, 0, 3,
       3, 2, 1, 1, 1, 2, 3, 1, 0, 2, 0, 3, 1, 3, 1, 0, 2, 3, 0, 0, 1, 2,
       1, 1, 2, 3, 3, 2, 2, 2, 2, 1, 1, 1, 0, 3, 0, 3, 1, 3, 2, 3, 2, 2,
       2, 1, 3, 0, 1, 0, 1, 0, 0, 3, 0, 1, 2, 0, 3, 3, 2, 2, 0, 3, 2, 2,
       0, 1, 2, 2, 3, 2, 0, 3, 2, 2], dtype=object)]
[60, array([-18.,  -9.,  -9.,   0.]), array([1, 1, 0, 3, 2, 2, 2, 3, 0, 0, 0, 2, 3, 3, 1, 1, 2, 3, 0, 2, 3, 3,
       0, 0, 3, 1, 3, 0, 3, 3, 0, 3, 1, 2, 2, 1, 3, 2, 2, 3, 0, 1, 0, 3,
       3, 2, 1, 1, 1, 2, 3, 1, 0, 2, 0, 3, 1, 3, 1, 0, 2, 3, 0, 0, 1, 2,
       1, 1, 2, 3, 3, 2, 2, 2, 2, 1, 1, 1, 0, 3, 0, 3, 1, 3, 2, 3, 2, 2,
       2, 1, 3, 0, 1, 0, 1, 0, 0, 3, 0, 1, 2, 0, 3, 3, 2, 2, 0, 3, 2, 2,
       0, 1, 2, 2, 3, 2, 0, 3, 2, 2], dtype=object)]
[61, array([-18.,  -9.,  -9.,   0.]), array([1, 1, 0, 3, 1, 2, 2, 3, 0, 0, 0, 2, 3, 2, 1, 3, 2, 3, 0, 2, 3, 3,
       0, 2, 0, 1, 3, 0, 3, 2, 2, 3, 2, 2, 2, 3, 3, 0, 2, 3, 3, 1, 2, 3,
       0, 2, 1, 1, 3, 3, 3, 2, 1, 1, 0, 3, 1, 1, 1, 0, 2, 3, 0, 0, 1, 2,
       1, 1, 2, 3, 3, 2, 2, 2, 2, 3, 1, 1, 0, 3, 0, 3, 1, 3, 2, 3, 2, 2,
       2, 1, 3, 0, 1, 0, 3, 0, 0, 3, 3, 1, 2, 0, 3, 3, 2, 0, 0, 3, 2, 0,
       0, 1, 2, 2, 3, 1, 0, 1, 2, 2], dtype=object)]
[61, array([-18.,  -9.,  -9.,   0.]), array([1, 1, 0, 3, 1, 2, 2, 3, 0, 0, 0, 2, 3, 2, 1, 3, 2, 3, 0, 2, 3, 3,
       0, 2, 0, 1, 3, 0, 3, 2, 2, 3, 2, 2, 2, 3, 3, 0, 2, 3, 3, 1, 2, 3,
       0, 2, 1, 1, 3, 3, 3, 2, 1, 1, 0, 3, 1, 1, 1, 0, 2, 3, 0, 0, 1, 2,
       1, 1, 2, 3, 3, 2, 2, 2, 2, 3, 1, 1, 0, 3, 0, 3, 1, 3, 2, 3, 2, 2,
       2, 1, 3, 0, 1, 0, 3, 0, 0, 3, 3, 1, 2, 0, 3, 3, 2, 0, 0, 3, 2, 0,
       0, 1, 2, 2, 3, 1, 0, 1, 2, 2], dtype=object)]
[61, array([-18.,  -9.,  -9.,   0.]), array([1, 1, 0, 3, 1, 2, 2, 3, 0, 0, 0, 2, 3, 2, 1, 3, 2, 3, 0, 2, 3, 3,
       0, 2, 0, 1, 3, 0, 3, 2, 2, 3, 2, 2, 2, 3, 3, 0, 2, 3, 3, 1, 2, 3,
       0, 2, 1, 1, 3, 3, 3, 2, 1, 1, 0, 3, 1, 1, 1, 0, 2, 3, 0, 0, 1, 2,
       1, 1, 2, 3, 3, 2, 2, 2, 2, 3, 1, 1, 0, 3, 0, 3, 1, 3, 2, 3, 2, 2,
       2, 1, 3, 0, 1, 0, 3, 0, 0, 3, 3, 1, 2, 0, 3, 3, 2, 0, 0, 3, 2, 0,
       0, 1, 2, 2, 3, 1, 0, 1, 2, 2], dtype=object)]
[61, array([-18.,  -9.,  -9.,   0.]), array([1, 1, 0, 3, 1, 2, 2, 3, 0, 0, 0, 2, 3, 2, 1, 3, 2, 3, 0, 2, 3, 3,
       0, 2, 0, 1, 3, 0, 3, 2, 2, 3, 2, 2, 2, 3, 3, 0, 2, 3, 3, 1, 2, 3,
       0, 2, 1, 1, 3, 3, 3, 2, 1, 1, 0, 3, 1, 1, 1, 0, 2, 3, 0, 0, 1, 2,
       1, 1, 2, 3, 3, 2, 2, 2, 2, 3, 1, 1, 0, 3, 0, 3, 1, 3, 2, 3, 2, 2,
       2, 1, 3, 0, 1, 0, 3, 0, 0, 3, 3, 1, 2, 0, 3, 3, 2, 0, 0, 3, 2, 0,
       0, 1, 2, 2, 3, 1, 0, 1, 2, 2], dtype=object)]
[62, array([-18.,  -9.,  -9.,   0.]), array([1, 1, 0, 0, 1, 2, 2, 3, 0, 0, 0, 2, 3, 2, 1, 3, 2, 3, 0, 2, 3, 3,
       0, 2, 0, 1, 3, 0, 3, 2, 2, 3, 2, 2, 2, 3, 3, 0, 2, 3, 3, 1, 2, 3,
       0, 2, 1, 1, 3, 3, 3, 2, 1, 1, 0, 3, 1, 1, 1, 0, 2, 3, 0, 0, 1, 2,
       1, 1, 2, 3, 3, 2, 2, 2, 2, 3, 1, 1, 0, 3, 0, 3, 1, 3, 2, 3, 2, 2,
       2, 1, 3, 0, 1, 0, 3, 0, 0, 3, 3, 1, 2, 0, 3, 3, 2, 0, 0, 3, 2, 0,
       0, 1, 2, 2, 3, 1, 0, 1, 2, 2], dtype=object)]
[62, array([-18.,  -9.,  -9.,   0.]), array([1, 1, 0, 0, 1, 2, 2, 3, 0, 0, 0, 2, 3, 2, 1, 3, 2, 3, 0, 2, 3, 3,
       0, 2, 0, 1, 3, 0, 3, 2, 2, 3, 2, 2, 2, 3, 3, 0, 2, 3, 3, 1, 2, 3,
       0, 2, 1, 1, 3, 3, 3, 2, 1, 1, 0, 3, 1, 1, 1, 0, 2, 3, 0, 0, 1, 2,
       1, 1, 2, 3, 3, 2, 2, 2, 2, 3, 1, 1, 0, 3, 0, 3, 1, 3, 2, 3, 2, 2,
       2, 1, 3, 0, 1, 0, 3, 0, 0, 3, 3, 1, 2, 0, 3, 3, 2, 0, 0, 3, 2, 0,
       0, 1, 2, 2, 3, 1, 0, 1, 2, 2], dtype=object)]
[62, array([-18.,  -9.,  -9.,   0.]), array([1, 1, 0, 0, 1, 2, 2, 3, 0, 0, 0, 2, 3, 2, 1, 3, 2, 3, 0, 2, 3, 3,
       0, 2, 0, 1, 3, 0, 3, 2, 2, 3, 2, 2, 2, 3, 3, 0, 2, 3, 3, 1, 2, 3,
       0, 2, 1, 1, 3, 3, 3, 2, 1, 1, 0, 3, 1, 1, 1, 0, 2, 3, 0, 0, 1, 2,
       1, 1, 2, 3, 3, 2, 2, 2, 2, 3, 1, 1, 0, 3, 0, 3, 1, 3, 2, 3, 2, 2,
       2, 1, 3, 0, 1, 0, 3, 0, 0, 3, 3, 1, 2, 0, 3, 3, 2, 0, 0, 3, 2, 0,
       0, 1, 2, 2, 3, 1, 0, 1, 2, 2], dtype=object)]
[62, array([-18.,  -9.,  -9.,   0.]), array([1, 1, 0, 0, 1, 2, 2, 3, 0, 0, 0, 2, 3, 2, 1, 3, 2, 3, 0, 2, 3, 3,
       0, 2, 0, 1, 3, 0, 3, 2, 2, 3, 2, 2, 2, 3, 3, 0, 2, 3, 3, 1, 2, 3,
       0, 2, 1, 1, 3, 3, 3, 2, 1, 1, 0, 3, 1, 1, 1, 0, 2, 3, 0, 0, 1, 2,
       1, 1, 2, 3, 3, 2, 2, 2, 2, 3, 1, 1, 0, 3, 0, 3, 1, 3, 2, 3, 2, 2,
       2, 1, 3, 0, 1, 0, 3, 0, 0, 3, 3, 1, 2, 0, 3, 3, 2, 0, 0, 3, 2, 0,
       0, 1, 2, 2, 3, 1, 0, 1, 2, 2], dtype=object)]
[63, array([-18.,  -9.,  -9.,   0.]), array([1, 2, 0, 3, 1, 2, 2, 3, 0, 0, 0, 2, 2, 2, 1, 1, 2, 1, 0, 2, 3, 1,
       0, 2, 0, 1, 3, 3, 3, 2, 2, 3, 1, 2, 2, 3, 3, 0, 2, 3, 3, 1, 2, 3,
       0, 2, 1, 1, 3, 3, 3, 2, 1, 1, 0, 3, 1, 1, 1, 0, 2, 3, 0, 0, 1, 2,
       1, 1, 2, 3, 3, 2, 2, 2, 2, 3, 1, 1, 0, 3, 0, 3, 1, 3, 2, 0, 1, 1,
       2, 1, 3, 2, 1, 0, 1, 0, 0, 3, 3, 1, 2, 0, 3, 3, 2, 2, 0, 3, 2, 1,
       0, 1, 2, 2, 3, 2, 0, 3, 2, 2], dtype=object)]
[63, array([-18.,  -9.,  -9.,   0.]), array([1, 2, 0, 3, 1, 2, 2, 3, 0, 0, 0, 2, 2, 2, 1, 1, 2, 1, 0, 2, 3, 1,
       0, 2, 0, 1, 3, 3, 3, 2, 2, 3, 1, 2, 2, 3, 3, 0, 2, 3, 3, 1, 2, 3,
       0, 2, 1, 1, 3, 3, 3, 2, 1, 1, 0, 3, 1, 1, 1, 0, 2, 3, 0, 0, 1, 2,
       1, 1, 2, 3, 3, 2, 2, 2, 2, 3, 1, 1, 0, 3, 0, 3, 1, 3, 2, 0, 1, 1,
       2, 1, 3, 2, 1, 0, 1, 0, 0, 3, 3, 1, 2, 0, 3, 3, 2, 2, 0, 3, 2, 1,
       0, 1, 2, 2, 3, 2, 0, 3, 2, 2], dtype=object)]
[63, array([-18.,  -9.,  -9.,   0.]), array([1, 2, 0, 3, 1, 2, 2, 3, 0, 0, 0, 2, 2, 2, 1, 1, 2, 1, 0, 2, 3, 1,
       0, 2, 0, 1, 3, 3, 3, 2, 2, 3, 1, 2, 2, 3, 3, 0, 2, 3, 3, 1, 2, 3,
       0, 2, 1, 1, 3, 3, 3, 2, 1, 1, 0, 3, 1, 1, 1, 0, 2, 3, 0, 0, 1, 2,
       1, 1, 2, 3, 3, 2, 2, 2, 2, 3, 1, 1, 0, 3, 0, 3, 1, 3, 2, 0, 1, 1,
       2, 1, 3, 2, 1, 0, 1, 0, 0, 3, 3, 1, 2, 0, 3, 3, 2, 2, 0, 3, 2, 1,
       0, 1, 2, 2, 3, 2, 0, 3, 2, 2], dtype=object)]
[63, array([-18.,  -9.,  -9.,   0.]), array([1, 2, 0, 3, 1, 2, 2, 3, 0, 0, 0, 2, 2, 2, 1, 1, 2, 1, 0, 2, 3, 1,
       0, 2, 0, 1, 3, 3, 3, 2, 2, 3, 1, 2, 2, 3, 3, 0, 2, 3, 3, 1, 2, 3,
       0, 2, 1, 1, 3, 3, 3, 2, 1, 1, 0, 3, 1, 1, 1, 0, 2, 3, 0, 0, 1, 2,
       1, 1, 2, 3, 3, 2, 2, 2, 2, 3, 1, 1, 0, 3, 0, 3, 1, 3, 2, 0, 1, 1,
       2, 1, 3, 2, 1, 0, 1, 0, 0, 3, 3, 1, 2, 0, 3, 3, 2, 2, 0, 3, 2, 1,
       0, 1, 2, 2, 3, 2, 0, 3, 2, 2], dtype=object)]
[64, array([-18.,  -9.,  -9.,   0.]), array([1, 2, 0, 3, 1, 2, 2, 3, 0, 0, 0, 2, 2, 2, 1, 1, 2, 1, 0, 2, 3, 1,
       0, 2, 0, 1, 3, 3, 3, 2, 2, 3, 1, 2, 2, 3, 3, 0, 2, 3, 3, 1, 2, 3,
       0, 2, 1, 1, 3, 3, 3, 2, 1, 1, 0, 3, 1, 1, 1, 0, 2, 3, 0, 0, 1, 2,
       1, 1, 2, 3, 3, 2, 2, 2, 2, 3, 1, 1, 0, 3, 0, 3, 1, 3, 2, 0, 1, 1,
       2, 1, 3, 2, 1, 0, 1, 0, 0, 3, 3, 1, 2, 0, 3, 3, 2, 2, 0, 3, 2, 1,
       0, 1, 2, 2, 3, 2, 0, 3, 2, 2], dtype=object)]
[64, array([-18.,  -9.,  -9.,   0.]), array([1, 2, 0, 3, 1, 2, 2, 3, 0, 0, 0, 2, 2, 2, 1, 1, 2, 1, 0, 2, 3, 1,
       0, 2, 0, 1, 3, 3, 3, 2, 2, 3, 1, 2, 2, 3, 3, 0, 2, 3, 3, 1, 2, 3,
       0, 2, 1, 1, 3, 3, 3, 2, 1, 1, 0, 3, 1, 1, 1, 0, 2, 3, 0, 0, 1, 2,
       1, 1, 2, 3, 3, 2, 2, 2, 2, 3, 1, 1, 0, 3, 0, 3, 1, 3, 2, 0, 1, 1,
       2, 1, 3, 2, 1, 0, 1, 0, 0, 3, 3, 1, 2, 0, 3, 3, 2, 2, 0, 3, 2, 1,
       0, 1, 2, 2, 3, 2, 0, 3, 2, 2], dtype=object)]
[64, array([-18.,  -9.,  -9.,   0.]), array([1, 2, 0, 3, 1, 2, 2, 3, 0, 0, 0, 2, 2, 2, 1, 1, 2, 1, 0, 2, 3, 1,
       0, 2, 0, 1, 3, 3, 3, 2, 2, 3, 1, 2, 2, 3, 3, 0, 2, 3, 3, 1, 2, 3,
       0, 2, 1, 1, 3, 3, 3, 2, 1, 1, 0, 3, 1, 1, 1, 0, 2, 3, 0, 0, 1, 2,
       1, 1, 2, 3, 3, 2, 2, 2, 2, 3, 1, 1, 0, 3, 0, 3, 1, 3, 2, 0, 1, 1,
       2, 1, 3, 2, 1, 0, 1, 0, 0, 3, 3, 1, 2, 0, 3, 3, 2, 2, 0, 3, 2, 1,
       0, 1, 2, 2, 3, 2, 0, 3, 2, 2], dtype=object)]
[64, array([-18.,  -9.,  -9.,   0.]), array([1, 2, 0, 3, 1, 2, 2, 3, 0, 0, 0, 2, 2, 2, 1, 1, 2, 1, 0, 2, 3, 1,
       0, 2, 0, 1, 3, 3, 3, 2, 2, 3, 1, 2, 2, 3, 3, 0, 2, 3, 3, 1, 2, 3,
       0, 2, 1, 1, 3, 3, 3, 2, 1, 1, 0, 3, 1, 1, 1, 0, 2, 3, 0, 0, 1, 2,
       1, 1, 2, 3, 3, 2, 2, 2, 2, 3, 1, 1, 0, 3, 0, 3, 1, 3, 2, 0, 1, 1,
       2, 1, 3, 2, 1, 0, 1, 0, 0, 3, 3, 1, 2, 0, 3, 3, 2, 2, 0, 3, 2, 1,
       0, 1, 2, 2, 3, 2, 0, 3, 2, 2], dtype=object)]
[65, array([-18.,  -9.,  -9.,   0.]), array([1, 1, 0, 3, 1, 2, 2, 3, 0, 0, 0, 2, 2, 2, 1, 1, 2, 1, 0, 2, 3, 3,
       0, 2, 0, 1, 3, 0, 3, 2, 2, 3, 1, 3, 2, 1, 3, 2, 2, 3, 3, 1, 0, 3,
       3, 2, 1, 1, 3, 3, 3, 2, 1, 1, 0, 3, 0, 1, 1, 0, 2, 3, 0, 0, 0, 2,
       3, 1, 2, 3, 3, 2, 2, 2, 2, 3, 1, 1, 0, 3, 3, 3, 1, 3, 2, 3, 2, 1,
       2, 1, 3, 0, 1, 0, 1, 0, 0, 3, 3, 1, 2, 0, 3, 3, 2, 2, 0, 3, 2, 0,
       0, 1, 2, 2, 3, 2, 0, 3, 2, 2], dtype=object)]
[65, array([-18.,  -9.,  -9.,   0.]), array([1, 1, 0, 3, 1, 2, 2, 3, 0, 0, 0, 2, 2, 2, 1, 1, 2, 1, 0, 2, 3, 3,
       0, 2, 0, 1, 3, 0, 3, 2, 2, 3, 1, 3, 2, 1, 3, 2, 2, 3, 3, 1, 0, 3,
       3, 2, 1, 1, 3, 3, 3, 2, 1, 1, 0, 3, 0, 1, 1, 0, 2, 3, 0, 0, 0, 2,
       3, 1, 2, 3, 3, 2, 2, 2, 2, 3, 1, 1, 0, 3, 3, 3, 1, 3, 2, 3, 2, 1,
       2, 1, 3, 0, 1, 0, 1, 0, 0, 3, 3, 1, 2, 0, 3, 3, 2, 2, 0, 3, 2, 0,
       0, 1, 2, 2, 3, 2, 0, 3, 2, 2], dtype=object)]
[65, array([-18.,  -9.,  -9.,   0.]), array([1, 1, 0, 3, 1, 2, 2, 3, 0, 0, 0, 2, 2, 2, 1, 1, 2, 1, 0, 2, 3, 3,
       0, 2, 0, 1, 3, 0, 3, 2, 2, 3, 1, 3, 2, 1, 3, 2, 2, 3, 3, 1, 0, 3,
       3, 2, 1, 1, 3, 3, 3, 2, 1, 1, 0, 3, 0, 1, 1, 0, 2, 3, 0, 0, 0, 2,
       3, 1, 2, 3, 3, 2, 2, 2, 2, 3, 1, 1, 0, 3, 3, 3, 1, 3, 2, 3, 2, 1,
       2, 1, 3, 0, 1, 0, 1, 0, 0, 3, 3, 1, 2, 0, 3, 3, 2, 2, 0, 3, 2, 0,
       0, 1, 2, 2, 3, 2, 0, 3, 2, 2], dtype=object)]
[65, array([-18.,  -9.,  -9.,   0.]), array([1, 1, 0, 3, 1, 2, 2, 3, 0, 0, 0, 2, 2, 2, 1, 1, 2, 1, 0, 2, 3, 3,
       0, 2, 0, 1, 3, 0, 3, 2, 2, 3, 1, 3, 2, 1, 3, 2, 2, 3, 3, 1, 0, 3,
       3, 2, 1, 1, 3, 3, 3, 2, 1, 1, 0, 3, 0, 1, 1, 0, 2, 3, 0, 0, 0, 2,
       3, 1, 2, 3, 3, 2, 2, 2, 2, 3, 1, 1, 0, 3, 3, 3, 1, 3, 2, 3, 2, 1,
       2, 1, 3, 0, 1, 0, 1, 0, 0, 3, 3, 1, 2, 0, 3, 3, 2, 2, 0, 3, 2, 0,
       0, 1, 2, 2, 3, 2, 0, 3, 2, 2], dtype=object)]
[66, array([-18.,  -9.,  -9.,   0.]), array([1, 3, 0, 3, 1, 2, 2, 3, 0, 0, 0, 2, 2, 2, 1, 1, 2, 1, 0, 2, 3, 3,
       0, 2, 0, 1, 3, 0, 3, 2, 2, 3, 1, 3, 2, 1, 3, 2, 2, 3, 3, 1, 0, 3,
       3, 2, 1, 1, 3, 3, 3, 2, 1, 1, 0, 3, 0, 1, 1, 0, 2, 3, 0, 0, 0, 2,
       3, 1, 2, 3, 3, 2, 2, 2, 2, 3, 1, 1, 0, 3, 3, 3, 1, 3, 2, 3, 2, 1,
       2, 1, 3, 0, 1, 0, 1, 0, 0, 3, 3, 1, 2, 0, 3, 3, 2, 2, 0, 3, 2, 0,
       0, 1, 2, 2, 3, 2, 0, 3, 2, 2], dtype=object)]
[66, array([-18.,  -9.,  -9.,   0.]), array([1, 3, 0, 3, 1, 2, 2, 3, 0, 0, 0, 2, 2, 2, 1, 1, 2, 1, 0, 2, 3, 3,
       0, 2, 0, 1, 3, 0, 3, 2, 2, 3, 1, 3, 2, 1, 3, 2, 2, 3, 3, 1, 0, 3,
       3, 2, 1, 1, 3, 3, 3, 2, 1, 1, 0, 3, 0, 1, 1, 0, 2, 3, 0, 0, 0, 2,
       3, 1, 2, 3, 3, 2, 2, 2, 2, 3, 1, 1, 0, 3, 3, 3, 1, 3, 2, 3, 2, 1,
       2, 1, 3, 0, 1, 0, 1, 0, 0, 3, 3, 1, 2, 0, 3, 3, 2, 2, 0, 3, 2, 0,
       0, 1, 2, 2, 3, 2, 0, 3, 2, 2], dtype=object)]
[66, array([-18.,  -9.,  -9.,   0.]), array([1, 3, 0, 3, 1, 2, 2, 3, 0, 0, 0, 2, 2, 2, 1, 1, 2, 1, 0, 2, 3, 3,
       0, 2, 0, 1, 3, 0, 3, 2, 2, 3, 1, 3, 2, 1, 3, 2, 2, 3, 3, 1, 0, 3,
       3, 2, 1, 1, 3, 3, 3, 2, 1, 1, 0, 3, 0, 1, 1, 0, 2, 3, 0, 0, 0, 2,
       3, 1, 2, 3, 3, 2, 2, 2, 2, 3, 1, 1, 0, 3, 3, 3, 1, 3, 2, 3, 2, 1,
       2, 1, 3, 0, 1, 0, 1, 0, 0, 3, 3, 1, 2, 0, 3, 3, 2, 2, 0, 3, 2, 0,
       0, 1, 2, 2, 3, 2, 0, 3, 2, 2], dtype=object)]
[66, array([-18.,  -9.,  -9.,   0.]), array([1, 3, 0, 3, 1, 2, 2, 3, 0, 0, 0, 2, 2, 2, 1, 1, 2, 1, 0, 2, 3, 3,
       0, 2, 0, 1, 3, 0, 3, 2, 2, 3, 1, 3, 2, 1, 3, 2, 2, 3, 3, 1, 0, 3,
       3, 2, 1, 1, 3, 3, 3, 2, 1, 1, 0, 3, 0, 1, 1, 0, 2, 3, 0, 0, 0, 2,
       3, 1, 2, 3, 3, 2, 2, 2, 2, 3, 1, 1, 0, 3, 3, 3, 1, 3, 2, 3, 2, 1,
       2, 1, 3, 0, 1, 0, 1, 0, 0, 3, 3, 1, 2, 0, 3, 3, 2, 2, 0, 3, 2, 0,
       0, 1, 2, 2, 3, 2, 0, 3, 2, 2], dtype=object)]
[67, array([-18.,  -9.,  -9.,   0.]), array([2, 1, 0, 3, 1, 2, 2, 3, 0, 0, 0, 2, 2, 2, 1, 1, 2, 1, 0, 2, 3, 1,
       0, 2, 0, 1, 3, 3, 3, 2, 2, 3, 1, 2, 2, 1, 3, 2, 2, 3, 3, 0, 0, 3,
       2, 2, 1, 1, 1, 3, 3, 2, 1, 1, 0, 3, 1, 1, 1, 0, 2, 3, 0, 0, 0, 2,
       1, 1, 2, 3, 3, 2, 2, 2, 2, 3, 2, 1, 0, 3, 0, 3, 1, 3, 2, 3, 2, 1,
       2, 1, 2, 0, 1, 0, 0, 0, 0, 3, 3, 1, 2, 0, 3, 3, 2, 2, 0, 3, 2, 0,
       0, 1, 2, 2, 3, 2, 0, 3, 2, 2], dtype=object)]
[67, array([-18.,  -9.,  -9.,   0.]), array([2, 1, 0, 3, 1, 2, 2, 3, 0, 0, 0, 2, 2, 2, 1, 1, 2, 1, 0, 2, 3, 1,
       0, 2, 0, 1, 3, 3, 3, 2, 2, 3, 1, 2, 2, 1, 3, 2, 2, 3, 3, 0, 0, 3,
       2, 2, 1, 1, 1, 3, 3, 2, 1, 1, 0, 3, 1, 1, 1, 0, 2, 3, 0, 0, 0, 2,
       1, 1, 2, 3, 3, 2, 2, 2, 2, 3, 2, 1, 0, 3, 0, 3, 1, 3, 2, 3, 2, 1,
       2, 1, 2, 0, 1, 0, 0, 0, 0, 3, 3, 1, 2, 0, 3, 3, 2, 2, 0, 3, 2, 0,
       0, 1, 2, 2, 3, 2, 0, 3, 2, 2], dtype=object)]
[67, array([-18.,  -9.,  -9.,   0.]), array([2, 1, 0, 3, 1, 2, 2, 3, 0, 0, 0, 2, 2, 2, 1, 1, 2, 1, 0, 2, 3, 1,
       0, 2, 0, 1, 3, 3, 3, 2, 2, 3, 1, 2, 2, 1, 3, 2, 2, 3, 3, 0, 0, 3,
       2, 2, 1, 1, 1, 3, 3, 2, 1, 1, 0, 3, 1, 1, 1, 0, 2, 3, 0, 0, 0, 2,
       1, 1, 2, 3, 3, 2, 2, 2, 2, 3, 2, 1, 0, 3, 0, 3, 1, 3, 2, 3, 2, 1,
       2, 1, 2, 0, 1, 0, 0, 0, 0, 3, 3, 1, 2, 0, 3, 3, 2, 2, 0, 3, 2, 0,
       0, 1, 2, 2, 3, 2, 0, 3, 2, 2], dtype=object)]
[67, array([-18.,  -9.,  -9.,   0.]), array([2, 1, 0, 3, 1, 2, 2, 3, 0, 0, 0, 2, 2, 2, 1, 1, 2, 1, 0, 2, 3, 1,
       0, 2, 0, 1, 3, 3, 3, 2, 2, 3, 1, 2, 2, 1, 3, 2, 2, 3, 3, 0, 0, 3,
       2, 2, 1, 1, 1, 3, 3, 2, 1, 1, 0, 3, 1, 1, 1, 0, 2, 3, 0, 0, 0, 2,
       1, 1, 2, 3, 3, 2, 2, 2, 2, 3, 2, 1, 0, 3, 0, 3, 1, 3, 2, 3, 2, 1,
       2, 1, 2, 0, 1, 0, 0, 0, 0, 3, 3, 1, 2, 0, 3, 3, 2, 2, 0, 3, 2, 0,
       0, 1, 2, 2, 3, 2, 0, 3, 2, 2], dtype=object)]
[68, array([-18.,  -9.,  -9.,   0.]), array([2, 1, 0, 3, 1, 2, 2, 3, 0, 0, 0, 2, 2, 2, 1, 1, 2, 1, 0, 2, 3, 1,
       0, 2, 0, 1, 3, 3, 3, 2, 2, 3, 1, 2, 2, 1, 3, 2, 2, 3, 3, 0, 0, 3,
       2, 3, 1, 1, 1, 3, 3, 2, 1, 1, 0, 3, 1, 1, 1, 0, 2, 3, 0, 0, 0, 2,
       1, 1, 2, 3, 3, 2, 2, 2, 2, 3, 2, 1, 0, 3, 0, 3, 3, 3, 2, 3, 2, 1,
       2, 1, 2, 0, 1, 0, 0, 0, 0, 3, 3, 1, 2, 0, 3, 3, 2, 2, 0, 3, 2, 0,
       0, 1, 2, 2, 3, 2, 0, 3, 2, 2], dtype=object)]
[68, array([-18.,  -9.,  -9.,   0.]), array([2, 1, 0, 3, 1, 2, 2, 3, 0, 0, 0, 2, 2, 2, 1, 1, 2, 1, 0, 2, 3, 1,
       0, 2, 0, 1, 3, 3, 3, 2, 2, 3, 1, 2, 2, 1, 3, 2, 2, 3, 3, 0, 0, 3,
       2, 3, 1, 1, 1, 3, 3, 2, 1, 1, 0, 3, 1, 1, 1, 0, 2, 3, 0, 0, 0, 2,
       1, 1, 2, 3, 3, 2, 2, 2, 2, 3, 2, 1, 0, 3, 0, 3, 3, 3, 2, 3, 2, 1,
       2, 1, 2, 0, 1, 0, 0, 0, 0, 3, 3, 1, 2, 0, 3, 3, 2, 2, 0, 3, 2, 0,
       0, 1, 2, 2, 3, 2, 0, 3, 2, 2], dtype=object)]
[68, array([-18.,  -9.,  -9.,   0.]), array([2, 1, 0, 3, 1, 2, 2, 3, 0, 0, 0, 2, 2, 2, 1, 1, 2, 1, 0, 2, 3, 1,
       0, 2, 0, 1, 3, 3, 3, 2, 2, 3, 1, 2, 2, 1, 3, 2, 2, 3, 3, 0, 0, 3,
       2, 3, 1, 1, 1, 3, 3, 2, 1, 1, 0, 3, 1, 1, 1, 0, 2, 3, 0, 0, 0, 2,
       1, 1, 2, 3, 3, 2, 2, 2, 2, 3, 2, 1, 0, 3, 0, 3, 3, 3, 2, 3, 2, 1,
       2, 1, 2, 0, 1, 0, 0, 0, 0, 3, 3, 1, 2, 0, 3, 3, 2, 2, 0, 3, 2, 0,
       0, 1, 2, 2, 3, 2, 0, 3, 2, 2], dtype=object)]
[68, array([-18.,  -9.,  -9.,   0.]), array([2, 1, 0, 3, 1, 2, 2, 3, 0, 0, 0, 2, 2, 2, 1, 1, 2, 1, 0, 2, 3, 1,
       0, 2, 0, 1, 3, 3, 3, 2, 2, 3, 1, 2, 2, 1, 3, 2, 2, 3, 3, 0, 0, 3,
       2, 3, 1, 1, 1, 3, 3, 2, 1, 1, 0, 3, 1, 1, 1, 0, 2, 3, 0, 0, 0, 2,
       1, 1, 2, 3, 3, 2, 2, 2, 2, 3, 2, 1, 0, 3, 0, 3, 3, 3, 2, 3, 2, 1,
       2, 1, 2, 0, 1, 0, 0, 0, 0, 3, 3, 1, 2, 0, 3, 3, 2, 2, 0, 3, 2, 0,
       0, 1, 2, 2, 3, 2, 0, 3, 2, 2], dtype=object)]
[69, array([-18.,  -9.,  -9.,   0.]), array([2, 1, 0, 3, 1, 2, 2, 3, 0, 0, 0, 2, 2, 2, 1, 1, 2, 1, 0, 2, 3, 1,
       0, 3, 0, 1, 3, 3, 3, 2, 2, 3, 1, 2, 2, 1, 3, 2, 2, 3, 3, 1, 0, 3,
       3, 2, 1, 1, 3, 3, 3, 2, 1, 1, 0, 3, 0, 1, 1, 0, 2, 3, 0, 0, 0, 2,
       3, 1, 2, 3, 3, 2, 2, 2, 2, 3, 1, 1, 0, 3, 0, 3, 1, 3, 2, 3, 2, 1,
       2, 1, 3, 0, 1, 0, 1, 0, 0, 3, 3, 1, 2, 0, 3, 3, 2, 2, 0, 3, 2, 0,
       0, 1, 2, 2, 3, 1, 0, 1, 2, 2], dtype=object)]
[69, array([-18.,  -9.,  -9.,   0.]), array([2, 1, 0, 3, 1, 2, 2, 3, 0, 0, 0, 2, 2, 2, 1, 1, 2, 1, 0, 2, 3, 1,
       0, 3, 0, 1, 3, 3, 3, 2, 2, 3, 1, 2, 2, 1, 3, 2, 2, 3, 3, 1, 0, 3,
       3, 2, 1, 1, 3, 3, 3, 2, 1, 1, 0, 3, 0, 1, 1, 0, 2, 3, 0, 0, 0, 2,
       3, 1, 2, 3, 3, 2, 2, 2, 2, 3, 1, 1, 0, 3, 0, 3, 1, 3, 2, 3, 2, 1,
       2, 1, 3, 0, 1, 0, 1, 0, 0, 3, 3, 1, 2, 0, 3, 3, 2, 2, 0, 3, 2, 0,
       0, 1, 2, 2, 3, 1, 0, 1, 2, 2], dtype=object)]
[69, array([-18.,  -9.,  -9.,   0.]), array([2, 1, 0, 3, 1, 2, 2, 3, 0, 0, 0, 2, 2, 2, 1, 1, 2, 1, 0, 2, 3, 1,
       0, 3, 0, 1, 3, 3, 3, 2, 2, 3, 1, 2, 2, 1, 3, 2, 2, 3, 3, 1, 0, 3,
       3, 2, 1, 1, 3, 3, 3, 2, 1, 1, 0, 3, 0, 1, 1, 0, 2, 3, 0, 0, 0, 2,
       3, 1, 2, 3, 3, 2, 2, 2, 2, 3, 1, 1, 0, 3, 0, 3, 1, 3, 2, 3, 2, 1,
       2, 1, 3, 0, 1, 0, 1, 0, 0, 3, 3, 1, 2, 0, 3, 3, 2, 2, 0, 3, 2, 0,
       0, 1, 2, 2, 3, 1, 0, 1, 2, 2], dtype=object)]
[69, array([-18.,  -9.,  -9.,   0.]), array([2, 1, 0, 3, 1, 2, 2, 3, 0, 0, 0, 2, 2, 2, 1, 1, 2, 1, 0, 2, 3, 1,
       0, 3, 0, 1, 3, 3, 3, 2, 2, 3, 1, 2, 2, 1, 3, 2, 2, 3, 3, 1, 0, 3,
       3, 2, 1, 1, 3, 3, 3, 2, 1, 1, 0, 3, 0, 1, 1, 0, 2, 3, 0, 0, 0, 2,
       3, 1, 2, 3, 3, 2, 2, 2, 2, 3, 1, 1, 0, 3, 0, 3, 1, 3, 2, 3, 2, 1,
       2, 1, 3, 0, 1, 0, 1, 0, 0, 3, 3, 1, 2, 0, 3, 3, 2, 2, 0, 3, 2, 0,
       0, 1, 2, 2, 3, 1, 0, 1, 2, 2], dtype=object)]
[70, array([-18.,  -9.,  -9.,   0.]), array([2, 1, 0, 3, 1, 2, 2, 3, 0, 0, 0, 2, 2, 2, 1, 1, 2, 1, 0, 2, 3, 1,
       0, 3, 0, 0, 3, 3, 3, 2, 2, 3, 1, 2, 2, 1, 3, 2, 2, 3, 3, 1, 0, 3,
       3, 2, 1, 1, 3, 3, 3, 2, 1, 1, 0, 3, 0, 1, 1, 0, 2, 3, 0, 0, 0, 2,
       3, 1, 2, 3, 3, 2, 2, 2, 2, 3, 1, 1, 0, 3, 0, 3, 1, 3, 2, 3, 2, 1,
       2, 1, 3, 0, 1, 0, 1, 0, 0, 3, 3, 1, 2, 0, 3, 3, 2, 2, 0, 3, 2, 0,
       0, 1, 2, 2, 3, 1, 0, 1, 2, 2], dtype=object)]
[70, array([-18.,  -9.,  -9.,   0.]), array([2, 1, 0, 3, 1, 2, 2, 3, 0, 0, 0, 2, 2, 2, 1, 1, 2, 1, 0, 2, 3, 1,
       0, 3, 0, 0, 3, 3, 3, 2, 2, 3, 1, 2, 2, 1, 3, 2, 2, 3, 3, 1, 0, 3,
       3, 2, 1, 1, 3, 3, 3, 2, 1, 1, 0, 3, 0, 1, 1, 0, 2, 3, 0, 0, 0, 2,
       3, 1, 2, 3, 3, 2, 2, 2, 2, 3, 1, 1, 0, 3, 0, 3, 1, 3, 2, 3, 2, 1,
       2, 1, 3, 0, 1, 0, 1, 0, 0, 3, 3, 1, 2, 0, 3, 3, 2, 2, 0, 3, 2, 0,
       0, 1, 2, 2, 3, 1, 0, 1, 2, 2], dtype=object)]
[70, array([-18.,  -9.,  -9.,   0.]), array([2, 1, 0, 3, 1, 2, 2, 3, 0, 0, 0, 2, 2, 2, 1, 1, 2, 1, 0, 2, 3, 1,
       0, 3, 0, 0, 3, 3, 3, 2, 2, 3, 1, 2, 2, 1, 3, 2, 2, 3, 3, 1, 0, 3,
       3, 2, 1, 1, 3, 3, 3, 2, 1, 1, 0, 3, 0, 1, 1, 0, 2, 3, 0, 0, 0, 2,
       3, 1, 2, 3, 3, 2, 2, 2, 2, 3, 1, 1, 0, 3, 0, 3, 1, 3, 2, 3, 2, 1,
       2, 1, 3, 0, 1, 0, 1, 0, 0, 3, 3, 1, 2, 0, 3, 3, 2, 2, 0, 3, 2, 0,
       0, 1, 2, 2, 3, 1, 0, 1, 2, 2], dtype=object)]
[70, array([-18.,  -9.,  -9.,   0.]), array([2, 1, 0, 3, 1, 2, 2, 3, 0, 0, 0, 2, 2, 2, 1, 1, 2, 1, 0, 2, 3, 1,
       0, 3, 0, 0, 3, 3, 3, 2, 2, 3, 1, 2, 2, 1, 3, 2, 2, 3, 3, 1, 0, 3,
       3, 2, 1, 1, 3, 3, 3, 2, 1, 1, 0, 3, 0, 1, 1, 0, 2, 3, 0, 0, 0, 2,
       3, 1, 2, 3, 3, 2, 2, 2, 2, 3, 1, 1, 0, 3, 0, 3, 1, 3, 2, 3, 2, 1,
       2, 1, 3, 0, 1, 0, 1, 0, 0, 3, 3, 1, 2, 0, 3, 3, 2, 2, 0, 3, 2, 0,
       0, 1, 2, 2, 3, 1, 0, 1, 2, 2], dtype=object)]
[71, array([-18.,  -9.,  -9.,   0.]), array([1, 1, 0, 3, 1, 2, 2, 3, 0, 0, 0, 2, 2, 2, 1, 1, 2, 1, 0, 2, 3, 3,
       0, 2, 0, 1, 3, 3, 3, 2, 2, 3, 1, 2, 2, 1, 3, 1, 2, 3, 1, 0, 0, 3,
       3, 2, 1, 1, 1, 3, 3, 2, 1, 1, 0, 3, 2, 1, 1, 0, 2, 3, 0, 0, 0, 2,
       1, 1, 2, 3, 3, 2, 2, 2, 2, 3, 3, 1, 0, 3, 0, 3, 1, 3, 2, 3, 2, 1,
       2, 1, 2, 0, 1, 0, 1, 0, 0, 3, 3, 1, 2, 0, 3, 3, 2, 2, 0, 3, 2, 0,
       0, 1, 2, 2, 3, 2, 0, 3, 2, 2], dtype=object)]
[71, array([-18.,  -9.,  -9.,   0.]), array([1, 1, 0, 3, 1, 2, 2, 3, 0, 0, 0, 2, 2, 2, 1, 1, 2, 1, 0, 2, 3, 3,
       0, 2, 0, 1, 3, 3, 3, 2, 2, 3, 1, 2, 2, 1, 3, 1, 2, 3, 1, 0, 0, 3,
       3, 2, 1, 1, 1, 3, 3, 2, 1, 1, 0, 3, 2, 1, 1, 0, 2, 3, 0, 0, 0, 2,
       1, 1, 2, 3, 3, 2, 2, 2, 2, 3, 3, 1, 0, 3, 0, 3, 1, 3, 2, 3, 2, 1,
       2, 1, 2, 0, 1, 0, 1, 0, 0, 3, 3, 1, 2, 0, 3, 3, 2, 2, 0, 3, 2, 0,
       0, 1, 2, 2, 3, 2, 0, 3, 2, 2], dtype=object)]
[71, array([-18.,  -9.,  -9.,   0.]), array([1, 1, 0, 3, 1, 2, 2, 3, 0, 0, 0, 2, 2, 2, 1, 1, 2, 1, 0, 2, 3, 3,
       0, 2, 0, 1, 3, 3, 3, 2, 2, 3, 1, 2, 2, 1, 3, 1, 2, 3, 1, 0, 0, 3,
       3, 2, 1, 1, 1, 3, 3, 2, 1, 1, 0, 3, 2, 1, 1, 0, 2, 3, 0, 0, 0, 2,
       1, 1, 2, 3, 3, 2, 2, 2, 2, 3, 3, 1, 0, 3, 0, 3, 1, 3, 2, 3, 2, 1,
       2, 1, 2, 0, 1, 0, 1, 0, 0, 3, 3, 1, 2, 0, 3, 3, 2, 2, 0, 3, 2, 0,
       0, 1, 2, 2, 3, 2, 0, 3, 2, 2], dtype=object)]
[71, array([-18.,  -9.,  -9.,   0.]), array([1, 1, 0, 3, 1, 2, 2, 3, 0, 0, 0, 2, 2, 2, 1, 1, 2, 1, 0, 2, 3, 3,
       0, 2, 0, 1, 3, 3, 3, 2, 2, 3, 1, 2, 2, 1, 3, 1, 2, 3, 1, 0, 0, 3,
       3, 2, 1, 1, 1, 3, 3, 2, 1, 1, 0, 3, 2, 1, 1, 0, 2, 3, 0, 0, 0, 2,
       1, 1, 2, 3, 3, 2, 2, 2, 2, 3, 3, 1, 0, 3, 0, 3, 1, 3, 2, 3, 2, 1,
       2, 1, 2, 0, 1, 0, 1, 0, 0, 3, 3, 1, 2, 0, 3, 3, 2, 2, 0, 3, 2, 0,
       0, 1, 2, 2, 3, 2, 0, 3, 2, 2], dtype=object)]
[72, array([-18.,  -9.,  -9.,   0.]), array([1, 1, 0, 3, 1, 2, 2, 3, 0, 0, 0, 2, 2, 2, 1, 1, 2, 1, 0, 2, 3, 3,
       0, 2, 0, 1, 3, 3, 3, 0, 2, 3, 1, 2, 2, 1, 3, 1, 2, 3, 1, 0, 0, 3,
       3, 2, 1, 1, 1, 3, 3, 2, 1, 1, 0, 3, 2, 1, 1, 0, 2, 3, 0, 0, 0, 2,
       1, 1, 2, 3, 3, 2, 2, 2, 2, 3, 3, 1, 0, 3, 0, 3, 1, 3, 2, 3, 2, 1,
       2, 1, 2, 0, 1, 0, 1, 0, 0, 3, 3, 1, 2, 0, 3, 3, 2, 2, 0, 3, 2, 0,
       0, 1, 2, 2, 3, 2, 0, 3, 2, 2], dtype=object)]
[72, array([-18.,  -9.,  -9.,   0.]), array([1, 1, 0, 3, 1, 2, 2, 3, 0, 0, 0, 2, 2, 2, 1, 1, 2, 1, 0, 2, 3, 3,
       0, 2, 0, 1, 3, 3, 3, 0, 2, 3, 1, 2, 2, 1, 3, 1, 2, 3, 1, 0, 0, 3,
       3, 2, 1, 1, 1, 3, 3, 2, 1, 1, 0, 3, 2, 1, 1, 0, 2, 3, 0, 0, 0, 2,
       1, 1, 2, 3, 3, 2, 2, 2, 2, 3, 3, 1, 0, 3, 0, 3, 1, 3, 2, 3, 2, 1,
       2, 1, 2, 0, 1, 0, 1, 0, 0, 3, 3, 1, 2, 0, 3, 3, 2, 2, 0, 3, 2, 0,
       0, 1, 2, 2, 3, 2, 0, 3, 2, 2], dtype=object)]
[72, array([-18.,  -9.,  -9.,   0.]), array([1, 1, 0, 3, 1, 2, 2, 3, 0, 0, 0, 2, 2, 2, 1, 1, 2, 1, 0, 2, 3, 3,
       0, 2, 0, 1, 3, 3, 3, 0, 2, 3, 1, 2, 2, 1, 3, 1, 2, 3, 1, 0, 0, 3,
       3, 2, 1, 1, 1, 3, 3, 2, 1, 1, 0, 3, 2, 1, 1, 0, 2, 3, 0, 0, 0, 2,
       1, 1, 2, 3, 3, 2, 2, 2, 2, 3, 3, 1, 0, 3, 0, 3, 1, 3, 2, 3, 2, 1,
       2, 1, 2, 0, 1, 0, 1, 0, 0, 3, 3, 1, 2, 0, 3, 3, 2, 2, 0, 3, 2, 0,
       0, 1, 2, 2, 3, 2, 0, 3, 2, 2], dtype=object)]
[72, array([-18.,  -9.,  -9.,   0.]), array([1, 1, 0, 3, 1, 2, 2, 3, 0, 0, 0, 2, 2, 2, 1, 1, 2, 1, 0, 2, 3, 3,
       0, 2, 0, 1, 3, 3, 3, 0, 2, 3, 1, 2, 2, 1, 3, 1, 2, 3, 1, 0, 0, 3,
       3, 2, 1, 1, 1, 3, 3, 2, 1, 1, 0, 3, 2, 1, 1, 0, 2, 3, 0, 0, 0, 2,
       1, 1, 2, 3, 3, 2, 2, 2, 2, 3, 3, 1, 0, 3, 0, 3, 1, 3, 2, 3, 2, 1,
       2, 1, 2, 0, 1, 0, 1, 0, 0, 3, 3, 1, 2, 0, 3, 3, 2, 2, 0, 3, 2, 0,
       0, 1, 2, 2, 3, 2, 0, 3, 2, 2], dtype=object)]
[73, array([-18.,  -9.,  -9.,   0.]), array([1, 2, 0, 3, 1, 2, 2, 3, 0, 0, 0, 2, 2, 2, 1, 1, 2, 1, 0, 2, 3, 3,
       0, 2, 0, 3, 3, 0, 3, 2, 0, 3, 1, 2, 0, 1, 3, 2, 2, 3, 3, 0, 0, 3,
       3, 2, 1, 1, 1, 3, 3, 2, 1, 1, 0, 3, 1, 1, 1, 0, 2, 3, 0, 0, 0, 2,
       1, 1, 2, 3, 3, 2, 2, 2, 2, 3, 1, 1, 0, 3, 0, 3, 1, 3, 2, 3, 2, 1,
       2, 3, 3, 0, 1, 0, 1, 0, 0, 3, 3, 1, 2, 0, 3, 3, 2, 2, 0, 3, 2, 3,
       0, 1, 2, 2, 3, 1, 0, 1, 2, 2], dtype=object)]
[73, array([-18.,  -9.,  -9.,   0.]), array([1, 2, 0, 3, 1, 2, 2, 3, 0, 0, 0, 2, 2, 2, 1, 1, 2, 1, 0, 2, 3, 3,
       0, 2, 0, 3, 3, 0, 3, 2, 0, 3, 1, 2, 0, 1, 3, 2, 2, 3, 3, 0, 0, 3,
       3, 2, 1, 1, 1, 3, 3, 2, 1, 1, 0, 3, 1, 1, 1, 0, 2, 3, 0, 0, 0, 2,
       1, 1, 2, 3, 3, 2, 2, 2, 2, 3, 1, 1, 0, 3, 0, 3, 1, 3, 2, 3, 2, 1,
       2, 3, 3, 0, 1, 0, 1, 0, 0, 3, 3, 1, 2, 0, 3, 3, 2, 2, 0, 3, 2, 3,
       0, 1, 2, 2, 3, 1, 0, 1, 2, 2], dtype=object)]
[73, array([-18.,  -9.,  -9.,   0.]), array([1, 2, 0, 3, 1, 2, 2, 3, 0, 0, 0, 2, 2, 2, 1, 1, 2, 1, 0, 2, 3, 3,
       0, 2, 0, 3, 3, 0, 3, 2, 0, 3, 1, 2, 0, 1, 3, 2, 2, 3, 3, 0, 0, 3,
       3, 2, 1, 1, 1, 3, 3, 2, 1, 1, 0, 3, 1, 1, 1, 0, 2, 3, 0, 0, 0, 2,
       1, 1, 2, 3, 3, 2, 2, 2, 2, 3, 1, 1, 0, 3, 0, 3, 1, 3, 2, 3, 2, 1,
       2, 3, 3, 0, 1, 0, 1, 0, 0, 3, 3, 1, 2, 0, 3, 3, 2, 2, 0, 3, 2, 3,
       0, 1, 2, 2, 3, 1, 0, 1, 2, 2], dtype=object)]
[73, array([-18.,  -9.,  -9.,   0.]), array([1, 2, 0, 3, 1, 2, 2, 3, 0, 0, 0, 2, 2, 2, 1, 1, 2, 1, 0, 2, 3, 3,
       0, 2, 0, 3, 3, 0, 3, 2, 0, 3, 1, 2, 0, 1, 3, 2, 2, 3, 3, 0, 0, 3,
       3, 2, 1, 1, 1, 3, 3, 2, 1, 1, 0, 3, 1, 1, 1, 0, 2, 3, 0, 0, 0, 2,
       1, 1, 2, 3, 3, 2, 2, 2, 2, 3, 1, 1, 0, 3, 0, 3, 1, 3, 2, 3, 2, 1,
       2, 3, 3, 0, 1, 0, 1, 0, 0, 3, 3, 1, 2, 0, 3, 3, 2, 2, 0, 3, 2, 3,
       0, 1, 2, 2, 3, 1, 0, 1, 2, 2], dtype=object)]
[74, array([-18.,  -9.,  -9.,   0.]), array([1, 2, 0, 3, 1, 2, 2, 1, 0, 0, 0, 2, 2, 2, 1, 1, 2, 2, 0, 2, 3, 3,
       0, 2, 0, 1, 3, 0, 3, 2, 0, 3, 1, 3, 2, 1, 3, 2, 2, 2, 3, 1, 0, 3,
       0, 2, 1, 1, 1, 3, 3, 2, 2, 1, 0, 3, 1, 1, 1, 0, 2, 3, 0, 0, 0, 2,
       1, 1, 2, 3, 3, 2, 2, 2, 2, 3, 1, 1, 0, 3, 0, 3, 1, 3, 2, 3, 2, 1,
       2, 3, 3, 0, 1, 0, 1, 0, 0, 3, 3, 1, 2, 0, 3, 3, 2, 2, 0, 3, 2, 0,
       0, 1, 2, 2, 3, 2, 0, 2, 2, 2], dtype=object)]
[74, array([-18.,  -9.,  -9.,   0.]), array([1, 2, 0, 3, 1, 2, 2, 1, 0, 0, 0, 2, 2, 2, 1, 1, 2, 2, 0, 2, 3, 3,
       0, 2, 0, 1, 3, 0, 3, 2, 0, 3, 1, 3, 2, 1, 3, 2, 2, 2, 3, 1, 0, 3,
       0, 2, 1, 1, 1, 3, 3, 2, 2, 1, 0, 3, 1, 1, 1, 0, 2, 3, 0, 0, 0, 2,
       1, 1, 2, 3, 3, 2, 2, 2, 2, 3, 1, 1, 0, 3, 0, 3, 1, 3, 2, 3, 2, 1,
       2, 3, 3, 0, 1, 0, 1, 0, 0, 3, 3, 1, 2, 0, 3, 3, 2, 2, 0, 3, 2, 0,
       0, 1, 2, 2, 3, 2, 0, 2, 2, 2], dtype=object)]
[74, array([-18.,  -9.,  -9.,   0.]), array([1, 2, 0, 3, 1, 2, 2, 1, 0, 0, 0, 2, 2, 2, 1, 1, 2, 2, 0, 2, 3, 3,
       0, 2, 0, 1, 3, 0, 3, 2, 0, 3, 1, 3, 2, 1, 3, 2, 2, 2, 3, 1, 0, 3,
       0, 2, 1, 1, 1, 3, 3, 2, 2, 1, 0, 3, 1, 1, 1, 0, 2, 3, 0, 0, 0, 2,
       1, 1, 2, 3, 3, 2, 2, 2, 2, 3, 1, 1, 0, 3, 0, 3, 1, 3, 2, 3, 2, 1,
       2, 3, 3, 0, 1, 0, 1, 0, 0, 3, 3, 1, 2, 0, 3, 3, 2, 2, 0, 3, 2, 0,
       0, 1, 2, 2, 3, 2, 0, 2, 2, 2], dtype=object)]
[74, array([-18.,  -9.,  -9.,   0.]), array([1, 2, 0, 3, 1, 2, 2, 1, 0, 0, 0, 2, 2, 2, 1, 1, 2, 2, 0, 2, 3, 3,
       0, 2, 0, 1, 3, 0, 3, 2, 0, 3, 1, 3, 2, 1, 3, 2, 2, 2, 3, 1, 0, 3,
       0, 2, 1, 1, 1, 3, 3, 2, 2, 1, 0, 3, 1, 1, 1, 0, 2, 3, 0, 0, 0, 2,
       1, 1, 2, 3, 3, 2, 2, 2, 2, 3, 1, 1, 0, 3, 0, 3, 1, 3, 2, 3, 2, 1,
       2, 3, 3, 0, 1, 0, 1, 0, 0, 3, 3, 1, 2, 0, 3, 3, 2, 2, 0, 3, 2, 0,
       0, 1, 2, 2, 3, 2, 0, 2, 2, 2], dtype=object)]
[75, array([-18.,  -9.,  -9.,   0.]), array([1, 2, 0, 3, 1, 2, 0, 3, 0, 0, 0, 2, 2, 2, 1, 1, 2, 1, 0, 2, 3, 3,
       0, 2, 0, 3, 3, 0, 3, 2, 0, 3, 1, 2, 2, 1, 3, 2, 2, 3, 3, 0, 0, 3,
       3, 2, 1, 1, 1, 3, 3, 2, 2, 1, 0, 3, 1, 1, 1, 0, 2, 3, 0, 0, 0, 2,
       1, 1, 2, 3, 3, 2, 2, 2, 2, 3, 1, 1, 0, 3, 0, 3, 1, 3, 2, 3, 2, 1,
       2, 2, 2, 0, 1, 0, 1, 0, 0, 3, 3, 1, 2, 3, 3, 3, 2, 2, 0, 3, 2, 0,
       0, 1, 2, 2, 3, 2, 0, 3, 2, 2], dtype=object)]
[75, array([-18.,  -9.,  -9.,   0.]), array([1, 2, 0, 3, 1, 2, 0, 3, 0, 0, 0, 2, 2, 2, 1, 1, 2, 1, 0, 2, 3, 3,
       0, 2, 0, 3, 3, 0, 3, 2, 0, 3, 1, 2, 2, 1, 3, 2, 2, 3, 3, 0, 0, 3,
       3, 2, 1, 1, 1, 3, 3, 2, 2, 1, 0, 3, 1, 1, 1, 0, 2, 3, 0, 0, 0, 2,
       1, 1, 2, 3, 3, 2, 2, 2, 2, 3, 1, 1, 0, 3, 0, 3, 1, 3, 2, 3, 2, 1,
       2, 2, 2, 0, 1, 0, 1, 0, 0, 3, 3, 1, 2, 3, 3, 3, 2, 2, 0, 3, 2, 0,
       0, 1, 2, 2, 3, 2, 0, 3, 2, 2], dtype=object)]
[75, array([-18.,  -9.,  -9.,   0.]), array([1, 2, 0, 3, 1, 2, 0, 3, 0, 0, 0, 2, 2, 2, 1, 1, 2, 1, 0, 2, 3, 3,
       0, 2, 0, 3, 3, 0, 3, 2, 0, 3, 1, 2, 2, 1, 3, 2, 2, 3, 3, 0, 0, 3,
       3, 2, 1, 1, 1, 3, 3, 2, 2, 1, 0, 3, 1, 1, 1, 0, 2, 3, 0, 0, 0, 2,
       1, 1, 2, 3, 3, 2, 2, 2, 2, 3, 1, 1, 0, 3, 0, 3, 1, 3, 2, 3, 2, 1,
       2, 2, 2, 0, 1, 0, 1, 0, 0, 3, 3, 1, 2, 3, 3, 3, 2, 2, 0, 3, 2, 0,
       0, 1, 2, 2, 3, 2, 0, 3, 2, 2], dtype=object)]
[75, array([-18.,  -9.,  -9.,   0.]), array([1, 2, 0, 3, 1, 2, 0, 3, 0, 0, 0, 2, 2, 2, 1, 1, 2, 1, 0, 2, 3, 3,
       0, 2, 0, 3, 3, 0, 3, 2, 0, 3, 1, 2, 2, 1, 3, 2, 2, 3, 3, 0, 0, 3,
       3, 2, 1, 1, 1, 3, 3, 2, 2, 1, 0, 3, 1, 1, 1, 0, 2, 3, 0, 0, 0, 2,
       1, 1, 2, 3, 3, 2, 2, 2, 2, 3, 1, 1, 0, 3, 0, 3, 1, 3, 2, 3, 2, 1,
       2, 2, 2, 0, 1, 0, 1, 0, 0, 3, 3, 1, 2, 3, 3, 3, 2, 2, 0, 3, 2, 0,
       0, 1, 2, 2, 3, 2, 0, 3, 2, 2], dtype=object)]
[76, array([-18.,  -9.,  -9.,   0.]), array([1, 2, 0, 3, 1, 2, 0, 3, 0, 0, 0, 2, 2, 2, 1, 1, 2, 1, 0, 2, 3, 3,
       0, 2, 0, 3, 3, 0, 3, 2, 0, 3, 1, 2, 2, 1, 3, 2, 2, 3, 3, 0, 0, 3,
       3, 2, 1, 1, 1, 3, 3, 2, 2, 1, 0, 3, 1, 1, 1, 0, 2, 3, 0, 0, 0, 2,
       1, 1, 0, 3, 3, 2, 2, 2, 2, 3, 1, 1, 0, 3, 0, 3, 1, 3, 2, 3, 2, 1,
       2, 2, 2, 0, 1, 0, 1, 0, 0, 3, 3, 1, 2, 3, 3, 3, 2, 2, 0, 3, 2, 0,
       0, 1, 2, 2, 3, 2, 0, 3, 2, 2], dtype=object)]
[76, array([-18.,  -9.,  -9.,   0.]), array([1, 2, 0, 3, 1, 2, 0, 3, 0, 0, 0, 2, 2, 2, 1, 1, 2, 1, 0, 2, 3, 3,
       0, 2, 0, 3, 3, 0, 3, 2, 0, 3, 1, 2, 2, 1, 3, 2, 2, 3, 3, 0, 0, 3,
       3, 2, 1, 1, 1, 3, 3, 2, 2, 1, 0, 3, 1, 1, 1, 0, 2, 3, 0, 0, 0, 2,
       1, 1, 0, 3, 3, 2, 2, 2, 2, 3, 1, 1, 0, 3, 0, 3, 1, 3, 2, 3, 2, 1,
       2, 2, 2, 0, 1, 0, 1, 0, 0, 3, 3, 1, 2, 3, 3, 3, 2, 2, 0, 3, 2, 0,
       0, 1, 2, 2, 3, 2, 0, 3, 2, 2], dtype=object)]
[76, array([-18.,  -9.,  -9.,   0.]), array([1, 2, 0, 3, 1, 2, 0, 3, 0, 0, 0, 2, 2, 2, 1, 1, 2, 1, 0, 2, 3, 3,
       0, 2, 0, 3, 3, 0, 3, 2, 0, 3, 1, 2, 2, 1, 3, 2, 2, 3, 3, 0, 0, 3,
       3, 2, 1, 1, 1, 3, 3, 2, 2, 1, 0, 3, 1, 1, 1, 0, 2, 3, 0, 0, 0, 2,
       1, 1, 0, 3, 3, 2, 2, 2, 2, 3, 1, 1, 0, 3, 0, 3, 1, 3, 2, 3, 2, 1,
       2, 2, 2, 0, 1, 0, 1, 0, 0, 3, 3, 1, 2, 3, 3, 3, 2, 2, 0, 3, 2, 0,
       0, 1, 2, 2, 3, 2, 0, 3, 2, 2], dtype=object)]
[76, array([-18.,  -9.,  -9.,   0.]), array([1, 2, 0, 3, 1, 2, 0, 3, 0, 0, 0, 2, 2, 2, 1, 1, 2, 1, 0, 2, 3, 3,
       0, 2, 0, 3, 3, 0, 3, 2, 0, 3, 1, 2, 2, 1, 3, 2, 2, 3, 3, 0, 0, 3,
       3, 2, 1, 1, 1, 3, 3, 2, 2, 1, 0, 3, 1, 1, 1, 0, 2, 3, 0, 0, 0, 2,
       1, 1, 0, 3, 3, 2, 2, 2, 2, 3, 1, 1, 0, 3, 0, 3, 1, 3, 2, 3, 2, 1,
       2, 2, 2, 0, 1, 0, 1, 0, 0, 3, 3, 1, 2, 3, 3, 3, 2, 2, 0, 3, 2, 0,
       0, 1, 2, 2, 3, 2, 0, 3, 2, 2], dtype=object)]
[77, array([-18.,  -9.,  -9.,   0.]), array([2, 1, 0, 3, 1, 2, 2, 3, 0, 0, 0, 2, 2, 2, 1, 2, 2, 1, 0, 2, 3, 3,
       0, 2, 0, 1, 3, 3, 3, 2, 2, 3, 1, 2, 2, 1, 3, 2, 2, 3, 1, 0, 0, 3,
       3, 2, 1, 1, 1, 3, 1, 2, 1, 1, 0, 3, 1, 1, 1, 0, 2, 3, 0, 0, 0, 3,
       1, 3, 2, 3, 3, 3, 2, 3, 2, 3, 1, 1, 0, 3, 0, 3, 1, 3, 2, 3, 2, 2,
       2, 1, 3, 0, 1, 0, 1, 0, 0, 3, 3, 1, 2, 0, 3, 3, 2, 2, 0, 3, 2, 0,
       0, 1, 2, 2, 3, 1, 0, 1, 2, 2], dtype=object)]
[77, array([-18.,  -9.,  -9.,   0.]), array([2, 1, 0, 3, 1, 2, 2, 3, 0, 0, 0, 2, 2, 2, 1, 2, 2, 1, 0, 2, 3, 3,
       0, 2, 0, 1, 3, 3, 3, 2, 2, 3, 1, 2, 2, 1, 3, 2, 2, 3, 1, 0, 0, 3,
       3, 2, 1, 1, 1, 3, 1, 2, 1, 1, 0, 3, 1, 1, 1, 0, 2, 3, 0, 0, 0, 3,
       1, 3, 2, 3, 3, 3, 2, 3, 2, 3, 1, 1, 0, 3, 0, 3, 1, 3, 2, 3, 2, 2,
       2, 1, 3, 0, 1, 0, 1, 0, 0, 3, 3, 1, 2, 0, 3, 3, 2, 2, 0, 3, 2, 0,
       0, 1, 2, 2, 3, 1, 0, 1, 2, 2], dtype=object)]
[77, array([-18.,  -9.,  -9.,   0.]), array([2, 1, 0, 3, 1, 2, 2, 3, 0, 0, 0, 2, 2, 2, 1, 2, 2, 1, 0, 2, 3, 3,
       0, 2, 0, 1, 3, 3, 3, 2, 2, 3, 1, 2, 2, 1, 3, 2, 2, 3, 1, 0, 0, 3,
       3, 2, 1, 1, 1, 3, 1, 2, 1, 1, 0, 3, 1, 1, 1, 0, 2, 3, 0, 0, 0, 3,
       1, 3, 2, 3, 3, 3, 2, 3, 2, 3, 1, 1, 0, 3, 0, 3, 1, 3, 2, 3, 2, 2,
       2, 1, 3, 0, 1, 0, 1, 0, 0, 3, 3, 1, 2, 0, 3, 3, 2, 2, 0, 3, 2, 0,
       0, 1, 2, 2, 3, 1, 0, 1, 2, 2], dtype=object)]
[77, array([-18.,  -9.,  -9.,   0.]), array([2, 1, 0, 3, 1, 2, 2, 3, 0, 0, 0, 2, 2, 2, 1, 2, 2, 1, 0, 2, 3, 3,
       0, 2, 0, 1, 3, 3, 3, 2, 2, 3, 1, 2, 2, 1, 3, 2, 2, 3, 1, 0, 0, 3,
       3, 2, 1, 1, 1, 3, 1, 2, 1, 1, 0, 3, 1, 1, 1, 0, 2, 3, 0, 0, 0, 3,
       1, 3, 2, 3, 3, 3, 2, 3, 2, 3, 1, 1, 0, 3, 0, 3, 1, 3, 2, 3, 2, 2,
       2, 1, 3, 0, 1, 0, 1, 0, 0, 3, 3, 1, 2, 0, 3, 3, 2, 2, 0, 3, 2, 0,
       0, 1, 2, 2, 3, 1, 0, 1, 2, 2], dtype=object)]
[78, array([-18.,  -9.,  -9.,   0.]), array([1, 2, 0, 3, 1, 2, 0, 3, 0, 0, 0, 2, 2, 2, 1, 1, 2, 1, 0, 2, 3, 3,
       0, 2, 0, 3, 3, 0, 3, 2, 0, 3, 1, 2, 2, 1, 3, 2, 2, 3, 3, 0, 2, 3,
       3, 2, 1, 1, 1, 3, 3, 2, 2, 1, 0, 3, 1, 1, 1, 0, 2, 3, 0, 0, 0, 2,
       1, 1, 2, 3, 3, 2, 2, 2, 2, 3, 1, 1, 0, 3, 0, 3, 2, 3, 2, 3, 2, 2,
       2, 1, 3, 0, 1, 0, 3, 0, 0, 3, 3, 1, 2, 3, 3, 3, 2, 2, 0, 3, 2, 0,
       0, 1, 2, 2, 3, 3, 0, 1, 2, 2], dtype=object)]
[78, array([-18.,  -9.,  -9.,   0.]), array([1, 2, 0, 3, 1, 2, 0, 3, 0, 0, 0, 2, 2, 2, 1, 1, 2, 1, 0, 2, 3, 3,
       0, 2, 0, 3, 3, 0, 3, 2, 0, 3, 1, 2, 2, 1, 3, 2, 2, 3, 3, 0, 2, 3,
       3, 2, 1, 1, 1, 3, 3, 2, 2, 1, 0, 3, 1, 1, 1, 0, 2, 3, 0, 0, 0, 2,
       1, 1, 2, 3, 3, 2, 2, 2, 2, 3, 1, 1, 0, 3, 0, 3, 2, 3, 2, 3, 2, 2,
       2, 1, 3, 0, 1, 0, 3, 0, 0, 3, 3, 1, 2, 3, 3, 3, 2, 2, 0, 3, 2, 0,
       0, 1, 2, 2, 3, 3, 0, 1, 2, 2], dtype=object)]
[78, array([-18.,  -9.,  -9.,   0.]), array([1, 2, 0, 3, 1, 2, 0, 3, 0, 0, 0, 2, 2, 2, 1, 1, 2, 1, 0, 2, 3, 3,
       0, 2, 0, 3, 3, 0, 3, 2, 0, 3, 1, 2, 2, 1, 3, 2, 2, 3, 3, 0, 2, 3,
       3, 2, 1, 1, 1, 3, 3, 2, 2, 1, 0, 3, 1, 1, 1, 0, 2, 3, 0, 0, 0, 2,
       1, 1, 2, 3, 3, 2, 2, 2, 2, 3, 1, 1, 0, 3, 0, 3, 2, 3, 2, 3, 2, 2,
       2, 1, 3, 0, 1, 0, 3, 0, 0, 3, 3, 1, 2, 3, 3, 3, 2, 2, 0, 3, 2, 0,
       0, 1, 2, 2, 3, 3, 0, 1, 2, 2], dtype=object)]
[78, array([-18.,  -9.,  -9.,   0.]), array([1, 2, 0, 3, 1, 2, 0, 3, 0, 0, 0, 2, 2, 2, 1, 1, 2, 1, 0, 2, 3, 3,
       0, 2, 0, 3, 3, 0, 3, 2, 0, 3, 1, 2, 2, 1, 3, 2, 2, 3, 3, 0, 2, 3,
       3, 2, 1, 1, 1, 3, 3, 2, 2, 1, 0, 3, 1, 1, 1, 0, 2, 3, 0, 0, 0, 2,
       1, 1, 2, 3, 3, 2, 2, 2, 2, 3, 1, 1, 0, 3, 0, 3, 2, 3, 2, 3, 2, 2,
       2, 1, 3, 0, 1, 0, 3, 0, 0, 3, 3, 1, 2, 3, 3, 3, 2, 2, 0, 3, 2, 0,
       0, 1, 2, 2, 3, 3, 0, 1, 2, 2], dtype=object)]
[79, array([-18.,  -9.,  -9.,   0.]), array([1, 1, 0, 3, 1, 2, 2, 3, 0, 0, 0, 2, 2, 2, 1, 2, 2, 0, 0, 2, 3, 3,
       0, 2, 0, 1, 3, 0, 3, 2, 3, 3, 1, 3, 2, 1, 3, 2, 2, 3, 3, 0, 0, 2,
       3, 2, 1, 1, 1, 3, 3, 2, 1, 1, 0, 3, 0, 1, 1, 0, 2, 2, 0, 0, 0, 2,
       1, 1, 2, 3, 3, 2, 2, 2, 2, 3, 1, 1, 0, 3, 0, 3, 2, 3, 2, 1, 2, 1,
       2, 1, 2, 0, 1, 0, 1, 0, 0, 3, 3, 1, 2, 0, 3, 3, 2, 2, 0, 3, 2, 0,
       0, 1, 2, 2, 3, 1, 0, 1, 2, 2], dtype=object)]
[79, array([-18.,  -9.,  -9.,   0.]), array([1, 1, 0, 3, 1, 2, 2, 3, 0, 0, 0, 2, 2, 2, 1, 2, 2, 0, 0, 2, 3, 3,
       0, 2, 0, 1, 3, 0, 3, 2, 3, 3, 1, 3, 2, 1, 3, 2, 2, 3, 3, 0, 0, 2,
       3, 2, 1, 1, 1, 3, 3, 2, 1, 1, 0, 3, 0, 1, 1, 0, 2, 2, 0, 0, 0, 2,
       1, 1, 2, 3, 3, 2, 2, 2, 2, 3, 1, 1, 0, 3, 0, 3, 2, 3, 2, 1, 2, 1,
       2, 1, 2, 0, 1, 0, 1, 0, 0, 3, 3, 1, 2, 0, 3, 3, 2, 2, 0, 3, 2, 0,
       0, 1, 2, 2, 3, 1, 0, 1, 2, 2], dtype=object)]
[79, array([-18.,  -9.,  -9.,   0.]), array([1, 1, 0, 3, 1, 2, 2, 3, 0, 0, 0, 2, 2, 2, 1, 2, 2, 0, 0, 2, 3, 3,
       0, 2, 0, 1, 3, 0, 3, 2, 3, 3, 1, 3, 2, 1, 3, 2, 2, 3, 3, 0, 0, 2,
       3, 2, 1, 1, 1, 3, 3, 2, 1, 1, 0, 3, 0, 1, 1, 0, 2, 2, 0, 0, 0, 2,
       1, 1, 2, 3, 3, 2, 2, 2, 2, 3, 1, 1, 0, 3, 0, 3, 2, 3, 2, 1, 2, 1,
       2, 1, 2, 0, 1, 0, 1, 0, 0, 3, 3, 1, 2, 0, 3, 3, 2, 2, 0, 3, 2, 0,
       0, 1, 2, 2, 3, 1, 0, 1, 2, 2], dtype=object)]
[79, array([-18.,  -9.,  -9.,   0.]), array([1, 1, 0, 3, 1, 2, 2, 3, 0, 0, 0, 2, 2, 2, 1, 2, 2, 0, 0, 2, 3, 3,
       0, 2, 0, 1, 3, 0, 3, 2, 3, 3, 1, 3, 2, 1, 3, 2, 2, 3, 3, 0, 0, 2,
       3, 2, 1, 1, 1, 3, 3, 2, 1, 1, 0, 3, 0, 1, 1, 0, 2, 2, 0, 0, 0, 2,
       1, 1, 2, 3, 3, 2, 2, 2, 2, 3, 1, 1, 0, 3, 0, 3, 2, 3, 2, 1, 2, 1,
       2, 1, 2, 0, 1, 0, 1, 0, 0, 3, 3, 1, 2, 0, 3, 3, 2, 2, 0, 3, 2, 0,
       0, 1, 2, 2, 3, 1, 0, 1, 2, 2], dtype=object)]
[80, array([-18.,  -9.,  -9.,   0.]), array([1, 2, 0, 3, 1, 2, 2, 3, 0, 0, 0, 2, 2, 1, 1, 1, 2, 1, 0, 2, 3, 3,
       0, 2, 0, 1, 3, 3, 3, 2, 2, 3, 1, 2, 2, 1, 3, 2, 2, 3, 1, 0, 0, 3,
       3, 2, 1, 1, 1, 3, 1, 2, 1, 1, 0, 3, 1, 1, 1, 0, 2, 3, 0, 0, 0, 2,
       1, 1, 2, 3, 2, 2, 2, 2, 2, 3, 1, 1, 0, 3, 0, 3, 1, 3, 2, 3, 2, 2,
       2, 1, 3, 0, 1, 0, 3, 0, 0, 3, 3, 1, 2, 3, 3, 3, 2, 2, 0, 3, 2, 0,
       0, 1, 2, 2, 3, 3, 0, 3, 2, 2], dtype=object)]
[80, array([-18.,  -9.,  -9.,   0.]), array([1, 2, 0, 3, 1, 2, 2, 3, 0, 0, 0, 2, 2, 1, 1, 1, 2, 1, 0, 2, 3, 3,
       0, 2, 0, 1, 3, 3, 3, 2, 2, 3, 1, 2, 2, 1, 3, 2, 2, 3, 1, 0, 0, 3,
       3, 2, 1, 1, 1, 3, 1, 2, 1, 1, 0, 3, 1, 1, 1, 0, 2, 3, 0, 0, 0, 2,
       1, 1, 2, 3, 2, 2, 2, 2, 2, 3, 1, 1, 0, 3, 0, 3, 1, 3, 2, 3, 2, 2,
       2, 1, 3, 0, 1, 0, 3, 0, 0, 3, 3, 1, 2, 3, 3, 3, 2, 2, 0, 3, 2, 0,
       0, 1, 2, 2, 3, 3, 0, 3, 2, 2], dtype=object)]
[80, array([-18.,  -9.,  -9.,   0.]), array([1, 2, 0, 3, 1, 2, 2, 3, 0, 0, 0, 2, 2, 1, 1, 1, 2, 1, 0, 2, 3, 3,
       0, 2, 0, 1, 3, 3, 3, 2, 2, 3, 1, 2, 2, 1, 3, 2, 2, 3, 1, 0, 0, 3,
       3, 2, 1, 1, 1, 3, 1, 2, 1, 1, 0, 3, 1, 1, 1, 0, 2, 3, 0, 0, 0, 2,
       1, 1, 2, 3, 2, 2, 2, 2, 2, 3, 1, 1, 0, 3, 0, 3, 1, 3, 2, 3, 2, 2,
       2, 1, 3, 0, 1, 0, 3, 0, 0, 3, 3, 1, 2, 3, 3, 3, 2, 2, 0, 3, 2, 0,
       0, 1, 2, 2, 3, 3, 0, 3, 2, 2], dtype=object)]
[80, array([-18.,  -9.,  -9.,   0.]), array([1, 2, 0, 3, 1, 2, 2, 3, 0, 0, 0, 2, 2, 1, 1, 1, 2, 1, 0, 2, 3, 3,
       0, 2, 0, 1, 3, 3, 3, 2, 2, 3, 1, 2, 2, 1, 3, 2, 2, 3, 1, 0, 0, 3,
       3, 2, 1, 1, 1, 3, 1, 2, 1, 1, 0, 3, 1, 1, 1, 0, 2, 3, 0, 0, 0, 2,
       1, 1, 2, 3, 2, 2, 2, 2, 2, 3, 1, 1, 0, 3, 0, 3, 1, 3, 2, 3, 2, 2,
       2, 1, 3, 0, 1, 0, 3, 0, 0, 3, 3, 1, 2, 3, 3, 3, 2, 2, 0, 3, 2, 0,
       0, 1, 2, 2, 3, 3, 0, 3, 2, 2], dtype=object)]
[81, array([-18.,  -9.,  -9.,   0.]), array([1, 2, 0, 3, 1, 2, 2, 3, 0, 0, 0, 2, 2, 2, 1, 1, 2, 0, 0, 2, 3, 3,
       0, 2, 0, 3, 3, 0, 3, 2, 0, 3, 1, 2, 2, 1, 3, 2, 2, 3, 3, 0, 0, 3,
       1, 2, 1, 1, 0, 3, 3, 2, 1, 1, 0, 3, 0, 1, 1, 0, 2, 3, 3, 0, 0, 2,
       3, 1, 2, 3, 3, 2, 2, 2, 2, 3, 1, 1, 0, 3, 0, 3, 1, 3, 2, 3, 2, 1,
       2, 1, 3, 0, 0, 0, 3, 0, 0, 3, 3, 1, 2, 0, 3, 3, 1, 2, 0, 3, 2, 1,
       0, 1, 2, 2, 3, 1, 0, 3, 2, 2], dtype=object)]
[81, array([-18.,  -9.,  -9.,   0.]), array([1, 2, 0, 3, 1, 2, 2, 3, 0, 0, 0, 2, 2, 2, 1, 1, 2, 0, 0, 2, 3, 3,
       0, 2, 0, 3, 3, 0, 3, 2, 0, 3, 1, 2, 2, 1, 3, 2, 2, 3, 3, 0, 0, 3,
       1, 2, 1, 1, 0, 3, 3, 2, 1, 1, 0, 3, 0, 1, 1, 0, 2, 3, 3, 0, 0, 2,
       3, 1, 2, 3, 3, 2, 2, 2, 2, 3, 1, 1, 0, 3, 0, 3, 1, 3, 2, 3, 2, 1,
       2, 1, 3, 0, 0, 0, 3, 0, 0, 3, 3, 1, 2, 0, 3, 3, 1, 2, 0, 3, 2, 1,
       0, 1, 2, 2, 3, 1, 0, 3, 2, 2], dtype=object)]
[81, array([-18.,  -9.,  -9.,   0.]), array([1, 2, 0, 3, 1, 2, 2, 3, 0, 0, 0, 2, 2, 2, 1, 1, 2, 0, 0, 2, 3, 3,
       0, 2, 0, 3, 3, 0, 3, 2, 0, 3, 1, 2, 2, 1, 3, 2, 2, 3, 3, 0, 0, 3,
       1, 2, 1, 1, 0, 3, 3, 2, 1, 1, 0, 3, 0, 1, 1, 0, 2, 3, 3, 0, 0, 2,
       3, 1, 2, 3, 3, 2, 2, 2, 2, 3, 1, 1, 0, 3, 0, 3, 1, 3, 2, 3, 2, 1,
       2, 1, 3, 0, 0, 0, 3, 0, 0, 3, 3, 1, 2, 0, 3, 3, 1, 2, 0, 3, 2, 1,
       0, 1, 2, 2, 3, 1, 0, 3, 2, 2], dtype=object)]
[81, array([-18.,  -9.,  -9.,   0.]), array([1, 2, 0, 3, 1, 2, 2, 3, 0, 0, 0, 2, 2, 2, 1, 1, 2, 0, 0, 2, 3, 3,
       0, 2, 0, 3, 3, 0, 3, 2, 0, 3, 1, 2, 2, 1, 3, 2, 2, 3, 3, 0, 0, 3,
       1, 2, 1, 1, 0, 3, 3, 2, 1, 1, 0, 3, 0, 1, 1, 0, 2, 3, 3, 0, 0, 2,
       3, 1, 2, 3, 3, 2, 2, 2, 2, 3, 1, 1, 0, 3, 0, 3, 1, 3, 2, 3, 2, 1,
       2, 1, 3, 0, 0, 0, 3, 0, 0, 3, 3, 1, 2, 0, 3, 3, 1, 2, 0, 3, 2, 1,
       0, 1, 2, 2, 3, 1, 0, 3, 2, 2], dtype=object)]
[82, array([-18.,  -9.,  -9.,   0.]), array([1, 1, 0, 3, 3, 2, 2, 3, 0, 0, 0, 2, 2, 2, 1, 1, 2, 1, 0, 2, 3, 3,
       0, 2, 0, 3, 3, 0, 3, 0, 0, 3, 1, 2, 2, 1, 3, 2, 2, 3, 3, 0, 0, 3,
       3, 2, 1, 1, 1, 2, 3, 2, 2, 1, 0, 3, 1, 1, 1, 0, 2, 3, 0, 0, 0, 2,
       1, 1, 2, 3, 3, 2, 2, 2, 2, 3, 1, 1, 0, 3, 0, 3, 2, 3, 2, 3, 2, 1,
       2, 1, 2, 0, 1, 0, 3, 0, 0, 3, 0, 1, 2, 0, 3, 3, 2, 2, 0, 3, 2, 0,
       0, 1, 3, 2, 3, 1, 0, 1, 2, 2], dtype=object)]
[82, array([-18.,  -9.,  -9.,   0.]), array([1, 1, 0, 3, 3, 2, 2, 3, 0, 0, 0, 2, 2, 2, 1, 1, 2, 1, 0, 2, 3, 3,
       0, 2, 0, 3, 3, 0, 3, 0, 0, 3, 1, 2, 2, 1, 3, 2, 2, 3, 3, 0, 0, 3,
       3, 2, 1, 1, 1, 2, 3, 2, 2, 1, 0, 3, 1, 1, 1, 0, 2, 3, 0, 0, 0, 2,
       1, 1, 2, 3, 3, 2, 2, 2, 2, 3, 1, 1, 0, 3, 0, 3, 2, 3, 2, 3, 2, 1,
       2, 1, 2, 0, 1, 0, 3, 0, 0, 3, 0, 1, 2, 0, 3, 3, 2, 2, 0, 3, 2, 0,
       0, 1, 3, 2, 3, 1, 0, 1, 2, 2], dtype=object)]
[82, array([-18.,  -9.,  -9.,   0.]), array([1, 1, 0, 3, 3, 2, 2, 3, 0, 0, 0, 2, 2, 2, 1, 1, 2, 1, 0, 2, 3, 3,
       0, 2, 0, 3, 3, 0, 3, 0, 0, 3, 1, 2, 2, 1, 3, 2, 2, 3, 3, 0, 0, 3,
       3, 2, 1, 1, 1, 2, 3, 2, 2, 1, 0, 3, 1, 1, 1, 0, 2, 3, 0, 0, 0, 2,
       1, 1, 2, 3, 3, 2, 2, 2, 2, 3, 1, 1, 0, 3, 0, 3, 2, 3, 2, 3, 2, 1,
       2, 1, 2, 0, 1, 0, 3, 0, 0, 3, 0, 1, 2, 0, 3, 3, 2, 2, 0, 3, 2, 0,
       0, 1, 3, 2, 3, 1, 0, 1, 2, 2], dtype=object)]
[82, array([-18.,  -9.,  -9.,   0.]), array([1, 1, 0, 3, 3, 2, 2, 3, 0, 0, 0, 2, 2, 2, 1, 1, 2, 1, 0, 2, 3, 3,
       0, 2, 0, 3, 3, 0, 3, 0, 0, 3, 1, 2, 2, 1, 3, 2, 2, 3, 3, 0, 0, 3,
       3, 2, 1, 1, 1, 2, 3, 2, 2, 1, 0, 3, 1, 1, 1, 0, 2, 3, 0, 0, 0, 2,
       1, 1, 2, 3, 3, 2, 2, 2, 2, 3, 1, 1, 0, 3, 0, 3, 2, 3, 2, 3, 2, 1,
       2, 1, 2, 0, 1, 0, 3, 0, 0, 3, 0, 1, 2, 0, 3, 3, 2, 2, 0, 3, 2, 0,
       0, 1, 3, 2, 3, 1, 0, 1, 2, 2], dtype=object)]
[83, array([-18.,  -9.,  -9.,   0.]), array([1, 1, 0, 2, 1, 2, 2, 3, 0, 0, 0, 2, 2, 2, 1, 1, 2, 0, 0, 2, 3, 3,
       1, 2, 0, 1, 3, 0, 3, 2, 2, 3, 1, 2, 2, 1, 3, 2, 2, 3, 3, 0, 0, 3,
       2, 2, 1, 1, 0, 3, 3, 2, 0, 0, 0, 3, 1, 1, 1, 0, 2, 1, 0, 0, 0, 2,
       1, 1, 2, 3, 3, 2, 2, 2, 2, 3, 1, 1, 0, 3, 0, 3, 2, 3, 2, 3, 2, 1,
       2, 1, 2, 0, 1, 1, 3, 0, 0, 3, 0, 1, 2, 0, 3, 3, 2, 2, 0, 3, 2, 0,
       0, 1, 3, 2, 3, 3, 0, 1, 2, 2], dtype=object)]
[83, array([-18.,  -9.,  -9.,   0.]), array([1, 1, 0, 2, 1, 2, 2, 3, 0, 0, 0, 2, 2, 2, 1, 1, 2, 0, 0, 2, 3, 3,
       1, 2, 0, 1, 3, 0, 3, 2, 2, 3, 1, 2, 2, 1, 3, 2, 2, 3, 3, 0, 0, 3,
       2, 2, 1, 1, 0, 3, 3, 2, 0, 0, 0, 3, 1, 1, 1, 0, 2, 1, 0, 0, 0, 2,
       1, 1, 2, 3, 3, 2, 2, 2, 2, 3, 1, 1, 0, 3, 0, 3, 2, 3, 2, 3, 2, 1,
       2, 1, 2, 0, 1, 1, 3, 0, 0, 3, 0, 1, 2, 0, 3, 3, 2, 2, 0, 3, 2, 0,
       0, 1, 3, 2, 3, 3, 0, 1, 2, 2], dtype=object)]
[83, array([-18.,  -9.,  -9.,   0.]), array([1, 1, 0, 2, 1, 2, 2, 3, 0, 0, 0, 2, 2, 2, 1, 1, 2, 0, 0, 2, 3, 3,
       1, 2, 0, 1, 3, 0, 3, 2, 2, 3, 1, 2, 2, 1, 3, 2, 2, 3, 3, 0, 0, 3,
       2, 2, 1, 1, 0, 3, 3, 2, 0, 0, 0, 3, 1, 1, 1, 0, 2, 1, 0, 0, 0, 2,
       1, 1, 2, 3, 3, 2, 2, 2, 2, 3, 1, 1, 0, 3, 0, 3, 2, 3, 2, 3, 2, 1,
       2, 1, 2, 0, 1, 1, 3, 0, 0, 3, 0, 1, 2, 0, 3, 3, 2, 2, 0, 3, 2, 0,
       0, 1, 3, 2, 3, 3, 0, 1, 2, 2], dtype=object)]
[83, array([-18.,  -9.,  -9.,   0.]), array([1, 1, 0, 2, 1, 2, 2, 3, 0, 0, 0, 2, 2, 2, 1, 1, 2, 0, 0, 2, 3, 3,
       1, 2, 0, 1, 3, 0, 3, 2, 2, 3, 1, 2, 2, 1, 3, 2, 2, 3, 3, 0, 0, 3,
       2, 2, 1, 1, 0, 3, 3, 2, 0, 0, 0, 3, 1, 1, 1, 0, 2, 1, 0, 0, 0, 2,
       1, 1, 2, 3, 3, 2, 2, 2, 2, 3, 1, 1, 0, 3, 0, 3, 2, 3, 2, 3, 2, 1,
       2, 1, 2, 0, 1, 1, 3, 0, 0, 3, 0, 1, 2, 0, 3, 3, 2, 2, 0, 3, 2, 0,
       0, 1, 3, 2, 3, 3, 0, 1, 2, 2], dtype=object)]
[84, array([-18.,  -9.,  -9.,   0.]), array([1, 1, 0, 2, 3, 2, 2, 3, 0, 0, 0, 2, 2, 2, 1, 1, 2, 0, 0, 2, 3, 3,
       1, 2, 0, 1, 3, 0, 3, 2, 2, 3, 1, 2, 2, 1, 3, 2, 2, 3, 3, 0, 0, 3,
       2, 0, 1, 1, 0, 3, 3, 2, 0, 0, 0, 3, 1, 1, 1, 2, 2, 1, 0, 0, 0, 2,
       1, 1, 2, 3, 3, 2, 2, 2, 2, 3, 1, 1, 0, 3, 0, 3, 2, 3, 2, 3, 2, 1,
       2, 1, 2, 0, 1, 1, 3, 0, 0, 3, 0, 1, 2, 0, 3, 3, 2, 2, 0, 3, 2, 0,
       0, 1, 3, 2, 3, 3, 0, 1, 2, 2], dtype=object)]
[84, array([-18.,  -9.,  -9.,   0.]), array([1, 1, 0, 2, 3, 2, 2, 3, 0, 0, 0, 2, 2, 2, 1, 1, 2, 0, 0, 2, 3, 3,
       1, 2, 0, 1, 3, 0, 3, 2, 2, 3, 1, 2, 2, 1, 3, 2, 2, 3, 3, 0, 0, 3,
       2, 0, 1, 1, 0, 3, 3, 2, 0, 0, 0, 3, 1, 1, 1, 2, 2, 1, 0, 0, 0, 2,
       1, 1, 2, 3, 3, 2, 2, 2, 2, 3, 1, 1, 0, 3, 0, 3, 2, 3, 2, 3, 2, 1,
       2, 1, 2, 0, 1, 1, 3, 0, 0, 3, 0, 1, 2, 0, 3, 3, 2, 2, 0, 3, 2, 0,
       0, 1, 3, 2, 3, 3, 0, 1, 2, 2], dtype=object)]
[84, array([-18.,  -9.,  -9.,   0.]), array([1, 1, 0, 2, 3, 2, 2, 3, 0, 0, 0, 2, 2, 2, 1, 1, 2, 0, 0, 2, 3, 3,
       1, 2, 0, 1, 3, 0, 3, 2, 2, 3, 1, 2, 2, 1, 3, 2, 2, 3, 3, 0, 0, 3,
       2, 0, 1, 1, 0, 3, 3, 2, 0, 0, 0, 3, 1, 1, 1, 2, 2, 1, 0, 0, 0, 2,
       1, 1, 2, 3, 3, 2, 2, 2, 2, 3, 1, 1, 0, 3, 0, 3, 2, 3, 2, 3, 2, 1,
       2, 1, 2, 0, 1, 1, 3, 0, 0, 3, 0, 1, 2, 0, 3, 3, 2, 2, 0, 3, 2, 0,
       0, 1, 3, 2, 3, 3, 0, 1, 2, 2], dtype=object)]
[84, array([-18.,  -9.,  -9.,   0.]), array([1, 1, 0, 2, 3, 2, 2, 3, 0, 0, 0, 2, 2, 2, 1, 1, 2, 0, 0, 2, 3, 3,
       1, 2, 0, 1, 3, 0, 3, 2, 2, 3, 1, 2, 2, 1, 3, 2, 2, 3, 3, 0, 0, 3,
       2, 0, 1, 1, 0, 3, 3, 2, 0, 0, 0, 3, 1, 1, 1, 2, 2, 1, 0, 0, 0, 2,
       1, 1, 2, 3, 3, 2, 2, 2, 2, 3, 1, 1, 0, 3, 0, 3, 2, 3, 2, 3, 2, 1,
       2, 1, 2, 0, 1, 1, 3, 0, 0, 3, 0, 1, 2, 0, 3, 3, 2, 2, 0, 3, 2, 0,
       0, 1, 3, 2, 3, 3, 0, 1, 2, 2], dtype=object)]
[85, array([-18.,  -9.,  -9.,   0.]), array([1, 1, 0, 2, 1, 2, 2, 3, 0, 0, 0, 2, 2, 2, 1, 1, 2, 1, 0, 2, 3, 3,
       0, 2, 0, 3, 3, 0, 3, 2, 1, 3, 1, 2, 0, 1, 3, 2, 2, 2, 3, 0, 0, 3,
       3, 2, 1, 1, 1, 2, 3, 2, 2, 1, 0, 3, 0, 1, 1, 0, 2, 3, 3, 0, 0, 2,
       3, 1, 2, 3, 3, 2, 2, 2, 2, 3, 1, 1, 0, 3, 0, 3, 1, 3, 2, 3, 2, 1,
       2, 1, 2, 0, 1, 0, 1, 0, 0, 3, 3, 1, 2, 0, 3, 3, 2, 2, 3, 3, 2, 0,
       0, 1, 2, 2, 3, 1, 0, 1, 2, 2], dtype=object)]
[85, array([-18.,  -9.,  -9.,   0.]), array([1, 1, 0, 2, 1, 2, 2, 3, 0, 0, 0, 2, 2, 2, 1, 1, 2, 1, 0, 2, 3, 3,
       0, 2, 0, 3, 3, 0, 3, 2, 1, 3, 1, 2, 0, 1, 3, 2, 2, 2, 3, 0, 0, 3,
       3, 2, 1, 1, 1, 2, 3, 2, 2, 1, 0, 3, 0, 1, 1, 0, 2, 3, 3, 0, 0, 2,
       3, 1, 2, 3, 3, 2, 2, 2, 2, 3, 1, 1, 0, 3, 0, 3, 1, 3, 2, 3, 2, 1,
       2, 1, 2, 0, 1, 0, 1, 0, 0, 3, 3, 1, 2, 0, 3, 3, 2, 2, 3, 3, 2, 0,
       0, 1, 2, 2, 3, 1, 0, 1, 2, 2], dtype=object)]
[85, array([-18.,  -9.,  -9.,   0.]), array([1, 1, 0, 2, 1, 2, 2, 3, 0, 0, 0, 2, 2, 2, 1, 1, 2, 1, 0, 2, 3, 3,
       0, 2, 0, 3, 3, 0, 3, 2, 1, 3, 1, 2, 0, 1, 3, 2, 2, 2, 3, 0, 0, 3,
       3, 2, 1, 1, 1, 2, 3, 2, 2, 1, 0, 3, 0, 1, 1, 0, 2, 3, 3, 0, 0, 2,
       3, 1, 2, 3, 3, 2, 2, 2, 2, 3, 1, 1, 0, 3, 0, 3, 1, 3, 2, 3, 2, 1,
       2, 1, 2, 0, 1, 0, 1, 0, 0, 3, 3, 1, 2, 0, 3, 3, 2, 2, 3, 3, 2, 0,
       0, 1, 2, 2, 3, 1, 0, 1, 2, 2], dtype=object)]
[85, array([-18.,  -9.,  -9.,   0.]), array([1, 1, 0, 2, 1, 2, 2, 3, 0, 0, 0, 2, 2, 2, 1, 1, 2, 1, 0, 2, 3, 3,
       0, 2, 0, 3, 3, 0, 3, 2, 1, 3, 1, 2, 0, 1, 3, 2, 2, 2, 3, 0, 0, 3,
       3, 2, 1, 1, 1, 2, 3, 2, 2, 1, 0, 3, 0, 1, 1, 0, 2, 3, 3, 0, 0, 2,
       3, 1, 2, 3, 3, 2, 2, 2, 2, 3, 1, 1, 0, 3, 0, 3, 1, 3, 2, 3, 2, 1,
       2, 1, 2, 0, 1, 0, 1, 0, 0, 3, 3, 1, 2, 0, 3, 3, 2, 2, 3, 3, 2, 0,
       0, 1, 2, 2, 3, 1, 0, 1, 2, 2], dtype=object)]
[86, array([-18.,  -9.,  -9.,   0.]), array([1, 1, 0, 2, 1, 2, 2, 3, 0, 0, 0, 2, 2, 2, 1, 1, 2, 1, 0, 2, 3, 3,
       0, 2, 0, 3, 3, 0, 3, 2, 1, 3, 1, 2, 0, 1, 3, 0, 2, 2, 3, 0, 0, 3,
       3, 2, 1, 1, 1, 2, 3, 2, 2, 1, 0, 3, 0, 1, 0, 0, 2, 3, 3, 0, 0, 2,
       3, 1, 2, 3, 3, 2, 2, 2, 2, 3, 1, 1, 0, 3, 0, 3, 1, 3, 2, 0, 2, 1,
       2, 1, 2, 0, 1, 0, 1, 0, 0, 3, 3, 1, 2, 0, 3, 3, 2, 2, 3, 3, 2, 0,
       1, 1, 2, 2, 3, 1, 0, 1, 2, 2], dtype=object)]
[86, array([-18.,  -9.,  -9.,   0.]), array([1, 1, 0, 2, 1, 2, 2, 3, 0, 0, 0, 2, 2, 2, 1, 1, 2, 1, 0, 2, 3, 3,
       0, 2, 0, 3, 3, 0, 3, 2, 1, 3, 1, 2, 0, 1, 3, 0, 2, 2, 3, 0, 0, 3,
       3, 2, 1, 1, 1, 2, 3, 2, 2, 1, 0, 3, 0, 1, 0, 0, 2, 3, 3, 0, 0, 2,
       3, 1, 2, 3, 3, 2, 2, 2, 2, 3, 1, 1, 0, 3, 0, 3, 1, 3, 2, 0, 2, 1,
       2, 1, 2, 0, 1, 0, 1, 0, 0, 3, 3, 1, 2, 0, 3, 3, 2, 2, 3, 3, 2, 0,
       1, 1, 2, 2, 3, 1, 0, 1, 2, 2], dtype=object)]
[86, array([-18.,  -9.,  -9.,   0.]), array([1, 1, 0, 2, 1, 2, 2, 3, 0, 0, 0, 2, 2, 2, 1, 1, 2, 1, 0, 2, 3, 3,
       0, 2, 0, 3, 3, 0, 3, 2, 1, 3, 1, 2, 0, 1, 3, 0, 2, 2, 3, 0, 0, 3,
       3, 2, 1, 1, 1, 2, 3, 2, 2, 1, 0, 3, 0, 1, 0, 0, 2, 3, 3, 0, 0, 2,
       3, 1, 2, 3, 3, 2, 2, 2, 2, 3, 1, 1, 0, 3, 0, 3, 1, 3, 2, 0, 2, 1,
       2, 1, 2, 0, 1, 0, 1, 0, 0, 3, 3, 1, 2, 0, 3, 3, 2, 2, 3, 3, 2, 0,
       1, 1, 2, 2, 3, 1, 0, 1, 2, 2], dtype=object)]
[86, array([-18.,  -9.,  -9.,   0.]), array([1, 1, 0, 2, 1, 2, 2, 3, 0, 0, 0, 2, 2, 2, 1, 1, 2, 1, 0, 2, 3, 3,
       0, 2, 0, 3, 3, 0, 3, 2, 1, 3, 1, 2, 0, 1, 3, 0, 2, 2, 3, 0, 0, 3,
       3, 2, 1, 1, 1, 2, 3, 2, 2, 1, 0, 3, 0, 1, 0, 0, 2, 3, 3, 0, 0, 2,
       3, 1, 2, 3, 3, 2, 2, 2, 2, 3, 1, 1, 0, 3, 0, 3, 1, 3, 2, 0, 2, 1,
       2, 1, 2, 0, 1, 0, 1, 0, 0, 3, 3, 1, 2, 0, 3, 3, 2, 2, 3, 3, 2, 0,
       1, 1, 2, 2, 3, 1, 0, 1, 2, 2], dtype=object)]
[87, array([-18.,  -9.,  -9.,   0.]), array([2, 1, 0, 3, 1, 2, 2, 3, 0, 0, 0, 2, 3, 2, 1, 2, 2, 1, 0, 2, 3, 3,
       0, 2, 0, 1, 3, 3, 1, 2, 0, 3, 1, 2, 2, 1, 3, 2, 2, 3, 3, 0, 0, 3,
       1, 2, 1, 1, 3, 3, 3, 2, 1, 1, 0, 3, 0, 1, 1, 0, 2, 3, 3, 0, 0, 2,
       3, 1, 2, 3, 3, 2, 2, 2, 2, 3, 1, 1, 0, 3, 0, 3, 1, 3, 2, 3, 2, 1,
       2, 1, 2, 0, 1, 0, 1, 0, 0, 3, 3, 1, 2, 0, 3, 3, 2, 2, 0, 3, 2, 0,
       0, 1, 3, 2, 3, 3, 0, 3, 2, 2], dtype=object)]
[87, array([-18.,  -9.,  -9.,   0.]), array([2, 1, 0, 3, 1, 2, 2, 3, 0, 0, 0, 2, 3, 2, 1, 2, 2, 1, 0, 2, 3, 3,
       0, 2, 0, 1, 3, 3, 1, 2, 0, 3, 1, 2, 2, 1, 3, 2, 2, 3, 3, 0, 0, 3,
       1, 2, 1, 1, 3, 3, 3, 2, 1, 1, 0, 3, 0, 1, 1, 0, 2, 3, 3, 0, 0, 2,
       3, 1, 2, 3, 3, 2, 2, 2, 2, 3, 1, 1, 0, 3, 0, 3, 1, 3, 2, 3, 2, 1,
       2, 1, 2, 0, 1, 0, 1, 0, 0, 3, 3, 1, 2, 0, 3, 3, 2, 2, 0, 3, 2, 0,
       0, 1, 3, 2, 3, 3, 0, 3, 2, 2], dtype=object)]
[87, array([-18.,  -9.,  -9.,   0.]), array([2, 1, 0, 3, 1, 2, 2, 3, 0, 0, 0, 2, 3, 2, 1, 2, 2, 1, 0, 2, 3, 3,
       0, 2, 0, 1, 3, 3, 1, 2, 0, 3, 1, 2, 2, 1, 3, 2, 2, 3, 3, 0, 0, 3,
       1, 2, 1, 1, 3, 3, 3, 2, 1, 1, 0, 3, 0, 1, 1, 0, 2, 3, 3, 0, 0, 2,
       3, 1, 2, 3, 3, 2, 2, 2, 2, 3, 1, 1, 0, 3, 0, 3, 1, 3, 2, 3, 2, 1,
       2, 1, 2, 0, 1, 0, 1, 0, 0, 3, 3, 1, 2, 0, 3, 3, 2, 2, 0, 3, 2, 0,
       0, 1, 3, 2, 3, 3, 0, 3, 2, 2], dtype=object)]
[87, array([-18.,  -9.,  -9.,   0.]), array([2, 1, 0, 3, 1, 2, 2, 3, 0, 0, 0, 2, 3, 2, 1, 2, 2, 1, 0, 2, 3, 3,
       0, 2, 0, 1, 3, 3, 1, 2, 0, 3, 1, 2, 2, 1, 3, 2, 2, 3, 3, 0, 0, 3,
       1, 2, 1, 1, 3, 3, 3, 2, 1, 1, 0, 3, 0, 1, 1, 0, 2, 3, 3, 0, 0, 2,
       3, 1, 2, 3, 3, 2, 2, 2, 2, 3, 1, 1, 0, 3, 0, 3, 1, 3, 2, 3, 2, 1,
       2, 1, 2, 0, 1, 0, 1, 0, 0, 3, 3, 1, 2, 0, 3, 3, 2, 2, 0, 3, 2, 0,
       0, 1, 3, 2, 3, 3, 0, 3, 2, 2], dtype=object)]
[88, array([-18.,  -9.,  -9.,   0.]), array([2, 1, 0, 3, 1, 2, 2, 3, 0, 0, 0, 2, 3, 2, 1, 2, 2, 1, 0, 2, 3, 3,
       0, 2, 0, 1, 3, 3, 3, 2, 0, 3, 1, 2, 2, 1, 3, 2, 2, 3, 3, 0, 0, 3,
       3, 2, 1, 1, 0, 3, 3, 2, 0, 0, 0, 3, 0, 1, 1, 0, 2, 3, 3, 0, 0, 0,
       3, 1, 2, 3, 3, 2, 2, 2, 2, 3, 1, 1, 0, 3, 0, 2, 2, 3, 2, 1, 2, 1,
       2, 1, 2, 0, 1, 0, 1, 0, 0, 3, 3, 1, 2, 0, 3, 3, 0, 2, 0, 3, 2, 0,
       0, 1, 2, 2, 3, 2, 0, 2, 2, 2], dtype=object)]
[88, array([-18.,  -9.,  -9.,   0.]), array([2, 1, 0, 3, 1, 2, 2, 3, 0, 0, 0, 2, 3, 2, 1, 2, 2, 1, 0, 2, 3, 3,
       0, 2, 0, 1, 3, 3, 3, 2, 0, 3, 1, 2, 2, 1, 3, 2, 2, 3, 3, 0, 0, 3,
       3, 2, 1, 1, 0, 3, 3, 2, 0, 0, 0, 3, 0, 1, 1, 0, 2, 3, 3, 0, 0, 0,
       3, 1, 2, 3, 3, 2, 2, 2, 2, 3, 1, 1, 0, 3, 0, 2, 2, 3, 2, 1, 2, 1,
       2, 1, 2, 0, 1, 0, 1, 0, 0, 3, 3, 1, 2, 0, 3, 3, 0, 2, 0, 3, 2, 0,
       0, 1, 2, 2, 3, 2, 0, 2, 2, 2], dtype=object)]
[88, array([-18.,  -9.,  -9.,   0.]), array([2, 1, 0, 3, 1, 2, 2, 3, 0, 0, 0, 2, 3, 2, 1, 2, 2, 1, 0, 2, 3, 3,
       0, 2, 0, 1, 3, 3, 3, 2, 0, 3, 1, 2, 2, 1, 3, 2, 2, 3, 3, 0, 0, 3,
       3, 2, 1, 1, 0, 3, 3, 2, 0, 0, 0, 3, 0, 1, 1, 0, 2, 3, 3, 0, 0, 0,
       3, 1, 2, 3, 3, 2, 2, 2, 2, 3, 1, 1, 0, 3, 0, 2, 2, 3, 2, 1, 2, 1,
       2, 1, 2, 0, 1, 0, 1, 0, 0, 3, 3, 1, 2, 0, 3, 3, 0, 2, 0, 3, 2, 0,
       0, 1, 2, 2, 3, 2, 0, 2, 2, 2], dtype=object)]
[88, array([-18.,  -9.,  -9.,   0.]), array([2, 1, 0, 3, 1, 2, 2, 3, 0, 0, 0, 2, 3, 2, 1, 2, 2, 1, 0, 2, 3, 3,
       0, 2, 0, 1, 3, 3, 3, 2, 0, 3, 1, 2, 2, 1, 3, 2, 2, 3, 3, 0, 0, 3,
       3, 2, 1, 1, 0, 3, 3, 2, 0, 0, 0, 3, 0, 1, 1, 0, 2, 3, 3, 0, 0, 0,
       3, 1, 2, 3, 3, 2, 2, 2, 2, 3, 1, 1, 0, 3, 0, 2, 2, 3, 2, 1, 2, 1,
       2, 1, 2, 0, 1, 0, 1, 0, 0, 3, 3, 1, 2, 0, 3, 3, 0, 2, 0, 3, 2, 0,
       0, 1, 2, 2, 3, 2, 0, 2, 2, 2], dtype=object)]
[89, array([-18.,  -9.,  -9.,   0.]), array([2, 1, 0, 3, 1, 2, 2, 3, 0, 0, 0, 2, 3, 2, 1, 2, 2, 1, 0, 2, 3, 3,
       0, 2, 0, 1, 3, 3, 3, 2, 0, 3, 1, 2, 2, 1, 3, 2, 2, 3, 3, 0, 0, 3,
       3, 2, 1, 1, 0, 3, 3, 2, 0, 0, 0, 3, 1, 1, 1, 0, 1, 3, 0, 0, 0, 2,
       1, 1, 2, 3, 3, 2, 2, 2, 2, 3, 1, 1, 0, 3, 0, 3, 2, 3, 2, 1, 2, 1,
       2, 1, 2, 0, 1, 0, 1, 0, 0, 3, 3, 1, 2, 0, 3, 3, 2, 2, 3, 3, 2, 0,
       0, 1, 2, 2, 3, 1, 0, 1, 2, 2], dtype=object)]
[89, array([-18.,  -9.,  -9.,   0.]), array([2, 1, 0, 3, 1, 2, 2, 3, 0, 0, 0, 2, 3, 2, 1, 2, 2, 1, 0, 2, 3, 3,
       0, 2, 0, 1, 3, 3, 3, 2, 0, 3, 1, 2, 2, 1, 3, 2, 2, 3, 3, 0, 0, 3,
       3, 2, 1, 1, 0, 3, 3, 2, 0, 0, 0, 3, 1, 1, 1, 0, 1, 3, 0, 0, 0, 2,
       1, 1, 2, 3, 3, 2, 2, 2, 2, 3, 1, 1, 0, 3, 0, 3, 2, 3, 2, 1, 2, 1,
       2, 1, 2, 0, 1, 0, 1, 0, 0, 3, 3, 1, 2, 0, 3, 3, 2, 2, 3, 3, 2, 0,
       0, 1, 2, 2, 3, 1, 0, 1, 2, 2], dtype=object)]
[89, array([-18.,  -9.,  -9.,   0.]), array([2, 1, 0, 3, 1, 2, 2, 3, 0, 0, 0, 2, 3, 2, 1, 2, 2, 1, 0, 2, 3, 3,
       0, 2, 0, 1, 3, 3, 3, 2, 0, 3, 1, 2, 2, 1, 3, 2, 2, 3, 3, 0, 0, 3,
       3, 2, 1, 1, 0, 3, 3, 2, 0, 0, 0, 3, 1, 1, 1, 0, 1, 3, 0, 0, 0, 2,
       1, 1, 2, 3, 3, 2, 2, 2, 2, 3, 1, 1, 0, 3, 0, 3, 2, 3, 2, 1, 2, 1,
       2, 1, 2, 0, 1, 0, 1, 0, 0, 3, 3, 1, 2, 0, 3, 3, 2, 2, 3, 3, 2, 0,
       0, 1, 2, 2, 3, 1, 0, 1, 2, 2], dtype=object)]
[89, array([-18.,  -9.,  -9.,   0.]), array([2, 1, 0, 3, 1, 2, 2, 3, 0, 0, 0, 2, 3, 2, 1, 2, 2, 1, 0, 2, 3, 3,
       0, 2, 0, 1, 3, 3, 3, 2, 0, 3, 1, 2, 2, 1, 3, 2, 2, 3, 3, 0, 0, 3,
       3, 2, 1, 1, 0, 3, 3, 2, 0, 0, 0, 3, 1, 1, 1, 0, 1, 3, 0, 0, 0, 2,
       1, 1, 2, 3, 3, 2, 2, 2, 2, 3, 1, 1, 0, 3, 0, 3, 2, 3, 2, 1, 2, 1,
       2, 1, 2, 0, 1, 0, 1, 0, 0, 3, 3, 1, 2, 0, 3, 3, 2, 2, 3, 3, 2, 0,
       0, 1, 2, 2, 3, 1, 0, 1, 2, 2], dtype=object)]
[90, array([-18.,  -9.,  -9.,   0.]), array([2, 1, 0, 3, 1, 2, 2, 3, 0, 0, 0, 2, 3, 2, 1, 2, 2, 1, 0, 2, 3, 3,
       0, 2, 0, 1, 3, 3, 3, 2, 0, 3, 1, 2, 2, 1, 3, 2, 2, 3, 3, 0, 0, 3,
       3, 2, 1, 1, 0, 3, 3, 2, 0, 0, 0, 3, 1, 1, 1, 0, 1, 3, 0, 0, 0, 2,
       1, 1, 2, 3, 3, 1, 2, 2, 2, 3, 1, 1, 0, 3, 0, 3, 2, 3, 2, 1, 2, 1,
       2, 1, 2, 0, 1, 0, 1, 0, 0, 3, 3, 1, 2, 0, 3, 3, 2, 2, 3, 3, 2, 0,
       0, 1, 2, 2, 3, 1, 0, 1, 2, 2], dtype=object)]
[90, array([-18.,  -9.,  -9.,   0.]), array([2, 1, 0, 3, 1, 2, 2, 3, 0, 0, 0, 2, 3, 2, 1, 2, 2, 1, 0, 2, 3, 3,
       0, 2, 0, 1, 3, 3, 3, 2, 0, 3, 1, 2, 2, 1, 3, 2, 2, 3, 3, 0, 0, 3,
       3, 2, 1, 1, 0, 3, 3, 2, 0, 0, 0, 3, 1, 1, 1, 0, 1, 3, 0, 0, 0, 2,
       1, 1, 2, 3, 3, 1, 2, 2, 2, 3, 1, 1, 0, 3, 0, 3, 2, 3, 2, 1, 2, 1,
       2, 1, 2, 0, 1, 0, 1, 0, 0, 3, 3, 1, 2, 0, 3, 3, 2, 2, 3, 3, 2, 0,
       0, 1, 2, 2, 3, 1, 0, 1, 2, 2], dtype=object)]
[90, array([-18.,  -9.,  -9.,   0.]), array([2, 1, 0, 3, 1, 2, 2, 3, 0, 0, 0, 2, 3, 2, 1, 2, 2, 1, 0, 2, 3, 3,
       0, 2, 0, 1, 3, 3, 3, 2, 0, 3, 1, 2, 2, 1, 3, 2, 2, 3, 3, 0, 0, 3,
       3, 2, 1, 1, 0, 3, 3, 2, 0, 0, 0, 3, 1, 1, 1, 0, 1, 3, 0, 0, 0, 2,
       1, 1, 2, 3, 3, 1, 2, 2, 2, 3, 1, 1, 0, 3, 0, 3, 2, 3, 2, 1, 2, 1,
       2, 1, 2, 0, 1, 0, 1, 0, 0, 3, 3, 1, 2, 0, 3, 3, 2, 2, 3, 3, 2, 0,
       0, 1, 2, 2, 3, 1, 0, 1, 2, 2], dtype=object)]
[90, array([-18.,  -9.,  -9.,   0.]), array([2, 1, 0, 3, 1, 2, 2, 3, 0, 0, 0, 2, 3, 2, 1, 2, 2, 1, 0, 2, 3, 3,
       0, 2, 0, 1, 3, 3, 3, 2, 0, 3, 1, 2, 2, 1, 3, 2, 2, 3, 3, 0, 0, 3,
       3, 2, 1, 1, 0, 3, 3, 2, 0, 0, 0, 3, 1, 1, 1, 0, 1, 3, 0, 0, 0, 2,
       1, 1, 2, 3, 3, 1, 2, 2, 2, 3, 1, 1, 0, 3, 0, 3, 2, 3, 2, 1, 2, 1,
       2, 1, 2, 0, 1, 0, 1, 0, 0, 3, 3, 1, 2, 0, 3, 3, 2, 2, 3, 3, 2, 0,
       0, 1, 2, 2, 3, 1, 0, 1, 2, 2], dtype=object)]
[91, array([-18.,  -9.,  -9.,   0.]), array([1, 2, 0, 2, 1, 2, 2, 3, 0, 0, 0, 2, 2, 2, 1, 1, 2, 0, 0, 2, 3, 3,
       1, 2, 2, 1, 3, 0, 3, 2, 2, 3, 1, 2, 2, 1, 3, 2, 2, 3, 3, 0, 0, 3,
       2, 2, 1, 1, 0, 3, 3, 2, 0, 3, 3, 3, 1, 1, 1, 0, 2, 1, 0, 0, 0, 2,
       1, 1, 2, 0, 3, 2, 2, 2, 2, 3, 1, 1, 0, 3, 0, 3, 2, 3, 2, 3, 2, 1,
       2, 1, 2, 0, 1, 0, 0, 0, 0, 3, 3, 1, 2, 0, 3, 3, 2, 2, 0, 3, 2, 0,
       0, 1, 2, 2, 3, 2, 0, 2, 2, 2], dtype=object)]
[91, array([-18.,  -9.,  -9.,   0.]), array([1, 2, 0, 2, 1, 2, 2, 3, 0, 0, 0, 2, 2, 2, 1, 1, 2, 0, 0, 2, 3, 3,
       1, 2, 2, 1, 3, 0, 3, 2, 2, 3, 1, 2, 2, 1, 3, 2, 2, 3, 3, 0, 0, 3,
       2, 2, 1, 1, 0, 3, 3, 2, 0, 3, 3, 3, 1, 1, 1, 0, 2, 1, 0, 0, 0, 2,
       1, 1, 2, 0, 3, 2, 2, 2, 2, 3, 1, 1, 0, 3, 0, 3, 2, 3, 2, 3, 2, 1,
       2, 1, 2, 0, 1, 0, 0, 0, 0, 3, 3, 1, 2, 0, 3, 3, 2, 2, 0, 3, 2, 0,
       0, 1, 2, 2, 3, 2, 0, 2, 2, 2], dtype=object)]
[91, array([-18.,  -9.,  -9.,   0.]), array([1, 2, 0, 2, 1, 2, 2, 3, 0, 0, 0, 2, 2, 2, 1, 1, 2, 0, 0, 2, 3, 3,
       1, 2, 2, 1, 3, 0, 3, 2, 2, 3, 1, 2, 2, 1, 3, 2, 2, 3, 3, 0, 0, 3,
       2, 2, 1, 1, 0, 3, 3, 2, 0, 3, 3, 3, 1, 1, 1, 0, 2, 1, 0, 0, 0, 2,
       1, 1, 2, 0, 3, 2, 2, 2, 2, 3, 1, 1, 0, 3, 0, 3, 2, 3, 2, 3, 2, 1,
       2, 1, 2, 0, 1, 0, 0, 0, 0, 3, 3, 1, 2, 0, 3, 3, 2, 2, 0, 3, 2, 0,
       0, 1, 2, 2, 3, 2, 0, 2, 2, 2], dtype=object)]
[91, array([-18.,  -9.,  -9.,   0.]), array([1, 2, 0, 2, 1, 2, 2, 3, 0, 0, 0, 2, 2, 2, 1, 1, 2, 0, 0, 2, 3, 3,
       1, 2, 2, 1, 3, 0, 3, 2, 2, 3, 1, 2, 2, 1, 3, 2, 2, 3, 3, 0, 0, 3,
       2, 2, 1, 1, 0, 3, 3, 2, 0, 3, 3, 3, 1, 1, 1, 0, 2, 1, 0, 0, 0, 2,
       1, 1, 2, 0, 3, 2, 2, 2, 2, 3, 1, 1, 0, 3, 0, 3, 2, 3, 2, 3, 2, 1,
       2, 1, 2, 0, 1, 0, 0, 0, 0, 3, 3, 1, 2, 0, 3, 3, 2, 2, 0, 3, 2, 0,
       0, 1, 2, 2, 3, 2, 0, 2, 2, 2], dtype=object)]
[92, array([-18.,  -9.,  -9.,   0.]), array([1, 2, 0, 2, 1, 2, 2, 3, 0, 0, 0, 2, 2, 2, 1, 1, 2, 0, 0, 2, 3, 3,
       1, 2, 2, 3, 3, 0, 3, 2, 2, 3, 1, 2, 2, 1, 3, 2, 2, 3, 3, 0, 0, 3,
       2, 2, 1, 1, 0, 3, 3, 2, 0, 3, 3, 3, 1, 1, 1, 0, 2, 1, 0, 0, 0, 2,
       1, 1, 2, 0, 3, 2, 2, 2, 2, 3, 1, 1, 0, 3, 0, 3, 2, 3, 2, 3, 2, 1,
       2, 1, 2, 0, 1, 0, 0, 0, 0, 3, 3, 1, 2, 0, 3, 3, 2, 2, 0, 3, 2, 0,
       0, 1, 2, 2, 3, 2, 0, 2, 2, 2], dtype=object)]
[92, array([-18.,  -9.,  -9.,   0.]), array([1, 2, 0, 2, 1, 2, 2, 3, 0, 0, 0, 2, 2, 2, 1, 1, 2, 0, 0, 2, 3, 3,
       1, 2, 2, 3, 3, 0, 3, 2, 2, 3, 1, 2, 2, 1, 3, 2, 2, 3, 3, 0, 0, 3,
       2, 2, 1, 1, 0, 3, 3, 2, 0, 3, 3, 3, 1, 1, 1, 0, 2, 1, 0, 0, 0, 2,
       1, 1, 2, 0, 3, 2, 2, 2, 2, 3, 1, 1, 0, 3, 0, 3, 2, 3, 2, 3, 2, 1,
       2, 1, 2, 0, 1, 0, 0, 0, 0, 3, 3, 1, 2, 0, 3, 3, 2, 2, 0, 3, 2, 0,
       0, 1, 2, 2, 3, 2, 0, 2, 2, 2], dtype=object)]
[92, array([-18.,  -9.,  -9.,   0.]), array([1, 2, 0, 2, 1, 2, 2, 3, 0, 0, 0, 2, 2, 2, 1, 1, 2, 0, 0, 2, 3, 3,
       1, 2, 2, 3, 3, 0, 3, 2, 2, 3, 1, 2, 2, 1, 3, 2, 2, 3, 3, 0, 0, 3,
       2, 2, 1, 1, 0, 3, 3, 2, 0, 3, 3, 3, 1, 1, 1, 0, 2, 1, 0, 0, 0, 2,
       1, 1, 2, 0, 3, 2, 2, 2, 2, 3, 1, 1, 0, 3, 0, 3, 2, 3, 2, 3, 2, 1,
       2, 1, 2, 0, 1, 0, 0, 0, 0, 3, 3, 1, 2, 0, 3, 3, 2, 2, 0, 3, 2, 0,
       0, 1, 2, 2, 3, 2, 0, 2, 2, 2], dtype=object)]
[92, array([-18.,  -9.,  -9.,   0.]), array([1, 2, 0, 2, 1, 2, 2, 3, 0, 0, 0, 2, 2, 2, 1, 1, 2, 0, 0, 2, 3, 3,
       1, 2, 2, 3, 3, 0, 3, 2, 2, 3, 1, 2, 2, 1, 3, 2, 2, 3, 3, 0, 0, 3,
       2, 2, 1, 1, 0, 3, 3, 2, 0, 3, 3, 3, 1, 1, 1, 0, 2, 1, 0, 0, 0, 2,
       1, 1, 2, 0, 3, 2, 2, 2, 2, 3, 1, 1, 0, 3, 0, 3, 2, 3, 2, 3, 2, 1,
       2, 1, 2, 0, 1, 0, 0, 0, 0, 3, 3, 1, 2, 0, 3, 3, 2, 2, 0, 3, 2, 0,
       0, 1, 2, 2, 3, 2, 0, 2, 2, 2], dtype=object)]
[93, array([-18.,  -9.,  -9.,   0.]), array([1, 2, 0, 2, 1, 2, 2, 3, 0, 0, 0, 2, 2, 2, 0, 1, 2, 0, 0, 2, 3, 3,
       1, 2, 2, 1, 3, 0, 3, 2, 2, 3, 1, 2, 2, 1, 3, 2, 2, 3, 3, 0, 0, 3,
       2, 2, 1, 1, 0, 3, 3, 2, 0, 3, 3, 3, 1, 1, 1, 0, 2, 3, 3, 0, 0, 2,
       1, 1, 2, 3, 3, 2, 2, 3, 2, 3, 1, 1, 0, 3, 0, 3, 2, 3, 2, 3, 2, 1,
       2, 1, 2, 0, 3, 1, 0, 0, 0, 3, 0, 1, 2, 0, 3, 3, 2, 2, 0, 3, 2, 0,
       0, 1, 3, 2, 3, 3, 0, 3, 2, 2], dtype=object)]
[93, array([-18.,  -9.,  -9.,   0.]), array([1, 2, 0, 2, 1, 2, 2, 3, 0, 0, 0, 2, 2, 2, 0, 1, 2, 0, 0, 2, 3, 3,
       1, 2, 2, 1, 3, 0, 3, 2, 2, 3, 1, 2, 2, 1, 3, 2, 2, 3, 3, 0, 0, 3,
       2, 2, 1, 1, 0, 3, 3, 2, 0, 3, 3, 3, 1, 1, 1, 0, 2, 3, 3, 0, 0, 2,
       1, 1, 2, 3, 3, 2, 2, 3, 2, 3, 1, 1, 0, 3, 0, 3, 2, 3, 2, 3, 2, 1,
       2, 1, 2, 0, 3, 1, 0, 0, 0, 3, 0, 1, 2, 0, 3, 3, 2, 2, 0, 3, 2, 0,
       0, 1, 3, 2, 3, 3, 0, 3, 2, 2], dtype=object)]
[93, array([-18.,  -9.,  -9.,   0.]), array([1, 2, 0, 2, 1, 2, 2, 3, 0, 0, 0, 2, 2, 2, 0, 1, 2, 0, 0, 2, 3, 3,
       1, 2, 2, 1, 3, 0, 3, 2, 2, 3, 1, 2, 2, 1, 3, 2, 2, 3, 3, 0, 0, 3,
       2, 2, 1, 1, 0, 3, 3, 2, 0, 3, 3, 3, 1, 1, 1, 0, 2, 3, 3, 0, 0, 2,
       1, 1, 2, 3, 3, 2, 2, 3, 2, 3, 1, 1, 0, 3, 0, 3, 2, 3, 2, 3, 2, 1,
       2, 1, 2, 0, 3, 1, 0, 0, 0, 3, 0, 1, 2, 0, 3, 3, 2, 2, 0, 3, 2, 0,
       0, 1, 3, 2, 3, 3, 0, 3, 2, 2], dtype=object)]
[93, array([-18.,  -9.,  -9.,   0.]), array([1, 2, 0, 2, 1, 2, 2, 3, 0, 0, 0, 2, 2, 2, 0, 1, 2, 0, 0, 2, 3, 3,
       1, 2, 2, 1, 3, 0, 3, 2, 2, 3, 1, 2, 2, 1, 3, 2, 2, 3, 3, 0, 0, 3,
       2, 2, 1, 1, 0, 3, 3, 2, 0, 3, 3, 3, 1, 1, 1, 0, 2, 3, 3, 0, 0, 2,
       1, 1, 2, 3, 3, 2, 2, 3, 2, 3, 1, 1, 0, 3, 0, 3, 2, 3, 2, 3, 2, 1,
       2, 1, 2, 0, 3, 1, 0, 0, 0, 3, 0, 1, 2, 0, 3, 3, 2, 2, 0, 3, 2, 0,
       0, 1, 3, 2, 3, 3, 0, 3, 2, 2], dtype=object)]
[94, array([-18.,  -9.,  -9.,   0.]), array([1, 2, 0, 2, 1, 2, 2, 3, 0, 0, 0, 2, 2, 2, 0, 1, 2, 0, 0, 2, 3, 3,
       1, 2, 2, 1, 3, 0, 3, 2, 2, 3, 1, 2, 2, 1, 3, 2, 2, 3, 3, 0, 0, 3,
       2, 2, 1, 1, 0, 3, 3, 2, 0, 3, 3, 3, 1, 1, 1, 0, 2, 3, 3, 0, 0, 2,
       1, 1, 2, 3, 3, 2, 2, 3, 2, 3, 1, 2, 0, 3, 0, 3, 2, 3, 2, 3, 2, 1,
       2, 1, 2, 0, 3, 1, 0, 0, 0, 3, 0, 1, 2, 0, 3, 3, 2, 2, 0, 3, 2, 0,
       0, 1, 3, 2, 3, 3, 0, 3, 2, 2], dtype=object)]
[94, array([-18.,  -9.,  -9.,   0.]), array([1, 2, 0, 2, 1, 2, 2, 3, 0, 0, 0, 2, 2, 2, 0, 1, 2, 0, 0, 2, 3, 3,
       1, 2, 2, 1, 3, 0, 3, 2, 2, 3, 1, 2, 2, 1, 3, 2, 2, 3, 3, 0, 0, 3,
       2, 2, 1, 1, 0, 3, 3, 2, 0, 3, 3, 3, 1, 1, 1, 0, 2, 3, 3, 0, 0, 2,
       1, 1, 2, 3, 3, 2, 2, 3, 2, 3, 1, 2, 0, 3, 0, 3, 2, 3, 2, 3, 2, 1,
       2, 1, 2, 0, 3, 1, 0, 0, 0, 3, 0, 1, 2, 0, 3, 3, 2, 2, 0, 3, 2, 0,
       0, 1, 3, 2, 3, 3, 0, 3, 2, 2], dtype=object)]
[94, array([-18.,  -9.,  -9.,   0.]), array([1, 2, 0, 2, 1, 2, 2, 3, 0, 0, 0, 2, 2, 2, 0, 1, 2, 0, 0, 2, 3, 3,
       1, 2, 2, 1, 3, 0, 3, 2, 2, 3, 1, 2, 2, 1, 3, 2, 2, 3, 3, 0, 0, 3,
       2, 2, 1, 1, 0, 3, 3, 2, 0, 3, 3, 3, 1, 1, 1, 0, 2, 3, 3, 0, 0, 2,
       1, 1, 2, 3, 3, 2, 2, 3, 2, 3, 1, 2, 0, 3, 0, 3, 2, 3, 2, 3, 2, 1,
       2, 1, 2, 0, 3, 1, 0, 0, 0, 3, 0, 1, 2, 0, 3, 3, 2, 2, 0, 3, 2, 0,
       0, 1, 3, 2, 3, 3, 0, 3, 2, 2], dtype=object)]
[94, array([-18.,  -9.,  -9.,   0.]), array([1, 2, 0, 2, 1, 2, 2, 3, 0, 0, 0, 2, 2, 2, 0, 1, 2, 0, 0, 2, 3, 3,
       1, 2, 2, 1, 3, 0, 3, 2, 2, 3, 1, 2, 2, 1, 3, 2, 2, 3, 3, 0, 0, 3,
       2, 2, 1, 1, 0, 3, 3, 2, 0, 3, 3, 3, 1, 1, 1, 0, 2, 3, 3, 0, 0, 2,
       1, 1, 2, 3, 3, 2, 2, 3, 2, 3, 1, 2, 0, 3, 0, 3, 2, 3, 2, 3, 2, 1,
       2, 1, 2, 0, 3, 1, 0, 0, 0, 3, 0, 1, 2, 0, 3, 3, 2, 2, 0, 3, 2, 0,
       0, 1, 3, 2, 3, 3, 0, 3, 2, 2], dtype=object)]
[95, array([-18.,  -9.,  -9.,   0.]), array([1, 2, 0, 2, 1, 2, 2, 3, 0, 0, 0, 2, 2, 2, 0, 1, 2, 0, 0, 2, 3, 3,
       1, 2, 2, 1, 3, 0, 3, 2, 2, 0, 1, 2, 2, 1, 3, 2, 2, 3, 3, 0, 0, 3,
       2, 2, 1, 1, 0, 3, 3, 2, 0, 3, 3, 3, 1, 1, 1, 0, 2, 3, 3, 0, 0, 2,
       1, 1, 2, 3, 3, 2, 2, 3, 2, 3, 1, 1, 0, 3, 0, 3, 2, 3, 2, 3, 2, 1,
       2, 1, 2, 0, 0, 1, 3, 0, 1, 3, 0, 1, 2, 0, 3, 3, 2, 0, 0, 3, 2, 0,
       0, 1, 3, 2, 3, 2, 0, 2, 2, 2], dtype=object)]
[95, array([-18.,  -9.,  -9.,   0.]), array([1, 2, 0, 2, 1, 2, 2, 3, 0, 0, 0, 2, 2, 2, 0, 1, 2, 0, 0, 2, 3, 3,
       1, 2, 2, 1, 3, 0, 3, 2, 2, 0, 1, 2, 2, 1, 3, 2, 2, 3, 3, 0, 0, 3,
       2, 2, 1, 1, 0, 3, 3, 2, 0, 3, 3, 3, 1, 1, 1, 0, 2, 3, 3, 0, 0, 2,
       1, 1, 2, 3, 3, 2, 2, 3, 2, 3, 1, 1, 0, 3, 0, 3, 2, 3, 2, 3, 2, 1,
       2, 1, 2, 0, 0, 1, 3, 0, 1, 3, 0, 1, 2, 0, 3, 3, 2, 0, 0, 3, 2, 0,
       0, 1, 3, 2, 3, 2, 0, 2, 2, 2], dtype=object)]
[95, array([-18.,  -9.,  -9.,   0.]), array([1, 2, 0, 2, 1, 2, 2, 3, 0, 0, 0, 2, 2, 2, 0, 1, 2, 0, 0, 2, 3, 3,
       1, 2, 2, 1, 3, 0, 3, 2, 2, 0, 1, 2, 2, 1, 3, 2, 2, 3, 3, 0, 0, 3,
       2, 2, 1, 1, 0, 3, 3, 2, 0, 3, 3, 3, 1, 1, 1, 0, 2, 3, 3, 0, 0, 2,
       1, 1, 2, 3, 3, 2, 2, 3, 2, 3, 1, 1, 0, 3, 0, 3, 2, 3, 2, 3, 2, 1,
       2, 1, 2, 0, 0, 1, 3, 0, 1, 3, 0, 1, 2, 0, 3, 3, 2, 0, 0, 3, 2, 0,
       0, 1, 3, 2, 3, 2, 0, 2, 2, 2], dtype=object)]
[95, array([-18.,  -9.,  -9.,   0.]), array([1, 2, 0, 2, 1, 2, 2, 3, 0, 0, 0, 2, 2, 2, 0, 1, 2, 0, 0, 2, 3, 3,
       1, 2, 2, 1, 3, 0, 3, 2, 2, 0, 1, 2, 2, 1, 3, 2, 2, 3, 3, 0, 0, 3,
       2, 2, 1, 1, 0, 3, 3, 2, 0, 3, 3, 3, 1, 1, 1, 0, 2, 3, 3, 0, 0, 2,
       1, 1, 2, 3, 3, 2, 2, 3, 2, 3, 1, 1, 0, 3, 0, 3, 2, 3, 2, 3, 2, 1,
       2, 1, 2, 0, 0, 1, 3, 0, 1, 3, 0, 1, 2, 0, 3, 3, 2, 0, 0, 3, 2, 0,
       0, 1, 3, 2, 3, 2, 0, 2, 2, 2], dtype=object)]
[96, array([-18.,  -9.,  -9.,   0.]), array([1, 2, 0, 2, 1, 2, 2, 3, 0, 0, 0, 2, 2, 2, 0, 1, 2, 0, 0, 2, 3, 3,
       1, 2, 2, 1, 3, 0, 3, 2, 2, 0, 1, 2, 2, 1, 3, 2, 2, 3, 3, 0, 0, 3,
       2, 2, 1, 1, 0, 3, 3, 2, 0, 3, 3, 3, 1, 1, 1, 0, 2, 3, 3, 0, 0, 2,
       1, 1, 2, 3, 3, 2, 2, 3, 2, 3, 1, 1, 0, 3, 0, 3, 2, 3, 2, 3, 2, 1,
       2, 1, 2, 0, 0, 1, 3, 0, 1, 3, 0, 0, 2, 0, 3, 3, 2, 0, 0, 3, 2, 0,
       0, 1, 3, 2, 3, 2, 0, 2, 2, 2], dtype=object)]
[96, array([-18.,  -9.,  -9.,   0.]), array([1, 2, 0, 2, 1, 2, 2, 3, 0, 0, 0, 2, 2, 2, 0, 1, 2, 0, 0, 2, 3, 3,
       1, 2, 2, 1, 3, 0, 3, 2, 2, 0, 1, 2, 2, 1, 3, 2, 2, 3, 3, 0, 0, 3,
       2, 2, 1, 1, 0, 3, 3, 2, 0, 3, 3, 3, 1, 1, 1, 0, 2, 3, 3, 0, 0, 2,
       1, 1, 2, 3, 3, 2, 2, 3, 2, 3, 1, 1, 0, 3, 0, 3, 2, 3, 2, 3, 2, 1,
       2, 1, 2, 0, 0, 1, 3, 0, 1, 3, 0, 0, 2, 0, 3, 3, 2, 0, 0, 3, 2, 0,
       0, 1, 3, 2, 3, 2, 0, 2, 2, 2], dtype=object)]
[96, array([-18.,  -9.,  -9.,   0.]), array([1, 2, 0, 2, 1, 2, 2, 3, 0, 0, 0, 2, 2, 2, 0, 1, 2, 0, 0, 2, 3, 3,
       1, 2, 2, 1, 3, 0, 3, 2, 2, 0, 1, 2, 2, 1, 3, 2, 2, 3, 3, 0, 0, 3,
       2, 2, 1, 1, 0, 3, 3, 2, 0, 3, 3, 3, 1, 1, 1, 0, 2, 3, 3, 0, 0, 2,
       1, 1, 2, 3, 3, 2, 2, 3, 2, 3, 1, 1, 0, 3, 0, 3, 2, 3, 2, 3, 2, 1,
       2, 1, 2, 0, 0, 1, 3, 0, 1, 3, 0, 0, 2, 0, 3, 3, 2, 0, 0, 3, 2, 0,
       0, 1, 3, 2, 3, 2, 0, 2, 2, 2], dtype=object)]
[96, array([-18.,  -9.,  -9.,   0.]), array([1, 2, 0, 2, 1, 2, 2, 3, 0, 0, 0, 2, 2, 2, 0, 1, 2, 0, 0, 2, 3, 3,
       1, 2, 2, 1, 3, 0, 3, 2, 2, 0, 1, 2, 2, 1, 3, 2, 2, 3, 3, 0, 0, 3,
       2, 2, 1, 1, 0, 3, 3, 2, 0, 3, 3, 3, 1, 1, 1, 0, 2, 3, 3, 0, 0, 2,
       1, 1, 2, 3, 3, 2, 2, 3, 2, 3, 1, 1, 0, 3, 0, 3, 2, 3, 2, 3, 2, 1,
       2, 1, 2, 0, 0, 1, 3, 0, 1, 3, 0, 0, 2, 0, 3, 3, 2, 0, 0, 3, 2, 0,
       0, 1, 3, 2, 3, 2, 0, 2, 2, 2], dtype=object)]
[97, array([-18.,  -9.,  -9.,   0.]), array([1, 1, 0, 2, 1, 2, 2, 3, 0, 0, 0, 2, 2, 3, 2, 1, 2, 1, 0, 2, 0, 1,
       0, 2, 0, 3, 3, 0, 3, 0, 0, 3, 1, 2, 2, 1, 3, 2, 2, 3, 3, 0, 0, 3,
       2, 2, 1, 1, 0, 3, 3, 2, 2, 1, 0, 3, 1, 1, 1, 0, 2, 3, 3, 0, 0, 2,
       1, 1, 2, 3, 3, 2, 2, 3, 2, 3, 1, 3, 0, 3, 0, 3, 2, 3, 2, 3, 2, 1,
       2, 1, 2, 0, 1, 0, 0, 0, 0, 3, 3, 1, 2, 0, 3, 3, 0, 2, 0, 3, 2, 0,
       0, 1, 2, 2, 3, 2, 0, 2, 2, 2], dtype=object)]
[97, array([-18.,  -9.,  -9.,   0.]), array([1, 1, 0, 2, 1, 2, 2, 3, 0, 0, 0, 2, 2, 3, 2, 1, 2, 1, 0, 2, 0, 1,
       0, 2, 0, 3, 3, 0, 3, 0, 0, 3, 1, 2, 2, 1, 3, 2, 2, 3, 3, 0, 0, 3,
       2, 2, 1, 1, 0, 3, 3, 2, 2, 1, 0, 3, 1, 1, 1, 0, 2, 3, 3, 0, 0, 2,
       1, 1, 2, 3, 3, 2, 2, 3, 2, 3, 1, 3, 0, 3, 0, 3, 2, 3, 2, 3, 2, 1,
       2, 1, 2, 0, 1, 0, 0, 0, 0, 3, 3, 1, 2, 0, 3, 3, 0, 2, 0, 3, 2, 0,
       0, 1, 2, 2, 3, 2, 0, 2, 2, 2], dtype=object)]
[97, array([-18.,  -9.,  -9.,   0.]), array([1, 1, 0, 2, 1, 2, 2, 3, 0, 0, 0, 2, 2, 3, 2, 1, 2, 1, 0, 2, 0, 1,
       0, 2, 0, 3, 3, 0, 3, 0, 0, 3, 1, 2, 2, 1, 3, 2, 2, 3, 3, 0, 0, 3,
       2, 2, 1, 1, 0, 3, 3, 2, 2, 1, 0, 3, 1, 1, 1, 0, 2, 3, 3, 0, 0, 2,
       1, 1, 2, 3, 3, 2, 2, 3, 2, 3, 1, 3, 0, 3, 0, 3, 2, 3, 2, 3, 2, 1,
       2, 1, 2, 0, 1, 0, 0, 0, 0, 3, 3, 1, 2, 0, 3, 3, 0, 2, 0, 3, 2, 0,
       0, 1, 2, 2, 3, 2, 0, 2, 2, 2], dtype=object)]
[97, array([-18.,  -9.,  -9.,   0.]), array([1, 1, 0, 2, 1, 2, 2, 3, 0, 0, 0, 2, 2, 3, 2, 1, 2, 1, 0, 2, 0, 1,
       0, 2, 0, 3, 3, 0, 3, 0, 0, 3, 1, 2, 2, 1, 3, 2, 2, 3, 3, 0, 0, 3,
       2, 2, 1, 1, 0, 3, 3, 2, 2, 1, 0, 3, 1, 1, 1, 0, 2, 3, 3, 0, 0, 2,
       1, 1, 2, 3, 3, 2, 2, 3, 2, 3, 1, 3, 0, 3, 0, 3, 2, 3, 2, 3, 2, 1,
       2, 1, 2, 0, 1, 0, 0, 0, 0, 3, 3, 1, 2, 0, 3, 3, 0, 2, 0, 3, 2, 0,
       0, 1, 2, 2, 3, 2, 0, 2, 2, 2], dtype=object)]
[98, array([-18.,  -9.,  -9.,   0.]), array([1, 1, 0, 2, 0, 2, 2, 3, 0, 0, 0, 2, 2, 3, 2, 1, 2, 1, 0, 2, 0, 1,
       0, 2, 0, 3, 3, 0, 3, 0, 0, 3, 1, 2, 2, 1, 3, 2, 2, 3, 3, 0, 0, 3,
       2, 2, 1, 1, 0, 3, 3, 2, 2, 1, 0, 3, 1, 1, 1, 0, 2, 3, 3, 0, 0, 2,
       1, 1, 2, 3, 3, 2, 2, 3, 2, 3, 1, 3, 0, 3, 0, 3, 2, 3, 2, 3, 2, 1,
       2, 1, 2, 0, 1, 0, 0, 0, 0, 3, 3, 1, 2, 0, 3, 3, 0, 2, 0, 3, 2, 0,
       0, 1, 2, 2, 3, 2, 0, 2, 2, 2], dtype=object)]
[98, array([-18.,  -9.,  -9.,   0.]), array([1, 1, 0, 2, 0, 2, 2, 3, 0, 0, 0, 2, 2, 3, 2, 1, 2, 1, 0, 2, 0, 1,
       0, 2, 0, 3, 3, 0, 3, 0, 0, 3, 1, 2, 2, 1, 3, 2, 2, 3, 3, 0, 0, 3,
       2, 2, 1, 1, 0, 3, 3, 2, 2, 1, 0, 3, 1, 1, 1, 0, 2, 3, 3, 0, 0, 2,
       1, 1, 2, 3, 3, 2, 2, 3, 2, 3, 1, 3, 0, 3, 0, 3, 2, 3, 2, 3, 2, 1,
       2, 1, 2, 0, 1, 0, 0, 0, 0, 3, 3, 1, 2, 0, 3, 3, 0, 2, 0, 3, 2, 0,
       0, 1, 2, 2, 3, 2, 0, 2, 2, 2], dtype=object)]
[98, array([-18.,  -9.,  -9.,   0.]), array([1, 1, 0, 2, 0, 2, 2, 3, 0, 0, 0, 2, 2, 3, 2, 1, 2, 1, 0, 2, 0, 1,
       0, 2, 0, 3, 3, 0, 3, 0, 0, 3, 1, 2, 2, 1, 3, 2, 2, 3, 3, 0, 0, 3,
       2, 2, 1, 1, 0, 3, 3, 2, 2, 1, 0, 3, 1, 1, 1, 0, 2, 3, 3, 0, 0, 2,
       1, 1, 2, 3, 3, 2, 2, 3, 2, 3, 1, 3, 0, 3, 0, 3, 2, 3, 2, 3, 2, 1,
       2, 1, 2, 0, 1, 0, 0, 0, 0, 3, 3, 1, 2, 0, 3, 3, 0, 2, 0, 3, 2, 0,
       0, 1, 2, 2, 3, 2, 0, 2, 2, 2], dtype=object)]
[98, array([-18.,  -9.,  -9.,   0.]), array([1, 1, 0, 2, 0, 2, 2, 3, 0, 0, 0, 2, 2, 3, 2, 1, 2, 1, 0, 2, 0, 1,
       0, 2, 0, 3, 3, 0, 3, 0, 0, 3, 1, 2, 2, 1, 3, 2, 2, 3, 3, 0, 0, 3,
       2, 2, 1, 1, 0, 3, 3, 2, 2, 1, 0, 3, 1, 1, 1, 0, 2, 3, 3, 0, 0, 2,
       1, 1, 2, 3, 3, 2, 2, 3, 2, 3, 1, 3, 0, 3, 0, 3, 2, 3, 2, 3, 2, 1,
       2, 1, 2, 0, 1, 0, 0, 0, 0, 3, 3, 1, 2, 0, 3, 3, 0, 2, 0, 3, 2, 0,
       0, 1, 2, 2, 3, 2, 0, 2, 2, 2], dtype=object)]
[99, array([-18.,  -9.,  -9.,   0.]), array([1, 2, 0, 2, 1, 2, 2, 3, 0, 0, 0, 2, 2, 2, 0, 1, 2, 0, 0, 2, 3, 3,
       1, 2, 2, 1, 3, 0, 3, 2, 2, 0, 1, 2, 2, 1, 3, 2, 2, 3, 3, 0, 0, 3,
       2, 2, 1, 1, 0, 3, 3, 2, 0, 3, 3, 3, 1, 1, 1, 0, 2, 3, 3, 0, 0, 2,
       1, 1, 2, 3, 3, 2, 2, 3, 2, 3, 1, 1, 0, 3, 0, 3, 2, 1, 2, 3, 2, 1,
       2, 1, 2, 0, 1, 0, 0, 0, 0, 3, 3, 1, 2, 0, 3, 3, 2, 2, 0, 3, 2, 0,
       0, 1, 3, 2, 3, 2, 0, 2, 2, 2], dtype=object)]
[99, array([-18.,  -9.,  -9.,   0.]), array([1, 2, 0, 2, 1, 2, 2, 3, 0, 0, 0, 2, 2, 2, 0, 1, 2, 0, 0, 2, 3, 3,
       1, 2, 2, 1, 3, 0, 3, 2, 2, 0, 1, 2, 2, 1, 3, 2, 2, 3, 3, 0, 0, 3,
       2, 2, 1, 1, 0, 3, 3, 2, 0, 3, 3, 3, 1, 1, 1, 0, 2, 3, 3, 0, 0, 2,
       1, 1, 2, 3, 3, 2, 2, 3, 2, 3, 1, 1, 0, 3, 0, 3, 2, 1, 2, 3, 2, 1,
       2, 1, 2, 0, 1, 0, 0, 0, 0, 3, 3, 1, 2, 0, 3, 3, 2, 2, 0, 3, 2, 0,
       0, 1, 3, 2, 3, 2, 0, 2, 2, 2], dtype=object)]
[99, array([-18.,  -9.,  -9.,   0.]), array([1, 2, 0, 2, 1, 2, 2, 3, 0, 0, 0, 2, 2, 2, 0, 1, 2, 0, 0, 2, 3, 3,
       1, 2, 2, 1, 3, 0, 3, 2, 2, 0, 1, 2, 2, 1, 3, 2, 2, 3, 3, 0, 0, 3,
       2, 2, 1, 1, 0, 3, 3, 2, 0, 3, 3, 3, 1, 1, 1, 0, 2, 3, 3, 0, 0, 2,
       1, 1, 2, 3, 3, 2, 2, 3, 2, 3, 1, 1, 0, 3, 0, 3, 2, 1, 2, 3, 2, 1,
       2, 1, 2, 0, 1, 0, 0, 0, 0, 3, 3, 1, 2, 0, 3, 3, 2, 2, 0, 3, 2, 0,
       0, 1, 3, 2, 3, 2, 0, 2, 2, 2], dtype=object)]
[99, array([-18.,  -9.,  -9.,   0.]), array([1, 2, 0, 2, 1, 2, 2, 3, 0, 0, 0, 2, 2, 2, 0, 1, 2, 0, 0, 2, 3, 3,
       1, 2, 2, 1, 3, 0, 3, 2, 2, 0, 1, 2, 2, 1, 3, 2, 2, 3, 3, 0, 0, 3,
       2, 2, 1, 1, 0, 3, 3, 2, 0, 3, 3, 3, 1, 1, 1, 0, 2, 3, 3, 0, 0, 2,
       1, 1, 2, 3, 3, 2, 2, 3, 2, 3, 1, 1, 0, 3, 0, 3, 2, 1, 2, 3, 2, 1,
       2, 1, 2, 0, 1, 0, 0, 0, 0, 3, 3, 1, 2, 0, 3, 3, 2, 2, 0, 3, 2, 0,
       0, 1, 3, 2, 3, 2, 0, 2, 2, 2], dtype=object)]
[100, array([-18.,  -9.,  -9.,   0.]), array([1, 2, 0, 2, 1, 2, 2, 3, 0, 0, 0, 2, 2, 2, 0, 1, 2, 0, 0, 2, 3, 3,
       1, 2, 2, 1, 3, 0, 3, 2, 2, 0, 1, 2, 2, 1, 3, 2, 2, 3, 3, 0, 0, 3,
       2, 2, 1, 1, 0, 3, 3, 2, 0, 3, 3, 3, 1, 1, 1, 0, 2, 3, 3, 0, 0, 2,
       1, 1, 2, 3, 3, 2, 2, 3, 2, 3, 1, 1, 0, 3, 0, 3, 2, 1, 2, 3, 2, 1,
       2, 1, 2, 0, 1, 0, 0, 0, 0, 3, 3, 1, 2, 0, 3, 3, 2, 2, 0, 3, 2, 0,
       0, 2, 3, 2, 3, 2, 0, 2, 2, 2], dtype=object)]
[100, array([-18.,  -9.,  -9.,   0.]), array([1, 2, 0, 2, 1, 2, 2, 3, 0, 0, 0, 2, 2, 2, 0, 1, 2, 0, 0, 2, 3, 3,
       1, 2, 2, 1, 3, 0, 3, 2, 2, 0, 1, 2, 2, 1, 3, 2, 2, 3, 3, 0, 0, 3,
       2, 2, 1, 1, 0, 3, 3, 2, 0, 3, 3, 3, 1, 1, 1, 0, 2, 3, 3, 0, 0, 2,
       1, 1, 2, 3, 3, 2, 2, 3, 2, 3, 1, 1, 0, 3, 0, 3, 2, 1, 2, 3, 2, 1,
       2, 1, 2, 0, 1, 0, 0, 0, 0, 3, 3, 1, 2, 0, 3, 3, 2, 2, 0, 3, 2, 0,
       0, 2, 3, 2, 3, 2, 0, 2, 2, 2], dtype=object)]
[100, array([-18.,  -9.,  -9.,   0.]), array([1, 2, 0, 2, 1, 2, 2, 3, 0, 0, 0, 2, 2, 2, 0, 1, 2, 0, 0, 2, 3, 3,
       1, 2, 2, 1, 3, 0, 3, 2, 2, 0, 1, 2, 2, 1, 3, 2, 2, 3, 3, 0, 0, 3,
       2, 2, 1, 1, 0, 3, 3, 2, 0, 3, 3, 3, 1, 1, 1, 0, 2, 3, 3, 0, 0, 2,
       1, 1, 2, 3, 3, 2, 2, 3, 2, 3, 1, 1, 0, 3, 0, 3, 2, 1, 2, 3, 2, 1,
       2, 1, 2, 0, 1, 0, 0, 0, 0, 3, 3, 1, 2, 0, 3, 3, 2, 2, 0, 3, 2, 0,
       0, 2, 3, 2, 3, 2, 0, 2, 2, 2], dtype=object)]
[100, array([-18.,  -9.,  -9.,   0.]), array([1, 2, 0, 2, 1, 2, 2, 3, 0, 0, 0, 2, 2, 2, 0, 1, 2, 0, 0, 2, 3, 3,
       1, 2, 2, 1, 3, 0, 3, 2, 2, 0, 1, 2, 2, 1, 3, 2, 2, 3, 3, 0, 0, 3,
       2, 2, 1, 1, 0, 3, 3, 2, 0, 3, 3, 3, 1, 1, 1, 0, 2, 3, 3, 0, 0, 2,
       1, 1, 2, 3, 3, 2, 2, 3, 2, 3, 1, 1, 0, 3, 0, 3, 2, 1, 2, 3, 2, 1,
       2, 1, 2, 0, 1, 0, 0, 0, 0, 3, 3, 1, 2, 0, 3, 3, 2, 2, 0, 3, 2, 0,
       0, 2, 3, 2, 3, 2, 0, 2, 2, 2], dtype=object)]
[101, array([-18.,  -9.,  -9.,   0.]), array([2, 1, 0, 3, 3, 2, 2, 3, 0, 0, 0, 2, 3, 2, 1, 2, 2, 1, 0, 2, 3, 3,
       1, 2, 0, 1, 3, 3, 3, 2, 0, 3, 1, 2, 2, 1, 3, 2, 1, 3, 3, 0, 0, 2,
       3, 2, 1, 0, 0, 3, 3, 2, 2, 1, 0, 3, 1, 1, 1, 0, 2, 3, 3, 0, 0, 2,
       3, 1, 2, 3, 3, 2, 2, 3, 2, 3, 1, 1, 0, 3, 0, 3, 2, 3, 2, 3, 2, 1,
       2, 1, 2, 0, 1, 0, 0, 0, 0, 3, 3, 1, 2, 0, 3, 3, 2, 2, 0, 3, 2, 0,
       0, 1, 2, 2, 3, 2, 0, 2, 2, 2], dtype=object)]
[101, array([-18.,  -9.,  -9.,   0.]), array([2, 1, 0, 3, 3, 2, 2, 3, 0, 0, 0, 2, 3, 2, 1, 2, 2, 1, 0, 2, 3, 3,
       1, 2, 0, 1, 3, 3, 3, 2, 0, 3, 1, 2, 2, 1, 3, 2, 1, 3, 3, 0, 0, 2,
       3, 2, 1, 0, 0, 3, 3, 2, 2, 1, 0, 3, 1, 1, 1, 0, 2, 3, 3, 0, 0, 2,
       3, 1, 2, 3, 3, 2, 2, 3, 2, 3, 1, 1, 0, 3, 0, 3, 2, 3, 2, 3, 2, 1,
       2, 1, 2, 0, 1, 0, 0, 0, 0, 3, 3, 1, 2, 0, 3, 3, 2, 2, 0, 3, 2, 0,
       0, 1, 2, 2, 3, 2, 0, 2, 2, 2], dtype=object)]
[101, array([-18.,  -9.,  -9.,   0.]), array([2, 1, 0, 3, 3, 2, 2, 3, 0, 0, 0, 2, 3, 2, 1, 2, 2, 1, 0, 2, 3, 3,
       1, 2, 0, 1, 3, 3, 3, 2, 0, 3, 1, 2, 2, 1, 3, 2, 1, 3, 3, 0, 0, 2,
       3, 2, 1, 0, 0, 3, 3, 2, 2, 1, 0, 3, 1, 1, 1, 0, 2, 3, 3, 0, 0, 2,
       3, 1, 2, 3, 3, 2, 2, 3, 2, 3, 1, 1, 0, 3, 0, 3, 2, 3, 2, 3, 2, 1,
       2, 1, 2, 0, 1, 0, 0, 0, 0, 3, 3, 1, 2, 0, 3, 3, 2, 2, 0, 3, 2, 0,
       0, 1, 2, 2, 3, 2, 0, 2, 2, 2], dtype=object)]
[101, array([-18.,  -9.,  -9.,   0.]), array([2, 1, 0, 3, 3, 2, 2, 3, 0, 0, 0, 2, 3, 2, 1, 2, 2, 1, 0, 2, 3, 3,
       1, 2, 0, 1, 3, 3, 3, 2, 0, 3, 1, 2, 2, 1, 3, 2, 1, 3, 3, 0, 0, 2,
       3, 2, 1, 0, 0, 3, 3, 2, 2, 1, 0, 3, 1, 1, 1, 0, 2, 3, 3, 0, 0, 2,
       3, 1, 2, 3, 3, 2, 2, 3, 2, 3, 1, 1, 0, 3, 0, 3, 2, 3, 2, 3, 2, 1,
       2, 1, 2, 0, 1, 0, 0, 0, 0, 3, 3, 1, 2, 0, 3, 3, 2, 2, 0, 3, 2, 0,
       0, 1, 2, 2, 3, 2, 0, 2, 2, 2], dtype=object)]
[102, array([-18.,  -9.,  -9.,   0.]), array([2, 1, 0, 3, 3, 2, 2, 3, 0, 0, 0, 2, 3, 2, 1, 2, 2, 1, 0, 2, 3, 3,
       1, 2, 0, 1, 3, 3, 3, 2, 0, 3, 1, 2, 2, 1, 3, 2, 1, 3, 3, 0, 0, 2,
       3, 2, 1, 0, 0, 3, 3, 2, 2, 1, 0, 3, 1, 1, 1, 0, 2, 3, 3, 0, 0, 2,
       3, 1, 2, 3, 3, 2, 2, 2, 2, 3, 1, 1, 0, 3, 0, 3, 2, 3, 2, 3, 2, 1,
       2, 1, 2, 0, 1, 0, 0, 0, 0, 3, 3, 1, 2, 0, 3, 3, 2, 2, 0, 3, 2, 0,
       0, 1, 2, 2, 3, 2, 0, 2, 2, 2], dtype=object)]
[102, array([-18.,  -9.,  -9.,   0.]), array([2, 1, 0, 3, 3, 2, 2, 3, 0, 0, 0, 2, 3, 2, 1, 2, 2, 1, 0, 2, 3, 3,
       1, 2, 0, 1, 3, 3, 3, 2, 0, 3, 1, 2, 2, 1, 3, 2, 1, 3, 3, 0, 0, 2,
       3, 2, 1, 0, 0, 3, 3, 2, 2, 1, 0, 3, 1, 1, 1, 0, 2, 3, 3, 0, 0, 2,
       3, 1, 2, 3, 3, 2, 2, 2, 2, 3, 1, 1, 0, 3, 0, 3, 2, 3, 2, 3, 2, 1,
       2, 1, 2, 0, 1, 0, 0, 0, 0, 3, 3, 1, 2, 0, 3, 3, 2, 2, 0, 3, 2, 0,
       0, 1, 2, 2, 3, 2, 0, 2, 2, 2], dtype=object)]
[102, array([-18.,  -9.,  -9.,   0.]), array([2, 1, 0, 3, 3, 2, 2, 3, 0, 0, 0, 2, 3, 2, 1, 2, 2, 1, 0, 2, 3, 3,
       1, 2, 0, 1, 3, 3, 3, 2, 0, 3, 1, 2, 2, 1, 3, 2, 1, 3, 3, 0, 0, 2,
       3, 2, 1, 0, 0, 3, 3, 2, 2, 1, 0, 3, 1, 1, 1, 0, 2, 3, 3, 0, 0, 2,
       3, 1, 2, 3, 3, 2, 2, 2, 2, 3, 1, 1, 0, 3, 0, 3, 2, 3, 2, 3, 2, 1,
       2, 1, 2, 0, 1, 0, 0, 0, 0, 3, 3, 1, 2, 0, 3, 3, 2, 2, 0, 3, 2, 0,
       0, 1, 2, 2, 3, 2, 0, 2, 2, 2], dtype=object)]
[102, array([-18.,  -9.,  -9.,   0.]), array([2, 1, 0, 3, 3, 2, 2, 3, 0, 0, 0, 2, 3, 2, 1, 2, 2, 1, 0, 2, 3, 3,
       1, 2, 0, 1, 3, 3, 3, 2, 0, 3, 1, 2, 2, 1, 3, 2, 1, 3, 3, 0, 0, 2,
       3, 2, 1, 0, 0, 3, 3, 2, 2, 1, 0, 3, 1, 1, 1, 0, 2, 3, 3, 0, 0, 2,
       3, 1, 2, 3, 3, 2, 2, 2, 2, 3, 1, 1, 0, 3, 0, 3, 2, 3, 2, 3, 2, 1,
       2, 1, 2, 0, 1, 0, 0, 0, 0, 3, 3, 1, 2, 0, 3, 3, 2, 2, 0, 3, 2, 0,
       0, 1, 2, 2, 3, 2, 0, 2, 2, 2], dtype=object)]
[103, array([-18.,  -9.,  -9.,   0.]), array([1, 2, 0, 2, 1, 2, 2, 3, 0, 0, 0, 2, 2, 2, 1, 1, 2, 0, 0, 2, 3, 3,
       1, 2, 2, 1, 3, 0, 3, 2, 2, 0, 1, 2, 2, 1, 3, 2, 2, 3, 3, 0, 0, 3,
       2, 2, 1, 1, 0, 3, 3, 2, 0, 3, 3, 3, 1, 1, 1, 0, 2, 3, 3, 0, 0, 2,
       1, 1, 2, 3, 3, 2, 2, 3, 2, 3, 1, 1, 0, 3, 0, 2, 2, 3, 2, 1, 2, 1,
       2, 1, 2, 0, 1, 0, 0, 0, 0, 3, 3, 1, 2, 0, 3, 3, 0, 2, 0, 3, 2, 0,
       0, 1, 2, 2, 3, 2, 0, 2, 2, 2], dtype=object)]
[103, array([-18.,  -9.,  -9.,   0.]), array([1, 2, 0, 2, 1, 2, 2, 3, 0, 0, 0, 2, 2, 2, 1, 1, 2, 0, 0, 2, 3, 3,
       1, 2, 2, 1, 3, 0, 3, 2, 2, 0, 1, 2, 2, 1, 3, 2, 2, 3, 3, 0, 0, 3,
       2, 2, 1, 1, 0, 3, 3, 2, 0, 3, 3, 3, 1, 1, 1, 0, 2, 3, 3, 0, 0, 2,
       1, 1, 2, 3, 3, 2, 2, 3, 2, 3, 1, 1, 0, 3, 0, 2, 2, 3, 2, 1, 2, 1,
       2, 1, 2, 0, 1, 0, 0, 0, 0, 3, 3, 1, 2, 0, 3, 3, 0, 2, 0, 3, 2, 0,
       0, 1, 2, 2, 3, 2, 0, 2, 2, 2], dtype=object)]
[103, array([-18.,  -9.,  -9.,   0.]), array([1, 2, 0, 2, 1, 2, 2, 3, 0, 0, 0, 2, 2, 2, 1, 1, 2, 0, 0, 2, 3, 3,
       1, 2, 2, 1, 3, 0, 3, 2, 2, 0, 1, 2, 2, 1, 3, 2, 2, 3, 3, 0, 0, 3,
       2, 2, 1, 1, 0, 3, 3, 2, 0, 3, 3, 3, 1, 1, 1, 0, 2, 3, 3, 0, 0, 2,
       1, 1, 2, 3, 3, 2, 2, 3, 2, 3, 1, 1, 0, 3, 0, 2, 2, 3, 2, 1, 2, 1,
       2, 1, 2, 0, 1, 0, 0, 0, 0, 3, 3, 1, 2, 0, 3, 3, 0, 2, 0, 3, 2, 0,
       0, 1, 2, 2, 3, 2, 0, 2, 2, 2], dtype=object)]
[103, array([-18.,  -9.,  -9.,   0.]), array([1, 2, 0, 2, 1, 2, 2, 3, 0, 0, 0, 2, 2, 2, 1, 1, 2, 0, 0, 2, 3, 3,
       1, 2, 2, 1, 3, 0, 3, 2, 2, 0, 1, 2, 2, 1, 3, 2, 2, 3, 3, 0, 0, 3,
       2, 2, 1, 1, 0, 3, 3, 2, 0, 3, 3, 3, 1, 1, 1, 0, 2, 3, 3, 0, 0, 2,
       1, 1, 2, 3, 3, 2, 2, 3, 2, 3, 1, 1, 0, 3, 0, 2, 2, 3, 2, 1, 2, 1,
       2, 1, 2, 0, 1, 0, 0, 0, 0, 3, 3, 1, 2, 0, 3, 3, 0, 2, 0, 3, 2, 0,
       0, 1, 2, 2, 3, 2, 0, 2, 2, 2], dtype=object)]
[104, array([-18.,  -9.,  -9.,   0.]), array([1, 2, 0, 2, 1, 1, 2, 3, 0, 0, 0, 2, 2, 2, 1, 1, 2, 0, 0, 2, 3, 3,
       1, 2, 2, 1, 3, 0, 3, 2, 2, 0, 1, 2, 2, 1, 3, 2, 2, 3, 3, 0, 0, 3,
       2, 2, 1, 1, 0, 3, 3, 2, 0, 3, 3, 3, 1, 1, 1, 0, 2, 3, 3, 0, 0, 2,
       1, 1, 2, 3, 3, 2, 2, 3, 2, 3, 1, 1, 0, 3, 0, 2, 2, 3, 2, 0, 2, 1,
       2, 1, 2, 0, 1, 0, 0, 0, 0, 3, 3, 1, 2, 0, 3, 3, 0, 2, 0, 3, 2, 0,
       0, 1, 2, 2, 3, 2, 0, 2, 2, 2], dtype=object)]
[104, array([-18.,  -9.,  -9.,   0.]), array([1, 2, 0, 2, 1, 1, 2, 3, 0, 0, 0, 2, 2, 2, 1, 1, 2, 0, 0, 2, 3, 3,
       1, 2, 2, 1, 3, 0, 3, 2, 2, 0, 1, 2, 2, 1, 3, 2, 2, 3, 3, 0, 0, 3,
       2, 2, 1, 1, 0, 3, 3, 2, 0, 3, 3, 3, 1, 1, 1, 0, 2, 3, 3, 0, 0, 2,
       1, 1, 2, 3, 3, 2, 2, 3, 2, 3, 1, 1, 0, 3, 0, 2, 2, 3, 2, 0, 2, 1,
       2, 1, 2, 0, 1, 0, 0, 0, 0, 3, 3, 1, 2, 0, 3, 3, 0, 2, 0, 3, 2, 0,
       0, 1, 2, 2, 3, 2, 0, 2, 2, 2], dtype=object)]
[104, array([-18.,  -9.,  -9.,   0.]), array([1, 2, 0, 2, 1, 1, 2, 3, 0, 0, 0, 2, 2, 2, 1, 1, 2, 0, 0, 2, 3, 3,
       1, 2, 2, 1, 3, 0, 3, 2, 2, 0, 1, 2, 2, 1, 3, 2, 2, 3, 3, 0, 0, 3,
       2, 2, 1, 1, 0, 3, 3, 2, 0, 3, 3, 3, 1, 1, 1, 0, 2, 3, 3, 0, 0, 2,
       1, 1, 2, 3, 3, 2, 2, 3, 2, 3, 1, 1, 0, 3, 0, 2, 2, 3, 2, 0, 2, 1,
       2, 1, 2, 0, 1, 0, 0, 0, 0, 3, 3, 1, 2, 0, 3, 3, 0, 2, 0, 3, 2, 0,
       0, 1, 2, 2, 3, 2, 0, 2, 2, 2], dtype=object)]
[104, array([-18.,  -9.,  -9.,   0.]), array([1, 2, 0, 2, 1, 1, 2, 3, 0, 0, 0, 2, 2, 2, 1, 1, 2, 0, 0, 2, 3, 3,
       1, 2, 2, 1, 3, 0, 3, 2, 2, 0, 1, 2, 2, 1, 3, 2, 2, 3, 3, 0, 0, 3,
       2, 2, 1, 1, 0, 3, 3, 2, 0, 3, 3, 3, 1, 1, 1, 0, 2, 3, 3, 0, 0, 2,
       1, 1, 2, 3, 3, 2, 2, 3, 2, 3, 1, 1, 0, 3, 0, 2, 2, 3, 2, 0, 2, 1,
       2, 1, 2, 0, 1, 0, 0, 0, 0, 3, 3, 1, 2, 0, 3, 3, 0, 2, 0, 3, 2, 0,
       0, 1, 2, 2, 3, 2, 0, 2, 2, 2], dtype=object)]
[105, array([-18.,  -9.,  -9.,   0.]), array([1, 2, 0, 2, 1, 2, 2, 3, 0, 0, 0, 2, 2, 2, 0, 1, 2, 0, 0, 2, 3, 3,
       1, 2, 2, 1, 3, 0, 3, 2, 2, 0, 1, 2, 2, 1, 3, 2, 2, 3, 3, 0, 0, 3,
       2, 2, 1, 1, 0, 3, 3, 2, 0, 3, 3, 3, 1, 1, 1, 0, 2, 3, 3, 0, 0, 2,
       3, 1, 2, 3, 3, 2, 2, 3, 2, 3, 1, 1, 0, 3, 0, 3, 2, 1, 2, 3, 2, 1,
       2, 1, 2, 0, 1, 0, 0, 0, 0, 3, 3, 1, 2, 0, 3, 3, 2, 2, 0, 3, 2, 0,
       1, 1, 3, 2, 3, 2, 0, 3, 2, 2], dtype=object)]
[105, array([-18.,  -9.,  -9.,   0.]), array([1, 2, 0, 2, 1, 2, 2, 3, 0, 0, 0, 2, 2, 2, 0, 1, 2, 0, 0, 2, 3, 3,
       1, 2, 2, 1, 3, 0, 3, 2, 2, 0, 1, 2, 2, 1, 3, 2, 2, 3, 3, 0, 0, 3,
       2, 2, 1, 1, 0, 3, 3, 2, 0, 3, 3, 3, 1, 1, 1, 0, 2, 3, 3, 0, 0, 2,
       3, 1, 2, 3, 3, 2, 2, 3, 2, 3, 1, 1, 0, 3, 0, 3, 2, 1, 2, 3, 2, 1,
       2, 1, 2, 0, 1, 0, 0, 0, 0, 3, 3, 1, 2, 0, 3, 3, 2, 2, 0, 3, 2, 0,
       1, 1, 3, 2, 3, 2, 0, 3, 2, 2], dtype=object)]
[105, array([-18.,  -9.,  -9.,   0.]), array([1, 2, 0, 2, 1, 2, 2, 3, 0, 0, 0, 2, 2, 2, 0, 1, 2, 0, 0, 2, 3, 3,
       1, 2, 2, 1, 3, 0, 3, 2, 2, 0, 1, 2, 2, 1, 3, 2, 2, 3, 3, 0, 0, 3,
       2, 2, 1, 1, 0, 3, 3, 2, 0, 3, 3, 3, 1, 1, 1, 0, 2, 3, 3, 0, 0, 2,
       3, 1, 2, 3, 3, 2, 2, 3, 2, 3, 1, 1, 0, 3, 0, 3, 2, 1, 2, 3, 2, 1,
       2, 1, 2, 0, 1, 0, 0, 0, 0, 3, 3, 1, 2, 0, 3, 3, 2, 2, 0, 3, 2, 0,
       1, 1, 3, 2, 3, 2, 0, 3, 2, 2], dtype=object)]
[105, array([-18.,  -9.,  -9.,   0.]), array([1, 2, 0, 2, 1, 2, 2, 3, 0, 0, 0, 2, 2, 2, 0, 1, 2, 0, 0, 2, 3, 3,
       1, 2, 2, 1, 3, 0, 3, 2, 2, 0, 1, 2, 2, 1, 3, 2, 2, 3, 3, 0, 0, 3,
       2, 2, 1, 1, 0, 3, 3, 2, 0, 3, 3, 3, 1, 1, 1, 0, 2, 3, 3, 0, 0, 2,
       3, 1, 2, 3, 3, 2, 2, 3, 2, 3, 1, 1, 0, 3, 0, 3, 2, 1, 2, 3, 2, 1,
       2, 1, 2, 0, 1, 0, 0, 0, 0, 3, 3, 1, 2, 0, 3, 3, 2, 2, 0, 3, 2, 0,
       1, 1, 3, 2, 3, 2, 0, 3, 2, 2], dtype=object)]
[106, array([-18.,  -9.,  -9.,   0.]), array([1, 2, 0, 2, 1, 2, 2, 3, 0, 0, 0, 2, 2, 2, 0, 1, 2, 0, 0, 2, 3, 3,
       1, 2, 1, 1, 3, 0, 3, 2, 2, 0, 1, 2, 2, 1, 3, 2, 2, 3, 3, 0, 0, 3,
       2, 2, 1, 1, 0, 3, 3, 2, 0, 3, 3, 3, 1, 1, 1, 0, 2, 3, 3, 0, 0, 2,
       3, 1, 2, 3, 3, 2, 2, 3, 2, 3, 1, 1, 0, 3, 0, 3, 2, 1, 2, 3, 2, 1,
       2, 1, 2, 0, 1, 0, 0, 0, 0, 3, 3, 1, 2, 0, 3, 3, 2, 2, 0, 3, 2, 0,
       1, 1, 3, 2, 3, 2, 0, 3, 2, 2], dtype=object)]
[106, array([-18.,  -9.,  -9.,   0.]), array([1, 2, 0, 2, 1, 2, 2, 3, 0, 0, 0, 2, 2, 2, 0, 1, 2, 0, 0, 2, 3, 3,
       1, 2, 1, 1, 3, 0, 3, 2, 2, 0, 1, 2, 2, 1, 3, 2, 2, 3, 3, 0, 0, 3,
       2, 2, 1, 1, 0, 3, 3, 2, 0, 3, 3, 3, 1, 1, 1, 0, 2, 3, 3, 0, 0, 2,
       3, 1, 2, 3, 3, 2, 2, 3, 2, 3, 1, 1, 0, 3, 0, 3, 2, 1, 2, 3, 2, 1,
       2, 1, 2, 0, 1, 0, 0, 0, 0, 3, 3, 1, 2, 0, 3, 3, 2, 2, 0, 3, 2, 0,
       1, 1, 3, 2, 3, 2, 0, 3, 2, 2], dtype=object)]
[106, array([-18.,  -9.,  -9.,   0.]), array([1, 2, 0, 2, 1, 2, 2, 3, 0, 0, 0, 2, 2, 2, 0, 1, 2, 0, 0, 2, 3, 3,
       1, 2, 1, 1, 3, 0, 3, 2, 2, 0, 1, 2, 2, 1, 3, 2, 2, 3, 3, 0, 0, 3,
       2, 2, 1, 1, 0, 3, 3, 2, 0, 3, 3, 3, 1, 1, 1, 0, 2, 3, 3, 0, 0, 2,
       3, 1, 2, 3, 3, 2, 2, 3, 2, 3, 1, 1, 0, 3, 0, 3, 2, 1, 2, 3, 2, 1,
       2, 1, 2, 0, 1, 0, 0, 0, 0, 3, 3, 1, 2, 0, 3, 3, 2, 2, 0, 3, 2, 0,
       1, 1, 3, 2, 3, 2, 0, 3, 2, 2], dtype=object)]
[106, array([-18.,  -9.,  -9.,   0.]), array([1, 2, 0, 2, 1, 2, 2, 3, 0, 0, 0, 2, 2, 2, 0, 1, 2, 0, 0, 2, 3, 3,
       1, 2, 1, 1, 3, 0, 3, 2, 2, 0, 1, 2, 2, 1, 3, 2, 2, 3, 3, 0, 0, 3,
       2, 2, 1, 1, 0, 3, 3, 2, 0, 3, 3, 3, 1, 1, 1, 0, 2, 3, 3, 0, 0, 2,
       3, 1, 2, 3, 3, 2, 2, 3, 2, 3, 1, 1, 0, 3, 0, 3, 2, 1, 2, 3, 2, 1,
       2, 1, 2, 0, 1, 0, 0, 0, 0, 3, 3, 1, 2, 0, 3, 3, 2, 2, 0, 3, 2, 0,
       1, 1, 3, 2, 3, 2, 0, 3, 2, 2], dtype=object)]
[107, array([-18.,  -9.,  -9.,   0.]), array([2, 1, 0, 3, 1, 2, 0, 3, 0, 0, 0, 2, 3, 2, 1, 2, 2, 1, 0, 2, 3, 3,
       1, 2, 0, 1, 3, 3, 3, 2, 0, 3, 1, 2, 2, 1, 3, 2, 2, 3, 3, 0, 0, 3,
       3, 2, 1, 2, 1, 3, 3, 2, 0, 3, 3, 3, 1, 1, 1, 0, 2, 3, 3, 0, 0, 2,
       1, 1, 2, 3, 3, 2, 2, 3, 2, 3, 1, 1, 0, 3, 0, 3, 2, 3, 2, 1, 2, 1,
       2, 1, 2, 0, 1, 0, 0, 0, 0, 3, 3, 1, 2, 0, 3, 3, 2, 3, 0, 3, 2, 1,
       0, 1, 3, 2, 3, 2, 0, 3, 2, 2], dtype=object)]
[107, array([-18.,  -9.,  -9.,   0.]), array([2, 1, 0, 3, 1, 2, 0, 3, 0, 0, 0, 2, 3, 2, 1, 2, 2, 1, 0, 2, 3, 3,
       1, 2, 0, 1, 3, 3, 3, 2, 0, 3, 1, 2, 2, 1, 3, 2, 2, 3, 3, 0, 0, 3,
       3, 2, 1, 2, 1, 3, 3, 2, 0, 3, 3, 3, 1, 1, 1, 0, 2, 3, 3, 0, 0, 2,
       1, 1, 2, 3, 3, 2, 2, 3, 2, 3, 1, 1, 0, 3, 0, 3, 2, 3, 2, 1, 2, 1,
       2, 1, 2, 0, 1, 0, 0, 0, 0, 3, 3, 1, 2, 0, 3, 3, 2, 3, 0, 3, 2, 1,
       0, 1, 3, 2, 3, 2, 0, 3, 2, 2], dtype=object)]
[107, array([-18.,  -9.,  -9.,   0.]), array([2, 1, 0, 3, 1, 2, 0, 3, 0, 0, 0, 2, 3, 2, 1, 2, 2, 1, 0, 2, 3, 3,
       1, 2, 0, 1, 3, 3, 3, 2, 0, 3, 1, 2, 2, 1, 3, 2, 2, 3, 3, 0, 0, 3,
       3, 2, 1, 2, 1, 3, 3, 2, 0, 3, 3, 3, 1, 1, 1, 0, 2, 3, 3, 0, 0, 2,
       1, 1, 2, 3, 3, 2, 2, 3, 2, 3, 1, 1, 0, 3, 0, 3, 2, 3, 2, 1, 2, 1,
       2, 1, 2, 0, 1, 0, 0, 0, 0, 3, 3, 1, 2, 0, 3, 3, 2, 3, 0, 3, 2, 1,
       0, 1, 3, 2, 3, 2, 0, 3, 2, 2], dtype=object)]
[107, array([-18.,  -9.,  -9.,   0.]), array([2, 1, 0, 3, 1, 2, 0, 3, 0, 0, 0, 2, 3, 2, 1, 2, 2, 1, 0, 2, 3, 3,
       1, 2, 0, 1, 3, 3, 3, 2, 0, 3, 1, 2, 2, 1, 3, 2, 2, 3, 3, 0, 0, 3,
       3, 2, 1, 2, 1, 3, 3, 2, 0, 3, 3, 3, 1, 1, 1, 0, 2, 3, 3, 0, 0, 2,
       1, 1, 2, 3, 3, 2, 2, 3, 2, 3, 1, 1, 0, 3, 0, 3, 2, 3, 2, 1, 2, 1,
       2, 1, 2, 0, 1, 0, 0, 0, 0, 3, 3, 1, 2, 0, 3, 3, 2, 3, 0, 3, 2, 1,
       0, 1, 3, 2, 3, 2, 0, 3, 2, 2], dtype=object)]
[108, array([-18.,  -9.,  -9.,   0.]), array([2, 1, 0, 3, 1, 2, 0, 3, 0, 0, 0, 2, 3, 2, 1, 2, 2, 1, 0, 2, 3, 3,
       1, 2, 0, 1, 3, 3, 3, 2, 0, 3, 1, 2, 2, 1, 3, 2, 2, 3, 3, 0, 0, 3,
       3, 2, 1, 2, 1, 3, 3, 2, 0, 3, 3, 3, 1, 1, 1, 0, 3, 3, 3, 0, 0, 2,
       1, 1, 2, 3, 3, 2, 2, 3, 2, 3, 1, 1, 0, 3, 0, 3, 2, 3, 2, 1, 2, 1,
       2, 1, 2, 0, 1, 0, 0, 0, 0, 3, 3, 1, 2, 0, 3, 3, 2, 3, 0, 3, 2, 1,
       0, 1, 3, 2, 3, 2, 0, 3, 2, 2], dtype=object)]
[108, array([-18.,  -9.,  -9.,   0.]), array([2, 1, 0, 3, 1, 2, 0, 3, 0, 0, 0, 2, 3, 2, 1, 2, 2, 1, 0, 2, 3, 3,
       1, 2, 0, 1, 3, 3, 3, 2, 0, 3, 1, 2, 2, 1, 3, 2, 2, 3, 3, 0, 0, 3,
       3, 2, 1, 2, 1, 3, 3, 2, 0, 3, 3, 3, 1, 1, 1, 0, 3, 3, 3, 0, 0, 2,
       1, 1, 2, 3, 3, 2, 2, 3, 2, 3, 1, 1, 0, 3, 0, 3, 2, 3, 2, 1, 2, 1,
       2, 1, 2, 0, 1, 0, 0, 0, 0, 3, 3, 1, 2, 0, 3, 3, 2, 3, 0, 3, 2, 1,
       0, 1, 3, 2, 3, 2, 0, 3, 2, 2], dtype=object)]
[108, array([-18.,  -9.,  -9.,   0.]), array([2, 1, 0, 3, 1, 2, 0, 3, 0, 0, 0, 2, 3, 2, 1, 2, 2, 1, 0, 2, 3, 3,
       1, 2, 0, 1, 3, 3, 3, 2, 0, 3, 1, 2, 2, 1, 3, 2, 2, 3, 3, 0, 0, 3,
       3, 2, 1, 2, 1, 3, 3, 2, 0, 3, 3, 3, 1, 1, 1, 0, 3, 3, 3, 0, 0, 2,
       1, 1, 2, 3, 3, 2, 2, 3, 2, 3, 1, 1, 0, 3, 0, 3, 2, 3, 2, 1, 2, 1,
       2, 1, 2, 0, 1, 0, 0, 0, 0, 3, 3, 1, 2, 0, 3, 3, 2, 3, 0, 3, 2, 1,
       0, 1, 3, 2, 3, 2, 0, 3, 2, 2], dtype=object)]
[108, array([-18.,  -9.,  -9.,   0.]), array([2, 1, 0, 3, 1, 2, 0, 3, 0, 0, 0, 2, 3, 2, 1, 2, 2, 1, 0, 2, 3, 3,
       1, 2, 0, 1, 3, 3, 3, 2, 0, 3, 1, 2, 2, 1, 3, 2, 2, 3, 3, 0, 0, 3,
       3, 2, 1, 2, 1, 3, 3, 2, 0, 3, 3, 3, 1, 1, 1, 0, 3, 3, 3, 0, 0, 2,
       1, 1, 2, 3, 3, 2, 2, 3, 2, 3, 1, 1, 0, 3, 0, 3, 2, 3, 2, 1, 2, 1,
       2, 1, 2, 0, 1, 0, 0, 0, 0, 3, 3, 1, 2, 0, 3, 3, 2, 3, 0, 3, 2, 1,
       0, 1, 3, 2, 3, 2, 0, 3, 2, 2], dtype=object)]
[109, array([-18.,  -9.,  -9.,   0.]), array([1, 2, 0, 2, 1, 2, 2, 3, 0, 0, 0, 2, 0, 2, 0, 1, 2, 1, 2, 2, 3, 3,
       1, 3, 2, 1, 3, 0, 3, 2, 2, 0, 1, 2, 2, 1, 3, 2, 2, 3, 1, 0, 0, 2,
       3, 2, 1, 1, 0, 3, 3, 2, 2, 1, 0, 3, 1, 1, 1, 0, 2, 3, 3, 0, 1, 2,
       1, 1, 2, 3, 3, 2, 2, 3, 2, 3, 1, 1, 0, 3, 0, 3, 0, 1, 2, 3, 2, 1,
       2, 1, 2, 0, 1, 0, 0, 0, 0, 3, 3, 1, 2, 0, 3, 3, 0, 2, 0, 3, 2, 0,
       0, 1, 2, 2, 3, 2, 0, 2, 2, 2], dtype=object)]
[109, array([-18.,  -9.,  -9.,   0.]), array([1, 2, 0, 2, 1, 2, 2, 3, 0, 0, 0, 2, 0, 2, 0, 1, 2, 1, 2, 2, 3, 3,
       1, 3, 2, 1, 3, 0, 3, 2, 2, 0, 1, 2, 2, 1, 3, 2, 2, 3, 1, 0, 0, 2,
       3, 2, 1, 1, 0, 3, 3, 2, 2, 1, 0, 3, 1, 1, 1, 0, 2, 3, 3, 0, 1, 2,
       1, 1, 2, 3, 3, 2, 2, 3, 2, 3, 1, 1, 0, 3, 0, 3, 0, 1, 2, 3, 2, 1,
       2, 1, 2, 0, 1, 0, 0, 0, 0, 3, 3, 1, 2, 0, 3, 3, 0, 2, 0, 3, 2, 0,
       0, 1, 2, 2, 3, 2, 0, 2, 2, 2], dtype=object)]
[109, array([-18.,  -9.,  -9.,   0.]), array([1, 2, 0, 2, 1, 2, 2, 3, 0, 0, 0, 2, 0, 2, 0, 1, 2, 1, 2, 2, 3, 3,
       1, 3, 2, 1, 3, 0, 3, 2, 2, 0, 1, 2, 2, 1, 3, 2, 2, 3, 1, 0, 0, 2,
       3, 2, 1, 1, 0, 3, 3, 2, 2, 1, 0, 3, 1, 1, 1, 0, 2, 3, 3, 0, 1, 2,
       1, 1, 2, 3, 3, 2, 2, 3, 2, 3, 1, 1, 0, 3, 0, 3, 0, 1, 2, 3, 2, 1,
       2, 1, 2, 0, 1, 0, 0, 0, 0, 3, 3, 1, 2, 0, 3, 3, 0, 2, 0, 3, 2, 0,
       0, 1, 2, 2, 3, 2, 0, 2, 2, 2], dtype=object)]
[109, array([-18.,  -9.,  -9.,   0.]), array([1, 2, 0, 2, 1, 2, 2, 3, 0, 0, 0, 2, 0, 2, 0, 1, 2, 1, 2, 2, 3, 3,
       1, 3, 2, 1, 3, 0, 3, 2, 2, 0, 1, 2, 2, 1, 3, 2, 2, 3, 1, 0, 0, 2,
       3, 2, 1, 1, 0, 3, 3, 2, 2, 1, 0, 3, 1, 1, 1, 0, 2, 3, 3, 0, 1, 2,
       1, 1, 2, 3, 3, 2, 2, 3, 2, 3, 1, 1, 0, 3, 0, 3, 0, 1, 2, 3, 2, 1,
       2, 1, 2, 0, 1, 0, 0, 0, 0, 3, 3, 1, 2, 0, 3, 3, 0, 2, 0, 3, 2, 0,
       0, 1, 2, 2, 3, 2, 0, 2, 2, 2], dtype=object)]
[110, array([-18.,  -9.,  -9.,   0.]), array([1, 2, 0, 2, 1, 2, 2, 3, 0, 0, 0, 2, 0, 2, 0, 1, 2, 1, 2, 2, 3, 3,
       1, 3, 2, 1, 3, 0, 3, 2, 2, 0, 1, 2, 2, 1, 3, 2, 2, 3, 1, 0, 0, 2,
       3, 2, 1, 1, 0, 3, 3, 2, 2, 1, 0, 3, 1, 1, 1, 0, 2, 3, 3, 0, 1, 2,
       1, 1, 2, 3, 3, 2, 2, 3, 2, 3, 1, 1, 0, 3, 0, 3, 0, 1, 2, 3, 2, 1,
       2, 2, 2, 0, 1, 0, 0, 0, 0, 3, 3, 1, 2, 0, 3, 3, 0, 2, 0, 3, 2, 0,
       0, 1, 2, 2, 3, 2, 0, 2, 2, 2], dtype=object)]
[110, array([-18.,  -9.,  -9.,   0.]), array([1, 2, 0, 2, 1, 2, 2, 3, 0, 0, 0, 2, 0, 2, 0, 1, 2, 1, 2, 2, 3, 3,
       1, 3, 2, 1, 3, 0, 3, 2, 2, 0, 1, 2, 2, 1, 3, 2, 2, 3, 1, 0, 0, 2,
       3, 2, 1, 1, 0, 3, 3, 2, 2, 1, 0, 3, 1, 1, 1, 0, 2, 3, 3, 0, 1, 2,
       1, 1, 2, 3, 3, 2, 2, 3, 2, 3, 1, 1, 0, 3, 0, 3, 0, 1, 2, 3, 2, 1,
       2, 2, 2, 0, 1, 0, 0, 0, 0, 3, 3, 1, 2, 0, 3, 3, 0, 2, 0, 3, 2, 0,
       0, 1, 2, 2, 3, 2, 0, 2, 2, 2], dtype=object)]
[110, array([-18.,  -9.,  -9.,   0.]), array([1, 2, 0, 2, 1, 2, 2, 3, 0, 0, 0, 2, 0, 2, 0, 1, 2, 1, 2, 2, 3, 3,
       1, 3, 2, 1, 3, 0, 3, 2, 2, 0, 1, 2, 2, 1, 3, 2, 2, 3, 1, 0, 0, 2,
       3, 2, 1, 1, 0, 3, 3, 2, 2, 1, 0, 3, 1, 1, 1, 0, 2, 3, 3, 0, 1, 2,
       1, 1, 2, 3, 3, 2, 2, 3, 2, 3, 1, 1, 0, 3, 0, 3, 0, 1, 2, 3, 2, 1,
       2, 2, 2, 0, 1, 0, 0, 0, 0, 3, 3, 1, 2, 0, 3, 3, 0, 2, 0, 3, 2, 0,
       0, 1, 2, 2, 3, 2, 0, 2, 2, 2], dtype=object)]
[110, array([-18.,  -9.,  -9.,   0.]), array([1, 2, 0, 2, 1, 2, 2, 3, 0, 0, 0, 2, 0, 2, 0, 1, 2, 1, 2, 2, 3, 3,
       1, 3, 2, 1, 3, 0, 3, 2, 2, 0, 1, 2, 2, 1, 3, 2, 2, 3, 1, 0, 0, 2,
       3, 2, 1, 1, 0, 3, 3, 2, 2, 1, 0, 3, 1, 1, 1, 0, 2, 3, 3, 0, 1, 2,
       1, 1, 2, 3, 3, 2, 2, 3, 2, 3, 1, 1, 0, 3, 0, 3, 0, 1, 2, 3, 2, 1,
       2, 2, 2, 0, 1, 0, 0, 0, 0, 3, 3, 1, 2, 0, 3, 3, 0, 2, 0, 3, 2, 0,
       0, 1, 2, 2, 3, 2, 0, 2, 2, 2], dtype=object)]
[111, array([-18.,  -9.,  -9.,   0.]), array([2, 1, 0, 3, 1, 2, 0, 3, 0, 0, 0, 2, 3, 2, 1, 2, 2, 1, 0, 2, 3, 3,
       1, 2, 0, 1, 3, 3, 3, 2, 0, 3, 1, 2, 2, 1, 3, 2, 2, 3, 3, 0, 0, 3,
       3, 2, 1, 2, 0, 3, 3, 2, 0, 3, 3, 3, 1, 1, 1, 0, 2, 3, 3, 0, 3, 2,
       1, 1, 2, 3, 3, 3, 2, 3, 2, 3, 1, 1, 0, 3, 0, 3, 2, 1, 2, 3, 2, 1,
       2, 1, 2, 0, 1, 3, 0, 0, 0, 0, 3, 1, 2, 0, 2, 3, 2, 0, 0, 3, 2, 0,
       0, 1, 3, 2, 3, 2, 0, 3, 2, 2], dtype=object)]
[111, array([-18.,  -9.,  -9.,   0.]), array([2, 1, 0, 3, 1, 2, 0, 3, 0, 0, 0, 2, 3, 2, 1, 2, 2, 1, 0, 2, 3, 3,
       1, 2, 0, 1, 3, 3, 3, 2, 0, 3, 1, 2, 2, 1, 3, 2, 2, 3, 3, 0, 0, 3,
       3, 2, 1, 2, 0, 3, 3, 2, 0, 3, 3, 3, 1, 1, 1, 0, 2, 3, 3, 0, 3, 2,
       1, 1, 2, 3, 3, 3, 2, 3, 2, 3, 1, 1, 0, 3, 0, 3, 2, 1, 2, 3, 2, 1,
       2, 1, 2, 0, 1, 3, 0, 0, 0, 0, 3, 1, 2, 0, 2, 3, 2, 0, 0, 3, 2, 0,
       0, 1, 3, 2, 3, 2, 0, 3, 2, 2], dtype=object)]
[111, array([-18.,  -9.,  -9.,   0.]), array([2, 1, 0, 3, 1, 2, 0, 3, 0, 0, 0, 2, 3, 2, 1, 2, 2, 1, 0, 2, 3, 3,
       1, 2, 0, 1, 3, 3, 3, 2, 0, 3, 1, 2, 2, 1, 3, 2, 2, 3, 3, 0, 0, 3,
       3, 2, 1, 2, 0, 3, 3, 2, 0, 3, 3, 3, 1, 1, 1, 0, 2, 3, 3, 0, 3, 2,
       1, 1, 2, 3, 3, 3, 2, 3, 2, 3, 1, 1, 0, 3, 0, 3, 2, 1, 2, 3, 2, 1,
       2, 1, 2, 0, 1, 3, 0, 0, 0, 0, 3, 1, 2, 0, 2, 3, 2, 0, 0, 3, 2, 0,
       0, 1, 3, 2, 3, 2, 0, 3, 2, 2], dtype=object)]
[111, array([-18.,  -9.,  -9.,   0.]), array([2, 1, 0, 3, 1, 2, 0, 3, 0, 0, 0, 2, 3, 2, 1, 2, 2, 1, 0, 2, 3, 3,
       1, 2, 0, 1, 3, 3, 3, 2, 0, 3, 1, 2, 2, 1, 3, 2, 2, 3, 3, 0, 0, 3,
       3, 2, 1, 2, 0, 3, 3, 2, 0, 3, 3, 3, 1, 1, 1, 0, 2, 3, 3, 0, 3, 2,
       1, 1, 2, 3, 3, 3, 2, 3, 2, 3, 1, 1, 0, 3, 0, 3, 2, 1, 2, 3, 2, 1,
       2, 1, 2, 0, 1, 3, 0, 0, 0, 0, 3, 1, 2, 0, 2, 3, 2, 0, 0, 3, 2, 0,
       0, 1, 3, 2, 3, 2, 0, 3, 2, 2], dtype=object)]
[112, array([-18.,  -9.,  -9.,   0.]), array([2, 1, 0, 3, 1, 2, 0, 0, 0, 0, 0, 2, 3, 2, 1, 2, 2, 1, 0, 2, 3, 3,
       1, 2, 0, 1, 2, 3, 3, 2, 0, 3, 1, 2, 2, 1, 3, 2, 2, 3, 3, 0, 0, 3,
       3, 2, 1, 2, 0, 3, 3, 2, 0, 3, 3, 3, 1, 1, 1, 0, 2, 3, 3, 0, 3, 0,
       1, 1, 2, 3, 3, 3, 2, 3, 2, 3, 1, 1, 0, 3, 0, 3, 2, 1, 2, 3, 2, 1,
       2, 1, 2, 0, 1, 3, 0, 0, 0, 0, 3, 1, 2, 0, 2, 3, 2, 0, 0, 3, 2, 0,
       0, 1, 3, 2, 3, 2, 0, 3, 2, 2], dtype=object)]
[112, array([-18.,  -9.,  -9.,   0.]), array([2, 1, 0, 3, 1, 2, 0, 0, 0, 0, 0, 2, 3, 2, 1, 2, 2, 1, 0, 2, 3, 3,
       1, 2, 0, 1, 2, 3, 3, 2, 0, 3, 1, 2, 2, 1, 3, 2, 2, 3, 3, 0, 0, 3,
       3, 2, 1, 2, 0, 3, 3, 2, 0, 3, 3, 3, 1, 1, 1, 0, 2, 3, 3, 0, 3, 0,
       1, 1, 2, 3, 3, 3, 2, 3, 2, 3, 1, 1, 0, 3, 0, 3, 2, 1, 2, 3, 2, 1,
       2, 1, 2, 0, 1, 3, 0, 0, 0, 0, 3, 1, 2, 0, 2, 3, 2, 0, 0, 3, 2, 0,
       0, 1, 3, 2, 3, 2, 0, 3, 2, 2], dtype=object)]
[112, array([-18.,  -9.,  -9.,   0.]), array([2, 1, 0, 3, 1, 2, 0, 0, 0, 0, 0, 2, 3, 2, 1, 2, 2, 1, 0, 2, 3, 3,
       1, 2, 0, 1, 2, 3, 3, 2, 0, 3, 1, 2, 2, 1, 3, 2, 2, 3, 3, 0, 0, 3,
       3, 2, 1, 2, 0, 3, 3, 2, 0, 3, 3, 3, 1, 1, 1, 0, 2, 3, 3, 0, 3, 0,
       1, 1, 2, 3, 3, 3, 2, 3, 2, 3, 1, 1, 0, 3, 0, 3, 2, 1, 2, 3, 2, 1,
       2, 1, 2, 0, 1, 3, 0, 0, 0, 0, 3, 1, 2, 0, 2, 3, 2, 0, 0, 3, 2, 0,
       0, 1, 3, 2, 3, 2, 0, 3, 2, 2], dtype=object)]
[112, array([-18.,  -9.,  -9.,   0.]), array([2, 1, 0, 3, 1, 2, 0, 0, 0, 0, 0, 2, 3, 2, 1, 2, 2, 1, 0, 2, 3, 3,
       1, 2, 0, 1, 2, 3, 3, 2, 0, 3, 1, 2, 2, 1, 3, 2, 2, 3, 3, 0, 0, 3,
       3, 2, 1, 2, 0, 3, 3, 2, 0, 3, 3, 3, 1, 1, 1, 0, 2, 3, 3, 0, 3, 0,
       1, 1, 2, 3, 3, 3, 2, 3, 2, 3, 1, 1, 0, 3, 0, 3, 2, 1, 2, 3, 2, 1,
       2, 1, 2, 0, 1, 3, 0, 0, 0, 0, 3, 1, 2, 0, 2, 3, 2, 0, 0, 3, 2, 0,
       0, 1, 3, 2, 3, 2, 0, 3, 2, 2], dtype=object)]
[113, array([-18.,  -9.,  -9.,   0.]), array([1, 3, 0, 2, 1, 2, 1, 3, 0, 0, 0, 2, 2, 2, 0, 0, 2, 0, 0, 2, 3, 3,
       1, 2, 2, 1, 3, 0, 2, 2, 2, 0, 1, 3, 2, 1, 3, 2, 2, 3, 3, 0, 1, 3,
       3, 2, 1, 1, 0, 3, 3, 2, 0, 3, 3, 3, 1, 1, 1, 0, 2, 3, 3, 0, 0, 2,
       1, 1, 2, 3, 3, 3, 2, 3, 2, 3, 3, 1, 0, 3, 0, 3, 2, 1, 2, 3, 2, 1,
       2, 1, 2, 0, 1, 0, 0, 0, 0, 3, 3, 1, 2, 0, 3, 3, 2, 2, 0, 3, 2, 0,
       0, 1, 2, 2, 3, 2, 0, 2, 2, 2], dtype=object)]
[113, array([-18.,  -9.,  -9.,   0.]), array([1, 3, 0, 2, 1, 2, 1, 3, 0, 0, 0, 2, 2, 2, 0, 0, 2, 0, 0, 2, 3, 3,
       1, 2, 2, 1, 3, 0, 2, 2, 2, 0, 1, 3, 2, 1, 3, 2, 2, 3, 3, 0, 1, 3,
       3, 2, 1, 1, 0, 3, 3, 2, 0, 3, 3, 3, 1, 1, 1, 0, 2, 3, 3, 0, 0, 2,
       1, 1, 2, 3, 3, 3, 2, 3, 2, 3, 3, 1, 0, 3, 0, 3, 2, 1, 2, 3, 2, 1,
       2, 1, 2, 0, 1, 0, 0, 0, 0, 3, 3, 1, 2, 0, 3, 3, 2, 2, 0, 3, 2, 0,
       0, 1, 2, 2, 3, 2, 0, 2, 2, 2], dtype=object)]
[113, array([-18.,  -9.,  -9.,   0.]), array([1, 3, 0, 2, 1, 2, 1, 3, 0, 0, 0, 2, 2, 2, 0, 0, 2, 0, 0, 2, 3, 3,
       1, 2, 2, 1, 3, 0, 2, 2, 2, 0, 1, 3, 2, 1, 3, 2, 2, 3, 3, 0, 1, 3,
       3, 2, 1, 1, 0, 3, 3, 2, 0, 3, 3, 3, 1, 1, 1, 0, 2, 3, 3, 0, 0, 2,
       1, 1, 2, 3, 3, 3, 2, 3, 2, 3, 3, 1, 0, 3, 0, 3, 2, 1, 2, 3, 2, 1,
       2, 1, 2, 0, 1, 0, 0, 0, 0, 3, 3, 1, 2, 0, 3, 3, 2, 2, 0, 3, 2, 0,
       0, 1, 2, 2, 3, 2, 0, 2, 2, 2], dtype=object)]
[113, array([-18.,  -9.,  -9.,   0.]), array([1, 3, 0, 2, 1, 2, 1, 3, 0, 0, 0, 2, 2, 2, 0, 0, 2, 0, 0, 2, 3, 3,
       1, 2, 2, 1, 3, 0, 2, 2, 2, 0, 1, 3, 2, 1, 3, 2, 2, 3, 3, 0, 1, 3,
       3, 2, 1, 1, 0, 3, 3, 2, 0, 3, 3, 3, 1, 1, 1, 0, 2, 3, 3, 0, 0, 2,
       1, 1, 2, 3, 3, 3, 2, 3, 2, 3, 3, 1, 0, 3, 0, 3, 2, 1, 2, 3, 2, 1,
       2, 1, 2, 0, 1, 0, 0, 0, 0, 3, 3, 1, 2, 0, 3, 3, 2, 2, 0, 3, 2, 0,
       0, 1, 2, 2, 3, 2, 0, 2, 2, 2], dtype=object)]
[114, array([-18.,  -9.,  -9.,   0.]), array([1, 3, 0, 2, 1, 2, 1, 3, 0, 0, 0, 2, 2, 2, 0, 0, 2, 0, 0, 2, 1, 3,
       1, 2, 2, 1, 3, 0, 2, 2, 2, 0, 1, 3, 2, 1, 3, 2, 2, 3, 3, 0, 1, 3,
       3, 2, 1, 1, 0, 3, 3, 2, 0, 3, 3, 3, 1, 1, 1, 0, 2, 3, 3, 0, 0, 2,
       1, 1, 2, 3, 3, 3, 2, 3, 2, 3, 3, 1, 0, 3, 0, 3, 2, 1, 2, 3, 2, 1,
       2, 1, 2, 0, 1, 0, 0, 0, 0, 3, 3, 1, 2, 0, 3, 3, 2, 2, 0, 3, 2, 0,
       0, 1, 2, 2, 3, 2, 0, 2, 2, 2], dtype=object)]
[114, array([-18.,  -9.,  -9.,   0.]), array([1, 3, 0, 2, 1, 2, 1, 3, 0, 0, 0, 2, 2, 2, 0, 0, 2, 0, 0, 2, 1, 3,
       1, 2, 2, 1, 3, 0, 2, 2, 2, 0, 1, 3, 2, 1, 3, 2, 2, 3, 3, 0, 1, 3,
       3, 2, 1, 1, 0, 3, 3, 2, 0, 3, 3, 3, 1, 1, 1, 0, 2, 3, 3, 0, 0, 2,
       1, 1, 2, 3, 3, 3, 2, 3, 2, 3, 3, 1, 0, 3, 0, 3, 2, 1, 2, 3, 2, 1,
       2, 1, 2, 0, 1, 0, 0, 0, 0, 3, 3, 1, 2, 0, 3, 3, 2, 2, 0, 3, 2, 0,
       0, 1, 2, 2, 3, 2, 0, 2, 2, 2], dtype=object)]
[114, array([-18.,  -9.,  -9.,   0.]), array([1, 3, 0, 2, 1, 2, 1, 3, 0, 0, 0, 2, 2, 2, 0, 0, 2, 0, 0, 2, 1, 3,
       1, 2, 2, 1, 3, 0, 2, 2, 2, 0, 1, 3, 2, 1, 3, 2, 2, 3, 3, 0, 1, 3,
       3, 2, 1, 1, 0, 3, 3, 2, 0, 3, 3, 3, 1, 1, 1, 0, 2, 3, 3, 0, 0, 2,
       1, 1, 2, 3, 3, 3, 2, 3, 2, 3, 3, 1, 0, 3, 0, 3, 2, 1, 2, 3, 2, 1,
       2, 1, 2, 0, 1, 0, 0, 0, 0, 3, 3, 1, 2, 0, 3, 3, 2, 2, 0, 3, 2, 0,
       0, 1, 2, 2, 3, 2, 0, 2, 2, 2], dtype=object)]
[114, array([-18.,  -9.,  -9.,   0.]), array([1, 3, 0, 2, 1, 2, 1, 3, 0, 0, 0, 2, 2, 2, 0, 0, 2, 0, 0, 2, 1, 3,
       1, 2, 2, 1, 3, 0, 2, 2, 2, 0, 1, 3, 2, 1, 3, 2, 2, 3, 3, 0, 1, 3,
       3, 2, 1, 1, 0, 3, 3, 2, 0, 3, 3, 3, 1, 1, 1, 0, 2, 3, 3, 0, 0, 2,
       1, 1, 2, 3, 3, 3, 2, 3, 2, 3, 3, 1, 0, 3, 0, 3, 2, 1, 2, 3, 2, 1,
       2, 1, 2, 0, 1, 0, 0, 0, 0, 3, 3, 1, 2, 0, 3, 3, 2, 2, 0, 3, 2, 0,
       0, 1, 2, 2, 3, 2, 0, 2, 2, 2], dtype=object)]
[115, array([-18.,  -9.,  -9.,   0.]), array([3, 1, 1, 3, 1, 2, 0, 3, 0, 0, 0, 2, 2, 2, 0, 0, 2, 0, 0, 2, 3, 3,
       1, 2, 2, 1, 3, 0, 3, 2, 2, 0, 1, 2, 2, 1, 3, 2, 1, 3, 3, 0, 0, 2,
       3, 2, 1, 0, 0, 3, 3, 2, 2, 1, 0, 3, 1, 1, 1, 0, 2, 3, 3, 0, 0, 2,
       1, 1, 2, 3, 3, 2, 2, 3, 2, 3, 1, 1, 0, 3, 0, 3, 2, 1, 2, 3, 2, 1,
       2, 1, 2, 0, 1, 0, 0, 0, 0, 3, 3, 1, 2, 0, 3, 3, 0, 2, 0, 3, 2, 0,
       0, 0, 3, 2, 3, 2, 0, 3, 2, 2], dtype=object)]
[115, array([-18.,  -9.,  -9.,   0.]), array([3, 1, 1, 3, 1, 2, 0, 3, 0, 0, 0, 2, 2, 2, 0, 0, 2, 0, 0, 2, 3, 3,
       1, 2, 2, 1, 3, 0, 3, 2, 2, 0, 1, 2, 2, 1, 3, 2, 1, 3, 3, 0, 0, 2,
       3, 2, 1, 0, 0, 3, 3, 2, 2, 1, 0, 3, 1, 1, 1, 0, 2, 3, 3, 0, 0, 2,
       1, 1, 2, 3, 3, 2, 2, 3, 2, 3, 1, 1, 0, 3, 0, 3, 2, 1, 2, 3, 2, 1,
       2, 1, 2, 0, 1, 0, 0, 0, 0, 3, 3, 1, 2, 0, 3, 3, 0, 2, 0, 3, 2, 0,
       0, 0, 3, 2, 3, 2, 0, 3, 2, 2], dtype=object)]
[115, array([-18.,  -9.,  -9.,   0.]), array([3, 1, 1, 3, 1, 2, 0, 3, 0, 0, 0, 2, 2, 2, 0, 0, 2, 0, 0, 2, 3, 3,
       1, 2, 2, 1, 3, 0, 3, 2, 2, 0, 1, 2, 2, 1, 3, 2, 1, 3, 3, 0, 0, 2,
       3, 2, 1, 0, 0, 3, 3, 2, 2, 1, 0, 3, 1, 1, 1, 0, 2, 3, 3, 0, 0, 2,
       1, 1, 2, 3, 3, 2, 2, 3, 2, 3, 1, 1, 0, 3, 0, 3, 2, 1, 2, 3, 2, 1,
       2, 1, 2, 0, 1, 0, 0, 0, 0, 3, 3, 1, 2, 0, 3, 3, 0, 2, 0, 3, 2, 0,
       0, 0, 3, 2, 3, 2, 0, 3, 2, 2], dtype=object)]
[115, array([-18.,  -9.,  -9.,   0.]), array([3, 1, 1, 3, 1, 2, 0, 3, 0, 0, 0, 2, 2, 2, 0, 0, 2, 0, 0, 2, 3, 3,
       1, 2, 2, 1, 3, 0, 3, 2, 2, 0, 1, 2, 2, 1, 3, 2, 1, 3, 3, 0, 0, 2,
       3, 2, 1, 0, 0, 3, 3, 2, 2, 1, 0, 3, 1, 1, 1, 0, 2, 3, 3, 0, 0, 2,
       1, 1, 2, 3, 3, 2, 2, 3, 2, 3, 1, 1, 0, 3, 0, 3, 2, 1, 2, 3, 2, 1,
       2, 1, 2, 0, 1, 0, 0, 0, 0, 3, 3, 1, 2, 0, 3, 3, 0, 2, 0, 3, 2, 0,
       0, 0, 3, 2, 3, 2, 0, 3, 2, 2], dtype=object)]
[116, array([-18.,  -9.,  -9.,   0.]), array([3, 1, 1, 3, 1, 2, 0, 3, 0, 0, 0, 2, 2, 2, 0, 0, 2, 0, 0, 2, 3, 3,
       1, 2, 2, 1, 3, 0, 3, 2, 2, 0, 1, 2, 2, 1, 3, 2, 1, 3, 3, 0, 0, 2,
       3, 2, 1, 0, 0, 3, 3, 2, 2, 1, 0, 3, 1, 1, 1, 0, 2, 3, 3, 0, 0, 2,
       1, 1, 2, 3, 3, 2, 2, 3, 2, 3, 1, 1, 0, 3, 0, 3, 2, 1, 2, 3, 2, 1,
       2, 1, 2, 0, 1, 0, 0, 0, 0, 3, 3, 1, 2, 0, 3, 3, 0, 2, 0, 3, 2, 0,
       0, 0, 3, 2, 3, 2, 0, 3, 2, 2], dtype=object)]
[116, array([-18.,  -9.,  -9.,   0.]), array([3, 1, 1, 3, 1, 2, 0, 3, 0, 0, 0, 2, 2, 2, 0, 0, 2, 0, 0, 2, 3, 3,
       1, 2, 2, 1, 3, 0, 3, 2, 2, 0, 1, 2, 2, 1, 3, 2, 1, 3, 3, 0, 0, 2,
       3, 2, 1, 0, 0, 3, 3, 2, 2, 1, 0, 3, 1, 1, 1, 0, 2, 3, 3, 0, 0, 2,
       1, 1, 2, 3, 3, 2, 2, 3, 2, 3, 1, 1, 0, 3, 0, 3, 2, 1, 2, 3, 2, 1,
       2, 1, 2, 0, 1, 0, 0, 0, 0, 3, 3, 1, 2, 0, 3, 3, 0, 2, 0, 3, 2, 0,
       0, 0, 3, 2, 3, 2, 0, 3, 2, 2], dtype=object)]
[116, array([-18.,  -9.,  -9.,   0.]), array([3, 1, 1, 3, 1, 2, 0, 3, 0, 0, 0, 2, 2, 2, 0, 0, 2, 0, 0, 2, 3, 3,
       1, 2, 2, 1, 3, 0, 3, 2, 2, 0, 1, 2, 2, 1, 3, 2, 1, 3, 3, 0, 0, 2,
       3, 2, 1, 0, 0, 3, 3, 2, 2, 1, 0, 3, 1, 1, 1, 0, 2, 3, 3, 0, 0, 2,
       1, 1, 2, 3, 3, 2, 2, 3, 2, 3, 1, 1, 0, 3, 0, 3, 2, 1, 2, 3, 2, 1,
       2, 1, 2, 0, 1, 0, 0, 0, 0, 3, 3, 1, 2, 0, 3, 3, 0, 2, 0, 3, 2, 0,
       0, 0, 3, 2, 3, 2, 0, 3, 2, 2], dtype=object)]
[116, array([-18.,  -9.,  -9.,   0.]), array([3, 1, 1, 3, 1, 2, 0, 3, 0, 0, 0, 2, 2, 2, 0, 0, 2, 0, 0, 2, 3, 3,
       1, 2, 2, 1, 3, 0, 3, 2, 2, 0, 1, 2, 2, 1, 3, 2, 1, 3, 3, 0, 0, 2,
       3, 2, 1, 0, 0, 3, 3, 2, 2, 1, 0, 3, 1, 1, 1, 0, 2, 3, 3, 0, 0, 2,
       1, 1, 2, 3, 3, 2, 2, 3, 2, 3, 1, 1, 0, 3, 0, 3, 2, 1, 2, 3, 2, 1,
       2, 1, 2, 0, 1, 0, 0, 0, 0, 3, 3, 1, 2, 0, 3, 3, 0, 2, 0, 3, 2, 0,
       0, 0, 3, 2, 3, 2, 0, 3, 2, 2], dtype=object)]
[117, array([-18.,  -9.,  -9.,   0.]), array([2, 1, 0, 3, 1, 2, 2, 3, 0, 0, 0, 2, 3, 2, 1, 2, 2, 0, 1, 2, 3, 3,
       1, 2, 2, 1, 3, 0, 3, 2, 2, 0, 1, 2, 2, 1, 3, 2, 1, 3, 3, 0, 1, 3,
       2, 2, 1, 1, 0, 3, 3, 2, 0, 3, 3, 3, 1, 1, 1, 0, 2, 3, 3, 0, 0, 2,
       1, 1, 2, 3, 3, 2, 2, 0, 2, 3, 1, 1, 0, 3, 0, 3, 2, 3, 2, 1, 2, 1,
       2, 1, 2, 0, 1, 0, 0, 0, 0, 3, 3, 0, 2, 0, 3, 3, 0, 0, 0, 3, 2, 0,
       0, 1, 2, 2, 1, 1, 0, 2, 2, 2], dtype=object)]
[117, array([-18.,  -9.,  -9.,   0.]), array([2, 1, 0, 3, 1, 2, 2, 3, 0, 0, 0, 2, 3, 2, 1, 2, 2, 0, 1, 2, 3, 3,
       1, 2, 2, 1, 3, 0, 3, 2, 2, 0, 1, 2, 2, 1, 3, 2, 1, 3, 3, 0, 1, 3,
       2, 2, 1, 1, 0, 3, 3, 2, 0, 3, 3, 3, 1, 1, 1, 0, 2, 3, 3, 0, 0, 2,
       1, 1, 2, 3, 3, 2, 2, 0, 2, 3, 1, 1, 0, 3, 0, 3, 2, 3, 2, 1, 2, 1,
       2, 1, 2, 0, 1, 0, 0, 0, 0, 3, 3, 0, 2, 0, 3, 3, 0, 0, 0, 3, 2, 0,
       0, 1, 2, 2, 1, 1, 0, 2, 2, 2], dtype=object)]
[117, array([-18.,  -9.,  -9.,   0.]), array([2, 1, 0, 3, 1, 2, 2, 3, 0, 0, 0, 2, 3, 2, 1, 2, 2, 0, 1, 2, 3, 3,
       1, 2, 2, 1, 3, 0, 3, 2, 2, 0, 1, 2, 2, 1, 3, 2, 1, 3, 3, 0, 1, 3,
       2, 2, 1, 1, 0, 3, 3, 2, 0, 3, 3, 3, 1, 1, 1, 0, 2, 3, 3, 0, 0, 2,
       1, 1, 2, 3, 3, 2, 2, 0, 2, 3, 1, 1, 0, 3, 0, 3, 2, 3, 2, 1, 2, 1,
       2, 1, 2, 0, 1, 0, 0, 0, 0, 3, 3, 0, 2, 0, 3, 3, 0, 0, 0, 3, 2, 0,
       0, 1, 2, 2, 1, 1, 0, 2, 2, 2], dtype=object)]
[117, array([-18.,  -9.,  -9.,   0.]), array([2, 1, 0, 3, 1, 2, 2, 3, 0, 0, 0, 2, 3, 2, 1, 2, 2, 0, 1, 2, 3, 3,
       1, 2, 2, 1, 3, 0, 3, 2, 2, 0, 1, 2, 2, 1, 3, 2, 1, 3, 3, 0, 1, 3,
       2, 2, 1, 1, 0, 3, 3, 2, 0, 3, 3, 3, 1, 1, 1, 0, 2, 3, 3, 0, 0, 2,
       1, 1, 2, 3, 3, 2, 2, 0, 2, 3, 1, 1, 0, 3, 0, 3, 2, 3, 2, 1, 2, 1,
       2, 1, 2, 0, 1, 0, 0, 0, 0, 3, 3, 0, 2, 0, 3, 3, 0, 0, 0, 3, 2, 0,
       0, 1, 2, 2, 1, 1, 0, 2, 2, 2], dtype=object)]
[118, array([-18.,  -9.,  -9.,   0.]), array([2, 1, 0, 3, 1, 2, 2, 3, 0, 0, 0, 2, 3, 2, 1, 2, 2, 0, 1, 2, 3, 3,
       1, 2, 2, 1, 3, 0, 3, 2, 2, 0, 1, 2, 2, 1, 3, 2, 1, 3, 3, 0, 1, 3,
       2, 2, 1, 1, 0, 3, 3, 2, 0, 3, 3, 3, 1, 1, 1, 3, 2, 3, 3, 0, 0, 2,
       1, 1, 2, 3, 3, 2, 2, 0, 2, 3, 1, 1, 0, 3, 0, 3, 2, 3, 2, 1, 2, 1,
       2, 1, 2, 0, 1, 0, 0, 0, 0, 3, 3, 0, 2, 0, 3, 3, 0, 0, 0, 3, 2, 0,
       2, 1, 2, 2, 1, 1, 0, 2, 2, 2], dtype=object)]
[118, array([-18.,  -9.,  -9.,   0.]), array([2, 1, 0, 3, 1, 2, 2, 3, 0, 0, 0, 2, 3, 2, 1, 2, 2, 0, 1, 2, 3, 3,
       1, 2, 2, 1, 3, 0, 3, 2, 2, 0, 1, 2, 2, 1, 3, 2, 1, 3, 3, 0, 1, 3,
       2, 2, 1, 1, 0, 3, 3, 2, 0, 3, 3, 3, 1, 1, 1, 3, 2, 3, 3, 0, 0, 2,
       1, 1, 2, 3, 3, 2, 2, 0, 2, 3, 1, 1, 0, 3, 0, 3, 2, 3, 2, 1, 2, 1,
       2, 1, 2, 0, 1, 0, 0, 0, 0, 3, 3, 0, 2, 0, 3, 3, 0, 0, 0, 3, 2, 0,
       2, 1, 2, 2, 1, 1, 0, 2, 2, 2], dtype=object)]
[118, array([-18.,  -9.,  -9.,   0.]), array([2, 1, 0, 3, 1, 2, 2, 3, 0, 0, 0, 2, 3, 2, 1, 2, 2, 0, 1, 2, 3, 3,
       1, 2, 2, 1, 3, 0, 3, 2, 2, 0, 1, 2, 2, 1, 3, 2, 1, 3, 3, 0, 1, 3,
       2, 2, 1, 1, 0, 3, 3, 2, 0, 3, 3, 3, 1, 1, 1, 3, 2, 3, 3, 0, 0, 2,
       1, 1, 2, 3, 3, 2, 2, 0, 2, 3, 1, 1, 0, 3, 0, 3, 2, 3, 2, 1, 2, 1,
       2, 1, 2, 0, 1, 0, 0, 0, 0, 3, 3, 0, 2, 0, 3, 3, 0, 0, 0, 3, 2, 0,
       2, 1, 2, 2, 1, 1, 0, 2, 2, 2], dtype=object)]
[118, array([-18.,  -9.,  -9.,   0.]), array([2, 1, 0, 3, 1, 2, 2, 3, 0, 0, 0, 2, 3, 2, 1, 2, 2, 0, 1, 2, 3, 3,
       1, 2, 2, 1, 3, 0, 3, 2, 2, 0, 1, 2, 2, 1, 3, 2, 1, 3, 3, 0, 1, 3,
       2, 2, 1, 1, 0, 3, 3, 2, 0, 3, 3, 3, 1, 1, 1, 3, 2, 3, 3, 0, 0, 2,
       1, 1, 2, 3, 3, 2, 2, 0, 2, 3, 1, 1, 0, 3, 0, 3, 2, 3, 2, 1, 2, 1,
       2, 1, 2, 0, 1, 0, 0, 0, 0, 3, 3, 0, 2, 0, 3, 3, 0, 0, 0, 3, 2, 0,
       2, 1, 2, 2, 1, 1, 0, 2, 2, 2], dtype=object)]
[119, array([-18.,  -9.,  -9.,   0.]), array([2, 1, 0, 1, 1, 2, 0, 3, 0, 0, 0, 2, 2, 2, 0, 0, 2, 0, 0, 2, 3, 3,
       1, 2, 2, 1, 0, 0, 3, 2, 2, 0, 1, 2, 2, 1, 3, 2, 1, 3, 3, 0, 0, 2,
       3, 2, 1, 0, 2, 3, 3, 2, 2, 1, 0, 3, 1, 1, 1, 0, 2, 3, 3, 0, 0, 2,
       1, 1, 2, 3, 3, 2, 2, 0, 2, 3, 1, 2, 0, 3, 0, 3, 2, 3, 2, 1, 2, 1,
       2, 1, 2, 0, 1, 0, 0, 0, 0, 3, 3, 0, 2, 0, 3, 3, 0, 0, 0, 3, 2, 0,
       0, 1, 3, 2, 3, 2, 0, 3, 2, 2], dtype=object)]
[119, array([-18.,  -9.,  -9.,   0.]), array([2, 1, 0, 1, 1, 2, 0, 3, 0, 0, 0, 2, 2, 2, 0, 0, 2, 0, 0, 2, 3, 3,
       1, 2, 2, 1, 0, 0, 3, 2, 2, 0, 1, 2, 2, 1, 3, 2, 1, 3, 3, 0, 0, 2,
       3, 2, 1, 0, 2, 3, 3, 2, 2, 1, 0, 3, 1, 1, 1, 0, 2, 3, 3, 0, 0, 2,
       1, 1, 2, 3, 3, 2, 2, 0, 2, 3, 1, 2, 0, 3, 0, 3, 2, 3, 2, 1, 2, 1,
       2, 1, 2, 0, 1, 0, 0, 0, 0, 3, 3, 0, 2, 0, 3, 3, 0, 0, 0, 3, 2, 0,
       0, 1, 3, 2, 3, 2, 0, 3, 2, 2], dtype=object)]
[119, array([-18.,  -9.,  -9.,   0.]), array([2, 1, 0, 1, 1, 2, 0, 3, 0, 0, 0, 2, 2, 2, 0, 0, 2, 0, 0, 2, 3, 3,
       1, 2, 2, 1, 0, 0, 3, 2, 2, 0, 1, 2, 2, 1, 3, 2, 1, 3, 3, 0, 0, 2,
       3, 2, 1, 0, 2, 3, 3, 2, 2, 1, 0, 3, 1, 1, 1, 0, 2, 3, 3, 0, 0, 2,
       1, 1, 2, 3, 3, 2, 2, 0, 2, 3, 1, 2, 0, 3, 0, 3, 2, 3, 2, 1, 2, 1,
       2, 1, 2, 0, 1, 0, 0, 0, 0, 3, 3, 0, 2, 0, 3, 3, 0, 0, 0, 3, 2, 0,
       0, 1, 3, 2, 3, 2, 0, 3, 2, 2], dtype=object)]
[119, array([-18.,  -9.,  -9.,   0.]), array([2, 1, 0, 1, 1, 2, 0, 3, 0, 0, 0, 2, 2, 2, 0, 0, 2, 0, 0, 2, 3, 3,
       1, 2, 2, 1, 0, 0, 3, 2, 2, 0, 1, 2, 2, 1, 3, 2, 1, 3, 3, 0, 0, 2,
       3, 2, 1, 0, 2, 3, 3, 2, 2, 1, 0, 3, 1, 1, 1, 0, 2, 3, 3, 0, 0, 2,
       1, 1, 2, 3, 3, 2, 2, 0, 2, 3, 1, 2, 0, 3, 0, 3, 2, 3, 2, 1, 2, 1,
       2, 1, 2, 0, 1, 0, 0, 0, 0, 3, 3, 0, 2, 0, 3, 3, 0, 0, 0, 3, 2, 0,
       0, 1, 3, 2, 3, 2, 0, 3, 2, 2], dtype=object)]
[120, array([-18.,  -9.,  -9.,   0.]), array([2, 1, 0, 1, 1, 2, 0, 3, 0, 0, 0, 2, 2, 2, 0, 0, 2, 0, 0, 2, 3, 3,
       1, 2, 2, 1, 0, 0, 3, 2, 2, 0, 1, 2, 2, 1, 3, 2, 1, 3, 3, 0, 0, 2,
       3, 2, 1, 0, 2, 3, 3, 2, 2, 1, 0, 3, 1, 1, 1, 0, 2, 3, 3, 0, 0, 2,
       1, 1, 2, 3, 3, 2, 2, 0, 2, 3, 1, 2, 0, 3, 3, 3, 2, 3, 2, 1, 2, 1,
       2, 1, 2, 0, 1, 0, 0, 0, 0, 3, 3, 0, 2, 0, 3, 3, 0, 0, 0, 3, 2, 0,
       0, 1, 3, 2, 3, 2, 0, 3, 2, 2], dtype=object)]
[120, array([-18.,  -9.,  -9.,   0.]), array([2, 1, 0, 1, 1, 2, 0, 3, 0, 0, 0, 2, 2, 2, 0, 0, 2, 0, 0, 2, 3, 3,
       1, 2, 2, 1, 0, 0, 3, 2, 2, 0, 1, 2, 2, 1, 3, 2, 1, 3, 3, 0, 0, 2,
       3, 2, 1, 0, 2, 3, 3, 2, 2, 1, 0, 3, 1, 1, 1, 0, 2, 3, 3, 0, 0, 2,
       1, 1, 2, 3, 3, 2, 2, 0, 2, 3, 1, 2, 0, 3, 3, 3, 2, 3, 2, 1, 2, 1,
       2, 1, 2, 0, 1, 0, 0, 0, 0, 3, 3, 0, 2, 0, 3, 3, 0, 0, 0, 3, 2, 0,
       0, 1, 3, 2, 3, 2, 0, 3, 2, 2], dtype=object)]
[120, array([-18.,  -9.,  -9.,   0.]), array([2, 1, 0, 1, 1, 2, 0, 3, 0, 0, 0, 2, 2, 2, 0, 0, 2, 0, 0, 2, 3, 3,
       1, 2, 2, 1, 0, 0, 3, 2, 2, 0, 1, 2, 2, 1, 3, 2, 1, 3, 3, 0, 0, 2,
       3, 2, 1, 0, 2, 3, 3, 2, 2, 1, 0, 3, 1, 1, 1, 0, 2, 3, 3, 0, 0, 2,
       1, 1, 2, 3, 3, 2, 2, 0, 2, 3, 1, 2, 0, 3, 3, 3, 2, 3, 2, 1, 2, 1,
       2, 1, 2, 0, 1, 0, 0, 0, 0, 3, 3, 0, 2, 0, 3, 3, 0, 0, 0, 3, 2, 0,
       0, 1, 3, 2, 3, 2, 0, 3, 2, 2], dtype=object)]
[120, array([-18.,  -9.,  -9.,   0.]), array([2, 1, 0, 1, 1, 2, 0, 3, 0, 0, 0, 2, 2, 2, 0, 0, 2, 0, 0, 2, 3, 3,
       1, 2, 2, 1, 0, 0, 3, 2, 2, 0, 1, 2, 2, 1, 3, 2, 1, 3, 3, 0, 0, 2,
       3, 2, 1, 0, 2, 3, 3, 2, 2, 1, 0, 3, 1, 1, 1, 0, 2, 3, 3, 0, 0, 2,
       1, 1, 2, 3, 3, 2, 2, 0, 2, 3, 1, 2, 0, 3, 3, 3, 2, 3, 2, 1, 2, 1,
       2, 1, 2, 0, 1, 0, 0, 0, 0, 3, 3, 0, 2, 0, 3, 3, 0, 0, 0, 3, 2, 0,
       0, 1, 3, 2, 3, 2, 0, 3, 2, 2], dtype=object)]
[121, array([-18.,  -9.,  -9.,   0.]), array([2, 1, 0, 3, 1, 2, 0, 3, 0, 0, 0, 2, 3, 2, 1, 2, 2, 1, 1, 2, 3, 3,
       1, 2, 0, 1, 3, 3, 3, 2, 0, 3, 1, 2, 2, 1, 3, 2, 2, 3, 3, 0, 0, 3,
       3, 2, 1, 2, 1, 3, 3, 2, 0, 3, 3, 3, 1, 1, 1, 0, 2, 3, 3, 0, 0, 2,
       1, 1, 2, 3, 3, 2, 2, 0, 2, 3, 1, 1, 0, 3, 0, 3, 2, 3, 2, 1, 2, 1,
       2, 1, 2, 0, 1, 0, 0, 0, 0, 3, 3, 1, 2, 0, 3, 3, 0, 2, 0, 3, 2, 0,
       0, 1, 2, 2, 3, 2, 0, 3, 2, 2], dtype=object)]
[121, array([-18.,  -9.,  -9.,   0.]), array([2, 1, 0, 3, 1, 2, 0, 3, 0, 0, 0, 2, 3, 2, 1, 2, 2, 1, 1, 2, 3, 3,
       1, 2, 0, 1, 3, 3, 3, 2, 0, 3, 1, 2, 2, 1, 3, 2, 2, 3, 3, 0, 0, 3,
       3, 2, 1, 2, 1, 3, 3, 2, 0, 3, 3, 3, 1, 1, 1, 0, 2, 3, 3, 0, 0, 2,
       1, 1, 2, 3, 3, 2, 2, 0, 2, 3, 1, 1, 0, 3, 0, 3, 2, 3, 2, 1, 2, 1,
       2, 1, 2, 0, 1, 0, 0, 0, 0, 3, 3, 1, 2, 0, 3, 3, 0, 2, 0, 3, 2, 0,
       0, 1, 2, 2, 3, 2, 0, 3, 2, 2], dtype=object)]
[121, array([-18.,  -9.,  -9.,   0.]), array([2, 1, 0, 3, 1, 2, 0, 3, 0, 0, 0, 2, 3, 2, 1, 2, 2, 1, 1, 2, 3, 3,
       1, 2, 0, 1, 3, 3, 3, 2, 0, 3, 1, 2, 2, 1, 3, 2, 2, 3, 3, 0, 0, 3,
       3, 2, 1, 2, 1, 3, 3, 2, 0, 3, 3, 3, 1, 1, 1, 0, 2, 3, 3, 0, 0, 2,
       1, 1, 2, 3, 3, 2, 2, 0, 2, 3, 1, 1, 0, 3, 0, 3, 2, 3, 2, 1, 2, 1,
       2, 1, 2, 0, 1, 0, 0, 0, 0, 3, 3, 1, 2, 0, 3, 3, 0, 2, 0, 3, 2, 0,
       0, 1, 2, 2, 3, 2, 0, 3, 2, 2], dtype=object)]
[121, array([-18.,  -9.,  -9.,   0.]), array([2, 1, 0, 3, 1, 2, 0, 3, 0, 0, 0, 2, 3, 2, 1, 2, 2, 1, 1, 2, 3, 3,
       1, 2, 0, 1, 3, 3, 3, 2, 0, 3, 1, 2, 2, 1, 3, 2, 2, 3, 3, 0, 0, 3,
       3, 2, 1, 2, 1, 3, 3, 2, 0, 3, 3, 3, 1, 1, 1, 0, 2, 3, 3, 0, 0, 2,
       1, 1, 2, 3, 3, 2, 2, 0, 2, 3, 1, 1, 0, 3, 0, 3, 2, 3, 2, 1, 2, 1,
       2, 1, 2, 0, 1, 0, 0, 0, 0, 3, 3, 1, 2, 0, 3, 3, 0, 2, 0, 3, 2, 0,
       0, 1, 2, 2, 3, 2, 0, 3, 2, 2], dtype=object)]
[122, array([-18.,  -9.,  -9.,   0.]), array([2, 1, 0, 3, 1, 2, 0, 3, 0, 0, 0, 2, 3, 0, 1, 2, 2, 1, 1, 2, 3, 3,
       1, 2, 0, 1, 3, 3, 3, 2, 0, 3, 1, 2, 2, 1, 3, 2, 2, 3, 3, 0, 0, 3,
       3, 2, 1, 2, 1, 3, 3, 2, 0, 3, 3, 3, 1, 1, 1, 0, 2, 3, 3, 0, 0, 2,
       1, 1, 2, 3, 3, 2, 2, 0, 2, 3, 1, 1, 0, 3, 0, 3, 2, 3, 2, 1, 2, 1,
       2, 1, 2, 0, 1, 0, 0, 0, 0, 3, 3, 1, 2, 0, 3, 3, 0, 2, 0, 3, 2, 0,
       0, 1, 2, 2, 3, 2, 0, 3, 2, 2], dtype=object)]
[122, array([-18.,  -9.,  -9.,   0.]), array([2, 1, 0, 3, 1, 2, 0, 3, 0, 0, 0, 2, 3, 0, 1, 2, 2, 1, 1, 2, 3, 3,
       1, 2, 0, 1, 3, 3, 3, 2, 0, 3, 1, 2, 2, 1, 3, 2, 2, 3, 3, 0, 0, 3,
       3, 2, 1, 2, 1, 3, 3, 2, 0, 3, 3, 3, 1, 1, 1, 0, 2, 3, 3, 0, 0, 2,
       1, 1, 2, 3, 3, 2, 2, 0, 2, 3, 1, 1, 0, 3, 0, 3, 2, 3, 2, 1, 2, 1,
       2, 1, 2, 0, 1, 0, 0, 0, 0, 3, 3, 1, 2, 0, 3, 3, 0, 2, 0, 3, 2, 0,
       0, 1, 2, 2, 3, 2, 0, 3, 2, 2], dtype=object)]
[122, array([-18.,  -9.,  -9.,   0.]), array([2, 1, 0, 3, 1, 2, 0, 3, 0, 0, 0, 2, 3, 0, 1, 2, 2, 1, 1, 2, 3, 3,
       1, 2, 0, 1, 3, 3, 3, 2, 0, 3, 1, 2, 2, 1, 3, 2, 2, 3, 3, 0, 0, 3,
       3, 2, 1, 2, 1, 3, 3, 2, 0, 3, 3, 3, 1, 1, 1, 0, 2, 3, 3, 0, 0, 2,
       1, 1, 2, 3, 3, 2, 2, 0, 2, 3, 1, 1, 0, 3, 0, 3, 2, 3, 2, 1, 2, 1,
       2, 1, 2, 0, 1, 0, 0, 0, 0, 3, 3, 1, 2, 0, 3, 3, 0, 2, 0, 3, 2, 0,
       0, 1, 2, 2, 3, 2, 0, 3, 2, 2], dtype=object)]
[122, array([-18.,  -9.,  -9.,   0.]), array([2, 1, 0, 3, 1, 2, 0, 3, 0, 0, 0, 2, 3, 0, 1, 2, 2, 1, 1, 2, 3, 3,
       1, 2, 0, 1, 3, 3, 3, 2, 0, 3, 1, 2, 2, 1, 3, 2, 2, 3, 3, 0, 0, 3,
       3, 2, 1, 2, 1, 3, 3, 2, 0, 3, 3, 3, 1, 1, 1, 0, 2, 3, 3, 0, 0, 2,
       1, 1, 2, 3, 3, 2, 2, 0, 2, 3, 1, 1, 0, 3, 0, 3, 2, 3, 2, 1, 2, 1,
       2, 1, 2, 0, 1, 0, 0, 0, 0, 3, 3, 1, 2, 0, 3, 3, 0, 2, 0, 3, 2, 0,
       0, 1, 2, 2, 3, 2, 0, 3, 2, 2], dtype=object)]
[123, array([-18.,  -9.,  -9.,   0.]), array([2, 1, 0, 3, 1, 2, 0, 3, 0, 0, 0, 2, 3, 2, 1, 2, 2, 0, 0, 2, 3, 2,
       1, 2, 0, 1, 3, 0, 2, 2, 2, 0, 1, 3, 2, 1, 3, 3, 2, 3, 3, 0, 3, 3,
       2, 2, 1, 1, 0, 3, 3, 2, 0, 1, 0, 3, 1, 1, 1, 0, 0, 0, 3, 0, 0, 2,
       1, 1, 2, 3, 3, 2, 2, 0, 2, 3, 1, 1, 0, 3, 0, 3, 2, 3, 2, 3, 2, 1,
       2, 1, 2, 0, 1, 0, 0, 0, 0, 0, 3, 1, 2, 0, 2, 3, 2, 0, 0, 3, 2, 0,
       0, 1, 3, 2, 3, 2, 0, 3, 2, 2], dtype=object)]
[123, array([-18.,  -9.,  -9.,   0.]), array([2, 1, 0, 3, 1, 2, 0, 3, 0, 0, 0, 2, 3, 2, 1, 2, 2, 0, 0, 2, 3, 2,
       1, 2, 0, 1, 3, 0, 2, 2, 2, 0, 1, 3, 2, 1, 3, 3, 2, 3, 3, 0, 3, 3,
       2, 2, 1, 1, 0, 3, 3, 2, 0, 1, 0, 3, 1, 1, 1, 0, 0, 0, 3, 0, 0, 2,
       1, 1, 2, 3, 3, 2, 2, 0, 2, 3, 1, 1, 0, 3, 0, 3, 2, 3, 2, 3, 2, 1,
       2, 1, 2, 0, 1, 0, 0, 0, 0, 0, 3, 1, 2, 0, 2, 3, 2, 0, 0, 3, 2, 0,
       0, 1, 3, 2, 3, 2, 0, 3, 2, 2], dtype=object)]
[123, array([-18.,  -9.,  -9.,   0.]), array([2, 1, 0, 3, 1, 2, 0, 3, 0, 0, 0, 2, 3, 2, 1, 2, 2, 0, 0, 2, 3, 2,
       1, 2, 0, 1, 3, 0, 2, 2, 2, 0, 1, 3, 2, 1, 3, 3, 2, 3, 3, 0, 3, 3,
       2, 2, 1, 1, 0, 3, 3, 2, 0, 1, 0, 3, 1, 1, 1, 0, 0, 0, 3, 0, 0, 2,
       1, 1, 2, 3, 3, 2, 2, 0, 2, 3, 1, 1, 0, 3, 0, 3, 2, 3, 2, 3, 2, 1,
       2, 1, 2, 0, 1, 0, 0, 0, 0, 0, 3, 1, 2, 0, 2, 3, 2, 0, 0, 3, 2, 0,
       0, 1, 3, 2, 3, 2, 0, 3, 2, 2], dtype=object)]
[123, array([-18.,  -9.,  -9.,   0.]), array([2, 1, 0, 3, 1, 2, 0, 3, 0, 0, 0, 2, 3, 2, 1, 2, 2, 0, 0, 2, 3, 2,
       1, 2, 0, 1, 3, 0, 2, 2, 2, 0, 1, 3, 2, 1, 3, 3, 2, 3, 3, 0, 3, 3,
       2, 2, 1, 1, 0, 3, 3, 2, 0, 1, 0, 3, 1, 1, 1, 0, 0, 0, 3, 0, 0, 2,
       1, 1, 2, 3, 3, 2, 2, 0, 2, 3, 1, 1, 0, 3, 0, 3, 2, 3, 2, 3, 2, 1,
       2, 1, 2, 0, 1, 0, 0, 0, 0, 0, 3, 1, 2, 0, 2, 3, 2, 0, 0, 3, 2, 0,
       0, 1, 3, 2, 3, 2, 0, 3, 2, 2], dtype=object)]
[124, array([-18.,  -9.,  -9.,   0.]), array([2, 1, 0, 3, 1, 2, 0, 3, 0, 0, 0, 2, 3, 2, 1, 2, 2, 0, 0, 2, 3, 2,
       1, 2, 0, 1, 3, 0, 2, 2, 2, 0, 1, 3, 2, 1, 3, 3, 2, 3, 3, 0, 3, 3,
       2, 2, 1, 1, 0, 3, 3, 2, 0, 1, 0, 3, 1, 1, 1, 0, 0, 0, 3, 0, 0, 2,
       1, 1, 2, 3, 3, 2, 2, 0, 2, 3, 1, 1, 0, 0, 0, 3, 2, 3, 2, 3, 2, 1,
       2, 1, 2, 0, 1, 0, 0, 0, 0, 0, 3, 1, 2, 0, 2, 3, 2, 0, 0, 3, 2, 0,
       0, 1, 3, 2, 3, 2, 0, 3, 2, 2], dtype=object)]
[124, array([-18.,  -9.,  -9.,   0.]), array([2, 1, 0, 3, 1, 2, 0, 3, 0, 0, 0, 2, 3, 2, 1, 2, 2, 0, 0, 2, 3, 2,
       1, 2, 0, 1, 3, 0, 2, 2, 2, 0, 1, 3, 2, 1, 3, 3, 2, 3, 3, 0, 3, 3,
       2, 2, 1, 1, 0, 3, 3, 2, 0, 1, 0, 3, 1, 1, 1, 0, 0, 0, 3, 0, 0, 2,
       1, 1, 2, 3, 3, 2, 2, 0, 2, 3, 1, 1, 0, 0, 0, 3, 2, 3, 2, 3, 2, 1,
       2, 1, 2, 0, 1, 0, 0, 0, 0, 0, 3, 1, 2, 0, 2, 3, 2, 0, 0, 3, 2, 0,
       0, 1, 3, 2, 3, 2, 0, 3, 2, 2], dtype=object)]
[124, array([-18.,  -9.,  -9.,   0.]), array([2, 1, 0, 3, 1, 2, 0, 3, 0, 0, 0, 2, 3, 2, 1, 2, 2, 0, 0, 2, 3, 2,
       1, 2, 0, 1, 3, 0, 2, 2, 2, 0, 1, 3, 2, 1, 3, 3, 2, 3, 3, 0, 3, 3,
       2, 2, 1, 1, 0, 3, 3, 2, 0, 1, 0, 3, 1, 1, 1, 0, 0, 0, 3, 0, 0, 2,
       1, 1, 2, 3, 3, 2, 2, 0, 2, 3, 1, 1, 0, 0, 0, 3, 2, 3, 2, 3, 2, 1,
       2, 1, 2, 0, 1, 0, 0, 0, 0, 0, 3, 1, 2, 0, 2, 3, 2, 0, 0, 3, 2, 0,
       0, 1, 3, 2, 3, 2, 0, 3, 2, 2], dtype=object)]
[124, array([-18.,  -9.,  -9.,   0.]), array([2, 1, 0, 3, 1, 2, 0, 3, 0, 0, 0, 2, 3, 2, 1, 2, 2, 0, 0, 2, 3, 2,
       1, 2, 0, 1, 3, 0, 2, 2, 2, 0, 1, 3, 2, 1, 3, 3, 2, 3, 3, 0, 3, 3,
       2, 2, 1, 1, 0, 3, 3, 2, 0, 1, 0, 3, 1, 1, 1, 0, 0, 0, 3, 0, 0, 2,
       1, 1, 2, 3, 3, 2, 2, 0, 2, 3, 1, 1, 0, 0, 0, 3, 2, 3, 2, 3, 2, 1,
       2, 1, 2, 0, 1, 0, 0, 0, 0, 0, 3, 1, 2, 0, 2, 3, 2, 0, 0, 3, 2, 0,
       0, 1, 3, 2, 3, 2, 0, 3, 2, 2], dtype=object)]
[125, array([-18.,  -9.,  -9.,   0.]), array([2, 1, 0, 1, 1, 2, 0, 3, 0, 0, 0, 2, 2, 2, 0, 0, 2, 0, 0, 2, 3, 3,
       1, 2, 2, 1, 0, 0, 3, 2, 2, 0, 1, 2, 2, 1, 3, 2, 1, 3, 3, 0, 0, 2,
       3, 2, 1, 0, 2, 3, 3, 2, 2, 1, 0, 3, 1, 1, 1, 0, 2, 3, 3, 0, 0, 2,
       1, 1, 2, 3, 3, 2, 2, 0, 2, 3, 1, 2, 0, 3, 0, 3, 2, 3, 2, 3, 2, 1,
       2, 1, 2, 0, 1, 3, 0, 0, 0, 0, 3, 1, 2, 0, 2, 3, 2, 0, 0, 3, 2, 0,
       0, 1, 3, 2, 3, 2, 0, 3, 2, 2], dtype=object)]
[125, array([-18.,  -9.,  -9.,   0.]), array([2, 1, 0, 1, 1, 2, 0, 3, 0, 0, 0, 2, 2, 2, 0, 0, 2, 0, 0, 2, 3, 3,
       1, 2, 2, 1, 0, 0, 3, 2, 2, 0, 1, 2, 2, 1, 3, 2, 1, 3, 3, 0, 0, 2,
       3, 2, 1, 0, 2, 3, 3, 2, 2, 1, 0, 3, 1, 1, 1, 0, 2, 3, 3, 0, 0, 2,
       1, 1, 2, 3, 3, 2, 2, 0, 2, 3, 1, 2, 0, 3, 0, 3, 2, 3, 2, 3, 2, 1,
       2, 1, 2, 0, 1, 3, 0, 0, 0, 0, 3, 1, 2, 0, 2, 3, 2, 0, 0, 3, 2, 0,
       0, 1, 3, 2, 3, 2, 0, 3, 2, 2], dtype=object)]
[125, array([-18.,  -9.,  -9.,   0.]), array([2, 1, 0, 1, 1, 2, 0, 3, 0, 0, 0, 2, 2, 2, 0, 0, 2, 0, 0, 2, 3, 3,
       1, 2, 2, 1, 0, 0, 3, 2, 2, 0, 1, 2, 2, 1, 3, 2, 1, 3, 3, 0, 0, 2,
       3, 2, 1, 0, 2, 3, 3, 2, 2, 1, 0, 3, 1, 1, 1, 0, 2, 3, 3, 0, 0, 2,
       1, 1, 2, 3, 3, 2, 2, 0, 2, 3, 1, 2, 0, 3, 0, 3, 2, 3, 2, 3, 2, 1,
       2, 1, 2, 0, 1, 3, 0, 0, 0, 0, 3, 1, 2, 0, 2, 3, 2, 0, 0, 3, 2, 0,
       0, 1, 3, 2, 3, 2, 0, 3, 2, 2], dtype=object)]
[125, array([-18.,  -9.,  -9.,   0.]), array([2, 1, 0, 1, 1, 2, 0, 3, 0, 0, 0, 2, 2, 2, 0, 0, 2, 0, 0, 2, 3, 3,
       1, 2, 2, 1, 0, 0, 3, 2, 2, 0, 1, 2, 2, 1, 3, 2, 1, 3, 3, 0, 0, 2,
       3, 2, 1, 0, 2, 3, 3, 2, 2, 1, 0, 3, 1, 1, 1, 0, 2, 3, 3, 0, 0, 2,
       1, 1, 2, 3, 3, 2, 2, 0, 2, 3, 1, 2, 0, 3, 0, 3, 2, 3, 2, 3, 2, 1,
       2, 1, 2, 0, 1, 3, 0, 0, 0, 0, 3, 1, 2, 0, 2, 3, 2, 0, 0, 3, 2, 0,
       0, 1, 3, 2, 3, 2, 0, 3, 2, 2], dtype=object)]
[126, array([-18.,  -9.,  -9.,   0.]), array([2, 1, 0, 1, 1, 2, 0, 3, 0, 0, 0, 2, 2, 2, 0, 0, 2, 0, 0, 2, 3, 3,
       1, 2, 2, 1, 0, 0, 3, 2, 2, 0, 1, 2, 2, 1, 3, 2, 1, 3, 3, 0, 0, 2,
       3, 2, 1, 0, 2, 2, 3, 2, 2, 1, 0, 3, 1, 1, 1, 0, 2, 3, 3, 0, 0, 2,
       1, 1, 2, 3, 3, 2, 2, 0, 2, 3, 1, 2, 0, 3, 0, 3, 2, 3, 2, 3, 2, 1,
       2, 1, 2, 0, 1, 3, 0, 0, 0, 0, 3, 1, 2, 0, 2, 3, 2, 0, 0, 3, 2, 0,
       0, 1, 3, 2, 3, 2, 0, 3, 2, 2], dtype=object)]
[126, array([-18.,  -9.,  -9.,   0.]), array([2, 1, 0, 1, 1, 2, 0, 3, 0, 0, 0, 2, 2, 2, 0, 0, 2, 0, 0, 2, 3, 3,
       1, 2, 2, 1, 0, 0, 3, 2, 2, 0, 1, 2, 2, 1, 3, 2, 1, 3, 3, 0, 0, 2,
       3, 2, 1, 0, 2, 2, 3, 2, 2, 1, 0, 3, 1, 1, 1, 0, 2, 3, 3, 0, 0, 2,
       1, 1, 2, 3, 3, 2, 2, 0, 2, 3, 1, 2, 0, 3, 0, 3, 2, 3, 2, 3, 2, 1,
       2, 1, 2, 0, 1, 3, 0, 0, 0, 0, 3, 1, 2, 0, 2, 3, 2, 0, 0, 3, 2, 0,
       0, 1, 3, 2, 3, 2, 0, 3, 2, 2], dtype=object)]
[126, array([-18.,  -9.,  -9.,   0.]), array([2, 1, 0, 1, 1, 2, 0, 3, 0, 0, 0, 2, 2, 2, 0, 0, 2, 0, 0, 2, 3, 3,
       1, 2, 2, 1, 0, 0, 3, 2, 2, 0, 1, 2, 2, 1, 3, 2, 1, 3, 3, 0, 0, 2,
       3, 2, 1, 0, 2, 2, 3, 2, 2, 1, 0, 3, 1, 1, 1, 0, 2, 3, 3, 0, 0, 2,
       1, 1, 2, 3, 3, 2, 2, 0, 2, 3, 1, 2, 0, 3, 0, 3, 2, 3, 2, 3, 2, 1,
       2, 1, 2, 0, 1, 3, 0, 0, 0, 0, 3, 1, 2, 0, 2, 3, 2, 0, 0, 3, 2, 0,
       0, 1, 3, 2, 3, 2, 0, 3, 2, 2], dtype=object)]
[126, array([-18.,  -9.,  -9.,   0.]), array([2, 1, 0, 1, 1, 2, 0, 3, 0, 0, 0, 2, 2, 2, 0, 0, 2, 0, 0, 2, 3, 3,
       1, 2, 2, 1, 0, 0, 3, 2, 2, 0, 1, 2, 2, 1, 3, 2, 1, 3, 3, 0, 0, 2,
       3, 2, 1, 0, 2, 2, 3, 2, 2, 1, 0, 3, 1, 1, 1, 0, 2, 3, 3, 0, 0, 2,
       1, 1, 2, 3, 3, 2, 2, 0, 2, 3, 1, 2, 0, 3, 0, 3, 2, 3, 2, 3, 2, 1,
       2, 1, 2, 0, 1, 3, 0, 0, 0, 0, 3, 1, 2, 0, 2, 3, 2, 0, 0, 3, 2, 0,
       0, 1, 3, 2, 3, 2, 0, 3, 2, 2], dtype=object)]
[127, array([-18.,  -9.,  -9.,   0.]), array([2, 1, 0, 1, 1, 2, 0, 3, 0, 0, 0, 2, 3, 2, 1, 2, 2, 0, 1, 2, 3, 3,
       1, 2, 2, 1, 3, 0, 2, 2, 2, 0, 1, 2, 2, 1, 3, 2, 2, 1, 3, 0, 1, 3,
       2, 3, 1, 1, 0, 3, 3, 2, 0, 3, 3, 3, 1, 1, 1, 0, 2, 3, 3, 0, 0, 0,
       3, 2, 2, 3, 3, 2, 2, 3, 2, 3, 1, 1, 0, 3, 0, 3, 2, 3, 2, 1, 2, 1,
       2, 1, 2, 0, 1, 1, 2, 2, 0, 2, 3, 1, 2, 0, 3, 3, 0, 0, 0, 3, 2, 0,
       2, 0, 2, 2, 3, 2, 0, 0, 2, 2], dtype=object)]
[127, array([-18.,  -9.,  -9.,   0.]), array([2, 1, 0, 1, 1, 2, 0, 3, 0, 0, 0, 2, 3, 2, 1, 2, 2, 0, 1, 2, 3, 3,
       1, 2, 2, 1, 3, 0, 2, 2, 2, 0, 1, 2, 2, 1, 3, 2, 2, 1, 3, 0, 1, 3,
       2, 3, 1, 1, 0, 3, 3, 2, 0, 3, 3, 3, 1, 1, 1, 0, 2, 3, 3, 0, 0, 0,
       3, 2, 2, 3, 3, 2, 2, 3, 2, 3, 1, 1, 0, 3, 0, 3, 2, 3, 2, 1, 2, 1,
       2, 1, 2, 0, 1, 1, 2, 2, 0, 2, 3, 1, 2, 0, 3, 3, 0, 0, 0, 3, 2, 0,
       2, 0, 2, 2, 3, 2, 0, 0, 2, 2], dtype=object)]
[127, array([-18.,  -9.,  -9.,   0.]), array([2, 1, 0, 1, 1, 2, 0, 3, 0, 0, 0, 2, 3, 2, 1, 2, 2, 0, 1, 2, 3, 3,
       1, 2, 2, 1, 3, 0, 2, 2, 2, 0, 1, 2, 2, 1, 3, 2, 2, 1, 3, 0, 1, 3,
       2, 3, 1, 1, 0, 3, 3, 2, 0, 3, 3, 3, 1, 1, 1, 0, 2, 3, 3, 0, 0, 0,
       3, 2, 2, 3, 3, 2, 2, 3, 2, 3, 1, 1, 0, 3, 0, 3, 2, 3, 2, 1, 2, 1,
       2, 1, 2, 0, 1, 1, 2, 2, 0, 2, 3, 1, 2, 0, 3, 3, 0, 0, 0, 3, 2, 0,
       2, 0, 2, 2, 3, 2, 0, 0, 2, 2], dtype=object)]
[127, array([-18.,  -9.,  -9.,   0.]), array([2, 1, 0, 1, 1, 2, 0, 3, 0, 0, 0, 2, 3, 2, 1, 2, 2, 0, 1, 2, 3, 3,
       1, 2, 2, 1, 3, 0, 2, 2, 2, 0, 1, 2, 2, 1, 3, 2, 2, 1, 3, 0, 1, 3,
       2, 3, 1, 1, 0, 3, 3, 2, 0, 3, 3, 3, 1, 1, 1, 0, 2, 3, 3, 0, 0, 0,
       3, 2, 2, 3, 3, 2, 2, 3, 2, 3, 1, 1, 0, 3, 0, 3, 2, 3, 2, 1, 2, 1,
       2, 1, 2, 0, 1, 1, 2, 2, 0, 2, 3, 1, 2, 0, 3, 3, 0, 0, 0, 3, 2, 0,
       2, 0, 2, 2, 3, 2, 0, 0, 2, 2], dtype=object)]
[128, array([-18.,  -9.,  -9.,   0.]), array([2, 1, 0, 1, 1, 2, 0, 3, 0, 0, 0, 2, 3, 2, 1, 2, 2, 0, 1, 2, 3, 3,
       1, 2, 2, 3, 3, 0, 2, 2, 2, 0, 1, 2, 2, 1, 3, 2, 2, 1, 3, 0, 1, 3,
       3, 3, 1, 1, 0, 2, 3, 2, 0, 3, 3, 3, 2, 1, 1, 0, 2, 3, 3, 0, 0, 0,
       3, 2, 2, 3, 3, 2, 2, 3, 2, 3, 1, 1, 0, 3, 0, 3, 2, 3, 2, 1, 2, 1,
       2, 2, 2, 0, 1, 1, 2, 2, 0, 2, 3, 1, 2, 0, 3, 3, 0, 0, 0, 3, 2, 0,
       2, 0, 2, 2, 0, 2, 0, 0, 2, 2], dtype=object)]
[128, array([-18.,  -9.,  -9.,   0.]), array([2, 1, 0, 1, 1, 2, 0, 3, 0, 0, 0, 2, 3, 2, 1, 2, 2, 0, 1, 2, 3, 3,
       1, 2, 2, 3, 3, 0, 2, 2, 2, 0, 1, 2, 2, 1, 3, 2, 2, 1, 3, 0, 1, 3,
       3, 3, 1, 1, 0, 2, 3, 2, 0, 3, 3, 3, 2, 1, 1, 0, 2, 3, 3, 0, 0, 0,
       3, 2, 2, 3, 3, 2, 2, 3, 2, 3, 1, 1, 0, 3, 0, 3, 2, 3, 2, 1, 2, 1,
       2, 2, 2, 0, 1, 1, 2, 2, 0, 2, 3, 1, 2, 0, 3, 3, 0, 0, 0, 3, 2, 0,
       2, 0, 2, 2, 0, 2, 0, 0, 2, 2], dtype=object)]
[128, array([-18.,  -9.,  -9.,   0.]), array([2, 1, 0, 1, 1, 2, 0, 3, 0, 0, 0, 2, 3, 2, 1, 2, 2, 0, 1, 2, 3, 3,
       1, 2, 2, 3, 3, 0, 2, 2, 2, 0, 1, 2, 2, 1, 3, 2, 2, 1, 3, 0, 1, 3,
       3, 3, 1, 1, 0, 2, 3, 2, 0, 3, 3, 3, 2, 1, 1, 0, 2, 3, 3, 0, 0, 0,
       3, 2, 2, 3, 3, 2, 2, 3, 2, 3, 1, 1, 0, 3, 0, 3, 2, 3, 2, 1, 2, 1,
       2, 2, 2, 0, 1, 1, 2, 2, 0, 2, 3, 1, 2, 0, 3, 3, 0, 0, 0, 3, 2, 0,
       2, 0, 2, 2, 0, 2, 0, 0, 2, 2], dtype=object)]
[128, array([-18.,  -9.,  -9.,   0.]), array([2, 1, 0, 1, 1, 2, 0, 3, 0, 0, 0, 2, 3, 2, 1, 2, 2, 0, 1, 2, 3, 3,
       1, 2, 2, 3, 3, 0, 2, 2, 2, 0, 1, 2, 2, 1, 3, 2, 2, 1, 3, 0, 1, 3,
       3, 3, 1, 1, 0, 2, 3, 2, 0, 3, 3, 3, 2, 1, 1, 0, 2, 3, 3, 0, 0, 0,
       3, 2, 2, 3, 3, 2, 2, 3, 2, 3, 1, 1, 0, 3, 0, 3, 2, 3, 2, 1, 2, 1,
       2, 2, 2, 0, 1, 1, 2, 2, 0, 2, 3, 1, 2, 0, 3, 3, 0, 0, 0, 3, 2, 0,
       2, 0, 2, 2, 0, 2, 0, 0, 2, 2], dtype=object)]
[129, array([-18.,  -9.,  -9.,   0.]), array([2, 1, 0, 1, 1, 2, 0, 3, 0, 0, 0, 2, 3, 2, 1, 2, 2, 0, 1, 2, 3, 3,
       1, 2, 2, 1, 3, 0, 2, 2, 2, 0, 1, 3, 2, 1, 3, 2, 2, 3, 3, 0, 0, 3,
       3, 2, 1, 1, 0, 3, 3, 2, 0, 3, 1, 3, 1, 1, 1, 0, 2, 3, 3, 0, 0, 2,
       1, 1, 2, 3, 3, 2, 2, 0, 2, 3, 1, 1, 0, 3, 0, 3, 2, 3, 2, 1, 2, 1,
       2, 1, 2, 0, 1, 0, 2, 0, 0, 2, 3, 1, 2, 0, 3, 3, 0, 0, 0, 3, 2, 0,
       2, 0, 2, 2, 3, 2, 0, 0, 2, 2], dtype=object)]
[129, array([-18.,  -9.,  -9.,   0.]), array([2, 1, 0, 1, 1, 2, 0, 3, 0, 0, 0, 2, 3, 2, 1, 2, 2, 0, 1, 2, 3, 3,
       1, 2, 2, 1, 3, 0, 2, 2, 2, 0, 1, 3, 2, 1, 3, 2, 2, 3, 3, 0, 0, 3,
       3, 2, 1, 1, 0, 3, 3, 2, 0, 3, 1, 3, 1, 1, 1, 0, 2, 3, 3, 0, 0, 2,
       1, 1, 2, 3, 3, 2, 2, 0, 2, 3, 1, 1, 0, 3, 0, 3, 2, 3, 2, 1, 2, 1,
       2, 1, 2, 0, 1, 0, 2, 0, 0, 2, 3, 1, 2, 0, 3, 3, 0, 0, 0, 3, 2, 0,
       2, 0, 2, 2, 3, 2, 0, 0, 2, 2], dtype=object)]
[129, array([-18.,  -9.,  -9.,   0.]), array([2, 1, 0, 1, 1, 2, 0, 3, 0, 0, 0, 2, 3, 2, 1, 2, 2, 0, 1, 2, 3, 3,
       1, 2, 2, 1, 3, 0, 2, 2, 2, 0, 1, 3, 2, 1, 3, 2, 2, 3, 3, 0, 0, 3,
       3, 2, 1, 1, 0, 3, 3, 2, 0, 3, 1, 3, 1, 1, 1, 0, 2, 3, 3, 0, 0, 2,
       1, 1, 2, 3, 3, 2, 2, 0, 2, 3, 1, 1, 0, 3, 0, 3, 2, 3, 2, 1, 2, 1,
       2, 1, 2, 0, 1, 0, 2, 0, 0, 2, 3, 1, 2, 0, 3, 3, 0, 0, 0, 3, 2, 0,
       2, 0, 2, 2, 3, 2, 0, 0, 2, 2], dtype=object)]
[129, array([-18.,  -9.,  -9.,   0.]), array([2, 1, 0, 1, 1, 2, 0, 3, 0, 0, 0, 2, 3, 2, 1, 2, 2, 0, 1, 2, 3, 3,
       1, 2, 2, 1, 3, 0, 2, 2, 2, 0, 1, 3, 2, 1, 3, 2, 2, 3, 3, 0, 0, 3,
       3, 2, 1, 1, 0, 3, 3, 2, 0, 3, 1, 3, 1, 1, 1, 0, 2, 3, 3, 0, 0, 2,
       1, 1, 2, 3, 3, 2, 2, 0, 2, 3, 1, 1, 0, 3, 0, 3, 2, 3, 2, 1, 2, 1,
       2, 1, 2, 0, 1, 0, 2, 0, 0, 2, 3, 1, 2, 0, 3, 3, 0, 0, 0, 3, 2, 0,
       2, 0, 2, 2, 3, 2, 0, 0, 2, 2], dtype=object)]
[130, array([-18.,  -9.,  -9.,   0.]), array([1, 1, 0, 1, 1, 2, 0, 3, 0, 0, 0, 2, 3, 2, 1, 2, 2, 0, 1, 2, 3, 3,
       1, 2, 2, 1, 3, 0, 2, 2, 2, 0, 1, 3, 2, 1, 3, 2, 2, 3, 3, 0, 0, 3,
       3, 2, 1, 1, 0, 3, 3, 2, 0, 3, 1, 3, 1, 1, 1, 0, 2, 3, 3, 0, 0, 2,
       1, 1, 2, 3, 0, 2, 2, 0, 2, 3, 1, 1, 0, 3, 0, 3, 2, 3, 2, 1, 2, 1,
       2, 1, 2, 0, 1, 0, 2, 0, 0, 2, 3, 1, 2, 0, 3, 3, 0, 0, 0, 3, 2, 0,
       2, 0, 2, 2, 3, 2, 0, 0, 2, 2], dtype=object)]
[130, array([-18.,  -9.,  -9.,   0.]), array([1, 1, 0, 1, 1, 2, 0, 3, 0, 0, 0, 2, 3, 2, 1, 2, 2, 0, 1, 2, 3, 3,
       1, 2, 2, 1, 3, 0, 2, 2, 2, 0, 1, 3, 2, 1, 3, 2, 2, 3, 3, 0, 0, 3,
       3, 2, 1, 1, 0, 3, 3, 2, 0, 3, 1, 3, 1, 1, 1, 0, 2, 3, 3, 0, 0, 2,
       1, 1, 2, 3, 0, 2, 2, 0, 2, 3, 1, 1, 0, 3, 0, 3, 2, 3, 2, 1, 2, 1,
       2, 1, 2, 0, 1, 0, 2, 0, 0, 2, 3, 1, 2, 0, 3, 3, 0, 0, 0, 3, 2, 0,
       2, 0, 2, 2, 3, 2, 0, 0, 2, 2], dtype=object)]
[130, array([-18.,  -9.,  -9.,   0.]), array([1, 1, 0, 1, 1, 2, 0, 3, 0, 0, 0, 2, 3, 2, 1, 2, 2, 0, 1, 2, 3, 3,
       1, 2, 2, 1, 3, 0, 2, 2, 2, 0, 1, 3, 2, 1, 3, 2, 2, 3, 3, 0, 0, 3,
       3, 2, 1, 1, 0, 3, 3, 2, 0, 3, 1, 3, 1, 1, 1, 0, 2, 3, 3, 0, 0, 2,
       1, 1, 2, 3, 0, 2, 2, 0, 2, 3, 1, 1, 0, 3, 0, 3, 2, 3, 2, 1, 2, 1,
       2, 1, 2, 0, 1, 0, 2, 0, 0, 2, 3, 1, 2, 0, 3, 3, 0, 0, 0, 3, 2, 0,
       2, 0, 2, 2, 3, 2, 0, 0, 2, 2], dtype=object)]
[130, array([-18.,  -9.,  -9.,   0.]), array([1, 1, 0, 1, 1, 2, 0, 3, 0, 0, 0, 2, 3, 2, 1, 2, 2, 0, 1, 2, 3, 3,
       1, 2, 2, 1, 3, 0, 2, 2, 2, 0, 1, 3, 2, 1, 3, 2, 2, 3, 3, 0, 0, 3,
       3, 2, 1, 1, 0, 3, 3, 2, 0, 3, 1, 3, 1, 1, 1, 0, 2, 3, 3, 0, 0, 2,
       1, 1, 2, 3, 0, 2, 2, 0, 2, 3, 1, 1, 0, 3, 0, 3, 2, 3, 2, 1, 2, 1,
       2, 1, 2, 0, 1, 0, 2, 0, 0, 2, 3, 1, 2, 0, 3, 3, 0, 0, 0, 3, 2, 0,
       2, 0, 2, 2, 3, 2, 0, 0, 2, 2], dtype=object)]
[131, array([-18.,  -9.,  -9.,   0.]), array([2, 1, 0, 1, 1, 2, 0, 3, 0, 0, 0, 2, 3, 2, 1, 2, 2, 0, 1, 2, 3, 3,
       1, 2, 2, 1, 3, 0, 2, 2, 2, 0, 1, 3, 2, 1, 3, 2, 2, 3, 3, 0, 0, 3,
       3, 2, 1, 0, 2, 1, 3, 2, 2, 1, 0, 3, 1, 1, 1, 0, 2, 3, 3, 0, 0, 2,
       1, 1, 2, 3, 3, 2, 2, 0, 2, 3, 1, 1, 0, 3, 0, 3, 2, 3, 2, 1, 2, 1,
       2, 1, 2, 0, 1, 0, 2, 0, 0, 2, 3, 1, 2, 0, 3, 3, 0, 0, 0, 3, 2, 0,
       2, 0, 2, 2, 3, 2, 0, 0, 2, 2], dtype=object)]
[131, array([-18.,  -9.,  -9.,   0.]), array([2, 1, 0, 1, 1, 2, 0, 3, 0, 0, 0, 2, 3, 2, 1, 2, 2, 0, 1, 2, 3, 3,
       1, 2, 2, 1, 3, 0, 2, 2, 2, 0, 1, 3, 2, 1, 3, 2, 2, 3, 3, 0, 0, 3,
       3, 2, 1, 0, 2, 1, 3, 2, 2, 1, 0, 3, 1, 1, 1, 0, 2, 3, 3, 0, 0, 2,
       1, 1, 2, 3, 3, 2, 2, 0, 2, 3, 1, 1, 0, 3, 0, 3, 2, 3, 2, 1, 2, 1,
       2, 1, 2, 0, 1, 0, 2, 0, 0, 2, 3, 1, 2, 0, 3, 3, 0, 0, 0, 3, 2, 0,
       2, 0, 2, 2, 3, 2, 0, 0, 2, 2], dtype=object)]
[131, array([-18.,  -9.,  -9.,   0.]), array([2, 1, 0, 1, 1, 2, 0, 3, 0, 0, 0, 2, 3, 2, 1, 2, 2, 0, 1, 2, 3, 3,
       1, 2, 2, 1, 3, 0, 2, 2, 2, 0, 1, 3, 2, 1, 3, 2, 2, 3, 3, 0, 0, 3,
       3, 2, 1, 0, 2, 1, 3, 2, 2, 1, 0, 3, 1, 1, 1, 0, 2, 3, 3, 0, 0, 2,
       1, 1, 2, 3, 3, 2, 2, 0, 2, 3, 1, 1, 0, 3, 0, 3, 2, 3, 2, 1, 2, 1,
       2, 1, 2, 0, 1, 0, 2, 0, 0, 2, 3, 1, 2, 0, 3, 3, 0, 0, 0, 3, 2, 0,
       2, 0, 2, 2, 3, 2, 0, 0, 2, 2], dtype=object)]
[131, array([-18.,  -9.,  -9.,   0.]), array([2, 1, 0, 1, 1, 2, 0, 3, 0, 0, 0, 2, 3, 2, 1, 2, 2, 0, 1, 2, 3, 3,
       1, 2, 2, 1, 3, 0, 2, 2, 2, 0, 1, 3, 2, 1, 3, 2, 2, 3, 3, 0, 0, 3,
       3, 2, 1, 0, 2, 1, 3, 2, 2, 1, 0, 3, 1, 1, 1, 0, 2, 3, 3, 0, 0, 2,
       1, 1, 2, 3, 3, 2, 2, 0, 2, 3, 1, 1, 0, 3, 0, 3, 2, 3, 2, 1, 2, 1,
       2, 1, 2, 0, 1, 0, 2, 0, 0, 2, 3, 1, 2, 0, 3, 3, 0, 0, 0, 3, 2, 0,
       2, 0, 2, 2, 3, 2, 0, 0, 2, 2], dtype=object)]
[132, array([-18.,  -9.,  -9.,   0.]), array([2, 1, 0, 1, 1, 2, 0, 3, 0, 0, 0, 2, 3, 2, 1, 2, 2, 0, 1, 2, 3, 3,
       1, 2, 2, 1, 3, 0, 2, 2, 2, 0, 1, 3, 2, 1, 3, 2, 2, 3, 3, 0, 0, 3,
       3, 2, 1, 0, 2, 1, 3, 2, 2, 1, 0, 3, 0, 1, 1, 0, 2, 3, 3, 0, 0, 2,
       1, 1, 0, 3, 3, 2, 2, 0, 2, 3, 1, 1, 0, 3, 0, 3, 2, 3, 2, 1, 2, 1,
       2, 1, 2, 0, 1, 0, 2, 0, 0, 2, 3, 1, 2, 0, 3, 3, 0, 0, 0, 3, 2, 0,
       2, 0, 2, 2, 3, 2, 0, 0, 2, 2], dtype=object)]
[132, array([-18.,  -9.,  -9.,   0.]), array([2, 1, 0, 1, 1, 2, 0, 3, 0, 0, 0, 2, 3, 2, 1, 2, 2, 0, 1, 2, 3, 3,
       1, 2, 2, 1, 3, 0, 2, 2, 2, 0, 1, 3, 2, 1, 3, 2, 2, 3, 3, 0, 0, 3,
       3, 2, 1, 0, 2, 1, 3, 2, 2, 1, 0, 3, 0, 1, 1, 0, 2, 3, 3, 0, 0, 2,
       1, 1, 0, 3, 3, 2, 2, 0, 2, 3, 1, 1, 0, 3, 0, 3, 2, 3, 2, 1, 2, 1,
       2, 1, 2, 0, 1, 0, 2, 0, 0, 2, 3, 1, 2, 0, 3, 3, 0, 0, 0, 3, 2, 0,
       2, 0, 2, 2, 3, 2, 0, 0, 2, 2], dtype=object)]
[132, array([-18.,  -9.,  -9.,   0.]), array([2, 1, 0, 1, 1, 2, 0, 3, 0, 0, 0, 2, 3, 2, 1, 2, 2, 0, 1, 2, 3, 3,
       1, 2, 2, 1, 3, 0, 2, 2, 2, 0, 1, 3, 2, 1, 3, 2, 2, 3, 3, 0, 0, 3,
       3, 2, 1, 0, 2, 1, 3, 2, 2, 1, 0, 3, 0, 1, 1, 0, 2, 3, 3, 0, 0, 2,
       1, 1, 0, 3, 3, 2, 2, 0, 2, 3, 1, 1, 0, 3, 0, 3, 2, 3, 2, 1, 2, 1,
       2, 1, 2, 0, 1, 0, 2, 0, 0, 2, 3, 1, 2, 0, 3, 3, 0, 0, 0, 3, 2, 0,
       2, 0, 2, 2, 3, 2, 0, 0, 2, 2], dtype=object)]
[132, array([-18.,  -9.,  -9.,   0.]), array([2, 1, 0, 1, 1, 2, 0, 3, 0, 0, 0, 2, 3, 2, 1, 2, 2, 0, 1, 2, 3, 3,
       1, 2, 2, 1, 3, 0, 2, 2, 2, 0, 1, 3, 2, 1, 3, 2, 2, 3, 3, 0, 0, 3,
       3, 2, 1, 0, 2, 1, 3, 2, 2, 1, 0, 3, 0, 1, 1, 0, 2, 3, 3, 0, 0, 2,
       1, 1, 0, 3, 3, 2, 2, 0, 2, 3, 1, 1, 0, 3, 0, 3, 2, 3, 2, 1, 2, 1,
       2, 1, 2, 0, 1, 0, 2, 0, 0, 2, 3, 1, 2, 0, 3, 3, 0, 0, 0, 3, 2, 0,
       2, 0, 2, 2, 3, 2, 0, 0, 2, 2], dtype=object)]
[133, array([-18.,  -9.,  -9.,   0.]), array([0, 1, 0, 1, 1, 2, 0, 3, 0, 0, 0, 2, 3, 2, 1, 2, 2, 0, 1, 2, 3, 3,
       1, 2, 2, 1, 3, 0, 2, 1, 2, 0, 1, 3, 2, 1, 3, 2, 2, 3, 3, 0, 0, 3,
       3, 0, 1, 2, 0, 3, 0, 2, 0, 3, 1, 3, 3, 1, 1, 0, 2, 0, 3, 0, 0, 2,
       1, 1, 2, 3, 3, 2, 2, 3, 2, 3, 1, 1, 0, 3, 0, 2, 2, 3, 2, 1, 2, 3,
       2, 1, 2, 0, 1, 3, 0, 0, 0, 3, 3, 1, 2, 0, 0, 3, 2, 3, 0, 1, 2, 0,
       0, 1, 3, 2, 3, 2, 0, 3, 2, 2], dtype=object)]
[133, array([-18.,  -9.,  -9.,   0.]), array([0, 1, 0, 1, 1, 2, 0, 3, 0, 0, 0, 2, 3, 2, 1, 2, 2, 0, 1, 2, 3, 3,
       1, 2, 2, 1, 3, 0, 2, 1, 2, 0, 1, 3, 2, 1, 3, 2, 2, 3, 3, 0, 0, 3,
       3, 0, 1, 2, 0, 3, 0, 2, 0, 3, 1, 3, 3, 1, 1, 0, 2, 0, 3, 0, 0, 2,
       1, 1, 2, 3, 3, 2, 2, 3, 2, 3, 1, 1, 0, 3, 0, 2, 2, 3, 2, 1, 2, 3,
       2, 1, 2, 0, 1, 3, 0, 0, 0, 3, 3, 1, 2, 0, 0, 3, 2, 3, 0, 1, 2, 0,
       0, 1, 3, 2, 3, 2, 0, 3, 2, 2], dtype=object)]
[133, array([-18.,  -9.,  -9.,   0.]), array([0, 1, 0, 1, 1, 2, 0, 3, 0, 0, 0, 2, 3, 2, 1, 2, 2, 0, 1, 2, 3, 3,
       1, 2, 2, 1, 3, 0, 2, 1, 2, 0, 1, 3, 2, 1, 3, 2, 2, 3, 3, 0, 0, 3,
       3, 0, 1, 2, 0, 3, 0, 2, 0, 3, 1, 3, 3, 1, 1, 0, 2, 0, 3, 0, 0, 2,
       1, 1, 2, 3, 3, 2, 2, 3, 2, 3, 1, 1, 0, 3, 0, 2, 2, 3, 2, 1, 2, 3,
       2, 1, 2, 0, 1, 3, 0, 0, 0, 3, 3, 1, 2, 0, 0, 3, 2, 3, 0, 1, 2, 0,
       0, 1, 3, 2, 3, 2, 0, 3, 2, 2], dtype=object)]
[133, array([-18.,  -9.,  -9.,   0.]), array([0, 1, 0, 1, 1, 2, 0, 3, 0, 0, 0, 2, 3, 2, 1, 2, 2, 0, 1, 2, 3, 3,
       1, 2, 2, 1, 3, 0, 2, 1, 2, 0, 1, 3, 2, 1, 3, 2, 2, 3, 3, 0, 0, 3,
       3, 0, 1, 2, 0, 3, 0, 2, 0, 3, 1, 3, 3, 1, 1, 0, 2, 0, 3, 0, 0, 2,
       1, 1, 2, 3, 3, 2, 2, 3, 2, 3, 1, 1, 0, 3, 0, 2, 2, 3, 2, 1, 2, 3,
       2, 1, 2, 0, 1, 3, 0, 0, 0, 3, 3, 1, 2, 0, 0, 3, 2, 3, 0, 1, 2, 0,
       0, 1, 3, 2, 3, 2, 0, 3, 2, 2], dtype=object)]
[134, array([-18.,  -9.,  -9.,   0.]), array([2, 1, 0, 1, 1, 2, 0, 3, 0, 0, 0, 2, 2, 2, 0, 0, 2, 0, 0, 2, 3, 3,
       1, 2, 2, 3, 0, 0, 0, 2, 2, 0, 1, 2, 2, 1, 3, 2, 1, 3, 3, 0, 0, 3,
       3, 2, 1, 0, 2, 1, 3, 2, 2, 1, 0, 3, 1, 1, 1, 0, 2, 3, 3, 0, 0, 2,
       1, 1, 2, 3, 3, 2, 2, 0, 2, 3, 1, 1, 0, 3, 0, 2, 2, 3, 2, 1, 2, 3,
       2, 0, 2, 0, 1, 0, 0, 0, 0, 3, 3, 1, 2, 0, 2, 3, 2, 3, 0, 1, 2, 0,
       0, 1, 3, 2, 3, 2, 0, 3, 2, 2], dtype=object)]
[134, array([-18.,  -9.,  -9.,   0.]), array([2, 1, 0, 1, 1, 2, 0, 3, 0, 0, 0, 2, 2, 2, 0, 0, 2, 0, 0, 2, 3, 3,
       1, 2, 2, 3, 0, 0, 0, 2, 2, 0, 1, 2, 2, 1, 3, 2, 1, 3, 3, 0, 0, 3,
       3, 2, 1, 0, 2, 1, 3, 2, 2, 1, 0, 3, 1, 1, 1, 0, 2, 3, 3, 0, 0, 2,
       1, 1, 2, 3, 3, 2, 2, 0, 2, 3, 1, 1, 0, 3, 0, 2, 2, 3, 2, 1, 2, 3,
       2, 0, 2, 0, 1, 0, 0, 0, 0, 3, 3, 1, 2, 0, 2, 3, 2, 3, 0, 1, 2, 0,
       0, 1, 3, 2, 3, 2, 0, 3, 2, 2], dtype=object)]
[134, array([-18.,  -9.,  -9.,   0.]), array([2, 1, 0, 1, 1, 2, 0, 3, 0, 0, 0, 2, 2, 2, 0, 0, 2, 0, 0, 2, 3, 3,
       1, 2, 2, 3, 0, 0, 0, 2, 2, 0, 1, 2, 2, 1, 3, 2, 1, 3, 3, 0, 0, 3,
       3, 2, 1, 0, 2, 1, 3, 2, 2, 1, 0, 3, 1, 1, 1, 0, 2, 3, 3, 0, 0, 2,
       1, 1, 2, 3, 3, 2, 2, 0, 2, 3, 1, 1, 0, 3, 0, 2, 2, 3, 2, 1, 2, 3,
       2, 0, 2, 0, 1, 0, 0, 0, 0, 3, 3, 1, 2, 0, 2, 3, 2, 3, 0, 1, 2, 0,
       0, 1, 3, 2, 3, 2, 0, 3, 2, 2], dtype=object)]
[134, array([-18.,  -9.,  -9.,   0.]), array([2, 1, 0, 1, 1, 2, 0, 3, 0, 0, 0, 2, 2, 2, 0, 0, 2, 0, 0, 2, 3, 3,
       1, 2, 2, 3, 0, 0, 0, 2, 2, 0, 1, 2, 2, 1, 3, 2, 1, 3, 3, 0, 0, 3,
       3, 2, 1, 0, 2, 1, 3, 2, 2, 1, 0, 3, 1, 1, 1, 0, 2, 3, 3, 0, 0, 2,
       1, 1, 2, 3, 3, 2, 2, 0, 2, 3, 1, 1, 0, 3, 0, 2, 2, 3, 2, 1, 2, 3,
       2, 0, 2, 0, 1, 0, 0, 0, 0, 3, 3, 1, 2, 0, 2, 3, 2, 3, 0, 1, 2, 0,
       0, 1, 3, 2, 3, 2, 0, 3, 2, 2], dtype=object)]
[135, array([-18.,  -9.,  -9.,   0.]), array([2, 1, 0, 3, 1, 2, 0, 3, 0, 0, 0, 2, 3, 2, 1, 2, 2, 0, 3, 2, 3, 3,
       1, 2, 2, 1, 3, 0, 2, 2, 2, 0, 1, 2, 2, 1, 3, 0, 1, 3, 3, 0, 0, 2,
       3, 2, 1, 0, 0, 3, 3, 2, 0, 1, 0, 3, 1, 1, 0, 0, 0, 0, 3, 0, 0, 2,
       1, 1, 2, 3, 3, 2, 2, 0, 2, 3, 1, 1, 0, 3, 0, 3, 2, 3, 2, 3, 2, 1,
       2, 1, 2, 0, 1, 0, 0, 0, 0, 3, 3, 1, 2, 0, 2, 3, 2, 3, 0, 1, 2, 0,
       0, 1, 3, 3, 3, 2, 0, 3, 2, 2], dtype=object)]
[135, array([-18.,  -9.,  -9.,   0.]), array([2, 1, 0, 3, 1, 2, 0, 3, 0, 0, 0, 2, 3, 2, 1, 2, 2, 0, 3, 2, 3, 3,
       1, 2, 2, 1, 3, 0, 2, 2, 2, 0, 1, 2, 2, 1, 3, 0, 1, 3, 3, 0, 0, 2,
       3, 2, 1, 0, 0, 3, 3, 2, 0, 1, 0, 3, 1, 1, 0, 0, 0, 0, 3, 0, 0, 2,
       1, 1, 2, 3, 3, 2, 2, 0, 2, 3, 1, 1, 0, 3, 0, 3, 2, 3, 2, 3, 2, 1,
       2, 1, 2, 0, 1, 0, 0, 0, 0, 3, 3, 1, 2, 0, 2, 3, 2, 3, 0, 1, 2, 0,
       0, 1, 3, 3, 3, 2, 0, 3, 2, 2], dtype=object)]
[135, array([-18.,  -9.,  -9.,   0.]), array([2, 1, 0, 3, 1, 2, 0, 3, 0, 0, 0, 2, 3, 2, 1, 2, 2, 0, 3, 2, 3, 3,
       1, 2, 2, 1, 3, 0, 2, 2, 2, 0, 1, 2, 2, 1, 3, 0, 1, 3, 3, 0, 0, 2,
       3, 2, 1, 0, 0, 3, 3, 2, 0, 1, 0, 3, 1, 1, 0, 0, 0, 0, 3, 0, 0, 2,
       1, 1, 2, 3, 3, 2, 2, 0, 2, 3, 1, 1, 0, 3, 0, 3, 2, 3, 2, 3, 2, 1,
       2, 1, 2, 0, 1, 0, 0, 0, 0, 3, 3, 1, 2, 0, 2, 3, 2, 3, 0, 1, 2, 0,
       0, 1, 3, 3, 3, 2, 0, 3, 2, 2], dtype=object)]
[135, array([-18.,  -9.,  -9.,   0.]), array([2, 1, 0, 3, 1, 2, 0, 3, 0, 0, 0, 2, 3, 2, 1, 2, 2, 0, 3, 2, 3, 3,
       1, 2, 2, 1, 3, 0, 2, 2, 2, 0, 1, 2, 2, 1, 3, 0, 1, 3, 3, 0, 0, 2,
       3, 2, 1, 0, 0, 3, 3, 2, 0, 1, 0, 3, 1, 1, 0, 0, 0, 0, 3, 0, 0, 2,
       1, 1, 2, 3, 3, 2, 2, 0, 2, 3, 1, 1, 0, 3, 0, 3, 2, 3, 2, 3, 2, 1,
       2, 1, 2, 0, 1, 0, 0, 0, 0, 3, 3, 1, 2, 0, 2, 3, 2, 3, 0, 1, 2, 0,
       0, 1, 3, 3, 3, 2, 0, 3, 2, 2], dtype=object)]
[136, array([-18.,  -9.,  -9.,   0.]), array([2, 1, 0, 3, 1, 2, 0, 2, 0, 0, 0, 2, 3, 2, 1, 2, 2, 0, 3, 2, 3, 3,
       1, 2, 2, 1, 3, 0, 2, 2, 2, 0, 1, 2, 2, 1, 3, 0, 1, 3, 3, 0, 0, 2,
       3, 2, 1, 0, 0, 3, 3, 2, 0, 1, 0, 3, 1, 1, 0, 0, 0, 2, 3, 0, 0, 2,
       1, 1, 2, 3, 3, 2, 2, 0, 2, 3, 1, 1, 0, 3, 0, 3, 2, 3, 2, 3, 2, 1,
       2, 1, 2, 0, 1, 0, 0, 0, 0, 3, 3, 1, 2, 0, 2, 3, 2, 3, 0, 1, 2, 0,
       0, 1, 3, 3, 3, 2, 0, 3, 2, 2], dtype=object)]
[136, array([-18.,  -9.,  -9.,   0.]), array([2, 1, 0, 3, 1, 2, 0, 2, 0, 0, 0, 2, 3, 2, 1, 2, 2, 0, 3, 2, 3, 3,
       1, 2, 2, 1, 3, 0, 2, 2, 2, 0, 1, 2, 2, 1, 3, 0, 1, 3, 3, 0, 0, 2,
       3, 2, 1, 0, 0, 3, 3, 2, 0, 1, 0, 3, 1, 1, 0, 0, 0, 2, 3, 0, 0, 2,
       1, 1, 2, 3, 3, 2, 2, 0, 2, 3, 1, 1, 0, 3, 0, 3, 2, 3, 2, 3, 2, 1,
       2, 1, 2, 0, 1, 0, 0, 0, 0, 3, 3, 1, 2, 0, 2, 3, 2, 3, 0, 1, 2, 0,
       0, 1, 3, 3, 3, 2, 0, 3, 2, 2], dtype=object)]
[136, array([-18.,  -9.,  -9.,   0.]), array([2, 1, 0, 3, 1, 2, 0, 2, 0, 0, 0, 2, 3, 2, 1, 2, 2, 0, 3, 2, 3, 3,
       1, 2, 2, 1, 3, 0, 2, 2, 2, 0, 1, 2, 2, 1, 3, 0, 1, 3, 3, 0, 0, 2,
       3, 2, 1, 0, 0, 3, 3, 2, 0, 1, 0, 3, 1, 1, 0, 0, 0, 2, 3, 0, 0, 2,
       1, 1, 2, 3, 3, 2, 2, 0, 2, 3, 1, 1, 0, 3, 0, 3, 2, 3, 2, 3, 2, 1,
       2, 1, 2, 0, 1, 0, 0, 0, 0, 3, 3, 1, 2, 0, 2, 3, 2, 3, 0, 1, 2, 0,
       0, 1, 3, 3, 3, 2, 0, 3, 2, 2], dtype=object)]
[136, array([-18.,  -9.,  -9.,   0.]), array([2, 1, 0, 3, 1, 2, 0, 2, 0, 0, 0, 2, 3, 2, 1, 2, 2, 0, 3, 2, 3, 3,
       1, 2, 2, 1, 3, 0, 2, 2, 2, 0, 1, 2, 2, 1, 3, 0, 1, 3, 3, 0, 0, 2,
       3, 2, 1, 0, 0, 3, 3, 2, 0, 1, 0, 3, 1, 1, 0, 0, 0, 2, 3, 0, 0, 2,
       1, 1, 2, 3, 3, 2, 2, 0, 2, 3, 1, 1, 0, 3, 0, 3, 2, 3, 2, 3, 2, 1,
       2, 1, 2, 0, 1, 0, 0, 0, 0, 3, 3, 1, 2, 0, 2, 3, 2, 3, 0, 1, 2, 0,
       0, 1, 3, 3, 3, 2, 0, 3, 2, 2], dtype=object)]
[137, array([-18.,  -9.,  -9.,   0.]), array([2, 1, 0, 1, 1, 2, 0, 3, 0, 0, 0, 2, 0, 2, 1, 3, 2, 0, 1, 2, 3, 3,
       1, 2, 2, 1, 3, 0, 2, 2, 2, 0, 1, 0, 2, 1, 3, 2, 2, 1, 3, 0, 3, 3,
       2, 2, 1, 1, 0, 1, 3, 2, 0, 2, 0, 3, 1, 1, 1, 0, 2, 3, 3, 0, 0, 2,
       1, 1, 2, 3, 3, 2, 2, 0, 2, 3, 1, 1, 0, 3, 0, 3, 2, 3, 2, 1, 2, 3,
       2, 1, 2, 0, 1, 3, 0, 0, 0, 3, 3, 1, 2, 0, 2, 3, 2, 3, 0, 1, 2, 0,
       0, 1, 3, 2, 3, 2, 0, 3, 2, 2], dtype=object)]
[137, array([-18.,  -9.,  -9.,   0.]), array([2, 1, 0, 1, 1, 2, 0, 3, 0, 0, 0, 2, 0, 2, 1, 3, 2, 0, 1, 2, 3, 3,
       1, 2, 2, 1, 3, 0, 2, 2, 2, 0, 1, 0, 2, 1, 3, 2, 2, 1, 3, 0, 3, 3,
       2, 2, 1, 1, 0, 1, 3, 2, 0, 2, 0, 3, 1, 1, 1, 0, 2, 3, 3, 0, 0, 2,
       1, 1, 2, 3, 3, 2, 2, 0, 2, 3, 1, 1, 0, 3, 0, 3, 2, 3, 2, 1, 2, 3,
       2, 1, 2, 0, 1, 3, 0, 0, 0, 3, 3, 1, 2, 0, 2, 3, 2, 3, 0, 1, 2, 0,
       0, 1, 3, 2, 3, 2, 0, 3, 2, 2], dtype=object)]
[137, array([-18.,  -9.,  -9.,   0.]), array([2, 1, 0, 1, 1, 2, 0, 3, 0, 0, 0, 2, 0, 2, 1, 3, 2, 0, 1, 2, 3, 3,
       1, 2, 2, 1, 3, 0, 2, 2, 2, 0, 1, 0, 2, 1, 3, 2, 2, 1, 3, 0, 3, 3,
       2, 2, 1, 1, 0, 1, 3, 2, 0, 2, 0, 3, 1, 1, 1, 0, 2, 3, 3, 0, 0, 2,
       1, 1, 2, 3, 3, 2, 2, 0, 2, 3, 1, 1, 0, 3, 0, 3, 2, 3, 2, 1, 2, 3,
       2, 1, 2, 0, 1, 3, 0, 0, 0, 3, 3, 1, 2, 0, 2, 3, 2, 3, 0, 1, 2, 0,
       0, 1, 3, 2, 3, 2, 0, 3, 2, 2], dtype=object)]
[137, array([-18.,  -9.,  -9.,   0.]), array([2, 1, 0, 1, 1, 2, 0, 3, 0, 0, 0, 2, 0, 2, 1, 3, 2, 0, 1, 2, 3, 3,
       1, 2, 2, 1, 3, 0, 2, 2, 2, 0, 1, 0, 2, 1, 3, 2, 2, 1, 3, 0, 3, 3,
       2, 2, 1, 1, 0, 1, 3, 2, 0, 2, 0, 3, 1, 1, 1, 0, 2, 3, 3, 0, 0, 2,
       1, 1, 2, 3, 3, 2, 2, 0, 2, 3, 1, 1, 0, 3, 0, 3, 2, 3, 2, 1, 2, 3,
       2, 1, 2, 0, 1, 3, 0, 0, 0, 3, 3, 1, 2, 0, 2, 3, 2, 3, 0, 1, 2, 0,
       0, 1, 3, 2, 3, 2, 0, 3, 2, 2], dtype=object)]
[138, array([-18.,  -9.,  -9.,   0.]), array([1, 0, 0, 1, 1, 1, 0, 2, 0, 0, 0, 0, 2, 2, 0, 0, 2, 0, 0, 2, 3, 3,
       1, 2, 2, 1, 0, 0, 2, 2, 2, 0, 1, 2, 2, 1, 3, 2, 1, 3, 3, 0, 0, 2,
       3, 2, 1, 0, 0, 3, 3, 1, 1, 1, 0, 3, 1, 0, 1, 0, 2, 3, 3, 0, 0, 2,
       1, 1, 2, 3, 3, 2, 2, 0, 2, 3, 1, 1, 0, 3, 0, 3, 2, 3, 2, 1, 2, 1,
       2, 1, 2, 0, 1, 0, 0, 0, 0, 3, 3, 1, 2, 3, 3, 3, 2, 3, 0, 1, 2, 0,
       0, 1, 3, 2, 3, 2, 0, 3, 2, 2], dtype=object)]
[138, array([-18.,  -9.,  -9.,   0.]), array([1, 0, 0, 1, 1, 1, 0, 2, 0, 0, 0, 0, 2, 2, 0, 0, 2, 0, 0, 2, 3, 3,
       1, 2, 2, 1, 0, 0, 2, 2, 2, 0, 1, 2, 2, 1, 3, 2, 1, 3, 3, 0, 0, 2,
       3, 2, 1, 0, 0, 3, 3, 1, 1, 1, 0, 3, 1, 0, 1, 0, 2, 3, 3, 0, 0, 2,
       1, 1, 2, 3, 3, 2, 2, 0, 2, 3, 1, 1, 0, 3, 0, 3, 2, 3, 2, 1, 2, 1,
       2, 1, 2, 0, 1, 0, 0, 0, 0, 3, 3, 1, 2, 3, 3, 3, 2, 3, 0, 1, 2, 0,
       0, 1, 3, 2, 3, 2, 0, 3, 2, 2], dtype=object)]
[138, array([-18.,  -9.,  -9.,   0.]), array([1, 0, 0, 1, 1, 1, 0, 2, 0, 0, 0, 0, 2, 2, 0, 0, 2, 0, 0, 2, 3, 3,
       1, 2, 2, 1, 0, 0, 2, 2, 2, 0, 1, 2, 2, 1, 3, 2, 1, 3, 3, 0, 0, 2,
       3, 2, 1, 0, 0, 3, 3, 1, 1, 1, 0, 3, 1, 0, 1, 0, 2, 3, 3, 0, 0, 2,
       1, 1, 2, 3, 3, 2, 2, 0, 2, 3, 1, 1, 0, 3, 0, 3, 2, 3, 2, 1, 2, 1,
       2, 1, 2, 0, 1, 0, 0, 0, 0, 3, 3, 1, 2, 3, 3, 3, 2, 3, 0, 1, 2, 0,
       0, 1, 3, 2, 3, 2, 0, 3, 2, 2], dtype=object)]
[138, array([-18.,  -9.,  -9.,   0.]), array([1, 0, 0, 1, 1, 1, 0, 2, 0, 0, 0, 0, 2, 2, 0, 0, 2, 0, 0, 2, 3, 3,
       1, 2, 2, 1, 0, 0, 2, 2, 2, 0, 1, 2, 2, 1, 3, 2, 1, 3, 3, 0, 0, 2,
       3, 2, 1, 0, 0, 3, 3, 1, 1, 1, 0, 3, 1, 0, 1, 0, 2, 3, 3, 0, 0, 2,
       1, 1, 2, 3, 3, 2, 2, 0, 2, 3, 1, 1, 0, 3, 0, 3, 2, 3, 2, 1, 2, 1,
       2, 1, 2, 0, 1, 0, 0, 0, 0, 3, 3, 1, 2, 3, 3, 3, 2, 3, 0, 1, 2, 0,
       0, 1, 3, 2, 3, 2, 0, 3, 2, 2], dtype=object)]
[139, array([-18.,  -9.,  -9.,   0.]), array([2, 2, 0, 1, 1, 2, 0, 3, 0, 0, 0, 2, 2, 2, 0, 0, 2, 0, 0, 2, 3, 3,
       1, 2, 2, 1, 0, 0, 2, 2, 2, 0, 1, 2, 2, 1, 3, 2, 1, 3, 3, 0, 0, 2,
       3, 2, 1, 0, 0, 3, 3, 2, 1, 1, 0, 3, 1, 1, 1, 0, 0, 0, 3, 0, 0, 2,
       1, 1, 2, 3, 3, 2, 2, 0, 2, 3, 1, 1, 0, 3, 0, 3, 2, 3, 2, 1, 2, 1,
       2, 1, 2, 0, 1, 0, 0, 0, 2, 3, 3, 1, 2, 0, 2, 3, 2, 0, 0, 3, 2, 0,
       0, 1, 3, 2, 3, 2, 0, 3, 2, 2], dtype=object)]
[139, array([-18.,  -9.,  -9.,   0.]), array([2, 2, 0, 1, 1, 2, 0, 3, 0, 0, 0, 2, 2, 2, 0, 0, 2, 0, 0, 2, 3, 3,
       1, 2, 2, 1, 0, 0, 2, 2, 2, 0, 1, 2, 2, 1, 3, 2, 1, 3, 3, 0, 0, 2,
       3, 2, 1, 0, 0, 3, 3, 2, 1, 1, 0, 3, 1, 1, 1, 0, 0, 0, 3, 0, 0, 2,
       1, 1, 2, 3, 3, 2, 2, 0, 2, 3, 1, 1, 0, 3, 0, 3, 2, 3, 2, 1, 2, 1,
       2, 1, 2, 0, 1, 0, 0, 0, 2, 3, 3, 1, 2, 0, 2, 3, 2, 0, 0, 3, 2, 0,
       0, 1, 3, 2, 3, 2, 0, 3, 2, 2], dtype=object)]
[139, array([-18.,  -9.,  -9.,   0.]), array([2, 2, 0, 1, 1, 2, 0, 3, 0, 0, 0, 2, 2, 2, 0, 0, 2, 0, 0, 2, 3, 3,
       1, 2, 2, 1, 0, 0, 2, 2, 2, 0, 1, 2, 2, 1, 3, 2, 1, 3, 3, 0, 0, 2,
       3, 2, 1, 0, 0, 3, 3, 2, 1, 1, 0, 3, 1, 1, 1, 0, 0, 0, 3, 0, 0, 2,
       1, 1, 2, 3, 3, 2, 2, 0, 2, 3, 1, 1, 0, 3, 0, 3, 2, 3, 2, 1, 2, 1,
       2, 1, 2, 0, 1, 0, 0, 0, 2, 3, 3, 1, 2, 0, 2, 3, 2, 0, 0, 3, 2, 0,
       0, 1, 3, 2, 3, 2, 0, 3, 2, 2], dtype=object)]
[139, array([-18.,  -9.,  -9.,   0.]), array([2, 2, 0, 1, 1, 2, 0, 3, 0, 0, 0, 2, 2, 2, 0, 0, 2, 0, 0, 2, 3, 3,
       1, 2, 2, 1, 0, 0, 2, 2, 2, 0, 1, 2, 2, 1, 3, 2, 1, 3, 3, 0, 0, 2,
       3, 2, 1, 0, 0, 3, 3, 2, 1, 1, 0, 3, 1, 1, 1, 0, 0, 0, 3, 0, 0, 2,
       1, 1, 2, 3, 3, 2, 2, 0, 2, 3, 1, 1, 0, 3, 0, 3, 2, 3, 2, 1, 2, 1,
       2, 1, 2, 0, 1, 0, 0, 0, 2, 3, 3, 1, 2, 0, 2, 3, 2, 0, 0, 3, 2, 0,
       0, 1, 3, 2, 3, 2, 0, 3, 2, 2], dtype=object)]
[140, array([-18.,  -9.,  -9.,   0.]), array([2, 2, 0, 1, 1, 2, 0, 3, 0, 0, 0, 2, 2, 2, 0, 0, 2, 0, 0, 2, 3, 3,
       1, 2, 2, 1, 0, 0, 2, 2, 2, 0, 1, 2, 2, 1, 3, 2, 1, 3, 3, 0, 0, 2,
       3, 2, 1, 0, 0, 3, 3, 2, 1, 1, 0, 3, 1, 1, 1, 0, 0, 0, 3, 0, 0, 2,
       1, 1, 2, 3, 3, 2, 2, 0, 2, 3, 1, 1, 0, 3, 0, 3, 2, 3, 2, 1, 1, 1,
       2, 1, 2, 0, 1, 0, 0, 0, 2, 3, 3, 1, 2, 0, 2, 3, 2, 0, 0, 3, 2, 0,
       0, 1, 3, 2, 3, 2, 0, 3, 2, 2], dtype=object)]
[140, array([-18.,  -9.,  -9.,   0.]), array([2, 2, 0, 1, 1, 2, 0, 3, 0, 0, 0, 2, 2, 2, 0, 0, 2, 0, 0, 2, 3, 3,
       1, 2, 2, 1, 0, 0, 2, 2, 2, 0, 1, 2, 2, 1, 3, 2, 1, 3, 3, 0, 0, 2,
       3, 2, 1, 0, 0, 3, 3, 2, 1, 1, 0, 3, 1, 1, 1, 0, 0, 0, 3, 0, 0, 2,
       1, 1, 2, 3, 3, 2, 2, 0, 2, 3, 1, 1, 0, 3, 0, 3, 2, 3, 2, 1, 1, 1,
       2, 1, 2, 0, 1, 0, 0, 0, 2, 3, 3, 1, 2, 0, 2, 3, 2, 0, 0, 3, 2, 0,
       0, 1, 3, 2, 3, 2, 0, 3, 2, 2], dtype=object)]
[140, array([-18.,  -9.,  -9.,   0.]), array([2, 2, 0, 1, 1, 2, 0, 3, 0, 0, 0, 2, 2, 2, 0, 0, 2, 0, 0, 2, 3, 3,
       1, 2, 2, 1, 0, 0, 2, 2, 2, 0, 1, 2, 2, 1, 3, 2, 1, 3, 3, 0, 0, 2,
       3, 2, 1, 0, 0, 3, 3, 2, 1, 1, 0, 3, 1, 1, 1, 0, 0, 0, 3, 0, 0, 2,
       1, 1, 2, 3, 3, 2, 2, 0, 2, 3, 1, 1, 0, 3, 0, 3, 2, 3, 2, 1, 1, 1,
       2, 1, 2, 0, 1, 0, 0, 0, 2, 3, 3, 1, 2, 0, 2, 3, 2, 0, 0, 3, 2, 0,
       0, 1, 3, 2, 3, 2, 0, 3, 2, 2], dtype=object)]
[140, array([-18.,  -9.,  -9.,   0.]), array([2, 2, 0, 1, 1, 2, 0, 3, 0, 0, 0, 2, 2, 2, 0, 0, 2, 0, 0, 2, 3, 3,
       1, 2, 2, 1, 0, 0, 2, 2, 2, 0, 1, 2, 2, 1, 3, 2, 1, 3, 3, 0, 0, 2,
       3, 2, 1, 0, 0, 3, 3, 2, 1, 1, 0, 3, 1, 1, 1, 0, 0, 0, 3, 0, 0, 2,
       1, 1, 2, 3, 3, 2, 2, 0, 2, 3, 1, 1, 0, 3, 0, 3, 2, 3, 2, 1, 1, 1,
       2, 1, 2, 0, 1, 0, 0, 0, 2, 3, 3, 1, 2, 0, 2, 3, 2, 0, 0, 3, 2, 0,
       0, 1, 3, 2, 3, 2, 0, 3, 2, 2], dtype=object)]
[141, array([-18.,  -9.,  -9.,   0.]), array([1, 0, 0, 3, 1, 1, 0, 1, 0, 0, 0, 2, 2, 2, 0, 0, 2, 0, 0, 2, 3, 3,
       1, 2, 2, 1, 0, 0, 2, 2, 2, 0, 1, 2, 2, 1, 3, 2, 1, 3, 3, 0, 0, 2,
       3, 2, 1, 0, 0, 3, 3, 2, 1, 1, 0, 3, 1, 1, 1, 0, 0, 0, 3, 0, 0, 2,
       1, 1, 2, 3, 3, 2, 2, 0, 2, 3, 1, 1, 0, 3, 0, 2, 1, 3, 2, 1, 2, 3,
       2, 2, 2, 0, 1, 0, 0, 0, 2, 3, 3, 1, 2, 0, 2, 3, 2, 3, 0, 1, 2, 0,
       0, 1, 3, 2, 3, 2, 0, 3, 2, 2], dtype=object)]
[141, array([-18.,  -9.,  -9.,   0.]), array([1, 0, 0, 3, 1, 1, 0, 1, 0, 0, 0, 2, 2, 2, 0, 0, 2, 0, 0, 2, 3, 3,
       1, 2, 2, 1, 0, 0, 2, 2, 2, 0, 1, 2, 2, 1, 3, 2, 1, 3, 3, 0, 0, 2,
       3, 2, 1, 0, 0, 3, 3, 2, 1, 1, 0, 3, 1, 1, 1, 0, 0, 0, 3, 0, 0, 2,
       1, 1, 2, 3, 3, 2, 2, 0, 2, 3, 1, 1, 0, 3, 0, 2, 1, 3, 2, 1, 2, 3,
       2, 2, 2, 0, 1, 0, 0, 0, 2, 3, 3, 1, 2, 0, 2, 3, 2, 3, 0, 1, 2, 0,
       0, 1, 3, 2, 3, 2, 0, 3, 2, 2], dtype=object)]
[141, array([-18.,  -9.,  -9.,   0.]), array([1, 0, 0, 3, 1, 1, 0, 1, 0, 0, 0, 2, 2, 2, 0, 0, 2, 0, 0, 2, 3, 3,
       1, 2, 2, 1, 0, 0, 2, 2, 2, 0, 1, 2, 2, 1, 3, 2, 1, 3, 3, 0, 0, 2,
       3, 2, 1, 0, 0, 3, 3, 2, 1, 1, 0, 3, 1, 1, 1, 0, 0, 0, 3, 0, 0, 2,
       1, 1, 2, 3, 3, 2, 2, 0, 2, 3, 1, 1, 0, 3, 0, 2, 1, 3, 2, 1, 2, 3,
       2, 2, 2, 0, 1, 0, 0, 0, 2, 3, 3, 1, 2, 0, 2, 3, 2, 3, 0, 1, 2, 0,
       0, 1, 3, 2, 3, 2, 0, 3, 2, 2], dtype=object)]
[141, array([-18.,  -9.,  -9.,   0.]), array([1, 0, 0, 3, 1, 1, 0, 1, 0, 0, 0, 2, 2, 2, 0, 0, 2, 0, 0, 2, 3, 3,
       1, 2, 2, 1, 0, 0, 2, 2, 2, 0, 1, 2, 2, 1, 3, 2, 1, 3, 3, 0, 0, 2,
       3, 2, 1, 0, 0, 3, 3, 2, 1, 1, 0, 3, 1, 1, 1, 0, 0, 0, 3, 0, 0, 2,
       1, 1, 2, 3, 3, 2, 2, 0, 2, 3, 1, 1, 0, 3, 0, 2, 1, 3, 2, 1, 2, 3,
       2, 2, 2, 0, 1, 0, 0, 0, 2, 3, 3, 1, 2, 0, 2, 3, 2, 3, 0, 1, 2, 0,
       0, 1, 3, 2, 3, 2, 0, 3, 2, 2], dtype=object)]
[142, array([-18.,  -9.,  -9.,   0.]), array([1, 0, 0, 3, 1, 1, 0, 1, 0, 0, 0, 2, 2, 2, 0, 0, 2, 0, 0, 2, 3, 3,
       1, 2, 2, 1, 0, 0, 2, 2, 2, 0, 1, 2, 2, 1, 3, 2, 1, 3, 3, 0, 0, 2,
       3, 2, 1, 0, 0, 3, 3, 2, 2, 1, 0, 3, 1, 1, 1, 0, 0, 0, 3, 0, 0, 2,
       1, 1, 2, 3, 3, 2, 2, 0, 2, 3, 1, 1, 0, 3, 0, 2, 1, 3, 2, 1, 2, 3,
       2, 2, 2, 0, 1, 0, 0, 0, 2, 3, 3, 1, 2, 0, 2, 3, 2, 3, 0, 1, 2, 0,
       0, 1, 3, 2, 3, 2, 0, 3, 2, 2], dtype=object)]
[142, array([-18.,  -9.,  -9.,   0.]), array([1, 0, 0, 3, 1, 1, 0, 1, 0, 0, 0, 2, 2, 2, 0, 0, 2, 0, 0, 2, 3, 3,
       1, 2, 2, 1, 0, 0, 2, 2, 2, 0, 1, 2, 2, 1, 3, 2, 1, 3, 3, 0, 0, 2,
       3, 2, 1, 0, 0, 3, 3, 2, 2, 1, 0, 3, 1, 1, 1, 0, 0, 0, 3, 0, 0, 2,
       1, 1, 2, 3, 3, 2, 2, 0, 2, 3, 1, 1, 0, 3, 0, 2, 1, 3, 2, 1, 2, 3,
       2, 2, 2, 0, 1, 0, 0, 0, 2, 3, 3, 1, 2, 0, 2, 3, 2, 3, 0, 1, 2, 0,
       0, 1, 3, 2, 3, 2, 0, 3, 2, 2], dtype=object)]
[142, array([-18.,  -9.,  -9.,   0.]), array([1, 0, 0, 3, 1, 1, 0, 1, 0, 0, 0, 2, 2, 2, 0, 0, 2, 0, 0, 2, 3, 3,
       1, 2, 2, 1, 0, 0, 2, 2, 2, 0, 1, 2, 2, 1, 3, 2, 1, 3, 3, 0, 0, 2,
       3, 2, 1, 0, 0, 3, 3, 2, 2, 1, 0, 3, 1, 1, 1, 0, 0, 0, 3, 0, 0, 2,
       1, 1, 2, 3, 3, 2, 2, 0, 2, 3, 1, 1, 0, 3, 0, 2, 1, 3, 2, 1, 2, 3,
       2, 2, 2, 0, 1, 0, 0, 0, 2, 3, 3, 1, 2, 0, 2, 3, 2, 3, 0, 1, 2, 0,
       0, 1, 3, 2, 3, 2, 0, 3, 2, 2], dtype=object)]
[142, array([-18.,  -9.,  -9.,   0.]), array([1, 0, 0, 3, 1, 1, 0, 1, 0, 0, 0, 2, 2, 2, 0, 0, 2, 0, 0, 2, 3, 3,
       1, 2, 2, 1, 0, 0, 2, 2, 2, 0, 1, 2, 2, 1, 3, 2, 1, 3, 3, 0, 0, 2,
       3, 2, 1, 0, 0, 3, 3, 2, 2, 1, 0, 3, 1, 1, 1, 0, 0, 0, 3, 0, 0, 2,
       1, 1, 2, 3, 3, 2, 2, 0, 2, 3, 1, 1, 0, 3, 0, 2, 1, 3, 2, 1, 2, 3,
       2, 2, 2, 0, 1, 0, 0, 0, 2, 3, 3, 1, 2, 0, 2, 3, 2, 3, 0, 1, 2, 0,
       0, 1, 3, 2, 3, 2, 0, 3, 2, 2], dtype=object)]
[143, array([-18.,  -9.,  -9.,   0.]), array([2, 1, 0, 1, 1, 2, 0, 3, 0, 0, 0, 2, 3, 2, 1, 1, 2, 0, 3, 2, 3, 3,
       1, 2, 2, 1, 3, 0, 2, 2, 2, 0, 1, 0, 2, 1, 3, 2, 1, 3, 3, 0, 0, 2,
       3, 2, 1, 1, 0, 3, 3, 2, 1, 1, 0, 3, 1, 1, 1, 0, 0, 0, 3, 0, 0, 2,
       1, 1, 2, 3, 3, 3, 2, 0, 2, 3, 1, 3, 0, 3, 0, 3, 2, 3, 2, 1, 1, 3,
       2, 1, 2, 0, 1, 0, 0, 0, 2, 3, 3, 1, 2, 0, 2, 3, 2, 3, 0, 1, 2, 0,
       0, 1, 3, 2, 3, 2, 0, 3, 2, 2], dtype=object)]
[143, array([-18.,  -9.,  -9.,   0.]), array([2, 1, 0, 1, 1, 2, 0, 3, 0, 0, 0, 2, 3, 2, 1, 1, 2, 0, 3, 2, 3, 3,
       1, 2, 2, 1, 3, 0, 2, 2, 2, 0, 1, 0, 2, 1, 3, 2, 1, 3, 3, 0, 0, 2,
       3, 2, 1, 1, 0, 3, 3, 2, 1, 1, 0, 3, 1, 1, 1, 0, 0, 0, 3, 0, 0, 2,
       1, 1, 2, 3, 3, 3, 2, 0, 2, 3, 1, 3, 0, 3, 0, 3, 2, 3, 2, 1, 1, 3,
       2, 1, 2, 0, 1, 0, 0, 0, 2, 3, 3, 1, 2, 0, 2, 3, 2, 3, 0, 1, 2, 0,
       0, 1, 3, 2, 3, 2, 0, 3, 2, 2], dtype=object)]
[143, array([-18.,  -9.,  -9.,   0.]), array([2, 1, 0, 1, 1, 2, 0, 3, 0, 0, 0, 2, 3, 2, 1, 1, 2, 0, 3, 2, 3, 3,
       1, 2, 2, 1, 3, 0, 2, 2, 2, 0, 1, 0, 2, 1, 3, 2, 1, 3, 3, 0, 0, 2,
       3, 2, 1, 1, 0, 3, 3, 2, 1, 1, 0, 3, 1, 1, 1, 0, 0, 0, 3, 0, 0, 2,
       1, 1, 2, 3, 3, 3, 2, 0, 2, 3, 1, 3, 0, 3, 0, 3, 2, 3, 2, 1, 1, 3,
       2, 1, 2, 0, 1, 0, 0, 0, 2, 3, 3, 1, 2, 0, 2, 3, 2, 3, 0, 1, 2, 0,
       0, 1, 3, 2, 3, 2, 0, 3, 2, 2], dtype=object)]
[143, array([-18.,  -9.,  -9.,   0.]), array([2, 1, 0, 1, 1, 2, 0, 3, 0, 0, 0, 2, 3, 2, 1, 1, 2, 0, 3, 2, 3, 3,
       1, 2, 2, 1, 3, 0, 2, 2, 2, 0, 1, 0, 2, 1, 3, 2, 1, 3, 3, 0, 0, 2,
       3, 2, 1, 1, 0, 3, 3, 2, 1, 1, 0, 3, 1, 1, 1, 0, 0, 0, 3, 0, 0, 2,
       1, 1, 2, 3, 3, 3, 2, 0, 2, 3, 1, 3, 0, 3, 0, 3, 2, 3, 2, 1, 1, 3,
       2, 1, 2, 0, 1, 0, 0, 0, 2, 3, 3, 1, 2, 0, 2, 3, 2, 3, 0, 1, 2, 0,
       0, 1, 3, 2, 3, 2, 0, 3, 2, 2], dtype=object)]
[144, array([-18.,  -9.,  -9.,   0.]), array([2, 1, 0, 2, 1, 2, 0, 3, 0, 0, 0, 2, 3, 2, 1, 1, 2, 0, 3, 2, 3, 3,
       1, 2, 2, 1, 3, 0, 2, 2, 2, 0, 1, 0, 2, 1, 3, 2, 1, 3, 3, 0, 0, 2,
       3, 2, 1, 1, 0, 3, 3, 2, 1, 1, 0, 3, 1, 1, 1, 0, 0, 0, 3, 0, 0, 2,
       1, 1, 2, 3, 3, 3, 2, 0, 2, 3, 1, 3, 0, 3, 0, 3, 2, 3, 2, 1, 1, 3,
       2, 1, 2, 0, 1, 0, 0, 0, 2, 3, 3, 1, 2, 0, 2, 3, 2, 3, 0, 1, 2, 0,
       0, 1, 3, 2, 3, 2, 0, 3, 2, 2], dtype=object)]
[144, array([-18.,  -9.,  -9.,   0.]), array([2, 1, 0, 2, 1, 2, 0, 3, 0, 0, 0, 2, 3, 2, 1, 1, 2, 0, 3, 2, 3, 3,
       1, 2, 2, 1, 3, 0, 2, 2, 2, 0, 1, 0, 2, 1, 3, 2, 1, 3, 3, 0, 0, 2,
       3, 2, 1, 1, 0, 3, 3, 2, 1, 1, 0, 3, 1, 1, 1, 0, 0, 0, 3, 0, 0, 2,
       1, 1, 2, 3, 3, 3, 2, 0, 2, 3, 1, 3, 0, 3, 0, 3, 2, 3, 2, 1, 1, 3,
       2, 1, 2, 0, 1, 0, 0, 0, 2, 3, 3, 1, 2, 0, 2, 3, 2, 3, 0, 1, 2, 0,
       0, 1, 3, 2, 3, 2, 0, 3, 2, 2], dtype=object)]
[144, array([-18.,  -9.,  -9.,   0.]), array([2, 1, 0, 2, 1, 2, 0, 3, 0, 0, 0, 2, 3, 2, 1, 1, 2, 0, 3, 2, 3, 3,
       1, 2, 2, 1, 3, 0, 2, 2, 2, 0, 1, 0, 2, 1, 3, 2, 1, 3, 3, 0, 0, 2,
       3, 2, 1, 1, 0, 3, 3, 2, 1, 1, 0, 3, 1, 1, 1, 0, 0, 0, 3, 0, 0, 2,
       1, 1, 2, 3, 3, 3, 2, 0, 2, 3, 1, 3, 0, 3, 0, 3, 2, 3, 2, 1, 1, 3,
       2, 1, 2, 0, 1, 0, 0, 0, 2, 3, 3, 1, 2, 0, 2, 3, 2, 3, 0, 1, 2, 0,
       0, 1, 3, 2, 3, 2, 0, 3, 2, 2], dtype=object)]
[144, array([-18.,  -9.,  -9.,   0.]), array([2, 1, 0, 2, 1, 2, 0, 3, 0, 0, 0, 2, 3, 2, 1, 1, 2, 0, 3, 2, 3, 3,
       1, 2, 2, 1, 3, 0, 2, 2, 2, 0, 1, 0, 2, 1, 3, 2, 1, 3, 3, 0, 0, 2,
       3, 2, 1, 1, 0, 3, 3, 2, 1, 1, 0, 3, 1, 1, 1, 0, 0, 0, 3, 0, 0, 2,
       1, 1, 2, 3, 3, 3, 2, 0, 2, 3, 1, 3, 0, 3, 0, 3, 2, 3, 2, 1, 1, 3,
       2, 1, 2, 0, 1, 0, 0, 0, 2, 3, 3, 1, 2, 0, 2, 3, 2, 3, 0, 1, 2, 0,
       0, 1, 3, 2, 3, 2, 0, 3, 2, 2], dtype=object)]
[145, array([-18.,  -9.,  -9.,   0.]), array([1, 0, 0, 3, 1, 1, 0, 1, 0, 0, 0, 2, 2, 2, 0, 0, 2, 0, 0, 2, 3, 3,
       1, 2, 2, 1, 0, 0, 2, 2, 2, 0, 1, 2, 2, 1, 3, 2, 1, 3, 3, 0, 0, 3,
       3, 0, 1, 2, 0, 3, 1, 2, 0, 3, 1, 1, 0, 1, 1, 0, 0, 0, 3, 0, 0, 2,
       1, 1, 2, 3, 3, 2, 2, 0, 2, 3, 3, 1, 0, 3, 0, 2, 1, 3, 2, 1, 2, 1,
       2, 1, 2, 0, 1, 3, 0, 0, 0, 3, 3, 1, 2, 0, 2, 3, 2, 3, 0, 1, 2, 0,
       0, 1, 3, 2, 3, 2, 0, 3, 2, 2], dtype=object)]
[145, array([-18.,  -9.,  -9.,   0.]), array([1, 0, 0, 3, 1, 1, 0, 1, 0, 0, 0, 2, 2, 2, 0, 0, 2, 0, 0, 2, 3, 3,
       1, 2, 2, 1, 0, 0, 2, 2, 2, 0, 1, 2, 2, 1, 3, 2, 1, 3, 3, 0, 0, 3,
       3, 0, 1, 2, 0, 3, 1, 2, 0, 3, 1, 1, 0, 1, 1, 0, 0, 0, 3, 0, 0, 2,
       1, 1, 2, 3, 3, 2, 2, 0, 2, 3, 3, 1, 0, 3, 0, 2, 1, 3, 2, 1, 2, 1,
       2, 1, 2, 0, 1, 3, 0, 0, 0, 3, 3, 1, 2, 0, 2, 3, 2, 3, 0, 1, 2, 0,
       0, 1, 3, 2, 3, 2, 0, 3, 2, 2], dtype=object)]
[145, array([-18.,  -9.,  -9.,   0.]), array([1, 0, 0, 3, 1, 1, 0, 1, 0, 0, 0, 2, 2, 2, 0, 0, 2, 0, 0, 2, 3, 3,
       1, 2, 2, 1, 0, 0, 2, 2, 2, 0, 1, 2, 2, 1, 3, 2, 1, 3, 3, 0, 0, 3,
       3, 0, 1, 2, 0, 3, 1, 2, 0, 3, 1, 1, 0, 1, 1, 0, 0, 0, 3, 0, 0, 2,
       1, 1, 2, 3, 3, 2, 2, 0, 2, 3, 3, 1, 0, 3, 0, 2, 1, 3, 2, 1, 2, 1,
       2, 1, 2, 0, 1, 3, 0, 0, 0, 3, 3, 1, 2, 0, 2, 3, 2, 3, 0, 1, 2, 0,
       0, 1, 3, 2, 3, 2, 0, 3, 2, 2], dtype=object)]
[145, array([-18.,  -9.,  -9.,   0.]), array([1, 0, 0, 3, 1, 1, 0, 1, 0, 0, 0, 2, 2, 2, 0, 0, 2, 0, 0, 2, 3, 3,
       1, 2, 2, 1, 0, 0, 2, 2, 2, 0, 1, 2, 2, 1, 3, 2, 1, 3, 3, 0, 0, 3,
       3, 0, 1, 2, 0, 3, 1, 2, 0, 3, 1, 1, 0, 1, 1, 0, 0, 0, 3, 0, 0, 2,
       1, 1, 2, 3, 3, 2, 2, 0, 2, 3, 3, 1, 0, 3, 0, 2, 1, 3, 2, 1, 2, 1,
       2, 1, 2, 0, 1, 3, 0, 0, 0, 3, 3, 1, 2, 0, 2, 3, 2, 3, 0, 1, 2, 0,
       0, 1, 3, 2, 3, 2, 0, 3, 2, 2], dtype=object)]
[146, array([-18.,  -9.,  -9.,   0.]), array([1, 0, 0, 3, 1, 1, 0, 1, 0, 0, 0, 2, 2, 2, 0, 0, 2, 0, 0, 2, 3, 3,
       1, 2, 2, 1, 0, 0, 2, 2, 2, 0, 1, 2, 2, 1, 3, 2, 1, 3, 3, 0, 0, 3,
       3, 0, 1, 2, 0, 3, 1, 2, 0, 3, 1, 1, 0, 1, 1, 0, 0, 0, 3, 0, 0, 2,
       1, 1, 2, 3, 2, 2, 2, 0, 2, 3, 3, 1, 0, 3, 0, 2, 1, 3, 2, 1, 2, 1,
       2, 1, 2, 0, 1, 3, 0, 0, 0, 3, 3, 1, 2, 0, 2, 3, 2, 3, 0, 1, 2, 0,
       0, 1, 3, 2, 3, 2, 0, 3, 2, 2], dtype=object)]
[146, array([-18.,  -9.,  -9.,   0.]), array([1, 0, 0, 3, 1, 1, 0, 1, 0, 0, 0, 2, 2, 2, 0, 0, 2, 0, 0, 2, 3, 3,
       1, 2, 2, 1, 0, 0, 2, 2, 2, 0, 1, 2, 2, 1, 3, 2, 1, 3, 3, 0, 0, 3,
       3, 0, 1, 2, 0, 3, 1, 2, 0, 3, 1, 1, 0, 1, 1, 0, 0, 0, 3, 0, 0, 2,
       1, 1, 2, 3, 2, 2, 2, 0, 2, 3, 3, 1, 0, 3, 0, 2, 1, 3, 2, 1, 2, 1,
       2, 1, 2, 0, 1, 3, 0, 0, 0, 3, 3, 1, 2, 0, 2, 3, 2, 3, 0, 1, 2, 0,
       0, 1, 3, 2, 3, 2, 0, 3, 2, 2], dtype=object)]
[146, array([-18.,  -9.,  -9.,   0.]), array([1, 0, 0, 3, 1, 1, 0, 1, 0, 0, 0, 2, 2, 2, 0, 0, 2, 0, 0, 2, 3, 3,
       1, 2, 2, 1, 0, 0, 2, 2, 2, 0, 1, 2, 2, 1, 3, 2, 1, 3, 3, 0, 0, 3,
       3, 0, 1, 2, 0, 3, 1, 2, 0, 3, 1, 1, 0, 1, 1, 0, 0, 0, 3, 0, 0, 2,
       1, 1, 2, 3, 2, 2, 2, 0, 2, 3, 3, 1, 0, 3, 0, 2, 1, 3, 2, 1, 2, 1,
       2, 1, 2, 0, 1, 3, 0, 0, 0, 3, 3, 1, 2, 0, 2, 3, 2, 3, 0, 1, 2, 0,
       0, 1, 3, 2, 3, 2, 0, 3, 2, 2], dtype=object)]
[146, array([-18.,  -9.,  -9.,   0.]), array([1, 0, 0, 3, 1, 1, 0, 1, 0, 0, 0, 2, 2, 2, 0, 0, 2, 0, 0, 2, 3, 3,
       1, 2, 2, 1, 0, 0, 2, 2, 2, 0, 1, 2, 2, 1, 3, 2, 1, 3, 3, 0, 0, 3,
       3, 0, 1, 2, 0, 3, 1, 2, 0, 3, 1, 1, 0, 1, 1, 0, 0, 0, 3, 0, 0, 2,
       1, 1, 2, 3, 2, 2, 2, 0, 2, 3, 3, 1, 0, 3, 0, 2, 1, 3, 2, 1, 2, 1,
       2, 1, 2, 0, 1, 3, 0, 0, 0, 3, 3, 1, 2, 0, 2, 3, 2, 3, 0, 1, 2, 0,
       0, 1, 3, 2, 3, 2, 0, 3, 2, 2], dtype=object)]
[147, array([-18.,  -9.,  -9.,   0.]), array([2, 1, 0, 1, 3, 3, 0, 3, 0, 0, 0, 2, 0, 2, 1, 2, 2, 0, 1, 2, 3, 3,
       1, 2, 2, 1, 3, 0, 2, 2, 2, 0, 2, 0, 2, 1, 3, 2, 1, 0, 3, 0, 0, 2,
       3, 2, 1, 0, 0, 3, 3, 2, 0, 1, 0, 3, 1, 1, 1, 0, 0, 0, 3, 0, 0, 2,
       1, 1, 2, 3, 3, 2, 2, 0, 2, 3, 1, 1, 0, 0, 0, 3, 2, 3, 2, 3, 3, 2,
       2, 2, 2, 0, 1, 0, 0, 0, 3, 3, 3, 0, 2, 0, 2, 3, 2, 3, 0, 1, 2, 0,
       0, 1, 3, 2, 3, 2, 0, 3, 2, 2], dtype=object)]
[147, array([-18.,  -9.,  -9.,   0.]), array([2, 1, 0, 1, 3, 3, 0, 3, 0, 0, 0, 2, 0, 2, 1, 2, 2, 0, 1, 2, 3, 3,
       1, 2, 2, 1, 3, 0, 2, 2, 2, 0, 2, 0, 2, 1, 3, 2, 1, 0, 3, 0, 0, 2,
       3, 2, 1, 0, 0, 3, 3, 2, 0, 1, 0, 3, 1, 1, 1, 0, 0, 0, 3, 0, 0, 2,
       1, 1, 2, 3, 3, 2, 2, 0, 2, 3, 1, 1, 0, 0, 0, 3, 2, 3, 2, 3, 3, 2,
       2, 2, 2, 0, 1, 0, 0, 0, 3, 3, 3, 0, 2, 0, 2, 3, 2, 3, 0, 1, 2, 0,
       0, 1, 3, 2, 3, 2, 0, 3, 2, 2], dtype=object)]
[147, array([-18.,  -9.,  -9.,   0.]), array([2, 1, 0, 1, 3, 3, 0, 3, 0, 0, 0, 2, 0, 2, 1, 2, 2, 0, 1, 2, 3, 3,
       1, 2, 2, 1, 3, 0, 2, 2, 2, 0, 2, 0, 2, 1, 3, 2, 1, 0, 3, 0, 0, 2,
       3, 2, 1, 0, 0, 3, 3, 2, 0, 1, 0, 3, 1, 1, 1, 0, 0, 0, 3, 0, 0, 2,
       1, 1, 2, 3, 3, 2, 2, 0, 2, 3, 1, 1, 0, 0, 0, 3, 2, 3, 2, 3, 3, 2,
       2, 2, 2, 0, 1, 0, 0, 0, 3, 3, 3, 0, 2, 0, 2, 3, 2, 3, 0, 1, 2, 0,
       0, 1, 3, 2, 3, 2, 0, 3, 2, 2], dtype=object)]
[147, array([-18.,  -9.,  -9.,   0.]), array([2, 1, 0, 1, 3, 3, 0, 3, 0, 0, 0, 2, 0, 2, 1, 2, 2, 0, 1, 2, 3, 3,
       1, 2, 2, 1, 3, 0, 2, 2, 2, 0, 2, 0, 2, 1, 3, 2, 1, 0, 3, 0, 0, 2,
       3, 2, 1, 0, 0, 3, 3, 2, 0, 1, 0, 3, 1, 1, 1, 0, 0, 0, 3, 0, 0, 2,
       1, 1, 2, 3, 3, 2, 2, 0, 2, 3, 1, 1, 0, 0, 0, 3, 2, 3, 2, 3, 3, 2,
       2, 2, 2, 0, 1, 0, 0, 0, 3, 3, 3, 0, 2, 0, 2, 3, 2, 3, 0, 1, 2, 0,
       0, 1, 3, 2, 3, 2, 0, 3, 2, 2], dtype=object)]
[148, array([-18.,  -9.,  -9.,   0.]), array([2, 1, 0, 1, 3, 3, 0, 3, 0, 0, 0, 2, 0, 2, 1, 2, 2, 0, 1, 2, 3, 3,
       1, 2, 2, 1, 3, 3, 2, 2, 2, 0, 2, 0, 2, 1, 3, 2, 1, 0, 3, 0, 0, 2,
       3, 2, 1, 0, 0, 3, 3, 2, 0, 1, 0, 3, 1, 1, 1, 0, 0, 0, 3, 0, 0, 2,
       1, 1, 2, 3, 3, 2, 2, 0, 2, 3, 1, 1, 0, 0, 0, 3, 2, 3, 2, 3, 3, 2,
       2, 2, 2, 0, 1, 0, 0, 0, 3, 3, 3, 0, 2, 0, 2, 3, 2, 3, 0, 1, 2, 0,
       0, 1, 3, 2, 3, 2, 0, 3, 2, 2], dtype=object)]
[148, array([-18.,  -9.,  -9.,   0.]), array([2, 1, 0, 1, 3, 3, 0, 3, 0, 0, 0, 2, 0, 2, 1, 2, 2, 0, 1, 2, 3, 3,
       1, 2, 2, 1, 3, 3, 2, 2, 2, 0, 2, 0, 2, 1, 3, 2, 1, 0, 3, 0, 0, 2,
       3, 2, 1, 0, 0, 3, 3, 2, 0, 1, 0, 3, 1, 1, 1, 0, 0, 0, 3, 0, 0, 2,
       1, 1, 2, 3, 3, 2, 2, 0, 2, 3, 1, 1, 0, 0, 0, 3, 2, 3, 2, 3, 3, 2,
       2, 2, 2, 0, 1, 0, 0, 0, 3, 3, 3, 0, 2, 0, 2, 3, 2, 3, 0, 1, 2, 0,
       0, 1, 3, 2, 3, 2, 0, 3, 2, 2], dtype=object)]
[148, array([-18.,  -9.,  -9.,   0.]), array([2, 1, 0, 1, 3, 3, 0, 3, 0, 0, 0, 2, 0, 2, 1, 2, 2, 0, 1, 2, 3, 3,
       1, 2, 2, 1, 3, 3, 2, 2, 2, 0, 2, 0, 2, 1, 3, 2, 1, 0, 3, 0, 0, 2,
       3, 2, 1, 0, 0, 3, 3, 2, 0, 1, 0, 3, 1, 1, 1, 0, 0, 0, 3, 0, 0, 2,
       1, 1, 2, 3, 3, 2, 2, 0, 2, 3, 1, 1, 0, 0, 0, 3, 2, 3, 2, 3, 3, 2,
       2, 2, 2, 0, 1, 0, 0, 0, 3, 3, 3, 0, 2, 0, 2, 3, 2, 3, 0, 1, 2, 0,
       0, 1, 3, 2, 3, 2, 0, 3, 2, 2], dtype=object)]
[148, array([-18.,  -9.,  -9.,   0.]), array([2, 1, 0, 1, 3, 3, 0, 3, 0, 0, 0, 2, 0, 2, 1, 2, 2, 0, 1, 2, 3, 3,
       1, 2, 2, 1, 3, 3, 2, 2, 2, 0, 2, 0, 2, 1, 3, 2, 1, 0, 3, 0, 0, 2,
       3, 2, 1, 0, 0, 3, 3, 2, 0, 1, 0, 3, 1, 1, 1, 0, 0, 0, 3, 0, 0, 2,
       1, 1, 2, 3, 3, 2, 2, 0, 2, 3, 1, 1, 0, 0, 0, 3, 2, 3, 2, 3, 3, 2,
       2, 2, 2, 0, 1, 0, 0, 0, 3, 3, 3, 0, 2, 0, 2, 3, 2, 3, 0, 1, 2, 0,
       0, 1, 3, 2, 3, 2, 0, 3, 2, 2], dtype=object)]
[149, array([-18.,  -9.,  -9.,   0.]), array([2, 1, 0, 1, 1, 2, 1, 3, 0, 0, 0, 2, 2, 2, 0, 0, 2, 0, 0, 2, 3, 3,
       1, 2, 2, 1, 0, 0, 2, 2, 2, 0, 1, 2, 2, 1, 3, 2, 1, 3, 3, 0, 0, 2,
       3, 2, 1, 0, 0, 3, 3, 2, 1, 0, 0, 3, 1, 1, 1, 0, 0, 0, 3, 0, 0, 2,
       1, 1, 2, 1, 3, 3, 2, 3, 2, 3, 1, 1, 0, 0, 0, 3, 2, 3, 2, 3, 2, 1,
       2, 1, 2, 0, 1, 3, 0, 0, 0, 3, 3, 1, 2, 0, 2, 3, 2, 3, 0, 1, 2, 0,
       0, 1, 3, 2, 3, 2, 0, 3, 2, 2], dtype=object)]
[149, array([-18.,  -9.,  -9.,   0.]), array([2, 1, 0, 1, 1, 2, 1, 3, 0, 0, 0, 2, 2, 2, 0, 0, 2, 0, 0, 2, 3, 3,
       1, 2, 2, 1, 0, 0, 2, 2, 2, 0, 1, 2, 2, 1, 3, 2, 1, 3, 3, 0, 0, 2,
       3, 2, 1, 0, 0, 3, 3, 2, 1, 0, 0, 3, 1, 1, 1, 0, 0, 0, 3, 0, 0, 2,
       1, 1, 2, 1, 3, 3, 2, 3, 2, 3, 1, 1, 0, 0, 0, 3, 2, 3, 2, 3, 2, 1,
       2, 1, 2, 0, 1, 3, 0, 0, 0, 3, 3, 1, 2, 0, 2, 3, 2, 3, 0, 1, 2, 0,
       0, 1, 3, 2, 3, 2, 0, 3, 2, 2], dtype=object)]
[149, array([-18.,  -9.,  -9.,   0.]), array([2, 1, 0, 1, 1, 2, 1, 3, 0, 0, 0, 2, 2, 2, 0, 0, 2, 0, 0, 2, 3, 3,
       1, 2, 2, 1, 0, 0, 2, 2, 2, 0, 1, 2, 2, 1, 3, 2, 1, 3, 3, 0, 0, 2,
       3, 2, 1, 0, 0, 3, 3, 2, 1, 0, 0, 3, 1, 1, 1, 0, 0, 0, 3, 0, 0, 2,
       1, 1, 2, 1, 3, 3, 2, 3, 2, 3, 1, 1, 0, 0, 0, 3, 2, 3, 2, 3, 2, 1,
       2, 1, 2, 0, 1, 3, 0, 0, 0, 3, 3, 1, 2, 0, 2, 3, 2, 3, 0, 1, 2, 0,
       0, 1, 3, 2, 3, 2, 0, 3, 2, 2], dtype=object)]
[149, array([-18.,  -9.,  -9.,   0.]), array([2, 1, 0, 1, 1, 2, 1, 3, 0, 0, 0, 2, 2, 2, 0, 0, 2, 0, 0, 2, 3, 3,
       1, 2, 2, 1, 0, 0, 2, 2, 2, 0, 1, 2, 2, 1, 3, 2, 1, 3, 3, 0, 0, 2,
       3, 2, 1, 0, 0, 3, 3, 2, 1, 0, 0, 3, 1, 1, 1, 0, 0, 0, 3, 0, 0, 2,
       1, 1, 2, 1, 3, 3, 2, 3, 2, 3, 1, 1, 0, 0, 0, 3, 2, 3, 2, 3, 2, 1,
       2, 1, 2, 0, 1, 3, 0, 0, 0, 3, 3, 1, 2, 0, 2, 3, 2, 3, 0, 1, 2, 0,
       0, 1, 3, 2, 3, 2, 0, 3, 2, 2], dtype=object)]
[150, array([-18.,  -9.,  -9.,   0.]), array([3, 1, 0, 1, 1, 3, 0, 3, 0, 0, 0, 2, 0, 2, 1, 2, 2, 2, 1, 2, 3, 3,
       1, 2, 2, 1, 3, 0, 2, 2, 2, 0, 1, 0, 2, 1, 3, 2, 1, 0, 3, 0, 0, 2,
       3, 2, 1, 0, 0, 2, 3, 2, 1, 1, 0, 2, 1, 1, 1, 0, 0, 0, 3, 0, 0, 2,
       1, 1, 2, 3, 3, 2, 2, 0, 2, 3, 1, 1, 0, 3, 0, 3, 2, 3, 2, 1, 2, 1,
       2, 1, 2, 0, 3, 3, 0, 0, 0, 0, 3, 1, 2, 0, 2, 3, 2, 3, 0, 1, 2, 0,
       0, 1, 3, 2, 3, 2, 0, 3, 2, 2], dtype=object)]
[150, array([-18.,  -9.,  -9.,   0.]), array([3, 1, 0, 1, 1, 3, 0, 3, 0, 0, 0, 2, 0, 2, 1, 2, 2, 2, 1, 2, 3, 3,
       1, 2, 2, 1, 3, 0, 2, 2, 2, 0, 1, 0, 2, 1, 3, 2, 1, 0, 3, 0, 0, 2,
       3, 2, 1, 0, 0, 2, 3, 2, 1, 1, 0, 2, 1, 1, 1, 0, 0, 0, 3, 0, 0, 2,
       1, 1, 2, 3, 3, 2, 2, 0, 2, 3, 1, 1, 0, 3, 0, 3, 2, 3, 2, 1, 2, 1,
       2, 1, 2, 0, 3, 3, 0, 0, 0, 0, 3, 1, 2, 0, 2, 3, 2, 3, 0, 1, 2, 0,
       0, 1, 3, 2, 3, 2, 0, 3, 2, 2], dtype=object)]
[150, array([-18.,  -9.,  -9.,   0.]), array([3, 1, 0, 1, 1, 3, 0, 3, 0, 0, 0, 2, 0, 2, 1, 2, 2, 2, 1, 2, 3, 3,
       1, 2, 2, 1, 3, 0, 2, 2, 2, 0, 1, 0, 2, 1, 3, 2, 1, 0, 3, 0, 0, 2,
       3, 2, 1, 0, 0, 2, 3, 2, 1, 1, 0, 2, 1, 1, 1, 0, 0, 0, 3, 0, 0, 2,
       1, 1, 2, 3, 3, 2, 2, 0, 2, 3, 1, 1, 0, 3, 0, 3, 2, 3, 2, 1, 2, 1,
       2, 1, 2, 0, 3, 3, 0, 0, 0, 0, 3, 1, 2, 0, 2, 3, 2, 3, 0, 1, 2, 0,
       0, 1, 3, 2, 3, 2, 0, 3, 2, 2], dtype=object)]
[150, array([-18.,  -9.,  -9.,   0.]), array([3, 1, 0, 1, 1, 3, 0, 3, 0, 0, 0, 2, 0, 2, 1, 2, 2, 2, 1, 2, 3, 3,
       1, 2, 2, 1, 3, 0, 2, 2, 2, 0, 1, 0, 2, 1, 3, 2, 1, 0, 3, 0, 0, 2,
       3, 2, 1, 0, 0, 2, 3, 2, 1, 1, 0, 2, 1, 1, 1, 0, 0, 0, 3, 0, 0, 2,
       1, 1, 2, 3, 3, 2, 2, 0, 2, 3, 1, 1, 0, 3, 0, 3, 2, 3, 2, 1, 2, 1,
       2, 1, 2, 0, 3, 3, 0, 0, 0, 0, 3, 1, 2, 0, 2, 3, 2, 3, 0, 1, 2, 0,
       0, 1, 3, 2, 3, 2, 0, 3, 2, 2], dtype=object)]
[151, array([-18.,  -9.,  -9.,   0.]), array([1, 0, 0, 3, 1, 1, 0, 1, 0, 0, 0, 2, 2, 2, 0, 0, 2, 0, 0, 2, 3, 3,
       1, 2, 2, 1, 0, 0, 2, 2, 2, 0, 1, 2, 2, 1, 3, 2, 1, 3, 3, 0, 0, 2,
       3, 2, 1, 0, 0, 3, 3, 2, 0, 1, 0, 3, 1, 1, 1, 0, 0, 0, 3, 0, 0, 2,
       1, 1, 2, 3, 3, 3, 2, 3, 2, 3, 1, 1, 0, 0, 0, 3, 2, 3, 2, 1, 2, 1,
       2, 1, 2, 0, 1, 3, 0, 0, 0, 3, 3, 1, 2, 0, 2, 3, 2, 3, 0, 1, 2, 0,
       0, 1, 3, 2, 3, 2, 0, 0, 2, 2], dtype=object)]
[151, array([-18.,  -9.,  -9.,   0.]), array([1, 0, 0, 3, 1, 1, 0, 1, 0, 0, 0, 2, 2, 2, 0, 0, 2, 0, 0, 2, 3, 3,
       1, 2, 2, 1, 0, 0, 2, 2, 2, 0, 1, 2, 2, 1, 3, 2, 1, 3, 3, 0, 0, 2,
       3, 2, 1, 0, 0, 3, 3, 2, 0, 1, 0, 3, 1, 1, 1, 0, 0, 0, 3, 0, 0, 2,
       1, 1, 2, 3, 3, 3, 2, 3, 2, 3, 1, 1, 0, 0, 0, 3, 2, 3, 2, 1, 2, 1,
       2, 1, 2, 0, 1, 3, 0, 0, 0, 3, 3, 1, 2, 0, 2, 3, 2, 3, 0, 1, 2, 0,
       0, 1, 3, 2, 3, 2, 0, 0, 2, 2], dtype=object)]
[151, array([-18.,  -9.,  -9.,   0.]), array([1, 0, 0, 3, 1, 1, 0, 1, 0, 0, 0, 2, 2, 2, 0, 0, 2, 0, 0, 2, 3, 3,
       1, 2, 2, 1, 0, 0, 2, 2, 2, 0, 1, 2, 2, 1, 3, 2, 1, 3, 3, 0, 0, 2,
       3, 2, 1, 0, 0, 3, 3, 2, 0, 1, 0, 3, 1, 1, 1, 0, 0, 0, 3, 0, 0, 2,
       1, 1, 2, 3, 3, 3, 2, 3, 2, 3, 1, 1, 0, 0, 0, 3, 2, 3, 2, 1, 2, 1,
       2, 1, 2, 0, 1, 3, 0, 0, 0, 3, 3, 1, 2, 0, 2, 3, 2, 3, 0, 1, 2, 0,
       0, 1, 3, 2, 3, 2, 0, 0, 2, 2], dtype=object)]
[151, array([-18.,  -9.,  -9.,   0.]), array([1, 0, 0, 3, 1, 1, 0, 1, 0, 0, 0, 2, 2, 2, 0, 0, 2, 0, 0, 2, 3, 3,
       1, 2, 2, 1, 0, 0, 2, 2, 2, 0, 1, 2, 2, 1, 3, 2, 1, 3, 3, 0, 0, 2,
       3, 2, 1, 0, 0, 3, 3, 2, 0, 1, 0, 3, 1, 1, 1, 0, 0, 0, 3, 0, 0, 2,
       1, 1, 2, 3, 3, 3, 2, 3, 2, 3, 1, 1, 0, 0, 0, 3, 2, 3, 2, 1, 2, 1,
       2, 1, 2, 0, 1, 3, 0, 0, 0, 3, 3, 1, 2, 0, 2, 3, 2, 3, 0, 1, 2, 0,
       0, 1, 3, 2, 3, 2, 0, 0, 2, 2], dtype=object)]
[152, array([-18.,  -9.,  -9.,   0.]), array([2, 1, 0, 1, 1, 2, 1, 3, 0, 0, 0, 2, 2, 2, 0, 0, 2, 0, 0, 2, 3, 3,
       1, 2, 2, 1, 0, 0, 2, 2, 2, 0, 1, 2, 2, 1, 3, 2, 1, 3, 3, 0, 0, 2,
       3, 2, 1, 0, 0, 3, 3, 2, 1, 1, 1, 3, 1, 1, 1, 2, 0, 0, 3, 0, 0, 2,
       3, 1, 2, 3, 3, 3, 2, 3, 2, 3, 1, 1, 0, 0, 0, 3, 2, 3, 2, 3, 2, 0,
       2, 2, 2, 0, 1, 0, 0, 0, 3, 3, 3, 1, 2, 0, 2, 3, 2, 3, 0, 1, 2, 0,
       0, 1, 3, 2, 3, 2, 0, 3, 2, 2], dtype=object)]
[152, array([-18.,  -9.,  -9.,   0.]), array([2, 1, 0, 1, 1, 2, 1, 3, 0, 0, 0, 2, 2, 2, 0, 0, 2, 0, 0, 2, 3, 3,
       1, 2, 2, 1, 0, 0, 2, 2, 2, 0, 1, 2, 2, 1, 3, 2, 1, 3, 3, 0, 0, 2,
       3, 2, 1, 0, 0, 3, 3, 2, 1, 1, 1, 3, 1, 1, 1, 2, 0, 0, 3, 0, 0, 2,
       3, 1, 2, 3, 3, 3, 2, 3, 2, 3, 1, 1, 0, 0, 0, 3, 2, 3, 2, 3, 2, 0,
       2, 2, 2, 0, 1, 0, 0, 0, 3, 3, 3, 1, 2, 0, 2, 3, 2, 3, 0, 1, 2, 0,
       0, 1, 3, 2, 3, 2, 0, 3, 2, 2], dtype=object)]
[152, array([-18.,  -9.,  -9.,   0.]), array([2, 1, 0, 1, 1, 2, 1, 3, 0, 0, 0, 2, 2, 2, 0, 0, 2, 0, 0, 2, 3, 3,
       1, 2, 2, 1, 0, 0, 2, 2, 2, 0, 1, 2, 2, 1, 3, 2, 1, 3, 3, 0, 0, 2,
       3, 2, 1, 0, 0, 3, 3, 2, 1, 1, 1, 3, 1, 1, 1, 2, 0, 0, 3, 0, 0, 2,
       3, 1, 2, 3, 3, 3, 2, 3, 2, 3, 1, 1, 0, 0, 0, 3, 2, 3, 2, 3, 2, 0,
       2, 2, 2, 0, 1, 0, 0, 0, 3, 3, 3, 1, 2, 0, 2, 3, 2, 3, 0, 1, 2, 0,
       0, 1, 3, 2, 3, 2, 0, 3, 2, 2], dtype=object)]
[152, array([-18.,  -9.,  -9.,   0.]), array([2, 1, 0, 1, 1, 2, 1, 3, 0, 0, 0, 2, 2, 2, 0, 0, 2, 0, 0, 2, 3, 3,
       1, 2, 2, 1, 0, 0, 2, 2, 2, 0, 1, 2, 2, 1, 3, 2, 1, 3, 3, 0, 0, 2,
       3, 2, 1, 0, 0, 3, 3, 2, 1, 1, 1, 3, 1, 1, 1, 2, 0, 0, 3, 0, 0, 2,
       3, 1, 2, 3, 3, 3, 2, 3, 2, 3, 1, 1, 0, 0, 0, 3, 2, 3, 2, 3, 2, 0,
       2, 2, 2, 0, 1, 0, 0, 0, 3, 3, 3, 1, 2, 0, 2, 3, 2, 3, 0, 1, 2, 0,
       0, 1, 3, 2, 3, 2, 0, 3, 2, 2], dtype=object)]
[153, array([-18.,  -9.,  -9.,   0.]), array([2, 1, 0, 1, 1, 2, 1, 3, 0, 0, 0, 2, 2, 2, 0, 0, 2, 0, 0, 2, 3, 3,
       1, 0, 2, 1, 0, 0, 2, 2, 2, 0, 1, 2, 2, 1, 3, 2, 1, 3, 3, 0, 0, 2,
       3, 2, 1, 0, 0, 2, 3, 2, 0, 1, 0, 3, 1, 1, 1, 0, 2, 3, 3, 0, 0, 2,
       1, 1, 2, 3, 3, 2, 2, 0, 2, 3, 1, 1, 0, 3, 0, 3, 2, 3, 2, 1, 2, 1,
       2, 1, 2, 0, 1, 3, 0, 0, 0, 3, 3, 1, 2, 0, 2, 3, 2, 3, 0, 3, 2, 0,
       2, 1, 3, 2, 3, 2, 0, 3, 2, 2], dtype=object)]
[153, array([-18.,  -9.,  -9.,   0.]), array([2, 1, 0, 1, 1, 2, 1, 3, 0, 0, 0, 2, 2, 2, 0, 0, 2, 0, 0, 2, 3, 3,
       1, 0, 2, 1, 0, 0, 2, 2, 2, 0, 1, 2, 2, 1, 3, 2, 1, 3, 3, 0, 0, 2,
       3, 2, 1, 0, 0, 2, 3, 2, 0, 1, 0, 3, 1, 1, 1, 0, 2, 3, 3, 0, 0, 2,
       1, 1, 2, 3, 3, 2, 2, 0, 2, 3, 1, 1, 0, 3, 0, 3, 2, 3, 2, 1, 2, 1,
       2, 1, 2, 0, 1, 3, 0, 0, 0, 3, 3, 1, 2, 0, 2, 3, 2, 3, 0, 3, 2, 0,
       2, 1, 3, 2, 3, 2, 0, 3, 2, 2], dtype=object)]
[153, array([-18.,  -9.,  -9.,   0.]), array([2, 1, 0, 1, 1, 2, 1, 3, 0, 0, 0, 2, 2, 2, 0, 0, 2, 0, 0, 2, 3, 3,
       1, 0, 2, 1, 0, 0, 2, 2, 2, 0, 1, 2, 2, 1, 3, 2, 1, 3, 3, 0, 0, 2,
       3, 2, 1, 0, 0, 2, 3, 2, 0, 1, 0, 3, 1, 1, 1, 0, 2, 3, 3, 0, 0, 2,
       1, 1, 2, 3, 3, 2, 2, 0, 2, 3, 1, 1, 0, 3, 0, 3, 2, 3, 2, 1, 2, 1,
       2, 1, 2, 0, 1, 3, 0, 0, 0, 3, 3, 1, 2, 0, 2, 3, 2, 3, 0, 3, 2, 0,
       2, 1, 3, 2, 3, 2, 0, 3, 2, 2], dtype=object)]
[153, array([-18.,  -9.,  -9.,   0.]), array([2, 1, 0, 1, 1, 2, 1, 3, 0, 0, 0, 2, 2, 2, 0, 0, 2, 0, 0, 2, 3, 3,
       1, 0, 2, 1, 0, 0, 2, 2, 2, 0, 1, 2, 2, 1, 3, 2, 1, 3, 3, 0, 0, 2,
       3, 2, 1, 0, 0, 2, 3, 2, 0, 1, 0, 3, 1, 1, 1, 0, 2, 3, 3, 0, 0, 2,
       1, 1, 2, 3, 3, 2, 2, 0, 2, 3, 1, 1, 0, 3, 0, 3, 2, 3, 2, 1, 2, 1,
       2, 1, 2, 0, 1, 3, 0, 0, 0, 3, 3, 1, 2, 0, 2, 3, 2, 3, 0, 3, 2, 0,
       2, 1, 3, 2, 3, 2, 0, 3, 2, 2], dtype=object)]
[154, array([-18.,  -9.,  -9.,   0.]), array([2, 1, 0, 1, 1, 3, 0, 3, 0, 0, 0, 2, 0, 2, 1, 2, 2, 2, 1, 2, 3, 3,
       1, 2, 2, 1, 3, 0, 2, 2, 2, 0, 1, 0, 2, 1, 3, 2, 1, 0, 3, 0, 0, 2,
       3, 2, 1, 0, 0, 3, 3, 2, 1, 1, 0, 3, 1, 1, 1, 0, 2, 3, 3, 0, 0, 2,
       1, 1, 2, 3, 3, 2, 2, 0, 2, 3, 1, 1, 0, 3, 0, 3, 2, 3, 2, 3, 2, 1,
       2, 1, 2, 0, 1, 3, 0, 0, 0, 3, 3, 1, 2, 0, 2, 3, 2, 0, 0, 3, 2, 3,
       2, 1, 3, 2, 3, 2, 0, 0, 2, 2], dtype=object)]
[154, array([-18.,  -9.,  -9.,   0.]), array([2, 1, 0, 1, 1, 3, 0, 3, 0, 0, 0, 2, 0, 2, 1, 2, 2, 2, 1, 2, 3, 3,
       1, 2, 2, 1, 3, 0, 2, 2, 2, 0, 1, 0, 2, 1, 3, 2, 1, 0, 3, 0, 0, 2,
       3, 2, 1, 0, 0, 3, 3, 2, 1, 1, 0, 3, 1, 1, 1, 0, 2, 3, 3, 0, 0, 2,
       1, 1, 2, 3, 3, 2, 2, 0, 2, 3, 1, 1, 0, 3, 0, 3, 2, 3, 2, 3, 2, 1,
       2, 1, 2, 0, 1, 3, 0, 0, 0, 3, 3, 1, 2, 0, 2, 3, 2, 0, 0, 3, 2, 3,
       2, 1, 3, 2, 3, 2, 0, 0, 2, 2], dtype=object)]
[154, array([-18.,  -9.,  -9.,   0.]), array([2, 1, 0, 1, 1, 3, 0, 3, 0, 0, 0, 2, 0, 2, 1, 2, 2, 2, 1, 2, 3, 3,
       1, 2, 2, 1, 3, 0, 2, 2, 2, 0, 1, 0, 2, 1, 3, 2, 1, 0, 3, 0, 0, 2,
       3, 2, 1, 0, 0, 3, 3, 2, 1, 1, 0, 3, 1, 1, 1, 0, 2, 3, 3, 0, 0, 2,
       1, 1, 2, 3, 3, 2, 2, 0, 2, 3, 1, 1, 0, 3, 0, 3, 2, 3, 2, 3, 2, 1,
       2, 1, 2, 0, 1, 3, 0, 0, 0, 3, 3, 1, 2, 0, 2, 3, 2, 0, 0, 3, 2, 3,
       2, 1, 3, 2, 3, 2, 0, 0, 2, 2], dtype=object)]
[154, array([-18.,  -9.,  -9.,   0.]), array([2, 1, 0, 1, 1, 3, 0, 3, 0, 0, 0, 2, 0, 2, 1, 2, 2, 2, 1, 2, 3, 3,
       1, 2, 2, 1, 3, 0, 2, 2, 2, 0, 1, 0, 2, 1, 3, 2, 1, 0, 3, 0, 0, 2,
       3, 2, 1, 0, 0, 3, 3, 2, 1, 1, 0, 3, 1, 1, 1, 0, 2, 3, 3, 0, 0, 2,
       1, 1, 2, 3, 3, 2, 2, 0, 2, 3, 1, 1, 0, 3, 0, 3, 2, 3, 2, 3, 2, 1,
       2, 1, 2, 0, 1, 3, 0, 0, 0, 3, 3, 1, 2, 0, 2, 3, 2, 0, 0, 3, 2, 3,
       2, 1, 3, 2, 3, 2, 0, 0, 2, 2], dtype=object)]
[155, array([-18.,  -9.,  -9.,   0.]), array([2, 1, 0, 1, 3, 3, 0, 3, 0, 0, 0, 2, 0, 2, 1, 2, 2, 2, 1, 2, 3, 3,
       1, 0, 2, 1, 0, 0, 2, 2, 2, 0, 1, 2, 2, 1, 3, 2, 1, 3, 3, 0, 0, 2,
       3, 2, 1, 3, 0, 2, 3, 2, 0, 1, 0, 3, 1, 1, 1, 0, 2, 3, 3, 0, 0, 2,
       1, 1, 2, 3, 3, 2, 2, 0, 2, 3, 1, 1, 0, 3, 0, 3, 2, 3, 2, 1, 2, 1,
       2, 1, 3, 0, 1, 3, 3, 0, 0, 3, 3, 1, 2, 0, 2, 3, 2, 3, 0, 1, 2, 0,
       0, 1, 1, 2, 3, 2, 0, 3, 2, 2], dtype=object)]
[155, array([-18.,  -9.,  -9.,   0.]), array([2, 1, 0, 1, 3, 3, 0, 3, 0, 0, 0, 2, 0, 2, 1, 2, 2, 2, 1, 2, 3, 3,
       1, 0, 2, 1, 0, 0, 2, 2, 2, 0, 1, 2, 2, 1, 3, 2, 1, 3, 3, 0, 0, 2,
       3, 2, 1, 3, 0, 2, 3, 2, 0, 1, 0, 3, 1, 1, 1, 0, 2, 3, 3, 0, 0, 2,
       1, 1, 2, 3, 3, 2, 2, 0, 2, 3, 1, 1, 0, 3, 0, 3, 2, 3, 2, 1, 2, 1,
       2, 1, 3, 0, 1, 3, 3, 0, 0, 3, 3, 1, 2, 0, 2, 3, 2, 3, 0, 1, 2, 0,
       0, 1, 1, 2, 3, 2, 0, 3, 2, 2], dtype=object)]
[155, array([-18.,  -9.,  -9.,   0.]), array([2, 1, 0, 1, 3, 3, 0, 3, 0, 0, 0, 2, 0, 2, 1, 2, 2, 2, 1, 2, 3, 3,
       1, 0, 2, 1, 0, 0, 2, 2, 2, 0, 1, 2, 2, 1, 3, 2, 1, 3, 3, 0, 0, 2,
       3, 2, 1, 3, 0, 2, 3, 2, 0, 1, 0, 3, 1, 1, 1, 0, 2, 3, 3, 0, 0, 2,
       1, 1, 2, 3, 3, 2, 2, 0, 2, 3, 1, 1, 0, 3, 0, 3, 2, 3, 2, 1, 2, 1,
       2, 1, 3, 0, 1, 3, 3, 0, 0, 3, 3, 1, 2, 0, 2, 3, 2, 3, 0, 1, 2, 0,
       0, 1, 1, 2, 3, 2, 0, 3, 2, 2], dtype=object)]
[155, array([-18.,  -9.,  -9.,   0.]), array([2, 1, 0, 1, 3, 3, 0, 3, 0, 0, 0, 2, 0, 2, 1, 2, 2, 2, 1, 2, 3, 3,
       1, 0, 2, 1, 0, 0, 2, 2, 2, 0, 1, 2, 2, 1, 3, 2, 1, 3, 3, 0, 0, 2,
       3, 2, 1, 3, 0, 2, 3, 2, 0, 1, 0, 3, 1, 1, 1, 0, 2, 3, 3, 0, 0, 2,
       1, 1, 2, 3, 3, 2, 2, 0, 2, 3, 1, 1, 0, 3, 0, 3, 2, 3, 2, 1, 2, 1,
       2, 1, 3, 0, 1, 3, 3, 0, 0, 3, 3, 1, 2, 0, 2, 3, 2, 3, 0, 1, 2, 0,
       0, 1, 1, 2, 3, 2, 0, 3, 2, 2], dtype=object)]
[156, array([-18.,  -9.,  -9.,   0.]), array([2, 1, 0, 1, 3, 3, 0, 3, 0, 0, 0, 2, 0, 2, 1, 2, 2, 2, 1, 2, 3, 3,
       1, 0, 2, 1, 0, 0, 2, 2, 2, 0, 1, 2, 2, 1, 3, 2, 1, 3, 3, 0, 0, 2,
       3, 2, 1, 3, 0, 2, 3, 2, 0, 1, 0, 3, 1, 1, 1, 0, 2, 3, 3, 0, 0, 2,
       1, 1, 2, 3, 3, 2, 2, 0, 2, 3, 1, 1, 0, 3, 0, 3, 2, 3, 2, 1, 2, 1,
       2, 1, 3, 0, 1, 3, 3, 0, 0, 3, 3, 1, 2, 0, 2, 3, 2, 3, 0, 1, 2, 0,
       0, 1, 1, 2, 3, 2, 0, 3, 2, 2], dtype=object)]
[156, array([-18.,  -9.,  -9.,   0.]), array([2, 1, 0, 1, 3, 3, 0, 3, 0, 0, 0, 2, 0, 2, 1, 2, 2, 2, 1, 2, 3, 3,
       1, 0, 2, 1, 0, 0, 2, 2, 2, 0, 1, 2, 2, 1, 3, 2, 1, 3, 3, 0, 0, 2,
       3, 2, 1, 3, 0, 2, 3, 2, 0, 1, 0, 3, 1, 1, 1, 0, 2, 3, 3, 0, 0, 2,
       1, 1, 2, 3, 3, 2, 2, 0, 2, 3, 1, 1, 0, 3, 0, 3, 2, 3, 2, 1, 2, 1,
       2, 1, 3, 0, 1, 3, 3, 0, 0, 3, 3, 1, 2, 0, 2, 3, 2, 3, 0, 1, 2, 0,
       0, 1, 1, 2, 3, 2, 0, 3, 2, 2], dtype=object)]
[156, array([-18.,  -9.,  -9.,   0.]), array([2, 1, 0, 1, 3, 3, 0, 3, 0, 0, 0, 2, 0, 2, 1, 2, 2, 2, 1, 2, 3, 3,
       1, 0, 2, 1, 0, 0, 2, 2, 2, 0, 1, 2, 2, 1, 3, 2, 1, 3, 3, 0, 0, 2,
       3, 2, 1, 3, 0, 2, 3, 2, 0, 1, 0, 3, 1, 1, 1, 0, 2, 3, 3, 0, 0, 2,
       1, 1, 2, 3, 3, 2, 2, 0, 2, 3, 1, 1, 0, 3, 0, 3, 2, 3, 2, 1, 2, 1,
       2, 1, 3, 0, 1, 3, 3, 0, 0, 3, 3, 1, 2, 0, 2, 3, 2, 3, 0, 1, 2, 0,
       0, 1, 1, 2, 3, 2, 0, 3, 2, 2], dtype=object)]
[156, array([-18.,  -9.,  -9.,   0.]), array([2, 1, 0, 1, 3, 3, 0, 3, 0, 0, 0, 2, 0, 2, 1, 2, 2, 2, 1, 2, 3, 3,
       1, 0, 2, 1, 0, 0, 2, 2, 2, 0, 1, 2, 2, 1, 3, 2, 1, 3, 3, 0, 0, 2,
       3, 2, 1, 3, 0, 2, 3, 2, 0, 1, 0, 3, 1, 1, 1, 0, 2, 3, 3, 0, 0, 2,
       1, 1, 2, 3, 3, 2, 2, 0, 2, 3, 1, 1, 0, 3, 0, 3, 2, 3, 2, 1, 2, 1,
       2, 1, 3, 0, 1, 3, 3, 0, 0, 3, 3, 1, 2, 0, 2, 3, 2, 3, 0, 1, 2, 0,
       0, 1, 1, 2, 3, 2, 0, 3, 2, 2], dtype=object)]
[157, array([-18.,  -9.,  -9.,   0.]), array([2, 1, 0, 1, 1, 2, 1, 3, 0, 0, 0, 3, 1, 2, 0, 0, 2, 0, 0, 2, 3, 3,
       1, 0, 2, 1, 0, 0, 2, 2, 2, 0, 1, 0, 2, 1, 3, 2, 1, 3, 3, 0, 3, 2,
       2, 2, 1, 0, 0, 3, 3, 2, 1, 1, 2, 3, 1, 0, 1, 0, 2, 0, 3, 0, 0, 2,
       1, 1, 2, 3, 3, 3, 2, 3, 2, 3, 1, 1, 0, 0, 0, 3, 3, 3, 2, 1, 2, 1,
       2, 1, 2, 0, 1, 3, 0, 0, 0, 3, 3, 1, 2, 0, 2, 3, 2, 3, 0, 1, 2, 0,
       0, 1, 3, 2, 3, 2, 0, 0, 2, 2], dtype=object)]
[157, array([-18.,  -9.,  -9.,   0.]), array([2, 1, 0, 1, 1, 2, 1, 3, 0, 0, 0, 3, 1, 2, 0, 0, 2, 0, 0, 2, 3, 3,
       1, 0, 2, 1, 0, 0, 2, 2, 2, 0, 1, 0, 2, 1, 3, 2, 1, 3, 3, 0, 3, 2,
       2, 2, 1, 0, 0, 3, 3, 2, 1, 1, 2, 3, 1, 0, 1, 0, 2, 0, 3, 0, 0, 2,
       1, 1, 2, 3, 3, 3, 2, 3, 2, 3, 1, 1, 0, 0, 0, 3, 3, 3, 2, 1, 2, 1,
       2, 1, 2, 0, 1, 3, 0, 0, 0, 3, 3, 1, 2, 0, 2, 3, 2, 3, 0, 1, 2, 0,
       0, 1, 3, 2, 3, 2, 0, 0, 2, 2], dtype=object)]
[157, array([-18.,  -9.,  -9.,   0.]), array([2, 1, 0, 1, 1, 2, 1, 3, 0, 0, 0, 3, 1, 2, 0, 0, 2, 0, 0, 2, 3, 3,
       1, 0, 2, 1, 0, 0, 2, 2, 2, 0, 1, 0, 2, 1, 3, 2, 1, 3, 3, 0, 3, 2,
       2, 2, 1, 0, 0, 3, 3, 2, 1, 1, 2, 3, 1, 0, 1, 0, 2, 0, 3, 0, 0, 2,
       1, 1, 2, 3, 3, 3, 2, 3, 2, 3, 1, 1, 0, 0, 0, 3, 3, 3, 2, 1, 2, 1,
       2, 1, 2, 0, 1, 3, 0, 0, 0, 3, 3, 1, 2, 0, 2, 3, 2, 3, 0, 1, 2, 0,
       0, 1, 3, 2, 3, 2, 0, 0, 2, 2], dtype=object)]
[157, array([-18.,  -9.,  -9.,   0.]), array([2, 1, 0, 1, 1, 2, 1, 3, 0, 0, 0, 3, 1, 2, 0, 0, 2, 0, 0, 2, 3, 3,
       1, 0, 2, 1, 0, 0, 2, 2, 2, 0, 1, 0, 2, 1, 3, 2, 1, 3, 3, 0, 3, 2,
       2, 2, 1, 0, 0, 3, 3, 2, 1, 1, 2, 3, 1, 0, 1, 0, 2, 0, 3, 0, 0, 2,
       1, 1, 2, 3, 3, 3, 2, 3, 2, 3, 1, 1, 0, 0, 0, 3, 3, 3, 2, 1, 2, 1,
       2, 1, 2, 0, 1, 3, 0, 0, 0, 3, 3, 1, 2, 0, 2, 3, 2, 3, 0, 1, 2, 0,
       0, 1, 3, 2, 3, 2, 0, 0, 2, 2], dtype=object)]
[158, array([-18.,  -9.,  -9.,   0.]), array([2, 1, 0, 1, 1, 2, 1, 3, 0, 0, 0, 3, 1, 2, 0, 0, 2, 0, 0, 2, 3, 3,
       1, 0, 2, 1, 0, 0, 2, 2, 2, 0, 1, 0, 2, 1, 3, 2, 1, 3, 3, 0, 3, 2,
       2, 2, 1, 0, 0, 3, 3, 2, 1, 1, 2, 3, 1, 0, 1, 0, 2, 0, 3, 0, 0, 2,
       1, 1, 2, 3, 3, 3, 2, 3, 2, 3, 1, 1, 0, 0, 0, 3, 3, 3, 2, 1, 2, 1,
       2, 1, 2, 0, 1, 3, 0, 0, 0, 3, 3, 1, 2, 0, 2, 3, 2, 3, 0, 1, 2, 0,
       0, 1, 3, 2, 3, 2, 0, 0, 2, 2], dtype=object)]
[158, array([-18.,  -9.,  -9.,   0.]), array([2, 1, 0, 1, 1, 2, 1, 3, 0, 0, 0, 3, 1, 2, 0, 0, 2, 0, 0, 2, 3, 3,
       1, 0, 2, 1, 0, 0, 2, 2, 2, 0, 1, 0, 2, 1, 3, 2, 1, 3, 3, 0, 3, 2,
       2, 2, 1, 0, 0, 3, 3, 2, 1, 1, 2, 3, 1, 0, 1, 0, 2, 0, 3, 0, 0, 2,
       1, 1, 2, 3, 3, 3, 2, 3, 2, 3, 1, 1, 0, 0, 0, 3, 3, 3, 2, 1, 2, 1,
       2, 1, 2, 0, 1, 3, 0, 0, 0, 3, 3, 1, 2, 0, 2, 3, 2, 3, 0, 1, 2, 0,
       0, 1, 3, 2, 3, 2, 0, 0, 2, 2], dtype=object)]
[158, array([-18.,  -9.,  -9.,   0.]), array([2, 1, 0, 1, 1, 2, 1, 3, 0, 0, 0, 3, 1, 2, 0, 0, 2, 0, 0, 2, 3, 3,
       1, 0, 2, 1, 0, 0, 2, 2, 2, 0, 1, 0, 2, 1, 3, 2, 1, 3, 3, 0, 3, 2,
       2, 2, 1, 0, 0, 3, 3, 2, 1, 1, 2, 3, 1, 0, 1, 0, 2, 0, 3, 0, 0, 2,
       1, 1, 2, 3, 3, 3, 2, 3, 2, 3, 1, 1, 0, 0, 0, 3, 3, 3, 2, 1, 2, 1,
       2, 1, 2, 0, 1, 3, 0, 0, 0, 3, 3, 1, 2, 0, 2, 3, 2, 3, 0, 1, 2, 0,
       0, 1, 3, 2, 3, 2, 0, 0, 2, 2], dtype=object)]
[158, array([-18.,  -9.,  -9.,   0.]), array([2, 1, 0, 1, 1, 2, 1, 3, 0, 0, 0, 3, 1, 2, 0, 0, 2, 0, 0, 2, 3, 3,
       1, 0, 2, 1, 0, 0, 2, 2, 2, 0, 1, 0, 2, 1, 3, 2, 1, 3, 3, 0, 3, 2,
       2, 2, 1, 0, 0, 3, 3, 2, 1, 1, 2, 3, 1, 0, 1, 0, 2, 0, 3, 0, 0, 2,
       1, 1, 2, 3, 3, 3, 2, 3, 2, 3, 1, 1, 0, 0, 0, 3, 3, 3, 2, 1, 2, 1,
       2, 1, 2, 0, 1, 3, 0, 0, 0, 3, 3, 1, 2, 0, 2, 3, 2, 3, 0, 1, 2, 0,
       0, 1, 3, 2, 3, 2, 0, 0, 2, 2], dtype=object)]
[159, array([-18.,  -9.,  -9.,   0.]), array([2, 1, 0, 1, 1, 2, 1, 3, 0, 0, 0, 2, 2, 2, 0, 0, 2, 0, 0, 2, 3, 3,
       1, 2, 2, 1, 0, 0, 2, 2, 2, 0, 1, 2, 2, 1, 3, 2, 1, 3, 2, 0, 0, 2,
       3, 2, 1, 0, 0, 3, 3, 2, 1, 1, 0, 3, 1, 1, 1, 0, 0, 0, 3, 0, 0, 2,
       1, 1, 2, 3, 3, 2, 2, 0, 2, 3, 1, 1, 0, 3, 0, 0, 2, 3, 2, 1, 2, 1,
       2, 1, 2, 0, 1, 3, 0, 0, 0, 3, 3, 1, 2, 0, 2, 3, 2, 3, 0, 1, 2, 0,
       0, 1, 3, 2, 3, 2, 0, 0, 2, 2], dtype=object)]
[159, array([-18.,  -9.,  -9.,   0.]), array([2, 1, 0, 1, 1, 2, 1, 3, 0, 0, 0, 2, 2, 2, 0, 0, 2, 0, 0, 2, 3, 3,
       1, 2, 2, 1, 0, 0, 2, 2, 2, 0, 1, 2, 2, 1, 3, 2, 1, 3, 2, 0, 0, 2,
       3, 2, 1, 0, 0, 3, 3, 2, 1, 1, 0, 3, 1, 1, 1, 0, 0, 0, 3, 0, 0, 2,
       1, 1, 2, 3, 3, 2, 2, 0, 2, 3, 1, 1, 0, 3, 0, 0, 2, 3, 2, 1, 2, 1,
       2, 1, 2, 0, 1, 3, 0, 0, 0, 3, 3, 1, 2, 0, 2, 3, 2, 3, 0, 1, 2, 0,
       0, 1, 3, 2, 3, 2, 0, 0, 2, 2], dtype=object)]
[159, array([-18.,  -9.,  -9.,   0.]), array([2, 1, 0, 1, 1, 2, 1, 3, 0, 0, 0, 2, 2, 2, 0, 0, 2, 0, 0, 2, 3, 3,
       1, 2, 2, 1, 0, 0, 2, 2, 2, 0, 1, 2, 2, 1, 3, 2, 1, 3, 2, 0, 0, 2,
       3, 2, 1, 0, 0, 3, 3, 2, 1, 1, 0, 3, 1, 1, 1, 0, 0, 0, 3, 0, 0, 2,
       1, 1, 2, 3, 3, 2, 2, 0, 2, 3, 1, 1, 0, 3, 0, 0, 2, 3, 2, 1, 2, 1,
       2, 1, 2, 0, 1, 3, 0, 0, 0, 3, 3, 1, 2, 0, 2, 3, 2, 3, 0, 1, 2, 0,
       0, 1, 3, 2, 3, 2, 0, 0, 2, 2], dtype=object)]
[159, array([-18.,  -9.,  -9.,   0.]), array([2, 1, 0, 1, 1, 2, 1, 3, 0, 0, 0, 2, 2, 2, 0, 0, 2, 0, 0, 2, 3, 3,
       1, 2, 2, 1, 0, 0, 2, 2, 2, 0, 1, 2, 2, 1, 3, 2, 1, 3, 2, 0, 0, 2,
       3, 2, 1, 0, 0, 3, 3, 2, 1, 1, 0, 3, 1, 1, 1, 0, 0, 0, 3, 0, 0, 2,
       1, 1, 2, 3, 3, 2, 2, 0, 2, 3, 1, 1, 0, 3, 0, 0, 2, 3, 2, 1, 2, 1,
       2, 1, 2, 0, 1, 3, 0, 0, 0, 3, 3, 1, 2, 0, 2, 3, 2, 3, 0, 1, 2, 0,
       0, 1, 3, 2, 3, 2, 0, 0, 2, 2], dtype=object)]
[160, array([-18.,  -9.,  -9.,   0.]), array([2, 1, 0, 1, 1, 2, 1, 2, 0, 0, 0, 2, 2, 2, 3, 0, 2, 0, 0, 2, 3, 3,
       1, 2, 2, 1, 0, 0, 2, 2, 2, 0, 1, 2, 2, 1, 3, 2, 1, 3, 2, 0, 0, 2,
       3, 2, 1, 0, 0, 3, 3, 2, 1, 1, 0, 3, 1, 1, 1, 0, 0, 0, 3, 0, 0, 2,
       1, 1, 2, 3, 3, 2, 1, 0, 2, 3, 1, 1, 0, 3, 0, 0, 2, 3, 2, 1, 2, 1,
       2, 1, 1, 0, 1, 3, 0, 0, 0, 3, 3, 1, 2, 0, 2, 3, 2, 3, 0, 1, 2, 0,
       0, 1, 3, 2, 3, 2, 0, 0, 2, 2], dtype=object)]
[160, array([-18.,  -9.,  -9.,   0.]), array([2, 1, 0, 1, 1, 2, 1, 2, 0, 0, 0, 2, 2, 2, 3, 0, 2, 0, 0, 2, 3, 3,
       1, 2, 2, 1, 0, 0, 2, 2, 2, 0, 1, 2, 2, 1, 3, 2, 1, 3, 2, 0, 0, 2,
       3, 2, 1, 0, 0, 3, 3, 2, 1, 1, 0, 3, 1, 1, 1, 0, 0, 0, 3, 0, 0, 2,
       1, 1, 2, 3, 3, 2, 1, 0, 2, 3, 1, 1, 0, 3, 0, 0, 2, 3, 2, 1, 2, 1,
       2, 1, 1, 0, 1, 3, 0, 0, 0, 3, 3, 1, 2, 0, 2, 3, 2, 3, 0, 1, 2, 0,
       0, 1, 3, 2, 3, 2, 0, 0, 2, 2], dtype=object)]
[160, array([-18.,  -9.,  -9.,   0.]), array([2, 1, 0, 1, 1, 2, 1, 2, 0, 0, 0, 2, 2, 2, 3, 0, 2, 0, 0, 2, 3, 3,
       1, 2, 2, 1, 0, 0, 2, 2, 2, 0, 1, 2, 2, 1, 3, 2, 1, 3, 2, 0, 0, 2,
       3, 2, 1, 0, 0, 3, 3, 2, 1, 1, 0, 3, 1, 1, 1, 0, 0, 0, 3, 0, 0, 2,
       1, 1, 2, 3, 3, 2, 1, 0, 2, 3, 1, 1, 0, 3, 0, 0, 2, 3, 2, 1, 2, 1,
       2, 1, 1, 0, 1, 3, 0, 0, 0, 3, 3, 1, 2, 0, 2, 3, 2, 3, 0, 1, 2, 0,
       0, 1, 3, 2, 3, 2, 0, 0, 2, 2], dtype=object)]
[160, array([-18.,  -9.,  -9.,   0.]), array([2, 1, 0, 1, 1, 2, 1, 2, 0, 0, 0, 2, 2, 2, 3, 0, 2, 0, 0, 2, 3, 3,
       1, 2, 2, 1, 0, 0, 2, 2, 2, 0, 1, 2, 2, 1, 3, 2, 1, 3, 2, 0, 0, 2,
       3, 2, 1, 0, 0, 3, 3, 2, 1, 1, 0, 3, 1, 1, 1, 0, 0, 0, 3, 0, 0, 2,
       1, 1, 2, 3, 3, 2, 1, 0, 2, 3, 1, 1, 0, 3, 0, 0, 2, 3, 2, 1, 2, 1,
       2, 1, 1, 0, 1, 3, 0, 0, 0, 3, 3, 1, 2, 0, 2, 3, 2, 3, 0, 1, 2, 0,
       0, 1, 3, 2, 3, 2, 0, 0, 2, 2], dtype=object)]
[161, array([-18.,  -9.,  -9.,   0.]), array([2, 1, 0, 1, 1, 2, 1, 3, 0, 0, 0, 2, 2, 2, 0, 0, 2, 0, 0, 2, 3, 3,
       1, 2, 2, 1, 1, 0, 2, 2, 2, 0, 1, 2, 2, 1, 3, 2, 1, 3, 2, 0, 0, 2,
       3, 2, 1, 0, 0, 3, 3, 2, 1, 1, 0, 3, 1, 1, 1, 0, 0, 0, 3, 0, 0, 2,
       1, 1, 2, 3, 3, 2, 2, 0, 2, 3, 1, 1, 0, 3, 0, 3, 2, 3, 2, 1, 2, 1,
       2, 1, 3, 0, 1, 3, 3, 0, 0, 3, 3, 1, 2, 0, 2, 3, 2, 3, 0, 3, 2, 1,
       2, 1, 1, 2, 3, 2, 0, 3, 2, 2], dtype=object)]
[161, array([-18.,  -9.,  -9.,   0.]), array([2, 1, 0, 1, 1, 2, 1, 3, 0, 0, 0, 2, 2, 2, 0, 0, 2, 0, 0, 2, 3, 3,
       1, 2, 2, 1, 1, 0, 2, 2, 2, 0, 1, 2, 2, 1, 3, 2, 1, 3, 2, 0, 0, 2,
       3, 2, 1, 0, 0, 3, 3, 2, 1, 1, 0, 3, 1, 1, 1, 0, 0, 0, 3, 0, 0, 2,
       1, 1, 2, 3, 3, 2, 2, 0, 2, 3, 1, 1, 0, 3, 0, 3, 2, 3, 2, 1, 2, 1,
       2, 1, 3, 0, 1, 3, 3, 0, 0, 3, 3, 1, 2, 0, 2, 3, 2, 3, 0, 3, 2, 1,
       2, 1, 1, 2, 3, 2, 0, 3, 2, 2], dtype=object)]
[161, array([-18.,  -9.,  -9.,   0.]), array([2, 1, 0, 1, 1, 2, 1, 3, 0, 0, 0, 2, 2, 2, 0, 0, 2, 0, 0, 2, 3, 3,
       1, 2, 2, 1, 1, 0, 2, 2, 2, 0, 1, 2, 2, 1, 3, 2, 1, 3, 2, 0, 0, 2,
       3, 2, 1, 0, 0, 3, 3, 2, 1, 1, 0, 3, 1, 1, 1, 0, 0, 0, 3, 0, 0, 2,
       1, 1, 2, 3, 3, 2, 2, 0, 2, 3, 1, 1, 0, 3, 0, 3, 2, 3, 2, 1, 2, 1,
       2, 1, 3, 0, 1, 3, 3, 0, 0, 3, 3, 1, 2, 0, 2, 3, 2, 3, 0, 3, 2, 1,
       2, 1, 1, 2, 3, 2, 0, 3, 2, 2], dtype=object)]
[161, array([-18.,  -9.,  -9.,   0.]), array([2, 1, 0, 1, 1, 2, 1, 3, 0, 0, 0, 2, 2, 2, 0, 0, 2, 0, 0, 2, 3, 3,
       1, 2, 2, 1, 1, 0, 2, 2, 2, 0, 1, 2, 2, 1, 3, 2, 1, 3, 2, 0, 0, 2,
       3, 2, 1, 0, 0, 3, 3, 2, 1, 1, 0, 3, 1, 1, 1, 0, 0, 0, 3, 0, 0, 2,
       1, 1, 2, 3, 3, 2, 2, 0, 2, 3, 1, 1, 0, 3, 0, 3, 2, 3, 2, 1, 2, 1,
       2, 1, 3, 0, 1, 3, 3, 0, 0, 3, 3, 1, 2, 0, 2, 3, 2, 3, 0, 3, 2, 1,
       2, 1, 1, 2, 3, 2, 0, 3, 2, 2], dtype=object)]
[162, array([-18.,  -9.,  -9.,   0.]), array([2, 1, 0, 1, 1, 2, 1, 3, 0, 0, 0, 2, 2, 2, 0, 0, 2, 0, 0, 2, 3, 3,
       1, 0, 2, 1, 0, 0, 2, 2, 2, 0, 1, 2, 2, 1, 3, 2, 1, 3, 3, 0, 0, 2,
       3, 2, 1, 0, 0, 2, 3, 2, 1, 1, 0, 3, 1, 1, 1, 0, 2, 0, 3, 0, 0, 2,
       1, 1, 2, 3, 3, 1, 2, 0, 2, 3, 1, 3, 0, 3, 0, 3, 1, 3, 2, 1, 2, 1,
       2, 1, 2, 0, 1, 0, 0, 3, 0, 3, 3, 1, 2, 0, 2, 3, 2, 1, 0, 1, 2, 0,
       0, 1, 2, 2, 3, 2, 0, 3, 2, 2], dtype=object)]
[162, array([-18.,  -9.,  -9.,   0.]), array([2, 1, 0, 1, 1, 2, 1, 3, 0, 0, 0, 2, 2, 2, 0, 0, 2, 0, 0, 2, 3, 3,
       1, 0, 2, 1, 0, 0, 2, 2, 2, 0, 1, 2, 2, 1, 3, 2, 1, 3, 3, 0, 0, 2,
       3, 2, 1, 0, 0, 2, 3, 2, 1, 1, 0, 3, 1, 1, 1, 0, 2, 0, 3, 0, 0, 2,
       1, 1, 2, 3, 3, 1, 2, 0, 2, 3, 1, 3, 0, 3, 0, 3, 1, 3, 2, 1, 2, 1,
       2, 1, 2, 0, 1, 0, 0, 3, 0, 3, 3, 1, 2, 0, 2, 3, 2, 1, 0, 1, 2, 0,
       0, 1, 2, 2, 3, 2, 0, 3, 2, 2], dtype=object)]
[162, array([-18.,  -9.,  -9.,   0.]), array([2, 1, 0, 1, 1, 2, 1, 3, 0, 0, 0, 2, 2, 2, 0, 0, 2, 0, 0, 2, 3, 3,
       1, 0, 2, 1, 0, 0, 2, 2, 2, 0, 1, 2, 2, 1, 3, 2, 1, 3, 3, 0, 0, 2,
       3, 2, 1, 0, 0, 2, 3, 2, 1, 1, 0, 3, 1, 1, 1, 0, 2, 0, 3, 0, 0, 2,
       1, 1, 2, 3, 3, 1, 2, 0, 2, 3, 1, 3, 0, 3, 0, 3, 1, 3, 2, 1, 2, 1,
       2, 1, 2, 0, 1, 0, 0, 3, 0, 3, 3, 1, 2, 0, 2, 3, 2, 1, 0, 1, 2, 0,
       0, 1, 2, 2, 3, 2, 0, 3, 2, 2], dtype=object)]
[162, array([-18.,  -9.,  -9.,   0.]), array([2, 1, 0, 1, 1, 2, 1, 3, 0, 0, 0, 2, 2, 2, 0, 0, 2, 0, 0, 2, 3, 3,
       1, 0, 2, 1, 0, 0, 2, 2, 2, 0, 1, 2, 2, 1, 3, 2, 1, 3, 3, 0, 0, 2,
       3, 2, 1, 0, 0, 2, 3, 2, 1, 1, 0, 3, 1, 1, 1, 0, 2, 0, 3, 0, 0, 2,
       1, 1, 2, 3, 3, 1, 2, 0, 2, 3, 1, 3, 0, 3, 0, 3, 1, 3, 2, 1, 2, 1,
       2, 1, 2, 0, 1, 0, 0, 3, 0, 3, 3, 1, 2, 0, 2, 3, 2, 1, 0, 1, 2, 0,
       0, 1, 2, 2, 3, 2, 0, 3, 2, 2], dtype=object)]
[163, array([-18.,  -9.,  -9.,   0.]), array([2, 1, 0, 1, 1, 2, 1, 3, 0, 0, 0, 2, 2, 2, 0, 0, 2, 0, 0, 2, 3, 3,
       1, 2, 2, 1, 0, 0, 2, 2, 2, 0, 1, 2, 2, 1, 3, 2, 1, 3, 3, 0, 0, 2,
       1, 2, 1, 0, 0, 2, 3, 2, 1, 1, 0, 3, 1, 1, 1, 0, 0, 0, 3, 0, 0, 2,
       1, 1, 2, 3, 3, 3, 2, 3, 2, 3, 1, 1, 0, 3, 0, 3, 2, 3, 2, 1, 2, 1,
       2, 1, 3, 0, 1, 3, 3, 0, 0, 3, 3, 1, 2, 0, 2, 3, 2, 3, 0, 3, 2, 1,
       0, 1, 1, 2, 3, 2, 0, 3, 2, 2], dtype=object)]
[163, array([-18.,  -9.,  -9.,   0.]), array([2, 1, 0, 1, 1, 2, 1, 3, 0, 0, 0, 2, 2, 2, 0, 0, 2, 0, 0, 2, 3, 3,
       1, 2, 2, 1, 0, 0, 2, 2, 2, 0, 1, 2, 2, 1, 3, 2, 1, 3, 3, 0, 0, 2,
       1, 2, 1, 0, 0, 2, 3, 2, 1, 1, 0, 3, 1, 1, 1, 0, 0, 0, 3, 0, 0, 2,
       1, 1, 2, 3, 3, 3, 2, 3, 2, 3, 1, 1, 0, 3, 0, 3, 2, 3, 2, 1, 2, 1,
       2, 1, 3, 0, 1, 3, 3, 0, 0, 3, 3, 1, 2, 0, 2, 3, 2, 3, 0, 3, 2, 1,
       0, 1, 1, 2, 3, 2, 0, 3, 2, 2], dtype=object)]
[163, array([-18.,  -9.,  -9.,   0.]), array([2, 1, 0, 1, 1, 2, 1, 3, 0, 0, 0, 2, 2, 2, 0, 0, 2, 0, 0, 2, 3, 3,
       1, 2, 2, 1, 0, 0, 2, 2, 2, 0, 1, 2, 2, 1, 3, 2, 1, 3, 3, 0, 0, 2,
       1, 2, 1, 0, 0, 2, 3, 2, 1, 1, 0, 3, 1, 1, 1, 0, 0, 0, 3, 0, 0, 2,
       1, 1, 2, 3, 3, 3, 2, 3, 2, 3, 1, 1, 0, 3, 0, 3, 2, 3, 2, 1, 2, 1,
       2, 1, 3, 0, 1, 3, 3, 0, 0, 3, 3, 1, 2, 0, 2, 3, 2, 3, 0, 3, 2, 1,
       0, 1, 1, 2, 3, 2, 0, 3, 2, 2], dtype=object)]
[163, array([-18.,  -9.,  -9.,   0.]), array([2, 1, 0, 1, 1, 2, 1, 3, 0, 0, 0, 2, 2, 2, 0, 0, 2, 0, 0, 2, 3, 3,
       1, 2, 2, 1, 0, 0, 2, 2, 2, 0, 1, 2, 2, 1, 3, 2, 1, 3, 3, 0, 0, 2,
       1, 2, 1, 0, 0, 2, 3, 2, 1, 1, 0, 3, 1, 1, 1, 0, 0, 0, 3, 0, 0, 2,
       1, 1, 2, 3, 3, 3, 2, 3, 2, 3, 1, 1, 0, 3, 0, 3, 2, 3, 2, 1, 2, 1,
       2, 1, 3, 0, 1, 3, 3, 0, 0, 3, 3, 1, 2, 0, 2, 3, 2, 3, 0, 3, 2, 1,
       0, 1, 1, 2, 3, 2, 0, 3, 2, 2], dtype=object)]
[164, array([-18.,  -9.,  -9.,   0.]), array([2, 1, 0, 1, 1, 2, 1, 3, 0, 0, 0, 2, 2, 2, 0, 0, 2, 0, 0, 2, 3, 3,
       1, 2, 2, 1, 0, 0, 2, 2, 2, 0, 1, 2, 2, 1, 3, 2, 1, 3, 3, 0, 0, 2,
       1, 2, 1, 0, 0, 2, 3, 2, 1, 1, 0, 3, 1, 1, 1, 0, 0, 0, 3, 0, 0, 2,
       1, 1, 2, 3, 3, 3, 2, 3, 2, 3, 1, 1, 0, 3, 0, 3, 2, 3, 2, 1, 2, 1,
       2, 1, 3, 0, 1, 3, 3, 0, 0, 3, 0, 1, 2, 0, 2, 3, 2, 3, 0, 3, 2, 1,
       0, 1, 1, 2, 3, 2, 0, 3, 2, 2], dtype=object)]
[164, array([-18.,  -9.,  -9.,   0.]), array([2, 1, 0, 1, 1, 2, 1, 3, 0, 0, 0, 2, 2, 2, 0, 0, 2, 0, 0, 2, 3, 3,
       1, 2, 2, 1, 0, 0, 2, 2, 2, 0, 1, 2, 2, 1, 3, 2, 1, 3, 3, 0, 0, 2,
       1, 2, 1, 0, 0, 2, 3, 2, 1, 1, 0, 3, 1, 1, 1, 0, 0, 0, 3, 0, 0, 2,
       1, 1, 2, 3, 3, 3, 2, 3, 2, 3, 1, 1, 0, 3, 0, 3, 2, 3, 2, 1, 2, 1,
       2, 1, 3, 0, 1, 3, 3, 0, 0, 3, 0, 1, 2, 0, 2, 3, 2, 3, 0, 3, 2, 1,
       0, 1, 1, 2, 3, 2, 0, 3, 2, 2], dtype=object)]
[164, array([-18.,  -9.,  -9.,   0.]), array([2, 1, 0, 1, 1, 2, 1, 3, 0, 0, 0, 2, 2, 2, 0, 0, 2, 0, 0, 2, 3, 3,
       1, 2, 2, 1, 0, 0, 2, 2, 2, 0, 1, 2, 2, 1, 3, 2, 1, 3, 3, 0, 0, 2,
       1, 2, 1, 0, 0, 2, 3, 2, 1, 1, 0, 3, 1, 1, 1, 0, 0, 0, 3, 0, 0, 2,
       1, 1, 2, 3, 3, 3, 2, 3, 2, 3, 1, 1, 0, 3, 0, 3, 2, 3, 2, 1, 2, 1,
       2, 1, 3, 0, 1, 3, 3, 0, 0, 3, 0, 1, 2, 0, 2, 3, 2, 3, 0, 3, 2, 1,
       0, 1, 1, 2, 3, 2, 0, 3, 2, 2], dtype=object)]
[164, array([-18.,  -9.,  -9.,   0.]), array([2, 1, 0, 1, 1, 2, 1, 3, 0, 0, 0, 2, 2, 2, 0, 0, 2, 0, 0, 2, 3, 3,
       1, 2, 2, 1, 0, 0, 2, 2, 2, 0, 1, 2, 2, 1, 3, 2, 1, 3, 3, 0, 0, 2,
       1, 2, 1, 0, 0, 2, 3, 2, 1, 1, 0, 3, 1, 1, 1, 0, 0, 0, 3, 0, 0, 2,
       1, 1, 2, 3, 3, 3, 2, 3, 2, 3, 1, 1, 0, 3, 0, 3, 2, 3, 2, 1, 2, 1,
       2, 1, 3, 0, 1, 3, 3, 0, 0, 3, 0, 1, 2, 0, 2, 3, 2, 3, 0, 3, 2, 1,
       0, 1, 1, 2, 3, 2, 0, 3, 2, 2], dtype=object)]
[165, array([-18.,  -9.,  -9.,   0.]), array([3, 1, 0, 1, 1, 2, 1, 3, 0, 0, 0, 2, 2, 2, 0, 0, 2, 0, 0, 2, 0, 3,
       1, 2, 2, 1, 0, 0, 2, 2, 2, 0, 1, 2, 2, 1, 3, 2, 1, 3, 3, 0, 0, 2,
       3, 2, 1, 0, 0, 3, 3, 2, 1, 1, 0, 3, 1, 1, 1, 0, 0, 0, 3, 0, 0, 2,
       1, 0, 2, 3, 3, 2, 2, 0, 2, 3, 1, 1, 0, 0, 1, 3, 3, 3, 2, 1, 2, 1,
       2, 1, 3, 0, 1, 3, 3, 0, 0, 3, 3, 1, 2, 0, 2, 3, 2, 3, 0, 1, 2, 0,
       0, 1, 3, 2, 3, 2, 0, 3, 2, 2], dtype=object)]
[165, array([-18.,  -9.,  -9.,   0.]), array([3, 1, 0, 1, 1, 2, 1, 3, 0, 0, 0, 2, 2, 2, 0, 0, 2, 0, 0, 2, 0, 3,
       1, 2, 2, 1, 0, 0, 2, 2, 2, 0, 1, 2, 2, 1, 3, 2, 1, 3, 3, 0, 0, 2,
       3, 2, 1, 0, 0, 3, 3, 2, 1, 1, 0, 3, 1, 1, 1, 0, 0, 0, 3, 0, 0, 2,
       1, 0, 2, 3, 3, 2, 2, 0, 2, 3, 1, 1, 0, 0, 1, 3, 3, 3, 2, 1, 2, 1,
       2, 1, 3, 0, 1, 3, 3, 0, 0, 3, 3, 1, 2, 0, 2, 3, 2, 3, 0, 1, 2, 0,
       0, 1, 3, 2, 3, 2, 0, 3, 2, 2], dtype=object)]
[165, array([-18.,  -9.,  -9.,   0.]), array([3, 1, 0, 1, 1, 2, 1, 3, 0, 0, 0, 2, 2, 2, 0, 0, 2, 0, 0, 2, 0, 3,
       1, 2, 2, 1, 0, 0, 2, 2, 2, 0, 1, 2, 2, 1, 3, 2, 1, 3, 3, 0, 0, 2,
       3, 2, 1, 0, 0, 3, 3, 2, 1, 1, 0, 3, 1, 1, 1, 0, 0, 0, 3, 0, 0, 2,
       1, 0, 2, 3, 3, 2, 2, 0, 2, 3, 1, 1, 0, 0, 1, 3, 3, 3, 2, 1, 2, 1,
       2, 1, 3, 0, 1, 3, 3, 0, 0, 3, 3, 1, 2, 0, 2, 3, 2, 3, 0, 1, 2, 0,
       0, 1, 3, 2, 3, 2, 0, 3, 2, 2], dtype=object)]
[165, array([-18.,  -9.,  -9.,   0.]), array([3, 1, 0, 1, 1, 2, 1, 3, 0, 0, 0, 2, 2, 2, 0, 0, 2, 0, 0, 2, 0, 3,
       1, 2, 2, 1, 0, 0, 2, 2, 2, 0, 1, 2, 2, 1, 3, 2, 1, 3, 3, 0, 0, 2,
       3, 2, 1, 0, 0, 3, 3, 2, 1, 1, 0, 3, 1, 1, 1, 0, 0, 0, 3, 0, 0, 2,
       1, 0, 2, 3, 3, 2, 2, 0, 2, 3, 1, 1, 0, 0, 1, 3, 3, 3, 2, 1, 2, 1,
       2, 1, 3, 0, 1, 3, 3, 0, 0, 3, 3, 1, 2, 0, 2, 3, 2, 3, 0, 1, 2, 0,
       0, 1, 3, 2, 3, 2, 0, 3, 2, 2], dtype=object)]
[166, array([-18.,  -9.,  -9.,   0.]), array([3, 1, 0, 1, 1, 2, 1, 3, 0, 0, 0, 2, 2, 2, 0, 0, 2, 0, 0, 2, 0, 3,
       1, 2, 2, 1, 0, 0, 2, 2, 2, 0, 1, 2, 2, 1, 3, 2, 1, 3, 3, 0, 0, 2,
       1, 2, 1, 0, 0, 3, 3, 2, 1, 1, 0, 3, 1, 1, 1, 0, 0, 0, 3, 0, 0, 2,
       1, 0, 2, 3, 3, 2, 2, 0, 2, 3, 1, 1, 0, 0, 1, 3, 3, 3, 2, 1, 2, 1,
       2, 1, 3, 0, 1, 3, 3, 0, 0, 3, 3, 1, 2, 0, 2, 3, 2, 3, 0, 1, 2, 0,
       0, 1, 3, 2, 3, 2, 0, 3, 2, 2], dtype=object)]
[166, array([-18.,  -9.,  -9.,   0.]), array([3, 1, 0, 1, 1, 2, 1, 3, 0, 0, 0, 2, 2, 2, 0, 0, 2, 0, 0, 2, 0, 3,
       1, 2, 2, 1, 0, 0, 2, 2, 2, 0, 1, 2, 2, 1, 3, 2, 1, 3, 3, 0, 0, 2,
       1, 2, 1, 0, 0, 3, 3, 2, 1, 1, 0, 3, 1, 1, 1, 0, 0, 0, 3, 0, 0, 2,
       1, 0, 2, 3, 3, 2, 2, 0, 2, 3, 1, 1, 0, 0, 1, 3, 3, 3, 2, 1, 2, 1,
       2, 1, 3, 0, 1, 3, 3, 0, 0, 3, 3, 1, 2, 0, 2, 3, 2, 3, 0, 1, 2, 0,
       0, 1, 3, 2, 3, 2, 0, 3, 2, 2], dtype=object)]
[166, array([-18.,  -9.,  -9.,   0.]), array([3, 1, 0, 1, 1, 2, 1, 3, 0, 0, 0, 2, 2, 2, 0, 0, 2, 0, 0, 2, 0, 3,
       1, 2, 2, 1, 0, 0, 2, 2, 2, 0, 1, 2, 2, 1, 3, 2, 1, 3, 3, 0, 0, 2,
       1, 2, 1, 0, 0, 3, 3, 2, 1, 1, 0, 3, 1, 1, 1, 0, 0, 0, 3, 0, 0, 2,
       1, 0, 2, 3, 3, 2, 2, 0, 2, 3, 1, 1, 0, 0, 1, 3, 3, 3, 2, 1, 2, 1,
       2, 1, 3, 0, 1, 3, 3, 0, 0, 3, 3, 1, 2, 0, 2, 3, 2, 3, 0, 1, 2, 0,
       0, 1, 3, 2, 3, 2, 0, 3, 2, 2], dtype=object)]
[166, array([-18.,  -9.,  -9.,   0.]), array([3, 1, 0, 1, 1, 2, 1, 3, 0, 0, 0, 2, 2, 2, 0, 0, 2, 0, 0, 2, 0, 3,
       1, 2, 2, 1, 0, 0, 2, 2, 2, 0, 1, 2, 2, 1, 3, 2, 1, 3, 3, 0, 0, 2,
       1, 2, 1, 0, 0, 3, 3, 2, 1, 1, 0, 3, 1, 1, 1, 0, 0, 0, 3, 0, 0, 2,
       1, 0, 2, 3, 3, 2, 2, 0, 2, 3, 1, 1, 0, 0, 1, 3, 3, 3, 2, 1, 2, 1,
       2, 1, 3, 0, 1, 3, 3, 0, 0, 3, 3, 1, 2, 0, 2, 3, 2, 3, 0, 1, 2, 0,
       0, 1, 3, 2, 3, 2, 0, 3, 2, 2], dtype=object)]
[167, array([-18.,  -9.,  -9.,   0.]), array([2, 1, 0, 1, 1, 2, 1, 3, 0, 0, 0, 3, 1, 2, 0, 1, 2, 0, 0, 2, 3, 3,
       1, 0, 2, 1, 0, 0, 2, 2, 2, 0, 1, 0, 2, 1, 3, 2, 1, 3, 3, 0, 3, 2,
       0, 2, 1, 0, 0, 3, 3, 2, 1, 1, 0, 3, 1, 2, 1, 0, 0, 0, 3, 0, 0, 2,
       1, 1, 2, 3, 3, 1, 2, 3, 2, 3, 1, 1, 0, 0, 0, 3, 2, 3, 2, 3, 2, 1,
       2, 3, 3, 0, 1, 3, 3, 0, 0, 3, 3, 1, 2, 0, 2, 3, 2, 3, 0, 1, 2, 0,
       0, 1, 3, 2, 1, 2, 0, 2, 2, 2], dtype=object)]
[167, array([-18.,  -9.,  -9.,   0.]), array([2, 1, 0, 1, 1, 2, 1, 3, 0, 0, 0, 3, 1, 2, 0, 1, 2, 0, 0, 2, 3, 3,
       1, 0, 2, 1, 0, 0, 2, 2, 2, 0, 1, 0, 2, 1, 3, 2, 1, 3, 3, 0, 3, 2,
       0, 2, 1, 0, 0, 3, 3, 2, 1, 1, 0, 3, 1, 2, 1, 0, 0, 0, 3, 0, 0, 2,
       1, 1, 2, 3, 3, 1, 2, 3, 2, 3, 1, 1, 0, 0, 0, 3, 2, 3, 2, 3, 2, 1,
       2, 3, 3, 0, 1, 3, 3, 0, 0, 3, 3, 1, 2, 0, 2, 3, 2, 3, 0, 1, 2, 0,
       0, 1, 3, 2, 1, 2, 0, 2, 2, 2], dtype=object)]
[167, array([-18.,  -9.,  -9.,   0.]), array([2, 1, 0, 1, 1, 2, 1, 3, 0, 0, 0, 3, 1, 2, 0, 1, 2, 0, 0, 2, 3, 3,
       1, 0, 2, 1, 0, 0, 2, 2, 2, 0, 1, 0, 2, 1, 3, 2, 1, 3, 3, 0, 3, 2,
       0, 2, 1, 0, 0, 3, 3, 2, 1, 1, 0, 3, 1, 2, 1, 0, 0, 0, 3, 0, 0, 2,
       1, 1, 2, 3, 3, 1, 2, 3, 2, 3, 1, 1, 0, 0, 0, 3, 2, 3, 2, 3, 2, 1,
       2, 3, 3, 0, 1, 3, 3, 0, 0, 3, 3, 1, 2, 0, 2, 3, 2, 3, 0, 1, 2, 0,
       0, 1, 3, 2, 1, 2, 0, 2, 2, 2], dtype=object)]
[167, array([-18.,  -9.,  -9.,   0.]), array([2, 1, 0, 1, 1, 2, 1, 3, 0, 0, 0, 3, 1, 2, 0, 1, 2, 0, 0, 2, 3, 3,
       1, 0, 2, 1, 0, 0, 2, 2, 2, 0, 1, 0, 2, 1, 3, 2, 1, 3, 3, 0, 3, 2,
       0, 2, 1, 0, 0, 3, 3, 2, 1, 1, 0, 3, 1, 2, 1, 0, 0, 0, 3, 0, 0, 2,
       1, 1, 2, 3, 3, 1, 2, 3, 2, 3, 1, 1, 0, 0, 0, 3, 2, 3, 2, 3, 2, 1,
       2, 3, 3, 0, 1, 3, 3, 0, 0, 3, 3, 1, 2, 0, 2, 3, 2, 3, 0, 1, 2, 0,
       0, 1, 3, 2, 1, 2, 0, 2, 2, 2], dtype=object)]
[168, array([-18.,  -9.,  -9.,   0.]), array([2, 1, 0, 1, 1, 2, 1, 3, 0, 0, 0, 2, 2, 2, 0, 0, 2, 0, 0, 2, 3, 3,
       1, 0, 2, 1, 0, 0, 2, 2, 2, 0, 1, 2, 2, 1, 3, 2, 1, 3, 3, 0, 0, 2,
       1, 2, 1, 0, 0, 2, 3, 2, 1, 1, 0, 3, 1, 1, 1, 0, 0, 0, 3, 0, 0, 2,
       1, 1, 2, 3, 3, 2, 2, 0, 2, 3, 1, 1, 0, 3, 0, 3, 2, 3, 2, 1, 2, 1,
       2, 1, 3, 0, 1, 1, 3, 0, 0, 3, 3, 1, 2, 0, 2, 3, 2, 3, 0, 0, 2, 0,
       0, 2, 3, 2, 3, 2, 0, 0, 2, 2], dtype=object)]
[168, array([-18.,  -9.,  -9.,   0.]), array([2, 1, 0, 1, 1, 2, 1, 3, 0, 0, 0, 2, 2, 2, 0, 0, 2, 0, 0, 2, 3, 3,
       1, 0, 2, 1, 0, 0, 2, 2, 2, 0, 1, 2, 2, 1, 3, 2, 1, 3, 3, 0, 0, 2,
       1, 2, 1, 0, 0, 2, 3, 2, 1, 1, 0, 3, 1, 1, 1, 0, 0, 0, 3, 0, 0, 2,
       1, 1, 2, 3, 3, 2, 2, 0, 2, 3, 1, 1, 0, 3, 0, 3, 2, 3, 2, 1, 2, 1,
       2, 1, 3, 0, 1, 1, 3, 0, 0, 3, 3, 1, 2, 0, 2, 3, 2, 3, 0, 0, 2, 0,
       0, 2, 3, 2, 3, 2, 0, 0, 2, 2], dtype=object)]
[168, array([-18.,  -9.,  -9.,   0.]), array([2, 1, 0, 1, 1, 2, 1, 3, 0, 0, 0, 2, 2, 2, 0, 0, 2, 0, 0, 2, 3, 3,
       1, 0, 2, 1, 0, 0, 2, 2, 2, 0, 1, 2, 2, 1, 3, 2, 1, 3, 3, 0, 0, 2,
       1, 2, 1, 0, 0, 2, 3, 2, 1, 1, 0, 3, 1, 1, 1, 0, 0, 0, 3, 0, 0, 2,
       1, 1, 2, 3, 3, 2, 2, 0, 2, 3, 1, 1, 0, 3, 0, 3, 2, 3, 2, 1, 2, 1,
       2, 1, 3, 0, 1, 1, 3, 0, 0, 3, 3, 1, 2, 0, 2, 3, 2, 3, 0, 0, 2, 0,
       0, 2, 3, 2, 3, 2, 0, 0, 2, 2], dtype=object)]
[168, array([-18.,  -9.,  -9.,   0.]), array([2, 1, 0, 1, 1, 2, 1, 3, 0, 0, 0, 2, 2, 2, 0, 0, 2, 0, 0, 2, 3, 3,
       1, 0, 2, 1, 0, 0, 2, 2, 2, 0, 1, 2, 2, 1, 3, 2, 1, 3, 3, 0, 0, 2,
       1, 2, 1, 0, 0, 2, 3, 2, 1, 1, 0, 3, 1, 1, 1, 0, 0, 0, 3, 0, 0, 2,
       1, 1, 2, 3, 3, 2, 2, 0, 2, 3, 1, 1, 0, 3, 0, 3, 2, 3, 2, 1, 2, 1,
       2, 1, 3, 0, 1, 1, 3, 0, 0, 3, 3, 1, 2, 0, 2, 3, 2, 3, 0, 0, 2, 0,
       0, 2, 3, 2, 3, 2, 0, 0, 2, 2], dtype=object)]
[169, array([-18.,  -9.,  -9.,   0.]), array([2, 1, 0, 1, 1, 2, 1, 3, 0, 0, 0, 3, 1, 0, 0, 0, 2, 0, 0, 2, 1, 0,
       1, 2, 2, 1, 3, 0, 2, 2, 2, 1, 1, 3, 2, 1, 3, 2, 1, 3, 3, 0, 3, 2,
       0, 2, 1, 0, 3, 3, 3, 2, 1, 1, 0, 3, 1, 2, 1, 0, 0, 0, 3, 0, 0, 2,
       1, 1, 2, 3, 3, 1, 2, 3, 2, 3, 1, 1, 0, 0, 0, 3, 2, 3, 2, 1, 2, 1,
       2, 1, 2, 0, 1, 3, 0, 0, 1, 3, 1, 1, 2, 0, 2, 3, 2, 3, 0, 3, 2, 0,
       2, 1, 3, 2, 3, 2, 0, 3, 2, 2], dtype=object)]
[169, array([-18.,  -9.,  -9.,   0.]), array([2, 1, 0, 1, 1, 2, 1, 3, 0, 0, 0, 3, 1, 0, 0, 0, 2, 0, 0, 2, 1, 0,
       1, 2, 2, 1, 3, 0, 2, 2, 2, 1, 1, 3, 2, 1, 3, 2, 1, 3, 3, 0, 3, 2,
       0, 2, 1, 0, 3, 3, 3, 2, 1, 1, 0, 3, 1, 2, 1, 0, 0, 0, 3, 0, 0, 2,
       1, 1, 2, 3, 3, 1, 2, 3, 2, 3, 1, 1, 0, 0, 0, 3, 2, 3, 2, 1, 2, 1,
       2, 1, 2, 0, 1, 3, 0, 0, 1, 3, 1, 1, 2, 0, 2, 3, 2, 3, 0, 3, 2, 0,
       2, 1, 3, 2, 3, 2, 0, 3, 2, 2], dtype=object)]
[169, array([-18.,  -9.,  -9.,   0.]), array([2, 1, 0, 1, 1, 2, 1, 3, 0, 0, 0, 3, 1, 0, 0, 0, 2, 0, 0, 2, 1, 0,
       1, 2, 2, 1, 3, 0, 2, 2, 2, 1, 1, 3, 2, 1, 3, 2, 1, 3, 3, 0, 3, 2,
       0, 2, 1, 0, 3, 3, 3, 2, 1, 1, 0, 3, 1, 2, 1, 0, 0, 0, 3, 0, 0, 2,
       1, 1, 2, 3, 3, 1, 2, 3, 2, 3, 1, 1, 0, 0, 0, 3, 2, 3, 2, 1, 2, 1,
       2, 1, 2, 0, 1, 3, 0, 0, 1, 3, 1, 1, 2, 0, 2, 3, 2, 3, 0, 3, 2, 0,
       2, 1, 3, 2, 3, 2, 0, 3, 2, 2], dtype=object)]
[169, array([-18.,  -9.,  -9.,   0.]), array([2, 1, 0, 1, 1, 2, 1, 3, 0, 0, 0, 3, 1, 0, 0, 0, 2, 0, 0, 2, 1, 0,
       1, 2, 2, 1, 3, 0, 2, 2, 2, 1, 1, 3, 2, 1, 3, 2, 1, 3, 3, 0, 3, 2,
       0, 2, 1, 0, 3, 3, 3, 2, 1, 1, 0, 3, 1, 2, 1, 0, 0, 0, 3, 0, 0, 2,
       1, 1, 2, 3, 3, 1, 2, 3, 2, 3, 1, 1, 0, 0, 0, 3, 2, 3, 2, 1, 2, 1,
       2, 1, 2, 0, 1, 3, 0, 0, 1, 3, 1, 1, 2, 0, 2, 3, 2, 3, 0, 3, 2, 0,
       2, 1, 3, 2, 3, 2, 0, 3, 2, 2], dtype=object)]
[170, array([-18.,  -9.,  -9.,   0.]), array([2, 1, 0, 1, 1, 2, 1, 3, 0, 0, 0, 3, 1, 0, 0, 0, 2, 0, 0, 2, 1, 0,
       1, 2, 2, 1, 3, 0, 2, 2, 2, 1, 1, 3, 2, 1, 3, 2, 1, 3, 3, 0, 3, 2,
       0, 2, 1, 0, 3, 3, 3, 2, 1, 1, 0, 3, 1, 2, 1, 0, 0, 0, 3, 0, 0, 2,
       1, 1, 2, 3, 3, 1, 2, 3, 2, 3, 1, 1, 0, 0, 0, 3, 2, 3, 2, 1, 2, 1,
       2, 1, 2, 0, 1, 3, 0, 0, 1, 3, 1, 1, 2, 0, 2, 3, 2, 3, 0, 3, 2, 0,
       2, 1, 3, 2, 3, 2, 0, 3, 2, 2], dtype=object)]
[170, array([-18.,  -9.,  -9.,   0.]), array([2, 1, 0, 1, 1, 2, 1, 3, 0, 0, 0, 3, 1, 0, 0, 0, 2, 0, 0, 2, 1, 0,
       1, 2, 2, 1, 3, 0, 2, 2, 2, 1, 1, 3, 2, 1, 3, 2, 1, 3, 3, 0, 3, 2,
       0, 2, 1, 0, 3, 3, 3, 2, 1, 1, 0, 3, 1, 2, 1, 0, 0, 0, 3, 0, 0, 2,
       1, 1, 2, 3, 3, 1, 2, 3, 2, 3, 1, 1, 0, 0, 0, 3, 2, 3, 2, 1, 2, 1,
       2, 1, 2, 0, 1, 3, 0, 0, 1, 3, 1, 1, 2, 0, 2, 3, 2, 3, 0, 3, 2, 0,
       2, 1, 3, 2, 3, 2, 0, 3, 2, 2], dtype=object)]
[170, array([-18.,  -9.,  -9.,   0.]), array([2, 1, 0, 1, 1, 2, 1, 3, 0, 0, 0, 3, 1, 0, 0, 0, 2, 0, 0, 2, 1, 0,
       1, 2, 2, 1, 3, 0, 2, 2, 2, 1, 1, 3, 2, 1, 3, 2, 1, 3, 3, 0, 3, 2,
       0, 2, 1, 0, 3, 3, 3, 2, 1, 1, 0, 3, 1, 2, 1, 0, 0, 0, 3, 0, 0, 2,
       1, 1, 2, 3, 3, 1, 2, 3, 2, 3, 1, 1, 0, 0, 0, 3, 2, 3, 2, 1, 2, 1,
       2, 1, 2, 0, 1, 3, 0, 0, 1, 3, 1, 1, 2, 0, 2, 3, 2, 3, 0, 3, 2, 0,
       2, 1, 3, 2, 3, 2, 0, 3, 2, 2], dtype=object)]
[170, array([-18.,  -9.,  -9.,   0.]), array([2, 1, 0, 1, 1, 2, 1, 3, 0, 0, 0, 3, 1, 0, 0, 0, 2, 0, 0, 2, 1, 0,
       1, 2, 2, 1, 3, 0, 2, 2, 2, 1, 1, 3, 2, 1, 3, 2, 1, 3, 3, 0, 3, 2,
       0, 2, 1, 0, 3, 3, 3, 2, 1, 1, 0, 3, 1, 2, 1, 0, 0, 0, 3, 0, 0, 2,
       1, 1, 2, 3, 3, 1, 2, 3, 2, 3, 1, 1, 0, 0, 0, 3, 2, 3, 2, 1, 2, 1,
       2, 1, 2, 0, 1, 3, 0, 0, 1, 3, 1, 1, 2, 0, 2, 3, 2, 3, 0, 3, 2, 0,
       2, 1, 3, 2, 3, 2, 0, 3, 2, 2], dtype=object)]
[171, array([-18.,  -9.,  -9.,   0.]), array([2, 1, 0, 1, 1, 2, 1, 3, 0, 0, 0, 2, 2, 3, 0, 0, 2, 0, 3, 2, 3, 1,
       1, 2, 2, 1, 0, 0, 2, 2, 2, 0, 1, 2, 2, 1, 3, 2, 1, 1, 0, 0, 0, 2,
       1, 2, 1, 0, 3, 3, 3, 2, 1, 1, 0, 3, 1, 2, 1, 0, 0, 0, 3, 0, 0, 2,
       1, 1, 1, 3, 3, 1, 2, 3, 2, 3, 1, 1, 0, 0, 0, 3, 2, 3, 2, 1, 2, 1,
       2, 1, 2, 0, 1, 3, 0, 0, 3, 2, 1, 1, 2, 0, 2, 3, 2, 3, 0, 3, 2, 0,
       2, 1, 3, 2, 3, 2, 0, 3, 2, 2], dtype=object)]
[171, array([-18.,  -9.,  -9.,   0.]), array([2, 1, 0, 1, 1, 2, 1, 3, 0, 0, 0, 2, 2, 3, 0, 0, 2, 0, 3, 2, 3, 1,
       1, 2, 2, 1, 0, 0, 2, 2, 2, 0, 1, 2, 2, 1, 3, 2, 1, 1, 0, 0, 0, 2,
       1, 2, 1, 0, 3, 3, 3, 2, 1, 1, 0, 3, 1, 2, 1, 0, 0, 0, 3, 0, 0, 2,
       1, 1, 1, 3, 3, 1, 2, 3, 2, 3, 1, 1, 0, 0, 0, 3, 2, 3, 2, 1, 2, 1,
       2, 1, 2, 0, 1, 3, 0, 0, 3, 2, 1, 1, 2, 0, 2, 3, 2, 3, 0, 3, 2, 0,
       2, 1, 3, 2, 3, 2, 0, 3, 2, 2], dtype=object)]
[171, array([-18.,  -9.,  -9.,   0.]), array([2, 1, 0, 1, 1, 2, 1, 3, 0, 0, 0, 2, 2, 3, 0, 0, 2, 0, 3, 2, 3, 1,
       1, 2, 2, 1, 0, 0, 2, 2, 2, 0, 1, 2, 2, 1, 3, 2, 1, 1, 0, 0, 0, 2,
       1, 2, 1, 0, 3, 3, 3, 2, 1, 1, 0, 3, 1, 2, 1, 0, 0, 0, 3, 0, 0, 2,
       1, 1, 1, 3, 3, 1, 2, 3, 2, 3, 1, 1, 0, 0, 0, 3, 2, 3, 2, 1, 2, 1,
       2, 1, 2, 0, 1, 3, 0, 0, 3, 2, 1, 1, 2, 0, 2, 3, 2, 3, 0, 3, 2, 0,
       2, 1, 3, 2, 3, 2, 0, 3, 2, 2], dtype=object)]
[171, array([-18.,  -9.,  -9.,   0.]), array([2, 1, 0, 1, 1, 2, 1, 3, 0, 0, 0, 2, 2, 3, 0, 0, 2, 0, 3, 2, 3, 1,
       1, 2, 2, 1, 0, 0, 2, 2, 2, 0, 1, 2, 2, 1, 3, 2, 1, 1, 0, 0, 0, 2,
       1, 2, 1, 0, 3, 3, 3, 2, 1, 1, 0, 3, 1, 2, 1, 0, 0, 0, 3, 0, 0, 2,
       1, 1, 1, 3, 3, 1, 2, 3, 2, 3, 1, 1, 0, 0, 0, 3, 2, 3, 2, 1, 2, 1,
       2, 1, 2, 0, 1, 3, 0, 0, 3, 2, 1, 1, 2, 0, 2, 3, 2, 3, 0, 3, 2, 0,
       2, 1, 3, 2, 3, 2, 0, 3, 2, 2], dtype=object)]
[172, array([-18.,  -9.,  -9.,   0.]), array([2, 1, 0, 1, 1, 2, 1, 3, 0, 0, 0, 3, 1, 2, 0, 2, 2, 0, 0, 2, 0, 0,
       1, 2, 2, 1, 3, 0, 2, 3, 2, 1, 1, 3, 2, 1, 3, 2, 1, 3, 3, 0, 3, 2,
       0, 2, 1, 0, 0, 2, 3, 2, 1, 1, 0, 3, 1, 1, 1, 0, 0, 0, 3, 0, 0, 2,
       1, 1, 2, 3, 3, 2, 2, 0, 2, 3, 1, 1, 0, 1, 0, 3, 2, 3, 2, 1, 2, 1,
       2, 1, 3, 0, 1, 3, 3, 0, 0, 3, 3, 1, 2, 0, 2, 3, 2, 3, 0, 3, 2, 1,
       0, 1, 1, 2, 3, 2, 0, 3, 2, 2], dtype=object)]
[172, array([-18.,  -9.,  -9.,   0.]), array([2, 1, 0, 1, 1, 2, 1, 3, 0, 0, 0, 3, 1, 2, 0, 2, 2, 0, 0, 2, 0, 0,
       1, 2, 2, 1, 3, 0, 2, 3, 2, 1, 1, 3, 2, 1, 3, 2, 1, 3, 3, 0, 3, 2,
       0, 2, 1, 0, 0, 2, 3, 2, 1, 1, 0, 3, 1, 1, 1, 0, 0, 0, 3, 0, 0, 2,
       1, 1, 2, 3, 3, 2, 2, 0, 2, 3, 1, 1, 0, 1, 0, 3, 2, 3, 2, 1, 2, 1,
       2, 1, 3, 0, 1, 3, 3, 0, 0, 3, 3, 1, 2, 0, 2, 3, 2, 3, 0, 3, 2, 1,
       0, 1, 1, 2, 3, 2, 0, 3, 2, 2], dtype=object)]
[172, array([-18.,  -9.,  -9.,   0.]), array([2, 1, 0, 1, 1, 2, 1, 3, 0, 0, 0, 3, 1, 2, 0, 2, 2, 0, 0, 2, 0, 0,
       1, 2, 2, 1, 3, 0, 2, 3, 2, 1, 1, 3, 2, 1, 3, 2, 1, 3, 3, 0, 3, 2,
       0, 2, 1, 0, 0, 2, 3, 2, 1, 1, 0, 3, 1, 1, 1, 0, 0, 0, 3, 0, 0, 2,
       1, 1, 2, 3, 3, 2, 2, 0, 2, 3, 1, 1, 0, 1, 0, 3, 2, 3, 2, 1, 2, 1,
       2, 1, 3, 0, 1, 3, 3, 0, 0, 3, 3, 1, 2, 0, 2, 3, 2, 3, 0, 3, 2, 1,
       0, 1, 1, 2, 3, 2, 0, 3, 2, 2], dtype=object)]
[172, array([-18.,  -9.,  -9.,   0.]), array([2, 1, 0, 1, 1, 2, 1, 3, 0, 0, 0, 3, 1, 2, 0, 2, 2, 0, 0, 2, 0, 0,
       1, 2, 2, 1, 3, 0, 2, 3, 2, 1, 1, 3, 2, 1, 3, 2, 1, 3, 3, 0, 3, 2,
       0, 2, 1, 0, 0, 2, 3, 2, 1, 1, 0, 3, 1, 1, 1, 0, 0, 0, 3, 0, 0, 2,
       1, 1, 2, 3, 3, 2, 2, 0, 2, 3, 1, 1, 0, 1, 0, 3, 2, 3, 2, 1, 2, 1,
       2, 1, 3, 0, 1, 3, 3, 0, 0, 3, 3, 1, 2, 0, 2, 3, 2, 3, 0, 3, 2, 1,
       0, 1, 1, 2, 3, 2, 0, 3, 2, 2], dtype=object)]
[173, array([-18.,  -9.,  -9.,   0.]), array([2, 1, 0, 1, 1, 2, 1, 3, 0, 0, 0, 3, 1, 0, 0, 0, 2, 0, 0, 2, 1, 0,
       1, 0, 2, 1, 0, 0, 2, 2, 2, 0, 1, 0, 2, 1, 2, 2, 1, 3, 1, 0, 0, 2,
       3, 2, 1, 2, 0, 2, 3, 2, 1, 1, 2, 3, 1, 1, 1, 0, 2, 0, 3, 0, 0, 2,
       1, 1, 1, 3, 3, 3, 2, 3, 2, 3, 1, 1, 0, 0, 0, 3, 2, 3, 2, 3, 2, 1,
       2, 3, 3, 0, 1, 3, 3, 0, 0, 3, 3, 1, 2, 0, 2, 3, 2, 3, 0, 1, 2, 0,
       0, 1, 3, 2, 1, 2, 0, 2, 2, 2], dtype=object)]
[173, array([-18.,  -9.,  -9.,   0.]), array([2, 1, 0, 1, 1, 2, 1, 3, 0, 0, 0, 3, 1, 0, 0, 0, 2, 0, 0, 2, 1, 0,
       1, 0, 2, 1, 0, 0, 2, 2, 2, 0, 1, 0, 2, 1, 2, 2, 1, 3, 1, 0, 0, 2,
       3, 2, 1, 2, 0, 2, 3, 2, 1, 1, 2, 3, 1, 1, 1, 0, 2, 0, 3, 0, 0, 2,
       1, 1, 1, 3, 3, 3, 2, 3, 2, 3, 1, 1, 0, 0, 0, 3, 2, 3, 2, 3, 2, 1,
       2, 3, 3, 0, 1, 3, 3, 0, 0, 3, 3, 1, 2, 0, 2, 3, 2, 3, 0, 1, 2, 0,
       0, 1, 3, 2, 1, 2, 0, 2, 2, 2], dtype=object)]
[173, array([-18.,  -9.,  -9.,   0.]), array([2, 1, 0, 1, 1, 2, 1, 3, 0, 0, 0, 3, 1, 0, 0, 0, 2, 0, 0, 2, 1, 0,
       1, 0, 2, 1, 0, 0, 2, 2, 2, 0, 1, 0, 2, 1, 2, 2, 1, 3, 1, 0, 0, 2,
       3, 2, 1, 2, 0, 2, 3, 2, 1, 1, 2, 3, 1, 1, 1, 0, 2, 0, 3, 0, 0, 2,
       1, 1, 1, 3, 3, 3, 2, 3, 2, 3, 1, 1, 0, 0, 0, 3, 2, 3, 2, 3, 2, 1,
       2, 3, 3, 0, 1, 3, 3, 0, 0, 3, 3, 1, 2, 0, 2, 3, 2, 3, 0, 1, 2, 0,
       0, 1, 3, 2, 1, 2, 0, 2, 2, 2], dtype=object)]
[173, array([-18.,  -9.,  -9.,   0.]), array([2, 1, 0, 1, 1, 2, 1, 3, 0, 0, 0, 3, 1, 0, 0, 0, 2, 0, 0, 2, 1, 0,
       1, 0, 2, 1, 0, 0, 2, 2, 2, 0, 1, 0, 2, 1, 2, 2, 1, 3, 1, 0, 0, 2,
       3, 2, 1, 2, 0, 2, 3, 2, 1, 1, 2, 3, 1, 1, 1, 0, 2, 0, 3, 0, 0, 2,
       1, 1, 1, 3, 3, 3, 2, 3, 2, 3, 1, 1, 0, 0, 0, 3, 2, 3, 2, 3, 2, 1,
       2, 3, 3, 0, 1, 3, 3, 0, 0, 3, 3, 1, 2, 0, 2, 3, 2, 3, 0, 1, 2, 0,
       0, 1, 3, 2, 1, 2, 0, 2, 2, 2], dtype=object)]
[174, array([-18.,  -9.,  -9.,   0.]), array([2, 1, 0, 1, 1, 2, 1, 3, 0, 0, 0, 3, 2, 0, 0, 0, 2, 0, 0, 2, 1, 0,
       1, 0, 2, 1, 0, 0, 2, 2, 2, 2, 1, 0, 2, 1, 2, 2, 1, 3, 1, 0, 0, 2,
       3, 2, 1, 2, 0, 2, 3, 2, 1, 1, 2, 3, 1, 1, 1, 0, 2, 0, 3, 0, 0, 2,
       1, 1, 1, 3, 3, 3, 2, 3, 2, 3, 1, 1, 0, 0, 0, 3, 2, 3, 2, 3, 2, 1,
       2, 3, 3, 0, 1, 3, 3, 0, 0, 3, 3, 1, 2, 0, 2, 3, 2, 3, 0, 1, 2, 0,
       0, 1, 3, 2, 1, 2, 0, 2, 2, 2], dtype=object)]
[174, array([-18.,  -9.,  -9.,   0.]), array([2, 1, 0, 1, 1, 2, 1, 3, 0, 0, 0, 3, 2, 0, 0, 0, 2, 0, 0, 2, 1, 0,
       1, 0, 2, 1, 0, 0, 2, 2, 2, 2, 1, 0, 2, 1, 2, 2, 1, 3, 1, 0, 0, 2,
       3, 2, 1, 2, 0, 2, 3, 2, 1, 1, 2, 3, 1, 1, 1, 0, 2, 0, 3, 0, 0, 2,
       1, 1, 1, 3, 3, 3, 2, 3, 2, 3, 1, 1, 0, 0, 0, 3, 2, 3, 2, 3, 2, 1,
       2, 3, 3, 0, 1, 3, 3, 0, 0, 3, 3, 1, 2, 0, 2, 3, 2, 3, 0, 1, 2, 0,
       0, 1, 3, 2, 1, 2, 0, 2, 2, 2], dtype=object)]
[174, array([-18.,  -9.,  -9.,   0.]), array([2, 1, 0, 1, 1, 2, 1, 3, 0, 0, 0, 3, 2, 0, 0, 0, 2, 0, 0, 2, 1, 0,
       1, 0, 2, 1, 0, 0, 2, 2, 2, 2, 1, 0, 2, 1, 2, 2, 1, 3, 1, 0, 0, 2,
       3, 2, 1, 2, 0, 2, 3, 2, 1, 1, 2, 3, 1, 1, 1, 0, 2, 0, 3, 0, 0, 2,
       1, 1, 1, 3, 3, 3, 2, 3, 2, 3, 1, 1, 0, 0, 0, 3, 2, 3, 2, 3, 2, 1,
       2, 3, 3, 0, 1, 3, 3, 0, 0, 3, 3, 1, 2, 0, 2, 3, 2, 3, 0, 1, 2, 0,
       0, 1, 3, 2, 1, 2, 0, 2, 2, 2], dtype=object)]
[174, array([-18.,  -9.,  -9.,   0.]), array([2, 1, 0, 1, 1, 2, 1, 3, 0, 0, 0, 3, 2, 0, 0, 0, 2, 0, 0, 2, 1, 0,
       1, 0, 2, 1, 0, 0, 2, 2, 2, 2, 1, 0, 2, 1, 2, 2, 1, 3, 1, 0, 0, 2,
       3, 2, 1, 2, 0, 2, 3, 2, 1, 1, 2, 3, 1, 1, 1, 0, 2, 0, 3, 0, 0, 2,
       1, 1, 1, 3, 3, 3, 2, 3, 2, 3, 1, 1, 0, 0, 0, 3, 2, 3, 2, 3, 2, 1,
       2, 3, 3, 0, 1, 3, 3, 0, 0, 3, 3, 1, 2, 0, 2, 3, 2, 3, 0, 1, 2, 0,
       0, 1, 3, 2, 1, 2, 0, 2, 2, 2], dtype=object)]
[175, array([-18.,  -9.,  -9.,   0.]), array([2, 1, 0, 1, 1, 2, 1, 3, 0, 0, 0, 3, 1, 0, 0, 0, 2, 0, 0, 2, 1, 0,
       1, 2, 2, 1, 3, 0, 2, 2, 2, 2, 1, 3, 3, 1, 3, 2, 1, 3, 3, 0, 3, 2,
       0, 2, 1, 0, 3, 3, 3, 2, 1, 0, 0, 3, 1, 2, 1, 0, 0, 0, 3, 0, 0, 2,
       1, 1, 2, 3, 3, 1, 2, 3, 2, 3, 1, 1, 0, 0, 0, 3, 2, 0, 2, 1, 2, 1,
       2, 1, 2, 0, 1, 3, 0, 0, 3, 2, 1, 0, 2, 0, 2, 3, 2, 3, 0, 3, 2, 0,
       2, 1, 3, 2, 3, 2, 0, 3, 2, 2], dtype=object)]
[175, array([-18.,  -9.,  -9.,   0.]), array([2, 1, 0, 1, 1, 2, 1, 3, 0, 0, 0, 3, 1, 0, 0, 0, 2, 0, 0, 2, 1, 0,
       1, 2, 2, 1, 3, 0, 2, 2, 2, 2, 1, 3, 3, 1, 3, 2, 1, 3, 3, 0, 3, 2,
       0, 2, 1, 0, 3, 3, 3, 2, 1, 0, 0, 3, 1, 2, 1, 0, 0, 0, 3, 0, 0, 2,
       1, 1, 2, 3, 3, 1, 2, 3, 2, 3, 1, 1, 0, 0, 0, 3, 2, 0, 2, 1, 2, 1,
       2, 1, 2, 0, 1, 3, 0, 0, 3, 2, 1, 0, 2, 0, 2, 3, 2, 3, 0, 3, 2, 0,
       2, 1, 3, 2, 3, 2, 0, 3, 2, 2], dtype=object)]
[175, array([-18.,  -9.,  -9.,   0.]), array([2, 1, 0, 1, 1, 2, 1, 3, 0, 0, 0, 3, 1, 0, 0, 0, 2, 0, 0, 2, 1, 0,
       1, 2, 2, 1, 3, 0, 2, 2, 2, 2, 1, 3, 3, 1, 3, 2, 1, 3, 3, 0, 3, 2,
       0, 2, 1, 0, 3, 3, 3, 2, 1, 0, 0, 3, 1, 2, 1, 0, 0, 0, 3, 0, 0, 2,
       1, 1, 2, 3, 3, 1, 2, 3, 2, 3, 1, 1, 0, 0, 0, 3, 2, 0, 2, 1, 2, 1,
       2, 1, 2, 0, 1, 3, 0, 0, 3, 2, 1, 0, 2, 0, 2, 3, 2, 3, 0, 3, 2, 0,
       2, 1, 3, 2, 3, 2, 0, 3, 2, 2], dtype=object)]
[175, array([-18.,  -9.,  -9.,   0.]), array([2, 1, 0, 1, 1, 2, 1, 3, 0, 0, 0, 3, 1, 0, 0, 0, 2, 0, 0, 2, 1, 0,
       1, 2, 2, 1, 3, 0, 2, 2, 2, 2, 1, 3, 3, 1, 3, 2, 1, 3, 3, 0, 3, 2,
       0, 2, 1, 0, 3, 3, 3, 2, 1, 0, 0, 3, 1, 2, 1, 0, 0, 0, 3, 0, 0, 2,
       1, 1, 2, 3, 3, 1, 2, 3, 2, 3, 1, 1, 0, 0, 0, 3, 2, 0, 2, 1, 2, 1,
       2, 1, 2, 0, 1, 3, 0, 0, 3, 2, 1, 0, 2, 0, 2, 3, 2, 3, 0, 3, 2, 0,
       2, 1, 3, 2, 3, 2, 0, 3, 2, 2], dtype=object)]
[176, array([-18.,  -9.,  -9.,   0.]), array([2, 1, 0, 1, 1, 2, 1, 3, 0, 0, 0, 2, 2, 3, 0, 0, 2, 0, 3, 2, 3, 1,
       1, 2, 2, 1, 0, 0, 2, 2, 2, 0, 1, 2, 2, 1, 3, 2, 1, 1, 0, 0, 2, 2,
       1, 2, 1, 0, 1, 2, 3, 2, 1, 1, 0, 3, 1, 1, 1, 0, 2, 0, 3, 0, 0, 2,
       1, 1, 2, 3, 3, 2, 2, 0, 2, 3, 1, 1, 0, 3, 0, 3, 2, 3, 2, 3, 2, 1,
       2, 3, 2, 0, 1, 3, 0, 0, 3, 2, 1, 1, 2, 0, 2, 3, 2, 3, 0, 3, 2, 0,
       2, 1, 3, 2, 3, 2, 0, 3, 2, 2], dtype=object)]
[176, array([-18.,  -9.,  -9.,   0.]), array([2, 1, 0, 1, 1, 2, 1, 3, 0, 0, 0, 2, 2, 3, 0, 0, 2, 0, 3, 2, 3, 1,
       1, 2, 2, 1, 0, 0, 2, 2, 2, 0, 1, 2, 2, 1, 3, 2, 1, 1, 0, 0, 2, 2,
       1, 2, 1, 0, 1, 2, 3, 2, 1, 1, 0, 3, 1, 1, 1, 0, 2, 0, 3, 0, 0, 2,
       1, 1, 2, 3, 3, 2, 2, 0, 2, 3, 1, 1, 0, 3, 0, 3, 2, 3, 2, 3, 2, 1,
       2, 3, 2, 0, 1, 3, 0, 0, 3, 2, 1, 1, 2, 0, 2, 3, 2, 3, 0, 3, 2, 0,
       2, 1, 3, 2, 3, 2, 0, 3, 2, 2], dtype=object)]
[176, array([-18.,  -9.,  -9.,   0.]), array([2, 1, 0, 1, 1, 2, 1, 3, 0, 0, 0, 2, 2, 3, 0, 0, 2, 0, 3, 2, 3, 1,
       1, 2, 2, 1, 0, 0, 2, 2, 2, 0, 1, 2, 2, 1, 3, 2, 1, 1, 0, 0, 2, 2,
       1, 2, 1, 0, 1, 2, 3, 2, 1, 1, 0, 3, 1, 1, 1, 0, 2, 0, 3, 0, 0, 2,
       1, 1, 2, 3, 3, 2, 2, 0, 2, 3, 1, 1, 0, 3, 0, 3, 2, 3, 2, 3, 2, 1,
       2, 3, 2, 0, 1, 3, 0, 0, 3, 2, 1, 1, 2, 0, 2, 3, 2, 3, 0, 3, 2, 0,
       2, 1, 3, 2, 3, 2, 0, 3, 2, 2], dtype=object)]
[176, array([-18.,  -9.,  -9.,   0.]), array([2, 1, 0, 1, 1, 2, 1, 3, 0, 0, 0, 2, 2, 3, 0, 0, 2, 0, 3, 2, 3, 1,
       1, 2, 2, 1, 0, 0, 2, 2, 2, 0, 1, 2, 2, 1, 3, 2, 1, 1, 0, 0, 2, 2,
       1, 2, 1, 0, 1, 2, 3, 2, 1, 1, 0, 3, 1, 1, 1, 0, 2, 0, 3, 0, 0, 2,
       1, 1, 2, 3, 3, 2, 2, 0, 2, 3, 1, 1, 0, 3, 0, 3, 2, 3, 2, 3, 2, 1,
       2, 3, 2, 0, 1, 3, 0, 0, 3, 2, 1, 1, 2, 0, 2, 3, 2, 3, 0, 3, 2, 0,
       2, 1, 3, 2, 3, 2, 0, 3, 2, 2], dtype=object)]
[177, array([-18.,  -9.,  -9.,   0.]), array([2, 1, 0, 1, 1, 2, 1, 3, 0, 0, 0, 3, 1, 0, 0, 0, 2, 0, 0, 2, 3, 0,
       1, 2, 2, 1, 1, 0, 2, 2, 2, 1, 1, 0, 2, 1, 3, 2, 1, 3, 1, 0, 0, 2,
       3, 2, 1, 2, 0, 2, 3, 2, 1, 1, 2, 3, 1, 1, 1, 0, 2, 0, 3, 0, 0, 2,
       1, 1, 1, 3, 3, 1, 2, 3, 2, 3, 1, 1, 0, 0, 0, 3, 2, 3, 2, 1, 2, 1,
       2, 1, 2, 1, 1, 3, 0, 3, 3, 2, 0, 1, 2, 0, 2, 3, 2, 3, 0, 3, 2, 0,
       0, 1, 3, 2, 1, 2, 0, 2, 2, 2], dtype=object)]
[177, array([-18.,  -9.,  -9.,   0.]), array([2, 1, 0, 1, 1, 2, 1, 3, 0, 0, 0, 3, 1, 0, 0, 0, 2, 0, 0, 2, 3, 0,
       1, 2, 2, 1, 1, 0, 2, 2, 2, 1, 1, 0, 2, 1, 3, 2, 1, 3, 1, 0, 0, 2,
       3, 2, 1, 2, 0, 2, 3, 2, 1, 1, 2, 3, 1, 1, 1, 0, 2, 0, 3, 0, 0, 2,
       1, 1, 1, 3, 3, 1, 2, 3, 2, 3, 1, 1, 0, 0, 0, 3, 2, 3, 2, 1, 2, 1,
       2, 1, 2, 1, 1, 3, 0, 3, 3, 2, 0, 1, 2, 0, 2, 3, 2, 3, 0, 3, 2, 0,
       0, 1, 3, 2, 1, 2, 0, 2, 2, 2], dtype=object)]
[177, array([-18.,  -9.,  -9.,   0.]), array([2, 1, 0, 1, 1, 2, 1, 3, 0, 0, 0, 3, 1, 0, 0, 0, 2, 0, 0, 2, 3, 0,
       1, 2, 2, 1, 1, 0, 2, 2, 2, 1, 1, 0, 2, 1, 3, 2, 1, 3, 1, 0, 0, 2,
       3, 2, 1, 2, 0, 2, 3, 2, 1, 1, 2, 3, 1, 1, 1, 0, 2, 0, 3, 0, 0, 2,
       1, 1, 1, 3, 3, 1, 2, 3, 2, 3, 1, 1, 0, 0, 0, 3, 2, 3, 2, 1, 2, 1,
       2, 1, 2, 1, 1, 3, 0, 3, 3, 2, 0, 1, 2, 0, 2, 3, 2, 3, 0, 3, 2, 0,
       0, 1, 3, 2, 1, 2, 0, 2, 2, 2], dtype=object)]
[177, array([-18.,  -9.,  -9.,   0.]), array([2, 1, 0, 1, 1, 2, 1, 3, 0, 0, 0, 3, 1, 0, 0, 0, 2, 0, 0, 2, 3, 0,
       1, 2, 2, 1, 1, 0, 2, 2, 2, 1, 1, 0, 2, 1, 3, 2, 1, 3, 1, 0, 0, 2,
       3, 2, 1, 2, 0, 2, 3, 2, 1, 1, 2, 3, 1, 1, 1, 0, 2, 0, 3, 0, 0, 2,
       1, 1, 1, 3, 3, 1, 2, 3, 2, 3, 1, 1, 0, 0, 0, 3, 2, 3, 2, 1, 2, 1,
       2, 1, 2, 1, 1, 3, 0, 3, 3, 2, 0, 1, 2, 0, 2, 3, 2, 3, 0, 3, 2, 0,
       0, 1, 3, 2, 1, 2, 0, 2, 2, 2], dtype=object)]
[178, array([-18.,  -9.,  -9.,   0.]), array([3, 1, 0, 1, 1, 2, 1, 3, 0, 0, 0, 3, 1, 0, 0, 0, 2, 0, 0, 2, 3, 0,
       1, 2, 2, 1, 1, 0, 2, 2, 2, 1, 1, 0, 2, 1, 3, 2, 1, 3, 1, 3, 0, 2,
       3, 2, 1, 2, 0, 2, 3, 2, 1, 1, 2, 3, 1, 1, 1, 0, 2, 0, 3, 0, 0, 2,
       1, 1, 1, 3, 3, 1, 2, 3, 2, 3, 1, 1, 0, 0, 0, 3, 2, 3, 2, 1, 2, 1,
       2, 1, 2, 1, 1, 3, 0, 3, 3, 2, 0, 1, 2, 0, 2, 3, 2, 3, 0, 3, 2, 0,
       0, 1, 3, 2, 1, 2, 0, 2, 2, 2], dtype=object)]
[178, array([-18.,  -9.,  -9.,   0.]), array([3, 1, 0, 1, 1, 2, 1, 3, 0, 0, 0, 3, 1, 0, 0, 0, 2, 0, 0, 2, 3, 0,
       1, 2, 2, 1, 1, 0, 2, 2, 2, 1, 1, 0, 2, 1, 3, 2, 1, 3, 1, 3, 0, 2,
       3, 2, 1, 2, 0, 2, 3, 2, 1, 1, 2, 3, 1, 1, 1, 0, 2, 0, 3, 0, 0, 2,
       1, 1, 1, 3, 3, 1, 2, 3, 2, 3, 1, 1, 0, 0, 0, 3, 2, 3, 2, 1, 2, 1,
       2, 1, 2, 1, 1, 3, 0, 3, 3, 2, 0, 1, 2, 0, 2, 3, 2, 3, 0, 3, 2, 0,
       0, 1, 3, 2, 1, 2, 0, 2, 2, 2], dtype=object)]
[178, array([-18.,  -9.,  -9.,   0.]), array([3, 1, 0, 1, 1, 2, 1, 3, 0, 0, 0, 3, 1, 0, 0, 0, 2, 0, 0, 2, 3, 0,
       1, 2, 2, 1, 1, 0, 2, 2, 2, 1, 1, 0, 2, 1, 3, 2, 1, 3, 1, 3, 0, 2,
       3, 2, 1, 2, 0, 2, 3, 2, 1, 1, 2, 3, 1, 1, 1, 0, 2, 0, 3, 0, 0, 2,
       1, 1, 1, 3, 3, 1, 2, 3, 2, 3, 1, 1, 0, 0, 0, 3, 2, 3, 2, 1, 2, 1,
       2, 1, 2, 1, 1, 3, 0, 3, 3, 2, 0, 1, 2, 0, 2, 3, 2, 3, 0, 3, 2, 0,
       0, 1, 3, 2, 1, 2, 0, 2, 2, 2], dtype=object)]
[178, array([-18.,  -9.,  -9.,   0.]), array([3, 1, 0, 1, 1, 2, 1, 3, 0, 0, 0, 3, 1, 0, 0, 0, 2, 0, 0, 2, 3, 0,
       1, 2, 2, 1, 1, 0, 2, 2, 2, 1, 1, 0, 2, 1, 3, 2, 1, 3, 1, 3, 0, 2,
       3, 2, 1, 2, 0, 2, 3, 2, 1, 1, 2, 3, 1, 1, 1, 0, 2, 0, 3, 0, 0, 2,
       1, 1, 1, 3, 3, 1, 2, 3, 2, 3, 1, 1, 0, 0, 0, 3, 2, 3, 2, 1, 2, 1,
       2, 1, 2, 1, 1, 3, 0, 3, 3, 2, 0, 1, 2, 0, 2, 3, 2, 3, 0, 3, 2, 0,
       0, 1, 3, 2, 1, 2, 0, 2, 2, 2], dtype=object)]
[179, array([-18.,  -9.,  -9.,   0.]), array([2, 1, 0, 1, 1, 2, 1, 3, 0, 0, 0, 2, 2, 3, 0, 0, 2, 0, 3, 2, 3, 1,
       1, 2, 2, 1, 0, 0, 2, 2, 2, 0, 2, 0, 2, 1, 3, 2, 1, 3, 1, 0, 0, 2,
       3, 2, 1, 2, 0, 2, 3, 2, 1, 1, 2, 3, 1, 1, 1, 0, 2, 0, 0, 0, 0, 2,
       1, 1, 1, 3, 3, 3, 2, 3, 2, 3, 1, 0, 0, 0, 0, 3, 2, 3, 2, 3, 2, 1,
       2, 3, 3, 0, 1, 3, 3, 0, 0, 3, 3, 1, 2, 0, 2, 3, 1, 3, 0, 1, 2, 0,
       0, 1, 3, 2, 1, 2, 0, 2, 2, 2], dtype=object)]
[179, array([-18.,  -9.,  -9.,   0.]), array([2, 1, 0, 1, 1, 2, 1, 3, 0, 0, 0, 2, 2, 3, 0, 0, 2, 0, 3, 2, 3, 1,
       1, 2, 2, 1, 0, 0, 2, 2, 2, 0, 2, 0, 2, 1, 3, 2, 1, 3, 1, 0, 0, 2,
       3, 2, 1, 2, 0, 2, 3, 2, 1, 1, 2, 3, 1, 1, 1, 0, 2, 0, 0, 0, 0, 2,
       1, 1, 1, 3, 3, 3, 2, 3, 2, 3, 1, 0, 0, 0, 0, 3, 2, 3, 2, 3, 2, 1,
       2, 3, 3, 0, 1, 3, 3, 0, 0, 3, 3, 1, 2, 0, 2, 3, 1, 3, 0, 1, 2, 0,
       0, 1, 3, 2, 1, 2, 0, 2, 2, 2], dtype=object)]
[179, array([-18.,  -9.,  -9.,   0.]), array([2, 1, 0, 1, 1, 2, 1, 3, 0, 0, 0, 2, 2, 3, 0, 0, 2, 0, 3, 2, 3, 1,
       1, 2, 2, 1, 0, 0, 2, 2, 2, 0, 2, 0, 2, 1, 3, 2, 1, 3, 1, 0, 0, 2,
       3, 2, 1, 2, 0, 2, 3, 2, 1, 1, 2, 3, 1, 1, 1, 0, 2, 0, 0, 0, 0, 2,
       1, 1, 1, 3, 3, 3, 2, 3, 2, 3, 1, 0, 0, 0, 0, 3, 2, 3, 2, 3, 2, 1,
       2, 3, 3, 0, 1, 3, 3, 0, 0, 3, 3, 1, 2, 0, 2, 3, 1, 3, 0, 1, 2, 0,
       0, 1, 3, 2, 1, 2, 0, 2, 2, 2], dtype=object)]
[179, array([-18.,  -9.,  -9.,   0.]), array([2, 1, 0, 1, 1, 2, 1, 3, 0, 0, 0, 2, 2, 3, 0, 0, 2, 0, 3, 2, 3, 1,
       1, 2, 2, 1, 0, 0, 2, 2, 2, 0, 2, 0, 2, 1, 3, 2, 1, 3, 1, 0, 0, 2,
       3, 2, 1, 2, 0, 2, 3, 2, 1, 1, 2, 3, 1, 1, 1, 0, 2, 0, 0, 0, 0, 2,
       1, 1, 1, 3, 3, 3, 2, 3, 2, 3, 1, 0, 0, 0, 0, 3, 2, 3, 2, 3, 2, 1,
       2, 3, 3, 0, 1, 3, 3, 0, 0, 3, 3, 1, 2, 0, 2, 3, 1, 3, 0, 1, 2, 0,
       0, 1, 3, 2, 1, 2, 0, 2, 2, 2], dtype=object)]
[180, array([-18.,  -9.,  -9.,   0.]), array([2, 1, 0, 1, 1, 2, 1, 3, 0, 0, 0, 2, 2, 3, 0, 0, 2, 0, 3, 2, 3, 1,
       1, 2, 2, 1, 0, 0, 2, 2, 2, 0, 2, 0, 2, 1, 3, 2, 1, 3, 1, 0, 0, 2,
       3, 2, 1, 0, 0, 2, 3, 2, 1, 1, 2, 3, 1, 1, 1, 0, 2, 0, 0, 0, 0, 2,
       1, 0, 1, 3, 3, 3, 2, 3, 2, 3, 1, 0, 0, 0, 0, 3, 2, 3, 2, 3, 2, 1,
       2, 3, 3, 0, 1, 3, 3, 0, 0, 3, 3, 1, 2, 0, 2, 3, 1, 3, 0, 1, 2, 0,
       0, 1, 3, 2, 1, 2, 0, 2, 2, 2], dtype=object)]
[180, array([-18.,  -9.,  -9.,   0.]), array([2, 1, 0, 1, 1, 2, 1, 3, 0, 0, 0, 2, 2, 3, 0, 0, 2, 0, 3, 2, 3, 1,
       1, 2, 2, 1, 0, 0, 2, 2, 2, 0, 2, 0, 2, 1, 3, 2, 1, 3, 1, 0, 0, 2,
       3, 2, 1, 0, 0, 2, 3, 2, 1, 1, 2, 3, 1, 1, 1, 0, 2, 0, 0, 0, 0, 2,
       1, 0, 1, 3, 3, 3, 2, 3, 2, 3, 1, 0, 0, 0, 0, 3, 2, 3, 2, 3, 2, 1,
       2, 3, 3, 0, 1, 3, 3, 0, 0, 3, 3, 1, 2, 0, 2, 3, 1, 3, 0, 1, 2, 0,
       0, 1, 3, 2, 1, 2, 0, 2, 2, 2], dtype=object)]
[180, array([-18.,  -9.,  -9.,   0.]), array([2, 1, 0, 1, 1, 2, 1, 3, 0, 0, 0, 2, 2, 3, 0, 0, 2, 0, 3, 2, 3, 1,
       1, 2, 2, 1, 0, 0, 2, 2, 2, 0, 2, 0, 2, 1, 3, 2, 1, 3, 1, 0, 0, 2,
       3, 2, 1, 0, 0, 2, 3, 2, 1, 1, 2, 3, 1, 1, 1, 0, 2, 0, 0, 0, 0, 2,
       1, 0, 1, 3, 3, 3, 2, 3, 2, 3, 1, 0, 0, 0, 0, 3, 2, 3, 2, 3, 2, 1,
       2, 3, 3, 0, 1, 3, 3, 0, 0, 3, 3, 1, 2, 0, 2, 3, 1, 3, 0, 1, 2, 0,
       0, 1, 3, 2, 1, 2, 0, 2, 2, 2], dtype=object)]
[180, array([-18.,  -9.,  -9.,   0.]), array([2, 1, 0, 1, 1, 2, 1, 3, 0, 0, 0, 2, 2, 3, 0, 0, 2, 0, 3, 2, 3, 1,
       1, 2, 2, 1, 0, 0, 2, 2, 2, 0, 2, 0, 2, 1, 3, 2, 1, 3, 1, 0, 0, 2,
       3, 2, 1, 0, 0, 2, 3, 2, 1, 1, 2, 3, 1, 1, 1, 0, 2, 0, 0, 0, 0, 2,
       1, 0, 1, 3, 3, 3, 2, 3, 2, 3, 1, 0, 0, 0, 0, 3, 2, 3, 2, 3, 2, 1,
       2, 3, 3, 0, 1, 3, 3, 0, 0, 3, 3, 1, 2, 0, 2, 3, 1, 3, 0, 1, 2, 0,
       0, 1, 3, 2, 1, 2, 0, 2, 2, 2], dtype=object)]
[181, array([-18.,  -9.,  -9.,   0.]), array([2, 1, 0, 1, 1, 2, 2, 3, 0, 0, 0, 2, 2, 3, 0, 0, 2, 0, 3, 2, 3, 1,
       1, 2, 2, 1, 0, 2, 2, 2, 2, 0, 1, 0, 2, 1, 2, 2, 1, 3, 1, 2, 0, 2,
       3, 2, 1, 2, 0, 2, 3, 2, 1, 1, 2, 3, 1, 1, 1, 0, 2, 0, 3, 0, 0, 2,
       1, 3, 1, 3, 3, 3, 2, 3, 2, 3, 1, 0, 0, 0, 0, 3, 2, 3, 2, 3, 2, 1,
       2, 3, 3, 0, 1, 3, 3, 0, 0, 3, 3, 1, 2, 0, 2, 3, 1, 3, 0, 1, 2, 0,
       0, 1, 3, 2, 1, 2, 0, 2, 2, 2], dtype=object)]
[181, array([-18.,  -9.,  -9.,   0.]), array([2, 1, 0, 1, 1, 2, 2, 3, 0, 0, 0, 2, 2, 3, 0, 0, 2, 0, 3, 2, 3, 1,
       1, 2, 2, 1, 0, 2, 2, 2, 2, 0, 1, 0, 2, 1, 2, 2, 1, 3, 1, 2, 0, 2,
       3, 2, 1, 2, 0, 2, 3, 2, 1, 1, 2, 3, 1, 1, 1, 0, 2, 0, 3, 0, 0, 2,
       1, 3, 1, 3, 3, 3, 2, 3, 2, 3, 1, 0, 0, 0, 0, 3, 2, 3, 2, 3, 2, 1,
       2, 3, 3, 0, 1, 3, 3, 0, 0, 3, 3, 1, 2, 0, 2, 3, 1, 3, 0, 1, 2, 0,
       0, 1, 3, 2, 1, 2, 0, 2, 2, 2], dtype=object)]
[181, array([-18.,  -9.,  -9.,   0.]), array([2, 1, 0, 1, 1, 2, 2, 3, 0, 0, 0, 2, 2, 3, 0, 0, 2, 0, 3, 2, 3, 1,
       1, 2, 2, 1, 0, 2, 2, 2, 2, 0, 1, 0, 2, 1, 2, 2, 1, 3, 1, 2, 0, 2,
       3, 2, 1, 2, 0, 2, 3, 2, 1, 1, 2, 3, 1, 1, 1, 0, 2, 0, 3, 0, 0, 2,
       1, 3, 1, 3, 3, 3, 2, 3, 2, 3, 1, 0, 0, 0, 0, 3, 2, 3, 2, 3, 2, 1,
       2, 3, 3, 0, 1, 3, 3, 0, 0, 3, 3, 1, 2, 0, 2, 3, 1, 3, 0, 1, 2, 0,
       0, 1, 3, 2, 1, 2, 0, 2, 2, 2], dtype=object)]
[181, array([-18.,  -9.,  -9.,   0.]), array([2, 1, 0, 1, 1, 2, 2, 3, 0, 0, 0, 2, 2, 3, 0, 0, 2, 0, 3, 2, 3, 1,
       1, 2, 2, 1, 0, 2, 2, 2, 2, 0, 1, 0, 2, 1, 2, 2, 1, 3, 1, 2, 0, 2,
       3, 2, 1, 2, 0, 2, 3, 2, 1, 1, 2, 3, 1, 1, 1, 0, 2, 0, 3, 0, 0, 2,
       1, 3, 1, 3, 3, 3, 2, 3, 2, 3, 1, 0, 0, 0, 0, 3, 2, 3, 2, 3, 2, 1,
       2, 3, 3, 0, 1, 3, 3, 0, 0, 3, 3, 1, 2, 0, 2, 3, 1, 3, 0, 1, 2, 0,
       0, 1, 3, 2, 1, 2, 0, 2, 2, 2], dtype=object)]
[182, array([-18.,  -9.,  -9.,   0.]), array([2, 1, 0, 1, 1, 2, 2, 3, 0, 0, 0, 2, 2, 3, 0, 0, 2, 0, 3, 2, 3, 1,
       1, 2, 2, 1, 0, 2, 2, 2, 2, 0, 1, 0, 2, 1, 2, 2, 1, 3, 1, 2, 0, 2,
       3, 2, 1, 2, 0, 2, 3, 2, 1, 1, 2, 3, 1, 1, 1, 0, 2, 0, 3, 0, 0, 2,
       1, 3, 1, 3, 3, 3, 2, 3, 2, 3, 1, 0, 0, 0, 0, 3, 2, 3, 2, 3, 2, 1,
       2, 3, 3, 0, 1, 3, 3, 0, 0, 3, 3, 1, 2, 0, 2, 3, 1, 3, 0, 1, 2, 2,
       0, 1, 3, 2, 1, 2, 0, 2, 2, 2], dtype=object)]
[182, array([-18.,  -9.,  -9.,   0.]), array([2, 1, 0, 1, 1, 2, 2, 3, 0, 0, 0, 2, 2, 3, 0, 0, 2, 0, 3, 2, 3, 1,
       1, 2, 2, 1, 0, 2, 2, 2, 2, 0, 1, 0, 2, 1, 2, 2, 1, 3, 1, 2, 0, 2,
       3, 2, 1, 2, 0, 2, 3, 2, 1, 1, 2, 3, 1, 1, 1, 0, 2, 0, 3, 0, 0, 2,
       1, 3, 1, 3, 3, 3, 2, 3, 2, 3, 1, 0, 0, 0, 0, 3, 2, 3, 2, 3, 2, 1,
       2, 3, 3, 0, 1, 3, 3, 0, 0, 3, 3, 1, 2, 0, 2, 3, 1, 3, 0, 1, 2, 2,
       0, 1, 3, 2, 1, 2, 0, 2, 2, 2], dtype=object)]
[182, array([-18.,  -9.,  -9.,   0.]), array([2, 1, 0, 1, 1, 2, 2, 3, 0, 0, 0, 2, 2, 3, 0, 0, 2, 0, 3, 2, 3, 1,
       1, 2, 2, 1, 0, 2, 2, 2, 2, 0, 1, 0, 2, 1, 2, 2, 1, 3, 1, 2, 0, 2,
       3, 2, 1, 2, 0, 2, 3, 2, 1, 1, 2, 3, 1, 1, 1, 0, 2, 0, 3, 0, 0, 2,
       1, 3, 1, 3, 3, 3, 2, 3, 2, 3, 1, 0, 0, 0, 0, 3, 2, 3, 2, 3, 2, 1,
       2, 3, 3, 0, 1, 3, 3, 0, 0, 3, 3, 1, 2, 0, 2, 3, 1, 3, 0, 1, 2, 2,
       0, 1, 3, 2, 1, 2, 0, 2, 2, 2], dtype=object)]
[182, array([-18.,  -9.,  -9.,   0.]), array([2, 1, 0, 1, 1, 2, 2, 3, 0, 0, 0, 2, 2, 3, 0, 0, 2, 0, 3, 2, 3, 1,
       1, 2, 2, 1, 0, 2, 2, 2, 2, 0, 1, 0, 2, 1, 2, 2, 1, 3, 1, 2, 0, 2,
       3, 2, 1, 2, 0, 2, 3, 2, 1, 1, 2, 3, 1, 1, 1, 0, 2, 0, 3, 0, 0, 2,
       1, 3, 1, 3, 3, 3, 2, 3, 2, 3, 1, 0, 0, 0, 0, 3, 2, 3, 2, 3, 2, 1,
       2, 3, 3, 0, 1, 3, 3, 0, 0, 3, 3, 1, 2, 0, 2, 3, 1, 3, 0, 1, 2, 2,
       0, 1, 3, 2, 1, 2, 0, 2, 2, 2], dtype=object)]
[183, array([-18.,  -9.,  -9.,   0.]), array([2, 1, 0, 0, 1, 2, 1, 3, 0, 0, 0, 3, 1, 0, 0, 0, 2, 0, 0, 2, 3, 0,
       1, 2, 1, 1, 1, 0, 2, 2, 2, 1, 1, 0, 2, 1, 3, 2, 1, 3, 1, 0, 0, 2,
       3, 2, 1, 2, 0, 2, 3, 2, 1, 1, 2, 3, 1, 1, 1, 0, 2, 0, 3, 0, 0, 3,
       1, 1, 1, 3, 2, 1, 2, 3, 2, 3, 1, 1, 0, 0, 0, 3, 2, 3, 2, 1, 2, 1,
       2, 1, 2, 0, 1, 3, 0, 0, 3, 0, 1, 1, 2, 0, 2, 3, 2, 3, 0, 3, 2, 1,
       0, 1, 1, 2, 1, 2, 0, 2, 2, 2], dtype=object)]
[183, array([-18.,  -9.,  -9.,   0.]), array([2, 1, 0, 0, 1, 2, 1, 3, 0, 0, 0, 3, 1, 0, 0, 0, 2, 0, 0, 2, 3, 0,
       1, 2, 1, 1, 1, 0, 2, 2, 2, 1, 1, 0, 2, 1, 3, 2, 1, 3, 1, 0, 0, 2,
       3, 2, 1, 2, 0, 2, 3, 2, 1, 1, 2, 3, 1, 1, 1, 0, 2, 0, 3, 0, 0, 3,
       1, 1, 1, 3, 2, 1, 2, 3, 2, 3, 1, 1, 0, 0, 0, 3, 2, 3, 2, 1, 2, 1,
       2, 1, 2, 0, 1, 3, 0, 0, 3, 0, 1, 1, 2, 0, 2, 3, 2, 3, 0, 3, 2, 1,
       0, 1, 1, 2, 1, 2, 0, 2, 2, 2], dtype=object)]
[183, array([-18.,  -9.,  -9.,   0.]), array([2, 1, 0, 0, 1, 2, 1, 3, 0, 0, 0, 3, 1, 0, 0, 0, 2, 0, 0, 2, 3, 0,
       1, 2, 1, 1, 1, 0, 2, 2, 2, 1, 1, 0, 2, 1, 3, 2, 1, 3, 1, 0, 0, 2,
       3, 2, 1, 2, 0, 2, 3, 2, 1, 1, 2, 3, 1, 1, 1, 0, 2, 0, 3, 0, 0, 3,
       1, 1, 1, 3, 2, 1, 2, 3, 2, 3, 1, 1, 0, 0, 0, 3, 2, 3, 2, 1, 2, 1,
       2, 1, 2, 0, 1, 3, 0, 0, 3, 0, 1, 1, 2, 0, 2, 3, 2, 3, 0, 3, 2, 1,
       0, 1, 1, 2, 1, 2, 0, 2, 2, 2], dtype=object)]
[183, array([-18.,  -9.,  -9.,   0.]), array([2, 1, 0, 0, 1, 2, 1, 3, 0, 0, 0, 3, 1, 0, 0, 0, 2, 0, 0, 2, 3, 0,
       1, 2, 1, 1, 1, 0, 2, 2, 2, 1, 1, 0, 2, 1, 3, 2, 1, 3, 1, 0, 0, 2,
       3, 2, 1, 2, 0, 2, 3, 2, 1, 1, 2, 3, 1, 1, 1, 0, 2, 0, 3, 0, 0, 3,
       1, 1, 1, 3, 2, 1, 2, 3, 2, 3, 1, 1, 0, 0, 0, 3, 2, 3, 2, 1, 2, 1,
       2, 1, 2, 0, 1, 3, 0, 0, 3, 0, 1, 1, 2, 0, 2, 3, 2, 3, 0, 3, 2, 1,
       0, 1, 1, 2, 1, 2, 0, 2, 2, 2], dtype=object)]
[184, array([-18.,  -9.,  -9.,   0.]), array([2, 1, 0, 1, 2, 3, 1, 3, 0, 0, 0, 3, 1, 0, 0, 1, 2, 0, 0, 2, 3, 3,
       0, 0, 2, 3, 0, 0, 2, 2, 2, 0, 1, 0, 2, 1, 2, 2, 1, 3, 1, 2, 0, 2,
       3, 2, 1, 2, 0, 2, 3, 2, 1, 1, 2, 3, 1, 1, 1, 0, 2, 0, 3, 0, 0, 2,
       1, 3, 1, 3, 3, 3, 2, 3, 2, 3, 1, 0, 0, 0, 0, 3, 2, 3, 2, 3, 2, 1,
       2, 3, 3, 0, 1, 3, 3, 0, 0, 3, 3, 1, 2, 0, 2, 3, 2, 2, 0, 3, 2, 1,
       2, 1, 3, 2, 1, 2, 0, 2, 2, 2], dtype=object)]
[184, array([-18.,  -9.,  -9.,   0.]), array([2, 1, 0, 1, 2, 3, 1, 3, 0, 0, 0, 3, 1, 0, 0, 1, 2, 0, 0, 2, 3, 3,
       0, 0, 2, 3, 0, 0, 2, 2, 2, 0, 1, 0, 2, 1, 2, 2, 1, 3, 1, 2, 0, 2,
       3, 2, 1, 2, 0, 2, 3, 2, 1, 1, 2, 3, 1, 1, 1, 0, 2, 0, 3, 0, 0, 2,
       1, 3, 1, 3, 3, 3, 2, 3, 2, 3, 1, 0, 0, 0, 0, 3, 2, 3, 2, 3, 2, 1,
       2, 3, 3, 0, 1, 3, 3, 0, 0, 3, 3, 1, 2, 0, 2, 3, 2, 2, 0, 3, 2, 1,
       2, 1, 3, 2, 1, 2, 0, 2, 2, 2], dtype=object)]
[184, array([-18.,  -9.,  -9.,   0.]), array([2, 1, 0, 1, 2, 3, 1, 3, 0, 0, 0, 3, 1, 0, 0, 1, 2, 0, 0, 2, 3, 3,
       0, 0, 2, 3, 0, 0, 2, 2, 2, 0, 1, 0, 2, 1, 2, 2, 1, 3, 1, 2, 0, 2,
       3, 2, 1, 2, 0, 2, 3, 2, 1, 1, 2, 3, 1, 1, 1, 0, 2, 0, 3, 0, 0, 2,
       1, 3, 1, 3, 3, 3, 2, 3, 2, 3, 1, 0, 0, 0, 0, 3, 2, 3, 2, 3, 2, 1,
       2, 3, 3, 0, 1, 3, 3, 0, 0, 3, 3, 1, 2, 0, 2, 3, 2, 2, 0, 3, 2, 1,
       2, 1, 3, 2, 1, 2, 0, 2, 2, 2], dtype=object)]
[184, array([-18.,  -9.,  -9.,   0.]), array([2, 1, 0, 1, 2, 3, 1, 3, 0, 0, 0, 3, 1, 0, 0, 1, 2, 0, 0, 2, 3, 3,
       0, 0, 2, 3, 0, 0, 2, 2, 2, 0, 1, 0, 2, 1, 2, 2, 1, 3, 1, 2, 0, 2,
       3, 2, 1, 2, 0, 2, 3, 2, 1, 1, 2, 3, 1, 1, 1, 0, 2, 0, 3, 0, 0, 2,
       1, 3, 1, 3, 3, 3, 2, 3, 2, 3, 1, 0, 0, 0, 0, 3, 2, 3, 2, 3, 2, 1,
       2, 3, 3, 0, 1, 3, 3, 0, 0, 3, 3, 1, 2, 0, 2, 3, 2, 2, 0, 3, 2, 1,
       2, 1, 3, 2, 1, 2, 0, 2, 2, 2], dtype=object)]
[185, array([-18.,  -9.,  -9.,   0.]), array([2, 1, 0, 1, 1, 2, 2, 3, 0, 0, 0, 2, 2, 3, 0, 0, 2, 0, 0, 2, 1, 0,
       1, 2, 2, 3, 0, 0, 2, 2, 2, 0, 1, 0, 2, 1, 2, 2, 1, 3, 1, 2, 0, 2,
       3, 2, 1, 2, 0, 2, 3, 2, 1, 1, 2, 3, 1, 1, 2, 0, 2, 0, 3, 0, 0, 2,
       1, 3, 1, 3, 3, 3, 2, 3, 2, 3, 1, 0, 0, 0, 0, 3, 2, 3, 2, 3, 2, 1,
       2, 3, 3, 0, 1, 3, 3, 0, 0, 3, 3, 1, 2, 0, 2, 3, 2, 2, 0, 3, 2, 1,
       2, 1, 3, 2, 1, 2, 0, 2, 2, 2], dtype=object)]
[185, array([-18.,  -9.,  -9.,   0.]), array([2, 1, 0, 1, 1, 2, 2, 3, 0, 0, 0, 2, 2, 3, 0, 0, 2, 0, 0, 2, 1, 0,
       1, 2, 2, 3, 0, 0, 2, 2, 2, 0, 1, 0, 2, 1, 2, 2, 1, 3, 1, 2, 0, 2,
       3, 2, 1, 2, 0, 2, 3, 2, 1, 1, 2, 3, 1, 1, 2, 0, 2, 0, 3, 0, 0, 2,
       1, 3, 1, 3, 3, 3, 2, 3, 2, 3, 1, 0, 0, 0, 0, 3, 2, 3, 2, 3, 2, 1,
       2, 3, 3, 0, 1, 3, 3, 0, 0, 3, 3, 1, 2, 0, 2, 3, 2, 2, 0, 3, 2, 1,
       2, 1, 3, 2, 1, 2, 0, 2, 2, 2], dtype=object)]
[185, array([-18.,  -9.,  -9.,   0.]), array([2, 1, 0, 1, 1, 2, 2, 3, 0, 0, 0, 2, 2, 3, 0, 0, 2, 0, 0, 2, 1, 0,
       1, 2, 2, 3, 0, 0, 2, 2, 2, 0, 1, 0, 2, 1, 2, 2, 1, 3, 1, 2, 0, 2,
       3, 2, 1, 2, 0, 2, 3, 2, 1, 1, 2, 3, 1, 1, 2, 0, 2, 0, 3, 0, 0, 2,
       1, 3, 1, 3, 3, 3, 2, 3, 2, 3, 1, 0, 0, 0, 0, 3, 2, 3, 2, 3, 2, 1,
       2, 3, 3, 0, 1, 3, 3, 0, 0, 3, 3, 1, 2, 0, 2, 3, 2, 2, 0, 3, 2, 1,
       2, 1, 3, 2, 1, 2, 0, 2, 2, 2], dtype=object)]
[185, array([-18.,  -9.,  -9.,   0.]), array([2, 1, 0, 1, 1, 2, 2, 3, 0, 0, 0, 2, 2, 3, 0, 0, 2, 0, 0, 2, 1, 0,
       1, 2, 2, 3, 0, 0, 2, 2, 2, 0, 1, 0, 2, 1, 2, 2, 1, 3, 1, 2, 0, 2,
       3, 2, 1, 2, 0, 2, 3, 2, 1, 1, 2, 3, 1, 1, 2, 0, 2, 0, 3, 0, 0, 2,
       1, 3, 1, 3, 3, 3, 2, 3, 2, 3, 1, 0, 0, 0, 0, 3, 2, 3, 2, 3, 2, 1,
       2, 3, 3, 0, 1, 3, 3, 0, 0, 3, 3, 1, 2, 0, 2, 3, 2, 2, 0, 3, 2, 1,
       2, 1, 3, 2, 1, 2, 0, 2, 2, 2], dtype=object)]
[186, array([-18.,  -9.,  -9.,   0.]), array([2, 1, 0, 1, 1, 2, 2, 3, 0, 0, 0, 2, 2, 3, 0, 0, 2, 0, 0, 2, 1, 0,
       1, 2, 2, 3, 0, 0, 2, 2, 2, 0, 1, 0, 2, 1, 2, 2, 1, 3, 1, 2, 0, 2,
       3, 2, 1, 2, 0, 2, 3, 2, 1, 1, 2, 3, 1, 1, 2, 0, 2, 0, 3, 0, 0, 2,
       1, 3, 1, 3, 3, 3, 2, 3, 2, 3, 1, 0, 0, 0, 0, 3, 2, 3, 2, 3, 2, 1,
       2, 3, 3, 0, 1, 3, 3, 0, 0, 3, 3, 1, 2, 0, 2, 3, 2, 2, 0, 3, 2, 1,
       2, 1, 3, 2, 1, 2, 0, 2, 2, 2], dtype=object)]
[186, array([-18.,  -9.,  -9.,   0.]), array([2, 1, 0, 1, 1, 2, 2, 3, 0, 0, 0, 2, 2, 3, 0, 0, 2, 0, 0, 2, 1, 0,
       1, 2, 2, 3, 0, 0, 2, 2, 2, 0, 1, 0, 2, 1, 2, 2, 1, 3, 1, 2, 0, 2,
       3, 2, 1, 2, 0, 2, 3, 2, 1, 1, 2, 3, 1, 1, 2, 0, 2, 0, 3, 0, 0, 2,
       1, 3, 1, 3, 3, 3, 2, 3, 2, 3, 1, 0, 0, 0, 0, 3, 2, 3, 2, 3, 2, 1,
       2, 3, 3, 0, 1, 3, 3, 0, 0, 3, 3, 1, 2, 0, 2, 3, 2, 2, 0, 3, 2, 1,
       2, 1, 3, 2, 1, 2, 0, 2, 2, 2], dtype=object)]
[186, array([-18.,  -9.,  -9.,   0.]), array([2, 1, 0, 1, 1, 2, 2, 3, 0, 0, 0, 2, 2, 3, 0, 0, 2, 0, 0, 2, 1, 0,
       1, 2, 2, 3, 0, 0, 2, 2, 2, 0, 1, 0, 2, 1, 2, 2, 1, 3, 1, 2, 0, 2,
       3, 2, 1, 2, 0, 2, 3, 2, 1, 1, 2, 3, 1, 1, 2, 0, 2, 0, 3, 0, 0, 2,
       1, 3, 1, 3, 3, 3, 2, 3, 2, 3, 1, 0, 0, 0, 0, 3, 2, 3, 2, 3, 2, 1,
       2, 3, 3, 0, 1, 3, 3, 0, 0, 3, 3, 1, 2, 0, 2, 3, 2, 2, 0, 3, 2, 1,
       2, 1, 3, 2, 1, 2, 0, 2, 2, 2], dtype=object)]
[186, array([-18.,  -9.,  -9.,   0.]), array([2, 1, 0, 1, 1, 2, 2, 3, 0, 0, 0, 2, 2, 3, 0, 0, 2, 0, 0, 2, 1, 0,
       1, 2, 2, 3, 0, 0, 2, 2, 2, 0, 1, 0, 2, 1, 2, 2, 1, 3, 1, 2, 0, 2,
       3, 2, 1, 2, 0, 2, 3, 2, 1, 1, 2, 3, 1, 1, 2, 0, 2, 0, 3, 0, 0, 2,
       1, 3, 1, 3, 3, 3, 2, 3, 2, 3, 1, 0, 0, 0, 0, 3, 2, 3, 2, 3, 2, 1,
       2, 3, 3, 0, 1, 3, 3, 0, 0, 3, 3, 1, 2, 0, 2, 3, 2, 2, 0, 3, 2, 1,
       2, 1, 3, 2, 1, 2, 0, 2, 2, 2], dtype=object)]
[187, array([-18.,  -9.,  -9.,   0.]), array([2, 1, 0, 1, 1, 2, 1, 3, 0, 0, 0, 2, 2, 3, 0, 0, 2, 0, 3, 2, 3, 1,
       1, 2, 2, 1, 0, 0, 2, 3, 0, 0, 1, 3, 2, 0, 3, 2, 1, 3, 3, 0, 3, 2,
       0, 2, 1, 0, 3, 3, 3, 2, 1, 0, 0, 3, 1, 2, 1, 0, 0, 0, 0, 0, 0, 2,
       1, 1, 2, 3, 3, 1, 2, 3, 2, 3, 1, 1, 0, 0, 0, 3, 2, 3, 2, 1, 2, 1,
       2, 1, 2, 0, 1, 3, 0, 0, 3, 0, 3, 1, 2, 0, 2, 3, 2, 2, 0, 3, 2, 1,
       0, 1, 1, 2, 3, 2, 0, 3, 2, 2], dtype=object)]
[187, array([-18.,  -9.,  -9.,   0.]), array([2, 1, 0, 1, 1, 2, 1, 3, 0, 0, 0, 2, 2, 3, 0, 0, 2, 0, 3, 2, 3, 1,
       1, 2, 2, 1, 0, 0, 2, 3, 0, 0, 1, 3, 2, 0, 3, 2, 1, 3, 3, 0, 3, 2,
       0, 2, 1, 0, 3, 3, 3, 2, 1, 0, 0, 3, 1, 2, 1, 0, 0, 0, 0, 0, 0, 2,
       1, 1, 2, 3, 3, 1, 2, 3, 2, 3, 1, 1, 0, 0, 0, 3, 2, 3, 2, 1, 2, 1,
       2, 1, 2, 0, 1, 3, 0, 0, 3, 0, 3, 1, 2, 0, 2, 3, 2, 2, 0, 3, 2, 1,
       0, 1, 1, 2, 3, 2, 0, 3, 2, 2], dtype=object)]
[187, array([-18.,  -9.,  -9.,   0.]), array([2, 1, 0, 1, 1, 2, 1, 3, 0, 0, 0, 2, 2, 3, 0, 0, 2, 0, 3, 2, 3, 1,
       1, 2, 2, 1, 0, 0, 2, 3, 0, 0, 1, 3, 2, 0, 3, 2, 1, 3, 3, 0, 3, 2,
       0, 2, 1, 0, 3, 3, 3, 2, 1, 0, 0, 3, 1, 2, 1, 0, 0, 0, 0, 0, 0, 2,
       1, 1, 2, 3, 3, 1, 2, 3, 2, 3, 1, 1, 0, 0, 0, 3, 2, 3, 2, 1, 2, 1,
       2, 1, 2, 0, 1, 3, 0, 0, 3, 0, 3, 1, 2, 0, 2, 3, 2, 2, 0, 3, 2, 1,
       0, 1, 1, 2, 3, 2, 0, 3, 2, 2], dtype=object)]
[187, array([-18.,  -9.,  -9.,   0.]), array([2, 1, 0, 1, 1, 2, 1, 3, 0, 0, 0, 2, 2, 3, 0, 0, 2, 0, 3, 2, 3, 1,
       1, 2, 2, 1, 0, 0, 2, 3, 0, 0, 1, 3, 2, 0, 3, 2, 1, 3, 3, 0, 3, 2,
       0, 2, 1, 0, 3, 3, 3, 2, 1, 0, 0, 3, 1, 2, 1, 0, 0, 0, 0, 0, 0, 2,
       1, 1, 2, 3, 3, 1, 2, 3, 2, 3, 1, 1, 0, 0, 0, 3, 2, 3, 2, 1, 2, 1,
       2, 1, 2, 0, 1, 3, 0, 0, 3, 0, 3, 1, 2, 0, 2, 3, 2, 2, 0, 3, 2, 1,
       0, 1, 1, 2, 3, 2, 0, 3, 2, 2], dtype=object)]
[188, array([-18.,  -9.,  -9.,   0.]), array([2, 1, 0, 1, 1, 2, 2, 1, 0, 0, 0, 2, 2, 3, 0, 0, 2, 0, 3, 2, 3, 0,
       1, 2, 2, 1, 0, 0, 2, 3, 2, 0, 0, 3, 2, 0, 3, 2, 1, 3, 3, 0, 3, 2,
       0, 2, 1, 0, 3, 3, 3, 2, 1, 0, 0, 3, 1, 2, 1, 0, 0, 0, 0, 0, 0, 2,
       1, 1, 2, 3, 3, 2, 2, 0, 2, 3, 3, 1, 0, 3, 0, 3, 2, 3, 2, 3, 2, 1,
       2, 3, 3, 0, 1, 3, 3, 0, 0, 3, 0, 1, 2, 0, 2, 3, 2, 3, 0, 3, 2, 1,
       0, 1, 1, 2, 1, 2, 0, 2, 2, 2], dtype=object)]
[188, array([-18.,  -9.,  -9.,   0.]), array([2, 1, 0, 1, 1, 2, 2, 1, 0, 0, 0, 2, 2, 3, 0, 0, 2, 0, 3, 2, 3, 0,
       1, 2, 2, 1, 0, 0, 2, 3, 2, 0, 0, 3, 2, 0, 3, 2, 1, 3, 3, 0, 3, 2,
       0, 2, 1, 0, 3, 3, 3, 2, 1, 0, 0, 3, 1, 2, 1, 0, 0, 0, 0, 0, 0, 2,
       1, 1, 2, 3, 3, 2, 2, 0, 2, 3, 3, 1, 0, 3, 0, 3, 2, 3, 2, 3, 2, 1,
       2, 3, 3, 0, 1, 3, 3, 0, 0, 3, 0, 1, 2, 0, 2, 3, 2, 3, 0, 3, 2, 1,
       0, 1, 1, 2, 1, 2, 0, 2, 2, 2], dtype=object)]
[188, array([-18.,  -9.,  -9.,   0.]), array([2, 1, 0, 1, 1, 2, 2, 1, 0, 0, 0, 2, 2, 3, 0, 0, 2, 0, 3, 2, 3, 0,
       1, 2, 2, 1, 0, 0, 2, 3, 2, 0, 0, 3, 2, 0, 3, 2, 1, 3, 3, 0, 3, 2,
       0, 2, 1, 0, 3, 3, 3, 2, 1, 0, 0, 3, 1, 2, 1, 0, 0, 0, 0, 0, 0, 2,
       1, 1, 2, 3, 3, 2, 2, 0, 2, 3, 3, 1, 0, 3, 0, 3, 2, 3, 2, 3, 2, 1,
       2, 3, 3, 0, 1, 3, 3, 0, 0, 3, 0, 1, 2, 0, 2, 3, 2, 3, 0, 3, 2, 1,
       0, 1, 1, 2, 1, 2, 0, 2, 2, 2], dtype=object)]
[188, array([-18.,  -9.,  -9.,   0.]), array([2, 1, 0, 1, 1, 2, 2, 1, 0, 0, 0, 2, 2, 3, 0, 0, 2, 0, 3, 2, 3, 0,
       1, 2, 2, 1, 0, 0, 2, 3, 2, 0, 0, 3, 2, 0, 3, 2, 1, 3, 3, 0, 3, 2,
       0, 2, 1, 0, 3, 3, 3, 2, 1, 0, 0, 3, 1, 2, 1, 0, 0, 0, 0, 0, 0, 2,
       1, 1, 2, 3, 3, 2, 2, 0, 2, 3, 3, 1, 0, 3, 0, 3, 2, 3, 2, 3, 2, 1,
       2, 3, 3, 0, 1, 3, 3, 0, 0, 3, 0, 1, 2, 0, 2, 3, 2, 3, 0, 3, 2, 1,
       0, 1, 1, 2, 1, 2, 0, 2, 2, 2], dtype=object)]
[189, array([-18.,  -9.,  -9.,   0.]), array([2, 1, 0, 3, 1, 2, 2, 3, 0, 0, 0, 2, 2, 3, 0, 0, 2, 0, 3, 2, 3, 1,
       1, 2, 2, 1, 0, 2, 2, 2, 2, 0, 1, 0, 2, 3, 2, 2, 1, 3, 1, 2, 0, 2,
       3, 2, 1, 2, 0, 2, 3, 2, 1, 1, 0, 3, 1, 2, 1, 0, 2, 0, 3, 0, 0, 2,
       1, 1, 2, 3, 3, 2, 2, 3, 2, 3, 1, 2, 0, 0, 0, 3, 2, 3, 2, 1, 2, 1,
       2, 1, 2, 0, 1, 3, 0, 0, 3, 0, 3, 1, 2, 0, 2, 3, 2, 2, 0, 3, 2, 1,
       0, 1, 1, 2, 1, 2, 0, 2, 2, 2], dtype=object)]
[189, array([-18.,  -9.,  -9.,   0.]), array([2, 1, 0, 3, 1, 2, 2, 3, 0, 0, 0, 2, 2, 3, 0, 0, 2, 0, 3, 2, 3, 1,
       1, 2, 2, 1, 0, 2, 2, 2, 2, 0, 1, 0, 2, 3, 2, 2, 1, 3, 1, 2, 0, 2,
       3, 2, 1, 2, 0, 2, 3, 2, 1, 1, 0, 3, 1, 2, 1, 0, 2, 0, 3, 0, 0, 2,
       1, 1, 2, 3, 3, 2, 2, 3, 2, 3, 1, 2, 0, 0, 0, 3, 2, 3, 2, 1, 2, 1,
       2, 1, 2, 0, 1, 3, 0, 0, 3, 0, 3, 1, 2, 0, 2, 3, 2, 2, 0, 3, 2, 1,
       0, 1, 1, 2, 1, 2, 0, 2, 2, 2], dtype=object)]
[189, array([-18.,  -9.,  -9.,   0.]), array([2, 1, 0, 3, 1, 2, 2, 3, 0, 0, 0, 2, 2, 3, 0, 0, 2, 0, 3, 2, 3, 1,
       1, 2, 2, 1, 0, 2, 2, 2, 2, 0, 1, 0, 2, 3, 2, 2, 1, 3, 1, 2, 0, 2,
       3, 2, 1, 2, 0, 2, 3, 2, 1, 1, 0, 3, 1, 2, 1, 0, 2, 0, 3, 0, 0, 2,
       1, 1, 2, 3, 3, 2, 2, 3, 2, 3, 1, 2, 0, 0, 0, 3, 2, 3, 2, 1, 2, 1,
       2, 1, 2, 0, 1, 3, 0, 0, 3, 0, 3, 1, 2, 0, 2, 3, 2, 2, 0, 3, 2, 1,
       0, 1, 1, 2, 1, 2, 0, 2, 2, 2], dtype=object)]
[189, array([-18.,  -9.,  -9.,   0.]), array([2, 1, 0, 3, 1, 2, 2, 3, 0, 0, 0, 2, 2, 3, 0, 0, 2, 0, 3, 2, 3, 1,
       1, 2, 2, 1, 0, 2, 2, 2, 2, 0, 1, 0, 2, 3, 2, 2, 1, 3, 1, 2, 0, 2,
       3, 2, 1, 2, 0, 2, 3, 2, 1, 1, 0, 3, 1, 2, 1, 0, 2, 0, 3, 0, 0, 2,
       1, 1, 2, 3, 3, 2, 2, 3, 2, 3, 1, 2, 0, 0, 0, 3, 2, 3, 2, 1, 2, 1,
       2, 1, 2, 0, 1, 3, 0, 0, 3, 0, 3, 1, 2, 0, 2, 3, 2, 2, 0, 3, 2, 1,
       0, 1, 1, 2, 1, 2, 0, 2, 2, 2], dtype=object)]
[190, array([-18.,  -9.,  -9.,   0.]), array([2, 1, 0, 3, 1, 2, 2, 3, 0, 0, 0, 2, 2, 3, 0, 0, 2, 0, 3, 2, 3, 1,
       1, 2, 2, 1, 0, 2, 2, 2, 2, 0, 1, 0, 2, 3, 2, 2, 1, 3, 1, 2, 0, 2,
       3, 2, 1, 2, 0, 2, 3, 2, 1, 1, 0, 3, 1, 2, 1, 0, 2, 0, 3, 0, 0, 2,
       1, 1, 2, 3, 3, 1, 2, 3, 2, 3, 1, 1, 0, 0, 0, 2, 2, 3, 2, 1, 2, 1,
       2, 1, 2, 0, 1, 3, 0, 0, 3, 0, 3, 1, 2, 0, 2, 3, 2, 2, 0, 3, 2, 1,
       0, 1, 1, 2, 1, 2, 0, 2, 2, 2], dtype=object)]
[190, array([-18.,  -9.,  -9.,   0.]), array([2, 1, 0, 3, 1, 2, 2, 3, 0, 0, 0, 2, 2, 3, 0, 0, 2, 0, 3, 2, 3, 1,
       1, 2, 2, 1, 0, 2, 2, 2, 2, 0, 1, 0, 2, 3, 2, 2, 1, 3, 1, 2, 0, 2,
       3, 2, 1, 2, 0, 2, 3, 2, 1, 1, 0, 3, 1, 2, 1, 0, 2, 0, 3, 0, 0, 2,
       1, 1, 2, 3, 3, 1, 2, 3, 2, 3, 1, 1, 0, 0, 0, 2, 2, 3, 2, 1, 2, 1,
       2, 1, 2, 0, 1, 3, 0, 0, 3, 0, 3, 1, 2, 0, 2, 3, 2, 2, 0, 3, 2, 1,
       0, 1, 1, 2, 1, 2, 0, 2, 2, 2], dtype=object)]
[190, array([-18.,  -9.,  -9.,   0.]), array([2, 1, 0, 3, 1, 2, 2, 3, 0, 0, 0, 2, 2, 3, 0, 0, 2, 0, 3, 2, 3, 1,
       1, 2, 2, 1, 0, 2, 2, 2, 2, 0, 1, 0, 2, 3, 2, 2, 1, 3, 1, 2, 0, 2,
       3, 2, 1, 2, 0, 2, 3, 2, 1, 1, 0, 3, 1, 2, 1, 0, 2, 0, 3, 0, 0, 2,
       1, 1, 2, 3, 3, 1, 2, 3, 2, 3, 1, 1, 0, 0, 0, 2, 2, 3, 2, 1, 2, 1,
       2, 1, 2, 0, 1, 3, 0, 0, 3, 0, 3, 1, 2, 0, 2, 3, 2, 2, 0, 3, 2, 1,
       0, 1, 1, 2, 1, 2, 0, 2, 2, 2], dtype=object)]
[190, array([-18.,  -9.,  -9.,   0.]), array([2, 1, 0, 3, 1, 2, 2, 3, 0, 0, 0, 2, 2, 3, 0, 0, 2, 0, 3, 2, 3, 1,
       1, 2, 2, 1, 0, 2, 2, 2, 2, 0, 1, 0, 2, 3, 2, 2, 1, 3, 1, 2, 0, 2,
       3, 2, 1, 2, 0, 2, 3, 2, 1, 1, 0, 3, 1, 2, 1, 0, 2, 0, 3, 0, 0, 2,
       1, 1, 2, 3, 3, 1, 2, 3, 2, 3, 1, 1, 0, 0, 0, 2, 2, 3, 2, 1, 2, 1,
       2, 1, 2, 0, 1, 3, 0, 0, 3, 0, 3, 1, 2, 0, 2, 3, 2, 2, 0, 3, 2, 1,
       0, 1, 1, 2, 1, 2, 0, 2, 2, 2], dtype=object)]
[191, array([-18.,  -9.,  -9.,   0.]), array([2, 1, 0, 3, 1, 2, 2, 3, 0, 0, 0, 2, 2, 3, 0, 0, 2, 0, 3, 2, 3, 1,
       1, 2, 2, 1, 0, 2, 2, 2, 2, 0, 1, 0, 2, 0, 2, 2, 1, 3, 1, 2, 0, 2,
       3, 2, 1, 2, 0, 2, 3, 2, 1, 1, 0, 3, 1, 2, 1, 0, 2, 0, 3, 0, 0, 2,
       1, 1, 1, 3, 3, 3, 0, 3, 2, 3, 1, 0, 0, 0, 0, 3, 2, 3, 2, 1, 2, 1,
       2, 1, 2, 0, 1, 3, 0, 0, 3, 0, 1, 1, 2, 0, 2, 3, 2, 3, 0, 3, 2, 1,
       0, 1, 1, 2, 1, 2, 0, 2, 2, 2], dtype=object)]
[191, array([-18.,  -9.,  -9.,   0.]), array([2, 1, 0, 3, 1, 2, 2, 3, 0, 0, 0, 2, 2, 3, 0, 0, 2, 0, 3, 2, 3, 1,
       1, 2, 2, 1, 0, 2, 2, 2, 2, 0, 1, 0, 2, 0, 2, 2, 1, 3, 1, 2, 0, 2,
       3, 2, 1, 2, 0, 2, 3, 2, 1, 1, 0, 3, 1, 2, 1, 0, 2, 0, 3, 0, 0, 2,
       1, 1, 1, 3, 3, 3, 0, 3, 2, 3, 1, 0, 0, 0, 0, 3, 2, 3, 2, 1, 2, 1,
       2, 1, 2, 0, 1, 3, 0, 0, 3, 0, 1, 1, 2, 0, 2, 3, 2, 3, 0, 3, 2, 1,
       0, 1, 1, 2, 1, 2, 0, 2, 2, 2], dtype=object)]
[191, array([-18.,  -9.,  -9.,   0.]), array([2, 1, 0, 3, 1, 2, 2, 3, 0, 0, 0, 2, 2, 3, 0, 0, 2, 0, 3, 2, 3, 1,
       1, 2, 2, 1, 0, 2, 2, 2, 2, 0, 1, 0, 2, 0, 2, 2, 1, 3, 1, 2, 0, 2,
       3, 2, 1, 2, 0, 2, 3, 2, 1, 1, 0, 3, 1, 2, 1, 0, 2, 0, 3, 0, 0, 2,
       1, 1, 1, 3, 3, 3, 0, 3, 2, 3, 1, 0, 0, 0, 0, 3, 2, 3, 2, 1, 2, 1,
       2, 1, 2, 0, 1, 3, 0, 0, 3, 0, 1, 1, 2, 0, 2, 3, 2, 3, 0, 3, 2, 1,
       0, 1, 1, 2, 1, 2, 0, 2, 2, 2], dtype=object)]
[191, array([-18.,  -9.,  -9.,   0.]), array([2, 1, 0, 3, 1, 2, 2, 3, 0, 0, 0, 2, 2, 3, 0, 0, 2, 0, 3, 2, 3, 1,
       1, 2, 2, 1, 0, 2, 2, 2, 2, 0, 1, 0, 2, 0, 2, 2, 1, 3, 1, 2, 0, 2,
       3, 2, 1, 2, 0, 2, 3, 2, 1, 1, 0, 3, 1, 2, 1, 0, 2, 0, 3, 0, 0, 2,
       1, 1, 1, 3, 3, 3, 0, 3, 2, 3, 1, 0, 0, 0, 0, 3, 2, 3, 2, 1, 2, 1,
       2, 1, 2, 0, 1, 3, 0, 0, 3, 0, 1, 1, 2, 0, 2, 3, 2, 3, 0, 3, 2, 1,
       0, 1, 1, 2, 1, 2, 0, 2, 2, 2], dtype=object)]
[192, array([-18.,  -9.,  -9.,   0.]), array([2, 1, 0, 1, 2, 3, 1, 3, 0, 0, 0, 3, 0, 3, 0, 0, 2, 0, 3, 2, 3, 3,
       3, 2, 2, 1, 0, 2, 2, 2, 2, 0, 1, 0, 2, 1, 2, 2, 1, 3, 1, 2, 0, 2,
       3, 2, 1, 2, 0, 2, 3, 2, 1, 0, 0, 3, 1, 2, 1, 0, 0, 0, 0, 0, 0, 2,
       1, 1, 2, 3, 3, 1, 2, 3, 2, 2, 1, 0, 0, 0, 0, 3, 2, 3, 2, 1, 2, 1,
       2, 1, 2, 0, 1, 3, 0, 0, 3, 0, 1, 1, 2, 0, 2, 3, 0, 3, 0, 3, 2, 1,
       0, 1, 1, 3, 1, 2, 0, 2, 2, 2], dtype=object)]
[192, array([-18.,  -9.,  -9.,   0.]), array([2, 1, 0, 1, 2, 3, 1, 3, 0, 0, 0, 3, 0, 3, 0, 0, 2, 0, 3, 2, 3, 3,
       3, 2, 2, 1, 0, 2, 2, 2, 2, 0, 1, 0, 2, 1, 2, 2, 1, 3, 1, 2, 0, 2,
       3, 2, 1, 2, 0, 2, 3, 2, 1, 0, 0, 3, 1, 2, 1, 0, 0, 0, 0, 0, 0, 2,
       1, 1, 2, 3, 3, 1, 2, 3, 2, 2, 1, 0, 0, 0, 0, 3, 2, 3, 2, 1, 2, 1,
       2, 1, 2, 0, 1, 3, 0, 0, 3, 0, 1, 1, 2, 0, 2, 3, 0, 3, 0, 3, 2, 1,
       0, 1, 1, 3, 1, 2, 0, 2, 2, 2], dtype=object)]
[192, array([-18.,  -9.,  -9.,   0.]), array([2, 1, 0, 1, 2, 3, 1, 3, 0, 0, 0, 3, 0, 3, 0, 0, 2, 0, 3, 2, 3, 3,
       3, 2, 2, 1, 0, 2, 2, 2, 2, 0, 1, 0, 2, 1, 2, 2, 1, 3, 1, 2, 0, 2,
       3, 2, 1, 2, 0, 2, 3, 2, 1, 0, 0, 3, 1, 2, 1, 0, 0, 0, 0, 0, 0, 2,
       1, 1, 2, 3, 3, 1, 2, 3, 2, 2, 1, 0, 0, 0, 0, 3, 2, 3, 2, 1, 2, 1,
       2, 1, 2, 0, 1, 3, 0, 0, 3, 0, 1, 1, 2, 0, 2, 3, 0, 3, 0, 3, 2, 1,
       0, 1, 1, 3, 1, 2, 0, 2, 2, 2], dtype=object)]
[192, array([-18.,  -9.,  -9.,   0.]), array([2, 1, 0, 1, 2, 3, 1, 3, 0, 0, 0, 3, 0, 3, 0, 0, 2, 0, 3, 2, 3, 3,
       3, 2, 2, 1, 0, 2, 2, 2, 2, 0, 1, 0, 2, 1, 2, 2, 1, 3, 1, 2, 0, 2,
       3, 2, 1, 2, 0, 2, 3, 2, 1, 0, 0, 3, 1, 2, 1, 0, 0, 0, 0, 0, 0, 2,
       1, 1, 2, 3, 3, 1, 2, 3, 2, 2, 1, 0, 0, 0, 0, 3, 2, 3, 2, 1, 2, 1,
       2, 1, 2, 0, 1, 3, 0, 0, 3, 0, 1, 1, 2, 0, 2, 3, 0, 3, 0, 3, 2, 1,
       0, 1, 1, 3, 1, 2, 0, 2, 2, 2], dtype=object)]
[193, array([-18.,  -9.,  -9.,   0.]), array([2, 1, 0, 0, 1, 2, 1, 3, 0, 0, 0, 3, 1, 0, 0, 0, 2, 0, 0, 2, 3, 0,
       1, 2, 1, 1, 1, 0, 2, 2, 2, 0, 1, 0, 2, 1, 0, 2, 1, 3, 1, 0, 0, 2,
       3, 2, 1, 2, 0, 2, 3, 2, 1, 1, 0, 3, 1, 2, 1, 0, 2, 0, 3, 0, 0, 2,
       1, 1, 2, 3, 3, 2, 2, 3, 2, 3, 1, 1, 0, 0, 0, 3, 2, 3, 2, 1, 2, 1,
       2, 1, 2, 0, 1, 3, 3, 0, 0, 3, 0, 1, 2, 0, 2, 3, 0, 3, 0, 3, 2, 1,
       0, 1, 1, 2, 1, 2, 0, 2, 2, 2], dtype=object)]
[193, array([-18.,  -9.,  -9.,   0.]), array([2, 1, 0, 0, 1, 2, 1, 3, 0, 0, 0, 3, 1, 0, 0, 0, 2, 0, 0, 2, 3, 0,
       1, 2, 1, 1, 1, 0, 2, 2, 2, 0, 1, 0, 2, 1, 0, 2, 1, 3, 1, 0, 0, 2,
       3, 2, 1, 2, 0, 2, 3, 2, 1, 1, 0, 3, 1, 2, 1, 0, 2, 0, 3, 0, 0, 2,
       1, 1, 2, 3, 3, 2, 2, 3, 2, 3, 1, 1, 0, 0, 0, 3, 2, 3, 2, 1, 2, 1,
       2, 1, 2, 0, 1, 3, 3, 0, 0, 3, 0, 1, 2, 0, 2, 3, 0, 3, 0, 3, 2, 1,
       0, 1, 1, 2, 1, 2, 0, 2, 2, 2], dtype=object)]
[193, array([-18.,  -9.,  -9.,   0.]), array([2, 1, 0, 0, 1, 2, 1, 3, 0, 0, 0, 3, 1, 0, 0, 0, 2, 0, 0, 2, 3, 0,
       1, 2, 1, 1, 1, 0, 2, 2, 2, 0, 1, 0, 2, 1, 0, 2, 1, 3, 1, 0, 0, 2,
       3, 2, 1, 2, 0, 2, 3, 2, 1, 1, 0, 3, 1, 2, 1, 0, 2, 0, 3, 0, 0, 2,
       1, 1, 2, 3, 3, 2, 2, 3, 2, 3, 1, 1, 0, 0, 0, 3, 2, 3, 2, 1, 2, 1,
       2, 1, 2, 0, 1, 3, 3, 0, 0, 3, 0, 1, 2, 0, 2, 3, 0, 3, 0, 3, 2, 1,
       0, 1, 1, 2, 1, 2, 0, 2, 2, 2], dtype=object)]
[193, array([-18.,  -9.,  -9.,   0.]), array([2, 1, 0, 0, 1, 2, 1, 3, 0, 0, 0, 3, 1, 0, 0, 0, 2, 0, 0, 2, 3, 0,
       1, 2, 1, 1, 1, 0, 2, 2, 2, 0, 1, 0, 2, 1, 0, 2, 1, 3, 1, 0, 0, 2,
       3, 2, 1, 2, 0, 2, 3, 2, 1, 1, 0, 3, 1, 2, 1, 0, 2, 0, 3, 0, 0, 2,
       1, 1, 2, 3, 3, 2, 2, 3, 2, 3, 1, 1, 0, 0, 0, 3, 2, 3, 2, 1, 2, 1,
       2, 1, 2, 0, 1, 3, 3, 0, 0, 3, 0, 1, 2, 0, 2, 3, 0, 3, 0, 3, 2, 1,
       0, 1, 1, 2, 1, 2, 0, 2, 2, 2], dtype=object)]
[194, array([-18.,  -9.,  -9.,   0.]), array([2, 1, 0, 0, 1, 2, 1, 3, 0, 0, 0, 0, 1, 0, 0, 0, 2, 0, 0, 2, 3, 0,
       1, 2, 1, 1, 1, 0, 2, 2, 2, 0, 1, 0, 2, 1, 0, 2, 1, 3, 1, 0, 0, 2,
       3, 2, 1, 2, 0, 2, 3, 2, 1, 1, 0, 3, 1, 2, 1, 0, 2, 0, 3, 0, 0, 2,
       1, 1, 2, 3, 3, 2, 2, 3, 1, 3, 1, 1, 0, 0, 0, 3, 2, 3, 2, 1, 2, 1,
       2, 1, 2, 0, 1, 3, 3, 0, 0, 3, 0, 1, 2, 0, 2, 3, 0, 3, 0, 3, 2, 1,
       0, 1, 1, 2, 1, 2, 0, 2, 2, 2], dtype=object)]
[194, array([-18.,  -9.,  -9.,   0.]), array([2, 1, 0, 0, 1, 2, 1, 3, 0, 0, 0, 0, 1, 0, 0, 0, 2, 0, 0, 2, 3, 0,
       1, 2, 1, 1, 1, 0, 2, 2, 2, 0, 1, 0, 2, 1, 0, 2, 1, 3, 1, 0, 0, 2,
       3, 2, 1, 2, 0, 2, 3, 2, 1, 1, 0, 3, 1, 2, 1, 0, 2, 0, 3, 0, 0, 2,
       1, 1, 2, 3, 3, 2, 2, 3, 1, 3, 1, 1, 0, 0, 0, 3, 2, 3, 2, 1, 2, 1,
       2, 1, 2, 0, 1, 3, 3, 0, 0, 3, 0, 1, 2, 0, 2, 3, 0, 3, 0, 3, 2, 1,
       0, 1, 1, 2, 1, 2, 0, 2, 2, 2], dtype=object)]
[194, array([-18.,  -9.,  -9.,   0.]), array([2, 1, 0, 0, 1, 2, 1, 3, 0, 0, 0, 0, 1, 0, 0, 0, 2, 0, 0, 2, 3, 0,
       1, 2, 1, 1, 1, 0, 2, 2, 2, 0, 1, 0, 2, 1, 0, 2, 1, 3, 1, 0, 0, 2,
       3, 2, 1, 2, 0, 2, 3, 2, 1, 1, 0, 3, 1, 2, 1, 0, 2, 0, 3, 0, 0, 2,
       1, 1, 2, 3, 3, 2, 2, 3, 1, 3, 1, 1, 0, 0, 0, 3, 2, 3, 2, 1, 2, 1,
       2, 1, 2, 0, 1, 3, 3, 0, 0, 3, 0, 1, 2, 0, 2, 3, 0, 3, 0, 3, 2, 1,
       0, 1, 1, 2, 1, 2, 0, 2, 2, 2], dtype=object)]
[194, array([-18.,  -9.,  -9.,   0.]), array([2, 1, 0, 0, 1, 2, 1, 3, 0, 0, 0, 0, 1, 0, 0, 0, 2, 0, 0, 2, 3, 0,
       1, 2, 1, 1, 1, 0, 2, 2, 2, 0, 1, 0, 2, 1, 0, 2, 1, 3, 1, 0, 0, 2,
       3, 2, 1, 2, 0, 2, 3, 2, 1, 1, 0, 3, 1, 2, 1, 0, 2, 0, 3, 0, 0, 2,
       1, 1, 2, 3, 3, 2, 2, 3, 1, 3, 1, 1, 0, 0, 0, 3, 2, 3, 2, 1, 2, 1,
       2, 1, 2, 0, 1, 3, 3, 0, 0, 3, 0, 1, 2, 0, 2, 3, 0, 3, 0, 3, 2, 1,
       0, 1, 1, 2, 1, 2, 0, 2, 2, 2], dtype=object)]
[195, array([-18.,  -9.,  -9.,   0.]), array([2, 1, 0, 1, 1, 2, 1, 3, 0, 0, 0, 1, 2, 3, 0, 0, 2, 0, 3, 2, 3, 1,
       1, 2, 2, 1, 0, 0, 2, 3, 0, 0, 1, 3, 2, 2, 3, 2, 1, 3, 3, 0, 3, 2,
       0, 2, 1, 0, 3, 3, 3, 2, 1, 0, 0, 3, 1, 2, 1, 0, 0, 0, 1, 0, 0, 2,
       2, 1, 2, 3, 3, 2, 2, 3, 2, 3, 1, 1, 0, 0, 0, 3, 2, 3, 2, 1, 2, 1,
       2, 1, 2, 0, 1, 3, 0, 0, 3, 0, 3, 1, 2, 0, 2, 3, 2, 2, 0, 3, 2, 1,
       2, 1, 1, 2, 1, 2, 0, 2, 2, 2], dtype=object)]
[195, array([-18.,  -9.,  -9.,   0.]), array([2, 1, 0, 1, 1, 2, 1, 3, 0, 0, 0, 1, 2, 3, 0, 0, 2, 0, 3, 2, 3, 1,
       1, 2, 2, 1, 0, 0, 2, 3, 0, 0, 1, 3, 2, 2, 3, 2, 1, 3, 3, 0, 3, 2,
       0, 2, 1, 0, 3, 3, 3, 2, 1, 0, 0, 3, 1, 2, 1, 0, 0, 0, 1, 0, 0, 2,
       2, 1, 2, 3, 3, 2, 2, 3, 2, 3, 1, 1, 0, 0, 0, 3, 2, 3, 2, 1, 2, 1,
       2, 1, 2, 0, 1, 3, 0, 0, 3, 0, 3, 1, 2, 0, 2, 3, 2, 2, 0, 3, 2, 1,
       2, 1, 1, 2, 1, 2, 0, 2, 2, 2], dtype=object)]
[195, array([-18.,  -9.,  -9.,   0.]), array([2, 1, 0, 1, 1, 2, 1, 3, 0, 0, 0, 1, 2, 3, 0, 0, 2, 0, 3, 2, 3, 1,
       1, 2, 2, 1, 0, 0, 2, 3, 0, 0, 1, 3, 2, 2, 3, 2, 1, 3, 3, 0, 3, 2,
       0, 2, 1, 0, 3, 3, 3, 2, 1, 0, 0, 3, 1, 2, 1, 0, 0, 0, 1, 0, 0, 2,
       2, 1, 2, 3, 3, 2, 2, 3, 2, 3, 1, 1, 0, 0, 0, 3, 2, 3, 2, 1, 2, 1,
       2, 1, 2, 0, 1, 3, 0, 0, 3, 0, 3, 1, 2, 0, 2, 3, 2, 2, 0, 3, 2, 1,
       2, 1, 1, 2, 1, 2, 0, 2, 2, 2], dtype=object)]
[195, array([-18.,  -9.,  -9.,   0.]), array([2, 1, 0, 1, 1, 2, 1, 3, 0, 0, 0, 1, 2, 3, 0, 0, 2, 0, 3, 2, 3, 1,
       1, 2, 2, 1, 0, 0, 2, 3, 0, 0, 1, 3, 2, 2, 3, 2, 1, 3, 3, 0, 3, 2,
       0, 2, 1, 0, 3, 3, 3, 2, 1, 0, 0, 3, 1, 2, 1, 0, 0, 0, 1, 0, 0, 2,
       2, 1, 2, 3, 3, 2, 2, 3, 2, 3, 1, 1, 0, 0, 0, 3, 2, 3, 2, 1, 2, 1,
       2, 1, 2, 0, 1, 3, 0, 0, 3, 0, 3, 1, 2, 0, 2, 3, 2, 2, 0, 3, 2, 1,
       2, 1, 1, 2, 1, 2, 0, 2, 2, 2], dtype=object)]
[196, array([-18.,  -9.,  -9.,   0.]), array([2, 1, 0, 1, 1, 2, 1, 3, 0, 0, 0, 1, 2, 3, 0, 0, 2, 0, 3, 2, 3, 1,
       1, 2, 2, 1, 0, 0, 2, 3, 0, 0, 1, 3, 2, 2, 3, 2, 1, 3, 3, 0, 3, 2,
       0, 2, 1, 0, 3, 3, 3, 2, 1, 0, 0, 3, 1, 2, 1, 0, 0, 0, 1, 0, 0, 2,
       2, 1, 2, 3, 3, 2, 2, 3, 2, 3, 1, 1, 0, 0, 0, 3, 2, 3, 2, 1, 2, 1,
       2, 1, 2, 0, 1, 3, 0, 0, 3, 0, 3, 1, 2, 0, 2, 3, 2, 2, 0, 3, 2, 1,
       2, 1, 1, 2, 1, 2, 0, 2, 2, 2], dtype=object)]
[196, array([-18.,  -9.,  -9.,   0.]), array([2, 1, 0, 1, 1, 2, 1, 3, 0, 0, 0, 1, 2, 3, 0, 0, 2, 0, 3, 2, 3, 1,
       1, 2, 2, 1, 0, 0, 2, 3, 0, 0, 1, 3, 2, 2, 3, 2, 1, 3, 3, 0, 3, 2,
       0, 2, 1, 0, 3, 3, 3, 2, 1, 0, 0, 3, 1, 2, 1, 0, 0, 0, 1, 0, 0, 2,
       2, 1, 2, 3, 3, 2, 2, 3, 2, 3, 1, 1, 0, 0, 0, 3, 2, 3, 2, 1, 2, 1,
       2, 1, 2, 0, 1, 3, 0, 0, 3, 0, 3, 1, 2, 0, 2, 3, 2, 2, 0, 3, 2, 1,
       2, 1, 1, 2, 1, 2, 0, 2, 2, 2], dtype=object)]
[196, array([-18.,  -9.,  -9.,   0.]), array([2, 1, 0, 1, 1, 2, 1, 3, 0, 0, 0, 1, 2, 3, 0, 0, 2, 0, 3, 2, 3, 1,
       1, 2, 2, 1, 0, 0, 2, 3, 0, 0, 1, 3, 2, 2, 3, 2, 1, 3, 3, 0, 3, 2,
       0, 2, 1, 0, 3, 3, 3, 2, 1, 0, 0, 3, 1, 2, 1, 0, 0, 0, 1, 0, 0, 2,
       2, 1, 2, 3, 3, 2, 2, 3, 2, 3, 1, 1, 0, 0, 0, 3, 2, 3, 2, 1, 2, 1,
       2, 1, 2, 0, 1, 3, 0, 0, 3, 0, 3, 1, 2, 0, 2, 3, 2, 2, 0, 3, 2, 1,
       2, 1, 1, 2, 1, 2, 0, 2, 2, 2], dtype=object)]
[196, array([-18.,  -9.,  -9.,   0.]), array([2, 1, 0, 1, 1, 2, 1, 3, 0, 0, 0, 1, 2, 3, 0, 0, 2, 0, 3, 2, 3, 1,
       1, 2, 2, 1, 0, 0, 2, 3, 0, 0, 1, 3, 2, 2, 3, 2, 1, 3, 3, 0, 3, 2,
       0, 2, 1, 0, 3, 3, 3, 2, 1, 0, 0, 3, 1, 2, 1, 0, 0, 0, 1, 0, 0, 2,
       2, 1, 2, 3, 3, 2, 2, 3, 2, 3, 1, 1, 0, 0, 0, 3, 2, 3, 2, 1, 2, 1,
       2, 1, 2, 0, 1, 3, 0, 0, 3, 0, 3, 1, 2, 0, 2, 3, 2, 2, 0, 3, 2, 1,
       2, 1, 1, 2, 1, 2, 0, 2, 2, 2], dtype=object)]
[197, array([-18.,  -9.,  -9.,   0.]), array([2, 1, 0, 1, 2, 3, 1, 3, 0, 0, 0, 3, 1, 2, 0, 1, 2, 0, 0, 2, 3, 3,
       1, 0, 2, 3, 2, 2, 2, 2, 2, 0, 1, 0, 2, 1, 3, 2, 1, 0, 3, 0, 0, 2,
       3, 2, 1, 2, 0, 2, 3, 2, 1, 1, 2, 3, 1, 2, 1, 0, 0, 0, 0, 0, 0, 2,
       1, 1, 2, 3, 3, 3, 2, 3, 2, 3, 1, 1, 0, 0, 0, 3, 2, 3, 2, 3, 2, 0,
       2, 1, 2, 0, 1, 3, 0, 0, 3, 0, 3, 1, 2, 0, 2, 3, 0, 3, 0, 3, 2, 1,
       1, 1, 3, 2, 1, 2, 0, 2, 2, 2], dtype=object)]
[197, array([-18.,  -9.,  -9.,   0.]), array([2, 1, 0, 1, 2, 3, 1, 3, 0, 0, 0, 3, 1, 2, 0, 1, 2, 0, 0, 2, 3, 3,
       1, 0, 2, 3, 2, 2, 2, 2, 2, 0, 1, 0, 2, 1, 3, 2, 1, 0, 3, 0, 0, 2,
       3, 2, 1, 2, 0, 2, 3, 2, 1, 1, 2, 3, 1, 2, 1, 0, 0, 0, 0, 0, 0, 2,
       1, 1, 2, 3, 3, 3, 2, 3, 2, 3, 1, 1, 0, 0, 0, 3, 2, 3, 2, 3, 2, 0,
       2, 1, 2, 0, 1, 3, 0, 0, 3, 0, 3, 1, 2, 0, 2, 3, 0, 3, 0, 3, 2, 1,
       1, 1, 3, 2, 1, 2, 0, 2, 2, 2], dtype=object)]
[197, array([-18.,  -9.,  -9.,   0.]), array([2, 1, 0, 1, 2, 3, 1, 3, 0, 0, 0, 3, 1, 2, 0, 1, 2, 0, 0, 2, 3, 3,
       1, 0, 2, 3, 2, 2, 2, 2, 2, 0, 1, 0, 2, 1, 3, 2, 1, 0, 3, 0, 0, 2,
       3, 2, 1, 2, 0, 2, 3, 2, 1, 1, 2, 3, 1, 2, 1, 0, 0, 0, 0, 0, 0, 2,
       1, 1, 2, 3, 3, 3, 2, 3, 2, 3, 1, 1, 0, 0, 0, 3, 2, 3, 2, 3, 2, 0,
       2, 1, 2, 0, 1, 3, 0, 0, 3, 0, 3, 1, 2, 0, 2, 3, 0, 3, 0, 3, 2, 1,
       1, 1, 3, 2, 1, 2, 0, 2, 2, 2], dtype=object)]
[197, array([-18.,  -9.,  -9.,   0.]), array([2, 1, 0, 1, 2, 3, 1, 3, 0, 0, 0, 3, 1, 2, 0, 1, 2, 0, 0, 2, 3, 3,
       1, 0, 2, 3, 2, 2, 2, 2, 2, 0, 1, 0, 2, 1, 3, 2, 1, 0, 3, 0, 0, 2,
       3, 2, 1, 2, 0, 2, 3, 2, 1, 1, 2, 3, 1, 2, 1, 0, 0, 0, 0, 0, 0, 2,
       1, 1, 2, 3, 3, 3, 2, 3, 2, 3, 1, 1, 0, 0, 0, 3, 2, 3, 2, 3, 2, 0,
       2, 1, 2, 0, 1, 3, 0, 0, 3, 0, 3, 1, 2, 0, 2, 3, 0, 3, 0, 3, 2, 1,
       1, 1, 3, 2, 1, 2, 0, 2, 2, 2], dtype=object)]
[198, array([-18.,  -9.,  -9.,   0.]), array([2, 1, 0, 1, 2, 3, 1, 3, 0, 0, 0, 3, 1, 0, 0, 1, 2, 0, 0, 2, 3, 3,
       1, 0, 0, 3, 2, 2, 2, 2, 2, 0, 1, 0, 0, 1, 2, 2, 1, 3, 1, 2, 0, 2,
       3, 2, 1, 2, 0, 2, 3, 2, 1, 1, 2, 3, 3, 2, 1, 0, 2, 0, 3, 0, 0, 2,
       2, 1, 2, 3, 3, 2, 2, 0, 2, 3, 3, 1, 0, 3, 0, 3, 2, 3, 2, 3, 2, 1,
       2, 2, 2, 0, 0, 3, 0, 0, 0, 3, 3, 1, 2, 2, 2, 3, 2, 3, 0, 3, 2, 2,
       0, 1, 1, 2, 1, 2, 0, 2, 2, 2], dtype=object)]
[198, array([-18.,  -9.,  -9.,   0.]), array([2, 1, 0, 1, 2, 3, 1, 3, 0, 0, 0, 3, 1, 0, 0, 1, 2, 0, 0, 2, 3, 3,
       1, 0, 0, 3, 2, 2, 2, 2, 2, 0, 1, 0, 0, 1, 2, 2, 1, 3, 1, 2, 0, 2,
       3, 2, 1, 2, 0, 2, 3, 2, 1, 1, 2, 3, 3, 2, 1, 0, 2, 0, 3, 0, 0, 2,
       2, 1, 2, 3, 3, 2, 2, 0, 2, 3, 3, 1, 0, 3, 0, 3, 2, 3, 2, 3, 2, 1,
       2, 2, 2, 0, 0, 3, 0, 0, 0, 3, 3, 1, 2, 2, 2, 3, 2, 3, 0, 3, 2, 2,
       0, 1, 1, 2, 1, 2, 0, 2, 2, 2], dtype=object)]
[198, array([-18.,  -9.,  -9.,   0.]), array([2, 1, 0, 1, 2, 3, 1, 3, 0, 0, 0, 3, 1, 0, 0, 1, 2, 0, 0, 2, 3, 3,
       1, 0, 0, 3, 2, 2, 2, 2, 2, 0, 1, 0, 0, 1, 2, 2, 1, 3, 1, 2, 0, 2,
       3, 2, 1, 2, 0, 2, 3, 2, 1, 1, 2, 3, 3, 2, 1, 0, 2, 0, 3, 0, 0, 2,
       2, 1, 2, 3, 3, 2, 2, 0, 2, 3, 3, 1, 0, 3, 0, 3, 2, 3, 2, 3, 2, 1,
       2, 2, 2, 0, 0, 3, 0, 0, 0, 3, 3, 1, 2, 2, 2, 3, 2, 3, 0, 3, 2, 2,
       0, 1, 1, 2, 1, 2, 0, 2, 2, 2], dtype=object)]
[198, array([-18.,  -9.,  -9.,   0.]), array([2, 1, 0, 1, 2, 3, 1, 3, 0, 0, 0, 3, 1, 0, 0, 1, 2, 0, 0, 2, 3, 3,
       1, 0, 0, 3, 2, 2, 2, 2, 2, 0, 1, 0, 0, 1, 2, 2, 1, 3, 1, 2, 0, 2,
       3, 2, 1, 2, 0, 2, 3, 2, 1, 1, 2, 3, 3, 2, 1, 0, 2, 0, 3, 0, 0, 2,
       2, 1, 2, 3, 3, 2, 2, 0, 2, 3, 3, 1, 0, 3, 0, 3, 2, 3, 2, 3, 2, 1,
       2, 2, 2, 0, 0, 3, 0, 0, 0, 3, 3, 1, 2, 2, 2, 3, 2, 3, 0, 3, 2, 2,
       0, 1, 1, 2, 1, 2, 0, 2, 2, 2], dtype=object)]
[199, array([-18.,  -9.,  -9.,   0.]), array([2, 1, 0, 1, 2, 3, 1, 3, 0, 0, 0, 3, 1, 0, 1, 1, 2, 0, 0, 2, 3, 3,
       1, 2, 2, 1, 0, 2, 2, 2, 2, 0, 1, 0, 2, 1, 2, 2, 1, 3, 1, 2, 0, 2,
       3, 2, 1, 2, 0, 2, 3, 2, 1, 1, 0, 3, 0, 2, 1, 0, 2, 0, 3, 0, 0, 2,
       2, 1, 2, 3, 3, 2, 2, 3, 2, 1, 1, 1, 0, 1, 0, 3, 2, 3, 2, 1, 2, 1,
       2, 1, 1, 0, 1, 3, 0, 0, 3, 0, 3, 1, 2, 0, 2, 3, 2, 2, 0, 3, 2, 1,
       0, 1, 1, 2, 3, 2, 0, 3, 2, 2], dtype=object)]
[199, array([-18.,  -9.,  -9.,   0.]), array([2, 1, 0, 1, 2, 3, 1, 3, 0, 0, 0, 3, 1, 0, 1, 1, 2, 0, 0, 2, 3, 3,
       1, 2, 2, 1, 0, 2, 2, 2, 2, 0, 1, 0, 2, 1, 2, 2, 1, 3, 1, 2, 0, 2,
       3, 2, 1, 2, 0, 2, 3, 2, 1, 1, 0, 3, 0, 2, 1, 0, 2, 0, 3, 0, 0, 2,
       2, 1, 2, 3, 3, 2, 2, 3, 2, 1, 1, 1, 0, 1, 0, 3, 2, 3, 2, 1, 2, 1,
       2, 1, 1, 0, 1, 3, 0, 0, 3, 0, 3, 1, 2, 0, 2, 3, 2, 2, 0, 3, 2, 1,
       0, 1, 1, 2, 3, 2, 0, 3, 2, 2], dtype=object)]
[199, array([-18.,  -9.,  -9.,   0.]), array([2, 1, 0, 1, 2, 3, 1, 3, 0, 0, 0, 3, 1, 0, 1, 1, 2, 0, 0, 2, 3, 3,
       1, 2, 2, 1, 0, 2, 2, 2, 2, 0, 1, 0, 2, 1, 2, 2, 1, 3, 1, 2, 0, 2,
       3, 2, 1, 2, 0, 2, 3, 2, 1, 1, 0, 3, 0, 2, 1, 0, 2, 0, 3, 0, 0, 2,
       2, 1, 2, 3, 3, 2, 2, 3, 2, 1, 1, 1, 0, 1, 0, 3, 2, 3, 2, 1, 2, 1,
       2, 1, 1, 0, 1, 3, 0, 0, 3, 0, 3, 1, 2, 0, 2, 3, 2, 2, 0, 3, 2, 1,
       0, 1, 1, 2, 3, 2, 0, 3, 2, 2], dtype=object)]
[199, array([-18.,  -9.,  -9.,   0.]), array([2, 1, 0, 1, 2, 3, 1, 3, 0, 0, 0, 3, 1, 0, 1, 1, 2, 0, 0, 2, 3, 3,
       1, 2, 2, 1, 0, 2, 2, 2, 2, 0, 1, 0, 2, 1, 2, 2, 1, 3, 1, 2, 0, 2,
       3, 2, 1, 2, 0, 2, 3, 2, 1, 1, 0, 3, 0, 2, 1, 0, 2, 0, 3, 0, 0, 2,
       2, 1, 2, 3, 3, 2, 2, 3, 2, 1, 1, 1, 0, 1, 0, 3, 2, 3, 2, 1, 2, 1,
       2, 1, 1, 0, 1, 3, 0, 0, 3, 0, 3, 1, 2, 0, 2, 3, 2, 2, 0, 3, 2, 1,
       0, 1, 1, 2, 3, 2, 0, 3, 2, 2], dtype=object)]
[200, array([-18.,  -9.,  -9.,   0.]), array([2, 1, 0, 1, 2, 3, 1, 3, 0, 0, 0, 3, 1, 0, 1, 1, 2, 0, 0, 2, 3, 3,
       1, 2, 2, 1, 0, 2, 2, 2, 2, 0, 1, 0, 2, 1, 2, 2, 1, 3, 1, 2, 0, 2,
       3, 2, 1, 2, 0, 2, 3, 2, 1, 1, 0, 3, 0, 2, 1, 0, 2, 0, 3, 0, 0, 2,
       2, 1, 2, 3, 3, 2, 2, 3, 2, 1, 1, 1, 0, 1, 0, 3, 2, 3, 2, 1, 2, 1,
       2, 1, 1, 0, 1, 3, 0, 0, 3, 0, 3, 1, 2, 0, 2, 3, 2, 2, 0, 3, 2, 1,
       0, 1, 1, 2, 3, 2, 0, 3, 2, 2], dtype=object)]
[200, array([-18.,  -9.,  -9.,   0.]), array([2, 1, 0, 1, 2, 3, 1, 3, 0, 0, 0, 3, 1, 0, 1, 1, 2, 0, 0, 2, 3, 3,
       1, 2, 2, 1, 0, 2, 2, 2, 2, 0, 1, 0, 2, 1, 2, 2, 1, 3, 1, 2, 0, 2,
       3, 2, 1, 2, 0, 2, 3, 2, 1, 1, 0, 3, 0, 2, 1, 0, 2, 0, 3, 0, 0, 2,
       2, 1, 2, 3, 3, 2, 2, 3, 2, 1, 1, 1, 0, 1, 0, 3, 2, 3, 2, 1, 2, 1,
       2, 1, 1, 0, 1, 3, 0, 0, 3, 0, 3, 1, 2, 0, 2, 3, 2, 2, 0, 3, 2, 1,
       0, 1, 1, 2, 3, 2, 0, 3, 2, 2], dtype=object)]
[200, array([-18.,  -9.,  -9.,   0.]), array([2, 1, 0, 1, 2, 3, 1, 3, 0, 0, 0, 3, 1, 0, 1, 1, 2, 0, 0, 2, 3, 3,
       1, 2, 2, 1, 0, 2, 2, 2, 2, 0, 1, 0, 2, 1, 2, 2, 1, 3, 1, 2, 0, 2,
       3, 2, 1, 2, 0, 2, 3, 2, 1, 1, 0, 3, 0, 2, 1, 0, 2, 0, 3, 0, 0, 2,
       2, 1, 2, 3, 3, 2, 2, 3, 2, 1, 1, 1, 0, 1, 0, 3, 2, 3, 2, 1, 2, 1,
       2, 1, 1, 0, 1, 3, 0, 0, 3, 0, 3, 1, 2, 0, 2, 3, 2, 2, 0, 3, 2, 1,
       0, 1, 1, 2, 3, 2, 0, 3, 2, 2], dtype=object)]
[200, array([-18.,  -9.,  -9.,   0.]), array([2, 1, 0, 1, 2, 3, 1, 3, 0, 0, 0, 3, 1, 0, 1, 1, 2, 0, 0, 2, 3, 3,
       1, 2, 2, 1, 0, 2, 2, 2, 2, 0, 1, 0, 2, 1, 2, 2, 1, 3, 1, 2, 0, 2,
       3, 2, 1, 2, 0, 2, 3, 2, 1, 1, 0, 3, 0, 2, 1, 0, 2, 0, 3, 0, 0, 2,
       2, 1, 2, 3, 3, 2, 2, 3, 2, 1, 1, 1, 0, 1, 0, 3, 2, 3, 2, 1, 2, 1,
       2, 1, 1, 0, 1, 3, 0, 0, 3, 0, 3, 1, 2, 0, 2, 3, 2, 2, 0, 3, 2, 1,
       0, 1, 1, 2, 3, 2, 0, 3, 2, 2], dtype=object)]
[201, array([-18.,  -9.,  -9.,   0.]), array([2, 1, 0, 1, 2, 3, 1, 3, 0, 0, 0, 1, 1, 0, 0, 1, 2, 0, 0, 2, 3, 3,
       1, 0, 2, 3, 2, 2, 1, 2, 2, 0, 1, 0, 0, 1, 3, 2, 1, 3, 3, 0, 3, 2,
       0, 2, 1, 2, 0, 2, 3, 2, 1, 1, 0, 3, 1, 2, 1, 0, 2, 0, 3, 0, 0, 0,
       1, 1, 2, 3, 0, 2, 2, 0, 2, 3, 3, 1, 0, 3, 0, 3, 2, 3, 2, 3, 2, 1,
       2, 3, 3, 0, 1, 3, 3, 0, 0, 3, 0, 1, 2, 0, 2, 3, 0, 3, 0, 3, 2, 2,
       0, 1, 1, 2, 1, 2, 0, 2, 2, 2], dtype=object)]
[201, array([-18.,  -9.,  -9.,   0.]), array([2, 1, 0, 1, 2, 3, 1, 3, 0, 0, 0, 1, 1, 0, 0, 1, 2, 0, 0, 2, 3, 3,
       1, 0, 2, 3, 2, 2, 1, 2, 2, 0, 1, 0, 0, 1, 3, 2, 1, 3, 3, 0, 3, 2,
       0, 2, 1, 2, 0, 2, 3, 2, 1, 1, 0, 3, 1, 2, 1, 0, 2, 0, 3, 0, 0, 0,
       1, 1, 2, 3, 0, 2, 2, 0, 2, 3, 3, 1, 0, 3, 0, 3, 2, 3, 2, 3, 2, 1,
       2, 3, 3, 0, 1, 3, 3, 0, 0, 3, 0, 1, 2, 0, 2, 3, 0, 3, 0, 3, 2, 2,
       0, 1, 1, 2, 1, 2, 0, 2, 2, 2], dtype=object)]
[201, array([-18.,  -9.,  -9.,   0.]), array([2, 1, 0, 1, 2, 3, 1, 3, 0, 0, 0, 1, 1, 0, 0, 1, 2, 0, 0, 2, 3, 3,
       1, 0, 2, 3, 2, 2, 1, 2, 2, 0, 1, 0, 0, 1, 3, 2, 1, 3, 3, 0, 3, 2,
       0, 2, 1, 2, 0, 2, 3, 2, 1, 1, 0, 3, 1, 2, 1, 0, 2, 0, 3, 0, 0, 0,
       1, 1, 2, 3, 0, 2, 2, 0, 2, 3, 3, 1, 0, 3, 0, 3, 2, 3, 2, 3, 2, 1,
       2, 3, 3, 0, 1, 3, 3, 0, 0, 3, 0, 1, 2, 0, 2, 3, 0, 3, 0, 3, 2, 2,
       0, 1, 1, 2, 1, 2, 0, 2, 2, 2], dtype=object)]
[201, array([-18.,  -9.,  -9.,   0.]), array([2, 1, 0, 1, 2, 3, 1, 3, 0, 0, 0, 1, 1, 0, 0, 1, 2, 0, 0, 2, 3, 3,
       1, 0, 2, 3, 2, 2, 1, 2, 2, 0, 1, 0, 0, 1, 3, 2, 1, 3, 3, 0, 3, 2,
       0, 2, 1, 2, 0, 2, 3, 2, 1, 1, 0, 3, 1, 2, 1, 0, 2, 0, 3, 0, 0, 0,
       1, 1, 2, 3, 0, 2, 2, 0, 2, 3, 3, 1, 0, 3, 0, 3, 2, 3, 2, 3, 2, 1,
       2, 3, 3, 0, 1, 3, 3, 0, 0, 3, 0, 1, 2, 0, 2, 3, 0, 3, 0, 3, 2, 2,
       0, 1, 1, 2, 1, 2, 0, 2, 2, 2], dtype=object)]
[202, array([-18.,  -9.,  -9.,   0.]), array([2, 1, 0, 1, 2, 3, 1, 3, 0, 0, 0, 3, 1, 0, 0, 1, 2, 0, 0, 2, 3, 3,
       1, 0, 0, 3, 2, 2, 2, 2, 2, 0, 1, 0, 0, 1, 2, 2, 1, 3, 1, 2, 0, 2,
       3, 2, 1, 2, 3, 3, 3, 2, 1, 0, 0, 3, 1, 2, 1, 0, 0, 0, 1, 0, 0, 1,
       2, 1, 2, 3, 3, 2, 2, 3, 2, 3, 1, 1, 0, 0, 0, 3, 2, 3, 2, 1, 2, 0,
       2, 3, 3, 0, 1, 3, 3, 3, 0, 0, 1, 1, 2, 0, 2, 3, 0, 3, 0, 3, 2, 2,
       0, 1, 1, 2, 1, 2, 0, 1, 2, 2], dtype=object)]
[202, array([-18.,  -9.,  -9.,   0.]), array([2, 1, 0, 1, 2, 3, 1, 3, 0, 0, 0, 3, 1, 0, 0, 1, 2, 0, 0, 2, 3, 3,
       1, 0, 0, 3, 2, 2, 2, 2, 2, 0, 1, 0, 0, 1, 2, 2, 1, 3, 1, 2, 0, 2,
       3, 2, 1, 2, 3, 3, 3, 2, 1, 0, 0, 3, 1, 2, 1, 0, 0, 0, 1, 0, 0, 1,
       2, 1, 2, 3, 3, 2, 2, 3, 2, 3, 1, 1, 0, 0, 0, 3, 2, 3, 2, 1, 2, 0,
       2, 3, 3, 0, 1, 3, 3, 3, 0, 0, 1, 1, 2, 0, 2, 3, 0, 3, 0, 3, 2, 2,
       0, 1, 1, 2, 1, 2, 0, 1, 2, 2], dtype=object)]
[202, array([-18.,  -9.,  -9.,   0.]), array([2, 1, 0, 1, 2, 3, 1, 3, 0, 0, 0, 3, 1, 0, 0, 1, 2, 0, 0, 2, 3, 3,
       1, 0, 0, 3, 2, 2, 2, 2, 2, 0, 1, 0, 0, 1, 2, 2, 1, 3, 1, 2, 0, 2,
       3, 2, 1, 2, 3, 3, 3, 2, 1, 0, 0, 3, 1, 2, 1, 0, 0, 0, 1, 0, 0, 1,
       2, 1, 2, 3, 3, 2, 2, 3, 2, 3, 1, 1, 0, 0, 0, 3, 2, 3, 2, 1, 2, 0,
       2, 3, 3, 0, 1, 3, 3, 3, 0, 0, 1, 1, 2, 0, 2, 3, 0, 3, 0, 3, 2, 2,
       0, 1, 1, 2, 1, 2, 0, 1, 2, 2], dtype=object)]
[202, array([-18.,  -9.,  -9.,   0.]), array([2, 1, 0, 1, 2, 3, 1, 3, 0, 0, 0, 3, 1, 0, 0, 1, 2, 0, 0, 2, 3, 3,
       1, 0, 0, 3, 2, 2, 2, 2, 2, 0, 1, 0, 0, 1, 2, 2, 1, 3, 1, 2, 0, 2,
       3, 2, 1, 2, 3, 3, 3, 2, 1, 0, 0, 3, 1, 2, 1, 0, 0, 0, 1, 0, 0, 1,
       2, 1, 2, 3, 3, 2, 2, 3, 2, 3, 1, 1, 0, 0, 0, 3, 2, 3, 2, 1, 2, 0,
       2, 3, 3, 0, 1, 3, 3, 3, 0, 0, 1, 1, 2, 0, 2, 3, 0, 3, 0, 3, 2, 2,
       0, 1, 1, 2, 1, 2, 0, 1, 2, 2], dtype=object)]
[203, array([-18.,  -9.,  -9.,   0.]), array([2, 1, 0, 3, 1, 2, 2, 3, 0, 0, 0, 3, 1, 0, 0, 0, 2, 0, 3, 2, 3, 0,
       1, 2, 2, 1, 0, 2, 2, 1, 2, 0, 1, 0, 2, 1, 2, 2, 1, 3, 1, 2, 0, 2,
       3, 2, 1, 2, 0, 2, 3, 2, 1, 1, 0, 3, 0, 2, 1, 0, 2, 0, 3, 0, 0, 2,
       2, 1, 2, 3, 3, 2, 2, 3, 2, 1, 1, 1, 0, 1, 0, 3, 2, 3, 2, 1, 2, 1,
       2, 1, 1, 0, 2, 3, 0, 0, 0, 3, 3, 1, 2, 2, 2, 3, 2, 3, 0, 3, 2, 2,
       0, 1, 1, 2, 1, 2, 0, 1, 2, 2], dtype=object)]
[203, array([-18.,  -9.,  -9.,   0.]), array([2, 1, 0, 3, 1, 2, 2, 3, 0, 0, 0, 3, 1, 0, 0, 0, 2, 0, 3, 2, 3, 0,
       1, 2, 2, 1, 0, 2, 2, 1, 2, 0, 1, 0, 2, 1, 2, 2, 1, 3, 1, 2, 0, 2,
       3, 2, 1, 2, 0, 2, 3, 2, 1, 1, 0, 3, 0, 2, 1, 0, 2, 0, 3, 0, 0, 2,
       2, 1, 2, 3, 3, 2, 2, 3, 2, 1, 1, 1, 0, 1, 0, 3, 2, 3, 2, 1, 2, 1,
       2, 1, 1, 0, 2, 3, 0, 0, 0, 3, 3, 1, 2, 2, 2, 3, 2, 3, 0, 3, 2, 2,
       0, 1, 1, 2, 1, 2, 0, 1, 2, 2], dtype=object)]
[203, array([-18.,  -9.,  -9.,   0.]), array([2, 1, 0, 3, 1, 2, 2, 3, 0, 0, 0, 3, 1, 0, 0, 0, 2, 0, 3, 2, 3, 0,
       1, 2, 2, 1, 0, 2, 2, 1, 2, 0, 1, 0, 2, 1, 2, 2, 1, 3, 1, 2, 0, 2,
       3, 2, 1, 2, 0, 2, 3, 2, 1, 1, 0, 3, 0, 2, 1, 0, 2, 0, 3, 0, 0, 2,
       2, 1, 2, 3, 3, 2, 2, 3, 2, 1, 1, 1, 0, 1, 0, 3, 2, 3, 2, 1, 2, 1,
       2, 1, 1, 0, 2, 3, 0, 0, 0, 3, 3, 1, 2, 2, 2, 3, 2, 3, 0, 3, 2, 2,
       0, 1, 1, 2, 1, 2, 0, 1, 2, 2], dtype=object)]
[203, array([-18.,  -9.,  -9.,   0.]), array([2, 1, 0, 3, 1, 2, 2, 3, 0, 0, 0, 3, 1, 0, 0, 0, 2, 0, 3, 2, 3, 0,
       1, 2, 2, 1, 0, 2, 2, 1, 2, 0, 1, 0, 2, 1, 2, 2, 1, 3, 1, 2, 0, 2,
       3, 2, 1, 2, 0, 2, 3, 2, 1, 1, 0, 3, 0, 2, 1, 0, 2, 0, 3, 0, 0, 2,
       2, 1, 2, 3, 3, 2, 2, 3, 2, 1, 1, 1, 0, 1, 0, 3, 2, 3, 2, 1, 2, 1,
       2, 1, 1, 0, 2, 3, 0, 0, 0, 3, 3, 1, 2, 2, 2, 3, 2, 3, 0, 3, 2, 2,
       0, 1, 1, 2, 1, 2, 0, 1, 2, 2], dtype=object)]
[204, array([-18.,  -9.,  -9.,   0.]), array([2, 1, 0, 3, 1, 2, 2, 3, 0, 0, 0, 3, 1, 0, 0, 0, 2, 0, 3, 2, 3, 0,
       1, 2, 2, 1, 0, 2, 2, 1, 2, 0, 1, 0, 2, 1, 2, 2, 1, 3, 1, 2, 0, 2,
       3, 2, 1, 2, 0, 2, 3, 2, 1, 1, 0, 3, 0, 2, 1, 0, 2, 0, 3, 0, 0, 2,
       2, 1, 2, 3, 3, 2, 2, 3, 2, 1, 1, 1, 0, 1, 0, 3, 2, 3, 2, 1, 2, 1,
       2, 1, 1, 0, 2, 3, 0, 0, 0, 3, 3, 1, 2, 2, 2, 3, 2, 3, 0, 3, 2, 2,
       3, 1, 1, 2, 1, 2, 0, 1, 2, 2], dtype=object)]
[204, array([-18.,  -9.,  -9.,   0.]), array([2, 1, 0, 3, 1, 2, 2, 3, 0, 0, 0, 3, 1, 0, 0, 0, 2, 0, 3, 2, 3, 0,
       1, 2, 2, 1, 0, 2, 2, 1, 2, 0, 1, 0, 2, 1, 2, 2, 1, 3, 1, 2, 0, 2,
       3, 2, 1, 2, 0, 2, 3, 2, 1, 1, 0, 3, 0, 2, 1, 0, 2, 0, 3, 0, 0, 2,
       2, 1, 2, 3, 3, 2, 2, 3, 2, 1, 1, 1, 0, 1, 0, 3, 2, 3, 2, 1, 2, 1,
       2, 1, 1, 0, 2, 3, 0, 0, 0, 3, 3, 1, 2, 2, 2, 3, 2, 3, 0, 3, 2, 2,
       3, 1, 1, 2, 1, 2, 0, 1, 2, 2], dtype=object)]
[204, array([-18.,  -9.,  -9.,   0.]), array([2, 1, 0, 3, 1, 2, 2, 3, 0, 0, 0, 3, 1, 0, 0, 0, 2, 0, 3, 2, 3, 0,
       1, 2, 2, 1, 0, 2, 2, 1, 2, 0, 1, 0, 2, 1, 2, 2, 1, 3, 1, 2, 0, 2,
       3, 2, 1, 2, 0, 2, 3, 2, 1, 1, 0, 3, 0, 2, 1, 0, 2, 0, 3, 0, 0, 2,
       2, 1, 2, 3, 3, 2, 2, 3, 2, 1, 1, 1, 0, 1, 0, 3, 2, 3, 2, 1, 2, 1,
       2, 1, 1, 0, 2, 3, 0, 0, 0, 3, 3, 1, 2, 2, 2, 3, 2, 3, 0, 3, 2, 2,
       3, 1, 1, 2, 1, 2, 0, 1, 2, 2], dtype=object)]
[204, array([-18.,  -9.,  -9.,   0.]), array([2, 1, 0, 3, 1, 2, 2, 3, 0, 0, 0, 3, 1, 0, 0, 0, 2, 0, 3, 2, 3, 0,
       1, 2, 2, 1, 0, 2, 2, 1, 2, 0, 1, 0, 2, 1, 2, 2, 1, 3, 1, 2, 0, 2,
       3, 2, 1, 2, 0, 2, 3, 2, 1, 1, 0, 3, 0, 2, 1, 0, 2, 0, 3, 0, 0, 2,
       2, 1, 2, 3, 3, 2, 2, 3, 2, 1, 1, 1, 0, 1, 0, 3, 2, 3, 2, 1, 2, 1,
       2, 1, 1, 0, 2, 3, 0, 0, 0, 3, 3, 1, 2, 2, 2, 3, 2, 3, 0, 3, 2, 2,
       3, 1, 1, 2, 1, 2, 0, 1, 2, 2], dtype=object)]
[205, array([-18.,  -9.,  -9.,   0.]), array([2, 1, 0, 1, 2, 3, 1, 3, 0, 0, 0, 3, 1, 0, 1, 1, 2, 0, 0, 2, 3, 3,
       1, 2, 2, 1, 0, 0, 2, 3, 0, 0, 1, 3, 2, 0, 3, 2, 2, 2, 3, 0, 3, 2,
       0, 2, 1, 2, 3, 2, 3, 2, 1, 1, 0, 3, 1, 2, 1, 0, 2, 0, 3, 0, 0, 3,
       1, 1, 2, 3, 0, 2, 2, 0, 2, 3, 0, 1, 0, 3, 0, 3, 2, 3, 2, 3, 2, 1,
       2, 3, 3, 0, 1, 3, 3, 0, 0, 3, 0, 1, 2, 0, 2, 3, 0, 3, 0, 3, 2, 2,
       0, 1, 1, 2, 1, 1, 0, 2, 2, 2], dtype=object)]
[205, array([-18.,  -9.,  -9.,   0.]), array([2, 1, 0, 1, 2, 3, 1, 3, 0, 0, 0, 3, 1, 0, 1, 1, 2, 0, 0, 2, 3, 3,
       1, 2, 2, 1, 0, 0, 2, 3, 0, 0, 1, 3, 2, 0, 3, 2, 2, 2, 3, 0, 3, 2,
       0, 2, 1, 2, 3, 2, 3, 2, 1, 1, 0, 3, 1, 2, 1, 0, 2, 0, 3, 0, 0, 3,
       1, 1, 2, 3, 0, 2, 2, 0, 2, 3, 0, 1, 0, 3, 0, 3, 2, 3, 2, 3, 2, 1,
       2, 3, 3, 0, 1, 3, 3, 0, 0, 3, 0, 1, 2, 0, 2, 3, 0, 3, 0, 3, 2, 2,
       0, 1, 1, 2, 1, 1, 0, 2, 2, 2], dtype=object)]
[205, array([-18.,  -9.,  -9.,   0.]), array([2, 1, 0, 1, 2, 3, 1, 3, 0, 0, 0, 3, 1, 0, 1, 1, 2, 0, 0, 2, 3, 3,
       1, 2, 2, 1, 0, 0, 2, 3, 0, 0, 1, 3, 2, 0, 3, 2, 2, 2, 3, 0, 3, 2,
       0, 2, 1, 2, 3, 2, 3, 2, 1, 1, 0, 3, 1, 2, 1, 0, 2, 0, 3, 0, 0, 3,
       1, 1, 2, 3, 0, 2, 2, 0, 2, 3, 0, 1, 0, 3, 0, 3, 2, 3, 2, 3, 2, 1,
       2, 3, 3, 0, 1, 3, 3, 0, 0, 3, 0, 1, 2, 0, 2, 3, 0, 3, 0, 3, 2, 2,
       0, 1, 1, 2, 1, 1, 0, 2, 2, 2], dtype=object)]
[205, array([-18.,  -9.,  -9.,   0.]), array([2, 1, 0, 1, 2, 3, 1, 3, 0, 0, 0, 3, 1, 0, 1, 1, 2, 0, 0, 2, 3, 3,
       1, 2, 2, 1, 0, 0, 2, 3, 0, 0, 1, 3, 2, 0, 3, 2, 2, 2, 3, 0, 3, 2,
       0, 2, 1, 2, 3, 2, 3, 2, 1, 1, 0, 3, 1, 2, 1, 0, 2, 0, 3, 0, 0, 3,
       1, 1, 2, 3, 0, 2, 2, 0, 2, 3, 0, 1, 0, 3, 0, 3, 2, 3, 2, 3, 2, 1,
       2, 3, 3, 0, 1, 3, 3, 0, 0, 3, 0, 1, 2, 0, 2, 3, 0, 3, 0, 3, 2, 2,
       0, 1, 1, 2, 1, 1, 0, 2, 2, 2], dtype=object)]
[206, array([-18.,  -9.,  -9.,   0.]), array([2, 1, 0, 1, 2, 3, 1, 3, 0, 0, 0, 3, 1, 0, 1, 1, 2, 0, 0, 2, 3, 3,
       1, 2, 2, 1, 0, 0, 2, 3, 0, 0, 1, 3, 2, 0, 3, 2, 2, 2, 3, 0, 3, 2,
       0, 2, 1, 2, 3, 2, 3, 2, 1, 1, 0, 3, 1, 2, 1, 0, 2, 0, 3, 0, 0, 3,
       1, 1, 2, 3, 0, 2, 2, 0, 2, 3, 0, 1, 0, 3, 0, 3, 2, 3, 2, 3, 2, 1,
       2, 3, 3, 0, 1, 3, 3, 0, 0, 3, 0, 1, 2, 0, 2, 3, 0, 3, 0, 3, 2, 2,
       0, 1, 1, 2, 1, 1, 0, 2, 2, 2], dtype=object)]
[206, array([-18.,  -9.,  -9.,   0.]), array([2, 1, 0, 1, 2, 3, 1, 3, 0, 0, 0, 3, 1, 0, 1, 1, 2, 0, 0, 2, 3, 3,
       1, 2, 2, 1, 0, 0, 2, 3, 0, 0, 1, 3, 2, 0, 3, 2, 2, 2, 3, 0, 3, 2,
       0, 2, 1, 2, 3, 2, 3, 2, 1, 1, 0, 3, 1, 2, 1, 0, 2, 0, 3, 0, 0, 3,
       1, 1, 2, 3, 0, 2, 2, 0, 2, 3, 0, 1, 0, 3, 0, 3, 2, 3, 2, 3, 2, 1,
       2, 3, 3, 0, 1, 3, 3, 0, 0, 3, 0, 1, 2, 0, 2, 3, 0, 3, 0, 3, 2, 2,
       0, 1, 1, 2, 1, 1, 0, 2, 2, 2], dtype=object)]
[206, array([-18.,  -9.,  -9.,   0.]), array([2, 1, 0, 1, 2, 3, 1, 3, 0, 0, 0, 3, 1, 0, 1, 1, 2, 0, 0, 2, 3, 3,
       1, 2, 2, 1, 0, 0, 2, 3, 0, 0, 1, 3, 2, 0, 3, 2, 2, 2, 3, 0, 3, 2,
       0, 2, 1, 2, 3, 2, 3, 2, 1, 1, 0, 3, 1, 2, 1, 0, 2, 0, 3, 0, 0, 3,
       1, 1, 2, 3, 0, 2, 2, 0, 2, 3, 0, 1, 0, 3, 0, 3, 2, 3, 2, 3, 2, 1,
       2, 3, 3, 0, 1, 3, 3, 0, 0, 3, 0, 1, 2, 0, 2, 3, 0, 3, 0, 3, 2, 2,
       0, 1, 1, 2, 1, 1, 0, 2, 2, 2], dtype=object)]
[206, array([-18.,  -9.,  -9.,   0.]), array([2, 1, 0, 1, 2, 3, 1, 3, 0, 0, 0, 3, 1, 0, 1, 1, 2, 0, 0, 2, 3, 3,
       1, 2, 2, 1, 0, 0, 2, 3, 0, 0, 1, 3, 2, 0, 3, 2, 2, 2, 3, 0, 3, 2,
       0, 2, 1, 2, 3, 2, 3, 2, 1, 1, 0, 3, 1, 2, 1, 0, 2, 0, 3, 0, 0, 3,
       1, 1, 2, 3, 0, 2, 2, 0, 2, 3, 0, 1, 0, 3, 0, 3, 2, 3, 2, 3, 2, 1,
       2, 3, 3, 0, 1, 3, 3, 0, 0, 3, 0, 1, 2, 0, 2, 3, 0, 3, 0, 3, 2, 2,
       0, 1, 1, 2, 1, 1, 0, 2, 2, 2], dtype=object)]
[207, array([-18.,  -9.,  -9.,   0.]), array([2, 1, 0, 3, 1, 0, 2, 3, 0, 0, 0, 3, 1, 0, 0, 0, 2, 0, 3, 2, 3, 1,
       1, 2, 2, 1, 0, 0, 2, 3, 0, 0, 1, 0, 2, 2, 3, 2, 1, 0, 3, 0, 0, 2,
       3, 2, 1, 0, 3, 3, 3, 2, 1, 0, 0, 3, 1, 2, 1, 0, 0, 0, 1, 0, 0, 3,
       2, 1, 0, 3, 3, 2, 2, 0, 2, 3, 1, 1, 0, 0, 0, 3, 2, 3, 2, 1, 2, 0,
       2, 3, 3, 0, 1, 3, 3, 0, 3, 0, 1, 1, 2, 0, 2, 3, 0, 3, 0, 3, 2, 2,
       0, 1, 1, 2, 3, 2, 0, 3, 2, 2], dtype=object)]
[207, array([-18.,  -9.,  -9.,   0.]), array([2, 1, 0, 3, 1, 0, 2, 3, 0, 0, 0, 3, 1, 0, 0, 0, 2, 0, 3, 2, 3, 1,
       1, 2, 2, 1, 0, 0, 2, 3, 0, 0, 1, 0, 2, 2, 3, 2, 1, 0, 3, 0, 0, 2,
       3, 2, 1, 0, 3, 3, 3, 2, 1, 0, 0, 3, 1, 2, 1, 0, 0, 0, 1, 0, 0, 3,
       2, 1, 0, 3, 3, 2, 2, 0, 2, 3, 1, 1, 0, 0, 0, 3, 2, 3, 2, 1, 2, 0,
       2, 3, 3, 0, 1, 3, 3, 0, 3, 0, 1, 1, 2, 0, 2, 3, 0, 3, 0, 3, 2, 2,
       0, 1, 1, 2, 3, 2, 0, 3, 2, 2], dtype=object)]
[207, array([-18.,  -9.,  -9.,   0.]), array([2, 1, 0, 3, 1, 0, 2, 3, 0, 0, 0, 3, 1, 0, 0, 0, 2, 0, 3, 2, 3, 1,
       1, 2, 2, 1, 0, 0, 2, 3, 0, 0, 1, 0, 2, 2, 3, 2, 1, 0, 3, 0, 0, 2,
       3, 2, 1, 0, 3, 3, 3, 2, 1, 0, 0, 3, 1, 2, 1, 0, 0, 0, 1, 0, 0, 3,
       2, 1, 0, 3, 3, 2, 2, 0, 2, 3, 1, 1, 0, 0, 0, 3, 2, 3, 2, 1, 2, 0,
       2, 3, 3, 0, 1, 3, 3, 0, 3, 0, 1, 1, 2, 0, 2, 3, 0, 3, 0, 3, 2, 2,
       0, 1, 1, 2, 3, 2, 0, 3, 2, 2], dtype=object)]
[207, array([-18.,  -9.,  -9.,   0.]), array([2, 1, 0, 3, 1, 0, 2, 3, 0, 0, 0, 3, 1, 0, 0, 0, 2, 0, 3, 2, 3, 1,
       1, 2, 2, 1, 0, 0, 2, 3, 0, 0, 1, 0, 2, 2, 3, 2, 1, 0, 3, 0, 0, 2,
       3, 2, 1, 0, 3, 3, 3, 2, 1, 0, 0, 3, 1, 2, 1, 0, 0, 0, 1, 0, 0, 3,
       2, 1, 0, 3, 3, 2, 2, 0, 2, 3, 1, 1, 0, 0, 0, 3, 2, 3, 2, 1, 2, 0,
       2, 3, 3, 0, 1, 3, 3, 0, 3, 0, 1, 1, 2, 0, 2, 3, 0, 3, 0, 3, 2, 2,
       0, 1, 1, 2, 3, 2, 0, 3, 2, 2], dtype=object)]
[208, array([-18.,  -9.,  -9.,   0.]), array([2, 1, 0, 3, 1, 0, 2, 3, 0, 0, 0, 3, 1, 0, 0, 0, 2, 0, 3, 2, 3, 1,
       1, 2, 2, 1, 0, 0, 2, 3, 0, 0, 1, 0, 2, 2, 3, 2, 1, 0, 3, 0, 0, 2,
       3, 2, 1, 0, 3, 3, 3, 2, 1, 0, 0, 3, 1, 2, 1, 0, 0, 0, 1, 0, 0, 3,
       2, 1, 0, 3, 3, 2, 2, 0, 2, 3, 1, 1, 0, 0, 0, 3, 2, 3, 2, 1, 2, 0,
       2, 3, 3, 0, 1, 3, 3, 0, 3, 0, 1, 1, 2, 0, 2, 3, 0, 3, 0, 3, 2, 2,
       0, 1, 1, 2, 3, 2, 0, 3, 2, 2], dtype=object)]
[208, array([-18.,  -9.,  -9.,   0.]), array([2, 1, 0, 3, 1, 0, 2, 3, 0, 0, 0, 3, 1, 0, 0, 0, 2, 0, 3, 2, 3, 1,
       1, 2, 2, 1, 0, 0, 2, 3, 0, 0, 1, 0, 2, 2, 3, 2, 1, 0, 3, 0, 0, 2,
       3, 2, 1, 0, 3, 3, 3, 2, 1, 0, 0, 3, 1, 2, 1, 0, 0, 0, 1, 0, 0, 3,
       2, 1, 0, 3, 3, 2, 2, 0, 2, 3, 1, 1, 0, 0, 0, 3, 2, 3, 2, 1, 2, 0,
       2, 3, 3, 0, 1, 3, 3, 0, 3, 0, 1, 1, 2, 0, 2, 3, 0, 3, 0, 3, 2, 2,
       0, 1, 1, 2, 3, 2, 0, 3, 2, 2], dtype=object)]
[208, array([-18.,  -9.,  -9.,   0.]), array([2, 1, 0, 3, 1, 0, 2, 3, 0, 0, 0, 3, 1, 0, 0, 0, 2, 0, 3, 2, 3, 1,
       1, 2, 2, 1, 0, 0, 2, 3, 0, 0, 1, 0, 2, 2, 3, 2, 1, 0, 3, 0, 0, 2,
       3, 2, 1, 0, 3, 3, 3, 2, 1, 0, 0, 3, 1, 2, 1, 0, 0, 0, 1, 0, 0, 3,
       2, 1, 0, 3, 3, 2, 2, 0, 2, 3, 1, 1, 0, 0, 0, 3, 2, 3, 2, 1, 2, 0,
       2, 3, 3, 0, 1, 3, 3, 0, 3, 0, 1, 1, 2, 0, 2, 3, 0, 3, 0, 3, 2, 2,
       0, 1, 1, 2, 3, 2, 0, 3, 2, 2], dtype=object)]
[208, array([-18.,  -9.,  -9.,   0.]), array([2, 1, 0, 3, 1, 0, 2, 3, 0, 0, 0, 3, 1, 0, 0, 0, 2, 0, 3, 2, 3, 1,
       1, 2, 2, 1, 0, 0, 2, 3, 0, 0, 1, 0, 2, 2, 3, 2, 1, 0, 3, 0, 0, 2,
       3, 2, 1, 0, 3, 3, 3, 2, 1, 0, 0, 3, 1, 2, 1, 0, 0, 0, 1, 0, 0, 3,
       2, 1, 0, 3, 3, 2, 2, 0, 2, 3, 1, 1, 0, 0, 0, 3, 2, 3, 2, 1, 2, 0,
       2, 3, 3, 0, 1, 3, 3, 0, 3, 0, 1, 1, 2, 0, 2, 3, 0, 3, 0, 3, 2, 2,
       0, 1, 1, 2, 3, 2, 0, 3, 2, 2], dtype=object)]
[209, array([-18.,  -9.,  -9.,   0.]), array([2, 1, 0, 1, 2, 3, 1, 3, 0, 0, 0, 2, 1, 0, 0, 1, 2, 0, 0, 2, 3, 3,
       0, 0, 2, 3, 0, 2, 2, 2, 2, 0, 1, 0, 0, 0, 2, 2, 1, 3, 1, 2, 0, 2,
       3, 2, 1, 0, 3, 3, 3, 2, 1, 0, 0, 3, 1, 2, 1, 0, 2, 0, 3, 0, 0, 2,
       2, 1, 2, 3, 3, 2, 2, 3, 2, 1, 1, 1, 0, 0, 0, 3, 2, 3, 2, 1, 2, 1,
       2, 1, 1, 0, 2, 3, 0, 0, 0, 3, 3, 1, 2, 2, 2, 3, 2, 3, 0, 1, 2, 2,
       0, 0, 1, 2, 1, 2, 0, 1, 2, 2], dtype=object)]
[209, array([-18.,  -9.,  -9.,   0.]), array([2, 1, 0, 1, 2, 3, 1, 3, 0, 0, 0, 2, 1, 0, 0, 1, 2, 0, 0, 2, 3, 3,
       0, 0, 2, 3, 0, 2, 2, 2, 2, 0, 1, 0, 0, 0, 2, 2, 1, 3, 1, 2, 0, 2,
       3, 2, 1, 0, 3, 3, 3, 2, 1, 0, 0, 3, 1, 2, 1, 0, 2, 0, 3, 0, 0, 2,
       2, 1, 2, 3, 3, 2, 2, 3, 2, 1, 1, 1, 0, 0, 0, 3, 2, 3, 2, 1, 2, 1,
       2, 1, 1, 0, 2, 3, 0, 0, 0, 3, 3, 1, 2, 2, 2, 3, 2, 3, 0, 1, 2, 2,
       0, 0, 1, 2, 1, 2, 0, 1, 2, 2], dtype=object)]
[209, array([-18.,  -9.,  -9.,   0.]), array([2, 1, 0, 1, 2, 3, 1, 3, 0, 0, 0, 2, 1, 0, 0, 1, 2, 0, 0, 2, 3, 3,
       0, 0, 2, 3, 0, 2, 2, 2, 2, 0, 1, 0, 0, 0, 2, 2, 1, 3, 1, 2, 0, 2,
       3, 2, 1, 0, 3, 3, 3, 2, 1, 0, 0, 3, 1, 2, 1, 0, 2, 0, 3, 0, 0, 2,
       2, 1, 2, 3, 3, 2, 2, 3, 2, 1, 1, 1, 0, 0, 0, 3, 2, 3, 2, 1, 2, 1,
       2, 1, 1, 0, 2, 3, 0, 0, 0, 3, 3, 1, 2, 2, 2, 3, 2, 3, 0, 1, 2, 2,
       0, 0, 1, 2, 1, 2, 0, 1, 2, 2], dtype=object)]
[209, array([-18.,  -9.,  -9.,   0.]), array([2, 1, 0, 1, 2, 3, 1, 3, 0, 0, 0, 2, 1, 0, 0, 1, 2, 0, 0, 2, 3, 3,
       0, 0, 2, 3, 0, 2, 2, 2, 2, 0, 1, 0, 0, 0, 2, 2, 1, 3, 1, 2, 0, 2,
       3, 2, 1, 0, 3, 3, 3, 2, 1, 0, 0, 3, 1, 2, 1, 0, 2, 0, 3, 0, 0, 2,
       2, 1, 2, 3, 3, 2, 2, 3, 2, 1, 1, 1, 0, 0, 0, 3, 2, 3, 2, 1, 2, 1,
       2, 1, 1, 0, 2, 3, 0, 0, 0, 3, 3, 1, 2, 2, 2, 3, 2, 3, 0, 1, 2, 2,
       0, 0, 1, 2, 1, 2, 0, 1, 2, 2], dtype=object)]
[210, array([-18.,  -9.,  -9.,   0.]), array([2, 1, 0, 1, 2, 3, 3, 3, 0, 0, 0, 2, 1, 0, 0, 3, 2, 0, 0, 2, 3, 3,
       0, 3, 2, 3, 0, 2, 2, 2, 2, 0, 1, 0, 0, 0, 2, 2, 1, 3, 1, 2, 0, 2,
       3, 2, 1, 0, 3, 3, 3, 2, 1, 0, 0, 3, 1, 2, 1, 0, 2, 0, 3, 0, 0, 2,
       2, 1, 2, 3, 3, 2, 2, 3, 2, 1, 1, 1, 0, 0, 0, 3, 2, 3, 2, 1, 2, 1,
       2, 1, 2, 0, 2, 3, 0, 0, 0, 3, 3, 1, 2, 2, 2, 3, 2, 3, 0, 1, 2, 2,
       0, 0, 1, 2, 1, 2, 0, 1, 2, 2], dtype=object)]
[210, array([-18.,  -9.,  -9.,   0.]), array([2, 1, 0, 1, 2, 3, 3, 3, 0, 0, 0, 2, 1, 0, 0, 3, 2, 0, 0, 2, 3, 3,
       0, 3, 2, 3, 0, 2, 2, 2, 2, 0, 1, 0, 0, 0, 2, 2, 1, 3, 1, 2, 0, 2,
       3, 2, 1, 0, 3, 3, 3, 2, 1, 0, 0, 3, 1, 2, 1, 0, 2, 0, 3, 0, 0, 2,
       2, 1, 2, 3, 3, 2, 2, 3, 2, 1, 1, 1, 0, 0, 0, 3, 2, 3, 2, 1, 2, 1,
       2, 1, 2, 0, 2, 3, 0, 0, 0, 3, 3, 1, 2, 2, 2, 3, 2, 3, 0, 1, 2, 2,
       0, 0, 1, 2, 1, 2, 0, 1, 2, 2], dtype=object)]
[210, array([-18.,  -9.,  -9.,   0.]), array([2, 1, 0, 1, 2, 3, 3, 3, 0, 0, 0, 2, 1, 0, 0, 3, 2, 0, 0, 2, 3, 3,
       0, 3, 2, 3, 0, 2, 2, 2, 2, 0, 1, 0, 0, 0, 2, 2, 1, 3, 1, 2, 0, 2,
       3, 2, 1, 0, 3, 3, 3, 2, 1, 0, 0, 3, 1, 2, 1, 0, 2, 0, 3, 0, 0, 2,
       2, 1, 2, 3, 3, 2, 2, 3, 2, 1, 1, 1, 0, 0, 0, 3, 2, 3, 2, 1, 2, 1,
       2, 1, 2, 0, 2, 3, 0, 0, 0, 3, 3, 1, 2, 2, 2, 3, 2, 3, 0, 1, 2, 2,
       0, 0, 1, 2, 1, 2, 0, 1, 2, 2], dtype=object)]
[210, array([-18.,  -9.,  -9.,   0.]), array([2, 1, 0, 1, 2, 3, 3, 3, 0, 0, 0, 2, 1, 0, 0, 3, 2, 0, 0, 2, 3, 3,
       0, 3, 2, 3, 0, 2, 2, 2, 2, 0, 1, 0, 0, 0, 2, 2, 1, 3, 1, 2, 0, 2,
       3, 2, 1, 0, 3, 3, 3, 2, 1, 0, 0, 3, 1, 2, 1, 0, 2, 0, 3, 0, 0, 2,
       2, 1, 2, 3, 3, 2, 2, 3, 2, 1, 1, 1, 0, 0, 0, 3, 2, 3, 2, 1, 2, 1,
       2, 1, 2, 0, 2, 3, 0, 0, 0, 3, 3, 1, 2, 2, 2, 3, 2, 3, 0, 1, 2, 2,
       0, 0, 1, 2, 1, 2, 0, 1, 2, 2], dtype=object)]
[211, array([-18.,  -9.,  -9.,   0.]), array([2, 1, 0, 1, 2, 3, 1, 3, 0, 0, 0, 3, 1, 2, 0, 1, 2, 0, 3, 2, 3, 3,
       1, 2, 2, 1, 0, 0, 2, 3, 0, 0, 1, 0, 0, 1, 2, 2, 1, 3, 0, 2, 0, 2,
       3, 2, 1, 1, 3, 2, 3, 2, 1, 0, 0, 3, 0, 2, 1, 0, 2, 0, 3, 0, 0, 2,
       2, 1, 2, 3, 3, 2, 2, 3, 2, 1, 1, 1, 0, 0, 0, 3, 2, 3, 2, 1, 2, 1,
       2, 1, 1, 0, 2, 3, 0, 0, 0, 3, 3, 1, 2, 2, 2, 3, 2, 3, 0, 1, 2, 2,
       0, 0, 1, 2, 1, 2, 0, 1, 2, 2], dtype=object)]
[211, array([-18.,  -9.,  -9.,   0.]), array([2, 1, 0, 1, 2, 3, 1, 3, 0, 0, 0, 3, 1, 2, 0, 1, 2, 0, 3, 2, 3, 3,
       1, 2, 2, 1, 0, 0, 2, 3, 0, 0, 1, 0, 0, 1, 2, 2, 1, 3, 0, 2, 0, 2,
       3, 2, 1, 1, 3, 2, 3, 2, 1, 0, 0, 3, 0, 2, 1, 0, 2, 0, 3, 0, 0, 2,
       2, 1, 2, 3, 3, 2, 2, 3, 2, 1, 1, 1, 0, 0, 0, 3, 2, 3, 2, 1, 2, 1,
       2, 1, 1, 0, 2, 3, 0, 0, 0, 3, 3, 1, 2, 2, 2, 3, 2, 3, 0, 1, 2, 2,
       0, 0, 1, 2, 1, 2, 0, 1, 2, 2], dtype=object)]
[211, array([-18.,  -9.,  -9.,   0.]), array([2, 1, 0, 1, 2, 3, 1, 3, 0, 0, 0, 3, 1, 2, 0, 1, 2, 0, 3, 2, 3, 3,
       1, 2, 2, 1, 0, 0, 2, 3, 0, 0, 1, 0, 0, 1, 2, 2, 1, 3, 0, 2, 0, 2,
       3, 2, 1, 1, 3, 2, 3, 2, 1, 0, 0, 3, 0, 2, 1, 0, 2, 0, 3, 0, 0, 2,
       2, 1, 2, 3, 3, 2, 2, 3, 2, 1, 1, 1, 0, 0, 0, 3, 2, 3, 2, 1, 2, 1,
       2, 1, 1, 0, 2, 3, 0, 0, 0, 3, 3, 1, 2, 2, 2, 3, 2, 3, 0, 1, 2, 2,
       0, 0, 1, 2, 1, 2, 0, 1, 2, 2], dtype=object)]
[211, array([-18.,  -9.,  -9.,   0.]), array([2, 1, 0, 1, 2, 3, 1, 3, 0, 0, 0, 3, 1, 2, 0, 1, 2, 0, 3, 2, 3, 3,
       1, 2, 2, 1, 0, 0, 2, 3, 0, 0, 1, 0, 0, 1, 2, 2, 1, 3, 0, 2, 0, 2,
       3, 2, 1, 1, 3, 2, 3, 2, 1, 0, 0, 3, 0, 2, 1, 0, 2, 0, 3, 0, 0, 2,
       2, 1, 2, 3, 3, 2, 2, 3, 2, 1, 1, 1, 0, 0, 0, 3, 2, 3, 2, 1, 2, 1,
       2, 1, 1, 0, 2, 3, 0, 0, 0, 3, 3, 1, 2, 2, 2, 3, 2, 3, 0, 1, 2, 2,
       0, 0, 1, 2, 1, 2, 0, 1, 2, 2], dtype=object)]
[212, array([-18.,  -9.,  -9.,   0.]), array([0, 1, 0, 1, 2, 3, 1, 3, 0, 0, 0, 3, 1, 2, 0, 1, 2, 0, 3, 2, 3, 3,
       1, 2, 2, 1, 0, 0, 2, 3, 0, 0, 1, 2, 0, 1, 2, 2, 1, 3, 0, 2, 0, 2,
       3, 2, 1, 1, 3, 2, 3, 2, 1, 0, 0, 3, 0, 2, 1, 0, 2, 1, 3, 0, 0, 2,
       2, 1, 2, 3, 3, 2, 2, 3, 2, 1, 1, 1, 0, 0, 0, 3, 2, 3, 2, 1, 2, 1,
       2, 1, 1, 0, 2, 3, 0, 0, 0, 3, 3, 1, 2, 2, 2, 3, 2, 3, 0, 1, 2, 2,
       0, 0, 1, 2, 1, 2, 0, 1, 2, 2], dtype=object)]
[212, array([-18.,  -9.,  -9.,   0.]), array([0, 1, 0, 1, 2, 3, 1, 3, 0, 0, 0, 3, 1, 2, 0, 1, 2, 0, 3, 2, 3, 3,
       1, 2, 2, 1, 0, 0, 2, 3, 0, 0, 1, 2, 0, 1, 2, 2, 1, 3, 0, 2, 0, 2,
       3, 2, 1, 1, 3, 2, 3, 2, 1, 0, 0, 3, 0, 2, 1, 0, 2, 1, 3, 0, 0, 2,
       2, 1, 2, 3, 3, 2, 2, 3, 2, 1, 1, 1, 0, 0, 0, 3, 2, 3, 2, 1, 2, 1,
       2, 1, 1, 0, 2, 3, 0, 0, 0, 3, 3, 1, 2, 2, 2, 3, 2, 3, 0, 1, 2, 2,
       0, 0, 1, 2, 1, 2, 0, 1, 2, 2], dtype=object)]
[212, array([-18.,  -9.,  -9.,   0.]), array([0, 1, 0, 1, 2, 3, 1, 3, 0, 0, 0, 3, 1, 2, 0, 1, 2, 0, 3, 2, 3, 3,
       1, 2, 2, 1, 0, 0, 2, 3, 0, 0, 1, 2, 0, 1, 2, 2, 1, 3, 0, 2, 0, 2,
       3, 2, 1, 1, 3, 2, 3, 2, 1, 0, 0, 3, 0, 2, 1, 0, 2, 1, 3, 0, 0, 2,
       2, 1, 2, 3, 3, 2, 2, 3, 2, 1, 1, 1, 0, 0, 0, 3, 2, 3, 2, 1, 2, 1,
       2, 1, 1, 0, 2, 3, 0, 0, 0, 3, 3, 1, 2, 2, 2, 3, 2, 3, 0, 1, 2, 2,
       0, 0, 1, 2, 1, 2, 0, 1, 2, 2], dtype=object)]
[212, array([-18.,  -9.,  -9.,   0.]), array([0, 1, 0, 1, 2, 3, 1, 3, 0, 0, 0, 3, 1, 2, 0, 1, 2, 0, 3, 2, 3, 3,
       1, 2, 2, 1, 0, 0, 2, 3, 0, 0, 1, 2, 0, 1, 2, 2, 1, 3, 0, 2, 0, 2,
       3, 2, 1, 1, 3, 2, 3, 2, 1, 0, 0, 3, 0, 2, 1, 0, 2, 1, 3, 0, 0, 2,
       2, 1, 2, 3, 3, 2, 2, 3, 2, 1, 1, 1, 0, 0, 0, 3, 2, 3, 2, 1, 2, 1,
       2, 1, 1, 0, 2, 3, 0, 0, 0, 3, 3, 1, 2, 2, 2, 3, 2, 3, 0, 1, 2, 2,
       0, 0, 1, 2, 1, 2, 0, 1, 2, 2], dtype=object)]
[213, array([-18.,  -9.,  -9.,   0.]), array([2, 1, 0, 1, 2, 3, 1, 3, 0, 0, 0, 3, 1, 2, 0, 1, 2, 0, 3, 2, 3, 1,
       1, 2, 2, 1, 0, 3, 2, 3, 0, 0, 1, 0, 2, 2, 3, 2, 1, 0, 3, 2, 0, 2,
       3, 2, 1, 2, 0, 2, 3, 2, 1, 1, 2, 3, 1, 2, 1, 0, 0, 0, 0, 0, 0, 3,
       2, 1, 0, 3, 3, 2, 2, 3, 2, 3, 3, 1, 0, 3, 0, 3, 2, 3, 2, 3, 2, 2,
       2, 1, 2, 0, 0, 3, 0, 0, 3, 0, 3, 1, 2, 0, 2, 3, 2, 3, 0, 3, 2, 2,
       0, 1, 0, 2, 1, 2, 0, 1, 2, 2], dtype=object)]
[213, array([-18.,  -9.,  -9.,   0.]), array([2, 1, 0, 1, 2, 3, 1, 3, 0, 0, 0, 3, 1, 2, 0, 1, 2, 0, 3, 2, 3, 1,
       1, 2, 2, 1, 0, 3, 2, 3, 0, 0, 1, 0, 2, 2, 3, 2, 1, 0, 3, 2, 0, 2,
       3, 2, 1, 2, 0, 2, 3, 2, 1, 1, 2, 3, 1, 2, 1, 0, 0, 0, 0, 0, 0, 3,
       2, 1, 0, 3, 3, 2, 2, 3, 2, 3, 3, 1, 0, 3, 0, 3, 2, 3, 2, 3, 2, 2,
       2, 1, 2, 0, 0, 3, 0, 0, 3, 0, 3, 1, 2, 0, 2, 3, 2, 3, 0, 3, 2, 2,
       0, 1, 0, 2, 1, 2, 0, 1, 2, 2], dtype=object)]
[213, array([-18.,  -9.,  -9.,   0.]), array([2, 1, 0, 1, 2, 3, 1, 3, 0, 0, 0, 3, 1, 2, 0, 1, 2, 0, 3, 2, 3, 1,
       1, 2, 2, 1, 0, 3, 2, 3, 0, 0, 1, 0, 2, 2, 3, 2, 1, 0, 3, 2, 0, 2,
       3, 2, 1, 2, 0, 2, 3, 2, 1, 1, 2, 3, 1, 2, 1, 0, 0, 0, 0, 0, 0, 3,
       2, 1, 0, 3, 3, 2, 2, 3, 2, 3, 3, 1, 0, 3, 0, 3, 2, 3, 2, 3, 2, 2,
       2, 1, 2, 0, 0, 3, 0, 0, 3, 0, 3, 1, 2, 0, 2, 3, 2, 3, 0, 3, 2, 2,
       0, 1, 0, 2, 1, 2, 0, 1, 2, 2], dtype=object)]
[213, array([-18.,  -9.,  -9.,   0.]), array([2, 1, 0, 1, 2, 3, 1, 3, 0, 0, 0, 3, 1, 2, 0, 1, 2, 0, 3, 2, 3, 1,
       1, 2, 2, 1, 0, 3, 2, 3, 0, 0, 1, 0, 2, 2, 3, 2, 1, 0, 3, 2, 0, 2,
       3, 2, 1, 2, 0, 2, 3, 2, 1, 1, 2, 3, 1, 2, 1, 0, 0, 0, 0, 0, 0, 3,
       2, 1, 0, 3, 3, 2, 2, 3, 2, 3, 3, 1, 0, 3, 0, 3, 2, 3, 2, 3, 2, 2,
       2, 1, 2, 0, 0, 3, 0, 0, 3, 0, 3, 1, 2, 0, 2, 3, 2, 3, 0, 3, 2, 2,
       0, 1, 0, 2, 1, 2, 0, 1, 2, 2], dtype=object)]
[214, array([-18.,  -9.,  -9.,   0.]), array([2, 1, 0, 1, 2, 3, 1, 3, 0, 0, 0, 3, 1, 2, 0, 1, 2, 0, 3, 2, 3, 1,
       1, 2, 2, 1, 0, 3, 2, 3, 0, 0, 1, 0, 2, 2, 3, 2, 1, 0, 3, 2, 0, 2,
       3, 2, 1, 2, 0, 2, 3, 2, 1, 2, 2, 3, 1, 2, 1, 0, 0, 0, 0, 0, 0, 3,
       0, 1, 0, 3, 3, 2, 2, 3, 2, 3, 3, 1, 0, 3, 0, 3, 2, 3, 2, 3, 2, 2,
       2, 1, 2, 0, 0, 3, 0, 0, 3, 0, 3, 1, 2, 0, 2, 3, 2, 3, 0, 3, 2, 2,
       0, 1, 0, 2, 1, 2, 0, 1, 2, 2], dtype=object)]
[214, array([-18.,  -9.,  -9.,   0.]), array([2, 1, 0, 1, 2, 3, 1, 3, 0, 0, 0, 3, 1, 2, 0, 1, 2, 0, 3, 2, 3, 1,
       1, 2, 2, 1, 0, 3, 2, 3, 0, 0, 1, 0, 2, 2, 3, 2, 1, 0, 3, 2, 0, 2,
       3, 2, 1, 2, 0, 2, 3, 2, 1, 2, 2, 3, 1, 2, 1, 0, 0, 0, 0, 0, 0, 3,
       0, 1, 0, 3, 3, 2, 2, 3, 2, 3, 3, 1, 0, 3, 0, 3, 2, 3, 2, 3, 2, 2,
       2, 1, 2, 0, 0, 3, 0, 0, 3, 0, 3, 1, 2, 0, 2, 3, 2, 3, 0, 3, 2, 2,
       0, 1, 0, 2, 1, 2, 0, 1, 2, 2], dtype=object)]
[214, array([-18.,  -9.,  -9.,   0.]), array([2, 1, 0, 1, 2, 3, 1, 3, 0, 0, 0, 3, 1, 2, 0, 1, 2, 0, 3, 2, 3, 1,
       1, 2, 2, 1, 0, 3, 2, 3, 0, 0, 1, 0, 2, 2, 3, 2, 1, 0, 3, 2, 0, 2,
       3, 2, 1, 2, 0, 2, 3, 2, 1, 2, 2, 3, 1, 2, 1, 0, 0, 0, 0, 0, 0, 3,
       0, 1, 0, 3, 3, 2, 2, 3, 2, 3, 3, 1, 0, 3, 0, 3, 2, 3, 2, 3, 2, 2,
       2, 1, 2, 0, 0, 3, 0, 0, 3, 0, 3, 1, 2, 0, 2, 3, 2, 3, 0, 3, 2, 2,
       0, 1, 0, 2, 1, 2, 0, 1, 2, 2], dtype=object)]
[214, array([-18.,  -9.,  -9.,   0.]), array([2, 1, 0, 1, 2, 3, 1, 3, 0, 0, 0, 3, 1, 2, 0, 1, 2, 0, 3, 2, 3, 1,
       1, 2, 2, 1, 0, 3, 2, 3, 0, 0, 1, 0, 2, 2, 3, 2, 1, 0, 3, 2, 0, 2,
       3, 2, 1, 2, 0, 2, 3, 2, 1, 2, 2, 3, 1, 2, 1, 0, 0, 0, 0, 0, 0, 3,
       0, 1, 0, 3, 3, 2, 2, 3, 2, 3, 3, 1, 0, 3, 0, 3, 2, 3, 2, 3, 2, 2,
       2, 1, 2, 0, 0, 3, 0, 0, 3, 0, 3, 1, 2, 0, 2, 3, 2, 3, 0, 3, 2, 2,
       0, 1, 0, 2, 1, 2, 0, 1, 2, 2], dtype=object)]
[215, array([-18.,  -9.,  -9.,   0.]), array([2, 1, 0, 1, 2, 3, 1, 3, 0, 0, 0, 2, 1, 0, 3, 1, 2, 0, 0, 2, 3, 3,
       0, 0, 2, 3, 0, 2, 2, 2, 2, 0, 1, 0, 0, 0, 2, 2, 1, 3, 1, 2, 0, 2,
       3, 2, 1, 0, 3, 3, 3, 2, 1, 0, 1, 3, 1, 2, 1, 0, 2, 0, 3, 0, 0, 2,
       2, 1, 2, 3, 3, 2, 2, 3, 2, 3, 3, 1, 0, 0, 0, 3, 2, 3, 2, 1, 2, 1,
       2, 1, 1, 0, 2, 3, 0, 0, 0, 3, 3, 1, 2, 2, 2, 3, 2, 3, 0, 1, 2, 2,
       0, 0, 1, 2, 1, 2, 0, 1, 2, 2], dtype=object)]
[215, array([-18.,  -9.,  -9.,   0.]), array([2, 1, 0, 1, 2, 3, 1, 3, 0, 0, 0, 2, 1, 0, 3, 1, 2, 0, 0, 2, 3, 3,
       0, 0, 2, 3, 0, 2, 2, 2, 2, 0, 1, 0, 0, 0, 2, 2, 1, 3, 1, 2, 0, 2,
       3, 2, 1, 0, 3, 3, 3, 2, 1, 0, 1, 3, 1, 2, 1, 0, 2, 0, 3, 0, 0, 2,
       2, 1, 2, 3, 3, 2, 2, 3, 2, 3, 3, 1, 0, 0, 0, 3, 2, 3, 2, 1, 2, 1,
       2, 1, 1, 0, 2, 3, 0, 0, 0, 3, 3, 1, 2, 2, 2, 3, 2, 3, 0, 1, 2, 2,
       0, 0, 1, 2, 1, 2, 0, 1, 2, 2], dtype=object)]
[215, array([-18.,  -9.,  -9.,   0.]), array([2, 1, 0, 1, 2, 3, 1, 3, 0, 0, 0, 2, 1, 0, 3, 1, 2, 0, 0, 2, 3, 3,
       0, 0, 2, 3, 0, 2, 2, 2, 2, 0, 1, 0, 0, 0, 2, 2, 1, 3, 1, 2, 0, 2,
       3, 2, 1, 0, 3, 3, 3, 2, 1, 0, 1, 3, 1, 2, 1, 0, 2, 0, 3, 0, 0, 2,
       2, 1, 2, 3, 3, 2, 2, 3, 2, 3, 3, 1, 0, 0, 0, 3, 2, 3, 2, 1, 2, 1,
       2, 1, 1, 0, 2, 3, 0, 0, 0, 3, 3, 1, 2, 2, 2, 3, 2, 3, 0, 1, 2, 2,
       0, 0, 1, 2, 1, 2, 0, 1, 2, 2], dtype=object)]
[215, array([-18.,  -9.,  -9.,   0.]), array([2, 1, 0, 1, 2, 3, 1, 3, 0, 0, 0, 2, 1, 0, 3, 1, 2, 0, 0, 2, 3, 3,
       0, 0, 2, 3, 0, 2, 2, 2, 2, 0, 1, 0, 0, 0, 2, 2, 1, 3, 1, 2, 0, 2,
       3, 2, 1, 0, 3, 3, 3, 2, 1, 0, 1, 3, 1, 2, 1, 0, 2, 0, 3, 0, 0, 2,
       2, 1, 2, 3, 3, 2, 2, 3, 2, 3, 3, 1, 0, 0, 0, 3, 2, 3, 2, 1, 2, 1,
       2, 1, 1, 0, 2, 3, 0, 0, 0, 3, 3, 1, 2, 2, 2, 3, 2, 3, 0, 1, 2, 2,
       0, 0, 1, 2, 1, 2, 0, 1, 2, 2], dtype=object)]
[216, array([-18.,  -9.,  -9.,   0.]), array([2, 1, 0, 1, 2, 3, 1, 3, 0, 0, 0, 2, 1, 0, 3, 1, 2, 0, 0, 2, 3, 3,
       0, 0, 2, 3, 0, 2, 2, 2, 2, 0, 1, 0, 0, 0, 2, 2, 2, 3, 1, 2, 0, 2,
       3, 2, 1, 0, 3, 3, 3, 2, 1, 0, 1, 3, 1, 2, 1, 0, 2, 0, 3, 0, 0, 2,
       2, 1, 2, 3, 3, 2, 2, 3, 2, 3, 3, 1, 0, 0, 0, 3, 2, 3, 2, 1, 2, 1,
       2, 1, 1, 0, 2, 3, 0, 0, 0, 3, 3, 1, 2, 2, 2, 3, 2, 3, 0, 1, 2, 2,
       0, 0, 1, 2, 1, 2, 0, 1, 2, 2], dtype=object)]
[216, array([-18.,  -9.,  -9.,   0.]), array([2, 1, 0, 1, 2, 3, 1, 3, 0, 0, 0, 2, 1, 0, 3, 1, 2, 0, 0, 2, 3, 3,
       0, 0, 2, 3, 0, 2, 2, 2, 2, 0, 1, 0, 0, 0, 2, 2, 2, 3, 1, 2, 0, 2,
       3, 2, 1, 0, 3, 3, 3, 2, 1, 0, 1, 3, 1, 2, 1, 0, 2, 0, 3, 0, 0, 2,
       2, 1, 2, 3, 3, 2, 2, 3, 2, 3, 3, 1, 0, 0, 0, 3, 2, 3, 2, 1, 2, 1,
       2, 1, 1, 0, 2, 3, 0, 0, 0, 3, 3, 1, 2, 2, 2, 3, 2, 3, 0, 1, 2, 2,
       0, 0, 1, 2, 1, 2, 0, 1, 2, 2], dtype=object)]
[216, array([-18.,  -9.,  -9.,   0.]), array([2, 1, 0, 1, 2, 3, 1, 3, 0, 0, 0, 2, 1, 0, 3, 1, 2, 0, 0, 2, 3, 3,
       0, 0, 2, 3, 0, 2, 2, 2, 2, 0, 1, 0, 0, 0, 2, 2, 2, 3, 1, 2, 0, 2,
       3, 2, 1, 0, 3, 3, 3, 2, 1, 0, 1, 3, 1, 2, 1, 0, 2, 0, 3, 0, 0, 2,
       2, 1, 2, 3, 3, 2, 2, 3, 2, 3, 3, 1, 0, 0, 0, 3, 2, 3, 2, 1, 2, 1,
       2, 1, 1, 0, 2, 3, 0, 0, 0, 3, 3, 1, 2, 2, 2, 3, 2, 3, 0, 1, 2, 2,
       0, 0, 1, 2, 1, 2, 0, 1, 2, 2], dtype=object)]
[216, array([-18.,  -9.,  -9.,   0.]), array([2, 1, 0, 1, 2, 3, 1, 3, 0, 0, 0, 2, 1, 0, 3, 1, 2, 0, 0, 2, 3, 3,
       0, 0, 2, 3, 0, 2, 2, 2, 2, 0, 1, 0, 0, 0, 2, 2, 2, 3, 1, 2, 0, 2,
       3, 2, 1, 0, 3, 3, 3, 2, 1, 0, 1, 3, 1, 2, 1, 0, 2, 0, 3, 0, 0, 2,
       2, 1, 2, 3, 3, 2, 2, 3, 2, 3, 3, 1, 0, 0, 0, 3, 2, 3, 2, 1, 2, 1,
       2, 1, 1, 0, 2, 3, 0, 0, 0, 3, 3, 1, 2, 2, 2, 3, 2, 3, 0, 1, 2, 2,
       0, 0, 1, 2, 1, 2, 0, 1, 2, 2], dtype=object)]
[217, array([-18.,  -9.,  -9.,   0.]), array([2, 1, 0, 1, 2, 3, 1, 3, 0, 0, 0, 2, 1, 0, 0, 1, 2, 0, 0, 2, 3, 3,
       0, 0, 2, 3, 0, 2, 2, 2, 2, 0, 1, 0, 0, 0, 2, 2, 1, 3, 1, 2, 0, 2,
       3, 2, 1, 0, 3, 3, 3, 2, 0, 0, 0, 3, 1, 2, 1, 0, 2, 0, 1, 0, 0, 2,
       2, 1, 2, 3, 3, 2, 2, 3, 2, 1, 1, 1, 0, 0, 0, 3, 2, 3, 2, 1, 2, 1,
       2, 1, 1, 0, 2, 3, 0, 0, 0, 3, 3, 1, 2, 2, 2, 3, 2, 3, 0, 1, 2, 2,
       0, 0, 1, 2, 1, 2, 0, 1, 2, 2], dtype=object)]
[217, array([-18.,  -9.,  -9.,   0.]), array([2, 1, 0, 1, 2, 3, 1, 3, 0, 0, 0, 2, 1, 0, 0, 1, 2, 0, 0, 2, 3, 3,
       0, 0, 2, 3, 0, 2, 2, 2, 2, 0, 1, 0, 0, 0, 2, 2, 1, 3, 1, 2, 0, 2,
       3, 2, 1, 0, 3, 3, 3, 2, 0, 0, 0, 3, 1, 2, 1, 0, 2, 0, 1, 0, 0, 2,
       2, 1, 2, 3, 3, 2, 2, 3, 2, 1, 1, 1, 0, 0, 0, 3, 2, 3, 2, 1, 2, 1,
       2, 1, 1, 0, 2, 3, 0, 0, 0, 3, 3, 1, 2, 2, 2, 3, 2, 3, 0, 1, 2, 2,
       0, 0, 1, 2, 1, 2, 0, 1, 2, 2], dtype=object)]
[217, array([-18.,  -9.,  -9.,   0.]), array([2, 1, 0, 1, 2, 3, 1, 3, 0, 0, 0, 2, 1, 0, 0, 1, 2, 0, 0, 2, 3, 3,
       0, 0, 2, 3, 0, 2, 2, 2, 2, 0, 1, 0, 0, 0, 2, 2, 1, 3, 1, 2, 0, 2,
       3, 2, 1, 0, 3, 3, 3, 2, 0, 0, 0, 3, 1, 2, 1, 0, 2, 0, 1, 0, 0, 2,
       2, 1, 2, 3, 3, 2, 2, 3, 2, 1, 1, 1, 0, 0, 0, 3, 2, 3, 2, 1, 2, 1,
       2, 1, 1, 0, 2, 3, 0, 0, 0, 3, 3, 1, 2, 2, 2, 3, 2, 3, 0, 1, 2, 2,
       0, 0, 1, 2, 1, 2, 0, 1, 2, 2], dtype=object)]
[217, array([-18.,  -9.,  -9.,   0.]), array([2, 1, 0, 1, 2, 3, 1, 3, 0, 0, 0, 2, 1, 0, 0, 1, 2, 0, 0, 2, 3, 3,
       0, 0, 2, 3, 0, 2, 2, 2, 2, 0, 1, 0, 0, 0, 2, 2, 1, 3, 1, 2, 0, 2,
       3, 2, 1, 0, 3, 3, 3, 2, 0, 0, 0, 3, 1, 2, 1, 0, 2, 0, 1, 0, 0, 2,
       2, 1, 2, 3, 3, 2, 2, 3, 2, 1, 1, 1, 0, 0, 0, 3, 2, 3, 2, 1, 2, 1,
       2, 1, 1, 0, 2, 3, 0, 0, 0, 3, 3, 1, 2, 2, 2, 3, 2, 3, 0, 1, 2, 2,
       0, 0, 1, 2, 1, 2, 0, 1, 2, 2], dtype=object)]
[218, array([-18.,  -9.,  -9.,   0.]), array([2, 1, 0, 1, 2, 3, 1, 3, 0, 0, 0, 2, 1, 0, 0, 1, 2, 0, 0, 2, 3, 3,
       0, 0, 2, 3, 0, 2, 2, 2, 2, 0, 0, 0, 0, 2, 3, 2, 1, 0, 3, 2, 0, 2,
       3, 2, 1, 2, 0, 2, 3, 2, 1, 1, 2, 3, 1, 2, 1, 0, 0, 0, 0, 0, 0, 2,
       1, 1, 2, 3, 3, 3, 2, 3, 2, 1, 1, 1, 0, 0, 0, 3, 2, 3, 2, 1, 2, 3,
       2, 1, 1, 0, 2, 3, 0, 0, 0, 3, 3, 1, 2, 2, 2, 3, 2, 3, 0, 1, 2, 1,
       0, 0, 1, 2, 1, 2, 0, 1, 2, 2], dtype=object)]
[218, array([-18.,  -9.,  -9.,   0.]), array([2, 1, 0, 1, 2, 3, 1, 3, 0, 0, 0, 2, 1, 0, 0, 1, 2, 0, 0, 2, 3, 3,
       0, 0, 2, 3, 0, 2, 2, 2, 2, 0, 0, 0, 0, 2, 3, 2, 1, 0, 3, 2, 0, 2,
       3, 2, 1, 2, 0, 2, 3, 2, 1, 1, 2, 3, 1, 2, 1, 0, 0, 0, 0, 0, 0, 2,
       1, 1, 2, 3, 3, 3, 2, 3, 2, 1, 1, 1, 0, 0, 0, 3, 2, 3, 2, 1, 2, 3,
       2, 1, 1, 0, 2, 3, 0, 0, 0, 3, 3, 1, 2, 2, 2, 3, 2, 3, 0, 1, 2, 1,
       0, 0, 1, 2, 1, 2, 0, 1, 2, 2], dtype=object)]
[218, array([-18.,  -9.,  -9.,   0.]), array([2, 1, 0, 1, 2, 3, 1, 3, 0, 0, 0, 2, 1, 0, 0, 1, 2, 0, 0, 2, 3, 3,
       0, 0, 2, 3, 0, 2, 2, 2, 2, 0, 0, 0, 0, 2, 3, 2, 1, 0, 3, 2, 0, 2,
       3, 2, 1, 2, 0, 2, 3, 2, 1, 1, 2, 3, 1, 2, 1, 0, 0, 0, 0, 0, 0, 2,
       1, 1, 2, 3, 3, 3, 2, 3, 2, 1, 1, 1, 0, 0, 0, 3, 2, 3, 2, 1, 2, 3,
       2, 1, 1, 0, 2, 3, 0, 0, 0, 3, 3, 1, 2, 2, 2, 3, 2, 3, 0, 1, 2, 1,
       0, 0, 1, 2, 1, 2, 0, 1, 2, 2], dtype=object)]
[218, array([-18.,  -9.,  -9.,   0.]), array([2, 1, 0, 1, 2, 3, 1, 3, 0, 0, 0, 2, 1, 0, 0, 1, 2, 0, 0, 2, 3, 3,
       0, 0, 2, 3, 0, 2, 2, 2, 2, 0, 0, 0, 0, 2, 3, 2, 1, 0, 3, 2, 0, 2,
       3, 2, 1, 2, 0, 2, 3, 2, 1, 1, 2, 3, 1, 2, 1, 0, 0, 0, 0, 0, 0, 2,
       1, 1, 2, 3, 3, 3, 2, 3, 2, 1, 1, 1, 0, 0, 0, 3, 2, 3, 2, 1, 2, 3,
       2, 1, 1, 0, 2, 3, 0, 0, 0, 3, 3, 1, 2, 2, 2, 3, 2, 3, 0, 1, 2, 1,
       0, 0, 1, 2, 1, 2, 0, 1, 2, 2], dtype=object)]
[219, array([-18.,  -9.,  -9.,   0.]), array([2, 1, 0, 1, 2, 3, 1, 3, 0, 0, 0, 2, 2, 0, 3, 1, 2, 0, 0, 2, 3, 3,
       0, 0, 2, 3, 0, 2, 2, 2, 2, 0, 1, 0, 0, 0, 2, 2, 1, 3, 1, 2, 0, 2,
       3, 2, 1, 0, 3, 3, 3, 2, 0, 0, 0, 3, 1, 2, 1, 0, 1, 0, 1, 0, 0, 2,
       2, 1, 2, 3, 3, 2, 2, 3, 2, 1, 1, 1, 0, 0, 0, 3, 2, 3, 2, 1, 2, 1,
       2, 1, 1, 0, 2, 3, 0, 0, 0, 3, 3, 1, 2, 2, 2, 3, 2, 3, 0, 1, 2, 2,
       0, 0, 1, 2, 1, 2, 0, 1, 2, 2], dtype=object)]
[219, array([-18.,  -9.,  -9.,   0.]), array([2, 1, 0, 1, 2, 3, 1, 3, 0, 0, 0, 2, 2, 0, 3, 1, 2, 0, 0, 2, 3, 3,
       0, 0, 2, 3, 0, 2, 2, 2, 2, 0, 1, 0, 0, 0, 2, 2, 1, 3, 1, 2, 0, 2,
       3, 2, 1, 0, 3, 3, 3, 2, 0, 0, 0, 3, 1, 2, 1, 0, 1, 0, 1, 0, 0, 2,
       2, 1, 2, 3, 3, 2, 2, 3, 2, 1, 1, 1, 0, 0, 0, 3, 2, 3, 2, 1, 2, 1,
       2, 1, 1, 0, 2, 3, 0, 0, 0, 3, 3, 1, 2, 2, 2, 3, 2, 3, 0, 1, 2, 2,
       0, 0, 1, 2, 1, 2, 0, 1, 2, 2], dtype=object)]
[219, array([-18.,  -9.,  -9.,   0.]), array([2, 1, 0, 1, 2, 3, 1, 3, 0, 0, 0, 2, 2, 0, 3, 1, 2, 0, 0, 2, 3, 3,
       0, 0, 2, 3, 0, 2, 2, 2, 2, 0, 1, 0, 0, 0, 2, 2, 1, 3, 1, 2, 0, 2,
       3, 2, 1, 0, 3, 3, 3, 2, 0, 0, 0, 3, 1, 2, 1, 0, 1, 0, 1, 0, 0, 2,
       2, 1, 2, 3, 3, 2, 2, 3, 2, 1, 1, 1, 0, 0, 0, 3, 2, 3, 2, 1, 2, 1,
       2, 1, 1, 0, 2, 3, 0, 0, 0, 3, 3, 1, 2, 2, 2, 3, 2, 3, 0, 1, 2, 2,
       0, 0, 1, 2, 1, 2, 0, 1, 2, 2], dtype=object)]
[219, array([-18.,  -9.,  -9.,   0.]), array([2, 1, 0, 1, 2, 3, 1, 3, 0, 0, 0, 2, 2, 0, 3, 1, 2, 0, 0, 2, 3, 3,
       0, 0, 2, 3, 0, 2, 2, 2, 2, 0, 1, 0, 0, 0, 2, 2, 1, 3, 1, 2, 0, 2,
       3, 2, 1, 0, 3, 3, 3, 2, 0, 0, 0, 3, 1, 2, 1, 0, 1, 0, 1, 0, 0, 2,
       2, 1, 2, 3, 3, 2, 2, 3, 2, 1, 1, 1, 0, 0, 0, 3, 2, 3, 2, 1, 2, 1,
       2, 1, 1, 0, 2, 3, 0, 0, 0, 3, 3, 1, 2, 2, 2, 3, 2, 3, 0, 1, 2, 2,
       0, 0, 1, 2, 1, 2, 0, 1, 2, 2], dtype=object)]
[220, array([-18.,  -9.,  -9.,   0.]), array([2, 1, 0, 1, 2, 3, 1, 3, 0, 0, 0, 2, 2, 0, 3, 1, 2, 0, 0, 2, 2, 3,
       0, 0, 2, 3, 2, 2, 2, 2, 2, 1, 1, 0, 0, 1, 0, 2, 1, 3, 1, 2, 3, 1,
       3, 2, 1, 2, 0, 2, 3, 2, 1, 1, 2, 3, 1, 2, 1, 0, 0, 0, 0, 0, 0, 1,
       2, 3, 2, 3, 3, 2, 2, 3, 2, 1, 1, 1, 0, 0, 0, 3, 2, 3, 2, 1, 2, 0,
       2, 3, 1, 0, 1, 3, 3, 3, 3, 0, 0, 1, 2, 0, 2, 3, 0, 3, 0, 3, 2, 2,
       0, 1, 1, 2, 3, 2, 0, 3, 2, 2], dtype=object)]
[220, array([-18.,  -9.,  -9.,   0.]), array([2, 1, 0, 1, 2, 3, 1, 3, 0, 0, 0, 2, 2, 0, 3, 1, 2, 0, 0, 2, 2, 3,
       0, 0, 2, 3, 2, 2, 2, 2, 2, 1, 1, 0, 0, 1, 0, 2, 1, 3, 1, 2, 3, 1,
       3, 2, 1, 2, 0, 2, 3, 2, 1, 1, 2, 3, 1, 2, 1, 0, 0, 0, 0, 0, 0, 1,
       2, 3, 2, 3, 3, 2, 2, 3, 2, 1, 1, 1, 0, 0, 0, 3, 2, 3, 2, 1, 2, 0,
       2, 3, 1, 0, 1, 3, 3, 3, 3, 0, 0, 1, 2, 0, 2, 3, 0, 3, 0, 3, 2, 2,
       0, 1, 1, 2, 3, 2, 0, 3, 2, 2], dtype=object)]
[220, array([-18.,  -9.,  -9.,   0.]), array([2, 1, 0, 1, 2, 3, 1, 3, 0, 0, 0, 2, 2, 0, 3, 1, 2, 0, 0, 2, 2, 3,
       0, 0, 2, 3, 2, 2, 2, 2, 2, 1, 1, 0, 0, 1, 0, 2, 1, 3, 1, 2, 3, 1,
       3, 2, 1, 2, 0, 2, 3, 2, 1, 1, 2, 3, 1, 2, 1, 0, 0, 0, 0, 0, 0, 1,
       2, 3, 2, 3, 3, 2, 2, 3, 2, 1, 1, 1, 0, 0, 0, 3, 2, 3, 2, 1, 2, 0,
       2, 3, 1, 0, 1, 3, 3, 3, 3, 0, 0, 1, 2, 0, 2, 3, 0, 3, 0, 3, 2, 2,
       0, 1, 1, 2, 3, 2, 0, 3, 2, 2], dtype=object)]
[220, array([-18.,  -9.,  -9.,   0.]), array([2, 1, 0, 1, 2, 3, 1, 3, 0, 0, 0, 2, 2, 0, 3, 1, 2, 0, 0, 2, 2, 3,
       0, 0, 2, 3, 2, 2, 2, 2, 2, 1, 1, 0, 0, 1, 0, 2, 1, 3, 1, 2, 3, 1,
       3, 2, 1, 2, 0, 2, 3, 2, 1, 1, 2, 3, 1, 2, 1, 0, 0, 0, 0, 0, 0, 1,
       2, 3, 2, 3, 3, 2, 2, 3, 2, 1, 1, 1, 0, 0, 0, 3, 2, 3, 2, 1, 2, 0,
       2, 3, 1, 0, 1, 3, 3, 3, 3, 0, 0, 1, 2, 0, 2, 3, 0, 3, 0, 3, 2, 2,
       0, 1, 1, 2, 3, 2, 0, 3, 2, 2], dtype=object)]
[221, array([-18.,  -9.,  -9.,   0.]), array([2, 1, 1, 1, 2, 3, 1, 1, 0, 0, 0, 2, 2, 0, 3, 1, 2, 0, 0, 2, 2, 3,
       0, 0, 2, 3, 2, 2, 2, 2, 2, 1, 1, 0, 0, 1, 0, 2, 1, 3, 1, 0, 0, 2,
       3, 2, 1, 2, 0, 2, 3, 2, 1, 1, 2, 3, 1, 2, 1, 0, 0, 0, 0, 0, 0, 1,
       2, 3, 2, 3, 3, 2, 2, 3, 1, 1, 1, 1, 0, 0, 0, 3, 2, 3, 2, 1, 2, 0,
       2, 3, 1, 0, 1, 3, 3, 3, 3, 0, 0, 1, 2, 0, 2, 3, 0, 3, 0, 3, 2, 2,
       0, 1, 1, 2, 3, 2, 0, 3, 2, 2], dtype=object)]
[221, array([-18.,  -9.,  -9.,   0.]), array([2, 1, 1, 1, 2, 3, 1, 1, 0, 0, 0, 2, 2, 0, 3, 1, 2, 0, 0, 2, 2, 3,
       0, 0, 2, 3, 2, 2, 2, 2, 2, 1, 1, 0, 0, 1, 0, 2, 1, 3, 1, 0, 0, 2,
       3, 2, 1, 2, 0, 2, 3, 2, 1, 1, 2, 3, 1, 2, 1, 0, 0, 0, 0, 0, 0, 1,
       2, 3, 2, 3, 3, 2, 2, 3, 1, 1, 1, 1, 0, 0, 0, 3, 2, 3, 2, 1, 2, 0,
       2, 3, 1, 0, 1, 3, 3, 3, 3, 0, 0, 1, 2, 0, 2, 3, 0, 3, 0, 3, 2, 2,
       0, 1, 1, 2, 3, 2, 0, 3, 2, 2], dtype=object)]
[221, array([-18.,  -9.,  -9.,   0.]), array([2, 1, 1, 1, 2, 3, 1, 1, 0, 0, 0, 2, 2, 0, 3, 1, 2, 0, 0, 2, 2, 3,
       0, 0, 2, 3, 2, 2, 2, 2, 2, 1, 1, 0, 0, 1, 0, 2, 1, 3, 1, 0, 0, 2,
       3, 2, 1, 2, 0, 2, 3, 2, 1, 1, 2, 3, 1, 2, 1, 0, 0, 0, 0, 0, 0, 1,
       2, 3, 2, 3, 3, 2, 2, 3, 1, 1, 1, 1, 0, 0, 0, 3, 2, 3, 2, 1, 2, 0,
       2, 3, 1, 0, 1, 3, 3, 3, 3, 0, 0, 1, 2, 0, 2, 3, 0, 3, 0, 3, 2, 2,
       0, 1, 1, 2, 3, 2, 0, 3, 2, 2], dtype=object)]
[221, array([-18.,  -9.,  -9.,   0.]), array([2, 1, 1, 1, 2, 3, 1, 1, 0, 0, 0, 2, 2, 0, 3, 1, 2, 0, 0, 2, 2, 3,
       0, 0, 2, 3, 2, 2, 2, 2, 2, 1, 1, 0, 0, 1, 0, 2, 1, 3, 1, 0, 0, 2,
       3, 2, 1, 2, 0, 2, 3, 2, 1, 1, 2, 3, 1, 2, 1, 0, 0, 0, 0, 0, 0, 1,
       2, 3, 2, 3, 3, 2, 2, 3, 1, 1, 1, 1, 0, 0, 0, 3, 2, 3, 2, 1, 2, 0,
       2, 3, 1, 0, 1, 3, 3, 3, 3, 0, 0, 1, 2, 0, 2, 3, 0, 3, 0, 3, 2, 2,
       0, 1, 1, 2, 3, 2, 0, 3, 2, 2], dtype=object)]
[222, array([-18.,  -9.,  -9.,   0.]), array([2, 1, 1, 1, 2, 3, 1, 1, 0, 0, 0, 3, 2, 0, 3, 1, 2, 0, 0, 2, 2, 3,
       0, 0, 2, 3, 2, 2, 2, 2, 2, 1, 1, 0, 0, 1, 0, 2, 1, 3, 1, 0, 0, 2,
       3, 2, 1, 2, 0, 2, 3, 2, 1, 1, 2, 3, 1, 0, 1, 0, 0, 0, 0, 0, 0, 1,
       2, 3, 2, 3, 3, 2, 2, 3, 1, 1, 1, 1, 0, 0, 0, 3, 2, 3, 2, 1, 2, 0,
       2, 3, 1, 0, 1, 3, 3, 3, 3, 0, 0, 1, 2, 0, 2, 3, 0, 3, 0, 3, 2, 2,
       0, 1, 1, 2, 3, 2, 0, 3, 2, 2], dtype=object)]
[222, array([-18.,  -9.,  -9.,   0.]), array([2, 1, 1, 1, 2, 3, 1, 1, 0, 0, 0, 3, 2, 0, 3, 1, 2, 0, 0, 2, 2, 3,
       0, 0, 2, 3, 2, 2, 2, 2, 2, 1, 1, 0, 0, 1, 0, 2, 1, 3, 1, 0, 0, 2,
       3, 2, 1, 2, 0, 2, 3, 2, 1, 1, 2, 3, 1, 0, 1, 0, 0, 0, 0, 0, 0, 1,
       2, 3, 2, 3, 3, 2, 2, 3, 1, 1, 1, 1, 0, 0, 0, 3, 2, 3, 2, 1, 2, 0,
       2, 3, 1, 0, 1, 3, 3, 3, 3, 0, 0, 1, 2, 0, 2, 3, 0, 3, 0, 3, 2, 2,
       0, 1, 1, 2, 3, 2, 0, 3, 2, 2], dtype=object)]
[222, array([-18.,  -9.,  -9.,   0.]), array([2, 1, 1, 1, 2, 3, 1, 1, 0, 0, 0, 3, 2, 0, 3, 1, 2, 0, 0, 2, 2, 3,
       0, 0, 2, 3, 2, 2, 2, 2, 2, 1, 1, 0, 0, 1, 0, 2, 1, 3, 1, 0, 0, 2,
       3, 2, 1, 2, 0, 2, 3, 2, 1, 1, 2, 3, 1, 0, 1, 0, 0, 0, 0, 0, 0, 1,
       2, 3, 2, 3, 3, 2, 2, 3, 1, 1, 1, 1, 0, 0, 0, 3, 2, 3, 2, 1, 2, 0,
       2, 3, 1, 0, 1, 3, 3, 3, 3, 0, 0, 1, 2, 0, 2, 3, 0, 3, 0, 3, 2, 2,
       0, 1, 1, 2, 3, 2, 0, 3, 2, 2], dtype=object)]
[222, array([-18.,  -9.,  -9.,   0.]), array([2, 1, 1, 1, 2, 3, 1, 1, 0, 0, 0, 3, 2, 0, 3, 1, 2, 0, 0, 2, 2, 3,
       0, 0, 2, 3, 2, 2, 2, 2, 2, 1, 1, 0, 0, 1, 0, 2, 1, 3, 1, 0, 0, 2,
       3, 2, 1, 2, 0, 2, 3, 2, 1, 1, 2, 3, 1, 0, 1, 0, 0, 0, 0, 0, 0, 1,
       2, 3, 2, 3, 3, 2, 2, 3, 1, 1, 1, 1, 0, 0, 0, 3, 2, 3, 2, 1, 2, 0,
       2, 3, 1, 0, 1, 3, 3, 3, 3, 0, 0, 1, 2, 0, 2, 3, 0, 3, 0, 3, 2, 2,
       0, 1, 1, 2, 3, 2, 0, 3, 2, 2], dtype=object)]
[223, array([-18.,  -9.,  -9.,   0.]), array([2, 1, 1, 1, 2, 3, 1, 1, 0, 0, 0, 2, 2, 0, 3, 1, 2, 0, 1, 2, 3, 1,
       2, 0, 2, 3, 0, 2, 2, 2, 2, 0, 1, 0, 2, 1, 2, 2, 1, 3, 0, 2, 0, 2,
       3, 2, 1, 1, 3, 2, 3, 2, 1, 0, 0, 3, 0, 2, 1, 0, 2, 3, 3, 0, 0, 2,
       0, 1, 2, 3, 3, 2, 2, 3, 2, 1, 1, 1, 0, 0, 0, 2, 2, 3, 2, 3, 2, 2,
       2, 1, 3, 0, 1, 3, 0, 0, 3, 2, 3, 1, 2, 0, 2, 3, 2, 2, 0, 3, 2, 1,
       0, 1, 1, 2, 3, 2, 0, 3, 2, 2], dtype=object)]
[223, array([-18.,  -9.,  -9.,   0.]), array([2, 1, 1, 1, 2, 3, 1, 1, 0, 0, 0, 2, 2, 0, 3, 1, 2, 0, 1, 2, 3, 1,
       2, 0, 2, 3, 0, 2, 2, 2, 2, 0, 1, 0, 2, 1, 2, 2, 1, 3, 0, 2, 0, 2,
       3, 2, 1, 1, 3, 2, 3, 2, 1, 0, 0, 3, 0, 2, 1, 0, 2, 3, 3, 0, 0, 2,
       0, 1, 2, 3, 3, 2, 2, 3, 2, 1, 1, 1, 0, 0, 0, 2, 2, 3, 2, 3, 2, 2,
       2, 1, 3, 0, 1, 3, 0, 0, 3, 2, 3, 1, 2, 0, 2, 3, 2, 2, 0, 3, 2, 1,
       0, 1, 1, 2, 3, 2, 0, 3, 2, 2], dtype=object)]
[223, array([-18.,  -9.,  -9.,   0.]), array([2, 1, 1, 1, 2, 3, 1, 1, 0, 0, 0, 2, 2, 0, 3, 1, 2, 0, 1, 2, 3, 1,
       2, 0, 2, 3, 0, 2, 2, 2, 2, 0, 1, 0, 2, 1, 2, 2, 1, 3, 0, 2, 0, 2,
       3, 2, 1, 1, 3, 2, 3, 2, 1, 0, 0, 3, 0, 2, 1, 0, 2, 3, 3, 0, 0, 2,
       0, 1, 2, 3, 3, 2, 2, 3, 2, 1, 1, 1, 0, 0, 0, 2, 2, 3, 2, 3, 2, 2,
       2, 1, 3, 0, 1, 3, 0, 0, 3, 2, 3, 1, 2, 0, 2, 3, 2, 2, 0, 3, 2, 1,
       0, 1, 1, 2, 3, 2, 0, 3, 2, 2], dtype=object)]
[223, array([-18.,  -9.,  -9.,   0.]), array([2, 1, 1, 1, 2, 3, 1, 1, 0, 0, 0, 2, 2, 0, 3, 1, 2, 0, 1, 2, 3, 1,
       2, 0, 2, 3, 0, 2, 2, 2, 2, 0, 1, 0, 2, 1, 2, 2, 1, 3, 0, 2, 0, 2,
       3, 2, 1, 1, 3, 2, 3, 2, 1, 0, 0, 3, 0, 2, 1, 0, 2, 3, 3, 0, 0, 2,
       0, 1, 2, 3, 3, 2, 2, 3, 2, 1, 1, 1, 0, 0, 0, 2, 2, 3, 2, 3, 2, 2,
       2, 1, 3, 0, 1, 3, 0, 0, 3, 2, 3, 1, 2, 0, 2, 3, 2, 2, 0, 3, 2, 1,
       0, 1, 1, 2, 3, 2, 0, 3, 2, 2], dtype=object)]
[224, array([-18.,  -9.,  -9.,   0.]), array([2, 1, 1, 1, 2, 3, 1, 1, 0, 0, 0, 2, 2, 0, 3, 1, 2, 0, 1, 2, 3, 1,
       2, 0, 2, 3, 0, 2, 2, 2, 2, 0, 1, 3, 2, 1, 2, 2, 1, 3, 0, 2, 0, 2,
       3, 2, 1, 1, 3, 2, 3, 2, 1, 0, 0, 3, 0, 2, 1, 0, 2, 3, 3, 0, 0, 2,
       0, 1, 2, 3, 3, 2, 2, 3, 2, 1, 1, 1, 0, 0, 0, 2, 2, 3, 2, 3, 2, 2,
       2, 1, 3, 0, 1, 3, 0, 0, 3, 2, 3, 1, 2, 0, 2, 3, 2, 2, 0, 3, 2, 1,
       0, 1, 1, 2, 3, 2, 0, 3, 2, 2], dtype=object)]
[224, array([-18.,  -9.,  -9.,   0.]), array([2, 1, 1, 1, 2, 3, 1, 1, 0, 0, 0, 2, 2, 0, 3, 1, 2, 0, 1, 2, 3, 1,
       2, 0, 2, 3, 0, 2, 2, 2, 2, 0, 1, 3, 2, 1, 2, 2, 1, 3, 0, 2, 0, 2,
       3, 2, 1, 1, 3, 2, 3, 2, 1, 0, 0, 3, 0, 2, 1, 0, 2, 3, 3, 0, 0, 2,
       0, 1, 2, 3, 3, 2, 2, 3, 2, 1, 1, 1, 0, 0, 0, 2, 2, 3, 2, 3, 2, 2,
       2, 1, 3, 0, 1, 3, 0, 0, 3, 2, 3, 1, 2, 0, 2, 3, 2, 2, 0, 3, 2, 1,
       0, 1, 1, 2, 3, 2, 0, 3, 2, 2], dtype=object)]
[224, array([-18.,  -9.,  -9.,   0.]), array([2, 1, 1, 1, 2, 3, 1, 1, 0, 0, 0, 2, 2, 0, 3, 1, 2, 0, 1, 2, 3, 1,
       2, 0, 2, 3, 0, 2, 2, 2, 2, 0, 1, 3, 2, 1, 2, 2, 1, 3, 0, 2, 0, 2,
       3, 2, 1, 1, 3, 2, 3, 2, 1, 0, 0, 3, 0, 2, 1, 0, 2, 3, 3, 0, 0, 2,
       0, 1, 2, 3, 3, 2, 2, 3, 2, 1, 1, 1, 0, 0, 0, 2, 2, 3, 2, 3, 2, 2,
       2, 1, 3, 0, 1, 3, 0, 0, 3, 2, 3, 1, 2, 0, 2, 3, 2, 2, 0, 3, 2, 1,
       0, 1, 1, 2, 3, 2, 0, 3, 2, 2], dtype=object)]
[224, array([-18.,  -9.,  -9.,   0.]), array([2, 1, 1, 1, 2, 3, 1, 1, 0, 0, 0, 2, 2, 0, 3, 1, 2, 0, 1, 2, 3, 1,
       2, 0, 2, 3, 0, 2, 2, 2, 2, 0, 1, 3, 2, 1, 2, 2, 1, 3, 0, 2, 0, 2,
       3, 2, 1, 1, 3, 2, 3, 2, 1, 0, 0, 3, 0, 2, 1, 0, 2, 3, 3, 0, 0, 2,
       0, 1, 2, 3, 3, 2, 2, 3, 2, 1, 1, 1, 0, 0, 0, 2, 2, 3, 2, 3, 2, 2,
       2, 1, 3, 0, 1, 3, 0, 0, 3, 2, 3, 1, 2, 0, 2, 3, 2, 2, 0, 3, 2, 1,
       0, 1, 1, 2, 3, 2, 0, 3, 2, 2], dtype=object)]
[225, array([-18.,  -9.,  -9.,   0.]), array([2, 1, 0, 1, 2, 3, 1, 2, 0, 0, 0, 2, 1, 0, 0, 1, 2, 0, 0, 2, 2, 3,
       0, 0, 2, 3, 2, 1, 1, 2, 1, 0, 0, 0, 2, 1, 2, 2, 1, 3, 1, 0, 0, 2,
       3, 2, 1, 0, 3, 3, 3, 2, 1, 0, 0, 3, 1, 2, 1, 0, 2, 2, 3, 0, 0, 2,
       1, 1, 2, 3, 3, 2, 2, 3, 2, 1, 1, 1, 0, 0, 0, 3, 2, 3, 2, 1, 2, 2,
       2, 1, 2, 0, 1, 3, 0, 0, 3, 2, 3, 1, 2, 0, 2, 3, 2, 2, 0, 3, 2, 1,
       0, 1, 1, 2, 3, 2, 0, 3, 2, 2], dtype=object)]
[225, array([-18.,  -9.,  -9.,   0.]), array([2, 1, 0, 1, 2, 3, 1, 2, 0, 0, 0, 2, 1, 0, 0, 1, 2, 0, 0, 2, 2, 3,
       0, 0, 2, 3, 2, 1, 1, 2, 1, 0, 0, 0, 2, 1, 2, 2, 1, 3, 1, 0, 0, 2,
       3, 2, 1, 0, 3, 3, 3, 2, 1, 0, 0, 3, 1, 2, 1, 0, 2, 2, 3, 0, 0, 2,
       1, 1, 2, 3, 3, 2, 2, 3, 2, 1, 1, 1, 0, 0, 0, 3, 2, 3, 2, 1, 2, 2,
       2, 1, 2, 0, 1, 3, 0, 0, 3, 2, 3, 1, 2, 0, 2, 3, 2, 2, 0, 3, 2, 1,
       0, 1, 1, 2, 3, 2, 0, 3, 2, 2], dtype=object)]
[225, array([-18.,  -9.,  -9.,   0.]), array([2, 1, 0, 1, 2, 3, 1, 2, 0, 0, 0, 2, 1, 0, 0, 1, 2, 0, 0, 2, 2, 3,
       0, 0, 2, 3, 2, 1, 1, 2, 1, 0, 0, 0, 2, 1, 2, 2, 1, 3, 1, 0, 0, 2,
       3, 2, 1, 0, 3, 3, 3, 2, 1, 0, 0, 3, 1, 2, 1, 0, 2, 2, 3, 0, 0, 2,
       1, 1, 2, 3, 3, 2, 2, 3, 2, 1, 1, 1, 0, 0, 0, 3, 2, 3, 2, 1, 2, 2,
       2, 1, 2, 0, 1, 3, 0, 0, 3, 2, 3, 1, 2, 0, 2, 3, 2, 2, 0, 3, 2, 1,
       0, 1, 1, 2, 3, 2, 0, 3, 2, 2], dtype=object)]
[225, array([-18.,  -9.,  -9.,   0.]), array([2, 1, 0, 1, 2, 3, 1, 2, 0, 0, 0, 2, 1, 0, 0, 1, 2, 0, 0, 2, 2, 3,
       0, 0, 2, 3, 2, 1, 1, 2, 1, 0, 0, 0, 2, 1, 2, 2, 1, 3, 1, 0, 0, 2,
       3, 2, 1, 0, 3, 3, 3, 2, 1, 0, 0, 3, 1, 2, 1, 0, 2, 2, 3, 0, 0, 2,
       1, 1, 2, 3, 3, 2, 2, 3, 2, 1, 1, 1, 0, 0, 0, 3, 2, 3, 2, 1, 2, 2,
       2, 1, 2, 0, 1, 3, 0, 0, 3, 2, 3, 1, 2, 0, 2, 3, 2, 2, 0, 3, 2, 1,
       0, 1, 1, 2, 3, 2, 0, 3, 2, 2], dtype=object)]
[226, array([-18.,  -9.,  -9.,   0.]), array([2, 1, 0, 1, 2, 3, 1, 2, 0, 0, 0, 2, 1, 0, 0, 1, 2, 0, 0, 2, 2, 3,
       0, 0, 2, 3, 2, 1, 1, 2, 1, 0, 0, 0, 2, 1, 2, 2, 1, 3, 1, 0, 0, 2,
       3, 2, 1, 0, 3, 3, 3, 2, 1, 0, 0, 3, 1, 2, 1, 0, 2, 2, 3, 0, 0, 2,
       1, 1, 2, 3, 3, 2, 2, 3, 2, 1, 1, 1, 0, 0, 0, 3, 2, 3, 2, 1, 2, 2,
       2, 1, 2, 0, 1, 3, 0, 0, 3, 2, 3, 1, 2, 0, 2, 3, 2, 2, 0, 3, 2, 1,
       0, 1, 1, 2, 3, 2, 0, 3, 2, 2], dtype=object)]
[226, array([-18.,  -9.,  -9.,   0.]), array([2, 1, 0, 1, 2, 3, 1, 2, 0, 0, 0, 2, 1, 0, 0, 1, 2, 0, 0, 2, 2, 3,
       0, 0, 2, 3, 2, 1, 1, 2, 1, 0, 0, 0, 2, 1, 2, 2, 1, 3, 1, 0, 0, 2,
       3, 2, 1, 0, 3, 3, 3, 2, 1, 0, 0, 3, 1, 2, 1, 0, 2, 2, 3, 0, 0, 2,
       1, 1, 2, 3, 3, 2, 2, 3, 2, 1, 1, 1, 0, 0, 0, 3, 2, 3, 2, 1, 2, 2,
       2, 1, 2, 0, 1, 3, 0, 0, 3, 2, 3, 1, 2, 0, 2, 3, 2, 2, 0, 3, 2, 1,
       0, 1, 1, 2, 3, 2, 0, 3, 2, 2], dtype=object)]
[226, array([-18.,  -9.,  -9.,   0.]), array([2, 1, 0, 1, 2, 3, 1, 2, 0, 0, 0, 2, 1, 0, 0, 1, 2, 0, 0, 2, 2, 3,
       0, 0, 2, 3, 2, 1, 1, 2, 1, 0, 0, 0, 2, 1, 2, 2, 1, 3, 1, 0, 0, 2,
       3, 2, 1, 0, 3, 3, 3, 2, 1, 0, 0, 3, 1, 2, 1, 0, 2, 2, 3, 0, 0, 2,
       1, 1, 2, 3, 3, 2, 2, 3, 2, 1, 1, 1, 0, 0, 0, 3, 2, 3, 2, 1, 2, 2,
       2, 1, 2, 0, 1, 3, 0, 0, 3, 2, 3, 1, 2, 0, 2, 3, 2, 2, 0, 3, 2, 1,
       0, 1, 1, 2, 3, 2, 0, 3, 2, 2], dtype=object)]
[226, array([-18.,  -9.,  -9.,   0.]), array([2, 1, 0, 1, 2, 3, 1, 2, 0, 0, 0, 2, 1, 0, 0, 1, 2, 0, 0, 2, 2, 3,
       0, 0, 2, 3, 2, 1, 1, 2, 1, 0, 0, 0, 2, 1, 2, 2, 1, 3, 1, 0, 0, 2,
       3, 2, 1, 0, 3, 3, 3, 2, 1, 0, 0, 3, 1, 2, 1, 0, 2, 2, 3, 0, 0, 2,
       1, 1, 2, 3, 3, 2, 2, 3, 2, 1, 1, 1, 0, 0, 0, 3, 2, 3, 2, 1, 2, 2,
       2, 1, 2, 0, 1, 3, 0, 0, 3, 2, 3, 1, 2, 0, 2, 3, 2, 2, 0, 3, 2, 1,
       0, 1, 1, 2, 3, 2, 0, 3, 2, 2], dtype=object)]
[227, array([-18.,  -9.,  -9.,   0.]), array([2, 1, 0, 1, 2, 3, 1, 2, 0, 0, 0, 2, 1, 0, 0, 1, 2, 0, 0, 2, 2, 3,
       0, 0, 2, 3, 2, 2, 2, 2, 2, 0, 0, 0, 2, 1, 2, 2, 1, 3, 0, 2, 1, 2,
       3, 2, 1, 1, 3, 2, 2, 2, 1, 0, 0, 3, 3, 2, 1, 0, 2, 2, 3, 0, 0, 2,
       1, 1, 2, 3, 3, 2, 2, 3, 3, 1, 1, 1, 0, 0, 0, 3, 2, 3, 2, 0, 2, 0,
       2, 3, 1, 0, 1, 3, 0, 0, 0, 0, 3, 0, 2, 0, 2, 3, 2, 2, 0, 3, 2, 2,
       1, 1, 0, 2, 1, 2, 0, 1, 2, 2], dtype=object)]
[227, array([-18.,  -9.,  -9.,   0.]), array([2, 1, 0, 1, 2, 3, 1, 2, 0, 0, 0, 2, 1, 0, 0, 1, 2, 0, 0, 2, 2, 3,
       0, 0, 2, 3, 2, 2, 2, 2, 2, 0, 0, 0, 2, 1, 2, 2, 1, 3, 0, 2, 1, 2,
       3, 2, 1, 1, 3, 2, 2, 2, 1, 0, 0, 3, 3, 2, 1, 0, 2, 2, 3, 0, 0, 2,
       1, 1, 2, 3, 3, 2, 2, 3, 3, 1, 1, 1, 0, 0, 0, 3, 2, 3, 2, 0, 2, 0,
       2, 3, 1, 0, 1, 3, 0, 0, 0, 0, 3, 0, 2, 0, 2, 3, 2, 2, 0, 3, 2, 2,
       1, 1, 0, 2, 1, 2, 0, 1, 2, 2], dtype=object)]
[227, array([-18.,  -9.,  -9.,   0.]), array([2, 1, 0, 1, 2, 3, 1, 2, 0, 0, 0, 2, 1, 0, 0, 1, 2, 0, 0, 2, 2, 3,
       0, 0, 2, 3, 2, 2, 2, 2, 2, 0, 0, 0, 2, 1, 2, 2, 1, 3, 0, 2, 1, 2,
       3, 2, 1, 1, 3, 2, 2, 2, 1, 0, 0, 3, 3, 2, 1, 0, 2, 2, 3, 0, 0, 2,
       1, 1, 2, 3, 3, 2, 2, 3, 3, 1, 1, 1, 0, 0, 0, 3, 2, 3, 2, 0, 2, 0,
       2, 3, 1, 0, 1, 3, 0, 0, 0, 0, 3, 0, 2, 0, 2, 3, 2, 2, 0, 3, 2, 2,
       1, 1, 0, 2, 1, 2, 0, 1, 2, 2], dtype=object)]
[227, array([-18.,  -9.,  -9.,   0.]), array([2, 1, 0, 1, 2, 3, 1, 2, 0, 0, 0, 2, 1, 0, 0, 1, 2, 0, 0, 2, 2, 3,
       0, 0, 2, 3, 2, 2, 2, 2, 2, 0, 0, 0, 2, 1, 2, 2, 1, 3, 0, 2, 1, 2,
       3, 2, 1, 1, 3, 2, 2, 2, 1, 0, 0, 3, 3, 2, 1, 0, 2, 2, 3, 0, 0, 2,
       1, 1, 2, 3, 3, 2, 2, 3, 3, 1, 1, 1, 0, 0, 0, 3, 2, 3, 2, 0, 2, 0,
       2, 3, 1, 0, 1, 3, 0, 0, 0, 0, 3, 0, 2, 0, 2, 3, 2, 2, 0, 3, 2, 2,
       1, 1, 0, 2, 1, 2, 0, 1, 2, 2], dtype=object)]
[228, array([-18.,  -9.,  -9.,   0.]), array([2, 1, 0, 1, 2, 3, 1, 2, 0, 0, 0, 2, 1, 0, 0, 1, 2, 0, 0, 2, 2, 3,
       0, 0, 2, 3, 2, 2, 2, 2, 2, 0, 0, 0, 2, 1, 2, 2, 1, 3, 1, 2, 1, 2,
       3, 2, 1, 1, 3, 2, 2, 2, 1, 0, 0, 3, 3, 2, 1, 0, 2, 2, 3, 0, 0, 2,
       1, 1, 2, 3, 3, 2, 2, 3, 3, 1, 1, 1, 0, 0, 0, 3, 2, 3, 2, 0, 2, 0,
       2, 3, 1, 0, 1, 3, 0, 0, 0, 0, 3, 0, 2, 0, 2, 3, 2, 2, 0, 3, 2, 2,
       1, 1, 0, 2, 2, 2, 0, 1, 2, 2], dtype=object)]
[228, array([-18.,  -9.,  -9.,   0.]), array([2, 1, 0, 1, 2, 3, 1, 2, 0, 0, 0, 2, 1, 0, 0, 1, 2, 0, 0, 2, 2, 3,
       0, 0, 2, 3, 2, 2, 2, 2, 2, 0, 0, 0, 2, 1, 2, 2, 1, 3, 1, 2, 1, 2,
       3, 2, 1, 1, 3, 2, 2, 2, 1, 0, 0, 3, 3, 2, 1, 0, 2, 2, 3, 0, 0, 2,
       1, 1, 2, 3, 3, 2, 2, 3, 3, 1, 1, 1, 0, 0, 0, 3, 2, 3, 2, 0, 2, 0,
       2, 3, 1, 0, 1, 3, 0, 0, 0, 0, 3, 0, 2, 0, 2, 3, 2, 2, 0, 3, 2, 2,
       1, 1, 0, 2, 2, 2, 0, 1, 2, 2], dtype=object)]
[228, array([-18.,  -9.,  -9.,   0.]), array([2, 1, 0, 1, 2, 3, 1, 2, 0, 0, 0, 2, 1, 0, 0, 1, 2, 0, 0, 2, 2, 3,
       0, 0, 2, 3, 2, 2, 2, 2, 2, 0, 0, 0, 2, 1, 2, 2, 1, 3, 1, 2, 1, 2,
       3, 2, 1, 1, 3, 2, 2, 2, 1, 0, 0, 3, 3, 2, 1, 0, 2, 2, 3, 0, 0, 2,
       1, 1, 2, 3, 3, 2, 2, 3, 3, 1, 1, 1, 0, 0, 0, 3, 2, 3, 2, 0, 2, 0,
       2, 3, 1, 0, 1, 3, 0, 0, 0, 0, 3, 0, 2, 0, 2, 3, 2, 2, 0, 3, 2, 2,
       1, 1, 0, 2, 2, 2, 0, 1, 2, 2], dtype=object)]
[228, array([-18.,  -9.,  -9.,   0.]), array([2, 1, 0, 1, 2, 3, 1, 2, 0, 0, 0, 2, 1, 0, 0, 1, 2, 0, 0, 2, 2, 3,
       0, 0, 2, 3, 2, 2, 2, 2, 2, 0, 0, 0, 2, 1, 2, 2, 1, 3, 1, 2, 1, 2,
       3, 2, 1, 1, 3, 2, 2, 2, 1, 0, 0, 3, 3, 2, 1, 0, 2, 2, 3, 0, 0, 2,
       1, 1, 2, 3, 3, 2, 2, 3, 3, 1, 1, 1, 0, 0, 0, 3, 2, 3, 2, 0, 2, 0,
       2, 3, 1, 0, 1, 3, 0, 0, 0, 0, 3, 0, 2, 0, 2, 3, 2, 2, 0, 3, 2, 2,
       1, 1, 0, 2, 2, 2, 0, 1, 2, 2], dtype=object)]
[229, array([-18.,  -9.,  -9.,   0.]), array([2, 1, 2, 1, 2, 3, 1, 2, 0, 0, 0, 2, 1, 0, 0, 0, 2, 0, 0, 2, 2, 3,
       0, 0, 2, 3, 2, 2, 2, 2, 2, 0, 0, 0, 2, 1, 2, 2, 1, 3, 0, 2, 1, 2,
       3, 2, 1, 1, 3, 2, 2, 2, 1, 0, 2, 3, 1, 2, 1, 0, 0, 0, 0, 0, 0, 0,
       2, 3, 2, 3, 3, 2, 2, 3, 2, 1, 1, 1, 0, 0, 0, 3, 2, 3, 2, 3, 2, 2,
       2, 1, 3, 0, 1, 3, 0, 0, 3, 2, 3, 1, 2, 0, 2, 3, 2, 2, 0, 3, 2, 1,
       0, 1, 1, 2, 3, 2, 0, 3, 2, 2], dtype=object)]
[229, array([-18.,  -9.,  -9.,   0.]), array([2, 1, 2, 1, 2, 3, 1, 2, 0, 0, 0, 2, 1, 0, 0, 0, 2, 0, 0, 2, 2, 3,
       0, 0, 2, 3, 2, 2, 2, 2, 2, 0, 0, 0, 2, 1, 2, 2, 1, 3, 0, 2, 1, 2,
       3, 2, 1, 1, 3, 2, 2, 2, 1, 0, 2, 3, 1, 2, 1, 0, 0, 0, 0, 0, 0, 0,
       2, 3, 2, 3, 3, 2, 2, 3, 2, 1, 1, 1, 0, 0, 0, 3, 2, 3, 2, 3, 2, 2,
       2, 1, 3, 0, 1, 3, 0, 0, 3, 2, 3, 1, 2, 0, 2, 3, 2, 2, 0, 3, 2, 1,
       0, 1, 1, 2, 3, 2, 0, 3, 2, 2], dtype=object)]
[229, array([-18.,  -9.,  -9.,   0.]), array([2, 1, 2, 1, 2, 3, 1, 2, 0, 0, 0, 2, 1, 0, 0, 0, 2, 0, 0, 2, 2, 3,
       0, 0, 2, 3, 2, 2, 2, 2, 2, 0, 0, 0, 2, 1, 2, 2, 1, 3, 0, 2, 1, 2,
       3, 2, 1, 1, 3, 2, 2, 2, 1, 0, 2, 3, 1, 2, 1, 0, 0, 0, 0, 0, 0, 0,
       2, 3, 2, 3, 3, 2, 2, 3, 2, 1, 1, 1, 0, 0, 0, 3, 2, 3, 2, 3, 2, 2,
       2, 1, 3, 0, 1, 3, 0, 0, 3, 2, 3, 1, 2, 0, 2, 3, 2, 2, 0, 3, 2, 1,
       0, 1, 1, 2, 3, 2, 0, 3, 2, 2], dtype=object)]
[229, array([-18.,  -9.,  -9.,   0.]), array([2, 1, 2, 1, 2, 3, 1, 2, 0, 0, 0, 2, 1, 0, 0, 0, 2, 0, 0, 2, 2, 3,
       0, 0, 2, 3, 2, 2, 2, 2, 2, 0, 0, 0, 2, 1, 2, 2, 1, 3, 0, 2, 1, 2,
       3, 2, 1, 1, 3, 2, 2, 2, 1, 0, 2, 3, 1, 2, 1, 0, 0, 0, 0, 0, 0, 0,
       2, 3, 2, 3, 3, 2, 2, 3, 2, 1, 1, 1, 0, 0, 0, 3, 2, 3, 2, 3, 2, 2,
       2, 1, 3, 0, 1, 3, 0, 0, 3, 2, 3, 1, 2, 0, 2, 3, 2, 2, 0, 3, 2, 1,
       0, 1, 1, 2, 3, 2, 0, 3, 2, 2], dtype=object)]
[230, array([-18.,  -9.,  -9.,   0.]), array([2, 1, 2, 1, 2, 3, 1, 2, 0, 0, 0, 2, 1, 0, 0, 0, 2, 0, 0, 2, 2, 3,
       0, 0, 2, 3, 2, 2, 2, 2, 2, 0, 0, 0, 2, 1, 2, 2, 1, 3, 0, 2, 1, 2,
       3, 2, 1, 1, 3, 2, 2, 2, 1, 0, 2, 3, 1, 2, 1, 0, 0, 0, 0, 0, 0, 0,
       2, 3, 2, 3, 3, 2, 2, 3, 2, 1, 1, 1, 0, 0, 0, 3, 2, 3, 2, 3, 2, 2,
       2, 1, 3, 0, 1, 3, 0, 0, 3, 2, 3, 1, 2, 0, 2, 3, 2, 2, 0, 3, 2, 1,
       0, 1, 1, 2, 3, 2, 0, 3, 2, 2], dtype=object)]
[230, array([-18.,  -9.,  -9.,   0.]), array([2, 1, 2, 1, 2, 3, 1, 2, 0, 0, 0, 2, 1, 0, 0, 0, 2, 0, 0, 2, 2, 3,
       0, 0, 2, 3, 2, 2, 2, 2, 2, 0, 0, 0, 2, 1, 2, 2, 1, 3, 0, 2, 1, 2,
       3, 2, 1, 1, 3, 2, 2, 2, 1, 0, 2, 3, 1, 2, 1, 0, 0, 0, 0, 0, 0, 0,
       2, 3, 2, 3, 3, 2, 2, 3, 2, 1, 1, 1, 0, 0, 0, 3, 2, 3, 2, 3, 2, 2,
       2, 1, 3, 0, 1, 3, 0, 0, 3, 2, 3, 1, 2, 0, 2, 3, 2, 2, 0, 3, 2, 1,
       0, 1, 1, 2, 3, 2, 0, 3, 2, 2], dtype=object)]
[230, array([-18.,  -9.,  -9.,   0.]), array([2, 1, 2, 1, 2, 3, 1, 2, 0, 0, 0, 2, 1, 0, 0, 0, 2, 0, 0, 2, 2, 3,
       0, 0, 2, 3, 2, 2, 2, 2, 2, 0, 0, 0, 2, 1, 2, 2, 1, 3, 0, 2, 1, 2,
       3, 2, 1, 1, 3, 2, 2, 2, 1, 0, 2, 3, 1, 2, 1, 0, 0, 0, 0, 0, 0, 0,
       2, 3, 2, 3, 3, 2, 2, 3, 2, 1, 1, 1, 0, 0, 0, 3, 2, 3, 2, 3, 2, 2,
       2, 1, 3, 0, 1, 3, 0, 0, 3, 2, 3, 1, 2, 0, 2, 3, 2, 2, 0, 3, 2, 1,
       0, 1, 1, 2, 3, 2, 0, 3, 2, 2], dtype=object)]
[230, array([-18.,  -9.,  -9.,   0.]), array([2, 1, 2, 1, 2, 3, 1, 2, 0, 0, 0, 2, 1, 0, 0, 0, 2, 0, 0, 2, 2, 3,
       0, 0, 2, 3, 2, 2, 2, 2, 2, 0, 0, 0, 2, 1, 2, 2, 1, 3, 0, 2, 1, 2,
       3, 2, 1, 1, 3, 2, 2, 2, 1, 0, 2, 3, 1, 2, 1, 0, 0, 0, 0, 0, 0, 0,
       2, 3, 2, 3, 3, 2, 2, 3, 2, 1, 1, 1, 0, 0, 0, 3, 2, 3, 2, 3, 2, 2,
       2, 1, 3, 0, 1, 3, 0, 0, 3, 2, 3, 1, 2, 0, 2, 3, 2, 2, 0, 3, 2, 1,
       0, 1, 1, 2, 3, 2, 0, 3, 2, 2], dtype=object)]
[231, array([-18.,  -9.,  -9.,   0.]), array([2, 1, 0, 0, 2, 2, 1, 3, 0, 0, 0, 0, 1, 2, 0, 1, 2, 0, 0, 2, 2, 3,
       0, 3, 2, 3, 3, 2, 2, 2, 2, 0, 0, 0, 2, 1, 2, 2, 1, 3, 0, 2, 0, 2,
       3, 2, 1, 1, 3, 3, 2, 1, 1, 0, 0, 3, 0, 2, 1, 0, 0, 3, 2, 0, 0, 0,
       2, 1, 2, 3, 3, 2, 2, 3, 2, 1, 1, 1, 0, 0, 0, 2, 2, 3, 2, 3, 2, 2,
       2, 1, 3, 0, 1, 3, 0, 0, 3, 2, 3, 1, 2, 0, 2, 3, 2, 2, 0, 3, 2, 1,
       0, 1, 1, 2, 3, 2, 0, 3, 2, 2], dtype=object)]
[231, array([-18.,  -9.,  -9.,   0.]), array([2, 1, 0, 0, 2, 2, 1, 3, 0, 0, 0, 0, 1, 2, 0, 1, 2, 0, 0, 2, 2, 3,
       0, 3, 2, 3, 3, 2, 2, 2, 2, 0, 0, 0, 2, 1, 2, 2, 1, 3, 0, 2, 0, 2,
       3, 2, 1, 1, 3, 3, 2, 1, 1, 0, 0, 3, 0, 2, 1, 0, 0, 3, 2, 0, 0, 0,
       2, 1, 2, 3, 3, 2, 2, 3, 2, 1, 1, 1, 0, 0, 0, 2, 2, 3, 2, 3, 2, 2,
       2, 1, 3, 0, 1, 3, 0, 0, 3, 2, 3, 1, 2, 0, 2, 3, 2, 2, 0, 3, 2, 1,
       0, 1, 1, 2, 3, 2, 0, 3, 2, 2], dtype=object)]
[231, array([-18.,  -9.,  -9.,   0.]), array([2, 1, 0, 0, 2, 2, 1, 3, 0, 0, 0, 0, 1, 2, 0, 1, 2, 0, 0, 2, 2, 3,
       0, 3, 2, 3, 3, 2, 2, 2, 2, 0, 0, 0, 2, 1, 2, 2, 1, 3, 0, 2, 0, 2,
       3, 2, 1, 1, 3, 3, 2, 1, 1, 0, 0, 3, 0, 2, 1, 0, 0, 3, 2, 0, 0, 0,
       2, 1, 2, 3, 3, 2, 2, 3, 2, 1, 1, 1, 0, 0, 0, 2, 2, 3, 2, 3, 2, 2,
       2, 1, 3, 0, 1, 3, 0, 0, 3, 2, 3, 1, 2, 0, 2, 3, 2, 2, 0, 3, 2, 1,
       0, 1, 1, 2, 3, 2, 0, 3, 2, 2], dtype=object)]
[231, array([-18.,  -9.,  -9.,   0.]), array([2, 1, 0, 0, 2, 2, 1, 3, 0, 0, 0, 0, 1, 2, 0, 1, 2, 0, 0, 2, 2, 3,
       0, 3, 2, 3, 3, 2, 2, 2, 2, 0, 0, 0, 2, 1, 2, 2, 1, 3, 0, 2, 0, 2,
       3, 2, 1, 1, 3, 3, 2, 1, 1, 0, 0, 3, 0, 2, 1, 0, 0, 3, 2, 0, 0, 0,
       2, 1, 2, 3, 3, 2, 2, 3, 2, 1, 1, 1, 0, 0, 0, 2, 2, 3, 2, 3, 2, 2,
       2, 1, 3, 0, 1, 3, 0, 0, 3, 2, 3, 1, 2, 0, 2, 3, 2, 2, 0, 3, 2, 1,
       0, 1, 1, 2, 3, 2, 0, 3, 2, 2], dtype=object)]
[232, array([-18.,  -9.,  -9.,   0.]), array([2, 1, 0, 1, 2, 3, 1, 2, 0, 0, 0, 3, 1, 0, 0, 0, 2, 0, 0, 2, 2, 3,
       0, 1, 2, 3, 2, 1, 2, 3, 0, 0, 1, 0, 2, 2, 3, 1, 1, 1, 3, 2, 0, 0,
       3, 2, 1, 0, 3, 3, 3, 0, 1, 0, 0, 3, 1, 2, 2, 0, 2, 0, 0, 0, 0, 1,
       2, 3, 2, 3, 3, 2, 2, 3, 2, 1, 1, 1, 0, 0, 0, 3, 2, 3, 2, 1, 3, 0,
       2, 3, 1, 0, 1, 3, 0, 0, 0, 0, 3, 0, 2, 0, 2, 3, 0, 2, 0, 3, 2, 2,
       1, 3, 0, 2, 1, 2, 0, 1, 2, 2], dtype=object)]
[232, array([-18.,  -9.,  -9.,   0.]), array([2, 1, 0, 1, 2, 3, 1, 2, 0, 0, 0, 3, 1, 0, 0, 0, 2, 0, 0, 2, 2, 3,
       0, 1, 2, 3, 2, 1, 2, 3, 0, 0, 1, 0, 2, 2, 3, 1, 1, 1, 3, 2, 0, 0,
       3, 2, 1, 0, 3, 3, 3, 0, 1, 0, 0, 3, 1, 2, 2, 0, 2, 0, 0, 0, 0, 1,
       2, 3, 2, 3, 3, 2, 2, 3, 2, 1, 1, 1, 0, 0, 0, 3, 2, 3, 2, 1, 3, 0,
       2, 3, 1, 0, 1, 3, 0, 0, 0, 0, 3, 0, 2, 0, 2, 3, 0, 2, 0, 3, 2, 2,
       1, 3, 0, 2, 1, 2, 0, 1, 2, 2], dtype=object)]
[232, array([-18.,  -9.,  -9.,   0.]), array([2, 1, 0, 1, 2, 3, 1, 2, 0, 0, 0, 3, 1, 0, 0, 0, 2, 0, 0, 2, 2, 3,
       0, 1, 2, 3, 2, 1, 2, 3, 0, 0, 1, 0, 2, 2, 3, 1, 1, 1, 3, 2, 0, 0,
       3, 2, 1, 0, 3, 3, 3, 0, 1, 0, 0, 3, 1, 2, 2, 0, 2, 0, 0, 0, 0, 1,
       2, 3, 2, 3, 3, 2, 2, 3, 2, 1, 1, 1, 0, 0, 0, 3, 2, 3, 2, 1, 3, 0,
       2, 3, 1, 0, 1, 3, 0, 0, 0, 0, 3, 0, 2, 0, 2, 3, 0, 2, 0, 3, 2, 2,
       1, 3, 0, 2, 1, 2, 0, 1, 2, 2], dtype=object)]
[232, array([-18.,  -9.,  -9.,   0.]), array([2, 1, 0, 1, 2, 3, 1, 2, 0, 0, 0, 3, 1, 0, 0, 0, 2, 0, 0, 2, 2, 3,
       0, 1, 2, 3, 2, 1, 2, 3, 0, 0, 1, 0, 2, 2, 3, 1, 1, 1, 3, 2, 0, 0,
       3, 2, 1, 0, 3, 3, 3, 0, 1, 0, 0, 3, 1, 2, 2, 0, 2, 0, 0, 0, 0, 1,
       2, 3, 2, 3, 3, 2, 2, 3, 2, 1, 1, 1, 0, 0, 0, 3, 2, 3, 2, 1, 3, 0,
       2, 3, 1, 0, 1, 3, 0, 0, 0, 0, 3, 0, 2, 0, 2, 3, 0, 2, 0, 3, 2, 2,
       1, 3, 0, 2, 1, 2, 0, 1, 2, 2], dtype=object)]
[233, array([-18.,  -9.,  -9.,   0.]), array([2, 1, 0, 1, 2, 3, 1, 2, 0, 0, 0, 2, 1, 0, 0, 2, 2, 0, 0, 2, 2, 3,
       0, 0, 2, 3, 2, 2, 2, 2, 2, 0, 0, 0, 2, 1, 2, 2, 1, 3, 0, 2, 0, 2,
       3, 2, 1, 1, 3, 3, 2, 1, 1, 0, 0, 3, 0, 2, 1, 0, 0, 3, 2, 0, 0, 0,
       2, 1, 2, 3, 3, 2, 2, 3, 2, 1, 1, 1, 0, 0, 0, 2, 2, 3, 2, 3, 2, 2,
       2, 1, 3, 0, 1, 3, 3, 3, 3, 2, 3, 1, 2, 0, 2, 3, 2, 2, 0, 3, 2, 1,
       0, 1, 1, 2, 3, 2, 0, 3, 2, 2], dtype=object)]
[233, array([-18.,  -9.,  -9.,   0.]), array([2, 1, 0, 1, 2, 3, 1, 2, 0, 0, 0, 2, 1, 0, 0, 2, 2, 0, 0, 2, 2, 3,
       0, 0, 2, 3, 2, 2, 2, 2, 2, 0, 0, 0, 2, 1, 2, 2, 1, 3, 0, 2, 0, 2,
       3, 2, 1, 1, 3, 3, 2, 1, 1, 0, 0, 3, 0, 2, 1, 0, 0, 3, 2, 0, 0, 0,
       2, 1, 2, 3, 3, 2, 2, 3, 2, 1, 1, 1, 0, 0, 0, 2, 2, 3, 2, 3, 2, 2,
       2, 1, 3, 0, 1, 3, 3, 3, 3, 2, 3, 1, 2, 0, 2, 3, 2, 2, 0, 3, 2, 1,
       0, 1, 1, 2, 3, 2, 0, 3, 2, 2], dtype=object)]
[233, array([-18.,  -9.,  -9.,   0.]), array([2, 1, 0, 1, 2, 3, 1, 2, 0, 0, 0, 2, 1, 0, 0, 2, 2, 0, 0, 2, 2, 3,
       0, 0, 2, 3, 2, 2, 2, 2, 2, 0, 0, 0, 2, 1, 2, 2, 1, 3, 0, 2, 0, 2,
       3, 2, 1, 1, 3, 3, 2, 1, 1, 0, 0, 3, 0, 2, 1, 0, 0, 3, 2, 0, 0, 0,
       2, 1, 2, 3, 3, 2, 2, 3, 2, 1, 1, 1, 0, 0, 0, 2, 2, 3, 2, 3, 2, 2,
       2, 1, 3, 0, 1, 3, 3, 3, 3, 2, 3, 1, 2, 0, 2, 3, 2, 2, 0, 3, 2, 1,
       0, 1, 1, 2, 3, 2, 0, 3, 2, 2], dtype=object)]
[233, array([-18.,  -9.,  -9.,   0.]), array([2, 1, 0, 1, 2, 3, 1, 2, 0, 0, 0, 2, 1, 0, 0, 2, 2, 0, 0, 2, 2, 3,
       0, 0, 2, 3, 2, 2, 2, 2, 2, 0, 0, 0, 2, 1, 2, 2, 1, 3, 0, 2, 0, 2,
       3, 2, 1, 1, 3, 3, 2, 1, 1, 0, 0, 3, 0, 2, 1, 0, 0, 3, 2, 0, 0, 0,
       2, 1, 2, 3, 3, 2, 2, 3, 2, 1, 1, 1, 0, 0, 0, 2, 2, 3, 2, 3, 2, 2,
       2, 1, 3, 0, 1, 3, 3, 3, 3, 2, 3, 1, 2, 0, 2, 3, 2, 2, 0, 3, 2, 1,
       0, 1, 1, 2, 3, 2, 0, 3, 2, 2], dtype=object)]
[234, array([-38., -19., -19.,   0.]), array([2, 1, 0, 1, 2, 3, 1, 2, 0, 0, 0, 2, 1, 0, 0, 2, 2, 0, 0, 2, 2, 3,
       0, 0, 2, 3, 2, 2, 2, 2, 2, 0, 0, 0, 0, 1, 2, 2, 1, 3, 0, 2, 0, 2,
       3, 3, 1, 1, 3, 2, 3, 2, 2, 0, 0, 3, 1, 2, 2, 0, 2, 0, 0, 0, 0, 1,
       2, 3, 2, 3, 3, 2, 2, 3, 2, 1, 1, 1, 0, 0, 0, 3, 2, 2, 2, 1, 3, 0,
       2, 3, 1, 0, 1, 3, 0, 0, 0, 0, 3, 0, 2, 0, 2, 3, 2, 2, 0, 3, 2, 2,
       1, 1, 0, 2, 1, 2, 0, 1, 2, 2], dtype=object)]
[234, array([-38., -19., -19.,   0.]), array([2, 1, 0, 1, 2, 3, 1, 2, 0, 0, 0, 2, 1, 0, 0, 2, 2, 0, 0, 2, 2, 3,
       0, 0, 2, 3, 2, 2, 2, 2, 2, 0, 0, 0, 0, 1, 2, 2, 1, 3, 0, 2, 0, 2,
       3, 3, 1, 1, 3, 2, 3, 2, 2, 0, 0, 3, 1, 2, 2, 0, 2, 0, 0, 0, 0, 1,
       2, 3, 2, 3, 3, 2, 2, 3, 2, 1, 1, 1, 0, 0, 0, 3, 2, 2, 2, 1, 3, 0,
       2, 3, 1, 0, 1, 3, 0, 0, 0, 0, 3, 0, 2, 0, 2, 3, 2, 2, 0, 3, 2, 2,
       1, 1, 0, 2, 1, 2, 0, 1, 2, 2], dtype=object)]
[234, array([-38., -19., -19.,   0.]), array([2, 1, 0, 1, 2, 3, 1, 2, 0, 0, 0, 2, 1, 0, 0, 2, 2, 0, 0, 2, 2, 3,
       0, 0, 2, 3, 2, 2, 2, 2, 2, 0, 0, 0, 0, 1, 2, 2, 1, 3, 0, 2, 0, 2,
       3, 3, 1, 1, 3, 2, 3, 2, 2, 0, 0, 3, 1, 2, 2, 0, 2, 0, 0, 0, 0, 1,
       2, 3, 2, 3, 3, 2, 2, 3, 2, 1, 1, 1, 0, 0, 0, 3, 2, 2, 2, 1, 3, 0,
       2, 3, 1, 0, 1, 3, 0, 0, 0, 0, 3, 0, 2, 0, 2, 3, 2, 2, 0, 3, 2, 2,
       1, 1, 0, 2, 1, 2, 0, 1, 2, 2], dtype=object)]
[234, array([-38., -19., -19.,   0.]), array([2, 1, 0, 1, 2, 3, 1, 2, 0, 0, 0, 2, 1, 0, 0, 2, 2, 0, 0, 2, 2, 3,
       0, 0, 2, 3, 2, 2, 2, 2, 2, 0, 0, 0, 0, 1, 2, 2, 1, 3, 0, 2, 0, 2,
       3, 3, 1, 1, 3, 2, 3, 2, 2, 0, 0, 3, 1, 2, 2, 0, 2, 0, 0, 0, 0, 1,
       2, 3, 2, 3, 3, 2, 2, 3, 2, 1, 1, 1, 0, 0, 0, 3, 2, 2, 2, 1, 3, 0,
       2, 3, 1, 0, 1, 3, 0, 0, 0, 0, 3, 0, 2, 0, 2, 3, 2, 2, 0, 3, 2, 2,
       1, 1, 0, 2, 1, 2, 0, 1, 2, 2], dtype=object)]
[235, array([-18.,  -9.,  -9.,   0.]), array([2, 1, 0, 0, 2, 3, 1, 2, 0, 0, 0, 2, 1, 0, 0, 2, 2, 0, 0, 2, 2, 3,
       0, 0, 2, 3, 2, 2, 2, 2, 2, 0, 0, 0, 2, 1, 2, 3, 1, 3, 0, 3, 0, 2,
       3, 1, 1, 1, 3, 2, 3, 2, 3, 0, 0, 3, 1, 2, 2, 0, 2, 0, 0, 0, 0, 1,
       2, 3, 2, 3, 3, 2, 2, 3, 2, 1, 1, 1, 0, 0, 0, 3, 2, 3, 2, 1, 3, 0,
       2, 3, 0, 0, 1, 3, 0, 0, 0, 0, 3, 0, 2, 0, 2, 3, 2, 2, 0, 3, 2, 1,
       0, 1, 1, 2, 3, 2, 0, 3, 2, 2], dtype=object)]
[235, array([-18.,  -9.,  -9.,   0.]), array([2, 1, 0, 0, 2, 3, 1, 2, 0, 0, 0, 2, 1, 0, 0, 2, 2, 0, 0, 2, 2, 3,
       0, 0, 2, 3, 2, 2, 2, 2, 2, 0, 0, 0, 2, 1, 2, 3, 1, 3, 0, 3, 0, 2,
       3, 1, 1, 1, 3, 2, 3, 2, 3, 0, 0, 3, 1, 2, 2, 0, 2, 0, 0, 0, 0, 1,
       2, 3, 2, 3, 3, 2, 2, 3, 2, 1, 1, 1, 0, 0, 0, 3, 2, 3, 2, 1, 3, 0,
       2, 3, 0, 0, 1, 3, 0, 0, 0, 0, 3, 0, 2, 0, 2, 3, 2, 2, 0, 3, 2, 1,
       0, 1, 1, 2, 3, 2, 0, 3, 2, 2], dtype=object)]
[235, array([-18.,  -9.,  -9.,   0.]), array([2, 1, 0, 0, 2, 3, 1, 2, 0, 0, 0, 2, 1, 0, 0, 2, 2, 0, 0, 2, 2, 3,
       0, 0, 2, 3, 2, 2, 2, 2, 2, 0, 0, 0, 2, 1, 2, 3, 1, 3, 0, 3, 0, 2,
       3, 1, 1, 1, 3, 2, 3, 2, 3, 0, 0, 3, 1, 2, 2, 0, 2, 0, 0, 0, 0, 1,
       2, 3, 2, 3, 3, 2, 2, 3, 2, 1, 1, 1, 0, 0, 0, 3, 2, 3, 2, 1, 3, 0,
       2, 3, 0, 0, 1, 3, 0, 0, 0, 0, 3, 0, 2, 0, 2, 3, 2, 2, 0, 3, 2, 1,
       0, 1, 1, 2, 3, 2, 0, 3, 2, 2], dtype=object)]
[235, array([-18.,  -9.,  -9.,   0.]), array([2, 1, 0, 0, 2, 3, 1, 2, 0, 0, 0, 2, 1, 0, 0, 2, 2, 0, 0, 2, 2, 3,
       0, 0, 2, 3, 2, 2, 2, 2, 2, 0, 0, 0, 2, 1, 2, 3, 1, 3, 0, 3, 0, 2,
       3, 1, 1, 1, 3, 2, 3, 2, 3, 0, 0, 3, 1, 2, 2, 0, 2, 0, 0, 0, 0, 1,
       2, 3, 2, 3, 3, 2, 2, 3, 2, 1, 1, 1, 0, 0, 0, 3, 2, 3, 2, 1, 3, 0,
       2, 3, 0, 0, 1, 3, 0, 0, 0, 0, 3, 0, 2, 0, 2, 3, 2, 2, 0, 3, 2, 1,
       0, 1, 1, 2, 3, 2, 0, 3, 2, 2], dtype=object)]
[236, array([-18.,  -9.,  -9.,   0.]), array([2, 1, 0, 1, 1, 3, 1, 2, 0, 0, 0, 2, 1, 0, 0, 2, 2, 3, 0, 2, 2, 3,
       0, 0, 2, 3, 2, 2, 2, 2, 2, 0, 0, 0, 2, 1, 0, 2, 1, 3, 0, 2, 0, 2,
       3, 3, 1, 1, 3, 2, 3, 2, 1, 0, 0, 3, 1, 2, 2, 0, 2, 0, 0, 0, 0, 1,
       2, 3, 2, 3, 3, 2, 2, 3, 2, 1, 1, 1, 0, 3, 0, 3, 2, 3, 2, 1, 3, 0,
       2, 3, 1, 0, 1, 3, 0, 0, 0, 0, 3, 0, 2, 0, 2, 3, 2, 2, 0, 3, 2, 2,
       1, 1, 0, 2, 1, 2, 0, 1, 2, 2], dtype=object)]
[236, array([-18.,  -9.,  -9.,   0.]), array([2, 1, 0, 1, 1, 3, 1, 2, 0, 0, 0, 2, 1, 0, 0, 2, 2, 3, 0, 2, 2, 3,
       0, 0, 2, 3, 2, 2, 2, 2, 2, 0, 0, 0, 2, 1, 0, 2, 1, 3, 0, 2, 0, 2,
       3, 3, 1, 1, 3, 2, 3, 2, 1, 0, 0, 3, 1, 2, 2, 0, 2, 0, 0, 0, 0, 1,
       2, 3, 2, 3, 3, 2, 2, 3, 2, 1, 1, 1, 0, 3, 0, 3, 2, 3, 2, 1, 3, 0,
       2, 3, 1, 0, 1, 3, 0, 0, 0, 0, 3, 0, 2, 0, 2, 3, 2, 2, 0, 3, 2, 2,
       1, 1, 0, 2, 1, 2, 0, 1, 2, 2], dtype=object)]
[236, array([-18.,  -9.,  -9.,   0.]), array([2, 1, 0, 1, 1, 3, 1, 2, 0, 0, 0, 2, 1, 0, 0, 2, 2, 3, 0, 2, 2, 3,
       0, 0, 2, 3, 2, 2, 2, 2, 2, 0, 0, 0, 2, 1, 0, 2, 1, 3, 0, 2, 0, 2,
       3, 3, 1, 1, 3, 2, 3, 2, 1, 0, 0, 3, 1, 2, 2, 0, 2, 0, 0, 0, 0, 1,
       2, 3, 2, 3, 3, 2, 2, 3, 2, 1, 1, 1, 0, 3, 0, 3, 2, 3, 2, 1, 3, 0,
       2, 3, 1, 0, 1, 3, 0, 0, 0, 0, 3, 0, 2, 0, 2, 3, 2, 2, 0, 3, 2, 2,
       1, 1, 0, 2, 1, 2, 0, 1, 2, 2], dtype=object)]
[236, array([-18.,  -9.,  -9.,   0.]), array([2, 1, 0, 1, 1, 3, 1, 2, 0, 0, 0, 2, 1, 0, 0, 2, 2, 3, 0, 2, 2, 3,
       0, 0, 2, 3, 2, 2, 2, 2, 2, 0, 0, 0, 2, 1, 0, 2, 1, 3, 0, 2, 0, 2,
       3, 3, 1, 1, 3, 2, 3, 2, 1, 0, 0, 3, 1, 2, 2, 0, 2, 0, 0, 0, 0, 1,
       2, 3, 2, 3, 3, 2, 2, 3, 2, 1, 1, 1, 0, 3, 0, 3, 2, 3, 2, 1, 3, 0,
       2, 3, 1, 0, 1, 3, 0, 0, 0, 0, 3, 0, 2, 0, 2, 3, 2, 2, 0, 3, 2, 2,
       1, 1, 0, 2, 1, 2, 0, 1, 2, 2], dtype=object)]
[237, array([-18.,  -9.,  -9.,   0.]), array([2, 1, 0, 0, 2, 3, 1, 2, 0, 0, 0, 2, 1, 0, 0, 1, 2, 0, 0, 2, 2, 1,
       0, 1, 3, 3, 0, 0, 2, 3, 0, 0, 1, 0, 2, 2, 3, 1, 1, 1, 3, 2, 0, 2,
       3, 2, 1, 1, 3, 2, 2, 2, 1, 0, 2, 3, 1, 2, 1, 0, 0, 0, 0, 0, 0, 0,
       2, 3, 2, 3, 3, 2, 2, 3, 2, 1, 1, 1, 0, 0, 0, 2, 2, 3, 2, 3, 2, 2,
       2, 1, 3, 0, 1, 3, 0, 0, 3, 2, 3, 1, 2, 0, 2, 3, 0, 2, 0, 0, 2, 1,
       0, 3, 1, 2, 3, 2, 0, 3, 2, 2], dtype=object)]
[237, array([-18.,  -9.,  -9.,   0.]), array([2, 1, 0, 0, 2, 3, 1, 2, 0, 0, 0, 2, 1, 0, 0, 1, 2, 0, 0, 2, 2, 1,
       0, 1, 3, 3, 0, 0, 2, 3, 0, 0, 1, 0, 2, 2, 3, 1, 1, 1, 3, 2, 0, 2,
       3, 2, 1, 1, 3, 2, 2, 2, 1, 0, 2, 3, 1, 2, 1, 0, 0, 0, 0, 0, 0, 0,
       2, 3, 2, 3, 3, 2, 2, 3, 2, 1, 1, 1, 0, 0, 0, 2, 2, 3, 2, 3, 2, 2,
       2, 1, 3, 0, 1, 3, 0, 0, 3, 2, 3, 1, 2, 0, 2, 3, 0, 2, 0, 0, 2, 1,
       0, 3, 1, 2, 3, 2, 0, 3, 2, 2], dtype=object)]
[237, array([-18.,  -9.,  -9.,   0.]), array([2, 1, 0, 0, 2, 3, 1, 2, 0, 0, 0, 2, 1, 0, 0, 1, 2, 0, 0, 2, 2, 1,
       0, 1, 3, 3, 0, 0, 2, 3, 0, 0, 1, 0, 2, 2, 3, 1, 1, 1, 3, 2, 0, 2,
       3, 2, 1, 1, 3, 2, 2, 2, 1, 0, 2, 3, 1, 2, 1, 0, 0, 0, 0, 0, 0, 0,
       2, 3, 2, 3, 3, 2, 2, 3, 2, 1, 1, 1, 0, 0, 0, 2, 2, 3, 2, 3, 2, 2,
       2, 1, 3, 0, 1, 3, 0, 0, 3, 2, 3, 1, 2, 0, 2, 3, 0, 2, 0, 0, 2, 1,
       0, 3, 1, 2, 3, 2, 0, 3, 2, 2], dtype=object)]
[237, array([-18.,  -9.,  -9.,   0.]), array([2, 1, 0, 0, 2, 3, 1, 2, 0, 0, 0, 2, 1, 0, 0, 1, 2, 0, 0, 2, 2, 1,
       0, 1, 3, 3, 0, 0, 2, 3, 0, 0, 1, 0, 2, 2, 3, 1, 1, 1, 3, 2, 0, 2,
       3, 2, 1, 1, 3, 2, 2, 2, 1, 0, 2, 3, 1, 2, 1, 0, 0, 0, 0, 0, 0, 0,
       2, 3, 2, 3, 3, 2, 2, 3, 2, 1, 1, 1, 0, 0, 0, 2, 2, 3, 2, 3, 2, 2,
       2, 1, 3, 0, 1, 3, 0, 0, 3, 2, 3, 1, 2, 0, 2, 3, 0, 2, 0, 0, 2, 1,
       0, 3, 1, 2, 3, 2, 0, 3, 2, 2], dtype=object)]
[238, array([-18.,  -9.,  -9.,   0.]), array([2, 1, 0, 0, 2, 3, 1, 2, 0, 0, 0, 2, 1, 1, 0, 1, 2, 0, 0, 2, 2, 1,
       0, 1, 3, 3, 0, 0, 2, 3, 0, 0, 1, 0, 2, 2, 3, 1, 1, 1, 3, 2, 0, 2,
       3, 2, 1, 1, 3, 2, 2, 2, 1, 0, 2, 3, 1, 2, 1, 0, 0, 0, 0, 0, 0, 0,
       2, 3, 2, 3, 3, 2, 2, 3, 2, 1, 1, 1, 0, 0, 0, 2, 2, 0, 2, 3, 0, 2,
       2, 1, 3, 0, 1, 3, 0, 0, 3, 2, 3, 1, 2, 0, 2, 3, 0, 2, 0, 0, 2, 1,
       0, 3, 1, 2, 3, 2, 0, 3, 2, 2], dtype=object)]
[238, array([-18.,  -9.,  -9.,   0.]), array([2, 1, 0, 0, 2, 3, 1, 2, 0, 0, 0, 2, 1, 1, 0, 1, 2, 0, 0, 2, 2, 1,
       0, 1, 3, 3, 0, 0, 2, 3, 0, 0, 1, 0, 2, 2, 3, 1, 1, 1, 3, 2, 0, 2,
       3, 2, 1, 1, 3, 2, 2, 2, 1, 0, 2, 3, 1, 2, 1, 0, 0, 0, 0, 0, 0, 0,
       2, 3, 2, 3, 3, 2, 2, 3, 2, 1, 1, 1, 0, 0, 0, 2, 2, 0, 2, 3, 0, 2,
       2, 1, 3, 0, 1, 3, 0, 0, 3, 2, 3, 1, 2, 0, 2, 3, 0, 2, 0, 0, 2, 1,
       0, 3, 1, 2, 3, 2, 0, 3, 2, 2], dtype=object)]
[238, array([-18.,  -9.,  -9.,   0.]), array([2, 1, 0, 0, 2, 3, 1, 2, 0, 0, 0, 2, 1, 1, 0, 1, 2, 0, 0, 2, 2, 1,
       0, 1, 3, 3, 0, 0, 2, 3, 0, 0, 1, 0, 2, 2, 3, 1, 1, 1, 3, 2, 0, 2,
       3, 2, 1, 1, 3, 2, 2, 2, 1, 0, 2, 3, 1, 2, 1, 0, 0, 0, 0, 0, 0, 0,
       2, 3, 2, 3, 3, 2, 2, 3, 2, 1, 1, 1, 0, 0, 0, 2, 2, 0, 2, 3, 0, 2,
       2, 1, 3, 0, 1, 3, 0, 0, 3, 2, 3, 1, 2, 0, 2, 3, 0, 2, 0, 0, 2, 1,
       0, 3, 1, 2, 3, 2, 0, 3, 2, 2], dtype=object)]
[238, array([-18.,  -9.,  -9.,   0.]), array([2, 1, 0, 0, 2, 3, 1, 2, 0, 0, 0, 2, 1, 1, 0, 1, 2, 0, 0, 2, 2, 1,
       0, 1, 3, 3, 0, 0, 2, 3, 0, 0, 1, 0, 2, 2, 3, 1, 1, 1, 3, 2, 0, 2,
       3, 2, 1, 1, 3, 2, 2, 2, 1, 0, 2, 3, 1, 2, 1, 0, 0, 0, 0, 0, 0, 0,
       2, 3, 2, 3, 3, 2, 2, 3, 2, 1, 1, 1, 0, 0, 0, 2, 2, 0, 2, 3, 0, 2,
       2, 1, 3, 0, 1, 3, 0, 0, 3, 2, 3, 1, 2, 0, 2, 3, 0, 2, 0, 0, 2, 1,
       0, 3, 1, 2, 3, 2, 0, 3, 2, 2], dtype=object)]
[239, array([-38., -19., -19.,   0.]), array([2, 1, 0, 0, 2, 3, 1, 2, 0, 0, 0, 2, 1, 0, 0, 2, 2, 0, 0, 2, 2, 3,
       0, 0, 2, 3, 2, 2, 2, 2, 2, 0, 0, 0, 0, 1, 2, 2, 1, 3, 0, 2, 0, 2,
       3, 3, 1, 1, 3, 2, 3, 2, 2, 0, 0, 3, 1, 2, 2, 0, 2, 0, 0, 0, 0, 1,
       2, 3, 2, 3, 3, 2, 2, 3, 2, 1, 1, 1, 0, 0, 0, 3, 2, 2, 2, 1, 3, 0,
       2, 3, 1, 0, 1, 3, 0, 0, 0, 0, 3, 0, 2, 0, 2, 3, 2, 2, 0, 3, 2, 2,
       1, 1, 0, 2, 1, 2, 0, 1, 2, 2], dtype=object)]
[239, array([-38., -19., -19.,   0.]), array([2, 1, 0, 0, 2, 3, 1, 2, 0, 0, 0, 2, 1, 0, 0, 2, 2, 0, 0, 2, 2, 3,
       0, 0, 2, 3, 2, 2, 2, 2, 2, 0, 0, 0, 0, 1, 2, 2, 1, 3, 0, 2, 0, 2,
       3, 3, 1, 1, 3, 2, 3, 2, 2, 0, 0, 3, 1, 2, 2, 0, 2, 0, 0, 0, 0, 1,
       2, 3, 2, 3, 3, 2, 2, 3, 2, 1, 1, 1, 0, 0, 0, 3, 2, 2, 2, 1, 3, 0,
       2, 3, 1, 0, 1, 3, 0, 0, 0, 0, 3, 0, 2, 0, 2, 3, 2, 2, 0, 3, 2, 2,
       1, 1, 0, 2, 1, 2, 0, 1, 2, 2], dtype=object)]
[239, array([-38., -19., -19.,   0.]), array([2, 1, 0, 0, 2, 3, 1, 2, 0, 0, 0, 2, 1, 0, 0, 2, 2, 0, 0, 2, 2, 3,
       0, 0, 2, 3, 2, 2, 2, 2, 2, 0, 0, 0, 0, 1, 2, 2, 1, 3, 0, 2, 0, 2,
       3, 3, 1, 1, 3, 2, 3, 2, 2, 0, 0, 3, 1, 2, 2, 0, 2, 0, 0, 0, 0, 1,
       2, 3, 2, 3, 3, 2, 2, 3, 2, 1, 1, 1, 0, 0, 0, 3, 2, 2, 2, 1, 3, 0,
       2, 3, 1, 0, 1, 3, 0, 0, 0, 0, 3, 0, 2, 0, 2, 3, 2, 2, 0, 3, 2, 2,
       1, 1, 0, 2, 1, 2, 0, 1, 2, 2], dtype=object)]
[239, array([-38., -19., -19.,   0.]), array([2, 1, 0, 0, 2, 3, 1, 2, 0, 0, 0, 2, 1, 0, 0, 2, 2, 0, 0, 2, 2, 3,
       0, 0, 2, 3, 2, 2, 2, 2, 2, 0, 0, 0, 0, 1, 2, 2, 1, 3, 0, 2, 0, 2,
       3, 3, 1, 1, 3, 2, 3, 2, 2, 0, 0, 3, 1, 2, 2, 0, 2, 0, 0, 0, 0, 1,
       2, 3, 2, 3, 3, 2, 2, 3, 2, 1, 1, 1, 0, 0, 0, 3, 2, 2, 2, 1, 3, 0,
       2, 3, 1, 0, 1, 3, 0, 0, 0, 0, 3, 0, 2, 0, 2, 3, 2, 2, 0, 3, 2, 2,
       1, 1, 0, 2, 1, 2, 0, 1, 2, 2], dtype=object)]
[240, array([-38., -19., -19.,   0.]), array([2, 1, 0, 0, 2, 3, 1, 2, 0, 0, 0, 2, 1, 0, 0, 2, 2, 0, 0, 2, 2, 3,
       0, 0, 2, 3, 2, 2, 2, 2, 2, 0, 0, 0, 0, 1, 2, 2, 1, 3, 0, 2, 0, 2,
       3, 3, 1, 1, 3, 2, 3, 2, 2, 0, 0, 3, 1, 2, 2, 0, 2, 0, 0, 0, 0, 1,
       2, 3, 2, 3, 3, 2, 2, 3, 2, 1, 1, 1, 0, 0, 0, 3, 2, 2, 2, 1, 3, 0,
       2, 3, 1, 0, 1, 3, 0, 0, 0, 0, 3, 0, 2, 0, 2, 3, 2, 2, 0, 3, 2, 2,
       1, 1, 0, 2, 1, 2, 0, 1, 2, 2], dtype=object)]
[240, array([-38., -19., -19.,   0.]), array([2, 1, 0, 0, 2, 3, 1, 2, 0, 0, 0, 2, 1, 0, 0, 2, 2, 0, 0, 2, 2, 3,
       0, 0, 2, 3, 2, 2, 2, 2, 2, 0, 0, 0, 0, 1, 2, 2, 1, 3, 0, 2, 0, 2,
       3, 3, 1, 1, 3, 2, 3, 2, 2, 0, 0, 3, 1, 2, 2, 0, 2, 0, 0, 0, 0, 1,
       2, 3, 2, 3, 3, 2, 2, 3, 2, 1, 1, 1, 0, 0, 0, 3, 2, 2, 2, 1, 3, 0,
       2, 3, 1, 0, 1, 3, 0, 0, 0, 0, 3, 0, 2, 0, 2, 3, 2, 2, 0, 3, 2, 2,
       1, 1, 0, 2, 1, 2, 0, 1, 2, 2], dtype=object)]
[240, array([-38., -19., -19.,   0.]), array([2, 1, 0, 0, 2, 3, 1, 2, 0, 0, 0, 2, 1, 0, 0, 2, 2, 0, 0, 2, 2, 3,
       0, 0, 2, 3, 2, 2, 2, 2, 2, 0, 0, 0, 0, 1, 2, 2, 1, 3, 0, 2, 0, 2,
       3, 3, 1, 1, 3, 2, 3, 2, 2, 0, 0, 3, 1, 2, 2, 0, 2, 0, 0, 0, 0, 1,
       2, 3, 2, 3, 3, 2, 2, 3, 2, 1, 1, 1, 0, 0, 0, 3, 2, 2, 2, 1, 3, 0,
       2, 3, 1, 0, 1, 3, 0, 0, 0, 0, 3, 0, 2, 0, 2, 3, 2, 2, 0, 3, 2, 2,
       1, 1, 0, 2, 1, 2, 0, 1, 2, 2], dtype=object)]
[240, array([-38., -19., -19.,   0.]), array([2, 1, 0, 0, 2, 3, 1, 2, 0, 0, 0, 2, 1, 0, 0, 2, 2, 0, 0, 2, 2, 3,
       0, 0, 2, 3, 2, 2, 2, 2, 2, 0, 0, 0, 0, 1, 2, 2, 1, 3, 0, 2, 0, 2,
       3, 3, 1, 1, 3, 2, 3, 2, 2, 0, 0, 3, 1, 2, 2, 0, 2, 0, 0, 0, 0, 1,
       2, 3, 2, 3, 3, 2, 2, 3, 2, 1, 1, 1, 0, 0, 0, 3, 2, 2, 2, 1, 3, 0,
       2, 3, 1, 0, 1, 3, 0, 0, 0, 0, 3, 0, 2, 0, 2, 3, 2, 2, 0, 3, 2, 2,
       1, 1, 0, 2, 1, 2, 0, 1, 2, 2], dtype=object)]
[241, array([-38., -19., -19.,   0.]), array([2, 1, 0, 0, 2, 3, 1, 2, 0, 0, 0, 2, 1, 0, 0, 2, 2, 0, 0, 2, 2, 3,
       0, 0, 2, 3, 2, 2, 2, 2, 2, 0, 0, 0, 0, 1, 2, 2, 1, 3, 0, 2, 0, 2,
       3, 3, 1, 1, 3, 2, 3, 2, 2, 0, 0, 3, 1, 2, 2, 0, 2, 0, 0, 0, 0, 1,
       2, 3, 2, 3, 3, 2, 2, 3, 2, 1, 1, 1, 0, 0, 0, 3, 2, 2, 2, 1, 3, 0,
       2, 3, 1, 0, 1, 3, 0, 0, 0, 0, 3, 0, 2, 0, 2, 3, 2, 2, 0, 3, 2, 2,
       1, 1, 0, 2, 1, 2, 0, 1, 2, 2], dtype=object)]
[241, array([-38., -19., -19.,   0.]), array([2, 1, 0, 0, 2, 3, 1, 2, 0, 0, 0, 2, 1, 0, 0, 2, 2, 0, 0, 2, 2, 3,
       0, 0, 2, 3, 2, 2, 2, 2, 2, 0, 0, 0, 0, 1, 2, 2, 1, 3, 0, 2, 0, 2,
       3, 3, 1, 1, 3, 2, 3, 2, 2, 0, 0, 3, 1, 2, 2, 0, 2, 0, 0, 0, 0, 1,
       2, 3, 2, 3, 3, 2, 2, 3, 2, 1, 1, 1, 0, 0, 0, 3, 2, 2, 2, 1, 3, 0,
       2, 3, 1, 0, 1, 3, 0, 0, 0, 0, 3, 0, 2, 0, 2, 3, 2, 2, 0, 3, 2, 2,
       1, 1, 0, 2, 1, 2, 0, 1, 2, 2], dtype=object)]
[241, array([-38., -19., -19.,   0.]), array([2, 1, 0, 0, 2, 3, 1, 2, 0, 0, 0, 2, 1, 0, 0, 2, 2, 0, 0, 2, 2, 3,
       0, 0, 2, 3, 2, 2, 2, 2, 2, 0, 0, 0, 0, 1, 2, 2, 1, 3, 0, 2, 0, 2,
       3, 3, 1, 1, 3, 2, 3, 2, 2, 0, 0, 3, 1, 2, 2, 0, 2, 0, 0, 0, 0, 1,
       2, 3, 2, 3, 3, 2, 2, 3, 2, 1, 1, 1, 0, 0, 0, 3, 2, 2, 2, 1, 3, 0,
       2, 3, 1, 0, 1, 3, 0, 0, 0, 0, 3, 0, 2, 0, 2, 3, 2, 2, 0, 3, 2, 2,
       1, 1, 0, 2, 1, 2, 0, 1, 2, 2], dtype=object)]
[241, array([-38., -19., -19.,   0.]), array([2, 1, 0, 0, 2, 3, 1, 2, 0, 0, 0, 2, 1, 0, 0, 2, 2, 0, 0, 2, 2, 3,
       0, 0, 2, 3, 2, 2, 2, 2, 2, 0, 0, 0, 0, 1, 2, 2, 1, 3, 0, 2, 0, 2,
       3, 3, 1, 1, 3, 2, 3, 2, 2, 0, 0, 3, 1, 2, 2, 0, 2, 0, 0, 0, 0, 1,
       2, 3, 2, 3, 3, 2, 2, 3, 2, 1, 1, 1, 0, 0, 0, 3, 2, 2, 2, 1, 3, 0,
       2, 3, 1, 0, 1, 3, 0, 0, 0, 0, 3, 0, 2, 0, 2, 3, 2, 2, 0, 3, 2, 2,
       1, 1, 0, 2, 1, 2, 0, 1, 2, 2], dtype=object)]
[242, array([-38., -19., -19.,   0.]), array([2, 1, 0, 0, 2, 3, 1, 2, 0, 0, 0, 2, 1, 0, 0, 2, 2, 0, 0, 2, 2, 3,
       0, 0, 2, 3, 2, 2, 2, 2, 2, 0, 0, 0, 0, 1, 2, 2, 1, 3, 0, 2, 0, 2,
       3, 3, 1, 1, 3, 2, 3, 2, 2, 0, 0, 3, 1, 2, 2, 0, 2, 0, 0, 0, 1, 1,
       2, 3, 2, 3, 3, 2, 2, 3, 2, 1, 1, 1, 0, 0, 0, 3, 2, 2, 2, 1, 3, 0,
       2, 3, 1, 0, 1, 3, 0, 0, 0, 0, 3, 0, 2, 0, 2, 3, 2, 2, 0, 3, 2, 2,
       1, 1, 0, 2, 1, 2, 0, 1, 2, 2], dtype=object)]
[242, array([-38., -19., -19.,   0.]), array([2, 1, 0, 0, 2, 3, 1, 2, 0, 0, 0, 2, 1, 0, 0, 2, 2, 0, 0, 2, 2, 3,
       0, 0, 2, 3, 2, 2, 2, 2, 2, 0, 0, 0, 0, 1, 2, 2, 1, 3, 0, 2, 0, 2,
       3, 3, 1, 1, 3, 2, 3, 2, 2, 0, 0, 3, 1, 2, 2, 0, 2, 0, 0, 0, 1, 1,
       2, 3, 2, 3, 3, 2, 2, 3, 2, 1, 1, 1, 0, 0, 0, 3, 2, 2, 2, 1, 3, 0,
       2, 3, 1, 0, 1, 3, 0, 0, 0, 0, 3, 0, 2, 0, 2, 3, 2, 2, 0, 3, 2, 2,
       1, 1, 0, 2, 1, 2, 0, 1, 2, 2], dtype=object)]
[242, array([-38., -19., -19.,   0.]), array([2, 1, 0, 0, 2, 3, 1, 2, 0, 0, 0, 2, 1, 0, 0, 2, 2, 0, 0, 2, 2, 3,
       0, 0, 2, 3, 2, 2, 2, 2, 2, 0, 0, 0, 0, 1, 2, 2, 1, 3, 0, 2, 0, 2,
       3, 3, 1, 1, 3, 2, 3, 2, 2, 0, 0, 3, 1, 2, 2, 0, 2, 0, 0, 0, 1, 1,
       2, 3, 2, 3, 3, 2, 2, 3, 2, 1, 1, 1, 0, 0, 0, 3, 2, 2, 2, 1, 3, 0,
       2, 3, 1, 0, 1, 3, 0, 0, 0, 0, 3, 0, 2, 0, 2, 3, 2, 2, 0, 3, 2, 2,
       1, 1, 0, 2, 1, 2, 0, 1, 2, 2], dtype=object)]
[242, array([-38., -19., -19.,   0.]), array([2, 1, 0, 0, 2, 3, 1, 2, 0, 0, 0, 2, 1, 0, 0, 2, 2, 0, 0, 2, 2, 3,
       0, 0, 2, 3, 2, 2, 2, 2, 2, 0, 0, 0, 0, 1, 2, 2, 1, 3, 0, 2, 0, 2,
       3, 3, 1, 1, 3, 2, 3, 2, 2, 0, 0, 3, 1, 2, 2, 0, 2, 0, 0, 0, 1, 1,
       2, 3, 2, 3, 3, 2, 2, 3, 2, 1, 1, 1, 0, 0, 0, 3, 2, 2, 2, 1, 3, 0,
       2, 3, 1, 0, 1, 3, 0, 0, 0, 0, 3, 0, 2, 0, 2, 3, 2, 2, 0, 3, 2, 2,
       1, 1, 0, 2, 1, 2, 0, 1, 2, 2], dtype=object)]
[243, array([-38., -19., -19.,   0.]), array([2, 1, 0, 0, 2, 3, 1, 2, 0, 0, 0, 2, 1, 0, 0, 2, 2, 0, 0, 2, 2, 3,
       0, 0, 2, 3, 2, 2, 2, 2, 2, 0, 0, 0, 0, 1, 1, 2, 1, 3, 0, 2, 0, 2,
       3, 3, 1, 1, 3, 2, 3, 2, 2, 0, 0, 3, 1, 2, 2, 0, 2, 0, 0, 0, 3, 1,
       2, 3, 2, 3, 3, 2, 2, 3, 2, 1, 1, 1, 0, 0, 0, 3, 2, 2, 2, 1, 3, 0,
       2, 3, 1, 0, 1, 3, 0, 0, 0, 0, 3, 0, 2, 0, 2, 3, 2, 2, 0, 3, 2, 2,
       1, 1, 0, 2, 1, 2, 0, 1, 2, 2], dtype=object)]
[243, array([-38., -19., -19.,   0.]), array([2, 1, 0, 0, 2, 3, 1, 2, 0, 0, 0, 2, 1, 0, 0, 2, 2, 0, 0, 2, 2, 3,
       0, 0, 2, 3, 2, 2, 2, 2, 2, 0, 0, 0, 0, 1, 1, 2, 1, 3, 0, 2, 0, 2,
       3, 3, 1, 1, 3, 2, 3, 2, 2, 0, 0, 3, 1, 2, 2, 0, 2, 0, 0, 0, 3, 1,
       2, 3, 2, 3, 3, 2, 2, 3, 2, 1, 1, 1, 0, 0, 0, 3, 2, 2, 2, 1, 3, 0,
       2, 3, 1, 0, 1, 3, 0, 0, 0, 0, 3, 0, 2, 0, 2, 3, 2, 2, 0, 3, 2, 2,
       1, 1, 0, 2, 1, 2, 0, 1, 2, 2], dtype=object)]
[243, array([-38., -19., -19.,   0.]), array([2, 1, 0, 0, 2, 3, 1, 2, 0, 0, 0, 2, 1, 0, 0, 2, 2, 0, 0, 2, 2, 3,
       0, 0, 2, 3, 2, 2, 2, 2, 2, 0, 0, 0, 0, 1, 1, 2, 1, 3, 0, 2, 0, 2,
       3, 3, 1, 1, 3, 2, 3, 2, 2, 0, 0, 3, 1, 2, 2, 0, 2, 0, 0, 0, 3, 1,
       2, 3, 2, 3, 3, 2, 2, 3, 2, 1, 1, 1, 0, 0, 0, 3, 2, 2, 2, 1, 3, 0,
       2, 3, 1, 0, 1, 3, 0, 0, 0, 0, 3, 0, 2, 0, 2, 3, 2, 2, 0, 3, 2, 2,
       1, 1, 0, 2, 1, 2, 0, 1, 2, 2], dtype=object)]
[243, array([-38., -19., -19.,   0.]), array([2, 1, 0, 0, 2, 3, 1, 2, 0, 0, 0, 2, 1, 0, 0, 2, 2, 0, 0, 2, 2, 3,
       0, 0, 2, 3, 2, 2, 2, 2, 2, 0, 0, 0, 0, 1, 1, 2, 1, 3, 0, 2, 0, 2,
       3, 3, 1, 1, 3, 2, 3, 2, 2, 0, 0, 3, 1, 2, 2, 0, 2, 0, 0, 0, 3, 1,
       2, 3, 2, 3, 3, 2, 2, 3, 2, 1, 1, 1, 0, 0, 0, 3, 2, 2, 2, 1, 3, 0,
       2, 3, 1, 0, 1, 3, 0, 0, 0, 0, 3, 0, 2, 0, 2, 3, 2, 2, 0, 3, 2, 2,
       1, 1, 0, 2, 1, 2, 0, 1, 2, 2], dtype=object)]
[244, array([-40., -20., -20.,   0.]), array([2, 1, 0, 0, 2, 3, 1, 2, 0, 0, 0, 2, 1, 0, 0, 2, 2, 0, 0, 2, 2, 3,
       0, 0, 2, 3, 2, 2, 2, 2, 2, 0, 0, 0, 0, 1, 1, 2, 1, 3, 0, 2, 0, 2,
       3, 3, 1, 1, 3, 2, 3, 2, 2, 0, 0, 3, 1, 2, 2, 0, 2, 0, 0, 0, 3, 1,
       2, 3, 2, 3, 2, 2, 2, 3, 2, 1, 1, 1, 0, 0, 0, 3, 2, 2, 2, 1, 3, 0,
       2, 3, 1, 0, 1, 3, 0, 0, 0, 0, 3, 0, 2, 3, 0, 2, 3, 2, 2, 3, 2, 1,
       0, 1, 1, 2, 3, 1, 0, 3, 1, 2], dtype=object)]
[244, array([-40., -20., -20.,   0.]), array([2, 1, 0, 0, 2, 3, 1, 2, 0, 0, 0, 2, 1, 0, 0, 2, 2, 0, 0, 2, 2, 3,
       0, 0, 2, 3, 2, 2, 2, 2, 2, 0, 0, 0, 0, 1, 1, 2, 1, 3, 0, 2, 0, 2,
       3, 3, 1, 1, 3, 2, 3, 2, 2, 0, 0, 3, 1, 2, 2, 0, 2, 0, 0, 0, 3, 1,
       2, 3, 2, 3, 2, 2, 2, 3, 2, 1, 1, 1, 0, 0, 0, 3, 2, 2, 2, 1, 3, 0,
       2, 3, 1, 0, 1, 3, 0, 0, 0, 0, 3, 0, 2, 3, 0, 2, 3, 2, 2, 3, 2, 1,
       0, 1, 1, 2, 3, 1, 0, 3, 1, 2], dtype=object)]
[244, array([-40., -20., -20.,   0.]), array([2, 1, 0, 0, 2, 3, 1, 2, 0, 0, 0, 2, 1, 0, 0, 2, 2, 0, 0, 2, 2, 3,
       0, 0, 2, 3, 2, 2, 2, 2, 2, 0, 0, 0, 0, 1, 1, 2, 1, 3, 0, 2, 0, 2,
       3, 3, 1, 1, 3, 2, 3, 2, 2, 0, 0, 3, 1, 2, 2, 0, 2, 0, 0, 0, 3, 1,
       2, 3, 2, 3, 2, 2, 2, 3, 2, 1, 1, 1, 0, 0, 0, 3, 2, 2, 2, 1, 3, 0,
       2, 3, 1, 0, 1, 3, 0, 0, 0, 0, 3, 0, 2, 3, 0, 2, 3, 2, 2, 3, 2, 1,
       0, 1, 1, 2, 3, 1, 0, 3, 1, 2], dtype=object)]
[244, array([-40., -20., -20.,   0.]), array([2, 1, 0, 0, 2, 3, 1, 2, 0, 0, 0, 2, 1, 0, 0, 2, 2, 0, 0, 2, 2, 3,
       0, 0, 2, 3, 2, 2, 2, 2, 2, 0, 0, 0, 0, 1, 1, 2, 1, 3, 0, 2, 0, 2,
       3, 3, 1, 1, 3, 2, 3, 2, 2, 0, 0, 3, 1, 2, 2, 0, 2, 0, 0, 0, 3, 1,
       2, 3, 2, 3, 2, 2, 2, 3, 2, 1, 1, 1, 0, 0, 0, 3, 2, 2, 2, 1, 3, 0,
       2, 3, 1, 0, 1, 3, 0, 0, 0, 0, 3, 0, 2, 3, 0, 2, 3, 2, 2, 3, 2, 1,
       0, 1, 1, 2, 3, 1, 0, 3, 1, 2], dtype=object)]
[245, array([-40., -20., -20.,   0.]), array([2, 1, 0, 0, 2, 3, 1, 2, 0, 0, 0, 2, 1, 0, 0, 2, 2, 0, 0, 2, 2, 3,
       0, 0, 2, 3, 2, 2, 2, 2, 2, 0, 0, 0, 0, 1, 2, 2, 1, 3, 0, 2, 0, 2,
       3, 3, 1, 1, 3, 2, 3, 2, 2, 0, 0, 3, 1, 2, 2, 0, 2, 0, 0, 0, 3, 1,
       2, 3, 2, 3, 2, 2, 2, 3, 2, 1, 1, 1, 0, 0, 0, 3, 2, 2, 2, 1, 3, 0,
       2, 3, 1, 0, 1, 3, 0, 0, 0, 0, 3, 0, 2, 3, 0, 2, 3, 2, 2, 3, 2, 1,
       0, 1, 1, 2, 3, 1, 0, 3, 1, 2], dtype=object)]
[245, array([-40., -20., -20.,   0.]), array([2, 1, 0, 0, 2, 3, 1, 2, 0, 0, 0, 2, 1, 0, 0, 2, 2, 0, 0, 2, 2, 3,
       0, 0, 2, 3, 2, 2, 2, 2, 2, 0, 0, 0, 0, 1, 2, 2, 1, 3, 0, 2, 0, 2,
       3, 3, 1, 1, 3, 2, 3, 2, 2, 0, 0, 3, 1, 2, 2, 0, 2, 0, 0, 0, 3, 1,
       2, 3, 2, 3, 2, 2, 2, 3, 2, 1, 1, 1, 0, 0, 0, 3, 2, 2, 2, 1, 3, 0,
       2, 3, 1, 0, 1, 3, 0, 0, 0, 0, 3, 0, 2, 3, 0, 2, 3, 2, 2, 3, 2, 1,
       0, 1, 1, 2, 3, 1, 0, 3, 1, 2], dtype=object)]
[245, array([-40., -20., -20.,   0.]), array([2, 1, 0, 0, 2, 3, 1, 2, 0, 0, 0, 2, 1, 0, 0, 2, 2, 0, 0, 2, 2, 3,
       0, 0, 2, 3, 2, 2, 2, 2, 2, 0, 0, 0, 0, 1, 2, 2, 1, 3, 0, 2, 0, 2,
       3, 3, 1, 1, 3, 2, 3, 2, 2, 0, 0, 3, 1, 2, 2, 0, 2, 0, 0, 0, 3, 1,
       2, 3, 2, 3, 2, 2, 2, 3, 2, 1, 1, 1, 0, 0, 0, 3, 2, 2, 2, 1, 3, 0,
       2, 3, 1, 0, 1, 3, 0, 0, 0, 0, 3, 0, 2, 3, 0, 2, 3, 2, 2, 3, 2, 1,
       0, 1, 1, 2, 3, 1, 0, 3, 1, 2], dtype=object)]
[245, array([-40., -20., -20.,   0.]), array([2, 1, 0, 0, 2, 3, 1, 2, 0, 0, 0, 2, 1, 0, 0, 2, 2, 0, 0, 2, 2, 3,
       0, 0, 2, 3, 2, 2, 2, 2, 2, 0, 0, 0, 0, 1, 2, 2, 1, 3, 0, 2, 0, 2,
       3, 3, 1, 1, 3, 2, 3, 2, 2, 0, 0, 3, 1, 2, 2, 0, 2, 0, 0, 0, 3, 1,
       2, 3, 2, 3, 2, 2, 2, 3, 2, 1, 1, 1, 0, 0, 0, 3, 2, 2, 2, 1, 3, 0,
       2, 3, 1, 0, 1, 3, 0, 0, 0, 0, 3, 0, 2, 3, 0, 2, 3, 2, 2, 3, 2, 1,
       0, 1, 1, 2, 3, 1, 0, 3, 1, 2], dtype=object)]
[246, array([-40., -20., -20.,   0.]), array([2, 1, 0, 0, 2, 1, 1, 2, 0, 0, 0, 2, 1, 0, 0, 2, 2, 0, 0, 2, 2, 3,
       0, 0, 2, 3, 2, 2, 2, 2, 2, 0, 0, 0, 0, 1, 2, 2, 1, 3, 0, 2, 0, 2,
       3, 3, 1, 1, 3, 2, 3, 2, 2, 0, 0, 3, 1, 2, 2, 0, 2, 0, 0, 0, 3, 1,
       2, 3, 2, 3, 2, 2, 2, 3, 2, 1, 1, 1, 0, 0, 0, 3, 2, 2, 2, 1, 3, 0,
       2, 3, 1, 0, 1, 3, 0, 0, 0, 0, 3, 0, 2, 3, 0, 2, 3, 2, 2, 3, 2, 1,
       0, 1, 1, 2, 3, 1, 0, 3, 1, 2], dtype=object)]
[246, array([-40., -20., -20.,   0.]), array([2, 1, 0, 0, 2, 1, 1, 2, 0, 0, 0, 2, 1, 0, 0, 2, 2, 0, 0, 2, 2, 3,
       0, 0, 2, 3, 2, 2, 2, 2, 2, 0, 0, 0, 0, 1, 2, 2, 1, 3, 0, 2, 0, 2,
       3, 3, 1, 1, 3, 2, 3, 2, 2, 0, 0, 3, 1, 2, 2, 0, 2, 0, 0, 0, 3, 1,
       2, 3, 2, 3, 2, 2, 2, 3, 2, 1, 1, 1, 0, 0, 0, 3, 2, 2, 2, 1, 3, 0,
       2, 3, 1, 0, 1, 3, 0, 0, 0, 0, 3, 0, 2, 3, 0, 2, 3, 2, 2, 3, 2, 1,
       0, 1, 1, 2, 3, 1, 0, 3, 1, 2], dtype=object)]
[246, array([-40., -20., -20.,   0.]), array([2, 1, 0, 0, 2, 1, 1, 2, 0, 0, 0, 2, 1, 0, 0, 2, 2, 0, 0, 2, 2, 3,
       0, 0, 2, 3, 2, 2, 2, 2, 2, 0, 0, 0, 0, 1, 2, 2, 1, 3, 0, 2, 0, 2,
       3, 3, 1, 1, 3, 2, 3, 2, 2, 0, 0, 3, 1, 2, 2, 0, 2, 0, 0, 0, 3, 1,
       2, 3, 2, 3, 2, 2, 2, 3, 2, 1, 1, 1, 0, 0, 0, 3, 2, 2, 2, 1, 3, 0,
       2, 3, 1, 0, 1, 3, 0, 0, 0, 0, 3, 0, 2, 3, 0, 2, 3, 2, 2, 3, 2, 1,
       0, 1, 1, 2, 3, 1, 0, 3, 1, 2], dtype=object)]
[246, array([-40., -20., -20.,   0.]), array([2, 1, 0, 0, 2, 1, 1, 2, 0, 0, 0, 2, 1, 0, 0, 2, 2, 0, 0, 2, 2, 3,
       0, 0, 2, 3, 2, 2, 2, 2, 2, 0, 0, 0, 0, 1, 2, 2, 1, 3, 0, 2, 0, 2,
       3, 3, 1, 1, 3, 2, 3, 2, 2, 0, 0, 3, 1, 2, 2, 0, 2, 0, 0, 0, 3, 1,
       2, 3, 2, 3, 2, 2, 2, 3, 2, 1, 1, 1, 0, 0, 0, 3, 2, 2, 2, 1, 3, 0,
       2, 3, 1, 0, 1, 3, 0, 0, 0, 0, 3, 0, 2, 3, 0, 2, 3, 2, 2, 3, 2, 1,
       0, 1, 1, 2, 3, 1, 0, 3, 1, 2], dtype=object)]
[247, array([-40., -20., -20.,   0.]), array([2, 1, 0, 0, 2, 1, 1, 2, 0, 0, 0, 2, 1, 0, 0, 2, 2, 0, 0, 2, 2, 3,
       0, 0, 2, 3, 2, 2, 2, 2, 2, 0, 0, 0, 0, 1, 2, 2, 1, 3, 0, 2, 0, 2,
       3, 3, 1, 1, 3, 2, 3, 2, 2, 0, 0, 3, 1, 2, 2, 0, 2, 0, 0, 0, 3, 1,
       2, 3, 2, 3, 2, 2, 2, 3, 2, 1, 1, 1, 0, 0, 0, 3, 2, 2, 2, 1, 3, 0,
       2, 3, 1, 0, 1, 3, 0, 0, 0, 0, 3, 0, 2, 3, 0, 2, 3, 2, 2, 3, 2, 2,
       1, 1, 0, 2, 1, 2, 0, 1, 2, 2], dtype=object)]
[247, array([-40., -20., -20.,   0.]), array([2, 1, 0, 0, 2, 1, 1, 2, 0, 0, 0, 2, 1, 0, 0, 2, 2, 0, 0, 2, 2, 3,
       0, 0, 2, 3, 2, 2, 2, 2, 2, 0, 0, 0, 0, 1, 2, 2, 1, 3, 0, 2, 0, 2,
       3, 3, 1, 1, 3, 2, 3, 2, 2, 0, 0, 3, 1, 2, 2, 0, 2, 0, 0, 0, 3, 1,
       2, 3, 2, 3, 2, 2, 2, 3, 2, 1, 1, 1, 0, 0, 0, 3, 2, 2, 2, 1, 3, 0,
       2, 3, 1, 0, 1, 3, 0, 0, 0, 0, 3, 0, 2, 3, 0, 2, 3, 2, 2, 3, 2, 2,
       1, 1, 0, 2, 1, 2, 0, 1, 2, 2], dtype=object)]
[247, array([-40., -20., -20.,   0.]), array([2, 1, 0, 0, 2, 1, 1, 2, 0, 0, 0, 2, 1, 0, 0, 2, 2, 0, 0, 2, 2, 3,
       0, 0, 2, 3, 2, 2, 2, 2, 2, 0, 0, 0, 0, 1, 2, 2, 1, 3, 0, 2, 0, 2,
       3, 3, 1, 1, 3, 2, 3, 2, 2, 0, 0, 3, 1, 2, 2, 0, 2, 0, 0, 0, 3, 1,
       2, 3, 2, 3, 2, 2, 2, 3, 2, 1, 1, 1, 0, 0, 0, 3, 2, 2, 2, 1, 3, 0,
       2, 3, 1, 0, 1, 3, 0, 0, 0, 0, 3, 0, 2, 3, 0, 2, 3, 2, 2, 3, 2, 2,
       1, 1, 0, 2, 1, 2, 0, 1, 2, 2], dtype=object)]
[247, array([-40., -20., -20.,   0.]), array([2, 1, 0, 0, 2, 1, 1, 2, 0, 0, 0, 2, 1, 0, 0, 2, 2, 0, 0, 2, 2, 3,
       0, 0, 2, 3, 2, 2, 2, 2, 2, 0, 0, 0, 0, 1, 2, 2, 1, 3, 0, 2, 0, 2,
       3, 3, 1, 1, 3, 2, 3, 2, 2, 0, 0, 3, 1, 2, 2, 0, 2, 0, 0, 0, 3, 1,
       2, 3, 2, 3, 2, 2, 2, 3, 2, 1, 1, 1, 0, 0, 0, 3, 2, 2, 2, 1, 3, 0,
       2, 3, 1, 0, 1, 3, 0, 0, 0, 0, 3, 0, 2, 3, 0, 2, 3, 2, 2, 3, 2, 2,
       1, 1, 0, 2, 1, 2, 0, 1, 2, 2], dtype=object)]
[248, array([-40., -20., -20.,   0.]), array([2, 1, 0, 0, 2, 1, 1, 2, 0, 0, 0, 2, 1, 0, 0, 2, 2, 0, 0, 2, 2, 3,
       0, 0, 2, 3, 2, 2, 2, 2, 2, 0, 0, 0, 0, 1, 0, 2, 1, 3, 0, 2, 0, 2,
       3, 3, 1, 1, 3, 2, 3, 2, 2, 0, 0, 3, 1, 2, 2, 0, 2, 0, 0, 0, 3, 3,
       2, 3, 2, 3, 2, 2, 2, 3, 2, 1, 1, 1, 0, 0, 0, 3, 2, 2, 2, 1, 3, 0,
       2, 3, 1, 0, 1, 3, 0, 0, 0, 0, 3, 0, 2, 3, 0, 2, 3, 2, 2, 3, 2, 2,
       1, 1, 0, 2, 1, 2, 0, 1, 2, 2], dtype=object)]
[248, array([-40., -20., -20.,   0.]), array([2, 1, 0, 0, 2, 1, 1, 2, 0, 0, 0, 2, 1, 0, 0, 2, 2, 0, 0, 2, 2, 3,
       0, 0, 2, 3, 2, 2, 2, 2, 2, 0, 0, 0, 0, 1, 0, 2, 1, 3, 0, 2, 0, 2,
       3, 3, 1, 1, 3, 2, 3, 2, 2, 0, 0, 3, 1, 2, 2, 0, 2, 0, 0, 0, 3, 3,
       2, 3, 2, 3, 2, 2, 2, 3, 2, 1, 1, 1, 0, 0, 0, 3, 2, 2, 2, 1, 3, 0,
       2, 3, 1, 0, 1, 3, 0, 0, 0, 0, 3, 0, 2, 3, 0, 2, 3, 2, 2, 3, 2, 2,
       1, 1, 0, 2, 1, 2, 0, 1, 2, 2], dtype=object)]
[248, array([-40., -20., -20.,   0.]), array([2, 1, 0, 0, 2, 1, 1, 2, 0, 0, 0, 2, 1, 0, 0, 2, 2, 0, 0, 2, 2, 3,
       0, 0, 2, 3, 2, 2, 2, 2, 2, 0, 0, 0, 0, 1, 0, 2, 1, 3, 0, 2, 0, 2,
       3, 3, 1, 1, 3, 2, 3, 2, 2, 0, 0, 3, 1, 2, 2, 0, 2, 0, 0, 0, 3, 3,
       2, 3, 2, 3, 2, 2, 2, 3, 2, 1, 1, 1, 0, 0, 0, 3, 2, 2, 2, 1, 3, 0,
       2, 3, 1, 0, 1, 3, 0, 0, 0, 0, 3, 0, 2, 3, 0, 2, 3, 2, 2, 3, 2, 2,
       1, 1, 0, 2, 1, 2, 0, 1, 2, 2], dtype=object)]
[248, array([-40., -20., -20.,   0.]), array([2, 1, 0, 0, 2, 1, 1, 2, 0, 0, 0, 2, 1, 0, 0, 2, 2, 0, 0, 2, 2, 3,
       0, 0, 2, 3, 2, 2, 2, 2, 2, 0, 0, 0, 0, 1, 0, 2, 1, 3, 0, 2, 0, 2,
       3, 3, 1, 1, 3, 2, 3, 2, 2, 0, 0, 3, 1, 2, 2, 0, 2, 0, 0, 0, 3, 3,
       2, 3, 2, 3, 2, 2, 2, 3, 2, 1, 1, 1, 0, 0, 0, 3, 2, 2, 2, 1, 3, 0,
       2, 3, 1, 0, 1, 3, 0, 0, 0, 0, 3, 0, 2, 3, 0, 2, 3, 2, 2, 3, 2, 2,
       1, 1, 0, 2, 1, 2, 0, 1, 2, 2], dtype=object)]
[249, array([-58., -29., -29.,   0.]), array([2, 1, 0, 0, 2, 3, 1, 2, 0, 0, 0, 2, 1, 0, 0, 2, 2, 0, 0, 2, 2, 3,
       0, 0, 2, 3, 2, 2, 2, 2, 2, 0, 0, 0, 0, 1, 1, 2, 1, 3, 0, 2, 0, 2,
       3, 3, 1, 1, 3, 2, 3, 2, 2, 0, 0, 3, 1, 2, 2, 0, 2, 0, 0, 0, 3, 1,
       2, 3, 2, 3, 2, 2, 2, 3, 2, 1, 1, 1, 0, 0, 0, 3, 2, 2, 2, 1, 3, 0,
       2, 3, 1, 0, 1, 3, 0, 0, 0, 0, 3, 0, 2, 0, 2, 3, 2, 2, 0, 3, 2, 2,
       1, 1, 0, 2, 1, 2, 0, 1, 2, 2], dtype=object)]
[249, array([-58., -29., -29.,   0.]), array([2, 1, 0, 0, 2, 3, 1, 2, 0, 0, 0, 2, 1, 0, 0, 2, 2, 0, 0, 2, 2, 3,
       0, 0, 2, 3, 2, 2, 2, 2, 2, 0, 0, 0, 0, 1, 1, 2, 1, 3, 0, 2, 0, 2,
       3, 3, 1, 1, 3, 2, 3, 2, 2, 0, 0, 3, 1, 2, 2, 0, 2, 0, 0, 0, 3, 1,
       2, 3, 2, 3, 2, 2, 2, 3, 2, 1, 1, 1, 0, 0, 0, 3, 2, 2, 2, 1, 3, 0,
       2, 3, 1, 0, 1, 3, 0, 0, 0, 0, 3, 0, 2, 0, 2, 3, 2, 2, 0, 3, 2, 2,
       1, 1, 0, 2, 1, 2, 0, 1, 2, 2], dtype=object)]
[249, array([-58., -29., -29.,   0.]), array([2, 1, 0, 0, 2, 3, 1, 2, 0, 0, 0, 2, 1, 0, 0, 2, 2, 0, 0, 2, 2, 3,
       0, 0, 2, 3, 2, 2, 2, 2, 2, 0, 0, 0, 0, 1, 1, 2, 1, 3, 0, 2, 0, 2,
       3, 3, 1, 1, 3, 2, 3, 2, 2, 0, 0, 3, 1, 2, 2, 0, 2, 0, 0, 0, 3, 1,
       2, 3, 2, 3, 2, 2, 2, 3, 2, 1, 1, 1, 0, 0, 0, 3, 2, 2, 2, 1, 3, 0,
       2, 3, 1, 0, 1, 3, 0, 0, 0, 0, 3, 0, 2, 0, 2, 3, 2, 2, 0, 3, 2, 2,
       1, 1, 0, 2, 1, 2, 0, 1, 2, 2], dtype=object)]
[249, array([-58., -29., -29.,   0.]), array([2, 1, 0, 0, 2, 3, 1, 2, 0, 0, 0, 2, 1, 0, 0, 2, 2, 0, 0, 2, 2, 3,
       0, 0, 2, 3, 2, 2, 2, 2, 2, 0, 0, 0, 0, 1, 1, 2, 1, 3, 0, 2, 0, 2,
       3, 3, 1, 1, 3, 2, 3, 2, 2, 0, 0, 3, 1, 2, 2, 0, 2, 0, 0, 0, 3, 1,
       2, 3, 2, 3, 2, 2, 2, 3, 2, 1, 1, 1, 0, 0, 0, 3, 2, 2, 2, 1, 3, 0,
       2, 3, 1, 0, 1, 3, 0, 0, 0, 0, 3, 0, 2, 0, 2, 3, 2, 2, 0, 3, 2, 2,
       1, 1, 0, 2, 1, 2, 0, 1, 2, 2], dtype=object)]
[250, array([-58., -29., -29.,   0.]), array([2, 1, 0, 0, 2, 3, 1, 2, 0, 0, 0, 2, 1, 0, 0, 2, 2, 0, 0, 2, 2, 3,
       0, 0, 2, 3, 2, 2, 2, 2, 2, 0, 0, 0, 0, 1, 1, 2, 1, 3, 0, 2, 0, 2,
       3, 3, 1, 1, 3, 2, 3, 2, 2, 0, 0, 3, 1, 2, 2, 0, 2, 0, 0, 0, 3, 0,
       2, 3, 2, 3, 2, 2, 2, 3, 2, 1, 1, 1, 0, 0, 0, 3, 2, 2, 2, 1, 3, 0,
       2, 3, 1, 0, 1, 3, 0, 0, 0, 0, 3, 0, 2, 0, 2, 3, 2, 2, 0, 1, 2, 2,
       1, 1, 0, 2, 1, 2, 0, 1, 2, 2], dtype=object)]
[250, array([-58., -29., -29.,   0.]), array([2, 1, 0, 0, 2, 3, 1, 2, 0, 0, 0, 2, 1, 0, 0, 2, 2, 0, 0, 2, 2, 3,
       0, 0, 2, 3, 2, 2, 2, 2, 2, 0, 0, 0, 0, 1, 1, 2, 1, 3, 0, 2, 0, 2,
       3, 3, 1, 1, 3, 2, 3, 2, 2, 0, 0, 3, 1, 2, 2, 0, 2, 0, 0, 0, 3, 0,
       2, 3, 2, 3, 2, 2, 2, 3, 2, 1, 1, 1, 0, 0, 0, 3, 2, 2, 2, 1, 3, 0,
       2, 3, 1, 0, 1, 3, 0, 0, 0, 0, 3, 0, 2, 0, 2, 3, 2, 2, 0, 1, 2, 2,
       1, 1, 0, 2, 1, 2, 0, 1, 2, 2], dtype=object)]
[250, array([-58., -29., -29.,   0.]), array([2, 1, 0, 0, 2, 3, 1, 2, 0, 0, 0, 2, 1, 0, 0, 2, 2, 0, 0, 2, 2, 3,
       0, 0, 2, 3, 2, 2, 2, 2, 2, 0, 0, 0, 0, 1, 1, 2, 1, 3, 0, 2, 0, 2,
       3, 3, 1, 1, 3, 2, 3, 2, 2, 0, 0, 3, 1, 2, 2, 0, 2, 0, 0, 0, 3, 0,
       2, 3, 2, 3, 2, 2, 2, 3, 2, 1, 1, 1, 0, 0, 0, 3, 2, 2, 2, 1, 3, 0,
       2, 3, 1, 0, 1, 3, 0, 0, 0, 0, 3, 0, 2, 0, 2, 3, 2, 2, 0, 1, 2, 2,
       1, 1, 0, 2, 1, 2, 0, 1, 2, 2], dtype=object)]
[250, array([-58., -29., -29.,   0.]), array([2, 1, 0, 0, 2, 3, 1, 2, 0, 0, 0, 2, 1, 0, 0, 2, 2, 0, 0, 2, 2, 3,
       0, 0, 2, 3, 2, 2, 2, 2, 2, 0, 0, 0, 0, 1, 1, 2, 1, 3, 0, 2, 0, 2,
       3, 3, 1, 1, 3, 2, 3, 2, 2, 0, 0, 3, 1, 2, 2, 0, 2, 0, 0, 0, 3, 0,
       2, 3, 2, 3, 2, 2, 2, 3, 2, 1, 1, 1, 0, 0, 0, 3, 2, 2, 2, 1, 3, 0,
       2, 3, 1, 0, 1, 3, 0, 0, 0, 0, 3, 0, 2, 0, 2, 3, 2, 2, 0, 1, 2, 2,
       1, 1, 0, 2, 1, 2, 0, 1, 2, 2], dtype=object)]
[251, array([-40., -20., -20.,   0.]), array([2, 1, 0, 1, 2, 3, 1, 2, 0, 0, 0, 2, 1, 0, 0, 2, 2, 0, 0, 2, 2, 3,
       0, 0, 2, 3, 2, 2, 2, 2, 2, 0, 0, 0, 0, 1, 0, 2, 1, 3, 0, 2, 0, 2,
       3, 3, 1, 1, 3, 2, 3, 2, 2, 0, 0, 3, 1, 2, 2, 0, 2, 0, 0, 0, 3, 3,
       2, 3, 2, 3, 2, 2, 2, 3, 2, 1, 1, 1, 0, 0, 0, 3, 2, 2, 2, 1, 3, 0,
       2, 3, 1, 0, 1, 3, 0, 0, 0, 0, 3, 0, 2, 3, 0, 2, 3, 2, 2, 3, 2, 2,
       1, 1, 0, 2, 1, 2, 0, 1, 2, 2], dtype=object)]
[251, array([-40., -20., -20.,   0.]), array([2, 1, 0, 1, 2, 3, 1, 2, 0, 0, 0, 2, 1, 0, 0, 2, 2, 0, 0, 2, 2, 3,
       0, 0, 2, 3, 2, 2, 2, 2, 2, 0, 0, 0, 0, 1, 0, 2, 1, 3, 0, 2, 0, 2,
       3, 3, 1, 1, 3, 2, 3, 2, 2, 0, 0, 3, 1, 2, 2, 0, 2, 0, 0, 0, 3, 3,
       2, 3, 2, 3, 2, 2, 2, 3, 2, 1, 1, 1, 0, 0, 0, 3, 2, 2, 2, 1, 3, 0,
       2, 3, 1, 0, 1, 3, 0, 0, 0, 0, 3, 0, 2, 3, 0, 2, 3, 2, 2, 3, 2, 2,
       1, 1, 0, 2, 1, 2, 0, 1, 2, 2], dtype=object)]
[251, array([-40., -20., -20.,   0.]), array([2, 1, 0, 1, 2, 3, 1, 2, 0, 0, 0, 2, 1, 0, 0, 2, 2, 0, 0, 2, 2, 3,
       0, 0, 2, 3, 2, 2, 2, 2, 2, 0, 0, 0, 0, 1, 0, 2, 1, 3, 0, 2, 0, 2,
       3, 3, 1, 1, 3, 2, 3, 2, 2, 0, 0, 3, 1, 2, 2, 0, 2, 0, 0, 0, 3, 3,
       2, 3, 2, 3, 2, 2, 2, 3, 2, 1, 1, 1, 0, 0, 0, 3, 2, 2, 2, 1, 3, 0,
       2, 3, 1, 0, 1, 3, 0, 0, 0, 0, 3, 0, 2, 3, 0, 2, 3, 2, 2, 3, 2, 2,
       1, 1, 0, 2, 1, 2, 0, 1, 2, 2], dtype=object)]
[251, array([-40., -20., -20.,   0.]), array([2, 1, 0, 1, 2, 3, 1, 2, 0, 0, 0, 2, 1, 0, 0, 2, 2, 0, 0, 2, 2, 3,
       0, 0, 2, 3, 2, 2, 2, 2, 2, 0, 0, 0, 0, 1, 0, 2, 1, 3, 0, 2, 0, 2,
       3, 3, 1, 1, 3, 2, 3, 2, 2, 0, 0, 3, 1, 2, 2, 0, 2, 0, 0, 0, 3, 3,
       2, 3, 2, 3, 2, 2, 2, 3, 2, 1, 1, 1, 0, 0, 0, 3, 2, 2, 2, 1, 3, 0,
       2, 3, 1, 0, 1, 3, 0, 0, 0, 0, 3, 0, 2, 3, 0, 2, 3, 2, 2, 3, 2, 2,
       1, 1, 0, 2, 1, 2, 0, 1, 2, 2], dtype=object)]
[252, array([-40., -20., -20.,   0.]), array([2, 1, 0, 1, 2, 3, 1, 2, 0, 0, 0, 2, 1, 0, 0, 2, 2, 0, 0, 2, 2, 3,
       0, 0, 2, 3, 2, 2, 2, 2, 2, 0, 0, 0, 0, 1, 0, 2, 1, 3, 0, 2, 0, 2,
       3, 3, 1, 1, 3, 2, 3, 2, 2, 0, 0, 3, 0, 2, 2, 0, 2, 0, 0, 0, 3, 3,
       2, 3, 2, 3, 2, 2, 2, 3, 2, 1, 1, 1, 0, 0, 0, 3, 2, 2, 2, 1, 3, 0,
       2, 3, 1, 0, 1, 3, 0, 0, 0, 0, 3, 0, 2, 3, 0, 2, 3, 2, 2, 3, 2, 2,
       1, 1, 0, 2, 1, 2, 1, 1, 2, 2], dtype=object)]
[252, array([-40., -20., -20.,   0.]), array([2, 1, 0, 1, 2, 3, 1, 2, 0, 0, 0, 2, 1, 0, 0, 2, 2, 0, 0, 2, 2, 3,
       0, 0, 2, 3, 2, 2, 2, 2, 2, 0, 0, 0, 0, 1, 0, 2, 1, 3, 0, 2, 0, 2,
       3, 3, 1, 1, 3, 2, 3, 2, 2, 0, 0, 3, 0, 2, 2, 0, 2, 0, 0, 0, 3, 3,
       2, 3, 2, 3, 2, 2, 2, 3, 2, 1, 1, 1, 0, 0, 0, 3, 2, 2, 2, 1, 3, 0,
       2, 3, 1, 0, 1, 3, 0, 0, 0, 0, 3, 0, 2, 3, 0, 2, 3, 2, 2, 3, 2, 2,
       1, 1, 0, 2, 1, 2, 1, 1, 2, 2], dtype=object)]
[252, array([-40., -20., -20.,   0.]), array([2, 1, 0, 1, 2, 3, 1, 2, 0, 0, 0, 2, 1, 0, 0, 2, 2, 0, 0, 2, 2, 3,
       0, 0, 2, 3, 2, 2, 2, 2, 2, 0, 0, 0, 0, 1, 0, 2, 1, 3, 0, 2, 0, 2,
       3, 3, 1, 1, 3, 2, 3, 2, 2, 0, 0, 3, 0, 2, 2, 0, 2, 0, 0, 0, 3, 3,
       2, 3, 2, 3, 2, 2, 2, 3, 2, 1, 1, 1, 0, 0, 0, 3, 2, 2, 2, 1, 3, 0,
       2, 3, 1, 0, 1, 3, 0, 0, 0, 0, 3, 0, 2, 3, 0, 2, 3, 2, 2, 3, 2, 2,
       1, 1, 0, 2, 1, 2, 1, 1, 2, 2], dtype=object)]
[252, array([-40., -20., -20.,   0.]), array([2, 1, 0, 1, 2, 3, 1, 2, 0, 0, 0, 2, 1, 0, 0, 2, 2, 0, 0, 2, 2, 3,
       0, 0, 2, 3, 2, 2, 2, 2, 2, 0, 0, 0, 0, 1, 0, 2, 1, 3, 0, 2, 0, 2,
       3, 3, 1, 1, 3, 2, 3, 2, 2, 0, 0, 3, 0, 2, 2, 0, 2, 0, 0, 0, 3, 3,
       2, 3, 2, 3, 2, 2, 2, 3, 2, 1, 1, 1, 0, 0, 0, 3, 2, 2, 2, 1, 3, 0,
       2, 3, 1, 0, 1, 3, 0, 0, 0, 0, 3, 0, 2, 3, 0, 2, 3, 2, 2, 3, 2, 2,
       1, 1, 0, 2, 1, 2, 1, 1, 2, 2], dtype=object)]
[253, array([-58., -29., -29.,   0.]), array([2, 1, 0, 1, 2, 3, 1, 2, 0, 0, 0, 2, 1, 0, 0, 2, 2, 0, 0, 2, 2, 3,
       0, 0, 2, 3, 2, 2, 2, 2, 2, 0, 0, 0, 0, 1, 1, 2, 1, 3, 0, 2, 0, 2,
       3, 3, 1, 1, 3, 2, 3, 2, 2, 0, 0, 3, 1, 2, 2, 0, 2, 0, 0, 0, 3, 0,
       2, 3, 2, 3, 2, 2, 2, 3, 2, 1, 1, 1, 0, 0, 0, 3, 2, 2, 2, 1, 3, 0,
       2, 3, 1, 0, 1, 3, 0, 0, 0, 0, 3, 0, 2, 0, 2, 3, 2, 2, 0, 1, 2, 2,
       1, 1, 0, 2, 1, 2, 0, 1, 2, 2], dtype=object)]
[253, array([-58., -29., -29.,   0.]), array([2, 1, 0, 1, 2, 3, 1, 2, 0, 0, 0, 2, 1, 0, 0, 2, 2, 0, 0, 2, 2, 3,
       0, 0, 2, 3, 2, 2, 2, 2, 2, 0, 0, 0, 0, 1, 1, 2, 1, 3, 0, 2, 0, 2,
       3, 3, 1, 1, 3, 2, 3, 2, 2, 0, 0, 3, 1, 2, 2, 0, 2, 0, 0, 0, 3, 0,
       2, 3, 2, 3, 2, 2, 2, 3, 2, 1, 1, 1, 0, 0, 0, 3, 2, 2, 2, 1, 3, 0,
       2, 3, 1, 0, 1, 3, 0, 0, 0, 0, 3, 0, 2, 0, 2, 3, 2, 2, 0, 1, 2, 2,
       1, 1, 0, 2, 1, 2, 0, 1, 2, 2], dtype=object)]
[253, array([-58., -29., -29.,   0.]), array([2, 1, 0, 1, 2, 3, 1, 2, 0, 0, 0, 2, 1, 0, 0, 2, 2, 0, 0, 2, 2, 3,
       0, 0, 2, 3, 2, 2, 2, 2, 2, 0, 0, 0, 0, 1, 1, 2, 1, 3, 0, 2, 0, 2,
       3, 3, 1, 1, 3, 2, 3, 2, 2, 0, 0, 3, 1, 2, 2, 0, 2, 0, 0, 0, 3, 0,
       2, 3, 2, 3, 2, 2, 2, 3, 2, 1, 1, 1, 0, 0, 0, 3, 2, 2, 2, 1, 3, 0,
       2, 3, 1, 0, 1, 3, 0, 0, 0, 0, 3, 0, 2, 0, 2, 3, 2, 2, 0, 1, 2, 2,
       1, 1, 0, 2, 1, 2, 0, 1, 2, 2], dtype=object)]
[253, array([-58., -29., -29.,   0.]), array([2, 1, 0, 1, 2, 3, 1, 2, 0, 0, 0, 2, 1, 0, 0, 2, 2, 0, 0, 2, 2, 3,
       0, 0, 2, 3, 2, 2, 2, 2, 2, 0, 0, 0, 0, 1, 1, 2, 1, 3, 0, 2, 0, 2,
       3, 3, 1, 1, 3, 2, 3, 2, 2, 0, 0, 3, 1, 2, 2, 0, 2, 0, 0, 0, 3, 0,
       2, 3, 2, 3, 2, 2, 2, 3, 2, 1, 1, 1, 0, 0, 0, 3, 2, 2, 2, 1, 3, 0,
       2, 3, 1, 0, 1, 3, 0, 0, 0, 0, 3, 0, 2, 0, 2, 3, 2, 2, 0, 1, 2, 2,
       1, 1, 0, 2, 1, 2, 0, 1, 2, 2], dtype=object)]
[254, array([-58., -29., -29.,   0.]), array([2, 1, 0, 1, 2, 3, 1, 2, 0, 0, 0, 2, 1, 0, 0, 2, 2, 0, 0, 2, 2, 3,
       0, 0, 2, 3, 2, 2, 2, 2, 2, 0, 0, 0, 0, 1, 1, 2, 1, 3, 0, 2, 0, 2,
       3, 3, 1, 1, 3, 2, 3, 2, 2, 0, 0, 3, 1, 2, 2, 0, 2, 0, 0, 0, 3, 0,
       2, 3, 2, 3, 2, 2, 2, 3, 2, 1, 1, 1, 0, 0, 0, 3, 2, 2, 2, 1, 3, 0,
       2, 3, 1, 0, 1, 3, 0, 0, 0, 0, 3, 0, 2, 0, 2, 3, 2, 2, 0, 2, 2, 2,
       1, 1, 0, 2, 1, 2, 0, 1, 2, 2], dtype=object)]
[254, array([-58., -29., -29.,   0.]), array([2, 1, 0, 1, 2, 3, 1, 2, 0, 0, 0, 2, 1, 0, 0, 2, 2, 0, 0, 2, 2, 3,
       0, 0, 2, 3, 2, 2, 2, 2, 2, 0, 0, 0, 0, 1, 1, 2, 1, 3, 0, 2, 0, 2,
       3, 3, 1, 1, 3, 2, 3, 2, 2, 0, 0, 3, 1, 2, 2, 0, 2, 0, 0, 0, 3, 0,
       2, 3, 2, 3, 2, 2, 2, 3, 2, 1, 1, 1, 0, 0, 0, 3, 2, 2, 2, 1, 3, 0,
       2, 3, 1, 0, 1, 3, 0, 0, 0, 0, 3, 0, 2, 0, 2, 3, 2, 2, 0, 2, 2, 2,
       1, 1, 0, 2, 1, 2, 0, 1, 2, 2], dtype=object)]
[254, array([-58., -29., -29.,   0.]), array([2, 1, 0, 1, 2, 3, 1, 2, 0, 0, 0, 2, 1, 0, 0, 2, 2, 0, 0, 2, 2, 3,
       0, 0, 2, 3, 2, 2, 2, 2, 2, 0, 0, 0, 0, 1, 1, 2, 1, 3, 0, 2, 0, 2,
       3, 3, 1, 1, 3, 2, 3, 2, 2, 0, 0, 3, 1, 2, 2, 0, 2, 0, 0, 0, 3, 0,
       2, 3, 2, 3, 2, 2, 2, 3, 2, 1, 1, 1, 0, 0, 0, 3, 2, 2, 2, 1, 3, 0,
       2, 3, 1, 0, 1, 3, 0, 0, 0, 0, 3, 0, 2, 0, 2, 3, 2, 2, 0, 2, 2, 2,
       1, 1, 0, 2, 1, 2, 0, 1, 2, 2], dtype=object)]
[254, array([-58., -29., -29.,   0.]), array([2, 1, 0, 1, 2, 3, 1, 2, 0, 0, 0, 2, 1, 0, 0, 2, 2, 0, 0, 2, 2, 3,
       0, 0, 2, 3, 2, 2, 2, 2, 2, 0, 0, 0, 0, 1, 1, 2, 1, 3, 0, 2, 0, 2,
       3, 3, 1, 1, 3, 2, 3, 2, 2, 0, 0, 3, 1, 2, 2, 0, 2, 0, 0, 0, 3, 0,
       2, 3, 2, 3, 2, 2, 2, 3, 2, 1, 1, 1, 0, 0, 0, 3, 2, 2, 2, 1, 3, 0,
       2, 3, 1, 0, 1, 3, 0, 0, 0, 0, 3, 0, 2, 0, 2, 3, 2, 2, 0, 2, 2, 2,
       1, 1, 0, 2, 1, 2, 0, 1, 2, 2], dtype=object)]
[255, array([-58., -29., -29.,   0.]), array([2, 1, 0, 0, 2, 0, 3, 2, 0, 0, 0, 2, 1, 0, 0, 2, 2, 0, 0, 2, 2, 3,
       0, 0, 2, 3, 2, 2, 2, 2, 0, 0, 0, 0, 0, 1, 2, 2, 1, 3, 0, 2, 0, 2,
       3, 3, 1, 1, 3, 2, 3, 2, 2, 0, 0, 3, 1, 2, 2, 0, 2, 0, 0, 0, 3, 1,
       2, 3, 2, 3, 2, 2, 2, 3, 2, 1, 1, 1, 0, 0, 0, 3, 2, 2, 2, 1, 3, 0,
       2, 3, 1, 0, 1, 3, 0, 0, 0, 0, 3, 0, 2, 0, 2, 3, 2, 2, 0, 3, 2, 2,
       1, 1, 0, 2, 1, 2, 0, 1, 2, 2], dtype=object)]
[255, array([-58., -29., -29.,   0.]), array([2, 1, 0, 0, 2, 0, 3, 2, 0, 0, 0, 2, 1, 0, 0, 2, 2, 0, 0, 2, 2, 3,
       0, 0, 2, 3, 2, 2, 2, 2, 0, 0, 0, 0, 0, 1, 2, 2, 1, 3, 0, 2, 0, 2,
       3, 3, 1, 1, 3, 2, 3, 2, 2, 0, 0, 3, 1, 2, 2, 0, 2, 0, 0, 0, 3, 1,
       2, 3, 2, 3, 2, 2, 2, 3, 2, 1, 1, 1, 0, 0, 0, 3, 2, 2, 2, 1, 3, 0,
       2, 3, 1, 0, 1, 3, 0, 0, 0, 0, 3, 0, 2, 0, 2, 3, 2, 2, 0, 3, 2, 2,
       1, 1, 0, 2, 1, 2, 0, 1, 2, 2], dtype=object)]
[255, array([-58., -29., -29.,   0.]), array([2, 1, 0, 0, 2, 0, 3, 2, 0, 0, 0, 2, 1, 0, 0, 2, 2, 0, 0, 2, 2, 3,
       0, 0, 2, 3, 2, 2, 2, 2, 0, 0, 0, 0, 0, 1, 2, 2, 1, 3, 0, 2, 0, 2,
       3, 3, 1, 1, 3, 2, 3, 2, 2, 0, 0, 3, 1, 2, 2, 0, 2, 0, 0, 0, 3, 1,
       2, 3, 2, 3, 2, 2, 2, 3, 2, 1, 1, 1, 0, 0, 0, 3, 2, 2, 2, 1, 3, 0,
       2, 3, 1, 0, 1, 3, 0, 0, 0, 0, 3, 0, 2, 0, 2, 3, 2, 2, 0, 3, 2, 2,
       1, 1, 0, 2, 1, 2, 0, 1, 2, 2], dtype=object)]
[255, array([-58., -29., -29.,   0.]), array([2, 1, 0, 0, 2, 0, 3, 2, 0, 0, 0, 2, 1, 0, 0, 2, 2, 0, 0, 2, 2, 3,
       0, 0, 2, 3, 2, 2, 2, 2, 0, 0, 0, 0, 0, 1, 2, 2, 1, 3, 0, 2, 0, 2,
       3, 3, 1, 1, 3, 2, 3, 2, 2, 0, 0, 3, 1, 2, 2, 0, 2, 0, 0, 0, 3, 1,
       2, 3, 2, 3, 2, 2, 2, 3, 2, 1, 1, 1, 0, 0, 0, 3, 2, 2, 2, 1, 3, 0,
       2, 3, 1, 0, 1, 3, 0, 0, 0, 0, 3, 0, 2, 0, 2, 3, 2, 2, 0, 3, 2, 2,
       1, 1, 0, 2, 1, 2, 0, 1, 2, 2], dtype=object)]
[256, array([-58., -29., -29.,   0.]), array([2, 1, 0, 0, 2, 0, 3, 2, 0, 0, 0, 2, 1, 0, 0, 2, 2, 0, 0, 2, 2, 3,
       0, 0, 2, 3, 2, 2, 2, 2, 0, 0, 0, 0, 0, 1, 2, 2, 1, 3, 0, 2, 0, 2,
       3, 3, 1, 1, 3, 2, 3, 2, 2, 0, 0, 3, 1, 2, 2, 0, 2, 0, 0, 0, 3, 3,
       2, 3, 2, 3, 2, 2, 2, 3, 2, 1, 1, 1, 0, 0, 0, 3, 2, 2, 2, 1, 3, 0,
       2, 3, 1, 0, 1, 3, 0, 0, 0, 0, 3, 0, 2, 0, 2, 3, 2, 2, 0, 3, 2, 2,
       1, 1, 0, 2, 1, 2, 0, 1, 2, 2], dtype=object)]
[256, array([-58., -29., -29.,   0.]), array([2, 1, 0, 0, 2, 0, 3, 2, 0, 0, 0, 2, 1, 0, 0, 2, 2, 0, 0, 2, 2, 3,
       0, 0, 2, 3, 2, 2, 2, 2, 0, 0, 0, 0, 0, 1, 2, 2, 1, 3, 0, 2, 0, 2,
       3, 3, 1, 1, 3, 2, 3, 2, 2, 0, 0, 3, 1, 2, 2, 0, 2, 0, 0, 0, 3, 3,
       2, 3, 2, 3, 2, 2, 2, 3, 2, 1, 1, 1, 0, 0, 0, 3, 2, 2, 2, 1, 3, 0,
       2, 3, 1, 0, 1, 3, 0, 0, 0, 0, 3, 0, 2, 0, 2, 3, 2, 2, 0, 3, 2, 2,
       1, 1, 0, 2, 1, 2, 0, 1, 2, 2], dtype=object)]
[256, array([-58., -29., -29.,   0.]), array([2, 1, 0, 0, 2, 0, 3, 2, 0, 0, 0, 2, 1, 0, 0, 2, 2, 0, 0, 2, 2, 3,
       0, 0, 2, 3, 2, 2, 2, 2, 0, 0, 0, 0, 0, 1, 2, 2, 1, 3, 0, 2, 0, 2,
       3, 3, 1, 1, 3, 2, 3, 2, 2, 0, 0, 3, 1, 2, 2, 0, 2, 0, 0, 0, 3, 3,
       2, 3, 2, 3, 2, 2, 2, 3, 2, 1, 1, 1, 0, 0, 0, 3, 2, 2, 2, 1, 3, 0,
       2, 3, 1, 0, 1, 3, 0, 0, 0, 0, 3, 0, 2, 0, 2, 3, 2, 2, 0, 3, 2, 2,
       1, 1, 0, 2, 1, 2, 0, 1, 2, 2], dtype=object)]
[256, array([-58., -29., -29.,   0.]), array([2, 1, 0, 0, 2, 0, 3, 2, 0, 0, 0, 2, 1, 0, 0, 2, 2, 0, 0, 2, 2, 3,
       0, 0, 2, 3, 2, 2, 2, 2, 0, 0, 0, 0, 0, 1, 2, 2, 1, 3, 0, 2, 0, 2,
       3, 3, 1, 1, 3, 2, 3, 2, 2, 0, 0, 3, 1, 2, 2, 0, 2, 0, 0, 0, 3, 3,
       2, 3, 2, 3, 2, 2, 2, 3, 2, 1, 1, 1, 0, 0, 0, 3, 2, 2, 2, 1, 3, 0,
       2, 3, 1, 0, 1, 3, 0, 0, 0, 0, 3, 0, 2, 0, 2, 3, 2, 2, 0, 3, 2, 2,
       1, 1, 0, 2, 1, 2, 0, 1, 2, 2], dtype=object)]
[257, array([-58., -29., -29.,   0.]), array([2, 1, 0, 1, 2, 3, 1, 2, 0, 0, 0, 2, 1, 0, 0, 2, 2, 0, 0, 2, 2, 3,
       0, 0, 2, 3, 2, 2, 2, 2, 2, 0, 0, 0, 0, 1, 1, 2, 1, 3, 0, 2, 0, 2,
       3, 3, 1, 1, 3, 2, 3, 2, 2, 0, 0, 3, 1, 2, 2, 0, 2, 0, 0, 0, 3, 1,
       2, 3, 2, 3, 2, 2, 2, 3, 2, 1, 1, 1, 0, 0, 0, 3, 2, 2, 2, 1, 3, 0,
       2, 3, 1, 0, 1, 3, 0, 0, 0, 0, 3, 0, 2, 0, 2, 3, 2, 2, 0, 1, 2, 2,
       1, 1, 0, 2, 1, 2, 0, 1, 2, 2], dtype=object)]
[257, array([-58., -29., -29.,   0.]), array([2, 1, 0, 1, 2, 3, 1, 2, 0, 0, 0, 2, 1, 0, 0, 2, 2, 0, 0, 2, 2, 3,
       0, 0, 2, 3, 2, 2, 2, 2, 2, 0, 0, 0, 0, 1, 1, 2, 1, 3, 0, 2, 0, 2,
       3, 3, 1, 1, 3, 2, 3, 2, 2, 0, 0, 3, 1, 2, 2, 0, 2, 0, 0, 0, 3, 1,
       2, 3, 2, 3, 2, 2, 2, 3, 2, 1, 1, 1, 0, 0, 0, 3, 2, 2, 2, 1, 3, 0,
       2, 3, 1, 0, 1, 3, 0, 0, 0, 0, 3, 0, 2, 0, 2, 3, 2, 2, 0, 1, 2, 2,
       1, 1, 0, 2, 1, 2, 0, 1, 2, 2], dtype=object)]
[257, array([-58., -29., -29.,   0.]), array([2, 1, 0, 1, 2, 3, 1, 2, 0, 0, 0, 2, 1, 0, 0, 2, 2, 0, 0, 2, 2, 3,
       0, 0, 2, 3, 2, 2, 2, 2, 2, 0, 0, 0, 0, 1, 1, 2, 1, 3, 0, 2, 0, 2,
       3, 3, 1, 1, 3, 2, 3, 2, 2, 0, 0, 3, 1, 2, 2, 0, 2, 0, 0, 0, 3, 1,
       2, 3, 2, 3, 2, 2, 2, 3, 2, 1, 1, 1, 0, 0, 0, 3, 2, 2, 2, 1, 3, 0,
       2, 3, 1, 0, 1, 3, 0, 0, 0, 0, 3, 0, 2, 0, 2, 3, 2, 2, 0, 1, 2, 2,
       1, 1, 0, 2, 1, 2, 0, 1, 2, 2], dtype=object)]
[257, array([-58., -29., -29.,   0.]), array([2, 1, 0, 1, 2, 3, 1, 2, 0, 0, 0, 2, 1, 0, 0, 2, 2, 0, 0, 2, 2, 3,
       0, 0, 2, 3, 2, 2, 2, 2, 2, 0, 0, 0, 0, 1, 1, 2, 1, 3, 0, 2, 0, 2,
       3, 3, 1, 1, 3, 2, 3, 2, 2, 0, 0, 3, 1, 2, 2, 0, 2, 0, 0, 0, 3, 1,
       2, 3, 2, 3, 2, 2, 2, 3, 2, 1, 1, 1, 0, 0, 0, 3, 2, 2, 2, 1, 3, 0,
       2, 3, 1, 0, 1, 3, 0, 0, 0, 0, 3, 0, 2, 0, 2, 3, 2, 2, 0, 1, 2, 2,
       1, 1, 0, 2, 1, 2, 0, 1, 2, 2], dtype=object)]
[258, array([-58., -29., -29.,   0.]), array([2, 1, 0, 1, 2, 3, 3, 2, 0, 0, 0, 2, 1, 0, 0, 2, 2, 0, 0, 2, 2, 3,
       0, 0, 0, 3, 2, 2, 2, 2, 2, 0, 0, 0, 0, 1, 2, 2, 1, 3, 0, 2, 0, 2,
       3, 3, 1, 1, 3, 2, 3, 2, 3, 0, 0, 3, 1, 2, 2, 0, 2, 0, 0, 0, 3, 0,
       2, 3, 2, 3, 2, 2, 2, 3, 2, 1, 1, 1, 0, 0, 0, 3, 2, 2, 2, 1, 3, 1,
       2, 3, 1, 0, 1, 3, 0, 0, 0, 0, 3, 0, 2, 0, 2, 3, 2, 2, 0, 1, 2, 2,
       1, 1, 0, 2, 1, 2, 0, 1, 2, 2], dtype=object)]
[258, array([-58., -29., -29.,   0.]), array([2, 1, 0, 1, 2, 3, 3, 2, 0, 0, 0, 2, 1, 0, 0, 2, 2, 0, 0, 2, 2, 3,
       0, 0, 0, 3, 2, 2, 2, 2, 2, 0, 0, 0, 0, 1, 2, 2, 1, 3, 0, 2, 0, 2,
       3, 3, 1, 1, 3, 2, 3, 2, 3, 0, 0, 3, 1, 2, 2, 0, 2, 0, 0, 0, 3, 0,
       2, 3, 2, 3, 2, 2, 2, 3, 2, 1, 1, 1, 0, 0, 0, 3, 2, 2, 2, 1, 3, 1,
       2, 3, 1, 0, 1, 3, 0, 0, 0, 0, 3, 0, 2, 0, 2, 3, 2, 2, 0, 1, 2, 2,
       1, 1, 0, 2, 1, 2, 0, 1, 2, 2], dtype=object)]
[258, array([-58., -29., -29.,   0.]), array([2, 1, 0, 1, 2, 3, 3, 2, 0, 0, 0, 2, 1, 0, 0, 2, 2, 0, 0, 2, 2, 3,
       0, 0, 0, 3, 2, 2, 2, 2, 2, 0, 0, 0, 0, 1, 2, 2, 1, 3, 0, 2, 0, 2,
       3, 3, 1, 1, 3, 2, 3, 2, 3, 0, 0, 3, 1, 2, 2, 0, 2, 0, 0, 0, 3, 0,
       2, 3, 2, 3, 2, 2, 2, 3, 2, 1, 1, 1, 0, 0, 0, 3, 2, 2, 2, 1, 3, 1,
       2, 3, 1, 0, 1, 3, 0, 0, 0, 0, 3, 0, 2, 0, 2, 3, 2, 2, 0, 1, 2, 2,
       1, 1, 0, 2, 1, 2, 0, 1, 2, 2], dtype=object)]
[258, array([-58., -29., -29.,   0.]), array([2, 1, 0, 1, 2, 3, 3, 2, 0, 0, 0, 2, 1, 0, 0, 2, 2, 0, 0, 2, 2, 3,
       0, 0, 0, 3, 2, 2, 2, 2, 2, 0, 0, 0, 0, 1, 2, 2, 1, 3, 0, 2, 0, 2,
       3, 3, 1, 1, 3, 2, 3, 2, 3, 0, 0, 3, 1, 2, 2, 0, 2, 0, 0, 0, 3, 0,
       2, 3, 2, 3, 2, 2, 2, 3, 2, 1, 1, 1, 0, 0, 0, 3, 2, 2, 2, 1, 3, 1,
       2, 3, 1, 0, 1, 3, 0, 0, 0, 0, 3, 0, 2, 0, 2, 3, 2, 2, 0, 1, 2, 2,
       1, 1, 0, 2, 1, 2, 0, 1, 2, 2], dtype=object)]
[259, array([-58., -29., -29.,   0.]), array([2, 1, 0, 1, 2, 3, 1, 2, 0, 0, 0, 2, 1, 0, 0, 2, 2, 0, 0, 2, 2, 3,
       0, 0, 2, 3, 2, 2, 2, 2, 2, 0, 0, 0, 0, 1, 0, 2, 1, 3, 0, 2, 0, 2,
       3, 3, 1, 1, 3, 2, 3, 2, 2, 0, 0, 3, 0, 2, 2, 0, 2, 0, 0, 0, 3, 3,
       2, 3, 2, 3, 2, 2, 2, 3, 2, 1, 1, 1, 0, 0, 0, 3, 2, 2, 2, 1, 3, 0,
       2, 3, 1, 0, 1, 3, 0, 0, 0, 0, 3, 0, 2, 0, 2, 3, 2, 2, 0, 1, 2, 2,
       1, 1, 0, 2, 1, 2, 0, 1, 2, 2], dtype=object)]
[259, array([-58., -29., -29.,   0.]), array([2, 1, 0, 1, 2, 3, 1, 2, 0, 0, 0, 2, 1, 0, 0, 2, 2, 0, 0, 2, 2, 3,
       0, 0, 2, 3, 2, 2, 2, 2, 2, 0, 0, 0, 0, 1, 0, 2, 1, 3, 0, 2, 0, 2,
       3, 3, 1, 1, 3, 2, 3, 2, 2, 0, 0, 3, 0, 2, 2, 0, 2, 0, 0, 0, 3, 3,
       2, 3, 2, 3, 2, 2, 2, 3, 2, 1, 1, 1, 0, 0, 0, 3, 2, 2, 2, 1, 3, 0,
       2, 3, 1, 0, 1, 3, 0, 0, 0, 0, 3, 0, 2, 0, 2, 3, 2, 2, 0, 1, 2, 2,
       1, 1, 0, 2, 1, 2, 0, 1, 2, 2], dtype=object)]
[259, array([-58., -29., -29.,   0.]), array([2, 1, 0, 1, 2, 3, 1, 2, 0, 0, 0, 2, 1, 0, 0, 2, 2, 0, 0, 2, 2, 3,
       0, 0, 2, 3, 2, 2, 2, 2, 2, 0, 0, 0, 0, 1, 0, 2, 1, 3, 0, 2, 0, 2,
       3, 3, 1, 1, 3, 2, 3, 2, 2, 0, 0, 3, 0, 2, 2, 0, 2, 0, 0, 0, 3, 3,
       2, 3, 2, 3, 2, 2, 2, 3, 2, 1, 1, 1, 0, 0, 0, 3, 2, 2, 2, 1, 3, 0,
       2, 3, 1, 0, 1, 3, 0, 0, 0, 0, 3, 0, 2, 0, 2, 3, 2, 2, 0, 1, 2, 2,
       1, 1, 0, 2, 1, 2, 0, 1, 2, 2], dtype=object)]
[259, array([-58., -29., -29.,   0.]), array([2, 1, 0, 1, 2, 3, 1, 2, 0, 0, 0, 2, 1, 0, 0, 2, 2, 0, 0, 2, 2, 3,
       0, 0, 2, 3, 2, 2, 2, 2, 2, 0, 0, 0, 0, 1, 0, 2, 1, 3, 0, 2, 0, 2,
       3, 3, 1, 1, 3, 2, 3, 2, 2, 0, 0, 3, 0, 2, 2, 0, 2, 0, 0, 0, 3, 3,
       2, 3, 2, 3, 2, 2, 2, 3, 2, 1, 1, 1, 0, 0, 0, 3, 2, 2, 2, 1, 3, 0,
       2, 3, 1, 0, 1, 3, 0, 0, 0, 0, 3, 0, 2, 0, 2, 3, 2, 2, 0, 1, 2, 2,
       1, 1, 0, 2, 1, 2, 0, 1, 2, 2], dtype=object)]
[260, array([-58., -29., -29.,   0.]), array([2, 1, 0, 1, 2, 3, 1, 2, 0, 0, 0, 2, 1, 0, 0, 2, 2, 0, 0, 2, 2, 3,
       0, 0, 2, 3, 2, 2, 2, 2, 2, 0, 0, 0, 0, 1, 0, 2, 1, 3, 0, 2, 0, 2,
       3, 3, 1, 1, 3, 2, 3, 2, 2, 0, 0, 3, 0, 2, 2, 0, 2, 0, 0, 0, 3, 3,
       2, 3, 2, 3, 2, 2, 2, 3, 2, 1, 1, 1, 0, 0, 0, 3, 2, 2, 2, 1, 3, 0,
       2, 3, 1, 0, 1, 3, 0, 0, 0, 0, 3, 0, 2, 0, 2, 3, 2, 2, 0, 1, 2, 2,
       1, 1, 0, 2, 1, 2, 0, 1, 2, 2], dtype=object)]
[260, array([-58., -29., -29.,   0.]), array([2, 1, 0, 1, 2, 3, 1, 2, 0, 0, 0, 2, 1, 0, 0, 2, 2, 0, 0, 2, 2, 3,
       0, 0, 2, 3, 2, 2, 2, 2, 2, 0, 0, 0, 0, 1, 0, 2, 1, 3, 0, 2, 0, 2,
       3, 3, 1, 1, 3, 2, 3, 2, 2, 0, 0, 3, 0, 2, 2, 0, 2, 0, 0, 0, 3, 3,
       2, 3, 2, 3, 2, 2, 2, 3, 2, 1, 1, 1, 0, 0, 0, 3, 2, 2, 2, 1, 3, 0,
       2, 3, 1, 0, 1, 3, 0, 0, 0, 0, 3, 0, 2, 0, 2, 3, 2, 2, 0, 1, 2, 2,
       1, 1, 0, 2, 1, 2, 0, 1, 2, 2], dtype=object)]
[260, array([-58., -29., -29.,   0.]), array([2, 1, 0, 1, 2, 3, 1, 2, 0, 0, 0, 2, 1, 0, 0, 2, 2, 0, 0, 2, 2, 3,
       0, 0, 2, 3, 2, 2, 2, 2, 2, 0, 0, 0, 0, 1, 0, 2, 1, 3, 0, 2, 0, 2,
       3, 3, 1, 1, 3, 2, 3, 2, 2, 0, 0, 3, 0, 2, 2, 0, 2, 0, 0, 0, 3, 3,
       2, 3, 2, 3, 2, 2, 2, 3, 2, 1, 1, 1, 0, 0, 0, 3, 2, 2, 2, 1, 3, 0,
       2, 3, 1, 0, 1, 3, 0, 0, 0, 0, 3, 0, 2, 0, 2, 3, 2, 2, 0, 1, 2, 2,
       1, 1, 0, 2, 1, 2, 0, 1, 2, 2], dtype=object)]
[260, array([-58., -29., -29.,   0.]), array([2, 1, 0, 1, 2, 3, 1, 2, 0, 0, 0, 2, 1, 0, 0, 2, 2, 0, 0, 2, 2, 3,
       0, 0, 2, 3, 2, 2, 2, 2, 2, 0, 0, 0, 0, 1, 0, 2, 1, 3, 0, 2, 0, 2,
       3, 3, 1, 1, 3, 2, 3, 2, 2, 0, 0, 3, 0, 2, 2, 0, 2, 0, 0, 0, 3, 3,
       2, 3, 2, 3, 2, 2, 2, 3, 2, 1, 1, 1, 0, 0, 0, 3, 2, 2, 2, 1, 3, 0,
       2, 3, 1, 0, 1, 3, 0, 0, 0, 0, 3, 0, 2, 0, 2, 3, 2, 2, 0, 1, 2, 2,
       1, 1, 0, 2, 1, 2, 0, 1, 2, 2], dtype=object)]
[261, array([-58., -29., -29.,   0.]), array([2, 1, 0, 1, 2, 3, 1, 2, 0, 0, 0, 2, 1, 0, 3, 2, 2, 0, 0, 2, 2, 3,
       0, 0, 2, 3, 2, 2, 2, 0, 2, 0, 0, 0, 0, 1, 0, 2, 1, 3, 0, 2, 0, 2,
       3, 3, 1, 1, 3, 2, 3, 2, 2, 0, 0, 3, 1, 2, 2, 0, 2, 0, 0, 0, 3, 3,
       2, 3, 0, 3, 2, 2, 2, 3, 2, 1, 1, 1, 0, 0, 0, 3, 2, 2, 2, 1, 3, 0,
       2, 3, 1, 0, 1, 3, 0, 0, 0, 0, 3, 0, 2, 0, 2, 3, 2, 2, 0, 3, 2, 2,
       1, 1, 0, 2, 1, 2, 0, 1, 2, 2], dtype=object)]
[261, array([-58., -29., -29.,   0.]), array([2, 1, 0, 1, 2, 3, 1, 2, 0, 0, 0, 2, 1, 0, 3, 2, 2, 0, 0, 2, 2, 3,
       0, 0, 2, 3, 2, 2, 2, 0, 2, 0, 0, 0, 0, 1, 0, 2, 1, 3, 0, 2, 0, 2,
       3, 3, 1, 1, 3, 2, 3, 2, 2, 0, 0, 3, 1, 2, 2, 0, 2, 0, 0, 0, 3, 3,
       2, 3, 0, 3, 2, 2, 2, 3, 2, 1, 1, 1, 0, 0, 0, 3, 2, 2, 2, 1, 3, 0,
       2, 3, 1, 0, 1, 3, 0, 0, 0, 0, 3, 0, 2, 0, 2, 3, 2, 2, 0, 3, 2, 2,
       1, 1, 0, 2, 1, 2, 0, 1, 2, 2], dtype=object)]
[261, array([-58., -29., -29.,   0.]), array([2, 1, 0, 1, 2, 3, 1, 2, 0, 0, 0, 2, 1, 0, 3, 2, 2, 0, 0, 2, 2, 3,
       0, 0, 2, 3, 2, 2, 2, 0, 2, 0, 0, 0, 0, 1, 0, 2, 1, 3, 0, 2, 0, 2,
       3, 3, 1, 1, 3, 2, 3, 2, 2, 0, 0, 3, 1, 2, 2, 0, 2, 0, 0, 0, 3, 3,
       2, 3, 0, 3, 2, 2, 2, 3, 2, 1, 1, 1, 0, 0, 0, 3, 2, 2, 2, 1, 3, 0,
       2, 3, 1, 0, 1, 3, 0, 0, 0, 0, 3, 0, 2, 0, 2, 3, 2, 2, 0, 3, 2, 2,
       1, 1, 0, 2, 1, 2, 0, 1, 2, 2], dtype=object)]
[261, array([-58., -29., -29.,   0.]), array([2, 1, 0, 1, 2, 3, 1, 2, 0, 0, 0, 2, 1, 0, 3, 2, 2, 0, 0, 2, 2, 3,
       0, 0, 2, 3, 2, 2, 2, 0, 2, 0, 0, 0, 0, 1, 0, 2, 1, 3, 0, 2, 0, 2,
       3, 3, 1, 1, 3, 2, 3, 2, 2, 0, 0, 3, 1, 2, 2, 0, 2, 0, 0, 0, 3, 3,
       2, 3, 0, 3, 2, 2, 2, 3, 2, 1, 1, 1, 0, 0, 0, 3, 2, 2, 2, 1, 3, 0,
       2, 3, 1, 0, 1, 3, 0, 0, 0, 0, 3, 0, 2, 0, 2, 3, 2, 2, 0, 3, 2, 2,
       1, 1, 0, 2, 1, 2, 0, 1, 2, 2], dtype=object)]
[262, array([-58., -29., -29.,   0.]), array([2, 1, 0, 1, 2, 3, 1, 2, 0, 0, 0, 2, 1, 0, 3, 2, 2, 0, 0, 2, 2, 3,
       0, 0, 2, 3, 2, 2, 2, 0, 2, 0, 0, 0, 0, 1, 0, 2, 1, 3, 0, 2, 0, 2,
       3, 3, 1, 1, 3, 2, 3, 2, 2, 0, 0, 3, 1, 2, 2, 0, 2, 0, 0, 0, 3, 3,
       2, 3, 0, 3, 2, 2, 2, 3, 2, 1, 1, 1, 0, 0, 0, 3, 2, 2, 2, 1, 3, 0,
       2, 3, 1, 0, 1, 3, 0, 0, 0, 0, 3, 0, 2, 0, 2, 3, 2, 2, 0, 3, 2, 2,
       1, 1, 0, 2, 1, 2, 0, 1, 2, 2], dtype=object)]
[262, array([-58., -29., -29.,   0.]), array([2, 1, 0, 1, 2, 3, 1, 2, 0, 0, 0, 2, 1, 0, 3, 2, 2, 0, 0, 2, 2, 3,
       0, 0, 2, 3, 2, 2, 2, 0, 2, 0, 0, 0, 0, 1, 0, 2, 1, 3, 0, 2, 0, 2,
       3, 3, 1, 1, 3, 2, 3, 2, 2, 0, 0, 3, 1, 2, 2, 0, 2, 0, 0, 0, 3, 3,
       2, 3, 0, 3, 2, 2, 2, 3, 2, 1, 1, 1, 0, 0, 0, 3, 2, 2, 2, 1, 3, 0,
       2, 3, 1, 0, 1, 3, 0, 0, 0, 0, 3, 0, 2, 0, 2, 3, 2, 2, 0, 3, 2, 2,
       1, 1, 0, 2, 1, 2, 0, 1, 2, 2], dtype=object)]
[262, array([-58., -29., -29.,   0.]), array([2, 1, 0, 1, 2, 3, 1, 2, 0, 0, 0, 2, 1, 0, 3, 2, 2, 0, 0, 2, 2, 3,
       0, 0, 2, 3, 2, 2, 2, 0, 2, 0, 0, 0, 0, 1, 0, 2, 1, 3, 0, 2, 0, 2,
       3, 3, 1, 1, 3, 2, 3, 2, 2, 0, 0, 3, 1, 2, 2, 0, 2, 0, 0, 0, 3, 3,
       2, 3, 0, 3, 2, 2, 2, 3, 2, 1, 1, 1, 0, 0, 0, 3, 2, 2, 2, 1, 3, 0,
       2, 3, 1, 0, 1, 3, 0, 0, 0, 0, 3, 0, 2, 0, 2, 3, 2, 2, 0, 3, 2, 2,
       1, 1, 0, 2, 1, 2, 0, 1, 2, 2], dtype=object)]
[262, array([-58., -29., -29.,   0.]), array([2, 1, 0, 1, 2, 3, 1, 2, 0, 0, 0, 2, 1, 0, 3, 2, 2, 0, 0, 2, 2, 3,
       0, 0, 2, 3, 2, 2, 2, 0, 2, 0, 0, 0, 0, 1, 0, 2, 1, 3, 0, 2, 0, 2,
       3, 3, 1, 1, 3, 2, 3, 2, 2, 0, 0, 3, 1, 2, 2, 0, 2, 0, 0, 0, 3, 3,
       2, 3, 0, 3, 2, 2, 2, 3, 2, 1, 1, 1, 0, 0, 0, 3, 2, 2, 2, 1, 3, 0,
       2, 3, 1, 0, 1, 3, 0, 0, 0, 0, 3, 0, 2, 0, 2, 3, 2, 2, 0, 3, 2, 2,
       1, 1, 0, 2, 1, 2, 0, 1, 2, 2], dtype=object)]
[263, array([-58., -29., -29.,   0.]), array([2, 1, 0, 1, 2, 3, 1, 2, 0, 0, 0, 2, 1, 0, 3, 2, 2, 0, 0, 2, 2, 3,
       0, 0, 2, 3, 2, 2, 2, 0, 2, 0, 0, 0, 0, 1, 0, 2, 1, 3, 0, 2, 0, 2,
       3, 3, 1, 1, 3, 2, 3, 2, 2, 0, 0, 3, 1, 2, 2, 0, 2, 0, 0, 0, 3, 3,
       2, 3, 0, 3, 2, 2, 2, 3, 2, 1, 1, 1, 0, 0, 0, 3, 2, 2, 2, 1, 3, 0,
       2, 3, 1, 0, 1, 3, 0, 0, 0, 0, 3, 0, 2, 0, 2, 3, 2, 2, 0, 2, 2, 2,
       1, 1, 0, 2, 1, 2, 0, 1, 2, 2], dtype=object)]
[263, array([-58., -29., -29.,   0.]), array([2, 1, 0, 1, 2, 3, 1, 2, 0, 0, 0, 2, 1, 0, 3, 2, 2, 0, 0, 2, 2, 3,
       0, 0, 2, 3, 2, 2, 2, 0, 2, 0, 0, 0, 0, 1, 0, 2, 1, 3, 0, 2, 0, 2,
       3, 3, 1, 1, 3, 2, 3, 2, 2, 0, 0, 3, 1, 2, 2, 0, 2, 0, 0, 0, 3, 3,
       2, 3, 0, 3, 2, 2, 2, 3, 2, 1, 1, 1, 0, 0, 0, 3, 2, 2, 2, 1, 3, 0,
       2, 3, 1, 0, 1, 3, 0, 0, 0, 0, 3, 0, 2, 0, 2, 3, 2, 2, 0, 2, 2, 2,
       1, 1, 0, 2, 1, 2, 0, 1, 2, 2], dtype=object)]
[263, array([-58., -29., -29.,   0.]), array([2, 1, 0, 1, 2, 3, 1, 2, 0, 0, 0, 2, 1, 0, 3, 2, 2, 0, 0, 2, 2, 3,
       0, 0, 2, 3, 2, 2, 2, 0, 2, 0, 0, 0, 0, 1, 0, 2, 1, 3, 0, 2, 0, 2,
       3, 3, 1, 1, 3, 2, 3, 2, 2, 0, 0, 3, 1, 2, 2, 0, 2, 0, 0, 0, 3, 3,
       2, 3, 0, 3, 2, 2, 2, 3, 2, 1, 1, 1, 0, 0, 0, 3, 2, 2, 2, 1, 3, 0,
       2, 3, 1, 0, 1, 3, 0, 0, 0, 0, 3, 0, 2, 0, 2, 3, 2, 2, 0, 2, 2, 2,
       1, 1, 0, 2, 1, 2, 0, 1, 2, 2], dtype=object)]
[263, array([-58., -29., -29.,   0.]), array([2, 1, 0, 1, 2, 3, 1, 2, 0, 0, 0, 2, 1, 0, 3, 2, 2, 0, 0, 2, 2, 3,
       0, 0, 2, 3, 2, 2, 2, 0, 2, 0, 0, 0, 0, 1, 0, 2, 1, 3, 0, 2, 0, 2,
       3, 3, 1, 1, 3, 2, 3, 2, 2, 0, 0, 3, 1, 2, 2, 0, 2, 0, 0, 0, 3, 3,
       2, 3, 0, 3, 2, 2, 2, 3, 2, 1, 1, 1, 0, 0, 0, 3, 2, 2, 2, 1, 3, 0,
       2, 3, 1, 0, 1, 3, 0, 0, 0, 0, 3, 0, 2, 0, 2, 3, 2, 2, 0, 2, 2, 2,
       1, 1, 0, 2, 1, 2, 0, 1, 2, 2], dtype=object)]
[264, array([-58., -29., -29.,   0.]), array([2, 0, 0, 1, 2, 3, 1, 2, 0, 0, 0, 2, 1, 0, 3, 2, 2, 0, 0, 2, 2, 3,
       0, 0, 2, 3, 2, 2, 2, 0, 2, 0, 0, 0, 0, 1, 0, 2, 1, 3, 0, 2, 0, 2,
       3, 3, 1, 1, 3, 2, 3, 2, 2, 0, 0, 3, 1, 2, 2, 0, 2, 0, 0, 0, 3, 3,
       2, 3, 0, 3, 2, 2, 2, 3, 2, 1, 1, 1, 0, 0, 0, 3, 2, 2, 2, 1, 3, 0,
       2, 3, 1, 0, 1, 3, 0, 0, 0, 0, 3, 0, 2, 0, 2, 3, 2, 2, 0, 2, 2, 2,
       1, 1, 0, 2, 1, 2, 0, 1, 2, 2], dtype=object)]
[264, array([-58., -29., -29.,   0.]), array([2, 0, 0, 1, 2, 3, 1, 2, 0, 0, 0, 2, 1, 0, 3, 2, 2, 0, 0, 2, 2, 3,
       0, 0, 2, 3, 2, 2, 2, 0, 2, 0, 0, 0, 0, 1, 0, 2, 1, 3, 0, 2, 0, 2,
       3, 3, 1, 1, 3, 2, 3, 2, 2, 0, 0, 3, 1, 2, 2, 0, 2, 0, 0, 0, 3, 3,
       2, 3, 0, 3, 2, 2, 2, 3, 2, 1, 1, 1, 0, 0, 0, 3, 2, 2, 2, 1, 3, 0,
       2, 3, 1, 0, 1, 3, 0, 0, 0, 0, 3, 0, 2, 0, 2, 3, 2, 2, 0, 2, 2, 2,
       1, 1, 0, 2, 1, 2, 0, 1, 2, 2], dtype=object)]
[264, array([-58., -29., -29.,   0.]), array([2, 0, 0, 1, 2, 3, 1, 2, 0, 0, 0, 2, 1, 0, 3, 2, 2, 0, 0, 2, 2, 3,
       0, 0, 2, 3, 2, 2, 2, 0, 2, 0, 0, 0, 0, 1, 0, 2, 1, 3, 0, 2, 0, 2,
       3, 3, 1, 1, 3, 2, 3, 2, 2, 0, 0, 3, 1, 2, 2, 0, 2, 0, 0, 0, 3, 3,
       2, 3, 0, 3, 2, 2, 2, 3, 2, 1, 1, 1, 0, 0, 0, 3, 2, 2, 2, 1, 3, 0,
       2, 3, 1, 0, 1, 3, 0, 0, 0, 0, 3, 0, 2, 0, 2, 3, 2, 2, 0, 2, 2, 2,
       1, 1, 0, 2, 1, 2, 0, 1, 2, 2], dtype=object)]
[264, array([-58., -29., -29.,   0.]), array([2, 0, 0, 1, 2, 3, 1, 2, 0, 0, 0, 2, 1, 0, 3, 2, 2, 0, 0, 2, 2, 3,
       0, 0, 2, 3, 2, 2, 2, 0, 2, 0, 0, 0, 0, 1, 0, 2, 1, 3, 0, 2, 0, 2,
       3, 3, 1, 1, 3, 2, 3, 2, 2, 0, 0, 3, 1, 2, 2, 0, 2, 0, 0, 0, 3, 3,
       2, 3, 0, 3, 2, 2, 2, 3, 2, 1, 1, 1, 0, 0, 0, 3, 2, 2, 2, 1, 3, 0,
       2, 3, 1, 0, 1, 3, 0, 0, 0, 0, 3, 0, 2, 0, 2, 3, 2, 2, 0, 2, 2, 2,
       1, 1, 0, 2, 1, 2, 0, 1, 2, 2], dtype=object)]
[265, array([-58., -29., -29.,   0.]), array([2, 1, 0, 1, 2, 3, 1, 2, 0, 0, 0, 2, 1, 0, 0, 2, 2, 0, 0, 2, 2, 3,
       0, 0, 2, 3, 2, 2, 2, 2, 2, 0, 0, 0, 0, 1, 2, 2, 1, 3, 0, 2, 0, 2,
       3, 3, 1, 1, 3, 2, 3, 2, 2, 0, 0, 3, 1, 2, 2, 0, 2, 0, 0, 0, 3, 1,
       2, 3, 2, 3, 2, 2, 2, 3, 2, 1, 1, 1, 0, 0, 0, 3, 2, 2, 2, 1, 3, 0,
       2, 3, 1, 0, 1, 3, 0, 0, 0, 0, 3, 2, 2, 0, 2, 3, 2, 2, 0, 3, 2, 2,
       1, 1, 0, 2, 1, 2, 0, 1, 2, 2], dtype=object)]
[265, array([-58., -29., -29.,   0.]), array([2, 1, 0, 1, 2, 3, 1, 2, 0, 0, 0, 2, 1, 0, 0, 2, 2, 0, 0, 2, 2, 3,
       0, 0, 2, 3, 2, 2, 2, 2, 2, 0, 0, 0, 0, 1, 2, 2, 1, 3, 0, 2, 0, 2,
       3, 3, 1, 1, 3, 2, 3, 2, 2, 0, 0, 3, 1, 2, 2, 0, 2, 0, 0, 0, 3, 1,
       2, 3, 2, 3, 2, 2, 2, 3, 2, 1, 1, 1, 0, 0, 0, 3, 2, 2, 2, 1, 3, 0,
       2, 3, 1, 0, 1, 3, 0, 0, 0, 0, 3, 2, 2, 0, 2, 3, 2, 2, 0, 3, 2, 2,
       1, 1, 0, 2, 1, 2, 0, 1, 2, 2], dtype=object)]
[265, array([-58., -29., -29.,   0.]), array([2, 1, 0, 1, 2, 3, 1, 2, 0, 0, 0, 2, 1, 0, 0, 2, 2, 0, 0, 2, 2, 3,
       0, 0, 2, 3, 2, 2, 2, 2, 2, 0, 0, 0, 0, 1, 2, 2, 1, 3, 0, 2, 0, 2,
       3, 3, 1, 1, 3, 2, 3, 2, 2, 0, 0, 3, 1, 2, 2, 0, 2, 0, 0, 0, 3, 1,
       2, 3, 2, 3, 2, 2, 2, 3, 2, 1, 1, 1, 0, 0, 0, 3, 2, 2, 2, 1, 3, 0,
       2, 3, 1, 0, 1, 3, 0, 0, 0, 0, 3, 2, 2, 0, 2, 3, 2, 2, 0, 3, 2, 2,
       1, 1, 0, 2, 1, 2, 0, 1, 2, 2], dtype=object)]
[265, array([-58., -29., -29.,   0.]), array([2, 1, 0, 1, 2, 3, 1, 2, 0, 0, 0, 2, 1, 0, 0, 2, 2, 0, 0, 2, 2, 3,
       0, 0, 2, 3, 2, 2, 2, 2, 2, 0, 0, 0, 0, 1, 2, 2, 1, 3, 0, 2, 0, 2,
       3, 3, 1, 1, 3, 2, 3, 2, 2, 0, 0, 3, 1, 2, 2, 0, 2, 0, 0, 0, 3, 1,
       2, 3, 2, 3, 2, 2, 2, 3, 2, 1, 1, 1, 0, 0, 0, 3, 2, 2, 2, 1, 3, 0,
       2, 3, 1, 0, 1, 3, 0, 0, 0, 0, 3, 2, 2, 0, 2, 3, 2, 2, 0, 3, 2, 2,
       1, 1, 0, 2, 1, 2, 0, 1, 2, 2], dtype=object)]
[266, array([-58., -29., -29.,   0.]), array([2, 1, 0, 1, 2, 1, 1, 2, 0, 0, 0, 2, 1, 0, 0, 2, 2, 0, 0, 2, 2, 3,
       0, 0, 0, 3, 2, 2, 2, 2, 2, 0, 0, 0, 0, 1, 0, 2, 1, 3, 0, 2, 0, 2,
       3, 3, 1, 1, 3, 2, 3, 2, 2, 0, 0, 3, 1, 2, 2, 0, 2, 0, 0, 0, 3, 3,
       2, 3, 2, 3, 2, 2, 2, 3, 2, 1, 1, 1, 0, 0, 0, 3, 2, 2, 2, 1, 3, 0,
       2, 3, 1, 0, 1, 3, 0, 0, 0, 0, 3, 2, 2, 0, 2, 3, 2, 2, 0, 3, 2, 2,
       1, 1, 0, 2, 1, 2, 0, 1, 2, 2], dtype=object)]
[266, array([-58., -29., -29.,   0.]), array([2, 1, 0, 1, 2, 1, 1, 2, 0, 0, 0, 2, 1, 0, 0, 2, 2, 0, 0, 2, 2, 3,
       0, 0, 0, 3, 2, 2, 2, 2, 2, 0, 0, 0, 0, 1, 0, 2, 1, 3, 0, 2, 0, 2,
       3, 3, 1, 1, 3, 2, 3, 2, 2, 0, 0, 3, 1, 2, 2, 0, 2, 0, 0, 0, 3, 3,
       2, 3, 2, 3, 2, 2, 2, 3, 2, 1, 1, 1, 0, 0, 0, 3, 2, 2, 2, 1, 3, 0,
       2, 3, 1, 0, 1, 3, 0, 0, 0, 0, 3, 2, 2, 0, 2, 3, 2, 2, 0, 3, 2, 2,
       1, 1, 0, 2, 1, 2, 0, 1, 2, 2], dtype=object)]
[266, array([-58., -29., -29.,   0.]), array([2, 1, 0, 1, 2, 1, 1, 2, 0, 0, 0, 2, 1, 0, 0, 2, 2, 0, 0, 2, 2, 3,
       0, 0, 0, 3, 2, 2, 2, 2, 2, 0, 0, 0, 0, 1, 0, 2, 1, 3, 0, 2, 0, 2,
       3, 3, 1, 1, 3, 2, 3, 2, 2, 0, 0, 3, 1, 2, 2, 0, 2, 0, 0, 0, 3, 3,
       2, 3, 2, 3, 2, 2, 2, 3, 2, 1, 1, 1, 0, 0, 0, 3, 2, 2, 2, 1, 3, 0,
       2, 3, 1, 0, 1, 3, 0, 0, 0, 0, 3, 2, 2, 0, 2, 3, 2, 2, 0, 3, 2, 2,
       1, 1, 0, 2, 1, 2, 0, 1, 2, 2], dtype=object)]
[266, array([-58., -29., -29.,   0.]), array([2, 1, 0, 1, 2, 1, 1, 2, 0, 0, 0, 2, 1, 0, 0, 2, 2, 0, 0, 2, 2, 3,
       0, 0, 0, 3, 2, 2, 2, 2, 2, 0, 0, 0, 0, 1, 0, 2, 1, 3, 0, 2, 0, 2,
       3, 3, 1, 1, 3, 2, 3, 2, 2, 0, 0, 3, 1, 2, 2, 0, 2, 0, 0, 0, 3, 3,
       2, 3, 2, 3, 2, 2, 2, 3, 2, 1, 1, 1, 0, 0, 0, 3, 2, 2, 2, 1, 3, 0,
       2, 3, 1, 0, 1, 3, 0, 0, 0, 0, 3, 2, 2, 0, 2, 3, 2, 2, 0, 3, 2, 2,
       1, 1, 0, 2, 1, 2, 0, 1, 2, 2], dtype=object)]
[267, array([-58., -29., -29.,   0.]), array([2, 1, 0, 1, 2, 3, 1, 2, 0, 0, 0, 2, 1, 0, 0, 2, 2, 0, 0, 2, 2, 3,
       0, 0, 2, 3, 2, 2, 2, 2, 2, 0, 0, 0, 0, 1, 1, 2, 1, 3, 0, 2, 0, 2,
       3, 3, 1, 1, 3, 2, 3, 2, 2, 0, 0, 3, 0, 2, 2, 0, 2, 0, 0, 0, 3, 3,
       2, 3, 2, 3, 2, 2, 2, 3, 2, 1, 1, 1, 0, 0, 0, 3, 2, 2, 2, 1, 3, 0,
       2, 3, 1, 0, 1, 3, 0, 0, 0, 0, 3, 0, 2, 0, 0, 3, 2, 2, 0, 3, 2, 2,
       1, 1, 0, 2, 1, 2, 0, 2, 2, 2], dtype=object)]
[267, array([-58., -29., -29.,   0.]), array([2, 1, 0, 1, 2, 3, 1, 2, 0, 0, 0, 2, 1, 0, 0, 2, 2, 0, 0, 2, 2, 3,
       0, 0, 2, 3, 2, 2, 2, 2, 2, 0, 0, 0, 0, 1, 1, 2, 1, 3, 0, 2, 0, 2,
       3, 3, 1, 1, 3, 2, 3, 2, 2, 0, 0, 3, 0, 2, 2, 0, 2, 0, 0, 0, 3, 3,
       2, 3, 2, 3, 2, 2, 2, 3, 2, 1, 1, 1, 0, 0, 0, 3, 2, 2, 2, 1, 3, 0,
       2, 3, 1, 0, 1, 3, 0, 0, 0, 0, 3, 0, 2, 0, 0, 3, 2, 2, 0, 3, 2, 2,
       1, 1, 0, 2, 1, 2, 0, 2, 2, 2], dtype=object)]
[267, array([-58., -29., -29.,   0.]), array([2, 1, 0, 1, 2, 3, 1, 2, 0, 0, 0, 2, 1, 0, 0, 2, 2, 0, 0, 2, 2, 3,
       0, 0, 2, 3, 2, 2, 2, 2, 2, 0, 0, 0, 0, 1, 1, 2, 1, 3, 0, 2, 0, 2,
       3, 3, 1, 1, 3, 2, 3, 2, 2, 0, 0, 3, 0, 2, 2, 0, 2, 0, 0, 0, 3, 3,
       2, 3, 2, 3, 2, 2, 2, 3, 2, 1, 1, 1, 0, 0, 0, 3, 2, 2, 2, 1, 3, 0,
       2, 3, 1, 0, 1, 3, 0, 0, 0, 0, 3, 0, 2, 0, 0, 3, 2, 2, 0, 3, 2, 2,
       1, 1, 0, 2, 1, 2, 0, 2, 2, 2], dtype=object)]
[267, array([-58., -29., -29.,   0.]), array([2, 1, 0, 1, 2, 3, 1, 2, 0, 0, 0, 2, 1, 0, 0, 2, 2, 0, 0, 2, 2, 3,
       0, 0, 2, 3, 2, 2, 2, 2, 2, 0, 0, 0, 0, 1, 1, 2, 1, 3, 0, 2, 0, 2,
       3, 3, 1, 1, 3, 2, 3, 2, 2, 0, 0, 3, 0, 2, 2, 0, 2, 0, 0, 0, 3, 3,
       2, 3, 2, 3, 2, 2, 2, 3, 2, 1, 1, 1, 0, 0, 0, 3, 2, 2, 2, 1, 3, 0,
       2, 3, 1, 0, 1, 3, 0, 0, 0, 0, 3, 0, 2, 0, 0, 3, 2, 2, 0, 3, 2, 2,
       1, 1, 0, 2, 1, 2, 0, 2, 2, 2], dtype=object)]
[268, array([-58., -29., -29.,   0.]), array([2, 1, 0, 1, 2, 1, 1, 2, 0, 0, 0, 2, 1, 0, 0, 2, 2, 0, 0, 2, 2, 3,
       0, 0, 2, 3, 2, 2, 2, 2, 2, 0, 0, 0, 0, 1, 0, 2, 1, 3, 0, 2, 0, 2,
       3, 3, 1, 1, 3, 2, 3, 2, 2, 0, 0, 3, 1, 2, 2, 0, 0, 0, 0, 0, 3, 3,
       2, 3, 2, 3, 2, 2, 2, 3, 2, 1, 1, 1, 0, 0, 2, 3, 2, 2, 2, 1, 3, 0,
       2, 3, 1, 0, 1, 3, 0, 0, 0, 0, 3, 0, 2, 0, 2, 3, 1, 2, 0, 2, 2, 2,
       1, 1, 0, 2, 1, 2, 0, 1, 2, 2], dtype=object)]
[268, array([-58., -29., -29.,   0.]), array([2, 1, 0, 1, 2, 1, 1, 2, 0, 0, 0, 2, 1, 0, 0, 2, 2, 0, 0, 2, 2, 3,
       0, 0, 2, 3, 2, 2, 2, 2, 2, 0, 0, 0, 0, 1, 0, 2, 1, 3, 0, 2, 0, 2,
       3, 3, 1, 1, 3, 2, 3, 2, 2, 0, 0, 3, 1, 2, 2, 0, 0, 0, 0, 0, 3, 3,
       2, 3, 2, 3, 2, 2, 2, 3, 2, 1, 1, 1, 0, 0, 2, 3, 2, 2, 2, 1, 3, 0,
       2, 3, 1, 0, 1, 3, 0, 0, 0, 0, 3, 0, 2, 0, 2, 3, 1, 2, 0, 2, 2, 2,
       1, 1, 0, 2, 1, 2, 0, 1, 2, 2], dtype=object)]
[268, array([-58., -29., -29.,   0.]), array([2, 1, 0, 1, 2, 1, 1, 2, 0, 0, 0, 2, 1, 0, 0, 2, 2, 0, 0, 2, 2, 3,
       0, 0, 2, 3, 2, 2, 2, 2, 2, 0, 0, 0, 0, 1, 0, 2, 1, 3, 0, 2, 0, 2,
       3, 3, 1, 1, 3, 2, 3, 2, 2, 0, 0, 3, 1, 2, 2, 0, 0, 0, 0, 0, 3, 3,
       2, 3, 2, 3, 2, 2, 2, 3, 2, 1, 1, 1, 0, 0, 2, 3, 2, 2, 2, 1, 3, 0,
       2, 3, 1, 0, 1, 3, 0, 0, 0, 0, 3, 0, 2, 0, 2, 3, 1, 2, 0, 2, 2, 2,
       1, 1, 0, 2, 1, 2, 0, 1, 2, 2], dtype=object)]
[268, array([-58., -29., -29.,   0.]), array([2, 1, 0, 1, 2, 1, 1, 2, 0, 0, 0, 2, 1, 0, 0, 2, 2, 0, 0, 2, 2, 3,
       0, 0, 2, 3, 2, 2, 2, 2, 2, 0, 0, 0, 0, 1, 0, 2, 1, 3, 0, 2, 0, 2,
       3, 3, 1, 1, 3, 2, 3, 2, 2, 0, 0, 3, 1, 2, 2, 0, 0, 0, 0, 0, 3, 3,
       2, 3, 2, 3, 2, 2, 2, 3, 2, 1, 1, 1, 0, 0, 2, 3, 2, 2, 2, 1, 3, 0,
       2, 3, 1, 0, 1, 3, 0, 0, 0, 0, 3, 0, 2, 0, 2, 3, 1, 2, 0, 2, 2, 2,
       1, 1, 0, 2, 1, 2, 0, 1, 2, 2], dtype=object)]
[269, array([-58., -29., -29.,   0.]), array([2, 1, 0, 1, 2, 0, 1, 2, 0, 0, 0, 2, 1, 0, 0, 2, 2, 0, 0, 2, 2, 3,
       0, 0, 2, 3, 2, 2, 2, 2, 2, 0, 0, 0, 0, 1, 0, 2, 1, 3, 0, 2, 0, 2,
       3, 3, 1, 1, 3, 2, 3, 2, 2, 0, 0, 3, 1, 2, 2, 0, 2, 0, 0, 0, 3, 3,
       2, 3, 2, 3, 2, 2, 2, 3, 2, 1, 1, 1, 0, 0, 0, 3, 2, 2, 2, 1, 3, 0,
       2, 3, 1, 0, 1, 3, 0, 0, 0, 0, 3, 2, 2, 0, 2, 3, 2, 2, 0, 3, 2, 2,
       1, 1, 0, 2, 1, 2, 0, 1, 2, 2], dtype=object)]
[269, array([-58., -29., -29.,   0.]), array([2, 1, 0, 1, 2, 0, 1, 2, 0, 0, 0, 2, 1, 0, 0, 2, 2, 0, 0, 2, 2, 3,
       0, 0, 2, 3, 2, 2, 2, 2, 2, 0, 0, 0, 0, 1, 0, 2, 1, 3, 0, 2, 0, 2,
       3, 3, 1, 1, 3, 2, 3, 2, 2, 0, 0, 3, 1, 2, 2, 0, 2, 0, 0, 0, 3, 3,
       2, 3, 2, 3, 2, 2, 2, 3, 2, 1, 1, 1, 0, 0, 0, 3, 2, 2, 2, 1, 3, 0,
       2, 3, 1, 0, 1, 3, 0, 0, 0, 0, 3, 2, 2, 0, 2, 3, 2, 2, 0, 3, 2, 2,
       1, 1, 0, 2, 1, 2, 0, 1, 2, 2], dtype=object)]
[269, array([-58., -29., -29.,   0.]), array([2, 1, 0, 1, 2, 0, 1, 2, 0, 0, 0, 2, 1, 0, 0, 2, 2, 0, 0, 2, 2, 3,
       0, 0, 2, 3, 2, 2, 2, 2, 2, 0, 0, 0, 0, 1, 0, 2, 1, 3, 0, 2, 0, 2,
       3, 3, 1, 1, 3, 2, 3, 2, 2, 0, 0, 3, 1, 2, 2, 0, 2, 0, 0, 0, 3, 3,
       2, 3, 2, 3, 2, 2, 2, 3, 2, 1, 1, 1, 0, 0, 0, 3, 2, 2, 2, 1, 3, 0,
       2, 3, 1, 0, 1, 3, 0, 0, 0, 0, 3, 2, 2, 0, 2, 3, 2, 2, 0, 3, 2, 2,
       1, 1, 0, 2, 1, 2, 0, 1, 2, 2], dtype=object)]
[269, array([-58., -29., -29.,   0.]), array([2, 1, 0, 1, 2, 0, 1, 2, 0, 0, 0, 2, 1, 0, 0, 2, 2, 0, 0, 2, 2, 3,
       0, 0, 2, 3, 2, 2, 2, 2, 2, 0, 0, 0, 0, 1, 0, 2, 1, 3, 0, 2, 0, 2,
       3, 3, 1, 1, 3, 2, 3, 2, 2, 0, 0, 3, 1, 2, 2, 0, 2, 0, 0, 0, 3, 3,
       2, 3, 2, 3, 2, 2, 2, 3, 2, 1, 1, 1, 0, 0, 0, 3, 2, 2, 2, 1, 3, 0,
       2, 3, 1, 0, 1, 3, 0, 0, 0, 0, 3, 2, 2, 0, 2, 3, 2, 2, 0, 3, 2, 2,
       1, 1, 0, 2, 1, 2, 0, 1, 2, 2], dtype=object)]
[270, array([-58., -29., -29.,   0.]), array([2, 1, 0, 1, 2, 0, 1, 2, 0, 0, 0, 2, 1, 0, 0, 2, 2, 0, 0, 2, 2, 3,
       0, 0, 2, 3, 2, 2, 2, 2, 2, 0, 0, 0, 0, 1, 0, 2, 1, 3, 0, 2, 0, 2,
       3, 3, 1, 1, 3, 2, 3, 2, 2, 0, 0, 3, 1, 2, 2, 0, 2, 0, 0, 0, 3, 3,
       2, 3, 2, 3, 2, 2, 2, 3, 2, 1, 1, 1, 0, 0, 0, 3, 2, 2, 2, 1, 3, 0,
       2, 3, 1, 0, 1, 3, 0, 2, 0, 0, 3, 2, 2, 0, 2, 3, 2, 2, 0, 2, 2, 2,
       1, 1, 0, 0, 1, 2, 0, 1, 2, 2], dtype=object)]
[270, array([-58., -29., -29.,   0.]), array([2, 1, 0, 1, 2, 0, 1, 2, 0, 0, 0, 2, 1, 0, 0, 2, 2, 0, 0, 2, 2, 3,
       0, 0, 2, 3, 2, 2, 2, 2, 2, 0, 0, 0, 0, 1, 0, 2, 1, 3, 0, 2, 0, 2,
       3, 3, 1, 1, 3, 2, 3, 2, 2, 0, 0, 3, 1, 2, 2, 0, 2, 0, 0, 0, 3, 3,
       2, 3, 2, 3, 2, 2, 2, 3, 2, 1, 1, 1, 0, 0, 0, 3, 2, 2, 2, 1, 3, 0,
       2, 3, 1, 0, 1, 3, 0, 2, 0, 0, 3, 2, 2, 0, 2, 3, 2, 2, 0, 2, 2, 2,
       1, 1, 0, 0, 1, 2, 0, 1, 2, 2], dtype=object)]
[270, array([-58., -29., -29.,   0.]), array([2, 1, 0, 1, 2, 0, 1, 2, 0, 0, 0, 2, 1, 0, 0, 2, 2, 0, 0, 2, 2, 3,
       0, 0, 2, 3, 2, 2, 2, 2, 2, 0, 0, 0, 0, 1, 0, 2, 1, 3, 0, 2, 0, 2,
       3, 3, 1, 1, 3, 2, 3, 2, 2, 0, 0, 3, 1, 2, 2, 0, 2, 0, 0, 0, 3, 3,
       2, 3, 2, 3, 2, 2, 2, 3, 2, 1, 1, 1, 0, 0, 0, 3, 2, 2, 2, 1, 3, 0,
       2, 3, 1, 0, 1, 3, 0, 2, 0, 0, 3, 2, 2, 0, 2, 3, 2, 2, 0, 2, 2, 2,
       1, 1, 0, 0, 1, 2, 0, 1, 2, 2], dtype=object)]
[270, array([-58., -29., -29.,   0.]), array([2, 1, 0, 1, 2, 0, 1, 2, 0, 0, 0, 2, 1, 0, 0, 2, 2, 0, 0, 2, 2, 3,
       0, 0, 2, 3, 2, 2, 2, 2, 2, 0, 0, 0, 0, 1, 0, 2, 1, 3, 0, 2, 0, 2,
       3, 3, 1, 1, 3, 2, 3, 2, 2, 0, 0, 3, 1, 2, 2, 0, 2, 0, 0, 0, 3, 3,
       2, 3, 2, 3, 2, 2, 2, 3, 2, 1, 1, 1, 0, 0, 0, 3, 2, 2, 2, 1, 3, 0,
       2, 3, 1, 0, 1, 3, 0, 2, 0, 0, 3, 2, 2, 0, 2, 3, 2, 2, 0, 2, 2, 2,
       1, 1, 0, 0, 1, 2, 0, 1, 2, 2], dtype=object)]
[271, array([-58., -29., -29.,   0.]), array([2, 1, 0, 1, 2, 0, 1, 2, 0, 0, 0, 2, 1, 0, 0, 2, 2, 0, 0, 2, 2, 3,
       0, 0, 2, 3, 2, 2, 2, 2, 2, 0, 0, 0, 0, 1, 1, 2, 1, 3, 0, 2, 0, 2,
       2, 3, 1, 1, 3, 2, 3, 2, 2, 0, 0, 3, 1, 2, 2, 0, 2, 0, 0, 0, 3, 3,
       2, 3, 2, 3, 2, 2, 2, 3, 2, 1, 1, 1, 0, 0, 0, 3, 2, 2, 2, 1, 3, 0,
       2, 3, 1, 0, 1, 3, 0, 0, 0, 0, 3, 0, 2, 0, 2, 3, 2, 2, 0, 2, 2, 2,
       1, 1, 0, 2, 1, 2, 0, 1, 2, 2], dtype=object)]
[271, array([-58., -29., -29.,   0.]), array([2, 1, 0, 1, 2, 0, 1, 2, 0, 0, 0, 2, 1, 0, 0, 2, 2, 0, 0, 2, 2, 3,
       0, 0, 2, 3, 2, 2, 2, 2, 2, 0, 0, 0, 0, 1, 1, 2, 1, 3, 0, 2, 0, 2,
       2, 3, 1, 1, 3, 2, 3, 2, 2, 0, 0, 3, 1, 2, 2, 0, 2, 0, 0, 0, 3, 3,
       2, 3, 2, 3, 2, 2, 2, 3, 2, 1, 1, 1, 0, 0, 0, 3, 2, 2, 2, 1, 3, 0,
       2, 3, 1, 0, 1, 3, 0, 0, 0, 0, 3, 0, 2, 0, 2, 3, 2, 2, 0, 2, 2, 2,
       1, 1, 0, 2, 1, 2, 0, 1, 2, 2], dtype=object)]
[271, array([-58., -29., -29.,   0.]), array([2, 1, 0, 1, 2, 0, 1, 2, 0, 0, 0, 2, 1, 0, 0, 2, 2, 0, 0, 2, 2, 3,
       0, 0, 2, 3, 2, 2, 2, 2, 2, 0, 0, 0, 0, 1, 1, 2, 1, 3, 0, 2, 0, 2,
       2, 3, 1, 1, 3, 2, 3, 2, 2, 0, 0, 3, 1, 2, 2, 0, 2, 0, 0, 0, 3, 3,
       2, 3, 2, 3, 2, 2, 2, 3, 2, 1, 1, 1, 0, 0, 0, 3, 2, 2, 2, 1, 3, 0,
       2, 3, 1, 0, 1, 3, 0, 0, 0, 0, 3, 0, 2, 0, 2, 3, 2, 2, 0, 2, 2, 2,
       1, 1, 0, 2, 1, 2, 0, 1, 2, 2], dtype=object)]
[271, array([-58., -29., -29.,   0.]), array([2, 1, 0, 1, 2, 0, 1, 2, 0, 0, 0, 2, 1, 0, 0, 2, 2, 0, 0, 2, 2, 3,
       0, 0, 2, 3, 2, 2, 2, 2, 2, 0, 0, 0, 0, 1, 1, 2, 1, 3, 0, 2, 0, 2,
       2, 3, 1, 1, 3, 2, 3, 2, 2, 0, 0, 3, 1, 2, 2, 0, 2, 0, 0, 0, 3, 3,
       2, 3, 2, 3, 2, 2, 2, 3, 2, 1, 1, 1, 0, 0, 0, 3, 2, 2, 2, 1, 3, 0,
       2, 3, 1, 0, 1, 3, 0, 0, 0, 0, 3, 0, 2, 0, 2, 3, 2, 2, 0, 2, 2, 2,
       1, 1, 0, 2, 1, 2, 0, 1, 2, 2], dtype=object)]
[272, array([-58., -29., -29.,   0.]), array([2, 1, 0, 1, 2, 0, 1, 2, 0, 0, 0, 2, 1, 0, 0, 2, 2, 0, 0, 2, 2, 3,
       0, 0, 2, 3, 2, 2, 2, 2, 2, 0, 0, 0, 0, 1, 0, 2, 1, 3, 0, 2, 0, 2,
       3, 3, 1, 1, 3, 2, 3, 2, 2, 0, 0, 3, 1, 2, 2, 0, 2, 0, 0, 0, 3, 3,
       2, 3, 2, 3, 2, 2, 2, 3, 2, 1, 1, 1, 0, 0, 0, 3, 2, 2, 2, 1, 3, 0,
       2, 3, 1, 0, 2, 3, 0, 0, 0, 0, 3, 0, 2, 0, 2, 3, 2, 2, 0, 2, 2, 2,
       1, 1, 0, 2, 1, 2, 0, 1, 2, 2], dtype=object)]
[272, array([-58., -29., -29.,   0.]), array([2, 1, 0, 1, 2, 0, 1, 2, 0, 0, 0, 2, 1, 0, 0, 2, 2, 0, 0, 2, 2, 3,
       0, 0, 2, 3, 2, 2, 2, 2, 2, 0, 0, 0, 0, 1, 0, 2, 1, 3, 0, 2, 0, 2,
       3, 3, 1, 1, 3, 2, 3, 2, 2, 0, 0, 3, 1, 2, 2, 0, 2, 0, 0, 0, 3, 3,
       2, 3, 2, 3, 2, 2, 2, 3, 2, 1, 1, 1, 0, 0, 0, 3, 2, 2, 2, 1, 3, 0,
       2, 3, 1, 0, 2, 3, 0, 0, 0, 0, 3, 0, 2, 0, 2, 3, 2, 2, 0, 2, 2, 2,
       1, 1, 0, 2, 1, 2, 0, 1, 2, 2], dtype=object)]
[272, array([-58., -29., -29.,   0.]), array([2, 1, 0, 1, 2, 0, 1, 2, 0, 0, 0, 2, 1, 0, 0, 2, 2, 0, 0, 2, 2, 3,
       0, 0, 2, 3, 2, 2, 2, 2, 2, 0, 0, 0, 0, 1, 0, 2, 1, 3, 0, 2, 0, 2,
       3, 3, 1, 1, 3, 2, 3, 2, 2, 0, 0, 3, 1, 2, 2, 0, 2, 0, 0, 0, 3, 3,
       2, 3, 2, 3, 2, 2, 2, 3, 2, 1, 1, 1, 0, 0, 0, 3, 2, 2, 2, 1, 3, 0,
       2, 3, 1, 0, 2, 3, 0, 0, 0, 0, 3, 0, 2, 0, 2, 3, 2, 2, 0, 2, 2, 2,
       1, 1, 0, 2, 1, 2, 0, 1, 2, 2], dtype=object)]
[272, array([-58., -29., -29.,   0.]), array([2, 1, 0, 1, 2, 0, 1, 2, 0, 0, 0, 2, 1, 0, 0, 2, 2, 0, 0, 2, 2, 3,
       0, 0, 2, 3, 2, 2, 2, 2, 2, 0, 0, 0, 0, 1, 0, 2, 1, 3, 0, 2, 0, 2,
       3, 3, 1, 1, 3, 2, 3, 2, 2, 0, 0, 3, 1, 2, 2, 0, 2, 0, 0, 0, 3, 3,
       2, 3, 2, 3, 2, 2, 2, 3, 2, 1, 1, 1, 0, 0, 0, 3, 2, 2, 2, 1, 3, 0,
       2, 3, 1, 0, 2, 3, 0, 0, 0, 0, 3, 0, 2, 0, 2, 3, 2, 2, 0, 2, 2, 2,
       1, 1, 0, 2, 1, 2, 0, 1, 2, 2], dtype=object)]
[273, array([-58., -29., -29.,   0.]), array([2, 1, 0, 1, 2, 0, 1, 2, 0, 0, 0, 2, 1, 0, 0, 2, 2, 0, 0, 2, 2, 3,
       0, 0, 2, 3, 2, 2, 2, 2, 2, 0, 0, 0, 0, 1, 0, 2, 1, 3, 0, 2, 0, 2,
       3, 3, 1, 1, 3, 2, 3, 2, 2, 0, 0, 3, 1, 2, 2, 0, 2, 0, 0, 0, 3, 2,
       2, 3, 2, 3, 2, 2, 0, 3, 2, 1, 1, 1, 0, 0, 0, 3, 2, 2, 2, 1, 3, 0,
       2, 3, 1, 0, 1, 3, 0, 0, 0, 0, 3, 0, 2, 0, 0, 3, 2, 2, 0, 3, 2, 2,
       1, 1, 0, 2, 1, 2, 0, 1, 2, 2], dtype=object)]
[273, array([-58., -29., -29.,   0.]), array([2, 1, 0, 1, 2, 0, 1, 2, 0, 0, 0, 2, 1, 0, 0, 2, 2, 0, 0, 2, 2, 3,
       0, 0, 2, 3, 2, 2, 2, 2, 2, 0, 0, 0, 0, 1, 0, 2, 1, 3, 0, 2, 0, 2,
       3, 3, 1, 1, 3, 2, 3, 2, 2, 0, 0, 3, 1, 2, 2, 0, 2, 0, 0, 0, 3, 2,
       2, 3, 2, 3, 2, 2, 0, 3, 2, 1, 1, 1, 0, 0, 0, 3, 2, 2, 2, 1, 3, 0,
       2, 3, 1, 0, 1, 3, 0, 0, 0, 0, 3, 0, 2, 0, 0, 3, 2, 2, 0, 3, 2, 2,
       1, 1, 0, 2, 1, 2, 0, 1, 2, 2], dtype=object)]
[273, array([-58., -29., -29.,   0.]), array([2, 1, 0, 1, 2, 0, 1, 2, 0, 0, 0, 2, 1, 0, 0, 2, 2, 0, 0, 2, 2, 3,
       0, 0, 2, 3, 2, 2, 2, 2, 2, 0, 0, 0, 0, 1, 0, 2, 1, 3, 0, 2, 0, 2,
       3, 3, 1, 1, 3, 2, 3, 2, 2, 0, 0, 3, 1, 2, 2, 0, 2, 0, 0, 0, 3, 2,
       2, 3, 2, 3, 2, 2, 0, 3, 2, 1, 1, 1, 0, 0, 0, 3, 2, 2, 2, 1, 3, 0,
       2, 3, 1, 0, 1, 3, 0, 0, 0, 0, 3, 0, 2, 0, 0, 3, 2, 2, 0, 3, 2, 2,
       1, 1, 0, 2, 1, 2, 0, 1, 2, 2], dtype=object)]
[273, array([-58., -29., -29.,   0.]), array([2, 1, 0, 1, 2, 0, 1, 2, 0, 0, 0, 2, 1, 0, 0, 2, 2, 0, 0, 2, 2, 3,
       0, 0, 2, 3, 2, 2, 2, 2, 2, 0, 0, 0, 0, 1, 0, 2, 1, 3, 0, 2, 0, 2,
       3, 3, 1, 1, 3, 2, 3, 2, 2, 0, 0, 3, 1, 2, 2, 0, 2, 0, 0, 0, 3, 2,
       2, 3, 2, 3, 2, 2, 0, 3, 2, 1, 1, 1, 0, 0, 0, 3, 2, 2, 2, 1, 3, 0,
       2, 3, 1, 0, 1, 3, 0, 0, 0, 0, 3, 0, 2, 0, 0, 3, 2, 2, 0, 3, 2, 2,
       1, 1, 0, 2, 1, 2, 0, 1, 2, 2], dtype=object)]
[274, array([-58., -29., -29.,   0.]), array([2, 1, 0, 1, 2, 0, 1, 2, 0, 0, 0, 2, 1, 0, 0, 2, 2, 0, 0, 2, 2, 3,
       0, 0, 2, 3, 2, 2, 2, 2, 2, 0, 0, 0, 0, 1, 1, 2, 1, 3, 0, 2, 0, 2,
       2, 3, 1, 1, 3, 2, 3, 2, 2, 0, 0, 3, 1, 2, 2, 0, 2, 0, 0, 0, 3, 3,
       2, 3, 2, 3, 2, 2, 2, 3, 2, 1, 1, 1, 0, 0, 0, 3, 2, 2, 2, 1, 3, 0,
       2, 3, 1, 0, 1, 3, 0, 0, 0, 0, 3, 0, 2, 0, 0, 3, 2, 2, 0, 3, 2, 2,
       1, 1, 0, 2, 1, 2, 0, 1, 2, 2], dtype=object)]
[274, array([-58., -29., -29.,   0.]), array([2, 1, 0, 1, 2, 0, 1, 2, 0, 0, 0, 2, 1, 0, 0, 2, 2, 0, 0, 2, 2, 3,
       0, 0, 2, 3, 2, 2, 2, 2, 2, 0, 0, 0, 0, 1, 1, 2, 1, 3, 0, 2, 0, 2,
       2, 3, 1, 1, 3, 2, 3, 2, 2, 0, 0, 3, 1, 2, 2, 0, 2, 0, 0, 0, 3, 3,
       2, 3, 2, 3, 2, 2, 2, 3, 2, 1, 1, 1, 0, 0, 0, 3, 2, 2, 2, 1, 3, 0,
       2, 3, 1, 0, 1, 3, 0, 0, 0, 0, 3, 0, 2, 0, 0, 3, 2, 2, 0, 3, 2, 2,
       1, 1, 0, 2, 1, 2, 0, 1, 2, 2], dtype=object)]
[274, array([-58., -29., -29.,   0.]), array([2, 1, 0, 1, 2, 0, 1, 2, 0, 0, 0, 2, 1, 0, 0, 2, 2, 0, 0, 2, 2, 3,
       0, 0, 2, 3, 2, 2, 2, 2, 2, 0, 0, 0, 0, 1, 1, 2, 1, 3, 0, 2, 0, 2,
       2, 3, 1, 1, 3, 2, 3, 2, 2, 0, 0, 3, 1, 2, 2, 0, 2, 0, 0, 0, 3, 3,
       2, 3, 2, 3, 2, 2, 2, 3, 2, 1, 1, 1, 0, 0, 0, 3, 2, 2, 2, 1, 3, 0,
       2, 3, 1, 0, 1, 3, 0, 0, 0, 0, 3, 0, 2, 0, 0, 3, 2, 2, 0, 3, 2, 2,
       1, 1, 0, 2, 1, 2, 0, 1, 2, 2], dtype=object)]
[274, array([-58., -29., -29.,   0.]), array([2, 1, 0, 1, 2, 0, 1, 2, 0, 0, 0, 2, 1, 0, 0, 2, 2, 0, 0, 2, 2, 3,
       0, 0, 2, 3, 2, 2, 2, 2, 2, 0, 0, 0, 0, 1, 1, 2, 1, 3, 0, 2, 0, 2,
       2, 3, 1, 1, 3, 2, 3, 2, 2, 0, 0, 3, 1, 2, 2, 0, 2, 0, 0, 0, 3, 3,
       2, 3, 2, 3, 2, 2, 2, 3, 2, 1, 1, 1, 0, 0, 0, 3, 2, 2, 2, 1, 3, 0,
       2, 3, 1, 0, 1, 3, 0, 0, 0, 0, 3, 0, 2, 0, 0, 3, 2, 2, 0, 3, 2, 2,
       1, 1, 0, 2, 1, 2, 0, 1, 2, 2], dtype=object)]
[275, array([-58., -29., -29.,   0.]), array([2, 1, 0, 1, 2, 0, 1, 2, 0, 0, 0, 2, 1, 0, 0, 2, 2, 1, 0, 2, 2, 3,
       0, 0, 2, 3, 2, 2, 2, 2, 2, 0, 0, 0, 0, 1, 0, 2, 1, 3, 0, 2, 0, 2,
       3, 3, 1, 1, 3, 2, 3, 2, 2, 0, 0, 3, 0, 2, 2, 0, 2, 0, 0, 0, 3, 3,
       2, 3, 2, 3, 2, 2, 2, 3, 2, 1, 1, 1, 0, 0, 0, 3, 2, 2, 2, 1, 3, 0,
       2, 3, 1, 0, 1, 3, 0, 0, 3, 0, 3, 0, 2, 3, 2, 3, 2, 2, 0, 3, 2, 1,
       1, 1, 0, 2, 1, 2, 0, 1, 2, 2], dtype=object)]
[275, array([-58., -29., -29.,   0.]), array([2, 1, 0, 1, 2, 0, 1, 2, 0, 0, 0, 2, 1, 0, 0, 2, 2, 1, 0, 2, 2, 3,
       0, 0, 2, 3, 2, 2, 2, 2, 2, 0, 0, 0, 0, 1, 0, 2, 1, 3, 0, 2, 0, 2,
       3, 3, 1, 1, 3, 2, 3, 2, 2, 0, 0, 3, 0, 2, 2, 0, 2, 0, 0, 0, 3, 3,
       2, 3, 2, 3, 2, 2, 2, 3, 2, 1, 1, 1, 0, 0, 0, 3, 2, 2, 2, 1, 3, 0,
       2, 3, 1, 0, 1, 3, 0, 0, 3, 0, 3, 0, 2, 3, 2, 3, 2, 2, 0, 3, 2, 1,
       1, 1, 0, 2, 1, 2, 0, 1, 2, 2], dtype=object)]
[275, array([-58., -29., -29.,   0.]), array([2, 1, 0, 1, 2, 0, 1, 2, 0, 0, 0, 2, 1, 0, 0, 2, 2, 1, 0, 2, 2, 3,
       0, 0, 2, 3, 2, 2, 2, 2, 2, 0, 0, 0, 0, 1, 0, 2, 1, 3, 0, 2, 0, 2,
       3, 3, 1, 1, 3, 2, 3, 2, 2, 0, 0, 3, 0, 2, 2, 0, 2, 0, 0, 0, 3, 3,
       2, 3, 2, 3, 2, 2, 2, 3, 2, 1, 1, 1, 0, 0, 0, 3, 2, 2, 2, 1, 3, 0,
       2, 3, 1, 0, 1, 3, 0, 0, 3, 0, 3, 0, 2, 3, 2, 3, 2, 2, 0, 3, 2, 1,
       1, 1, 0, 2, 1, 2, 0, 1, 2, 2], dtype=object)]
[275, array([-58., -29., -29.,   0.]), array([2, 1, 0, 1, 2, 0, 1, 2, 0, 0, 0, 2, 1, 0, 0, 2, 2, 1, 0, 2, 2, 3,
       0, 0, 2, 3, 2, 2, 2, 2, 2, 0, 0, 0, 0, 1, 0, 2, 1, 3, 0, 2, 0, 2,
       3, 3, 1, 1, 3, 2, 3, 2, 2, 0, 0, 3, 0, 2, 2, 0, 2, 0, 0, 0, 3, 3,
       2, 3, 2, 3, 2, 2, 2, 3, 2, 1, 1, 1, 0, 0, 0, 3, 2, 2, 2, 1, 3, 0,
       2, 3, 1, 0, 1, 3, 0, 0, 3, 0, 3, 0, 2, 3, 2, 3, 2, 2, 0, 3, 2, 1,
       1, 1, 0, 2, 1, 2, 0, 1, 2, 2], dtype=object)]
[276, array([-58., -29., -29.,   0.]), array([2, 1, 0, 1, 2, 0, 1, 2, 0, 0, 0, 2, 1, 0, 0, 2, 2, 1, 0, 2, 2, 3,
       0, 0, 2, 3, 2, 2, 2, 2, 2, 0, 0, 0, 0, 1, 0, 2, 1, 3, 0, 2, 0, 2,
       3, 3, 1, 1, 3, 2, 3, 2, 2, 0, 0, 3, 0, 2, 2, 0, 2, 0, 0, 0, 3, 3,
       2, 3, 2, 3, 2, 2, 2, 3, 2, 1, 1, 1, 0, 0, 0, 3, 2, 2, 2, 1, 3, 0,
       2, 3, 1, 0, 1, 1, 0, 0, 3, 0, 3, 0, 2, 3, 2, 3, 2, 2, 0, 3, 2, 1,
       1, 1, 0, 2, 1, 2, 0, 1, 2, 2], dtype=object)]
[276, array([-58., -29., -29.,   0.]), array([2, 1, 0, 1, 2, 0, 1, 2, 0, 0, 0, 2, 1, 0, 0, 2, 2, 1, 0, 2, 2, 3,
       0, 0, 2, 3, 2, 2, 2, 2, 2, 0, 0, 0, 0, 1, 0, 2, 1, 3, 0, 2, 0, 2,
       3, 3, 1, 1, 3, 2, 3, 2, 2, 0, 0, 3, 0, 2, 2, 0, 2, 0, 0, 0, 3, 3,
       2, 3, 2, 3, 2, 2, 2, 3, 2, 1, 1, 1, 0, 0, 0, 3, 2, 2, 2, 1, 3, 0,
       2, 3, 1, 0, 1, 1, 0, 0, 3, 0, 3, 0, 2, 3, 2, 3, 2, 2, 0, 3, 2, 1,
       1, 1, 0, 2, 1, 2, 0, 1, 2, 2], dtype=object)]
[276, array([-58., -29., -29.,   0.]), array([2, 1, 0, 1, 2, 0, 1, 2, 0, 0, 0, 2, 1, 0, 0, 2, 2, 1, 0, 2, 2, 3,
       0, 0, 2, 3, 2, 2, 2, 2, 2, 0, 0, 0, 0, 1, 0, 2, 1, 3, 0, 2, 0, 2,
       3, 3, 1, 1, 3, 2, 3, 2, 2, 0, 0, 3, 0, 2, 2, 0, 2, 0, 0, 0, 3, 3,
       2, 3, 2, 3, 2, 2, 2, 3, 2, 1, 1, 1, 0, 0, 0, 3, 2, 2, 2, 1, 3, 0,
       2, 3, 1, 0, 1, 1, 0, 0, 3, 0, 3, 0, 2, 3, 2, 3, 2, 2, 0, 3, 2, 1,
       1, 1, 0, 2, 1, 2, 0, 1, 2, 2], dtype=object)]
[276, array([-58., -29., -29.,   0.]), array([2, 1, 0, 1, 2, 0, 1, 2, 0, 0, 0, 2, 1, 0, 0, 2, 2, 1, 0, 2, 2, 3,
       0, 0, 2, 3, 2, 2, 2, 2, 2, 0, 0, 0, 0, 1, 0, 2, 1, 3, 0, 2, 0, 2,
       3, 3, 1, 1, 3, 2, 3, 2, 2, 0, 0, 3, 0, 2, 2, 0, 2, 0, 0, 0, 3, 3,
       2, 3, 2, 3, 2, 2, 2, 3, 2, 1, 1, 1, 0, 0, 0, 3, 2, 2, 2, 1, 3, 0,
       2, 3, 1, 0, 1, 1, 0, 0, 3, 0, 3, 0, 2, 3, 2, 3, 2, 2, 0, 3, 2, 1,
       1, 1, 0, 2, 1, 2, 0, 1, 2, 2], dtype=object)]
[277, array([-58., -29., -29.,   0.]), array([2, 1, 0, 1, 2, 0, 1, 2, 0, 0, 0, 2, 1, 0, 0, 2, 2, 0, 0, 2, 2, 3,
       0, 0, 2, 3, 2, 2, 2, 2, 2, 0, 0, 0, 0, 1, 0, 2, 1, 3, 0, 2, 0, 2,
       3, 3, 1, 1, 3, 2, 3, 2, 2, 0, 0, 3, 0, 2, 2, 0, 2, 0, 0, 0, 3, 3,
       2, 3, 2, 3, 2, 2, 2, 3, 2, 1, 1, 1, 0, 0, 0, 3, 2, 2, 2, 1, 3, 0,
       2, 3, 1, 0, 1, 3, 0, 0, 0, 0, 3, 0, 2, 0, 2, 3, 2, 2, 0, 3, 2, 2,
       1, 1, 0, 2, 1, 2, 0, 1, 2, 2], dtype=object)]
[277, array([-58., -29., -29.,   0.]), array([2, 1, 0, 1, 2, 0, 1, 2, 0, 0, 0, 2, 1, 0, 0, 2, 2, 0, 0, 2, 2, 3,
       0, 0, 2, 3, 2, 2, 2, 2, 2, 0, 0, 0, 0, 1, 0, 2, 1, 3, 0, 2, 0, 2,
       3, 3, 1, 1, 3, 2, 3, 2, 2, 0, 0, 3, 0, 2, 2, 0, 2, 0, 0, 0, 3, 3,
       2, 3, 2, 3, 2, 2, 2, 3, 2, 1, 1, 1, 0, 0, 0, 3, 2, 2, 2, 1, 3, 0,
       2, 3, 1, 0, 1, 3, 0, 0, 0, 0, 3, 0, 2, 0, 2, 3, 2, 2, 0, 3, 2, 2,
       1, 1, 0, 2, 1, 2, 0, 1, 2, 2], dtype=object)]
[277, array([-58., -29., -29.,   0.]), array([2, 1, 0, 1, 2, 0, 1, 2, 0, 0, 0, 2, 1, 0, 0, 2, 2, 0, 0, 2, 2, 3,
       0, 0, 2, 3, 2, 2, 2, 2, 2, 0, 0, 0, 0, 1, 0, 2, 1, 3, 0, 2, 0, 2,
       3, 3, 1, 1, 3, 2, 3, 2, 2, 0, 0, 3, 0, 2, 2, 0, 2, 0, 0, 0, 3, 3,
       2, 3, 2, 3, 2, 2, 2, 3, 2, 1, 1, 1, 0, 0, 0, 3, 2, 2, 2, 1, 3, 0,
       2, 3, 1, 0, 1, 3, 0, 0, 0, 0, 3, 0, 2, 0, 2, 3, 2, 2, 0, 3, 2, 2,
       1, 1, 0, 2, 1, 2, 0, 1, 2, 2], dtype=object)]
[277, array([-58., -29., -29.,   0.]), array([2, 1, 0, 1, 2, 0, 1, 2, 0, 0, 0, 2, 1, 0, 0, 2, 2, 0, 0, 2, 2, 3,
       0, 0, 2, 3, 2, 2, 2, 2, 2, 0, 0, 0, 0, 1, 0, 2, 1, 3, 0, 2, 0, 2,
       3, 3, 1, 1, 3, 2, 3, 2, 2, 0, 0, 3, 0, 2, 2, 0, 2, 0, 0, 0, 3, 3,
       2, 3, 2, 3, 2, 2, 2, 3, 2, 1, 1, 1, 0, 0, 0, 3, 2, 2, 2, 1, 3, 0,
       2, 3, 1, 0, 1, 3, 0, 0, 0, 0, 3, 0, 2, 0, 2, 3, 2, 2, 0, 3, 2, 2,
       1, 1, 0, 2, 1, 2, 0, 1, 2, 2], dtype=object)]
[278, array([-58., -29., -29.,   0.]), array([2, 1, 0, 1, 2, 0, 1, 2, 0, 0, 0, 2, 1, 0, 0, 2, 2, 0, 0, 2, 2, 3,
       0, 0, 2, 3, 2, 2, 2, 2, 2, 0, 0, 0, 0, 1, 0, 2, 1, 3, 0, 2, 0, 2,
       3, 3, 1, 1, 3, 2, 3, 2, 1, 0, 0, 3, 0, 2, 2, 0, 2, 0, 0, 0, 3, 3,
       2, 3, 2, 3, 2, 2, 2, 3, 2, 1, 1, 1, 0, 0, 0, 3, 2, 2, 2, 1, 3, 0,
       2, 3, 1, 0, 1, 3, 0, 0, 0, 0, 3, 0, 2, 0, 2, 3, 2, 2, 0, 3, 2, 2,
       1, 1, 0, 2, 1, 2, 0, 1, 2, 2], dtype=object)]
[278, array([-58., -29., -29.,   0.]), array([2, 1, 0, 1, 2, 0, 1, 2, 0, 0, 0, 2, 1, 0, 0, 2, 2, 0, 0, 2, 2, 3,
       0, 0, 2, 3, 2, 2, 2, 2, 2, 0, 0, 0, 0, 1, 0, 2, 1, 3, 0, 2, 0, 2,
       3, 3, 1, 1, 3, 2, 3, 2, 1, 0, 0, 3, 0, 2, 2, 0, 2, 0, 0, 0, 3, 3,
       2, 3, 2, 3, 2, 2, 2, 3, 2, 1, 1, 1, 0, 0, 0, 3, 2, 2, 2, 1, 3, 0,
       2, 3, 1, 0, 1, 3, 0, 0, 0, 0, 3, 0, 2, 0, 2, 3, 2, 2, 0, 3, 2, 2,
       1, 1, 0, 2, 1, 2, 0, 1, 2, 2], dtype=object)]
[278, array([-58., -29., -29.,   0.]), array([2, 1, 0, 1, 2, 0, 1, 2, 0, 0, 0, 2, 1, 0, 0, 2, 2, 0, 0, 2, 2, 3,
       0, 0, 2, 3, 2, 2, 2, 2, 2, 0, 0, 0, 0, 1, 0, 2, 1, 3, 0, 2, 0, 2,
       3, 3, 1, 1, 3, 2, 3, 2, 1, 0, 0, 3, 0, 2, 2, 0, 2, 0, 0, 0, 3, 3,
       2, 3, 2, 3, 2, 2, 2, 3, 2, 1, 1, 1, 0, 0, 0, 3, 2, 2, 2, 1, 3, 0,
       2, 3, 1, 0, 1, 3, 0, 0, 0, 0, 3, 0, 2, 0, 2, 3, 2, 2, 0, 3, 2, 2,
       1, 1, 0, 2, 1, 2, 0, 1, 2, 2], dtype=object)]
[278, array([-58., -29., -29.,   0.]), array([2, 1, 0, 1, 2, 0, 1, 2, 0, 0, 0, 2, 1, 0, 0, 2, 2, 0, 0, 2, 2, 3,
       0, 0, 2, 3, 2, 2, 2, 2, 2, 0, 0, 0, 0, 1, 0, 2, 1, 3, 0, 2, 0, 2,
       3, 3, 1, 1, 3, 2, 3, 2, 1, 0, 0, 3, 0, 2, 2, 0, 2, 0, 0, 0, 3, 3,
       2, 3, 2, 3, 2, 2, 2, 3, 2, 1, 1, 1, 0, 0, 0, 3, 2, 2, 2, 1, 3, 0,
       2, 3, 1, 0, 1, 3, 0, 0, 0, 0, 3, 0, 2, 0, 2, 3, 2, 2, 0, 3, 2, 2,
       1, 1, 0, 2, 1, 2, 0, 1, 2, 2], dtype=object)]
[279, array([-58., -29., -29.,   0.]), array([2, 1, 0, 1, 2, 3, 1, 2, 0, 0, 0, 2, 1, 0, 3, 2, 2, 0, 0, 2, 2, 3,
       0, 0, 2, 3, 2, 2, 2, 2, 2, 0, 0, 0, 3, 1, 0, 2, 1, 3, 0, 2, 0, 2,
       3, 3, 1, 1, 3, 2, 3, 2, 2, 0, 0, 3, 0, 2, 2, 0, 2, 0, 0, 0, 3, 3,
       2, 3, 2, 3, 2, 2, 2, 3, 2, 1, 1, 1, 0, 0, 0, 3, 2, 2, 2, 1, 3, 0,
       2, 3, 1, 0, 1, 3, 0, 0, 3, 0, 3, 0, 2, 0, 2, 3, 2, 2, 0, 3, 2, 2,
       1, 1, 0, 2, 1, 2, 0, 1, 2, 2], dtype=object)]
[279, array([-58., -29., -29.,   0.]), array([2, 1, 0, 1, 2, 3, 1, 2, 0, 0, 0, 2, 1, 0, 3, 2, 2, 0, 0, 2, 2, 3,
       0, 0, 2, 3, 2, 2, 2, 2, 2, 0, 0, 0, 3, 1, 0, 2, 1, 3, 0, 2, 0, 2,
       3, 3, 1, 1, 3, 2, 3, 2, 2, 0, 0, 3, 0, 2, 2, 0, 2, 0, 0, 0, 3, 3,
       2, 3, 2, 3, 2, 2, 2, 3, 2, 1, 1, 1, 0, 0, 0, 3, 2, 2, 2, 1, 3, 0,
       2, 3, 1, 0, 1, 3, 0, 0, 3, 0, 3, 0, 2, 0, 2, 3, 2, 2, 0, 3, 2, 2,
       1, 1, 0, 2, 1, 2, 0, 1, 2, 2], dtype=object)]
[279, array([-58., -29., -29.,   0.]), array([2, 1, 0, 1, 2, 3, 1, 2, 0, 0, 0, 2, 1, 0, 3, 2, 2, 0, 0, 2, 2, 3,
       0, 0, 2, 3, 2, 2, 2, 2, 2, 0, 0, 0, 3, 1, 0, 2, 1, 3, 0, 2, 0, 2,
       3, 3, 1, 1, 3, 2, 3, 2, 2, 0, 0, 3, 0, 2, 2, 0, 2, 0, 0, 0, 3, 3,
       2, 3, 2, 3, 2, 2, 2, 3, 2, 1, 1, 1, 0, 0, 0, 3, 2, 2, 2, 1, 3, 0,
       2, 3, 1, 0, 1, 3, 0, 0, 3, 0, 3, 0, 2, 0, 2, 3, 2, 2, 0, 3, 2, 2,
       1, 1, 0, 2, 1, 2, 0, 1, 2, 2], dtype=object)]
[279, array([-58., -29., -29.,   0.]), array([2, 1, 0, 1, 2, 3, 1, 2, 0, 0, 0, 2, 1, 0, 3, 2, 2, 0, 0, 2, 2, 3,
       0, 0, 2, 3, 2, 2, 2, 2, 2, 0, 0, 0, 3, 1, 0, 2, 1, 3, 0, 2, 0, 2,
       3, 3, 1, 1, 3, 2, 3, 2, 2, 0, 0, 3, 0, 2, 2, 0, 2, 0, 0, 0, 3, 3,
       2, 3, 2, 3, 2, 2, 2, 3, 2, 1, 1, 1, 0, 0, 0, 3, 2, 2, 2, 1, 3, 0,
       2, 3, 1, 0, 1, 3, 0, 0, 3, 0, 3, 0, 2, 0, 2, 3, 2, 2, 0, 3, 2, 2,
       1, 1, 0, 2, 1, 2, 0, 1, 2, 2], dtype=object)]
[280, array([-58., -29., -29.,   0.]), array([2, 1, 0, 1, 2, 3, 1, 2, 0, 0, 0, 2, 1, 0, 3, 2, 2, 0, 0, 2, 2, 3,
       0, 0, 2, 3, 2, 2, 2, 2, 2, 0, 0, 0, 3, 1, 0, 2, 1, 3, 0, 2, 0, 2,
       3, 3, 1, 1, 3, 2, 3, 2, 2, 0, 0, 3, 0, 2, 2, 0, 2, 0, 0, 0, 3, 3,
       2, 3, 2, 3, 2, 2, 2, 3, 2, 1, 1, 1, 0, 0, 0, 3, 2, 2, 2, 3, 3, 0,
       2, 3, 1, 0, 1, 3, 0, 0, 3, 0, 3, 0, 2, 0, 2, 3, 2, 2, 0, 3, 2, 2,
       1, 1, 0, 2, 1, 2, 0, 1, 2, 2], dtype=object)]
[280, array([-58., -29., -29.,   0.]), array([2, 1, 0, 1, 2, 3, 1, 2, 0, 0, 0, 2, 1, 0, 3, 2, 2, 0, 0, 2, 2, 3,
       0, 0, 2, 3, 2, 2, 2, 2, 2, 0, 0, 0, 3, 1, 0, 2, 1, 3, 0, 2, 0, 2,
       3, 3, 1, 1, 3, 2, 3, 2, 2, 0, 0, 3, 0, 2, 2, 0, 2, 0, 0, 0, 3, 3,
       2, 3, 2, 3, 2, 2, 2, 3, 2, 1, 1, 1, 0, 0, 0, 3, 2, 2, 2, 3, 3, 0,
       2, 3, 1, 0, 1, 3, 0, 0, 3, 0, 3, 0, 2, 0, 2, 3, 2, 2, 0, 3, 2, 2,
       1, 1, 0, 2, 1, 2, 0, 1, 2, 2], dtype=object)]
[280, array([-58., -29., -29.,   0.]), array([2, 1, 0, 1, 2, 3, 1, 2, 0, 0, 0, 2, 1, 0, 3, 2, 2, 0, 0, 2, 2, 3,
       0, 0, 2, 3, 2, 2, 2, 2, 2, 0, 0, 0, 3, 1, 0, 2, 1, 3, 0, 2, 0, 2,
       3, 3, 1, 1, 3, 2, 3, 2, 2, 0, 0, 3, 0, 2, 2, 0, 2, 0, 0, 0, 3, 3,
       2, 3, 2, 3, 2, 2, 2, 3, 2, 1, 1, 1, 0, 0, 0, 3, 2, 2, 2, 3, 3, 0,
       2, 3, 1, 0, 1, 3, 0, 0, 3, 0, 3, 0, 2, 0, 2, 3, 2, 2, 0, 3, 2, 2,
       1, 1, 0, 2, 1, 2, 0, 1, 2, 2], dtype=object)]
[280, array([-58., -29., -29.,   0.]), array([2, 1, 0, 1, 2, 3, 1, 2, 0, 0, 0, 2, 1, 0, 3, 2, 2, 0, 0, 2, 2, 3,
       0, 0, 2, 3, 2, 2, 2, 2, 2, 0, 0, 0, 3, 1, 0, 2, 1, 3, 0, 2, 0, 2,
       3, 3, 1, 1, 3, 2, 3, 2, 2, 0, 0, 3, 0, 2, 2, 0, 2, 0, 0, 0, 3, 3,
       2, 3, 2, 3, 2, 2, 2, 3, 2, 1, 1, 1, 0, 0, 0, 3, 2, 2, 2, 3, 3, 0,
       2, 3, 1, 0, 1, 3, 0, 0, 3, 0, 3, 0, 2, 0, 2, 3, 2, 2, 0, 3, 2, 2,
       1, 1, 0, 2, 1, 2, 0, 1, 2, 2], dtype=object)]
[281, array([-58., -29., -29.,   0.]), array([2, 1, 0, 1, 2, 3, 1, 2, 0, 0, 0, 2, 1, 0, 3, 2, 2, 0, 0, 2, 2, 3,
       0, 0, 2, 3, 2, 2, 2, 2, 2, 0, 0, 0, 3, 1, 0, 2, 1, 3, 0, 2, 0, 2,
       3, 3, 1, 1, 2, 2, 3, 2, 2, 0, 0, 3, 1, 2, 2, 0, 2, 0, 0, 0, 3, 0,
       2, 3, 2, 3, 2, 2, 2, 3, 2, 1, 1, 1, 0, 0, 0, 3, 2, 2, 2, 1, 3, 0,
       2, 3, 0, 0, 1, 3, 0, 0, 1, 0, 3, 0, 2, 0, 2, 3, 2, 2, 0, 3, 2, 2,
       1, 1, 0, 2, 1, 2, 0, 1, 2, 2], dtype=object)]
[281, array([-58., -29., -29.,   0.]), array([2, 1, 0, 1, 2, 3, 1, 2, 0, 0, 0, 2, 1, 0, 3, 2, 2, 0, 0, 2, 2, 3,
       0, 0, 2, 3, 2, 2, 2, 2, 2, 0, 0, 0, 3, 1, 0, 2, 1, 3, 0, 2, 0, 2,
       3, 3, 1, 1, 2, 2, 3, 2, 2, 0, 0, 3, 1, 2, 2, 0, 2, 0, 0, 0, 3, 0,
       2, 3, 2, 3, 2, 2, 2, 3, 2, 1, 1, 1, 0, 0, 0, 3, 2, 2, 2, 1, 3, 0,
       2, 3, 0, 0, 1, 3, 0, 0, 1, 0, 3, 0, 2, 0, 2, 3, 2, 2, 0, 3, 2, 2,
       1, 1, 0, 2, 1, 2, 0, 1, 2, 2], dtype=object)]
[281, array([-58., -29., -29.,   0.]), array([2, 1, 0, 1, 2, 3, 1, 2, 0, 0, 0, 2, 1, 0, 3, 2, 2, 0, 0, 2, 2, 3,
       0, 0, 2, 3, 2, 2, 2, 2, 2, 0, 0, 0, 3, 1, 0, 2, 1, 3, 0, 2, 0, 2,
       3, 3, 1, 1, 2, 2, 3, 2, 2, 0, 0, 3, 1, 2, 2, 0, 2, 0, 0, 0, 3, 0,
       2, 3, 2, 3, 2, 2, 2, 3, 2, 1, 1, 1, 0, 0, 0, 3, 2, 2, 2, 1, 3, 0,
       2, 3, 0, 0, 1, 3, 0, 0, 1, 0, 3, 0, 2, 0, 2, 3, 2, 2, 0, 3, 2, 2,
       1, 1, 0, 2, 1, 2, 0, 1, 2, 2], dtype=object)]
[281, array([-58., -29., -29.,   0.]), array([2, 1, 0, 1, 2, 3, 1, 2, 0, 0, 0, 2, 1, 0, 3, 2, 2, 0, 0, 2, 2, 3,
       0, 0, 2, 3, 2, 2, 2, 2, 2, 0, 0, 0, 3, 1, 0, 2, 1, 3, 0, 2, 0, 2,
       3, 3, 1, 1, 2, 2, 3, 2, 2, 0, 0, 3, 1, 2, 2, 0, 2, 0, 0, 0, 3, 0,
       2, 3, 2, 3, 2, 2, 2, 3, 2, 1, 1, 1, 0, 0, 0, 3, 2, 2, 2, 1, 3, 0,
       2, 3, 0, 0, 1, 3, 0, 0, 1, 0, 3, 0, 2, 0, 2, 3, 2, 2, 0, 3, 2, 2,
       1, 1, 0, 2, 1, 2, 0, 1, 2, 2], dtype=object)]
[282, array([-58., -29., -29.,   0.]), array([2, 1, 0, 1, 2, 3, 1, 2, 0, 0, 0, 2, 1, 0, 0, 2, 2, 0, 0, 2, 2, 3,
       0, 0, 2, 3, 2, 2, 2, 2, 2, 0, 0, 0, 3, 1, 0, 2, 1, 3, 0, 2, 0, 2,
       3, 3, 1, 1, 3, 2, 3, 2, 2, 0, 0, 3, 0, 2, 2, 0, 2, 0, 0, 0, 3, 3,
       2, 3, 2, 3, 2, 2, 2, 3, 2, 1, 1, 1, 0, 0, 0, 3, 2, 2, 2, 1, 3, 0,
       2, 3, 1, 0, 1, 2, 0, 0, 0, 0, 3, 0, 2, 0, 2, 3, 2, 2, 0, 3, 2, 2,
       1, 1, 0, 2, 1, 2, 0, 1, 2, 2], dtype=object)]
[282, array([-58., -29., -29.,   0.]), array([2, 1, 0, 1, 2, 3, 1, 2, 0, 0, 0, 2, 1, 0, 0, 2, 2, 0, 0, 2, 2, 3,
       0, 0, 2, 3, 2, 2, 2, 2, 2, 0, 0, 0, 3, 1, 0, 2, 1, 3, 0, 2, 0, 2,
       3, 3, 1, 1, 3, 2, 3, 2, 2, 0, 0, 3, 0, 2, 2, 0, 2, 0, 0, 0, 3, 3,
       2, 3, 2, 3, 2, 2, 2, 3, 2, 1, 1, 1, 0, 0, 0, 3, 2, 2, 2, 1, 3, 0,
       2, 3, 1, 0, 1, 2, 0, 0, 0, 0, 3, 0, 2, 0, 2, 3, 2, 2, 0, 3, 2, 2,
       1, 1, 0, 2, 1, 2, 0, 1, 2, 2], dtype=object)]
[282, array([-58., -29., -29.,   0.]), array([2, 1, 0, 1, 2, 3, 1, 2, 0, 0, 0, 2, 1, 0, 0, 2, 2, 0, 0, 2, 2, 3,
       0, 0, 2, 3, 2, 2, 2, 2, 2, 0, 0, 0, 3, 1, 0, 2, 1, 3, 0, 2, 0, 2,
       3, 3, 1, 1, 3, 2, 3, 2, 2, 0, 0, 3, 0, 2, 2, 0, 2, 0, 0, 0, 3, 3,
       2, 3, 2, 3, 2, 2, 2, 3, 2, 1, 1, 1, 0, 0, 0, 3, 2, 2, 2, 1, 3, 0,
       2, 3, 1, 0, 1, 2, 0, 0, 0, 0, 3, 0, 2, 0, 2, 3, 2, 2, 0, 3, 2, 2,
       1, 1, 0, 2, 1, 2, 0, 1, 2, 2], dtype=object)]
[282, array([-58., -29., -29.,   0.]), array([2, 1, 0, 1, 2, 3, 1, 2, 0, 0, 0, 2, 1, 0, 0, 2, 2, 0, 0, 2, 2, 3,
       0, 0, 2, 3, 2, 2, 2, 2, 2, 0, 0, 0, 3, 1, 0, 2, 1, 3, 0, 2, 0, 2,
       3, 3, 1, 1, 3, 2, 3, 2, 2, 0, 0, 3, 0, 2, 2, 0, 2, 0, 0, 0, 3, 3,
       2, 3, 2, 3, 2, 2, 2, 3, 2, 1, 1, 1, 0, 0, 0, 3, 2, 2, 2, 1, 3, 0,
       2, 3, 1, 0, 1, 2, 0, 0, 0, 0, 3, 0, 2, 0, 2, 3, 2, 2, 0, 3, 2, 2,
       1, 1, 0, 2, 1, 2, 0, 1, 2, 2], dtype=object)]
[283, array([-58., -29., -29.,   0.]), array([2, 1, 0, 1, 2, 1, 1, 2, 0, 0, 0, 2, 1, 0, 0, 2, 2, 0, 0, 2, 2, 3,
       0, 0, 2, 3, 2, 2, 2, 2, 2, 0, 0, 0, 3, 1, 0, 2, 1, 3, 0, 2, 0, 2,
       3, 3, 1, 1, 3, 2, 3, 2, 2, 0, 0, 3, 1, 2, 2, 0, 2, 0, 0, 0, 3, 0,
       2, 3, 2, 3, 2, 2, 2, 3, 2, 1, 1, 1, 0, 0, 0, 3, 1, 2, 2, 1, 3, 0,
       2, 3, 1, 0, 1, 3, 0, 0, 0, 0, 3, 2, 2, 0, 2, 3, 2, 2, 0, 2, 2, 2,
       1, 1, 0, 2, 1, 2, 0, 1, 2, 2], dtype=object)]
[283, array([-58., -29., -29.,   0.]), array([2, 1, 0, 1, 2, 1, 1, 2, 0, 0, 0, 2, 1, 0, 0, 2, 2, 0, 0, 2, 2, 3,
       0, 0, 2, 3, 2, 2, 2, 2, 2, 0, 0, 0, 3, 1, 0, 2, 1, 3, 0, 2, 0, 2,
       3, 3, 1, 1, 3, 2, 3, 2, 2, 0, 0, 3, 1, 2, 2, 0, 2, 0, 0, 0, 3, 0,
       2, 3, 2, 3, 2, 2, 2, 3, 2, 1, 1, 1, 0, 0, 0, 3, 1, 2, 2, 1, 3, 0,
       2, 3, 1, 0, 1, 3, 0, 0, 0, 0, 3, 2, 2, 0, 2, 3, 2, 2, 0, 2, 2, 2,
       1, 1, 0, 2, 1, 2, 0, 1, 2, 2], dtype=object)]
[283, array([-58., -29., -29.,   0.]), array([2, 1, 0, 1, 2, 1, 1, 2, 0, 0, 0, 2, 1, 0, 0, 2, 2, 0, 0, 2, 2, 3,
       0, 0, 2, 3, 2, 2, 2, 2, 2, 0, 0, 0, 3, 1, 0, 2, 1, 3, 0, 2, 0, 2,
       3, 3, 1, 1, 3, 2, 3, 2, 2, 0, 0, 3, 1, 2, 2, 0, 2, 0, 0, 0, 3, 0,
       2, 3, 2, 3, 2, 2, 2, 3, 2, 1, 1, 1, 0, 0, 0, 3, 1, 2, 2, 1, 3, 0,
       2, 3, 1, 0, 1, 3, 0, 0, 0, 0, 3, 2, 2, 0, 2, 3, 2, 2, 0, 2, 2, 2,
       1, 1, 0, 2, 1, 2, 0, 1, 2, 2], dtype=object)]
[283, array([-58., -29., -29.,   0.]), array([2, 1, 0, 1, 2, 1, 1, 2, 0, 0, 0, 2, 1, 0, 0, 2, 2, 0, 0, 2, 2, 3,
       0, 0, 2, 3, 2, 2, 2, 2, 2, 0, 0, 0, 3, 1, 0, 2, 1, 3, 0, 2, 0, 2,
       3, 3, 1, 1, 3, 2, 3, 2, 2, 0, 0, 3, 1, 2, 2, 0, 2, 0, 0, 0, 3, 0,
       2, 3, 2, 3, 2, 2, 2, 3, 2, 1, 1, 1, 0, 0, 0, 3, 1, 2, 2, 1, 3, 0,
       2, 3, 1, 0, 1, 3, 0, 0, 0, 0, 3, 2, 2, 0, 2, 3, 2, 2, 0, 2, 2, 2,
       1, 1, 0, 2, 1, 2, 0, 1, 2, 2], dtype=object)]
[284, array([-58., -29., -29.,   0.]), array([2, 1, 0, 1, 2, 3, 3, 2, 0, 0, 0, 2, 1, 0, 3, 2, 2, 0, 0, 2, 2, 3,
       0, 0, 2, 3, 2, 2, 2, 2, 2, 0, 0, 0, 0, 1, 0, 2, 1, 3, 0, 2, 0, 2,
       3, 3, 1, 1, 3, 2, 3, 2, 2, 0, 0, 3, 1, 2, 2, 0, 2, 0, 0, 0, 3, 0,
       2, 3, 2, 3, 2, 2, 2, 3, 2, 1, 1, 1, 0, 0, 0, 3, 1, 2, 2, 1, 3, 0,
       2, 3, 1, 0, 1, 3, 0, 0, 0, 0, 3, 2, 2, 0, 2, 3, 2, 2, 0, 2, 2, 2,
       1, 1, 0, 2, 1, 2, 0, 1, 2, 2], dtype=object)]
[284, array([-58., -29., -29.,   0.]), array([2, 1, 0, 1, 2, 3, 3, 2, 0, 0, 0, 2, 1, 0, 3, 2, 2, 0, 0, 2, 2, 3,
       0, 0, 2, 3, 2, 2, 2, 2, 2, 0, 0, 0, 0, 1, 0, 2, 1, 3, 0, 2, 0, 2,
       3, 3, 1, 1, 3, 2, 3, 2, 2, 0, 0, 3, 1, 2, 2, 0, 2, 0, 0, 0, 3, 0,
       2, 3, 2, 3, 2, 2, 2, 3, 2, 1, 1, 1, 0, 0, 0, 3, 1, 2, 2, 1, 3, 0,
       2, 3, 1, 0, 1, 3, 0, 0, 0, 0, 3, 2, 2, 0, 2, 3, 2, 2, 0, 2, 2, 2,
       1, 1, 0, 2, 1, 2, 0, 1, 2, 2], dtype=object)]
[284, array([-58., -29., -29.,   0.]), array([2, 1, 0, 1, 2, 3, 3, 2, 0, 0, 0, 2, 1, 0, 3, 2, 2, 0, 0, 2, 2, 3,
       0, 0, 2, 3, 2, 2, 2, 2, 2, 0, 0, 0, 0, 1, 0, 2, 1, 3, 0, 2, 0, 2,
       3, 3, 1, 1, 3, 2, 3, 2, 2, 0, 0, 3, 1, 2, 2, 0, 2, 0, 0, 0, 3, 0,
       2, 3, 2, 3, 2, 2, 2, 3, 2, 1, 1, 1, 0, 0, 0, 3, 1, 2, 2, 1, 3, 0,
       2, 3, 1, 0, 1, 3, 0, 0, 0, 0, 3, 2, 2, 0, 2, 3, 2, 2, 0, 2, 2, 2,
       1, 1, 0, 2, 1, 2, 0, 1, 2, 2], dtype=object)]
[284, array([-58., -29., -29.,   0.]), array([2, 1, 0, 1, 2, 3, 3, 2, 0, 0, 0, 2, 1, 0, 3, 2, 2, 0, 0, 2, 2, 3,
       0, 0, 2, 3, 2, 2, 2, 2, 2, 0, 0, 0, 0, 1, 0, 2, 1, 3, 0, 2, 0, 2,
       3, 3, 1, 1, 3, 2, 3, 2, 2, 0, 0, 3, 1, 2, 2, 0, 2, 0, 0, 0, 3, 0,
       2, 3, 2, 3, 2, 2, 2, 3, 2, 1, 1, 1, 0, 0, 0, 3, 1, 2, 2, 1, 3, 0,
       2, 3, 1, 0, 1, 3, 0, 0, 0, 0, 3, 2, 2, 0, 2, 3, 2, 2, 0, 2, 2, 2,
       1, 1, 0, 2, 1, 2, 0, 1, 2, 2], dtype=object)]
[285, array([-58., -29., -29.,   0.]), array([2, 1, 0, 1, 2, 1, 1, 2, 0, 0, 0, 2, 1, 0, 0, 2, 2, 0, 0, 2, 2, 2,
       0, 0, 2, 3, 2, 2, 2, 2, 2, 0, 0, 0, 3, 1, 0, 2, 1, 3, 0, 2, 0, 2,
       3, 3, 1, 1, 3, 2, 3, 2, 2, 0, 0, 3, 1, 2, 2, 0, 2, 0, 0, 0, 3, 0,
       2, 3, 2, 3, 2, 2, 2, 3, 2, 1, 1, 1, 0, 0, 0, 3, 1, 2, 2, 1, 3, 0,
       2, 3, 1, 0, 1, 3, 0, 0, 0, 0, 3, 2, 2, 0, 2, 3, 2, 2, 0, 2, 2, 2,
       1, 1, 0, 2, 1, 2, 0, 1, 2, 2], dtype=object)]
[285, array([-58., -29., -29.,   0.]), array([2, 1, 0, 1, 2, 1, 1, 2, 0, 0, 0, 2, 1, 0, 0, 2, 2, 0, 0, 2, 2, 2,
       0, 0, 2, 3, 2, 2, 2, 2, 2, 0, 0, 0, 3, 1, 0, 2, 1, 3, 0, 2, 0, 2,
       3, 3, 1, 1, 3, 2, 3, 2, 2, 0, 0, 3, 1, 2, 2, 0, 2, 0, 0, 0, 3, 0,
       2, 3, 2, 3, 2, 2, 2, 3, 2, 1, 1, 1, 0, 0, 0, 3, 1, 2, 2, 1, 3, 0,
       2, 3, 1, 0, 1, 3, 0, 0, 0, 0, 3, 2, 2, 0, 2, 3, 2, 2, 0, 2, 2, 2,
       1, 1, 0, 2, 1, 2, 0, 1, 2, 2], dtype=object)]
[285, array([-58., -29., -29.,   0.]), array([2, 1, 0, 1, 2, 1, 1, 2, 0, 0, 0, 2, 1, 0, 0, 2, 2, 0, 0, 2, 2, 2,
       0, 0, 2, 3, 2, 2, 2, 2, 2, 0, 0, 0, 3, 1, 0, 2, 1, 3, 0, 2, 0, 2,
       3, 3, 1, 1, 3, 2, 3, 2, 2, 0, 0, 3, 1, 2, 2, 0, 2, 0, 0, 0, 3, 0,
       2, 3, 2, 3, 2, 2, 2, 3, 2, 1, 1, 1, 0, 0, 0, 3, 1, 2, 2, 1, 3, 0,
       2, 3, 1, 0, 1, 3, 0, 0, 0, 0, 3, 2, 2, 0, 2, 3, 2, 2, 0, 2, 2, 2,
       1, 1, 0, 2, 1, 2, 0, 1, 2, 2], dtype=object)]
[285, array([-58., -29., -29.,   0.]), array([2, 1, 0, 1, 2, 1, 1, 2, 0, 0, 0, 2, 1, 0, 0, 2, 2, 0, 0, 2, 2, 2,
       0, 0, 2, 3, 2, 2, 2, 2, 2, 0, 0, 0, 3, 1, 0, 2, 1, 3, 0, 2, 0, 2,
       3, 3, 1, 1, 3, 2, 3, 2, 2, 0, 0, 3, 1, 2, 2, 0, 2, 0, 0, 0, 3, 0,
       2, 3, 2, 3, 2, 2, 2, 3, 2, 1, 1, 1, 0, 0, 0, 3, 1, 2, 2, 1, 3, 0,
       2, 3, 1, 0, 1, 3, 0, 0, 0, 0, 3, 2, 2, 0, 2, 3, 2, 2, 0, 2, 2, 2,
       1, 1, 0, 2, 1, 2, 0, 1, 2, 2], dtype=object)]
[286, array([-58., -29., -29.,   0.]), array([2, 1, 0, 1, 2, 1, 1, 2, 0, 0, 0, 2, 1, 0, 0, 2, 2, 0, 0, 2, 2, 3,
       0, 0, 2, 3, 2, 2, 2, 2, 2, 0, 3, 0, 0, 1, 0, 2, 1, 3, 0, 2, 0, 2,
       3, 3, 1, 1, 3, 2, 3, 2, 2, 0, 0, 3, 1, 2, 2, 0, 2, 0, 0, 0, 3, 0,
       2, 3, 2, 3, 2, 2, 2, 3, 2, 1, 1, 1, 0, 0, 0, 3, 1, 2, 2, 1, 3, 0,
       2, 3, 1, 0, 1, 3, 0, 0, 0, 0, 3, 2, 2, 0, 2, 3, 2, 2, 0, 2, 2, 2,
       1, 1, 1, 2, 1, 2, 0, 1, 2, 2], dtype=object)]
[286, array([-58., -29., -29.,   0.]), array([2, 1, 0, 1, 2, 1, 1, 2, 0, 0, 0, 2, 1, 0, 0, 2, 2, 0, 0, 2, 2, 3,
       0, 0, 2, 3, 2, 2, 2, 2, 2, 0, 3, 0, 0, 1, 0, 2, 1, 3, 0, 2, 0, 2,
       3, 3, 1, 1, 3, 2, 3, 2, 2, 0, 0, 3, 1, 2, 2, 0, 2, 0, 0, 0, 3, 0,
       2, 3, 2, 3, 2, 2, 2, 3, 2, 1, 1, 1, 0, 0, 0, 3, 1, 2, 2, 1, 3, 0,
       2, 3, 1, 0, 1, 3, 0, 0, 0, 0, 3, 2, 2, 0, 2, 3, 2, 2, 0, 2, 2, 2,
       1, 1, 1, 2, 1, 2, 0, 1, 2, 2], dtype=object)]
[286, array([-58., -29., -29.,   0.]), array([2, 1, 0, 1, 2, 1, 1, 2, 0, 0, 0, 2, 1, 0, 0, 2, 2, 0, 0, 2, 2, 3,
       0, 0, 2, 3, 2, 2, 2, 2, 2, 0, 3, 0, 0, 1, 0, 2, 1, 3, 0, 2, 0, 2,
       3, 3, 1, 1, 3, 2, 3, 2, 2, 0, 0, 3, 1, 2, 2, 0, 2, 0, 0, 0, 3, 0,
       2, 3, 2, 3, 2, 2, 2, 3, 2, 1, 1, 1, 0, 0, 0, 3, 1, 2, 2, 1, 3, 0,
       2, 3, 1, 0, 1, 3, 0, 0, 0, 0, 3, 2, 2, 0, 2, 3, 2, 2, 0, 2, 2, 2,
       1, 1, 1, 2, 1, 2, 0, 1, 2, 2], dtype=object)]
[286, array([-58., -29., -29.,   0.]), array([2, 1, 0, 1, 2, 1, 1, 2, 0, 0, 0, 2, 1, 0, 0, 2, 2, 0, 0, 2, 2, 3,
       0, 0, 2, 3, 2, 2, 2, 2, 2, 0, 3, 0, 0, 1, 0, 2, 1, 3, 0, 2, 0, 2,
       3, 3, 1, 1, 3, 2, 3, 2, 2, 0, 0, 3, 1, 2, 2, 0, 2, 0, 0, 0, 3, 0,
       2, 3, 2, 3, 2, 2, 2, 3, 2, 1, 1, 1, 0, 0, 0, 3, 1, 2, 2, 1, 3, 0,
       2, 3, 1, 0, 1, 3, 0, 0, 0, 0, 3, 2, 2, 0, 2, 3, 2, 2, 0, 2, 2, 2,
       1, 1, 1, 2, 1, 2, 0, 1, 2, 2], dtype=object)]
[287, array([-58., -29., -29.,   0.]), array([2, 1, 3, 1, 2, 0, 1, 2, 0, 0, 0, 2, 1, 0, 3, 2, 2, 0, 0, 2, 2, 3,
       0, 0, 2, 3, 2, 2, 2, 2, 2, 0, 3, 0, 0, 1, 2, 2, 1, 3, 0, 2, 0, 0,
       3, 3, 1, 1, 3, 2, 3, 2, 2, 0, 0, 3, 1, 2, 2, 0, 2, 0, 0, 0, 3, 3,
       2, 3, 2, 3, 2, 2, 2, 3, 2, 1, 1, 1, 0, 0, 3, 3, 2, 2, 2, 1, 3, 0,
       2, 3, 1, 0, 1, 3, 0, 0, 3, 0, 3, 0, 2, 0, 2, 3, 2, 2, 0, 3, 2, 2,
       1, 1, 0, 2, 1, 2, 0, 1, 2, 2], dtype=object)]
[287, array([-58., -29., -29.,   0.]), array([2, 1, 3, 1, 2, 0, 1, 2, 0, 0, 0, 2, 1, 0, 3, 2, 2, 0, 0, 2, 2, 3,
       0, 0, 2, 3, 2, 2, 2, 2, 2, 0, 3, 0, 0, 1, 2, 2, 1, 3, 0, 2, 0, 0,
       3, 3, 1, 1, 3, 2, 3, 2, 2, 0, 0, 3, 1, 2, 2, 0, 2, 0, 0, 0, 3, 3,
       2, 3, 2, 3, 2, 2, 2, 3, 2, 1, 1, 1, 0, 0, 3, 3, 2, 2, 2, 1, 3, 0,
       2, 3, 1, 0, 1, 3, 0, 0, 3, 0, 3, 0, 2, 0, 2, 3, 2, 2, 0, 3, 2, 2,
       1, 1, 0, 2, 1, 2, 0, 1, 2, 2], dtype=object)]
[287, array([-58., -29., -29.,   0.]), array([2, 1, 3, 1, 2, 0, 1, 2, 0, 0, 0, 2, 1, 0, 3, 2, 2, 0, 0, 2, 2, 3,
       0, 0, 2, 3, 2, 2, 2, 2, 2, 0, 3, 0, 0, 1, 2, 2, 1, 3, 0, 2, 0, 0,
       3, 3, 1, 1, 3, 2, 3, 2, 2, 0, 0, 3, 1, 2, 2, 0, 2, 0, 0, 0, 3, 3,
       2, 3, 2, 3, 2, 2, 2, 3, 2, 1, 1, 1, 0, 0, 3, 3, 2, 2, 2, 1, 3, 0,
       2, 3, 1, 0, 1, 3, 0, 0, 3, 0, 3, 0, 2, 0, 2, 3, 2, 2, 0, 3, 2, 2,
       1, 1, 0, 2, 1, 2, 0, 1, 2, 2], dtype=object)]
[287, array([-58., -29., -29.,   0.]), array([2, 1, 3, 1, 2, 0, 1, 2, 0, 0, 0, 2, 1, 0, 3, 2, 2, 0, 0, 2, 2, 3,
       0, 0, 2, 3, 2, 2, 2, 2, 2, 0, 3, 0, 0, 1, 2, 2, 1, 3, 0, 2, 0, 0,
       3, 3, 1, 1, 3, 2, 3, 2, 2, 0, 0, 3, 1, 2, 2, 0, 2, 0, 0, 0, 3, 3,
       2, 3, 2, 3, 2, 2, 2, 3, 2, 1, 1, 1, 0, 0, 3, 3, 2, 2, 2, 1, 3, 0,
       2, 3, 1, 0, 1, 3, 0, 0, 3, 0, 3, 0, 2, 0, 2, 3, 2, 2, 0, 3, 2, 2,
       1, 1, 0, 2, 1, 2, 0, 1, 2, 2], dtype=object)]
[288, array([-58., -29., -29.,   0.]), array([2, 1, 0, 1, 2, 3, 1, 2, 0, 0, 0, 2, 1, 0, 3, 2, 2, 0, 0, 2, 2, 3,
       0, 0, 0, 3, 2, 2, 2, 2, 2, 0, 0, 0, 0, 1, 3, 2, 1, 3, 0, 2, 0, 3,
       3, 3, 1, 1, 3, 2, 3, 3, 2, 0, 0, 3, 1, 2, 2, 0, 2, 1, 0, 0, 3, 2,
       2, 3, 2, 3, 2, 2, 0, 3, 2, 1, 1, 1, 0, 0, 0, 3, 2, 2, 2, 0, 3, 0,
       2, 3, 1, 0, 1, 3, 0, 0, 3, 0, 3, 0, 2, 0, 2, 3, 2, 2, 0, 3, 2, 2,
       1, 1, 0, 2, 1, 2, 0, 1, 2, 2], dtype=object)]
[288, array([-58., -29., -29.,   0.]), array([2, 1, 0, 1, 2, 3, 1, 2, 0, 0, 0, 2, 1, 0, 3, 2, 2, 0, 0, 2, 2, 3,
       0, 0, 0, 3, 2, 2, 2, 2, 2, 0, 0, 0, 0, 1, 3, 2, 1, 3, 0, 2, 0, 3,
       3, 3, 1, 1, 3, 2, 3, 3, 2, 0, 0, 3, 1, 2, 2, 0, 2, 1, 0, 0, 3, 2,
       2, 3, 2, 3, 2, 2, 0, 3, 2, 1, 1, 1, 0, 0, 0, 3, 2, 2, 2, 0, 3, 0,
       2, 3, 1, 0, 1, 3, 0, 0, 3, 0, 3, 0, 2, 0, 2, 3, 2, 2, 0, 3, 2, 2,
       1, 1, 0, 2, 1, 2, 0, 1, 2, 2], dtype=object)]
[288, array([-58., -29., -29.,   0.]), array([2, 1, 0, 1, 2, 3, 1, 2, 0, 0, 0, 2, 1, 0, 3, 2, 2, 0, 0, 2, 2, 3,
       0, 0, 0, 3, 2, 2, 2, 2, 2, 0, 0, 0, 0, 1, 3, 2, 1, 3, 0, 2, 0, 3,
       3, 3, 1, 1, 3, 2, 3, 3, 2, 0, 0, 3, 1, 2, 2, 0, 2, 1, 0, 0, 3, 2,
       2, 3, 2, 3, 2, 2, 0, 3, 2, 1, 1, 1, 0, 0, 0, 3, 2, 2, 2, 0, 3, 0,
       2, 3, 1, 0, 1, 3, 0, 0, 3, 0, 3, 0, 2, 0, 2, 3, 2, 2, 0, 3, 2, 2,
       1, 1, 0, 2, 1, 2, 0, 1, 2, 2], dtype=object)]
[288, array([-58., -29., -29.,   0.]), array([2, 1, 0, 1, 2, 3, 1, 2, 0, 0, 0, 2, 1, 0, 3, 2, 2, 0, 0, 2, 2, 3,
       0, 0, 0, 3, 2, 2, 2, 2, 2, 0, 0, 0, 0, 1, 3, 2, 1, 3, 0, 2, 0, 3,
       3, 3, 1, 1, 3, 2, 3, 3, 2, 0, 0, 3, 1, 2, 2, 0, 2, 1, 0, 0, 3, 2,
       2, 3, 2, 3, 2, 2, 0, 3, 2, 1, 1, 1, 0, 0, 0, 3, 2, 2, 2, 0, 3, 0,
       2, 3, 1, 0, 1, 3, 0, 0, 3, 0, 3, 0, 2, 0, 2, 3, 2, 2, 0, 3, 2, 2,
       1, 1, 0, 2, 1, 2, 0, 1, 2, 2], dtype=object)]
[289, array([-58., -29., -29.,   0.]), array([2, 1, 0, 1, 2, 3, 1, 2, 0, 0, 0, 2, 1, 0, 3, 2, 2, 0, 0, 2, 2, 3,
       0, 0, 2, 3, 2, 2, 2, 2, 2, 0, 0, 0, 0, 1, 0, 2, 3, 3, 0, 2, 0, 3,
       3, 3, 1, 1, 3, 2, 3, 2, 2, 0, 0, 3, 1, 2, 2, 0, 2, 1, 0, 0, 3, 0,
       2, 3, 2, 3, 2, 2, 2, 3, 2, 1, 1, 1, 0, 0, 3, 3, 1, 2, 2, 1, 3, 0,
       2, 3, 1, 0, 1, 3, 0, 0, 0, 0, 3, 2, 2, 0, 2, 3, 2, 2, 0, 2, 2, 2,
       1, 1, 0, 2, 1, 2, 0, 1, 2, 2], dtype=object)]
[289, array([-58., -29., -29.,   0.]), array([2, 1, 0, 1, 2, 3, 1, 2, 0, 0, 0, 2, 1, 0, 3, 2, 2, 0, 0, 2, 2, 3,
       0, 0, 2, 3, 2, 2, 2, 2, 2, 0, 0, 0, 0, 1, 0, 2, 3, 3, 0, 2, 0, 3,
       3, 3, 1, 1, 3, 2, 3, 2, 2, 0, 0, 3, 1, 2, 2, 0, 2, 1, 0, 0, 3, 0,
       2, 3, 2, 3, 2, 2, 2, 3, 2, 1, 1, 1, 0, 0, 3, 3, 1, 2, 2, 1, 3, 0,
       2, 3, 1, 0, 1, 3, 0, 0, 0, 0, 3, 2, 2, 0, 2, 3, 2, 2, 0, 2, 2, 2,
       1, 1, 0, 2, 1, 2, 0, 1, 2, 2], dtype=object)]
[289, array([-58., -29., -29.,   0.]), array([2, 1, 0, 1, 2, 3, 1, 2, 0, 0, 0, 2, 1, 0, 3, 2, 2, 0, 0, 2, 2, 3,
       0, 0, 2, 3, 2, 2, 2, 2, 2, 0, 0, 0, 0, 1, 0, 2, 3, 3, 0, 2, 0, 3,
       3, 3, 1, 1, 3, 2, 3, 2, 2, 0, 0, 3, 1, 2, 2, 0, 2, 1, 0, 0, 3, 0,
       2, 3, 2, 3, 2, 2, 2, 3, 2, 1, 1, 1, 0, 0, 3, 3, 1, 2, 2, 1, 3, 0,
       2, 3, 1, 0, 1, 3, 0, 0, 0, 0, 3, 2, 2, 0, 2, 3, 2, 2, 0, 2, 2, 2,
       1, 1, 0, 2, 1, 2, 0, 1, 2, 2], dtype=object)]
[289, array([-58., -29., -29.,   0.]), array([2, 1, 0, 1, 2, 3, 1, 2, 0, 0, 0, 2, 1, 0, 3, 2, 2, 0, 0, 2, 2, 3,
       0, 0, 2, 3, 2, 2, 2, 2, 2, 0, 0, 0, 0, 1, 0, 2, 3, 3, 0, 2, 0, 3,
       3, 3, 1, 1, 3, 2, 3, 2, 2, 0, 0, 3, 1, 2, 2, 0, 2, 1, 0, 0, 3, 0,
       2, 3, 2, 3, 2, 2, 2, 3, 2, 1, 1, 1, 0, 0, 3, 3, 1, 2, 2, 1, 3, 0,
       2, 3, 1, 0, 1, 3, 0, 0, 0, 0, 3, 2, 2, 0, 2, 3, 2, 2, 0, 2, 2, 2,
       1, 1, 0, 2, 1, 2, 0, 1, 2, 2], dtype=object)]
[290, array([-58., -29., -29.,   0.]), array([2, 1, 0, 1, 2, 1, 1, 2, 0, 0, 0, 2, 1, 0, 0, 2, 2, 0, 0, 2, 2, 2,
       0, 0, 2, 3, 2, 2, 2, 2, 2, 0, 0, 0, 3, 1, 0, 2, 1, 3, 0, 2, 0, 2,
       3, 3, 1, 1, 3, 2, 0, 2, 2, 0, 0, 3, 1, 2, 2, 0, 2, 0, 0, 0, 3, 0,
       2, 3, 2, 3, 2, 2, 2, 3, 2, 1, 1, 1, 0, 0, 0, 3, 1, 2, 2, 1, 3, 0,
       2, 3, 1, 0, 1, 3, 0, 0, 0, 0, 3, 2, 2, 0, 2, 3, 2, 2, 0, 2, 2, 2,
       1, 1, 0, 2, 1, 2, 0, 1, 2, 2], dtype=object)]
[290, array([-58., -29., -29.,   0.]), array([2, 1, 0, 1, 2, 1, 1, 2, 0, 0, 0, 2, 1, 0, 0, 2, 2, 0, 0, 2, 2, 2,
       0, 0, 2, 3, 2, 2, 2, 2, 2, 0, 0, 0, 3, 1, 0, 2, 1, 3, 0, 2, 0, 2,
       3, 3, 1, 1, 3, 2, 0, 2, 2, 0, 0, 3, 1, 2, 2, 0, 2, 0, 0, 0, 3, 0,
       2, 3, 2, 3, 2, 2, 2, 3, 2, 1, 1, 1, 0, 0, 0, 3, 1, 2, 2, 1, 3, 0,
       2, 3, 1, 0, 1, 3, 0, 0, 0, 0, 3, 2, 2, 0, 2, 3, 2, 2, 0, 2, 2, 2,
       1, 1, 0, 2, 1, 2, 0, 1, 2, 2], dtype=object)]
[290, array([-58., -29., -29.,   0.]), array([2, 1, 0, 1, 2, 1, 1, 2, 0, 0, 0, 2, 1, 0, 0, 2, 2, 0, 0, 2, 2, 2,
       0, 0, 2, 3, 2, 2, 2, 2, 2, 0, 0, 0, 3, 1, 0, 2, 1, 3, 0, 2, 0, 2,
       3, 3, 1, 1, 3, 2, 0, 2, 2, 0, 0, 3, 1, 2, 2, 0, 2, 0, 0, 0, 3, 0,
       2, 3, 2, 3, 2, 2, 2, 3, 2, 1, 1, 1, 0, 0, 0, 3, 1, 2, 2, 1, 3, 0,
       2, 3, 1, 0, 1, 3, 0, 0, 0, 0, 3, 2, 2, 0, 2, 3, 2, 2, 0, 2, 2, 2,
       1, 1, 0, 2, 1, 2, 0, 1, 2, 2], dtype=object)]
[290, array([-58., -29., -29.,   0.]), array([2, 1, 0, 1, 2, 1, 1, 2, 0, 0, 0, 2, 1, 0, 0, 2, 2, 0, 0, 2, 2, 2,
       0, 0, 2, 3, 2, 2, 2, 2, 2, 0, 0, 0, 3, 1, 0, 2, 1, 3, 0, 2, 0, 2,
       3, 3, 1, 1, 3, 2, 0, 2, 2, 0, 0, 3, 1, 2, 2, 0, 2, 0, 0, 0, 3, 0,
       2, 3, 2, 3, 2, 2, 2, 3, 2, 1, 1, 1, 0, 0, 0, 3, 1, 2, 2, 1, 3, 0,
       2, 3, 1, 0, 1, 3, 0, 0, 0, 0, 3, 2, 2, 0, 2, 3, 2, 2, 0, 2, 2, 2,
       1, 1, 0, 2, 1, 2, 0, 1, 2, 2], dtype=object)]
[291, array([-58., -29., -29.,   0.]), array([2, 1, 0, 1, 2, 3, 1, 2, 0, 0, 0, 2, 1, 0, 3, 2, 2, 0, 0, 2, 2, 3,
       0, 0, 2, 3, 2, 2, 2, 2, 2, 0, 0, 0, 3, 1, 0, 2, 1, 3, 0, 2, 0, 2,
       3, 3, 1, 1, 3, 2, 3, 2, 2, 0, 0, 3, 0, 2, 2, 0, 1, 1, 0, 0, 3, 2,
       2, 3, 2, 3, 2, 2, 0, 3, 2, 1, 0, 1, 0, 0, 0, 3, 2, 2, 2, 1, 3, 0,
       2, 3, 1, 0, 1, 3, 0, 0, 3, 0, 3, 0, 2, 0, 2, 3, 2, 2, 0, 3, 2, 2,
       1, 1, 3, 2, 1, 2, 0, 1, 2, 2], dtype=object)]
[291, array([-58., -29., -29.,   0.]), array([2, 1, 0, 1, 2, 3, 1, 2, 0, 0, 0, 2, 1, 0, 3, 2, 2, 0, 0, 2, 2, 3,
       0, 0, 2, 3, 2, 2, 2, 2, 2, 0, 0, 0, 3, 1, 0, 2, 1, 3, 0, 2, 0, 2,
       3, 3, 1, 1, 3, 2, 3, 2, 2, 0, 0, 3, 0, 2, 2, 0, 1, 1, 0, 0, 3, 2,
       2, 3, 2, 3, 2, 2, 0, 3, 2, 1, 0, 1, 0, 0, 0, 3, 2, 2, 2, 1, 3, 0,
       2, 3, 1, 0, 1, 3, 0, 0, 3, 0, 3, 0, 2, 0, 2, 3, 2, 2, 0, 3, 2, 2,
       1, 1, 3, 2, 1, 2, 0, 1, 2, 2], dtype=object)]
[291, array([-58., -29., -29.,   0.]), array([2, 1, 0, 1, 2, 3, 1, 2, 0, 0, 0, 2, 1, 0, 3, 2, 2, 0, 0, 2, 2, 3,
       0, 0, 2, 3, 2, 2, 2, 2, 2, 0, 0, 0, 3, 1, 0, 2, 1, 3, 0, 2, 0, 2,
       3, 3, 1, 1, 3, 2, 3, 2, 2, 0, 0, 3, 0, 2, 2, 0, 1, 1, 0, 0, 3, 2,
       2, 3, 2, 3, 2, 2, 0, 3, 2, 1, 0, 1, 0, 0, 0, 3, 2, 2, 2, 1, 3, 0,
       2, 3, 1, 0, 1, 3, 0, 0, 3, 0, 3, 0, 2, 0, 2, 3, 2, 2, 0, 3, 2, 2,
       1, 1, 3, 2, 1, 2, 0, 1, 2, 2], dtype=object)]
[291, array([-58., -29., -29.,   0.]), array([2, 1, 0, 1, 2, 3, 1, 2, 0, 0, 0, 2, 1, 0, 3, 2, 2, 0, 0, 2, 2, 3,
       0, 0, 2, 3, 2, 2, 2, 2, 2, 0, 0, 0, 3, 1, 0, 2, 1, 3, 0, 2, 0, 2,
       3, 3, 1, 1, 3, 2, 3, 2, 2, 0, 0, 3, 0, 2, 2, 0, 1, 1, 0, 0, 3, 2,
       2, 3, 2, 3, 2, 2, 0, 3, 2, 1, 0, 1, 0, 0, 0, 3, 2, 2, 2, 1, 3, 0,
       2, 3, 1, 0, 1, 3, 0, 0, 3, 0, 3, 0, 2, 0, 2, 3, 2, 2, 0, 3, 2, 2,
       1, 1, 3, 2, 1, 2, 0, 1, 2, 2], dtype=object)]
[292, array([-58., -29., -29.,   0.]), array([2, 1, 0, 1, 2, 3, 1, 2, 0, 0, 0, 2, 1, 0, 3, 2, 2, 0, 0, 2, 2, 3,
       0, 0, 2, 3, 2, 2, 2, 2, 2, 0, 0, 0, 3, 1, 0, 2, 1, 3, 0, 2, 0, 2,
       3, 3, 1, 1, 3, 2, 3, 2, 2, 0, 0, 3, 0, 2, 2, 0, 1, 1, 0, 0, 3, 2,
       2, 3, 2, 3, 2, 2, 0, 3, 2, 1, 0, 1, 0, 0, 0, 3, 2, 2, 2, 1, 3, 0,
       2, 3, 1, 0, 1, 3, 0, 0, 3, 0, 3, 0, 2, 0, 2, 3, 2, 2, 0, 3, 2, 2,
       1, 1, 3, 2, 1, 2, 0, 1, 2, 2], dtype=object)]
[292, array([-58., -29., -29.,   0.]), array([2, 1, 0, 1, 2, 3, 1, 2, 0, 0, 0, 2, 1, 0, 3, 2, 2, 0, 0, 2, 2, 3,
       0, 0, 2, 3, 2, 2, 2, 2, 2, 0, 0, 0, 3, 1, 0, 2, 1, 3, 0, 2, 0, 2,
       3, 3, 1, 1, 3, 2, 3, 2, 2, 0, 0, 3, 0, 2, 2, 0, 1, 1, 0, 0, 3, 2,
       2, 3, 2, 3, 2, 2, 0, 3, 2, 1, 0, 1, 0, 0, 0, 3, 2, 2, 2, 1, 3, 0,
       2, 3, 1, 0, 1, 3, 0, 0, 3, 0, 3, 0, 2, 0, 2, 3, 2, 2, 0, 3, 2, 2,
       1, 1, 3, 2, 1, 2, 0, 1, 2, 2], dtype=object)]
[292, array([-58., -29., -29.,   0.]), array([2, 1, 0, 1, 2, 3, 1, 2, 0, 0, 0, 2, 1, 0, 3, 2, 2, 0, 0, 2, 2, 3,
       0, 0, 2, 3, 2, 2, 2, 2, 2, 0, 0, 0, 3, 1, 0, 2, 1, 3, 0, 2, 0, 2,
       3, 3, 1, 1, 3, 2, 3, 2, 2, 0, 0, 3, 0, 2, 2, 0, 1, 1, 0, 0, 3, 2,
       2, 3, 2, 3, 2, 2, 0, 3, 2, 1, 0, 1, 0, 0, 0, 3, 2, 2, 2, 1, 3, 0,
       2, 3, 1, 0, 1, 3, 0, 0, 3, 0, 3, 0, 2, 0, 2, 3, 2, 2, 0, 3, 2, 2,
       1, 1, 3, 2, 1, 2, 0, 1, 2, 2], dtype=object)]
[292, array([-58., -29., -29.,   0.]), array([2, 1, 0, 1, 2, 3, 1, 2, 0, 0, 0, 2, 1, 0, 3, 2, 2, 0, 0, 2, 2, 3,
       0, 0, 2, 3, 2, 2, 2, 2, 2, 0, 0, 0, 3, 1, 0, 2, 1, 3, 0, 2, 0, 2,
       3, 3, 1, 1, 3, 2, 3, 2, 2, 0, 0, 3, 0, 2, 2, 0, 1, 1, 0, 0, 3, 2,
       2, 3, 2, 3, 2, 2, 0, 3, 2, 1, 0, 1, 0, 0, 0, 3, 2, 2, 2, 1, 3, 0,
       2, 3, 1, 0, 1, 3, 0, 0, 3, 0, 3, 0, 2, 0, 2, 3, 2, 2, 0, 3, 2, 2,
       1, 1, 3, 2, 1, 2, 0, 1, 2, 2], dtype=object)]
[293, array([-58., -29., -29.,   0.]), array([2, 1, 0, 1, 2, 0, 1, 2, 0, 0, 0, 2, 1, 0, 0, 2, 2, 0, 0, 2, 2, 3,
       0, 0, 2, 3, 2, 2, 2, 2, 2, 0, 0, 0, 3, 1, 0, 2, 1, 3, 0, 2, 0, 2,
       3, 3, 1, 1, 3, 2, 3, 2, 2, 0, 0, 3, 1, 2, 2, 0, 2, 2, 0, 0, 3, 0,
       2, 3, 2, 3, 2, 2, 2, 3, 2, 1, 1, 1, 0, 0, 3, 3, 1, 2, 2, 1, 3, 0,
       2, 3, 1, 0, 1, 3, 0, 0, 0, 0, 3, 2, 2, 0, 2, 3, 2, 2, 0, 2, 2, 2,
       1, 1, 1, 2, 1, 2, 0, 1, 2, 2], dtype=object)]
[293, array([-58., -29., -29.,   0.]), array([2, 1, 0, 1, 2, 0, 1, 2, 0, 0, 0, 2, 1, 0, 0, 2, 2, 0, 0, 2, 2, 3,
       0, 0, 2, 3, 2, 2, 2, 2, 2, 0, 0, 0, 3, 1, 0, 2, 1, 3, 0, 2, 0, 2,
       3, 3, 1, 1, 3, 2, 3, 2, 2, 0, 0, 3, 1, 2, 2, 0, 2, 2, 0, 0, 3, 0,
       2, 3, 2, 3, 2, 2, 2, 3, 2, 1, 1, 1, 0, 0, 3, 3, 1, 2, 2, 1, 3, 0,
       2, 3, 1, 0, 1, 3, 0, 0, 0, 0, 3, 2, 2, 0, 2, 3, 2, 2, 0, 2, 2, 2,
       1, 1, 1, 2, 1, 2, 0, 1, 2, 2], dtype=object)]
[293, array([-58., -29., -29.,   0.]), array([2, 1, 0, 1, 2, 0, 1, 2, 0, 0, 0, 2, 1, 0, 0, 2, 2, 0, 0, 2, 2, 3,
       0, 0, 2, 3, 2, 2, 2, 2, 2, 0, 0, 0, 3, 1, 0, 2, 1, 3, 0, 2, 0, 2,
       3, 3, 1, 1, 3, 2, 3, 2, 2, 0, 0, 3, 1, 2, 2, 0, 2, 2, 0, 0, 3, 0,
       2, 3, 2, 3, 2, 2, 2, 3, 2, 1, 1, 1, 0, 0, 3, 3, 1, 2, 2, 1, 3, 0,
       2, 3, 1, 0, 1, 3, 0, 0, 0, 0, 3, 2, 2, 0, 2, 3, 2, 2, 0, 2, 2, 2,
       1, 1, 1, 2, 1, 2, 0, 1, 2, 2], dtype=object)]
[293, array([-58., -29., -29.,   0.]), array([2, 1, 0, 1, 2, 0, 1, 2, 0, 0, 0, 2, 1, 0, 0, 2, 2, 0, 0, 2, 2, 3,
       0, 0, 2, 3, 2, 2, 2, 2, 2, 0, 0, 0, 3, 1, 0, 2, 1, 3, 0, 2, 0, 2,
       3, 3, 1, 1, 3, 2, 3, 2, 2, 0, 0, 3, 1, 2, 2, 0, 2, 2, 0, 0, 3, 0,
       2, 3, 2, 3, 2, 2, 2, 3, 2, 1, 1, 1, 0, 0, 3, 3, 1, 2, 2, 1, 3, 0,
       2, 3, 1, 0, 1, 3, 0, 0, 0, 0, 3, 2, 2, 0, 2, 3, 2, 2, 0, 2, 2, 2,
       1, 1, 1, 2, 1, 2, 0, 1, 2, 2], dtype=object)]
[294, array([-58., -29., -29.,   0.]), array([2, 1, 0, 1, 2, 0, 1, 2, 0, 0, 0, 2, 1, 0, 0, 2, 2, 0, 0, 2, 2, 3,
       0, 0, 2, 3, 2, 2, 2, 2, 2, 0, 0, 0, 3, 1, 0, 2, 1, 3, 0, 2, 0, 2,
       3, 3, 1, 1, 3, 2, 3, 2, 2, 0, 0, 3, 1, 2, 2, 0, 2, 2, 0, 0, 3, 0,
       2, 3, 2, 3, 2, 2, 2, 3, 2, 1, 1, 1, 0, 0, 3, 3, 1, 2, 2, 1, 3, 0,
       2, 3, 1, 0, 1, 3, 0, 0, 0, 0, 3, 2, 2, 3, 2, 3, 2, 2, 0, 2, 2, 2,
       1, 1, 1, 2, 1, 2, 0, 1, 2, 2], dtype=object)]
[294, array([-58., -29., -29.,   0.]), array([2, 1, 0, 1, 2, 0, 1, 2, 0, 0, 0, 2, 1, 0, 0, 2, 2, 0, 0, 2, 2, 3,
       0, 0, 2, 3, 2, 2, 2, 2, 2, 0, 0, 0, 3, 1, 0, 2, 1, 3, 0, 2, 0, 2,
       3, 3, 1, 1, 3, 2, 3, 2, 2, 0, 0, 3, 1, 2, 2, 0, 2, 2, 0, 0, 3, 0,
       2, 3, 2, 3, 2, 2, 2, 3, 2, 1, 1, 1, 0, 0, 3, 3, 1, 2, 2, 1, 3, 0,
       2, 3, 1, 0, 1, 3, 0, 0, 0, 0, 3, 2, 2, 3, 2, 3, 2, 2, 0, 2, 2, 2,
       1, 1, 1, 2, 1, 2, 0, 1, 2, 2], dtype=object)]
[294, array([-58., -29., -29.,   0.]), array([2, 1, 0, 1, 2, 0, 1, 2, 0, 0, 0, 2, 1, 0, 0, 2, 2, 0, 0, 2, 2, 3,
       0, 0, 2, 3, 2, 2, 2, 2, 2, 0, 0, 0, 3, 1, 0, 2, 1, 3, 0, 2, 0, 2,
       3, 3, 1, 1, 3, 2, 3, 2, 2, 0, 0, 3, 1, 2, 2, 0, 2, 2, 0, 0, 3, 0,
       2, 3, 2, 3, 2, 2, 2, 3, 2, 1, 1, 1, 0, 0, 3, 3, 1, 2, 2, 1, 3, 0,
       2, 3, 1, 0, 1, 3, 0, 0, 0, 0, 3, 2, 2, 3, 2, 3, 2, 2, 0, 2, 2, 2,
       1, 1, 1, 2, 1, 2, 0, 1, 2, 2], dtype=object)]
[294, array([-58., -29., -29.,   0.]), array([2, 1, 0, 1, 2, 0, 1, 2, 0, 0, 0, 2, 1, 0, 0, 2, 2, 0, 0, 2, 2, 3,
       0, 0, 2, 3, 2, 2, 2, 2, 2, 0, 0, 0, 3, 1, 0, 2, 1, 3, 0, 2, 0, 2,
       3, 3, 1, 1, 3, 2, 3, 2, 2, 0, 0, 3, 1, 2, 2, 0, 2, 2, 0, 0, 3, 0,
       2, 3, 2, 3, 2, 2, 2, 3, 2, 1, 1, 1, 0, 0, 3, 3, 1, 2, 2, 1, 3, 0,
       2, 3, 1, 0, 1, 3, 0, 0, 0, 0, 3, 2, 2, 3, 2, 3, 2, 2, 0, 2, 2, 2,
       1, 1, 1, 2, 1, 2, 0, 1, 2, 2], dtype=object)]
[295, array([-58., -29., -29.,   0.]), array([2, 1, 0, 1, 2, 3, 1, 2, 0, 0, 0, 2, 1, 0, 0, 2, 2, 0, 0, 2, 2, 2,
       0, 0, 2, 3, 2, 2, 2, 2, 2, 0, 0, 0, 1, 1, 0, 2, 1, 3, 0, 2, 0, 2,
       3, 3, 1, 1, 3, 2, 0, 2, 3, 0, 0, 3, 1, 2, 2, 0, 2, 0, 0, 0, 3, 3,
       2, 3, 2, 3, 2, 2, 2, 3, 2, 1, 1, 1, 0, 0, 0, 3, 0, 2, 2, 0, 3, 0,
       2, 3, 1, 0, 1, 3, 0, 0, 3, 0, 3, 0, 2, 0, 2, 3, 2, 2, 0, 3, 2, 2,
       1, 1, 0, 2, 1, 2, 0, 1, 2, 2], dtype=object)]
[295, array([-58., -29., -29.,   0.]), array([2, 1, 0, 1, 2, 3, 1, 2, 0, 0, 0, 2, 1, 0, 0, 2, 2, 0, 0, 2, 2, 2,
       0, 0, 2, 3, 2, 2, 2, 2, 2, 0, 0, 0, 1, 1, 0, 2, 1, 3, 0, 2, 0, 2,
       3, 3, 1, 1, 3, 2, 0, 2, 3, 0, 0, 3, 1, 2, 2, 0, 2, 0, 0, 0, 3, 3,
       2, 3, 2, 3, 2, 2, 2, 3, 2, 1, 1, 1, 0, 0, 0, 3, 0, 2, 2, 0, 3, 0,
       2, 3, 1, 0, 1, 3, 0, 0, 3, 0, 3, 0, 2, 0, 2, 3, 2, 2, 0, 3, 2, 2,
       1, 1, 0, 2, 1, 2, 0, 1, 2, 2], dtype=object)]
[295, array([-58., -29., -29.,   0.]), array([2, 1, 0, 1, 2, 3, 1, 2, 0, 0, 0, 2, 1, 0, 0, 2, 2, 0, 0, 2, 2, 2,
       0, 0, 2, 3, 2, 2, 2, 2, 2, 0, 0, 0, 1, 1, 0, 2, 1, 3, 0, 2, 0, 2,
       3, 3, 1, 1, 3, 2, 0, 2, 3, 0, 0, 3, 1, 2, 2, 0, 2, 0, 0, 0, 3, 3,
       2, 3, 2, 3, 2, 2, 2, 3, 2, 1, 1, 1, 0, 0, 0, 3, 0, 2, 2, 0, 3, 0,
       2, 3, 1, 0, 1, 3, 0, 0, 3, 0, 3, 0, 2, 0, 2, 3, 2, 2, 0, 3, 2, 2,
       1, 1, 0, 2, 1, 2, 0, 1, 2, 2], dtype=object)]
[295, array([-58., -29., -29.,   0.]), array([2, 1, 0, 1, 2, 3, 1, 2, 0, 0, 0, 2, 1, 0, 0, 2, 2, 0, 0, 2, 2, 2,
       0, 0, 2, 3, 2, 2, 2, 2, 2, 0, 0, 0, 1, 1, 0, 2, 1, 3, 0, 2, 0, 2,
       3, 3, 1, 1, 3, 2, 0, 2, 3, 0, 0, 3, 1, 2, 2, 0, 2, 0, 0, 0, 3, 3,
       2, 3, 2, 3, 2, 2, 2, 3, 2, 1, 1, 1, 0, 0, 0, 3, 0, 2, 2, 0, 3, 0,
       2, 3, 1, 0, 1, 3, 0, 0, 3, 0, 3, 0, 2, 0, 2, 3, 2, 2, 0, 3, 2, 2,
       1, 1, 0, 2, 1, 2, 0, 1, 2, 2], dtype=object)]
[296, array([-58., -29., -29.,   0.]), array([2, 1, 0, 1, 2, 0, 1, 2, 0, 0, 0, 2, 1, 0, 0, 2, 2, 0, 0, 2, 2, 3,
       0, 0, 2, 3, 2, 2, 2, 2, 2, 0, 0, 0, 3, 1, 0, 2, 1, 3, 0, 2, 0, 2,
       3, 3, 1, 1, 3, 2, 3, 2, 2, 0, 0, 3, 1, 2, 2, 0, 2, 0, 0, 0, 3, 3,
       2, 3, 2, 3, 2, 2, 0, 3, 2, 1, 1, 1, 0, 0, 0, 3, 2, 2, 2, 1, 3, 0,
       2, 3, 1, 0, 1, 3, 0, 0, 3, 0, 2, 0, 2, 0, 2, 3, 2, 2, 0, 3, 2, 2,
       1, 1, 0, 2, 1, 2, 0, 1, 2, 2], dtype=object)]
[296, array([-58., -29., -29.,   0.]), array([2, 1, 0, 1, 2, 0, 1, 2, 0, 0, 0, 2, 1, 0, 0, 2, 2, 0, 0, 2, 2, 3,
       0, 0, 2, 3, 2, 2, 2, 2, 2, 0, 0, 0, 3, 1, 0, 2, 1, 3, 0, 2, 0, 2,
       3, 3, 1, 1, 3, 2, 3, 2, 2, 0, 0, 3, 1, 2, 2, 0, 2, 0, 0, 0, 3, 3,
       2, 3, 2, 3, 2, 2, 0, 3, 2, 1, 1, 1, 0, 0, 0, 3, 2, 2, 2, 1, 3, 0,
       2, 3, 1, 0, 1, 3, 0, 0, 3, 0, 2, 0, 2, 0, 2, 3, 2, 2, 0, 3, 2, 2,
       1, 1, 0, 2, 1, 2, 0, 1, 2, 2], dtype=object)]
[296, array([-58., -29., -29.,   0.]), array([2, 1, 0, 1, 2, 0, 1, 2, 0, 0, 0, 2, 1, 0, 0, 2, 2, 0, 0, 2, 2, 3,
       0, 0, 2, 3, 2, 2, 2, 2, 2, 0, 0, 0, 3, 1, 0, 2, 1, 3, 0, 2, 0, 2,
       3, 3, 1, 1, 3, 2, 3, 2, 2, 0, 0, 3, 1, 2, 2, 0, 2, 0, 0, 0, 3, 3,
       2, 3, 2, 3, 2, 2, 0, 3, 2, 1, 1, 1, 0, 0, 0, 3, 2, 2, 2, 1, 3, 0,
       2, 3, 1, 0, 1, 3, 0, 0, 3, 0, 2, 0, 2, 0, 2, 3, 2, 2, 0, 3, 2, 2,
       1, 1, 0, 2, 1, 2, 0, 1, 2, 2], dtype=object)]
[296, array([-58., -29., -29.,   0.]), array([2, 1, 0, 1, 2, 0, 1, 2, 0, 0, 0, 2, 1, 0, 0, 2, 2, 0, 0, 2, 2, 3,
       0, 0, 2, 3, 2, 2, 2, 2, 2, 0, 0, 0, 3, 1, 0, 2, 1, 3, 0, 2, 0, 2,
       3, 3, 1, 1, 3, 2, 3, 2, 2, 0, 0, 3, 1, 2, 2, 0, 2, 0, 0, 0, 3, 3,
       2, 3, 2, 3, 2, 2, 0, 3, 2, 1, 1, 1, 0, 0, 0, 3, 2, 2, 2, 1, 3, 0,
       2, 3, 1, 0, 1, 3, 0, 0, 3, 0, 2, 0, 2, 0, 2, 3, 2, 2, 0, 3, 2, 2,
       1, 1, 0, 2, 1, 2, 0, 1, 2, 2], dtype=object)]
[297, array([-58., -29., -29.,   0.]), array([2, 1, 0, 1, 2, 1, 1, 2, 0, 0, 0, 2, 1, 0, 0, 2, 2, 0, 0, 2, 2, 3,
       0, 0, 2, 3, 2, 2, 2, 2, 2, 0, 0, 0, 0, 1, 0, 2, 2, 3, 0, 2, 0, 3,
       3, 3, 1, 1, 3, 2, 3, 2, 2, 0, 0, 3, 1, 2, 2, 0, 2, 1, 0, 0, 3, 0,
       2, 3, 2, 3, 2, 2, 2, 3, 2, 1, 1, 1, 0, 0, 0, 3, 0, 2, 2, 0, 3, 0,
       2, 3, 1, 0, 1, 3, 0, 0, 3, 0, 3, 0, 2, 0, 2, 3, 2, 2, 0, 3, 2, 2,
       1, 1, 0, 2, 1, 2, 0, 1, 2, 2], dtype=object)]
[297, array([-58., -29., -29.,   0.]), array([2, 1, 0, 1, 2, 1, 1, 2, 0, 0, 0, 2, 1, 0, 0, 2, 2, 0, 0, 2, 2, 3,
       0, 0, 2, 3, 2, 2, 2, 2, 2, 0, 0, 0, 0, 1, 0, 2, 2, 3, 0, 2, 0, 3,
       3, 3, 1, 1, 3, 2, 3, 2, 2, 0, 0, 3, 1, 2, 2, 0, 2, 1, 0, 0, 3, 0,
       2, 3, 2, 3, 2, 2, 2, 3, 2, 1, 1, 1, 0, 0, 0, 3, 0, 2, 2, 0, 3, 0,
       2, 3, 1, 0, 1, 3, 0, 0, 3, 0, 3, 0, 2, 0, 2, 3, 2, 2, 0, 3, 2, 2,
       1, 1, 0, 2, 1, 2, 0, 1, 2, 2], dtype=object)]
[297, array([-58., -29., -29.,   0.]), array([2, 1, 0, 1, 2, 1, 1, 2, 0, 0, 0, 2, 1, 0, 0, 2, 2, 0, 0, 2, 2, 3,
       0, 0, 2, 3, 2, 2, 2, 2, 2, 0, 0, 0, 0, 1, 0, 2, 2, 3, 0, 2, 0, 3,
       3, 3, 1, 1, 3, 2, 3, 2, 2, 0, 0, 3, 1, 2, 2, 0, 2, 1, 0, 0, 3, 0,
       2, 3, 2, 3, 2, 2, 2, 3, 2, 1, 1, 1, 0, 0, 0, 3, 0, 2, 2, 0, 3, 0,
       2, 3, 1, 0, 1, 3, 0, 0, 3, 0, 3, 0, 2, 0, 2, 3, 2, 2, 0, 3, 2, 2,
       1, 1, 0, 2, 1, 2, 0, 1, 2, 2], dtype=object)]
[297, array([-58., -29., -29.,   0.]), array([2, 1, 0, 1, 2, 1, 1, 2, 0, 0, 0, 2, 1, 0, 0, 2, 2, 0, 0, 2, 2, 3,
       0, 0, 2, 3, 2, 2, 2, 2, 2, 0, 0, 0, 0, 1, 0, 2, 2, 3, 0, 2, 0, 3,
       3, 3, 1, 1, 3, 2, 3, 2, 2, 0, 0, 3, 1, 2, 2, 0, 2, 1, 0, 0, 3, 0,
       2, 3, 2, 3, 2, 2, 2, 3, 2, 1, 1, 1, 0, 0, 0, 3, 0, 2, 2, 0, 3, 0,
       2, 3, 1, 0, 1, 3, 0, 0, 3, 0, 3, 0, 2, 0, 2, 3, 2, 2, 0, 3, 2, 2,
       1, 1, 0, 2, 1, 2, 0, 1, 2, 2], dtype=object)]
[298, array([-58., -29., -29.,   0.]), array([2, 1, 0, 1, 2, 1, 1, 2, 0, 0, 0, 2, 1, 0, 0, 2, 2, 0, 0, 2, 2, 3,
       0, 0, 2, 3, 2, 2, 2, 2, 2, 0, 0, 0, 0, 1, 0, 2, 2, 3, 0, 2, 0, 3,
       3, 3, 1, 1, 3, 2, 3, 2, 2, 0, 0, 3, 1, 2, 2, 0, 2, 1, 0, 0, 3, 0,
       2, 3, 2, 3, 2, 2, 2, 3, 2, 1, 1, 1, 0, 0, 0, 3, 0, 2, 2, 0, 3, 0,
       2, 3, 1, 0, 1, 3, 0, 0, 3, 0, 3, 0, 2, 0, 2, 3, 2, 2, 0, 3, 2, 2,
       1, 1, 0, 2, 1, 2, 0, 1, 2, 2], dtype=object)]
[298, array([-58., -29., -29.,   0.]), array([2, 1, 0, 1, 2, 1, 1, 2, 0, 0, 0, 2, 1, 0, 0, 2, 2, 0, 0, 2, 2, 3,
       0, 0, 2, 3, 2, 2, 2, 2, 2, 0, 0, 0, 0, 1, 0, 2, 2, 3, 0, 2, 0, 3,
       3, 3, 1, 1, 3, 2, 3, 2, 2, 0, 0, 3, 1, 2, 2, 0, 2, 1, 0, 0, 3, 0,
       2, 3, 2, 3, 2, 2, 2, 3, 2, 1, 1, 1, 0, 0, 0, 3, 0, 2, 2, 0, 3, 0,
       2, 3, 1, 0, 1, 3, 0, 0, 3, 0, 3, 0, 2, 0, 2, 3, 2, 2, 0, 3, 2, 2,
       1, 1, 0, 2, 1, 2, 0, 1, 2, 2], dtype=object)]
[298, array([-58., -29., -29.,   0.]), array([2, 1, 0, 1, 2, 1, 1, 2, 0, 0, 0, 2, 1, 0, 0, 2, 2, 0, 0, 2, 2, 3,
       0, 0, 2, 3, 2, 2, 2, 2, 2, 0, 0, 0, 0, 1, 0, 2, 2, 3, 0, 2, 0, 3,
       3, 3, 1, 1, 3, 2, 3, 2, 2, 0, 0, 3, 1, 2, 2, 0, 2, 1, 0, 0, 3, 0,
       2, 3, 2, 3, 2, 2, 2, 3, 2, 1, 1, 1, 0, 0, 0, 3, 0, 2, 2, 0, 3, 0,
       2, 3, 1, 0, 1, 3, 0, 0, 3, 0, 3, 0, 2, 0, 2, 3, 2, 2, 0, 3, 2, 2,
       1, 1, 0, 2, 1, 2, 0, 1, 2, 2], dtype=object)]
[298, array([-58., -29., -29.,   0.]), array([2, 1, 0, 1, 2, 1, 1, 2, 0, 0, 0, 2, 1, 0, 0, 2, 2, 0, 0, 2, 2, 3,
       0, 0, 2, 3, 2, 2, 2, 2, 2, 0, 0, 0, 0, 1, 0, 2, 2, 3, 0, 2, 0, 3,
       3, 3, 1, 1, 3, 2, 3, 2, 2, 0, 0, 3, 1, 2, 2, 0, 2, 1, 0, 0, 3, 0,
       2, 3, 2, 3, 2, 2, 2, 3, 2, 1, 1, 1, 0, 0, 0, 3, 0, 2, 2, 0, 3, 0,
       2, 3, 1, 0, 1, 3, 0, 0, 3, 0, 3, 0, 2, 0, 2, 3, 2, 2, 0, 3, 2, 2,
       1, 1, 0, 2, 1, 2, 0, 1, 2, 2], dtype=object)]
[299, array([-58., -29., -29.,   0.]), array([2, 1, 0, 1, 2, 1, 1, 2, 0, 0, 0, 2, 1, 0, 0, 2, 2, 0, 0, 2, 2, 2,
       0, 0, 2, 3, 2, 2, 2, 2, 2, 0, 0, 0, 3, 1, 3, 2, 0, 3, 0, 2, 0, 2,
       1, 3, 1, 1, 3, 2, 3, 2, 2, 3, 0, 3, 1, 2, 2, 0, 1, 0, 0, 0, 3, 3,
       2, 3, 2, 3, 2, 2, 0, 3, 2, 1, 1, 1, 0, 0, 0, 3, 2, 2, 2, 0, 3, 0,
       2, 3, 1, 0, 1, 3, 0, 0, 0, 0, 3, 2, 2, 0, 2, 3, 2, 2, 0, 3, 2, 2,
       1, 1, 0, 2, 1, 2, 0, 1, 2, 2], dtype=object)]
[299, array([-58., -29., -29.,   0.]), array([2, 1, 0, 1, 2, 1, 1, 2, 0, 0, 0, 2, 1, 0, 0, 2, 2, 0, 0, 2, 2, 2,
       0, 0, 2, 3, 2, 2, 2, 2, 2, 0, 0, 0, 3, 1, 3, 2, 0, 3, 0, 2, 0, 2,
       1, 3, 1, 1, 3, 2, 3, 2, 2, 3, 0, 3, 1, 2, 2, 0, 1, 0, 0, 0, 3, 3,
       2, 3, 2, 3, 2, 2, 0, 3, 2, 1, 1, 1, 0, 0, 0, 3, 2, 2, 2, 0, 3, 0,
       2, 3, 1, 0, 1, 3, 0, 0, 0, 0, 3, 2, 2, 0, 2, 3, 2, 2, 0, 3, 2, 2,
       1, 1, 0, 2, 1, 2, 0, 1, 2, 2], dtype=object)]
[299, array([-58., -29., -29.,   0.]), array([2, 1, 0, 1, 2, 1, 1, 2, 0, 0, 0, 2, 1, 0, 0, 2, 2, 0, 0, 2, 2, 2,
       0, 0, 2, 3, 2, 2, 2, 2, 2, 0, 0, 0, 3, 1, 3, 2, 0, 3, 0, 2, 0, 2,
       1, 3, 1, 1, 3, 2, 3, 2, 2, 3, 0, 3, 1, 2, 2, 0, 1, 0, 0, 0, 3, 3,
       2, 3, 2, 3, 2, 2, 0, 3, 2, 1, 1, 1, 0, 0, 0, 3, 2, 2, 2, 0, 3, 0,
       2, 3, 1, 0, 1, 3, 0, 0, 0, 0, 3, 2, 2, 0, 2, 3, 2, 2, 0, 3, 2, 2,
       1, 1, 0, 2, 1, 2, 0, 1, 2, 2], dtype=object)]
[299, array([-58., -29., -29.,   0.]), array([2, 1, 0, 1, 2, 1, 1, 2, 0, 0, 0, 2, 1, 0, 0, 2, 2, 0, 0, 2, 2, 2,
       0, 0, 2, 3, 2, 2, 2, 2, 2, 0, 0, 0, 3, 1, 3, 2, 0, 3, 0, 2, 0, 2,
       1, 3, 1, 1, 3, 2, 3, 2, 2, 3, 0, 3, 1, 2, 2, 0, 1, 0, 0, 0, 3, 3,
       2, 3, 2, 3, 2, 2, 0, 3, 2, 1, 1, 1, 0, 0, 0, 3, 2, 2, 2, 0, 3, 0,
       2, 3, 1, 0, 1, 3, 0, 0, 0, 0, 3, 2, 2, 0, 2, 3, 2, 2, 0, 3, 2, 2,
       1, 1, 0, 2, 1, 2, 0, 1, 2, 2], dtype=object)]
[300, array([-58., -29., -29.,   0.]), array([2, 1, 0, 1, 2, 1, 1, 2, 0, 0, 0, 2, 1, 0, 0, 2, 2, 0, 0, 2, 2, 2,
       0, 0, 2, 3, 2, 2, 2, 2, 2, 0, 0, 0, 3, 1, 3, 2, 0, 3, 0, 2, 0, 2,
       1, 3, 1, 1, 3, 2, 3, 2, 2, 3, 0, 3, 1, 2, 2, 0, 1, 0, 0, 0, 3, 3,
       2, 3, 2, 3, 2, 2, 0, 3, 2, 1, 1, 1, 0, 0, 0, 3, 2, 2, 2, 0, 3, 0,
       2, 3, 1, 0, 1, 3, 0, 0, 0, 0, 3, 2, 2, 0, 2, 3, 2, 2, 0, 3, 2, 2,
       1, 1, 0, 2, 1, 2, 0, 1, 2, 2], dtype=object)]
[300, array([-58., -29., -29.,   0.]), array([2, 1, 0, 1, 2, 1, 1, 2, 0, 0, 0, 2, 1, 0, 0, 2, 2, 0, 0, 2, 2, 2,
       0, 0, 2, 3, 2, 2, 2, 2, 2, 0, 0, 0, 3, 1, 3, 2, 0, 3, 0, 2, 0, 2,
       1, 3, 1, 1, 3, 2, 3, 2, 2, 3, 0, 3, 1, 2, 2, 0, 1, 0, 0, 0, 3, 3,
       2, 3, 2, 3, 2, 2, 0, 3, 2, 1, 1, 1, 0, 0, 0, 3, 2, 2, 2, 0, 3, 0,
       2, 3, 1, 0, 1, 3, 0, 0, 0, 0, 3, 2, 2, 0, 2, 3, 2, 2, 0, 3, 2, 2,
       1, 1, 0, 2, 1, 2, 0, 1, 2, 2], dtype=object)]
[300, array([-58., -29., -29.,   0.]), array([2, 1, 0, 1, 2, 1, 1, 2, 0, 0, 0, 2, 1, 0, 0, 2, 2, 0, 0, 2, 2, 2,
       0, 0, 2, 3, 2, 2, 2, 2, 2, 0, 0, 0, 3, 1, 3, 2, 0, 3, 0, 2, 0, 2,
       1, 3, 1, 1, 3, 2, 3, 2, 2, 3, 0, 3, 1, 2, 2, 0, 1, 0, 0, 0, 3, 3,
       2, 3, 2, 3, 2, 2, 0, 3, 2, 1, 1, 1, 0, 0, 0, 3, 2, 2, 2, 0, 3, 0,
       2, 3, 1, 0, 1, 3, 0, 0, 0, 0, 3, 2, 2, 0, 2, 3, 2, 2, 0, 3, 2, 2,
       1, 1, 0, 2, 1, 2, 0, 1, 2, 2], dtype=object)]
[300, array([-58., -29., -29.,   0.]), array([2, 1, 0, 1, 2, 1, 1, 2, 0, 0, 0, 2, 1, 0, 0, 2, 2, 0, 0, 2, 2, 2,
       0, 0, 2, 3, 2, 2, 2, 2, 2, 0, 0, 0, 3, 1, 3, 2, 0, 3, 0, 2, 0, 2,
       1, 3, 1, 1, 3, 2, 3, 2, 2, 3, 0, 3, 1, 2, 2, 0, 1, 0, 0, 0, 3, 3,
       2, 3, 2, 3, 2, 2, 0, 3, 2, 1, 1, 1, 0, 0, 0, 3, 2, 2, 2, 0, 3, 0,
       2, 3, 1, 0, 1, 3, 0, 0, 0, 0, 3, 2, 2, 0, 2, 3, 2, 2, 0, 3, 2, 2,
       1, 1, 0, 2, 1, 2, 0, 1, 2, 2], dtype=object)]
[301, array([-58., -29., -29.,   0.]), array([2, 1, 0, 1, 2, 0, 1, 2, 0, 0, 0, 2, 1, 0, 0, 2, 2, 0, 0, 2, 2, 3,
       0, 0, 2, 3, 2, 2, 2, 2, 2, 0, 0, 0, 0, 1, 0, 2, 2, 3, 0, 1, 0, 3,
       3, 3, 1, 1, 3, 2, 1, 2, 2, 0, 0, 3, 1, 2, 2, 0, 2, 1, 0, 0, 3, 3,
       2, 3, 2, 3, 2, 2, 2, 3, 2, 1, 1, 1, 0, 0, 0, 3, 0, 2, 2, 0, 3, 0,
       2, 3, 1, 0, 1, 3, 0, 0, 3, 0, 3, 0, 2, 0, 2, 3, 2, 2, 0, 3, 2, 2,
       1, 1, 0, 2, 1, 2, 0, 1, 2, 2], dtype=object)]
[301, array([-58., -29., -29.,   0.]), array([2, 1, 0, 1, 2, 0, 1, 2, 0, 0, 0, 2, 1, 0, 0, 2, 2, 0, 0, 2, 2, 3,
       0, 0, 2, 3, 2, 2, 2, 2, 2, 0, 0, 0, 0, 1, 0, 2, 2, 3, 0, 1, 0, 3,
       3, 3, 1, 1, 3, 2, 1, 2, 2, 0, 0, 3, 1, 2, 2, 0, 2, 1, 0, 0, 3, 3,
       2, 3, 2, 3, 2, 2, 2, 3, 2, 1, 1, 1, 0, 0, 0, 3, 0, 2, 2, 0, 3, 0,
       2, 3, 1, 0, 1, 3, 0, 0, 3, 0, 3, 0, 2, 0, 2, 3, 2, 2, 0, 3, 2, 2,
       1, 1, 0, 2, 1, 2, 0, 1, 2, 2], dtype=object)]
[301, array([-58., -29., -29.,   0.]), array([2, 1, 0, 1, 2, 0, 1, 2, 0, 0, 0, 2, 1, 0, 0, 2, 2, 0, 0, 2, 2, 3,
       0, 0, 2, 3, 2, 2, 2, 2, 2, 0, 0, 0, 0, 1, 0, 2, 2, 3, 0, 1, 0, 3,
       3, 3, 1, 1, 3, 2, 1, 2, 2, 0, 0, 3, 1, 2, 2, 0, 2, 1, 0, 0, 3, 3,
       2, 3, 2, 3, 2, 2, 2, 3, 2, 1, 1, 1, 0, 0, 0, 3, 0, 2, 2, 0, 3, 0,
       2, 3, 1, 0, 1, 3, 0, 0, 3, 0, 3, 0, 2, 0, 2, 3, 2, 2, 0, 3, 2, 2,
       1, 1, 0, 2, 1, 2, 0, 1, 2, 2], dtype=object)]
[301, array([-58., -29., -29.,   0.]), array([2, 1, 0, 1, 2, 0, 1, 2, 0, 0, 0, 2, 1, 0, 0, 2, 2, 0, 0, 2, 2, 3,
       0, 0, 2, 3, 2, 2, 2, 2, 2, 0, 0, 0, 0, 1, 0, 2, 2, 3, 0, 1, 0, 3,
       3, 3, 1, 1, 3, 2, 1, 2, 2, 0, 0, 3, 1, 2, 2, 0, 2, 1, 0, 0, 3, 3,
       2, 3, 2, 3, 2, 2, 2, 3, 2, 1, 1, 1, 0, 0, 0, 3, 0, 2, 2, 0, 3, 0,
       2, 3, 1, 0, 1, 3, 0, 0, 3, 0, 3, 0, 2, 0, 2, 3, 2, 2, 0, 3, 2, 2,
       1, 1, 0, 2, 1, 2, 0, 1, 2, 2], dtype=object)]
[302, array([-58., -29., -29.,   0.]), array([2, 1, 0, 1, 2, 0, 1, 2, 0, 0, 0, 2, 1, 0, 0, 2, 2, 0, 0, 2, 2, 3,
       0, 0, 2, 3, 2, 2, 2, 2, 2, 0, 0, 0, 2, 1, 0, 2, 2, 3, 0, 1, 0, 3,
       3, 3, 1, 1, 3, 2, 1, 2, 2, 0, 0, 3, 1, 2, 2, 0, 2, 1, 0, 0, 3, 3,
       2, 3, 2, 3, 2, 2, 2, 3, 2, 1, 1, 1, 0, 0, 0, 3, 0, 2, 2, 0, 3, 0,
       2, 3, 1, 0, 1, 1, 0, 0, 3, 0, 3, 0, 2, 0, 2, 3, 2, 2, 0, 3, 2, 2,
       1, 1, 0, 2, 1, 2, 0, 1, 2, 2], dtype=object)]
[302, array([-58., -29., -29.,   0.]), array([2, 1, 0, 1, 2, 0, 1, 2, 0, 0, 0, 2, 1, 0, 0, 2, 2, 0, 0, 2, 2, 3,
       0, 0, 2, 3, 2, 2, 2, 2, 2, 0, 0, 0, 2, 1, 0, 2, 2, 3, 0, 1, 0, 3,
       3, 3, 1, 1, 3, 2, 1, 2, 2, 0, 0, 3, 1, 2, 2, 0, 2, 1, 0, 0, 3, 3,
       2, 3, 2, 3, 2, 2, 2, 3, 2, 1, 1, 1, 0, 0, 0, 3, 0, 2, 2, 0, 3, 0,
       2, 3, 1, 0, 1, 1, 0, 0, 3, 0, 3, 0, 2, 0, 2, 3, 2, 2, 0, 3, 2, 2,
       1, 1, 0, 2, 1, 2, 0, 1, 2, 2], dtype=object)]
[302, array([-58., -29., -29.,   0.]), array([2, 1, 0, 1, 2, 0, 1, 2, 0, 0, 0, 2, 1, 0, 0, 2, 2, 0, 0, 2, 2, 3,
       0, 0, 2, 3, 2, 2, 2, 2, 2, 0, 0, 0, 2, 1, 0, 2, 2, 3, 0, 1, 0, 3,
       3, 3, 1, 1, 3, 2, 1, 2, 2, 0, 0, 3, 1, 2, 2, 0, 2, 1, 0, 0, 3, 3,
       2, 3, 2, 3, 2, 2, 2, 3, 2, 1, 1, 1, 0, 0, 0, 3, 0, 2, 2, 0, 3, 0,
       2, 3, 1, 0, 1, 1, 0, 0, 3, 0, 3, 0, 2, 0, 2, 3, 2, 2, 0, 3, 2, 2,
       1, 1, 0, 2, 1, 2, 0, 1, 2, 2], dtype=object)]
[302, array([-58., -29., -29.,   0.]), array([2, 1, 0, 1, 2, 0, 1, 2, 0, 0, 0, 2, 1, 0, 0, 2, 2, 0, 0, 2, 2, 3,
       0, 0, 2, 3, 2, 2, 2, 2, 2, 0, 0, 0, 2, 1, 0, 2, 2, 3, 0, 1, 0, 3,
       3, 3, 1, 1, 3, 2, 1, 2, 2, 0, 0, 3, 1, 2, 2, 0, 2, 1, 0, 0, 3, 3,
       2, 3, 2, 3, 2, 2, 2, 3, 2, 1, 1, 1, 0, 0, 0, 3, 0, 2, 2, 0, 3, 0,
       2, 3, 1, 0, 1, 1, 0, 0, 3, 0, 3, 0, 2, 0, 2, 3, 2, 2, 0, 3, 2, 2,
       1, 1, 0, 2, 1, 2, 0, 1, 2, 2], dtype=object)]
[303, array([-58., -29., -29.,   0.]), array([2, 1, 0, 1, 2, 1, 1, 2, 0, 0, 0, 2, 1, 0, 0, 2, 2, 0, 0, 2, 2, 3,
       0, 0, 2, 3, 2, 2, 2, 2, 2, 0, 0, 0, 0, 1, 0, 2, 2, 3, 0, 1, 0, 3,
       3, 3, 1, 1, 3, 2, 3, 2, 1, 0, 0, 3, 1, 2, 2, 0, 2, 1, 0, 0, 3, 3,
       2, 3, 2, 3, 2, 2, 2, 3, 2, 1, 1, 1, 0, 0, 0, 3, 2, 2, 2, 0, 3, 0,
       2, 3, 1, 0, 1, 3, 0, 0, 3, 0, 3, 0, 2, 0, 2, 3, 2, 2, 1, 3, 2, 2,
       1, 1, 0, 2, 1, 2, 0, 1, 2, 2], dtype=object)]
[303, array([-58., -29., -29.,   0.]), array([2, 1, 0, 1, 2, 1, 1, 2, 0, 0, 0, 2, 1, 0, 0, 2, 2, 0, 0, 2, 2, 3,
       0, 0, 2, 3, 2, 2, 2, 2, 2, 0, 0, 0, 0, 1, 0, 2, 2, 3, 0, 1, 0, 3,
       3, 3, 1, 1, 3, 2, 3, 2, 1, 0, 0, 3, 1, 2, 2, 0, 2, 1, 0, 0, 3, 3,
       2, 3, 2, 3, 2, 2, 2, 3, 2, 1, 1, 1, 0, 0, 0, 3, 2, 2, 2, 0, 3, 0,
       2, 3, 1, 0, 1, 3, 0, 0, 3, 0, 3, 0, 2, 0, 2, 3, 2, 2, 1, 3, 2, 2,
       1, 1, 0, 2, 1, 2, 0, 1, 2, 2], dtype=object)]
[303, array([-58., -29., -29.,   0.]), array([2, 1, 0, 1, 2, 1, 1, 2, 0, 0, 0, 2, 1, 0, 0, 2, 2, 0, 0, 2, 2, 3,
       0, 0, 2, 3, 2, 2, 2, 2, 2, 0, 0, 0, 0, 1, 0, 2, 2, 3, 0, 1, 0, 3,
       3, 3, 1, 1, 3, 2, 3, 2, 1, 0, 0, 3, 1, 2, 2, 0, 2, 1, 0, 0, 3, 3,
       2, 3, 2, 3, 2, 2, 2, 3, 2, 1, 1, 1, 0, 0, 0, 3, 2, 2, 2, 0, 3, 0,
       2, 3, 1, 0, 1, 3, 0, 0, 3, 0, 3, 0, 2, 0, 2, 3, 2, 2, 1, 3, 2, 2,
       1, 1, 0, 2, 1, 2, 0, 1, 2, 2], dtype=object)]
[303, array([-58., -29., -29.,   0.]), array([2, 1, 0, 1, 2, 1, 1, 2, 0, 0, 0, 2, 1, 0, 0, 2, 2, 0, 0, 2, 2, 3,
       0, 0, 2, 3, 2, 2, 2, 2, 2, 0, 0, 0, 0, 1, 0, 2, 2, 3, 0, 1, 0, 3,
       3, 3, 1, 1, 3, 2, 3, 2, 1, 0, 0, 3, 1, 2, 2, 0, 2, 1, 0, 0, 3, 3,
       2, 3, 2, 3, 2, 2, 2, 3, 2, 1, 1, 1, 0, 0, 0, 3, 2, 2, 2, 0, 3, 0,
       2, 3, 1, 0, 1, 3, 0, 0, 3, 0, 3, 0, 2, 0, 2, 3, 2, 2, 1, 3, 2, 2,
       1, 1, 0, 2, 1, 2, 0, 1, 2, 2], dtype=object)]
[304, array([-58., -29., -29.,   0.]), array([2, 1, 0, 1, 2, 1, 1, 2, 0, 0, 0, 2, 1, 0, 0, 2, 2, 0, 0, 2, 2, 3,
       0, 0, 2, 3, 2, 2, 2, 2, 2, 0, 0, 0, 0, 1, 0, 2, 2, 3, 0, 1, 0, 3,
       3, 3, 1, 1, 3, 2, 3, 2, 0, 0, 0, 3, 1, 2, 2, 0, 2, 1, 0, 0, 3, 3,
       2, 3, 2, 3, 2, 2, 2, 3, 2, 1, 1, 1, 0, 0, 0, 3, 2, 2, 2, 0, 3, 0,
       2, 3, 1, 0, 1, 3, 0, 0, 3, 0, 3, 0, 2, 0, 2, 3, 2, 2, 1, 3, 2, 2,
       1, 1, 0, 2, 1, 2, 0, 1, 2, 2], dtype=object)]
[304, array([-58., -29., -29.,   0.]), array([2, 1, 0, 1, 2, 1, 1, 2, 0, 0, 0, 2, 1, 0, 0, 2, 2, 0, 0, 2, 2, 3,
       0, 0, 2, 3, 2, 2, 2, 2, 2, 0, 0, 0, 0, 1, 0, 2, 2, 3, 0, 1, 0, 3,
       3, 3, 1, 1, 3, 2, 3, 2, 0, 0, 0, 3, 1, 2, 2, 0, 2, 1, 0, 0, 3, 3,
       2, 3, 2, 3, 2, 2, 2, 3, 2, 1, 1, 1, 0, 0, 0, 3, 2, 2, 2, 0, 3, 0,
       2, 3, 1, 0, 1, 3, 0, 0, 3, 0, 3, 0, 2, 0, 2, 3, 2, 2, 1, 3, 2, 2,
       1, 1, 0, 2, 1, 2, 0, 1, 2, 2], dtype=object)]
[304, array([-58., -29., -29.,   0.]), array([2, 1, 0, 1, 2, 1, 1, 2, 0, 0, 0, 2, 1, 0, 0, 2, 2, 0, 0, 2, 2, 3,
       0, 0, 2, 3, 2, 2, 2, 2, 2, 0, 0, 0, 0, 1, 0, 2, 2, 3, 0, 1, 0, 3,
       3, 3, 1, 1, 3, 2, 3, 2, 0, 0, 0, 3, 1, 2, 2, 0, 2, 1, 0, 0, 3, 3,
       2, 3, 2, 3, 2, 2, 2, 3, 2, 1, 1, 1, 0, 0, 0, 3, 2, 2, 2, 0, 3, 0,
       2, 3, 1, 0, 1, 3, 0, 0, 3, 0, 3, 0, 2, 0, 2, 3, 2, 2, 1, 3, 2, 2,
       1, 1, 0, 2, 1, 2, 0, 1, 2, 2], dtype=object)]
[304, array([-58., -29., -29.,   0.]), array([2, 1, 0, 1, 2, 1, 1, 2, 0, 0, 0, 2, 1, 0, 0, 2, 2, 0, 0, 2, 2, 3,
       0, 0, 2, 3, 2, 2, 2, 2, 2, 0, 0, 0, 0, 1, 0, 2, 2, 3, 0, 1, 0, 3,
       3, 3, 1, 1, 3, 2, 3, 2, 0, 0, 0, 3, 1, 2, 2, 0, 2, 1, 0, 0, 3, 3,
       2, 3, 2, 3, 2, 2, 2, 3, 2, 1, 1, 1, 0, 0, 0, 3, 2, 2, 2, 0, 3, 0,
       2, 3, 1, 0, 1, 3, 0, 0, 3, 0, 3, 0, 2, 0, 2, 3, 2, 2, 1, 3, 2, 2,
       1, 1, 0, 2, 1, 2, 0, 1, 2, 2], dtype=object)]
[305, array([-58., -29., -29.,   0.]), array([2, 1, 0, 1, 2, 1, 1, 2, 0, 0, 0, 2, 1, 0, 0, 1, 2, 0, 0, 2, 2, 0,
       0, 0, 2, 3, 2, 2, 2, 2, 2, 0, 3, 0, 3, 1, 0, 2, 1, 3, 0, 2, 0, 3,
       3, 3, 1, 1, 0, 2, 3, 2, 2, 0, 0, 3, 1, 2, 2, 0, 2, 1, 0, 0, 3, 3,
       2, 3, 2, 3, 2, 2, 2, 3, 2, 1, 1, 1, 0, 0, 0, 3, 0, 2, 2, 0, 3, 0,
       2, 3, 1, 0, 1, 3, 0, 3, 3, 0, 3, 0, 2, 0, 2, 3, 2, 2, 0, 3, 2, 2,
       1, 1, 0, 2, 1, 2, 0, 1, 2, 2], dtype=object)]
[305, array([-58., -29., -29.,   0.]), array([2, 1, 0, 1, 2, 1, 1, 2, 0, 0, 0, 2, 1, 0, 0, 1, 2, 0, 0, 2, 2, 0,
       0, 0, 2, 3, 2, 2, 2, 2, 2, 0, 3, 0, 3, 1, 0, 2, 1, 3, 0, 2, 0, 3,
       3, 3, 1, 1, 0, 2, 3, 2, 2, 0, 0, 3, 1, 2, 2, 0, 2, 1, 0, 0, 3, 3,
       2, 3, 2, 3, 2, 2, 2, 3, 2, 1, 1, 1, 0, 0, 0, 3, 0, 2, 2, 0, 3, 0,
       2, 3, 1, 0, 1, 3, 0, 3, 3, 0, 3, 0, 2, 0, 2, 3, 2, 2, 0, 3, 2, 2,
       1, 1, 0, 2, 1, 2, 0, 1, 2, 2], dtype=object)]
[305, array([-58., -29., -29.,   0.]), array([2, 1, 0, 1, 2, 1, 1, 2, 0, 0, 0, 2, 1, 0, 0, 1, 2, 0, 0, 2, 2, 0,
       0, 0, 2, 3, 2, 2, 2, 2, 2, 0, 3, 0, 3, 1, 0, 2, 1, 3, 0, 2, 0, 3,
       3, 3, 1, 1, 0, 2, 3, 2, 2, 0, 0, 3, 1, 2, 2, 0, 2, 1, 0, 0, 3, 3,
       2, 3, 2, 3, 2, 2, 2, 3, 2, 1, 1, 1, 0, 0, 0, 3, 0, 2, 2, 0, 3, 0,
       2, 3, 1, 0, 1, 3, 0, 3, 3, 0, 3, 0, 2, 0, 2, 3, 2, 2, 0, 3, 2, 2,
       1, 1, 0, 2, 1, 2, 0, 1, 2, 2], dtype=object)]
[305, array([-58., -29., -29.,   0.]), array([2, 1, 0, 1, 2, 1, 1, 2, 0, 0, 0, 2, 1, 0, 0, 1, 2, 0, 0, 2, 2, 0,
       0, 0, 2, 3, 2, 2, 2, 2, 2, 0, 3, 0, 3, 1, 0, 2, 1, 3, 0, 2, 0, 3,
       3, 3, 1, 1, 0, 2, 3, 2, 2, 0, 0, 3, 1, 2, 2, 0, 2, 1, 0, 0, 3, 3,
       2, 3, 2, 3, 2, 2, 2, 3, 2, 1, 1, 1, 0, 0, 0, 3, 0, 2, 2, 0, 3, 0,
       2, 3, 1, 0, 1, 3, 0, 3, 3, 0, 3, 0, 2, 0, 2, 3, 2, 2, 0, 3, 2, 2,
       1, 1, 0, 2, 1, 2, 0, 1, 2, 2], dtype=object)]
[306, array([-58., -29., -29.,   0.]), array([2, 1, 0, 1, 2, 1, 1, 2, 0, 0, 0, 2, 1, 0, 1, 2, 2, 0, 0, 2, 2, 3,
       0, 0, 2, 3, 2, 2, 2, 2, 2, 0, 0, 1, 0, 1, 0, 2, 2, 3, 0, 1, 0, 0,
       3, 3, 1, 1, 3, 2, 3, 2, 2, 0, 0, 3, 1, 2, 2, 0, 2, 1, 0, 0, 3, 2,
       2, 3, 2, 3, 2, 2, 2, 3, 2, 1, 1, 1, 0, 0, 0, 3, 2, 2, 2, 1, 3, 0,
       2, 3, 1, 0, 1, 3, 0, 0, 2, 0, 3, 2, 2, 0, 2, 3, 2, 2, 0, 3, 2, 3,
       1, 1, 0, 2, 1, 2, 0, 1, 2, 2], dtype=object)]
[306, array([-58., -29., -29.,   0.]), array([2, 1, 0, 1, 2, 1, 1, 2, 0, 0, 0, 2, 1, 0, 1, 2, 2, 0, 0, 2, 2, 3,
       0, 0, 2, 3, 2, 2, 2, 2, 2, 0, 0, 1, 0, 1, 0, 2, 2, 3, 0, 1, 0, 0,
       3, 3, 1, 1, 3, 2, 3, 2, 2, 0, 0, 3, 1, 2, 2, 0, 2, 1, 0, 0, 3, 2,
       2, 3, 2, 3, 2, 2, 2, 3, 2, 1, 1, 1, 0, 0, 0, 3, 2, 2, 2, 1, 3, 0,
       2, 3, 1, 0, 1, 3, 0, 0, 2, 0, 3, 2, 2, 0, 2, 3, 2, 2, 0, 3, 2, 3,
       1, 1, 0, 2, 1, 2, 0, 1, 2, 2], dtype=object)]
[306, array([-58., -29., -29.,   0.]), array([2, 1, 0, 1, 2, 1, 1, 2, 0, 0, 0, 2, 1, 0, 1, 2, 2, 0, 0, 2, 2, 3,
       0, 0, 2, 3, 2, 2, 2, 2, 2, 0, 0, 1, 0, 1, 0, 2, 2, 3, 0, 1, 0, 0,
       3, 3, 1, 1, 3, 2, 3, 2, 2, 0, 0, 3, 1, 2, 2, 0, 2, 1, 0, 0, 3, 2,
       2, 3, 2, 3, 2, 2, 2, 3, 2, 1, 1, 1, 0, 0, 0, 3, 2, 2, 2, 1, 3, 0,
       2, 3, 1, 0, 1, 3, 0, 0, 2, 0, 3, 2, 2, 0, 2, 3, 2, 2, 0, 3, 2, 3,
       1, 1, 0, 2, 1, 2, 0, 1, 2, 2], dtype=object)]
[306, array([-58., -29., -29.,   0.]), array([2, 1, 0, 1, 2, 1, 1, 2, 0, 0, 0, 2, 1, 0, 1, 2, 2, 0, 0, 2, 2, 3,
       0, 0, 2, 3, 2, 2, 2, 2, 2, 0, 0, 1, 0, 1, 0, 2, 2, 3, 0, 1, 0, 0,
       3, 3, 1, 1, 3, 2, 3, 2, 2, 0, 0, 3, 1, 2, 2, 0, 2, 1, 0, 0, 3, 2,
       2, 3, 2, 3, 2, 2, 2, 3, 2, 1, 1, 1, 0, 0, 0, 3, 2, 2, 2, 1, 3, 0,
       2, 3, 1, 0, 1, 3, 0, 0, 2, 0, 3, 2, 2, 0, 2, 3, 2, 2, 0, 3, 2, 3,
       1, 1, 0, 2, 1, 2, 0, 1, 2, 2], dtype=object)]
[307, array([-58., -29., -29.,   0.]), array([2, 0, 0, 1, 2, 1, 1, 2, 0, 0, 0, 2, 1, 0, 0, 1, 2, 0, 0, 2, 2, 0,
       0, 0, 2, 3, 2, 2, 2, 2, 2, 0, 3, 0, 3, 1, 0, 2, 1, 3, 0, 2, 0, 3,
       3, 3, 1, 1, 3, 2, 1, 2, 2, 0, 0, 3, 1, 2, 2, 0, 2, 2, 0, 0, 3, 3,
       2, 3, 2, 3, 2, 2, 2, 3, 2, 1, 1, 1, 0, 0, 0, 3, 0, 2, 2, 0, 3, 0,
       2, 3, 1, 0, 1, 3, 0, 0, 3, 0, 3, 0, 2, 0, 2, 3, 2, 2, 0, 3, 2, 2,
       1, 1, 0, 2, 1, 2, 0, 1, 2, 2], dtype=object)]
[307, array([-58., -29., -29.,   0.]), array([2, 0, 0, 1, 2, 1, 1, 2, 0, 0, 0, 2, 1, 0, 0, 1, 2, 0, 0, 2, 2, 0,
       0, 0, 2, 3, 2, 2, 2, 2, 2, 0, 3, 0, 3, 1, 0, 2, 1, 3, 0, 2, 0, 3,
       3, 3, 1, 1, 3, 2, 1, 2, 2, 0, 0, 3, 1, 2, 2, 0, 2, 2, 0, 0, 3, 3,
       2, 3, 2, 3, 2, 2, 2, 3, 2, 1, 1, 1, 0, 0, 0, 3, 0, 2, 2, 0, 3, 0,
       2, 3, 1, 0, 1, 3, 0, 0, 3, 0, 3, 0, 2, 0, 2, 3, 2, 2, 0, 3, 2, 2,
       1, 1, 0, 2, 1, 2, 0, 1, 2, 2], dtype=object)]
[307, array([-58., -29., -29.,   0.]), array([2, 0, 0, 1, 2, 1, 1, 2, 0, 0, 0, 2, 1, 0, 0, 1, 2, 0, 0, 2, 2, 0,
       0, 0, 2, 3, 2, 2, 2, 2, 2, 0, 3, 0, 3, 1, 0, 2, 1, 3, 0, 2, 0, 3,
       3, 3, 1, 1, 3, 2, 1, 2, 2, 0, 0, 3, 1, 2, 2, 0, 2, 2, 0, 0, 3, 3,
       2, 3, 2, 3, 2, 2, 2, 3, 2, 1, 1, 1, 0, 0, 0, 3, 0, 2, 2, 0, 3, 0,
       2, 3, 1, 0, 1, 3, 0, 0, 3, 0, 3, 0, 2, 0, 2, 3, 2, 2, 0, 3, 2, 2,
       1, 1, 0, 2, 1, 2, 0, 1, 2, 2], dtype=object)]
[307, array([-58., -29., -29.,   0.]), array([2, 0, 0, 1, 2, 1, 1, 2, 0, 0, 0, 2, 1, 0, 0, 1, 2, 0, 0, 2, 2, 0,
       0, 0, 2, 3, 2, 2, 2, 2, 2, 0, 3, 0, 3, 1, 0, 2, 1, 3, 0, 2, 0, 3,
       3, 3, 1, 1, 3, 2, 1, 2, 2, 0, 0, 3, 1, 2, 2, 0, 2, 2, 0, 0, 3, 3,
       2, 3, 2, 3, 2, 2, 2, 3, 2, 1, 1, 1, 0, 0, 0, 3, 0, 2, 2, 0, 3, 0,
       2, 3, 1, 0, 1, 3, 0, 0, 3, 0, 3, 0, 2, 0, 2, 3, 2, 2, 0, 3, 2, 2,
       1, 1, 0, 2, 1, 2, 0, 1, 2, 2], dtype=object)]
[308, array([-58., -29., -29.,   0.]), array([2, 1, 0, 1, 2, 1, 1, 2, 0, 0, 0, 2, 1, 0, 0, 2, 2, 3, 0, 2, 2, 3,
       0, 0, 2, 3, 2, 2, 2, 2, 2, 0, 3, 0, 3, 1, 0, 2, 1, 3, 0, 2, 0, 3,
       3, 3, 1, 1, 0, 2, 3, 2, 2, 0, 0, 3, 1, 2, 2, 0, 2, 1, 0, 0, 3, 3,
       2, 3, 2, 3, 2, 2, 2, 3, 2, 1, 1, 1, 0, 0, 0, 3, 0, 2, 2, 0, 3, 0,
       2, 3, 1, 0, 1, 3, 0, 3, 3, 0, 3, 0, 2, 0, 2, 3, 2, 2, 0, 3, 2, 2,
       1, 1, 0, 2, 1, 2, 0, 1, 2, 2], dtype=object)]
[308, array([-58., -29., -29.,   0.]), array([2, 1, 0, 1, 2, 1, 1, 2, 0, 0, 0, 2, 1, 0, 0, 2, 2, 3, 0, 2, 2, 3,
       0, 0, 2, 3, 2, 2, 2, 2, 2, 0, 3, 0, 3, 1, 0, 2, 1, 3, 0, 2, 0, 3,
       3, 3, 1, 1, 0, 2, 3, 2, 2, 0, 0, 3, 1, 2, 2, 0, 2, 1, 0, 0, 3, 3,
       2, 3, 2, 3, 2, 2, 2, 3, 2, 1, 1, 1, 0, 0, 0, 3, 0, 2, 2, 0, 3, 0,
       2, 3, 1, 0, 1, 3, 0, 3, 3, 0, 3, 0, 2, 0, 2, 3, 2, 2, 0, 3, 2, 2,
       1, 1, 0, 2, 1, 2, 0, 1, 2, 2], dtype=object)]
[308, array([-58., -29., -29.,   0.]), array([2, 1, 0, 1, 2, 1, 1, 2, 0, 0, 0, 2, 1, 0, 0, 2, 2, 3, 0, 2, 2, 3,
       0, 0, 2, 3, 2, 2, 2, 2, 2, 0, 3, 0, 3, 1, 0, 2, 1, 3, 0, 2, 0, 3,
       3, 3, 1, 1, 0, 2, 3, 2, 2, 0, 0, 3, 1, 2, 2, 0, 2, 1, 0, 0, 3, 3,
       2, 3, 2, 3, 2, 2, 2, 3, 2, 1, 1, 1, 0, 0, 0, 3, 0, 2, 2, 0, 3, 0,
       2, 3, 1, 0, 1, 3, 0, 3, 3, 0, 3, 0, 2, 0, 2, 3, 2, 2, 0, 3, 2, 2,
       1, 1, 0, 2, 1, 2, 0, 1, 2, 2], dtype=object)]
[308, array([-58., -29., -29.,   0.]), array([2, 1, 0, 1, 2, 1, 1, 2, 0, 0, 0, 2, 1, 0, 0, 2, 2, 3, 0, 2, 2, 3,
       0, 0, 2, 3, 2, 2, 2, 2, 2, 0, 3, 0, 3, 1, 0, 2, 1, 3, 0, 2, 0, 3,
       3, 3, 1, 1, 0, 2, 3, 2, 2, 0, 0, 3, 1, 2, 2, 0, 2, 1, 0, 0, 3, 3,
       2, 3, 2, 3, 2, 2, 2, 3, 2, 1, 1, 1, 0, 0, 0, 3, 0, 2, 2, 0, 3, 0,
       2, 3, 1, 0, 1, 3, 0, 3, 3, 0, 3, 0, 2, 0, 2, 3, 2, 2, 0, 3, 2, 2,
       1, 1, 0, 2, 1, 2, 0, 1, 2, 2], dtype=object)]
[309, array([-58., -29., -29.,   0.]), array([2, 1, 0, 1, 2, 1, 1, 2, 0, 0, 0, 2, 1, 0, 0, 2, 2, 0, 0, 2, 2, 3,
       0, 0, 2, 3, 2, 2, 2, 2, 2, 0, 3, 0, 3, 1, 0, 2, 1, 3, 0, 2, 0, 3,
       3, 3, 1, 1, 0, 2, 3, 2, 2, 0, 0, 3, 1, 2, 2, 0, 2, 1, 0, 0, 3, 3,
       2, 3, 2, 3, 2, 2, 2, 3, 2, 1, 1, 1, 0, 0, 0, 3, 2, 2, 2, 1, 3, 0,
       2, 3, 1, 0, 1, 3, 0, 0, 0, 0, 3, 0, 2, 0, 2, 3, 2, 2, 0, 3, 2, 2,
       1, 1, 0, 2, 1, 2, 0, 1, 2, 2], dtype=object)]
[309, array([-58., -29., -29.,   0.]), array([2, 1, 0, 1, 2, 1, 1, 2, 0, 0, 0, 2, 1, 0, 0, 2, 2, 0, 0, 2, 2, 3,
       0, 0, 2, 3, 2, 2, 2, 2, 2, 0, 3, 0, 3, 1, 0, 2, 1, 3, 0, 2, 0, 3,
       3, 3, 1, 1, 0, 2, 3, 2, 2, 0, 0, 3, 1, 2, 2, 0, 2, 1, 0, 0, 3, 3,
       2, 3, 2, 3, 2, 2, 2, 3, 2, 1, 1, 1, 0, 0, 0, 3, 2, 2, 2, 1, 3, 0,
       2, 3, 1, 0, 1, 3, 0, 0, 0, 0, 3, 0, 2, 0, 2, 3, 2, 2, 0, 3, 2, 2,
       1, 1, 0, 2, 1, 2, 0, 1, 2, 2], dtype=object)]
[309, array([-58., -29., -29.,   0.]), array([2, 1, 0, 1, 2, 1, 1, 2, 0, 0, 0, 2, 1, 0, 0, 2, 2, 0, 0, 2, 2, 3,
       0, 0, 2, 3, 2, 2, 2, 2, 2, 0, 3, 0, 3, 1, 0, 2, 1, 3, 0, 2, 0, 3,
       3, 3, 1, 1, 0, 2, 3, 2, 2, 0, 0, 3, 1, 2, 2, 0, 2, 1, 0, 0, 3, 3,
       2, 3, 2, 3, 2, 2, 2, 3, 2, 1, 1, 1, 0, 0, 0, 3, 2, 2, 2, 1, 3, 0,
       2, 3, 1, 0, 1, 3, 0, 0, 0, 0, 3, 0, 2, 0, 2, 3, 2, 2, 0, 3, 2, 2,
       1, 1, 0, 2, 1, 2, 0, 1, 2, 2], dtype=object)]
[309, array([-58., -29., -29.,   0.]), array([2, 1, 0, 1, 2, 1, 1, 2, 0, 0, 0, 2, 1, 0, 0, 2, 2, 0, 0, 2, 2, 3,
       0, 0, 2, 3, 2, 2, 2, 2, 2, 0, 3, 0, 3, 1, 0, 2, 1, 3, 0, 2, 0, 3,
       3, 3, 1, 1, 0, 2, 3, 2, 2, 0, 0, 3, 1, 2, 2, 0, 2, 1, 0, 0, 3, 3,
       2, 3, 2, 3, 2, 2, 2, 3, 2, 1, 1, 1, 0, 0, 0, 3, 2, 2, 2, 1, 3, 0,
       2, 3, 1, 0, 1, 3, 0, 0, 0, 0, 3, 0, 2, 0, 2, 3, 2, 2, 0, 3, 2, 2,
       1, 1, 0, 2, 1, 2, 0, 1, 2, 2], dtype=object)]
[310, array([-58., -29., -29.,   0.]), array([2, 1, 0, 1, 2, 1, 1, 2, 0, 0, 0, 2, 1, 0, 0, 2, 2, 0, 0, 2, 2, 3,
       0, 0, 2, 3, 2, 2, 2, 2, 2, 0, 3, 0, 3, 1, 0, 2, 1, 3, 0, 2, 0, 3,
       3, 3, 1, 1, 0, 2, 3, 2, 2, 0, 0, 3, 1, 2, 2, 0, 1, 1, 0, 0, 3, 3,
       2, 3, 2, 3, 2, 2, 2, 3, 2, 1, 1, 1, 0, 0, 0, 3, 2, 2, 2, 1, 3, 0,
       2, 3, 1, 0, 1, 3, 0, 0, 0, 0, 3, 0, 2, 0, 2, 3, 2, 2, 0, 0, 2, 2,
       1, 1, 0, 2, 1, 2, 0, 1, 2, 2], dtype=object)]
[310, array([-58., -29., -29.,   0.]), array([2, 1, 0, 1, 2, 1, 1, 2, 0, 0, 0, 2, 1, 0, 0, 2, 2, 0, 0, 2, 2, 3,
       0, 0, 2, 3, 2, 2, 2, 2, 2, 0, 3, 0, 3, 1, 0, 2, 1, 3, 0, 2, 0, 3,
       3, 3, 1, 1, 0, 2, 3, 2, 2, 0, 0, 3, 1, 2, 2, 0, 1, 1, 0, 0, 3, 3,
       2, 3, 2, 3, 2, 2, 2, 3, 2, 1, 1, 1, 0, 0, 0, 3, 2, 2, 2, 1, 3, 0,
       2, 3, 1, 0, 1, 3, 0, 0, 0, 0, 3, 0, 2, 0, 2, 3, 2, 2, 0, 0, 2, 2,
       1, 1, 0, 2, 1, 2, 0, 1, 2, 2], dtype=object)]
[310, array([-58., -29., -29.,   0.]), array([2, 1, 0, 1, 2, 1, 1, 2, 0, 0, 0, 2, 1, 0, 0, 2, 2, 0, 0, 2, 2, 3,
       0, 0, 2, 3, 2, 2, 2, 2, 2, 0, 3, 0, 3, 1, 0, 2, 1, 3, 0, 2, 0, 3,
       3, 3, 1, 1, 0, 2, 3, 2, 2, 0, 0, 3, 1, 2, 2, 0, 1, 1, 0, 0, 3, 3,
       2, 3, 2, 3, 2, 2, 2, 3, 2, 1, 1, 1, 0, 0, 0, 3, 2, 2, 2, 1, 3, 0,
       2, 3, 1, 0, 1, 3, 0, 0, 0, 0, 3, 0, 2, 0, 2, 3, 2, 2, 0, 0, 2, 2,
       1, 1, 0, 2, 1, 2, 0, 1, 2, 2], dtype=object)]
[310, array([-58., -29., -29.,   0.]), array([2, 1, 0, 1, 2, 1, 1, 2, 0, 0, 0, 2, 1, 0, 0, 2, 2, 0, 0, 2, 2, 3,
       0, 0, 2, 3, 2, 2, 2, 2, 2, 0, 3, 0, 3, 1, 0, 2, 1, 3, 0, 2, 0, 3,
       3, 3, 1, 1, 0, 2, 3, 2, 2, 0, 0, 3, 1, 2, 2, 0, 1, 1, 0, 0, 3, 3,
       2, 3, 2, 3, 2, 2, 2, 3, 2, 1, 1, 1, 0, 0, 0, 3, 2, 2, 2, 1, 3, 0,
       2, 3, 1, 0, 1, 3, 0, 0, 0, 0, 3, 0, 2, 0, 2, 3, 2, 2, 0, 0, 2, 2,
       1, 1, 0, 2, 1, 2, 0, 1, 2, 2], dtype=object)]
[311, array([-58., -29., -29.,   0.]), array([2, 1, 0, 1, 2, 1, 1, 2, 0, 0, 0, 2, 1, 0, 0, 2, 2, 0, 0, 2, 2, 3,
       0, 0, 2, 3, 2, 2, 2, 2, 2, 0, 3, 0, 3, 1, 0, 2, 1, 3, 0, 2, 0, 3,
       3, 3, 1, 1, 0, 2, 3, 2, 1, 0, 0, 3, 1, 2, 2, 0, 2, 1, 0, 0, 3, 3,
       2, 3, 2, 3, 2, 2, 2, 3, 2, 1, 1, 1, 0, 0, 0, 3, 0, 2, 2, 0, 3, 0,
       2, 3, 1, 0, 1, 3, 0, 0, 3, 0, 3, 0, 2, 0, 2, 3, 2, 2, 0, 3, 2, 3,
       1, 1, 0, 2, 1, 2, 0, 1, 2, 2], dtype=object)]
[311, array([-58., -29., -29.,   0.]), array([2, 1, 0, 1, 2, 1, 1, 2, 0, 0, 0, 2, 1, 0, 0, 2, 2, 0, 0, 2, 2, 3,
       0, 0, 2, 3, 2, 2, 2, 2, 2, 0, 3, 0, 3, 1, 0, 2, 1, 3, 0, 2, 0, 3,
       3, 3, 1, 1, 0, 2, 3, 2, 1, 0, 0, 3, 1, 2, 2, 0, 2, 1, 0, 0, 3, 3,
       2, 3, 2, 3, 2, 2, 2, 3, 2, 1, 1, 1, 0, 0, 0, 3, 0, 2, 2, 0, 3, 0,
       2, 3, 1, 0, 1, 3, 0, 0, 3, 0, 3, 0, 2, 0, 2, 3, 2, 2, 0, 3, 2, 3,
       1, 1, 0, 2, 1, 2, 0, 1, 2, 2], dtype=object)]
[311, array([-58., -29., -29.,   0.]), array([2, 1, 0, 1, 2, 1, 1, 2, 0, 0, 0, 2, 1, 0, 0, 2, 2, 0, 0, 2, 2, 3,
       0, 0, 2, 3, 2, 2, 2, 2, 2, 0, 3, 0, 3, 1, 0, 2, 1, 3, 0, 2, 0, 3,
       3, 3, 1, 1, 0, 2, 3, 2, 1, 0, 0, 3, 1, 2, 2, 0, 2, 1, 0, 0, 3, 3,
       2, 3, 2, 3, 2, 2, 2, 3, 2, 1, 1, 1, 0, 0, 0, 3, 0, 2, 2, 0, 3, 0,
       2, 3, 1, 0, 1, 3, 0, 0, 3, 0, 3, 0, 2, 0, 2, 3, 2, 2, 0, 3, 2, 3,
       1, 1, 0, 2, 1, 2, 0, 1, 2, 2], dtype=object)]
[311, array([-58., -29., -29.,   0.]), array([2, 1, 0, 1, 2, 1, 1, 2, 0, 0, 0, 2, 1, 0, 0, 2, 2, 0, 0, 2, 2, 3,
       0, 0, 2, 3, 2, 2, 2, 2, 2, 0, 3, 0, 3, 1, 0, 2, 1, 3, 0, 2, 0, 3,
       3, 3, 1, 1, 0, 2, 3, 2, 1, 0, 0, 3, 1, 2, 2, 0, 2, 1, 0, 0, 3, 3,
       2, 3, 2, 3, 2, 2, 2, 3, 2, 1, 1, 1, 0, 0, 0, 3, 0, 2, 2, 0, 3, 0,
       2, 3, 1, 0, 1, 3, 0, 0, 3, 0, 3, 0, 2, 0, 2, 3, 2, 2, 0, 3, 2, 3,
       1, 1, 0, 2, 1, 2, 0, 1, 2, 2], dtype=object)]
[312, array([-58., -29., -29.,   0.]), array([2, 1, 0, 1, 2, 1, 1, 2, 0, 0, 0, 2, 1, 0, 0, 2, 2, 0, 0, 2, 2, 3,
       0, 0, 2, 3, 2, 2, 2, 2, 2, 0, 0, 0, 0, 1, 0, 2, 1, 3, 0, 2, 0, 3,
       3, 3, 1, 1, 0, 2, 3, 2, 2, 0, 0, 3, 1, 2, 2, 0, 2, 0, 0, 0, 3, 3,
       2, 0, 2, 3, 2, 2, 2, 3, 2, 1, 1, 1, 0, 0, 0, 3, 2, 2, 2, 0, 3, 0,
       2, 3, 1, 0, 1, 3, 0, 0, 2, 0, 3, 0, 2, 0, 1, 3, 2, 2, 0, 3, 2, 1,
       1, 3, 0, 2, 1, 2, 0, 1, 2, 2], dtype=object)]
[312, array([-58., -29., -29.,   0.]), array([2, 1, 0, 1, 2, 1, 1, 2, 0, 0, 0, 2, 1, 0, 0, 2, 2, 0, 0, 2, 2, 3,
       0, 0, 2, 3, 2, 2, 2, 2, 2, 0, 0, 0, 0, 1, 0, 2, 1, 3, 0, 2, 0, 3,
       3, 3, 1, 1, 0, 2, 3, 2, 2, 0, 0, 3, 1, 2, 2, 0, 2, 0, 0, 0, 3, 3,
       2, 0, 2, 3, 2, 2, 2, 3, 2, 1, 1, 1, 0, 0, 0, 3, 2, 2, 2, 0, 3, 0,
       2, 3, 1, 0, 1, 3, 0, 0, 2, 0, 3, 0, 2, 0, 1, 3, 2, 2, 0, 3, 2, 1,
       1, 3, 0, 2, 1, 2, 0, 1, 2, 2], dtype=object)]
[312, array([-58., -29., -29.,   0.]), array([2, 1, 0, 1, 2, 1, 1, 2, 0, 0, 0, 2, 1, 0, 0, 2, 2, 0, 0, 2, 2, 3,
       0, 0, 2, 3, 2, 2, 2, 2, 2, 0, 0, 0, 0, 1, 0, 2, 1, 3, 0, 2, 0, 3,
       3, 3, 1, 1, 0, 2, 3, 2, 2, 0, 0, 3, 1, 2, 2, 0, 2, 0, 0, 0, 3, 3,
       2, 0, 2, 3, 2, 2, 2, 3, 2, 1, 1, 1, 0, 0, 0, 3, 2, 2, 2, 0, 3, 0,
       2, 3, 1, 0, 1, 3, 0, 0, 2, 0, 3, 0, 2, 0, 1, 3, 2, 2, 0, 3, 2, 1,
       1, 3, 0, 2, 1, 2, 0, 1, 2, 2], dtype=object)]
[312, array([-58., -29., -29.,   0.]), array([2, 1, 0, 1, 2, 1, 1, 2, 0, 0, 0, 2, 1, 0, 0, 2, 2, 0, 0, 2, 2, 3,
       0, 0, 2, 3, 2, 2, 2, 2, 2, 0, 0, 0, 0, 1, 0, 2, 1, 3, 0, 2, 0, 3,
       3, 3, 1, 1, 0, 2, 3, 2, 2, 0, 0, 3, 1, 2, 2, 0, 2, 0, 0, 0, 3, 3,
       2, 0, 2, 3, 2, 2, 2, 3, 2, 1, 1, 1, 0, 0, 0, 3, 2, 2, 2, 0, 3, 0,
       2, 3, 1, 0, 1, 3, 0, 0, 2, 0, 3, 0, 2, 0, 1, 3, 2, 2, 0, 3, 2, 1,
       1, 3, 0, 2, 1, 2, 0, 1, 2, 2], dtype=object)]
[313, array([-58., -29., -29.,   0.]), array([2, 1, 0, 1, 2, 1, 1, 2, 0, 0, 0, 2, 1, 0, 0, 2, 2, 0, 0, 2, 2, 3,
       0, 0, 2, 3, 2, 2, 2, 2, 2, 0, 0, 0, 0, 1, 0, 2, 1, 3, 0, 2, 0, 3,
       3, 3, 1, 1, 0, 2, 3, 2, 2, 0, 0, 3, 1, 2, 2, 0, 2, 0, 0, 0, 3, 3,
       2, 0, 2, 3, 2, 2, 2, 3, 2, 1, 1, 1, 0, 0, 0, 3, 0, 2, 2, 0, 3, 0,
       2, 3, 1, 0, 1, 3, 0, 0, 3, 0, 3, 0, 2, 0, 2, 3, 2, 2, 0, 3, 2, 3,
       1, 1, 0, 2, 1, 2, 0, 1, 2, 2], dtype=object)]
[313, array([-58., -29., -29.,   0.]), array([2, 1, 0, 1, 2, 1, 1, 2, 0, 0, 0, 2, 1, 0, 0, 2, 2, 0, 0, 2, 2, 3,
       0, 0, 2, 3, 2, 2, 2, 2, 2, 0, 0, 0, 0, 1, 0, 2, 1, 3, 0, 2, 0, 3,
       3, 3, 1, 1, 0, 2, 3, 2, 2, 0, 0, 3, 1, 2, 2, 0, 2, 0, 0, 0, 3, 3,
       2, 0, 2, 3, 2, 2, 2, 3, 2, 1, 1, 1, 0, 0, 0, 3, 0, 2, 2, 0, 3, 0,
       2, 3, 1, 0, 1, 3, 0, 0, 3, 0, 3, 0, 2, 0, 2, 3, 2, 2, 0, 3, 2, 3,
       1, 1, 0, 2, 1, 2, 0, 1, 2, 2], dtype=object)]
[313, array([-58., -29., -29.,   0.]), array([2, 1, 0, 1, 2, 1, 1, 2, 0, 0, 0, 2, 1, 0, 0, 2, 2, 0, 0, 2, 2, 3,
       0, 0, 2, 3, 2, 2, 2, 2, 2, 0, 0, 0, 0, 1, 0, 2, 1, 3, 0, 2, 0, 3,
       3, 3, 1, 1, 0, 2, 3, 2, 2, 0, 0, 3, 1, 2, 2, 0, 2, 0, 0, 0, 3, 3,
       2, 0, 2, 3, 2, 2, 2, 3, 2, 1, 1, 1, 0, 0, 0, 3, 0, 2, 2, 0, 3, 0,
       2, 3, 1, 0, 1, 3, 0, 0, 3, 0, 3, 0, 2, 0, 2, 3, 2, 2, 0, 3, 2, 3,
       1, 1, 0, 2, 1, 2, 0, 1, 2, 2], dtype=object)]
[313, array([-58., -29., -29.,   0.]), array([2, 1, 0, 1, 2, 1, 1, 2, 0, 0, 0, 2, 1, 0, 0, 2, 2, 0, 0, 2, 2, 3,
       0, 0, 2, 3, 2, 2, 2, 2, 2, 0, 0, 0, 0, 1, 0, 2, 1, 3, 0, 2, 0, 3,
       3, 3, 1, 1, 0, 2, 3, 2, 2, 0, 0, 3, 1, 2, 2, 0, 2, 0, 0, 0, 3, 3,
       2, 0, 2, 3, 2, 2, 2, 3, 2, 1, 1, 1, 0, 0, 0, 3, 0, 2, 2, 0, 3, 0,
       2, 3, 1, 0, 1, 3, 0, 0, 3, 0, 3, 0, 2, 0, 2, 3, 2, 2, 0, 3, 2, 3,
       1, 1, 0, 2, 1, 2, 0, 1, 2, 2], dtype=object)]
[314, array([-58., -29., -29.,   0.]), array([2, 1, 0, 1, 2, 1, 1, 2, 0, 0, 0, 2, 1, 0, 0, 2, 2, 0, 0, 2, 2, 3,
       0, 0, 2, 3, 2, 2, 2, 2, 2, 0, 0, 0, 0, 1, 0, 2, 1, 3, 0, 2, 0, 3,
       3, 3, 1, 1, 0, 2, 3, 2, 2, 0, 0, 3, 1, 2, 2, 0, 2, 0, 0, 0, 3, 3,
       2, 0, 2, 3, 2, 2, 2, 3, 2, 1, 1, 1, 0, 0, 0, 3, 0, 2, 2, 0, 3, 0,
       2, 3, 1, 0, 1, 3, 0, 0, 3, 0, 3, 0, 2, 0, 2, 3, 1, 2, 0, 3, 2, 3,
       1, 1, 0, 2, 1, 2, 0, 1, 2, 2], dtype=object)]
[314, array([-58., -29., -29.,   0.]), array([2, 1, 0, 1, 2, 1, 1, 2, 0, 0, 0, 2, 1, 0, 0, 2, 2, 0, 0, 2, 2, 3,
       0, 0, 2, 3, 2, 2, 2, 2, 2, 0, 0, 0, 0, 1, 0, 2, 1, 3, 0, 2, 0, 3,
       3, 3, 1, 1, 0, 2, 3, 2, 2, 0, 0, 3, 1, 2, 2, 0, 2, 0, 0, 0, 3, 3,
       2, 0, 2, 3, 2, 2, 2, 3, 2, 1, 1, 1, 0, 0, 0, 3, 0, 2, 2, 0, 3, 0,
       2, 3, 1, 0, 1, 3, 0, 0, 3, 0, 3, 0, 2, 0, 2, 3, 1, 2, 0, 3, 2, 3,
       1, 1, 0, 2, 1, 2, 0, 1, 2, 2], dtype=object)]
[314, array([-58., -29., -29.,   0.]), array([2, 1, 0, 1, 2, 1, 1, 2, 0, 0, 0, 2, 1, 0, 0, 2, 2, 0, 0, 2, 2, 3,
       0, 0, 2, 3, 2, 2, 2, 2, 2, 0, 0, 0, 0, 1, 0, 2, 1, 3, 0, 2, 0, 3,
       3, 3, 1, 1, 0, 2, 3, 2, 2, 0, 0, 3, 1, 2, 2, 0, 2, 0, 0, 0, 3, 3,
       2, 0, 2, 3, 2, 2, 2, 3, 2, 1, 1, 1, 0, 0, 0, 3, 0, 2, 2, 0, 3, 0,
       2, 3, 1, 0, 1, 3, 0, 0, 3, 0, 3, 0, 2, 0, 2, 3, 1, 2, 0, 3, 2, 3,
       1, 1, 0, 2, 1, 2, 0, 1, 2, 2], dtype=object)]
[314, array([-58., -29., -29.,   0.]), array([2, 1, 0, 1, 2, 1, 1, 2, 0, 0, 0, 2, 1, 0, 0, 2, 2, 0, 0, 2, 2, 3,
       0, 0, 2, 3, 2, 2, 2, 2, 2, 0, 0, 0, 0, 1, 0, 2, 1, 3, 0, 2, 0, 3,
       3, 3, 1, 1, 0, 2, 3, 2, 2, 0, 0, 3, 1, 2, 2, 0, 2, 0, 0, 0, 3, 3,
       2, 0, 2, 3, 2, 2, 2, 3, 2, 1, 1, 1, 0, 0, 0, 3, 0, 2, 2, 0, 3, 0,
       2, 3, 1, 0, 1, 3, 0, 0, 3, 0, 3, 0, 2, 0, 2, 3, 1, 2, 0, 3, 2, 3,
       1, 1, 0, 2, 1, 2, 0, 1, 2, 2], dtype=object)]
[315, array([-58., -29., -29.,   0.]), array([2, 1, 0, 1, 2, 1, 1, 2, 0, 0, 0, 2, 2, 0, 1, 1, 2, 0, 0, 2, 2, 0,
       0, 0, 2, 3, 2, 2, 2, 2, 2, 0, 2, 0, 3, 2, 0, 2, 2, 3, 0, 1, 0, 1,
       0, 3, 1, 1, 3, 2, 3, 2, 1, 0, 0, 3, 1, 2, 2, 0, 2, 1, 0, 0, 3, 3,
       2, 3, 2, 3, 2, 2, 2, 3, 2, 1, 1, 1, 0, 0, 0, 3, 0, 2, 2, 0, 3, 0,
       2, 3, 1, 0, 1, 3, 0, 0, 3, 0, 3, 0, 2, 0, 2, 3, 2, 2, 0, 3, 2, 3,
       1, 1, 0, 2, 1, 2, 0, 1, 2, 2], dtype=object)]
[315, array([-58., -29., -29.,   0.]), array([2, 1, 0, 1, 2, 1, 1, 2, 0, 0, 0, 2, 2, 0, 1, 1, 2, 0, 0, 2, 2, 0,
       0, 0, 2, 3, 2, 2, 2, 2, 2, 0, 2, 0, 3, 2, 0, 2, 2, 3, 0, 1, 0, 1,
       0, 3, 1, 1, 3, 2, 3, 2, 1, 0, 0, 3, 1, 2, 2, 0, 2, 1, 0, 0, 3, 3,
       2, 3, 2, 3, 2, 2, 2, 3, 2, 1, 1, 1, 0, 0, 0, 3, 0, 2, 2, 0, 3, 0,
       2, 3, 1, 0, 1, 3, 0, 0, 3, 0, 3, 0, 2, 0, 2, 3, 2, 2, 0, 3, 2, 3,
       1, 1, 0, 2, 1, 2, 0, 1, 2, 2], dtype=object)]
[315, array([-58., -29., -29.,   0.]), array([2, 1, 0, 1, 2, 1, 1, 2, 0, 0, 0, 2, 2, 0, 1, 1, 2, 0, 0, 2, 2, 0,
       0, 0, 2, 3, 2, 2, 2, 2, 2, 0, 2, 0, 3, 2, 0, 2, 2, 3, 0, 1, 0, 1,
       0, 3, 1, 1, 3, 2, 3, 2, 1, 0, 0, 3, 1, 2, 2, 0, 2, 1, 0, 0, 3, 3,
       2, 3, 2, 3, 2, 2, 2, 3, 2, 1, 1, 1, 0, 0, 0, 3, 0, 2, 2, 0, 3, 0,
       2, 3, 1, 0, 1, 3, 0, 0, 3, 0, 3, 0, 2, 0, 2, 3, 2, 2, 0, 3, 2, 3,
       1, 1, 0, 2, 1, 2, 0, 1, 2, 2], dtype=object)]
[315, array([-58., -29., -29.,   0.]), array([2, 1, 0, 1, 2, 1, 1, 2, 0, 0, 0, 2, 2, 0, 1, 1, 2, 0, 0, 2, 2, 0,
       0, 0, 2, 3, 2, 2, 2, 2, 2, 0, 2, 0, 3, 2, 0, 2, 2, 3, 0, 1, 0, 1,
       0, 3, 1, 1, 3, 2, 3, 2, 1, 0, 0, 3, 1, 2, 2, 0, 2, 1, 0, 0, 3, 3,
       2, 3, 2, 3, 2, 2, 2, 3, 2, 1, 1, 1, 0, 0, 0, 3, 0, 2, 2, 0, 3, 0,
       2, 3, 1, 0, 1, 3, 0, 0, 3, 0, 3, 0, 2, 0, 2, 3, 2, 2, 0, 3, 2, 3,
       1, 1, 0, 2, 1, 2, 0, 1, 2, 2], dtype=object)]
[316, array([-58., -29., -29.,   0.]), array([2, 1, 0, 3, 2, 1, 1, 2, 0, 0, 0, 2, 1, 0, 1, 1, 2, 0, 0, 2, 2, 0,
       0, 0, 2, 3, 2, 2, 2, 2, 2, 0, 2, 0, 3, 1, 0, 2, 1, 3, 0, 2, 3, 3,
       3, 3, 1, 1, 3, 2, 1, 2, 2, 0, 0, 3, 1, 2, 2, 0, 2, 2, 0, 0, 3, 3,
       2, 3, 2, 3, 2, 2, 2, 3, 2, 1, 1, 1, 0, 0, 0, 3, 2, 2, 2, 0, 3, 0,
       2, 3, 1, 0, 1, 3, 0, 0, 3, 0, 3, 0, 2, 0, 2, 3, 2, 2, 0, 3, 2, 3,
       1, 1, 0, 2, 1, 2, 0, 1, 2, 2], dtype=object)]
[316, array([-58., -29., -29.,   0.]), array([2, 1, 0, 3, 2, 1, 1, 2, 0, 0, 0, 2, 1, 0, 1, 1, 2, 0, 0, 2, 2, 0,
       0, 0, 2, 3, 2, 2, 2, 2, 2, 0, 2, 0, 3, 1, 0, 2, 1, 3, 0, 2, 3, 3,
       3, 3, 1, 1, 3, 2, 1, 2, 2, 0, 0, 3, 1, 2, 2, 0, 2, 2, 0, 0, 3, 3,
       2, 3, 2, 3, 2, 2, 2, 3, 2, 1, 1, 1, 0, 0, 0, 3, 2, 2, 2, 0, 3, 0,
       2, 3, 1, 0, 1, 3, 0, 0, 3, 0, 3, 0, 2, 0, 2, 3, 2, 2, 0, 3, 2, 3,
       1, 1, 0, 2, 1, 2, 0, 1, 2, 2], dtype=object)]
[316, array([-58., -29., -29.,   0.]), array([2, 1, 0, 3, 2, 1, 1, 2, 0, 0, 0, 2, 1, 0, 1, 1, 2, 0, 0, 2, 2, 0,
       0, 0, 2, 3, 2, 2, 2, 2, 2, 0, 2, 0, 3, 1, 0, 2, 1, 3, 0, 2, 3, 3,
       3, 3, 1, 1, 3, 2, 1, 2, 2, 0, 0, 3, 1, 2, 2, 0, 2, 2, 0, 0, 3, 3,
       2, 3, 2, 3, 2, 2, 2, 3, 2, 1, 1, 1, 0, 0, 0, 3, 2, 2, 2, 0, 3, 0,
       2, 3, 1, 0, 1, 3, 0, 0, 3, 0, 3, 0, 2, 0, 2, 3, 2, 2, 0, 3, 2, 3,
       1, 1, 0, 2, 1, 2, 0, 1, 2, 2], dtype=object)]
[316, array([-58., -29., -29.,   0.]), array([2, 1, 0, 3, 2, 1, 1, 2, 0, 0, 0, 2, 1, 0, 1, 1, 2, 0, 0, 2, 2, 0,
       0, 0, 2, 3, 2, 2, 2, 2, 2, 0, 2, 0, 3, 1, 0, 2, 1, 3, 0, 2, 3, 3,
       3, 3, 1, 1, 3, 2, 1, 2, 2, 0, 0, 3, 1, 2, 2, 0, 2, 2, 0, 0, 3, 3,
       2, 3, 2, 3, 2, 2, 2, 3, 2, 1, 1, 1, 0, 0, 0, 3, 2, 2, 2, 0, 3, 0,
       2, 3, 1, 0, 1, 3, 0, 0, 3, 0, 3, 0, 2, 0, 2, 3, 2, 2, 0, 3, 2, 3,
       1, 1, 0, 2, 1, 2, 0, 1, 2, 2], dtype=object)]
[317, array([-58., -29., -29.,   0.]), array([2, 1, 0, 1, 2, 1, 1, 2, 0, 0, 0, 2, 1, 0, 1, 1, 2, 0, 0, 2, 2, 0,
       0, 0, 2, 3, 2, 2, 2, 2, 2, 0, 2, 0, 3, 1, 0, 2, 1, 3, 0, 2, 3, 3,
       3, 3, 1, 1, 3, 2, 1, 2, 2, 0, 0, 3, 1, 2, 2, 0, 2, 2, 0, 0, 3, 3,
       2, 3, 2, 3, 2, 2, 2, 3, 2, 1, 1, 1, 0, 0, 0, 3, 0, 2, 2, 0, 3, 0,
       2, 3, 1, 0, 1, 3, 0, 0, 2, 0, 3, 0, 2, 0, 2, 3, 2, 2, 0, 3, 2, 3,
       1, 1, 0, 2, 1, 2, 0, 1, 2, 2], dtype=object)]
[317, array([-58., -29., -29.,   0.]), array([2, 1, 0, 1, 2, 1, 1, 2, 0, 0, 0, 2, 1, 0, 1, 1, 2, 0, 0, 2, 2, 0,
       0, 0, 2, 3, 2, 2, 2, 2, 2, 0, 2, 0, 3, 1, 0, 2, 1, 3, 0, 2, 3, 3,
       3, 3, 1, 1, 3, 2, 1, 2, 2, 0, 0, 3, 1, 2, 2, 0, 2, 2, 0, 0, 3, 3,
       2, 3, 2, 3, 2, 2, 2, 3, 2, 1, 1, 1, 0, 0, 0, 3, 0, 2, 2, 0, 3, 0,
       2, 3, 1, 0, 1, 3, 0, 0, 2, 0, 3, 0, 2, 0, 2, 3, 2, 2, 0, 3, 2, 3,
       1, 1, 0, 2, 1, 2, 0, 1, 2, 2], dtype=object)]
[317, array([-58., -29., -29.,   0.]), array([2, 1, 0, 1, 2, 1, 1, 2, 0, 0, 0, 2, 1, 0, 1, 1, 2, 0, 0, 2, 2, 0,
       0, 0, 2, 3, 2, 2, 2, 2, 2, 0, 2, 0, 3, 1, 0, 2, 1, 3, 0, 2, 3, 3,
       3, 3, 1, 1, 3, 2, 1, 2, 2, 0, 0, 3, 1, 2, 2, 0, 2, 2, 0, 0, 3, 3,
       2, 3, 2, 3, 2, 2, 2, 3, 2, 1, 1, 1, 0, 0, 0, 3, 0, 2, 2, 0, 3, 0,
       2, 3, 1, 0, 1, 3, 0, 0, 2, 0, 3, 0, 2, 0, 2, 3, 2, 2, 0, 3, 2, 3,
       1, 1, 0, 2, 1, 2, 0, 1, 2, 2], dtype=object)]
[317, array([-58., -29., -29.,   0.]), array([2, 1, 0, 1, 2, 1, 1, 2, 0, 0, 0, 2, 1, 0, 1, 1, 2, 0, 0, 2, 2, 0,
       0, 0, 2, 3, 2, 2, 2, 2, 2, 0, 2, 0, 3, 1, 0, 2, 1, 3, 0, 2, 3, 3,
       3, 3, 1, 1, 3, 2, 1, 2, 2, 0, 0, 3, 1, 2, 2, 0, 2, 2, 0, 0, 3, 3,
       2, 3, 2, 3, 2, 2, 2, 3, 2, 1, 1, 1, 0, 0, 0, 3, 0, 2, 2, 0, 3, 0,
       2, 3, 1, 0, 1, 3, 0, 0, 2, 0, 3, 0, 2, 0, 2, 3, 2, 2, 0, 3, 2, 3,
       1, 1, 0, 2, 1, 2, 0, 1, 2, 2], dtype=object)]
[318, array([-58., -29., -29.,   0.]), array([2, 1, 0, 1, 2, 1, 1, 2, 0, 0, 0, 2, 1, 0, 1, 1, 2, 0, 0, 2, 2, 0,
       0, 0, 2, 3, 2, 2, 2, 2, 2, 0, 2, 0, 2, 1, 0, 2, 1, 3, 0, 2, 3, 3,
       3, 3, 1, 1, 3, 2, 1, 2, 2, 0, 0, 3, 1, 2, 2, 0, 2, 2, 0, 0, 3, 3,
       2, 3, 2, 3, 2, 2, 2, 3, 2, 1, 1, 1, 0, 0, 0, 3, 0, 2, 2, 0, 3, 0,
       2, 3, 1, 0, 1, 3, 0, 0, 2, 0, 3, 0, 2, 0, 2, 3, 2, 2, 0, 3, 2, 3,
       1, 1, 0, 2, 1, 2, 0, 1, 2, 2], dtype=object)]
[318, array([-58., -29., -29.,   0.]), array([2, 1, 0, 1, 2, 1, 1, 2, 0, 0, 0, 2, 1, 0, 1, 1, 2, 0, 0, 2, 2, 0,
       0, 0, 2, 3, 2, 2, 2, 2, 2, 0, 2, 0, 2, 1, 0, 2, 1, 3, 0, 2, 3, 3,
       3, 3, 1, 1, 3, 2, 1, 2, 2, 0, 0, 3, 1, 2, 2, 0, 2, 2, 0, 0, 3, 3,
       2, 3, 2, 3, 2, 2, 2, 3, 2, 1, 1, 1, 0, 0, 0, 3, 0, 2, 2, 0, 3, 0,
       2, 3, 1, 0, 1, 3, 0, 0, 2, 0, 3, 0, 2, 0, 2, 3, 2, 2, 0, 3, 2, 3,
       1, 1, 0, 2, 1, 2, 0, 1, 2, 2], dtype=object)]
[318, array([-58., -29., -29.,   0.]), array([2, 1, 0, 1, 2, 1, 1, 2, 0, 0, 0, 2, 1, 0, 1, 1, 2, 0, 0, 2, 2, 0,
       0, 0, 2, 3, 2, 2, 2, 2, 2, 0, 2, 0, 2, 1, 0, 2, 1, 3, 0, 2, 3, 3,
       3, 3, 1, 1, 3, 2, 1, 2, 2, 0, 0, 3, 1, 2, 2, 0, 2, 2, 0, 0, 3, 3,
       2, 3, 2, 3, 2, 2, 2, 3, 2, 1, 1, 1, 0, 0, 0, 3, 0, 2, 2, 0, 3, 0,
       2, 3, 1, 0, 1, 3, 0, 0, 2, 0, 3, 0, 2, 0, 2, 3, 2, 2, 0, 3, 2, 3,
       1, 1, 0, 2, 1, 2, 0, 1, 2, 2], dtype=object)]
[318, array([-58., -29., -29.,   0.]), array([2, 1, 0, 1, 2, 1, 1, 2, 0, 0, 0, 2, 1, 0, 1, 1, 2, 0, 0, 2, 2, 0,
       0, 0, 2, 3, 2, 2, 2, 2, 2, 0, 2, 0, 2, 1, 0, 2, 1, 3, 0, 2, 3, 3,
       3, 3, 1, 1, 3, 2, 1, 2, 2, 0, 0, 3, 1, 2, 2, 0, 2, 2, 0, 0, 3, 3,
       2, 3, 2, 3, 2, 2, 2, 3, 2, 1, 1, 1, 0, 0, 0, 3, 0, 2, 2, 0, 3, 0,
       2, 3, 1, 0, 1, 3, 0, 0, 2, 0, 3, 0, 2, 0, 2, 3, 2, 2, 0, 3, 2, 3,
       1, 1, 0, 2, 1, 2, 0, 1, 2, 2], dtype=object)]
[319, array([-58., -29., -29.,   0.]), array([2, 1, 3, 1, 2, 1, 1, 2, 0, 0, 0, 2, 1, 0, 0, 2, 2, 0, 0, 2, 2, 3,
       0, 0, 2, 3, 2, 2, 2, 2, 2, 0, 3, 0, 3, 1, 0, 2, 1, 3, 0, 2, 0, 3,
       3, 3, 1, 1, 0, 2, 3, 2, 2, 0, 0, 3, 1, 2, 2, 0, 2, 1, 0, 0, 3, 3,
       2, 3, 2, 3, 2, 2, 2, 3, 2, 1, 1, 1, 0, 0, 0, 3, 0, 2, 2, 0, 3, 0,
       2, 3, 1, 0, 1, 3, 0, 0, 3, 0, 3, 0, 2, 0, 2, 3, 2, 2, 1, 3, 2, 2,
       1, 1, 0, 2, 1, 1, 0, 1, 2, 2], dtype=object)]
[319, array([-58., -29., -29.,   0.]), array([2, 1, 3, 1, 2, 1, 1, 2, 0, 0, 0, 2, 1, 0, 0, 2, 2, 0, 0, 2, 2, 3,
       0, 0, 2, 3, 2, 2, 2, 2, 2, 0, 3, 0, 3, 1, 0, 2, 1, 3, 0, 2, 0, 3,
       3, 3, 1, 1, 0, 2, 3, 2, 2, 0, 0, 3, 1, 2, 2, 0, 2, 1, 0, 0, 3, 3,
       2, 3, 2, 3, 2, 2, 2, 3, 2, 1, 1, 1, 0, 0, 0, 3, 0, 2, 2, 0, 3, 0,
       2, 3, 1, 0, 1, 3, 0, 0, 3, 0, 3, 0, 2, 0, 2, 3, 2, 2, 1, 3, 2, 2,
       1, 1, 0, 2, 1, 1, 0, 1, 2, 2], dtype=object)]
[319, array([-58., -29., -29.,   0.]), array([2, 1, 3, 1, 2, 1, 1, 2, 0, 0, 0, 2, 1, 0, 0, 2, 2, 0, 0, 2, 2, 3,
       0, 0, 2, 3, 2, 2, 2, 2, 2, 0, 3, 0, 3, 1, 0, 2, 1, 3, 0, 2, 0, 3,
       3, 3, 1, 1, 0, 2, 3, 2, 2, 0, 0, 3, 1, 2, 2, 0, 2, 1, 0, 0, 3, 3,
       2, 3, 2, 3, 2, 2, 2, 3, 2, 1, 1, 1, 0, 0, 0, 3, 0, 2, 2, 0, 3, 0,
       2, 3, 1, 0, 1, 3, 0, 0, 3, 0, 3, 0, 2, 0, 2, 3, 2, 2, 1, 3, 2, 2,
       1, 1, 0, 2, 1, 1, 0, 1, 2, 2], dtype=object)]
[319, array([-58., -29., -29.,   0.]), array([2, 1, 3, 1, 2, 1, 1, 2, 0, 0, 0, 2, 1, 0, 0, 2, 2, 0, 0, 2, 2, 3,
       0, 0, 2, 3, 2, 2, 2, 2, 2, 0, 3, 0, 3, 1, 0, 2, 1, 3, 0, 2, 0, 3,
       3, 3, 1, 1, 0, 2, 3, 2, 2, 0, 0, 3, 1, 2, 2, 0, 2, 1, 0, 0, 3, 3,
       2, 3, 2, 3, 2, 2, 2, 3, 2, 1, 1, 1, 0, 0, 0, 3, 0, 2, 2, 0, 3, 0,
       2, 3, 1, 0, 1, 3, 0, 0, 3, 0, 3, 0, 2, 0, 2, 3, 2, 2, 1, 3, 2, 2,
       1, 1, 0, 2, 1, 1, 0, 1, 2, 2], dtype=object)]
[320, array([-58., -29., -29.,   0.]), array([2, 1, 3, 1, 2, 1, 1, 2, 0, 0, 0, 2, 1, 0, 0, 2, 2, 0, 0, 2, 2, 3,
       0, 0, 2, 3, 2, 2, 2, 2, 2, 0, 3, 0, 3, 1, 0, 2, 1, 3, 0, 2, 0, 3,
       3, 3, 1, 1, 0, 2, 3, 2, 2, 0, 0, 3, 1, 2, 2, 0, 2, 1, 0, 0, 3, 3,
       2, 3, 2, 3, 2, 2, 2, 3, 2, 1, 1, 1, 0, 0, 0, 3, 0, 2, 2, 0, 3, 0,
       2, 3, 1, 0, 1, 3, 0, 0, 3, 0, 3, 0, 2, 0, 2, 3, 2, 2, 1, 3, 2, 2,
       1, 1, 0, 2, 1, 1, 0, 1, 2, 2], dtype=object)]
[320, array([-58., -29., -29.,   0.]), array([2, 1, 3, 1, 2, 1, 1, 2, 0, 0, 0, 2, 1, 0, 0, 2, 2, 0, 0, 2, 2, 3,
       0, 0, 2, 3, 2, 2, 2, 2, 2, 0, 3, 0, 3, 1, 0, 2, 1, 3, 0, 2, 0, 3,
       3, 3, 1, 1, 0, 2, 3, 2, 2, 0, 0, 3, 1, 2, 2, 0, 2, 1, 0, 0, 3, 3,
       2, 3, 2, 3, 2, 2, 2, 3, 2, 1, 1, 1, 0, 0, 0, 3, 0, 2, 2, 0, 3, 0,
       2, 3, 1, 0, 1, 3, 0, 0, 3, 0, 3, 0, 2, 0, 2, 3, 2, 2, 1, 3, 2, 2,
       1, 1, 0, 2, 1, 1, 0, 1, 2, 2], dtype=object)]
[320, array([-58., -29., -29.,   0.]), array([2, 1, 3, 1, 2, 1, 1, 2, 0, 0, 0, 2, 1, 0, 0, 2, 2, 0, 0, 2, 2, 3,
       0, 0, 2, 3, 2, 2, 2, 2, 2, 0, 3, 0, 3, 1, 0, 2, 1, 3, 0, 2, 0, 3,
       3, 3, 1, 1, 0, 2, 3, 2, 2, 0, 0, 3, 1, 2, 2, 0, 2, 1, 0, 0, 3, 3,
       2, 3, 2, 3, 2, 2, 2, 3, 2, 1, 1, 1, 0, 0, 0, 3, 0, 2, 2, 0, 3, 0,
       2, 3, 1, 0, 1, 3, 0, 0, 3, 0, 3, 0, 2, 0, 2, 3, 2, 2, 1, 3, 2, 2,
       1, 1, 0, 2, 1, 1, 0, 1, 2, 2], dtype=object)]
[320, array([-58., -29., -29.,   0.]), array([2, 1, 3, 1, 2, 1, 1, 2, 0, 0, 0, 2, 1, 0, 0, 2, 2, 0, 0, 2, 2, 3,
       0, 0, 2, 3, 2, 2, 2, 2, 2, 0, 3, 0, 3, 1, 0, 2, 1, 3, 0, 2, 0, 3,
       3, 3, 1, 1, 0, 2, 3, 2, 2, 0, 0, 3, 1, 2, 2, 0, 2, 1, 0, 0, 3, 3,
       2, 3, 2, 3, 2, 2, 2, 3, 2, 1, 1, 1, 0, 0, 0, 3, 0, 2, 2, 0, 3, 0,
       2, 3, 1, 0, 1, 3, 0, 0, 3, 0, 3, 0, 2, 0, 2, 3, 2, 2, 1, 3, 2, 2,
       1, 1, 0, 2, 1, 1, 0, 1, 2, 2], dtype=object)]
[321, array([-58., -29., -29.,   0.]), array([2, 1, 3, 1, 2, 1, 1, 2, 0, 0, 0, 2, 1, 0, 0, 2, 2, 0, 0, 2, 2, 3,
       0, 0, 2, 3, 2, 2, 2, 2, 2, 0, 0, 0, 0, 1, 0, 2, 2, 3, 0, 2, 0, 3,
       3, 3, 1, 1, 0, 2, 3, 2, 2, 0, 0, 3, 1, 2, 2, 0, 2, 0, 0, 0, 3, 3,
       2, 0, 2, 3, 2, 2, 2, 3, 2, 1, 1, 1, 0, 0, 0, 3, 0, 2, 2, 2, 3, 0,
       2, 3, 1, 0, 1, 3, 0, 0, 3, 0, 3, 0, 2, 0, 2, 3, 2, 2, 0, 3, 2, 3,
       1, 1, 0, 0, 1, 2, 0, 1, 2, 2], dtype=object)]
[321, array([-58., -29., -29.,   0.]), array([2, 1, 3, 1, 2, 1, 1, 2, 0, 0, 0, 2, 1, 0, 0, 2, 2, 0, 0, 2, 2, 3,
       0, 0, 2, 3, 2, 2, 2, 2, 2, 0, 0, 0, 0, 1, 0, 2, 2, 3, 0, 2, 0, 3,
       3, 3, 1, 1, 0, 2, 3, 2, 2, 0, 0, 3, 1, 2, 2, 0, 2, 0, 0, 0, 3, 3,
       2, 0, 2, 3, 2, 2, 2, 3, 2, 1, 1, 1, 0, 0, 0, 3, 0, 2, 2, 2, 3, 0,
       2, 3, 1, 0, 1, 3, 0, 0, 3, 0, 3, 0, 2, 0, 2, 3, 2, 2, 0, 3, 2, 3,
       1, 1, 0, 0, 1, 2, 0, 1, 2, 2], dtype=object)]
[321, array([-58., -29., -29.,   0.]), array([2, 1, 3, 1, 2, 1, 1, 2, 0, 0, 0, 2, 1, 0, 0, 2, 2, 0, 0, 2, 2, 3,
       0, 0, 2, 3, 2, 2, 2, 2, 2, 0, 0, 0, 0, 1, 0, 2, 2, 3, 0, 2, 0, 3,
       3, 3, 1, 1, 0, 2, 3, 2, 2, 0, 0, 3, 1, 2, 2, 0, 2, 0, 0, 0, 3, 3,
       2, 0, 2, 3, 2, 2, 2, 3, 2, 1, 1, 1, 0, 0, 0, 3, 0, 2, 2, 2, 3, 0,
       2, 3, 1, 0, 1, 3, 0, 0, 3, 0, 3, 0, 2, 0, 2, 3, 2, 2, 0, 3, 2, 3,
       1, 1, 0, 0, 1, 2, 0, 1, 2, 2], dtype=object)]
[321, array([-58., -29., -29.,   0.]), array([2, 1, 3, 1, 2, 1, 1, 2, 0, 0, 0, 2, 1, 0, 0, 2, 2, 0, 0, 2, 2, 3,
       0, 0, 2, 3, 2, 2, 2, 2, 2, 0, 0, 0, 0, 1, 0, 2, 2, 3, 0, 2, 0, 3,
       3, 3, 1, 1, 0, 2, 3, 2, 2, 0, 0, 3, 1, 2, 2, 0, 2, 0, 0, 0, 3, 3,
       2, 0, 2, 3, 2, 2, 2, 3, 2, 1, 1, 1, 0, 0, 0, 3, 0, 2, 2, 2, 3, 0,
       2, 3, 1, 0, 1, 3, 0, 0, 3, 0, 3, 0, 2, 0, 2, 3, 2, 2, 0, 3, 2, 3,
       1, 1, 0, 0, 1, 2, 0, 1, 2, 2], dtype=object)]
[322, array([-58., -29., -29.,   0.]), array([2, 1, 3, 1, 2, 1, 1, 2, 0, 0, 0, 2, 1, 0, 0, 2, 2, 0, 0, 2, 2, 3,
       0, 0, 2, 3, 2, 2, 2, 2, 2, 0, 0, 0, 0, 1, 0, 2, 2, 3, 0, 2, 0, 3,
       3, 3, 1, 1, 0, 2, 3, 2, 2, 0, 0, 3, 1, 2, 2, 0, 2, 0, 0, 0, 3, 3,
       2, 0, 2, 3, 2, 2, 2, 3, 2, 1, 1, 1, 0, 0, 0, 3, 0, 2, 2, 2, 3, 0,
       2, 3, 1, 0, 1, 3, 0, 0, 3, 0, 3, 0, 2, 0, 2, 3, 2, 2, 0, 1, 2, 3,
       1, 1, 0, 0, 1, 2, 0, 1, 2, 2], dtype=object)]
[322, array([-58., -29., -29.,   0.]), array([2, 1, 3, 1, 2, 1, 1, 2, 0, 0, 0, 2, 1, 0, 0, 2, 2, 0, 0, 2, 2, 3,
       0, 0, 2, 3, 2, 2, 2, 2, 2, 0, 0, 0, 0, 1, 0, 2, 2, 3, 0, 2, 0, 3,
       3, 3, 1, 1, 0, 2, 3, 2, 2, 0, 0, 3, 1, 2, 2, 0, 2, 0, 0, 0, 3, 3,
       2, 0, 2, 3, 2, 2, 2, 3, 2, 1, 1, 1, 0, 0, 0, 3, 0, 2, 2, 2, 3, 0,
       2, 3, 1, 0, 1, 3, 0, 0, 3, 0, 3, 0, 2, 0, 2, 3, 2, 2, 0, 1, 2, 3,
       1, 1, 0, 0, 1, 2, 0, 1, 2, 2], dtype=object)]
[322, array([-58., -29., -29.,   0.]), array([2, 1, 3, 1, 2, 1, 1, 2, 0, 0, 0, 2, 1, 0, 0, 2, 2, 0, 0, 2, 2, 3,
       0, 0, 2, 3, 2, 2, 2, 2, 2, 0, 0, 0, 0, 1, 0, 2, 2, 3, 0, 2, 0, 3,
       3, 3, 1, 1, 0, 2, 3, 2, 2, 0, 0, 3, 1, 2, 2, 0, 2, 0, 0, 0, 3, 3,
       2, 0, 2, 3, 2, 2, 2, 3, 2, 1, 1, 1, 0, 0, 0, 3, 0, 2, 2, 2, 3, 0,
       2, 3, 1, 0, 1, 3, 0, 0, 3, 0, 3, 0, 2, 0, 2, 3, 2, 2, 0, 1, 2, 3,
       1, 1, 0, 0, 1, 2, 0, 1, 2, 2], dtype=object)]
[322, array([-58., -29., -29.,   0.]), array([2, 1, 3, 1, 2, 1, 1, 2, 0, 0, 0, 2, 1, 0, 0, 2, 2, 0, 0, 2, 2, 3,
       0, 0, 2, 3, 2, 2, 2, 2, 2, 0, 0, 0, 0, 1, 0, 2, 2, 3, 0, 2, 0, 3,
       3, 3, 1, 1, 0, 2, 3, 2, 2, 0, 0, 3, 1, 2, 2, 0, 2, 0, 0, 0, 3, 3,
       2, 0, 2, 3, 2, 2, 2, 3, 2, 1, 1, 1, 0, 0, 0, 3, 0, 2, 2, 2, 3, 0,
       2, 3, 1, 0, 1, 3, 0, 0, 3, 0, 3, 0, 2, 0, 2, 3, 2, 2, 0, 1, 2, 3,
       1, 1, 0, 0, 1, 2, 0, 1, 2, 2], dtype=object)]
[323, array([-58., -29., -29.,   0.]), array([2, 2, 3, 1, 2, 1, 1, 2, 0, 0, 0, 2, 1, 0, 0, 2, 2, 0, 0, 2, 2, 3,
       0, 0, 2, 3, 2, 2, 2, 2, 2, 0, 3, 0, 3, 1, 0, 2, 1, 3, 0, 2, 0, 3,
       3, 3, 1, 1, 0, 2, 3, 2, 2, 0, 0, 3, 1, 2, 2, 0, 2, 1, 0, 0, 3, 3,
       2, 0, 2, 3, 2, 2, 2, 3, 2, 1, 1, 1, 0, 0, 0, 3, 0, 2, 2, 0, 3, 0,
       2, 3, 1, 0, 1, 3, 0, 0, 2, 0, 3, 0, 2, 0, 2, 3, 2, 2, 0, 3, 2, 3,
       1, 1, 0, 2, 1, 2, 0, 1, 2, 2], dtype=object)]
[323, array([-58., -29., -29.,   0.]), array([2, 2, 3, 1, 2, 1, 1, 2, 0, 0, 0, 2, 1, 0, 0, 2, 2, 0, 0, 2, 2, 3,
       0, 0, 2, 3, 2, 2, 2, 2, 2, 0, 3, 0, 3, 1, 0, 2, 1, 3, 0, 2, 0, 3,
       3, 3, 1, 1, 0, 2, 3, 2, 2, 0, 0, 3, 1, 2, 2, 0, 2, 1, 0, 0, 3, 3,
       2, 0, 2, 3, 2, 2, 2, 3, 2, 1, 1, 1, 0, 0, 0, 3, 0, 2, 2, 0, 3, 0,
       2, 3, 1, 0, 1, 3, 0, 0, 2, 0, 3, 0, 2, 0, 2, 3, 2, 2, 0, 3, 2, 3,
       1, 1, 0, 2, 1, 2, 0, 1, 2, 2], dtype=object)]
[323, array([-58., -29., -29.,   0.]), array([2, 2, 3, 1, 2, 1, 1, 2, 0, 0, 0, 2, 1, 0, 0, 2, 2, 0, 0, 2, 2, 3,
       0, 0, 2, 3, 2, 2, 2, 2, 2, 0, 3, 0, 3, 1, 0, 2, 1, 3, 0, 2, 0, 3,
       3, 3, 1, 1, 0, 2, 3, 2, 2, 0, 0, 3, 1, 2, 2, 0, 2, 1, 0, 0, 3, 3,
       2, 0, 2, 3, 2, 2, 2, 3, 2, 1, 1, 1, 0, 0, 0, 3, 0, 2, 2, 0, 3, 0,
       2, 3, 1, 0, 1, 3, 0, 0, 2, 0, 3, 0, 2, 0, 2, 3, 2, 2, 0, 3, 2, 3,
       1, 1, 0, 2, 1, 2, 0, 1, 2, 2], dtype=object)]
[323, array([-58., -29., -29.,   0.]), array([2, 2, 3, 1, 2, 1, 1, 2, 0, 0, 0, 2, 1, 0, 0, 2, 2, 0, 0, 2, 2, 3,
       0, 0, 2, 3, 2, 2, 2, 2, 2, 0, 3, 0, 3, 1, 0, 2, 1, 3, 0, 2, 0, 3,
       3, 3, 1, 1, 0, 2, 3, 2, 2, 0, 0, 3, 1, 2, 2, 0, 2, 1, 0, 0, 3, 3,
       2, 0, 2, 3, 2, 2, 2, 3, 2, 1, 1, 1, 0, 0, 0, 3, 0, 2, 2, 0, 3, 0,
       2, 3, 1, 0, 1, 3, 0, 0, 2, 0, 3, 0, 2, 0, 2, 3, 2, 2, 0, 3, 2, 3,
       1, 1, 0, 2, 1, 2, 0, 1, 2, 2], dtype=object)]
[324, array([-58., -29., -29.,   0.]), array([2, 1, 0, 1, 2, 1, 2, 2, 0, 0, 0, 2, 1, 0, 0, 1, 2, 3, 0, 2, 2, 0,
       0, 0, 2, 3, 2, 2, 2, 2, 2, 0, 3, 0, 0, 1, 0, 2, 1, 3, 0, 0, 0, 1,
       0, 3, 1, 1, 3, 2, 3, 2, 1, 0, 0, 3, 1, 2, 2, 0, 2, 0, 0, 0, 3, 3,
       2, 0, 2, 3, 2, 2, 2, 3, 2, 1, 1, 1, 0, 0, 1, 3, 2, 2, 2, 0, 3, 0,
       2, 3, 2, 0, 1, 3, 0, 0, 3, 0, 3, 0, 2, 0, 2, 3, 2, 2, 0, 0, 2, 3,
       1, 1, 0, 2, 1, 2, 0, 1, 2, 2], dtype=object)]
[324, array([-58., -29., -29.,   0.]), array([2, 1, 0, 1, 2, 1, 2, 2, 0, 0, 0, 2, 1, 0, 0, 1, 2, 3, 0, 2, 2, 0,
       0, 0, 2, 3, 2, 2, 2, 2, 2, 0, 3, 0, 0, 1, 0, 2, 1, 3, 0, 0, 0, 1,
       0, 3, 1, 1, 3, 2, 3, 2, 1, 0, 0, 3, 1, 2, 2, 0, 2, 0, 0, 0, 3, 3,
       2, 0, 2, 3, 2, 2, 2, 3, 2, 1, 1, 1, 0, 0, 1, 3, 2, 2, 2, 0, 3, 0,
       2, 3, 2, 0, 1, 3, 0, 0, 3, 0, 3, 0, 2, 0, 2, 3, 2, 2, 0, 0, 2, 3,
       1, 1, 0, 2, 1, 2, 0, 1, 2, 2], dtype=object)]
[324, array([-58., -29., -29.,   0.]), array([2, 1, 0, 1, 2, 1, 2, 2, 0, 0, 0, 2, 1, 0, 0, 1, 2, 3, 0, 2, 2, 0,
       0, 0, 2, 3, 2, 2, 2, 2, 2, 0, 3, 0, 0, 1, 0, 2, 1, 3, 0, 0, 0, 1,
       0, 3, 1, 1, 3, 2, 3, 2, 1, 0, 0, 3, 1, 2, 2, 0, 2, 0, 0, 0, 3, 3,
       2, 0, 2, 3, 2, 2, 2, 3, 2, 1, 1, 1, 0, 0, 1, 3, 2, 2, 2, 0, 3, 0,
       2, 3, 2, 0, 1, 3, 0, 0, 3, 0, 3, 0, 2, 0, 2, 3, 2, 2, 0, 0, 2, 3,
       1, 1, 0, 2, 1, 2, 0, 1, 2, 2], dtype=object)]
[324, array([-58., -29., -29.,   0.]), array([2, 1, 0, 1, 2, 1, 2, 2, 0, 0, 0, 2, 1, 0, 0, 1, 2, 3, 0, 2, 2, 0,
       0, 0, 2, 3, 2, 2, 2, 2, 2, 0, 3, 0, 0, 1, 0, 2, 1, 3, 0, 0, 0, 1,
       0, 3, 1, 1, 3, 2, 3, 2, 1, 0, 0, 3, 1, 2, 2, 0, 2, 0, 0, 0, 3, 3,
       2, 0, 2, 3, 2, 2, 2, 3, 2, 1, 1, 1, 0, 0, 1, 3, 2, 2, 2, 0, 3, 0,
       2, 3, 2, 0, 1, 3, 0, 0, 3, 0, 3, 0, 2, 0, 2, 3, 2, 2, 0, 0, 2, 3,
       1, 1, 0, 2, 1, 2, 0, 1, 2, 2], dtype=object)]
[325, array([-58., -29., -29.,   0.]), array([2, 1, 0, 1, 2, 1, 1, 2, 0, 0, 0, 2, 1, 0, 0, 2, 2, 0, 0, 2, 2, 3,
       0, 0, 2, 3, 2, 2, 2, 2, 2, 0, 3, 0, 3, 0, 0, 2, 1, 3, 0, 2, 0, 3,
       3, 3, 1, 1, 1, 2, 3, 1, 2, 0, 0, 3, 1, 2, 2, 0, 2, 1, 0, 0, 3, 3,
       2, 3, 2, 3, 2, 2, 2, 3, 2, 1, 0, 1, 0, 0, 0, 3, 0, 2, 2, 0, 3, 0,
       2, 3, 1, 0, 1, 3, 0, 0, 3, 0, 3, 0, 2, 0, 2, 3, 2, 2, 0, 3, 2, 3,
       1, 1, 0, 2, 1, 2, 0, 1, 2, 2], dtype=object)]
[325, array([-58., -29., -29.,   0.]), array([2, 1, 0, 1, 2, 1, 1, 2, 0, 0, 0, 2, 1, 0, 0, 2, 2, 0, 0, 2, 2, 3,
       0, 0, 2, 3, 2, 2, 2, 2, 2, 0, 3, 0, 3, 0, 0, 2, 1, 3, 0, 2, 0, 3,
       3, 3, 1, 1, 1, 2, 3, 1, 2, 0, 0, 3, 1, 2, 2, 0, 2, 1, 0, 0, 3, 3,
       2, 3, 2, 3, 2, 2, 2, 3, 2, 1, 0, 1, 0, 0, 0, 3, 0, 2, 2, 0, 3, 0,
       2, 3, 1, 0, 1, 3, 0, 0, 3, 0, 3, 0, 2, 0, 2, 3, 2, 2, 0, 3, 2, 3,
       1, 1, 0, 2, 1, 2, 0, 1, 2, 2], dtype=object)]
[325, array([-58., -29., -29.,   0.]), array([2, 1, 0, 1, 2, 1, 1, 2, 0, 0, 0, 2, 1, 0, 0, 2, 2, 0, 0, 2, 2, 3,
       0, 0, 2, 3, 2, 2, 2, 2, 2, 0, 3, 0, 3, 0, 0, 2, 1, 3, 0, 2, 0, 3,
       3, 3, 1, 1, 1, 2, 3, 1, 2, 0, 0, 3, 1, 2, 2, 0, 2, 1, 0, 0, 3, 3,
       2, 3, 2, 3, 2, 2, 2, 3, 2, 1, 0, 1, 0, 0, 0, 3, 0, 2, 2, 0, 3, 0,
       2, 3, 1, 0, 1, 3, 0, 0, 3, 0, 3, 0, 2, 0, 2, 3, 2, 2, 0, 3, 2, 3,
       1, 1, 0, 2, 1, 2, 0, 1, 2, 2], dtype=object)]
[325, array([-58., -29., -29.,   0.]), array([2, 1, 0, 1, 2, 1, 1, 2, 0, 0, 0, 2, 1, 0, 0, 2, 2, 0, 0, 2, 2, 3,
       0, 0, 2, 3, 2, 2, 2, 2, 2, 0, 3, 0, 3, 0, 0, 2, 1, 3, 0, 2, 0, 3,
       3, 3, 1, 1, 1, 2, 3, 1, 2, 0, 0, 3, 1, 2, 2, 0, 2, 1, 0, 0, 3, 3,
       2, 3, 2, 3, 2, 2, 2, 3, 2, 1, 0, 1, 0, 0, 0, 3, 0, 2, 2, 0, 3, 0,
       2, 3, 1, 0, 1, 3, 0, 0, 3, 0, 3, 0, 2, 0, 2, 3, 2, 2, 0, 3, 2, 3,
       1, 1, 0, 2, 1, 2, 0, 1, 2, 2], dtype=object)]
[326, array([-58., -29., -29.,   0.]), array([2, 1, 0, 1, 2, 1, 1, 2, 0, 0, 0, 2, 1, 0, 1, 2, 2, 0, 0, 2, 2, 3,
       0, 0, 2, 3, 2, 3, 2, 2, 2, 0, 0, 0, 3, 1, 0, 2, 1, 3, 0, 2, 0, 3,
       1, 3, 1, 1, 0, 2, 3, 1, 2, 0, 0, 3, 1, 2, 2, 0, 2, 1, 0, 0, 3, 3,
       2, 3, 2, 3, 2, 2, 2, 3, 2, 1, 0, 1, 0, 0, 0, 3, 0, 2, 2, 3, 3, 0,
       2, 3, 1, 0, 1, 3, 1, 1, 3, 0, 3, 0, 2, 0, 1, 3, 2, 2, 0, 3, 2, 2,
       1, 1, 1, 2, 1, 2, 0, 1, 2, 2], dtype=object)]
[326, array([-58., -29., -29.,   0.]), array([2, 1, 0, 1, 2, 1, 1, 2, 0, 0, 0, 2, 1, 0, 1, 2, 2, 0, 0, 2, 2, 3,
       0, 0, 2, 3, 2, 3, 2, 2, 2, 0, 0, 0, 3, 1, 0, 2, 1, 3, 0, 2, 0, 3,
       1, 3, 1, 1, 0, 2, 3, 1, 2, 0, 0, 3, 1, 2, 2, 0, 2, 1, 0, 0, 3, 3,
       2, 3, 2, 3, 2, 2, 2, 3, 2, 1, 0, 1, 0, 0, 0, 3, 0, 2, 2, 3, 3, 0,
       2, 3, 1, 0, 1, 3, 1, 1, 3, 0, 3, 0, 2, 0, 1, 3, 2, 2, 0, 3, 2, 2,
       1, 1, 1, 2, 1, 2, 0, 1, 2, 2], dtype=object)]
[326, array([-58., -29., -29.,   0.]), array([2, 1, 0, 1, 2, 1, 1, 2, 0, 0, 0, 2, 1, 0, 1, 2, 2, 0, 0, 2, 2, 3,
       0, 0, 2, 3, 2, 3, 2, 2, 2, 0, 0, 0, 3, 1, 0, 2, 1, 3, 0, 2, 0, 3,
       1, 3, 1, 1, 0, 2, 3, 1, 2, 0, 0, 3, 1, 2, 2, 0, 2, 1, 0, 0, 3, 3,
       2, 3, 2, 3, 2, 2, 2, 3, 2, 1, 0, 1, 0, 0, 0, 3, 0, 2, 2, 3, 3, 0,
       2, 3, 1, 0, 1, 3, 1, 1, 3, 0, 3, 0, 2, 0, 1, 3, 2, 2, 0, 3, 2, 2,
       1, 1, 1, 2, 1, 2, 0, 1, 2, 2], dtype=object)]
[326, array([-58., -29., -29.,   0.]), array([2, 1, 0, 1, 2, 1, 1, 2, 0, 0, 0, 2, 1, 0, 1, 2, 2, 0, 0, 2, 2, 3,
       0, 0, 2, 3, 2, 3, 2, 2, 2, 0, 0, 0, 3, 1, 0, 2, 1, 3, 0, 2, 0, 3,
       1, 3, 1, 1, 0, 2, 3, 1, 2, 0, 0, 3, 1, 2, 2, 0, 2, 1, 0, 0, 3, 3,
       2, 3, 2, 3, 2, 2, 2, 3, 2, 1, 0, 1, 0, 0, 0, 3, 0, 2, 2, 3, 3, 0,
       2, 3, 1, 0, 1, 3, 1, 1, 3, 0, 3, 0, 2, 0, 1, 3, 2, 2, 0, 3, 2, 2,
       1, 1, 1, 2, 1, 2, 0, 1, 2, 2], dtype=object)]
[327, array([-58., -29., -29.,   0.]), array([2, 2, 3, 2, 2, 1, 1, 2, 0, 0, 0, 2, 1, 0, 0, 2, 2, 3, 0, 2, 2, 2,
       0, 0, 1, 3, 2, 2, 2, 2, 2, 0, 2, 0, 3, 1, 0, 2, 1, 3, 0, 2, 0, 3,
       1, 3, 1, 1, 0, 2, 3, 1, 2, 0, 0, 3, 1, 2, 2, 0, 2, 0, 0, 0, 3, 3,
       2, 0, 2, 3, 2, 2, 2, 3, 2, 1, 1, 1, 0, 0, 0, 3, 0, 2, 2, 2, 3, 0,
       2, 3, 1, 0, 1, 3, 1, 0, 3, 0, 3, 0, 2, 0, 2, 3, 2, 2, 0, 3, 2, 3,
       1, 1, 0, 2, 1, 2, 0, 1, 2, 2], dtype=object)]
[327, array([-58., -29., -29.,   0.]), array([2, 2, 3, 2, 2, 1, 1, 2, 0, 0, 0, 2, 1, 0, 0, 2, 2, 3, 0, 2, 2, 2,
       0, 0, 1, 3, 2, 2, 2, 2, 2, 0, 2, 0, 3, 1, 0, 2, 1, 3, 0, 2, 0, 3,
       1, 3, 1, 1, 0, 2, 3, 1, 2, 0, 0, 3, 1, 2, 2, 0, 2, 0, 0, 0, 3, 3,
       2, 0, 2, 3, 2, 2, 2, 3, 2, 1, 1, 1, 0, 0, 0, 3, 0, 2, 2, 2, 3, 0,
       2, 3, 1, 0, 1, 3, 1, 0, 3, 0, 3, 0, 2, 0, 2, 3, 2, 2, 0, 3, 2, 3,
       1, 1, 0, 2, 1, 2, 0, 1, 2, 2], dtype=object)]
[327, array([-58., -29., -29.,   0.]), array([2, 2, 3, 2, 2, 1, 1, 2, 0, 0, 0, 2, 1, 0, 0, 2, 2, 3, 0, 2, 2, 2,
       0, 0, 1, 3, 2, 2, 2, 2, 2, 0, 2, 0, 3, 1, 0, 2, 1, 3, 0, 2, 0, 3,
       1, 3, 1, 1, 0, 2, 3, 1, 2, 0, 0, 3, 1, 2, 2, 0, 2, 0, 0, 0, 3, 3,
       2, 0, 2, 3, 2, 2, 2, 3, 2, 1, 1, 1, 0, 0, 0, 3, 0, 2, 2, 2, 3, 0,
       2, 3, 1, 0, 1, 3, 1, 0, 3, 0, 3, 0, 2, 0, 2, 3, 2, 2, 0, 3, 2, 3,
       1, 1, 0, 2, 1, 2, 0, 1, 2, 2], dtype=object)]
[327, array([-58., -29., -29.,   0.]), array([2, 2, 3, 2, 2, 1, 1, 2, 0, 0, 0, 2, 1, 0, 0, 2, 2, 3, 0, 2, 2, 2,
       0, 0, 1, 3, 2, 2, 2, 2, 2, 0, 2, 0, 3, 1, 0, 2, 1, 3, 0, 2, 0, 3,
       1, 3, 1, 1, 0, 2, 3, 1, 2, 0, 0, 3, 1, 2, 2, 0, 2, 0, 0, 0, 3, 3,
       2, 0, 2, 3, 2, 2, 2, 3, 2, 1, 1, 1, 0, 0, 0, 3, 0, 2, 2, 2, 3, 0,
       2, 3, 1, 0, 1, 3, 1, 0, 3, 0, 3, 0, 2, 0, 2, 3, 2, 2, 0, 3, 2, 3,
       1, 1, 0, 2, 1, 2, 0, 1, 2, 2], dtype=object)]
[328, array([-58., -29., -29.,   0.]), array([2, 0, 0, 1, 2, 1, 1, 2, 0, 0, 0, 2, 3, 0, 0, 2, 2, 0, 0, 2, 2, 0,
       0, 0, 2, 3, 2, 2, 2, 2, 2, 0, 3, 0, 3, 0, 0, 2, 1, 3, 0, 2, 0, 3,
       3, 3, 1, 1, 1, 2, 3, 1, 2, 0, 0, 3, 1, 2, 2, 0, 2, 1, 0, 0, 3, 3,
       2, 3, 2, 3, 2, 2, 2, 3, 2, 1, 0, 1, 0, 0, 0, 3, 0, 2, 2, 0, 3, 0,
       2, 3, 1, 0, 1, 3, 0, 0, 3, 0, 3, 0, 2, 0, 2, 3, 2, 2, 0, 3, 2, 3,
       1, 1, 0, 2, 1, 2, 0, 1, 2, 2], dtype=object)]
[328, array([-58., -29., -29.,   0.]), array([2, 0, 0, 1, 2, 1, 1, 2, 0, 0, 0, 2, 3, 0, 0, 2, 2, 0, 0, 2, 2, 0,
       0, 0, 2, 3, 2, 2, 2, 2, 2, 0, 3, 0, 3, 0, 0, 2, 1, 3, 0, 2, 0, 3,
       3, 3, 1, 1, 1, 2, 3, 1, 2, 0, 0, 3, 1, 2, 2, 0, 2, 1, 0, 0, 3, 3,
       2, 3, 2, 3, 2, 2, 2, 3, 2, 1, 0, 1, 0, 0, 0, 3, 0, 2, 2, 0, 3, 0,
       2, 3, 1, 0, 1, 3, 0, 0, 3, 0, 3, 0, 2, 0, 2, 3, 2, 2, 0, 3, 2, 3,
       1, 1, 0, 2, 1, 2, 0, 1, 2, 2], dtype=object)]
[328, array([-58., -29., -29.,   0.]), array([2, 0, 0, 1, 2, 1, 1, 2, 0, 0, 0, 2, 3, 0, 0, 2, 2, 0, 0, 2, 2, 0,
       0, 0, 2, 3, 2, 2, 2, 2, 2, 0, 3, 0, 3, 0, 0, 2, 1, 3, 0, 2, 0, 3,
       3, 3, 1, 1, 1, 2, 3, 1, 2, 0, 0, 3, 1, 2, 2, 0, 2, 1, 0, 0, 3, 3,
       2, 3, 2, 3, 2, 2, 2, 3, 2, 1, 0, 1, 0, 0, 0, 3, 0, 2, 2, 0, 3, 0,
       2, 3, 1, 0, 1, 3, 0, 0, 3, 0, 3, 0, 2, 0, 2, 3, 2, 2, 0, 3, 2, 3,
       1, 1, 0, 2, 1, 2, 0, 1, 2, 2], dtype=object)]
[328, array([-58., -29., -29.,   0.]), array([2, 0, 0, 1, 2, 1, 1, 2, 0, 0, 0, 2, 3, 0, 0, 2, 2, 0, 0, 2, 2, 0,
       0, 0, 2, 3, 2, 2, 2, 2, 2, 0, 3, 0, 3, 0, 0, 2, 1, 3, 0, 2, 0, 3,
       3, 3, 1, 1, 1, 2, 3, 1, 2, 0, 0, 3, 1, 2, 2, 0, 2, 1, 0, 0, 3, 3,
       2, 3, 2, 3, 2, 2, 2, 3, 2, 1, 0, 1, 0, 0, 0, 3, 0, 2, 2, 0, 3, 0,
       2, 3, 1, 0, 1, 3, 0, 0, 3, 0, 3, 0, 2, 0, 2, 3, 2, 2, 0, 3, 2, 3,
       1, 1, 0, 2, 1, 2, 0, 1, 2, 2], dtype=object)]
[329, array([-58., -29., -29.,   0.]), array([2, 1, 0, 1, 2, 1, 1, 2, 0, 0, 0, 2, 3, 0, 0, 2, 2, 0, 0, 2, 2, 0,
       0, 0, 2, 3, 2, 2, 2, 2, 2, 0, 3, 0, 3, 0, 0, 2, 1, 3, 0, 2, 0, 3,
       3, 3, 1, 1, 1, 2, 3, 1, 2, 0, 0, 3, 1, 2, 2, 0, 2, 1, 0, 0, 3, 3,
       2, 3, 2, 3, 2, 2, 2, 3, 2, 1, 0, 1, 0, 0, 0, 3, 0, 2, 2, 0, 3, 0,
       2, 3, 1, 0, 1, 3, 0, 0, 3, 0, 3, 0, 2, 0, 2, 3, 2, 2, 0, 3, 2, 3,
       1, 1, 0, 2, 1, 2, 0, 1, 2, 2], dtype=object)]
[329, array([-58., -29., -29.,   0.]), array([2, 1, 0, 1, 2, 1, 1, 2, 0, 0, 0, 2, 3, 0, 0, 2, 2, 0, 0, 2, 2, 0,
       0, 0, 2, 3, 2, 2, 2, 2, 2, 0, 3, 0, 3, 0, 0, 2, 1, 3, 0, 2, 0, 3,
       3, 3, 1, 1, 1, 2, 3, 1, 2, 0, 0, 3, 1, 2, 2, 0, 2, 1, 0, 0, 3, 3,
       2, 3, 2, 3, 2, 2, 2, 3, 2, 1, 0, 1, 0, 0, 0, 3, 0, 2, 2, 0, 3, 0,
       2, 3, 1, 0, 1, 3, 0, 0, 3, 0, 3, 0, 2, 0, 2, 3, 2, 2, 0, 3, 2, 3,
       1, 1, 0, 2, 1, 2, 0, 1, 2, 2], dtype=object)]
[329, array([-58., -29., -29.,   0.]), array([2, 1, 0, 1, 2, 1, 1, 2, 0, 0, 0, 2, 3, 0, 0, 2, 2, 0, 0, 2, 2, 0,
       0, 0, 2, 3, 2, 2, 2, 2, 2, 0, 3, 0, 3, 0, 0, 2, 1, 3, 0, 2, 0, 3,
       3, 3, 1, 1, 1, 2, 3, 1, 2, 0, 0, 3, 1, 2, 2, 0, 2, 1, 0, 0, 3, 3,
       2, 3, 2, 3, 2, 2, 2, 3, 2, 1, 0, 1, 0, 0, 0, 3, 0, 2, 2, 0, 3, 0,
       2, 3, 1, 0, 1, 3, 0, 0, 3, 0, 3, 0, 2, 0, 2, 3, 2, 2, 0, 3, 2, 3,
       1, 1, 0, 2, 1, 2, 0, 1, 2, 2], dtype=object)]
[329, array([-58., -29., -29.,   0.]), array([2, 1, 0, 1, 2, 1, 1, 2, 0, 0, 0, 2, 3, 0, 0, 2, 2, 0, 0, 2, 2, 0,
       0, 0, 2, 3, 2, 2, 2, 2, 2, 0, 3, 0, 3, 0, 0, 2, 1, 3, 0, 2, 0, 3,
       3, 3, 1, 1, 1, 2, 3, 1, 2, 0, 0, 3, 1, 2, 2, 0, 2, 1, 0, 0, 3, 3,
       2, 3, 2, 3, 2, 2, 2, 3, 2, 1, 0, 1, 0, 0, 0, 3, 0, 2, 2, 0, 3, 0,
       2, 3, 1, 0, 1, 3, 0, 0, 3, 0, 3, 0, 2, 0, 2, 3, 2, 2, 0, 3, 2, 3,
       1, 1, 0, 2, 1, 2, 0, 1, 2, 2], dtype=object)]
[330, array([-58., -29., -29.,   0.]), array([2, 1, 0, 1, 2, 1, 1, 2, 0, 0, 0, 2, 3, 0, 0, 2, 2, 0, 0, 2, 2, 0,
       0, 0, 2, 3, 2, 2, 2, 2, 2, 0, 3, 0, 3, 0, 0, 2, 1, 3, 0, 2, 0, 3,
       3, 3, 1, 1, 1, 2, 3, 1, 2, 0, 0, 3, 1, 2, 2, 0, 2, 1, 0, 0, 3, 3,
       2, 3, 2, 3, 2, 2, 2, 3, 2, 1, 0, 1, 0, 0, 0, 3, 0, 2, 2, 0, 3, 0,
       2, 3, 1, 0, 1, 3, 0, 0, 3, 0, 3, 0, 2, 0, 2, 3, 2, 2, 0, 3, 2, 3,
       1, 1, 0, 2, 1, 2, 0, 1, 2, 2], dtype=object)]
[330, array([-58., -29., -29.,   0.]), array([2, 1, 0, 1, 2, 1, 1, 2, 0, 0, 0, 2, 3, 0, 0, 2, 2, 0, 0, 2, 2, 0,
       0, 0, 2, 3, 2, 2, 2, 2, 2, 0, 3, 0, 3, 0, 0, 2, 1, 3, 0, 2, 0, 3,
       3, 3, 1, 1, 1, 2, 3, 1, 2, 0, 0, 3, 1, 2, 2, 0, 2, 1, 0, 0, 3, 3,
       2, 3, 2, 3, 2, 2, 2, 3, 2, 1, 0, 1, 0, 0, 0, 3, 0, 2, 2, 0, 3, 0,
       2, 3, 1, 0, 1, 3, 0, 0, 3, 0, 3, 0, 2, 0, 2, 3, 2, 2, 0, 3, 2, 3,
       1, 1, 0, 2, 1, 2, 0, 1, 2, 2], dtype=object)]
[330, array([-58., -29., -29.,   0.]), array([2, 1, 0, 1, 2, 1, 1, 2, 0, 0, 0, 2, 3, 0, 0, 2, 2, 0, 0, 2, 2, 0,
       0, 0, 2, 3, 2, 2, 2, 2, 2, 0, 3, 0, 3, 0, 0, 2, 1, 3, 0, 2, 0, 3,
       3, 3, 1, 1, 1, 2, 3, 1, 2, 0, 0, 3, 1, 2, 2, 0, 2, 1, 0, 0, 3, 3,
       2, 3, 2, 3, 2, 2, 2, 3, 2, 1, 0, 1, 0, 0, 0, 3, 0, 2, 2, 0, 3, 0,
       2, 3, 1, 0, 1, 3, 0, 0, 3, 0, 3, 0, 2, 0, 2, 3, 2, 2, 0, 3, 2, 3,
       1, 1, 0, 2, 1, 2, 0, 1, 2, 2], dtype=object)]
[330, array([-58., -29., -29.,   0.]), array([2, 1, 0, 1, 2, 1, 1, 2, 0, 0, 0, 2, 3, 0, 0, 2, 2, 0, 0, 2, 2, 0,
       0, 0, 2, 3, 2, 2, 2, 2, 2, 0, 3, 0, 3, 0, 0, 2, 1, 3, 0, 2, 0, 3,
       3, 3, 1, 1, 1, 2, 3, 1, 2, 0, 0, 3, 1, 2, 2, 0, 2, 1, 0, 0, 3, 3,
       2, 3, 2, 3, 2, 2, 2, 3, 2, 1, 0, 1, 0, 0, 0, 3, 0, 2, 2, 0, 3, 0,
       2, 3, 1, 0, 1, 3, 0, 0, 3, 0, 3, 0, 2, 0, 2, 3, 2, 2, 0, 3, 2, 3,
       1, 1, 0, 2, 1, 2, 0, 1, 2, 2], dtype=object)]
[331, array([-58., -29., -29.,   0.]), array([2, 1, 0, 1, 2, 1, 1, 2, 0, 0, 0, 2, 3, 0, 0, 2, 2, 0, 0, 2, 2, 0,
       0, 0, 2, 3, 2, 2, 2, 2, 2, 0, 3, 0, 3, 0, 0, 2, 1, 3, 0, 2, 0, 3,
       3, 3, 1, 1, 1, 2, 3, 1, 2, 0, 0, 3, 1, 2, 2, 0, 2, 1, 0, 0, 3, 3,
       2, 3, 2, 3, 2, 2, 2, 3, 2, 1, 0, 1, 0, 0, 2, 3, 0, 2, 2, 0, 3, 0,
       2, 3, 1, 0, 1, 3, 0, 0, 3, 0, 3, 0, 2, 0, 2, 3, 2, 2, 0, 3, 2, 3,
       1, 1, 0, 2, 1, 2, 0, 1, 2, 2], dtype=object)]
[331, array([-58., -29., -29.,   0.]), array([2, 1, 0, 1, 2, 1, 1, 2, 0, 0, 0, 2, 3, 0, 0, 2, 2, 0, 0, 2, 2, 0,
       0, 0, 2, 3, 2, 2, 2, 2, 2, 0, 3, 0, 3, 0, 0, 2, 1, 3, 0, 2, 0, 3,
       3, 3, 1, 1, 1, 2, 3, 1, 2, 0, 0, 3, 1, 2, 2, 0, 2, 1, 0, 0, 3, 3,
       2, 3, 2, 3, 2, 2, 2, 3, 2, 1, 0, 1, 0, 0, 2, 3, 0, 2, 2, 0, 3, 0,
       2, 3, 1, 0, 1, 3, 0, 0, 3, 0, 3, 0, 2, 0, 2, 3, 2, 2, 0, 3, 2, 3,
       1, 1, 0, 2, 1, 2, 0, 1, 2, 2], dtype=object)]
[331, array([-58., -29., -29.,   0.]), array([2, 1, 0, 1, 2, 1, 1, 2, 0, 0, 0, 2, 3, 0, 0, 2, 2, 0, 0, 2, 2, 0,
       0, 0, 2, 3, 2, 2, 2, 2, 2, 0, 3, 0, 3, 0, 0, 2, 1, 3, 0, 2, 0, 3,
       3, 3, 1, 1, 1, 2, 3, 1, 2, 0, 0, 3, 1, 2, 2, 0, 2, 1, 0, 0, 3, 3,
       2, 3, 2, 3, 2, 2, 2, 3, 2, 1, 0, 1, 0, 0, 2, 3, 0, 2, 2, 0, 3, 0,
       2, 3, 1, 0, 1, 3, 0, 0, 3, 0, 3, 0, 2, 0, 2, 3, 2, 2, 0, 3, 2, 3,
       1, 1, 0, 2, 1, 2, 0, 1, 2, 2], dtype=object)]
[331, array([-58., -29., -29.,   0.]), array([2, 1, 0, 1, 2, 1, 1, 2, 0, 0, 0, 2, 3, 0, 0, 2, 2, 0, 0, 2, 2, 0,
       0, 0, 2, 3, 2, 2, 2, 2, 2, 0, 3, 0, 3, 0, 0, 2, 1, 3, 0, 2, 0, 3,
       3, 3, 1, 1, 1, 2, 3, 1, 2, 0, 0, 3, 1, 2, 2, 0, 2, 1, 0, 0, 3, 3,
       2, 3, 2, 3, 2, 2, 2, 3, 2, 1, 0, 1, 0, 0, 2, 3, 0, 2, 2, 0, 3, 0,
       2, 3, 1, 0, 1, 3, 0, 0, 3, 0, 3, 0, 2, 0, 2, 3, 2, 2, 0, 3, 2, 3,
       1, 1, 0, 2, 1, 2, 0, 1, 2, 2], dtype=object)]
[332, array([-58., -29., -29.,   0.]), array([2, 1, 0, 1, 2, 1, 1, 2, 0, 0, 0, 2, 1, 0, 0, 2, 2, 0, 0, 2, 2, 3,
       0, 0, 2, 3, 2, 2, 2, 2, 2, 0, 3, 0, 3, 1, 1, 2, 1, 3, 0, 2, 0, 3,
       3, 3, 1, 1, 1, 2, 3, 1, 2, 0, 0, 3, 1, 2, 2, 0, 2, 2, 0, 0, 3, 3,
       2, 3, 2, 3, 2, 2, 2, 3, 2, 1, 0, 1, 0, 0, 0, 3, 0, 2, 2, 3, 3, 0,
       2, 3, 1, 0, 1, 3, 1, 1, 3, 0, 3, 0, 2, 0, 1, 3, 2, 2, 0, 3, 2, 2,
       1, 1, 1, 2, 1, 2, 0, 1, 2, 2], dtype=object)]
[332, array([-58., -29., -29.,   0.]), array([2, 1, 0, 1, 2, 1, 1, 2, 0, 0, 0, 2, 1, 0, 0, 2, 2, 0, 0, 2, 2, 3,
       0, 0, 2, 3, 2, 2, 2, 2, 2, 0, 3, 0, 3, 1, 1, 2, 1, 3, 0, 2, 0, 3,
       3, 3, 1, 1, 1, 2, 3, 1, 2, 0, 0, 3, 1, 2, 2, 0, 2, 2, 0, 0, 3, 3,
       2, 3, 2, 3, 2, 2, 2, 3, 2, 1, 0, 1, 0, 0, 0, 3, 0, 2, 2, 3, 3, 0,
       2, 3, 1, 0, 1, 3, 1, 1, 3, 0, 3, 0, 2, 0, 1, 3, 2, 2, 0, 3, 2, 2,
       1, 1, 1, 2, 1, 2, 0, 1, 2, 2], dtype=object)]
[332, array([-58., -29., -29.,   0.]), array([2, 1, 0, 1, 2, 1, 1, 2, 0, 0, 0, 2, 1, 0, 0, 2, 2, 0, 0, 2, 2, 3,
       0, 0, 2, 3, 2, 2, 2, 2, 2, 0, 3, 0, 3, 1, 1, 2, 1, 3, 0, 2, 0, 3,
       3, 3, 1, 1, 1, 2, 3, 1, 2, 0, 0, 3, 1, 2, 2, 0, 2, 2, 0, 0, 3, 3,
       2, 3, 2, 3, 2, 2, 2, 3, 2, 1, 0, 1, 0, 0, 0, 3, 0, 2, 2, 3, 3, 0,
       2, 3, 1, 0, 1, 3, 1, 1, 3, 0, 3, 0, 2, 0, 1, 3, 2, 2, 0, 3, 2, 2,
       1, 1, 1, 2, 1, 2, 0, 1, 2, 2], dtype=object)]
[332, array([-58., -29., -29.,   0.]), array([2, 1, 0, 1, 2, 1, 1, 2, 0, 0, 0, 2, 1, 0, 0, 2, 2, 0, 0, 2, 2, 3,
       0, 0, 2, 3, 2, 2, 2, 2, 2, 0, 3, 0, 3, 1, 1, 2, 1, 3, 0, 2, 0, 3,
       3, 3, 1, 1, 1, 2, 3, 1, 2, 0, 0, 3, 1, 2, 2, 0, 2, 2, 0, 0, 3, 3,
       2, 3, 2, 3, 2, 2, 2, 3, 2, 1, 0, 1, 0, 0, 0, 3, 0, 2, 2, 3, 3, 0,
       2, 3, 1, 0, 1, 3, 1, 1, 3, 0, 3, 0, 2, 0, 1, 3, 2, 2, 0, 3, 2, 2,
       1, 1, 1, 2, 1, 2, 0, 1, 2, 2], dtype=object)]
[333, array([-58., -29., -29.,   0.]), array([2, 1, 0, 1, 2, 1, 1, 2, 0, 0, 0, 2, 1, 0, 0, 2, 2, 0, 0, 2, 2, 3,
       0, 0, 2, 3, 2, 2, 2, 2, 2, 0, 3, 0, 3, 1, 0, 2, 1, 3, 0, 1, 0, 2,
       3, 3, 1, 1, 0, 2, 3, 1, 2, 0, 0, 3, 1, 2, 2, 0, 0, 2, 0, 0, 3, 3,
       2, 3, 2, 3, 2, 2, 2, 3, 2, 1, 0, 1, 0, 0, 0, 3, 0, 2, 2, 3, 3, 0,
       2, 3, 1, 0, 1, 3, 1, 1, 3, 0, 3, 0, 2, 0, 1, 3, 2, 2, 0, 3, 2, 2,
       1, 1, 1, 2, 1, 2, 0, 1, 2, 2], dtype=object)]
[333, array([-58., -29., -29.,   0.]), array([2, 1, 0, 1, 2, 1, 1, 2, 0, 0, 0, 2, 1, 0, 0, 2, 2, 0, 0, 2, 2, 3,
       0, 0, 2, 3, 2, 2, 2, 2, 2, 0, 3, 0, 3, 1, 0, 2, 1, 3, 0, 1, 0, 2,
       3, 3, 1, 1, 0, 2, 3, 1, 2, 0, 0, 3, 1, 2, 2, 0, 0, 2, 0, 0, 3, 3,
       2, 3, 2, 3, 2, 2, 2, 3, 2, 1, 0, 1, 0, 0, 0, 3, 0, 2, 2, 3, 3, 0,
       2, 3, 1, 0, 1, 3, 1, 1, 3, 0, 3, 0, 2, 0, 1, 3, 2, 2, 0, 3, 2, 2,
       1, 1, 1, 2, 1, 2, 0, 1, 2, 2], dtype=object)]
[333, array([-58., -29., -29.,   0.]), array([2, 1, 0, 1, 2, 1, 1, 2, 0, 0, 0, 2, 1, 0, 0, 2, 2, 0, 0, 2, 2, 3,
       0, 0, 2, 3, 2, 2, 2, 2, 2, 0, 3, 0, 3, 1, 0, 2, 1, 3, 0, 1, 0, 2,
       3, 3, 1, 1, 0, 2, 3, 1, 2, 0, 0, 3, 1, 2, 2, 0, 0, 2, 0, 0, 3, 3,
       2, 3, 2, 3, 2, 2, 2, 3, 2, 1, 0, 1, 0, 0, 0, 3, 0, 2, 2, 3, 3, 0,
       2, 3, 1, 0, 1, 3, 1, 1, 3, 0, 3, 0, 2, 0, 1, 3, 2, 2, 0, 3, 2, 2,
       1, 1, 1, 2, 1, 2, 0, 1, 2, 2], dtype=object)]
[333, array([-58., -29., -29.,   0.]), array([2, 1, 0, 1, 2, 1, 1, 2, 0, 0, 0, 2, 1, 0, 0, 2, 2, 0, 0, 2, 2, 3,
       0, 0, 2, 3, 2, 2, 2, 2, 2, 0, 3, 0, 3, 1, 0, 2, 1, 3, 0, 1, 0, 2,
       3, 3, 1, 1, 0, 2, 3, 1, 2, 0, 0, 3, 1, 2, 2, 0, 0, 2, 0, 0, 3, 3,
       2, 3, 2, 3, 2, 2, 2, 3, 2, 1, 0, 1, 0, 0, 0, 3, 0, 2, 2, 3, 3, 0,
       2, 3, 1, 0, 1, 3, 1, 1, 3, 0, 3, 0, 2, 0, 1, 3, 2, 2, 0, 3, 2, 2,
       1, 1, 1, 2, 1, 2, 0, 1, 2, 2], dtype=object)]
[334, array([-58., -29., -29.,   0.]), array([2, 0, 0, 1, 2, 1, 1, 2, 0, 0, 0, 2, 3, 0, 0, 2, 2, 0, 0, 2, 2, 3,
       0, 0, 2, 3, 2, 2, 2, 2, 2, 0, 3, 0, 3, 0, 0, 2, 1, 3, 0, 2, 0, 3,
       3, 3, 1, 1, 1, 2, 3, 1, 2, 0, 0, 3, 1, 2, 2, 0, 2, 0, 0, 0, 3, 3,
       2, 0, 2, 3, 2, 2, 2, 3, 2, 1, 1, 1, 0, 0, 0, 3, 3, 2, 2, 0, 3, 0,
       2, 3, 1, 0, 1, 3, 0, 0, 3, 0, 3, 0, 2, 0, 1, 3, 2, 2, 0, 3, 2, 3,
       1, 1, 0, 0, 1, 2, 0, 1, 2, 2], dtype=object)]
[334, array([-58., -29., -29.,   0.]), array([2, 0, 0, 1, 2, 1, 1, 2, 0, 0, 0, 2, 3, 0, 0, 2, 2, 0, 0, 2, 2, 3,
       0, 0, 2, 3, 2, 2, 2, 2, 2, 0, 3, 0, 3, 0, 0, 2, 1, 3, 0, 2, 0, 3,
       3, 3, 1, 1, 1, 2, 3, 1, 2, 0, 0, 3, 1, 2, 2, 0, 2, 0, 0, 0, 3, 3,
       2, 0, 2, 3, 2, 2, 2, 3, 2, 1, 1, 1, 0, 0, 0, 3, 3, 2, 2, 0, 3, 0,
       2, 3, 1, 0, 1, 3, 0, 0, 3, 0, 3, 0, 2, 0, 1, 3, 2, 2, 0, 3, 2, 3,
       1, 1, 0, 0, 1, 2, 0, 1, 2, 2], dtype=object)]
[334, array([-58., -29., -29.,   0.]), array([2, 0, 0, 1, 2, 1, 1, 2, 0, 0, 0, 2, 3, 0, 0, 2, 2, 0, 0, 2, 2, 3,
       0, 0, 2, 3, 2, 2, 2, 2, 2, 0, 3, 0, 3, 0, 0, 2, 1, 3, 0, 2, 0, 3,
       3, 3, 1, 1, 1, 2, 3, 1, 2, 0, 0, 3, 1, 2, 2, 0, 2, 0, 0, 0, 3, 3,
       2, 0, 2, 3, 2, 2, 2, 3, 2, 1, 1, 1, 0, 0, 0, 3, 3, 2, 2, 0, 3, 0,
       2, 3, 1, 0, 1, 3, 0, 0, 3, 0, 3, 0, 2, 0, 1, 3, 2, 2, 0, 3, 2, 3,
       1, 1, 0, 0, 1, 2, 0, 1, 2, 2], dtype=object)]
[334, array([-58., -29., -29.,   0.]), array([2, 0, 0, 1, 2, 1, 1, 2, 0, 0, 0, 2, 3, 0, 0, 2, 2, 0, 0, 2, 2, 3,
       0, 0, 2, 3, 2, 2, 2, 2, 2, 0, 3, 0, 3, 0, 0, 2, 1, 3, 0, 2, 0, 3,
       3, 3, 1, 1, 1, 2, 3, 1, 2, 0, 0, 3, 1, 2, 2, 0, 2, 0, 0, 0, 3, 3,
       2, 0, 2, 3, 2, 2, 2, 3, 2, 1, 1, 1, 0, 0, 0, 3, 3, 2, 2, 0, 3, 0,
       2, 3, 1, 0, 1, 3, 0, 0, 3, 0, 3, 0, 2, 0, 1, 3, 2, 2, 0, 3, 2, 3,
       1, 1, 0, 0, 1, 2, 0, 1, 2, 2], dtype=object)]
[335, array([-58., -29., -29.,   0.]), array([2, 2, 1, 1, 2, 1, 1, 2, 0, 0, 0, 2, 1, 0, 0, 2, 2, 0, 0, 2, 2, 3,
       0, 0, 2, 3, 2, 2, 2, 2, 2, 0, 2, 0, 3, 1, 0, 2, 1, 3, 0, 2, 0, 3,
       1, 3, 1, 1, 0, 2, 3, 1, 2, 0, 0, 3, 1, 2, 2, 0, 2, 0, 0, 0, 3, 0,
       2, 3, 2, 3, 2, 2, 1, 3, 2, 1, 0, 1, 0, 0, 0, 3, 0, 2, 2, 3, 3, 0,
       2, 3, 1, 0, 1, 3, 0, 0, 3, 0, 3, 0, 2, 0, 1, 3, 2, 2, 0, 3, 2, 3,
       1, 1, 0, 0, 1, 2, 0, 1, 2, 2], dtype=object)]
[335, array([-58., -29., -29.,   0.]), array([2, 2, 1, 1, 2, 1, 1, 2, 0, 0, 0, 2, 1, 0, 0, 2, 2, 0, 0, 2, 2, 3,
       0, 0, 2, 3, 2, 2, 2, 2, 2, 0, 2, 0, 3, 1, 0, 2, 1, 3, 0, 2, 0, 3,
       1, 3, 1, 1, 0, 2, 3, 1, 2, 0, 0, 3, 1, 2, 2, 0, 2, 0, 0, 0, 3, 0,
       2, 3, 2, 3, 2, 2, 1, 3, 2, 1, 0, 1, 0, 0, 0, 3, 0, 2, 2, 3, 3, 0,
       2, 3, 1, 0, 1, 3, 0, 0, 3, 0, 3, 0, 2, 0, 1, 3, 2, 2, 0, 3, 2, 3,
       1, 1, 0, 0, 1, 2, 0, 1, 2, 2], dtype=object)]
[335, array([-58., -29., -29.,   0.]), array([2, 2, 1, 1, 2, 1, 1, 2, 0, 0, 0, 2, 1, 0, 0, 2, 2, 0, 0, 2, 2, 3,
       0, 0, 2, 3, 2, 2, 2, 2, 2, 0, 2, 0, 3, 1, 0, 2, 1, 3, 0, 2, 0, 3,
       1, 3, 1, 1, 0, 2, 3, 1, 2, 0, 0, 3, 1, 2, 2, 0, 2, 0, 0, 0, 3, 0,
       2, 3, 2, 3, 2, 2, 1, 3, 2, 1, 0, 1, 0, 0, 0, 3, 0, 2, 2, 3, 3, 0,
       2, 3, 1, 0, 1, 3, 0, 0, 3, 0, 3, 0, 2, 0, 1, 3, 2, 2, 0, 3, 2, 3,
       1, 1, 0, 0, 1, 2, 0, 1, 2, 2], dtype=object)]
[335, array([-58., -29., -29.,   0.]), array([2, 2, 1, 1, 2, 1, 1, 2, 0, 0, 0, 2, 1, 0, 0, 2, 2, 0, 0, 2, 2, 3,
       0, 0, 2, 3, 2, 2, 2, 2, 2, 0, 2, 0, 3, 1, 0, 2, 1, 3, 0, 2, 0, 3,
       1, 3, 1, 1, 0, 2, 3, 1, 2, 0, 0, 3, 1, 2, 2, 0, 2, 0, 0, 0, 3, 0,
       2, 3, 2, 3, 2, 2, 1, 3, 2, 1, 0, 1, 0, 0, 0, 3, 0, 2, 2, 3, 3, 0,
       2, 3, 1, 0, 1, 3, 0, 0, 3, 0, 3, 0, 2, 0, 1, 3, 2, 2, 0, 3, 2, 3,
       1, 1, 0, 0, 1, 2, 0, 1, 2, 2], dtype=object)]
[336, array([-58., -29., -29.,   0.]), array([2, 2, 1, 1, 2, 1, 1, 2, 0, 0, 0, 2, 1, 0, 0, 2, 2, 0, 0, 2, 2, 3,
       0, 0, 2, 3, 2, 2, 2, 2, 2, 0, 2, 0, 3, 1, 0, 2, 1, 3, 0, 2, 0, 3,
       1, 3, 1, 1, 0, 2, 3, 1, 2, 1, 0, 3, 1, 2, 2, 0, 2, 0, 0, 0, 3, 0,
       2, 3, 2, 3, 2, 2, 1, 3, 2, 1, 0, 1, 0, 0, 0, 3, 0, 2, 2, 3, 3, 0,
       2, 3, 1, 0, 1, 3, 0, 0, 3, 0, 3, 0, 2, 0, 1, 3, 2, 2, 0, 3, 2, 3,
       1, 1, 0, 0, 1, 2, 0, 1, 2, 2], dtype=object)]
[336, array([-58., -29., -29.,   0.]), array([2, 2, 1, 1, 2, 1, 1, 2, 0, 0, 0, 2, 1, 0, 0, 2, 2, 0, 0, 2, 2, 3,
       0, 0, 2, 3, 2, 2, 2, 2, 2, 0, 2, 0, 3, 1, 0, 2, 1, 3, 0, 2, 0, 3,
       1, 3, 1, 1, 0, 2, 3, 1, 2, 1, 0, 3, 1, 2, 2, 0, 2, 0, 0, 0, 3, 0,
       2, 3, 2, 3, 2, 2, 1, 3, 2, 1, 0, 1, 0, 0, 0, 3, 0, 2, 2, 3, 3, 0,
       2, 3, 1, 0, 1, 3, 0, 0, 3, 0, 3, 0, 2, 0, 1, 3, 2, 2, 0, 3, 2, 3,
       1, 1, 0, 0, 1, 2, 0, 1, 2, 2], dtype=object)]
[336, array([-58., -29., -29.,   0.]), array([2, 2, 1, 1, 2, 1, 1, 2, 0, 0, 0, 2, 1, 0, 0, 2, 2, 0, 0, 2, 2, 3,
       0, 0, 2, 3, 2, 2, 2, 2, 2, 0, 2, 0, 3, 1, 0, 2, 1, 3, 0, 2, 0, 3,
       1, 3, 1, 1, 0, 2, 3, 1, 2, 1, 0, 3, 1, 2, 2, 0, 2, 0, 0, 0, 3, 0,
       2, 3, 2, 3, 2, 2, 1, 3, 2, 1, 0, 1, 0, 0, 0, 3, 0, 2, 2, 3, 3, 0,
       2, 3, 1, 0, 1, 3, 0, 0, 3, 0, 3, 0, 2, 0, 1, 3, 2, 2, 0, 3, 2, 3,
       1, 1, 0, 0, 1, 2, 0, 1, 2, 2], dtype=object)]
[336, array([-58., -29., -29.,   0.]), array([2, 2, 1, 1, 2, 1, 1, 2, 0, 0, 0, 2, 1, 0, 0, 2, 2, 0, 0, 2, 2, 3,
       0, 0, 2, 3, 2, 2, 2, 2, 2, 0, 2, 0, 3, 1, 0, 2, 1, 3, 0, 2, 0, 3,
       1, 3, 1, 1, 0, 2, 3, 1, 2, 1, 0, 3, 1, 2, 2, 0, 2, 0, 0, 0, 3, 0,
       2, 3, 2, 3, 2, 2, 1, 3, 2, 1, 0, 1, 0, 0, 0, 3, 0, 2, 2, 3, 3, 0,
       2, 3, 1, 0, 1, 3, 0, 0, 3, 0, 3, 0, 2, 0, 1, 3, 2, 2, 0, 3, 2, 3,
       1, 1, 0, 0, 1, 2, 0, 1, 2, 2], dtype=object)]
[337, array([-58., -29., -29.,   0.]), array([2, 1, 0, 1, 2, 1, 1, 2, 0, 0, 0, 2, 1, 0, 0, 2, 2, 3, 0, 2, 2, 2,
       0, 0, 1, 2, 2, 2, 2, 2, 2, 0, 2, 0, 3, 1, 0, 2, 1, 3, 0, 2, 0, 3,
       1, 3, 1, 1, 0, 2, 3, 1, 2, 0, 0, 3, 1, 2, 2, 0, 2, 0, 0, 0, 3, 0,
       2, 3, 2, 3, 2, 2, 2, 3, 2, 1, 0, 1, 0, 0, 0, 3, 0, 2, 2, 3, 3, 3,
       2, 3, 1, 0, 1, 3, 1, 1, 3, 0, 3, 0, 2, 0, 1, 3, 2, 2, 0, 3, 2, 2,
       1, 1, 1, 2, 1, 2, 0, 1, 2, 2], dtype=object)]
[337, array([-58., -29., -29.,   0.]), array([2, 1, 0, 1, 2, 1, 1, 2, 0, 0, 0, 2, 1, 0, 0, 2, 2, 3, 0, 2, 2, 2,
       0, 0, 1, 2, 2, 2, 2, 2, 2, 0, 2, 0, 3, 1, 0, 2, 1, 3, 0, 2, 0, 3,
       1, 3, 1, 1, 0, 2, 3, 1, 2, 0, 0, 3, 1, 2, 2, 0, 2, 0, 0, 0, 3, 0,
       2, 3, 2, 3, 2, 2, 2, 3, 2, 1, 0, 1, 0, 0, 0, 3, 0, 2, 2, 3, 3, 3,
       2, 3, 1, 0, 1, 3, 1, 1, 3, 0, 3, 0, 2, 0, 1, 3, 2, 2, 0, 3, 2, 2,
       1, 1, 1, 2, 1, 2, 0, 1, 2, 2], dtype=object)]
[337, array([-58., -29., -29.,   0.]), array([2, 1, 0, 1, 2, 1, 1, 2, 0, 0, 0, 2, 1, 0, 0, 2, 2, 3, 0, 2, 2, 2,
       0, 0, 1, 2, 2, 2, 2, 2, 2, 0, 2, 0, 3, 1, 0, 2, 1, 3, 0, 2, 0, 3,
       1, 3, 1, 1, 0, 2, 3, 1, 2, 0, 0, 3, 1, 2, 2, 0, 2, 0, 0, 0, 3, 0,
       2, 3, 2, 3, 2, 2, 2, 3, 2, 1, 0, 1, 0, 0, 0, 3, 0, 2, 2, 3, 3, 3,
       2, 3, 1, 0, 1, 3, 1, 1, 3, 0, 3, 0, 2, 0, 1, 3, 2, 2, 0, 3, 2, 2,
       1, 1, 1, 2, 1, 2, 0, 1, 2, 2], dtype=object)]
[337, array([-58., -29., -29.,   0.]), array([2, 1, 0, 1, 2, 1, 1, 2, 0, 0, 0, 2, 1, 0, 0, 2, 2, 3, 0, 2, 2, 2,
       0, 0, 1, 2, 2, 2, 2, 2, 2, 0, 2, 0, 3, 1, 0, 2, 1, 3, 0, 2, 0, 3,
       1, 3, 1, 1, 0, 2, 3, 1, 2, 0, 0, 3, 1, 2, 2, 0, 2, 0, 0, 0, 3, 0,
       2, 3, 2, 3, 2, 2, 2, 3, 2, 1, 0, 1, 0, 0, 0, 3, 0, 2, 2, 3, 3, 3,
       2, 3, 1, 0, 1, 3, 1, 1, 3, 0, 3, 0, 2, 0, 1, 3, 2, 2, 0, 3, 2, 2,
       1, 1, 1, 2, 1, 2, 0, 1, 2, 2], dtype=object)]
[338, array([-58., -29., -29.,   0.]), array([2, 1, 0, 1, 2, 1, 1, 2, 0, 0, 0, 2, 1, 0, 0, 1, 2, 3, 0, 2, 2, 0,
       0, 0, 2, 3, 2, 2, 2, 2, 2, 0, 3, 0, 3, 1, 1, 2, 1, 3, 0, 2, 0, 3,
       3, 3, 1, 1, 1, 2, 3, 1, 2, 0, 0, 3, 1, 2, 2, 0, 2, 2, 0, 0, 3, 3,
       2, 3, 2, 3, 2, 3, 2, 3, 2, 1, 0, 1, 0, 0, 0, 3, 0, 2, 2, 3, 3, 0,
       2, 3, 2, 0, 1, 3, 1, 1, 3, 0, 3, 0, 2, 0, 3, 3, 2, 2, 0, 3, 2, 3,
       1, 1, 0, 2, 1, 2, 0, 1, 2, 2], dtype=object)]
[338, array([-58., -29., -29.,   0.]), array([2, 1, 0, 1, 2, 1, 1, 2, 0, 0, 0, 2, 1, 0, 0, 1, 2, 3, 0, 2, 2, 0,
       0, 0, 2, 3, 2, 2, 2, 2, 2, 0, 3, 0, 3, 1, 1, 2, 1, 3, 0, 2, 0, 3,
       3, 3, 1, 1, 1, 2, 3, 1, 2, 0, 0, 3, 1, 2, 2, 0, 2, 2, 0, 0, 3, 3,
       2, 3, 2, 3, 2, 3, 2, 3, 2, 1, 0, 1, 0, 0, 0, 3, 0, 2, 2, 3, 3, 0,
       2, 3, 2, 0, 1, 3, 1, 1, 3, 0, 3, 0, 2, 0, 3, 3, 2, 2, 0, 3, 2, 3,
       1, 1, 0, 2, 1, 2, 0, 1, 2, 2], dtype=object)]
[338, array([-58., -29., -29.,   0.]), array([2, 1, 0, 1, 2, 1, 1, 2, 0, 0, 0, 2, 1, 0, 0, 1, 2, 3, 0, 2, 2, 0,
       0, 0, 2, 3, 2, 2, 2, 2, 2, 0, 3, 0, 3, 1, 1, 2, 1, 3, 0, 2, 0, 3,
       3, 3, 1, 1, 1, 2, 3, 1, 2, 0, 0, 3, 1, 2, 2, 0, 2, 2, 0, 0, 3, 3,
       2, 3, 2, 3, 2, 3, 2, 3, 2, 1, 0, 1, 0, 0, 0, 3, 0, 2, 2, 3, 3, 0,
       2, 3, 2, 0, 1, 3, 1, 1, 3, 0, 3, 0, 2, 0, 3, 3, 2, 2, 0, 3, 2, 3,
       1, 1, 0, 2, 1, 2, 0, 1, 2, 2], dtype=object)]
[338, array([-58., -29., -29.,   0.]), array([2, 1, 0, 1, 2, 1, 1, 2, 0, 0, 0, 2, 1, 0, 0, 1, 2, 3, 0, 2, 2, 0,
       0, 0, 2, 3, 2, 2, 2, 2, 2, 0, 3, 0, 3, 1, 1, 2, 1, 3, 0, 2, 0, 3,
       3, 3, 1, 1, 1, 2, 3, 1, 2, 0, 0, 3, 1, 2, 2, 0, 2, 2, 0, 0, 3, 3,
       2, 3, 2, 3, 2, 3, 2, 3, 2, 1, 0, 1, 0, 0, 0, 3, 0, 2, 2, 3, 3, 0,
       2, 3, 2, 0, 1, 3, 1, 1, 3, 0, 3, 0, 2, 0, 3, 3, 2, 2, 0, 3, 2, 3,
       1, 1, 0, 2, 1, 2, 0, 1, 2, 2], dtype=object)]
[339, array([-58., -29., -29.,   0.]), array([2, 2, 3, 2, 2, 1, 1, 2, 0, 0, 0, 2, 1, 0, 0, 2, 2, 3, 0, 2, 2, 2,
       0, 0, 1, 2, 2, 2, 2, 2, 2, 0, 2, 0, 3, 3, 0, 2, 1, 3, 0, 2, 0, 3,
       1, 3, 1, 1, 0, 2, 3, 1, 2, 0, 0, 3, 1, 2, 2, 0, 2, 0, 0, 0, 3, 0,
       2, 3, 2, 3, 2, 2, 2, 3, 2, 1, 0, 1, 0, 0, 0, 3, 0, 2, 2, 0, 3, 0,
       2, 3, 1, 0, 1, 3, 1, 0, 3, 0, 3, 0, 2, 0, 3, 3, 2, 2, 0, 3, 2, 3,
       1, 1, 0, 0, 1, 2, 0, 1, 2, 2], dtype=object)]
[339, array([-58., -29., -29.,   0.]), array([2, 2, 3, 2, 2, 1, 1, 2, 0, 0, 0, 2, 1, 0, 0, 2, 2, 3, 0, 2, 2, 2,
       0, 0, 1, 2, 2, 2, 2, 2, 2, 0, 2, 0, 3, 3, 0, 2, 1, 3, 0, 2, 0, 3,
       1, 3, 1, 1, 0, 2, 3, 1, 2, 0, 0, 3, 1, 2, 2, 0, 2, 0, 0, 0, 3, 0,
       2, 3, 2, 3, 2, 2, 2, 3, 2, 1, 0, 1, 0, 0, 0, 3, 0, 2, 2, 0, 3, 0,
       2, 3, 1, 0, 1, 3, 1, 0, 3, 0, 3, 0, 2, 0, 3, 3, 2, 2, 0, 3, 2, 3,
       1, 1, 0, 0, 1, 2, 0, 1, 2, 2], dtype=object)]
[339, array([-58., -29., -29.,   0.]), array([2, 2, 3, 2, 2, 1, 1, 2, 0, 0, 0, 2, 1, 0, 0, 2, 2, 3, 0, 2, 2, 2,
       0, 0, 1, 2, 2, 2, 2, 2, 2, 0, 2, 0, 3, 3, 0, 2, 1, 3, 0, 2, 0, 3,
       1, 3, 1, 1, 0, 2, 3, 1, 2, 0, 0, 3, 1, 2, 2, 0, 2, 0, 0, 0, 3, 0,
       2, 3, 2, 3, 2, 2, 2, 3, 2, 1, 0, 1, 0, 0, 0, 3, 0, 2, 2, 0, 3, 0,
       2, 3, 1, 0, 1, 3, 1, 0, 3, 0, 3, 0, 2, 0, 3, 3, 2, 2, 0, 3, 2, 3,
       1, 1, 0, 0, 1, 2, 0, 1, 2, 2], dtype=object)]
[339, array([-58., -29., -29.,   0.]), array([2, 2, 3, 2, 2, 1, 1, 2, 0, 0, 0, 2, 1, 0, 0, 2, 2, 3, 0, 2, 2, 2,
       0, 0, 1, 2, 2, 2, 2, 2, 2, 0, 2, 0, 3, 3, 0, 2, 1, 3, 0, 2, 0, 3,
       1, 3, 1, 1, 0, 2, 3, 1, 2, 0, 0, 3, 1, 2, 2, 0, 2, 0, 0, 0, 3, 0,
       2, 3, 2, 3, 2, 2, 2, 3, 2, 1, 0, 1, 0, 0, 0, 3, 0, 2, 2, 0, 3, 0,
       2, 3, 1, 0, 1, 3, 1, 0, 3, 0, 3, 0, 2, 0, 3, 3, 2, 2, 0, 3, 2, 3,
       1, 1, 0, 0, 1, 2, 0, 1, 2, 2], dtype=object)]
[340, array([-58., -29., -29.,   0.]), array([2, 2, 3, 2, 2, 1, 1, 2, 0, 0, 0, 2, 1, 0, 0, 2, 2, 3, 0, 2, 2, 2,
       0, 0, 1, 2, 2, 2, 2, 2, 2, 0, 2, 0, 3, 1, 0, 2, 1, 3, 0, 2, 0, 3,
       1, 3, 1, 1, 0, 2, 3, 1, 2, 0, 0, 3, 1, 2, 2, 0, 2, 0, 0, 0, 3, 0,
       2, 3, 2, 3, 2, 2, 2, 3, 2, 1, 0, 1, 0, 0, 0, 3, 0, 2, 2, 0, 3, 0,
       2, 3, 1, 0, 1, 0, 1, 0, 3, 0, 3, 0, 2, 0, 2, 3, 2, 2, 0, 3, 2, 3,
       1, 1, 0, 0, 0, 2, 0, 1, 2, 2], dtype=object)]
[340, array([-58., -29., -29.,   0.]), array([2, 2, 3, 2, 2, 1, 1, 2, 0, 0, 0, 2, 1, 0, 0, 2, 2, 3, 0, 2, 2, 2,
       0, 0, 1, 2, 2, 2, 2, 2, 2, 0, 2, 0, 3, 1, 0, 2, 1, 3, 0, 2, 0, 3,
       1, 3, 1, 1, 0, 2, 3, 1, 2, 0, 0, 3, 1, 2, 2, 0, 2, 0, 0, 0, 3, 0,
       2, 3, 2, 3, 2, 2, 2, 3, 2, 1, 0, 1, 0, 0, 0, 3, 0, 2, 2, 0, 3, 0,
       2, 3, 1, 0, 1, 0, 1, 0, 3, 0, 3, 0, 2, 0, 2, 3, 2, 2, 0, 3, 2, 3,
       1, 1, 0, 0, 0, 2, 0, 1, 2, 2], dtype=object)]
[340, array([-58., -29., -29.,   0.]), array([2, 2, 3, 2, 2, 1, 1, 2, 0, 0, 0, 2, 1, 0, 0, 2, 2, 3, 0, 2, 2, 2,
       0, 0, 1, 2, 2, 2, 2, 2, 2, 0, 2, 0, 3, 1, 0, 2, 1, 3, 0, 2, 0, 3,
       1, 3, 1, 1, 0, 2, 3, 1, 2, 0, 0, 3, 1, 2, 2, 0, 2, 0, 0, 0, 3, 0,
       2, 3, 2, 3, 2, 2, 2, 3, 2, 1, 0, 1, 0, 0, 0, 3, 0, 2, 2, 0, 3, 0,
       2, 3, 1, 0, 1, 0, 1, 0, 3, 0, 3, 0, 2, 0, 2, 3, 2, 2, 0, 3, 2, 3,
       1, 1, 0, 0, 0, 2, 0, 1, 2, 2], dtype=object)]
[340, array([-58., -29., -29.,   0.]), array([2, 2, 3, 2, 2, 1, 1, 2, 0, 0, 0, 2, 1, 0, 0, 2, 2, 3, 0, 2, 2, 2,
       0, 0, 1, 2, 2, 2, 2, 2, 2, 0, 2, 0, 3, 1, 0, 2, 1, 3, 0, 2, 0, 3,
       1, 3, 1, 1, 0, 2, 3, 1, 2, 0, 0, 3, 1, 2, 2, 0, 2, 0, 0, 0, 3, 0,
       2, 3, 2, 3, 2, 2, 2, 3, 2, 1, 0, 1, 0, 0, 0, 3, 0, 2, 2, 0, 3, 0,
       2, 3, 1, 0, 1, 0, 1, 0, 3, 0, 3, 0, 2, 0, 2, 3, 2, 2, 0, 3, 2, 3,
       1, 1, 0, 0, 0, 2, 0, 1, 2, 2], dtype=object)]
[341, array([-58., -29., -29.,   0.]), array([2, 2, 3, 2, 2, 1, 1, 2, 0, 0, 0, 2, 1, 0, 0, 2, 2, 0, 0, 2, 2, 3,
       0, 0, 2, 3, 2, 2, 2, 2, 1, 0, 1, 0, 3, 1, 0, 2, 1, 3, 0, 2, 0, 3,
       1, 3, 1, 1, 0, 2, 3, 1, 2, 0, 0, 3, 1, 2, 2, 0, 2, 0, 0, 0, 3, 3,
       2, 0, 2, 3, 2, 2, 2, 3, 2, 1, 0, 1, 0, 0, 0, 3, 0, 2, 2, 0, 3, 0,
       2, 3, 1, 0, 1, 3, 0, 0, 3, 0, 3, 0, 2, 0, 1, 3, 2, 2, 0, 3, 2, 3,
       1, 1, 0, 0, 1, 2, 0, 1, 2, 2], dtype=object)]
[341, array([-58., -29., -29.,   0.]), array([2, 2, 3, 2, 2, 1, 1, 2, 0, 0, 0, 2, 1, 0, 0, 2, 2, 0, 0, 2, 2, 3,
       0, 0, 2, 3, 2, 2, 2, 2, 1, 0, 1, 0, 3, 1, 0, 2, 1, 3, 0, 2, 0, 3,
       1, 3, 1, 1, 0, 2, 3, 1, 2, 0, 0, 3, 1, 2, 2, 0, 2, 0, 0, 0, 3, 3,
       2, 0, 2, 3, 2, 2, 2, 3, 2, 1, 0, 1, 0, 0, 0, 3, 0, 2, 2, 0, 3, 0,
       2, 3, 1, 0, 1, 3, 0, 0, 3, 0, 3, 0, 2, 0, 1, 3, 2, 2, 0, 3, 2, 3,
       1, 1, 0, 0, 1, 2, 0, 1, 2, 2], dtype=object)]
[341, array([-58., -29., -29.,   0.]), array([2, 2, 3, 2, 2, 1, 1, 2, 0, 0, 0, 2, 1, 0, 0, 2, 2, 0, 0, 2, 2, 3,
       0, 0, 2, 3, 2, 2, 2, 2, 1, 0, 1, 0, 3, 1, 0, 2, 1, 3, 0, 2, 0, 3,
       1, 3, 1, 1, 0, 2, 3, 1, 2, 0, 0, 3, 1, 2, 2, 0, 2, 0, 0, 0, 3, 3,
       2, 0, 2, 3, 2, 2, 2, 3, 2, 1, 0, 1, 0, 0, 0, 3, 0, 2, 2, 0, 3, 0,
       2, 3, 1, 0, 1, 3, 0, 0, 3, 0, 3, 0, 2, 0, 1, 3, 2, 2, 0, 3, 2, 3,
       1, 1, 0, 0, 1, 2, 0, 1, 2, 2], dtype=object)]
[341, array([-58., -29., -29.,   0.]), array([2, 2, 3, 2, 2, 1, 1, 2, 0, 0, 0, 2, 1, 0, 0, 2, 2, 0, 0, 2, 2, 3,
       0, 0, 2, 3, 2, 2, 2, 2, 1, 0, 1, 0, 3, 1, 0, 2, 1, 3, 0, 2, 0, 3,
       1, 3, 1, 1, 0, 2, 3, 1, 2, 0, 0, 3, 1, 2, 2, 0, 2, 0, 0, 0, 3, 3,
       2, 0, 2, 3, 2, 2, 2, 3, 2, 1, 0, 1, 0, 0, 0, 3, 0, 2, 2, 0, 3, 0,
       2, 3, 1, 0, 1, 3, 0, 0, 3, 0, 3, 0, 2, 0, 1, 3, 2, 2, 0, 3, 2, 3,
       1, 1, 0, 0, 1, 2, 0, 1, 2, 2], dtype=object)]
[342, array([-58., -29., -29.,   0.]), array([2, 2, 3, 2, 2, 1, 1, 2, 0, 0, 0, 2, 1, 0, 0, 2, 2, 0, 0, 2, 2, 3,
       0, 0, 2, 3, 2, 2, 2, 2, 1, 0, 1, 0, 3, 1, 0, 2, 1, 3, 0, 2, 0, 3,
       1, 3, 1, 1, 0, 2, 3, 1, 2, 0, 0, 3, 1, 2, 2, 0, 2, 0, 0, 0, 3, 3,
       2, 0, 2, 3, 2, 2, 2, 3, 2, 1, 0, 1, 0, 0, 0, 3, 0, 2, 2, 0, 3, 0,
       2, 3, 1, 0, 1, 3, 0, 0, 3, 0, 3, 0, 2, 0, 1, 3, 2, 2, 0, 3, 2, 3,
       1, 1, 0, 0, 1, 2, 0, 1, 2, 2], dtype=object)]
[342, array([-58., -29., -29.,   0.]), array([2, 2, 3, 2, 2, 1, 1, 2, 0, 0, 0, 2, 1, 0, 0, 2, 2, 0, 0, 2, 2, 3,
       0, 0, 2, 3, 2, 2, 2, 2, 1, 0, 1, 0, 3, 1, 0, 2, 1, 3, 0, 2, 0, 3,
       1, 3, 1, 1, 0, 2, 3, 1, 2, 0, 0, 3, 1, 2, 2, 0, 2, 0, 0, 0, 3, 3,
       2, 0, 2, 3, 2, 2, 2, 3, 2, 1, 0, 1, 0, 0, 0, 3, 0, 2, 2, 0, 3, 0,
       2, 3, 1, 0, 1, 3, 0, 0, 3, 0, 3, 0, 2, 0, 1, 3, 2, 2, 0, 3, 2, 3,
       1, 1, 0, 0, 1, 2, 0, 1, 2, 2], dtype=object)]
[342, array([-58., -29., -29.,   0.]), array([2, 2, 3, 2, 2, 1, 1, 2, 0, 0, 0, 2, 1, 0, 0, 2, 2, 0, 0, 2, 2, 3,
       0, 0, 2, 3, 2, 2, 2, 2, 1, 0, 1, 0, 3, 1, 0, 2, 1, 3, 0, 2, 0, 3,
       1, 3, 1, 1, 0, 2, 3, 1, 2, 0, 0, 3, 1, 2, 2, 0, 2, 0, 0, 0, 3, 3,
       2, 0, 2, 3, 2, 2, 2, 3, 2, 1, 0, 1, 0, 0, 0, 3, 0, 2, 2, 0, 3, 0,
       2, 3, 1, 0, 1, 3, 0, 0, 3, 0, 3, 0, 2, 0, 1, 3, 2, 2, 0, 3, 2, 3,
       1, 1, 0, 0, 1, 2, 0, 1, 2, 2], dtype=object)]
[342, array([-58., -29., -29.,   0.]), array([2, 2, 3, 2, 2, 1, 1, 2, 0, 0, 0, 2, 1, 0, 0, 2, 2, 0, 0, 2, 2, 3,
       0, 0, 2, 3, 2, 2, 2, 2, 1, 0, 1, 0, 3, 1, 0, 2, 1, 3, 0, 2, 0, 3,
       1, 3, 1, 1, 0, 2, 3, 1, 2, 0, 0, 3, 1, 2, 2, 0, 2, 0, 0, 0, 3, 3,
       2, 0, 2, 3, 2, 2, 2, 3, 2, 1, 0, 1, 0, 0, 0, 3, 0, 2, 2, 0, 3, 0,
       2, 3, 1, 0, 1, 3, 0, 0, 3, 0, 3, 0, 2, 0, 1, 3, 2, 2, 0, 3, 2, 3,
       1, 1, 0, 0, 1, 2, 0, 1, 2, 2], dtype=object)]
[343, array([-58., -29., -29.,   0.]), array([2, 2, 3, 2, 2, 1, 1, 2, 0, 0, 0, 2, 1, 0, 0, 2, 2, 0, 0, 2, 2, 3,
       0, 0, 2, 3, 1, 2, 2, 2, 2, 0, 3, 0, 3, 1, 1, 2, 1, 3, 0, 2, 0, 3,
       1, 3, 1, 1, 1, 2, 3, 1, 2, 0, 0, 3, 1, 2, 2, 0, 2, 1, 0, 0, 3, 3,
       2, 3, 2, 3, 2, 2, 2, 3, 2, 1, 0, 1, 0, 0, 0, 3, 0, 2, 2, 0, 3, 0,
       2, 3, 1, 0, 1, 3, 0, 0, 3, 0, 3, 0, 2, 0, 1, 3, 2, 2, 0, 3, 2, 3,
       1, 1, 0, 0, 1, 2, 0, 1, 2, 2], dtype=object)]
[343, array([-58., -29., -29.,   0.]), array([2, 2, 3, 2, 2, 1, 1, 2, 0, 0, 0, 2, 1, 0, 0, 2, 2, 0, 0, 2, 2, 3,
       0, 0, 2, 3, 1, 2, 2, 2, 2, 0, 3, 0, 3, 1, 1, 2, 1, 3, 0, 2, 0, 3,
       1, 3, 1, 1, 1, 2, 3, 1, 2, 0, 0, 3, 1, 2, 2, 0, 2, 1, 0, 0, 3, 3,
       2, 3, 2, 3, 2, 2, 2, 3, 2, 1, 0, 1, 0, 0, 0, 3, 0, 2, 2, 0, 3, 0,
       2, 3, 1, 0, 1, 3, 0, 0, 3, 0, 3, 0, 2, 0, 1, 3, 2, 2, 0, 3, 2, 3,
       1, 1, 0, 0, 1, 2, 0, 1, 2, 2], dtype=object)]
[343, array([-58., -29., -29.,   0.]), array([2, 2, 3, 2, 2, 1, 1, 2, 0, 0, 0, 2, 1, 0, 0, 2, 2, 0, 0, 2, 2, 3,
       0, 0, 2, 3, 1, 2, 2, 2, 2, 0, 3, 0, 3, 1, 1, 2, 1, 3, 0, 2, 0, 3,
       1, 3, 1, 1, 1, 2, 3, 1, 2, 0, 0, 3, 1, 2, 2, 0, 2, 1, 0, 0, 3, 3,
       2, 3, 2, 3, 2, 2, 2, 3, 2, 1, 0, 1, 0, 0, 0, 3, 0, 2, 2, 0, 3, 0,
       2, 3, 1, 0, 1, 3, 0, 0, 3, 0, 3, 0, 2, 0, 1, 3, 2, 2, 0, 3, 2, 3,
       1, 1, 0, 0, 1, 2, 0, 1, 2, 2], dtype=object)]
[343, array([-58., -29., -29.,   0.]), array([2, 2, 3, 2, 2, 1, 1, 2, 0, 0, 0, 2, 1, 0, 0, 2, 2, 0, 0, 2, 2, 3,
       0, 0, 2, 3, 1, 2, 2, 2, 2, 0, 3, 0, 3, 1, 1, 2, 1, 3, 0, 2, 0, 3,
       1, 3, 1, 1, 1, 2, 3, 1, 2, 0, 0, 3, 1, 2, 2, 0, 2, 1, 0, 0, 3, 3,
       2, 3, 2, 3, 2, 2, 2, 3, 2, 1, 0, 1, 0, 0, 0, 3, 0, 2, 2, 0, 3, 0,
       2, 3, 1, 0, 1, 3, 0, 0, 3, 0, 3, 0, 2, 0, 1, 3, 2, 2, 0, 3, 2, 3,
       1, 1, 0, 0, 1, 2, 0, 1, 2, 2], dtype=object)]
[344, array([-58., -29., -29.,   0.]), array([2, 1, 0, 1, 2, 1, 1, 2, 0, 0, 0, 2, 1, 0, 0, 2, 2, 2, 0, 2, 2, 3,
       0, 0, 2, 3, 2, 2, 2, 2, 2, 0, 3, 0, 3, 1, 1, 2, 0, 3, 0, 2, 0, 3,
       1, 3, 1, 1, 0, 2, 3, 1, 2, 0, 0, 3, 1, 2, 2, 0, 2, 0, 0, 0, 3, 3,
       2, 0, 2, 3, 2, 2, 3, 3, 2, 1, 0, 1, 0, 0, 0, 3, 0, 2, 2, 0, 3, 3,
       2, 3, 1, 0, 3, 3, 2, 0, 3, 0, 3, 0, 2, 0, 1, 3, 2, 2, 0, 3, 2, 3,
       1, 1, 0, 0, 1, 0, 0, 1, 2, 2], dtype=object)]
[344, array([-58., -29., -29.,   0.]), array([2, 1, 0, 1, 2, 1, 1, 2, 0, 0, 0, 2, 1, 0, 0, 2, 2, 2, 0, 2, 2, 3,
       0, 0, 2, 3, 2, 2, 2, 2, 2, 0, 3, 0, 3, 1, 1, 2, 0, 3, 0, 2, 0, 3,
       1, 3, 1, 1, 0, 2, 3, 1, 2, 0, 0, 3, 1, 2, 2, 0, 2, 0, 0, 0, 3, 3,
       2, 0, 2, 3, 2, 2, 3, 3, 2, 1, 0, 1, 0, 0, 0, 3, 0, 2, 2, 0, 3, 3,
       2, 3, 1, 0, 3, 3, 2, 0, 3, 0, 3, 0, 2, 0, 1, 3, 2, 2, 0, 3, 2, 3,
       1, 1, 0, 0, 1, 0, 0, 1, 2, 2], dtype=object)]
[344, array([-58., -29., -29.,   0.]), array([2, 1, 0, 1, 2, 1, 1, 2, 0, 0, 0, 2, 1, 0, 0, 2, 2, 2, 0, 2, 2, 3,
       0, 0, 2, 3, 2, 2, 2, 2, 2, 0, 3, 0, 3, 1, 1, 2, 0, 3, 0, 2, 0, 3,
       1, 3, 1, 1, 0, 2, 3, 1, 2, 0, 0, 3, 1, 2, 2, 0, 2, 0, 0, 0, 3, 3,
       2, 0, 2, 3, 2, 2, 3, 3, 2, 1, 0, 1, 0, 0, 0, 3, 0, 2, 2, 0, 3, 3,
       2, 3, 1, 0, 3, 3, 2, 0, 3, 0, 3, 0, 2, 0, 1, 3, 2, 2, 0, 3, 2, 3,
       1, 1, 0, 0, 1, 0, 0, 1, 2, 2], dtype=object)]
[344, array([-58., -29., -29.,   0.]), array([2, 1, 0, 1, 2, 1, 1, 2, 0, 0, 0, 2, 1, 0, 0, 2, 2, 2, 0, 2, 2, 3,
       0, 0, 2, 3, 2, 2, 2, 2, 2, 0, 3, 0, 3, 1, 1, 2, 0, 3, 0, 2, 0, 3,
       1, 3, 1, 1, 0, 2, 3, 1, 2, 0, 0, 3, 1, 2, 2, 0, 2, 0, 0, 0, 3, 3,
       2, 0, 2, 3, 2, 2, 3, 3, 2, 1, 0, 1, 0, 0, 0, 3, 0, 2, 2, 0, 3, 3,
       2, 3, 1, 0, 3, 3, 2, 0, 3, 0, 3, 0, 2, 0, 1, 3, 2, 2, 0, 3, 2, 3,
       1, 1, 0, 0, 1, 0, 0, 1, 2, 2], dtype=object)]
[345, array([-58., -29., -29.,   0.]), array([2, 1, 0, 1, 2, 3, 1, 2, 0, 0, 0, 2, 1, 0, 0, 2, 2, 3, 0, 2, 2, 0,
       0, 0, 2, 3, 2, 2, 2, 2, 2, 0, 2, 0, 3, 3, 0, 2, 1, 3, 0, 2, 0, 3,
       1, 3, 1, 1, 0, 2, 3, 1, 2, 0, 0, 3, 1, 2, 2, 0, 2, 0, 0, 0, 3, 0,
       2, 3, 2, 3, 2, 2, 2, 3, 2, 1, 0, 1, 0, 0, 0, 3, 0, 2, 2, 0, 3, 0,
       2, 3, 1, 0, 1, 3, 0, 0, 3, 0, 3, 0, 2, 0, 1, 3, 2, 2, 0, 3, 2, 3,
       1, 1, 0, 0, 1, 2, 0, 1, 2, 2], dtype=object)]
[345, array([-58., -29., -29.,   0.]), array([2, 1, 0, 1, 2, 3, 1, 2, 0, 0, 0, 2, 1, 0, 0, 2, 2, 3, 0, 2, 2, 0,
       0, 0, 2, 3, 2, 2, 2, 2, 2, 0, 2, 0, 3, 3, 0, 2, 1, 3, 0, 2, 0, 3,
       1, 3, 1, 1, 0, 2, 3, 1, 2, 0, 0, 3, 1, 2, 2, 0, 2, 0, 0, 0, 3, 0,
       2, 3, 2, 3, 2, 2, 2, 3, 2, 1, 0, 1, 0, 0, 0, 3, 0, 2, 2, 0, 3, 0,
       2, 3, 1, 0, 1, 3, 0, 0, 3, 0, 3, 0, 2, 0, 1, 3, 2, 2, 0, 3, 2, 3,
       1, 1, 0, 0, 1, 2, 0, 1, 2, 2], dtype=object)]
[345, array([-58., -29., -29.,   0.]), array([2, 1, 0, 1, 2, 3, 1, 2, 0, 0, 0, 2, 1, 0, 0, 2, 2, 3, 0, 2, 2, 0,
       0, 0, 2, 3, 2, 2, 2, 2, 2, 0, 2, 0, 3, 3, 0, 2, 1, 3, 0, 2, 0, 3,
       1, 3, 1, 1, 0, 2, 3, 1, 2, 0, 0, 3, 1, 2, 2, 0, 2, 0, 0, 0, 3, 0,
       2, 3, 2, 3, 2, 2, 2, 3, 2, 1, 0, 1, 0, 0, 0, 3, 0, 2, 2, 0, 3, 0,
       2, 3, 1, 0, 1, 3, 0, 0, 3, 0, 3, 0, 2, 0, 1, 3, 2, 2, 0, 3, 2, 3,
       1, 1, 0, 0, 1, 2, 0, 1, 2, 2], dtype=object)]
[345, array([-58., -29., -29.,   0.]), array([2, 1, 0, 1, 2, 3, 1, 2, 0, 0, 0, 2, 1, 0, 0, 2, 2, 3, 0, 2, 2, 0,
       0, 0, 2, 3, 2, 2, 2, 2, 2, 0, 2, 0, 3, 3, 0, 2, 1, 3, 0, 2, 0, 3,
       1, 3, 1, 1, 0, 2, 3, 1, 2, 0, 0, 3, 1, 2, 2, 0, 2, 0, 0, 0, 3, 0,
       2, 3, 2, 3, 2, 2, 2, 3, 2, 1, 0, 1, 0, 0, 0, 3, 0, 2, 2, 0, 3, 0,
       2, 3, 1, 0, 1, 3, 0, 0, 3, 0, 3, 0, 2, 0, 1, 3, 2, 2, 0, 3, 2, 3,
       1, 1, 0, 0, 1, 2, 0, 1, 2, 2], dtype=object)]
[346, array([-58., -29., -29.,   0.]), array([2, 2, 3, 2, 2, 1, 1, 2, 0, 0, 0, 2, 1, 0, 0, 2, 2, 0, 0, 2, 2, 3,
       0, 0, 2, 3, 2, 2, 2, 2, 2, 0, 3, 0, 3, 1, 1, 2, 1, 3, 0, 2, 0, 3,
       1, 3, 1, 1, 0, 2, 3, 1, 2, 0, 0, 3, 1, 2, 2, 0, 2, 0, 0, 0, 3, 3,
       2, 0, 2, 3, 2, 2, 2, 3, 2, 1, 0, 1, 0, 0, 0, 3, 0, 2, 2, 0, 3, 0,
       2, 3, 1, 0, 1, 3, 0, 0, 3, 0, 3, 0, 2, 0, 1, 3, 2, 2, 0, 3, 2, 3,
       1, 1, 0, 0, 1, 2, 0, 1, 2, 2], dtype=object)]
[346, array([-58., -29., -29.,   0.]), array([2, 2, 3, 2, 2, 1, 1, 2, 0, 0, 0, 2, 1, 0, 0, 2, 2, 0, 0, 2, 2, 3,
       0, 0, 2, 3, 2, 2, 2, 2, 2, 0, 3, 0, 3, 1, 1, 2, 1, 3, 0, 2, 0, 3,
       1, 3, 1, 1, 0, 2, 3, 1, 2, 0, 0, 3, 1, 2, 2, 0, 2, 0, 0, 0, 3, 3,
       2, 0, 2, 3, 2, 2, 2, 3, 2, 1, 0, 1, 0, 0, 0, 3, 0, 2, 2, 0, 3, 0,
       2, 3, 1, 0, 1, 3, 0, 0, 3, 0, 3, 0, 2, 0, 1, 3, 2, 2, 0, 3, 2, 3,
       1, 1, 0, 0, 1, 2, 0, 1, 2, 2], dtype=object)]
[346, array([-58., -29., -29.,   0.]), array([2, 2, 3, 2, 2, 1, 1, 2, 0, 0, 0, 2, 1, 0, 0, 2, 2, 0, 0, 2, 2, 3,
       0, 0, 2, 3, 2, 2, 2, 2, 2, 0, 3, 0, 3, 1, 1, 2, 1, 3, 0, 2, 0, 3,
       1, 3, 1, 1, 0, 2, 3, 1, 2, 0, 0, 3, 1, 2, 2, 0, 2, 0, 0, 0, 3, 3,
       2, 0, 2, 3, 2, 2, 2, 3, 2, 1, 0, 1, 0, 0, 0, 3, 0, 2, 2, 0, 3, 0,
       2, 3, 1, 0, 1, 3, 0, 0, 3, 0, 3, 0, 2, 0, 1, 3, 2, 2, 0, 3, 2, 3,
       1, 1, 0, 0, 1, 2, 0, 1, 2, 2], dtype=object)]
[346, array([-58., -29., -29.,   0.]), array([2, 2, 3, 2, 2, 1, 1, 2, 0, 0, 0, 2, 1, 0, 0, 2, 2, 0, 0, 2, 2, 3,
       0, 0, 2, 3, 2, 2, 2, 2, 2, 0, 3, 0, 3, 1, 1, 2, 1, 3, 0, 2, 0, 3,
       1, 3, 1, 1, 0, 2, 3, 1, 2, 0, 0, 3, 1, 2, 2, 0, 2, 0, 0, 0, 3, 3,
       2, 0, 2, 3, 2, 2, 2, 3, 2, 1, 0, 1, 0, 0, 0, 3, 0, 2, 2, 0, 3, 0,
       2, 3, 1, 0, 1, 3, 0, 0, 3, 0, 3, 0, 2, 0, 1, 3, 2, 2, 0, 3, 2, 3,
       1, 1, 0, 0, 1, 2, 0, 1, 2, 2], dtype=object)]
[347, array([-58., -29., -29.,   0.]), array([2, 2, 3, 2, 2, 1, 1, 2, 0, 0, 0, 2, 1, 0, 1, 2, 2, 3, 0, 2, 2, 2,
       0, 0, 1, 2, 2, 2, 2, 2, 2, 0, 2, 0, 3, 1, 0, 2, 1, 3, 0, 2, 0, 3,
       1, 3, 1, 1, 1, 2, 3, 1, 2, 1, 0, 3, 2, 2, 2, 0, 2, 1, 0, 0, 3, 3,
       2, 0, 2, 3, 2, 2, 2, 3, 2, 1, 0, 1, 0, 0, 0, 3, 0, 2, 2, 0, 3, 0,
       2, 3, 1, 0, 1, 3, 0, 0, 3, 0, 3, 0, 2, 0, 1, 3, 2, 2, 0, 3, 2, 3,
       1, 1, 0, 0, 1, 2, 0, 1, 2, 2], dtype=object)]
[347, array([-58., -29., -29.,   0.]), array([2, 2, 3, 2, 2, 1, 1, 2, 0, 0, 0, 2, 1, 0, 1, 2, 2, 3, 0, 2, 2, 2,
       0, 0, 1, 2, 2, 2, 2, 2, 2, 0, 2, 0, 3, 1, 0, 2, 1, 3, 0, 2, 0, 3,
       1, 3, 1, 1, 1, 2, 3, 1, 2, 1, 0, 3, 2, 2, 2, 0, 2, 1, 0, 0, 3, 3,
       2, 0, 2, 3, 2, 2, 2, 3, 2, 1, 0, 1, 0, 0, 0, 3, 0, 2, 2, 0, 3, 0,
       2, 3, 1, 0, 1, 3, 0, 0, 3, 0, 3, 0, 2, 0, 1, 3, 2, 2, 0, 3, 2, 3,
       1, 1, 0, 0, 1, 2, 0, 1, 2, 2], dtype=object)]
[347, array([-58., -29., -29.,   0.]), array([2, 2, 3, 2, 2, 1, 1, 2, 0, 0, 0, 2, 1, 0, 1, 2, 2, 3, 0, 2, 2, 2,
       0, 0, 1, 2, 2, 2, 2, 2, 2, 0, 2, 0, 3, 1, 0, 2, 1, 3, 0, 2, 0, 3,
       1, 3, 1, 1, 1, 2, 3, 1, 2, 1, 0, 3, 2, 2, 2, 0, 2, 1, 0, 0, 3, 3,
       2, 0, 2, 3, 2, 2, 2, 3, 2, 1, 0, 1, 0, 0, 0, 3, 0, 2, 2, 0, 3, 0,
       2, 3, 1, 0, 1, 3, 0, 0, 3, 0, 3, 0, 2, 0, 1, 3, 2, 2, 0, 3, 2, 3,
       1, 1, 0, 0, 1, 2, 0, 1, 2, 2], dtype=object)]
[347, array([-58., -29., -29.,   0.]), array([2, 2, 3, 2, 2, 1, 1, 2, 0, 0, 0, 2, 1, 0, 1, 2, 2, 3, 0, 2, 2, 2,
       0, 0, 1, 2, 2, 2, 2, 2, 2, 0, 2, 0, 3, 1, 0, 2, 1, 3, 0, 2, 0, 3,
       1, 3, 1, 1, 1, 2, 3, 1, 2, 1, 0, 3, 2, 2, 2, 0, 2, 1, 0, 0, 3, 3,
       2, 0, 2, 3, 2, 2, 2, 3, 2, 1, 0, 1, 0, 0, 0, 3, 0, 2, 2, 0, 3, 0,
       2, 3, 1, 0, 1, 3, 0, 0, 3, 0, 3, 0, 2, 0, 1, 3, 2, 2, 0, 3, 2, 3,
       1, 1, 0, 0, 1, 2, 0, 1, 2, 2], dtype=object)]
[348, array([-58., -29., -29.,   0.]), array([2, 2, 3, 2, 2, 1, 1, 2, 0, 0, 0, 2, 1, 0, 0, 2, 2, 3, 0, 2, 2, 2,
       0, 0, 1, 2, 2, 2, 2, 2, 2, 0, 2, 0, 3, 3, 0, 2, 1, 3, 0, 2, 0, 3,
       1, 3, 1, 1, 0, 2, 3, 1, 2, 0, 0, 3, 1, 2, 2, 0, 2, 0, 0, 0, 3, 0,
       2, 3, 2, 3, 2, 2, 2, 3, 2, 1, 0, 1, 0, 0, 0, 3, 0, 2, 2, 0, 3, 0,
       2, 3, 1, 0, 1, 3, 0, 0, 3, 0, 3, 0, 2, 0, 1, 3, 2, 2, 0, 3, 2, 3,
       1, 1, 0, 0, 1, 2, 0, 1, 2, 2], dtype=object)]
[348, array([-58., -29., -29.,   0.]), array([2, 2, 3, 2, 2, 1, 1, 2, 0, 0, 0, 2, 1, 0, 0, 2, 2, 3, 0, 2, 2, 2,
       0, 0, 1, 2, 2, 2, 2, 2, 2, 0, 2, 0, 3, 3, 0, 2, 1, 3, 0, 2, 0, 3,
       1, 3, 1, 1, 0, 2, 3, 1, 2, 0, 0, 3, 1, 2, 2, 0, 2, 0, 0, 0, 3, 0,
       2, 3, 2, 3, 2, 2, 2, 3, 2, 1, 0, 1, 0, 0, 0, 3, 0, 2, 2, 0, 3, 0,
       2, 3, 1, 0, 1, 3, 0, 0, 3, 0, 3, 0, 2, 0, 1, 3, 2, 2, 0, 3, 2, 3,
       1, 1, 0, 0, 1, 2, 0, 1, 2, 2], dtype=object)]
[348, array([-58., -29., -29.,   0.]), array([2, 2, 3, 2, 2, 1, 1, 2, 0, 0, 0, 2, 1, 0, 0, 2, 2, 3, 0, 2, 2, 2,
       0, 0, 1, 2, 2, 2, 2, 2, 2, 0, 2, 0, 3, 3, 0, 2, 1, 3, 0, 2, 0, 3,
       1, 3, 1, 1, 0, 2, 3, 1, 2, 0, 0, 3, 1, 2, 2, 0, 2, 0, 0, 0, 3, 0,
       2, 3, 2, 3, 2, 2, 2, 3, 2, 1, 0, 1, 0, 0, 0, 3, 0, 2, 2, 0, 3, 0,
       2, 3, 1, 0, 1, 3, 0, 0, 3, 0, 3, 0, 2, 0, 1, 3, 2, 2, 0, 3, 2, 3,
       1, 1, 0, 0, 1, 2, 0, 1, 2, 2], dtype=object)]
[348, array([-58., -29., -29.,   0.]), array([2, 2, 3, 2, 2, 1, 1, 2, 0, 0, 0, 2, 1, 0, 0, 2, 2, 3, 0, 2, 2, 2,
       0, 0, 1, 2, 2, 2, 2, 2, 2, 0, 2, 0, 3, 3, 0, 2, 1, 3, 0, 2, 0, 3,
       1, 3, 1, 1, 0, 2, 3, 1, 2, 0, 0, 3, 1, 2, 2, 0, 2, 0, 0, 0, 3, 0,
       2, 3, 2, 3, 2, 2, 2, 3, 2, 1, 0, 1, 0, 0, 0, 3, 0, 2, 2, 0, 3, 0,
       2, 3, 1, 0, 1, 3, 0, 0, 3, 0, 3, 0, 2, 0, 1, 3, 2, 2, 0, 3, 2, 3,
       1, 1, 0, 0, 1, 2, 0, 1, 2, 2], dtype=object)]
[349, array([-58., -29., -29.,   0.]), array([2, 2, 3, 2, 2, 1, 1, 2, 0, 0, 0, 2, 1, 0, 0, 2, 2, 3, 0, 2, 2, 2,
       0, 0, 1, 3, 2, 2, 2, 2, 2, 0, 3, 0, 3, 1, 1, 2, 1, 3, 0, 2, 0, 3,
       1, 3, 1, 1, 0, 2, 3, 1, 2, 0, 0, 3, 3, 2, 2, 0, 2, 0, 0, 0, 3, 0,
       2, 0, 2, 3, 2, 2, 2, 3, 2, 1, 0, 1, 0, 0, 0, 3, 0, 2, 2, 0, 3, 0,
       2, 3, 1, 0, 3, 3, 1, 0, 3, 0, 3, 0, 2, 0, 3, 3, 3, 2, 0, 3, 2, 3,
       1, 1, 0, 2, 1, 2, 0, 1, 2, 2], dtype=object)]
[349, array([-58., -29., -29.,   0.]), array([2, 2, 3, 2, 2, 1, 1, 2, 0, 0, 0, 2, 1, 0, 0, 2, 2, 3, 0, 2, 2, 2,
       0, 0, 1, 3, 2, 2, 2, 2, 2, 0, 3, 0, 3, 1, 1, 2, 1, 3, 0, 2, 0, 3,
       1, 3, 1, 1, 0, 2, 3, 1, 2, 0, 0, 3, 3, 2, 2, 0, 2, 0, 0, 0, 3, 0,
       2, 0, 2, 3, 2, 2, 2, 3, 2, 1, 0, 1, 0, 0, 0, 3, 0, 2, 2, 0, 3, 0,
       2, 3, 1, 0, 3, 3, 1, 0, 3, 0, 3, 0, 2, 0, 3, 3, 3, 2, 0, 3, 2, 3,
       1, 1, 0, 2, 1, 2, 0, 1, 2, 2], dtype=object)]
[349, array([-58., -29., -29.,   0.]), array([2, 2, 3, 2, 2, 1, 1, 2, 0, 0, 0, 2, 1, 0, 0, 2, 2, 3, 0, 2, 2, 2,
       0, 0, 1, 3, 2, 2, 2, 2, 2, 0, 3, 0, 3, 1, 1, 2, 1, 3, 0, 2, 0, 3,
       1, 3, 1, 1, 0, 2, 3, 1, 2, 0, 0, 3, 3, 2, 2, 0, 2, 0, 0, 0, 3, 0,
       2, 0, 2, 3, 2, 2, 2, 3, 2, 1, 0, 1, 0, 0, 0, 3, 0, 2, 2, 0, 3, 0,
       2, 3, 1, 0, 3, 3, 1, 0, 3, 0, 3, 0, 2, 0, 3, 3, 3, 2, 0, 3, 2, 3,
       1, 1, 0, 2, 1, 2, 0, 1, 2, 2], dtype=object)]
[349, array([-58., -29., -29.,   0.]), array([2, 2, 3, 2, 2, 1, 1, 2, 0, 0, 0, 2, 1, 0, 0, 2, 2, 3, 0, 2, 2, 2,
       0, 0, 1, 3, 2, 2, 2, 2, 2, 0, 3, 0, 3, 1, 1, 2, 1, 3, 0, 2, 0, 3,
       1, 3, 1, 1, 0, 2, 3, 1, 2, 0, 0, 3, 3, 2, 2, 0, 2, 0, 0, 0, 3, 0,
       2, 0, 2, 3, 2, 2, 2, 3, 2, 1, 0, 1, 0, 0, 0, 3, 0, 2, 2, 0, 3, 0,
       2, 3, 1, 0, 3, 3, 1, 0, 3, 0, 3, 0, 2, 0, 3, 3, 3, 2, 0, 3, 2, 3,
       1, 1, 0, 2, 1, 2, 0, 1, 2, 2], dtype=object)]
[350, array([-58., -29., -29.,   0.]), array([2, 2, 3, 2, 2, 1, 1, 2, 0, 0, 0, 2, 1, 0, 0, 2, 2, 3, 0, 2, 2, 2,
       0, 0, 1, 2, 2, 2, 2, 2, 0, 0, 2, 0, 3, 3, 0, 2, 1, 3, 0, 2, 0, 3,
       1, 3, 1, 1, 0, 2, 3, 3, 2, 0, 0, 3, 1, 2, 2, 0, 2, 1, 0, 0, 3, 0,
       2, 3, 2, 3, 2, 2, 2, 3, 2, 1, 0, 1, 0, 0, 0, 3, 0, 2, 2, 0, 3, 0,
       2, 3, 1, 0, 1, 3, 0, 0, 3, 0, 3, 0, 2, 0, 0, 3, 2, 2, 0, 3, 2, 3,
       1, 1, 0, 0, 1, 2, 0, 1, 2, 2], dtype=object)]
[350, array([-58., -29., -29.,   0.]), array([2, 2, 3, 2, 2, 1, 1, 2, 0, 0, 0, 2, 1, 0, 0, 2, 2, 3, 0, 2, 2, 2,
       0, 0, 1, 2, 2, 2, 2, 2, 0, 0, 2, 0, 3, 3, 0, 2, 1, 3, 0, 2, 0, 3,
       1, 3, 1, 1, 0, 2, 3, 3, 2, 0, 0, 3, 1, 2, 2, 0, 2, 1, 0, 0, 3, 0,
       2, 3, 2, 3, 2, 2, 2, 3, 2, 1, 0, 1, 0, 0, 0, 3, 0, 2, 2, 0, 3, 0,
       2, 3, 1, 0, 1, 3, 0, 0, 3, 0, 3, 0, 2, 0, 0, 3, 2, 2, 0, 3, 2, 3,
       1, 1, 0, 0, 1, 2, 0, 1, 2, 2], dtype=object)]
[350, array([-58., -29., -29.,   0.]), array([2, 2, 3, 2, 2, 1, 1, 2, 0, 0, 0, 2, 1, 0, 0, 2, 2, 3, 0, 2, 2, 2,
       0, 0, 1, 2, 2, 2, 2, 2, 0, 0, 2, 0, 3, 3, 0, 2, 1, 3, 0, 2, 0, 3,
       1, 3, 1, 1, 0, 2, 3, 3, 2, 0, 0, 3, 1, 2, 2, 0, 2, 1, 0, 0, 3, 0,
       2, 3, 2, 3, 2, 2, 2, 3, 2, 1, 0, 1, 0, 0, 0, 3, 0, 2, 2, 0, 3, 0,
       2, 3, 1, 0, 1, 3, 0, 0, 3, 0, 3, 0, 2, 0, 0, 3, 2, 2, 0, 3, 2, 3,
       1, 1, 0, 0, 1, 2, 0, 1, 2, 2], dtype=object)]
[350, array([-58., -29., -29.,   0.]), array([2, 2, 3, 2, 2, 1, 1, 2, 0, 0, 0, 2, 1, 0, 0, 2, 2, 3, 0, 2, 2, 2,
       0, 0, 1, 2, 2, 2, 2, 2, 0, 0, 2, 0, 3, 3, 0, 2, 1, 3, 0, 2, 0, 3,
       1, 3, 1, 1, 0, 2, 3, 3, 2, 0, 0, 3, 1, 2, 2, 0, 2, 1, 0, 0, 3, 0,
       2, 3, 2, 3, 2, 2, 2, 3, 2, 1, 0, 1, 0, 0, 0, 3, 0, 2, 2, 0, 3, 0,
       2, 3, 1, 0, 1, 3, 0, 0, 3, 0, 3, 0, 2, 0, 0, 3, 2, 2, 0, 3, 2, 3,
       1, 1, 0, 0, 1, 2, 0, 1, 2, 2], dtype=object)]
[351, array([-58., -29., -29.,   0.]), array([2, 2, 3, 2, 2, 1, 1, 2, 0, 0, 0, 2, 1, 0, 0, 2, 2, 3, 0, 2, 2, 2,
       0, 0, 1, 1, 2, 2, 2, 2, 2, 0, 2, 0, 3, 1, 0, 2, 0, 3, 0, 2, 0, 3,
       1, 3, 1, 1, 0, 2, 3, 1, 2, 0, 0, 3, 3, 2, 2, 0, 2, 0, 0, 0, 3, 0,
       2, 3, 2, 3, 2, 2, 2, 3, 2, 1, 0, 1, 0, 0, 0, 3, 0, 2, 2, 0, 3, 0,
       2, 3, 1, 0, 1, 3, 0, 2, 3, 0, 3, 0, 2, 0, 1, 3, 2, 2, 0, 3, 2, 3,
       1, 1, 0, 0, 1, 2, 0, 1, 2, 2], dtype=object)]
[351, array([-58., -29., -29.,   0.]), array([2, 2, 3, 2, 2, 1, 1, 2, 0, 0, 0, 2, 1, 0, 0, 2, 2, 3, 0, 2, 2, 2,
       0, 0, 1, 1, 2, 2, 2, 2, 2, 0, 2, 0, 3, 1, 0, 2, 0, 3, 0, 2, 0, 3,
       1, 3, 1, 1, 0, 2, 3, 1, 2, 0, 0, 3, 3, 2, 2, 0, 2, 0, 0, 0, 3, 0,
       2, 3, 2, 3, 2, 2, 2, 3, 2, 1, 0, 1, 0, 0, 0, 3, 0, 2, 2, 0, 3, 0,
       2, 3, 1, 0, 1, 3, 0, 2, 3, 0, 3, 0, 2, 0, 1, 3, 2, 2, 0, 3, 2, 3,
       1, 1, 0, 0, 1, 2, 0, 1, 2, 2], dtype=object)]
[351, array([-58., -29., -29.,   0.]), array([2, 2, 3, 2, 2, 1, 1, 2, 0, 0, 0, 2, 1, 0, 0, 2, 2, 3, 0, 2, 2, 2,
       0, 0, 1, 1, 2, 2, 2, 2, 2, 0, 2, 0, 3, 1, 0, 2, 0, 3, 0, 2, 0, 3,
       1, 3, 1, 1, 0, 2, 3, 1, 2, 0, 0, 3, 3, 2, 2, 0, 2, 0, 0, 0, 3, 0,
       2, 3, 2, 3, 2, 2, 2, 3, 2, 1, 0, 1, 0, 0, 0, 3, 0, 2, 2, 0, 3, 0,
       2, 3, 1, 0, 1, 3, 0, 2, 3, 0, 3, 0, 2, 0, 1, 3, 2, 2, 0, 3, 2, 3,
       1, 1, 0, 0, 1, 2, 0, 1, 2, 2], dtype=object)]
[351, array([-58., -29., -29.,   0.]), array([2, 2, 3, 2, 2, 1, 1, 2, 0, 0, 0, 2, 1, 0, 0, 2, 2, 3, 0, 2, 2, 2,
       0, 0, 1, 1, 2, 2, 2, 2, 2, 0, 2, 0, 3, 1, 0, 2, 0, 3, 0, 2, 0, 3,
       1, 3, 1, 1, 0, 2, 3, 1, 2, 0, 0, 3, 3, 2, 2, 0, 2, 0, 0, 0, 3, 0,
       2, 3, 2, 3, 2, 2, 2, 3, 2, 1, 0, 1, 0, 0, 0, 3, 0, 2, 2, 0, 3, 0,
       2, 3, 1, 0, 1, 3, 0, 2, 3, 0, 3, 0, 2, 0, 1, 3, 2, 2, 0, 3, 2, 3,
       1, 1, 0, 0, 1, 2, 0, 1, 2, 2], dtype=object)]
[352, array([-58., -29., -29.,   0.]), array([2, 2, 0, 2, 2, 1, 1, 2, 0, 0, 0, 2, 1, 0, 0, 2, 2, 3, 0, 2, 2, 2,
       0, 0, 1, 1, 2, 2, 2, 2, 2, 0, 2, 0, 3, 1, 0, 2, 0, 3, 0, 2, 0, 3,
       1, 3, 1, 1, 0, 2, 3, 1, 2, 0, 0, 3, 3, 2, 2, 0, 2, 0, 0, 0, 3, 0,
       2, 3, 2, 3, 2, 2, 2, 3, 2, 1, 0, 1, 0, 0, 0, 3, 0, 2, 2, 0, 3, 0,
       2, 3, 1, 0, 1, 3, 0, 2, 3, 0, 3, 0, 2, 0, 1, 3, 2, 2, 0, 3, 2, 3,
       1, 1, 0, 0, 1, 2, 0, 1, 2, 2], dtype=object)]
[352, array([-58., -29., -29.,   0.]), array([2, 2, 0, 2, 2, 1, 1, 2, 0, 0, 0, 2, 1, 0, 0, 2, 2, 3, 0, 2, 2, 2,
       0, 0, 1, 1, 2, 2, 2, 2, 2, 0, 2, 0, 3, 1, 0, 2, 0, 3, 0, 2, 0, 3,
       1, 3, 1, 1, 0, 2, 3, 1, 2, 0, 0, 3, 3, 2, 2, 0, 2, 0, 0, 0, 3, 0,
       2, 3, 2, 3, 2, 2, 2, 3, 2, 1, 0, 1, 0, 0, 0, 3, 0, 2, 2, 0, 3, 0,
       2, 3, 1, 0, 1, 3, 0, 2, 3, 0, 3, 0, 2, 0, 1, 3, 2, 2, 0, 3, 2, 3,
       1, 1, 0, 0, 1, 2, 0, 1, 2, 2], dtype=object)]
[352, array([-58., -29., -29.,   0.]), array([2, 2, 0, 2, 2, 1, 1, 2, 0, 0, 0, 2, 1, 0, 0, 2, 2, 3, 0, 2, 2, 2,
       0, 0, 1, 1, 2, 2, 2, 2, 2, 0, 2, 0, 3, 1, 0, 2, 0, 3, 0, 2, 0, 3,
       1, 3, 1, 1, 0, 2, 3, 1, 2, 0, 0, 3, 3, 2, 2, 0, 2, 0, 0, 0, 3, 0,
       2, 3, 2, 3, 2, 2, 2, 3, 2, 1, 0, 1, 0, 0, 0, 3, 0, 2, 2, 0, 3, 0,
       2, 3, 1, 0, 1, 3, 0, 2, 3, 0, 3, 0, 2, 0, 1, 3, 2, 2, 0, 3, 2, 3,
       1, 1, 0, 0, 1, 2, 0, 1, 2, 2], dtype=object)]
[352, array([-58., -29., -29.,   0.]), array([2, 2, 0, 2, 2, 1, 1, 2, 0, 0, 0, 2, 1, 0, 0, 2, 2, 3, 0, 2, 2, 2,
       0, 0, 1, 1, 2, 2, 2, 2, 2, 0, 2, 0, 3, 1, 0, 2, 0, 3, 0, 2, 0, 3,
       1, 3, 1, 1, 0, 2, 3, 1, 2, 0, 0, 3, 3, 2, 2, 0, 2, 0, 0, 0, 3, 0,
       2, 3, 2, 3, 2, 2, 2, 3, 2, 1, 0, 1, 0, 0, 0, 3, 0, 2, 2, 0, 3, 0,
       2, 3, 1, 0, 1, 3, 0, 2, 3, 0, 3, 0, 2, 0, 1, 3, 2, 2, 0, 3, 2, 3,
       1, 1, 0, 0, 1, 2, 0, 1, 2, 2], dtype=object)]
[353, array([-58., -29., -29.,   0.]), array([2, 2, 1, 1, 2, 1, 1, 2, 0, 0, 0, 2, 1, 0, 0, 2, 2, 0, 0, 2, 2, 0,
       0, 0, 2, 3, 2, 2, 2, 2, 2, 0, 3, 0, 3, 1, 1, 2, 1, 3, 0, 2, 0, 3,
       1, 3, 1, 1, 0, 2, 3, 0, 2, 1, 0, 3, 1, 2, 2, 0, 2, 3, 0, 0, 3, 3,
       2, 1, 2, 3, 2, 2, 2, 3, 2, 1, 0, 2, 0, 0, 0, 3, 0, 2, 2, 2, 3, 0,
       2, 3, 1, 0, 1, 3, 0, 0, 3, 0, 3, 0, 2, 0, 1, 3, 2, 2, 0, 3, 2, 3,
       1, 1, 0, 0, 1, 2, 0, 1, 2, 2], dtype=object)]
[353, array([-58., -29., -29.,   0.]), array([2, 2, 1, 1, 2, 1, 1, 2, 0, 0, 0, 2, 1, 0, 0, 2, 2, 0, 0, 2, 2, 0,
       0, 0, 2, 3, 2, 2, 2, 2, 2, 0, 3, 0, 3, 1, 1, 2, 1, 3, 0, 2, 0, 3,
       1, 3, 1, 1, 0, 2, 3, 0, 2, 1, 0, 3, 1, 2, 2, 0, 2, 3, 0, 0, 3, 3,
       2, 1, 2, 3, 2, 2, 2, 3, 2, 1, 0, 2, 0, 0, 0, 3, 0, 2, 2, 2, 3, 0,
       2, 3, 1, 0, 1, 3, 0, 0, 3, 0, 3, 0, 2, 0, 1, 3, 2, 2, 0, 3, 2, 3,
       1, 1, 0, 0, 1, 2, 0, 1, 2, 2], dtype=object)]
[353, array([-58., -29., -29.,   0.]), array([2, 2, 1, 1, 2, 1, 1, 2, 0, 0, 0, 2, 1, 0, 0, 2, 2, 0, 0, 2, 2, 0,
       0, 0, 2, 3, 2, 2, 2, 2, 2, 0, 3, 0, 3, 1, 1, 2, 1, 3, 0, 2, 0, 3,
       1, 3, 1, 1, 0, 2, 3, 0, 2, 1, 0, 3, 1, 2, 2, 0, 2, 3, 0, 0, 3, 3,
       2, 1, 2, 3, 2, 2, 2, 3, 2, 1, 0, 2, 0, 0, 0, 3, 0, 2, 2, 2, 3, 0,
       2, 3, 1, 0, 1, 3, 0, 0, 3, 0, 3, 0, 2, 0, 1, 3, 2, 2, 0, 3, 2, 3,
       1, 1, 0, 0, 1, 2, 0, 1, 2, 2], dtype=object)]
[353, array([-58., -29., -29.,   0.]), array([2, 2, 1, 1, 2, 1, 1, 2, 0, 0, 0, 2, 1, 0, 0, 2, 2, 0, 0, 2, 2, 0,
       0, 0, 2, 3, 2, 2, 2, 2, 2, 0, 3, 0, 3, 1, 1, 2, 1, 3, 0, 2, 0, 3,
       1, 3, 1, 1, 0, 2, 3, 0, 2, 1, 0, 3, 1, 2, 2, 0, 2, 3, 0, 0, 3, 3,
       2, 1, 2, 3, 2, 2, 2, 3, 2, 1, 0, 2, 0, 0, 0, 3, 0, 2, 2, 2, 3, 0,
       2, 3, 1, 0, 1, 3, 0, 0, 3, 0, 3, 0, 2, 0, 1, 3, 2, 2, 0, 3, 2, 3,
       1, 1, 0, 0, 1, 2, 0, 1, 2, 2], dtype=object)]
[354, array([-58., -29., -29.,   0.]), array([2, 2, 1, 1, 2, 1, 1, 2, 0, 0, 0, 2, 1, 0, 0, 2, 2, 0, 0, 2, 2, 0,
       0, 0, 2, 3, 2, 2, 2, 2, 2, 0, 3, 0, 3, 1, 1, 2, 1, 3, 0, 2, 0, 3,
       1, 3, 1, 1, 0, 2, 3, 0, 2, 1, 0, 3, 1, 2, 2, 0, 2, 0, 0, 0, 3, 3,
       2, 1, 2, 3, 2, 2, 2, 3, 2, 1, 0, 2, 0, 0, 0, 3, 0, 2, 2, 2, 3, 0,
       2, 3, 1, 0, 1, 3, 0, 0, 3, 0, 3, 0, 2, 0, 1, 3, 2, 2, 0, 3, 2, 3,
       1, 1, 0, 0, 1, 2, 0, 1, 2, 2], dtype=object)]
[354, array([-58., -29., -29.,   0.]), array([2, 2, 1, 1, 2, 1, 1, 2, 0, 0, 0, 2, 1, 0, 0, 2, 2, 0, 0, 2, 2, 0,
       0, 0, 2, 3, 2, 2, 2, 2, 2, 0, 3, 0, 3, 1, 1, 2, 1, 3, 0, 2, 0, 3,
       1, 3, 1, 1, 0, 2, 3, 0, 2, 1, 0, 3, 1, 2, 2, 0, 2, 0, 0, 0, 3, 3,
       2, 1, 2, 3, 2, 2, 2, 3, 2, 1, 0, 2, 0, 0, 0, 3, 0, 2, 2, 2, 3, 0,
       2, 3, 1, 0, 1, 3, 0, 0, 3, 0, 3, 0, 2, 0, 1, 3, 2, 2, 0, 3, 2, 3,
       1, 1, 0, 0, 1, 2, 0, 1, 2, 2], dtype=object)]
[354, array([-58., -29., -29.,   0.]), array([2, 2, 1, 1, 2, 1, 1, 2, 0, 0, 0, 2, 1, 0, 0, 2, 2, 0, 0, 2, 2, 0,
       0, 0, 2, 3, 2, 2, 2, 2, 2, 0, 3, 0, 3, 1, 1, 2, 1, 3, 0, 2, 0, 3,
       1, 3, 1, 1, 0, 2, 3, 0, 2, 1, 0, 3, 1, 2, 2, 0, 2, 0, 0, 0, 3, 3,
       2, 1, 2, 3, 2, 2, 2, 3, 2, 1, 0, 2, 0, 0, 0, 3, 0, 2, 2, 2, 3, 0,
       2, 3, 1, 0, 1, 3, 0, 0, 3, 0, 3, 0, 2, 0, 1, 3, 2, 2, 0, 3, 2, 3,
       1, 1, 0, 0, 1, 2, 0, 1, 2, 2], dtype=object)]
[354, array([-58., -29., -29.,   0.]), array([2, 2, 1, 1, 2, 1, 1, 2, 0, 0, 0, 2, 1, 0, 0, 2, 2, 0, 0, 2, 2, 0,
       0, 0, 2, 3, 2, 2, 2, 2, 2, 0, 3, 0, 3, 1, 1, 2, 1, 3, 0, 2, 0, 3,
       1, 3, 1, 1, 0, 2, 3, 0, 2, 1, 0, 3, 1, 2, 2, 0, 2, 0, 0, 0, 3, 3,
       2, 1, 2, 3, 2, 2, 2, 3, 2, 1, 0, 2, 0, 0, 0, 3, 0, 2, 2, 2, 3, 0,
       2, 3, 1, 0, 1, 3, 0, 0, 3, 0, 3, 0, 2, 0, 1, 3, 2, 2, 0, 3, 2, 3,
       1, 1, 0, 0, 1, 2, 0, 1, 2, 2], dtype=object)]
[355, array([-58., -29., -29.,   0.]), array([2, 2, 3, 2, 2, 1, 1, 2, 0, 0, 0, 2, 1, 0, 0, 2, 2, 0, 0, 2, 2, 3,
       0, 0, 2, 3, 2, 2, 2, 2, 2, 0, 3, 0, 3, 1, 1, 2, 1, 3, 0, 2, 0, 3,
       1, 3, 1, 1, 0, 2, 3, 2, 2, 1, 0, 3, 1, 2, 2, 0, 2, 0, 0, 0, 3, 3,
       2, 1, 2, 3, 2, 2, 2, 3, 2, 1, 0, 1, 0, 0, 0, 3, 0, 2, 2, 0, 3, 0,
       2, 3, 1, 0, 1, 3, 0, 0, 3, 0, 3, 0, 2, 0, 1, 3, 2, 2, 0, 3, 2, 3,
       1, 1, 0, 0, 3, 2, 0, 1, 2, 2], dtype=object)]
[355, array([-58., -29., -29.,   0.]), array([2, 2, 3, 2, 2, 1, 1, 2, 0, 0, 0, 2, 1, 0, 0, 2, 2, 0, 0, 2, 2, 3,
       0, 0, 2, 3, 2, 2, 2, 2, 2, 0, 3, 0, 3, 1, 1, 2, 1, 3, 0, 2, 0, 3,
       1, 3, 1, 1, 0, 2, 3, 2, 2, 1, 0, 3, 1, 2, 2, 0, 2, 0, 0, 0, 3, 3,
       2, 1, 2, 3, 2, 2, 2, 3, 2, 1, 0, 1, 0, 0, 0, 3, 0, 2, 2, 0, 3, 0,
       2, 3, 1, 0, 1, 3, 0, 0, 3, 0, 3, 0, 2, 0, 1, 3, 2, 2, 0, 3, 2, 3,
       1, 1, 0, 0, 3, 2, 0, 1, 2, 2], dtype=object)]
[355, array([-58., -29., -29.,   0.]), array([2, 2, 3, 2, 2, 1, 1, 2, 0, 0, 0, 2, 1, 0, 0, 2, 2, 0, 0, 2, 2, 3,
       0, 0, 2, 3, 2, 2, 2, 2, 2, 0, 3, 0, 3, 1, 1, 2, 1, 3, 0, 2, 0, 3,
       1, 3, 1, 1, 0, 2, 3, 2, 2, 1, 0, 3, 1, 2, 2, 0, 2, 0, 0, 0, 3, 3,
       2, 1, 2, 3, 2, 2, 2, 3, 2, 1, 0, 1, 0, 0, 0, 3, 0, 2, 2, 0, 3, 0,
       2, 3, 1, 0, 1, 3, 0, 0, 3, 0, 3, 0, 2, 0, 1, 3, 2, 2, 0, 3, 2, 3,
       1, 1, 0, 0, 3, 2, 0, 1, 2, 2], dtype=object)]
[355, array([-58., -29., -29.,   0.]), array([2, 2, 3, 2, 2, 1, 1, 2, 0, 0, 0, 2, 1, 0, 0, 2, 2, 0, 0, 2, 2, 3,
       0, 0, 2, 3, 2, 2, 2, 2, 2, 0, 3, 0, 3, 1, 1, 2, 1, 3, 0, 2, 0, 3,
       1, 3, 1, 1, 0, 2, 3, 2, 2, 1, 0, 3, 1, 2, 2, 0, 2, 0, 0, 0, 3, 3,
       2, 1, 2, 3, 2, 2, 2, 3, 2, 1, 0, 1, 0, 0, 0, 3, 0, 2, 2, 0, 3, 0,
       2, 3, 1, 0, 1, 3, 0, 0, 3, 0, 3, 0, 2, 0, 1, 3, 2, 2, 0, 3, 2, 3,
       1, 1, 0, 0, 3, 2, 0, 1, 2, 2], dtype=object)]
[356, array([-58., -29., -29.,   0.]), array([2, 2, 3, 2, 2, 1, 1, 2, 0, 0, 0, 2, 1, 0, 0, 2, 2, 0, 0, 2, 2, 3,
       0, 0, 2, 3, 2, 2, 2, 2, 2, 0, 3, 0, 3, 1, 1, 2, 1, 3, 0, 2, 0, 3,
       1, 3, 1, 1, 0, 2, 3, 2, 2, 1, 0, 3, 1, 2, 2, 0, 2, 0, 0, 0, 3, 3,
       2, 1, 2, 3, 2, 2, 2, 3, 2, 1, 0, 1, 0, 0, 0, 3, 0, 2, 2, 0, 3, 0,
       2, 3, 1, 0, 1, 3, 0, 0, 3, 0, 3, 0, 2, 0, 1, 3, 2, 2, 0, 3, 2, 3,
       1, 1, 0, 0, 3, 2, 0, 1, 2, 2], dtype=object)]
[356, array([-58., -29., -29.,   0.]), array([2, 2, 3, 2, 2, 1, 1, 2, 0, 0, 0, 2, 1, 0, 0, 2, 2, 0, 0, 2, 2, 3,
       0, 0, 2, 3, 2, 2, 2, 2, 2, 0, 3, 0, 3, 1, 1, 2, 1, 3, 0, 2, 0, 3,
       1, 3, 1, 1, 0, 2, 3, 2, 2, 1, 0, 3, 1, 2, 2, 0, 2, 0, 0, 0, 3, 3,
       2, 1, 2, 3, 2, 2, 2, 3, 2, 1, 0, 1, 0, 0, 0, 3, 0, 2, 2, 0, 3, 0,
       2, 3, 1, 0, 1, 3, 0, 0, 3, 0, 3, 0, 2, 0, 1, 3, 2, 2, 0, 3, 2, 3,
       1, 1, 0, 0, 3, 2, 0, 1, 2, 2], dtype=object)]
[356, array([-58., -29., -29.,   0.]), array([2, 2, 3, 2, 2, 1, 1, 2, 0, 0, 0, 2, 1, 0, 0, 2, 2, 0, 0, 2, 2, 3,
       0, 0, 2, 3, 2, 2, 2, 2, 2, 0, 3, 0, 3, 1, 1, 2, 1, 3, 0, 2, 0, 3,
       1, 3, 1, 1, 0, 2, 3, 2, 2, 1, 0, 3, 1, 2, 2, 0, 2, 0, 0, 0, 3, 3,
       2, 1, 2, 3, 2, 2, 2, 3, 2, 1, 0, 1, 0, 0, 0, 3, 0, 2, 2, 0, 3, 0,
       2, 3, 1, 0, 1, 3, 0, 0, 3, 0, 3, 0, 2, 0, 1, 3, 2, 2, 0, 3, 2, 3,
       1, 1, 0, 0, 3, 2, 0, 1, 2, 2], dtype=object)]
[356, array([-58., -29., -29.,   0.]), array([2, 2, 3, 2, 2, 1, 1, 2, 0, 0, 0, 2, 1, 0, 0, 2, 2, 0, 0, 2, 2, 3,
       0, 0, 2, 3, 2, 2, 2, 2, 2, 0, 3, 0, 3, 1, 1, 2, 1, 3, 0, 2, 0, 3,
       1, 3, 1, 1, 0, 2, 3, 2, 2, 1, 0, 3, 1, 2, 2, 0, 2, 0, 0, 0, 3, 3,
       2, 1, 2, 3, 2, 2, 2, 3, 2, 1, 0, 1, 0, 0, 0, 3, 0, 2, 2, 0, 3, 0,
       2, 3, 1, 0, 1, 3, 0, 0, 3, 0, 3, 0, 2, 0, 1, 3, 2, 2, 0, 3, 2, 3,
       1, 1, 0, 0, 3, 2, 0, 1, 2, 2], dtype=object)]
[357, array([-58., -29., -29.,   0.]), array([2, 2, 3, 2, 2, 1, 1, 2, 0, 0, 0, 2, 1, 0, 0, 2, 2, 3, 0, 2, 2, 2,
       0, 0, 1, 2, 2, 2, 2, 2, 2, 0, 2, 0, 3, 0, 0, 2, 1, 3, 0, 2, 0, 3,
       1, 3, 1, 1, 0, 2, 3, 1, 2, 0, 0, 3, 1, 2, 2, 0, 2, 0, 0, 0, 3, 0,
       2, 3, 2, 3, 2, 2, 2, 3, 2, 1, 0, 1, 0, 0, 0, 3, 0, 2, 2, 2, 3, 0,
       2, 3, 1, 0, 1, 3, 0, 0, 3, 0, 3, 0, 2, 0, 1, 3, 2, 2, 0, 3, 2, 3,
       1, 3, 0, 0, 1, 2, 0, 1, 2, 2], dtype=object)]
[357, array([-58., -29., -29.,   0.]), array([2, 2, 3, 2, 2, 1, 1, 2, 0, 0, 0, 2, 1, 0, 0, 2, 2, 3, 0, 2, 2, 2,
       0, 0, 1, 2, 2, 2, 2, 2, 2, 0, 2, 0, 3, 0, 0, 2, 1, 3, 0, 2, 0, 3,
       1, 3, 1, 1, 0, 2, 3, 1, 2, 0, 0, 3, 1, 2, 2, 0, 2, 0, 0, 0, 3, 0,
       2, 3, 2, 3, 2, 2, 2, 3, 2, 1, 0, 1, 0, 0, 0, 3, 0, 2, 2, 2, 3, 0,
       2, 3, 1, 0, 1, 3, 0, 0, 3, 0, 3, 0, 2, 0, 1, 3, 2, 2, 0, 3, 2, 3,
       1, 3, 0, 0, 1, 2, 0, 1, 2, 2], dtype=object)]
[357, array([-58., -29., -29.,   0.]), array([2, 2, 3, 2, 2, 1, 1, 2, 0, 0, 0, 2, 1, 0, 0, 2, 2, 3, 0, 2, 2, 2,
       0, 0, 1, 2, 2, 2, 2, 2, 2, 0, 2, 0, 3, 0, 0, 2, 1, 3, 0, 2, 0, 3,
       1, 3, 1, 1, 0, 2, 3, 1, 2, 0, 0, 3, 1, 2, 2, 0, 2, 0, 0, 0, 3, 0,
       2, 3, 2, 3, 2, 2, 2, 3, 2, 1, 0, 1, 0, 0, 0, 3, 0, 2, 2, 2, 3, 0,
       2, 3, 1, 0, 1, 3, 0, 0, 3, 0, 3, 0, 2, 0, 1, 3, 2, 2, 0, 3, 2, 3,
       1, 3, 0, 0, 1, 2, 0, 1, 2, 2], dtype=object)]
[357, array([-58., -29., -29.,   0.]), array([2, 2, 3, 2, 2, 1, 1, 2, 0, 0, 0, 2, 1, 0, 0, 2, 2, 3, 0, 2, 2, 2,
       0, 0, 1, 2, 2, 2, 2, 2, 2, 0, 2, 0, 3, 0, 0, 2, 1, 3, 0, 2, 0, 3,
       1, 3, 1, 1, 0, 2, 3, 1, 2, 0, 0, 3, 1, 2, 2, 0, 2, 0, 0, 0, 3, 0,
       2, 3, 2, 3, 2, 2, 2, 3, 2, 1, 0, 1, 0, 0, 0, 3, 0, 2, 2, 2, 3, 0,
       2, 3, 1, 0, 1, 3, 0, 0, 3, 0, 3, 0, 2, 0, 1, 3, 2, 2, 0, 3, 2, 3,
       1, 3, 0, 0, 1, 2, 0, 1, 2, 2], dtype=object)]
[358, array([-58., -29., -29.,   0.]), array([2, 2, 3, 2, 2, 1, 1, 2, 0, 0, 0, 2, 1, 0, 0, 2, 2, 0, 0, 2, 2, 3,
       0, 0, 2, 3, 2, 2, 2, 2, 2, 0, 3, 0, 3, 1, 1, 2, 1, 3, 0, 2, 0, 3,
       1, 3, 1, 1, 0, 2, 3, 2, 0, 1, 0, 3, 1, 2, 2, 0, 2, 1, 0, 0, 3, 3,
       2, 0, 2, 3, 2, 2, 2, 3, 2, 1, 0, 1, 0, 0, 0, 3, 0, 2, 2, 3, 3, 0,
       2, 3, 1, 0, 1, 3, 0, 0, 3, 0, 3, 0, 2, 0, 1, 3, 2, 2, 0, 3, 2, 3,
       1, 1, 0, 0, 1, 2, 0, 1, 2, 2], dtype=object)]
[358, array([-58., -29., -29.,   0.]), array([2, 2, 3, 2, 2, 1, 1, 2, 0, 0, 0, 2, 1, 0, 0, 2, 2, 0, 0, 2, 2, 3,
       0, 0, 2, 3, 2, 2, 2, 2, 2, 0, 3, 0, 3, 1, 1, 2, 1, 3, 0, 2, 0, 3,
       1, 3, 1, 1, 0, 2, 3, 2, 0, 1, 0, 3, 1, 2, 2, 0, 2, 1, 0, 0, 3, 3,
       2, 0, 2, 3, 2, 2, 2, 3, 2, 1, 0, 1, 0, 0, 0, 3, 0, 2, 2, 3, 3, 0,
       2, 3, 1, 0, 1, 3, 0, 0, 3, 0, 3, 0, 2, 0, 1, 3, 2, 2, 0, 3, 2, 3,
       1, 1, 0, 0, 1, 2, 0, 1, 2, 2], dtype=object)]
[358, array([-58., -29., -29.,   0.]), array([2, 2, 3, 2, 2, 1, 1, 2, 0, 0, 0, 2, 1, 0, 0, 2, 2, 0, 0, 2, 2, 3,
       0, 0, 2, 3, 2, 2, 2, 2, 2, 0, 3, 0, 3, 1, 1, 2, 1, 3, 0, 2, 0, 3,
       1, 3, 1, 1, 0, 2, 3, 2, 0, 1, 0, 3, 1, 2, 2, 0, 2, 1, 0, 0, 3, 3,
       2, 0, 2, 3, 2, 2, 2, 3, 2, 1, 0, 1, 0, 0, 0, 3, 0, 2, 2, 3, 3, 0,
       2, 3, 1, 0, 1, 3, 0, 0, 3, 0, 3, 0, 2, 0, 1, 3, 2, 2, 0, 3, 2, 3,
       1, 1, 0, 0, 1, 2, 0, 1, 2, 2], dtype=object)]
[358, array([-58., -29., -29.,   0.]), array([2, 2, 3, 2, 2, 1, 1, 2, 0, 0, 0, 2, 1, 0, 0, 2, 2, 0, 0, 2, 2, 3,
       0, 0, 2, 3, 2, 2, 2, 2, 2, 0, 3, 0, 3, 1, 1, 2, 1, 3, 0, 2, 0, 3,
       1, 3, 1, 1, 0, 2, 3, 2, 0, 1, 0, 3, 1, 2, 2, 0, 2, 1, 0, 0, 3, 3,
       2, 0, 2, 3, 2, 2, 2, 3, 2, 1, 0, 1, 0, 0, 0, 3, 0, 2, 2, 3, 3, 0,
       2, 3, 1, 0, 1, 3, 0, 0, 3, 0, 3, 0, 2, 0, 1, 3, 2, 2, 0, 3, 2, 3,
       1, 1, 0, 0, 1, 2, 0, 1, 2, 2], dtype=object)]
[359, array([-58., -29., -29.,   0.]), array([2, 2, 1, 1, 2, 0, 1, 2, 0, 0, 0, 2, 1, 0, 0, 2, 2, 0, 0, 2, 2, 0,
       0, 0, 2, 3, 2, 2, 2, 2, 2, 0, 1, 0, 3, 1, 1, 2, 1, 3, 0, 2, 0, 3,
       1, 3, 1, 1, 0, 2, 3, 2, 2, 1, 0, 3, 1, 2, 2, 0, 2, 1, 0, 0, 3, 3,
       2, 0, 2, 3, 2, 2, 2, 3, 2, 1, 0, 2, 0, 0, 0, 3, 0, 2, 2, 0, 3, 0,
       2, 3, 1, 0, 1, 3, 0, 2, 3, 0, 3, 0, 2, 0, 1, 3, 2, 2, 3, 3, 2, 3,
       1, 1, 0, 0, 3, 2, 0, 1, 2, 2], dtype=object)]
[359, array([-58., -29., -29.,   0.]), array([2, 2, 1, 1, 2, 0, 1, 2, 0, 0, 0, 2, 1, 0, 0, 2, 2, 0, 0, 2, 2, 0,
       0, 0, 2, 3, 2, 2, 2, 2, 2, 0, 1, 0, 3, 1, 1, 2, 1, 3, 0, 2, 0, 3,
       1, 3, 1, 1, 0, 2, 3, 2, 2, 1, 0, 3, 1, 2, 2, 0, 2, 1, 0, 0, 3, 3,
       2, 0, 2, 3, 2, 2, 2, 3, 2, 1, 0, 2, 0, 0, 0, 3, 0, 2, 2, 0, 3, 0,
       2, 3, 1, 0, 1, 3, 0, 2, 3, 0, 3, 0, 2, 0, 1, 3, 2, 2, 3, 3, 2, 3,
       1, 1, 0, 0, 3, 2, 0, 1, 2, 2], dtype=object)]
[359, array([-58., -29., -29.,   0.]), array([2, 2, 1, 1, 2, 0, 1, 2, 0, 0, 0, 2, 1, 0, 0, 2, 2, 0, 0, 2, 2, 0,
       0, 0, 2, 3, 2, 2, 2, 2, 2, 0, 1, 0, 3, 1, 1, 2, 1, 3, 0, 2, 0, 3,
       1, 3, 1, 1, 0, 2, 3, 2, 2, 1, 0, 3, 1, 2, 2, 0, 2, 1, 0, 0, 3, 3,
       2, 0, 2, 3, 2, 2, 2, 3, 2, 1, 0, 2, 0, 0, 0, 3, 0, 2, 2, 0, 3, 0,
       2, 3, 1, 0, 1, 3, 0, 2, 3, 0, 3, 0, 2, 0, 1, 3, 2, 2, 3, 3, 2, 3,
       1, 1, 0, 0, 3, 2, 0, 1, 2, 2], dtype=object)]
[359, array([-58., -29., -29.,   0.]), array([2, 2, 1, 1, 2, 0, 1, 2, 0, 0, 0, 2, 1, 0, 0, 2, 2, 0, 0, 2, 2, 0,
       0, 0, 2, 3, 2, 2, 2, 2, 2, 0, 1, 0, 3, 1, 1, 2, 1, 3, 0, 2, 0, 3,
       1, 3, 1, 1, 0, 2, 3, 2, 2, 1, 0, 3, 1, 2, 2, 0, 2, 1, 0, 0, 3, 3,
       2, 0, 2, 3, 2, 2, 2, 3, 2, 1, 0, 2, 0, 0, 0, 3, 0, 2, 2, 0, 3, 0,
       2, 3, 1, 0, 1, 3, 0, 2, 3, 0, 3, 0, 2, 0, 1, 3, 2, 2, 3, 3, 2, 3,
       1, 1, 0, 0, 3, 2, 0, 1, 2, 2], dtype=object)]
[360, array([-58., -29., -29.,   0.]), array([2, 2, 1, 1, 2, 1, 1, 2, 0, 0, 0, 2, 1, 0, 0, 2, 2, 0, 0, 2, 2, 0,
       0, 0, 2, 3, 2, 2, 2, 2, 2, 0, 1, 1, 3, 1, 1, 2, 1, 3, 0, 2, 0, 3,
       1, 3, 1, 1, 3, 2, 3, 1, 2, 2, 0, 3, 1, 2, 2, 0, 2, 1, 0, 0, 3, 3,
       2, 0, 2, 3, 2, 2, 2, 3, 2, 1, 0, 2, 0, 0, 0, 3, 1, 2, 2, 0, 3, 0,
       2, 3, 1, 0, 1, 3, 0, 2, 3, 0, 3, 0, 2, 0, 1, 3, 2, 2, 0, 3, 2, 3,
       1, 1, 0, 0, 3, 2, 0, 1, 2, 2], dtype=object)]
[360, array([-58., -29., -29.,   0.]), array([2, 2, 1, 1, 2, 1, 1, 2, 0, 0, 0, 2, 1, 0, 0, 2, 2, 0, 0, 2, 2, 0,
       0, 0, 2, 3, 2, 2, 2, 2, 2, 0, 1, 1, 3, 1, 1, 2, 1, 3, 0, 2, 0, 3,
       1, 3, 1, 1, 3, 2, 3, 1, 2, 2, 0, 3, 1, 2, 2, 0, 2, 1, 0, 0, 3, 3,
       2, 0, 2, 3, 2, 2, 2, 3, 2, 1, 0, 2, 0, 0, 0, 3, 1, 2, 2, 0, 3, 0,
       2, 3, 1, 0, 1, 3, 0, 2, 3, 0, 3, 0, 2, 0, 1, 3, 2, 2, 0, 3, 2, 3,
       1, 1, 0, 0, 3, 2, 0, 1, 2, 2], dtype=object)]
[360, array([-58., -29., -29.,   0.]), array([2, 2, 1, 1, 2, 1, 1, 2, 0, 0, 0, 2, 1, 0, 0, 2, 2, 0, 0, 2, 2, 0,
       0, 0, 2, 3, 2, 2, 2, 2, 2, 0, 1, 1, 3, 1, 1, 2, 1, 3, 0, 2, 0, 3,
       1, 3, 1, 1, 3, 2, 3, 1, 2, 2, 0, 3, 1, 2, 2, 0, 2, 1, 0, 0, 3, 3,
       2, 0, 2, 3, 2, 2, 2, 3, 2, 1, 0, 2, 0, 0, 0, 3, 1, 2, 2, 0, 3, 0,
       2, 3, 1, 0, 1, 3, 0, 2, 3, 0, 3, 0, 2, 0, 1, 3, 2, 2, 0, 3, 2, 3,
       1, 1, 0, 0, 3, 2, 0, 1, 2, 2], dtype=object)]
[360, array([-58., -29., -29.,   0.]), array([2, 2, 1, 1, 2, 1, 1, 2, 0, 0, 0, 2, 1, 0, 0, 2, 2, 0, 0, 2, 2, 0,
       0, 0, 2, 3, 2, 2, 2, 2, 2, 0, 1, 1, 3, 1, 1, 2, 1, 3, 0, 2, 0, 3,
       1, 3, 1, 1, 3, 2, 3, 1, 2, 2, 0, 3, 1, 2, 2, 0, 2, 1, 0, 0, 3, 3,
       2, 0, 2, 3, 2, 2, 2, 3, 2, 1, 0, 2, 0, 0, 0, 3, 1, 2, 2, 0, 3, 0,
       2, 3, 1, 0, 1, 3, 0, 2, 3, 0, 3, 0, 2, 0, 1, 3, 2, 2, 0, 3, 2, 3,
       1, 1, 0, 0, 3, 2, 0, 1, 2, 2], dtype=object)]
[361, array([-58., -29., -29.,   0.]), array([2, 2, 3, 2, 2, 1, 1, 2, 0, 0, 0, 2, 1, 0, 0, 2, 2, 0, 0, 2, 2, 3,
       0, 0, 2, 3, 2, 2, 2, 2, 2, 0, 3, 0, 3, 1, 1, 2, 1, 3, 0, 2, 0, 3,
       1, 3, 1, 1, 0, 2, 3, 2, 2, 1, 0, 3, 1, 2, 2, 0, 2, 0, 0, 0, 3, 3,
       2, 1, 2, 3, 2, 2, 2, 3, 2, 1, 0, 3, 0, 0, 0, 3, 0, 2, 2, 2, 3, 0,
       2, 3, 1, 0, 1, 3, 0, 0, 3, 0, 0, 0, 2, 0, 1, 3, 2, 2, 0, 3, 2, 3,
       3, 1, 0, 0, 1, 2, 0, 1, 2, 2], dtype=object)]
[361, array([-58., -29., -29.,   0.]), array([2, 2, 3, 2, 2, 1, 1, 2, 0, 0, 0, 2, 1, 0, 0, 2, 2, 0, 0, 2, 2, 3,
       0, 0, 2, 3, 2, 2, 2, 2, 2, 0, 3, 0, 3, 1, 1, 2, 1, 3, 0, 2, 0, 3,
       1, 3, 1, 1, 0, 2, 3, 2, 2, 1, 0, 3, 1, 2, 2, 0, 2, 0, 0, 0, 3, 3,
       2, 1, 2, 3, 2, 2, 2, 3, 2, 1, 0, 3, 0, 0, 0, 3, 0, 2, 2, 2, 3, 0,
       2, 3, 1, 0, 1, 3, 0, 0, 3, 0, 0, 0, 2, 0, 1, 3, 2, 2, 0, 3, 2, 3,
       3, 1, 0, 0, 1, 2, 0, 1, 2, 2], dtype=object)]
[361, array([-58., -29., -29.,   0.]), array([2, 2, 3, 2, 2, 1, 1, 2, 0, 0, 0, 2, 1, 0, 0, 2, 2, 0, 0, 2, 2, 3,
       0, 0, 2, 3, 2, 2, 2, 2, 2, 0, 3, 0, 3, 1, 1, 2, 1, 3, 0, 2, 0, 3,
       1, 3, 1, 1, 0, 2, 3, 2, 2, 1, 0, 3, 1, 2, 2, 0, 2, 0, 0, 0, 3, 3,
       2, 1, 2, 3, 2, 2, 2, 3, 2, 1, 0, 3, 0, 0, 0, 3, 0, 2, 2, 2, 3, 0,
       2, 3, 1, 0, 1, 3, 0, 0, 3, 0, 0, 0, 2, 0, 1, 3, 2, 2, 0, 3, 2, 3,
       3, 1, 0, 0, 1, 2, 0, 1, 2, 2], dtype=object)]
[361, array([-58., -29., -29.,   0.]), array([2, 2, 3, 2, 2, 1, 1, 2, 0, 0, 0, 2, 1, 0, 0, 2, 2, 0, 0, 2, 2, 3,
       0, 0, 2, 3, 2, 2, 2, 2, 2, 0, 3, 0, 3, 1, 1, 2, 1, 3, 0, 2, 0, 3,
       1, 3, 1, 1, 0, 2, 3, 2, 2, 1, 0, 3, 1, 2, 2, 0, 2, 0, 0, 0, 3, 3,
       2, 1, 2, 3, 2, 2, 2, 3, 2, 1, 0, 3, 0, 0, 0, 3, 0, 2, 2, 2, 3, 0,
       2, 3, 1, 0, 1, 3, 0, 0, 3, 0, 0, 0, 2, 0, 1, 3, 2, 2, 0, 3, 2, 3,
       3, 1, 0, 0, 1, 2, 0, 1, 2, 2], dtype=object)]
[362, array([-58., -29., -29.,   0.]), array([2, 2, 3, 2, 2, 1, 1, 2, 0, 0, 0, 2, 1, 0, 3, 2, 2, 0, 0, 2, 2, 3,
       0, 0, 1, 3, 2, 2, 2, 2, 2, 0, 2, 0, 1, 3, 0, 2, 1, 3, 0, 2, 0, 3,
       1, 3, 1, 1, 2, 2, 3, 1, 2, 2, 0, 3, 1, 2, 2, 0, 2, 1, 0, 0, 3, 3,
       2, 0, 2, 3, 2, 2, 2, 3, 2, 1, 0, 1, 0, 0, 3, 3, 0, 2, 2, 0, 3, 2,
       2, 3, 1, 0, 1, 3, 0, 0, 3, 0, 3, 0, 2, 0, 1, 3, 2, 2, 0, 3, 2, 3,
       1, 1, 0, 0, 3, 2, 0, 1, 2, 2], dtype=object)]
[362, array([-58., -29., -29.,   0.]), array([2, 2, 3, 2, 2, 1, 1, 2, 0, 0, 0, 2, 1, 0, 3, 2, 2, 0, 0, 2, 2, 3,
       0, 0, 1, 3, 2, 2, 2, 2, 2, 0, 2, 0, 1, 3, 0, 2, 1, 3, 0, 2, 0, 3,
       1, 3, 1, 1, 2, 2, 3, 1, 2, 2, 0, 3, 1, 2, 2, 0, 2, 1, 0, 0, 3, 3,
       2, 0, 2, 3, 2, 2, 2, 3, 2, 1, 0, 1, 0, 0, 3, 3, 0, 2, 2, 0, 3, 2,
       2, 3, 1, 0, 1, 3, 0, 0, 3, 0, 3, 0, 2, 0, 1, 3, 2, 2, 0, 3, 2, 3,
       1, 1, 0, 0, 3, 2, 0, 1, 2, 2], dtype=object)]
[362, array([-58., -29., -29.,   0.]), array([2, 2, 3, 2, 2, 1, 1, 2, 0, 0, 0, 2, 1, 0, 3, 2, 2, 0, 0, 2, 2, 3,
       0, 0, 1, 3, 2, 2, 2, 2, 2, 0, 2, 0, 1, 3, 0, 2, 1, 3, 0, 2, 0, 3,
       1, 3, 1, 1, 2, 2, 3, 1, 2, 2, 0, 3, 1, 2, 2, 0, 2, 1, 0, 0, 3, 3,
       2, 0, 2, 3, 2, 2, 2, 3, 2, 1, 0, 1, 0, 0, 3, 3, 0, 2, 2, 0, 3, 2,
       2, 3, 1, 0, 1, 3, 0, 0, 3, 0, 3, 0, 2, 0, 1, 3, 2, 2, 0, 3, 2, 3,
       1, 1, 0, 0, 3, 2, 0, 1, 2, 2], dtype=object)]
[362, array([-58., -29., -29.,   0.]), array([2, 2, 3, 2, 2, 1, 1, 2, 0, 0, 0, 2, 1, 0, 3, 2, 2, 0, 0, 2, 2, 3,
       0, 0, 1, 3, 2, 2, 2, 2, 2, 0, 2, 0, 1, 3, 0, 2, 1, 3, 0, 2, 0, 3,
       1, 3, 1, 1, 2, 2, 3, 1, 2, 2, 0, 3, 1, 2, 2, 0, 2, 1, 0, 0, 3, 3,
       2, 0, 2, 3, 2, 2, 2, 3, 2, 1, 0, 1, 0, 0, 3, 3, 0, 2, 2, 0, 3, 2,
       2, 3, 1, 0, 1, 3, 0, 0, 3, 0, 3, 0, 2, 0, 1, 3, 2, 2, 0, 3, 2, 3,
       1, 1, 0, 0, 3, 2, 0, 1, 2, 2], dtype=object)]
[363, array([-58., -29., -29.,   0.]), array([2, 2, 3, 2, 2, 1, 1, 2, 0, 0, 0, 2, 1, 0, 0, 2, 2, 0, 0, 2, 2, 0,
       0, 0, 2, 3, 2, 2, 2, 2, 2, 0, 1, 1, 3, 1, 1, 2, 1, 3, 0, 2, 0, 3,
       1, 3, 1, 1, 3, 2, 3, 1, 2, 2, 0, 3, 1, 2, 2, 0, 2, 1, 0, 0, 3, 3,
       2, 0, 2, 3, 2, 2, 2, 3, 2, 1, 0, 2, 0, 0, 0, 3, 0, 2, 2, 0, 3, 0,
       2, 3, 1, 0, 1, 3, 0, 2, 3, 0, 3, 0, 2, 0, 1, 3, 2, 2, 0, 3, 2, 3,
       1, 1, 1, 2, 1, 2, 0, 1, 2, 2], dtype=object)]
[363, array([-58., -29., -29.,   0.]), array([2, 2, 3, 2, 2, 1, 1, 2, 0, 0, 0, 2, 1, 0, 0, 2, 2, 0, 0, 2, 2, 0,
       0, 0, 2, 3, 2, 2, 2, 2, 2, 0, 1, 1, 3, 1, 1, 2, 1, 3, 0, 2, 0, 3,
       1, 3, 1, 1, 3, 2, 3, 1, 2, 2, 0, 3, 1, 2, 2, 0, 2, 1, 0, 0, 3, 3,
       2, 0, 2, 3, 2, 2, 2, 3, 2, 1, 0, 2, 0, 0, 0, 3, 0, 2, 2, 0, 3, 0,
       2, 3, 1, 0, 1, 3, 0, 2, 3, 0, 3, 0, 2, 0, 1, 3, 2, 2, 0, 3, 2, 3,
       1, 1, 1, 2, 1, 2, 0, 1, 2, 2], dtype=object)]
[363, array([-58., -29., -29.,   0.]), array([2, 2, 3, 2, 2, 1, 1, 2, 0, 0, 0, 2, 1, 0, 0, 2, 2, 0, 0, 2, 2, 0,
       0, 0, 2, 3, 2, 2, 2, 2, 2, 0, 1, 1, 3, 1, 1, 2, 1, 3, 0, 2, 0, 3,
       1, 3, 1, 1, 3, 2, 3, 1, 2, 2, 0, 3, 1, 2, 2, 0, 2, 1, 0, 0, 3, 3,
       2, 0, 2, 3, 2, 2, 2, 3, 2, 1, 0, 2, 0, 0, 0, 3, 0, 2, 2, 0, 3, 0,
       2, 3, 1, 0, 1, 3, 0, 2, 3, 0, 3, 0, 2, 0, 1, 3, 2, 2, 0, 3, 2, 3,
       1, 1, 1, 2, 1, 2, 0, 1, 2, 2], dtype=object)]
[363, array([-58., -29., -29.,   0.]), array([2, 2, 3, 2, 2, 1, 1, 2, 0, 0, 0, 2, 1, 0, 0, 2, 2, 0, 0, 2, 2, 0,
       0, 0, 2, 3, 2, 2, 2, 2, 2, 0, 1, 1, 3, 1, 1, 2, 1, 3, 0, 2, 0, 3,
       1, 3, 1, 1, 3, 2, 3, 1, 2, 2, 0, 3, 1, 2, 2, 0, 2, 1, 0, 0, 3, 3,
       2, 0, 2, 3, 2, 2, 2, 3, 2, 1, 0, 2, 0, 0, 0, 3, 0, 2, 2, 0, 3, 0,
       2, 3, 1, 0, 1, 3, 0, 2, 3, 0, 3, 0, 2, 0, 1, 3, 2, 2, 0, 3, 2, 3,
       1, 1, 1, 2, 1, 2, 0, 1, 2, 2], dtype=object)]
[364, array([-58., -29., -29.,   0.]), array([2, 2, 3, 2, 2, 1, 1, 2, 0, 0, 0, 2, 1, 0, 0, 2, 2, 0, 0, 2, 2, 0,
       0, 0, 2, 3, 2, 2, 2, 2, 2, 0, 1, 1, 3, 1, 1, 2, 1, 3, 0, 2, 0, 3,
       1, 3, 1, 1, 3, 2, 3, 1, 2, 2, 0, 3, 1, 2, 2, 0, 2, 1, 0, 0, 3, 3,
       2, 0, 2, 3, 2, 2, 2, 3, 2, 1, 0, 2, 0, 0, 0, 3, 0, 2, 2, 0, 3, 0,
       2, 3, 1, 0, 1, 3, 0, 3, 3, 0, 3, 0, 2, 0, 1, 3, 2, 2, 0, 3, 2, 3,
       1, 1, 1, 2, 1, 2, 0, 1, 2, 2], dtype=object)]
[364, array([-58., -29., -29.,   0.]), array([2, 2, 3, 2, 2, 1, 1, 2, 0, 0, 0, 2, 1, 0, 0, 2, 2, 0, 0, 2, 2, 0,
       0, 0, 2, 3, 2, 2, 2, 2, 2, 0, 1, 1, 3, 1, 1, 2, 1, 3, 0, 2, 0, 3,
       1, 3, 1, 1, 3, 2, 3, 1, 2, 2, 0, 3, 1, 2, 2, 0, 2, 1, 0, 0, 3, 3,
       2, 0, 2, 3, 2, 2, 2, 3, 2, 1, 0, 2, 0, 0, 0, 3, 0, 2, 2, 0, 3, 0,
       2, 3, 1, 0, 1, 3, 0, 3, 3, 0, 3, 0, 2, 0, 1, 3, 2, 2, 0, 3, 2, 3,
       1, 1, 1, 2, 1, 2, 0, 1, 2, 2], dtype=object)]
[364, array([-58., -29., -29.,   0.]), array([2, 2, 3, 2, 2, 1, 1, 2, 0, 0, 0, 2, 1, 0, 0, 2, 2, 0, 0, 2, 2, 0,
       0, 0, 2, 3, 2, 2, 2, 2, 2, 0, 1, 1, 3, 1, 1, 2, 1, 3, 0, 2, 0, 3,
       1, 3, 1, 1, 3, 2, 3, 1, 2, 2, 0, 3, 1, 2, 2, 0, 2, 1, 0, 0, 3, 3,
       2, 0, 2, 3, 2, 2, 2, 3, 2, 1, 0, 2, 0, 0, 0, 3, 0, 2, 2, 0, 3, 0,
       2, 3, 1, 0, 1, 3, 0, 3, 3, 0, 3, 0, 2, 0, 1, 3, 2, 2, 0, 3, 2, 3,
       1, 1, 1, 2, 1, 2, 0, 1, 2, 2], dtype=object)]
[364, array([-58., -29., -29.,   0.]), array([2, 2, 3, 2, 2, 1, 1, 2, 0, 0, 0, 2, 1, 0, 0, 2, 2, 0, 0, 2, 2, 0,
       0, 0, 2, 3, 2, 2, 2, 2, 2, 0, 1, 1, 3, 1, 1, 2, 1, 3, 0, 2, 0, 3,
       1, 3, 1, 1, 3, 2, 3, 1, 2, 2, 0, 3, 1, 2, 2, 0, 2, 1, 0, 0, 3, 3,
       2, 0, 2, 3, 2, 2, 2, 3, 2, 1, 0, 2, 0, 0, 0, 3, 0, 2, 2, 0, 3, 0,
       2, 3, 1, 0, 1, 3, 0, 3, 3, 0, 3, 0, 2, 0, 1, 3, 2, 2, 0, 3, 2, 3,
       1, 1, 1, 2, 1, 2, 0, 1, 2, 2], dtype=object)]
[365, array([-58., -29., -29.,   0.]), array([2, 2, 3, 2, 2, 2, 1, 2, 0, 0, 0, 2, 1, 0, 0, 2, 2, 0, 0, 2, 2, 3,
       0, 0, 2, 3, 2, 2, 2, 2, 2, 0, 1, 0, 3, 1, 1, 2, 1, 3, 0, 2, 0, 3,
       1, 3, 1, 1, 3, 2, 3, 1, 2, 0, 0, 3, 1, 2, 2, 0, 2, 1, 0, 0, 3, 3,
       2, 0, 2, 3, 2, 2, 2, 3, 2, 1, 0, 1, 0, 0, 0, 3, 0, 2, 2, 0, 3, 0,
       2, 3, 1, 0, 1, 3, 0, 2, 3, 0, 3, 0, 2, 0, 1, 3, 2, 2, 0, 3, 2, 3,
       1, 1, 0, 0, 3, 2, 0, 1, 2, 2], dtype=object)]
[365, array([-58., -29., -29.,   0.]), array([2, 2, 3, 2, 2, 2, 1, 2, 0, 0, 0, 2, 1, 0, 0, 2, 2, 0, 0, 2, 2, 3,
       0, 0, 2, 3, 2, 2, 2, 2, 2, 0, 1, 0, 3, 1, 1, 2, 1, 3, 0, 2, 0, 3,
       1, 3, 1, 1, 3, 2, 3, 1, 2, 0, 0, 3, 1, 2, 2, 0, 2, 1, 0, 0, 3, 3,
       2, 0, 2, 3, 2, 2, 2, 3, 2, 1, 0, 1, 0, 0, 0, 3, 0, 2, 2, 0, 3, 0,
       2, 3, 1, 0, 1, 3, 0, 2, 3, 0, 3, 0, 2, 0, 1, 3, 2, 2, 0, 3, 2, 3,
       1, 1, 0, 0, 3, 2, 0, 1, 2, 2], dtype=object)]
[365, array([-58., -29., -29.,   0.]), array([2, 2, 3, 2, 2, 2, 1, 2, 0, 0, 0, 2, 1, 0, 0, 2, 2, 0, 0, 2, 2, 3,
       0, 0, 2, 3, 2, 2, 2, 2, 2, 0, 1, 0, 3, 1, 1, 2, 1, 3, 0, 2, 0, 3,
       1, 3, 1, 1, 3, 2, 3, 1, 2, 0, 0, 3, 1, 2, 2, 0, 2, 1, 0, 0, 3, 3,
       2, 0, 2, 3, 2, 2, 2, 3, 2, 1, 0, 1, 0, 0, 0, 3, 0, 2, 2, 0, 3, 0,
       2, 3, 1, 0, 1, 3, 0, 2, 3, 0, 3, 0, 2, 0, 1, 3, 2, 2, 0, 3, 2, 3,
       1, 1, 0, 0, 3, 2, 0, 1, 2, 2], dtype=object)]
[365, array([-58., -29., -29.,   0.]), array([2, 2, 3, 2, 2, 2, 1, 2, 0, 0, 0, 2, 1, 0, 0, 2, 2, 0, 0, 2, 2, 3,
       0, 0, 2, 3, 2, 2, 2, 2, 2, 0, 1, 0, 3, 1, 1, 2, 1, 3, 0, 2, 0, 3,
       1, 3, 1, 1, 3, 2, 3, 1, 2, 0, 0, 3, 1, 2, 2, 0, 2, 1, 0, 0, 3, 3,
       2, 0, 2, 3, 2, 2, 2, 3, 2, 1, 0, 1, 0, 0, 0, 3, 0, 2, 2, 0, 3, 0,
       2, 3, 1, 0, 1, 3, 0, 2, 3, 0, 3, 0, 2, 0, 1, 3, 2, 2, 0, 3, 2, 3,
       1, 1, 0, 0, 3, 2, 0, 1, 2, 2], dtype=object)]
[366, array([-58., -29., -29.,   0.]), array([2, 2, 1, 1, 2, 1, 1, 2, 0, 0, 0, 2, 1, 0, 0, 2, 2, 0, 0, 2, 2, 0,
       0, 0, 2, 0, 2, 2, 2, 2, 2, 0, 1, 0, 3, 1, 1, 2, 1, 3, 0, 2, 0, 3,
       1, 3, 1, 1, 3, 2, 3, 2, 2, 1, 0, 3, 1, 2, 2, 0, 2, 0, 0, 0, 3, 3,
       2, 1, 2, 3, 2, 2, 2, 3, 2, 3, 0, 2, 0, 0, 0, 3, 1, 2, 2, 0, 3, 0,
       2, 3, 1, 0, 1, 3, 0, 2, 3, 0, 3, 0, 2, 0, 1, 3, 2, 2, 0, 3, 2, 3,
       1, 1, 0, 0, 3, 2, 0, 1, 2, 2], dtype=object)]
[366, array([-58., -29., -29.,   0.]), array([2, 2, 1, 1, 2, 1, 1, 2, 0, 0, 0, 2, 1, 0, 0, 2, 2, 0, 0, 2, 2, 0,
       0, 0, 2, 0, 2, 2, 2, 2, 2, 0, 1, 0, 3, 1, 1, 2, 1, 3, 0, 2, 0, 3,
       1, 3, 1, 1, 3, 2, 3, 2, 2, 1, 0, 3, 1, 2, 2, 0, 2, 0, 0, 0, 3, 3,
       2, 1, 2, 3, 2, 2, 2, 3, 2, 3, 0, 2, 0, 0, 0, 3, 1, 2, 2, 0, 3, 0,
       2, 3, 1, 0, 1, 3, 0, 2, 3, 0, 3, 0, 2, 0, 1, 3, 2, 2, 0, 3, 2, 3,
       1, 1, 0, 0, 3, 2, 0, 1, 2, 2], dtype=object)]
[366, array([-58., -29., -29.,   0.]), array([2, 2, 1, 1, 2, 1, 1, 2, 0, 0, 0, 2, 1, 0, 0, 2, 2, 0, 0, 2, 2, 0,
       0, 0, 2, 0, 2, 2, 2, 2, 2, 0, 1, 0, 3, 1, 1, 2, 1, 3, 0, 2, 0, 3,
       1, 3, 1, 1, 3, 2, 3, 2, 2, 1, 0, 3, 1, 2, 2, 0, 2, 0, 0, 0, 3, 3,
       2, 1, 2, 3, 2, 2, 2, 3, 2, 3, 0, 2, 0, 0, 0, 3, 1, 2, 2, 0, 3, 0,
       2, 3, 1, 0, 1, 3, 0, 2, 3, 0, 3, 0, 2, 0, 1, 3, 2, 2, 0, 3, 2, 3,
       1, 1, 0, 0, 3, 2, 0, 1, 2, 2], dtype=object)]
[366, array([-58., -29., -29.,   0.]), array([2, 2, 1, 1, 2, 1, 1, 2, 0, 0, 0, 2, 1, 0, 0, 2, 2, 0, 0, 2, 2, 0,
       0, 0, 2, 0, 2, 2, 2, 2, 2, 0, 1, 0, 3, 1, 1, 2, 1, 3, 0, 2, 0, 3,
       1, 3, 1, 1, 3, 2, 3, 2, 2, 1, 0, 3, 1, 2, 2, 0, 2, 0, 0, 0, 3, 3,
       2, 1, 2, 3, 2, 2, 2, 3, 2, 3, 0, 2, 0, 0, 0, 3, 1, 2, 2, 0, 3, 0,
       2, 3, 1, 0, 1, 3, 0, 2, 3, 0, 3, 0, 2, 0, 1, 3, 2, 2, 0, 3, 2, 3,
       1, 1, 0, 0, 3, 2, 0, 1, 2, 2], dtype=object)]
[367, array([-58., -29., -29.,   0.]), array([2, 2, 3, 2, 2, 1, 1, 2, 0, 0, 0, 2, 1, 0, 0, 2, 2, 0, 0, 2, 2, 3,
       0, 0, 2, 3, 2, 2, 2, 2, 2, 0, 3, 0, 3, 1, 1, 2, 1, 3, 0, 2, 0, 3,
       1, 3, 1, 1, 3, 2, 3, 2, 2, 1, 0, 3, 1, 2, 2, 0, 2, 0, 0, 0, 3, 3,
       2, 1, 2, 3, 2, 2, 2, 3, 2, 1, 0, 2, 0, 0, 0, 3, 1, 2, 2, 0, 3, 0,
       2, 3, 1, 0, 1, 3, 0, 2, 3, 0, 3, 0, 2, 0, 1, 3, 2, 2, 0, 2, 2, 3,
       1, 1, 0, 0, 3, 2, 0, 1, 2, 2], dtype=object)]
[367, array([-58., -29., -29.,   0.]), array([2, 2, 3, 2, 2, 1, 1, 2, 0, 0, 0, 2, 1, 0, 0, 2, 2, 0, 0, 2, 2, 3,
       0, 0, 2, 3, 2, 2, 2, 2, 2, 0, 3, 0, 3, 1, 1, 2, 1, 3, 0, 2, 0, 3,
       1, 3, 1, 1, 3, 2, 3, 2, 2, 1, 0, 3, 1, 2, 2, 0, 2, 0, 0, 0, 3, 3,
       2, 1, 2, 3, 2, 2, 2, 3, 2, 1, 0, 2, 0, 0, 0, 3, 1, 2, 2, 0, 3, 0,
       2, 3, 1, 0, 1, 3, 0, 2, 3, 0, 3, 0, 2, 0, 1, 3, 2, 2, 0, 2, 2, 3,
       1, 1, 0, 0, 3, 2, 0, 1, 2, 2], dtype=object)]
[367, array([-58., -29., -29.,   0.]), array([2, 2, 3, 2, 2, 1, 1, 2, 0, 0, 0, 2, 1, 0, 0, 2, 2, 0, 0, 2, 2, 3,
       0, 0, 2, 3, 2, 2, 2, 2, 2, 0, 3, 0, 3, 1, 1, 2, 1, 3, 0, 2, 0, 3,
       1, 3, 1, 1, 3, 2, 3, 2, 2, 1, 0, 3, 1, 2, 2, 0, 2, 0, 0, 0, 3, 3,
       2, 1, 2, 3, 2, 2, 2, 3, 2, 1, 0, 2, 0, 0, 0, 3, 1, 2, 2, 0, 3, 0,
       2, 3, 1, 0, 1, 3, 0, 2, 3, 0, 3, 0, 2, 0, 1, 3, 2, 2, 0, 2, 2, 3,
       1, 1, 0, 0, 3, 2, 0, 1, 2, 2], dtype=object)]
[367, array([-58., -29., -29.,   0.]), array([2, 2, 3, 2, 2, 1, 1, 2, 0, 0, 0, 2, 1, 0, 0, 2, 2, 0, 0, 2, 2, 3,
       0, 0, 2, 3, 2, 2, 2, 2, 2, 0, 3, 0, 3, 1, 1, 2, 1, 3, 0, 2, 0, 3,
       1, 3, 1, 1, 3, 2, 3, 2, 2, 1, 0, 3, 1, 2, 2, 0, 2, 0, 0, 0, 3, 3,
       2, 1, 2, 3, 2, 2, 2, 3, 2, 1, 0, 2, 0, 0, 0, 3, 1, 2, 2, 0, 3, 0,
       2, 3, 1, 0, 1, 3, 0, 2, 3, 0, 3, 0, 2, 0, 1, 3, 2, 2, 0, 2, 2, 3,
       1, 1, 0, 0, 3, 2, 0, 1, 2, 2], dtype=object)]
[368, array([-58., -29., -29.,   0.]), array([2, 2, 3, 2, 2, 1, 1, 2, 0, 0, 0, 2, 1, 0, 0, 2, 2, 0, 0, 2, 2, 3,
       0, 0, 2, 3, 2, 2, 2, 2, 2, 0, 3, 0, 3, 1, 1, 2, 1, 3, 0, 2, 0, 3,
       1, 3, 1, 1, 3, 2, 3, 2, 2, 1, 0, 3, 1, 2, 2, 0, 2, 0, 0, 0, 3, 3,
       2, 1, 2, 3, 2, 2, 2, 3, 2, 1, 0, 2, 0, 0, 0, 3, 1, 2, 2, 0, 3, 0,
       2, 3, 1, 0, 1, 3, 0, 2, 3, 0, 3, 0, 2, 0, 1, 3, 2, 2, 0, 0, 2, 3,
       1, 1, 0, 0, 3, 2, 0, 1, 2, 2], dtype=object)]
[368, array([-58., -29., -29.,   0.]), array([2, 2, 3, 2, 2, 1, 1, 2, 0, 0, 0, 2, 1, 0, 0, 2, 2, 0, 0, 2, 2, 3,
       0, 0, 2, 3, 2, 2, 2, 2, 2, 0, 3, 0, 3, 1, 1, 2, 1, 3, 0, 2, 0, 3,
       1, 3, 1, 1, 3, 2, 3, 2, 2, 1, 0, 3, 1, 2, 2, 0, 2, 0, 0, 0, 3, 3,
       2, 1, 2, 3, 2, 2, 2, 3, 2, 1, 0, 2, 0, 0, 0, 3, 1, 2, 2, 0, 3, 0,
       2, 3, 1, 0, 1, 3, 0, 2, 3, 0, 3, 0, 2, 0, 1, 3, 2, 2, 0, 0, 2, 3,
       1, 1, 0, 0, 3, 2, 0, 1, 2, 2], dtype=object)]
[368, array([-58., -29., -29.,   0.]), array([2, 2, 3, 2, 2, 1, 1, 2, 0, 0, 0, 2, 1, 0, 0, 2, 2, 0, 0, 2, 2, 3,
       0, 0, 2, 3, 2, 2, 2, 2, 2, 0, 3, 0, 3, 1, 1, 2, 1, 3, 0, 2, 0, 3,
       1, 3, 1, 1, 3, 2, 3, 2, 2, 1, 0, 3, 1, 2, 2, 0, 2, 0, 0, 0, 3, 3,
       2, 1, 2, 3, 2, 2, 2, 3, 2, 1, 0, 2, 0, 0, 0, 3, 1, 2, 2, 0, 3, 0,
       2, 3, 1, 0, 1, 3, 0, 2, 3, 0, 3, 0, 2, 0, 1, 3, 2, 2, 0, 0, 2, 3,
       1, 1, 0, 0, 3, 2, 0, 1, 2, 2], dtype=object)]
[368, array([-58., -29., -29.,   0.]), array([2, 2, 3, 2, 2, 1, 1, 2, 0, 0, 0, 2, 1, 0, 0, 2, 2, 0, 0, 2, 2, 3,
       0, 0, 2, 3, 2, 2, 2, 2, 2, 0, 3, 0, 3, 1, 1, 2, 1, 3, 0, 2, 0, 3,
       1, 3, 1, 1, 3, 2, 3, 2, 2, 1, 0, 3, 1, 2, 2, 0, 2, 0, 0, 0, 3, 3,
       2, 1, 2, 3, 2, 2, 2, 3, 2, 1, 0, 2, 0, 0, 0, 3, 1, 2, 2, 0, 3, 0,
       2, 3, 1, 0, 1, 3, 0, 2, 3, 0, 3, 0, 2, 0, 1, 3, 2, 2, 0, 0, 2, 3,
       1, 1, 0, 0, 3, 2, 0, 1, 2, 2], dtype=object)]
[369, array([-58., -29., -29.,   0.]), array([2, 2, 1, 1, 2, 1, 1, 2, 0, 0, 0, 2, 1, 0, 0, 2, 2, 0, 0, 2, 2, 0,
       0, 0, 2, 3, 2, 2, 2, 2, 2, 0, 1, 0, 3, 3, 1, 2, 1, 3, 0, 2, 0, 3,
       1, 3, 1, 1, 3, 2, 3, 1, 2, 0, 0, 3, 1, 2, 2, 0, 2, 1, 0, 0, 3, 3,
       2, 0, 2, 3, 2, 2, 2, 3, 2, 1, 0, 1, 0, 0, 0, 3, 0, 2, 2, 0, 3, 2,
       2, 3, 1, 0, 1, 3, 0, 0, 3, 0, 3, 0, 2, 0, 1, 3, 2, 2, 0, 3, 2, 3,
       1, 2, 0, 0, 1, 2, 0, 1, 2, 2], dtype=object)]
[369, array([-58., -29., -29.,   0.]), array([2, 2, 1, 1, 2, 1, 1, 2, 0, 0, 0, 2, 1, 0, 0, 2, 2, 0, 0, 2, 2, 0,
       0, 0, 2, 3, 2, 2, 2, 2, 2, 0, 1, 0, 3, 3, 1, 2, 1, 3, 0, 2, 0, 3,
       1, 3, 1, 1, 3, 2, 3, 1, 2, 0, 0, 3, 1, 2, 2, 0, 2, 1, 0, 0, 3, 3,
       2, 0, 2, 3, 2, 2, 2, 3, 2, 1, 0, 1, 0, 0, 0, 3, 0, 2, 2, 0, 3, 2,
       2, 3, 1, 0, 1, 3, 0, 0, 3, 0, 3, 0, 2, 0, 1, 3, 2, 2, 0, 3, 2, 3,
       1, 2, 0, 0, 1, 2, 0, 1, 2, 2], dtype=object)]
[369, array([-58., -29., -29.,   0.]), array([2, 2, 1, 1, 2, 1, 1, 2, 0, 0, 0, 2, 1, 0, 0, 2, 2, 0, 0, 2, 2, 0,
       0, 0, 2, 3, 2, 2, 2, 2, 2, 0, 1, 0, 3, 3, 1, 2, 1, 3, 0, 2, 0, 3,
       1, 3, 1, 1, 3, 2, 3, 1, 2, 0, 0, 3, 1, 2, 2, 0, 2, 1, 0, 0, 3, 3,
       2, 0, 2, 3, 2, 2, 2, 3, 2, 1, 0, 1, 0, 0, 0, 3, 0, 2, 2, 0, 3, 2,
       2, 3, 1, 0, 1, 3, 0, 0, 3, 0, 3, 0, 2, 0, 1, 3, 2, 2, 0, 3, 2, 3,
       1, 2, 0, 0, 1, 2, 0, 1, 2, 2], dtype=object)]
[369, array([-58., -29., -29.,   0.]), array([2, 2, 1, 1, 2, 1, 1, 2, 0, 0, 0, 2, 1, 0, 0, 2, 2, 0, 0, 2, 2, 0,
       0, 0, 2, 3, 2, 2, 2, 2, 2, 0, 1, 0, 3, 3, 1, 2, 1, 3, 0, 2, 0, 3,
       1, 3, 1, 1, 3, 2, 3, 1, 2, 0, 0, 3, 1, 2, 2, 0, 2, 1, 0, 0, 3, 3,
       2, 0, 2, 3, 2, 2, 2, 3, 2, 1, 0, 1, 0, 0, 0, 3, 0, 2, 2, 0, 3, 2,
       2, 3, 1, 0, 1, 3, 0, 0, 3, 0, 3, 0, 2, 0, 1, 3, 2, 2, 0, 3, 2, 3,
       1, 2, 0, 0, 1, 2, 0, 1, 2, 2], dtype=object)]
[370, array([-58., -29., -29.,   0.]), array([2, 2, 1, 1, 2, 1, 1, 2, 0, 0, 0, 2, 1, 0, 0, 2, 2, 0, 0, 2, 2, 0,
       0, 0, 2, 3, 2, 2, 2, 2, 2, 0, 1, 0, 3, 3, 1, 2, 1, 3, 0, 2, 0, 3,
       1, 3, 1, 1, 3, 2, 3, 1, 2, 0, 0, 3, 1, 2, 2, 0, 2, 1, 0, 0, 3, 3,
       2, 0, 2, 3, 2, 2, 2, 3, 2, 1, 0, 1, 0, 0, 0, 3, 0, 2, 2, 0, 3, 2,
       2, 3, 1, 0, 1, 3, 0, 0, 3, 0, 3, 0, 2, 0, 1, 3, 0, 2, 0, 3, 2, 3,
       1, 2, 0, 0, 1, 2, 0, 1, 2, 2], dtype=object)]
[370, array([-58., -29., -29.,   0.]), array([2, 2, 1, 1, 2, 1, 1, 2, 0, 0, 0, 2, 1, 0, 0, 2, 2, 0, 0, 2, 2, 0,
       0, 0, 2, 3, 2, 2, 2, 2, 2, 0, 1, 0, 3, 3, 1, 2, 1, 3, 0, 2, 0, 3,
       1, 3, 1, 1, 3, 2, 3, 1, 2, 0, 0, 3, 1, 2, 2, 0, 2, 1, 0, 0, 3, 3,
       2, 0, 2, 3, 2, 2, 2, 3, 2, 1, 0, 1, 0, 0, 0, 3, 0, 2, 2, 0, 3, 2,
       2, 3, 1, 0, 1, 3, 0, 0, 3, 0, 3, 0, 2, 0, 1, 3, 0, 2, 0, 3, 2, 3,
       1, 2, 0, 0, 1, 2, 0, 1, 2, 2], dtype=object)]
[370, array([-58., -29., -29.,   0.]), array([2, 2, 1, 1, 2, 1, 1, 2, 0, 0, 0, 2, 1, 0, 0, 2, 2, 0, 0, 2, 2, 0,
       0, 0, 2, 3, 2, 2, 2, 2, 2, 0, 1, 0, 3, 3, 1, 2, 1, 3, 0, 2, 0, 3,
       1, 3, 1, 1, 3, 2, 3, 1, 2, 0, 0, 3, 1, 2, 2, 0, 2, 1, 0, 0, 3, 3,
       2, 0, 2, 3, 2, 2, 2, 3, 2, 1, 0, 1, 0, 0, 0, 3, 0, 2, 2, 0, 3, 2,
       2, 3, 1, 0, 1, 3, 0, 0, 3, 0, 3, 0, 2, 0, 1, 3, 0, 2, 0, 3, 2, 3,
       1, 2, 0, 0, 1, 2, 0, 1, 2, 2], dtype=object)]
[370, array([-58., -29., -29.,   0.]), array([2, 2, 1, 1, 2, 1, 1, 2, 0, 0, 0, 2, 1, 0, 0, 2, 2, 0, 0, 2, 2, 0,
       0, 0, 2, 3, 2, 2, 2, 2, 2, 0, 1, 0, 3, 3, 1, 2, 1, 3, 0, 2, 0, 3,
       1, 3, 1, 1, 3, 2, 3, 1, 2, 0, 0, 3, 1, 2, 2, 0, 2, 1, 0, 0, 3, 3,
       2, 0, 2, 3, 2, 2, 2, 3, 2, 1, 0, 1, 0, 0, 0, 3, 0, 2, 2, 0, 3, 2,
       2, 3, 1, 0, 1, 3, 0, 0, 3, 0, 3, 0, 2, 0, 1, 3, 0, 2, 0, 3, 2, 3,
       1, 2, 0, 0, 1, 2, 0, 1, 2, 2], dtype=object)]
[371, array([-58., -29., -29.,   0.]), array([2, 2, 3, 1, 2, 1, 1, 2, 0, 0, 0, 2, 1, 0, 0, 2, 2, 0, 0, 2, 2, 0,
       0, 0, 2, 3, 2, 2, 2, 2, 2, 0, 1, 1, 3, 1, 1, 2, 1, 3, 0, 2, 0, 3,
       1, 3, 1, 1, 2, 2, 3, 2, 2, 3, 0, 3, 1, 2, 2, 0, 2, 0, 0, 0, 3, 3,
       2, 1, 2, 3, 2, 2, 2, 3, 2, 1, 0, 1, 0, 0, 0, 3, 0, 2, 2, 3, 3, 0,
       2, 3, 1, 0, 1, 3, 0, 0, 3, 0, 0, 0, 2, 0, 1, 3, 2, 2, 0, 3, 2, 3,
       1, 1, 1, 2, 3, 2, 0, 1, 2, 2], dtype=object)]
[371, array([-58., -29., -29.,   0.]), array([2, 2, 3, 1, 2, 1, 1, 2, 0, 0, 0, 2, 1, 0, 0, 2, 2, 0, 0, 2, 2, 0,
       0, 0, 2, 3, 2, 2, 2, 2, 2, 0, 1, 1, 3, 1, 1, 2, 1, 3, 0, 2, 0, 3,
       1, 3, 1, 1, 2, 2, 3, 2, 2, 3, 0, 3, 1, 2, 2, 0, 2, 0, 0, 0, 3, 3,
       2, 1, 2, 3, 2, 2, 2, 3, 2, 1, 0, 1, 0, 0, 0, 3, 0, 2, 2, 3, 3, 0,
       2, 3, 1, 0, 1, 3, 0, 0, 3, 0, 0, 0, 2, 0, 1, 3, 2, 2, 0, 3, 2, 3,
       1, 1, 1, 2, 3, 2, 0, 1, 2, 2], dtype=object)]
[371, array([-58., -29., -29.,   0.]), array([2, 2, 3, 1, 2, 1, 1, 2, 0, 0, 0, 2, 1, 0, 0, 2, 2, 0, 0, 2, 2, 0,
       0, 0, 2, 3, 2, 2, 2, 2, 2, 0, 1, 1, 3, 1, 1, 2, 1, 3, 0, 2, 0, 3,
       1, 3, 1, 1, 2, 2, 3, 2, 2, 3, 0, 3, 1, 2, 2, 0, 2, 0, 0, 0, 3, 3,
       2, 1, 2, 3, 2, 2, 2, 3, 2, 1, 0, 1, 0, 0, 0, 3, 0, 2, 2, 3, 3, 0,
       2, 3, 1, 0, 1, 3, 0, 0, 3, 0, 0, 0, 2, 0, 1, 3, 2, 2, 0, 3, 2, 3,
       1, 1, 1, 2, 3, 2, 0, 1, 2, 2], dtype=object)]
[371, array([-58., -29., -29.,   0.]), array([2, 2, 3, 1, 2, 1, 1, 2, 0, 0, 0, 2, 1, 0, 0, 2, 2, 0, 0, 2, 2, 0,
       0, 0, 2, 3, 2, 2, 2, 2, 2, 0, 1, 1, 3, 1, 1, 2, 1, 3, 0, 2, 0, 3,
       1, 3, 1, 1, 2, 2, 3, 2, 2, 3, 0, 3, 1, 2, 2, 0, 2, 0, 0, 0, 3, 3,
       2, 1, 2, 3, 2, 2, 2, 3, 2, 1, 0, 1, 0, 0, 0, 3, 0, 2, 2, 3, 3, 0,
       2, 3, 1, 0, 1, 3, 0, 0, 3, 0, 0, 0, 2, 0, 1, 3, 2, 2, 0, 3, 2, 3,
       1, 1, 1, 2, 3, 2, 0, 1, 2, 2], dtype=object)]
[372, array([-58., -29., -29.,   0.]), array([2, 2, 3, 1, 2, 1, 1, 2, 0, 0, 0, 2, 3, 0, 0, 2, 2, 3, 0, 2, 2, 0,
       0, 0, 2, 3, 2, 2, 2, 2, 2, 0, 1, 1, 3, 1, 1, 2, 1, 3, 0, 2, 0, 3,
       1, 3, 1, 1, 2, 2, 3, 2, 2, 3, 0, 3, 1, 2, 2, 0, 2, 0, 0, 0, 3, 3,
       2, 1, 2, 3, 2, 2, 2, 3, 2, 1, 0, 1, 0, 0, 0, 3, 0, 2, 2, 3, 3, 0,
       2, 3, 1, 0, 1, 3, 0, 0, 3, 0, 0, 0, 2, 0, 1, 3, 2, 2, 0, 3, 2, 3,
       1, 1, 1, 2, 3, 2, 0, 1, 2, 2], dtype=object)]
[372, array([-58., -29., -29.,   0.]), array([2, 2, 3, 1, 2, 1, 1, 2, 0, 0, 0, 2, 3, 0, 0, 2, 2, 3, 0, 2, 2, 0,
       0, 0, 2, 3, 2, 2, 2, 2, 2, 0, 1, 1, 3, 1, 1, 2, 1, 3, 0, 2, 0, 3,
       1, 3, 1, 1, 2, 2, 3, 2, 2, 3, 0, 3, 1, 2, 2, 0, 2, 0, 0, 0, 3, 3,
       2, 1, 2, 3, 2, 2, 2, 3, 2, 1, 0, 1, 0, 0, 0, 3, 0, 2, 2, 3, 3, 0,
       2, 3, 1, 0, 1, 3, 0, 0, 3, 0, 0, 0, 2, 0, 1, 3, 2, 2, 0, 3, 2, 3,
       1, 1, 1, 2, 3, 2, 0, 1, 2, 2], dtype=object)]
[372, array([-58., -29., -29.,   0.]), array([2, 2, 3, 1, 2, 1, 1, 2, 0, 0, 0, 2, 3, 0, 0, 2, 2, 3, 0, 2, 2, 0,
       0, 0, 2, 3, 2, 2, 2, 2, 2, 0, 1, 1, 3, 1, 1, 2, 1, 3, 0, 2, 0, 3,
       1, 3, 1, 1, 2, 2, 3, 2, 2, 3, 0, 3, 1, 2, 2, 0, 2, 0, 0, 0, 3, 3,
       2, 1, 2, 3, 2, 2, 2, 3, 2, 1, 0, 1, 0, 0, 0, 3, 0, 2, 2, 3, 3, 0,
       2, 3, 1, 0, 1, 3, 0, 0, 3, 0, 0, 0, 2, 0, 1, 3, 2, 2, 0, 3, 2, 3,
       1, 1, 1, 2, 3, 2, 0, 1, 2, 2], dtype=object)]
[372, array([-58., -29., -29.,   0.]), array([2, 2, 3, 1, 2, 1, 1, 2, 0, 0, 0, 2, 3, 0, 0, 2, 2, 3, 0, 2, 2, 0,
       0, 0, 2, 3, 2, 2, 2, 2, 2, 0, 1, 1, 3, 1, 1, 2, 1, 3, 0, 2, 0, 3,
       1, 3, 1, 1, 2, 2, 3, 2, 2, 3, 0, 3, 1, 2, 2, 0, 2, 0, 0, 0, 3, 3,
       2, 1, 2, 3, 2, 2, 2, 3, 2, 1, 0, 1, 0, 0, 0, 3, 0, 2, 2, 3, 3, 0,
       2, 3, 1, 0, 1, 3, 0, 0, 3, 0, 0, 0, 2, 0, 1, 3, 2, 2, 0, 3, 2, 3,
       1, 1, 1, 2, 3, 2, 0, 1, 2, 2], dtype=object)]
[373, array([-58., -29., -29.,   0.]), array([2, 2, 1, 1, 2, 1, 1, 2, 0, 0, 0, 2, 1, 0, 0, 2, 2, 3, 0, 2, 2, 0,
       0, 0, 2, 0, 2, 2, 2, 2, 2, 0, 1, 0, 3, 1, 1, 2, 1, 3, 0, 2, 0, 3,
       1, 3, 1, 1, 2, 2, 3, 2, 2, 1, 0, 3, 1, 2, 2, 0, 2, 0, 0, 0, 3, 3,
       2, 3, 2, 3, 2, 2, 2, 3, 2, 1, 0, 2, 0, 0, 0, 3, 0, 2, 2, 0, 3, 0,
       2, 3, 1, 0, 1, 3, 0, 2, 3, 0, 3, 0, 2, 0, 1, 3, 2, 2, 0, 2, 2, 3,
       1, 1, 1, 2, 1, 2, 0, 1, 2, 2], dtype=object)]
[373, array([-58., -29., -29.,   0.]), array([2, 2, 1, 1, 2, 1, 1, 2, 0, 0, 0, 2, 1, 0, 0, 2, 2, 3, 0, 2, 2, 0,
       0, 0, 2, 0, 2, 2, 2, 2, 2, 0, 1, 0, 3, 1, 1, 2, 1, 3, 0, 2, 0, 3,
       1, 3, 1, 1, 2, 2, 3, 2, 2, 1, 0, 3, 1, 2, 2, 0, 2, 0, 0, 0, 3, 3,
       2, 3, 2, 3, 2, 2, 2, 3, 2, 1, 0, 2, 0, 0, 0, 3, 0, 2, 2, 0, 3, 0,
       2, 3, 1, 0, 1, 3, 0, 2, 3, 0, 3, 0, 2, 0, 1, 3, 2, 2, 0, 2, 2, 3,
       1, 1, 1, 2, 1, 2, 0, 1, 2, 2], dtype=object)]
[373, array([-58., -29., -29.,   0.]), array([2, 2, 1, 1, 2, 1, 1, 2, 0, 0, 0, 2, 1, 0, 0, 2, 2, 3, 0, 2, 2, 0,
       0, 0, 2, 0, 2, 2, 2, 2, 2, 0, 1, 0, 3, 1, 1, 2, 1, 3, 0, 2, 0, 3,
       1, 3, 1, 1, 2, 2, 3, 2, 2, 1, 0, 3, 1, 2, 2, 0, 2, 0, 0, 0, 3, 3,
       2, 3, 2, 3, 2, 2, 2, 3, 2, 1, 0, 2, 0, 0, 0, 3, 0, 2, 2, 0, 3, 0,
       2, 3, 1, 0, 1, 3, 0, 2, 3, 0, 3, 0, 2, 0, 1, 3, 2, 2, 0, 2, 2, 3,
       1, 1, 1, 2, 1, 2, 0, 1, 2, 2], dtype=object)]
[373, array([-58., -29., -29.,   0.]), array([2, 2, 1, 1, 2, 1, 1, 2, 0, 0, 0, 2, 1, 0, 0, 2, 2, 3, 0, 2, 2, 0,
       0, 0, 2, 0, 2, 2, 2, 2, 2, 0, 1, 0, 3, 1, 1, 2, 1, 3, 0, 2, 0, 3,
       1, 3, 1, 1, 2, 2, 3, 2, 2, 1, 0, 3, 1, 2, 2, 0, 2, 0, 0, 0, 3, 3,
       2, 3, 2, 3, 2, 2, 2, 3, 2, 1, 0, 2, 0, 0, 0, 3, 0, 2, 2, 0, 3, 0,
       2, 3, 1, 0, 1, 3, 0, 2, 3, 0, 3, 0, 2, 0, 1, 3, 2, 2, 0, 2, 2, 3,
       1, 1, 1, 2, 1, 2, 0, 1, 2, 2], dtype=object)]
[374, array([-58., -29., -29.,   0.]), array([2, 1, 1, 1, 2, 1, 1, 2, 0, 0, 0, 2, 1, 0, 0, 2, 2, 3, 0, 2, 2, 0,
       0, 0, 2, 0, 2, 2, 2, 2, 2, 0, 1, 0, 3, 1, 1, 2, 1, 3, 0, 2, 0, 3,
       1, 3, 1, 1, 2, 2, 3, 2, 2, 1, 0, 3, 1, 2, 2, 0, 2, 0, 0, 0, 3, 3,
       2, 3, 2, 3, 2, 2, 2, 3, 2, 1, 0, 2, 0, 0, 0, 3, 0, 2, 2, 0, 3, 0,
       2, 3, 1, 0, 1, 3, 0, 2, 3, 0, 3, 0, 2, 0, 1, 3, 2, 2, 0, 2, 2, 3,
       1, 1, 1, 2, 1, 2, 0, 1, 2, 2], dtype=object)]
[374, array([-58., -29., -29.,   0.]), array([2, 1, 1, 1, 2, 1, 1, 2, 0, 0, 0, 2, 1, 0, 0, 2, 2, 3, 0, 2, 2, 0,
       0, 0, 2, 0, 2, 2, 2, 2, 2, 0, 1, 0, 3, 1, 1, 2, 1, 3, 0, 2, 0, 3,
       1, 3, 1, 1, 2, 2, 3, 2, 2, 1, 0, 3, 1, 2, 2, 0, 2, 0, 0, 0, 3, 3,
       2, 3, 2, 3, 2, 2, 2, 3, 2, 1, 0, 2, 0, 0, 0, 3, 0, 2, 2, 0, 3, 0,
       2, 3, 1, 0, 1, 3, 0, 2, 3, 0, 3, 0, 2, 0, 1, 3, 2, 2, 0, 2, 2, 3,
       1, 1, 1, 2, 1, 2, 0, 1, 2, 2], dtype=object)]
[374, array([-58., -29., -29.,   0.]), array([2, 1, 1, 1, 2, 1, 1, 2, 0, 0, 0, 2, 1, 0, 0, 2, 2, 3, 0, 2, 2, 0,
       0, 0, 2, 0, 2, 2, 2, 2, 2, 0, 1, 0, 3, 1, 1, 2, 1, 3, 0, 2, 0, 3,
       1, 3, 1, 1, 2, 2, 3, 2, 2, 1, 0, 3, 1, 2, 2, 0, 2, 0, 0, 0, 3, 3,
       2, 3, 2, 3, 2, 2, 2, 3, 2, 1, 0, 2, 0, 0, 0, 3, 0, 2, 2, 0, 3, 0,
       2, 3, 1, 0, 1, 3, 0, 2, 3, 0, 3, 0, 2, 0, 1, 3, 2, 2, 0, 2, 2, 3,
       1, 1, 1, 2, 1, 2, 0, 1, 2, 2], dtype=object)]
[374, array([-58., -29., -29.,   0.]), array([2, 1, 1, 1, 2, 1, 1, 2, 0, 0, 0, 2, 1, 0, 0, 2, 2, 3, 0, 2, 2, 0,
       0, 0, 2, 0, 2, 2, 2, 2, 2, 0, 1, 0, 3, 1, 1, 2, 1, 3, 0, 2, 0, 3,
       1, 3, 1, 1, 2, 2, 3, 2, 2, 1, 0, 3, 1, 2, 2, 0, 2, 0, 0, 0, 3, 3,
       2, 3, 2, 3, 2, 2, 2, 3, 2, 1, 0, 2, 0, 0, 0, 3, 0, 2, 2, 0, 3, 0,
       2, 3, 1, 0, 1, 3, 0, 2, 3, 0, 3, 0, 2, 0, 1, 3, 2, 2, 0, 2, 2, 3,
       1, 1, 1, 2, 1, 2, 0, 1, 2, 2], dtype=object)]
[375, array([-58., -29., -29.,   0.]), array([2, 2, 1, 1, 2, 1, 1, 2, 0, 0, 0, 2, 1, 0, 0, 2, 2, 0, 0, 2, 2, 0,
       0, 0, 2, 3, 2, 2, 2, 2, 2, 0, 2, 1, 3, 1, 1, 2, 1, 3, 0, 2, 0, 3,
       1, 3, 1, 1, 2, 2, 3, 2, 2, 3, 0, 3, 1, 2, 2, 0, 2, 1, 0, 0, 3, 3,
       2, 2, 2, 3, 2, 2, 2, 3, 2, 1, 0, 2, 0, 0, 0, 3, 0, 2, 2, 0, 3, 0,
       2, 3, 1, 0, 1, 0, 0, 0, 3, 0, 3, 0, 2, 0, 1, 3, 2, 2, 0, 3, 2, 3,
       1, 2, 0, 0, 3, 2, 0, 1, 2, 2], dtype=object)]
[375, array([-58., -29., -29.,   0.]), array([2, 2, 1, 1, 2, 1, 1, 2, 0, 0, 0, 2, 1, 0, 0, 2, 2, 0, 0, 2, 2, 0,
       0, 0, 2, 3, 2, 2, 2, 2, 2, 0, 2, 1, 3, 1, 1, 2, 1, 3, 0, 2, 0, 3,
       1, 3, 1, 1, 2, 2, 3, 2, 2, 3, 0, 3, 1, 2, 2, 0, 2, 1, 0, 0, 3, 3,
       2, 2, 2, 3, 2, 2, 2, 3, 2, 1, 0, 2, 0, 0, 0, 3, 0, 2, 2, 0, 3, 0,
       2, 3, 1, 0, 1, 0, 0, 0, 3, 0, 3, 0, 2, 0, 1, 3, 2, 2, 0, 3, 2, 3,
       1, 2, 0, 0, 3, 2, 0, 1, 2, 2], dtype=object)]
[375, array([-58., -29., -29.,   0.]), array([2, 2, 1, 1, 2, 1, 1, 2, 0, 0, 0, 2, 1, 0, 0, 2, 2, 0, 0, 2, 2, 0,
       0, 0, 2, 3, 2, 2, 2, 2, 2, 0, 2, 1, 3, 1, 1, 2, 1, 3, 0, 2, 0, 3,
       1, 3, 1, 1, 2, 2, 3, 2, 2, 3, 0, 3, 1, 2, 2, 0, 2, 1, 0, 0, 3, 3,
       2, 2, 2, 3, 2, 2, 2, 3, 2, 1, 0, 2, 0, 0, 0, 3, 0, 2, 2, 0, 3, 0,
       2, 3, 1, 0, 1, 0, 0, 0, 3, 0, 3, 0, 2, 0, 1, 3, 2, 2, 0, 3, 2, 3,
       1, 2, 0, 0, 3, 2, 0, 1, 2, 2], dtype=object)]
[375, array([-58., -29., -29.,   0.]), array([2, 2, 1, 1, 2, 1, 1, 2, 0, 0, 0, 2, 1, 0, 0, 2, 2, 0, 0, 2, 2, 0,
       0, 0, 2, 3, 2, 2, 2, 2, 2, 0, 2, 1, 3, 1, 1, 2, 1, 3, 0, 2, 0, 3,
       1, 3, 1, 1, 2, 2, 3, 2, 2, 3, 0, 3, 1, 2, 2, 0, 2, 1, 0, 0, 3, 3,
       2, 2, 2, 3, 2, 2, 2, 3, 2, 1, 0, 2, 0, 0, 0, 3, 0, 2, 2, 0, 3, 0,
       2, 3, 1, 0, 1, 0, 0, 0, 3, 0, 3, 0, 2, 0, 1, 3, 2, 2, 0, 3, 2, 3,
       1, 2, 0, 0, 3, 2, 0, 1, 2, 2], dtype=object)]
[376, array([-58., -29., -29.,   0.]), array([2, 2, 1, 1, 2, 1, 1, 2, 0, 0, 0, 2, 1, 0, 2, 2, 2, 0, 0, 2, 2, 0,
       0, 0, 2, 3, 2, 2, 2, 2, 2, 0, 2, 1, 3, 1, 1, 2, 1, 3, 0, 2, 0, 3,
       1, 3, 1, 1, 2, 2, 3, 2, 2, 3, 0, 3, 1, 2, 2, 0, 2, 1, 0, 0, 3, 3,
       2, 2, 2, 3, 2, 2, 2, 3, 2, 1, 0, 2, 0, 0, 0, 3, 0, 2, 2, 0, 3, 0,
       2, 3, 1, 0, 1, 0, 0, 0, 3, 0, 3, 0, 2, 0, 1, 3, 2, 2, 0, 3, 2, 3,
       1, 2, 0, 0, 3, 2, 0, 1, 2, 2], dtype=object)]
[376, array([-58., -29., -29.,   0.]), array([2, 2, 1, 1, 2, 1, 1, 2, 0, 0, 0, 2, 1, 0, 2, 2, 2, 0, 0, 2, 2, 0,
       0, 0, 2, 3, 2, 2, 2, 2, 2, 0, 2, 1, 3, 1, 1, 2, 1, 3, 0, 2, 0, 3,
       1, 3, 1, 1, 2, 2, 3, 2, 2, 3, 0, 3, 1, 2, 2, 0, 2, 1, 0, 0, 3, 3,
       2, 2, 2, 3, 2, 2, 2, 3, 2, 1, 0, 2, 0, 0, 0, 3, 0, 2, 2, 0, 3, 0,
       2, 3, 1, 0, 1, 0, 0, 0, 3, 0, 3, 0, 2, 0, 1, 3, 2, 2, 0, 3, 2, 3,
       1, 2, 0, 0, 3, 2, 0, 1, 2, 2], dtype=object)]
[376, array([-58., -29., -29.,   0.]), array([2, 2, 1, 1, 2, 1, 1, 2, 0, 0, 0, 2, 1, 0, 2, 2, 2, 0, 0, 2, 2, 0,
       0, 0, 2, 3, 2, 2, 2, 2, 2, 0, 2, 1, 3, 1, 1, 2, 1, 3, 0, 2, 0, 3,
       1, 3, 1, 1, 2, 2, 3, 2, 2, 3, 0, 3, 1, 2, 2, 0, 2, 1, 0, 0, 3, 3,
       2, 2, 2, 3, 2, 2, 2, 3, 2, 1, 0, 2, 0, 0, 0, 3, 0, 2, 2, 0, 3, 0,
       2, 3, 1, 0, 1, 0, 0, 0, 3, 0, 3, 0, 2, 0, 1, 3, 2, 2, 0, 3, 2, 3,
       1, 2, 0, 0, 3, 2, 0, 1, 2, 2], dtype=object)]
[376, array([-58., -29., -29.,   0.]), array([2, 2, 1, 1, 2, 1, 1, 2, 0, 0, 0, 2, 1, 0, 2, 2, 2, 0, 0, 2, 2, 0,
       0, 0, 2, 3, 2, 2, 2, 2, 2, 0, 2, 1, 3, 1, 1, 2, 1, 3, 0, 2, 0, 3,
       1, 3, 1, 1, 2, 2, 3, 2, 2, 3, 0, 3, 1, 2, 2, 0, 2, 1, 0, 0, 3, 3,
       2, 2, 2, 3, 2, 2, 2, 3, 2, 1, 0, 2, 0, 0, 0, 3, 0, 2, 2, 0, 3, 0,
       2, 3, 1, 0, 1, 0, 0, 0, 3, 0, 3, 0, 2, 0, 1, 3, 2, 2, 0, 3, 2, 3,
       1, 2, 0, 0, 3, 2, 0, 1, 2, 2], dtype=object)]
[377, array([-58., -29., -29.,   0.]), array([2, 2, 1, 1, 2, 1, 1, 2, 0, 0, 0, 2, 1, 0, 0, 2, 2, 0, 0, 2, 2, 0,
       0, 0, 2, 3, 2, 2, 2, 2, 2, 0, 1, 1, 3, 1, 1, 2, 1, 3, 0, 2, 0, 3,
       1, 3, 1, 1, 2, 2, 3, 2, 2, 3, 0, 3, 1, 2, 2, 0, 2, 0, 0, 0, 3, 3,
       2, 3, 2, 3, 2, 2, 2, 3, 2, 1, 0, 2, 0, 0, 0, 3, 0, 2, 2, 0, 3, 0,
       2, 3, 1, 0, 1, 3, 0, 2, 3, 0, 3, 0, 2, 0, 1, 3, 2, 2, 0, 2, 2, 3,
       1, 2, 1, 2, 1, 2, 0, 1, 2, 2], dtype=object)]
[377, array([-58., -29., -29.,   0.]), array([2, 2, 1, 1, 2, 1, 1, 2, 0, 0, 0, 2, 1, 0, 0, 2, 2, 0, 0, 2, 2, 0,
       0, 0, 2, 3, 2, 2, 2, 2, 2, 0, 1, 1, 3, 1, 1, 2, 1, 3, 0, 2, 0, 3,
       1, 3, 1, 1, 2, 2, 3, 2, 2, 3, 0, 3, 1, 2, 2, 0, 2, 0, 0, 0, 3, 3,
       2, 3, 2, 3, 2, 2, 2, 3, 2, 1, 0, 2, 0, 0, 0, 3, 0, 2, 2, 0, 3, 0,
       2, 3, 1, 0, 1, 3, 0, 2, 3, 0, 3, 0, 2, 0, 1, 3, 2, 2, 0, 2, 2, 3,
       1, 2, 1, 2, 1, 2, 0, 1, 2, 2], dtype=object)]
[377, array([-58., -29., -29.,   0.]), array([2, 2, 1, 1, 2, 1, 1, 2, 0, 0, 0, 2, 1, 0, 0, 2, 2, 0, 0, 2, 2, 0,
       0, 0, 2, 3, 2, 2, 2, 2, 2, 0, 1, 1, 3, 1, 1, 2, 1, 3, 0, 2, 0, 3,
       1, 3, 1, 1, 2, 2, 3, 2, 2, 3, 0, 3, 1, 2, 2, 0, 2, 0, 0, 0, 3, 3,
       2, 3, 2, 3, 2, 2, 2, 3, 2, 1, 0, 2, 0, 0, 0, 3, 0, 2, 2, 0, 3, 0,
       2, 3, 1, 0, 1, 3, 0, 2, 3, 0, 3, 0, 2, 0, 1, 3, 2, 2, 0, 2, 2, 3,
       1, 2, 1, 2, 1, 2, 0, 1, 2, 2], dtype=object)]
[377, array([-58., -29., -29.,   0.]), array([2, 2, 1, 1, 2, 1, 1, 2, 0, 0, 0, 2, 1, 0, 0, 2, 2, 0, 0, 2, 2, 0,
       0, 0, 2, 3, 2, 2, 2, 2, 2, 0, 1, 1, 3, 1, 1, 2, 1, 3, 0, 2, 0, 3,
       1, 3, 1, 1, 2, 2, 3, 2, 2, 3, 0, 3, 1, 2, 2, 0, 2, 0, 0, 0, 3, 3,
       2, 3, 2, 3, 2, 2, 2, 3, 2, 1, 0, 2, 0, 0, 0, 3, 0, 2, 2, 0, 3, 0,
       2, 3, 1, 0, 1, 3, 0, 2, 3, 0, 3, 0, 2, 0, 1, 3, 2, 2, 0, 2, 2, 3,
       1, 2, 1, 2, 1, 2, 0, 1, 2, 2], dtype=object)]
[378, array([-58., -29., -29.,   0.]), array([2, 3, 1, 1, 2, 1, 1, 2, 0, 0, 0, 2, 1, 0, 0, 2, 2, 0, 0, 2, 2, 0,
       0, 0, 2, 0, 2, 2, 2, 2, 2, 0, 2, 1, 3, 1, 1, 2, 1, 3, 0, 2, 0, 3,
       1, 3, 1, 1, 2, 2, 3, 2, 2, 3, 0, 3, 1, 2, 2, 0, 2, 1, 0, 0, 3, 3,
       2, 2, 2, 3, 2, 2, 2, 3, 2, 1, 0, 2, 0, 0, 0, 3, 0, 2, 2, 0, 3, 0,
       2, 3, 1, 0, 1, 3, 0, 0, 3, 0, 2, 1, 2, 0, 1, 3, 2, 2, 0, 3, 2, 3,
       1, 1, 1, 0, 3, 2, 0, 1, 2, 2], dtype=object)]
[378, array([-58., -29., -29.,   0.]), array([2, 3, 1, 1, 2, 1, 1, 2, 0, 0, 0, 2, 1, 0, 0, 2, 2, 0, 0, 2, 2, 0,
       0, 0, 2, 0, 2, 2, 2, 2, 2, 0, 2, 1, 3, 1, 1, 2, 1, 3, 0, 2, 0, 3,
       1, 3, 1, 1, 2, 2, 3, 2, 2, 3, 0, 3, 1, 2, 2, 0, 2, 1, 0, 0, 3, 3,
       2, 2, 2, 3, 2, 2, 2, 3, 2, 1, 0, 2, 0, 0, 0, 3, 0, 2, 2, 0, 3, 0,
       2, 3, 1, 0, 1, 3, 0, 0, 3, 0, 2, 1, 2, 0, 1, 3, 2, 2, 0, 3, 2, 3,
       1, 1, 1, 0, 3, 2, 0, 1, 2, 2], dtype=object)]
[378, array([-58., -29., -29.,   0.]), array([2, 3, 1, 1, 2, 1, 1, 2, 0, 0, 0, 2, 1, 0, 0, 2, 2, 0, 0, 2, 2, 0,
       0, 0, 2, 0, 2, 2, 2, 2, 2, 0, 2, 1, 3, 1, 1, 2, 1, 3, 0, 2, 0, 3,
       1, 3, 1, 1, 2, 2, 3, 2, 2, 3, 0, 3, 1, 2, 2, 0, 2, 1, 0, 0, 3, 3,
       2, 2, 2, 3, 2, 2, 2, 3, 2, 1, 0, 2, 0, 0, 0, 3, 0, 2, 2, 0, 3, 0,
       2, 3, 1, 0, 1, 3, 0, 0, 3, 0, 2, 1, 2, 0, 1, 3, 2, 2, 0, 3, 2, 3,
       1, 1, 1, 0, 3, 2, 0, 1, 2, 2], dtype=object)]
[378, array([-58., -29., -29.,   0.]), array([2, 3, 1, 1, 2, 1, 1, 2, 0, 0, 0, 2, 1, 0, 0, 2, 2, 0, 0, 2, 2, 0,
       0, 0, 2, 0, 2, 2, 2, 2, 2, 0, 2, 1, 3, 1, 1, 2, 1, 3, 0, 2, 0, 3,
       1, 3, 1, 1, 2, 2, 3, 2, 2, 3, 0, 3, 1, 2, 2, 0, 2, 1, 0, 0, 3, 3,
       2, 2, 2, 3, 2, 2, 2, 3, 2, 1, 0, 2, 0, 0, 0, 3, 0, 2, 2, 0, 3, 0,
       2, 3, 1, 0, 1, 3, 0, 0, 3, 0, 2, 1, 2, 0, 1, 3, 2, 2, 0, 3, 2, 3,
       1, 1, 1, 0, 3, 2, 0, 1, 2, 2], dtype=object)]
[379, array([-58., -29., -29.,   0.]), array([2, 2, 1, 2, 2, 1, 1, 2, 0, 0, 0, 2, 1, 0, 0, 2, 2, 0, 0, 2, 2, 0,
       0, 0, 2, 0, 2, 2, 2, 2, 2, 0, 1, 0, 3, 1, 1, 2, 1, 3, 0, 2, 0, 3,
       1, 3, 1, 1, 2, 2, 3, 2, 2, 3, 0, 3, 1, 2, 2, 0, 2, 1, 0, 0, 3, 3,
       2, 2, 2, 3, 2, 2, 2, 3, 2, 1, 0, 2, 0, 0, 0, 3, 0, 2, 2, 0, 3, 3,
       2, 3, 1, 0, 1, 3, 0, 2, 3, 0, 3, 0, 2, 0, 1, 3, 2, 2, 0, 3, 2, 3,
       1, 1, 0, 0, 1, 2, 0, 2, 2, 2], dtype=object)]
[379, array([-58., -29., -29.,   0.]), array([2, 2, 1, 2, 2, 1, 1, 2, 0, 0, 0, 2, 1, 0, 0, 2, 2, 0, 0, 2, 2, 0,
       0, 0, 2, 0, 2, 2, 2, 2, 2, 0, 1, 0, 3, 1, 1, 2, 1, 3, 0, 2, 0, 3,
       1, 3, 1, 1, 2, 2, 3, 2, 2, 3, 0, 3, 1, 2, 2, 0, 2, 1, 0, 0, 3, 3,
       2, 2, 2, 3, 2, 2, 2, 3, 2, 1, 0, 2, 0, 0, 0, 3, 0, 2, 2, 0, 3, 3,
       2, 3, 1, 0, 1, 3, 0, 2, 3, 0, 3, 0, 2, 0, 1, 3, 2, 2, 0, 3, 2, 3,
       1, 1, 0, 0, 1, 2, 0, 2, 2, 2], dtype=object)]
[379, array([-58., -29., -29.,   0.]), array([2, 2, 1, 2, 2, 1, 1, 2, 0, 0, 0, 2, 1, 0, 0, 2, 2, 0, 0, 2, 2, 0,
       0, 0, 2, 0, 2, 2, 2, 2, 2, 0, 1, 0, 3, 1, 1, 2, 1, 3, 0, 2, 0, 3,
       1, 3, 1, 1, 2, 2, 3, 2, 2, 3, 0, 3, 1, 2, 2, 0, 2, 1, 0, 0, 3, 3,
       2, 2, 2, 3, 2, 2, 2, 3, 2, 1, 0, 2, 0, 0, 0, 3, 0, 2, 2, 0, 3, 3,
       2, 3, 1, 0, 1, 3, 0, 2, 3, 0, 3, 0, 2, 0, 1, 3, 2, 2, 0, 3, 2, 3,
       1, 1, 0, 0, 1, 2, 0, 2, 2, 2], dtype=object)]
[379, array([-58., -29., -29.,   0.]), array([2, 2, 1, 2, 2, 1, 1, 2, 0, 0, 0, 2, 1, 0, 0, 2, 2, 0, 0, 2, 2, 0,
       0, 0, 2, 0, 2, 2, 2, 2, 2, 0, 1, 0, 3, 1, 1, 2, 1, 3, 0, 2, 0, 3,
       1, 3, 1, 1, 2, 2, 3, 2, 2, 3, 0, 3, 1, 2, 2, 0, 2, 1, 0, 0, 3, 3,
       2, 2, 2, 3, 2, 2, 2, 3, 2, 1, 0, 2, 0, 0, 0, 3, 0, 2, 2, 0, 3, 3,
       2, 3, 1, 0, 1, 3, 0, 2, 3, 0, 3, 0, 2, 0, 1, 3, 2, 2, 0, 3, 2, 3,
       1, 1, 0, 0, 1, 2, 0, 2, 2, 2], dtype=object)]
[380, array([-58., -29., -29.,   0.]), array([2, 2, 3, 2, 2, 1, 2, 2, 0, 0, 0, 2, 1, 0, 0, 2, 2, 0, 0, 2, 2, 3,
       0, 0, 2, 3, 2, 2, 2, 2, 2, 0, 1, 0, 3, 1, 1, 2, 1, 3, 0, 2, 0, 3,
       1, 3, 1, 1, 2, 2, 3, 2, 2, 0, 0, 3, 1, 2, 2, 0, 0, 1, 0, 0, 3, 3,
       2, 0, 2, 3, 2, 2, 2, 3, 2, 1, 0, 2, 0, 0, 0, 3, 0, 2, 2, 0, 3, 0,
       2, 3, 1, 0, 1, 0, 0, 0, 3, 0, 3, 0, 2, 0, 1, 3, 2, 2, 0, 2, 2, 3,
       1, 1, 1, 2, 1, 2, 0, 2, 2, 2], dtype=object)]
[380, array([-58., -29., -29.,   0.]), array([2, 2, 3, 2, 2, 1, 2, 2, 0, 0, 0, 2, 1, 0, 0, 2, 2, 0, 0, 2, 2, 3,
       0, 0, 2, 3, 2, 2, 2, 2, 2, 0, 1, 0, 3, 1, 1, 2, 1, 3, 0, 2, 0, 3,
       1, 3, 1, 1, 2, 2, 3, 2, 2, 0, 0, 3, 1, 2, 2, 0, 0, 1, 0, 0, 3, 3,
       2, 0, 2, 3, 2, 2, 2, 3, 2, 1, 0, 2, 0, 0, 0, 3, 0, 2, 2, 0, 3, 0,
       2, 3, 1, 0, 1, 0, 0, 0, 3, 0, 3, 0, 2, 0, 1, 3, 2, 2, 0, 2, 2, 3,
       1, 1, 1, 2, 1, 2, 0, 2, 2, 2], dtype=object)]
[380, array([-58., -29., -29.,   0.]), array([2, 2, 3, 2, 2, 1, 2, 2, 0, 0, 0, 2, 1, 0, 0, 2, 2, 0, 0, 2, 2, 3,
       0, 0, 2, 3, 2, 2, 2, 2, 2, 0, 1, 0, 3, 1, 1, 2, 1, 3, 0, 2, 0, 3,
       1, 3, 1, 1, 2, 2, 3, 2, 2, 0, 0, 3, 1, 2, 2, 0, 0, 1, 0, 0, 3, 3,
       2, 0, 2, 3, 2, 2, 2, 3, 2, 1, 0, 2, 0, 0, 0, 3, 0, 2, 2, 0, 3, 0,
       2, 3, 1, 0, 1, 0, 0, 0, 3, 0, 3, 0, 2, 0, 1, 3, 2, 2, 0, 2, 2, 3,
       1, 1, 1, 2, 1, 2, 0, 2, 2, 2], dtype=object)]
[380, array([-58., -29., -29.,   0.]), array([2, 2, 3, 2, 2, 1, 2, 2, 0, 0, 0, 2, 1, 0, 0, 2, 2, 0, 0, 2, 2, 3,
       0, 0, 2, 3, 2, 2, 2, 2, 2, 0, 1, 0, 3, 1, 1, 2, 1, 3, 0, 2, 0, 3,
       1, 3, 1, 1, 2, 2, 3, 2, 2, 0, 0, 3, 1, 2, 2, 0, 0, 1, 0, 0, 3, 3,
       2, 0, 2, 3, 2, 2, 2, 3, 2, 1, 0, 2, 0, 0, 0, 3, 0, 2, 2, 0, 3, 0,
       2, 3, 1, 0, 1, 0, 0, 0, 3, 0, 3, 0, 2, 0, 1, 3, 2, 2, 0, 2, 2, 3,
       1, 1, 1, 2, 1, 2, 0, 2, 2, 2], dtype=object)]
[381, array([-58., -29., -29.,   0.]), array([2, 2, 1, 1, 2, 1, 1, 2, 0, 0, 0, 2, 1, 0, 0, 2, 2, 0, 0, 2, 2, 3,
       0, 0, 2, 3, 2, 2, 2, 2, 2, 0, 1, 0, 3, 1, 1, 2, 1, 3, 0, 2, 0, 3,
       1, 3, 1, 1, 2, 2, 3, 2, 2, 0, 0, 3, 1, 2, 2, 0, 2, 1, 0, 0, 3, 3,
       2, 0, 2, 3, 2, 2, 2, 3, 2, 1, 0, 2, 0, 0, 0, 3, 0, 2, 2, 0, 3, 0,
       2, 3, 1, 0, 1, 0, 0, 0, 3, 0, 3, 0, 2, 0, 1, 3, 2, 2, 0, 2, 2, 3,
       1, 1, 0, 0, 3, 2, 0, 1, 2, 2], dtype=object)]
[381, array([-58., -29., -29.,   0.]), array([2, 2, 1, 1, 2, 1, 1, 2, 0, 0, 0, 2, 1, 0, 0, 2, 2, 0, 0, 2, 2, 3,
       0, 0, 2, 3, 2, 2, 2, 2, 2, 0, 1, 0, 3, 1, 1, 2, 1, 3, 0, 2, 0, 3,
       1, 3, 1, 1, 2, 2, 3, 2, 2, 0, 0, 3, 1, 2, 2, 0, 2, 1, 0, 0, 3, 3,
       2, 0, 2, 3, 2, 2, 2, 3, 2, 1, 0, 2, 0, 0, 0, 3, 0, 2, 2, 0, 3, 0,
       2, 3, 1, 0, 1, 0, 0, 0, 3, 0, 3, 0, 2, 0, 1, 3, 2, 2, 0, 2, 2, 3,
       1, 1, 0, 0, 3, 2, 0, 1, 2, 2], dtype=object)]
[381, array([-58., -29., -29.,   0.]), array([2, 2, 1, 1, 2, 1, 1, 2, 0, 0, 0, 2, 1, 0, 0, 2, 2, 0, 0, 2, 2, 3,
       0, 0, 2, 3, 2, 2, 2, 2, 2, 0, 1, 0, 3, 1, 1, 2, 1, 3, 0, 2, 0, 3,
       1, 3, 1, 1, 2, 2, 3, 2, 2, 0, 0, 3, 1, 2, 2, 0, 2, 1, 0, 0, 3, 3,
       2, 0, 2, 3, 2, 2, 2, 3, 2, 1, 0, 2, 0, 0, 0, 3, 0, 2, 2, 0, 3, 0,
       2, 3, 1, 0, 1, 0, 0, 0, 3, 0, 3, 0, 2, 0, 1, 3, 2, 2, 0, 2, 2, 3,
       1, 1, 0, 0, 3, 2, 0, 1, 2, 2], dtype=object)]
[381, array([-58., -29., -29.,   0.]), array([2, 2, 1, 1, 2, 1, 1, 2, 0, 0, 0, 2, 1, 0, 0, 2, 2, 0, 0, 2, 2, 3,
       0, 0, 2, 3, 2, 2, 2, 2, 2, 0, 1, 0, 3, 1, 1, 2, 1, 3, 0, 2, 0, 3,
       1, 3, 1, 1, 2, 2, 3, 2, 2, 0, 0, 3, 1, 2, 2, 0, 2, 1, 0, 0, 3, 3,
       2, 0, 2, 3, 2, 2, 2, 3, 2, 1, 0, 2, 0, 0, 0, 3, 0, 2, 2, 0, 3, 0,
       2, 3, 1, 0, 1, 0, 0, 0, 3, 0, 3, 0, 2, 0, 1, 3, 2, 2, 0, 2, 2, 3,
       1, 1, 0, 0, 3, 2, 0, 1, 2, 2], dtype=object)]
[382, array([-58., -29., -29.,   0.]), array([2, 2, 1, 1, 2, 1, 1, 2, 0, 0, 0, 2, 1, 0, 0, 2, 2, 0, 0, 2, 2, 3,
       0, 0, 2, 3, 2, 2, 2, 2, 2, 0, 1, 0, 3, 1, 1, 2, 1, 3, 0, 2, 0, 3,
       1, 3, 1, 1, 2, 2, 3, 2, 2, 0, 0, 3, 1, 2, 2, 0, 2, 1, 0, 0, 3, 3,
       2, 0, 2, 3, 2, 2, 2, 3, 2, 1, 0, 2, 0, 0, 0, 3, 0, 2, 2, 0, 3, 0,
       2, 3, 1, 0, 1, 0, 0, 0, 3, 0, 3, 0, 2, 0, 1, 3, 2, 2, 0, 2, 2, 3,
       1, 1, 0, 0, 3, 2, 0, 1, 2, 2], dtype=object)]
[382, array([-58., -29., -29.,   0.]), array([2, 2, 1, 1, 2, 1, 1, 2, 0, 0, 0, 2, 1, 0, 0, 2, 2, 0, 0, 2, 2, 3,
       0, 0, 2, 3, 2, 2, 2, 2, 2, 0, 1, 0, 3, 1, 1, 2, 1, 3, 0, 2, 0, 3,
       1, 3, 1, 1, 2, 2, 3, 2, 2, 0, 0, 3, 1, 2, 2, 0, 2, 1, 0, 0, 3, 3,
       2, 0, 2, 3, 2, 2, 2, 3, 2, 1, 0, 2, 0, 0, 0, 3, 0, 2, 2, 0, 3, 0,
       2, 3, 1, 0, 1, 0, 0, 0, 3, 0, 3, 0, 2, 0, 1, 3, 2, 2, 0, 2, 2, 3,
       1, 1, 0, 0, 3, 2, 0, 1, 2, 2], dtype=object)]
[382, array([-58., -29., -29.,   0.]), array([2, 2, 1, 1, 2, 1, 1, 2, 0, 0, 0, 2, 1, 0, 0, 2, 2, 0, 0, 2, 2, 3,
       0, 0, 2, 3, 2, 2, 2, 2, 2, 0, 1, 0, 3, 1, 1, 2, 1, 3, 0, 2, 0, 3,
       1, 3, 1, 1, 2, 2, 3, 2, 2, 0, 0, 3, 1, 2, 2, 0, 2, 1, 0, 0, 3, 3,
       2, 0, 2, 3, 2, 2, 2, 3, 2, 1, 0, 2, 0, 0, 0, 3, 0, 2, 2, 0, 3, 0,
       2, 3, 1, 0, 1, 0, 0, 0, 3, 0, 3, 0, 2, 0, 1, 3, 2, 2, 0, 2, 2, 3,
       1, 1, 0, 0, 3, 2, 0, 1, 2, 2], dtype=object)]
[382, array([-58., -29., -29.,   0.]), array([2, 2, 1, 1, 2, 1, 1, 2, 0, 0, 0, 2, 1, 0, 0, 2, 2, 0, 0, 2, 2, 3,
       0, 0, 2, 3, 2, 2, 2, 2, 2, 0, 1, 0, 3, 1, 1, 2, 1, 3, 0, 2, 0, 3,
       1, 3, 1, 1, 2, 2, 3, 2, 2, 0, 0, 3, 1, 2, 2, 0, 2, 1, 0, 0, 3, 3,
       2, 0, 2, 3, 2, 2, 2, 3, 2, 1, 0, 2, 0, 0, 0, 3, 0, 2, 2, 0, 3, 0,
       2, 3, 1, 0, 1, 0, 0, 0, 3, 0, 3, 0, 2, 0, 1, 3, 2, 2, 0, 2, 2, 3,
       1, 1, 0, 0, 3, 2, 0, 1, 2, 2], dtype=object)]
[383, array([-60., -30., -30.,   0.]), array([2, 3, 1, 1, 2, 1, 1, 2, 0, 0, 0, 2, 1, 0, 0, 2, 2, 3, 0, 2, 2, 0,
       0, 0, 2, 0, 2, 2, 2, 2, 2, 0, 1, 3, 3, 0, 1, 2, 1, 3, 0, 2, 0, 3,
       1, 3, 1, 1, 2, 2, 3, 2, 2, 1, 0, 3, 1, 2, 2, 0, 2, 0, 0, 0, 3, 3,
       2, 3, 2, 3, 2, 3, 2, 3, 2, 2, 0, 1, 0, 0, 0, 3, 0, 2, 2, 0, 3, 0,
       2, 3, 1, 0, 1, 3, 0, 2, 3, 0, 3, 0, 2, 0, 1, 3, 2, 2, 0, 2, 2, 3,
       1, 2, 1, 2, 1, 2, 0, 1, 2, 2], dtype=object)]
[383, array([-60., -30., -30.,   0.]), array([2, 3, 1, 1, 2, 1, 1, 2, 0, 0, 0, 2, 1, 0, 0, 2, 2, 3, 0, 2, 2, 0,
       0, 0, 2, 0, 2, 2, 2, 2, 2, 0, 1, 3, 3, 0, 1, 2, 1, 3, 0, 2, 0, 3,
       1, 3, 1, 1, 2, 2, 3, 2, 2, 1, 0, 3, 1, 2, 2, 0, 2, 0, 0, 0, 3, 3,
       2, 3, 2, 3, 2, 3, 2, 3, 2, 2, 0, 1, 0, 0, 0, 3, 0, 2, 2, 0, 3, 0,
       2, 3, 1, 0, 1, 3, 0, 2, 3, 0, 3, 0, 2, 0, 1, 3, 2, 2, 0, 2, 2, 3,
       1, 2, 1, 2, 1, 2, 0, 1, 2, 2], dtype=object)]
[383, array([-60., -30., -30.,   0.]), array([2, 3, 1, 1, 2, 1, 1, 2, 0, 0, 0, 2, 1, 0, 0, 2, 2, 3, 0, 2, 2, 0,
       0, 0, 2, 0, 2, 2, 2, 2, 2, 0, 1, 3, 3, 0, 1, 2, 1, 3, 0, 2, 0, 3,
       1, 3, 1, 1, 2, 2, 3, 2, 2, 1, 0, 3, 1, 2, 2, 0, 2, 0, 0, 0, 3, 3,
       2, 3, 2, 3, 2, 3, 2, 3, 2, 2, 0, 1, 0, 0, 0, 3, 0, 2, 2, 0, 3, 0,
       2, 3, 1, 0, 1, 3, 0, 2, 3, 0, 3, 0, 2, 0, 1, 3, 2, 2, 0, 2, 2, 3,
       1, 2, 1, 2, 1, 2, 0, 1, 2, 2], dtype=object)]
[383, array([-60., -30., -30.,   0.]), array([2, 3, 1, 1, 2, 1, 1, 2, 0, 0, 0, 2, 1, 0, 0, 2, 2, 3, 0, 2, 2, 0,
       0, 0, 2, 0, 2, 2, 2, 2, 2, 0, 1, 3, 3, 0, 1, 2, 1, 3, 0, 2, 0, 3,
       1, 3, 1, 1, 2, 2, 3, 2, 2, 1, 0, 3, 1, 2, 2, 0, 2, 0, 0, 0, 3, 3,
       2, 3, 2, 3, 2, 3, 2, 3, 2, 2, 0, 1, 0, 0, 0, 3, 0, 2, 2, 0, 3, 0,
       2, 3, 1, 0, 1, 3, 0, 2, 3, 0, 3, 0, 2, 0, 1, 3, 2, 2, 0, 2, 2, 3,
       1, 2, 1, 2, 1, 2, 0, 1, 2, 2], dtype=object)]
[384, array([-58., -29., -29.,   0.]), array([2, 3, 1, 1, 2, 1, 1, 2, 0, 0, 0, 2, 1, 0, 0, 2, 2, 0, 0, 2, 2, 0,
       0, 0, 2, 0, 2, 2, 2, 2, 2, 0, 1, 1, 3, 1, 3, 2, 0, 3, 0, 2, 1, 3,
       1, 3, 1, 1, 2, 2, 3, 1, 2, 3, 0, 3, 1, 2, 2, 0, 2, 1, 0, 0, 3, 3,
       2, 0, 2, 3, 2, 2, 2, 3, 2, 1, 0, 2, 0, 0, 3, 3, 0, 2, 2, 0, 3, 0,
       2, 3, 1, 0, 1, 0, 0, 0, 3, 0, 3, 0, 2, 0, 1, 3, 2, 2, 0, 2, 2, 3,
       1, 1, 0, 0, 3, 2, 0, 1, 2, 2], dtype=object)]
[384, array([-58., -29., -29.,   0.]), array([2, 3, 1, 1, 2, 1, 1, 2, 0, 0, 0, 2, 1, 0, 0, 2, 2, 0, 0, 2, 2, 0,
       0, 0, 2, 0, 2, 2, 2, 2, 2, 0, 1, 1, 3, 1, 3, 2, 0, 3, 0, 2, 1, 3,
       1, 3, 1, 1, 2, 2, 3, 1, 2, 3, 0, 3, 1, 2, 2, 0, 2, 1, 0, 0, 3, 3,
       2, 0, 2, 3, 2, 2, 2, 3, 2, 1, 0, 2, 0, 0, 3, 3, 0, 2, 2, 0, 3, 0,
       2, 3, 1, 0, 1, 0, 0, 0, 3, 0, 3, 0, 2, 0, 1, 3, 2, 2, 0, 2, 2, 3,
       1, 1, 0, 0, 3, 2, 0, 1, 2, 2], dtype=object)]
[384, array([-58., -29., -29.,   0.]), array([2, 3, 1, 1, 2, 1, 1, 2, 0, 0, 0, 2, 1, 0, 0, 2, 2, 0, 0, 2, 2, 0,
       0, 0, 2, 0, 2, 2, 2, 2, 2, 0, 1, 1, 3, 1, 3, 2, 0, 3, 0, 2, 1, 3,
       1, 3, 1, 1, 2, 2, 3, 1, 2, 3, 0, 3, 1, 2, 2, 0, 2, 1, 0, 0, 3, 3,
       2, 0, 2, 3, 2, 2, 2, 3, 2, 1, 0, 2, 0, 0, 3, 3, 0, 2, 2, 0, 3, 0,
       2, 3, 1, 0, 1, 0, 0, 0, 3, 0, 3, 0, 2, 0, 1, 3, 2, 2, 0, 2, 2, 3,
       1, 1, 0, 0, 3, 2, 0, 1, 2, 2], dtype=object)]
[384, array([-58., -29., -29.,   0.]), array([2, 3, 1, 1, 2, 1, 1, 2, 0, 0, 0, 2, 1, 0, 0, 2, 2, 0, 0, 2, 2, 0,
       0, 0, 2, 0, 2, 2, 2, 2, 2, 0, 1, 1, 3, 1, 3, 2, 0, 3, 0, 2, 1, 3,
       1, 3, 1, 1, 2, 2, 3, 1, 2, 3, 0, 3, 1, 2, 2, 0, 2, 1, 0, 0, 3, 3,
       2, 0, 2, 3, 2, 2, 2, 3, 2, 1, 0, 2, 0, 0, 3, 3, 0, 2, 2, 0, 3, 0,
       2, 3, 1, 0, 1, 0, 0, 0, 3, 0, 3, 0, 2, 0, 1, 3, 2, 2, 0, 2, 2, 3,
       1, 1, 0, 0, 3, 2, 0, 1, 2, 2], dtype=object)]
[385, array([-60., -30., -30.,   0.]), array([2, 2, 1, 1, 2, 1, 1, 2, 0, 0, 0, 2, 1, 0, 0, 1, 2, 3, 0, 2, 2, 0,
       0, 0, 2, 0, 2, 2, 2, 2, 2, 0, 1, 3, 3, 0, 1, 2, 1, 3, 0, 2, 0, 3,
       1, 3, 1, 1, 2, 2, 3, 2, 2, 1, 0, 3, 1, 2, 2, 0, 2, 0, 0, 0, 3, 3,
       2, 3, 2, 3, 2, 3, 2, 3, 2, 2, 0, 1, 0, 0, 0, 3, 3, 2, 2, 0, 3, 0,
       2, 3, 1, 0, 1, 0, 0, 0, 3, 0, 3, 0, 2, 0, 1, 3, 2, 2, 0, 2, 2, 3,
       1, 1, 0, 0, 3, 2, 0, 1, 2, 2], dtype=object)]
[385, array([-60., -30., -30.,   0.]), array([2, 2, 1, 1, 2, 1, 1, 2, 0, 0, 0, 2, 1, 0, 0, 1, 2, 3, 0, 2, 2, 0,
       0, 0, 2, 0, 2, 2, 2, 2, 2, 0, 1, 3, 3, 0, 1, 2, 1, 3, 0, 2, 0, 3,
       1, 3, 1, 1, 2, 2, 3, 2, 2, 1, 0, 3, 1, 2, 2, 0, 2, 0, 0, 0, 3, 3,
       2, 3, 2, 3, 2, 3, 2, 3, 2, 2, 0, 1, 0, 0, 0, 3, 3, 2, 2, 0, 3, 0,
       2, 3, 1, 0, 1, 0, 0, 0, 3, 0, 3, 0, 2, 0, 1, 3, 2, 2, 0, 2, 2, 3,
       1, 1, 0, 0, 3, 2, 0, 1, 2, 2], dtype=object)]
[385, array([-60., -30., -30.,   0.]), array([2, 2, 1, 1, 2, 1, 1, 2, 0, 0, 0, 2, 1, 0, 0, 1, 2, 3, 0, 2, 2, 0,
       0, 0, 2, 0, 2, 2, 2, 2, 2, 0, 1, 3, 3, 0, 1, 2, 1, 3, 0, 2, 0, 3,
       1, 3, 1, 1, 2, 2, 3, 2, 2, 1, 0, 3, 1, 2, 2, 0, 2, 0, 0, 0, 3, 3,
       2, 3, 2, 3, 2, 3, 2, 3, 2, 2, 0, 1, 0, 0, 0, 3, 3, 2, 2, 0, 3, 0,
       2, 3, 1, 0, 1, 0, 0, 0, 3, 0, 3, 0, 2, 0, 1, 3, 2, 2, 0, 2, 2, 3,
       1, 1, 0, 0, 3, 2, 0, 1, 2, 2], dtype=object)]
[385, array([-60., -30., -30.,   0.]), array([2, 2, 1, 1, 2, 1, 1, 2, 0, 0, 0, 2, 1, 0, 0, 1, 2, 3, 0, 2, 2, 0,
       0, 0, 2, 0, 2, 2, 2, 2, 2, 0, 1, 3, 3, 0, 1, 2, 1, 3, 0, 2, 0, 3,
       1, 3, 1, 1, 2, 2, 3, 2, 2, 1, 0, 3, 1, 2, 2, 0, 2, 0, 0, 0, 3, 3,
       2, 3, 2, 3, 2, 3, 2, 3, 2, 2, 0, 1, 0, 0, 0, 3, 3, 2, 2, 0, 3, 0,
       2, 3, 1, 0, 1, 0, 0, 0, 3, 0, 3, 0, 2, 0, 1, 3, 2, 2, 0, 2, 2, 3,
       1, 1, 0, 0, 3, 2, 0, 1, 2, 2], dtype=object)]
[386, array([-60., -30., -30.,   0.]), array([2, 1, 1, 1, 2, 1, 1, 2, 0, 0, 0, 2, 1, 0, 0, 1, 2, 3, 0, 2, 2, 0,
       0, 0, 2, 0, 2, 2, 2, 2, 2, 0, 1, 3, 3, 0, 1, 2, 1, 3, 0, 2, 0, 3,
       1, 3, 1, 1, 2, 2, 3, 2, 2, 1, 0, 3, 1, 2, 2, 0, 2, 0, 0, 0, 3, 3,
       2, 3, 2, 3, 2, 3, 2, 3, 2, 2, 0, 1, 0, 0, 0, 3, 3, 2, 2, 0, 3, 0,
       2, 3, 1, 0, 1, 0, 0, 0, 3, 0, 3, 0, 2, 0, 1, 3, 2, 2, 0, 2, 2, 3,
       1, 1, 0, 0, 3, 2, 0, 1, 2, 2], dtype=object)]
[386, array([-60., -30., -30.,   0.]), array([2, 1, 1, 1, 2, 1, 1, 2, 0, 0, 0, 2, 1, 0, 0, 1, 2, 3, 0, 2, 2, 0,
       0, 0, 2, 0, 2, 2, 2, 2, 2, 0, 1, 3, 3, 0, 1, 2, 1, 3, 0, 2, 0, 3,
       1, 3, 1, 1, 2, 2, 3, 2, 2, 1, 0, 3, 1, 2, 2, 0, 2, 0, 0, 0, 3, 3,
       2, 3, 2, 3, 2, 3, 2, 3, 2, 2, 0, 1, 0, 0, 0, 3, 3, 2, 2, 0, 3, 0,
       2, 3, 1, 0, 1, 0, 0, 0, 3, 0, 3, 0, 2, 0, 1, 3, 2, 2, 0, 2, 2, 3,
       1, 1, 0, 0, 3, 2, 0, 1, 2, 2], dtype=object)]
[386, array([-60., -30., -30.,   0.]), array([2, 1, 1, 1, 2, 1, 1, 2, 0, 0, 0, 2, 1, 0, 0, 1, 2, 3, 0, 2, 2, 0,
       0, 0, 2, 0, 2, 2, 2, 2, 2, 0, 1, 3, 3, 0, 1, 2, 1, 3, 0, 2, 0, 3,
       1, 3, 1, 1, 2, 2, 3, 2, 2, 1, 0, 3, 1, 2, 2, 0, 2, 0, 0, 0, 3, 3,
       2, 3, 2, 3, 2, 3, 2, 3, 2, 2, 0, 1, 0, 0, 0, 3, 3, 2, 2, 0, 3, 0,
       2, 3, 1, 0, 1, 0, 0, 0, 3, 0, 3, 0, 2, 0, 1, 3, 2, 2, 0, 2, 2, 3,
       1, 1, 0, 0, 3, 2, 0, 1, 2, 2], dtype=object)]
[386, array([-60., -30., -30.,   0.]), array([2, 1, 1, 1, 2, 1, 1, 2, 0, 0, 0, 2, 1, 0, 0, 1, 2, 3, 0, 2, 2, 0,
       0, 0, 2, 0, 2, 2, 2, 2, 2, 0, 1, 3, 3, 0, 1, 2, 1, 3, 0, 2, 0, 3,
       1, 3, 1, 1, 2, 2, 3, 2, 2, 1, 0, 3, 1, 2, 2, 0, 2, 0, 0, 0, 3, 3,
       2, 3, 2, 3, 2, 3, 2, 3, 2, 2, 0, 1, 0, 0, 0, 3, 3, 2, 2, 0, 3, 0,
       2, 3, 1, 0, 1, 0, 0, 0, 3, 0, 3, 0, 2, 0, 1, 3, 2, 2, 0, 2, 2, 3,
       1, 1, 0, 0, 3, 2, 0, 1, 2, 2], dtype=object)]
[387, array([-60., -30., -30.,   0.]), array([2, 2, 1, 1, 2, 1, 1, 2, 0, 0, 0, 2, 1, 0, 0, 2, 2, 3, 0, 2, 2, 0,
       0, 0, 2, 0, 2, 2, 2, 2, 2, 0, 1, 3, 3, 0, 1, 2, 1, 3, 0, 2, 0, 3,
       1, 3, 1, 1, 2, 2, 3, 2, 2, 1, 0, 3, 1, 2, 2, 0, 2, 0, 0, 0, 3, 3,
       2, 3, 2, 3, 2, 3, 2, 3, 2, 2, 2, 1, 0, 0, 0, 3, 0, 2, 2, 0, 3, 3,
       2, 3, 1, 0, 1, 3, 0, 2, 3, 0, 3, 0, 2, 0, 1, 3, 2, 2, 0, 2, 2, 3,
       1, 2, 1, 2, 1, 2, 0, 1, 2, 2], dtype=object)]
[387, array([-60., -30., -30.,   0.]), array([2, 2, 1, 1, 2, 1, 1, 2, 0, 0, 0, 2, 1, 0, 0, 2, 2, 3, 0, 2, 2, 0,
       0, 0, 2, 0, 2, 2, 2, 2, 2, 0, 1, 3, 3, 0, 1, 2, 1, 3, 0, 2, 0, 3,
       1, 3, 1, 1, 2, 2, 3, 2, 2, 1, 0, 3, 1, 2, 2, 0, 2, 0, 0, 0, 3, 3,
       2, 3, 2, 3, 2, 3, 2, 3, 2, 2, 2, 1, 0, 0, 0, 3, 0, 2, 2, 0, 3, 3,
       2, 3, 1, 0, 1, 3, 0, 2, 3, 0, 3, 0, 2, 0, 1, 3, 2, 2, 0, 2, 2, 3,
       1, 2, 1, 2, 1, 2, 0, 1, 2, 2], dtype=object)]
[387, array([-60., -30., -30.,   0.]), array([2, 2, 1, 1, 2, 1, 1, 2, 0, 0, 0, 2, 1, 0, 0, 2, 2, 3, 0, 2, 2, 0,
       0, 0, 2, 0, 2, 2, 2, 2, 2, 0, 1, 3, 3, 0, 1, 2, 1, 3, 0, 2, 0, 3,
       1, 3, 1, 1, 2, 2, 3, 2, 2, 1, 0, 3, 1, 2, 2, 0, 2, 0, 0, 0, 3, 3,
       2, 3, 2, 3, 2, 3, 2, 3, 2, 2, 2, 1, 0, 0, 0, 3, 0, 2, 2, 0, 3, 3,
       2, 3, 1, 0, 1, 3, 0, 2, 3, 0, 3, 0, 2, 0, 1, 3, 2, 2, 0, 2, 2, 3,
       1, 2, 1, 2, 1, 2, 0, 1, 2, 2], dtype=object)]
[387, array([-60., -30., -30.,   0.]), array([2, 2, 1, 1, 2, 1, 1, 2, 0, 0, 0, 2, 1, 0, 0, 2, 2, 3, 0, 2, 2, 0,
       0, 0, 2, 0, 2, 2, 2, 2, 2, 0, 1, 3, 3, 0, 1, 2, 1, 3, 0, 2, 0, 3,
       1, 3, 1, 1, 2, 2, 3, 2, 2, 1, 0, 3, 1, 2, 2, 0, 2, 0, 0, 0, 3, 3,
       2, 3, 2, 3, 2, 3, 2, 3, 2, 2, 2, 1, 0, 0, 0, 3, 0, 2, 2, 0, 3, 3,
       2, 3, 1, 0, 1, 3, 0, 2, 3, 0, 3, 0, 2, 0, 1, 3, 2, 2, 0, 2, 2, 3,
       1, 2, 1, 2, 1, 2, 0, 1, 2, 2], dtype=object)]
[388, array([-58., -29., -29.,   0.]), array([2, 2, 1, 3, 2, 1, 1, 2, 0, 0, 0, 2, 1, 0, 0, 2, 2, 3, 0, 2, 2, 0,
       0, 0, 2, 0, 2, 2, 2, 2, 2, 0, 1, 3, 3, 0, 3, 2, 1, 3, 0, 2, 0, 3,
       1, 3, 1, 1, 0, 2, 3, 2, 2, 3, 0, 3, 1, 2, 2, 0, 2, 1, 0, 0, 3, 3,
       2, 2, 2, 3, 2, 2, 2, 3, 2, 1, 0, 2, 0, 0, 0, 3, 0, 2, 2, 0, 3, 3,
       2, 3, 1, 0, 1, 3, 0, 2, 3, 0, 3, 0, 2, 0, 1, 3, 2, 2, 0, 2, 2, 3,
       1, 2, 1, 2, 1, 2, 0, 1, 2, 2], dtype=object)]
[388, array([-58., -29., -29.,   0.]), array([2, 2, 1, 3, 2, 1, 1, 2, 0, 0, 0, 2, 1, 0, 0, 2, 2, 3, 0, 2, 2, 0,
       0, 0, 2, 0, 2, 2, 2, 2, 2, 0, 1, 3, 3, 0, 3, 2, 1, 3, 0, 2, 0, 3,
       1, 3, 1, 1, 0, 2, 3, 2, 2, 3, 0, 3, 1, 2, 2, 0, 2, 1, 0, 0, 3, 3,
       2, 2, 2, 3, 2, 2, 2, 3, 2, 1, 0, 2, 0, 0, 0, 3, 0, 2, 2, 0, 3, 3,
       2, 3, 1, 0, 1, 3, 0, 2, 3, 0, 3, 0, 2, 0, 1, 3, 2, 2, 0, 2, 2, 3,
       1, 2, 1, 2, 1, 2, 0, 1, 2, 2], dtype=object)]
[388, array([-58., -29., -29.,   0.]), array([2, 2, 1, 3, 2, 1, 1, 2, 0, 0, 0, 2, 1, 0, 0, 2, 2, 3, 0, 2, 2, 0,
       0, 0, 2, 0, 2, 2, 2, 2, 2, 0, 1, 3, 3, 0, 3, 2, 1, 3, 0, 2, 0, 3,
       1, 3, 1, 1, 0, 2, 3, 2, 2, 3, 0, 3, 1, 2, 2, 0, 2, 1, 0, 0, 3, 3,
       2, 2, 2, 3, 2, 2, 2, 3, 2, 1, 0, 2, 0, 0, 0, 3, 0, 2, 2, 0, 3, 3,
       2, 3, 1, 0, 1, 3, 0, 2, 3, 0, 3, 0, 2, 0, 1, 3, 2, 2, 0, 2, 2, 3,
       1, 2, 1, 2, 1, 2, 0, 1, 2, 2], dtype=object)]
[388, array([-58., -29., -29.,   0.]), array([2, 2, 1, 3, 2, 1, 1, 2, 0, 0, 0, 2, 1, 0, 0, 2, 2, 3, 0, 2, 2, 0,
       0, 0, 2, 0, 2, 2, 2, 2, 2, 0, 1, 3, 3, 0, 3, 2, 1, 3, 0, 2, 0, 3,
       1, 3, 1, 1, 0, 2, 3, 2, 2, 3, 0, 3, 1, 2, 2, 0, 2, 1, 0, 0, 3, 3,
       2, 2, 2, 3, 2, 2, 2, 3, 2, 1, 0, 2, 0, 0, 0, 3, 0, 2, 2, 0, 3, 3,
       2, 3, 1, 0, 1, 3, 0, 2, 3, 0, 3, 0, 2, 0, 1, 3, 2, 2, 0, 2, 2, 3,
       1, 2, 1, 2, 1, 2, 0, 1, 2, 2], dtype=object)]
[389, array([-60., -30., -30.,   0.]), array([2, 2, 1, 1, 2, 1, 1, 2, 0, 0, 0, 2, 1, 0, 0, 2, 2, 3, 0, 2, 2, 0,
       0, 0, 2, 0, 2, 2, 2, 2, 2, 0, 1, 3, 3, 0, 1, 2, 1, 3, 0, 2, 0, 3,
       1, 3, 1, 1, 2, 2, 3, 2, 2, 1, 0, 3, 1, 2, 2, 0, 2, 0, 0, 0, 3, 3,
       2, 3, 2, 3, 2, 3, 2, 3, 2, 2, 0, 1, 0, 0, 0, 3, 3, 2, 2, 0, 3, 0,
       2, 3, 1, 0, 1, 0, 0, 0, 3, 0, 3, 0, 2, 0, 1, 3, 2, 2, 0, 2, 2, 3,
       1, 1, 0, 0, 3, 2, 0, 1, 2, 2], dtype=object)]
[389, array([-60., -30., -30.,   0.]), array([2, 2, 1, 1, 2, 1, 1, 2, 0, 0, 0, 2, 1, 0, 0, 2, 2, 3, 0, 2, 2, 0,
       0, 0, 2, 0, 2, 2, 2, 2, 2, 0, 1, 3, 3, 0, 1, 2, 1, 3, 0, 2, 0, 3,
       1, 3, 1, 1, 2, 2, 3, 2, 2, 1, 0, 3, 1, 2, 2, 0, 2, 0, 0, 0, 3, 3,
       2, 3, 2, 3, 2, 3, 2, 3, 2, 2, 0, 1, 0, 0, 0, 3, 3, 2, 2, 0, 3, 0,
       2, 3, 1, 0, 1, 0, 0, 0, 3, 0, 3, 0, 2, 0, 1, 3, 2, 2, 0, 2, 2, 3,
       1, 1, 0, 0, 3, 2, 0, 1, 2, 2], dtype=object)]
[389, array([-60., -30., -30.,   0.]), array([2, 2, 1, 1, 2, 1, 1, 2, 0, 0, 0, 2, 1, 0, 0, 2, 2, 3, 0, 2, 2, 0,
       0, 0, 2, 0, 2, 2, 2, 2, 2, 0, 1, 3, 3, 0, 1, 2, 1, 3, 0, 2, 0, 3,
       1, 3, 1, 1, 2, 2, 3, 2, 2, 1, 0, 3, 1, 2, 2, 0, 2, 0, 0, 0, 3, 3,
       2, 3, 2, 3, 2, 3, 2, 3, 2, 2, 0, 1, 0, 0, 0, 3, 3, 2, 2, 0, 3, 0,
       2, 3, 1, 0, 1, 0, 0, 0, 3, 0, 3, 0, 2, 0, 1, 3, 2, 2, 0, 2, 2, 3,
       1, 1, 0, 0, 3, 2, 0, 1, 2, 2], dtype=object)]
[389, array([-60., -30., -30.,   0.]), array([2, 2, 1, 1, 2, 1, 1, 2, 0, 0, 0, 2, 1, 0, 0, 2, 2, 3, 0, 2, 2, 0,
       0, 0, 2, 0, 2, 2, 2, 2, 2, 0, 1, 3, 3, 0, 1, 2, 1, 3, 0, 2, 0, 3,
       1, 3, 1, 1, 2, 2, 3, 2, 2, 1, 0, 3, 1, 2, 2, 0, 2, 0, 0, 0, 3, 3,
       2, 3, 2, 3, 2, 3, 2, 3, 2, 2, 0, 1, 0, 0, 0, 3, 3, 2, 2, 0, 3, 0,
       2, 3, 1, 0, 1, 0, 0, 0, 3, 0, 3, 0, 2, 0, 1, 3, 2, 2, 0, 2, 2, 3,
       1, 1, 0, 0, 3, 2, 0, 1, 2, 2], dtype=object)]
[390, array([-60., -30., -30.,   0.]), array([2, 2, 1, 1, 2, 1, 1, 2, 0, 0, 0, 2, 1, 0, 0, 2, 2, 3, 0, 2, 2, 0,
       0, 0, 2, 0, 2, 2, 2, 2, 2, 0, 1, 3, 3, 0, 1, 2, 1, 3, 0, 2, 0, 3,
       1, 3, 1, 1, 2, 2, 3, 2, 2, 1, 0, 3, 1, 2, 2, 0, 2, 0, 0, 0, 3, 3,
       2, 3, 2, 3, 2, 3, 2, 3, 2, 2, 0, 1, 0, 0, 0, 3, 3, 2, 2, 0, 3, 0,
       2, 3, 1, 0, 1, 0, 0, 0, 3, 0, 1, 0, 2, 0, 1, 3, 2, 2, 0, 2, 2, 3,
       1, 1, 0, 0, 3, 2, 0, 1, 2, 2], dtype=object)]
[390, array([-60., -30., -30.,   0.]), array([2, 2, 1, 1, 2, 1, 1, 2, 0, 0, 0, 2, 1, 0, 0, 2, 2, 3, 0, 2, 2, 0,
       0, 0, 2, 0, 2, 2, 2, 2, 2, 0, 1, 3, 3, 0, 1, 2, 1, 3, 0, 2, 0, 3,
       1, 3, 1, 1, 2, 2, 3, 2, 2, 1, 0, 3, 1, 2, 2, 0, 2, 0, 0, 0, 3, 3,
       2, 3, 2, 3, 2, 3, 2, 3, 2, 2, 0, 1, 0, 0, 0, 3, 3, 2, 2, 0, 3, 0,
       2, 3, 1, 0, 1, 0, 0, 0, 3, 0, 1, 0, 2, 0, 1, 3, 2, 2, 0, 2, 2, 3,
       1, 1, 0, 0, 3, 2, 0, 1, 2, 2], dtype=object)]
[390, array([-60., -30., -30.,   0.]), array([2, 2, 1, 1, 2, 1, 1, 2, 0, 0, 0, 2, 1, 0, 0, 2, 2, 3, 0, 2, 2, 0,
       0, 0, 2, 0, 2, 2, 2, 2, 2, 0, 1, 3, 3, 0, 1, 2, 1, 3, 0, 2, 0, 3,
       1, 3, 1, 1, 2, 2, 3, 2, 2, 1, 0, 3, 1, 2, 2, 0, 2, 0, 0, 0, 3, 3,
       2, 3, 2, 3, 2, 3, 2, 3, 2, 2, 0, 1, 0, 0, 0, 3, 3, 2, 2, 0, 3, 0,
       2, 3, 1, 0, 1, 0, 0, 0, 3, 0, 1, 0, 2, 0, 1, 3, 2, 2, 0, 2, 2, 3,
       1, 1, 0, 0, 3, 2, 0, 1, 2, 2], dtype=object)]
[390, array([-60., -30., -30.,   0.]), array([2, 2, 1, 1, 2, 1, 1, 2, 0, 0, 0, 2, 1, 0, 0, 2, 2, 3, 0, 2, 2, 0,
       0, 0, 2, 0, 2, 2, 2, 2, 2, 0, 1, 3, 3, 0, 1, 2, 1, 3, 0, 2, 0, 3,
       1, 3, 1, 1, 2, 2, 3, 2, 2, 1, 0, 3, 1, 2, 2, 0, 2, 0, 0, 0, 3, 3,
       2, 3, 2, 3, 2, 3, 2, 3, 2, 2, 0, 1, 0, 0, 0, 3, 3, 2, 2, 0, 3, 0,
       2, 3, 1, 0, 1, 0, 0, 0, 3, 0, 1, 0, 2, 0, 1, 3, 2, 2, 0, 2, 2, 3,
       1, 1, 0, 0, 3, 2, 0, 1, 2, 2], dtype=object)]
[391, array([-60., -30., -30.,   0.]), array([2, 2, 1, 1, 2, 1, 1, 2, 0, 0, 0, 2, 1, 0, 0, 2, 2, 3, 0, 2, 2, 0,
       0, 0, 2, 0, 2, 2, 2, 2, 2, 0, 1, 3, 3, 0, 1, 2, 1, 3, 0, 2, 0, 3,
       1, 3, 1, 1, 2, 2, 3, 2, 2, 1, 0, 3, 1, 2, 2, 0, 2, 0, 0, 0, 3, 3,
       2, 3, 2, 3, 2, 3, 2, 3, 2, 2, 0, 1, 0, 0, 0, 3, 3, 2, 2, 0, 3, 3,
       2, 3, 3, 0, 1, 3, 0, 2, 3, 0, 3, 0, 2, 0, 1, 3, 2, 2, 0, 2, 2, 3,
       1, 2, 1, 2, 1, 2, 0, 2, 2, 2], dtype=object)]
[391, array([-60., -30., -30.,   0.]), array([2, 2, 1, 1, 2, 1, 1, 2, 0, 0, 0, 2, 1, 0, 0, 2, 2, 3, 0, 2, 2, 0,
       0, 0, 2, 0, 2, 2, 2, 2, 2, 0, 1, 3, 3, 0, 1, 2, 1, 3, 0, 2, 0, 3,
       1, 3, 1, 1, 2, 2, 3, 2, 2, 1, 0, 3, 1, 2, 2, 0, 2, 0, 0, 0, 3, 3,
       2, 3, 2, 3, 2, 3, 2, 3, 2, 2, 0, 1, 0, 0, 0, 3, 3, 2, 2, 0, 3, 3,
       2, 3, 3, 0, 1, 3, 0, 2, 3, 0, 3, 0, 2, 0, 1, 3, 2, 2, 0, 2, 2, 3,
       1, 2, 1, 2, 1, 2, 0, 2, 2, 2], dtype=object)]
[391, array([-60., -30., -30.,   0.]), array([2, 2, 1, 1, 2, 1, 1, 2, 0, 0, 0, 2, 1, 0, 0, 2, 2, 3, 0, 2, 2, 0,
       0, 0, 2, 0, 2, 2, 2, 2, 2, 0, 1, 3, 3, 0, 1, 2, 1, 3, 0, 2, 0, 3,
       1, 3, 1, 1, 2, 2, 3, 2, 2, 1, 0, 3, 1, 2, 2, 0, 2, 0, 0, 0, 3, 3,
       2, 3, 2, 3, 2, 3, 2, 3, 2, 2, 0, 1, 0, 0, 0, 3, 3, 2, 2, 0, 3, 3,
       2, 3, 3, 0, 1, 3, 0, 2, 3, 0, 3, 0, 2, 0, 1, 3, 2, 2, 0, 2, 2, 3,
       1, 2, 1, 2, 1, 2, 0, 2, 2, 2], dtype=object)]
[391, array([-60., -30., -30.,   0.]), array([2, 2, 1, 1, 2, 1, 1, 2, 0, 0, 0, 2, 1, 0, 0, 2, 2, 3, 0, 2, 2, 0,
       0, 0, 2, 0, 2, 2, 2, 2, 2, 0, 1, 3, 3, 0, 1, 2, 1, 3, 0, 2, 0, 3,
       1, 3, 1, 1, 2, 2, 3, 2, 2, 1, 0, 3, 1, 2, 2, 0, 2, 0, 0, 0, 3, 3,
       2, 3, 2, 3, 2, 3, 2, 3, 2, 2, 0, 1, 0, 0, 0, 3, 3, 2, 2, 0, 3, 3,
       2, 3, 3, 0, 1, 3, 0, 2, 3, 0, 3, 0, 2, 0, 1, 3, 2, 2, 0, 2, 2, 3,
       1, 2, 1, 2, 1, 2, 0, 2, 2, 2], dtype=object)]
[392, array([-60., -30., -30.,   0.]), array([2, 2, 1, 1, 2, 1, 1, 2, 0, 0, 0, 2, 1, 0, 0, 2, 2, 3, 0, 2, 2, 0,
       0, 0, 2, 0, 2, 2, 2, 2, 2, 0, 1, 3, 3, 0, 1, 2, 1, 3, 0, 2, 0, 3,
       1, 3, 1, 1, 2, 2, 3, 2, 2, 1, 0, 3, 1, 2, 2, 0, 2, 0, 0, 0, 3, 3,
       2, 3, 2, 3, 2, 3, 2, 3, 2, 2, 0, 1, 0, 0, 0, 3, 3, 2, 2, 0, 3, 3,
       2, 3, 3, 0, 1, 3, 0, 2, 3, 0, 3, 0, 2, 0, 1, 3, 2, 2, 0, 2, 2, 3,
       1, 2, 1, 2, 1, 2, 0, 2, 2, 2], dtype=object)]
[392, array([-60., -30., -30.,   0.]), array([2, 2, 1, 1, 2, 1, 1, 2, 0, 0, 0, 2, 1, 0, 0, 2, 2, 3, 0, 2, 2, 0,
       0, 0, 2, 0, 2, 2, 2, 2, 2, 0, 1, 3, 3, 0, 1, 2, 1, 3, 0, 2, 0, 3,
       1, 3, 1, 1, 2, 2, 3, 2, 2, 1, 0, 3, 1, 2, 2, 0, 2, 0, 0, 0, 3, 3,
       2, 3, 2, 3, 2, 3, 2, 3, 2, 2, 0, 1, 0, 0, 0, 3, 3, 2, 2, 0, 3, 3,
       2, 3, 3, 0, 1, 3, 0, 2, 3, 0, 3, 0, 2, 0, 1, 3, 2, 2, 0, 2, 2, 3,
       1, 2, 1, 2, 1, 2, 0, 2, 2, 2], dtype=object)]
[392, array([-60., -30., -30.,   0.]), array([2, 2, 1, 1, 2, 1, 1, 2, 0, 0, 0, 2, 1, 0, 0, 2, 2, 3, 0, 2, 2, 0,
       0, 0, 2, 0, 2, 2, 2, 2, 2, 0, 1, 3, 3, 0, 1, 2, 1, 3, 0, 2, 0, 3,
       1, 3, 1, 1, 2, 2, 3, 2, 2, 1, 0, 3, 1, 2, 2, 0, 2, 0, 0, 0, 3, 3,
       2, 3, 2, 3, 2, 3, 2, 3, 2, 2, 0, 1, 0, 0, 0, 3, 3, 2, 2, 0, 3, 3,
       2, 3, 3, 0, 1, 3, 0, 2, 3, 0, 3, 0, 2, 0, 1, 3, 2, 2, 0, 2, 2, 3,
       1, 2, 1, 2, 1, 2, 0, 2, 2, 2], dtype=object)]
[392, array([-60., -30., -30.,   0.]), array([2, 2, 1, 1, 2, 1, 1, 2, 0, 0, 0, 2, 1, 0, 0, 2, 2, 3, 0, 2, 2, 0,
       0, 0, 2, 0, 2, 2, 2, 2, 2, 0, 1, 3, 3, 0, 1, 2, 1, 3, 0, 2, 0, 3,
       1, 3, 1, 1, 2, 2, 3, 2, 2, 1, 0, 3, 1, 2, 2, 0, 2, 0, 0, 0, 3, 3,
       2, 3, 2, 3, 2, 3, 2, 3, 2, 2, 0, 1, 0, 0, 0, 3, 3, 2, 2, 0, 3, 3,
       2, 3, 3, 0, 1, 3, 0, 2, 3, 0, 3, 0, 2, 0, 1, 3, 2, 2, 0, 2, 2, 3,
       1, 2, 1, 2, 1, 2, 0, 2, 2, 2], dtype=object)]
[393, array([-60., -30., -30.,   0.]), array([2, 2, 1, 1, 2, 1, 1, 2, 0, 0, 0, 2, 1, 0, 0, 2, 2, 3, 0, 2, 2, 0,
       0, 0, 2, 0, 2, 2, 2, 2, 2, 0, 1, 3, 3, 0, 1, 2, 1, 3, 0, 2, 0, 3,
       1, 3, 1, 1, 2, 2, 3, 2, 2, 1, 0, 3, 1, 2, 2, 0, 2, 0, 0, 0, 3, 3,
       2, 3, 2, 3, 2, 3, 2, 3, 2, 2, 0, 1, 0, 0, 0, 3, 3, 2, 2, 0, 3, 3,
       2, 3, 3, 0, 1, 3, 0, 0, 3, 0, 3, 0, 2, 0, 1, 3, 2, 2, 0, 2, 2, 3,
       1, 2, 1, 2, 1, 2, 0, 2, 2, 2], dtype=object)]
[393, array([-60., -30., -30.,   0.]), array([2, 2, 1, 1, 2, 1, 1, 2, 0, 0, 0, 2, 1, 0, 0, 2, 2, 3, 0, 2, 2, 0,
       0, 0, 2, 0, 2, 2, 2, 2, 2, 0, 1, 3, 3, 0, 1, 2, 1, 3, 0, 2, 0, 3,
       1, 3, 1, 1, 2, 2, 3, 2, 2, 1, 0, 3, 1, 2, 2, 0, 2, 0, 0, 0, 3, 3,
       2, 3, 2, 3, 2, 3, 2, 3, 2, 2, 0, 1, 0, 0, 0, 3, 3, 2, 2, 0, 3, 3,
       2, 3, 3, 0, 1, 3, 0, 0, 3, 0, 3, 0, 2, 0, 1, 3, 2, 2, 0, 2, 2, 3,
       1, 2, 1, 2, 1, 2, 0, 2, 2, 2], dtype=object)]
[393, array([-60., -30., -30.,   0.]), array([2, 2, 1, 1, 2, 1, 1, 2, 0, 0, 0, 2, 1, 0, 0, 2, 2, 3, 0, 2, 2, 0,
       0, 0, 2, 0, 2, 2, 2, 2, 2, 0, 1, 3, 3, 0, 1, 2, 1, 3, 0, 2, 0, 3,
       1, 3, 1, 1, 2, 2, 3, 2, 2, 1, 0, 3, 1, 2, 2, 0, 2, 0, 0, 0, 3, 3,
       2, 3, 2, 3, 2, 3, 2, 3, 2, 2, 0, 1, 0, 0, 0, 3, 3, 2, 2, 0, 3, 3,
       2, 3, 3, 0, 1, 3, 0, 0, 3, 0, 3, 0, 2, 0, 1, 3, 2, 2, 0, 2, 2, 3,
       1, 2, 1, 2, 1, 2, 0, 2, 2, 2], dtype=object)]
[393, array([-60., -30., -30.,   0.]), array([2, 2, 1, 1, 2, 1, 1, 2, 0, 0, 0, 2, 1, 0, 0, 2, 2, 3, 0, 2, 2, 0,
       0, 0, 2, 0, 2, 2, 2, 2, 2, 0, 1, 3, 3, 0, 1, 2, 1, 3, 0, 2, 0, 3,
       1, 3, 1, 1, 2, 2, 3, 2, 2, 1, 0, 3, 1, 2, 2, 0, 2, 0, 0, 0, 3, 3,
       2, 3, 2, 3, 2, 3, 2, 3, 2, 2, 0, 1, 0, 0, 0, 3, 3, 2, 2, 0, 3, 3,
       2, 3, 3, 0, 1, 3, 0, 0, 3, 0, 3, 0, 2, 0, 1, 3, 2, 2, 0, 2, 2, 3,
       1, 2, 1, 2, 1, 2, 0, 2, 2, 2], dtype=object)]
[394, array([-60., -30., -30.,   0.]), array([2, 2, 1, 1, 2, 1, 1, 2, 0, 0, 0, 2, 1, 0, 0, 2, 2, 3, 0, 2, 2, 0,
       0, 0, 2, 0, 2, 2, 2, 2, 2, 0, 1, 3, 3, 0, 1, 2, 1, 3, 0, 2, 0, 3,
       1, 3, 1, 1, 2, 2, 3, 2, 2, 1, 0, 3, 1, 2, 2, 0, 1, 0, 0, 0, 3, 3,
       2, 3, 2, 3, 2, 3, 2, 3, 2, 2, 0, 1, 0, 0, 0, 3, 3, 2, 2, 0, 3, 3,
       2, 3, 3, 0, 1, 3, 0, 0, 3, 0, 3, 0, 2, 0, 1, 3, 2, 2, 0, 2, 2, 3,
       1, 2, 1, 2, 1, 2, 0, 2, 2, 2], dtype=object)]
[394, array([-60., -30., -30.,   0.]), array([2, 2, 1, 1, 2, 1, 1, 2, 0, 0, 0, 2, 1, 0, 0, 2, 2, 3, 0, 2, 2, 0,
       0, 0, 2, 0, 2, 2, 2, 2, 2, 0, 1, 3, 3, 0, 1, 2, 1, 3, 0, 2, 0, 3,
       1, 3, 1, 1, 2, 2, 3, 2, 2, 1, 0, 3, 1, 2, 2, 0, 1, 0, 0, 0, 3, 3,
       2, 3, 2, 3, 2, 3, 2, 3, 2, 2, 0, 1, 0, 0, 0, 3, 3, 2, 2, 0, 3, 3,
       2, 3, 3, 0, 1, 3, 0, 0, 3, 0, 3, 0, 2, 0, 1, 3, 2, 2, 0, 2, 2, 3,
       1, 2, 1, 2, 1, 2, 0, 2, 2, 2], dtype=object)]
[394, array([-60., -30., -30.,   0.]), array([2, 2, 1, 1, 2, 1, 1, 2, 0, 0, 0, 2, 1, 0, 0, 2, 2, 3, 0, 2, 2, 0,
       0, 0, 2, 0, 2, 2, 2, 2, 2, 0, 1, 3, 3, 0, 1, 2, 1, 3, 0, 2, 0, 3,
       1, 3, 1, 1, 2, 2, 3, 2, 2, 1, 0, 3, 1, 2, 2, 0, 1, 0, 0, 0, 3, 3,
       2, 3, 2, 3, 2, 3, 2, 3, 2, 2, 0, 1, 0, 0, 0, 3, 3, 2, 2, 0, 3, 3,
       2, 3, 3, 0, 1, 3, 0, 0, 3, 0, 3, 0, 2, 0, 1, 3, 2, 2, 0, 2, 2, 3,
       1, 2, 1, 2, 1, 2, 0, 2, 2, 2], dtype=object)]
[394, array([-60., -30., -30.,   0.]), array([2, 2, 1, 1, 2, 1, 1, 2, 0, 0, 0, 2, 1, 0, 0, 2, 2, 3, 0, 2, 2, 0,
       0, 0, 2, 0, 2, 2, 2, 2, 2, 0, 1, 3, 3, 0, 1, 2, 1, 3, 0, 2, 0, 3,
       1, 3, 1, 1, 2, 2, 3, 2, 2, 1, 0, 3, 1, 2, 2, 0, 1, 0, 0, 0, 3, 3,
       2, 3, 2, 3, 2, 3, 2, 3, 2, 2, 0, 1, 0, 0, 0, 3, 3, 2, 2, 0, 3, 3,
       2, 3, 3, 0, 1, 3, 0, 0, 3, 0, 3, 0, 2, 0, 1, 3, 2, 2, 0, 2, 2, 3,
       1, 2, 1, 2, 1, 2, 0, 2, 2, 2], dtype=object)]
[395, array([-60., -30., -30.,   0.]), array([2, 1, 1, 1, 2, 0, 1, 2, 0, 0, 0, 2, 1, 0, 0, 2, 2, 3, 0, 2, 2, 0,
       0, 0, 2, 0, 2, 2, 2, 2, 2, 0, 1, 3, 3, 0, 1, 2, 1, 3, 0, 2, 0, 3,
       1, 3, 1, 1, 2, 2, 3, 2, 2, 1, 0, 3, 1, 2, 2, 0, 2, 0, 0, 0, 3, 3,
       2, 3, 2, 3, 2, 3, 2, 3, 2, 2, 0, 1, 0, 0, 0, 3, 3, 2, 2, 0, 3, 3,
       2, 3, 3, 0, 1, 3, 0, 2, 3, 0, 3, 0, 2, 0, 1, 3, 2, 2, 0, 2, 2, 3,
       1, 2, 1, 2, 1, 0, 0, 2, 2, 2], dtype=object)]
[395, array([-60., -30., -30.,   0.]), array([2, 1, 1, 1, 2, 0, 1, 2, 0, 0, 0, 2, 1, 0, 0, 2, 2, 3, 0, 2, 2, 0,
       0, 0, 2, 0, 2, 2, 2, 2, 2, 0, 1, 3, 3, 0, 1, 2, 1, 3, 0, 2, 0, 3,
       1, 3, 1, 1, 2, 2, 3, 2, 2, 1, 0, 3, 1, 2, 2, 0, 2, 0, 0, 0, 3, 3,
       2, 3, 2, 3, 2, 3, 2, 3, 2, 2, 0, 1, 0, 0, 0, 3, 3, 2, 2, 0, 3, 3,
       2, 3, 3, 0, 1, 3, 0, 2, 3, 0, 3, 0, 2, 0, 1, 3, 2, 2, 0, 2, 2, 3,
       1, 2, 1, 2, 1, 0, 0, 2, 2, 2], dtype=object)]
[395, array([-60., -30., -30.,   0.]), array([2, 1, 1, 1, 2, 0, 1, 2, 0, 0, 0, 2, 1, 0, 0, 2, 2, 3, 0, 2, 2, 0,
       0, 0, 2, 0, 2, 2, 2, 2, 2, 0, 1, 3, 3, 0, 1, 2, 1, 3, 0, 2, 0, 3,
       1, 3, 1, 1, 2, 2, 3, 2, 2, 1, 0, 3, 1, 2, 2, 0, 2, 0, 0, 0, 3, 3,
       2, 3, 2, 3, 2, 3, 2, 3, 2, 2, 0, 1, 0, 0, 0, 3, 3, 2, 2, 0, 3, 3,
       2, 3, 3, 0, 1, 3, 0, 2, 3, 0, 3, 0, 2, 0, 1, 3, 2, 2, 0, 2, 2, 3,
       1, 2, 1, 2, 1, 0, 0, 2, 2, 2], dtype=object)]
[395, array([-60., -30., -30.,   0.]), array([2, 1, 1, 1, 2, 0, 1, 2, 0, 0, 0, 2, 1, 0, 0, 2, 2, 3, 0, 2, 2, 0,
       0, 0, 2, 0, 2, 2, 2, 2, 2, 0, 1, 3, 3, 0, 1, 2, 1, 3, 0, 2, 0, 3,
       1, 3, 1, 1, 2, 2, 3, 2, 2, 1, 0, 3, 1, 2, 2, 0, 2, 0, 0, 0, 3, 3,
       2, 3, 2, 3, 2, 3, 2, 3, 2, 2, 0, 1, 0, 0, 0, 3, 3, 2, 2, 0, 3, 3,
       2, 3, 3, 0, 1, 3, 0, 2, 3, 0, 3, 0, 2, 0, 1, 3, 2, 2, 0, 2, 2, 3,
       1, 2, 1, 2, 1, 0, 0, 2, 2, 2], dtype=object)]
[396, array([-60., -30., -30.,   0.]), array([2, 2, 1, 1, 2, 1, 1, 2, 0, 0, 0, 2, 1, 0, 0, 2, 2, 3, 0, 2, 2, 0,
       0, 0, 2, 0, 2, 2, 2, 2, 2, 0, 1, 3, 3, 0, 1, 2, 1, 3, 0, 2, 0, 3,
       1, 3, 1, 1, 2, 2, 3, 2, 2, 1, 0, 3, 1, 2, 2, 0, 2, 0, 0, 0, 3, 3,
       2, 3, 2, 3, 2, 3, 2, 3, 2, 2, 0, 1, 0, 0, 0, 3, 1, 2, 2, 0, 3, 3,
       2, 3, 3, 0, 1, 3, 0, 2, 3, 0, 3, 0, 2, 0, 1, 3, 2, 2, 0, 2, 2, 3,
       1, 2, 1, 0, 3, 2, 0, 1, 2, 2], dtype=object)]
[396, array([-60., -30., -30.,   0.]), array([2, 2, 1, 1, 2, 1, 1, 2, 0, 0, 0, 2, 1, 0, 0, 2, 2, 3, 0, 2, 2, 0,
       0, 0, 2, 0, 2, 2, 2, 2, 2, 0, 1, 3, 3, 0, 1, 2, 1, 3, 0, 2, 0, 3,
       1, 3, 1, 1, 2, 2, 3, 2, 2, 1, 0, 3, 1, 2, 2, 0, 2, 0, 0, 0, 3, 3,
       2, 3, 2, 3, 2, 3, 2, 3, 2, 2, 0, 1, 0, 0, 0, 3, 1, 2, 2, 0, 3, 3,
       2, 3, 3, 0, 1, 3, 0, 2, 3, 0, 3, 0, 2, 0, 1, 3, 2, 2, 0, 2, 2, 3,
       1, 2, 1, 0, 3, 2, 0, 1, 2, 2], dtype=object)]
[396, array([-60., -30., -30.,   0.]), array([2, 2, 1, 1, 2, 1, 1, 2, 0, 0, 0, 2, 1, 0, 0, 2, 2, 3, 0, 2, 2, 0,
       0, 0, 2, 0, 2, 2, 2, 2, 2, 0, 1, 3, 3, 0, 1, 2, 1, 3, 0, 2, 0, 3,
       1, 3, 1, 1, 2, 2, 3, 2, 2, 1, 0, 3, 1, 2, 2, 0, 2, 0, 0, 0, 3, 3,
       2, 3, 2, 3, 2, 3, 2, 3, 2, 2, 0, 1, 0, 0, 0, 3, 1, 2, 2, 0, 3, 3,
       2, 3, 3, 0, 1, 3, 0, 2, 3, 0, 3, 0, 2, 0, 1, 3, 2, 2, 0, 2, 2, 3,
       1, 2, 1, 0, 3, 2, 0, 1, 2, 2], dtype=object)]
[396, array([-60., -30., -30.,   0.]), array([2, 2, 1, 1, 2, 1, 1, 2, 0, 0, 0, 2, 1, 0, 0, 2, 2, 3, 0, 2, 2, 0,
       0, 0, 2, 0, 2, 2, 2, 2, 2, 0, 1, 3, 3, 0, 1, 2, 1, 3, 0, 2, 0, 3,
       1, 3, 1, 1, 2, 2, 3, 2, 2, 1, 0, 3, 1, 2, 2, 0, 2, 0, 0, 0, 3, 3,
       2, 3, 2, 3, 2, 3, 2, 3, 2, 2, 0, 1, 0, 0, 0, 3, 1, 2, 2, 0, 3, 3,
       2, 3, 3, 0, 1, 3, 0, 2, 3, 0, 3, 0, 2, 0, 1, 3, 2, 2, 0, 2, 2, 3,
       1, 2, 1, 0, 3, 2, 0, 1, 2, 2], dtype=object)]
[397, array([-60., -30., -30.,   0.]), array([2, 1, 1, 0, 2, 1, 1, 2, 0, 0, 0, 2, 1, 0, 0, 2, 2, 3, 0, 2, 2, 0,
       0, 0, 2, 0, 2, 2, 2, 2, 2, 0, 1, 3, 3, 0, 1, 2, 1, 3, 0, 2, 0, 3,
       1, 3, 1, 1, 2, 2, 3, 2, 2, 1, 0, 3, 1, 2, 2, 0, 2, 0, 0, 0, 3, 3,
       2, 3, 2, 3, 2, 3, 2, 3, 2, 2, 0, 1, 0, 0, 0, 3, 3, 2, 2, 0, 3, 3,
       2, 3, 3, 0, 1, 3, 0, 2, 3, 0, 3, 0, 2, 0, 1, 3, 2, 2, 0, 2, 2, 3,
       1, 2, 1, 2, 1, 2, 0, 2, 2, 2], dtype=object)]
[397, array([-60., -30., -30.,   0.]), array([2, 1, 1, 0, 2, 1, 1, 2, 0, 0, 0, 2, 1, 0, 0, 2, 2, 3, 0, 2, 2, 0,
       0, 0, 2, 0, 2, 2, 2, 2, 2, 0, 1, 3, 3, 0, 1, 2, 1, 3, 0, 2, 0, 3,
       1, 3, 1, 1, 2, 2, 3, 2, 2, 1, 0, 3, 1, 2, 2, 0, 2, 0, 0, 0, 3, 3,
       2, 3, 2, 3, 2, 3, 2, 3, 2, 2, 0, 1, 0, 0, 0, 3, 3, 2, 2, 0, 3, 3,
       2, 3, 3, 0, 1, 3, 0, 2, 3, 0, 3, 0, 2, 0, 1, 3, 2, 2, 0, 2, 2, 3,
       1, 2, 1, 2, 1, 2, 0, 2, 2, 2], dtype=object)]
[397, array([-60., -30., -30.,   0.]), array([2, 1, 1, 0, 2, 1, 1, 2, 0, 0, 0, 2, 1, 0, 0, 2, 2, 3, 0, 2, 2, 0,
       0, 0, 2, 0, 2, 2, 2, 2, 2, 0, 1, 3, 3, 0, 1, 2, 1, 3, 0, 2, 0, 3,
       1, 3, 1, 1, 2, 2, 3, 2, 2, 1, 0, 3, 1, 2, 2, 0, 2, 0, 0, 0, 3, 3,
       2, 3, 2, 3, 2, 3, 2, 3, 2, 2, 0, 1, 0, 0, 0, 3, 3, 2, 2, 0, 3, 3,
       2, 3, 3, 0, 1, 3, 0, 2, 3, 0, 3, 0, 2, 0, 1, 3, 2, 2, 0, 2, 2, 3,
       1, 2, 1, 2, 1, 2, 0, 2, 2, 2], dtype=object)]
[397, array([-60., -30., -30.,   0.]), array([2, 1, 1, 0, 2, 1, 1, 2, 0, 0, 0, 2, 1, 0, 0, 2, 2, 3, 0, 2, 2, 0,
       0, 0, 2, 0, 2, 2, 2, 2, 2, 0, 1, 3, 3, 0, 1, 2, 1, 3, 0, 2, 0, 3,
       1, 3, 1, 1, 2, 2, 3, 2, 2, 1, 0, 3, 1, 2, 2, 0, 2, 0, 0, 0, 3, 3,
       2, 3, 2, 3, 2, 3, 2, 3, 2, 2, 0, 1, 0, 0, 0, 3, 3, 2, 2, 0, 3, 3,
       2, 3, 3, 0, 1, 3, 0, 2, 3, 0, 3, 0, 2, 0, 1, 3, 2, 2, 0, 2, 2, 3,
       1, 2, 1, 2, 1, 2, 0, 2, 2, 2], dtype=object)]
[398, array([-60., -30., -30.,   0.]), array([2, 1, 1, 0, 2, 1, 1, 2, 0, 0, 0, 2, 1, 0, 0, 2, 2, 3, 0, 2, 2, 1,
       0, 0, 2, 0, 2, 2, 2, 2, 2, 0, 1, 3, 3, 0, 1, 2, 1, 3, 0, 2, 0, 3,
       1, 3, 1, 1, 2, 2, 3, 2, 2, 1, 0, 3, 1, 2, 2, 0, 2, 0, 0, 0, 3, 3,
       2, 3, 2, 3, 2, 3, 2, 3, 2, 2, 0, 1, 0, 0, 0, 3, 3, 2, 2, 0, 3, 3,
       2, 3, 3, 0, 1, 3, 0, 2, 3, 0, 3, 0, 2, 0, 1, 3, 2, 2, 0, 2, 2, 3,
       1, 2, 1, 2, 1, 2, 0, 2, 2, 2], dtype=object)]
[398, array([-60., -30., -30.,   0.]), array([2, 1, 1, 0, 2, 1, 1, 2, 0, 0, 0, 2, 1, 0, 0, 2, 2, 3, 0, 2, 2, 1,
       0, 0, 2, 0, 2, 2, 2, 2, 2, 0, 1, 3, 3, 0, 1, 2, 1, 3, 0, 2, 0, 3,
       1, 3, 1, 1, 2, 2, 3, 2, 2, 1, 0, 3, 1, 2, 2, 0, 2, 0, 0, 0, 3, 3,
       2, 3, 2, 3, 2, 3, 2, 3, 2, 2, 0, 1, 0, 0, 0, 3, 3, 2, 2, 0, 3, 3,
       2, 3, 3, 0, 1, 3, 0, 2, 3, 0, 3, 0, 2, 0, 1, 3, 2, 2, 0, 2, 2, 3,
       1, 2, 1, 2, 1, 2, 0, 2, 2, 2], dtype=object)]
[398, array([-60., -30., -30.,   0.]), array([2, 1, 1, 0, 2, 1, 1, 2, 0, 0, 0, 2, 1, 0, 0, 2, 2, 3, 0, 2, 2, 1,
       0, 0, 2, 0, 2, 2, 2, 2, 2, 0, 1, 3, 3, 0, 1, 2, 1, 3, 0, 2, 0, 3,
       1, 3, 1, 1, 2, 2, 3, 2, 2, 1, 0, 3, 1, 2, 2, 0, 2, 0, 0, 0, 3, 3,
       2, 3, 2, 3, 2, 3, 2, 3, 2, 2, 0, 1, 0, 0, 0, 3, 3, 2, 2, 0, 3, 3,
       2, 3, 3, 0, 1, 3, 0, 2, 3, 0, 3, 0, 2, 0, 1, 3, 2, 2, 0, 2, 2, 3,
       1, 2, 1, 2, 1, 2, 0, 2, 2, 2], dtype=object)]
[398, array([-60., -30., -30.,   0.]), array([2, 1, 1, 0, 2, 1, 1, 2, 0, 0, 0, 2, 1, 0, 0, 2, 2, 3, 0, 2, 2, 1,
       0, 0, 2, 0, 2, 2, 2, 2, 2, 0, 1, 3, 3, 0, 1, 2, 1, 3, 0, 2, 0, 3,
       1, 3, 1, 1, 2, 2, 3, 2, 2, 1, 0, 3, 1, 2, 2, 0, 2, 0, 0, 0, 3, 3,
       2, 3, 2, 3, 2, 3, 2, 3, 2, 2, 0, 1, 0, 0, 0, 3, 3, 2, 2, 0, 3, 3,
       2, 3, 3, 0, 1, 3, 0, 2, 3, 0, 3, 0, 2, 0, 1, 3, 2, 2, 0, 2, 2, 3,
       1, 2, 1, 2, 1, 2, 0, 2, 2, 2], dtype=object)]
[399, array([-60., -30., -30.,   0.]), array([2, 1, 1, 0, 2, 1, 1, 2, 0, 0, 0, 2, 1, 0, 0, 2, 2, 3, 0, 2, 2, 1,
       0, 0, 2, 0, 2, 2, 2, 2, 2, 0, 1, 3, 3, 0, 1, 2, 1, 3, 0, 2, 0, 3,
       1, 3, 1, 1, 2, 2, 3, 2, 2, 1, 0, 3, 1, 2, 2, 0, 2, 0, 0, 0, 3, 3,
       2, 3, 2, 3, 2, 3, 2, 3, 2, 2, 0, 0, 0, 0, 0, 3, 3, 2, 2, 0, 3, 0,
       2, 3, 1, 0, 1, 0, 0, 0, 3, 0, 3, 0, 2, 0, 1, 3, 1, 2, 0, 2, 2, 3,
       1, 2, 1, 2, 1, 2, 0, 2, 2, 2], dtype=object)]
[399, array([-60., -30., -30.,   0.]), array([2, 1, 1, 0, 2, 1, 1, 2, 0, 0, 0, 2, 1, 0, 0, 2, 2, 3, 0, 2, 2, 1,
       0, 0, 2, 0, 2, 2, 2, 2, 2, 0, 1, 3, 3, 0, 1, 2, 1, 3, 0, 2, 0, 3,
       1, 3, 1, 1, 2, 2, 3, 2, 2, 1, 0, 3, 1, 2, 2, 0, 2, 0, 0, 0, 3, 3,
       2, 3, 2, 3, 2, 3, 2, 3, 2, 2, 0, 0, 0, 0, 0, 3, 3, 2, 2, 0, 3, 0,
       2, 3, 1, 0, 1, 0, 0, 0, 3, 0, 3, 0, 2, 0, 1, 3, 1, 2, 0, 2, 2, 3,
       1, 2, 1, 2, 1, 2, 0, 2, 2, 2], dtype=object)]
[399, array([-60., -30., -30.,   0.]), array([2, 1, 1, 0, 2, 1, 1, 2, 0, 0, 0, 2, 1, 0, 0, 2, 2, 3, 0, 2, 2, 1,
       0, 0, 2, 0, 2, 2, 2, 2, 2, 0, 1, 3, 3, 0, 1, 2, 1, 3, 0, 2, 0, 3,
       1, 3, 1, 1, 2, 2, 3, 2, 2, 1, 0, 3, 1, 2, 2, 0, 2, 0, 0, 0, 3, 3,
       2, 3, 2, 3, 2, 3, 2, 3, 2, 2, 0, 0, 0, 0, 0, 3, 3, 2, 2, 0, 3, 0,
       2, 3, 1, 0, 1, 0, 0, 0, 3, 0, 3, 0, 2, 0, 1, 3, 1, 2, 0, 2, 2, 3,
       1, 2, 1, 2, 1, 2, 0, 2, 2, 2], dtype=object)]
[399, array([-60., -30., -30.,   0.]), array([2, 1, 1, 0, 2, 1, 1, 2, 0, 0, 0, 2, 1, 0, 0, 2, 2, 3, 0, 2, 2, 1,
       0, 0, 2, 0, 2, 2, 2, 2, 2, 0, 1, 3, 3, 0, 1, 2, 1, 3, 0, 2, 0, 3,
       1, 3, 1, 1, 2, 2, 3, 2, 2, 1, 0, 3, 1, 2, 2, 0, 2, 0, 0, 0, 3, 3,
       2, 3, 2, 3, 2, 3, 2, 3, 2, 2, 0, 0, 0, 0, 0, 3, 3, 2, 2, 0, 3, 0,
       2, 3, 1, 0, 1, 0, 0, 0, 3, 0, 3, 0, 2, 0, 1, 3, 1, 2, 0, 2, 2, 3,
       1, 2, 1, 2, 1, 2, 0, 2, 2, 2], dtype=object)]
[400, array([-60., -30., -30.,   0.]), array([2, 1, 1, 0, 2, 1, 1, 2, 0, 0, 0, 2, 1, 0, 0, 2, 2, 3, 0, 2, 2, 1,
       0, 0, 2, 0, 2, 2, 2, 2, 1, 0, 1, 3, 3, 0, 1, 2, 1, 3, 0, 2, 0, 3,
       1, 3, 1, 1, 2, 2, 3, 2, 2, 1, 0, 3, 1, 2, 2, 0, 2, 0, 0, 0, 3, 3,
       2, 3, 2, 3, 2, 3, 2, 3, 2, 2, 0, 1, 0, 0, 0, 3, 3, 2, 2, 0, 3, 0,
       2, 3, 1, 0, 1, 0, 2, 0, 3, 0, 3, 0, 2, 0, 2, 3, 2, 2, 0, 2, 2, 3,
       2, 1, 0, 0, 3, 2, 0, 1, 2, 2], dtype=object)]
[400, array([-60., -30., -30.,   0.]), array([2, 1, 1, 0, 2, 1, 1, 2, 0, 0, 0, 2, 1, 0, 0, 2, 2, 3, 0, 2, 2, 1,
       0, 0, 2, 0, 2, 2, 2, 2, 1, 0, 1, 3, 3, 0, 1, 2, 1, 3, 0, 2, 0, 3,
       1, 3, 1, 1, 2, 2, 3, 2, 2, 1, 0, 3, 1, 2, 2, 0, 2, 0, 0, 0, 3, 3,
       2, 3, 2, 3, 2, 3, 2, 3, 2, 2, 0, 1, 0, 0, 0, 3, 3, 2, 2, 0, 3, 0,
       2, 3, 1, 0, 1, 0, 2, 0, 3, 0, 3, 0, 2, 0, 2, 3, 2, 2, 0, 2, 2, 3,
       2, 1, 0, 0, 3, 2, 0, 1, 2, 2], dtype=object)]
[400, array([-60., -30., -30.,   0.]), array([2, 1, 1, 0, 2, 1, 1, 2, 0, 0, 0, 2, 1, 0, 0, 2, 2, 3, 0, 2, 2, 1,
       0, 0, 2, 0, 2, 2, 2, 2, 1, 0, 1, 3, 3, 0, 1, 2, 1, 3, 0, 2, 0, 3,
       1, 3, 1, 1, 2, 2, 3, 2, 2, 1, 0, 3, 1, 2, 2, 0, 2, 0, 0, 0, 3, 3,
       2, 3, 2, 3, 2, 3, 2, 3, 2, 2, 0, 1, 0, 0, 0, 3, 3, 2, 2, 0, 3, 0,
       2, 3, 1, 0, 1, 0, 2, 0, 3, 0, 3, 0, 2, 0, 2, 3, 2, 2, 0, 2, 2, 3,
       2, 1, 0, 0, 3, 2, 0, 1, 2, 2], dtype=object)]
[400, array([-60., -30., -30.,   0.]), array([2, 1, 1, 0, 2, 1, 1, 2, 0, 0, 0, 2, 1, 0, 0, 2, 2, 3, 0, 2, 2, 1,
       0, 0, 2, 0, 2, 2, 2, 2, 1, 0, 1, 3, 3, 0, 1, 2, 1, 3, 0, 2, 0, 3,
       1, 3, 1, 1, 2, 2, 3, 2, 2, 1, 0, 3, 1, 2, 2, 0, 2, 0, 0, 0, 3, 3,
       2, 3, 2, 3, 2, 3, 2, 3, 2, 2, 0, 1, 0, 0, 0, 3, 3, 2, 2, 0, 3, 0,
       2, 3, 1, 0, 1, 0, 2, 0, 3, 0, 3, 0, 2, 0, 2, 3, 2, 2, 0, 2, 2, 3,
       2, 1, 0, 0, 3, 2, 0, 1, 2, 2], dtype=object)]
[401, array([-60., -30., -30.,   0.]), array([2, 1, 1, 1, 2, 1, 1, 2, 0, 0, 0, 2, 1, 0, 0, 1, 2, 3, 0, 2, 2, 0,
       0, 0, 2, 0, 2, 2, 2, 2, 2, 0, 1, 3, 3, 0, 1, 2, 1, 3, 0, 2, 0, 3,
       1, 3, 1, 1, 2, 2, 3, 2, 2, 1, 0, 3, 1, 2, 2, 0, 2, 0, 0, 0, 3, 3,
       2, 3, 2, 3, 2, 3, 2, 3, 2, 2, 0, 1, 0, 0, 0, 3, 3, 2, 2, 0, 3, 3,
       2, 3, 3, 0, 1, 3, 0, 2, 3, 0, 3, 0, 2, 0, 1, 3, 2, 2, 0, 2, 2, 3,
       1, 2, 1, 2, 1, 0, 0, 2, 2, 2], dtype=object)]
[401, array([-60., -30., -30.,   0.]), array([2, 1, 1, 1, 2, 1, 1, 2, 0, 0, 0, 2, 1, 0, 0, 1, 2, 3, 0, 2, 2, 0,
       0, 0, 2, 0, 2, 2, 2, 2, 2, 0, 1, 3, 3, 0, 1, 2, 1, 3, 0, 2, 0, 3,
       1, 3, 1, 1, 2, 2, 3, 2, 2, 1, 0, 3, 1, 2, 2, 0, 2, 0, 0, 0, 3, 3,
       2, 3, 2, 3, 2, 3, 2, 3, 2, 2, 0, 1, 0, 0, 0, 3, 3, 2, 2, 0, 3, 3,
       2, 3, 3, 0, 1, 3, 0, 2, 3, 0, 3, 0, 2, 0, 1, 3, 2, 2, 0, 2, 2, 3,
       1, 2, 1, 2, 1, 0, 0, 2, 2, 2], dtype=object)]
[401, array([-60., -30., -30.,   0.]), array([2, 1, 1, 1, 2, 1, 1, 2, 0, 0, 0, 2, 1, 0, 0, 1, 2, 3, 0, 2, 2, 0,
       0, 0, 2, 0, 2, 2, 2, 2, 2, 0, 1, 3, 3, 0, 1, 2, 1, 3, 0, 2, 0, 3,
       1, 3, 1, 1, 2, 2, 3, 2, 2, 1, 0, 3, 1, 2, 2, 0, 2, 0, 0, 0, 3, 3,
       2, 3, 2, 3, 2, 3, 2, 3, 2, 2, 0, 1, 0, 0, 0, 3, 3, 2, 2, 0, 3, 3,
       2, 3, 3, 0, 1, 3, 0, 2, 3, 0, 3, 0, 2, 0, 1, 3, 2, 2, 0, 2, 2, 3,
       1, 2, 1, 2, 1, 0, 0, 2, 2, 2], dtype=object)]
[401, array([-60., -30., -30.,   0.]), array([2, 1, 1, 1, 2, 1, 1, 2, 0, 0, 0, 2, 1, 0, 0, 1, 2, 3, 0, 2, 2, 0,
       0, 0, 2, 0, 2, 2, 2, 2, 2, 0, 1, 3, 3, 0, 1, 2, 1, 3, 0, 2, 0, 3,
       1, 3, 1, 1, 2, 2, 3, 2, 2, 1, 0, 3, 1, 2, 2, 0, 2, 0, 0, 0, 3, 3,
       2, 3, 2, 3, 2, 3, 2, 3, 2, 2, 0, 1, 0, 0, 0, 3, 3, 2, 2, 0, 3, 3,
       2, 3, 3, 0, 1, 3, 0, 2, 3, 0, 3, 0, 2, 0, 1, 3, 2, 2, 0, 2, 2, 3,
       1, 2, 1, 2, 1, 0, 0, 2, 2, 2], dtype=object)]
[402, array([-60., -30., -30.,   0.]), array([2, 1, 1, 0, 2, 1, 1, 2, 0, 0, 0, 2, 1, 0, 0, 2, 2, 3, 0, 2, 2, 1,
       0, 0, 2, 0, 2, 2, 2, 2, 2, 0, 1, 3, 3, 0, 1, 2, 1, 3, 0, 2, 0, 1,
       1, 3, 1, 1, 2, 2, 3, 2, 2, 1, 0, 3, 2, 2, 2, 0, 2, 0, 0, 0, 3, 3,
       2, 3, 2, 3, 2, 3, 2, 3, 2, 2, 0, 0, 0, 0, 0, 3, 3, 2, 2, 0, 3, 0,
       2, 3, 1, 0, 1, 0, 0, 0, 0, 0, 3, 0, 2, 0, 1, 3, 1, 2, 0, 2, 2, 3,
       1, 2, 1, 2, 1, 2, 0, 2, 2, 2], dtype=object)]
[402, array([-60., -30., -30.,   0.]), array([2, 1, 1, 0, 2, 1, 1, 2, 0, 0, 0, 2, 1, 0, 0, 2, 2, 3, 0, 2, 2, 1,
       0, 0, 2, 0, 2, 2, 2, 2, 2, 0, 1, 3, 3, 0, 1, 2, 1, 3, 0, 2, 0, 1,
       1, 3, 1, 1, 2, 2, 3, 2, 2, 1, 0, 3, 2, 2, 2, 0, 2, 0, 0, 0, 3, 3,
       2, 3, 2, 3, 2, 3, 2, 3, 2, 2, 0, 0, 0, 0, 0, 3, 3, 2, 2, 0, 3, 0,
       2, 3, 1, 0, 1, 0, 0, 0, 0, 0, 3, 0, 2, 0, 1, 3, 1, 2, 0, 2, 2, 3,
       1, 2, 1, 2, 1, 2, 0, 2, 2, 2], dtype=object)]
[402, array([-60., -30., -30.,   0.]), array([2, 1, 1, 0, 2, 1, 1, 2, 0, 0, 0, 2, 1, 0, 0, 2, 2, 3, 0, 2, 2, 1,
       0, 0, 2, 0, 2, 2, 2, 2, 2, 0, 1, 3, 3, 0, 1, 2, 1, 3, 0, 2, 0, 1,
       1, 3, 1, 1, 2, 2, 3, 2, 2, 1, 0, 3, 2, 2, 2, 0, 2, 0, 0, 0, 3, 3,
       2, 3, 2, 3, 2, 3, 2, 3, 2, 2, 0, 0, 0, 0, 0, 3, 3, 2, 2, 0, 3, 0,
       2, 3, 1, 0, 1, 0, 0, 0, 0, 0, 3, 0, 2, 0, 1, 3, 1, 2, 0, 2, 2, 3,
       1, 2, 1, 2, 1, 2, 0, 2, 2, 2], dtype=object)]
[402, array([-60., -30., -30.,   0.]), array([2, 1, 1, 0, 2, 1, 1, 2, 0, 0, 0, 2, 1, 0, 0, 2, 2, 3, 0, 2, 2, 1,
       0, 0, 2, 0, 2, 2, 2, 2, 2, 0, 1, 3, 3, 0, 1, 2, 1, 3, 0, 2, 0, 1,
       1, 3, 1, 1, 2, 2, 3, 2, 2, 1, 0, 3, 2, 2, 2, 0, 2, 0, 0, 0, 3, 3,
       2, 3, 2, 3, 2, 3, 2, 3, 2, 2, 0, 0, 0, 0, 0, 3, 3, 2, 2, 0, 3, 0,
       2, 3, 1, 0, 1, 0, 0, 0, 0, 0, 3, 0, 2, 0, 1, 3, 1, 2, 0, 2, 2, 3,
       1, 2, 1, 2, 1, 2, 0, 2, 2, 2], dtype=object)]
[403, array([-60., -30., -30.,   0.]), array([2, 1, 1, 0, 2, 1, 1, 2, 0, 0, 0, 2, 1, 0, 0, 1, 2, 3, 0, 2, 2, 0,
       0, 0, 2, 0, 2, 2, 2, 2, 2, 0, 1, 3, 3, 0, 1, 2, 1, 3, 0, 2, 0, 3,
       1, 3, 1, 1, 2, 2, 3, 2, 2, 1, 0, 3, 1, 2, 2, 0, 2, 0, 0, 0, 3, 3,
       2, 3, 2, 3, 2, 3, 2, 3, 2, 2, 0, 1, 0, 0, 0, 3, 3, 2, 2, 0, 3, 3,
       2, 3, 3, 0, 1, 3, 0, 2, 3, 0, 3, 0, 2, 0, 1, 3, 2, 2, 0, 2, 2, 3,
       1, 2, 1, 2, 1, 2, 0, 2, 2, 2], dtype=object)]
[403, array([-60., -30., -30.,   0.]), array([2, 1, 1, 0, 2, 1, 1, 2, 0, 0, 0, 2, 1, 0, 0, 1, 2, 3, 0, 2, 2, 0,
       0, 0, 2, 0, 2, 2, 2, 2, 2, 0, 1, 3, 3, 0, 1, 2, 1, 3, 0, 2, 0, 3,
       1, 3, 1, 1, 2, 2, 3, 2, 2, 1, 0, 3, 1, 2, 2, 0, 2, 0, 0, 0, 3, 3,
       2, 3, 2, 3, 2, 3, 2, 3, 2, 2, 0, 1, 0, 0, 0, 3, 3, 2, 2, 0, 3, 3,
       2, 3, 3, 0, 1, 3, 0, 2, 3, 0, 3, 0, 2, 0, 1, 3, 2, 2, 0, 2, 2, 3,
       1, 2, 1, 2, 1, 2, 0, 2, 2, 2], dtype=object)]
[403, array([-60., -30., -30.,   0.]), array([2, 1, 1, 0, 2, 1, 1, 2, 0, 0, 0, 2, 1, 0, 0, 1, 2, 3, 0, 2, 2, 0,
       0, 0, 2, 0, 2, 2, 2, 2, 2, 0, 1, 3, 3, 0, 1, 2, 1, 3, 0, 2, 0, 3,
       1, 3, 1, 1, 2, 2, 3, 2, 2, 1, 0, 3, 1, 2, 2, 0, 2, 0, 0, 0, 3, 3,
       2, 3, 2, 3, 2, 3, 2, 3, 2, 2, 0, 1, 0, 0, 0, 3, 3, 2, 2, 0, 3, 3,
       2, 3, 3, 0, 1, 3, 0, 2, 3, 0, 3, 0, 2, 0, 1, 3, 2, 2, 0, 2, 2, 3,
       1, 2, 1, 2, 1, 2, 0, 2, 2, 2], dtype=object)]
[403, array([-60., -30., -30.,   0.]), array([2, 1, 1, 0, 2, 1, 1, 2, 0, 0, 0, 2, 1, 0, 0, 1, 2, 3, 0, 2, 2, 0,
       0, 0, 2, 0, 2, 2, 2, 2, 2, 0, 1, 3, 3, 0, 1, 2, 1, 3, 0, 2, 0, 3,
       1, 3, 1, 1, 2, 2, 3, 2, 2, 1, 0, 3, 1, 2, 2, 0, 2, 0, 0, 0, 3, 3,
       2, 3, 2, 3, 2, 3, 2, 3, 2, 2, 0, 1, 0, 0, 0, 3, 3, 2, 2, 0, 3, 3,
       2, 3, 3, 0, 1, 3, 0, 2, 3, 0, 3, 0, 2, 0, 1, 3, 2, 2, 0, 2, 2, 3,
       1, 2, 1, 2, 1, 2, 0, 2, 2, 2], dtype=object)]
[404, array([-60., -30., -30.,   0.]), array([2, 1, 1, 0, 2, 1, 1, 2, 0, 0, 0, 2, 1, 0, 0, 2, 2, 3, 0, 2, 2, 0,
       0, 0, 2, 0, 0, 2, 2, 2, 2, 0, 1, 3, 3, 0, 1, 2, 1, 3, 0, 2, 0, 3,
       1, 3, 1, 1, 2, 2, 2, 2, 3, 1, 0, 3, 2, 2, 2, 0, 2, 2, 0, 0, 3, 3,
       2, 3, 2, 3, 2, 3, 2, 3, 2, 2, 0, 1, 0, 0, 0, 3, 3, 2, 2, 0, 3, 0,
       2, 3, 1, 0, 1, 0, 0, 0, 3, 0, 3, 0, 2, 0, 2, 3, 2, 2, 0, 2, 2, 3,
       1, 1, 0, 0, 3, 2, 0, 1, 2, 2], dtype=object)]
[404, array([-60., -30., -30.,   0.]), array([2, 1, 1, 0, 2, 1, 1, 2, 0, 0, 0, 2, 1, 0, 0, 2, 2, 3, 0, 2, 2, 0,
       0, 0, 2, 0, 0, 2, 2, 2, 2, 0, 1, 3, 3, 0, 1, 2, 1, 3, 0, 2, 0, 3,
       1, 3, 1, 1, 2, 2, 2, 2, 3, 1, 0, 3, 2, 2, 2, 0, 2, 2, 0, 0, 3, 3,
       2, 3, 2, 3, 2, 3, 2, 3, 2, 2, 0, 1, 0, 0, 0, 3, 3, 2, 2, 0, 3, 0,
       2, 3, 1, 0, 1, 0, 0, 0, 3, 0, 3, 0, 2, 0, 2, 3, 2, 2, 0, 2, 2, 3,
       1, 1, 0, 0, 3, 2, 0, 1, 2, 2], dtype=object)]
[404, array([-60., -30., -30.,   0.]), array([2, 1, 1, 0, 2, 1, 1, 2, 0, 0, 0, 2, 1, 0, 0, 2, 2, 3, 0, 2, 2, 0,
       0, 0, 2, 0, 0, 2, 2, 2, 2, 0, 1, 3, 3, 0, 1, 2, 1, 3, 0, 2, 0, 3,
       1, 3, 1, 1, 2, 2, 2, 2, 3, 1, 0, 3, 2, 2, 2, 0, 2, 2, 0, 0, 3, 3,
       2, 3, 2, 3, 2, 3, 2, 3, 2, 2, 0, 1, 0, 0, 0, 3, 3, 2, 2, 0, 3, 0,
       2, 3, 1, 0, 1, 0, 0, 0, 3, 0, 3, 0, 2, 0, 2, 3, 2, 2, 0, 2, 2, 3,
       1, 1, 0, 0, 3, 2, 0, 1, 2, 2], dtype=object)]
[404, array([-60., -30., -30.,   0.]), array([2, 1, 1, 0, 2, 1, 1, 2, 0, 0, 0, 2, 1, 0, 0, 2, 2, 3, 0, 2, 2, 0,
       0, 0, 2, 0, 0, 2, 2, 2, 2, 0, 1, 3, 3, 0, 1, 2, 1, 3, 0, 2, 0, 3,
       1, 3, 1, 1, 2, 2, 2, 2, 3, 1, 0, 3, 2, 2, 2, 0, 2, 2, 0, 0, 3, 3,
       2, 3, 2, 3, 2, 3, 2, 3, 2, 2, 0, 1, 0, 0, 0, 3, 3, 2, 2, 0, 3, 0,
       2, 3, 1, 0, 1, 0, 0, 0, 3, 0, 3, 0, 2, 0, 2, 3, 2, 2, 0, 2, 2, 3,
       1, 1, 0, 0, 3, 2, 0, 1, 2, 2], dtype=object)]
[405, array([-60., -30., -30.,   0.]), array([2, 1, 1, 1, 2, 1, 0, 2, 0, 0, 0, 2, 1, 0, 0, 1, 2, 3, 0, 2, 2, 0,
       0, 0, 2, 0, 2, 2, 2, 2, 2, 0, 1, 3, 3, 0, 1, 2, 1, 3, 0, 2, 0, 3,
       1, 3, 1, 1, 2, 2, 3, 2, 2, 1, 0, 3, 1, 2, 2, 0, 2, 0, 0, 0, 3, 3,
       2, 3, 2, 3, 2, 3, 2, 3, 2, 2, 0, 0, 0, 0, 0, 3, 3, 2, 2, 0, 3, 3,
       2, 3, 3, 0, 1, 3, 0, 2, 3, 0, 3, 0, 2, 0, 1, 3, 2, 2, 0, 2, 2, 3,
       1, 2, 2, 2, 1, 0, 0, 2, 2, 2], dtype=object)]
[405, array([-60., -30., -30.,   0.]), array([2, 1, 1, 1, 2, 1, 0, 2, 0, 0, 0, 2, 1, 0, 0, 1, 2, 3, 0, 2, 2, 0,
       0, 0, 2, 0, 2, 2, 2, 2, 2, 0, 1, 3, 3, 0, 1, 2, 1, 3, 0, 2, 0, 3,
       1, 3, 1, 1, 2, 2, 3, 2, 2, 1, 0, 3, 1, 2, 2, 0, 2, 0, 0, 0, 3, 3,
       2, 3, 2, 3, 2, 3, 2, 3, 2, 2, 0, 0, 0, 0, 0, 3, 3, 2, 2, 0, 3, 3,
       2, 3, 3, 0, 1, 3, 0, 2, 3, 0, 3, 0, 2, 0, 1, 3, 2, 2, 0, 2, 2, 3,
       1, 2, 2, 2, 1, 0, 0, 2, 2, 2], dtype=object)]
[405, array([-60., -30., -30.,   0.]), array([2, 1, 1, 1, 2, 1, 0, 2, 0, 0, 0, 2, 1, 0, 0, 1, 2, 3, 0, 2, 2, 0,
       0, 0, 2, 0, 2, 2, 2, 2, 2, 0, 1, 3, 3, 0, 1, 2, 1, 3, 0, 2, 0, 3,
       1, 3, 1, 1, 2, 2, 3, 2, 2, 1, 0, 3, 1, 2, 2, 0, 2, 0, 0, 0, 3, 3,
       2, 3, 2, 3, 2, 3, 2, 3, 2, 2, 0, 0, 0, 0, 0, 3, 3, 2, 2, 0, 3, 3,
       2, 3, 3, 0, 1, 3, 0, 2, 3, 0, 3, 0, 2, 0, 1, 3, 2, 2, 0, 2, 2, 3,
       1, 2, 2, 2, 1, 0, 0, 2, 2, 2], dtype=object)]
[405, array([-60., -30., -30.,   0.]), array([2, 1, 1, 1, 2, 1, 0, 2, 0, 0, 0, 2, 1, 0, 0, 1, 2, 3, 0, 2, 2, 0,
       0, 0, 2, 0, 2, 2, 2, 2, 2, 0, 1, 3, 3, 0, 1, 2, 1, 3, 0, 2, 0, 3,
       1, 3, 1, 1, 2, 2, 3, 2, 2, 1, 0, 3, 1, 2, 2, 0, 2, 0, 0, 0, 3, 3,
       2, 3, 2, 3, 2, 3, 2, 3, 2, 2, 0, 0, 0, 0, 0, 3, 3, 2, 2, 0, 3, 3,
       2, 3, 3, 0, 1, 3, 0, 2, 3, 0, 3, 0, 2, 0, 1, 3, 2, 2, 0, 2, 2, 3,
       1, 2, 2, 2, 1, 0, 0, 2, 2, 2], dtype=object)]
[406, array([-60., -30., -30.,   0.]), array([2, 1, 1, 1, 2, 1, 0, 2, 0, 0, 0, 2, 1, 0, 0, 1, 2, 3, 0, 2, 2, 0,
       0, 0, 2, 0, 2, 2, 2, 2, 2, 0, 1, 3, 3, 0, 1, 2, 1, 3, 0, 2, 0, 3,
       1, 3, 1, 1, 2, 2, 3, 2, 2, 1, 0, 3, 1, 2, 2, 0, 2, 0, 0, 0, 3, 3,
       2, 3, 2, 3, 2, 3, 2, 3, 2, 2, 0, 0, 0, 0, 0, 3, 3, 2, 2, 0, 3, 3,
       2, 3, 3, 0, 1, 3, 0, 2, 3, 0, 3, 0, 2, 0, 1, 3, 2, 2, 0, 2, 2, 3,
       1, 2, 1, 2, 1, 0, 0, 2, 2, 2], dtype=object)]
[406, array([-60., -30., -30.,   0.]), array([2, 1, 1, 1, 2, 1, 0, 2, 0, 0, 0, 2, 1, 0, 0, 1, 2, 3, 0, 2, 2, 0,
       0, 0, 2, 0, 2, 2, 2, 2, 2, 0, 1, 3, 3, 0, 1, 2, 1, 3, 0, 2, 0, 3,
       1, 3, 1, 1, 2, 2, 3, 2, 2, 1, 0, 3, 1, 2, 2, 0, 2, 0, 0, 0, 3, 3,
       2, 3, 2, 3, 2, 3, 2, 3, 2, 2, 0, 0, 0, 0, 0, 3, 3, 2, 2, 0, 3, 3,
       2, 3, 3, 0, 1, 3, 0, 2, 3, 0, 3, 0, 2, 0, 1, 3, 2, 2, 0, 2, 2, 3,
       1, 2, 1, 2, 1, 0, 0, 2, 2, 2], dtype=object)]
[406, array([-60., -30., -30.,   0.]), array([2, 1, 1, 1, 2, 1, 0, 2, 0, 0, 0, 2, 1, 0, 0, 1, 2, 3, 0, 2, 2, 0,
       0, 0, 2, 0, 2, 2, 2, 2, 2, 0, 1, 3, 3, 0, 1, 2, 1, 3, 0, 2, 0, 3,
       1, 3, 1, 1, 2, 2, 3, 2, 2, 1, 0, 3, 1, 2, 2, 0, 2, 0, 0, 0, 3, 3,
       2, 3, 2, 3, 2, 3, 2, 3, 2, 2, 0, 0, 0, 0, 0, 3, 3, 2, 2, 0, 3, 3,
       2, 3, 3, 0, 1, 3, 0, 2, 3, 0, 3, 0, 2, 0, 1, 3, 2, 2, 0, 2, 2, 3,
       1, 2, 1, 2, 1, 0, 0, 2, 2, 2], dtype=object)]
[406, array([-60., -30., -30.,   0.]), array([2, 1, 1, 1, 2, 1, 0, 2, 0, 0, 0, 2, 1, 0, 0, 1, 2, 3, 0, 2, 2, 0,
       0, 0, 2, 0, 2, 2, 2, 2, 2, 0, 1, 3, 3, 0, 1, 2, 1, 3, 0, 2, 0, 3,
       1, 3, 1, 1, 2, 2, 3, 2, 2, 1, 0, 3, 1, 2, 2, 0, 2, 0, 0, 0, 3, 3,
       2, 3, 2, 3, 2, 3, 2, 3, 2, 2, 0, 0, 0, 0, 0, 3, 3, 2, 2, 0, 3, 3,
       2, 3, 3, 0, 1, 3, 0, 2, 3, 0, 3, 0, 2, 0, 1, 3, 2, 2, 0, 2, 2, 3,
       1, 2, 1, 2, 1, 0, 0, 2, 2, 2], dtype=object)]
[407, array([-60., -30., -30.,   0.]), array([2, 1, 1, 0, 2, 1, 1, 2, 0, 0, 0, 2, 1, 0, 0, 2, 2, 3, 0, 2, 2, 1,
       0, 0, 2, 0, 2, 2, 2, 2, 2, 0, 1, 3, 3, 0, 1, 2, 1, 3, 0, 2, 0, 3,
       1, 3, 1, 1, 2, 2, 1, 2, 3, 1, 0, 3, 2, 2, 2, 0, 2, 0, 0, 0, 3, 3,
       2, 3, 2, 3, 2, 3, 2, 3, 2, 2, 0, 0, 0, 0, 0, 3, 3, 2, 2, 0, 3, 3,
       2, 3, 3, 0, 1, 3, 0, 2, 3, 0, 3, 0, 2, 0, 1, 3, 2, 2, 0, 2, 2, 3,
       1, 2, 2, 2, 1, 2, 0, 2, 2, 2], dtype=object)]
[407, array([-60., -30., -30.,   0.]), array([2, 1, 1, 0, 2, 1, 1, 2, 0, 0, 0, 2, 1, 0, 0, 2, 2, 3, 0, 2, 2, 1,
       0, 0, 2, 0, 2, 2, 2, 2, 2, 0, 1, 3, 3, 0, 1, 2, 1, 3, 0, 2, 0, 3,
       1, 3, 1, 1, 2, 2, 1, 2, 3, 1, 0, 3, 2, 2, 2, 0, 2, 0, 0, 0, 3, 3,
       2, 3, 2, 3, 2, 3, 2, 3, 2, 2, 0, 0, 0, 0, 0, 3, 3, 2, 2, 0, 3, 3,
       2, 3, 3, 0, 1, 3, 0, 2, 3, 0, 3, 0, 2, 0, 1, 3, 2, 2, 0, 2, 2, 3,
       1, 2, 2, 2, 1, 2, 0, 2, 2, 2], dtype=object)]
[407, array([-60., -30., -30.,   0.]), array([2, 1, 1, 0, 2, 1, 1, 2, 0, 0, 0, 2, 1, 0, 0, 2, 2, 3, 0, 2, 2, 1,
       0, 0, 2, 0, 2, 2, 2, 2, 2, 0, 1, 3, 3, 0, 1, 2, 1, 3, 0, 2, 0, 3,
       1, 3, 1, 1, 2, 2, 1, 2, 3, 1, 0, 3, 2, 2, 2, 0, 2, 0, 0, 0, 3, 3,
       2, 3, 2, 3, 2, 3, 2, 3, 2, 2, 0, 0, 0, 0, 0, 3, 3, 2, 2, 0, 3, 3,
       2, 3, 3, 0, 1, 3, 0, 2, 3, 0, 3, 0, 2, 0, 1, 3, 2, 2, 0, 2, 2, 3,
       1, 2, 2, 2, 1, 2, 0, 2, 2, 2], dtype=object)]
[407, array([-60., -30., -30.,   0.]), array([2, 1, 1, 0, 2, 1, 1, 2, 0, 0, 0, 2, 1, 0, 0, 2, 2, 3, 0, 2, 2, 1,
       0, 0, 2, 0, 2, 2, 2, 2, 2, 0, 1, 3, 3, 0, 1, 2, 1, 3, 0, 2, 0, 3,
       1, 3, 1, 1, 2, 2, 1, 2, 3, 1, 0, 3, 2, 2, 2, 0, 2, 0, 0, 0, 3, 3,
       2, 3, 2, 3, 2, 3, 2, 3, 2, 2, 0, 0, 0, 0, 0, 3, 3, 2, 2, 0, 3, 3,
       2, 3, 3, 0, 1, 3, 0, 2, 3, 0, 3, 0, 2, 0, 1, 3, 2, 2, 0, 2, 2, 3,
       1, 2, 2, 2, 1, 2, 0, 2, 2, 2], dtype=object)]
[408, array([-60., -30., -30.,   0.]), array([2, 1, 1, 3, 2, 1, 1, 2, 0, 0, 0, 2, 1, 0, 0, 2, 2, 3, 0, 2, 2, 0,
       0, 0, 2, 0, 0, 2, 2, 2, 2, 0, 1, 3, 3, 0, 1, 2, 1, 3, 0, 2, 0, 3,
       1, 3, 1, 1, 2, 2, 2, 2, 3, 1, 0, 3, 2, 2, 2, 0, 2, 0, 0, 0, 3, 3,
       2, 3, 2, 3, 2, 3, 2, 3, 2, 2, 0, 0, 0, 0, 0, 3, 3, 2, 2, 0, 3, 3,
       2, 3, 3, 0, 1, 3, 0, 2, 3, 0, 3, 0, 2, 0, 1, 3, 2, 2, 0, 2, 2, 3,
       1, 2, 2, 2, 1, 0, 2, 2, 2, 2], dtype=object)]
[408, array([-60., -30., -30.,   0.]), array([2, 1, 1, 3, 2, 1, 1, 2, 0, 0, 0, 2, 1, 0, 0, 2, 2, 3, 0, 2, 2, 0,
       0, 0, 2, 0, 0, 2, 2, 2, 2, 0, 1, 3, 3, 0, 1, 2, 1, 3, 0, 2, 0, 3,
       1, 3, 1, 1, 2, 2, 2, 2, 3, 1, 0, 3, 2, 2, 2, 0, 2, 0, 0, 0, 3, 3,
       2, 3, 2, 3, 2, 3, 2, 3, 2, 2, 0, 0, 0, 0, 0, 3, 3, 2, 2, 0, 3, 3,
       2, 3, 3, 0, 1, 3, 0, 2, 3, 0, 3, 0, 2, 0, 1, 3, 2, 2, 0, 2, 2, 3,
       1, 2, 2, 2, 1, 0, 2, 2, 2, 2], dtype=object)]
[408, array([-60., -30., -30.,   0.]), array([2, 1, 1, 3, 2, 1, 1, 2, 0, 0, 0, 2, 1, 0, 0, 2, 2, 3, 0, 2, 2, 0,
       0, 0, 2, 0, 0, 2, 2, 2, 2, 0, 1, 3, 3, 0, 1, 2, 1, 3, 0, 2, 0, 3,
       1, 3, 1, 1, 2, 2, 2, 2, 3, 1, 0, 3, 2, 2, 2, 0, 2, 0, 0, 0, 3, 3,
       2, 3, 2, 3, 2, 3, 2, 3, 2, 2, 0, 0, 0, 0, 0, 3, 3, 2, 2, 0, 3, 3,
       2, 3, 3, 0, 1, 3, 0, 2, 3, 0, 3, 0, 2, 0, 1, 3, 2, 2, 0, 2, 2, 3,
       1, 2, 2, 2, 1, 0, 2, 2, 2, 2], dtype=object)]
[408, array([-60., -30., -30.,   0.]), array([2, 1, 1, 3, 2, 1, 1, 2, 0, 0, 0, 2, 1, 0, 0, 2, 2, 3, 0, 2, 2, 0,
       0, 0, 2, 0, 0, 2, 2, 2, 2, 0, 1, 3, 3, 0, 1, 2, 1, 3, 0, 2, 0, 3,
       1, 3, 1, 1, 2, 2, 2, 2, 3, 1, 0, 3, 2, 2, 2, 0, 2, 0, 0, 0, 3, 3,
       2, 3, 2, 3, 2, 3, 2, 3, 2, 2, 0, 0, 0, 0, 0, 3, 3, 2, 2, 0, 3, 3,
       2, 3, 3, 0, 1, 3, 0, 2, 3, 0, 3, 0, 2, 0, 1, 3, 2, 2, 0, 2, 2, 3,
       1, 2, 2, 2, 1, 0, 2, 2, 2, 2], dtype=object)]
[409, array([-60., -30., -30.,   0.]), array([2, 1, 1, 1, 2, 1, 1, 2, 0, 0, 0, 2, 1, 0, 0, 1, 2, 3, 0, 2, 2, 0,
       0, 0, 2, 0, 2, 2, 2, 2, 2, 0, 1, 3, 3, 0, 1, 2, 1, 3, 0, 2, 0, 3,
       1, 3, 1, 1, 2, 2, 3, 2, 2, 1, 0, 3, 1, 2, 2, 0, 2, 0, 0, 0, 3, 3,
       2, 3, 2, 3, 2, 3, 2, 3, 2, 2, 0, 1, 0, 0, 0, 3, 3, 2, 2, 0, 3, 3,
       2, 3, 3, 0, 1, 3, 0, 2, 3, 0, 0, 0, 2, 0, 1, 3, 2, 2, 0, 2, 2, 3,
       1, 2, 1, 2, 1, 0, 0, 2, 2, 2], dtype=object)]
[409, array([-60., -30., -30.,   0.]), array([2, 1, 1, 1, 2, 1, 1, 2, 0, 0, 0, 2, 1, 0, 0, 1, 2, 3, 0, 2, 2, 0,
       0, 0, 2, 0, 2, 2, 2, 2, 2, 0, 1, 3, 3, 0, 1, 2, 1, 3, 0, 2, 0, 3,
       1, 3, 1, 1, 2, 2, 3, 2, 2, 1, 0, 3, 1, 2, 2, 0, 2, 0, 0, 0, 3, 3,
       2, 3, 2, 3, 2, 3, 2, 3, 2, 2, 0, 1, 0, 0, 0, 3, 3, 2, 2, 0, 3, 3,
       2, 3, 3, 0, 1, 3, 0, 2, 3, 0, 0, 0, 2, 0, 1, 3, 2, 2, 0, 2, 2, 3,
       1, 2, 1, 2, 1, 0, 0, 2, 2, 2], dtype=object)]
[409, array([-60., -30., -30.,   0.]), array([2, 1, 1, 1, 2, 1, 1, 2, 0, 0, 0, 2, 1, 0, 0, 1, 2, 3, 0, 2, 2, 0,
       0, 0, 2, 0, 2, 2, 2, 2, 2, 0, 1, 3, 3, 0, 1, 2, 1, 3, 0, 2, 0, 3,
       1, 3, 1, 1, 2, 2, 3, 2, 2, 1, 0, 3, 1, 2, 2, 0, 2, 0, 0, 0, 3, 3,
       2, 3, 2, 3, 2, 3, 2, 3, 2, 2, 0, 1, 0, 0, 0, 3, 3, 2, 2, 0, 3, 3,
       2, 3, 3, 0, 1, 3, 0, 2, 3, 0, 0, 0, 2, 0, 1, 3, 2, 2, 0, 2, 2, 3,
       1, 2, 1, 2, 1, 0, 0, 2, 2, 2], dtype=object)]
[409, array([-60., -30., -30.,   0.]), array([2, 1, 1, 1, 2, 1, 1, 2, 0, 0, 0, 2, 1, 0, 0, 1, 2, 3, 0, 2, 2, 0,
       0, 0, 2, 0, 2, 2, 2, 2, 2, 0, 1, 3, 3, 0, 1, 2, 1, 3, 0, 2, 0, 3,
       1, 3, 1, 1, 2, 2, 3, 2, 2, 1, 0, 3, 1, 2, 2, 0, 2, 0, 0, 0, 3, 3,
       2, 3, 2, 3, 2, 3, 2, 3, 2, 2, 0, 1, 0, 0, 0, 3, 3, 2, 2, 0, 3, 3,
       2, 3, 3, 0, 1, 3, 0, 2, 3, 0, 0, 0, 2, 0, 1, 3, 2, 2, 0, 2, 2, 3,
       1, 2, 1, 2, 1, 0, 0, 2, 2, 2], dtype=object)]
[410, array([-60., -30., -30.,   0.]), array([2, 1, 1, 1, 2, 1, 1, 2, 0, 0, 0, 2, 1, 0, 0, 1, 2, 3, 0, 2, 2, 2,
       0, 0, 2, 0, 2, 2, 2, 2, 2, 0, 1, 3, 3, 0, 1, 2, 1, 3, 0, 2, 0, 3,
       1, 3, 1, 1, 2, 2, 3, 2, 2, 1, 0, 3, 1, 2, 2, 0, 2, 0, 0, 0, 3, 3,
       2, 3, 2, 3, 2, 3, 2, 3, 2, 2, 0, 1, 0, 0, 0, 3, 3, 2, 2, 0, 3, 3,
       2, 3, 3, 0, 1, 3, 0, 3, 3, 0, 0, 0, 2, 0, 1, 3, 2, 2, 0, 2, 2, 3,
       1, 2, 1, 2, 1, 0, 0, 2, 2, 2], dtype=object)]
[410, array([-60., -30., -30.,   0.]), array([2, 1, 1, 1, 2, 1, 1, 2, 0, 0, 0, 2, 1, 0, 0, 1, 2, 3, 0, 2, 2, 2,
       0, 0, 2, 0, 2, 2, 2, 2, 2, 0, 1, 3, 3, 0, 1, 2, 1, 3, 0, 2, 0, 3,
       1, 3, 1, 1, 2, 2, 3, 2, 2, 1, 0, 3, 1, 2, 2, 0, 2, 0, 0, 0, 3, 3,
       2, 3, 2, 3, 2, 3, 2, 3, 2, 2, 0, 1, 0, 0, 0, 3, 3, 2, 2, 0, 3, 3,
       2, 3, 3, 0, 1, 3, 0, 3, 3, 0, 0, 0, 2, 0, 1, 3, 2, 2, 0, 2, 2, 3,
       1, 2, 1, 2, 1, 0, 0, 2, 2, 2], dtype=object)]
[410, array([-60., -30., -30.,   0.]), array([2, 1, 1, 1, 2, 1, 1, 2, 0, 0, 0, 2, 1, 0, 0, 1, 2, 3, 0, 2, 2, 2,
       0, 0, 2, 0, 2, 2, 2, 2, 2, 0, 1, 3, 3, 0, 1, 2, 1, 3, 0, 2, 0, 3,
       1, 3, 1, 1, 2, 2, 3, 2, 2, 1, 0, 3, 1, 2, 2, 0, 2, 0, 0, 0, 3, 3,
       2, 3, 2, 3, 2, 3, 2, 3, 2, 2, 0, 1, 0, 0, 0, 3, 3, 2, 2, 0, 3, 3,
       2, 3, 3, 0, 1, 3, 0, 3, 3, 0, 0, 0, 2, 0, 1, 3, 2, 2, 0, 2, 2, 3,
       1, 2, 1, 2, 1, 0, 0, 2, 2, 2], dtype=object)]
[410, array([-60., -30., -30.,   0.]), array([2, 1, 1, 1, 2, 1, 1, 2, 0, 0, 0, 2, 1, 0, 0, 1, 2, 3, 0, 2, 2, 2,
       0, 0, 2, 0, 2, 2, 2, 2, 2, 0, 1, 3, 3, 0, 1, 2, 1, 3, 0, 2, 0, 3,
       1, 3, 1, 1, 2, 2, 3, 2, 2, 1, 0, 3, 1, 2, 2, 0, 2, 0, 0, 0, 3, 3,
       2, 3, 2, 3, 2, 3, 2, 3, 2, 2, 0, 1, 0, 0, 0, 3, 3, 2, 2, 0, 3, 3,
       2, 3, 3, 0, 1, 3, 0, 3, 3, 0, 0, 0, 2, 0, 1, 3, 2, 2, 0, 2, 2, 3,
       1, 2, 1, 2, 1, 0, 0, 2, 2, 2], dtype=object)]
[411, array([-60., -30., -30.,   0.]), array([2, 1, 1, 0, 2, 1, 1, 2, 0, 0, 0, 2, 1, 0, 0, 2, 2, 3, 0, 2, 2, 1,
       0, 0, 2, 0, 2, 2, 2, 2, 2, 0, 1, 3, 3, 0, 1, 2, 1, 3, 0, 2, 0, 3,
       1, 3, 1, 1, 2, 2, 1, 2, 2, 1, 0, 3, 2, 2, 2, 0, 2, 0, 0, 0, 3, 3,
       2, 3, 2, 3, 2, 3, 2, 3, 2, 2, 0, 1, 0, 0, 0, 3, 3, 2, 2, 0, 3, 0,
       2, 3, 1, 0, 1, 0, 0, 0, 3, 0, 3, 2, 2, 0, 2, 3, 2, 2, 0, 2, 2, 3,
       1, 1, 0, 0, 3, 2, 0, 1, 2, 2], dtype=object)]
[411, array([-60., -30., -30.,   0.]), array([2, 1, 1, 0, 2, 1, 1, 2, 0, 0, 0, 2, 1, 0, 0, 2, 2, 3, 0, 2, 2, 1,
       0, 0, 2, 0, 2, 2, 2, 2, 2, 0, 1, 3, 3, 0, 1, 2, 1, 3, 0, 2, 0, 3,
       1, 3, 1, 1, 2, 2, 1, 2, 2, 1, 0, 3, 2, 2, 2, 0, 2, 0, 0, 0, 3, 3,
       2, 3, 2, 3, 2, 3, 2, 3, 2, 2, 0, 1, 0, 0, 0, 3, 3, 2, 2, 0, 3, 0,
       2, 3, 1, 0, 1, 0, 0, 0, 3, 0, 3, 2, 2, 0, 2, 3, 2, 2, 0, 2, 2, 3,
       1, 1, 0, 0, 3, 2, 0, 1, 2, 2], dtype=object)]
[411, array([-60., -30., -30.,   0.]), array([2, 1, 1, 0, 2, 1, 1, 2, 0, 0, 0, 2, 1, 0, 0, 2, 2, 3, 0, 2, 2, 1,
       0, 0, 2, 0, 2, 2, 2, 2, 2, 0, 1, 3, 3, 0, 1, 2, 1, 3, 0, 2, 0, 3,
       1, 3, 1, 1, 2, 2, 1, 2, 2, 1, 0, 3, 2, 2, 2, 0, 2, 0, 0, 0, 3, 3,
       2, 3, 2, 3, 2, 3, 2, 3, 2, 2, 0, 1, 0, 0, 0, 3, 3, 2, 2, 0, 3, 0,
       2, 3, 1, 0, 1, 0, 0, 0, 3, 0, 3, 2, 2, 0, 2, 3, 2, 2, 0, 2, 2, 3,
       1, 1, 0, 0, 3, 2, 0, 1, 2, 2], dtype=object)]
[411, array([-60., -30., -30.,   0.]), array([2, 1, 1, 0, 2, 1, 1, 2, 0, 0, 0, 2, 1, 0, 0, 2, 2, 3, 0, 2, 2, 1,
       0, 0, 2, 0, 2, 2, 2, 2, 2, 0, 1, 3, 3, 0, 1, 2, 1, 3, 0, 2, 0, 3,
       1, 3, 1, 1, 2, 2, 1, 2, 2, 1, 0, 3, 2, 2, 2, 0, 2, 0, 0, 0, 3, 3,
       2, 3, 2, 3, 2, 3, 2, 3, 2, 2, 0, 1, 0, 0, 0, 3, 3, 2, 2, 0, 3, 0,
       2, 3, 1, 0, 1, 0, 0, 0, 3, 0, 3, 2, 2, 0, 2, 3, 2, 2, 0, 2, 2, 3,
       1, 1, 0, 0, 3, 2, 0, 1, 2, 2], dtype=object)]
[412, array([-60., -30., -30.,   0.]), array([2, 1, 1, 1, 2, 1, 2, 2, 0, 0, 0, 2, 1, 0, 0, 1, 2, 3, 0, 2, 2, 0,
       0, 0, 2, 0, 2, 2, 2, 2, 2, 0, 1, 0, 3, 0, 1, 2, 1, 3, 0, 2, 0, 3,
       1, 3, 1, 1, 2, 2, 3, 2, 2, 1, 0, 3, 1, 2, 2, 0, 3, 0, 0, 0, 3, 3,
       2, 3, 2, 3, 2, 3, 2, 3, 2, 2, 0, 1, 0, 0, 0, 3, 3, 2, 2, 0, 3, 3,
       2, 3, 3, 0, 1, 3, 0, 2, 3, 0, 3, 0, 2, 1, 1, 3, 2, 2, 0, 2, 2, 3,
       1, 2, 1, 2, 1, 2, 0, 2, 2, 2], dtype=object)]
[412, array([-60., -30., -30.,   0.]), array([2, 1, 1, 1, 2, 1, 2, 2, 0, 0, 0, 2, 1, 0, 0, 1, 2, 3, 0, 2, 2, 0,
       0, 0, 2, 0, 2, 2, 2, 2, 2, 0, 1, 0, 3, 0, 1, 2, 1, 3, 0, 2, 0, 3,
       1, 3, 1, 1, 2, 2, 3, 2, 2, 1, 0, 3, 1, 2, 2, 0, 3, 0, 0, 0, 3, 3,
       2, 3, 2, 3, 2, 3, 2, 3, 2, 2, 0, 1, 0, 0, 0, 3, 3, 2, 2, 0, 3, 3,
       2, 3, 3, 0, 1, 3, 0, 2, 3, 0, 3, 0, 2, 1, 1, 3, 2, 2, 0, 2, 2, 3,
       1, 2, 1, 2, 1, 2, 0, 2, 2, 2], dtype=object)]
[412, array([-60., -30., -30.,   0.]), array([2, 1, 1, 1, 2, 1, 2, 2, 0, 0, 0, 2, 1, 0, 0, 1, 2, 3, 0, 2, 2, 0,
       0, 0, 2, 0, 2, 2, 2, 2, 2, 0, 1, 0, 3, 0, 1, 2, 1, 3, 0, 2, 0, 3,
       1, 3, 1, 1, 2, 2, 3, 2, 2, 1, 0, 3, 1, 2, 2, 0, 3, 0, 0, 0, 3, 3,
       2, 3, 2, 3, 2, 3, 2, 3, 2, 2, 0, 1, 0, 0, 0, 3, 3, 2, 2, 0, 3, 3,
       2, 3, 3, 0, 1, 3, 0, 2, 3, 0, 3, 0, 2, 1, 1, 3, 2, 2, 0, 2, 2, 3,
       1, 2, 1, 2, 1, 2, 0, 2, 2, 2], dtype=object)]
[412, array([-60., -30., -30.,   0.]), array([2, 1, 1, 1, 2, 1, 2, 2, 0, 0, 0, 2, 1, 0, 0, 1, 2, 3, 0, 2, 2, 0,
       0, 0, 2, 0, 2, 2, 2, 2, 2, 0, 1, 0, 3, 0, 1, 2, 1, 3, 0, 2, 0, 3,
       1, 3, 1, 1, 2, 2, 3, 2, 2, 1, 0, 3, 1, 2, 2, 0, 3, 0, 0, 0, 3, 3,
       2, 3, 2, 3, 2, 3, 2, 3, 2, 2, 0, 1, 0, 0, 0, 3, 3, 2, 2, 0, 3, 3,
       2, 3, 3, 0, 1, 3, 0, 2, 3, 0, 3, 0, 2, 1, 1, 3, 2, 2, 0, 2, 2, 3,
       1, 2, 1, 2, 1, 2, 0, 2, 2, 2], dtype=object)]
[413, array([-60., -30., -30.,   0.]), array([2, 1, 1, 0, 2, 1, 1, 2, 0, 0, 0, 2, 1, 0, 0, 2, 2, 3, 0, 2, 2, 1,
       0, 0, 2, 0, 2, 2, 2, 2, 2, 0, 1, 3, 3, 0, 1, 2, 1, 3, 0, 2, 0, 3,
       1, 3, 1, 1, 2, 2, 3, 2, 2, 1, 0, 3, 1, 2, 2, 0, 2, 0, 0, 0, 3, 3,
       2, 3, 2, 3, 2, 3, 2, 3, 2, 2, 0, 1, 0, 0, 0, 3, 3, 2, 2, 0, 3, 3,
       2, 3, 3, 0, 1, 3, 0, 2, 3, 0, 3, 0, 2, 0, 1, 3, 0, 2, 0, 2, 2, 3,
       1, 2, 1, 0, 1, 2, 0, 2, 2, 2], dtype=object)]
[413, array([-60., -30., -30.,   0.]), array([2, 1, 1, 0, 2, 1, 1, 2, 0, 0, 0, 2, 1, 0, 0, 2, 2, 3, 0, 2, 2, 1,
       0, 0, 2, 0, 2, 2, 2, 2, 2, 0, 1, 3, 3, 0, 1, 2, 1, 3, 0, 2, 0, 3,
       1, 3, 1, 1, 2, 2, 3, 2, 2, 1, 0, 3, 1, 2, 2, 0, 2, 0, 0, 0, 3, 3,
       2, 3, 2, 3, 2, 3, 2, 3, 2, 2, 0, 1, 0, 0, 0, 3, 3, 2, 2, 0, 3, 3,
       2, 3, 3, 0, 1, 3, 0, 2, 3, 0, 3, 0, 2, 0, 1, 3, 0, 2, 0, 2, 2, 3,
       1, 2, 1, 0, 1, 2, 0, 2, 2, 2], dtype=object)]
[413, array([-60., -30., -30.,   0.]), array([2, 1, 1, 0, 2, 1, 1, 2, 0, 0, 0, 2, 1, 0, 0, 2, 2, 3, 0, 2, 2, 1,
       0, 0, 2, 0, 2, 2, 2, 2, 2, 0, 1, 3, 3, 0, 1, 2, 1, 3, 0, 2, 0, 3,
       1, 3, 1, 1, 2, 2, 3, 2, 2, 1, 0, 3, 1, 2, 2, 0, 2, 0, 0, 0, 3, 3,
       2, 3, 2, 3, 2, 3, 2, 3, 2, 2, 0, 1, 0, 0, 0, 3, 3, 2, 2, 0, 3, 3,
       2, 3, 3, 0, 1, 3, 0, 2, 3, 0, 3, 0, 2, 0, 1, 3, 0, 2, 0, 2, 2, 3,
       1, 2, 1, 0, 1, 2, 0, 2, 2, 2], dtype=object)]
[413, array([-60., -30., -30.,   0.]), array([2, 1, 1, 0, 2, 1, 1, 2, 0, 0, 0, 2, 1, 0, 0, 2, 2, 3, 0, 2, 2, 1,
       0, 0, 2, 0, 2, 2, 2, 2, 2, 0, 1, 3, 3, 0, 1, 2, 1, 3, 0, 2, 0, 3,
       1, 3, 1, 1, 2, 2, 3, 2, 2, 1, 0, 3, 1, 2, 2, 0, 2, 0, 0, 0, 3, 3,
       2, 3, 2, 3, 2, 3, 2, 3, 2, 2, 0, 1, 0, 0, 0, 3, 3, 2, 2, 0, 3, 3,
       2, 3, 3, 0, 1, 3, 0, 2, 3, 0, 3, 0, 2, 0, 1, 3, 0, 2, 0, 2, 2, 3,
       1, 2, 1, 0, 1, 2, 0, 2, 2, 2], dtype=object)]
[414, array([-60., -30., -30.,   0.]), array([2, 1, 1, 0, 2, 1, 1, 2, 0, 0, 0, 2, 0, 0, 0, 2, 2, 3, 0, 2, 2, 1,
       0, 0, 2, 0, 2, 2, 2, 2, 2, 0, 1, 3, 3, 0, 1, 2, 1, 3, 0, 2, 0, 3,
       1, 3, 1, 1, 3, 2, 3, 2, 2, 1, 0, 3, 1, 2, 2, 0, 2, 0, 0, 0, 3, 3,
       2, 3, 2, 3, 2, 3, 2, 3, 2, 2, 0, 1, 0, 0, 0, 3, 3, 2, 2, 0, 3, 3,
       2, 3, 3, 0, 1, 0, 0, 0, 3, 0, 3, 0, 2, 0, 1, 3, 2, 2, 0, 2, 2, 3,
       1, 2, 1, 2, 1, 0, 0, 2, 2, 2], dtype=object)]
[414, array([-60., -30., -30.,   0.]), array([2, 1, 1, 0, 2, 1, 1, 2, 0, 0, 0, 2, 0, 0, 0, 2, 2, 3, 0, 2, 2, 1,
       0, 0, 2, 0, 2, 2, 2, 2, 2, 0, 1, 3, 3, 0, 1, 2, 1, 3, 0, 2, 0, 3,
       1, 3, 1, 1, 3, 2, 3, 2, 2, 1, 0, 3, 1, 2, 2, 0, 2, 0, 0, 0, 3, 3,
       2, 3, 2, 3, 2, 3, 2, 3, 2, 2, 0, 1, 0, 0, 0, 3, 3, 2, 2, 0, 3, 3,
       2, 3, 3, 0, 1, 0, 0, 0, 3, 0, 3, 0, 2, 0, 1, 3, 2, 2, 0, 2, 2, 3,
       1, 2, 1, 2, 1, 0, 0, 2, 2, 2], dtype=object)]
[414, array([-60., -30., -30.,   0.]), array([2, 1, 1, 0, 2, 1, 1, 2, 0, 0, 0, 2, 0, 0, 0, 2, 2, 3, 0, 2, 2, 1,
       0, 0, 2, 0, 2, 2, 2, 2, 2, 0, 1, 3, 3, 0, 1, 2, 1, 3, 0, 2, 0, 3,
       1, 3, 1, 1, 3, 2, 3, 2, 2, 1, 0, 3, 1, 2, 2, 0, 2, 0, 0, 0, 3, 3,
       2, 3, 2, 3, 2, 3, 2, 3, 2, 2, 0, 1, 0, 0, 0, 3, 3, 2, 2, 0, 3, 3,
       2, 3, 3, 0, 1, 0, 0, 0, 3, 0, 3, 0, 2, 0, 1, 3, 2, 2, 0, 2, 2, 3,
       1, 2, 1, 2, 1, 0, 0, 2, 2, 2], dtype=object)]
[414, array([-60., -30., -30.,   0.]), array([2, 1, 1, 0, 2, 1, 1, 2, 0, 0, 0, 2, 0, 0, 0, 2, 2, 3, 0, 2, 2, 1,
       0, 0, 2, 0, 2, 2, 2, 2, 2, 0, 1, 3, 3, 0, 1, 2, 1, 3, 0, 2, 0, 3,
       1, 3, 1, 1, 3, 2, 3, 2, 2, 1, 0, 3, 1, 2, 2, 0, 2, 0, 0, 0, 3, 3,
       2, 3, 2, 3, 2, 3, 2, 3, 2, 2, 0, 1, 0, 0, 0, 3, 3, 2, 2, 0, 3, 3,
       2, 3, 3, 0, 1, 0, 0, 0, 3, 0, 3, 0, 2, 0, 1, 3, 2, 2, 0, 2, 2, 3,
       1, 2, 1, 2, 1, 0, 0, 2, 2, 2], dtype=object)]
[415, array([-60., -30., -30.,   0.]), array([2, 1, 1, 0, 2, 1, 1, 2, 0, 0, 0, 2, 1, 0, 0, 2, 2, 3, 0, 2, 2, 1,
       0, 0, 2, 0, 2, 2, 2, 2, 2, 0, 1, 3, 3, 0, 1, 2, 1, 3, 0, 2, 0, 3,
       1, 3, 1, 1, 2, 2, 3, 2, 2, 1, 0, 3, 1, 2, 2, 0, 2, 0, 0, 0, 3, 3,
       2, 3, 2, 3, 2, 3, 2, 3, 2, 2, 0, 1, 0, 0, 0, 3, 3, 2, 2, 0, 3, 0,
       2, 3, 2, 0, 1, 3, 0, 2, 3, 0, 3, 0, 2, 0, 1, 3, 0, 2, 0, 2, 2, 3,
       1, 2, 1, 0, 1, 2, 0, 2, 2, 2], dtype=object)]
[415, array([-60., -30., -30.,   0.]), array([2, 1, 1, 0, 2, 1, 1, 2, 0, 0, 0, 2, 1, 0, 0, 2, 2, 3, 0, 2, 2, 1,
       0, 0, 2, 0, 2, 2, 2, 2, 2, 0, 1, 3, 3, 0, 1, 2, 1, 3, 0, 2, 0, 3,
       1, 3, 1, 1, 2, 2, 3, 2, 2, 1, 0, 3, 1, 2, 2, 0, 2, 0, 0, 0, 3, 3,
       2, 3, 2, 3, 2, 3, 2, 3, 2, 2, 0, 1, 0, 0, 0, 3, 3, 2, 2, 0, 3, 0,
       2, 3, 2, 0, 1, 3, 0, 2, 3, 0, 3, 0, 2, 0, 1, 3, 0, 2, 0, 2, 2, 3,
       1, 2, 1, 0, 1, 2, 0, 2, 2, 2], dtype=object)]
[415, array([-60., -30., -30.,   0.]), array([2, 1, 1, 0, 2, 1, 1, 2, 0, 0, 0, 2, 1, 0, 0, 2, 2, 3, 0, 2, 2, 1,
       0, 0, 2, 0, 2, 2, 2, 2, 2, 0, 1, 3, 3, 0, 1, 2, 1, 3, 0, 2, 0, 3,
       1, 3, 1, 1, 2, 2, 3, 2, 2, 1, 0, 3, 1, 2, 2, 0, 2, 0, 0, 0, 3, 3,
       2, 3, 2, 3, 2, 3, 2, 3, 2, 2, 0, 1, 0, 0, 0, 3, 3, 2, 2, 0, 3, 0,
       2, 3, 2, 0, 1, 3, 0, 2, 3, 0, 3, 0, 2, 0, 1, 3, 0, 2, 0, 2, 2, 3,
       1, 2, 1, 0, 1, 2, 0, 2, 2, 2], dtype=object)]
[415, array([-60., -30., -30.,   0.]), array([2, 1, 1, 0, 2, 1, 1, 2, 0, 0, 0, 2, 1, 0, 0, 2, 2, 3, 0, 2, 2, 1,
       0, 0, 2, 0, 2, 2, 2, 2, 2, 0, 1, 3, 3, 0, 1, 2, 1, 3, 0, 2, 0, 3,
       1, 3, 1, 1, 2, 2, 3, 2, 2, 1, 0, 3, 1, 2, 2, 0, 2, 0, 0, 0, 3, 3,
       2, 3, 2, 3, 2, 3, 2, 3, 2, 2, 0, 1, 0, 0, 0, 3, 3, 2, 2, 0, 3, 0,
       2, 3, 2, 0, 1, 3, 0, 2, 3, 0, 3, 0, 2, 0, 1, 3, 0, 2, 0, 2, 2, 3,
       1, 2, 1, 0, 1, 2, 0, 2, 2, 2], dtype=object)]
[416, array([-60., -30., -30.,   0.]), array([2, 1, 1, 0, 2, 1, 1, 2, 0, 0, 0, 2, 1, 0, 0, 2, 2, 3, 0, 2, 2, 1,
       0, 0, 2, 0, 2, 2, 2, 2, 2, 0, 1, 3, 3, 0, 1, 2, 1, 3, 0, 2, 0, 3,
       0, 3, 1, 1, 2, 2, 3, 2, 2, 1, 0, 3, 1, 2, 2, 0, 2, 0, 0, 0, 3, 3,
       2, 3, 2, 3, 2, 3, 2, 3, 2, 2, 0, 1, 0, 0, 0, 3, 3, 2, 2, 0, 3, 0,
       2, 3, 2, 0, 1, 3, 0, 2, 3, 0, 3, 0, 2, 0, 3, 3, 0, 2, 0, 2, 2, 3,
       1, 2, 1, 0, 0, 2, 0, 2, 2, 2], dtype=object)]
[416, array([-60., -30., -30.,   0.]), array([2, 1, 1, 0, 2, 1, 1, 2, 0, 0, 0, 2, 1, 0, 0, 2, 2, 3, 0, 2, 2, 1,
       0, 0, 2, 0, 2, 2, 2, 2, 2, 0, 1, 3, 3, 0, 1, 2, 1, 3, 0, 2, 0, 3,
       0, 3, 1, 1, 2, 2, 3, 2, 2, 1, 0, 3, 1, 2, 2, 0, 2, 0, 0, 0, 3, 3,
       2, 3, 2, 3, 2, 3, 2, 3, 2, 2, 0, 1, 0, 0, 0, 3, 3, 2, 2, 0, 3, 0,
       2, 3, 2, 0, 1, 3, 0, 2, 3, 0, 3, 0, 2, 0, 3, 3, 0, 2, 0, 2, 2, 3,
       1, 2, 1, 0, 0, 2, 0, 2, 2, 2], dtype=object)]
[416, array([-60., -30., -30.,   0.]), array([2, 1, 1, 0, 2, 1, 1, 2, 0, 0, 0, 2, 1, 0, 0, 2, 2, 3, 0, 2, 2, 1,
       0, 0, 2, 0, 2, 2, 2, 2, 2, 0, 1, 3, 3, 0, 1, 2, 1, 3, 0, 2, 0, 3,
       0, 3, 1, 1, 2, 2, 3, 2, 2, 1, 0, 3, 1, 2, 2, 0, 2, 0, 0, 0, 3, 3,
       2, 3, 2, 3, 2, 3, 2, 3, 2, 2, 0, 1, 0, 0, 0, 3, 3, 2, 2, 0, 3, 0,
       2, 3, 2, 0, 1, 3, 0, 2, 3, 0, 3, 0, 2, 0, 3, 3, 0, 2, 0, 2, 2, 3,
       1, 2, 1, 0, 0, 2, 0, 2, 2, 2], dtype=object)]
[416, array([-60., -30., -30.,   0.]), array([2, 1, 1, 0, 2, 1, 1, 2, 0, 0, 0, 2, 1, 0, 0, 2, 2, 3, 0, 2, 2, 1,
       0, 0, 2, 0, 2, 2, 2, 2, 2, 0, 1, 3, 3, 0, 1, 2, 1, 3, 0, 2, 0, 3,
       0, 3, 1, 1, 2, 2, 3, 2, 2, 1, 0, 3, 1, 2, 2, 0, 2, 0, 0, 0, 3, 3,
       2, 3, 2, 3, 2, 3, 2, 3, 2, 2, 0, 1, 0, 0, 0, 3, 3, 2, 2, 0, 3, 0,
       2, 3, 2, 0, 1, 3, 0, 2, 3, 0, 3, 0, 2, 0, 3, 3, 0, 2, 0, 2, 2, 3,
       1, 2, 1, 0, 0, 2, 0, 2, 2, 2], dtype=object)]
[417, array([-60., -30., -30.,   0.]), array([2, 1, 1, 0, 2, 1, 1, 2, 0, 0, 0, 2, 0, 0, 0, 2, 2, 3, 0, 2, 2, 1,
       0, 0, 2, 0, 2, 2, 2, 2, 2, 0, 1, 3, 3, 0, 1, 2, 1, 3, 0, 2, 0, 3,
       1, 3, 1, 1, 2, 2, 3, 2, 2, 1, 0, 3, 1, 2, 2, 0, 2, 0, 0, 0, 3, 3,
       2, 3, 2, 3, 2, 3, 2, 3, 2, 2, 0, 1, 0, 0, 0, 3, 3, 2, 2, 0, 3, 3,
       2, 3, 3, 0, 1, 3, 3, 2, 3, 0, 3, 0, 2, 0, 2, 3, 2, 2, 0, 2, 2, 3,
       1, 2, 1, 2, 1, 2, 0, 2, 2, 2], dtype=object)]
[417, array([-60., -30., -30.,   0.]), array([2, 1, 1, 0, 2, 1, 1, 2, 0, 0, 0, 2, 0, 0, 0, 2, 2, 3, 0, 2, 2, 1,
       0, 0, 2, 0, 2, 2, 2, 2, 2, 0, 1, 3, 3, 0, 1, 2, 1, 3, 0, 2, 0, 3,
       1, 3, 1, 1, 2, 2, 3, 2, 2, 1, 0, 3, 1, 2, 2, 0, 2, 0, 0, 0, 3, 3,
       2, 3, 2, 3, 2, 3, 2, 3, 2, 2, 0, 1, 0, 0, 0, 3, 3, 2, 2, 0, 3, 3,
       2, 3, 3, 0, 1, 3, 3, 2, 3, 0, 3, 0, 2, 0, 2, 3, 2, 2, 0, 2, 2, 3,
       1, 2, 1, 2, 1, 2, 0, 2, 2, 2], dtype=object)]
[417, array([-60., -30., -30.,   0.]), array([2, 1, 1, 0, 2, 1, 1, 2, 0, 0, 0, 2, 0, 0, 0, 2, 2, 3, 0, 2, 2, 1,
       0, 0, 2, 0, 2, 2, 2, 2, 2, 0, 1, 3, 3, 0, 1, 2, 1, 3, 0, 2, 0, 3,
       1, 3, 1, 1, 2, 2, 3, 2, 2, 1, 0, 3, 1, 2, 2, 0, 2, 0, 0, 0, 3, 3,
       2, 3, 2, 3, 2, 3, 2, 3, 2, 2, 0, 1, 0, 0, 0, 3, 3, 2, 2, 0, 3, 3,
       2, 3, 3, 0, 1, 3, 3, 2, 3, 0, 3, 0, 2, 0, 2, 3, 2, 2, 0, 2, 2, 3,
       1, 2, 1, 2, 1, 2, 0, 2, 2, 2], dtype=object)]
[417, array([-60., -30., -30.,   0.]), array([2, 1, 1, 0, 2, 1, 1, 2, 0, 0, 0, 2, 0, 0, 0, 2, 2, 3, 0, 2, 2, 1,
       0, 0, 2, 0, 2, 2, 2, 2, 2, 0, 1, 3, 3, 0, 1, 2, 1, 3, 0, 2, 0, 3,
       1, 3, 1, 1, 2, 2, 3, 2, 2, 1, 0, 3, 1, 2, 2, 0, 2, 0, 0, 0, 3, 3,
       2, 3, 2, 3, 2, 3, 2, 3, 2, 2, 0, 1, 0, 0, 0, 3, 3, 2, 2, 0, 3, 3,
       2, 3, 3, 0, 1, 3, 3, 2, 3, 0, 3, 0, 2, 0, 2, 3, 2, 2, 0, 2, 2, 3,
       1, 2, 1, 2, 1, 2, 0, 2, 2, 2], dtype=object)]
[418, array([-60., -30., -30.,   0.]), array([2, 1, 1, 0, 2, 1, 1, 2, 0, 0, 0, 2, 1, 0, 0, 2, 2, 3, 0, 2, 2, 1,
       0, 0, 2, 0, 2, 2, 2, 2, 2, 0, 1, 3, 3, 0, 1, 2, 1, 3, 0, 2, 0, 3,
       1, 3, 1, 1, 2, 2, 3, 2, 2, 1, 0, 3, 1, 2, 2, 0, 2, 0, 0, 0, 3, 3,
       2, 3, 2, 3, 2, 3, 2, 3, 2, 2, 2, 1, 0, 0, 0, 3, 3, 2, 2, 0, 3, 3,
       2, 3, 3, 0, 1, 2, 3, 2, 3, 0, 3, 2, 2, 1, 1, 3, 2, 2, 2, 2, 2, 3,
       1, 2, 1, 2, 1, 2, 0, 2, 2, 2], dtype=object)]
[418, array([-60., -30., -30.,   0.]), array([2, 1, 1, 0, 2, 1, 1, 2, 0, 0, 0, 2, 1, 0, 0, 2, 2, 3, 0, 2, 2, 1,
       0, 0, 2, 0, 2, 2, 2, 2, 2, 0, 1, 3, 3, 0, 1, 2, 1, 3, 0, 2, 0, 3,
       1, 3, 1, 1, 2, 2, 3, 2, 2, 1, 0, 3, 1, 2, 2, 0, 2, 0, 0, 0, 3, 3,
       2, 3, 2, 3, 2, 3, 2, 3, 2, 2, 2, 1, 0, 0, 0, 3, 3, 2, 2, 0, 3, 3,
       2, 3, 3, 0, 1, 2, 3, 2, 3, 0, 3, 2, 2, 1, 1, 3, 2, 2, 2, 2, 2, 3,
       1, 2, 1, 2, 1, 2, 0, 2, 2, 2], dtype=object)]
[418, array([-60., -30., -30.,   0.]), array([2, 1, 1, 0, 2, 1, 1, 2, 0, 0, 0, 2, 1, 0, 0, 2, 2, 3, 0, 2, 2, 1,
       0, 0, 2, 0, 2, 2, 2, 2, 2, 0, 1, 3, 3, 0, 1, 2, 1, 3, 0, 2, 0, 3,
       1, 3, 1, 1, 2, 2, 3, 2, 2, 1, 0, 3, 1, 2, 2, 0, 2, 0, 0, 0, 3, 3,
       2, 3, 2, 3, 2, 3, 2, 3, 2, 2, 2, 1, 0, 0, 0, 3, 3, 2, 2, 0, 3, 3,
       2, 3, 3, 0, 1, 2, 3, 2, 3, 0, 3, 2, 2, 1, 1, 3, 2, 2, 2, 2, 2, 3,
       1, 2, 1, 2, 1, 2, 0, 2, 2, 2], dtype=object)]
[418, array([-60., -30., -30.,   0.]), array([2, 1, 1, 0, 2, 1, 1, 2, 0, 0, 0, 2, 1, 0, 0, 2, 2, 3, 0, 2, 2, 1,
       0, 0, 2, 0, 2, 2, 2, 2, 2, 0, 1, 3, 3, 0, 1, 2, 1, 3, 0, 2, 0, 3,
       1, 3, 1, 1, 2, 2, 3, 2, 2, 1, 0, 3, 1, 2, 2, 0, 2, 0, 0, 0, 3, 3,
       2, 3, 2, 3, 2, 3, 2, 3, 2, 2, 2, 1, 0, 0, 0, 3, 3, 2, 2, 0, 3, 3,
       2, 3, 3, 0, 1, 2, 3, 2, 3, 0, 3, 2, 2, 1, 1, 3, 2, 2, 2, 2, 2, 3,
       1, 2, 1, 2, 1, 2, 0, 2, 2, 2], dtype=object)]
[419, array([-60., -30., -30.,   0.]), array([2, 1, 1, 0, 2, 1, 1, 2, 0, 0, 0, 2, 1, 0, 0, 2, 2, 3, 0, 2, 2, 1,
       0, 0, 2, 0, 2, 2, 2, 2, 2, 0, 1, 3, 1, 0, 1, 2, 1, 3, 0, 2, 0, 3,
       1, 3, 1, 1, 2, 2, 3, 2, 2, 1, 0, 3, 1, 2, 2, 0, 2, 0, 0, 0, 3, 3,
       2, 3, 2, 3, 2, 3, 2, 3, 2, 2, 0, 1, 0, 0, 0, 3, 3, 2, 2, 0, 3, 3,
       2, 3, 3, 0, 1, 2, 3, 2, 3, 0, 3, 2, 2, 1, 2, 3, 2, 2, 0, 2, 2, 3,
       1, 2, 1, 2, 1, 3, 0, 2, 2, 2], dtype=object)]
[419, array([-60., -30., -30.,   0.]), array([2, 1, 1, 0, 2, 1, 1, 2, 0, 0, 0, 2, 1, 0, 0, 2, 2, 3, 0, 2, 2, 1,
       0, 0, 2, 0, 2, 2, 2, 2, 2, 0, 1, 3, 1, 0, 1, 2, 1, 3, 0, 2, 0, 3,
       1, 3, 1, 1, 2, 2, 3, 2, 2, 1, 0, 3, 1, 2, 2, 0, 2, 0, 0, 0, 3, 3,
       2, 3, 2, 3, 2, 3, 2, 3, 2, 2, 0, 1, 0, 0, 0, 3, 3, 2, 2, 0, 3, 3,
       2, 3, 3, 0, 1, 2, 3, 2, 3, 0, 3, 2, 2, 1, 2, 3, 2, 2, 0, 2, 2, 3,
       1, 2, 1, 2, 1, 3, 0, 2, 2, 2], dtype=object)]
[419, array([-60., -30., -30.,   0.]), array([2, 1, 1, 0, 2, 1, 1, 2, 0, 0, 0, 2, 1, 0, 0, 2, 2, 3, 0, 2, 2, 1,
       0, 0, 2, 0, 2, 2, 2, 2, 2, 0, 1, 3, 1, 0, 1, 2, 1, 3, 0, 2, 0, 3,
       1, 3, 1, 1, 2, 2, 3, 2, 2, 1, 0, 3, 1, 2, 2, 0, 2, 0, 0, 0, 3, 3,
       2, 3, 2, 3, 2, 3, 2, 3, 2, 2, 0, 1, 0, 0, 0, 3, 3, 2, 2, 0, 3, 3,
       2, 3, 3, 0, 1, 2, 3, 2, 3, 0, 3, 2, 2, 1, 2, 3, 2, 2, 0, 2, 2, 3,
       1, 2, 1, 2, 1, 3, 0, 2, 2, 2], dtype=object)]
[419, array([-60., -30., -30.,   0.]), array([2, 1, 1, 0, 2, 1, 1, 2, 0, 0, 0, 2, 1, 0, 0, 2, 2, 3, 0, 2, 2, 1,
       0, 0, 2, 0, 2, 2, 2, 2, 2, 0, 1, 3, 1, 0, 1, 2, 1, 3, 0, 2, 0, 3,
       1, 3, 1, 1, 2, 2, 3, 2, 2, 1, 0, 3, 1, 2, 2, 0, 2, 0, 0, 0, 3, 3,
       2, 3, 2, 3, 2, 3, 2, 3, 2, 2, 0, 1, 0, 0, 0, 3, 3, 2, 2, 0, 3, 3,
       2, 3, 3, 0, 1, 2, 3, 2, 3, 0, 3, 2, 2, 1, 2, 3, 2, 2, 0, 2, 2, 3,
       1, 2, 1, 2, 1, 3, 0, 2, 2, 2], dtype=object)]
[420, array([-60., -30., -30.,   0.]), array([2, 1, 1, 0, 2, 1, 1, 2, 0, 0, 0, 2, 1, 0, 0, 2, 2, 3, 0, 2, 2, 1,
       0, 0, 2, 0, 2, 2, 2, 2, 2, 0, 1, 3, 1, 0, 1, 2, 1, 3, 0, 2, 0, 3,
       1, 3, 1, 1, 2, 2, 3, 2, 2, 1, 0, 3, 1, 2, 2, 0, 2, 0, 0, 0, 3, 3,
       2, 3, 2, 3, 2, 3, 2, 3, 2, 2, 0, 0, 0, 0, 0, 3, 3, 2, 2, 0, 3, 3,
       2, 3, 3, 0, 1, 2, 3, 2, 3, 0, 3, 2, 2, 1, 2, 3, 2, 2, 0, 2, 2, 3,
       1, 2, 1, 2, 1, 3, 0, 2, 2, 2], dtype=object)]
[420, array([-60., -30., -30.,   0.]), array([2, 1, 1, 0, 2, 1, 1, 2, 0, 0, 0, 2, 1, 0, 0, 2, 2, 3, 0, 2, 2, 1,
       0, 0, 2, 0, 2, 2, 2, 2, 2, 0, 1, 3, 1, 0, 1, 2, 1, 3, 0, 2, 0, 3,
       1, 3, 1, 1, 2, 2, 3, 2, 2, 1, 0, 3, 1, 2, 2, 0, 2, 0, 0, 0, 3, 3,
       2, 3, 2, 3, 2, 3, 2, 3, 2, 2, 0, 0, 0, 0, 0, 3, 3, 2, 2, 0, 3, 3,
       2, 3, 3, 0, 1, 2, 3, 2, 3, 0, 3, 2, 2, 1, 2, 3, 2, 2, 0, 2, 2, 3,
       1, 2, 1, 2, 1, 3, 0, 2, 2, 2], dtype=object)]
[420, array([-60., -30., -30.,   0.]), array([2, 1, 1, 0, 2, 1, 1, 2, 0, 0, 0, 2, 1, 0, 0, 2, 2, 3, 0, 2, 2, 1,
       0, 0, 2, 0, 2, 2, 2, 2, 2, 0, 1, 3, 1, 0, 1, 2, 1, 3, 0, 2, 0, 3,
       1, 3, 1, 1, 2, 2, 3, 2, 2, 1, 0, 3, 1, 2, 2, 0, 2, 0, 0, 0, 3, 3,
       2, 3, 2, 3, 2, 3, 2, 3, 2, 2, 0, 0, 0, 0, 0, 3, 3, 2, 2, 0, 3, 3,
       2, 3, 3, 0, 1, 2, 3, 2, 3, 0, 3, 2, 2, 1, 2, 3, 2, 2, 0, 2, 2, 3,
       1, 2, 1, 2, 1, 3, 0, 2, 2, 2], dtype=object)]
[420, array([-60., -30., -30.,   0.]), array([2, 1, 1, 0, 2, 1, 1, 2, 0, 0, 0, 2, 1, 0, 0, 2, 2, 3, 0, 2, 2, 1,
       0, 0, 2, 0, 2, 2, 2, 2, 2, 0, 1, 3, 1, 0, 1, 2, 1, 3, 0, 2, 0, 3,
       1, 3, 1, 1, 2, 2, 3, 2, 2, 1, 0, 3, 1, 2, 2, 0, 2, 0, 0, 0, 3, 3,
       2, 3, 2, 3, 2, 3, 2, 3, 2, 2, 0, 0, 0, 0, 0, 3, 3, 2, 2, 0, 3, 3,
       2, 3, 3, 0, 1, 2, 3, 2, 3, 0, 3, 2, 2, 1, 2, 3, 2, 2, 0, 2, 2, 3,
       1, 2, 1, 2, 1, 3, 0, 2, 2, 2], dtype=object)]
[421, array([-60., -30., -30.,   0.]), array([2, 1, 1, 0, 2, 1, 1, 2, 0, 0, 0, 2, 1, 0, 0, 2, 2, 3, 0, 2, 2, 1,
       0, 0, 2, 0, 2, 2, 2, 2, 2, 0, 1, 3, 3, 0, 1, 2, 1, 3, 0, 2, 0, 3,
       1, 3, 1, 1, 2, 2, 3, 2, 2, 1, 0, 3, 1, 2, 2, 0, 2, 0, 0, 0, 3, 3,
       2, 3, 2, 3, 2, 3, 2, 3, 2, 2, 0, 1, 0, 0, 0, 3, 3, 2, 2, 0, 3, 0,
       2, 3, 1, 0, 0, 0, 0, 2, 3, 0, 3, 0, 2, 0, 1, 3, 2, 2, 0, 2, 2, 3,
       1, 2, 1, 2, 1, 2, 0, 3, 2, 2], dtype=object)]
[421, array([-60., -30., -30.,   0.]), array([2, 1, 1, 0, 2, 1, 1, 2, 0, 0, 0, 2, 1, 0, 0, 2, 2, 3, 0, 2, 2, 1,
       0, 0, 2, 0, 2, 2, 2, 2, 2, 0, 1, 3, 3, 0, 1, 2, 1, 3, 0, 2, 0, 3,
       1, 3, 1, 1, 2, 2, 3, 2, 2, 1, 0, 3, 1, 2, 2, 0, 2, 0, 0, 0, 3, 3,
       2, 3, 2, 3, 2, 3, 2, 3, 2, 2, 0, 1, 0, 0, 0, 3, 3, 2, 2, 0, 3, 0,
       2, 3, 1, 0, 0, 0, 0, 2, 3, 0, 3, 0, 2, 0, 1, 3, 2, 2, 0, 2, 2, 3,
       1, 2, 1, 2, 1, 2, 0, 3, 2, 2], dtype=object)]
[421, array([-60., -30., -30.,   0.]), array([2, 1, 1, 0, 2, 1, 1, 2, 0, 0, 0, 2, 1, 0, 0, 2, 2, 3, 0, 2, 2, 1,
       0, 0, 2, 0, 2, 2, 2, 2, 2, 0, 1, 3, 3, 0, 1, 2, 1, 3, 0, 2, 0, 3,
       1, 3, 1, 1, 2, 2, 3, 2, 2, 1, 0, 3, 1, 2, 2, 0, 2, 0, 0, 0, 3, 3,
       2, 3, 2, 3, 2, 3, 2, 3, 2, 2, 0, 1, 0, 0, 0, 3, 3, 2, 2, 0, 3, 0,
       2, 3, 1, 0, 0, 0, 0, 2, 3, 0, 3, 0, 2, 0, 1, 3, 2, 2, 0, 2, 2, 3,
       1, 2, 1, 2, 1, 2, 0, 3, 2, 2], dtype=object)]
[421, array([-60., -30., -30.,   0.]), array([2, 1, 1, 0, 2, 1, 1, 2, 0, 0, 0, 2, 1, 0, 0, 2, 2, 3, 0, 2, 2, 1,
       0, 0, 2, 0, 2, 2, 2, 2, 2, 0, 1, 3, 3, 0, 1, 2, 1, 3, 0, 2, 0, 3,
       1, 3, 1, 1, 2, 2, 3, 2, 2, 1, 0, 3, 1, 2, 2, 0, 2, 0, 0, 0, 3, 3,
       2, 3, 2, 3, 2, 3, 2, 3, 2, 2, 0, 1, 0, 0, 0, 3, 3, 2, 2, 0, 3, 0,
       2, 3, 1, 0, 0, 0, 0, 2, 3, 0, 3, 0, 2, 0, 1, 3, 2, 2, 0, 2, 2, 3,
       1, 2, 1, 2, 1, 2, 0, 3, 2, 2], dtype=object)]
[422, array([-60., -30., -30.,   0.]), array([2, 1, 1, 0, 2, 1, 1, 2, 0, 0, 0, 2, 1, 0, 0, 2, 2, 3, 0, 2, 2, 1,
       0, 0, 2, 0, 2, 2, 2, 2, 2, 0, 1, 3, 3, 0, 1, 2, 1, 3, 0, 2, 0, 3,
       1, 3, 1, 1, 2, 2, 2, 2, 3, 1, 0, 3, 3, 2, 2, 0, 2, 0, 0, 0, 3, 3,
       2, 1, 2, 3, 2, 3, 2, 3, 2, 2, 0, 1, 0, 0, 0, 3, 3, 2, 2, 0, 3, 0,
       2, 3, 3, 0, 1, 3, 3, 2, 3, 0, 3, 0, 2, 0, 1, 3, 2, 2, 0, 2, 2, 3,
       1, 2, 1, 2, 1, 2, 0, 2, 2, 2], dtype=object)]
[422, array([-60., -30., -30.,   0.]), array([2, 1, 1, 0, 2, 1, 1, 2, 0, 0, 0, 2, 1, 0, 0, 2, 2, 3, 0, 2, 2, 1,
       0, 0, 2, 0, 2, 2, 2, 2, 2, 0, 1, 3, 3, 0, 1, 2, 1, 3, 0, 2, 0, 3,
       1, 3, 1, 1, 2, 2, 2, 2, 3, 1, 0, 3, 3, 2, 2, 0, 2, 0, 0, 0, 3, 3,
       2, 1, 2, 3, 2, 3, 2, 3, 2, 2, 0, 1, 0, 0, 0, 3, 3, 2, 2, 0, 3, 0,
       2, 3, 3, 0, 1, 3, 3, 2, 3, 0, 3, 0, 2, 0, 1, 3, 2, 2, 0, 2, 2, 3,
       1, 2, 1, 2, 1, 2, 0, 2, 2, 2], dtype=object)]
[422, array([-60., -30., -30.,   0.]), array([2, 1, 1, 0, 2, 1, 1, 2, 0, 0, 0, 2, 1, 0, 0, 2, 2, 3, 0, 2, 2, 1,
       0, 0, 2, 0, 2, 2, 2, 2, 2, 0, 1, 3, 3, 0, 1, 2, 1, 3, 0, 2, 0, 3,
       1, 3, 1, 1, 2, 2, 2, 2, 3, 1, 0, 3, 3, 2, 2, 0, 2, 0, 0, 0, 3, 3,
       2, 1, 2, 3, 2, 3, 2, 3, 2, 2, 0, 1, 0, 0, 0, 3, 3, 2, 2, 0, 3, 0,
       2, 3, 3, 0, 1, 3, 3, 2, 3, 0, 3, 0, 2, 0, 1, 3, 2, 2, 0, 2, 2, 3,
       1, 2, 1, 2, 1, 2, 0, 2, 2, 2], dtype=object)]
[422, array([-60., -30., -30.,   0.]), array([2, 1, 1, 0, 2, 1, 1, 2, 0, 0, 0, 2, 1, 0, 0, 2, 2, 3, 0, 2, 2, 1,
       0, 0, 2, 0, 2, 2, 2, 2, 2, 0, 1, 3, 3, 0, 1, 2, 1, 3, 0, 2, 0, 3,
       1, 3, 1, 1, 2, 2, 2, 2, 3, 1, 0, 3, 3, 2, 2, 0, 2, 0, 0, 0, 3, 3,
       2, 1, 2, 3, 2, 3, 2, 3, 2, 2, 0, 1, 0, 0, 0, 3, 3, 2, 2, 0, 3, 0,
       2, 3, 3, 0, 1, 3, 3, 2, 3, 0, 3, 0, 2, 0, 1, 3, 2, 2, 0, 2, 2, 3,
       1, 2, 1, 2, 1, 2, 0, 2, 2, 2], dtype=object)]
[423, array([-60., -30., -30.,   0.]), array([2, 1, 1, 0, 2, 1, 1, 2, 0, 0, 0, 2, 1, 0, 0, 2, 2, 3, 0, 2, 2, 1,
       0, 0, 2, 0, 2, 2, 2, 2, 2, 0, 1, 3, 3, 0, 1, 2, 1, 3, 0, 2, 0, 3,
       1, 3, 1, 1, 2, 2, 3, 2, 2, 1, 0, 3, 1, 2, 2, 0, 2, 0, 0, 0, 3, 3,
       2, 3, 2, 3, 2, 3, 2, 3, 2, 2, 0, 1, 0, 0, 0, 3, 3, 2, 2, 0, 3, 3,
       2, 3, 3, 0, 0, 1, 3, 2, 3, 0, 3, 0, 2, 0, 2, 3, 0, 2, 0, 2, 2, 3,
       1, 0, 0, 0, 3, 2, 0, 2, 2, 2], dtype=object)]
[423, array([-60., -30., -30.,   0.]), array([2, 1, 1, 0, 2, 1, 1, 2, 0, 0, 0, 2, 1, 0, 0, 2, 2, 3, 0, 2, 2, 1,
       0, 0, 2, 0, 2, 2, 2, 2, 2, 0, 1, 3, 3, 0, 1, 2, 1, 3, 0, 2, 0, 3,
       1, 3, 1, 1, 2, 2, 3, 2, 2, 1, 0, 3, 1, 2, 2, 0, 2, 0, 0, 0, 3, 3,
       2, 3, 2, 3, 2, 3, 2, 3, 2, 2, 0, 1, 0, 0, 0, 3, 3, 2, 2, 0, 3, 3,
       2, 3, 3, 0, 0, 1, 3, 2, 3, 0, 3, 0, 2, 0, 2, 3, 0, 2, 0, 2, 2, 3,
       1, 0, 0, 0, 3, 2, 0, 2, 2, 2], dtype=object)]
[423, array([-60., -30., -30.,   0.]), array([2, 1, 1, 0, 2, 1, 1, 2, 0, 0, 0, 2, 1, 0, 0, 2, 2, 3, 0, 2, 2, 1,
       0, 0, 2, 0, 2, 2, 2, 2, 2, 0, 1, 3, 3, 0, 1, 2, 1, 3, 0, 2, 0, 3,
       1, 3, 1, 1, 2, 2, 3, 2, 2, 1, 0, 3, 1, 2, 2, 0, 2, 0, 0, 0, 3, 3,
       2, 3, 2, 3, 2, 3, 2, 3, 2, 2, 0, 1, 0, 0, 0, 3, 3, 2, 2, 0, 3, 3,
       2, 3, 3, 0, 0, 1, 3, 2, 3, 0, 3, 0, 2, 0, 2, 3, 0, 2, 0, 2, 2, 3,
       1, 0, 0, 0, 3, 2, 0, 2, 2, 2], dtype=object)]
[423, array([-60., -30., -30.,   0.]), array([2, 1, 1, 0, 2, 1, 1, 2, 0, 0, 0, 2, 1, 0, 0, 2, 2, 3, 0, 2, 2, 1,
       0, 0, 2, 0, 2, 2, 2, 2, 2, 0, 1, 3, 3, 0, 1, 2, 1, 3, 0, 2, 0, 3,
       1, 3, 1, 1, 2, 2, 3, 2, 2, 1, 0, 3, 1, 2, 2, 0, 2, 0, 0, 0, 3, 3,
       2, 3, 2, 3, 2, 3, 2, 3, 2, 2, 0, 1, 0, 0, 0, 3, 3, 2, 2, 0, 3, 3,
       2, 3, 3, 0, 0, 1, 3, 2, 3, 0, 3, 0, 2, 0, 2, 3, 0, 2, 0, 2, 2, 3,
       1, 0, 0, 0, 3, 2, 0, 2, 2, 2], dtype=object)]
[424, array([-60., -30., -30.,   0.]), array([2, 1, 1, 0, 2, 1, 1, 2, 0, 0, 0, 2, 1, 0, 0, 2, 2, 3, 0, 2, 2, 1,
       0, 0, 2, 0, 2, 2, 2, 2, 2, 0, 1, 3, 3, 0, 1, 2, 1, 3, 0, 2, 0, 3,
       1, 3, 1, 1, 2, 2, 3, 2, 2, 1, 0, 3, 1, 2, 2, 0, 2, 0, 0, 0, 3, 3,
       2, 3, 2, 3, 2, 3, 2, 3, 2, 2, 0, 1, 0, 0, 0, 3, 3, 2, 2, 0, 3, 0,
       2, 3, 1, 0, 0, 0, 0, 0, 3, 0, 3, 0, 2, 0, 1, 3, 2, 2, 0, 2, 2, 3,
       1, 2, 1, 2, 1, 2, 0, 3, 2, 2], dtype=object)]
[424, array([-60., -30., -30.,   0.]), array([2, 1, 1, 0, 2, 1, 1, 2, 0, 0, 0, 2, 1, 0, 0, 2, 2, 3, 0, 2, 2, 1,
       0, 0, 2, 0, 2, 2, 2, 2, 2, 0, 1, 3, 3, 0, 1, 2, 1, 3, 0, 2, 0, 3,
       1, 3, 1, 1, 2, 2, 3, 2, 2, 1, 0, 3, 1, 2, 2, 0, 2, 0, 0, 0, 3, 3,
       2, 3, 2, 3, 2, 3, 2, 3, 2, 2, 0, 1, 0, 0, 0, 3, 3, 2, 2, 0, 3, 0,
       2, 3, 1, 0, 0, 0, 0, 0, 3, 0, 3, 0, 2, 0, 1, 3, 2, 2, 0, 2, 2, 3,
       1, 2, 1, 2, 1, 2, 0, 3, 2, 2], dtype=object)]
[424, array([-60., -30., -30.,   0.]), array([2, 1, 1, 0, 2, 1, 1, 2, 0, 0, 0, 2, 1, 0, 0, 2, 2, 3, 0, 2, 2, 1,
       0, 0, 2, 0, 2, 2, 2, 2, 2, 0, 1, 3, 3, 0, 1, 2, 1, 3, 0, 2, 0, 3,
       1, 3, 1, 1, 2, 2, 3, 2, 2, 1, 0, 3, 1, 2, 2, 0, 2, 0, 0, 0, 3, 3,
       2, 3, 2, 3, 2, 3, 2, 3, 2, 2, 0, 1, 0, 0, 0, 3, 3, 2, 2, 0, 3, 0,
       2, 3, 1, 0, 0, 0, 0, 0, 3, 0, 3, 0, 2, 0, 1, 3, 2, 2, 0, 2, 2, 3,
       1, 2, 1, 2, 1, 2, 0, 3, 2, 2], dtype=object)]
[424, array([-60., -30., -30.,   0.]), array([2, 1, 1, 0, 2, 1, 1, 2, 0, 0, 0, 2, 1, 0, 0, 2, 2, 3, 0, 2, 2, 1,
       0, 0, 2, 0, 2, 2, 2, 2, 2, 0, 1, 3, 3, 0, 1, 2, 1, 3, 0, 2, 0, 3,
       1, 3, 1, 1, 2, 2, 3, 2, 2, 1, 0, 3, 1, 2, 2, 0, 2, 0, 0, 0, 3, 3,
       2, 3, 2, 3, 2, 3, 2, 3, 2, 2, 0, 1, 0, 0, 0, 3, 3, 2, 2, 0, 3, 0,
       2, 3, 1, 0, 0, 0, 0, 0, 3, 0, 3, 0, 2, 0, 1, 3, 2, 2, 0, 2, 2, 3,
       1, 2, 1, 2, 1, 2, 0, 3, 2, 2], dtype=object)]
[425, array([-60., -30., -30.,   0.]), array([2, 1, 1, 0, 2, 1, 1, 2, 0, 0, 0, 2, 1, 0, 0, 2, 2, 3, 0, 2, 2, 1,
       0, 0, 2, 0, 2, 2, 2, 2, 2, 0, 1, 3, 3, 0, 1, 2, 1, 3, 0, 2, 0, 3,
       1, 3, 1, 1, 2, 2, 3, 2, 2, 1, 0, 3, 1, 2, 2, 0, 2, 0, 0, 0, 3, 3,
       2, 3, 2, 3, 2, 3, 2, 3, 2, 2, 0, 1, 0, 0, 0, 3, 3, 2, 2, 0, 3, 3,
       2, 3, 3, 0, 1, 3, 3, 2, 3, 0, 3, 0, 2, 0, 1, 3, 2, 2, 0, 2, 2, 3,
       1, 2, 1, 2, 1, 2, 0, 3, 2, 2], dtype=object)]
[425, array([-60., -30., -30.,   0.]), array([2, 1, 1, 0, 2, 1, 1, 2, 0, 0, 0, 2, 1, 0, 0, 2, 2, 3, 0, 2, 2, 1,
       0, 0, 2, 0, 2, 2, 2, 2, 2, 0, 1, 3, 3, 0, 1, 2, 1, 3, 0, 2, 0, 3,
       1, 3, 1, 1, 2, 2, 3, 2, 2, 1, 0, 3, 1, 2, 2, 0, 2, 0, 0, 0, 3, 3,
       2, 3, 2, 3, 2, 3, 2, 3, 2, 2, 0, 1, 0, 0, 0, 3, 3, 2, 2, 0, 3, 3,
       2, 3, 3, 0, 1, 3, 3, 2, 3, 0, 3, 0, 2, 0, 1, 3, 2, 2, 0, 2, 2, 3,
       1, 2, 1, 2, 1, 2, 0, 3, 2, 2], dtype=object)]
[425, array([-60., -30., -30.,   0.]), array([2, 1, 1, 0, 2, 1, 1, 2, 0, 0, 0, 2, 1, 0, 0, 2, 2, 3, 0, 2, 2, 1,
       0, 0, 2, 0, 2, 2, 2, 2, 2, 0, 1, 3, 3, 0, 1, 2, 1, 3, 0, 2, 0, 3,
       1, 3, 1, 1, 2, 2, 3, 2, 2, 1, 0, 3, 1, 2, 2, 0, 2, 0, 0, 0, 3, 3,
       2, 3, 2, 3, 2, 3, 2, 3, 2, 2, 0, 1, 0, 0, 0, 3, 3, 2, 2, 0, 3, 3,
       2, 3, 3, 0, 1, 3, 3, 2, 3, 0, 3, 0, 2, 0, 1, 3, 2, 2, 0, 2, 2, 3,
       1, 2, 1, 2, 1, 2, 0, 3, 2, 2], dtype=object)]
[425, array([-60., -30., -30.,   0.]), array([2, 1, 1, 0, 2, 1, 1, 2, 0, 0, 0, 2, 1, 0, 0, 2, 2, 3, 0, 2, 2, 1,
       0, 0, 2, 0, 2, 2, 2, 2, 2, 0, 1, 3, 3, 0, 1, 2, 1, 3, 0, 2, 0, 3,
       1, 3, 1, 1, 2, 2, 3, 2, 2, 1, 0, 3, 1, 2, 2, 0, 2, 0, 0, 0, 3, 3,
       2, 3, 2, 3, 2, 3, 2, 3, 2, 2, 0, 1, 0, 0, 0, 3, 3, 2, 2, 0, 3, 3,
       2, 3, 3, 0, 1, 3, 3, 2, 3, 0, 3, 0, 2, 0, 1, 3, 2, 2, 0, 2, 2, 3,
       1, 2, 1, 2, 1, 2, 0, 3, 2, 2], dtype=object)]
[426, array([-60., -30., -30.,   0.]), array([2, 1, 1, 0, 2, 1, 1, 2, 0, 0, 0, 2, 1, 0, 0, 2, 2, 3, 0, 2, 2, 1,
       0, 0, 0, 0, 2, 2, 2, 2, 2, 0, 1, 3, 3, 0, 1, 2, 1, 3, 0, 2, 0, 3,
       1, 3, 1, 1, 2, 2, 3, 2, 2, 1, 0, 3, 1, 2, 2, 0, 2, 0, 0, 0, 3, 3,
       2, 3, 2, 3, 2, 3, 2, 3, 2, 2, 0, 1, 0, 0, 0, 3, 3, 2, 2, 0, 3, 0,
       2, 3, 1, 0, 0, 0, 0, 2, 3, 0, 3, 0, 2, 0, 2, 3, 2, 2, 0, 2, 2, 3,
       1, 2, 1, 2, 1, 3, 0, 2, 2, 2], dtype=object)]
[426, array([-60., -30., -30.,   0.]), array([2, 1, 1, 0, 2, 1, 1, 2, 0, 0, 0, 2, 1, 0, 0, 2, 2, 3, 0, 2, 2, 1,
       0, 0, 0, 0, 2, 2, 2, 2, 2, 0, 1, 3, 3, 0, 1, 2, 1, 3, 0, 2, 0, 3,
       1, 3, 1, 1, 2, 2, 3, 2, 2, 1, 0, 3, 1, 2, 2, 0, 2, 0, 0, 0, 3, 3,
       2, 3, 2, 3, 2, 3, 2, 3, 2, 2, 0, 1, 0, 0, 0, 3, 3, 2, 2, 0, 3, 0,
       2, 3, 1, 0, 0, 0, 0, 2, 3, 0, 3, 0, 2, 0, 2, 3, 2, 2, 0, 2, 2, 3,
       1, 2, 1, 2, 1, 3, 0, 2, 2, 2], dtype=object)]
[426, array([-60., -30., -30.,   0.]), array([2, 1, 1, 0, 2, 1, 1, 2, 0, 0, 0, 2, 1, 0, 0, 2, 2, 3, 0, 2, 2, 1,
       0, 0, 0, 0, 2, 2, 2, 2, 2, 0, 1, 3, 3, 0, 1, 2, 1, 3, 0, 2, 0, 3,
       1, 3, 1, 1, 2, 2, 3, 2, 2, 1, 0, 3, 1, 2, 2, 0, 2, 0, 0, 0, 3, 3,
       2, 3, 2, 3, 2, 3, 2, 3, 2, 2, 0, 1, 0, 0, 0, 3, 3, 2, 2, 0, 3, 0,
       2, 3, 1, 0, 0, 0, 0, 2, 3, 0, 3, 0, 2, 0, 2, 3, 2, 2, 0, 2, 2, 3,
       1, 2, 1, 2, 1, 3, 0, 2, 2, 2], dtype=object)]
[426, array([-60., -30., -30.,   0.]), array([2, 1, 1, 0, 2, 1, 1, 2, 0, 0, 0, 2, 1, 0, 0, 2, 2, 3, 0, 2, 2, 1,
       0, 0, 0, 0, 2, 2, 2, 2, 2, 0, 1, 3, 3, 0, 1, 2, 1, 3, 0, 2, 0, 3,
       1, 3, 1, 1, 2, 2, 3, 2, 2, 1, 0, 3, 1, 2, 2, 0, 2, 0, 0, 0, 3, 3,
       2, 3, 2, 3, 2, 3, 2, 3, 2, 2, 0, 1, 0, 0, 0, 3, 3, 2, 2, 0, 3, 0,
       2, 3, 1, 0, 0, 0, 0, 2, 3, 0, 3, 0, 2, 0, 2, 3, 2, 2, 0, 2, 2, 3,
       1, 2, 1, 2, 1, 3, 0, 2, 2, 2], dtype=object)]
[427, array([-60., -30., -30.,   0.]), array([2, 1, 1, 0, 2, 1, 1, 2, 0, 0, 0, 2, 1, 0, 0, 2, 2, 3, 0, 2, 2, 1,
       0, 0, 2, 0, 2, 2, 2, 2, 2, 0, 1, 3, 3, 0, 1, 2, 1, 3, 0, 2, 0, 3,
       1, 3, 1, 1, 2, 2, 3, 2, 2, 1, 0, 3, 1, 2, 2, 0, 2, 0, 0, 0, 3, 3,
       2, 3, 2, 3, 2, 3, 2, 3, 2, 2, 0, 1, 0, 0, 0, 3, 3, 2, 2, 0, 3, 0,
       2, 3, 1, 0, 0, 0, 0, 2, 3, 0, 3, 0, 2, 0, 1, 3, 2, 2, 0, 2, 2, 3,
       1, 2, 0, 2, 1, 2, 0, 3, 2, 2], dtype=object)]
[427, array([-60., -30., -30.,   0.]), array([2, 1, 1, 0, 2, 1, 1, 2, 0, 0, 0, 2, 1, 0, 0, 2, 2, 3, 0, 2, 2, 1,
       0, 0, 2, 0, 2, 2, 2, 2, 2, 0, 1, 3, 3, 0, 1, 2, 1, 3, 0, 2, 0, 3,
       1, 3, 1, 1, 2, 2, 3, 2, 2, 1, 0, 3, 1, 2, 2, 0, 2, 0, 0, 0, 3, 3,
       2, 3, 2, 3, 2, 3, 2, 3, 2, 2, 0, 1, 0, 0, 0, 3, 3, 2, 2, 0, 3, 0,
       2, 3, 1, 0, 0, 0, 0, 2, 3, 0, 3, 0, 2, 0, 1, 3, 2, 2, 0, 2, 2, 3,
       1, 2, 0, 2, 1, 2, 0, 3, 2, 2], dtype=object)]
[427, array([-60., -30., -30.,   0.]), array([2, 1, 1, 0, 2, 1, 1, 2, 0, 0, 0, 2, 1, 0, 0, 2, 2, 3, 0, 2, 2, 1,
       0, 0, 2, 0, 2, 2, 2, 2, 2, 0, 1, 3, 3, 0, 1, 2, 1, 3, 0, 2, 0, 3,
       1, 3, 1, 1, 2, 2, 3, 2, 2, 1, 0, 3, 1, 2, 2, 0, 2, 0, 0, 0, 3, 3,
       2, 3, 2, 3, 2, 3, 2, 3, 2, 2, 0, 1, 0, 0, 0, 3, 3, 2, 2, 0, 3, 0,
       2, 3, 1, 0, 0, 0, 0, 2, 3, 0, 3, 0, 2, 0, 1, 3, 2, 2, 0, 2, 2, 3,
       1, 2, 0, 2, 1, 2, 0, 3, 2, 2], dtype=object)]
[427, array([-60., -30., -30.,   0.]), array([2, 1, 1, 0, 2, 1, 1, 2, 0, 0, 0, 2, 1, 0, 0, 2, 2, 3, 0, 2, 2, 1,
       0, 0, 2, 0, 2, 2, 2, 2, 2, 0, 1, 3, 3, 0, 1, 2, 1, 3, 0, 2, 0, 3,
       1, 3, 1, 1, 2, 2, 3, 2, 2, 1, 0, 3, 1, 2, 2, 0, 2, 0, 0, 0, 3, 3,
       2, 3, 2, 3, 2, 3, 2, 3, 2, 2, 0, 1, 0, 0, 0, 3, 3, 2, 2, 0, 3, 0,
       2, 3, 1, 0, 0, 0, 0, 2, 3, 0, 3, 0, 2, 0, 1, 3, 2, 2, 0, 2, 2, 3,
       1, 2, 0, 2, 1, 2, 0, 3, 2, 2], dtype=object)]
[428, array([-60., -30., -30.,   0.]), array([2, 1, 1, 0, 2, 1, 1, 2, 0, 0, 0, 2, 1, 0, 0, 2, 2, 3, 0, 2, 2, 1,
       0, 0, 2, 0, 2, 2, 2, 2, 2, 0, 1, 3, 3, 0, 1, 2, 3, 3, 0, 2, 0, 3,
       1, 3, 1, 1, 2, 2, 3, 2, 2, 1, 0, 3, 1, 2, 2, 0, 2, 0, 0, 0, 3, 3,
       2, 3, 2, 3, 2, 3, 2, 3, 2, 2, 0, 1, 0, 0, 0, 3, 3, 2, 3, 0, 3, 2,
       2, 3, 3, 0, 1, 2, 3, 2, 3, 0, 3, 2, 2, 1, 2, 3, 2, 2, 0, 2, 2, 3,
       1, 2, 1, 2, 1, 1, 0, 3, 2, 2], dtype=object)]
[428, array([-60., -30., -30.,   0.]), array([2, 1, 1, 0, 2, 1, 1, 2, 0, 0, 0, 2, 1, 0, 0, 2, 2, 3, 0, 2, 2, 1,
       0, 0, 2, 0, 2, 2, 2, 2, 2, 0, 1, 3, 3, 0, 1, 2, 3, 3, 0, 2, 0, 3,
       1, 3, 1, 1, 2, 2, 3, 2, 2, 1, 0, 3, 1, 2, 2, 0, 2, 0, 0, 0, 3, 3,
       2, 3, 2, 3, 2, 3, 2, 3, 2, 2, 0, 1, 0, 0, 0, 3, 3, 2, 3, 0, 3, 2,
       2, 3, 3, 0, 1, 2, 3, 2, 3, 0, 3, 2, 2, 1, 2, 3, 2, 2, 0, 2, 2, 3,
       1, 2, 1, 2, 1, 1, 0, 3, 2, 2], dtype=object)]
[428, array([-60., -30., -30.,   0.]), array([2, 1, 1, 0, 2, 1, 1, 2, 0, 0, 0, 2, 1, 0, 0, 2, 2, 3, 0, 2, 2, 1,
       0, 0, 2, 0, 2, 2, 2, 2, 2, 0, 1, 3, 3, 0, 1, 2, 3, 3, 0, 2, 0, 3,
       1, 3, 1, 1, 2, 2, 3, 2, 2, 1, 0, 3, 1, 2, 2, 0, 2, 0, 0, 0, 3, 3,
       2, 3, 2, 3, 2, 3, 2, 3, 2, 2, 0, 1, 0, 0, 0, 3, 3, 2, 3, 0, 3, 2,
       2, 3, 3, 0, 1, 2, 3, 2, 3, 0, 3, 2, 2, 1, 2, 3, 2, 2, 0, 2, 2, 3,
       1, 2, 1, 2, 1, 1, 0, 3, 2, 2], dtype=object)]
[428, array([-60., -30., -30.,   0.]), array([2, 1, 1, 0, 2, 1, 1, 2, 0, 0, 0, 2, 1, 0, 0, 2, 2, 3, 0, 2, 2, 1,
       0, 0, 2, 0, 2, 2, 2, 2, 2, 0, 1, 3, 3, 0, 1, 2, 3, 3, 0, 2, 0, 3,
       1, 3, 1, 1, 2, 2, 3, 2, 2, 1, 0, 3, 1, 2, 2, 0, 2, 0, 0, 0, 3, 3,
       2, 3, 2, 3, 2, 3, 2, 3, 2, 2, 0, 1, 0, 0, 0, 3, 3, 2, 3, 0, 3, 2,
       2, 3, 3, 0, 1, 2, 3, 2, 3, 0, 3, 2, 2, 1, 2, 3, 2, 2, 0, 2, 2, 3,
       1, 2, 1, 2, 1, 1, 0, 3, 2, 2], dtype=object)]
[429, array([-60., -30., -30.,   0.]), array([2, 1, 1, 0, 2, 1, 1, 2, 0, 0, 0, 2, 1, 0, 0, 2, 2, 3, 0, 2, 2, 1,
       0, 0, 2, 0, 2, 2, 2, 2, 2, 0, 1, 1, 3, 0, 1, 2, 1, 3, 0, 2, 0, 3,
       1, 3, 1, 1, 2, 2, 3, 2, 2, 1, 0, 3, 1, 2, 2, 0, 2, 0, 0, 0, 3, 3,
       2, 3, 2, 3, 2, 3, 2, 3, 2, 2, 0, 1, 0, 0, 0, 3, 0, 2, 2, 0, 3, 3,
       2, 3, 3, 0, 1, 2, 3, 2, 3, 0, 3, 2, 2, 1, 2, 3, 2, 2, 0, 2, 2, 3,
       1, 2, 1, 2, 1, 3, 0, 2, 2, 2], dtype=object)]
[429, array([-60., -30., -30.,   0.]), array([2, 1, 1, 0, 2, 1, 1, 2, 0, 0, 0, 2, 1, 0, 0, 2, 2, 3, 0, 2, 2, 1,
       0, 0, 2, 0, 2, 2, 2, 2, 2, 0, 1, 1, 3, 0, 1, 2, 1, 3, 0, 2, 0, 3,
       1, 3, 1, 1, 2, 2, 3, 2, 2, 1, 0, 3, 1, 2, 2, 0, 2, 0, 0, 0, 3, 3,
       2, 3, 2, 3, 2, 3, 2, 3, 2, 2, 0, 1, 0, 0, 0, 3, 0, 2, 2, 0, 3, 3,
       2, 3, 3, 0, 1, 2, 3, 2, 3, 0, 3, 2, 2, 1, 2, 3, 2, 2, 0, 2, 2, 3,
       1, 2, 1, 2, 1, 3, 0, 2, 2, 2], dtype=object)]
[429, array([-60., -30., -30.,   0.]), array([2, 1, 1, 0, 2, 1, 1, 2, 0, 0, 0, 2, 1, 0, 0, 2, 2, 3, 0, 2, 2, 1,
       0, 0, 2, 0, 2, 2, 2, 2, 2, 0, 1, 1, 3, 0, 1, 2, 1, 3, 0, 2, 0, 3,
       1, 3, 1, 1, 2, 2, 3, 2, 2, 1, 0, 3, 1, 2, 2, 0, 2, 0, 0, 0, 3, 3,
       2, 3, 2, 3, 2, 3, 2, 3, 2, 2, 0, 1, 0, 0, 0, 3, 0, 2, 2, 0, 3, 3,
       2, 3, 3, 0, 1, 2, 3, 2, 3, 0, 3, 2, 2, 1, 2, 3, 2, 2, 0, 2, 2, 3,
       1, 2, 1, 2, 1, 3, 0, 2, 2, 2], dtype=object)]
[429, array([-60., -30., -30.,   0.]), array([2, 1, 1, 0, 2, 1, 1, 2, 0, 0, 0, 2, 1, 0, 0, 2, 2, 3, 0, 2, 2, 1,
       0, 0, 2, 0, 2, 2, 2, 2, 2, 0, 1, 1, 3, 0, 1, 2, 1, 3, 0, 2, 0, 3,
       1, 3, 1, 1, 2, 2, 3, 2, 2, 1, 0, 3, 1, 2, 2, 0, 2, 0, 0, 0, 3, 3,
       2, 3, 2, 3, 2, 3, 2, 3, 2, 2, 0, 1, 0, 0, 0, 3, 0, 2, 2, 0, 3, 3,
       2, 3, 3, 0, 1, 2, 3, 2, 3, 0, 3, 2, 2, 1, 2, 3, 2, 2, 0, 2, 2, 3,
       1, 2, 1, 2, 1, 3, 0, 2, 2, 2], dtype=object)]
[430, array([-60., -30., -30.,   0.]), array([2, 1, 1, 0, 2, 1, 1, 2, 0, 0, 0, 2, 1, 0, 0, 2, 2, 3, 0, 2, 2, 1,
       0, 0, 2, 3, 2, 2, 2, 2, 2, 0, 1, 1, 3, 0, 1, 2, 1, 3, 0, 2, 0, 3,
       1, 3, 1, 1, 2, 2, 3, 2, 2, 1, 0, 3, 1, 2, 2, 0, 2, 0, 0, 0, 3, 3,
       2, 3, 2, 3, 2, 3, 2, 3, 2, 2, 0, 1, 0, 0, 0, 3, 0, 2, 2, 0, 3, 3,
       2, 3, 3, 0, 1, 2, 3, 2, 3, 0, 3, 2, 2, 1, 2, 3, 2, 2, 0, 2, 2, 3,
       1, 2, 1, 2, 1, 3, 0, 2, 2, 2], dtype=object)]
[430, array([-60., -30., -30.,   0.]), array([2, 1, 1, 0, 2, 1, 1, 2, 0, 0, 0, 2, 1, 0, 0, 2, 2, 3, 0, 2, 2, 1,
       0, 0, 2, 3, 2, 2, 2, 2, 2, 0, 1, 1, 3, 0, 1, 2, 1, 3, 0, 2, 0, 3,
       1, 3, 1, 1, 2, 2, 3, 2, 2, 1, 0, 3, 1, 2, 2, 0, 2, 0, 0, 0, 3, 3,
       2, 3, 2, 3, 2, 3, 2, 3, 2, 2, 0, 1, 0, 0, 0, 3, 0, 2, 2, 0, 3, 3,
       2, 3, 3, 0, 1, 2, 3, 2, 3, 0, 3, 2, 2, 1, 2, 3, 2, 2, 0, 2, 2, 3,
       1, 2, 1, 2, 1, 3, 0, 2, 2, 2], dtype=object)]
[430, array([-60., -30., -30.,   0.]), array([2, 1, 1, 0, 2, 1, 1, 2, 0, 0, 0, 2, 1, 0, 0, 2, 2, 3, 0, 2, 2, 1,
       0, 0, 2, 3, 2, 2, 2, 2, 2, 0, 1, 1, 3, 0, 1, 2, 1, 3, 0, 2, 0, 3,
       1, 3, 1, 1, 2, 2, 3, 2, 2, 1, 0, 3, 1, 2, 2, 0, 2, 0, 0, 0, 3, 3,
       2, 3, 2, 3, 2, 3, 2, 3, 2, 2, 0, 1, 0, 0, 0, 3, 0, 2, 2, 0, 3, 3,
       2, 3, 3, 0, 1, 2, 3, 2, 3, 0, 3, 2, 2, 1, 2, 3, 2, 2, 0, 2, 2, 3,
       1, 2, 1, 2, 1, 3, 0, 2, 2, 2], dtype=object)]
[430, array([-60., -30., -30.,   0.]), array([2, 1, 1, 0, 2, 1, 1, 2, 0, 0, 0, 2, 1, 0, 0, 2, 2, 3, 0, 2, 2, 1,
       0, 0, 2, 3, 2, 2, 2, 2, 2, 0, 1, 1, 3, 0, 1, 2, 1, 3, 0, 2, 0, 3,
       1, 3, 1, 1, 2, 2, 3, 2, 2, 1, 0, 3, 1, 2, 2, 0, 2, 0, 0, 0, 3, 3,
       2, 3, 2, 3, 2, 3, 2, 3, 2, 2, 0, 1, 0, 0, 0, 3, 0, 2, 2, 0, 3, 3,
       2, 3, 3, 0, 1, 2, 3, 2, 3, 0, 3, 2, 2, 1, 2, 3, 2, 2, 0, 2, 2, 3,
       1, 2, 1, 2, 1, 3, 0, 2, 2, 2], dtype=object)]
[431, array([-60., -30., -30.,   0.]), array([2, 1, 1, 0, 2, 1, 1, 2, 0, 0, 0, 2, 1, 0, 0, 2, 2, 3, 0, 2, 2, 1,
       0, 0, 2, 0, 2, 2, 2, 2, 0, 0, 1, 3, 3, 0, 1, 2, 1, 3, 0, 2, 0, 3,
       1, 3, 1, 1, 2, 2, 3, 2, 2, 1, 0, 3, 1, 2, 2, 0, 2, 0, 0, 0, 3, 3,
       2, 3, 2, 3, 2, 3, 2, 3, 2, 2, 0, 1, 0, 0, 0, 3, 0, 2, 2, 0, 3, 0,
       2, 3, 1, 0, 1, 0, 0, 2, 3, 0, 3, 2, 2, 0, 1, 3, 2, 2, 0, 2, 2, 3,
       1, 2, 1, 2, 1, 2, 0, 3, 2, 2], dtype=object)]
[431, array([-60., -30., -30.,   0.]), array([2, 1, 1, 0, 2, 1, 1, 2, 0, 0, 0, 2, 1, 0, 0, 2, 2, 3, 0, 2, 2, 1,
       0, 0, 2, 0, 2, 2, 2, 2, 0, 0, 1, 3, 3, 0, 1, 2, 1, 3, 0, 2, 0, 3,
       1, 3, 1, 1, 2, 2, 3, 2, 2, 1, 0, 3, 1, 2, 2, 0, 2, 0, 0, 0, 3, 3,
       2, 3, 2, 3, 2, 3, 2, 3, 2, 2, 0, 1, 0, 0, 0, 3, 0, 2, 2, 0, 3, 0,
       2, 3, 1, 0, 1, 0, 0, 2, 3, 0, 3, 2, 2, 0, 1, 3, 2, 2, 0, 2, 2, 3,
       1, 2, 1, 2, 1, 2, 0, 3, 2, 2], dtype=object)]
[431, array([-60., -30., -30.,   0.]), array([2, 1, 1, 0, 2, 1, 1, 2, 0, 0, 0, 2, 1, 0, 0, 2, 2, 3, 0, 2, 2, 1,
       0, 0, 2, 0, 2, 2, 2, 2, 0, 0, 1, 3, 3, 0, 1, 2, 1, 3, 0, 2, 0, 3,
       1, 3, 1, 1, 2, 2, 3, 2, 2, 1, 0, 3, 1, 2, 2, 0, 2, 0, 0, 0, 3, 3,
       2, 3, 2, 3, 2, 3, 2, 3, 2, 2, 0, 1, 0, 0, 0, 3, 0, 2, 2, 0, 3, 0,
       2, 3, 1, 0, 1, 0, 0, 2, 3, 0, 3, 2, 2, 0, 1, 3, 2, 2, 0, 2, 2, 3,
       1, 2, 1, 2, 1, 2, 0, 3, 2, 2], dtype=object)]
[431, array([-60., -30., -30.,   0.]), array([2, 1, 1, 0, 2, 1, 1, 2, 0, 0, 0, 2, 1, 0, 0, 2, 2, 3, 0, 2, 2, 1,
       0, 0, 2, 0, 2, 2, 2, 2, 0, 0, 1, 3, 3, 0, 1, 2, 1, 3, 0, 2, 0, 3,
       1, 3, 1, 1, 2, 2, 3, 2, 2, 1, 0, 3, 1, 2, 2, 0, 2, 0, 0, 0, 3, 3,
       2, 3, 2, 3, 2, 3, 2, 3, 2, 2, 0, 1, 0, 0, 0, 3, 0, 2, 2, 0, 3, 0,
       2, 3, 1, 0, 1, 0, 0, 2, 3, 0, 3, 2, 2, 0, 1, 3, 2, 2, 0, 2, 2, 3,
       1, 2, 1, 2, 1, 2, 0, 3, 2, 2], dtype=object)]
[432, array([-60., -30., -30.,   0.]), array([2, 1, 1, 0, 2, 1, 1, 2, 0, 0, 0, 2, 1, 0, 0, 2, 2, 3, 0, 2, 2, 1,
       0, 0, 2, 0, 2, 2, 2, 2, 0, 0, 1, 3, 3, 0, 1, 2, 1, 3, 0, 2, 0, 3,
       1, 3, 1, 1, 2, 2, 3, 2, 2, 1, 0, 3, 1, 2, 2, 0, 2, 0, 0, 0, 3, 3,
       2, 3, 2, 3, 2, 3, 2, 3, 2, 2, 0, 1, 0, 0, 0, 3, 0, 2, 2, 0, 3, 3,
       2, 3, 3, 0, 1, 2, 3, 2, 3, 0, 3, 2, 2, 1, 2, 3, 2, 2, 0, 2, 2, 3,
       1, 0, 0, 0, 3, 2, 0, 2, 2, 2], dtype=object)]
[432, array([-60., -30., -30.,   0.]), array([2, 1, 1, 0, 2, 1, 1, 2, 0, 0, 0, 2, 1, 0, 0, 2, 2, 3, 0, 2, 2, 1,
       0, 0, 2, 0, 2, 2, 2, 2, 0, 0, 1, 3, 3, 0, 1, 2, 1, 3, 0, 2, 0, 3,
       1, 3, 1, 1, 2, 2, 3, 2, 2, 1, 0, 3, 1, 2, 2, 0, 2, 0, 0, 0, 3, 3,
       2, 3, 2, 3, 2, 3, 2, 3, 2, 2, 0, 1, 0, 0, 0, 3, 0, 2, 2, 0, 3, 3,
       2, 3, 3, 0, 1, 2, 3, 2, 3, 0, 3, 2, 2, 1, 2, 3, 2, 2, 0, 2, 2, 3,
       1, 0, 0, 0, 3, 2, 0, 2, 2, 2], dtype=object)]
[432, array([-60., -30., -30.,   0.]), array([2, 1, 1, 0, 2, 1, 1, 2, 0, 0, 0, 2, 1, 0, 0, 2, 2, 3, 0, 2, 2, 1,
       0, 0, 2, 0, 2, 2, 2, 2, 0, 0, 1, 3, 3, 0, 1, 2, 1, 3, 0, 2, 0, 3,
       1, 3, 1, 1, 2, 2, 3, 2, 2, 1, 0, 3, 1, 2, 2, 0, 2, 0, 0, 0, 3, 3,
       2, 3, 2, 3, 2, 3, 2, 3, 2, 2, 0, 1, 0, 0, 0, 3, 0, 2, 2, 0, 3, 3,
       2, 3, 3, 0, 1, 2, 3, 2, 3, 0, 3, 2, 2, 1, 2, 3, 2, 2, 0, 2, 2, 3,
       1, 0, 0, 0, 3, 2, 0, 2, 2, 2], dtype=object)]
[432, array([-60., -30., -30.,   0.]), array([2, 1, 1, 0, 2, 1, 1, 2, 0, 0, 0, 2, 1, 0, 0, 2, 2, 3, 0, 2, 2, 1,
       0, 0, 2, 0, 2, 2, 2, 2, 0, 0, 1, 3, 3, 0, 1, 2, 1, 3, 0, 2, 0, 3,
       1, 3, 1, 1, 2, 2, 3, 2, 2, 1, 0, 3, 1, 2, 2, 0, 2, 0, 0, 0, 3, 3,
       2, 3, 2, 3, 2, 3, 2, 3, 2, 2, 0, 1, 0, 0, 0, 3, 0, 2, 2, 0, 3, 3,
       2, 3, 3, 0, 1, 2, 3, 2, 3, 0, 3, 2, 2, 1, 2, 3, 2, 2, 0, 2, 2, 3,
       1, 0, 0, 0, 3, 2, 0, 2, 2, 2], dtype=object)]
[433, array([-60., -30., -30.,   0.]), array([2, 1, 1, 0, 2, 1, 1, 2, 0, 0, 0, 2, 1, 0, 0, 2, 2, 3, 0, 2, 2, 1,
       0, 0, 2, 0, 2, 2, 2, 2, 2, 0, 1, 3, 3, 0, 1, 2, 1, 3, 0, 2, 0, 3,
       2, 3, 1, 1, 2, 2, 3, 3, 2, 1, 0, 3, 0, 2, 2, 0, 2, 0, 0, 0, 3, 3,
       2, 3, 2, 3, 2, 3, 2, 3, 2, 2, 0, 1, 0, 0, 0, 3, 3, 2, 2, 0, 3, 0,
       2, 3, 1, 0, 0, 0, 0, 2, 3, 0, 2, 0, 2, 0, 1, 3, 2, 2, 0, 2, 2, 3,
       1, 2, 1, 2, 1, 2, 0, 3, 2, 2], dtype=object)]
[433, array([-60., -30., -30.,   0.]), array([2, 1, 1, 0, 2, 1, 1, 2, 0, 0, 0, 2, 1, 0, 0, 2, 2, 3, 0, 2, 2, 1,
       0, 0, 2, 0, 2, 2, 2, 2, 2, 0, 1, 3, 3, 0, 1, 2, 1, 3, 0, 2, 0, 3,
       2, 3, 1, 1, 2, 2, 3, 3, 2, 1, 0, 3, 0, 2, 2, 0, 2, 0, 0, 0, 3, 3,
       2, 3, 2, 3, 2, 3, 2, 3, 2, 2, 0, 1, 0, 0, 0, 3, 3, 2, 2, 0, 3, 0,
       2, 3, 1, 0, 0, 0, 0, 2, 3, 0, 2, 0, 2, 0, 1, 3, 2, 2, 0, 2, 2, 3,
       1, 2, 1, 2, 1, 2, 0, 3, 2, 2], dtype=object)]
[433, array([-60., -30., -30.,   0.]), array([2, 1, 1, 0, 2, 1, 1, 2, 0, 0, 0, 2, 1, 0, 0, 2, 2, 3, 0, 2, 2, 1,
       0, 0, 2, 0, 2, 2, 2, 2, 2, 0, 1, 3, 3, 0, 1, 2, 1, 3, 0, 2, 0, 3,
       2, 3, 1, 1, 2, 2, 3, 3, 2, 1, 0, 3, 0, 2, 2, 0, 2, 0, 0, 0, 3, 3,
       2, 3, 2, 3, 2, 3, 2, 3, 2, 2, 0, 1, 0, 0, 0, 3, 3, 2, 2, 0, 3, 0,
       2, 3, 1, 0, 0, 0, 0, 2, 3, 0, 2, 0, 2, 0, 1, 3, 2, 2, 0, 2, 2, 3,
       1, 2, 1, 2, 1, 2, 0, 3, 2, 2], dtype=object)]
[433, array([-60., -30., -30.,   0.]), array([2, 1, 1, 0, 2, 1, 1, 2, 0, 0, 0, 2, 1, 0, 0, 2, 2, 3, 0, 2, 2, 1,
       0, 0, 2, 0, 2, 2, 2, 2, 2, 0, 1, 3, 3, 0, 1, 2, 1, 3, 0, 2, 0, 3,
       2, 3, 1, 1, 2, 2, 3, 3, 2, 1, 0, 3, 0, 2, 2, 0, 2, 0, 0, 0, 3, 3,
       2, 3, 2, 3, 2, 3, 2, 3, 2, 2, 0, 1, 0, 0, 0, 3, 3, 2, 2, 0, 3, 0,
       2, 3, 1, 0, 0, 0, 0, 2, 3, 0, 2, 0, 2, 0, 1, 3, 2, 2, 0, 2, 2, 3,
       1, 2, 1, 2, 1, 2, 0, 3, 2, 2], dtype=object)]
[434, array([-60., -30., -30.,   0.]), array([2, 1, 1, 0, 2, 1, 1, 2, 0, 0, 0, 2, 1, 0, 0, 2, 2, 3, 0, 2, 2, 1,
       0, 0, 2, 0, 2, 2, 2, 2, 2, 0, 1, 3, 3, 0, 1, 2, 1, 3, 0, 2, 0, 3,
       1, 3, 1, 1, 2, 2, 3, 3, 2, 1, 0, 3, 0, 2, 2, 0, 2, 0, 0, 0, 3, 3,
       2, 3, 2, 3, 2, 3, 2, 3, 2, 2, 0, 1, 0, 0, 0, 3, 3, 2, 2, 0, 3, 0,
       2, 3, 1, 0, 0, 0, 0, 2, 3, 0, 2, 0, 2, 2, 1, 3, 2, 2, 0, 2, 2, 3,
       1, 2, 1, 2, 1, 2, 0, 3, 2, 2], dtype=object)]
[434, array([-60., -30., -30.,   0.]), array([2, 1, 1, 0, 2, 1, 1, 2, 0, 0, 0, 2, 1, 0, 0, 2, 2, 3, 0, 2, 2, 1,
       0, 0, 2, 0, 2, 2, 2, 2, 2, 0, 1, 3, 3, 0, 1, 2, 1, 3, 0, 2, 0, 3,
       1, 3, 1, 1, 2, 2, 3, 3, 2, 1, 0, 3, 0, 2, 2, 0, 2, 0, 0, 0, 3, 3,
       2, 3, 2, 3, 2, 3, 2, 3, 2, 2, 0, 1, 0, 0, 0, 3, 3, 2, 2, 0, 3, 0,
       2, 3, 1, 0, 0, 0, 0, 2, 3, 0, 2, 0, 2, 2, 1, 3, 2, 2, 0, 2, 2, 3,
       1, 2, 1, 2, 1, 2, 0, 3, 2, 2], dtype=object)]
[434, array([-60., -30., -30.,   0.]), array([2, 1, 1, 0, 2, 1, 1, 2, 0, 0, 0, 2, 1, 0, 0, 2, 2, 3, 0, 2, 2, 1,
       0, 0, 2, 0, 2, 2, 2, 2, 2, 0, 1, 3, 3, 0, 1, 2, 1, 3, 0, 2, 0, 3,
       1, 3, 1, 1, 2, 2, 3, 3, 2, 1, 0, 3, 0, 2, 2, 0, 2, 0, 0, 0, 3, 3,
       2, 3, 2, 3, 2, 3, 2, 3, 2, 2, 0, 1, 0, 0, 0, 3, 3, 2, 2, 0, 3, 0,
       2, 3, 1, 0, 0, 0, 0, 2, 3, 0, 2, 0, 2, 2, 1, 3, 2, 2, 0, 2, 2, 3,
       1, 2, 1, 2, 1, 2, 0, 3, 2, 2], dtype=object)]
[434, array([-60., -30., -30.,   0.]), array([2, 1, 1, 0, 2, 1, 1, 2, 0, 0, 0, 2, 1, 0, 0, 2, 2, 3, 0, 2, 2, 1,
       0, 0, 2, 0, 2, 2, 2, 2, 2, 0, 1, 3, 3, 0, 1, 2, 1, 3, 0, 2, 0, 3,
       1, 3, 1, 1, 2, 2, 3, 3, 2, 1, 0, 3, 0, 2, 2, 0, 2, 0, 0, 0, 3, 3,
       2, 3, 2, 3, 2, 3, 2, 3, 2, 2, 0, 1, 0, 0, 0, 3, 3, 2, 2, 0, 3, 0,
       2, 3, 1, 0, 0, 0, 0, 2, 3, 0, 2, 0, 2, 2, 1, 3, 2, 2, 0, 2, 2, 3,
       1, 2, 1, 2, 1, 2, 0, 3, 2, 2], dtype=object)]
[435, array([-60., -30., -30.,   0.]), array([2, 1, 1, 0, 2, 1, 1, 2, 0, 0, 0, 2, 1, 0, 0, 2, 2, 3, 0, 2, 2, 1,
       0, 0, 2, 0, 2, 2, 2, 2, 2, 0, 1, 3, 3, 0, 1, 2, 1, 3, 0, 2, 0, 3,
       1, 3, 1, 1, 2, 2, 3, 2, 2, 1, 0, 3, 1, 2, 2, 0, 2, 0, 0, 0, 3, 3,
       2, 3, 2, 3, 2, 3, 2, 3, 2, 2, 0, 1, 0, 0, 0, 3, 3, 2, 2, 0, 3, 0,
       2, 3, 1, 0, 0, 0, 0, 2, 3, 0, 2, 0, 2, 2, 1, 3, 2, 2, 0, 2, 2, 3,
       1, 2, 1, 2, 1, 2, 0, 3, 2, 2], dtype=object)]
[435, array([-60., -30., -30.,   0.]), array([2, 1, 1, 0, 2, 1, 1, 2, 0, 0, 0, 2, 1, 0, 0, 2, 2, 3, 0, 2, 2, 1,
       0, 0, 2, 0, 2, 2, 2, 2, 2, 0, 1, 3, 3, 0, 1, 2, 1, 3, 0, 2, 0, 3,
       1, 3, 1, 1, 2, 2, 3, 2, 2, 1, 0, 3, 1, 2, 2, 0, 2, 0, 0, 0, 3, 3,
       2, 3, 2, 3, 2, 3, 2, 3, 2, 2, 0, 1, 0, 0, 0, 3, 3, 2, 2, 0, 3, 0,
       2, 3, 1, 0, 0, 0, 0, 2, 3, 0, 2, 0, 2, 2, 1, 3, 2, 2, 0, 2, 2, 3,
       1, 2, 1, 2, 1, 2, 0, 3, 2, 2], dtype=object)]
[435, array([-60., -30., -30.,   0.]), array([2, 1, 1, 0, 2, 1, 1, 2, 0, 0, 0, 2, 1, 0, 0, 2, 2, 3, 0, 2, 2, 1,
       0, 0, 2, 0, 2, 2, 2, 2, 2, 0, 1, 3, 3, 0, 1, 2, 1, 3, 0, 2, 0, 3,
       1, 3, 1, 1, 2, 2, 3, 2, 2, 1, 0, 3, 1, 2, 2, 0, 2, 0, 0, 0, 3, 3,
       2, 3, 2, 3, 2, 3, 2, 3, 2, 2, 0, 1, 0, 0, 0, 3, 3, 2, 2, 0, 3, 0,
       2, 3, 1, 0, 0, 0, 0, 2, 3, 0, 2, 0, 2, 2, 1, 3, 2, 2, 0, 2, 2, 3,
       1, 2, 1, 2, 1, 2, 0, 3, 2, 2], dtype=object)]
[435, array([-60., -30., -30.,   0.]), array([2, 1, 1, 0, 2, 1, 1, 2, 0, 0, 0, 2, 1, 0, 0, 2, 2, 3, 0, 2, 2, 1,
       0, 0, 2, 0, 2, 2, 2, 2, 2, 0, 1, 3, 3, 0, 1, 2, 1, 3, 0, 2, 0, 3,
       1, 3, 1, 1, 2, 2, 3, 2, 2, 1, 0, 3, 1, 2, 2, 0, 2, 0, 0, 0, 3, 3,
       2, 3, 2, 3, 2, 3, 2, 3, 2, 2, 0, 1, 0, 0, 0, 3, 3, 2, 2, 0, 3, 0,
       2, 3, 1, 0, 0, 0, 0, 2, 3, 0, 2, 0, 2, 2, 1, 3, 2, 2, 0, 2, 2, 3,
       1, 2, 1, 2, 1, 2, 0, 3, 2, 2], dtype=object)]
[436, array([-60., -30., -30.,   0.]), array([2, 1, 1, 0, 2, 3, 1, 2, 0, 0, 0, 2, 1, 0, 0, 2, 2, 1, 0, 2, 2, 1,
       0, 0, 2, 0, 2, 2, 2, 2, 2, 0, 1, 3, 3, 0, 1, 2, 1, 3, 0, 2, 0, 0,
       1, 3, 1, 1, 2, 2, 3, 3, 2, 1, 0, 3, 0, 2, 2, 0, 2, 0, 0, 0, 3, 3,
       2, 3, 2, 3, 2, 3, 2, 3, 2, 2, 0, 1, 0, 0, 0, 3, 3, 2, 2, 0, 3, 0,
       2, 3, 1, 0, 0, 0, 0, 2, 3, 0, 2, 0, 2, 0, 1, 3, 2, 2, 0, 2, 2, 3,
       1, 2, 1, 2, 2, 2, 0, 3, 2, 2], dtype=object)]
[436, array([-60., -30., -30.,   0.]), array([2, 1, 1, 0, 2, 3, 1, 2, 0, 0, 0, 2, 1, 0, 0, 2, 2, 1, 0, 2, 2, 1,
       0, 0, 2, 0, 2, 2, 2, 2, 2, 0, 1, 3, 3, 0, 1, 2, 1, 3, 0, 2, 0, 0,
       1, 3, 1, 1, 2, 2, 3, 3, 2, 1, 0, 3, 0, 2, 2, 0, 2, 0, 0, 0, 3, 3,
       2, 3, 2, 3, 2, 3, 2, 3, 2, 2, 0, 1, 0, 0, 0, 3, 3, 2, 2, 0, 3, 0,
       2, 3, 1, 0, 0, 0, 0, 2, 3, 0, 2, 0, 2, 0, 1, 3, 2, 2, 0, 2, 2, 3,
       1, 2, 1, 2, 2, 2, 0, 3, 2, 2], dtype=object)]
[436, array([-60., -30., -30.,   0.]), array([2, 1, 1, 0, 2, 3, 1, 2, 0, 0, 0, 2, 1, 0, 0, 2, 2, 1, 0, 2, 2, 1,
       0, 0, 2, 0, 2, 2, 2, 2, 2, 0, 1, 3, 3, 0, 1, 2, 1, 3, 0, 2, 0, 0,
       1, 3, 1, 1, 2, 2, 3, 3, 2, 1, 0, 3, 0, 2, 2, 0, 2, 0, 0, 0, 3, 3,
       2, 3, 2, 3, 2, 3, 2, 3, 2, 2, 0, 1, 0, 0, 0, 3, 3, 2, 2, 0, 3, 0,
       2, 3, 1, 0, 0, 0, 0, 2, 3, 0, 2, 0, 2, 0, 1, 3, 2, 2, 0, 2, 2, 3,
       1, 2, 1, 2, 2, 2, 0, 3, 2, 2], dtype=object)]
[436, array([-60., -30., -30.,   0.]), array([2, 1, 1, 0, 2, 3, 1, 2, 0, 0, 0, 2, 1, 0, 0, 2, 2, 1, 0, 2, 2, 1,
       0, 0, 2, 0, 2, 2, 2, 2, 2, 0, 1, 3, 3, 0, 1, 2, 1, 3, 0, 2, 0, 0,
       1, 3, 1, 1, 2, 2, 3, 3, 2, 1, 0, 3, 0, 2, 2, 0, 2, 0, 0, 0, 3, 3,
       2, 3, 2, 3, 2, 3, 2, 3, 2, 2, 0, 1, 0, 0, 0, 3, 3, 2, 2, 0, 3, 0,
       2, 3, 1, 0, 0, 0, 0, 2, 3, 0, 2, 0, 2, 0, 1, 3, 2, 2, 0, 2, 2, 3,
       1, 2, 1, 2, 2, 2, 0, 3, 2, 2], dtype=object)]
[437, array([-60., -30., -30.,   0.]), array([2, 1, 1, 0, 2, 1, 1, 2, 0, 0, 0, 2, 1, 0, 0, 2, 2, 3, 0, 2, 2, 1,
       0, 0, 2, 0, 2, 2, 2, 2, 2, 0, 1, 3, 3, 0, 1, 2, 1, 3, 0, 2, 0, 3,
       1, 3, 1, 1, 2, 2, 3, 2, 2, 1, 0, 3, 0, 2, 2, 0, 2, 0, 0, 0, 3, 3,
       2, 3, 2, 3, 2, 3, 2, 3, 2, 2, 0, 1, 0, 0, 0, 3, 3, 2, 2, 0, 3, 0,
       2, 3, 1, 0, 0, 0, 0, 2, 3, 0, 2, 0, 2, 0, 1, 3, 2, 2, 0, 2, 2, 3,
       1, 2, 1, 2, 1, 2, 0, 3, 2, 2], dtype=object)]
[437, array([-60., -30., -30.,   0.]), array([2, 1, 1, 0, 2, 1, 1, 2, 0, 0, 0, 2, 1, 0, 0, 2, 2, 3, 0, 2, 2, 1,
       0, 0, 2, 0, 2, 2, 2, 2, 2, 0, 1, 3, 3, 0, 1, 2, 1, 3, 0, 2, 0, 3,
       1, 3, 1, 1, 2, 2, 3, 2, 2, 1, 0, 3, 0, 2, 2, 0, 2, 0, 0, 0, 3, 3,
       2, 3, 2, 3, 2, 3, 2, 3, 2, 2, 0, 1, 0, 0, 0, 3, 3, 2, 2, 0, 3, 0,
       2, 3, 1, 0, 0, 0, 0, 2, 3, 0, 2, 0, 2, 0, 1, 3, 2, 2, 0, 2, 2, 3,
       1, 2, 1, 2, 1, 2, 0, 3, 2, 2], dtype=object)]
[437, array([-60., -30., -30.,   0.]), array([2, 1, 1, 0, 2, 1, 1, 2, 0, 0, 0, 2, 1, 0, 0, 2, 2, 3, 0, 2, 2, 1,
       0, 0, 2, 0, 2, 2, 2, 2, 2, 0, 1, 3, 3, 0, 1, 2, 1, 3, 0, 2, 0, 3,
       1, 3, 1, 1, 2, 2, 3, 2, 2, 1, 0, 3, 0, 2, 2, 0, 2, 0, 0, 0, 3, 3,
       2, 3, 2, 3, 2, 3, 2, 3, 2, 2, 0, 1, 0, 0, 0, 3, 3, 2, 2, 0, 3, 0,
       2, 3, 1, 0, 0, 0, 0, 2, 3, 0, 2, 0, 2, 0, 1, 3, 2, 2, 0, 2, 2, 3,
       1, 2, 1, 2, 1, 2, 0, 3, 2, 2], dtype=object)]
[437, array([-60., -30., -30.,   0.]), array([2, 1, 1, 0, 2, 1, 1, 2, 0, 0, 0, 2, 1, 0, 0, 2, 2, 3, 0, 2, 2, 1,
       0, 0, 2, 0, 2, 2, 2, 2, 2, 0, 1, 3, 3, 0, 1, 2, 1, 3, 0, 2, 0, 3,
       1, 3, 1, 1, 2, 2, 3, 2, 2, 1, 0, 3, 0, 2, 2, 0, 2, 0, 0, 0, 3, 3,
       2, 3, 2, 3, 2, 3, 2, 3, 2, 2, 0, 1, 0, 0, 0, 3, 3, 2, 2, 0, 3, 0,
       2, 3, 1, 0, 0, 0, 0, 2, 3, 0, 2, 0, 2, 0, 1, 3, 2, 2, 0, 2, 2, 3,
       1, 2, 1, 2, 1, 2, 0, 3, 2, 2], dtype=object)]
[438, array([-60., -30., -30.,   0.]), array([2, 1, 1, 0, 2, 1, 1, 2, 0, 0, 0, 2, 1, 0, 0, 2, 2, 3, 0, 2, 2, 1,
       0, 0, 2, 0, 2, 2, 2, 2, 2, 0, 1, 3, 3, 0, 1, 2, 1, 3, 0, 2, 0, 3,
       1, 3, 1, 1, 2, 2, 3, 2, 2, 1, 0, 3, 0, 2, 2, 0, 2, 0, 0, 0, 3, 3,
       2, 3, 2, 3, 2, 3, 2, 3, 2, 2, 0, 1, 0, 0, 0, 3, 3, 2, 2, 0, 3, 0,
       2, 3, 1, 0, 0, 0, 0, 2, 3, 0, 2, 0, 2, 0, 1, 3, 2, 2, 0, 2, 2, 3,
       1, 2, 1, 2, 1, 2, 0, 3, 2, 2], dtype=object)]
[438, array([-60., -30., -30.,   0.]), array([2, 1, 1, 0, 2, 1, 1, 2, 0, 0, 0, 2, 1, 0, 0, 2, 2, 3, 0, 2, 2, 1,
       0, 0, 2, 0, 2, 2, 2, 2, 2, 0, 1, 3, 3, 0, 1, 2, 1, 3, 0, 2, 0, 3,
       1, 3, 1, 1, 2, 2, 3, 2, 2, 1, 0, 3, 0, 2, 2, 0, 2, 0, 0, 0, 3, 3,
       2, 3, 2, 3, 2, 3, 2, 3, 2, 2, 0, 1, 0, 0, 0, 3, 3, 2, 2, 0, 3, 0,
       2, 3, 1, 0, 0, 0, 0, 2, 3, 0, 2, 0, 2, 0, 1, 3, 2, 2, 0, 2, 2, 3,
       1, 2, 1, 2, 1, 2, 0, 3, 2, 2], dtype=object)]
[438, array([-60., -30., -30.,   0.]), array([2, 1, 1, 0, 2, 1, 1, 2, 0, 0, 0, 2, 1, 0, 0, 2, 2, 3, 0, 2, 2, 1,
       0, 0, 2, 0, 2, 2, 2, 2, 2, 0, 1, 3, 3, 0, 1, 2, 1, 3, 0, 2, 0, 3,
       1, 3, 1, 1, 2, 2, 3, 2, 2, 1, 0, 3, 0, 2, 2, 0, 2, 0, 0, 0, 3, 3,
       2, 3, 2, 3, 2, 3, 2, 3, 2, 2, 0, 1, 0, 0, 0, 3, 3, 2, 2, 0, 3, 0,
       2, 3, 1, 0, 0, 0, 0, 2, 3, 0, 2, 0, 2, 0, 1, 3, 2, 2, 0, 2, 2, 3,
       1, 2, 1, 2, 1, 2, 0, 3, 2, 2], dtype=object)]
[438, array([-60., -30., -30.,   0.]), array([2, 1, 1, 0, 2, 1, 1, 2, 0, 0, 0, 2, 1, 0, 0, 2, 2, 3, 0, 2, 2, 1,
       0, 0, 2, 0, 2, 2, 2, 2, 2, 0, 1, 3, 3, 0, 1, 2, 1, 3, 0, 2, 0, 3,
       1, 3, 1, 1, 2, 2, 3, 2, 2, 1, 0, 3, 0, 2, 2, 0, 2, 0, 0, 0, 3, 3,
       2, 3, 2, 3, 2, 3, 2, 3, 2, 2, 0, 1, 0, 0, 0, 3, 3, 2, 2, 0, 3, 0,
       2, 3, 1, 0, 0, 0, 0, 2, 3, 0, 2, 0, 2, 0, 1, 3, 2, 2, 0, 2, 2, 3,
       1, 2, 1, 2, 1, 2, 0, 3, 2, 2], dtype=object)]
[439, array([-60., -30., -30.,   0.]), array([2, 1, 1, 0, 2, 1, 1, 2, 0, 0, 0, 2, 1, 0, 0, 2, 2, 3, 0, 2, 2, 1,
       0, 0, 2, 0, 2, 2, 2, 2, 2, 0, 1, 3, 3, 0, 1, 2, 1, 3, 0, 2, 0, 3,
       1, 3, 1, 1, 2, 2, 3, 2, 2, 1, 0, 3, 0, 2, 2, 0, 2, 0, 0, 0, 3, 3,
       2, 3, 2, 3, 2, 3, 2, 3, 2, 2, 0, 1, 0, 0, 0, 3, 3, 2, 2, 0, 3, 0,
       2, 3, 1, 0, 0, 0, 0, 2, 3, 0, 2, 0, 2, 0, 1, 3, 2, 2, 0, 2, 2, 3,
       1, 2, 1, 2, 1, 2, 0, 3, 2, 2], dtype=object)]
[439, array([-60., -30., -30.,   0.]), array([2, 1, 1, 0, 2, 1, 1, 2, 0, 0, 0, 2, 1, 0, 0, 2, 2, 3, 0, 2, 2, 1,
       0, 0, 2, 0, 2, 2, 2, 2, 2, 0, 1, 3, 3, 0, 1, 2, 1, 3, 0, 2, 0, 3,
       1, 3, 1, 1, 2, 2, 3, 2, 2, 1, 0, 3, 0, 2, 2, 0, 2, 0, 0, 0, 3, 3,
       2, 3, 2, 3, 2, 3, 2, 3, 2, 2, 0, 1, 0, 0, 0, 3, 3, 2, 2, 0, 3, 0,
       2, 3, 1, 0, 0, 0, 0, 2, 3, 0, 2, 0, 2, 0, 1, 3, 2, 2, 0, 2, 2, 3,
       1, 2, 1, 2, 1, 2, 0, 3, 2, 2], dtype=object)]
[439, array([-60., -30., -30.,   0.]), array([2, 1, 1, 0, 2, 1, 1, 2, 0, 0, 0, 2, 1, 0, 0, 2, 2, 3, 0, 2, 2, 1,
       0, 0, 2, 0, 2, 2, 2, 2, 2, 0, 1, 3, 3, 0, 1, 2, 1, 3, 0, 2, 0, 3,
       1, 3, 1, 1, 2, 2, 3, 2, 2, 1, 0, 3, 0, 2, 2, 0, 2, 0, 0, 0, 3, 3,
       2, 3, 2, 3, 2, 3, 2, 3, 2, 2, 0, 1, 0, 0, 0, 3, 3, 2, 2, 0, 3, 0,
       2, 3, 1, 0, 0, 0, 0, 2, 3, 0, 2, 0, 2, 0, 1, 3, 2, 2, 0, 2, 2, 3,
       1, 2, 1, 2, 1, 2, 0, 3, 2, 2], dtype=object)]
[439, array([-60., -30., -30.,   0.]), array([2, 1, 1, 0, 2, 1, 1, 2, 0, 0, 0, 2, 1, 0, 0, 2, 2, 3, 0, 2, 2, 1,
       0, 0, 2, 0, 2, 2, 2, 2, 2, 0, 1, 3, 3, 0, 1, 2, 1, 3, 0, 2, 0, 3,
       1, 3, 1, 1, 2, 2, 3, 2, 2, 1, 0, 3, 0, 2, 2, 0, 2, 0, 0, 0, 3, 3,
       2, 3, 2, 3, 2, 3, 2, 3, 2, 2, 0, 1, 0, 0, 0, 3, 3, 2, 2, 0, 3, 0,
       2, 3, 1, 0, 0, 0, 0, 2, 3, 0, 2, 0, 2, 0, 1, 3, 2, 2, 0, 2, 2, 3,
       1, 2, 1, 2, 1, 2, 0, 3, 2, 2], dtype=object)]
[440, array([-60., -30., -30.,   0.]), array([2, 1, 0, 0, 2, 1, 1, 2, 0, 0, 0, 2, 1, 0, 0, 2, 2, 3, 0, 2, 2, 1,
       0, 0, 2, 0, 2, 2, 2, 2, 2, 0, 1, 3, 3, 0, 1, 2, 1, 3, 0, 2, 0, 3,
       2, 3, 1, 1, 2, 2, 3, 3, 2, 1, 0, 3, 3, 2, 2, 0, 2, 0, 0, 0, 3, 3,
       2, 3, 2, 3, 2, 3, 2, 3, 2, 2, 0, 1, 0, 0, 0, 3, 0, 2, 2, 0, 3, 3,
       2, 3, 3, 0, 1, 2, 0, 2, 3, 0, 2, 0, 2, 0, 1, 3, 2, 2, 0, 2, 2, 3,
       1, 2, 1, 2, 1, 2, 0, 3, 2, 2], dtype=object)]
[440, array([-60., -30., -30.,   0.]), array([2, 1, 0, 0, 2, 1, 1, 2, 0, 0, 0, 2, 1, 0, 0, 2, 2, 3, 0, 2, 2, 1,
       0, 0, 2, 0, 2, 2, 2, 2, 2, 0, 1, 3, 3, 0, 1, 2, 1, 3, 0, 2, 0, 3,
       2, 3, 1, 1, 2, 2, 3, 3, 2, 1, 0, 3, 3, 2, 2, 0, 2, 0, 0, 0, 3, 3,
       2, 3, 2, 3, 2, 3, 2, 3, 2, 2, 0, 1, 0, 0, 0, 3, 0, 2, 2, 0, 3, 3,
       2, 3, 3, 0, 1, 2, 0, 2, 3, 0, 2, 0, 2, 0, 1, 3, 2, 2, 0, 2, 2, 3,
       1, 2, 1, 2, 1, 2, 0, 3, 2, 2], dtype=object)]
[440, array([-60., -30., -30.,   0.]), array([2, 1, 0, 0, 2, 1, 1, 2, 0, 0, 0, 2, 1, 0, 0, 2, 2, 3, 0, 2, 2, 1,
       0, 0, 2, 0, 2, 2, 2, 2, 2, 0, 1, 3, 3, 0, 1, 2, 1, 3, 0, 2, 0, 3,
       2, 3, 1, 1, 2, 2, 3, 3, 2, 1, 0, 3, 3, 2, 2, 0, 2, 0, 0, 0, 3, 3,
       2, 3, 2, 3, 2, 3, 2, 3, 2, 2, 0, 1, 0, 0, 0, 3, 0, 2, 2, 0, 3, 3,
       2, 3, 3, 0, 1, 2, 0, 2, 3, 0, 2, 0, 2, 0, 1, 3, 2, 2, 0, 2, 2, 3,
       1, 2, 1, 2, 1, 2, 0, 3, 2, 2], dtype=object)]
[440, array([-60., -30., -30.,   0.]), array([2, 1, 0, 0, 2, 1, 1, 2, 0, 0, 0, 2, 1, 0, 0, 2, 2, 3, 0, 2, 2, 1,
       0, 0, 2, 0, 2, 2, 2, 2, 2, 0, 1, 3, 3, 0, 1, 2, 1, 3, 0, 2, 0, 3,
       2, 3, 1, 1, 2, 2, 3, 3, 2, 1, 0, 3, 3, 2, 2, 0, 2, 0, 0, 0, 3, 3,
       2, 3, 2, 3, 2, 3, 2, 3, 2, 2, 0, 1, 0, 0, 0, 3, 0, 2, 2, 0, 3, 3,
       2, 3, 3, 0, 1, 2, 0, 2, 3, 0, 2, 0, 2, 0, 1, 3, 2, 2, 0, 2, 2, 3,
       1, 2, 1, 2, 1, 2, 0, 3, 2, 2], dtype=object)]
[441, array([-60., -30., -30.,   0.]), array([2, 1, 1, 0, 2, 1, 1, 2, 0, 0, 0, 2, 1, 0, 0, 2, 2, 1, 0, 2, 2, 1,
       0, 0, 2, 0, 2, 2, 2, 2, 2, 0, 1, 3, 3, 0, 1, 2, 1, 3, 0, 2, 0, 3,
       1, 3, 1, 1, 2, 2, 3, 2, 2, 1, 0, 3, 1, 2, 2, 0, 2, 0, 0, 0, 3, 3,
       2, 3, 2, 3, 2, 3, 2, 3, 2, 2, 0, 1, 0, 0, 0, 3, 3, 2, 2, 0, 3, 2,
       2, 3, 3, 0, 1, 2, 3, 2, 3, 0, 3, 0, 2, 0, 1, 3, 2, 2, 0, 2, 2, 3,
       1, 2, 1, 2, 1, 2, 0, 2, 2, 2], dtype=object)]
[441, array([-60., -30., -30.,   0.]), array([2, 1, 1, 0, 2, 1, 1, 2, 0, 0, 0, 2, 1, 0, 0, 2, 2, 1, 0, 2, 2, 1,
       0, 0, 2, 0, 2, 2, 2, 2, 2, 0, 1, 3, 3, 0, 1, 2, 1, 3, 0, 2, 0, 3,
       1, 3, 1, 1, 2, 2, 3, 2, 2, 1, 0, 3, 1, 2, 2, 0, 2, 0, 0, 0, 3, 3,
       2, 3, 2, 3, 2, 3, 2, 3, 2, 2, 0, 1, 0, 0, 0, 3, 3, 2, 2, 0, 3, 2,
       2, 3, 3, 0, 1, 2, 3, 2, 3, 0, 3, 0, 2, 0, 1, 3, 2, 2, 0, 2, 2, 3,
       1, 2, 1, 2, 1, 2, 0, 2, 2, 2], dtype=object)]
[441, array([-60., -30., -30.,   0.]), array([2, 1, 1, 0, 2, 1, 1, 2, 0, 0, 0, 2, 1, 0, 0, 2, 2, 1, 0, 2, 2, 1,
       0, 0, 2, 0, 2, 2, 2, 2, 2, 0, 1, 3, 3, 0, 1, 2, 1, 3, 0, 2, 0, 3,
       1, 3, 1, 1, 2, 2, 3, 2, 2, 1, 0, 3, 1, 2, 2, 0, 2, 0, 0, 0, 3, 3,
       2, 3, 2, 3, 2, 3, 2, 3, 2, 2, 0, 1, 0, 0, 0, 3, 3, 2, 2, 0, 3, 2,
       2, 3, 3, 0, 1, 2, 3, 2, 3, 0, 3, 0, 2, 0, 1, 3, 2, 2, 0, 2, 2, 3,
       1, 2, 1, 2, 1, 2, 0, 2, 2, 2], dtype=object)]
[441, array([-60., -30., -30.,   0.]), array([2, 1, 1, 0, 2, 1, 1, 2, 0, 0, 0, 2, 1, 0, 0, 2, 2, 1, 0, 2, 2, 1,
       0, 0, 2, 0, 2, 2, 2, 2, 2, 0, 1, 3, 3, 0, 1, 2, 1, 3, 0, 2, 0, 3,
       1, 3, 1, 1, 2, 2, 3, 2, 2, 1, 0, 3, 1, 2, 2, 0, 2, 0, 0, 0, 3, 3,
       2, 3, 2, 3, 2, 3, 2, 3, 2, 2, 0, 1, 0, 0, 0, 3, 3, 2, 2, 0, 3, 2,
       2, 3, 3, 0, 1, 2, 3, 2, 3, 0, 3, 0, 2, 0, 1, 3, 2, 2, 0, 2, 2, 3,
       1, 2, 1, 2, 1, 2, 0, 2, 2, 2], dtype=object)]
[442, array([-60., -30., -30.,   0.]), array([2, 1, 1, 0, 2, 1, 1, 2, 0, 0, 0, 2, 1, 0, 0, 2, 2, 1, 0, 2, 2, 1,
       0, 0, 2, 0, 2, 2, 2, 2, 2, 0, 1, 3, 3, 0, 1, 2, 1, 3, 0, 2, 0, 3,
       1, 3, 1, 1, 2, 2, 3, 2, 2, 1, 0, 3, 1, 2, 2, 0, 2, 0, 0, 0, 3, 3,
       2, 3, 2, 3, 2, 3, 2, 3, 2, 2, 0, 1, 0, 0, 0, 3, 3, 2, 2, 0, 3, 2,
       2, 3, 3, 0, 1, 2, 3, 2, 3, 0, 3, 0, 2, 0, 1, 3, 2, 2, 0, 2, 2, 3,
       1, 2, 1, 2, 1, 2, 0, 3, 2, 2], dtype=object)]
[442, array([-60., -30., -30.,   0.]), array([2, 1, 1, 0, 2, 1, 1, 2, 0, 0, 0, 2, 1, 0, 0, 2, 2, 1, 0, 2, 2, 1,
       0, 0, 2, 0, 2, 2, 2, 2, 2, 0, 1, 3, 3, 0, 1, 2, 1, 3, 0, 2, 0, 3,
       1, 3, 1, 1, 2, 2, 3, 2, 2, 1, 0, 3, 1, 2, 2, 0, 2, 0, 0, 0, 3, 3,
       2, 3, 2, 3, 2, 3, 2, 3, 2, 2, 0, 1, 0, 0, 0, 3, 3, 2, 2, 0, 3, 2,
       2, 3, 3, 0, 1, 2, 3, 2, 3, 0, 3, 0, 2, 0, 1, 3, 2, 2, 0, 2, 2, 3,
       1, 2, 1, 2, 1, 2, 0, 3, 2, 2], dtype=object)]
[442, array([-60., -30., -30.,   0.]), array([2, 1, 1, 0, 2, 1, 1, 2, 0, 0, 0, 2, 1, 0, 0, 2, 2, 1, 0, 2, 2, 1,
       0, 0, 2, 0, 2, 2, 2, 2, 2, 0, 1, 3, 3, 0, 1, 2, 1, 3, 0, 2, 0, 3,
       1, 3, 1, 1, 2, 2, 3, 2, 2, 1, 0, 3, 1, 2, 2, 0, 2, 0, 0, 0, 3, 3,
       2, 3, 2, 3, 2, 3, 2, 3, 2, 2, 0, 1, 0, 0, 0, 3, 3, 2, 2, 0, 3, 2,
       2, 3, 3, 0, 1, 2, 3, 2, 3, 0, 3, 0, 2, 0, 1, 3, 2, 2, 0, 2, 2, 3,
       1, 2, 1, 2, 1, 2, 0, 3, 2, 2], dtype=object)]
[442, array([-60., -30., -30.,   0.]), array([2, 1, 1, 0, 2, 1, 1, 2, 0, 0, 0, 2, 1, 0, 0, 2, 2, 1, 0, 2, 2, 1,
       0, 0, 2, 0, 2, 2, 2, 2, 2, 0, 1, 3, 3, 0, 1, 2, 1, 3, 0, 2, 0, 3,
       1, 3, 1, 1, 2, 2, 3, 2, 2, 1, 0, 3, 1, 2, 2, 0, 2, 0, 0, 0, 3, 3,
       2, 3, 2, 3, 2, 3, 2, 3, 2, 2, 0, 1, 0, 0, 0, 3, 3, 2, 2, 0, 3, 2,
       2, 3, 3, 0, 1, 2, 3, 2, 3, 0, 3, 0, 2, 0, 1, 3, 2, 2, 0, 2, 2, 3,
       1, 2, 1, 2, 1, 2, 0, 3, 2, 2], dtype=object)]
[443, array([-60., -30., -30.,   0.]), array([2, 1, 1, 0, 2, 1, 1, 2, 0, 0, 0, 2, 1, 0, 0, 2, 2, 3, 0, 2, 2, 3,
       0, 0, 2, 0, 2, 2, 2, 2, 1, 0, 1, 3, 3, 0, 1, 2, 2, 3, 0, 2, 0, 3,
       2, 3, 1, 1, 2, 2, 3, 2, 2, 1, 0, 3, 0, 2, 2, 0, 2, 0, 0, 0, 3, 3,
       2, 3, 2, 3, 2, 3, 0, 3, 2, 2, 0, 1, 0, 0, 0, 3, 3, 2, 2, 0, 3, 0,
       2, 3, 1, 0, 1, 0, 0, 2, 3, 0, 3, 0, 2, 0, 1, 3, 2, 2, 0, 2, 2, 3,
       1, 2, 1, 2, 1, 2, 0, 2, 2, 2], dtype=object)]
[443, array([-60., -30., -30.,   0.]), array([2, 1, 1, 0, 2, 1, 1, 2, 0, 0, 0, 2, 1, 0, 0, 2, 2, 3, 0, 2, 2, 3,
       0, 0, 2, 0, 2, 2, 2, 2, 1, 0, 1, 3, 3, 0, 1, 2, 2, 3, 0, 2, 0, 3,
       2, 3, 1, 1, 2, 2, 3, 2, 2, 1, 0, 3, 0, 2, 2, 0, 2, 0, 0, 0, 3, 3,
       2, 3, 2, 3, 2, 3, 0, 3, 2, 2, 0, 1, 0, 0, 0, 3, 3, 2, 2, 0, 3, 0,
       2, 3, 1, 0, 1, 0, 0, 2, 3, 0, 3, 0, 2, 0, 1, 3, 2, 2, 0, 2, 2, 3,
       1, 2, 1, 2, 1, 2, 0, 2, 2, 2], dtype=object)]
[443, array([-60., -30., -30.,   0.]), array([2, 1, 1, 0, 2, 1, 1, 2, 0, 0, 0, 2, 1, 0, 0, 2, 2, 3, 0, 2, 2, 3,
       0, 0, 2, 0, 2, 2, 2, 2, 1, 0, 1, 3, 3, 0, 1, 2, 2, 3, 0, 2, 0, 3,
       2, 3, 1, 1, 2, 2, 3, 2, 2, 1, 0, 3, 0, 2, 2, 0, 2, 0, 0, 0, 3, 3,
       2, 3, 2, 3, 2, 3, 0, 3, 2, 2, 0, 1, 0, 0, 0, 3, 3, 2, 2, 0, 3, 0,
       2, 3, 1, 0, 1, 0, 0, 2, 3, 0, 3, 0, 2, 0, 1, 3, 2, 2, 0, 2, 2, 3,
       1, 2, 1, 2, 1, 2, 0, 2, 2, 2], dtype=object)]
[443, array([-60., -30., -30.,   0.]), array([2, 1, 1, 0, 2, 1, 1, 2, 0, 0, 0, 2, 1, 0, 0, 2, 2, 3, 0, 2, 2, 3,
       0, 0, 2, 0, 2, 2, 2, 2, 1, 0, 1, 3, 3, 0, 1, 2, 2, 3, 0, 2, 0, 3,
       2, 3, 1, 1, 2, 2, 3, 2, 2, 1, 0, 3, 0, 2, 2, 0, 2, 0, 0, 0, 3, 3,
       2, 3, 2, 3, 2, 3, 0, 3, 2, 2, 0, 1, 0, 0, 0, 3, 3, 2, 2, 0, 3, 0,
       2, 3, 1, 0, 1, 0, 0, 2, 3, 0, 3, 0, 2, 0, 1, 3, 2, 2, 0, 2, 2, 3,
       1, 2, 1, 2, 1, 2, 0, 2, 2, 2], dtype=object)]
[444, array([-60., -30., -30.,   0.]), array([2, 1, 1, 0, 2, 1, 1, 2, 0, 0, 0, 2, 1, 0, 0, 2, 2, 3, 0, 2, 2, 3,
       0, 0, 2, 0, 2, 2, 2, 2, 1, 0, 1, 3, 3, 0, 1, 2, 2, 3, 0, 2, 0, 3,
       2, 3, 1, 1, 2, 2, 3, 2, 2, 1, 0, 3, 0, 2, 2, 0, 2, 0, 0, 0, 3, 3,
       2, 3, 2, 3, 2, 3, 0, 3, 2, 2, 0, 2, 0, 0, 0, 3, 3, 2, 2, 0, 3, 2,
       2, 3, 3, 0, 1, 2, 3, 2, 3, 0, 3, 0, 2, 2, 0, 3, 2, 2, 0, 2, 2, 3,
       1, 2, 1, 2, 1, 2, 0, 3, 2, 2], dtype=object)]
[444, array([-60., -30., -30.,   0.]), array([2, 1, 1, 0, 2, 1, 1, 2, 0, 0, 0, 2, 1, 0, 0, 2, 2, 3, 0, 2, 2, 3,
       0, 0, 2, 0, 2, 2, 2, 2, 1, 0, 1, 3, 3, 0, 1, 2, 2, 3, 0, 2, 0, 3,
       2, 3, 1, 1, 2, 2, 3, 2, 2, 1, 0, 3, 0, 2, 2, 0, 2, 0, 0, 0, 3, 3,
       2, 3, 2, 3, 2, 3, 0, 3, 2, 2, 0, 2, 0, 0, 0, 3, 3, 2, 2, 0, 3, 2,
       2, 3, 3, 0, 1, 2, 3, 2, 3, 0, 3, 0, 2, 2, 0, 3, 2, 2, 0, 2, 2, 3,
       1, 2, 1, 2, 1, 2, 0, 3, 2, 2], dtype=object)]
[444, array([-60., -30., -30.,   0.]), array([2, 1, 1, 0, 2, 1, 1, 2, 0, 0, 0, 2, 1, 0, 0, 2, 2, 3, 0, 2, 2, 3,
       0, 0, 2, 0, 2, 2, 2, 2, 1, 0, 1, 3, 3, 0, 1, 2, 2, 3, 0, 2, 0, 3,
       2, 3, 1, 1, 2, 2, 3, 2, 2, 1, 0, 3, 0, 2, 2, 0, 2, 0, 0, 0, 3, 3,
       2, 3, 2, 3, 2, 3, 0, 3, 2, 2, 0, 2, 0, 0, 0, 3, 3, 2, 2, 0, 3, 2,
       2, 3, 3, 0, 1, 2, 3, 2, 3, 0, 3, 0, 2, 2, 0, 3, 2, 2, 0, 2, 2, 3,
       1, 2, 1, 2, 1, 2, 0, 3, 2, 2], dtype=object)]
[444, array([-60., -30., -30.,   0.]), array([2, 1, 1, 0, 2, 1, 1, 2, 0, 0, 0, 2, 1, 0, 0, 2, 2, 3, 0, 2, 2, 3,
       0, 0, 2, 0, 2, 2, 2, 2, 1, 0, 1, 3, 3, 0, 1, 2, 2, 3, 0, 2, 0, 3,
       2, 3, 1, 1, 2, 2, 3, 2, 2, 1, 0, 3, 0, 2, 2, 0, 2, 0, 0, 0, 3, 3,
       2, 3, 2, 3, 2, 3, 0, 3, 2, 2, 0, 2, 0, 0, 0, 3, 3, 2, 2, 0, 3, 2,
       2, 3, 3, 0, 1, 2, 3, 2, 3, 0, 3, 0, 2, 2, 0, 3, 2, 2, 0, 2, 2, 3,
       1, 2, 1, 2, 1, 2, 0, 3, 2, 2], dtype=object)]
[445, array([-60., -30., -30.,   0.]), array([2, 1, 0, 0, 2, 1, 1, 2, 0, 0, 0, 2, 1, 0, 0, 2, 2, 1, 0, 2, 2, 1,
       0, 0, 2, 1, 2, 2, 2, 2, 2, 0, 1, 3, 3, 0, 1, 2, 1, 3, 0, 2, 0, 3,
       1, 3, 1, 1, 2, 2, 3, 2, 0, 1, 0, 3, 0, 2, 2, 0, 2, 0, 0, 1, 3, 3,
       2, 3, 2, 3, 2, 3, 2, 3, 2, 2, 0, 1, 0, 0, 0, 3, 3, 2, 2, 0, 3, 0,
       2, 3, 1, 0, 0, 0, 0, 2, 3, 0, 2, 0, 2, 0, 0, 3, 2, 2, 0, 2, 2, 3,
       1, 2, 1, 2, 1, 2, 0, 3, 2, 2], dtype=object)]
[445, array([-60., -30., -30.,   0.]), array([2, 1, 0, 0, 2, 1, 1, 2, 0, 0, 0, 2, 1, 0, 0, 2, 2, 1, 0, 2, 2, 1,
       0, 0, 2, 1, 2, 2, 2, 2, 2, 0, 1, 3, 3, 0, 1, 2, 1, 3, 0, 2, 0, 3,
       1, 3, 1, 1, 2, 2, 3, 2, 0, 1, 0, 3, 0, 2, 2, 0, 2, 0, 0, 1, 3, 3,
       2, 3, 2, 3, 2, 3, 2, 3, 2, 2, 0, 1, 0, 0, 0, 3, 3, 2, 2, 0, 3, 0,
       2, 3, 1, 0, 0, 0, 0, 2, 3, 0, 2, 0, 2, 0, 0, 3, 2, 2, 0, 2, 2, 3,
       1, 2, 1, 2, 1, 2, 0, 3, 2, 2], dtype=object)]
[445, array([-60., -30., -30.,   0.]), array([2, 1, 0, 0, 2, 1, 1, 2, 0, 0, 0, 2, 1, 0, 0, 2, 2, 1, 0, 2, 2, 1,
       0, 0, 2, 1, 2, 2, 2, 2, 2, 0, 1, 3, 3, 0, 1, 2, 1, 3, 0, 2, 0, 3,
       1, 3, 1, 1, 2, 2, 3, 2, 0, 1, 0, 3, 0, 2, 2, 0, 2, 0, 0, 1, 3, 3,
       2, 3, 2, 3, 2, 3, 2, 3, 2, 2, 0, 1, 0, 0, 0, 3, 3, 2, 2, 0, 3, 0,
       2, 3, 1, 0, 0, 0, 0, 2, 3, 0, 2, 0, 2, 0, 0, 3, 2, 2, 0, 2, 2, 3,
       1, 2, 1, 2, 1, 2, 0, 3, 2, 2], dtype=object)]
[445, array([-60., -30., -30.,   0.]), array([2, 1, 0, 0, 2, 1, 1, 2, 0, 0, 0, 2, 1, 0, 0, 2, 2, 1, 0, 2, 2, 1,
       0, 0, 2, 1, 2, 2, 2, 2, 2, 0, 1, 3, 3, 0, 1, 2, 1, 3, 0, 2, 0, 3,
       1, 3, 1, 1, 2, 2, 3, 2, 0, 1, 0, 3, 0, 2, 2, 0, 2, 0, 0, 1, 3, 3,
       2, 3, 2, 3, 2, 3, 2, 3, 2, 2, 0, 1, 0, 0, 0, 3, 3, 2, 2, 0, 3, 0,
       2, 3, 1, 0, 0, 0, 0, 2, 3, 0, 2, 0, 2, 0, 0, 3, 2, 2, 0, 2, 2, 3,
       1, 2, 1, 2, 1, 2, 0, 3, 2, 2], dtype=object)]
[446, array([-60., -30., -30.,   0.]), array([2, 1, 1, 0, 2, 1, 1, 2, 0, 0, 0, 2, 1, 0, 0, 2, 2, 3, 0, 2, 2, 1,
       0, 0, 2, 0, 2, 2, 2, 2, 2, 0, 1, 3, 3, 0, 1, 2, 1, 3, 0, 2, 0, 3,
       1, 3, 1, 1, 2, 2, 3, 3, 2, 1, 0, 3, 1, 2, 2, 0, 0, 0, 0, 0, 3, 3,
       2, 3, 2, 3, 2, 3, 2, 3, 2, 2, 0, 2, 0, 0, 0, 3, 3, 2, 2, 0, 3, 0,
       2, 3, 1, 0, 0, 0, 0, 2, 3, 0, 2, 0, 2, 2, 1, 3, 2, 2, 0, 2, 2, 3,
       1, 2, 1, 2, 1, 2, 0, 2, 2, 2], dtype=object)]
[446, array([-60., -30., -30.,   0.]), array([2, 1, 1, 0, 2, 1, 1, 2, 0, 0, 0, 2, 1, 0, 0, 2, 2, 3, 0, 2, 2, 1,
       0, 0, 2, 0, 2, 2, 2, 2, 2, 0, 1, 3, 3, 0, 1, 2, 1, 3, 0, 2, 0, 3,
       1, 3, 1, 1, 2, 2, 3, 3, 2, 1, 0, 3, 1, 2, 2, 0, 0, 0, 0, 0, 3, 3,
       2, 3, 2, 3, 2, 3, 2, 3, 2, 2, 0, 2, 0, 0, 0, 3, 3, 2, 2, 0, 3, 0,
       2, 3, 1, 0, 0, 0, 0, 2, 3, 0, 2, 0, 2, 2, 1, 3, 2, 2, 0, 2, 2, 3,
       1, 2, 1, 2, 1, 2, 0, 2, 2, 2], dtype=object)]
[446, array([-60., -30., -30.,   0.]), array([2, 1, 1, 0, 2, 1, 1, 2, 0, 0, 0, 2, 1, 0, 0, 2, 2, 3, 0, 2, 2, 1,
       0, 0, 2, 0, 2, 2, 2, 2, 2, 0, 1, 3, 3, 0, 1, 2, 1, 3, 0, 2, 0, 3,
       1, 3, 1, 1, 2, 2, 3, 3, 2, 1, 0, 3, 1, 2, 2, 0, 0, 0, 0, 0, 3, 3,
       2, 3, 2, 3, 2, 3, 2, 3, 2, 2, 0, 2, 0, 0, 0, 3, 3, 2, 2, 0, 3, 0,
       2, 3, 1, 0, 0, 0, 0, 2, 3, 0, 2, 0, 2, 2, 1, 3, 2, 2, 0, 2, 2, 3,
       1, 2, 1, 2, 1, 2, 0, 2, 2, 2], dtype=object)]
[446, array([-60., -30., -30.,   0.]), array([2, 1, 1, 0, 2, 1, 1, 2, 0, 0, 0, 2, 1, 0, 0, 2, 2, 3, 0, 2, 2, 1,
       0, 0, 2, 0, 2, 2, 2, 2, 2, 0, 1, 3, 3, 0, 1, 2, 1, 3, 0, 2, 0, 3,
       1, 3, 1, 1, 2, 2, 3, 3, 2, 1, 0, 3, 1, 2, 2, 0, 0, 0, 0, 0, 3, 3,
       2, 3, 2, 3, 2, 3, 2, 3, 2, 2, 0, 2, 0, 0, 0, 3, 3, 2, 2, 0, 3, 0,
       2, 3, 1, 0, 0, 0, 0, 2, 3, 0, 2, 0, 2, 2, 1, 3, 2, 2, 0, 2, 2, 3,
       1, 2, 1, 2, 1, 2, 0, 2, 2, 2], dtype=object)]
[447, array([-80., -40., -40.,   0.]), array([2, 1, 1, 0, 2, 1, 3, 2, 0, 0, 0, 2, 2, 0, 0, 2, 2, 3, 0, 2, 2, 3,
       0, 0, 2, 0, 2, 2, 2, 2, 2, 0, 1, 3, 3, 0, 1, 2, 0, 3, 0, 2, 0, 3,
       1, 3, 1, 1, 2, 2, 3, 2, 0, 1, 0, 3, 0, 2, 2, 0, 2, 0, 0, 1, 3, 3,
       2, 3, 2, 3, 2, 3, 2, 3, 2, 2, 0, 1, 0, 0, 0, 3, 3, 2, 2, 0, 3, 0,
       2, 3, 3, 0, 0, 0, 0, 3, 3, 0, 3, 0, 2, 2, 1, 3, 2, 2, 2, 2, 2, 3,
       1, 2, 1, 2, 1, 2, 0, 3, 2, 2], dtype=object)]
[447, array([-80., -40., -40.,   0.]), array([2, 1, 1, 0, 2, 1, 3, 2, 0, 0, 0, 2, 2, 0, 0, 2, 2, 3, 0, 2, 2, 3,
       0, 0, 2, 0, 2, 2, 2, 2, 2, 0, 1, 3, 3, 0, 1, 2, 0, 3, 0, 2, 0, 3,
       1, 3, 1, 1, 2, 2, 3, 2, 0, 1, 0, 3, 0, 2, 2, 0, 2, 0, 0, 1, 3, 3,
       2, 3, 2, 3, 2, 3, 2, 3, 2, 2, 0, 1, 0, 0, 0, 3, 3, 2, 2, 0, 3, 0,
       2, 3, 3, 0, 0, 0, 0, 3, 3, 0, 3, 0, 2, 2, 1, 3, 2, 2, 2, 2, 2, 3,
       1, 2, 1, 2, 1, 2, 0, 3, 2, 2], dtype=object)]
[447, array([-80., -40., -40.,   0.]), array([2, 1, 1, 0, 2, 1, 3, 2, 0, 0, 0, 2, 2, 0, 0, 2, 2, 3, 0, 2, 2, 3,
       0, 0, 2, 0, 2, 2, 2, 2, 2, 0, 1, 3, 3, 0, 1, 2, 0, 3, 0, 2, 0, 3,
       1, 3, 1, 1, 2, 2, 3, 2, 0, 1, 0, 3, 0, 2, 2, 0, 2, 0, 0, 1, 3, 3,
       2, 3, 2, 3, 2, 3, 2, 3, 2, 2, 0, 1, 0, 0, 0, 3, 3, 2, 2, 0, 3, 0,
       2, 3, 3, 0, 0, 0, 0, 3, 3, 0, 3, 0, 2, 2, 1, 3, 2, 2, 2, 2, 2, 3,
       1, 2, 1, 2, 1, 2, 0, 3, 2, 2], dtype=object)]
[447, array([-80., -40., -40.,   0.]), array([2, 1, 1, 0, 2, 1, 3, 2, 0, 0, 0, 2, 2, 0, 0, 2, 2, 3, 0, 2, 2, 3,
       0, 0, 2, 0, 2, 2, 2, 2, 2, 0, 1, 3, 3, 0, 1, 2, 0, 3, 0, 2, 0, 3,
       1, 3, 1, 1, 2, 2, 3, 2, 0, 1, 0, 3, 0, 2, 2, 0, 2, 0, 0, 1, 3, 3,
       2, 3, 2, 3, 2, 3, 2, 3, 2, 2, 0, 1, 0, 0, 0, 3, 3, 2, 2, 0, 3, 0,
       2, 3, 3, 0, 0, 0, 0, 3, 3, 0, 3, 0, 2, 2, 1, 3, 2, 2, 2, 2, 2, 3,
       1, 2, 1, 2, 1, 2, 0, 3, 2, 2], dtype=object)]
[448, array([-60., -30., -30.,   0.]), array([2, 1, 0, 0, 2, 1, 1, 2, 0, 0, 0, 2, 1, 0, 0, 2, 2, 3, 0, 2, 2, 3,
       0, 0, 2, 0, 2, 2, 2, 2, 2, 0, 1, 3, 3, 0, 1, 2, 2, 3, 0, 2, 0, 3,
       2, 3, 1, 1, 2, 2, 3, 2, 2, 1, 0, 3, 0, 2, 2, 0, 2, 0, 0, 0, 3, 3,
       2, 3, 2, 3, 2, 3, 2, 3, 2, 2, 1, 1, 0, 0, 0, 3, 3, 2, 2, 0, 3, 0,
       2, 3, 1, 0, 0, 0, 0, 0, 3, 0, 2, 0, 2, 2, 1, 3, 2, 2, 0, 2, 2, 3,
       1, 2, 1, 3, 1, 2, 0, 3, 2, 2], dtype=object)]
[448, array([-60., -30., -30.,   0.]), array([2, 1, 0, 0, 2, 1, 1, 2, 0, 0, 0, 2, 1, 0, 0, 2, 2, 3, 0, 2, 2, 3,
       0, 0, 2, 0, 2, 2, 2, 2, 2, 0, 1, 3, 3, 0, 1, 2, 2, 3, 0, 2, 0, 3,
       2, 3, 1, 1, 2, 2, 3, 2, 2, 1, 0, 3, 0, 2, 2, 0, 2, 0, 0, 0, 3, 3,
       2, 3, 2, 3, 2, 3, 2, 3, 2, 2, 1, 1, 0, 0, 0, 3, 3, 2, 2, 0, 3, 0,
       2, 3, 1, 0, 0, 0, 0, 0, 3, 0, 2, 0, 2, 2, 1, 3, 2, 2, 0, 2, 2, 3,
       1, 2, 1, 3, 1, 2, 0, 3, 2, 2], dtype=object)]
[448, array([-60., -30., -30.,   0.]), array([2, 1, 0, 0, 2, 1, 1, 2, 0, 0, 0, 2, 1, 0, 0, 2, 2, 3, 0, 2, 2, 3,
       0, 0, 2, 0, 2, 2, 2, 2, 2, 0, 1, 3, 3, 0, 1, 2, 2, 3, 0, 2, 0, 3,
       2, 3, 1, 1, 2, 2, 3, 2, 2, 1, 0, 3, 0, 2, 2, 0, 2, 0, 0, 0, 3, 3,
       2, 3, 2, 3, 2, 3, 2, 3, 2, 2, 1, 1, 0, 0, 0, 3, 3, 2, 2, 0, 3, 0,
       2, 3, 1, 0, 0, 0, 0, 0, 3, 0, 2, 0, 2, 2, 1, 3, 2, 2, 0, 2, 2, 3,
       1, 2, 1, 3, 1, 2, 0, 3, 2, 2], dtype=object)]
[448, array([-60., -30., -30.,   0.]), array([2, 1, 0, 0, 2, 1, 1, 2, 0, 0, 0, 2, 1, 0, 0, 2, 2, 3, 0, 2, 2, 3,
       0, 0, 2, 0, 2, 2, 2, 2, 2, 0, 1, 3, 3, 0, 1, 2, 2, 3, 0, 2, 0, 3,
       2, 3, 1, 1, 2, 2, 3, 2, 2, 1, 0, 3, 0, 2, 2, 0, 2, 0, 0, 0, 3, 3,
       2, 3, 2, 3, 2, 3, 2, 3, 2, 2, 1, 1, 0, 0, 0, 3, 3, 2, 2, 0, 3, 0,
       2, 3, 1, 0, 0, 0, 0, 0, 3, 0, 2, 0, 2, 2, 1, 3, 2, 2, 0, 2, 2, 3,
       1, 2, 1, 3, 1, 2, 0, 3, 2, 2], dtype=object)]
[449, array([-80., -40., -40.,   0.]), array([2, 1, 1, 0, 2, 1, 3, 2, 0, 0, 0, 2, 2, 0, 0, 2, 2, 3, 0, 2, 2, 3,
       0, 0, 2, 0, 2, 2, 2, 2, 2, 0, 1, 3, 3, 0, 1, 2, 0, 3, 0, 2, 0, 3,
       1, 3, 1, 1, 2, 2, 3, 2, 2, 1, 0, 3, 0, 2, 2, 0, 2, 0, 0, 0, 3, 3,
       2, 3, 2, 3, 2, 3, 2, 3, 2, 2, 1, 1, 0, 0, 0, 3, 3, 2, 2, 0, 3, 0,
       2, 3, 1, 0, 0, 0, 0, 3, 3, 0, 3, 0, 2, 2, 1, 3, 2, 2, 2, 2, 2, 3,
       1, 2, 1, 2, 1, 2, 0, 3, 2, 2], dtype=object)]
[449, array([-80., -40., -40.,   0.]), array([2, 1, 1, 0, 2, 1, 3, 2, 0, 0, 0, 2, 2, 0, 0, 2, 2, 3, 0, 2, 2, 3,
       0, 0, 2, 0, 2, 2, 2, 2, 2, 0, 1, 3, 3, 0, 1, 2, 0, 3, 0, 2, 0, 3,
       1, 3, 1, 1, 2, 2, 3, 2, 2, 1, 0, 3, 0, 2, 2, 0, 2, 0, 0, 0, 3, 3,
       2, 3, 2, 3, 2, 3, 2, 3, 2, 2, 1, 1, 0, 0, 0, 3, 3, 2, 2, 0, 3, 0,
       2, 3, 1, 0, 0, 0, 0, 3, 3, 0, 3, 0, 2, 2, 1, 3, 2, 2, 2, 2, 2, 3,
       1, 2, 1, 2, 1, 2, 0, 3, 2, 2], dtype=object)]
[449, array([-80., -40., -40.,   0.]), array([2, 1, 1, 0, 2, 1, 3, 2, 0, 0, 0, 2, 2, 0, 0, 2, 2, 3, 0, 2, 2, 3,
       0, 0, 2, 0, 2, 2, 2, 2, 2, 0, 1, 3, 3, 0, 1, 2, 0, 3, 0, 2, 0, 3,
       1, 3, 1, 1, 2, 2, 3, 2, 2, 1, 0, 3, 0, 2, 2, 0, 2, 0, 0, 0, 3, 3,
       2, 3, 2, 3, 2, 3, 2, 3, 2, 2, 1, 1, 0, 0, 0, 3, 3, 2, 2, 0, 3, 0,
       2, 3, 1, 0, 0, 0, 0, 3, 3, 0, 3, 0, 2, 2, 1, 3, 2, 2, 2, 2, 2, 3,
       1, 2, 1, 2, 1, 2, 0, 3, 2, 2], dtype=object)]
[449, array([-80., -40., -40.,   0.]), array([2, 1, 1, 0, 2, 1, 3, 2, 0, 0, 0, 2, 2, 0, 0, 2, 2, 3, 0, 2, 2, 3,
       0, 0, 2, 0, 2, 2, 2, 2, 2, 0, 1, 3, 3, 0, 1, 2, 0, 3, 0, 2, 0, 3,
       1, 3, 1, 1, 2, 2, 3, 2, 2, 1, 0, 3, 0, 2, 2, 0, 2, 0, 0, 0, 3, 3,
       2, 3, 2, 3, 2, 3, 2, 3, 2, 2, 1, 1, 0, 0, 0, 3, 3, 2, 2, 0, 3, 0,
       2, 3, 1, 0, 0, 0, 0, 3, 3, 0, 3, 0, 2, 2, 1, 3, 2, 2, 2, 2, 2, 3,
       1, 2, 1, 2, 1, 2, 0, 3, 2, 2], dtype=object)]
[450, array([-60., -30., -30.,   0.]), array([2, 1, 1, 0, 2, 1, 3, 2, 0, 0, 0, 2, 2, 0, 0, 2, 2, 3, 0, 2, 2, 1,
       0, 0, 2, 0, 2, 2, 2, 2, 2, 0, 1, 3, 3, 0, 1, 2, 1, 3, 0, 2, 0, 0,
       1, 3, 1, 1, 1, 2, 3, 3, 2, 1, 0, 3, 0, 2, 2, 0, 2, 0, 0, 0, 3, 3,
       2, 3, 2, 3, 2, 3, 2, 3, 2, 2, 0, 1, 0, 0, 0, 3, 3, 2, 2, 0, 3, 0,
       2, 3, 3, 0, 0, 0, 0, 2, 3, 0, 3, 0, 2, 0, 1, 3, 3, 2, 0, 2, 2, 3,
       1, 2, 1, 2, 1, 2, 0, 2, 2, 2], dtype=object)]
[450, array([-60., -30., -30.,   0.]), array([2, 1, 1, 0, 2, 1, 3, 2, 0, 0, 0, 2, 2, 0, 0, 2, 2, 3, 0, 2, 2, 1,
       0, 0, 2, 0, 2, 2, 2, 2, 2, 0, 1, 3, 3, 0, 1, 2, 1, 3, 0, 2, 0, 0,
       1, 3, 1, 1, 1, 2, 3, 3, 2, 1, 0, 3, 0, 2, 2, 0, 2, 0, 0, 0, 3, 3,
       2, 3, 2, 3, 2, 3, 2, 3, 2, 2, 0, 1, 0, 0, 0, 3, 3, 2, 2, 0, 3, 0,
       2, 3, 3, 0, 0, 0, 0, 2, 3, 0, 3, 0, 2, 0, 1, 3, 3, 2, 0, 2, 2, 3,
       1, 2, 1, 2, 1, 2, 0, 2, 2, 2], dtype=object)]
[450, array([-60., -30., -30.,   0.]), array([2, 1, 1, 0, 2, 1, 3, 2, 0, 0, 0, 2, 2, 0, 0, 2, 2, 3, 0, 2, 2, 1,
       0, 0, 2, 0, 2, 2, 2, 2, 2, 0, 1, 3, 3, 0, 1, 2, 1, 3, 0, 2, 0, 0,
       1, 3, 1, 1, 1, 2, 3, 3, 2, 1, 0, 3, 0, 2, 2, 0, 2, 0, 0, 0, 3, 3,
       2, 3, 2, 3, 2, 3, 2, 3, 2, 2, 0, 1, 0, 0, 0, 3, 3, 2, 2, 0, 3, 0,
       2, 3, 3, 0, 0, 0, 0, 2, 3, 0, 3, 0, 2, 0, 1, 3, 3, 2, 0, 2, 2, 3,
       1, 2, 1, 2, 1, 2, 0, 2, 2, 2], dtype=object)]
[450, array([-60., -30., -30.,   0.]), array([2, 1, 1, 0, 2, 1, 3, 2, 0, 0, 0, 2, 2, 0, 0, 2, 2, 3, 0, 2, 2, 1,
       0, 0, 2, 0, 2, 2, 2, 2, 2, 0, 1, 3, 3, 0, 1, 2, 1, 3, 0, 2, 0, 0,
       1, 3, 1, 1, 1, 2, 3, 3, 2, 1, 0, 3, 0, 2, 2, 0, 2, 0, 0, 0, 3, 3,
       2, 3, 2, 3, 2, 3, 2, 3, 2, 2, 0, 1, 0, 0, 0, 3, 3, 2, 2, 0, 3, 0,
       2, 3, 3, 0, 0, 0, 0, 2, 3, 0, 3, 0, 2, 0, 1, 3, 3, 2, 0, 2, 2, 3,
       1, 2, 1, 2, 1, 2, 0, 2, 2, 2], dtype=object)]
[451, array([-78., -39., -39.,   0.]), array([2, 0, 1, 0, 2, 1, 1, 2, 0, 0, 0, 2, 1, 0, 0, 2, 2, 3, 0, 2, 2, 3,
       0, 0, 2, 0, 2, 2, 2, 2, 2, 0, 1, 3, 3, 0, 1, 2, 0, 3, 0, 2, 0, 3,
       1, 3, 1, 1, 2, 2, 3, 2, 2, 1, 0, 3, 0, 2, 2, 0, 2, 1, 0, 0, 3, 3,
       2, 3, 2, 3, 2, 3, 0, 3, 2, 2, 0, 1, 0, 0, 0, 3, 3, 2, 2, 0, 3, 0,
       2, 3, 3, 0, 0, 0, 0, 3, 3, 0, 3, 0, 2, 2, 1, 3, 2, 2, 2, 2, 2, 3,
       1, 2, 1, 2, 1, 2, 0, 3, 2, 2], dtype=object)]
[451, array([-78., -39., -39.,   0.]), array([2, 0, 1, 0, 2, 1, 1, 2, 0, 0, 0, 2, 1, 0, 0, 2, 2, 3, 0, 2, 2, 3,
       0, 0, 2, 0, 2, 2, 2, 2, 2, 0, 1, 3, 3, 0, 1, 2, 0, 3, 0, 2, 0, 3,
       1, 3, 1, 1, 2, 2, 3, 2, 2, 1, 0, 3, 0, 2, 2, 0, 2, 1, 0, 0, 3, 3,
       2, 3, 2, 3, 2, 3, 0, 3, 2, 2, 0, 1, 0, 0, 0, 3, 3, 2, 2, 0, 3, 0,
       2, 3, 3, 0, 0, 0, 0, 3, 3, 0, 3, 0, 2, 2, 1, 3, 2, 2, 2, 2, 2, 3,
       1, 2, 1, 2, 1, 2, 0, 3, 2, 2], dtype=object)]
[451, array([-78., -39., -39.,   0.]), array([2, 0, 1, 0, 2, 1, 1, 2, 0, 0, 0, 2, 1, 0, 0, 2, 2, 3, 0, 2, 2, 3,
       0, 0, 2, 0, 2, 2, 2, 2, 2, 0, 1, 3, 3, 0, 1, 2, 0, 3, 0, 2, 0, 3,
       1, 3, 1, 1, 2, 2, 3, 2, 2, 1, 0, 3, 0, 2, 2, 0, 2, 1, 0, 0, 3, 3,
       2, 3, 2, 3, 2, 3, 0, 3, 2, 2, 0, 1, 0, 0, 0, 3, 3, 2, 2, 0, 3, 0,
       2, 3, 3, 0, 0, 0, 0, 3, 3, 0, 3, 0, 2, 2, 1, 3, 2, 2, 2, 2, 2, 3,
       1, 2, 1, 2, 1, 2, 0, 3, 2, 2], dtype=object)]
[451, array([-78., -39., -39.,   0.]), array([2, 0, 1, 0, 2, 1, 1, 2, 0, 0, 0, 2, 1, 0, 0, 2, 2, 3, 0, 2, 2, 3,
       0, 0, 2, 0, 2, 2, 2, 2, 2, 0, 1, 3, 3, 0, 1, 2, 0, 3, 0, 2, 0, 3,
       1, 3, 1, 1, 2, 2, 3, 2, 2, 1, 0, 3, 0, 2, 2, 0, 2, 1, 0, 0, 3, 3,
       2, 3, 2, 3, 2, 3, 0, 3, 2, 2, 0, 1, 0, 0, 0, 3, 3, 2, 2, 0, 3, 0,
       2, 3, 3, 0, 0, 0, 0, 3, 3, 0, 3, 0, 2, 2, 1, 3, 2, 2, 2, 2, 2, 3,
       1, 2, 1, 2, 1, 2, 0, 3, 2, 2], dtype=object)]
[452, array([-78., -39., -39.,   0.]), array([2, 0, 1, 0, 2, 1, 1, 2, 0, 0, 0, 2, 1, 0, 0, 2, 2, 3, 0, 2, 2, 3,
       0, 0, 2, 0, 2, 2, 2, 2, 2, 0, 1, 3, 3, 0, 1, 2, 0, 3, 0, 2, 0, 3,
       1, 3, 1, 1, 2, 2, 3, 2, 2, 1, 0, 3, 0, 2, 2, 0, 2, 3, 0, 0, 3, 3,
       2, 3, 2, 3, 2, 3, 2, 3, 2, 2, 0, 1, 0, 0, 0, 3, 3, 2, 2, 0, 3, 0,
       2, 3, 3, 0, 0, 0, 0, 3, 3, 0, 3, 0, 2, 2, 1, 3, 2, 2, 2, 2, 2, 3,
       1, 2, 1, 2, 1, 2, 0, 3, 2, 2], dtype=object)]
[452, array([-78., -39., -39.,   0.]), array([2, 0, 1, 0, 2, 1, 1, 2, 0, 0, 0, 2, 1, 0, 0, 2, 2, 3, 0, 2, 2, 3,
       0, 0, 2, 0, 2, 2, 2, 2, 2, 0, 1, 3, 3, 0, 1, 2, 0, 3, 0, 2, 0, 3,
       1, 3, 1, 1, 2, 2, 3, 2, 2, 1, 0, 3, 0, 2, 2, 0, 2, 3, 0, 0, 3, 3,
       2, 3, 2, 3, 2, 3, 2, 3, 2, 2, 0, 1, 0, 0, 0, 3, 3, 2, 2, 0, 3, 0,
       2, 3, 3, 0, 0, 0, 0, 3, 3, 0, 3, 0, 2, 2, 1, 3, 2, 2, 2, 2, 2, 3,
       1, 2, 1, 2, 1, 2, 0, 3, 2, 2], dtype=object)]
[452, array([-78., -39., -39.,   0.]), array([2, 0, 1, 0, 2, 1, 1, 2, 0, 0, 0, 2, 1, 0, 0, 2, 2, 3, 0, 2, 2, 3,
       0, 0, 2, 0, 2, 2, 2, 2, 2, 0, 1, 3, 3, 0, 1, 2, 0, 3, 0, 2, 0, 3,
       1, 3, 1, 1, 2, 2, 3, 2, 2, 1, 0, 3, 0, 2, 2, 0, 2, 3, 0, 0, 3, 3,
       2, 3, 2, 3, 2, 3, 2, 3, 2, 2, 0, 1, 0, 0, 0, 3, 3, 2, 2, 0, 3, 0,
       2, 3, 3, 0, 0, 0, 0, 3, 3, 0, 3, 0, 2, 2, 1, 3, 2, 2, 2, 2, 2, 3,
       1, 2, 1, 2, 1, 2, 0, 3, 2, 2], dtype=object)]
[452, array([-78., -39., -39.,   0.]), array([2, 0, 1, 0, 2, 1, 1, 2, 0, 0, 0, 2, 1, 0, 0, 2, 2, 3, 0, 2, 2, 3,
       0, 0, 2, 0, 2, 2, 2, 2, 2, 0, 1, 3, 3, 0, 1, 2, 0, 3, 0, 2, 0, 3,
       1, 3, 1, 1, 2, 2, 3, 2, 2, 1, 0, 3, 0, 2, 2, 0, 2, 3, 0, 0, 3, 3,
       2, 3, 2, 3, 2, 3, 2, 3, 2, 2, 0, 1, 0, 0, 0, 3, 3, 2, 2, 0, 3, 0,
       2, 3, 3, 0, 0, 0, 0, 3, 3, 0, 3, 0, 2, 2, 1, 3, 2, 2, 2, 2, 2, 3,
       1, 2, 1, 2, 1, 2, 0, 3, 2, 2], dtype=object)]
[453, array([-60., -30., -30.,   0.]), array([2, 1, 1, 0, 2, 1, 3, 2, 0, 0, 0, 2, 2, 0, 0, 2, 2, 3, 0, 2, 2, 3,
       0, 0, 2, 0, 2, 2, 2, 2, 2, 0, 1, 3, 3, 0, 1, 2, 0, 3, 0, 2, 0, 3,
       1, 3, 1, 1, 1, 2, 3, 3, 2, 1, 0, 3, 0, 2, 2, 0, 2, 0, 0, 0, 3, 3,
       2, 3, 2, 3, 2, 3, 2, 3, 2, 2, 0, 1, 0, 0, 0, 3, 3, 2, 2, 0, 3, 0,
       2, 3, 3, 0, 0, 0, 0, 2, 3, 0, 3, 0, 2, 0, 1, 3, 2, 2, 0, 2, 2, 3,
       1, 2, 1, 2, 1, 2, 0, 2, 2, 2], dtype=object)]
[453, array([-60., -30., -30.,   0.]), array([2, 1, 1, 0, 2, 1, 3, 2, 0, 0, 0, 2, 2, 0, 0, 2, 2, 3, 0, 2, 2, 3,
       0, 0, 2, 0, 2, 2, 2, 2, 2, 0, 1, 3, 3, 0, 1, 2, 0, 3, 0, 2, 0, 3,
       1, 3, 1, 1, 1, 2, 3, 3, 2, 1, 0, 3, 0, 2, 2, 0, 2, 0, 0, 0, 3, 3,
       2, 3, 2, 3, 2, 3, 2, 3, 2, 2, 0, 1, 0, 0, 0, 3, 3, 2, 2, 0, 3, 0,
       2, 3, 3, 0, 0, 0, 0, 2, 3, 0, 3, 0, 2, 0, 1, 3, 2, 2, 0, 2, 2, 3,
       1, 2, 1, 2, 1, 2, 0, 2, 2, 2], dtype=object)]
[453, array([-60., -30., -30.,   0.]), array([2, 1, 1, 0, 2, 1, 3, 2, 0, 0, 0, 2, 2, 0, 0, 2, 2, 3, 0, 2, 2, 3,
       0, 0, 2, 0, 2, 2, 2, 2, 2, 0, 1, 3, 3, 0, 1, 2, 0, 3, 0, 2, 0, 3,
       1, 3, 1, 1, 1, 2, 3, 3, 2, 1, 0, 3, 0, 2, 2, 0, 2, 0, 0, 0, 3, 3,
       2, 3, 2, 3, 2, 3, 2, 3, 2, 2, 0, 1, 0, 0, 0, 3, 3, 2, 2, 0, 3, 0,
       2, 3, 3, 0, 0, 0, 0, 2, 3, 0, 3, 0, 2, 0, 1, 3, 2, 2, 0, 2, 2, 3,
       1, 2, 1, 2, 1, 2, 0, 2, 2, 2], dtype=object)]
[453, array([-60., -30., -30.,   0.]), array([2, 1, 1, 0, 2, 1, 3, 2, 0, 0, 0, 2, 2, 0, 0, 2, 2, 3, 0, 2, 2, 3,
       0, 0, 2, 0, 2, 2, 2, 2, 2, 0, 1, 3, 3, 0, 1, 2, 0, 3, 0, 2, 0, 3,
       1, 3, 1, 1, 1, 2, 3, 3, 2, 1, 0, 3, 0, 2, 2, 0, 2, 0, 0, 0, 3, 3,
       2, 3, 2, 3, 2, 3, 2, 3, 2, 2, 0, 1, 0, 0, 0, 3, 3, 2, 2, 0, 3, 0,
       2, 3, 3, 0, 0, 0, 0, 2, 3, 0, 3, 0, 2, 0, 1, 3, 2, 2, 0, 2, 2, 3,
       1, 2, 1, 2, 1, 2, 0, 2, 2, 2], dtype=object)]
[454, array([-60., -30., -30.,   0.]), array([2, 2, 1, 0, 2, 1, 1, 2, 0, 0, 0, 2, 1, 0, 0, 2, 2, 3, 0, 2, 2, 1,
       0, 0, 2, 0, 2, 2, 2, 2, 2, 0, 1, 3, 3, 0, 1, 2, 1, 3, 0, 2, 0, 0,
       1, 3, 1, 1, 1, 2, 3, 3, 2, 1, 0, 3, 0, 2, 2, 0, 2, 0, 0, 0, 3, 3,
       2, 3, 2, 3, 2, 3, 2, 3, 2, 2, 0, 1, 0, 0, 0, 3, 3, 2, 2, 0, 3, 0,
       2, 3, 3, 0, 0, 0, 0, 2, 3, 0, 3, 0, 2, 0, 1, 3, 2, 2, 0, 2, 2, 3,
       1, 2, 1, 2, 1, 2, 0, 2, 2, 2], dtype=object)]
[454, array([-60., -30., -30.,   0.]), array([2, 2, 1, 0, 2, 1, 1, 2, 0, 0, 0, 2, 1, 0, 0, 2, 2, 3, 0, 2, 2, 1,
       0, 0, 2, 0, 2, 2, 2, 2, 2, 0, 1, 3, 3, 0, 1, 2, 1, 3, 0, 2, 0, 0,
       1, 3, 1, 1, 1, 2, 3, 3, 2, 1, 0, 3, 0, 2, 2, 0, 2, 0, 0, 0, 3, 3,
       2, 3, 2, 3, 2, 3, 2, 3, 2, 2, 0, 1, 0, 0, 0, 3, 3, 2, 2, 0, 3, 0,
       2, 3, 3, 0, 0, 0, 0, 2, 3, 0, 3, 0, 2, 0, 1, 3, 2, 2, 0, 2, 2, 3,
       1, 2, 1, 2, 1, 2, 0, 2, 2, 2], dtype=object)]
[454, array([-60., -30., -30.,   0.]), array([2, 2, 1, 0, 2, 1, 1, 2, 0, 0, 0, 2, 1, 0, 0, 2, 2, 3, 0, 2, 2, 1,
       0, 0, 2, 0, 2, 2, 2, 2, 2, 0, 1, 3, 3, 0, 1, 2, 1, 3, 0, 2, 0, 0,
       1, 3, 1, 1, 1, 2, 3, 3, 2, 1, 0, 3, 0, 2, 2, 0, 2, 0, 0, 0, 3, 3,
       2, 3, 2, 3, 2, 3, 2, 3, 2, 2, 0, 1, 0, 0, 0, 3, 3, 2, 2, 0, 3, 0,
       2, 3, 3, 0, 0, 0, 0, 2, 3, 0, 3, 0, 2, 0, 1, 3, 2, 2, 0, 2, 2, 3,
       1, 2, 1, 2, 1, 2, 0, 2, 2, 2], dtype=object)]
[454, array([-60., -30., -30.,   0.]), array([2, 2, 1, 0, 2, 1, 1, 2, 0, 0, 0, 2, 1, 0, 0, 2, 2, 3, 0, 2, 2, 1,
       0, 0, 2, 0, 2, 2, 2, 2, 2, 0, 1, 3, 3, 0, 1, 2, 1, 3, 0, 2, 0, 0,
       1, 3, 1, 1, 1, 2, 3, 3, 2, 1, 0, 3, 0, 2, 2, 0, 2, 0, 0, 0, 3, 3,
       2, 3, 2, 3, 2, 3, 2, 3, 2, 2, 0, 1, 0, 0, 0, 3, 3, 2, 2, 0, 3, 0,
       2, 3, 3, 0, 0, 0, 0, 2, 3, 0, 3, 0, 2, 0, 1, 3, 2, 2, 0, 2, 2, 3,
       1, 2, 1, 2, 1, 2, 0, 2, 2, 2], dtype=object)]
[455, array([-78., -39., -39.,   0.]), array([2, 1, 1, 0, 2, 1, 3, 2, 0, 0, 0, 2, 2, 0, 0, 2, 2, 3, 0, 2, 2, 3,
       0, 0, 2, 0, 2, 2, 2, 2, 2, 0, 1, 3, 3, 0, 1, 2, 0, 3, 0, 2, 0, 0,
       1, 3, 1, 1, 2, 2, 3, 3, 2, 1, 0, 3, 0, 2, 2, 0, 2, 3, 0, 0, 3, 3,
       2, 3, 2, 3, 2, 3, 2, 3, 2, 2, 0, 1, 0, 0, 0, 3, 3, 2, 2, 0, 3, 0,
       2, 3, 3, 0, 0, 0, 0, 3, 3, 0, 3, 0, 2, 2, 1, 3, 2, 2, 2, 2, 2, 3,
       1, 2, 1, 2, 1, 2, 0, 3, 2, 2], dtype=object)]
[455, array([-78., -39., -39.,   0.]), array([2, 1, 1, 0, 2, 1, 3, 2, 0, 0, 0, 2, 2, 0, 0, 2, 2, 3, 0, 2, 2, 3,
       0, 0, 2, 0, 2, 2, 2, 2, 2, 0, 1, 3, 3, 0, 1, 2, 0, 3, 0, 2, 0, 0,
       1, 3, 1, 1, 2, 2, 3, 3, 2, 1, 0, 3, 0, 2, 2, 0, 2, 3, 0, 0, 3, 3,
       2, 3, 2, 3, 2, 3, 2, 3, 2, 2, 0, 1, 0, 0, 0, 3, 3, 2, 2, 0, 3, 0,
       2, 3, 3, 0, 0, 0, 0, 3, 3, 0, 3, 0, 2, 2, 1, 3, 2, 2, 2, 2, 2, 3,
       1, 2, 1, 2, 1, 2, 0, 3, 2, 2], dtype=object)]
[455, array([-78., -39., -39.,   0.]), array([2, 1, 1, 0, 2, 1, 3, 2, 0, 0, 0, 2, 2, 0, 0, 2, 2, 3, 0, 2, 2, 3,
       0, 0, 2, 0, 2, 2, 2, 2, 2, 0, 1, 3, 3, 0, 1, 2, 0, 3, 0, 2, 0, 0,
       1, 3, 1, 1, 2, 2, 3, 3, 2, 1, 0, 3, 0, 2, 2, 0, 2, 3, 0, 0, 3, 3,
       2, 3, 2, 3, 2, 3, 2, 3, 2, 2, 0, 1, 0, 0, 0, 3, 3, 2, 2, 0, 3, 0,
       2, 3, 3, 0, 0, 0, 0, 3, 3, 0, 3, 0, 2, 2, 1, 3, 2, 2, 2, 2, 2, 3,
       1, 2, 1, 2, 1, 2, 0, 3, 2, 2], dtype=object)]
[455, array([-78., -39., -39.,   0.]), array([2, 1, 1, 0, 2, 1, 3, 2, 0, 0, 0, 2, 2, 0, 0, 2, 2, 3, 0, 2, 2, 3,
       0, 0, 2, 0, 2, 2, 2, 2, 2, 0, 1, 3, 3, 0, 1, 2, 0, 3, 0, 2, 0, 0,
       1, 3, 1, 1, 2, 2, 3, 3, 2, 1, 0, 3, 0, 2, 2, 0, 2, 3, 0, 0, 3, 3,
       2, 3, 2, 3, 2, 3, 2, 3, 2, 2, 0, 1, 0, 0, 0, 3, 3, 2, 2, 0, 3, 0,
       2, 3, 3, 0, 0, 0, 0, 3, 3, 0, 3, 0, 2, 2, 1, 3, 2, 2, 2, 2, 2, 3,
       1, 2, 1, 2, 1, 2, 0, 3, 2, 2], dtype=object)]
[456, array([-78., -39., -39.,   0.]), array([2, 1, 1, 0, 2, 1, 3, 2, 0, 0, 0, 2, 2, 0, 0, 2, 2, 3, 0, 2, 2, 3,
       0, 0, 2, 0, 2, 2, 2, 2, 2, 0, 1, 3, 3, 0, 1, 2, 0, 3, 0, 2, 0, 0,
       1, 3, 1, 1, 2, 2, 3, 3, 2, 1, 0, 3, 0, 2, 2, 0, 2, 3, 0, 0, 3, 3,
       2, 3, 2, 3, 2, 3, 2, 3, 2, 2, 0, 1, 0, 0, 0, 3, 3, 2, 2, 0, 3, 0,
       2, 3, 3, 0, 0, 0, 0, 3, 3, 0, 3, 0, 2, 2, 1, 3, 2, 2, 2, 2, 2, 3,
       1, 2, 1, 2, 1, 2, 0, 3, 2, 2], dtype=object)]
[456, array([-78., -39., -39.,   0.]), array([2, 1, 1, 0, 2, 1, 3, 2, 0, 0, 0, 2, 2, 0, 0, 2, 2, 3, 0, 2, 2, 3,
       0, 0, 2, 0, 2, 2, 2, 2, 2, 0, 1, 3, 3, 0, 1, 2, 0, 3, 0, 2, 0, 0,
       1, 3, 1, 1, 2, 2, 3, 3, 2, 1, 0, 3, 0, 2, 2, 0, 2, 3, 0, 0, 3, 3,
       2, 3, 2, 3, 2, 3, 2, 3, 2, 2, 0, 1, 0, 0, 0, 3, 3, 2, 2, 0, 3, 0,
       2, 3, 3, 0, 0, 0, 0, 3, 3, 0, 3, 0, 2, 2, 1, 3, 2, 2, 2, 2, 2, 3,
       1, 2, 1, 2, 1, 2, 0, 3, 2, 2], dtype=object)]
[456, array([-78., -39., -39.,   0.]), array([2, 1, 1, 0, 2, 1, 3, 2, 0, 0, 0, 2, 2, 0, 0, 2, 2, 3, 0, 2, 2, 3,
       0, 0, 2, 0, 2, 2, 2, 2, 2, 0, 1, 3, 3, 0, 1, 2, 0, 3, 0, 2, 0, 0,
       1, 3, 1, 1, 2, 2, 3, 3, 2, 1, 0, 3, 0, 2, 2, 0, 2, 3, 0, 0, 3, 3,
       2, 3, 2, 3, 2, 3, 2, 3, 2, 2, 0, 1, 0, 0, 0, 3, 3, 2, 2, 0, 3, 0,
       2, 3, 3, 0, 0, 0, 0, 3, 3, 0, 3, 0, 2, 2, 1, 3, 2, 2, 2, 2, 2, 3,
       1, 2, 1, 2, 1, 2, 0, 3, 2, 2], dtype=object)]
[456, array([-78., -39., -39.,   0.]), array([2, 1, 1, 0, 2, 1, 3, 2, 0, 0, 0, 2, 2, 0, 0, 2, 2, 3, 0, 2, 2, 3,
       0, 0, 2, 0, 2, 2, 2, 2, 2, 0, 1, 3, 3, 0, 1, 2, 0, 3, 0, 2, 0, 0,
       1, 3, 1, 1, 2, 2, 3, 3, 2, 1, 0, 3, 0, 2, 2, 0, 2, 3, 0, 0, 3, 3,
       2, 3, 2, 3, 2, 3, 2, 3, 2, 2, 0, 1, 0, 0, 0, 3, 3, 2, 2, 0, 3, 0,
       2, 3, 3, 0, 0, 0, 0, 3, 3, 0, 3, 0, 2, 2, 1, 3, 2, 2, 2, 2, 2, 3,
       1, 2, 1, 2, 1, 2, 0, 3, 2, 2], dtype=object)]
[457, array([-60., -30., -30.,   0.]), array([2, 2, 1, 0, 2, 1, 1, 2, 0, 0, 0, 2, 1, 0, 0, 2, 2, 3, 0, 2, 2, 1,
       0, 0, 2, 0, 2, 2, 2, 2, 2, 0, 1, 3, 3, 0, 1, 2, 1, 3, 0, 2, 0, 0,
       1, 3, 1, 1, 1, 2, 3, 3, 2, 1, 0, 3, 0, 2, 2, 0, 2, 0, 0, 0, 3, 3,
       2, 3, 2, 3, 2, 3, 2, 3, 2, 2, 0, 1, 0, 0, 0, 3, 3, 2, 2, 0, 3, 0,
       2, 3, 3, 0, 0, 0, 0, 2, 3, 0, 3, 0, 2, 0, 1, 3, 2, 2, 0, 2, 2, 3,
       1, 2, 1, 2, 1, 2, 0, 3, 2, 2], dtype=object)]
[457, array([-60., -30., -30.,   0.]), array([2, 2, 1, 0, 2, 1, 1, 2, 0, 0, 0, 2, 1, 0, 0, 2, 2, 3, 0, 2, 2, 1,
       0, 0, 2, 0, 2, 2, 2, 2, 2, 0, 1, 3, 3, 0, 1, 2, 1, 3, 0, 2, 0, 0,
       1, 3, 1, 1, 1, 2, 3, 3, 2, 1, 0, 3, 0, 2, 2, 0, 2, 0, 0, 0, 3, 3,
       2, 3, 2, 3, 2, 3, 2, 3, 2, 2, 0, 1, 0, 0, 0, 3, 3, 2, 2, 0, 3, 0,
       2, 3, 3, 0, 0, 0, 0, 2, 3, 0, 3, 0, 2, 0, 1, 3, 2, 2, 0, 2, 2, 3,
       1, 2, 1, 2, 1, 2, 0, 3, 2, 2], dtype=object)]
[457, array([-60., -30., -30.,   0.]), array([2, 2, 1, 0, 2, 1, 1, 2, 0, 0, 0, 2, 1, 0, 0, 2, 2, 3, 0, 2, 2, 1,
       0, 0, 2, 0, 2, 2, 2, 2, 2, 0, 1, 3, 3, 0, 1, 2, 1, 3, 0, 2, 0, 0,
       1, 3, 1, 1, 1, 2, 3, 3, 2, 1, 0, 3, 0, 2, 2, 0, 2, 0, 0, 0, 3, 3,
       2, 3, 2, 3, 2, 3, 2, 3, 2, 2, 0, 1, 0, 0, 0, 3, 3, 2, 2, 0, 3, 0,
       2, 3, 3, 0, 0, 0, 0, 2, 3, 0, 3, 0, 2, 0, 1, 3, 2, 2, 0, 2, 2, 3,
       1, 2, 1, 2, 1, 2, 0, 3, 2, 2], dtype=object)]
[457, array([-60., -30., -30.,   0.]), array([2, 2, 1, 0, 2, 1, 1, 2, 0, 0, 0, 2, 1, 0, 0, 2, 2, 3, 0, 2, 2, 1,
       0, 0, 2, 0, 2, 2, 2, 2, 2, 0, 1, 3, 3, 0, 1, 2, 1, 3, 0, 2, 0, 0,
       1, 3, 1, 1, 1, 2, 3, 3, 2, 1, 0, 3, 0, 2, 2, 0, 2, 0, 0, 0, 3, 3,
       2, 3, 2, 3, 2, 3, 2, 3, 2, 2, 0, 1, 0, 0, 0, 3, 3, 2, 2, 0, 3, 0,
       2, 3, 3, 0, 0, 0, 0, 2, 3, 0, 3, 0, 2, 0, 1, 3, 2, 2, 0, 2, 2, 3,
       1, 2, 1, 2, 1, 2, 0, 3, 2, 2], dtype=object)]
[458, array([-60., -30., -30.,   0.]), array([2, 1, 1, 0, 2, 1, 3, 2, 0, 0, 0, 2, 1, 0, 0, 2, 2, 3, 0, 2, 2, 0,
       0, 0, 2, 0, 2, 2, 2, 2, 2, 0, 1, 3, 3, 0, 1, 2, 1, 3, 0, 2, 0, 3,
       1, 3, 1, 1, 1, 2, 3, 3, 2, 1, 0, 3, 0, 2, 2, 0, 2, 0, 0, 0, 3, 3,
       2, 1, 2, 3, 2, 3, 2, 3, 2, 2, 0, 1, 0, 0, 0, 3, 3, 2, 2, 0, 3, 3,
       2, 3, 3, 0, 0, 0, 0, 2, 3, 0, 3, 0, 2, 0, 1, 3, 2, 2, 0, 2, 2, 3,
       1, 2, 1, 2, 1, 2, 0, 2, 2, 2], dtype=object)]
[458, array([-60., -30., -30.,   0.]), array([2, 1, 1, 0, 2, 1, 3, 2, 0, 0, 0, 2, 1, 0, 0, 2, 2, 3, 0, 2, 2, 0,
       0, 0, 2, 0, 2, 2, 2, 2, 2, 0, 1, 3, 3, 0, 1, 2, 1, 3, 0, 2, 0, 3,
       1, 3, 1, 1, 1, 2, 3, 3, 2, 1, 0, 3, 0, 2, 2, 0, 2, 0, 0, 0, 3, 3,
       2, 1, 2, 3, 2, 3, 2, 3, 2, 2, 0, 1, 0, 0, 0, 3, 3, 2, 2, 0, 3, 3,
       2, 3, 3, 0, 0, 0, 0, 2, 3, 0, 3, 0, 2, 0, 1, 3, 2, 2, 0, 2, 2, 3,
       1, 2, 1, 2, 1, 2, 0, 2, 2, 2], dtype=object)]
[458, array([-60., -30., -30.,   0.]), array([2, 1, 1, 0, 2, 1, 3, 2, 0, 0, 0, 2, 1, 0, 0, 2, 2, 3, 0, 2, 2, 0,
       0, 0, 2, 0, 2, 2, 2, 2, 2, 0, 1, 3, 3, 0, 1, 2, 1, 3, 0, 2, 0, 3,
       1, 3, 1, 1, 1, 2, 3, 3, 2, 1, 0, 3, 0, 2, 2, 0, 2, 0, 0, 0, 3, 3,
       2, 1, 2, 3, 2, 3, 2, 3, 2, 2, 0, 1, 0, 0, 0, 3, 3, 2, 2, 0, 3, 3,
       2, 3, 3, 0, 0, 0, 0, 2, 3, 0, 3, 0, 2, 0, 1, 3, 2, 2, 0, 2, 2, 3,
       1, 2, 1, 2, 1, 2, 0, 2, 2, 2], dtype=object)]
[458, array([-60., -30., -30.,   0.]), array([2, 1, 1, 0, 2, 1, 3, 2, 0, 0, 0, 2, 1, 0, 0, 2, 2, 3, 0, 2, 2, 0,
       0, 0, 2, 0, 2, 2, 2, 2, 2, 0, 1, 3, 3, 0, 1, 2, 1, 3, 0, 2, 0, 3,
       1, 3, 1, 1, 1, 2, 3, 3, 2, 1, 0, 3, 0, 2, 2, 0, 2, 0, 0, 0, 3, 3,
       2, 1, 2, 3, 2, 3, 2, 3, 2, 2, 0, 1, 0, 0, 0, 3, 3, 2, 2, 0, 3, 3,
       2, 3, 3, 0, 0, 0, 0, 2, 3, 0, 3, 0, 2, 0, 1, 3, 2, 2, 0, 2, 2, 3,
       1, 2, 1, 2, 1, 2, 0, 2, 2, 2], dtype=object)]
[459, array([-78., -39., -39.,   0.]), array([2, 0, 1, 0, 2, 1, 1, 2, 0, 0, 0, 2, 1, 0, 0, 2, 2, 3, 0, 2, 2, 3,
       0, 0, 2, 0, 2, 2, 2, 2, 2, 0, 1, 3, 3, 0, 1, 2, 0, 3, 0, 2, 0, 3,
       1, 3, 1, 1, 2, 2, 3, 2, 2, 1, 0, 3, 0, 2, 2, 0, 2, 3, 0, 0, 3, 3,
       2, 3, 2, 3, 2, 3, 2, 3, 2, 2, 0, 1, 0, 0, 0, 3, 3, 2, 2, 0, 3, 0,
       2, 3, 3, 0, 0, 0, 0, 3, 3, 0, 3, 0, 2, 2, 1, 3, 2, 2, 0, 2, 2, 3,
       1, 2, 3, 2, 1, 2, 0, 2, 2, 2], dtype=object)]
[459, array([-78., -39., -39.,   0.]), array([2, 0, 1, 0, 2, 1, 1, 2, 0, 0, 0, 2, 1, 0, 0, 2, 2, 3, 0, 2, 2, 3,
       0, 0, 2, 0, 2, 2, 2, 2, 2, 0, 1, 3, 3, 0, 1, 2, 0, 3, 0, 2, 0, 3,
       1, 3, 1, 1, 2, 2, 3, 2, 2, 1, 0, 3, 0, 2, 2, 0, 2, 3, 0, 0, 3, 3,
       2, 3, 2, 3, 2, 3, 2, 3, 2, 2, 0, 1, 0, 0, 0, 3, 3, 2, 2, 0, 3, 0,
       2, 3, 3, 0, 0, 0, 0, 3, 3, 0, 3, 0, 2, 2, 1, 3, 2, 2, 0, 2, 2, 3,
       1, 2, 3, 2, 1, 2, 0, 2, 2, 2], dtype=object)]
[459, array([-78., -39., -39.,   0.]), array([2, 0, 1, 0, 2, 1, 1, 2, 0, 0, 0, 2, 1, 0, 0, 2, 2, 3, 0, 2, 2, 3,
       0, 0, 2, 0, 2, 2, 2, 2, 2, 0, 1, 3, 3, 0, 1, 2, 0, 3, 0, 2, 0, 3,
       1, 3, 1, 1, 2, 2, 3, 2, 2, 1, 0, 3, 0, 2, 2, 0, 2, 3, 0, 0, 3, 3,
       2, 3, 2, 3, 2, 3, 2, 3, 2, 2, 0, 1, 0, 0, 0, 3, 3, 2, 2, 0, 3, 0,
       2, 3, 3, 0, 0, 0, 0, 3, 3, 0, 3, 0, 2, 2, 1, 3, 2, 2, 0, 2, 2, 3,
       1, 2, 3, 2, 1, 2, 0, 2, 2, 2], dtype=object)]
[459, array([-78., -39., -39.,   0.]), array([2, 0, 1, 0, 2, 1, 1, 2, 0, 0, 0, 2, 1, 0, 0, 2, 2, 3, 0, 2, 2, 3,
       0, 0, 2, 0, 2, 2, 2, 2, 2, 0, 1, 3, 3, 0, 1, 2, 0, 3, 0, 2, 0, 3,
       1, 3, 1, 1, 2, 2, 3, 2, 2, 1, 0, 3, 0, 2, 2, 0, 2, 3, 0, 0, 3, 3,
       2, 3, 2, 3, 2, 3, 2, 3, 2, 2, 0, 1, 0, 0, 0, 3, 3, 2, 2, 0, 3, 0,
       2, 3, 3, 0, 0, 0, 0, 3, 3, 0, 3, 0, 2, 2, 1, 3, 2, 2, 0, 2, 2, 3,
       1, 2, 3, 2, 1, 2, 0, 2, 2, 2], dtype=object)]
[460, array([-78., -39., -39.,   0.]), array([2, 0, 1, 0, 2, 1, 1, 2, 0, 0, 0, 2, 1, 0, 0, 2, 2, 3, 0, 2, 2, 3,
       0, 0, 2, 0, 2, 2, 2, 2, 2, 0, 1, 3, 3, 0, 1, 2, 0, 3, 0, 2, 0, 3,
       1, 3, 1, 1, 2, 2, 3, 2, 2, 1, 0, 3, 0, 2, 2, 0, 2, 3, 0, 0, 3, 3,
       2, 3, 2, 3, 2, 3, 2, 3, 2, 2, 0, 1, 0, 0, 0, 3, 3, 2, 2, 0, 3, 0,
       2, 3, 3, 0, 0, 0, 0, 3, 3, 0, 3, 0, 2, 2, 1, 3, 2, 2, 0, 2, 2, 3,
       1, 2, 3, 2, 1, 2, 0, 2, 2, 2], dtype=object)]
[460, array([-78., -39., -39.,   0.]), array([2, 0, 1, 0, 2, 1, 1, 2, 0, 0, 0, 2, 1, 0, 0, 2, 2, 3, 0, 2, 2, 3,
       0, 0, 2, 0, 2, 2, 2, 2, 2, 0, 1, 3, 3, 0, 1, 2, 0, 3, 0, 2, 0, 3,
       1, 3, 1, 1, 2, 2, 3, 2, 2, 1, 0, 3, 0, 2, 2, 0, 2, 3, 0, 0, 3, 3,
       2, 3, 2, 3, 2, 3, 2, 3, 2, 2, 0, 1, 0, 0, 0, 3, 3, 2, 2, 0, 3, 0,
       2, 3, 3, 0, 0, 0, 0, 3, 3, 0, 3, 0, 2, 2, 1, 3, 2, 2, 0, 2, 2, 3,
       1, 2, 3, 2, 1, 2, 0, 2, 2, 2], dtype=object)]
[460, array([-78., -39., -39.,   0.]), array([2, 0, 1, 0, 2, 1, 1, 2, 0, 0, 0, 2, 1, 0, 0, 2, 2, 3, 0, 2, 2, 3,
       0, 0, 2, 0, 2, 2, 2, 2, 2, 0, 1, 3, 3, 0, 1, 2, 0, 3, 0, 2, 0, 3,
       1, 3, 1, 1, 2, 2, 3, 2, 2, 1, 0, 3, 0, 2, 2, 0, 2, 3, 0, 0, 3, 3,
       2, 3, 2, 3, 2, 3, 2, 3, 2, 2, 0, 1, 0, 0, 0, 3, 3, 2, 2, 0, 3, 0,
       2, 3, 3, 0, 0, 0, 0, 3, 3, 0, 3, 0, 2, 2, 1, 3, 2, 2, 0, 2, 2, 3,
       1, 2, 3, 2, 1, 2, 0, 2, 2, 2], dtype=object)]
[460, array([-78., -39., -39.,   0.]), array([2, 0, 1, 0, 2, 1, 1, 2, 0, 0, 0, 2, 1, 0, 0, 2, 2, 3, 0, 2, 2, 3,
       0, 0, 2, 0, 2, 2, 2, 2, 2, 0, 1, 3, 3, 0, 1, 2, 0, 3, 0, 2, 0, 3,
       1, 3, 1, 1, 2, 2, 3, 2, 2, 1, 0, 3, 0, 2, 2, 0, 2, 3, 0, 0, 3, 3,
       2, 3, 2, 3, 2, 3, 2, 3, 2, 2, 0, 1, 0, 0, 0, 3, 3, 2, 2, 0, 3, 0,
       2, 3, 3, 0, 0, 0, 0, 3, 3, 0, 3, 0, 2, 2, 1, 3, 2, 2, 0, 2, 2, 3,
       1, 2, 3, 2, 1, 2, 0, 2, 2, 2], dtype=object)]
[461, array([-78., -39., -39.,   0.]), array([2, 0, 1, 0, 2, 1, 1, 2, 0, 0, 0, 2, 1, 0, 0, 2, 2, 3, 0, 2, 2, 3,
       0, 0, 2, 0, 2, 2, 2, 2, 2, 0, 1, 3, 3, 0, 1, 2, 0, 3, 0, 2, 0, 3,
       1, 3, 1, 1, 2, 2, 3, 2, 2, 1, 0, 3, 2, 2, 2, 0, 2, 3, 0, 0, 3, 3,
       2, 3, 2, 3, 2, 3, 2, 3, 2, 2, 0, 1, 0, 0, 0, 3, 3, 2, 2, 0, 3, 0,
       2, 3, 3, 0, 0, 0, 2, 1, 3, 0, 3, 0, 2, 2, 1, 3, 1, 2, 2, 2, 2, 3,
       1, 0, 1, 2, 1, 2, 0, 3, 2, 2], dtype=object)]
[461, array([-78., -39., -39.,   0.]), array([2, 0, 1, 0, 2, 1, 1, 2, 0, 0, 0, 2, 1, 0, 0, 2, 2, 3, 0, 2, 2, 3,
       0, 0, 2, 0, 2, 2, 2, 2, 2, 0, 1, 3, 3, 0, 1, 2, 0, 3, 0, 2, 0, 3,
       1, 3, 1, 1, 2, 2, 3, 2, 2, 1, 0, 3, 2, 2, 2, 0, 2, 3, 0, 0, 3, 3,
       2, 3, 2, 3, 2, 3, 2, 3, 2, 2, 0, 1, 0, 0, 0, 3, 3, 2, 2, 0, 3, 0,
       2, 3, 3, 0, 0, 0, 2, 1, 3, 0, 3, 0, 2, 2, 1, 3, 1, 2, 2, 2, 2, 3,
       1, 0, 1, 2, 1, 2, 0, 3, 2, 2], dtype=object)]
[461, array([-78., -39., -39.,   0.]), array([2, 0, 1, 0, 2, 1, 1, 2, 0, 0, 0, 2, 1, 0, 0, 2, 2, 3, 0, 2, 2, 3,
       0, 0, 2, 0, 2, 2, 2, 2, 2, 0, 1, 3, 3, 0, 1, 2, 0, 3, 0, 2, 0, 3,
       1, 3, 1, 1, 2, 2, 3, 2, 2, 1, 0, 3, 2, 2, 2, 0, 2, 3, 0, 0, 3, 3,
       2, 3, 2, 3, 2, 3, 2, 3, 2, 2, 0, 1, 0, 0, 0, 3, 3, 2, 2, 0, 3, 0,
       2, 3, 3, 0, 0, 0, 2, 1, 3, 0, 3, 0, 2, 2, 1, 3, 1, 2, 2, 2, 2, 3,
       1, 0, 1, 2, 1, 2, 0, 3, 2, 2], dtype=object)]
[461, array([-78., -39., -39.,   0.]), array([2, 0, 1, 0, 2, 1, 1, 2, 0, 0, 0, 2, 1, 0, 0, 2, 2, 3, 0, 2, 2, 3,
       0, 0, 2, 0, 2, 2, 2, 2, 2, 0, 1, 3, 3, 0, 1, 2, 0, 3, 0, 2, 0, 3,
       1, 3, 1, 1, 2, 2, 3, 2, 2, 1, 0, 3, 2, 2, 2, 0, 2, 3, 0, 0, 3, 3,
       2, 3, 2, 3, 2, 3, 2, 3, 2, 2, 0, 1, 0, 0, 0, 3, 3, 2, 2, 0, 3, 0,
       2, 3, 3, 0, 0, 0, 2, 1, 3, 0, 3, 0, 2, 2, 1, 3, 1, 2, 2, 2, 2, 3,
       1, 0, 1, 2, 1, 2, 0, 3, 2, 2], dtype=object)]
[462, array([-78., -39., -39.,   0.]), array([2, 0, 1, 0, 2, 1, 1, 2, 0, 0, 0, 2, 1, 0, 0, 2, 2, 3, 0, 2, 2, 3,
       0, 0, 2, 0, 0, 2, 2, 2, 2, 0, 1, 3, 3, 0, 1, 2, 0, 3, 0, 2, 0, 3,
       1, 3, 1, 1, 2, 2, 3, 2, 2, 1, 0, 3, 2, 2, 2, 0, 2, 3, 0, 0, 3, 3,
       2, 3, 2, 3, 2, 3, 2, 3, 2, 2, 0, 1, 0, 0, 0, 3, 3, 2, 2, 0, 3, 0,
       2, 3, 3, 0, 0, 0, 2, 1, 3, 0, 3, 0, 2, 2, 1, 3, 1, 2, 2, 2, 2, 3,
       1, 0, 1, 2, 1, 2, 0, 3, 2, 2], dtype=object)]
[462, array([-78., -39., -39.,   0.]), array([2, 0, 1, 0, 2, 1, 1, 2, 0, 0, 0, 2, 1, 0, 0, 2, 2, 3, 0, 2, 2, 3,
       0, 0, 2, 0, 0, 2, 2, 2, 2, 0, 1, 3, 3, 0, 1, 2, 0, 3, 0, 2, 0, 3,
       1, 3, 1, 1, 2, 2, 3, 2, 2, 1, 0, 3, 2, 2, 2, 0, 2, 3, 0, 0, 3, 3,
       2, 3, 2, 3, 2, 3, 2, 3, 2, 2, 0, 1, 0, 0, 0, 3, 3, 2, 2, 0, 3, 0,
       2, 3, 3, 0, 0, 0, 2, 1, 3, 0, 3, 0, 2, 2, 1, 3, 1, 2, 2, 2, 2, 3,
       1, 0, 1, 2, 1, 2, 0, 3, 2, 2], dtype=object)]
[462, array([-78., -39., -39.,   0.]), array([2, 0, 1, 0, 2, 1, 1, 2, 0, 0, 0, 2, 1, 0, 0, 2, 2, 3, 0, 2, 2, 3,
       0, 0, 2, 0, 0, 2, 2, 2, 2, 0, 1, 3, 3, 0, 1, 2, 0, 3, 0, 2, 0, 3,
       1, 3, 1, 1, 2, 2, 3, 2, 2, 1, 0, 3, 2, 2, 2, 0, 2, 3, 0, 0, 3, 3,
       2, 3, 2, 3, 2, 3, 2, 3, 2, 2, 0, 1, 0, 0, 0, 3, 3, 2, 2, 0, 3, 0,
       2, 3, 3, 0, 0, 0, 2, 1, 3, 0, 3, 0, 2, 2, 1, 3, 1, 2, 2, 2, 2, 3,
       1, 0, 1, 2, 1, 2, 0, 3, 2, 2], dtype=object)]
[462, array([-78., -39., -39.,   0.]), array([2, 0, 1, 0, 2, 1, 1, 2, 0, 0, 0, 2, 1, 0, 0, 2, 2, 3, 0, 2, 2, 3,
       0, 0, 2, 0, 0, 2, 2, 2, 2, 0, 1, 3, 3, 0, 1, 2, 0, 3, 0, 2, 0, 3,
       1, 3, 1, 1, 2, 2, 3, 2, 2, 1, 0, 3, 2, 2, 2, 0, 2, 3, 0, 0, 3, 3,
       2, 3, 2, 3, 2, 3, 2, 3, 2, 2, 0, 1, 0, 0, 0, 3, 3, 2, 2, 0, 3, 0,
       2, 3, 3, 0, 0, 0, 2, 1, 3, 0, 3, 0, 2, 2, 1, 3, 1, 2, 2, 2, 2, 3,
       1, 0, 1, 2, 1, 2, 0, 3, 2, 2], dtype=object)]
[463, array([-78., -39., -39.,   0.]), array([2, 0, 1, 0, 2, 1, 1, 2, 0, 0, 0, 2, 1, 0, 0, 2, 2, 3, 0, 2, 2, 3,
       0, 0, 2, 0, 2, 2, 2, 2, 2, 0, 1, 3, 3, 0, 1, 2, 0, 3, 0, 2, 0, 3,
       1, 3, 1, 1, 2, 2, 3, 2, 2, 1, 0, 3, 0, 2, 2, 0, 2, 3, 0, 0, 3, 3,
       2, 3, 2, 3, 2, 3, 2, 3, 2, 2, 0, 1, 0, 0, 0, 3, 1, 2, 2, 0, 3, 0,
       2, 3, 3, 0, 0, 0, 0, 3, 3, 0, 3, 0, 2, 2, 1, 3, 2, 2, 0, 2, 2, 3,
       1, 2, 1, 2, 1, 2, 0, 3, 2, 2], dtype=object)]
[463, array([-78., -39., -39.,   0.]), array([2, 0, 1, 0, 2, 1, 1, 2, 0, 0, 0, 2, 1, 0, 0, 2, 2, 3, 0, 2, 2, 3,
       0, 0, 2, 0, 2, 2, 2, 2, 2, 0, 1, 3, 3, 0, 1, 2, 0, 3, 0, 2, 0, 3,
       1, 3, 1, 1, 2, 2, 3, 2, 2, 1, 0, 3, 0, 2, 2, 0, 2, 3, 0, 0, 3, 3,
       2, 3, 2, 3, 2, 3, 2, 3, 2, 2, 0, 1, 0, 0, 0, 3, 1, 2, 2, 0, 3, 0,
       2, 3, 3, 0, 0, 0, 0, 3, 3, 0, 3, 0, 2, 2, 1, 3, 2, 2, 0, 2, 2, 3,
       1, 2, 1, 2, 1, 2, 0, 3, 2, 2], dtype=object)]
[463, array([-78., -39., -39.,   0.]), array([2, 0, 1, 0, 2, 1, 1, 2, 0, 0, 0, 2, 1, 0, 0, 2, 2, 3, 0, 2, 2, 3,
       0, 0, 2, 0, 2, 2, 2, 2, 2, 0, 1, 3, 3, 0, 1, 2, 0, 3, 0, 2, 0, 3,
       1, 3, 1, 1, 2, 2, 3, 2, 2, 1, 0, 3, 0, 2, 2, 0, 2, 3, 0, 0, 3, 3,
       2, 3, 2, 3, 2, 3, 2, 3, 2, 2, 0, 1, 0, 0, 0, 3, 1, 2, 2, 0, 3, 0,
       2, 3, 3, 0, 0, 0, 0, 3, 3, 0, 3, 0, 2, 2, 1, 3, 2, 2, 0, 2, 2, 3,
       1, 2, 1, 2, 1, 2, 0, 3, 2, 2], dtype=object)]
[463, array([-78., -39., -39.,   0.]), array([2, 0, 1, 0, 2, 1, 1, 2, 0, 0, 0, 2, 1, 0, 0, 2, 2, 3, 0, 2, 2, 3,
       0, 0, 2, 0, 2, 2, 2, 2, 2, 0, 1, 3, 3, 0, 1, 2, 0, 3, 0, 2, 0, 3,
       1, 3, 1, 1, 2, 2, 3, 2, 2, 1, 0, 3, 0, 2, 2, 0, 2, 3, 0, 0, 3, 3,
       2, 3, 2, 3, 2, 3, 2, 3, 2, 2, 0, 1, 0, 0, 0, 3, 1, 2, 2, 0, 3, 0,
       2, 3, 3, 0, 0, 0, 0, 3, 3, 0, 3, 0, 2, 2, 1, 3, 2, 2, 0, 2, 2, 3,
       1, 2, 1, 2, 1, 2, 0, 3, 2, 2], dtype=object)]
[464, array([-78., -39., -39.,   0.]), array([2, 0, 1, 0, 2, 1, 1, 2, 0, 0, 0, 2, 1, 0, 0, 2, 2, 3, 0, 2, 2, 3,
       0, 0, 2, 0, 2, 2, 2, 2, 2, 0, 1, 3, 3, 0, 1, 2, 0, 3, 0, 2, 0, 3,
       1, 3, 1, 1, 2, 2, 3, 2, 2, 1, 0, 3, 0, 2, 2, 0, 2, 3, 0, 0, 3, 3,
       2, 3, 2, 3, 2, 3, 2, 3, 2, 2, 0, 1, 0, 0, 0, 3, 2, 2, 2, 0, 3, 0,
       2, 3, 3, 0, 0, 0, 0, 3, 3, 0, 3, 0, 2, 2, 1, 3, 2, 2, 0, 2, 2, 3,
       1, 2, 1, 2, 1, 2, 0, 3, 2, 2], dtype=object)]
[464, array([-78., -39., -39.,   0.]), array([2, 0, 1, 0, 2, 1, 1, 2, 0, 0, 0, 2, 1, 0, 0, 2, 2, 3, 0, 2, 2, 3,
       0, 0, 2, 0, 2, 2, 2, 2, 2, 0, 1, 3, 3, 0, 1, 2, 0, 3, 0, 2, 0, 3,
       1, 3, 1, 1, 2, 2, 3, 2, 2, 1, 0, 3, 0, 2, 2, 0, 2, 3, 0, 0, 3, 3,
       2, 3, 2, 3, 2, 3, 2, 3, 2, 2, 0, 1, 0, 0, 0, 3, 2, 2, 2, 0, 3, 0,
       2, 3, 3, 0, 0, 0, 0, 3, 3, 0, 3, 0, 2, 2, 1, 3, 2, 2, 0, 2, 2, 3,
       1, 2, 1, 2, 1, 2, 0, 3, 2, 2], dtype=object)]
[464, array([-78., -39., -39.,   0.]), array([2, 0, 1, 0, 2, 1, 1, 2, 0, 0, 0, 2, 1, 0, 0, 2, 2, 3, 0, 2, 2, 3,
       0, 0, 2, 0, 2, 2, 2, 2, 2, 0, 1, 3, 3, 0, 1, 2, 0, 3, 0, 2, 0, 3,
       1, 3, 1, 1, 2, 2, 3, 2, 2, 1, 0, 3, 0, 2, 2, 0, 2, 3, 0, 0, 3, 3,
       2, 3, 2, 3, 2, 3, 2, 3, 2, 2, 0, 1, 0, 0, 0, 3, 2, 2, 2, 0, 3, 0,
       2, 3, 3, 0, 0, 0, 0, 3, 3, 0, 3, 0, 2, 2, 1, 3, 2, 2, 0, 2, 2, 3,
       1, 2, 1, 2, 1, 2, 0, 3, 2, 2], dtype=object)]
[464, array([-78., -39., -39.,   0.]), array([2, 0, 1, 0, 2, 1, 1, 2, 0, 0, 0, 2, 1, 0, 0, 2, 2, 3, 0, 2, 2, 3,
       0, 0, 2, 0, 2, 2, 2, 2, 2, 0, 1, 3, 3, 0, 1, 2, 0, 3, 0, 2, 0, 3,
       1, 3, 1, 1, 2, 2, 3, 2, 2, 1, 0, 3, 0, 2, 2, 0, 2, 3, 0, 0, 3, 3,
       2, 3, 2, 3, 2, 3, 2, 3, 2, 2, 0, 1, 0, 0, 0, 3, 2, 2, 2, 0, 3, 0,
       2, 3, 3, 0, 0, 0, 0, 3, 3, 0, 3, 0, 2, 2, 1, 3, 2, 2, 0, 2, 2, 3,
       1, 2, 1, 2, 1, 2, 0, 3, 2, 2], dtype=object)]
[465, array([-78., -39., -39.,   0.]), array([2, 0, 1, 0, 2, 1, 1, 2, 0, 0, 0, 2, 1, 0, 0, 2, 2, 3, 0, 2, 2, 3,
       0, 0, 2, 0, 2, 2, 2, 2, 2, 0, 1, 3, 3, 0, 1, 2, 0, 3, 0, 2, 0, 3,
       1, 3, 1, 1, 2, 2, 3, 2, 2, 1, 0, 3, 0, 2, 2, 0, 2, 3, 0, 0, 3, 3,
       2, 3, 2, 3, 2, 3, 2, 3, 2, 2, 0, 1, 0, 0, 0, 3, 3, 2, 2, 0, 3, 0,
       2, 3, 3, 0, 0, 0, 0, 3, 3, 0, 3, 0, 2, 2, 1, 3, 2, 2, 0, 2, 2, 3,
       1, 2, 3, 2, 2, 1, 0, 2, 2, 2], dtype=object)]
[465, array([-78., -39., -39.,   0.]), array([2, 0, 1, 0, 2, 1, 1, 2, 0, 0, 0, 2, 1, 0, 0, 2, 2, 3, 0, 2, 2, 3,
       0, 0, 2, 0, 2, 2, 2, 2, 2, 0, 1, 3, 3, 0, 1, 2, 0, 3, 0, 2, 0, 3,
       1, 3, 1, 1, 2, 2, 3, 2, 2, 1, 0, 3, 0, 2, 2, 0, 2, 3, 0, 0, 3, 3,
       2, 3, 2, 3, 2, 3, 2, 3, 2, 2, 0, 1, 0, 0, 0, 3, 3, 2, 2, 0, 3, 0,
       2, 3, 3, 0, 0, 0, 0, 3, 3, 0, 3, 0, 2, 2, 1, 3, 2, 2, 0, 2, 2, 3,
       1, 2, 3, 2, 2, 1, 0, 2, 2, 2], dtype=object)]
[465, array([-78., -39., -39.,   0.]), array([2, 0, 1, 0, 2, 1, 1, 2, 0, 0, 0, 2, 1, 0, 0, 2, 2, 3, 0, 2, 2, 3,
       0, 0, 2, 0, 2, 2, 2, 2, 2, 0, 1, 3, 3, 0, 1, 2, 0, 3, 0, 2, 0, 3,
       1, 3, 1, 1, 2, 2, 3, 2, 2, 1, 0, 3, 0, 2, 2, 0, 2, 3, 0, 0, 3, 3,
       2, 3, 2, 3, 2, 3, 2, 3, 2, 2, 0, 1, 0, 0, 0, 3, 3, 2, 2, 0, 3, 0,
       2, 3, 3, 0, 0, 0, 0, 3, 3, 0, 3, 0, 2, 2, 1, 3, 2, 2, 0, 2, 2, 3,
       1, 2, 3, 2, 2, 1, 0, 2, 2, 2], dtype=object)]
[465, array([-78., -39., -39.,   0.]), array([2, 0, 1, 0, 2, 1, 1, 2, 0, 0, 0, 2, 1, 0, 0, 2, 2, 3, 0, 2, 2, 3,
       0, 0, 2, 0, 2, 2, 2, 2, 2, 0, 1, 3, 3, 0, 1, 2, 0, 3, 0, 2, 0, 3,
       1, 3, 1, 1, 2, 2, 3, 2, 2, 1, 0, 3, 0, 2, 2, 0, 2, 3, 0, 0, 3, 3,
       2, 3, 2, 3, 2, 3, 2, 3, 2, 2, 0, 1, 0, 0, 0, 3, 3, 2, 2, 0, 3, 0,
       2, 3, 3, 0, 0, 0, 0, 3, 3, 0, 3, 0, 2, 2, 1, 3, 2, 2, 0, 2, 2, 3,
       1, 2, 3, 2, 2, 1, 0, 2, 2, 2], dtype=object)]
[466, array([-78., -39., -39.,   0.]), array([2, 0, 1, 0, 2, 1, 1, 2, 0, 0, 0, 2, 1, 0, 0, 2, 2, 3, 0, 2, 2, 2,
       0, 0, 2, 0, 2, 2, 2, 2, 2, 0, 1, 3, 3, 0, 1, 2, 0, 3, 0, 2, 0, 3,
       1, 3, 1, 1, 2, 2, 3, 2, 2, 1, 0, 3, 0, 2, 2, 0, 2, 3, 0, 0, 3, 3,
       2, 3, 2, 3, 2, 3, 2, 3, 2, 2, 0, 1, 0, 0, 0, 3, 1, 2, 2, 0, 3, 0,
       2, 3, 3, 0, 0, 0, 0, 3, 3, 0, 3, 0, 2, 2, 1, 3, 2, 2, 0, 2, 2, 3,
       1, 2, 1, 2, 1, 2, 0, 3, 2, 2], dtype=object)]
[466, array([-78., -39., -39.,   0.]), array([2, 0, 1, 0, 2, 1, 1, 2, 0, 0, 0, 2, 1, 0, 0, 2, 2, 3, 0, 2, 2, 2,
       0, 0, 2, 0, 2, 2, 2, 2, 2, 0, 1, 3, 3, 0, 1, 2, 0, 3, 0, 2, 0, 3,
       1, 3, 1, 1, 2, 2, 3, 2, 2, 1, 0, 3, 0, 2, 2, 0, 2, 3, 0, 0, 3, 3,
       2, 3, 2, 3, 2, 3, 2, 3, 2, 2, 0, 1, 0, 0, 0, 3, 1, 2, 2, 0, 3, 0,
       2, 3, 3, 0, 0, 0, 0, 3, 3, 0, 3, 0, 2, 2, 1, 3, 2, 2, 0, 2, 2, 3,
       1, 2, 1, 2, 1, 2, 0, 3, 2, 2], dtype=object)]
[466, array([-78., -39., -39.,   0.]), array([2, 0, 1, 0, 2, 1, 1, 2, 0, 0, 0, 2, 1, 0, 0, 2, 2, 3, 0, 2, 2, 2,
       0, 0, 2, 0, 2, 2, 2, 2, 2, 0, 1, 3, 3, 0, 1, 2, 0, 3, 0, 2, 0, 3,
       1, 3, 1, 1, 2, 2, 3, 2, 2, 1, 0, 3, 0, 2, 2, 0, 2, 3, 0, 0, 3, 3,
       2, 3, 2, 3, 2, 3, 2, 3, 2, 2, 0, 1, 0, 0, 0, 3, 1, 2, 2, 0, 3, 0,
       2, 3, 3, 0, 0, 0, 0, 3, 3, 0, 3, 0, 2, 2, 1, 3, 2, 2, 0, 2, 2, 3,
       1, 2, 1, 2, 1, 2, 0, 3, 2, 2], dtype=object)]
[466, array([-78., -39., -39.,   0.]), array([2, 0, 1, 0, 2, 1, 1, 2, 0, 0, 0, 2, 1, 0, 0, 2, 2, 3, 0, 2, 2, 2,
       0, 0, 2, 0, 2, 2, 2, 2, 2, 0, 1, 3, 3, 0, 1, 2, 0, 3, 0, 2, 0, 3,
       1, 3, 1, 1, 2, 2, 3, 2, 2, 1, 0, 3, 0, 2, 2, 0, 2, 3, 0, 0, 3, 3,
       2, 3, 2, 3, 2, 3, 2, 3, 2, 2, 0, 1, 0, 0, 0, 3, 1, 2, 2, 0, 3, 0,
       2, 3, 3, 0, 0, 0, 0, 3, 3, 0, 3, 0, 2, 2, 1, 3, 2, 2, 0, 2, 2, 3,
       1, 2, 1, 2, 1, 2, 0, 3, 2, 2], dtype=object)]
[467, array([-78., -39., -39.,   0.]), array([2, 0, 1, 0, 2, 1, 1, 2, 0, 0, 0, 2, 1, 0, 0, 2, 2, 3, 0, 2, 2, 3,
       0, 0, 2, 0, 2, 2, 2, 2, 2, 0, 1, 3, 3, 0, 1, 2, 0, 3, 0, 2, 0, 3,
       1, 3, 1, 1, 2, 2, 3, 2, 2, 1, 0, 3, 0, 2, 2, 0, 2, 3, 0, 0, 3, 3,
       2, 3, 2, 3, 2, 3, 2, 3, 2, 2, 0, 1, 0, 0, 0, 3, 1, 2, 2, 0, 3, 0,
       2, 3, 2, 0, 0, 0, 0, 3, 3, 0, 3, 0, 2, 2, 1, 3, 2, 2, 0, 2, 2, 3,
       1, 2, 1, 2, 1, 2, 0, 3, 2, 2], dtype=object)]
[467, array([-78., -39., -39.,   0.]), array([2, 0, 1, 0, 2, 1, 1, 2, 0, 0, 0, 2, 1, 0, 0, 2, 2, 3, 0, 2, 2, 3,
       0, 0, 2, 0, 2, 2, 2, 2, 2, 0, 1, 3, 3, 0, 1, 2, 0, 3, 0, 2, 0, 3,
       1, 3, 1, 1, 2, 2, 3, 2, 2, 1, 0, 3, 0, 2, 2, 0, 2, 3, 0, 0, 3, 3,
       2, 3, 2, 3, 2, 3, 2, 3, 2, 2, 0, 1, 0, 0, 0, 3, 1, 2, 2, 0, 3, 0,
       2, 3, 2, 0, 0, 0, 0, 3, 3, 0, 3, 0, 2, 2, 1, 3, 2, 2, 0, 2, 2, 3,
       1, 2, 1, 2, 1, 2, 0, 3, 2, 2], dtype=object)]
[467, array([-78., -39., -39.,   0.]), array([2, 0, 1, 0, 2, 1, 1, 2, 0, 0, 0, 2, 1, 0, 0, 2, 2, 3, 0, 2, 2, 3,
       0, 0, 2, 0, 2, 2, 2, 2, 2, 0, 1, 3, 3, 0, 1, 2, 0, 3, 0, 2, 0, 3,
       1, 3, 1, 1, 2, 2, 3, 2, 2, 1, 0, 3, 0, 2, 2, 0, 2, 3, 0, 0, 3, 3,
       2, 3, 2, 3, 2, 3, 2, 3, 2, 2, 0, 1, 0, 0, 0, 3, 1, 2, 2, 0, 3, 0,
       2, 3, 2, 0, 0, 0, 0, 3, 3, 0, 3, 0, 2, 2, 1, 3, 2, 2, 0, 2, 2, 3,
       1, 2, 1, 2, 1, 2, 0, 3, 2, 2], dtype=object)]
[467, array([-78., -39., -39.,   0.]), array([2, 0, 1, 0, 2, 1, 1, 2, 0, 0, 0, 2, 1, 0, 0, 2, 2, 3, 0, 2, 2, 3,
       0, 0, 2, 0, 2, 2, 2, 2, 2, 0, 1, 3, 3, 0, 1, 2, 0, 3, 0, 2, 0, 3,
       1, 3, 1, 1, 2, 2, 3, 2, 2, 1, 0, 3, 0, 2, 2, 0, 2, 3, 0, 0, 3, 3,
       2, 3, 2, 3, 2, 3, 2, 3, 2, 2, 0, 1, 0, 0, 0, 3, 1, 2, 2, 0, 3, 0,
       2, 3, 2, 0, 0, 0, 0, 3, 3, 0, 3, 0, 2, 2, 1, 3, 2, 2, 0, 2, 2, 3,
       1, 2, 1, 2, 1, 2, 0, 3, 2, 2], dtype=object)]
[468, array([-78., -39., -39.,   0.]), array([2, 1, 1, 0, 2, 1, 3, 2, 0, 0, 0, 2, 3, 0, 0, 2, 2, 3, 0, 2, 2, 1,
       0, 0, 2, 0, 2, 2, 2, 2, 2, 0, 1, 3, 3, 0, 1, 2, 0, 3, 0, 2, 0, 0,
       1, 3, 1, 1, 2, 2, 3, 3, 2, 1, 0, 3, 0, 2, 2, 0, 2, 3, 0, 0, 3, 3,
       2, 3, 2, 3, 2, 3, 2, 3, 2, 2, 0, 1, 0, 0, 0, 3, 3, 2, 2, 0, 3, 0,
       2, 3, 3, 0, 0, 0, 0, 3, 3, 0, 3, 0, 2, 2, 1, 3, 2, 2, 2, 2, 2, 3,
       1, 2, 1, 2, 1, 2, 0, 3, 2, 2], dtype=object)]
[468, array([-78., -39., -39.,   0.]), array([2, 1, 1, 0, 2, 1, 3, 2, 0, 0, 0, 2, 3, 0, 0, 2, 2, 3, 0, 2, 2, 1,
       0, 0, 2, 0, 2, 2, 2, 2, 2, 0, 1, 3, 3, 0, 1, 2, 0, 3, 0, 2, 0, 0,
       1, 3, 1, 1, 2, 2, 3, 3, 2, 1, 0, 3, 0, 2, 2, 0, 2, 3, 0, 0, 3, 3,
       2, 3, 2, 3, 2, 3, 2, 3, 2, 2, 0, 1, 0, 0, 0, 3, 3, 2, 2, 0, 3, 0,
       2, 3, 3, 0, 0, 0, 0, 3, 3, 0, 3, 0, 2, 2, 1, 3, 2, 2, 2, 2, 2, 3,
       1, 2, 1, 2, 1, 2, 0, 3, 2, 2], dtype=object)]
[468, array([-78., -39., -39.,   0.]), array([2, 1, 1, 0, 2, 1, 3, 2, 0, 0, 0, 2, 3, 0, 0, 2, 2, 3, 0, 2, 2, 1,
       0, 0, 2, 0, 2, 2, 2, 2, 2, 0, 1, 3, 3, 0, 1, 2, 0, 3, 0, 2, 0, 0,
       1, 3, 1, 1, 2, 2, 3, 3, 2, 1, 0, 3, 0, 2, 2, 0, 2, 3, 0, 0, 3, 3,
       2, 3, 2, 3, 2, 3, 2, 3, 2, 2, 0, 1, 0, 0, 0, 3, 3, 2, 2, 0, 3, 0,
       2, 3, 3, 0, 0, 0, 0, 3, 3, 0, 3, 0, 2, 2, 1, 3, 2, 2, 2, 2, 2, 3,
       1, 2, 1, 2, 1, 2, 0, 3, 2, 2], dtype=object)]
[468, array([-78., -39., -39.,   0.]), array([2, 1, 1, 0, 2, 1, 3, 2, 0, 0, 0, 2, 3, 0, 0, 2, 2, 3, 0, 2, 2, 1,
       0, 0, 2, 0, 2, 2, 2, 2, 2, 0, 1, 3, 3, 0, 1, 2, 0, 3, 0, 2, 0, 0,
       1, 3, 1, 1, 2, 2, 3, 3, 2, 1, 0, 3, 0, 2, 2, 0, 2, 3, 0, 0, 3, 3,
       2, 3, 2, 3, 2, 3, 2, 3, 2, 2, 0, 1, 0, 0, 0, 3, 3, 2, 2, 0, 3, 0,
       2, 3, 3, 0, 0, 0, 0, 3, 3, 0, 3, 0, 2, 2, 1, 3, 2, 2, 2, 2, 2, 3,
       1, 2, 1, 2, 1, 2, 0, 3, 2, 2], dtype=object)]
[469, array([-78., -39., -39.,   0.]), array([2, 1, 1, 0, 2, 1, 3, 2, 0, 0, 0, 2, 2, 0, 0, 2, 2, 3, 0, 2, 2, 3,
       0, 0, 2, 0, 2, 2, 2, 2, 2, 0, 1, 3, 3, 0, 1, 2, 0, 3, 0, 2, 0, 1,
       1, 3, 1, 1, 2, 2, 3, 2, 2, 1, 0, 3, 0, 2, 2, 0, 2, 3, 0, 0, 3, 2,
       2, 3, 2, 3, 2, 3, 2, 3, 2, 2, 0, 1, 0, 0, 0, 3, 1, 2, 2, 0, 3, 0,
       2, 3, 3, 0, 0, 0, 0, 3, 3, 0, 3, 0, 2, 2, 1, 3, 2, 2, 2, 2, 2, 3,
       1, 2, 1, 2, 1, 2, 0, 3, 2, 2], dtype=object)]
[469, array([-78., -39., -39.,   0.]), array([2, 1, 1, 0, 2, 1, 3, 2, 0, 0, 0, 2, 2, 0, 0, 2, 2, 3, 0, 2, 2, 3,
       0, 0, 2, 0, 2, 2, 2, 2, 2, 0, 1, 3, 3, 0, 1, 2, 0, 3, 0, 2, 0, 1,
       1, 3, 1, 1, 2, 2, 3, 2, 2, 1, 0, 3, 0, 2, 2, 0, 2, 3, 0, 0, 3, 2,
       2, 3, 2, 3, 2, 3, 2, 3, 2, 2, 0, 1, 0, 0, 0, 3, 1, 2, 2, 0, 3, 0,
       2, 3, 3, 0, 0, 0, 0, 3, 3, 0, 3, 0, 2, 2, 1, 3, 2, 2, 2, 2, 2, 3,
       1, 2, 1, 2, 1, 2, 0, 3, 2, 2], dtype=object)]
[469, array([-78., -39., -39.,   0.]), array([2, 1, 1, 0, 2, 1, 3, 2, 0, 0, 0, 2, 2, 0, 0, 2, 2, 3, 0, 2, 2, 3,
       0, 0, 2, 0, 2, 2, 2, 2, 2, 0, 1, 3, 3, 0, 1, 2, 0, 3, 0, 2, 0, 1,
       1, 3, 1, 1, 2, 2, 3, 2, 2, 1, 0, 3, 0, 2, 2, 0, 2, 3, 0, 0, 3, 2,
       2, 3, 2, 3, 2, 3, 2, 3, 2, 2, 0, 1, 0, 0, 0, 3, 1, 2, 2, 0, 3, 0,
       2, 3, 3, 0, 0, 0, 0, 3, 3, 0, 3, 0, 2, 2, 1, 3, 2, 2, 2, 2, 2, 3,
       1, 2, 1, 2, 1, 2, 0, 3, 2, 2], dtype=object)]
[469, array([-78., -39., -39.,   0.]), array([2, 1, 1, 0, 2, 1, 3, 2, 0, 0, 0, 2, 2, 0, 0, 2, 2, 3, 0, 2, 2, 3,
       0, 0, 2, 0, 2, 2, 2, 2, 2, 0, 1, 3, 3, 0, 1, 2, 0, 3, 0, 2, 0, 1,
       1, 3, 1, 1, 2, 2, 3, 2, 2, 1, 0, 3, 0, 2, 2, 0, 2, 3, 0, 0, 3, 2,
       2, 3, 2, 3, 2, 3, 2, 3, 2, 2, 0, 1, 0, 0, 0, 3, 1, 2, 2, 0, 3, 0,
       2, 3, 3, 0, 0, 0, 0, 3, 3, 0, 3, 0, 2, 2, 1, 3, 2, 2, 2, 2, 2, 3,
       1, 2, 1, 2, 1, 2, 0, 3, 2, 2], dtype=object)]
[470, array([-78., -39., -39.,   0.]), array([2, 1, 1, 0, 2, 1, 3, 2, 0, 0, 0, 2, 2, 0, 0, 2, 2, 3, 0, 2, 2, 3,
       0, 0, 2, 0, 2, 2, 2, 2, 2, 0, 1, 3, 3, 0, 1, 2, 0, 3, 0, 2, 0, 1,
       1, 3, 1, 1, 2, 2, 3, 2, 2, 1, 0, 3, 0, 2, 2, 0, 2, 3, 0, 0, 3, 2,
       2, 3, 2, 3, 2, 3, 2, 3, 2, 2, 0, 1, 0, 0, 0, 3, 1, 2, 2, 0, 3, 0,
       2, 3, 3, 0, 0, 0, 0, 3, 3, 0, 3, 0, 2, 2, 1, 3, 0, 2, 2, 2, 2, 3,
       1, 2, 1, 2, 1, 2, 0, 3, 2, 2], dtype=object)]
[470, array([-78., -39., -39.,   0.]), array([2, 1, 1, 0, 2, 1, 3, 2, 0, 0, 0, 2, 2, 0, 0, 2, 2, 3, 0, 2, 2, 3,
       0, 0, 2, 0, 2, 2, 2, 2, 2, 0, 1, 3, 3, 0, 1, 2, 0, 3, 0, 2, 0, 1,
       1, 3, 1, 1, 2, 2, 3, 2, 2, 1, 0, 3, 0, 2, 2, 0, 2, 3, 0, 0, 3, 2,
       2, 3, 2, 3, 2, 3, 2, 3, 2, 2, 0, 1, 0, 0, 0, 3, 1, 2, 2, 0, 3, 0,
       2, 3, 3, 0, 0, 0, 0, 3, 3, 0, 3, 0, 2, 2, 1, 3, 0, 2, 2, 2, 2, 3,
       1, 2, 1, 2, 1, 2, 0, 3, 2, 2], dtype=object)]
[470, array([-78., -39., -39.,   0.]), array([2, 1, 1, 0, 2, 1, 3, 2, 0, 0, 0, 2, 2, 0, 0, 2, 2, 3, 0, 2, 2, 3,
       0, 0, 2, 0, 2, 2, 2, 2, 2, 0, 1, 3, 3, 0, 1, 2, 0, 3, 0, 2, 0, 1,
       1, 3, 1, 1, 2, 2, 3, 2, 2, 1, 0, 3, 0, 2, 2, 0, 2, 3, 0, 0, 3, 2,
       2, 3, 2, 3, 2, 3, 2, 3, 2, 2, 0, 1, 0, 0, 0, 3, 1, 2, 2, 0, 3, 0,
       2, 3, 3, 0, 0, 0, 0, 3, 3, 0, 3, 0, 2, 2, 1, 3, 0, 2, 2, 2, 2, 3,
       1, 2, 1, 2, 1, 2, 0, 3, 2, 2], dtype=object)]
[470, array([-78., -39., -39.,   0.]), array([2, 1, 1, 0, 2, 1, 3, 2, 0, 0, 0, 2, 2, 0, 0, 2, 2, 3, 0, 2, 2, 3,
       0, 0, 2, 0, 2, 2, 2, 2, 2, 0, 1, 3, 3, 0, 1, 2, 0, 3, 0, 2, 0, 1,
       1, 3, 1, 1, 2, 2, 3, 2, 2, 1, 0, 3, 0, 2, 2, 0, 2, 3, 0, 0, 3, 2,
       2, 3, 2, 3, 2, 3, 2, 3, 2, 2, 0, 1, 0, 0, 0, 3, 1, 2, 2, 0, 3, 0,
       2, 3, 3, 0, 0, 0, 0, 3, 3, 0, 3, 0, 2, 2, 1, 3, 0, 2, 2, 2, 2, 3,
       1, 2, 1, 2, 1, 2, 0, 3, 2, 2], dtype=object)]
[471, array([-78., -39., -39.,   0.]), array([2, 0, 1, 0, 2, 1, 1, 2, 0, 0, 0, 2, 1, 0, 0, 2, 2, 3, 0, 2, 2, 3,
       0, 0, 2, 0, 2, 2, 2, 2, 2, 0, 1, 3, 3, 0, 1, 2, 0, 3, 0, 1, 0, 3,
       1, 3, 1, 1, 2, 2, 3, 2, 2, 1, 0, 3, 0, 2, 2, 0, 2, 3, 0, 0, 3, 2,
       2, 3, 2, 3, 2, 3, 2, 3, 2, 2, 0, 3, 0, 0, 0, 3, 3, 2, 2, 0, 3, 0,
       2, 3, 2, 0, 0, 0, 0, 3, 3, 0, 3, 0, 2, 2, 0, 3, 2, 2, 0, 2, 2, 3,
       1, 2, 1, 2, 1, 2, 0, 3, 2, 2], dtype=object)]
[471, array([-78., -39., -39.,   0.]), array([2, 0, 1, 0, 2, 1, 1, 2, 0, 0, 0, 2, 1, 0, 0, 2, 2, 3, 0, 2, 2, 3,
       0, 0, 2, 0, 2, 2, 2, 2, 2, 0, 1, 3, 3, 0, 1, 2, 0, 3, 0, 1, 0, 3,
       1, 3, 1, 1, 2, 2, 3, 2, 2, 1, 0, 3, 0, 2, 2, 0, 2, 3, 0, 0, 3, 2,
       2, 3, 2, 3, 2, 3, 2, 3, 2, 2, 0, 3, 0, 0, 0, 3, 3, 2, 2, 0, 3, 0,
       2, 3, 2, 0, 0, 0, 0, 3, 3, 0, 3, 0, 2, 2, 0, 3, 2, 2, 0, 2, 2, 3,
       1, 2, 1, 2, 1, 2, 0, 3, 2, 2], dtype=object)]
[471, array([-78., -39., -39.,   0.]), array([2, 0, 1, 0, 2, 1, 1, 2, 0, 0, 0, 2, 1, 0, 0, 2, 2, 3, 0, 2, 2, 3,
       0, 0, 2, 0, 2, 2, 2, 2, 2, 0, 1, 3, 3, 0, 1, 2, 0, 3, 0, 1, 0, 3,
       1, 3, 1, 1, 2, 2, 3, 2, 2, 1, 0, 3, 0, 2, 2, 0, 2, 3, 0, 0, 3, 2,
       2, 3, 2, 3, 2, 3, 2, 3, 2, 2, 0, 3, 0, 0, 0, 3, 3, 2, 2, 0, 3, 0,
       2, 3, 2, 0, 0, 0, 0, 3, 3, 0, 3, 0, 2, 2, 0, 3, 2, 2, 0, 2, 2, 3,
       1, 2, 1, 2, 1, 2, 0, 3, 2, 2], dtype=object)]
[471, array([-78., -39., -39.,   0.]), array([2, 0, 1, 0, 2, 1, 1, 2, 0, 0, 0, 2, 1, 0, 0, 2, 2, 3, 0, 2, 2, 3,
       0, 0, 2, 0, 2, 2, 2, 2, 2, 0, 1, 3, 3, 0, 1, 2, 0, 3, 0, 1, 0, 3,
       1, 3, 1, 1, 2, 2, 3, 2, 2, 1, 0, 3, 0, 2, 2, 0, 2, 3, 0, 0, 3, 2,
       2, 3, 2, 3, 2, 3, 2, 3, 2, 2, 0, 3, 0, 0, 0, 3, 3, 2, 2, 0, 3, 0,
       2, 3, 2, 0, 0, 0, 0, 3, 3, 0, 3, 0, 2, 2, 0, 3, 2, 2, 0, 2, 2, 3,
       1, 2, 1, 2, 1, 2, 0, 3, 2, 2], dtype=object)]
[472, array([-78., -39., -39.,   0.]), array([2, 0, 1, 0, 2, 1, 1, 2, 0, 0, 0, 2, 1, 0, 0, 2, 2, 3, 0, 2, 2, 3,
       0, 0, 2, 0, 2, 2, 2, 2, 2, 0, 1, 3, 3, 0, 1, 2, 0, 3, 0, 1, 0, 3,
       1, 3, 1, 1, 2, 2, 3, 2, 2, 1, 0, 3, 0, 2, 2, 0, 2, 3, 0, 0, 3, 2,
       2, 3, 2, 3, 2, 3, 2, 3, 2, 2, 0, 3, 0, 0, 0, 3, 3, 2, 2, 0, 3, 0,
       2, 3, 2, 0, 0, 0, 0, 3, 3, 0, 3, 0, 2, 2, 0, 3, 2, 2, 0, 2, 2, 3,
       1, 2, 1, 2, 1, 2, 0, 3, 2, 2], dtype=object)]
[472, array([-78., -39., -39.,   0.]), array([2, 0, 1, 0, 2, 1, 1, 2, 0, 0, 0, 2, 1, 0, 0, 2, 2, 3, 0, 2, 2, 3,
       0, 0, 2, 0, 2, 2, 2, 2, 2, 0, 1, 3, 3, 0, 1, 2, 0, 3, 0, 1, 0, 3,
       1, 3, 1, 1, 2, 2, 3, 2, 2, 1, 0, 3, 0, 2, 2, 0, 2, 3, 0, 0, 3, 2,
       2, 3, 2, 3, 2, 3, 2, 3, 2, 2, 0, 3, 0, 0, 0, 3, 3, 2, 2, 0, 3, 0,
       2, 3, 2, 0, 0, 0, 0, 3, 3, 0, 3, 0, 2, 2, 0, 3, 2, 2, 0, 2, 2, 3,
       1, 2, 1, 2, 1, 2, 0, 3, 2, 2], dtype=object)]
[472, array([-78., -39., -39.,   0.]), array([2, 0, 1, 0, 2, 1, 1, 2, 0, 0, 0, 2, 1, 0, 0, 2, 2, 3, 0, 2, 2, 3,
       0, 0, 2, 0, 2, 2, 2, 2, 2, 0, 1, 3, 3, 0, 1, 2, 0, 3, 0, 1, 0, 3,
       1, 3, 1, 1, 2, 2, 3, 2, 2, 1, 0, 3, 0, 2, 2, 0, 2, 3, 0, 0, 3, 2,
       2, 3, 2, 3, 2, 3, 2, 3, 2, 2, 0, 3, 0, 0, 0, 3, 3, 2, 2, 0, 3, 0,
       2, 3, 2, 0, 0, 0, 0, 3, 3, 0, 3, 0, 2, 2, 0, 3, 2, 2, 0, 2, 2, 3,
       1, 2, 1, 2, 1, 2, 0, 3, 2, 2], dtype=object)]
[472, array([-78., -39., -39.,   0.]), array([2, 0, 1, 0, 2, 1, 1, 2, 0, 0, 0, 2, 1, 0, 0, 2, 2, 3, 0, 2, 2, 3,
       0, 0, 2, 0, 2, 2, 2, 2, 2, 0, 1, 3, 3, 0, 1, 2, 0, 3, 0, 1, 0, 3,
       1, 3, 1, 1, 2, 2, 3, 2, 2, 1, 0, 3, 0, 2, 2, 0, 2, 3, 0, 0, 3, 2,
       2, 3, 2, 3, 2, 3, 2, 3, 2, 2, 0, 3, 0, 0, 0, 3, 3, 2, 2, 0, 3, 0,
       2, 3, 2, 0, 0, 0, 0, 3, 3, 0, 3, 0, 2, 2, 0, 3, 2, 2, 0, 2, 2, 3,
       1, 2, 1, 2, 1, 2, 0, 3, 2, 2], dtype=object)]
[473, array([-78., -39., -39.,   0.]), array([2, 0, 1, 0, 2, 1, 0, 2, 0, 0, 0, 2, 1, 0, 0, 2, 2, 3, 0, 2, 2, 3,
       0, 0, 2, 0, 2, 2, 2, 2, 2, 0, 1, 3, 3, 0, 1, 2, 0, 3, 0, 2, 0, 3,
       1, 3, 1, 1, 2, 2, 3, 2, 2, 1, 0, 3, 0, 2, 2, 0, 2, 3, 0, 0, 3, 2,
       2, 3, 2, 3, 2, 3, 2, 3, 2, 2, 0, 3, 0, 0, 0, 3, 3, 2, 2, 0, 3, 0,
       2, 3, 2, 0, 0, 0, 0, 3, 3, 0, 3, 0, 2, 2, 0, 3, 2, 2, 0, 2, 2, 3,
       1, 2, 1, 3, 1, 2, 0, 3, 2, 2], dtype=object)]
[473, array([-78., -39., -39.,   0.]), array([2, 0, 1, 0, 2, 1, 0, 2, 0, 0, 0, 2, 1, 0, 0, 2, 2, 3, 0, 2, 2, 3,
       0, 0, 2, 0, 2, 2, 2, 2, 2, 0, 1, 3, 3, 0, 1, 2, 0, 3, 0, 2, 0, 3,
       1, 3, 1, 1, 2, 2, 3, 2, 2, 1, 0, 3, 0, 2, 2, 0, 2, 3, 0, 0, 3, 2,
       2, 3, 2, 3, 2, 3, 2, 3, 2, 2, 0, 3, 0, 0, 0, 3, 3, 2, 2, 0, 3, 0,
       2, 3, 2, 0, 0, 0, 0, 3, 3, 0, 3, 0, 2, 2, 0, 3, 2, 2, 0, 2, 2, 3,
       1, 2, 1, 3, 1, 2, 0, 3, 2, 2], dtype=object)]
[473, array([-78., -39., -39.,   0.]), array([2, 0, 1, 0, 2, 1, 0, 2, 0, 0, 0, 2, 1, 0, 0, 2, 2, 3, 0, 2, 2, 3,
       0, 0, 2, 0, 2, 2, 2, 2, 2, 0, 1, 3, 3, 0, 1, 2, 0, 3, 0, 2, 0, 3,
       1, 3, 1, 1, 2, 2, 3, 2, 2, 1, 0, 3, 0, 2, 2, 0, 2, 3, 0, 0, 3, 2,
       2, 3, 2, 3, 2, 3, 2, 3, 2, 2, 0, 3, 0, 0, 0, 3, 3, 2, 2, 0, 3, 0,
       2, 3, 2, 0, 0, 0, 0, 3, 3, 0, 3, 0, 2, 2, 0, 3, 2, 2, 0, 2, 2, 3,
       1, 2, 1, 3, 1, 2, 0, 3, 2, 2], dtype=object)]
[473, array([-78., -39., -39.,   0.]), array([2, 0, 1, 0, 2, 1, 0, 2, 0, 0, 0, 2, 1, 0, 0, 2, 2, 3, 0, 2, 2, 3,
       0, 0, 2, 0, 2, 2, 2, 2, 2, 0, 1, 3, 3, 0, 1, 2, 0, 3, 0, 2, 0, 3,
       1, 3, 1, 1, 2, 2, 3, 2, 2, 1, 0, 3, 0, 2, 2, 0, 2, 3, 0, 0, 3, 2,
       2, 3, 2, 3, 2, 3, 2, 3, 2, 2, 0, 3, 0, 0, 0, 3, 3, 2, 2, 0, 3, 0,
       2, 3, 2, 0, 0, 0, 0, 3, 3, 0, 3, 0, 2, 2, 0, 3, 2, 2, 0, 2, 2, 3,
       1, 2, 1, 3, 1, 2, 0, 3, 2, 2], dtype=object)]
[474, array([-78., -39., -39.,   0.]), array([2, 0, 1, 0, 2, 1, 0, 2, 0, 0, 0, 2, 1, 0, 0, 2, 2, 3, 0, 2, 2, 3,
       0, 0, 2, 0, 2, 2, 2, 2, 2, 0, 1, 3, 3, 0, 1, 2, 0, 3, 0, 2, 0, 3,
       1, 3, 1, 1, 2, 2, 3, 2, 2, 1, 0, 3, 0, 2, 2, 0, 2, 3, 0, 0, 3, 2,
       2, 3, 2, 3, 2, 3, 2, 3, 2, 2, 0, 3, 0, 0, 0, 3, 3, 2, 2, 0, 3, 0,
       2, 3, 2, 0, 0, 0, 0, 3, 3, 0, 3, 0, 2, 2, 0, 3, 2, 2, 0, 2, 2, 3,
       1, 2, 1, 3, 1, 2, 0, 3, 2, 2], dtype=object)]
[474, array([-78., -39., -39.,   0.]), array([2, 0, 1, 0, 2, 1, 0, 2, 0, 0, 0, 2, 1, 0, 0, 2, 2, 3, 0, 2, 2, 3,
       0, 0, 2, 0, 2, 2, 2, 2, 2, 0, 1, 3, 3, 0, 1, 2, 0, 3, 0, 2, 0, 3,
       1, 3, 1, 1, 2, 2, 3, 2, 2, 1, 0, 3, 0, 2, 2, 0, 2, 3, 0, 0, 3, 2,
       2, 3, 2, 3, 2, 3, 2, 3, 2, 2, 0, 3, 0, 0, 0, 3, 3, 2, 2, 0, 3, 0,
       2, 3, 2, 0, 0, 0, 0, 3, 3, 0, 3, 0, 2, 2, 0, 3, 2, 2, 0, 2, 2, 3,
       1, 2, 1, 3, 1, 2, 0, 3, 2, 2], dtype=object)]
[474, array([-78., -39., -39.,   0.]), array([2, 0, 1, 0, 2, 1, 0, 2, 0, 0, 0, 2, 1, 0, 0, 2, 2, 3, 0, 2, 2, 3,
       0, 0, 2, 0, 2, 2, 2, 2, 2, 0, 1, 3, 3, 0, 1, 2, 0, 3, 0, 2, 0, 3,
       1, 3, 1, 1, 2, 2, 3, 2, 2, 1, 0, 3, 0, 2, 2, 0, 2, 3, 0, 0, 3, 2,
       2, 3, 2, 3, 2, 3, 2, 3, 2, 2, 0, 3, 0, 0, 0, 3, 3, 2, 2, 0, 3, 0,
       2, 3, 2, 0, 0, 0, 0, 3, 3, 0, 3, 0, 2, 2, 0, 3, 2, 2, 0, 2, 2, 3,
       1, 2, 1, 3, 1, 2, 0, 3, 2, 2], dtype=object)]
[474, array([-78., -39., -39.,   0.]), array([2, 0, 1, 0, 2, 1, 0, 2, 0, 0, 0, 2, 1, 0, 0, 2, 2, 3, 0, 2, 2, 3,
       0, 0, 2, 0, 2, 2, 2, 2, 2, 0, 1, 3, 3, 0, 1, 2, 0, 3, 0, 2, 0, 3,
       1, 3, 1, 1, 2, 2, 3, 2, 2, 1, 0, 3, 0, 2, 2, 0, 2, 3, 0, 0, 3, 2,
       2, 3, 2, 3, 2, 3, 2, 3, 2, 2, 0, 3, 0, 0, 0, 3, 3, 2, 2, 0, 3, 0,
       2, 3, 2, 0, 0, 0, 0, 3, 3, 0, 3, 0, 2, 2, 0, 3, 2, 2, 0, 2, 2, 3,
       1, 2, 1, 3, 1, 2, 0, 3, 2, 2], dtype=object)]
[475, array([-78., -39., -39.,   0.]), array([2, 0, 1, 0, 2, 1, 1, 2, 0, 0, 0, 2, 1, 0, 0, 2, 2, 3, 0, 2, 2, 3,
       0, 0, 2, 0, 2, 2, 2, 2, 2, 0, 1, 3, 3, 0, 1, 2, 0, 3, 0, 2, 0, 3,
       1, 3, 1, 1, 2, 2, 3, 2, 2, 1, 0, 3, 0, 2, 2, 0, 2, 3, 0, 0, 3, 3,
       2, 3, 2, 3, 2, 3, 2, 3, 2, 2, 0, 1, 0, 0, 0, 3, 3, 2, 2, 0, 3, 0,
       2, 3, 3, 0, 0, 0, 0, 3, 3, 0, 3, 0, 2, 2, 1, 3, 2, 2, 0, 2, 2, 3,
       1, 2, 1, 3, 1, 2, 0, 3, 2, 2], dtype=object)]
[475, array([-78., -39., -39.,   0.]), array([2, 0, 1, 0, 2, 1, 1, 2, 0, 0, 0, 2, 1, 0, 0, 2, 2, 3, 0, 2, 2, 3,
       0, 0, 2, 0, 2, 2, 2, 2, 2, 0, 1, 3, 3, 0, 1, 2, 0, 3, 0, 2, 0, 3,
       1, 3, 1, 1, 2, 2, 3, 2, 2, 1, 0, 3, 0, 2, 2, 0, 2, 3, 0, 0, 3, 3,
       2, 3, 2, 3, 2, 3, 2, 3, 2, 2, 0, 1, 0, 0, 0, 3, 3, 2, 2, 0, 3, 0,
       2, 3, 3, 0, 0, 0, 0, 3, 3, 0, 3, 0, 2, 2, 1, 3, 2, 2, 0, 2, 2, 3,
       1, 2, 1, 3, 1, 2, 0, 3, 2, 2], dtype=object)]
[475, array([-78., -39., -39.,   0.]), array([2, 0, 1, 0, 2, 1, 1, 2, 0, 0, 0, 2, 1, 0, 0, 2, 2, 3, 0, 2, 2, 3,
       0, 0, 2, 0, 2, 2, 2, 2, 2, 0, 1, 3, 3, 0, 1, 2, 0, 3, 0, 2, 0, 3,
       1, 3, 1, 1, 2, 2, 3, 2, 2, 1, 0, 3, 0, 2, 2, 0, 2, 3, 0, 0, 3, 3,
       2, 3, 2, 3, 2, 3, 2, 3, 2, 2, 0, 1, 0, 0, 0, 3, 3, 2, 2, 0, 3, 0,
       2, 3, 3, 0, 0, 0, 0, 3, 3, 0, 3, 0, 2, 2, 1, 3, 2, 2, 0, 2, 2, 3,
       1, 2, 1, 3, 1, 2, 0, 3, 2, 2], dtype=object)]
[475, array([-78., -39., -39.,   0.]), array([2, 0, 1, 0, 2, 1, 1, 2, 0, 0, 0, 2, 1, 0, 0, 2, 2, 3, 0, 2, 2, 3,
       0, 0, 2, 0, 2, 2, 2, 2, 2, 0, 1, 3, 3, 0, 1, 2, 0, 3, 0, 2, 0, 3,
       1, 3, 1, 1, 2, 2, 3, 2, 2, 1, 0, 3, 0, 2, 2, 0, 2, 3, 0, 0, 3, 3,
       2, 3, 2, 3, 2, 3, 2, 3, 2, 2, 0, 1, 0, 0, 0, 3, 3, 2, 2, 0, 3, 0,
       2, 3, 3, 0, 0, 0, 0, 3, 3, 0, 3, 0, 2, 2, 1, 3, 2, 2, 0, 2, 2, 3,
       1, 2, 1, 3, 1, 2, 0, 3, 2, 2], dtype=object)]
[476, array([-78., -39., -39.,   0.]), array([2, 0, 1, 0, 2, 1, 1, 2, 0, 0, 0, 2, 1, 0, 0, 2, 2, 3, 0, 2, 2, 3,
       0, 0, 2, 0, 2, 2, 2, 2, 2, 0, 1, 1, 3, 0, 1, 2, 0, 3, 0, 0, 0, 0,
       1, 3, 1, 1, 2, 2, 3, 3, 2, 3, 0, 3, 0, 2, 2, 0, 2, 3, 0, 0, 3, 3,
       2, 3, 2, 3, 2, 3, 2, 3, 2, 2, 0, 1, 0, 0, 0, 3, 1, 2, 2, 0, 3, 0,
       2, 3, 2, 0, 0, 0, 0, 3, 3, 0, 3, 0, 2, 2, 1, 3, 2, 2, 0, 2, 2, 3,
       1, 2, 1, 3, 1, 2, 0, 3, 2, 2], dtype=object)]
[476, array([-78., -39., -39.,   0.]), array([2, 0, 1, 0, 2, 1, 1, 2, 0, 0, 0, 2, 1, 0, 0, 2, 2, 3, 0, 2, 2, 3,
       0, 0, 2, 0, 2, 2, 2, 2, 2, 0, 1, 1, 3, 0, 1, 2, 0, 3, 0, 0, 0, 0,
       1, 3, 1, 1, 2, 2, 3, 3, 2, 3, 0, 3, 0, 2, 2, 0, 2, 3, 0, 0, 3, 3,
       2, 3, 2, 3, 2, 3, 2, 3, 2, 2, 0, 1, 0, 0, 0, 3, 1, 2, 2, 0, 3, 0,
       2, 3, 2, 0, 0, 0, 0, 3, 3, 0, 3, 0, 2, 2, 1, 3, 2, 2, 0, 2, 2, 3,
       1, 2, 1, 3, 1, 2, 0, 3, 2, 2], dtype=object)]
[476, array([-78., -39., -39.,   0.]), array([2, 0, 1, 0, 2, 1, 1, 2, 0, 0, 0, 2, 1, 0, 0, 2, 2, 3, 0, 2, 2, 3,
       0, 0, 2, 0, 2, 2, 2, 2, 2, 0, 1, 1, 3, 0, 1, 2, 0, 3, 0, 0, 0, 0,
       1, 3, 1, 1, 2, 2, 3, 3, 2, 3, 0, 3, 0, 2, 2, 0, 2, 3, 0, 0, 3, 3,
       2, 3, 2, 3, 2, 3, 2, 3, 2, 2, 0, 1, 0, 0, 0, 3, 1, 2, 2, 0, 3, 0,
       2, 3, 2, 0, 0, 0, 0, 3, 3, 0, 3, 0, 2, 2, 1, 3, 2, 2, 0, 2, 2, 3,
       1, 2, 1, 3, 1, 2, 0, 3, 2, 2], dtype=object)]
[476, array([-78., -39., -39.,   0.]), array([2, 0, 1, 0, 2, 1, 1, 2, 0, 0, 0, 2, 1, 0, 0, 2, 2, 3, 0, 2, 2, 3,
       0, 0, 2, 0, 2, 2, 2, 2, 2, 0, 1, 1, 3, 0, 1, 2, 0, 3, 0, 0, 0, 0,
       1, 3, 1, 1, 2, 2, 3, 3, 2, 3, 0, 3, 0, 2, 2, 0, 2, 3, 0, 0, 3, 3,
       2, 3, 2, 3, 2, 3, 2, 3, 2, 2, 0, 1, 0, 0, 0, 3, 1, 2, 2, 0, 3, 0,
       2, 3, 2, 0, 0, 0, 0, 3, 3, 0, 3, 0, 2, 2, 1, 3, 2, 2, 0, 2, 2, 3,
       1, 2, 1, 3, 1, 2, 0, 3, 2, 2], dtype=object)]
[477, array([-78., -39., -39.,   0.]), array([2, 2, 2, 1, 2, 1, 3, 2, 0, 0, 0, 2, 3, 0, 0, 2, 2, 3, 0, 2, 2, 3,
       0, 0, 2, 0, 2, 2, 2, 2, 2, 0, 1, 3, 3, 0, 1, 2, 0, 3, 0, 2, 0, 3,
       1, 3, 1, 1, 2, 2, 3, 2, 2, 1, 0, 3, 0, 2, 2, 0, 2, 3, 0, 0, 3, 2,
       2, 3, 2, 3, 2, 3, 2, 3, 2, 2, 0, 3, 0, 0, 0, 3, 3, 2, 2, 0, 3, 0,
       2, 3, 2, 0, 0, 0, 0, 3, 3, 0, 3, 0, 2, 2, 0, 3, 2, 2, 0, 2, 2, 3,
       1, 2, 1, 3, 1, 2, 0, 0, 2, 2], dtype=object)]
[477, array([-78., -39., -39.,   0.]), array([2, 2, 2, 1, 2, 1, 3, 2, 0, 0, 0, 2, 3, 0, 0, 2, 2, 3, 0, 2, 2, 3,
       0, 0, 2, 0, 2, 2, 2, 2, 2, 0, 1, 3, 3, 0, 1, 2, 0, 3, 0, 2, 0, 3,
       1, 3, 1, 1, 2, 2, 3, 2, 2, 1, 0, 3, 0, 2, 2, 0, 2, 3, 0, 0, 3, 2,
       2, 3, 2, 3, 2, 3, 2, 3, 2, 2, 0, 3, 0, 0, 0, 3, 3, 2, 2, 0, 3, 0,
       2, 3, 2, 0, 0, 0, 0, 3, 3, 0, 3, 0, 2, 2, 0, 3, 2, 2, 0, 2, 2, 3,
       1, 2, 1, 3, 1, 2, 0, 0, 2, 2], dtype=object)]
[477, array([-78., -39., -39.,   0.]), array([2, 2, 2, 1, 2, 1, 3, 2, 0, 0, 0, 2, 3, 0, 0, 2, 2, 3, 0, 2, 2, 3,
       0, 0, 2, 0, 2, 2, 2, 2, 2, 0, 1, 3, 3, 0, 1, 2, 0, 3, 0, 2, 0, 3,
       1, 3, 1, 1, 2, 2, 3, 2, 2, 1, 0, 3, 0, 2, 2, 0, 2, 3, 0, 0, 3, 2,
       2, 3, 2, 3, 2, 3, 2, 3, 2, 2, 0, 3, 0, 0, 0, 3, 3, 2, 2, 0, 3, 0,
       2, 3, 2, 0, 0, 0, 0, 3, 3, 0, 3, 0, 2, 2, 0, 3, 2, 2, 0, 2, 2, 3,
       1, 2, 1, 3, 1, 2, 0, 0, 2, 2], dtype=object)]
[477, array([-78., -39., -39.,   0.]), array([2, 2, 2, 1, 2, 1, 3, 2, 0, 0, 0, 2, 3, 0, 0, 2, 2, 3, 0, 2, 2, 3,
       0, 0, 2, 0, 2, 2, 2, 2, 2, 0, 1, 3, 3, 0, 1, 2, 0, 3, 0, 2, 0, 3,
       1, 3, 1, 1, 2, 2, 3, 2, 2, 1, 0, 3, 0, 2, 2, 0, 2, 3, 0, 0, 3, 2,
       2, 3, 2, 3, 2, 3, 2, 3, 2, 2, 0, 3, 0, 0, 0, 3, 3, 2, 2, 0, 3, 0,
       2, 3, 2, 0, 0, 0, 0, 3, 3, 0, 3, 0, 2, 2, 0, 3, 2, 2, 0, 2, 2, 3,
       1, 2, 1, 3, 1, 2, 0, 0, 2, 2], dtype=object)]
[478, array([-78., -39., -39.,   0.]), array([2, 0, 1, 0, 2, 1, 1, 2, 0, 0, 0, 2, 1, 0, 0, 2, 2, 3, 0, 2, 2, 3,
       0, 0, 2, 0, 2, 2, 2, 2, 2, 0, 1, 3, 3, 0, 1, 2, 0, 3, 0, 2, 0, 3,
       1, 3, 1, 1, 2, 2, 3, 2, 2, 1, 0, 3, 0, 2, 2, 0, 2, 3, 0, 0, 3, 1,
       2, 3, 2, 3, 2, 3, 2, 3, 2, 2, 0, 1, 0, 0, 0, 3, 3, 2, 2, 0, 3, 0,
       2, 3, 3, 0, 0, 0, 0, 3, 3, 0, 3, 0, 2, 2, 1, 3, 2, 2, 0, 2, 2, 3,
       1, 2, 1, 3, 1, 2, 0, 3, 2, 2], dtype=object)]
[478, array([-78., -39., -39.,   0.]), array([2, 0, 1, 0, 2, 1, 1, 2, 0, 0, 0, 2, 1, 0, 0, 2, 2, 3, 0, 2, 2, 3,
       0, 0, 2, 0, 2, 2, 2, 2, 2, 0, 1, 3, 3, 0, 1, 2, 0, 3, 0, 2, 0, 3,
       1, 3, 1, 1, 2, 2, 3, 2, 2, 1, 0, 3, 0, 2, 2, 0, 2, 3, 0, 0, 3, 1,
       2, 3, 2, 3, 2, 3, 2, 3, 2, 2, 0, 1, 0, 0, 0, 3, 3, 2, 2, 0, 3, 0,
       2, 3, 3, 0, 0, 0, 0, 3, 3, 0, 3, 0, 2, 2, 1, 3, 2, 2, 0, 2, 2, 3,
       1, 2, 1, 3, 1, 2, 0, 3, 2, 2], dtype=object)]
[478, array([-78., -39., -39.,   0.]), array([2, 0, 1, 0, 2, 1, 1, 2, 0, 0, 0, 2, 1, 0, 0, 2, 2, 3, 0, 2, 2, 3,
       0, 0, 2, 0, 2, 2, 2, 2, 2, 0, 1, 3, 3, 0, 1, 2, 0, 3, 0, 2, 0, 3,
       1, 3, 1, 1, 2, 2, 3, 2, 2, 1, 0, 3, 0, 2, 2, 0, 2, 3, 0, 0, 3, 1,
       2, 3, 2, 3, 2, 3, 2, 3, 2, 2, 0, 1, 0, 0, 0, 3, 3, 2, 2, 0, 3, 0,
       2, 3, 3, 0, 0, 0, 0, 3, 3, 0, 3, 0, 2, 2, 1, 3, 2, 2, 0, 2, 2, 3,
       1, 2, 1, 3, 1, 2, 0, 3, 2, 2], dtype=object)]
[478, array([-78., -39., -39.,   0.]), array([2, 0, 1, 0, 2, 1, 1, 2, 0, 0, 0, 2, 1, 0, 0, 2, 2, 3, 0, 2, 2, 3,
       0, 0, 2, 0, 2, 2, 2, 2, 2, 0, 1, 3, 3, 0, 1, 2, 0, 3, 0, 2, 0, 3,
       1, 3, 1, 1, 2, 2, 3, 2, 2, 1, 0, 3, 0, 2, 2, 0, 2, 3, 0, 0, 3, 1,
       2, 3, 2, 3, 2, 3, 2, 3, 2, 2, 0, 1, 0, 0, 0, 3, 3, 2, 2, 0, 3, 0,
       2, 3, 3, 0, 0, 0, 0, 3, 3, 0, 3, 0, 2, 2, 1, 3, 2, 2, 0, 2, 2, 3,
       1, 2, 1, 3, 1, 2, 0, 3, 2, 2], dtype=object)]
[479, array([-78., -39., -39.,   0.]), array([2, 0, 1, 0, 2, 1, 1, 2, 0, 0, 0, 2, 1, 0, 0, 2, 2, 3, 0, 2, 2, 3,
       0, 0, 2, 0, 2, 2, 2, 2, 2, 0, 1, 3, 3, 0, 1, 2, 0, 3, 0, 1, 1, 3,
       1, 3, 1, 1, 2, 2, 3, 2, 2, 1, 0, 3, 0, 2, 2, 0, 2, 3, 0, 0, 3, 2,
       2, 3, 2, 3, 2, 3, 2, 3, 2, 2, 0, 3, 0, 0, 0, 3, 3, 2, 2, 0, 3, 0,
       2, 3, 2, 0, 0, 0, 0, 3, 3, 0, 3, 0, 2, 2, 0, 3, 2, 2, 0, 2, 2, 3,
       1, 2, 1, 3, 1, 2, 0, 0, 2, 2], dtype=object)]
[479, array([-78., -39., -39.,   0.]), array([2, 0, 1, 0, 2, 1, 1, 2, 0, 0, 0, 2, 1, 0, 0, 2, 2, 3, 0, 2, 2, 3,
       0, 0, 2, 0, 2, 2, 2, 2, 2, 0, 1, 3, 3, 0, 1, 2, 0, 3, 0, 1, 1, 3,
       1, 3, 1, 1, 2, 2, 3, 2, 2, 1, 0, 3, 0, 2, 2, 0, 2, 3, 0, 0, 3, 2,
       2, 3, 2, 3, 2, 3, 2, 3, 2, 2, 0, 3, 0, 0, 0, 3, 3, 2, 2, 0, 3, 0,
       2, 3, 2, 0, 0, 0, 0, 3, 3, 0, 3, 0, 2, 2, 0, 3, 2, 2, 0, 2, 2, 3,
       1, 2, 1, 3, 1, 2, 0, 0, 2, 2], dtype=object)]
[479, array([-78., -39., -39.,   0.]), array([2, 0, 1, 0, 2, 1, 1, 2, 0, 0, 0, 2, 1, 0, 0, 2, 2, 3, 0, 2, 2, 3,
       0, 0, 2, 0, 2, 2, 2, 2, 2, 0, 1, 3, 3, 0, 1, 2, 0, 3, 0, 1, 1, 3,
       1, 3, 1, 1, 2, 2, 3, 2, 2, 1, 0, 3, 0, 2, 2, 0, 2, 3, 0, 0, 3, 2,
       2, 3, 2, 3, 2, 3, 2, 3, 2, 2, 0, 3, 0, 0, 0, 3, 3, 2, 2, 0, 3, 0,
       2, 3, 2, 0, 0, 0, 0, 3, 3, 0, 3, 0, 2, 2, 0, 3, 2, 2, 0, 2, 2, 3,
       1, 2, 1, 3, 1, 2, 0, 0, 2, 2], dtype=object)]
[479, array([-78., -39., -39.,   0.]), array([2, 0, 1, 0, 2, 1, 1, 2, 0, 0, 0, 2, 1, 0, 0, 2, 2, 3, 0, 2, 2, 3,
       0, 0, 2, 0, 2, 2, 2, 2, 2, 0, 1, 3, 3, 0, 1, 2, 0, 3, 0, 1, 1, 3,
       1, 3, 1, 1, 2, 2, 3, 2, 2, 1, 0, 3, 0, 2, 2, 0, 2, 3, 0, 0, 3, 2,
       2, 3, 2, 3, 2, 3, 2, 3, 2, 2, 0, 3, 0, 0, 0, 3, 3, 2, 2, 0, 3, 0,
       2, 3, 2, 0, 0, 0, 0, 3, 3, 0, 3, 0, 2, 2, 0, 3, 2, 2, 0, 2, 2, 3,
       1, 2, 1, 3, 1, 2, 0, 0, 2, 2], dtype=object)]
[480, array([-78., -39., -39.,   0.]), array([2, 0, 1, 0, 2, 1, 1, 2, 0, 0, 0, 2, 1, 0, 0, 2, 2, 3, 0, 2, 2, 3,
       0, 0, 2, 0, 2, 2, 2, 2, 2, 0, 1, 3, 3, 0, 1, 2, 0, 3, 0, 2, 0, 3,
       1, 3, 1, 1, 2, 2, 3, 3, 2, 1, 0, 3, 0, 2, 2, 0, 2, 3, 0, 0, 3, 2,
       2, 3, 2, 3, 2, 3, 2, 3, 2, 2, 0, 0, 0, 0, 0, 3, 3, 2, 2, 0, 3, 0,
       2, 3, 2, 0, 0, 0, 0, 3, 3, 0, 3, 0, 2, 2, 0, 3, 2, 2, 0, 2, 2, 3,
       1, 2, 1, 3, 1, 2, 0, 0, 2, 2], dtype=object)]
[480, array([-78., -39., -39.,   0.]), array([2, 0, 1, 0, 2, 1, 1, 2, 0, 0, 0, 2, 1, 0, 0, 2, 2, 3, 0, 2, 2, 3,
       0, 0, 2, 0, 2, 2, 2, 2, 2, 0, 1, 3, 3, 0, 1, 2, 0, 3, 0, 2, 0, 3,
       1, 3, 1, 1, 2, 2, 3, 3, 2, 1, 0, 3, 0, 2, 2, 0, 2, 3, 0, 0, 3, 2,
       2, 3, 2, 3, 2, 3, 2, 3, 2, 2, 0, 0, 0, 0, 0, 3, 3, 2, 2, 0, 3, 0,
       2, 3, 2, 0, 0, 0, 0, 3, 3, 0, 3, 0, 2, 2, 0, 3, 2, 2, 0, 2, 2, 3,
       1, 2, 1, 3, 1, 2, 0, 0, 2, 2], dtype=object)]
[480, array([-78., -39., -39.,   0.]), array([2, 0, 1, 0, 2, 1, 1, 2, 0, 0, 0, 2, 1, 0, 0, 2, 2, 3, 0, 2, 2, 3,
       0, 0, 2, 0, 2, 2, 2, 2, 2, 0, 1, 3, 3, 0, 1, 2, 0, 3, 0, 2, 0, 3,
       1, 3, 1, 1, 2, 2, 3, 3, 2, 1, 0, 3, 0, 2, 2, 0, 2, 3, 0, 0, 3, 2,
       2, 3, 2, 3, 2, 3, 2, 3, 2, 2, 0, 0, 0, 0, 0, 3, 3, 2, 2, 0, 3, 0,
       2, 3, 2, 0, 0, 0, 0, 3, 3, 0, 3, 0, 2, 2, 0, 3, 2, 2, 0, 2, 2, 3,
       1, 2, 1, 3, 1, 2, 0, 0, 2, 2], dtype=object)]
[480, array([-78., -39., -39.,   0.]), array([2, 0, 1, 0, 2, 1, 1, 2, 0, 0, 0, 2, 1, 0, 0, 2, 2, 3, 0, 2, 2, 3,
       0, 0, 2, 0, 2, 2, 2, 2, 2, 0, 1, 3, 3, 0, 1, 2, 0, 3, 0, 2, 0, 3,
       1, 3, 1, 1, 2, 2, 3, 3, 2, 1, 0, 3, 0, 2, 2, 0, 2, 3, 0, 0, 3, 2,
       2, 3, 2, 3, 2, 3, 2, 3, 2, 2, 0, 0, 0, 0, 0, 3, 3, 2, 2, 0, 3, 0,
       2, 3, 2, 0, 0, 0, 0, 3, 3, 0, 3, 0, 2, 2, 0, 3, 2, 2, 0, 2, 2, 3,
       1, 2, 1, 3, 1, 2, 0, 0, 2, 2], dtype=object)]
[481, array([-78., -39., -39.,   0.]), array([2, 2, 2, 1, 2, 1, 3, 2, 0, 0, 0, 2, 1, 0, 0, 2, 2, 3, 0, 2, 2, 3,
       0, 0, 2, 0, 2, 2, 2, 2, 2, 0, 1, 3, 3, 0, 1, 2, 0, 3, 0, 1, 1, 3,
       1, 3, 1, 1, 2, 2, 3, 2, 2, 1, 0, 3, 0, 2, 2, 0, 2, 3, 0, 0, 3, 2,
       2, 3, 2, 3, 2, 3, 2, 3, 2, 2, 0, 3, 0, 0, 0, 3, 1, 2, 2, 0, 3, 0,
       2, 3, 3, 0, 0, 0, 0, 3, 3, 0, 3, 0, 2, 2, 1, 3, 2, 2, 0, 2, 2, 3,
       1, 2, 1, 2, 1, 2, 0, 3, 2, 2], dtype=object)]
[481, array([-78., -39., -39.,   0.]), array([2, 2, 2, 1, 2, 1, 3, 2, 0, 0, 0, 2, 1, 0, 0, 2, 2, 3, 0, 2, 2, 3,
       0, 0, 2, 0, 2, 2, 2, 2, 2, 0, 1, 3, 3, 0, 1, 2, 0, 3, 0, 1, 1, 3,
       1, 3, 1, 1, 2, 2, 3, 2, 2, 1, 0, 3, 0, 2, 2, 0, 2, 3, 0, 0, 3, 2,
       2, 3, 2, 3, 2, 3, 2, 3, 2, 2, 0, 3, 0, 0, 0, 3, 1, 2, 2, 0, 3, 0,
       2, 3, 3, 0, 0, 0, 0, 3, 3, 0, 3, 0, 2, 2, 1, 3, 2, 2, 0, 2, 2, 3,
       1, 2, 1, 2, 1, 2, 0, 3, 2, 2], dtype=object)]
[481, array([-78., -39., -39.,   0.]), array([2, 2, 2, 1, 2, 1, 3, 2, 0, 0, 0, 2, 1, 0, 0, 2, 2, 3, 0, 2, 2, 3,
       0, 0, 2, 0, 2, 2, 2, 2, 2, 0, 1, 3, 3, 0, 1, 2, 0, 3, 0, 1, 1, 3,
       1, 3, 1, 1, 2, 2, 3, 2, 2, 1, 0, 3, 0, 2, 2, 0, 2, 3, 0, 0, 3, 2,
       2, 3, 2, 3, 2, 3, 2, 3, 2, 2, 0, 3, 0, 0, 0, 3, 1, 2, 2, 0, 3, 0,
       2, 3, 3, 0, 0, 0, 0, 3, 3, 0, 3, 0, 2, 2, 1, 3, 2, 2, 0, 2, 2, 3,
       1, 2, 1, 2, 1, 2, 0, 3, 2, 2], dtype=object)]
[481, array([-78., -39., -39.,   0.]), array([2, 2, 2, 1, 2, 1, 3, 2, 0, 0, 0, 2, 1, 0, 0, 2, 2, 3, 0, 2, 2, 3,
       0, 0, 2, 0, 2, 2, 2, 2, 2, 0, 1, 3, 3, 0, 1, 2, 0, 3, 0, 1, 1, 3,
       1, 3, 1, 1, 2, 2, 3, 2, 2, 1, 0, 3, 0, 2, 2, 0, 2, 3, 0, 0, 3, 2,
       2, 3, 2, 3, 2, 3, 2, 3, 2, 2, 0, 3, 0, 0, 0, 3, 1, 2, 2, 0, 3, 0,
       2, 3, 3, 0, 0, 0, 0, 3, 3, 0, 3, 0, 2, 2, 1, 3, 2, 2, 0, 2, 2, 3,
       1, 2, 1, 2, 1, 2, 0, 3, 2, 2], dtype=object)]
[482, array([-86., -43., -43.,   0.]), array([2, 0, 1, 0, 2, 1, 1, 2, 0, 0, 0, 2, 1, 0, 0, 2, 2, 3, 0, 2, 2, 3,
       0, 0, 2, 0, 2, 2, 2, 2, 2, 0, 1, 3, 3, 0, 1, 2, 0, 3, 0, 2, 0, 3,
       1, 3, 1, 1, 2, 2, 3, 2, 2, 2, 0, 3, 0, 2, 2, 0, 2, 3, 0, 0, 3, 2,
       2, 3, 2, 3, 2, 3, 2, 3, 2, 2, 0, 3, 0, 0, 0, 3, 3, 2, 2, 0, 3, 0,
       2, 3, 2, 0, 0, 0, 0, 3, 3, 0, 3, 0, 2, 2, 0, 3, 2, 2, 0, 2, 2, 3,
       1, 2, 1, 3, 1, 2, 0, 3, 2, 2], dtype=object)]
[482, array([-86., -43., -43.,   0.]), array([2, 0, 1, 0, 2, 1, 1, 2, 0, 0, 0, 2, 1, 0, 0, 2, 2, 3, 0, 2, 2, 3,
       0, 0, 2, 0, 2, 2, 2, 2, 2, 0, 1, 3, 3, 0, 1, 2, 0, 3, 0, 2, 0, 3,
       1, 3, 1, 1, 2, 2, 3, 2, 2, 2, 0, 3, 0, 2, 2, 0, 2, 3, 0, 0, 3, 2,
       2, 3, 2, 3, 2, 3, 2, 3, 2, 2, 0, 3, 0, 0, 0, 3, 3, 2, 2, 0, 3, 0,
       2, 3, 2, 0, 0, 0, 0, 3, 3, 0, 3, 0, 2, 2, 0, 3, 2, 2, 0, 2, 2, 3,
       1, 2, 1, 3, 1, 2, 0, 3, 2, 2], dtype=object)]
[482, array([-86., -43., -43.,   0.]), array([2, 0, 1, 0, 2, 1, 1, 2, 0, 0, 0, 2, 1, 0, 0, 2, 2, 3, 0, 2, 2, 3,
       0, 0, 2, 0, 2, 2, 2, 2, 2, 0, 1, 3, 3, 0, 1, 2, 0, 3, 0, 2, 0, 3,
       1, 3, 1, 1, 2, 2, 3, 2, 2, 2, 0, 3, 0, 2, 2, 0, 2, 3, 0, 0, 3, 2,
       2, 3, 2, 3, 2, 3, 2, 3, 2, 2, 0, 3, 0, 0, 0, 3, 3, 2, 2, 0, 3, 0,
       2, 3, 2, 0, 0, 0, 0, 3, 3, 0, 3, 0, 2, 2, 0, 3, 2, 2, 0, 2, 2, 3,
       1, 2, 1, 3, 1, 2, 0, 3, 2, 2], dtype=object)]
[482, array([-86., -43., -43.,   0.]), array([2, 0, 1, 0, 2, 1, 1, 2, 0, 0, 0, 2, 1, 0, 0, 2, 2, 3, 0, 2, 2, 3,
       0, 0, 2, 0, 2, 2, 2, 2, 2, 0, 1, 3, 3, 0, 1, 2, 0, 3, 0, 2, 0, 3,
       1, 3, 1, 1, 2, 2, 3, 2, 2, 2, 0, 3, 0, 2, 2, 0, 2, 3, 0, 0, 3, 2,
       2, 3, 2, 3, 2, 3, 2, 3, 2, 2, 0, 3, 0, 0, 0, 3, 3, 2, 2, 0, 3, 0,
       2, 3, 2, 0, 0, 0, 0, 3, 3, 0, 3, 0, 2, 2, 0, 3, 2, 2, 0, 2, 2, 3,
       1, 2, 1, 3, 1, 2, 0, 3, 2, 2], dtype=object)]
[483, array([-78., -39., -39.,   0.]), array([2, 0, 1, 0, 2, 1, 1, 2, 0, 0, 0, 2, 1, 0, 0, 2, 2, 3, 0, 2, 2, 3,
       0, 0, 2, 0, 2, 2, 2, 2, 2, 0, 1, 3, 3, 0, 1, 2, 0, 3, 0, 2, 0, 3,
       1, 3, 1, 1, 2, 2, 3, 2, 2, 1, 0, 3, 0, 2, 2, 0, 2, 3, 0, 0, 3, 2,
       2, 2, 2, 3, 2, 3, 2, 3, 2, 2, 0, 3, 0, 0, 0, 3, 3, 2, 2, 0, 3, 0,
       2, 3, 3, 0, 0, 0, 0, 3, 3, 0, 3, 0, 2, 2, 1, 3, 2, 2, 0, 2, 2, 3,
       1, 2, 1, 2, 1, 2, 0, 3, 2, 2], dtype=object)]
[483, array([-78., -39., -39.,   0.]), array([2, 0, 1, 0, 2, 1, 1, 2, 0, 0, 0, 2, 1, 0, 0, 2, 2, 3, 0, 2, 2, 3,
       0, 0, 2, 0, 2, 2, 2, 2, 2, 0, 1, 3, 3, 0, 1, 2, 0, 3, 0, 2, 0, 3,
       1, 3, 1, 1, 2, 2, 3, 2, 2, 1, 0, 3, 0, 2, 2, 0, 2, 3, 0, 0, 3, 2,
       2, 2, 2, 3, 2, 3, 2, 3, 2, 2, 0, 3, 0, 0, 0, 3, 3, 2, 2, 0, 3, 0,
       2, 3, 3, 0, 0, 0, 0, 3, 3, 0, 3, 0, 2, 2, 1, 3, 2, 2, 0, 2, 2, 3,
       1, 2, 1, 2, 1, 2, 0, 3, 2, 2], dtype=object)]
[483, array([-78., -39., -39.,   0.]), array([2, 0, 1, 0, 2, 1, 1, 2, 0, 0, 0, 2, 1, 0, 0, 2, 2, 3, 0, 2, 2, 3,
       0, 0, 2, 0, 2, 2, 2, 2, 2, 0, 1, 3, 3, 0, 1, 2, 0, 3, 0, 2, 0, 3,
       1, 3, 1, 1, 2, 2, 3, 2, 2, 1, 0, 3, 0, 2, 2, 0, 2, 3, 0, 0, 3, 2,
       2, 2, 2, 3, 2, 3, 2, 3, 2, 2, 0, 3, 0, 0, 0, 3, 3, 2, 2, 0, 3, 0,
       2, 3, 3, 0, 0, 0, 0, 3, 3, 0, 3, 0, 2, 2, 1, 3, 2, 2, 0, 2, 2, 3,
       1, 2, 1, 2, 1, 2, 0, 3, 2, 2], dtype=object)]
[483, array([-78., -39., -39.,   0.]), array([2, 0, 1, 0, 2, 1, 1, 2, 0, 0, 0, 2, 1, 0, 0, 2, 2, 3, 0, 2, 2, 3,
       0, 0, 2, 0, 2, 2, 2, 2, 2, 0, 1, 3, 3, 0, 1, 2, 0, 3, 0, 2, 0, 3,
       1, 3, 1, 1, 2, 2, 3, 2, 2, 1, 0, 3, 0, 2, 2, 0, 2, 3, 0, 0, 3, 2,
       2, 2, 2, 3, 2, 3, 2, 3, 2, 2, 0, 3, 0, 0, 0, 3, 3, 2, 2, 0, 3, 0,
       2, 3, 3, 0, 0, 0, 0, 3, 3, 0, 3, 0, 2, 2, 1, 3, 2, 2, 0, 2, 2, 3,
       1, 2, 1, 2, 1, 2, 0, 3, 2, 2], dtype=object)]
[484, array([-78., -39., -39.,   0.]), array([2, 2, 2, 1, 2, 1, 3, 2, 0, 0, 0, 2, 3, 0, 0, 2, 2, 3, 0, 2, 2, 3,
       0, 0, 0, 0, 2, 2, 2, 2, 2, 0, 1, 3, 3, 0, 1, 2, 0, 3, 0, 2, 0, 3,
       1, 3, 1, 1, 2, 2, 3, 2, 2, 1, 0, 3, 0, 2, 2, 0, 2, 3, 0, 0, 3, 2,
       2, 3, 2, 3, 2, 3, 2, 3, 2, 2, 0, 1, 0, 0, 0, 3, 1, 2, 2, 0, 3, 1,
       2, 3, 3, 0, 0, 0, 0, 3, 3, 0, 3, 0, 2, 2, 1, 3, 2, 2, 0, 2, 2, 3,
       1, 2, 3, 2, 1, 2, 0, 2, 2, 2], dtype=object)]
[484, array([-78., -39., -39.,   0.]), array([2, 2, 2, 1, 2, 1, 3, 2, 0, 0, 0, 2, 3, 0, 0, 2, 2, 3, 0, 2, 2, 3,
       0, 0, 0, 0, 2, 2, 2, 2, 2, 0, 1, 3, 3, 0, 1, 2, 0, 3, 0, 2, 0, 3,
       1, 3, 1, 1, 2, 2, 3, 2, 2, 1, 0, 3, 0, 2, 2, 0, 2, 3, 0, 0, 3, 2,
       2, 3, 2, 3, 2, 3, 2, 3, 2, 2, 0, 1, 0, 0, 0, 3, 1, 2, 2, 0, 3, 1,
       2, 3, 3, 0, 0, 0, 0, 3, 3, 0, 3, 0, 2, 2, 1, 3, 2, 2, 0, 2, 2, 3,
       1, 2, 3, 2, 1, 2, 0, 2, 2, 2], dtype=object)]
[484, array([-78., -39., -39.,   0.]), array([2, 2, 2, 1, 2, 1, 3, 2, 0, 0, 0, 2, 3, 0, 0, 2, 2, 3, 0, 2, 2, 3,
       0, 0, 0, 0, 2, 2, 2, 2, 2, 0, 1, 3, 3, 0, 1, 2, 0, 3, 0, 2, 0, 3,
       1, 3, 1, 1, 2, 2, 3, 2, 2, 1, 0, 3, 0, 2, 2, 0, 2, 3, 0, 0, 3, 2,
       2, 3, 2, 3, 2, 3, 2, 3, 2, 2, 0, 1, 0, 0, 0, 3, 1, 2, 2, 0, 3, 1,
       2, 3, 3, 0, 0, 0, 0, 3, 3, 0, 3, 0, 2, 2, 1, 3, 2, 2, 0, 2, 2, 3,
       1, 2, 3, 2, 1, 2, 0, 2, 2, 2], dtype=object)]
[484, array([-78., -39., -39.,   0.]), array([2, 2, 2, 1, 2, 1, 3, 2, 0, 0, 0, 2, 3, 0, 0, 2, 2, 3, 0, 2, 2, 3,
       0, 0, 0, 0, 2, 2, 2, 2, 2, 0, 1, 3, 3, 0, 1, 2, 0, 3, 0, 2, 0, 3,
       1, 3, 1, 1, 2, 2, 3, 2, 2, 1, 0, 3, 0, 2, 2, 0, 2, 3, 0, 0, 3, 2,
       2, 3, 2, 3, 2, 3, 2, 3, 2, 2, 0, 1, 0, 0, 0, 3, 1, 2, 2, 0, 3, 1,
       2, 3, 3, 0, 0, 0, 0, 3, 3, 0, 3, 0, 2, 2, 1, 3, 2, 2, 0, 2, 2, 3,
       1, 2, 3, 2, 1, 2, 0, 2, 2, 2], dtype=object)]
[485, array([-86., -43., -43.,   0.]), array([2, 0, 1, 0, 2, 1, 1, 2, 0, 0, 0, 2, 1, 0, 0, 2, 2, 3, 0, 2, 2, 3,
       0, 0, 2, 0, 2, 2, 2, 2, 2, 0, 1, 3, 3, 0, 1, 2, 0, 3, 0, 2, 0, 3,
       1, 3, 1, 1, 2, 2, 3, 2, 2, 2, 0, 3, 0, 2, 2, 0, 2, 3, 0, 0, 3, 2,
       2, 3, 2, 3, 2, 3, 2, 3, 2, 2, 0, 3, 0, 0, 0, 3, 3, 2, 2, 0, 3, 0,
       2, 3, 3, 0, 0, 0, 0, 3, 3, 0, 3, 0, 2, 2, 1, 3, 2, 2, 0, 2, 2, 3,
       1, 2, 3, 2, 1, 2, 0, 3, 2, 2], dtype=object)]
[485, array([-86., -43., -43.,   0.]), array([2, 0, 1, 0, 2, 1, 1, 2, 0, 0, 0, 2, 1, 0, 0, 2, 2, 3, 0, 2, 2, 3,
       0, 0, 2, 0, 2, 2, 2, 2, 2, 0, 1, 3, 3, 0, 1, 2, 0, 3, 0, 2, 0, 3,
       1, 3, 1, 1, 2, 2, 3, 2, 2, 2, 0, 3, 0, 2, 2, 0, 2, 3, 0, 0, 3, 2,
       2, 3, 2, 3, 2, 3, 2, 3, 2, 2, 0, 3, 0, 0, 0, 3, 3, 2, 2, 0, 3, 0,
       2, 3, 3, 0, 0, 0, 0, 3, 3, 0, 3, 0, 2, 2, 1, 3, 2, 2, 0, 2, 2, 3,
       1, 2, 3, 2, 1, 2, 0, 3, 2, 2], dtype=object)]
[485, array([-86., -43., -43.,   0.]), array([2, 0, 1, 0, 2, 1, 1, 2, 0, 0, 0, 2, 1, 0, 0, 2, 2, 3, 0, 2, 2, 3,
       0, 0, 2, 0, 2, 2, 2, 2, 2, 0, 1, 3, 3, 0, 1, 2, 0, 3, 0, 2, 0, 3,
       1, 3, 1, 1, 2, 2, 3, 2, 2, 2, 0, 3, 0, 2, 2, 0, 2, 3, 0, 0, 3, 2,
       2, 3, 2, 3, 2, 3, 2, 3, 2, 2, 0, 3, 0, 0, 0, 3, 3, 2, 2, 0, 3, 0,
       2, 3, 3, 0, 0, 0, 0, 3, 3, 0, 3, 0, 2, 2, 1, 3, 2, 2, 0, 2, 2, 3,
       1, 2, 3, 2, 1, 2, 0, 3, 2, 2], dtype=object)]
[485, array([-86., -43., -43.,   0.]), array([2, 0, 1, 0, 2, 1, 1, 2, 0, 0, 0, 2, 1, 0, 0, 2, 2, 3, 0, 2, 2, 3,
       0, 0, 2, 0, 2, 2, 2, 2, 2, 0, 1, 3, 3, 0, 1, 2, 0, 3, 0, 2, 0, 3,
       1, 3, 1, 1, 2, 2, 3, 2, 2, 2, 0, 3, 0, 2, 2, 0, 2, 3, 0, 0, 3, 2,
       2, 3, 2, 3, 2, 3, 2, 3, 2, 2, 0, 3, 0, 0, 0, 3, 3, 2, 2, 0, 3, 0,
       2, 3, 3, 0, 0, 0, 0, 3, 3, 0, 3, 0, 2, 2, 1, 3, 2, 2, 0, 2, 2, 3,
       1, 2, 3, 2, 1, 2, 0, 3, 2, 2], dtype=object)]
[486, array([-86., -43., -43.,   0.]), array([2, 0, 1, 0, 2, 1, 1, 2, 0, 0, 0, 2, 1, 0, 0, 2, 2, 3, 0, 2, 2, 3,
       0, 0, 2, 0, 2, 2, 2, 2, 2, 0, 1, 3, 3, 0, 1, 2, 0, 3, 0, 2, 0, 3,
       1, 3, 1, 1, 2, 2, 3, 2, 2, 2, 0, 3, 0, 2, 2, 0, 2, 3, 0, 0, 3, 2,
       2, 3, 2, 3, 2, 3, 2, 3, 2, 2, 0, 3, 0, 0, 0, 3, 3, 2, 2, 0, 3, 0,
       2, 3, 2, 0, 0, 0, 0, 3, 3, 0, 3, 0, 2, 2, 0, 3, 2, 2, 0, 2, 2, 3,
       1, 2, 1, 2, 1, 2, 0, 3, 2, 2], dtype=object)]
[486, array([-86., -43., -43.,   0.]), array([2, 0, 1, 0, 2, 1, 1, 2, 0, 0, 0, 2, 1, 0, 0, 2, 2, 3, 0, 2, 2, 3,
       0, 0, 2, 0, 2, 2, 2, 2, 2, 0, 1, 3, 3, 0, 1, 2, 0, 3, 0, 2, 0, 3,
       1, 3, 1, 1, 2, 2, 3, 2, 2, 2, 0, 3, 0, 2, 2, 0, 2, 3, 0, 0, 3, 2,
       2, 3, 2, 3, 2, 3, 2, 3, 2, 2, 0, 3, 0, 0, 0, 3, 3, 2, 2, 0, 3, 0,
       2, 3, 2, 0, 0, 0, 0, 3, 3, 0, 3, 0, 2, 2, 0, 3, 2, 2, 0, 2, 2, 3,
       1, 2, 1, 2, 1, 2, 0, 3, 2, 2], dtype=object)]
[486, array([-86., -43., -43.,   0.]), array([2, 0, 1, 0, 2, 1, 1, 2, 0, 0, 0, 2, 1, 0, 0, 2, 2, 3, 0, 2, 2, 3,
       0, 0, 2, 0, 2, 2, 2, 2, 2, 0, 1, 3, 3, 0, 1, 2, 0, 3, 0, 2, 0, 3,
       1, 3, 1, 1, 2, 2, 3, 2, 2, 2, 0, 3, 0, 2, 2, 0, 2, 3, 0, 0, 3, 2,
       2, 3, 2, 3, 2, 3, 2, 3, 2, 2, 0, 3, 0, 0, 0, 3, 3, 2, 2, 0, 3, 0,
       2, 3, 2, 0, 0, 0, 0, 3, 3, 0, 3, 0, 2, 2, 0, 3, 2, 2, 0, 2, 2, 3,
       1, 2, 1, 2, 1, 2, 0, 3, 2, 2], dtype=object)]
[486, array([-86., -43., -43.,   0.]), array([2, 0, 1, 0, 2, 1, 1, 2, 0, 0, 0, 2, 1, 0, 0, 2, 2, 3, 0, 2, 2, 3,
       0, 0, 2, 0, 2, 2, 2, 2, 2, 0, 1, 3, 3, 0, 1, 2, 0, 3, 0, 2, 0, 3,
       1, 3, 1, 1, 2, 2, 3, 2, 2, 2, 0, 3, 0, 2, 2, 0, 2, 3, 0, 0, 3, 2,
       2, 3, 2, 3, 2, 3, 2, 3, 2, 2, 0, 3, 0, 0, 0, 3, 3, 2, 2, 0, 3, 0,
       2, 3, 2, 0, 0, 0, 0, 3, 3, 0, 3, 0, 2, 2, 0, 3, 2, 2, 0, 2, 2, 3,
       1, 2, 1, 2, 1, 2, 0, 3, 2, 2], dtype=object)]
[487, array([-86., -43., -43.,   0.]), array([2, 0, 1, 0, 2, 1, 1, 2, 0, 0, 0, 2, 1, 0, 0, 2, 2, 3, 0, 2, 2, 3,
       0, 0, 2, 0, 2, 2, 2, 2, 2, 0, 1, 3, 3, 0, 1, 2, 0, 3, 0, 2, 0, 3,
       1, 3, 1, 1, 2, 2, 3, 2, 2, 2, 0, 3, 0, 2, 2, 0, 2, 3, 0, 0, 3, 2,
       2, 3, 2, 3, 2, 3, 2, 3, 2, 2, 0, 3, 0, 0, 0, 3, 1, 2, 2, 0, 3, 0,
       2, 3, 3, 0, 0, 0, 0, 3, 3, 0, 3, 1, 2, 2, 1, 3, 2, 2, 0, 2, 2, 3,
       1, 2, 3, 2, 1, 2, 0, 3, 2, 2], dtype=object)]
[487, array([-86., -43., -43.,   0.]), array([2, 0, 1, 0, 2, 1, 1, 2, 0, 0, 0, 2, 1, 0, 0, 2, 2, 3, 0, 2, 2, 3,
       0, 0, 2, 0, 2, 2, 2, 2, 2, 0, 1, 3, 3, 0, 1, 2, 0, 3, 0, 2, 0, 3,
       1, 3, 1, 1, 2, 2, 3, 2, 2, 2, 0, 3, 0, 2, 2, 0, 2, 3, 0, 0, 3, 2,
       2, 3, 2, 3, 2, 3, 2, 3, 2, 2, 0, 3, 0, 0, 0, 3, 1, 2, 2, 0, 3, 0,
       2, 3, 3, 0, 0, 0, 0, 3, 3, 0, 3, 1, 2, 2, 1, 3, 2, 2, 0, 2, 2, 3,
       1, 2, 3, 2, 1, 2, 0, 3, 2, 2], dtype=object)]
[487, array([-86., -43., -43.,   0.]), array([2, 0, 1, 0, 2, 1, 1, 2, 0, 0, 0, 2, 1, 0, 0, 2, 2, 3, 0, 2, 2, 3,
       0, 0, 2, 0, 2, 2, 2, 2, 2, 0, 1, 3, 3, 0, 1, 2, 0, 3, 0, 2, 0, 3,
       1, 3, 1, 1, 2, 2, 3, 2, 2, 2, 0, 3, 0, 2, 2, 0, 2, 3, 0, 0, 3, 2,
       2, 3, 2, 3, 2, 3, 2, 3, 2, 2, 0, 3, 0, 0, 0, 3, 1, 2, 2, 0, 3, 0,
       2, 3, 3, 0, 0, 0, 0, 3, 3, 0, 3, 1, 2, 2, 1, 3, 2, 2, 0, 2, 2, 3,
       1, 2, 3, 2, 1, 2, 0, 3, 2, 2], dtype=object)]
[487, array([-86., -43., -43.,   0.]), array([2, 0, 1, 0, 2, 1, 1, 2, 0, 0, 0, 2, 1, 0, 0, 2, 2, 3, 0, 2, 2, 3,
       0, 0, 2, 0, 2, 2, 2, 2, 2, 0, 1, 3, 3, 0, 1, 2, 0, 3, 0, 2, 0, 3,
       1, 3, 1, 1, 2, 2, 3, 2, 2, 2, 0, 3, 0, 2, 2, 0, 2, 3, 0, 0, 3, 2,
       2, 3, 2, 3, 2, 3, 2, 3, 2, 2, 0, 3, 0, 0, 0, 3, 1, 2, 2, 0, 3, 0,
       2, 3, 3, 0, 0, 0, 0, 3, 3, 0, 3, 1, 2, 2, 1, 3, 2, 2, 0, 2, 2, 3,
       1, 2, 3, 2, 1, 2, 0, 3, 2, 2], dtype=object)]
[488, array([-86., -43., -43.,   0.]), array([2, 0, 1, 0, 2, 1, 1, 2, 0, 0, 0, 2, 1, 0, 0, 2, 2, 3, 0, 2, 2, 3,
       0, 0, 2, 0, 2, 2, 2, 2, 2, 0, 1, 3, 3, 0, 1, 2, 0, 3, 0, 2, 0, 3,
       1, 3, 1, 1, 2, 2, 3, 2, 2, 2, 0, 3, 0, 2, 2, 0, 2, 3, 0, 0, 3, 2,
       2, 3, 2, 3, 2, 3, 2, 3, 2, 2, 0, 3, 0, 0, 0, 3, 1, 2, 2, 0, 3, 0,
       2, 3, 3, 0, 0, 0, 0, 3, 3, 0, 3, 1, 2, 2, 1, 3, 2, 2, 0, 2, 2, 3,
       1, 2, 3, 2, 1, 2, 0, 3, 2, 2], dtype=object)]
[488, array([-86., -43., -43.,   0.]), array([2, 0, 1, 0, 2, 1, 1, 2, 0, 0, 0, 2, 1, 0, 0, 2, 2, 3, 0, 2, 2, 3,
       0, 0, 2, 0, 2, 2, 2, 2, 2, 0, 1, 3, 3, 0, 1, 2, 0, 3, 0, 2, 0, 3,
       1, 3, 1, 1, 2, 2, 3, 2, 2, 2, 0, 3, 0, 2, 2, 0, 2, 3, 0, 0, 3, 2,
       2, 3, 2, 3, 2, 3, 2, 3, 2, 2, 0, 3, 0, 0, 0, 3, 1, 2, 2, 0, 3, 0,
       2, 3, 3, 0, 0, 0, 0, 3, 3, 0, 3, 1, 2, 2, 1, 3, 2, 2, 0, 2, 2, 3,
       1, 2, 3, 2, 1, 2, 0, 3, 2, 2], dtype=object)]
[488, array([-86., -43., -43.,   0.]), array([2, 0, 1, 0, 2, 1, 1, 2, 0, 0, 0, 2, 1, 0, 0, 2, 2, 3, 0, 2, 2, 3,
       0, 0, 2, 0, 2, 2, 2, 2, 2, 0, 1, 3, 3, 0, 1, 2, 0, 3, 0, 2, 0, 3,
       1, 3, 1, 1, 2, 2, 3, 2, 2, 2, 0, 3, 0, 2, 2, 0, 2, 3, 0, 0, 3, 2,
       2, 3, 2, 3, 2, 3, 2, 3, 2, 2, 0, 3, 0, 0, 0, 3, 1, 2, 2, 0, 3, 0,
       2, 3, 3, 0, 0, 0, 0, 3, 3, 0, 3, 1, 2, 2, 1, 3, 2, 2, 0, 2, 2, 3,
       1, 2, 3, 2, 1, 2, 0, 3, 2, 2], dtype=object)]
[488, array([-86., -43., -43.,   0.]), array([2, 0, 1, 0, 2, 1, 1, 2, 0, 0, 0, 2, 1, 0, 0, 2, 2, 3, 0, 2, 2, 3,
       0, 0, 2, 0, 2, 2, 2, 2, 2, 0, 1, 3, 3, 0, 1, 2, 0, 3, 0, 2, 0, 3,
       1, 3, 1, 1, 2, 2, 3, 2, 2, 2, 0, 3, 0, 2, 2, 0, 2, 3, 0, 0, 3, 2,
       2, 3, 2, 3, 2, 3, 2, 3, 2, 2, 0, 3, 0, 0, 0, 3, 1, 2, 2, 0, 3, 0,
       2, 3, 3, 0, 0, 0, 0, 3, 3, 0, 3, 1, 2, 2, 1, 3, 2, 2, 0, 2, 2, 3,
       1, 2, 3, 2, 1, 2, 0, 3, 2, 2], dtype=object)]
[489, array([-86., -43., -43.,   0.]), array([2, 0, 1, 0, 2, 1, 1, 2, 0, 0, 0, 2, 1, 0, 0, 2, 2, 3, 0, 2, 2, 3,
       0, 0, 2, 0, 2, 2, 2, 2, 2, 0, 1, 3, 3, 0, 1, 2, 0, 3, 0, 2, 0, 3,
       1, 3, 1, 1, 2, 2, 3, 2, 2, 2, 0, 3, 0, 2, 2, 0, 2, 3, 0, 0, 3, 2,
       2, 3, 2, 3, 2, 3, 2, 3, 2, 2, 0, 3, 0, 0, 0, 3, 3, 2, 2, 0, 3, 0,
       2, 3, 2, 0, 0, 0, 0, 3, 3, 0, 3, 0, 2, 2, 0, 3, 2, 2, 0, 2, 2, 3,
       1, 2, 1, 3, 1, 2, 0, 3, 2, 2], dtype=object)]
[489, array([-86., -43., -43.,   0.]), array([2, 0, 1, 0, 2, 1, 1, 2, 0, 0, 0, 2, 1, 0, 0, 2, 2, 3, 0, 2, 2, 3,
       0, 0, 2, 0, 2, 2, 2, 2, 2, 0, 1, 3, 3, 0, 1, 2, 0, 3, 0, 2, 0, 3,
       1, 3, 1, 1, 2, 2, 3, 2, 2, 2, 0, 3, 0, 2, 2, 0, 2, 3, 0, 0, 3, 2,
       2, 3, 2, 3, 2, 3, 2, 3, 2, 2, 0, 3, 0, 0, 0, 3, 3, 2, 2, 0, 3, 0,
       2, 3, 2, 0, 0, 0, 0, 3, 3, 0, 3, 0, 2, 2, 0, 3, 2, 2, 0, 2, 2, 3,
       1, 2, 1, 3, 1, 2, 0, 3, 2, 2], dtype=object)]
[489, array([-86., -43., -43.,   0.]), array([2, 0, 1, 0, 2, 1, 1, 2, 0, 0, 0, 2, 1, 0, 0, 2, 2, 3, 0, 2, 2, 3,
       0, 0, 2, 0, 2, 2, 2, 2, 2, 0, 1, 3, 3, 0, 1, 2, 0, 3, 0, 2, 0, 3,
       1, 3, 1, 1, 2, 2, 3, 2, 2, 2, 0, 3, 0, 2, 2, 0, 2, 3, 0, 0, 3, 2,
       2, 3, 2, 3, 2, 3, 2, 3, 2, 2, 0, 3, 0, 0, 0, 3, 3, 2, 2, 0, 3, 0,
       2, 3, 2, 0, 0, 0, 0, 3, 3, 0, 3, 0, 2, 2, 0, 3, 2, 2, 0, 2, 2, 3,
       1, 2, 1, 3, 1, 2, 0, 3, 2, 2], dtype=object)]
[489, array([-86., -43., -43.,   0.]), array([2, 0, 1, 0, 2, 1, 1, 2, 0, 0, 0, 2, 1, 0, 0, 2, 2, 3, 0, 2, 2, 3,
       0, 0, 2, 0, 2, 2, 2, 2, 2, 0, 1, 3, 3, 0, 1, 2, 0, 3, 0, 2, 0, 3,
       1, 3, 1, 1, 2, 2, 3, 2, 2, 2, 0, 3, 0, 2, 2, 0, 2, 3, 0, 0, 3, 2,
       2, 3, 2, 3, 2, 3, 2, 3, 2, 2, 0, 3, 0, 0, 0, 3, 3, 2, 2, 0, 3, 0,
       2, 3, 2, 0, 0, 0, 0, 3, 3, 0, 3, 0, 2, 2, 0, 3, 2, 2, 0, 2, 2, 3,
       1, 2, 1, 3, 1, 2, 0, 3, 2, 2], dtype=object)]
[490, array([-86., -43., -43.,   0.]), array([2, 2, 2, 1, 2, 1, 3, 2, 0, 0, 0, 2, 3, 0, 0, 2, 2, 3, 0, 2, 2, 3,
       0, 0, 2, 0, 2, 2, 2, 2, 2, 0, 1, 3, 3, 0, 1, 2, 0, 3, 0, 2, 0, 3,
       1, 3, 1, 1, 2, 2, 3, 2, 2, 2, 0, 3, 0, 2, 2, 0, 2, 3, 0, 0, 3, 2,
       2, 3, 2, 3, 2, 3, 2, 3, 2, 2, 0, 3, 0, 0, 0, 3, 3, 2, 2, 0, 3, 0,
       2, 3, 2, 0, 0, 0, 0, 3, 3, 0, 3, 0, 2, 2, 0, 3, 2, 2, 0, 2, 2, 3,
       1, 2, 1, 3, 1, 2, 0, 3, 2, 2], dtype=object)]
[490, array([-86., -43., -43.,   0.]), array([2, 2, 2, 1, 2, 1, 3, 2, 0, 0, 0, 2, 3, 0, 0, 2, 2, 3, 0, 2, 2, 3,
       0, 0, 2, 0, 2, 2, 2, 2, 2, 0, 1, 3, 3, 0, 1, 2, 0, 3, 0, 2, 0, 3,
       1, 3, 1, 1, 2, 2, 3, 2, 2, 2, 0, 3, 0, 2, 2, 0, 2, 3, 0, 0, 3, 2,
       2, 3, 2, 3, 2, 3, 2, 3, 2, 2, 0, 3, 0, 0, 0, 3, 3, 2, 2, 0, 3, 0,
       2, 3, 2, 0, 0, 0, 0, 3, 3, 0, 3, 0, 2, 2, 0, 3, 2, 2, 0, 2, 2, 3,
       1, 2, 1, 3, 1, 2, 0, 3, 2, 2], dtype=object)]
[490, array([-86., -43., -43.,   0.]), array([2, 2, 2, 1, 2, 1, 3, 2, 0, 0, 0, 2, 3, 0, 0, 2, 2, 3, 0, 2, 2, 3,
       0, 0, 2, 0, 2, 2, 2, 2, 2, 0, 1, 3, 3, 0, 1, 2, 0, 3, 0, 2, 0, 3,
       1, 3, 1, 1, 2, 2, 3, 2, 2, 2, 0, 3, 0, 2, 2, 0, 2, 3, 0, 0, 3, 2,
       2, 3, 2, 3, 2, 3, 2, 3, 2, 2, 0, 3, 0, 0, 0, 3, 3, 2, 2, 0, 3, 0,
       2, 3, 2, 0, 0, 0, 0, 3, 3, 0, 3, 0, 2, 2, 0, 3, 2, 2, 0, 2, 2, 3,
       1, 2, 1, 3, 1, 2, 0, 3, 2, 2], dtype=object)]
[490, array([-86., -43., -43.,   0.]), array([2, 2, 2, 1, 2, 1, 3, 2, 0, 0, 0, 2, 3, 0, 0, 2, 2, 3, 0, 2, 2, 3,
       0, 0, 2, 0, 2, 2, 2, 2, 2, 0, 1, 3, 3, 0, 1, 2, 0, 3, 0, 2, 0, 3,
       1, 3, 1, 1, 2, 2, 3, 2, 2, 2, 0, 3, 0, 2, 2, 0, 2, 3, 0, 0, 3, 2,
       2, 3, 2, 3, 2, 3, 2, 3, 2, 2, 0, 3, 0, 0, 0, 3, 3, 2, 2, 0, 3, 0,
       2, 3, 2, 0, 0, 0, 0, 3, 3, 0, 3, 0, 2, 2, 0, 3, 2, 2, 0, 2, 2, 3,
       1, 2, 1, 3, 1, 2, 0, 3, 2, 2], dtype=object)]
[491, array([-86., -43., -43.,   0.]), array([2, 1, 2, 1, 2, 1, 3, 2, 0, 0, 0, 2, 1, 0, 0, 2, 2, 3, 0, 2, 2, 3,
       0, 0, 2, 0, 2, 2, 2, 2, 2, 0, 2, 3, 3, 0, 1, 2, 0, 3, 0, 2, 0, 3,
       1, 3, 1, 1, 2, 2, 3, 2, 2, 2, 0, 3, 0, 2, 2, 0, 2, 3, 0, 0, 3, 2,
       2, 3, 2, 3, 2, 3, 2, 3, 2, 2, 0, 3, 0, 0, 0, 3, 3, 2, 2, 0, 3, 0,
       2, 3, 2, 0, 0, 0, 0, 3, 3, 0, 3, 0, 2, 2, 0, 3, 2, 2, 0, 2, 2, 3,
       1, 2, 1, 3, 1, 2, 0, 3, 2, 2], dtype=object)]
[491, array([-86., -43., -43.,   0.]), array([2, 1, 2, 1, 2, 1, 3, 2, 0, 0, 0, 2, 1, 0, 0, 2, 2, 3, 0, 2, 2, 3,
       0, 0, 2, 0, 2, 2, 2, 2, 2, 0, 2, 3, 3, 0, 1, 2, 0, 3, 0, 2, 0, 3,
       1, 3, 1, 1, 2, 2, 3, 2, 2, 2, 0, 3, 0, 2, 2, 0, 2, 3, 0, 0, 3, 2,
       2, 3, 2, 3, 2, 3, 2, 3, 2, 2, 0, 3, 0, 0, 0, 3, 3, 2, 2, 0, 3, 0,
       2, 3, 2, 0, 0, 0, 0, 3, 3, 0, 3, 0, 2, 2, 0, 3, 2, 2, 0, 2, 2, 3,
       1, 2, 1, 3, 1, 2, 0, 3, 2, 2], dtype=object)]
[491, array([-86., -43., -43.,   0.]), array([2, 1, 2, 1, 2, 1, 3, 2, 0, 0, 0, 2, 1, 0, 0, 2, 2, 3, 0, 2, 2, 3,
       0, 0, 2, 0, 2, 2, 2, 2, 2, 0, 2, 3, 3, 0, 1, 2, 0, 3, 0, 2, 0, 3,
       1, 3, 1, 1, 2, 2, 3, 2, 2, 2, 0, 3, 0, 2, 2, 0, 2, 3, 0, 0, 3, 2,
       2, 3, 2, 3, 2, 3, 2, 3, 2, 2, 0, 3, 0, 0, 0, 3, 3, 2, 2, 0, 3, 0,
       2, 3, 2, 0, 0, 0, 0, 3, 3, 0, 3, 0, 2, 2, 0, 3, 2, 2, 0, 2, 2, 3,
       1, 2, 1, 3, 1, 2, 0, 3, 2, 2], dtype=object)]
[491, array([-86., -43., -43.,   0.]), array([2, 1, 2, 1, 2, 1, 3, 2, 0, 0, 0, 2, 1, 0, 0, 2, 2, 3, 0, 2, 2, 3,
       0, 0, 2, 0, 2, 2, 2, 2, 2, 0, 2, 3, 3, 0, 1, 2, 0, 3, 0, 2, 0, 3,
       1, 3, 1, 1, 2, 2, 3, 2, 2, 2, 0, 3, 0, 2, 2, 0, 2, 3, 0, 0, 3, 2,
       2, 3, 2, 3, 2, 3, 2, 3, 2, 2, 0, 3, 0, 0, 0, 3, 3, 2, 2, 0, 3, 0,
       2, 3, 2, 0, 0, 0, 0, 3, 3, 0, 3, 0, 2, 2, 0, 3, 2, 2, 0, 2, 2, 3,
       1, 2, 1, 3, 1, 2, 0, 3, 2, 2], dtype=object)]
[492, array([-86., -43., -43.,   0.]), array([2, 2, 2, 1, 2, 1, 3, 2, 0, 0, 0, 2, 1, 0, 0, 2, 2, 3, 0, 2, 2, 3,
       0, 0, 2, 0, 2, 2, 2, 2, 2, 0, 2, 3, 3, 0, 3, 2, 0, 3, 0, 2, 0, 3,
       1, 3, 1, 1, 2, 2, 3, 2, 2, 2, 0, 3, 0, 2, 2, 0, 2, 3, 0, 0, 3, 2,
       2, 3, 2, 3, 2, 3, 2, 3, 2, 2, 0, 3, 0, 0, 0, 3, 3, 2, 2, 0, 3, 0,
       2, 3, 2, 0, 0, 0, 0, 3, 3, 0, 3, 0, 2, 2, 0, 3, 2, 2, 0, 2, 2, 3,
       1, 2, 1, 3, 1, 2, 0, 3, 2, 2], dtype=object)]
[492, array([-86., -43., -43.,   0.]), array([2, 2, 2, 1, 2, 1, 3, 2, 0, 0, 0, 2, 1, 0, 0, 2, 2, 3, 0, 2, 2, 3,
       0, 0, 2, 0, 2, 2, 2, 2, 2, 0, 2, 3, 3, 0, 3, 2, 0, 3, 0, 2, 0, 3,
       1, 3, 1, 1, 2, 2, 3, 2, 2, 2, 0, 3, 0, 2, 2, 0, 2, 3, 0, 0, 3, 2,
       2, 3, 2, 3, 2, 3, 2, 3, 2, 2, 0, 3, 0, 0, 0, 3, 3, 2, 2, 0, 3, 0,
       2, 3, 2, 0, 0, 0, 0, 3, 3, 0, 3, 0, 2, 2, 0, 3, 2, 2, 0, 2, 2, 3,
       1, 2, 1, 3, 1, 2, 0, 3, 2, 2], dtype=object)]
[492, array([-86., -43., -43.,   0.]), array([2, 2, 2, 1, 2, 1, 3, 2, 0, 0, 0, 2, 1, 0, 0, 2, 2, 3, 0, 2, 2, 3,
       0, 0, 2, 0, 2, 2, 2, 2, 2, 0, 2, 3, 3, 0, 3, 2, 0, 3, 0, 2, 0, 3,
       1, 3, 1, 1, 2, 2, 3, 2, 2, 2, 0, 3, 0, 2, 2, 0, 2, 3, 0, 0, 3, 2,
       2, 3, 2, 3, 2, 3, 2, 3, 2, 2, 0, 3, 0, 0, 0, 3, 3, 2, 2, 0, 3, 0,
       2, 3, 2, 0, 0, 0, 0, 3, 3, 0, 3, 0, 2, 2, 0, 3, 2, 2, 0, 2, 2, 3,
       1, 2, 1, 3, 1, 2, 0, 3, 2, 2], dtype=object)]
[492, array([-86., -43., -43.,   0.]), array([2, 2, 2, 1, 2, 1, 3, 2, 0, 0, 0, 2, 1, 0, 0, 2, 2, 3, 0, 2, 2, 3,
       0, 0, 2, 0, 2, 2, 2, 2, 2, 0, 2, 3, 3, 0, 3, 2, 0, 3, 0, 2, 0, 3,
       1, 3, 1, 1, 2, 2, 3, 2, 2, 2, 0, 3, 0, 2, 2, 0, 2, 3, 0, 0, 3, 2,
       2, 3, 2, 3, 2, 3, 2, 3, 2, 2, 0, 3, 0, 0, 0, 3, 3, 2, 2, 0, 3, 0,
       2, 3, 2, 0, 0, 0, 0, 3, 3, 0, 3, 0, 2, 2, 0, 3, 2, 2, 0, 2, 2, 3,
       1, 2, 1, 3, 1, 2, 0, 3, 2, 2], dtype=object)]
[493, array([-86., -43., -43.,   0.]), array([2, 0, 1, 0, 2, 1, 1, 2, 0, 0, 0, 2, 1, 0, 0, 2, 2, 3, 0, 2, 2, 3,
       0, 0, 2, 0, 2, 2, 2, 2, 2, 0, 1, 3, 3, 0, 1, 2, 0, 3, 0, 2, 0, 3,
       1, 3, 1, 1, 2, 2, 3, 2, 2, 2, 0, 3, 0, 2, 2, 0, 2, 3, 0, 0, 3, 2,
       2, 3, 2, 3, 2, 3, 2, 3, 2, 2, 0, 3, 0, 0, 0, 3, 3, 2, 2, 0, 3, 0,
       2, 3, 2, 0, 0, 0, 0, 3, 3, 0, 3, 0, 2, 2, 0, 3, 2, 2, 0, 2, 2, 3,
       1, 2, 1, 3, 1, 2, 0, 3, 2, 2], dtype=object)]
[493, array([-86., -43., -43.,   0.]), array([2, 0, 1, 0, 2, 1, 1, 2, 0, 0, 0, 2, 1, 0, 0, 2, 2, 3, 0, 2, 2, 3,
       0, 0, 2, 0, 2, 2, 2, 2, 2, 0, 1, 3, 3, 0, 1, 2, 0, 3, 0, 2, 0, 3,
       1, 3, 1, 1, 2, 2, 3, 2, 2, 2, 0, 3, 0, 2, 2, 0, 2, 3, 0, 0, 3, 2,
       2, 3, 2, 3, 2, 3, 2, 3, 2, 2, 0, 3, 0, 0, 0, 3, 3, 2, 2, 0, 3, 0,
       2, 3, 2, 0, 0, 0, 0, 3, 3, 0, 3, 0, 2, 2, 0, 3, 2, 2, 0, 2, 2, 3,
       1, 2, 1, 3, 1, 2, 0, 3, 2, 2], dtype=object)]
[493, array([-86., -43., -43.,   0.]), array([2, 0, 1, 0, 2, 1, 1, 2, 0, 0, 0, 2, 1, 0, 0, 2, 2, 3, 0, 2, 2, 3,
       0, 0, 2, 0, 2, 2, 2, 2, 2, 0, 1, 3, 3, 0, 1, 2, 0, 3, 0, 2, 0, 3,
       1, 3, 1, 1, 2, 2, 3, 2, 2, 2, 0, 3, 0, 2, 2, 0, 2, 3, 0, 0, 3, 2,
       2, 3, 2, 3, 2, 3, 2, 3, 2, 2, 0, 3, 0, 0, 0, 3, 3, 2, 2, 0, 3, 0,
       2, 3, 2, 0, 0, 0, 0, 3, 3, 0, 3, 0, 2, 2, 0, 3, 2, 2, 0, 2, 2, 3,
       1, 2, 1, 3, 1, 2, 0, 3, 2, 2], dtype=object)]
[493, array([-86., -43., -43.,   0.]), array([2, 0, 1, 0, 2, 1, 1, 2, 0, 0, 0, 2, 1, 0, 0, 2, 2, 3, 0, 2, 2, 3,
       0, 0, 2, 0, 2, 2, 2, 2, 2, 0, 1, 3, 3, 0, 1, 2, 0, 3, 0, 2, 0, 3,
       1, 3, 1, 1, 2, 2, 3, 2, 2, 2, 0, 3, 0, 2, 2, 0, 2, 3, 0, 0, 3, 2,
       2, 3, 2, 3, 2, 3, 2, 3, 2, 2, 0, 3, 0, 0, 0, 3, 3, 2, 2, 0, 3, 0,
       2, 3, 2, 0, 0, 0, 0, 3, 3, 0, 3, 0, 2, 2, 0, 3, 2, 2, 0, 2, 2, 3,
       1, 2, 1, 3, 1, 2, 0, 3, 2, 2], dtype=object)]
[494, array([-86., -43., -43.,   0.]), array([2, 0, 1, 0, 2, 1, 1, 2, 0, 0, 0, 2, 1, 0, 0, 2, 2, 3, 0, 2, 2, 3,
       0, 0, 2, 0, 2, 2, 2, 2, 2, 0, 2, 3, 3, 0, 1, 2, 0, 3, 0, 2, 0, 3,
       1, 3, 1, 1, 2, 2, 3, 2, 2, 2, 0, 3, 0, 2, 2, 0, 2, 3, 0, 0, 3, 2,
       2, 3, 2, 3, 2, 3, 2, 3, 2, 2, 0, 3, 0, 0, 0, 3, 3, 2, 2, 0, 3, 0,
       2, 3, 2, 0, 0, 0, 0, 3, 3, 0, 3, 3, 2, 2, 0, 3, 2, 2, 0, 2, 2, 3,
       1, 2, 1, 3, 1, 2, 0, 3, 2, 2], dtype=object)]
[494, array([-86., -43., -43.,   0.]), array([2, 0, 1, 0, 2, 1, 1, 2, 0, 0, 0, 2, 1, 0, 0, 2, 2, 3, 0, 2, 2, 3,
       0, 0, 2, 0, 2, 2, 2, 2, 2, 0, 2, 3, 3, 0, 1, 2, 0, 3, 0, 2, 0, 3,
       1, 3, 1, 1, 2, 2, 3, 2, 2, 2, 0, 3, 0, 2, 2, 0, 2, 3, 0, 0, 3, 2,
       2, 3, 2, 3, 2, 3, 2, 3, 2, 2, 0, 3, 0, 0, 0, 3, 3, 2, 2, 0, 3, 0,
       2, 3, 2, 0, 0, 0, 0, 3, 3, 0, 3, 3, 2, 2, 0, 3, 2, 2, 0, 2, 2, 3,
       1, 2, 1, 3, 1, 2, 0, 3, 2, 2], dtype=object)]
[494, array([-86., -43., -43.,   0.]), array([2, 0, 1, 0, 2, 1, 1, 2, 0, 0, 0, 2, 1, 0, 0, 2, 2, 3, 0, 2, 2, 3,
       0, 0, 2, 0, 2, 2, 2, 2, 2, 0, 2, 3, 3, 0, 1, 2, 0, 3, 0, 2, 0, 3,
       1, 3, 1, 1, 2, 2, 3, 2, 2, 2, 0, 3, 0, 2, 2, 0, 2, 3, 0, 0, 3, 2,
       2, 3, 2, 3, 2, 3, 2, 3, 2, 2, 0, 3, 0, 0, 0, 3, 3, 2, 2, 0, 3, 0,
       2, 3, 2, 0, 0, 0, 0, 3, 3, 0, 3, 3, 2, 2, 0, 3, 2, 2, 0, 2, 2, 3,
       1, 2, 1, 3, 1, 2, 0, 3, 2, 2], dtype=object)]
[494, array([-86., -43., -43.,   0.]), array([2, 0, 1, 0, 2, 1, 1, 2, 0, 0, 0, 2, 1, 0, 0, 2, 2, 3, 0, 2, 2, 3,
       0, 0, 2, 0, 2, 2, 2, 2, 2, 0, 2, 3, 3, 0, 1, 2, 0, 3, 0, 2, 0, 3,
       1, 3, 1, 1, 2, 2, 3, 2, 2, 2, 0, 3, 0, 2, 2, 0, 2, 3, 0, 0, 3, 2,
       2, 3, 2, 3, 2, 3, 2, 3, 2, 2, 0, 3, 0, 0, 0, 3, 3, 2, 2, 0, 3, 0,
       2, 3, 2, 0, 0, 0, 0, 3, 3, 0, 3, 3, 2, 2, 0, 3, 2, 2, 0, 2, 2, 3,
       1, 2, 1, 3, 1, 2, 0, 3, 2, 2], dtype=object)]
[495, array([-86., -43., -43.,   0.]), array([2, 0, 1, 3, 2, 1, 1, 2, 0, 0, 0, 2, 1, 0, 0, 2, 2, 3, 0, 2, 2, 3,
       0, 0, 2, 0, 2, 2, 2, 2, 2, 0, 1, 3, 3, 0, 1, 2, 0, 3, 0, 2, 0, 3,
       1, 3, 1, 1, 2, 2, 3, 2, 2, 2, 0, 3, 0, 2, 2, 0, 2, 3, 0, 0, 3, 2,
       2, 3, 2, 3, 2, 3, 2, 3, 2, 2, 0, 3, 0, 0, 0, 3, 3, 2, 2, 0, 3, 0,
       2, 3, 2, 0, 0, 0, 0, 3, 3, 0, 3, 0, 2, 2, 0, 3, 2, 2, 0, 2, 2, 3,
       1, 2, 1, 3, 1, 2, 0, 3, 2, 2], dtype=object)]
[495, array([-86., -43., -43.,   0.]), array([2, 0, 1, 3, 2, 1, 1, 2, 0, 0, 0, 2, 1, 0, 0, 2, 2, 3, 0, 2, 2, 3,
       0, 0, 2, 0, 2, 2, 2, 2, 2, 0, 1, 3, 3, 0, 1, 2, 0, 3, 0, 2, 0, 3,
       1, 3, 1, 1, 2, 2, 3, 2, 2, 2, 0, 3, 0, 2, 2, 0, 2, 3, 0, 0, 3, 2,
       2, 3, 2, 3, 2, 3, 2, 3, 2, 2, 0, 3, 0, 0, 0, 3, 3, 2, 2, 0, 3, 0,
       2, 3, 2, 0, 0, 0, 0, 3, 3, 0, 3, 0, 2, 2, 0, 3, 2, 2, 0, 2, 2, 3,
       1, 2, 1, 3, 1, 2, 0, 3, 2, 2], dtype=object)]
[495, array([-86., -43., -43.,   0.]), array([2, 0, 1, 3, 2, 1, 1, 2, 0, 0, 0, 2, 1, 0, 0, 2, 2, 3, 0, 2, 2, 3,
       0, 0, 2, 0, 2, 2, 2, 2, 2, 0, 1, 3, 3, 0, 1, 2, 0, 3, 0, 2, 0, 3,
       1, 3, 1, 1, 2, 2, 3, 2, 2, 2, 0, 3, 0, 2, 2, 0, 2, 3, 0, 0, 3, 2,
       2, 3, 2, 3, 2, 3, 2, 3, 2, 2, 0, 3, 0, 0, 0, 3, 3, 2, 2, 0, 3, 0,
       2, 3, 2, 0, 0, 0, 0, 3, 3, 0, 3, 0, 2, 2, 0, 3, 2, 2, 0, 2, 2, 3,
       1, 2, 1, 3, 1, 2, 0, 3, 2, 2], dtype=object)]
[495, array([-86., -43., -43.,   0.]), array([2, 0, 1, 3, 2, 1, 1, 2, 0, 0, 0, 2, 1, 0, 0, 2, 2, 3, 0, 2, 2, 3,
       0, 0, 2, 0, 2, 2, 2, 2, 2, 0, 1, 3, 3, 0, 1, 2, 0, 3, 0, 2, 0, 3,
       1, 3, 1, 1, 2, 2, 3, 2, 2, 2, 0, 3, 0, 2, 2, 0, 2, 3, 0, 0, 3, 2,
       2, 3, 2, 3, 2, 3, 2, 3, 2, 2, 0, 3, 0, 0, 0, 3, 3, 2, 2, 0, 3, 0,
       2, 3, 2, 0, 0, 0, 0, 3, 3, 0, 3, 0, 2, 2, 0, 3, 2, 2, 0, 2, 2, 3,
       1, 2, 1, 3, 1, 2, 0, 3, 2, 2], dtype=object)]
[496, array([-86., -43., -43.,   0.]), array([2, 0, 1, 3, 2, 1, 1, 2, 0, 0, 0, 2, 1, 0, 0, 2, 2, 3, 0, 2, 2, 3,
       0, 0, 2, 0, 2, 2, 2, 2, 2, 0, 1, 3, 3, 0, 1, 2, 0, 3, 0, 2, 0, 3,
       1, 3, 1, 1, 2, 2, 3, 2, 2, 2, 0, 3, 0, 2, 2, 0, 2, 3, 0, 0, 3, 2,
       2, 3, 2, 3, 2, 3, 2, 3, 2, 2, 0, 3, 0, 0, 0, 3, 3, 2, 2, 0, 3, 0,
       2, 3, 2, 0, 0, 0, 0, 3, 3, 0, 3, 0, 2, 2, 0, 3, 2, 2, 0, 2, 2, 3,
       1, 2, 1, 3, 1, 2, 0, 3, 2, 2], dtype=object)]
[496, array([-86., -43., -43.,   0.]), array([2, 0, 1, 3, 2, 1, 1, 2, 0, 0, 0, 2, 1, 0, 0, 2, 2, 3, 0, 2, 2, 3,
       0, 0, 2, 0, 2, 2, 2, 2, 2, 0, 1, 3, 3, 0, 1, 2, 0, 3, 0, 2, 0, 3,
       1, 3, 1, 1, 2, 2, 3, 2, 2, 2, 0, 3, 0, 2, 2, 0, 2, 3, 0, 0, 3, 2,
       2, 3, 2, 3, 2, 3, 2, 3, 2, 2, 0, 3, 0, 0, 0, 3, 3, 2, 2, 0, 3, 0,
       2, 3, 2, 0, 0, 0, 0, 3, 3, 0, 3, 0, 2, 2, 0, 3, 2, 2, 0, 2, 2, 3,
       1, 2, 1, 3, 1, 2, 0, 3, 2, 2], dtype=object)]
[496, array([-86., -43., -43.,   0.]), array([2, 0, 1, 3, 2, 1, 1, 2, 0, 0, 0, 2, 1, 0, 0, 2, 2, 3, 0, 2, 2, 3,
       0, 0, 2, 0, 2, 2, 2, 2, 2, 0, 1, 3, 3, 0, 1, 2, 0, 3, 0, 2, 0, 3,
       1, 3, 1, 1, 2, 2, 3, 2, 2, 2, 0, 3, 0, 2, 2, 0, 2, 3, 0, 0, 3, 2,
       2, 3, 2, 3, 2, 3, 2, 3, 2, 2, 0, 3, 0, 0, 0, 3, 3, 2, 2, 0, 3, 0,
       2, 3, 2, 0, 0, 0, 0, 3, 3, 0, 3, 0, 2, 2, 0, 3, 2, 2, 0, 2, 2, 3,
       1, 2, 1, 3, 1, 2, 0, 3, 2, 2], dtype=object)]
[496, array([-86., -43., -43.,   0.]), array([2, 0, 1, 3, 2, 1, 1, 2, 0, 0, 0, 2, 1, 0, 0, 2, 2, 3, 0, 2, 2, 3,
       0, 0, 2, 0, 2, 2, 2, 2, 2, 0, 1, 3, 3, 0, 1, 2, 0, 3, 0, 2, 0, 3,
       1, 3, 1, 1, 2, 2, 3, 2, 2, 2, 0, 3, 0, 2, 2, 0, 2, 3, 0, 0, 3, 2,
       2, 3, 2, 3, 2, 3, 2, 3, 2, 2, 0, 3, 0, 0, 0, 3, 3, 2, 2, 0, 3, 0,
       2, 3, 2, 0, 0, 0, 0, 3, 3, 0, 3, 0, 2, 2, 0, 3, 2, 2, 0, 2, 2, 3,
       1, 2, 1, 3, 1, 2, 0, 3, 2, 2], dtype=object)]
[497, array([-86., -43., -43.,   0.]), array([2, 1, 2, 1, 2, 1, 3, 2, 0, 0, 0, 2, 1, 0, 0, 2, 2, 3, 0, 2, 2, 3,
       0, 0, 2, 0, 2, 2, 2, 2, 2, 0, 2, 3, 3, 0, 1, 2, 0, 3, 0, 2, 0, 3,
       1, 3, 1, 1, 2, 2, 3, 2, 2, 2, 0, 3, 0, 2, 2, 0, 2, 3, 0, 0, 3, 2,
       2, 3, 2, 3, 2, 3, 2, 3, 2, 2, 0, 3, 0, 0, 0, 3, 3, 2, 2, 0, 3, 0,
       2, 3, 2, 0, 0, 0, 0, 3, 3, 0, 3, 0, 2, 2, 0, 3, 2, 2, 0, 2, 2, 3,
       1, 2, 1, 3, 1, 2, 0, 3, 2, 2], dtype=object)]
[497, array([-86., -43., -43.,   0.]), array([2, 1, 2, 1, 2, 1, 3, 2, 0, 0, 0, 2, 1, 0, 0, 2, 2, 3, 0, 2, 2, 3,
       0, 0, 2, 0, 2, 2, 2, 2, 2, 0, 2, 3, 3, 0, 1, 2, 0, 3, 0, 2, 0, 3,
       1, 3, 1, 1, 2, 2, 3, 2, 2, 2, 0, 3, 0, 2, 2, 0, 2, 3, 0, 0, 3, 2,
       2, 3, 2, 3, 2, 3, 2, 3, 2, 2, 0, 3, 0, 0, 0, 3, 3, 2, 2, 0, 3, 0,
       2, 3, 2, 0, 0, 0, 0, 3, 3, 0, 3, 0, 2, 2, 0, 3, 2, 2, 0, 2, 2, 3,
       1, 2, 1, 3, 1, 2, 0, 3, 2, 2], dtype=object)]
[497, array([-86., -43., -43.,   0.]), array([2, 1, 2, 1, 2, 1, 3, 2, 0, 0, 0, 2, 1, 0, 0, 2, 2, 3, 0, 2, 2, 3,
       0, 0, 2, 0, 2, 2, 2, 2, 2, 0, 2, 3, 3, 0, 1, 2, 0, 3, 0, 2, 0, 3,
       1, 3, 1, 1, 2, 2, 3, 2, 2, 2, 0, 3, 0, 2, 2, 0, 2, 3, 0, 0, 3, 2,
       2, 3, 2, 3, 2, 3, 2, 3, 2, 2, 0, 3, 0, 0, 0, 3, 3, 2, 2, 0, 3, 0,
       2, 3, 2, 0, 0, 0, 0, 3, 3, 0, 3, 0, 2, 2, 0, 3, 2, 2, 0, 2, 2, 3,
       1, 2, 1, 3, 1, 2, 0, 3, 2, 2], dtype=object)]
[497, array([-86., -43., -43.,   0.]), array([2, 1, 2, 1, 2, 1, 3, 2, 0, 0, 0, 2, 1, 0, 0, 2, 2, 3, 0, 2, 2, 3,
       0, 0, 2, 0, 2, 2, 2, 2, 2, 0, 2, 3, 3, 0, 1, 2, 0, 3, 0, 2, 0, 3,
       1, 3, 1, 1, 2, 2, 3, 2, 2, 2, 0, 3, 0, 2, 2, 0, 2, 3, 0, 0, 3, 2,
       2, 3, 2, 3, 2, 3, 2, 3, 2, 2, 0, 3, 0, 0, 0, 3, 3, 2, 2, 0, 3, 0,
       2, 3, 2, 0, 0, 0, 0, 3, 3, 0, 3, 0, 2, 2, 0, 3, 2, 2, 0, 2, 2, 3,
       1, 2, 1, 3, 1, 2, 0, 3, 2, 2], dtype=object)]
[498, array([-86., -43., -43.,   0.]), array([2, 0, 1, 3, 2, 1, 1, 2, 0, 0, 0, 2, 1, 0, 0, 2, 2, 3, 0, 2, 2, 3,
       0, 0, 2, 0, 2, 2, 2, 2, 2, 0, 1, 3, 3, 0, 1, 2, 0, 3, 0, 2, 0, 3,
       1, 3, 1, 1, 2, 2, 3, 2, 2, 2, 0, 3, 0, 2, 2, 0, 2, 3, 0, 0, 3, 2,
       2, 3, 2, 3, 2, 3, 2, 3, 2, 2, 0, 3, 0, 0, 0, 3, 3, 2, 2, 0, 3, 0,
       2, 3, 2, 0, 0, 0, 0, 3, 3, 0, 3, 0, 2, 2, 0, 3, 0, 2, 0, 2, 2, 3,
       1, 2, 1, 3, 1, 2, 0, 3, 2, 2], dtype=object)]
[498, array([-86., -43., -43.,   0.]), array([2, 0, 1, 3, 2, 1, 1, 2, 0, 0, 0, 2, 1, 0, 0, 2, 2, 3, 0, 2, 2, 3,
       0, 0, 2, 0, 2, 2, 2, 2, 2, 0, 1, 3, 3, 0, 1, 2, 0, 3, 0, 2, 0, 3,
       1, 3, 1, 1, 2, 2, 3, 2, 2, 2, 0, 3, 0, 2, 2, 0, 2, 3, 0, 0, 3, 2,
       2, 3, 2, 3, 2, 3, 2, 3, 2, 2, 0, 3, 0, 0, 0, 3, 3, 2, 2, 0, 3, 0,
       2, 3, 2, 0, 0, 0, 0, 3, 3, 0, 3, 0, 2, 2, 0, 3, 0, 2, 0, 2, 2, 3,
       1, 2, 1, 3, 1, 2, 0, 3, 2, 2], dtype=object)]
[498, array([-86., -43., -43.,   0.]), array([2, 0, 1, 3, 2, 1, 1, 2, 0, 0, 0, 2, 1, 0, 0, 2, 2, 3, 0, 2, 2, 3,
       0, 0, 2, 0, 2, 2, 2, 2, 2, 0, 1, 3, 3, 0, 1, 2, 0, 3, 0, 2, 0, 3,
       1, 3, 1, 1, 2, 2, 3, 2, 2, 2, 0, 3, 0, 2, 2, 0, 2, 3, 0, 0, 3, 2,
       2, 3, 2, 3, 2, 3, 2, 3, 2, 2, 0, 3, 0, 0, 0, 3, 3, 2, 2, 0, 3, 0,
       2, 3, 2, 0, 0, 0, 0, 3, 3, 0, 3, 0, 2, 2, 0, 3, 0, 2, 0, 2, 2, 3,
       1, 2, 1, 3, 1, 2, 0, 3, 2, 2], dtype=object)]
[498, array([-86., -43., -43.,   0.]), array([2, 0, 1, 3, 2, 1, 1, 2, 0, 0, 0, 2, 1, 0, 0, 2, 2, 3, 0, 2, 2, 3,
       0, 0, 2, 0, 2, 2, 2, 2, 2, 0, 1, 3, 3, 0, 1, 2, 0, 3, 0, 2, 0, 3,
       1, 3, 1, 1, 2, 2, 3, 2, 2, 2, 0, 3, 0, 2, 2, 0, 2, 3, 0, 0, 3, 2,
       2, 3, 2, 3, 2, 3, 2, 3, 2, 2, 0, 3, 0, 0, 0, 3, 3, 2, 2, 0, 3, 0,
       2, 3, 2, 0, 0, 0, 0, 3, 3, 0, 3, 0, 2, 2, 0, 3, 0, 2, 0, 2, 2, 3,
       1, 2, 1, 3, 1, 2, 0, 3, 2, 2], dtype=object)]
[499, array([-86., -43., -43.,   0.]), array([2, 1, 2, 1, 2, 1, 3, 2, 0, 0, 0, 2, 1, 0, 0, 2, 2, 3, 0, 2, 2, 3,
       0, 0, 2, 0, 2, 2, 2, 2, 2, 0, 2, 3, 3, 0, 1, 2, 0, 3, 0, 2, 0, 3,
       1, 3, 1, 1, 2, 2, 3, 2, 2, 2, 0, 3, 0, 2, 2, 0, 2, 3, 0, 0, 3, 2,
       2, 3, 2, 3, 2, 3, 2, 3, 2, 2, 0, 3, 0, 0, 0, 3, 3, 2, 2, 0, 3, 0,
       2, 3, 2, 0, 0, 0, 0, 3, 3, 0, 3, 0, 2, 2, 0, 3, 2, 2, 0, 2, 2, 3,
       1, 2, 1, 3, 3, 2, 0, 3, 2, 2], dtype=object)]
[499, array([-86., -43., -43.,   0.]), array([2, 1, 2, 1, 2, 1, 3, 2, 0, 0, 0, 2, 1, 0, 0, 2, 2, 3, 0, 2, 2, 3,
       0, 0, 2, 0, 2, 2, 2, 2, 2, 0, 2, 3, 3, 0, 1, 2, 0, 3, 0, 2, 0, 3,
       1, 3, 1, 1, 2, 2, 3, 2, 2, 2, 0, 3, 0, 2, 2, 0, 2, 3, 0, 0, 3, 2,
       2, 3, 2, 3, 2, 3, 2, 3, 2, 2, 0, 3, 0, 0, 0, 3, 3, 2, 2, 0, 3, 0,
       2, 3, 2, 0, 0, 0, 0, 3, 3, 0, 3, 0, 2, 2, 0, 3, 2, 2, 0, 2, 2, 3,
       1, 2, 1, 3, 3, 2, 0, 3, 2, 2], dtype=object)]
[499, array([-86., -43., -43.,   0.]), array([2, 1, 2, 1, 2, 1, 3, 2, 0, 0, 0, 2, 1, 0, 0, 2, 2, 3, 0, 2, 2, 3,
       0, 0, 2, 0, 2, 2, 2, 2, 2, 0, 2, 3, 3, 0, 1, 2, 0, 3, 0, 2, 0, 3,
       1, 3, 1, 1, 2, 2, 3, 2, 2, 2, 0, 3, 0, 2, 2, 0, 2, 3, 0, 0, 3, 2,
       2, 3, 2, 3, 2, 3, 2, 3, 2, 2, 0, 3, 0, 0, 0, 3, 3, 2, 2, 0, 3, 0,
       2, 3, 2, 0, 0, 0, 0, 3, 3, 0, 3, 0, 2, 2, 0, 3, 2, 2, 0, 2, 2, 3,
       1, 2, 1, 3, 3, 2, 0, 3, 2, 2], dtype=object)]
[499, array([-86., -43., -43.,   0.]), array([2, 1, 2, 1, 2, 1, 3, 2, 0, 0, 0, 2, 1, 0, 0, 2, 2, 3, 0, 2, 2, 3,
       0, 0, 2, 0, 2, 2, 2, 2, 2, 0, 2, 3, 3, 0, 1, 2, 0, 3, 0, 2, 0, 3,
       1, 3, 1, 1, 2, 2, 3, 2, 2, 2, 0, 3, 0, 2, 2, 0, 2, 3, 0, 0, 3, 2,
       2, 3, 2, 3, 2, 3, 2, 3, 2, 2, 0, 3, 0, 0, 0, 3, 3, 2, 2, 0, 3, 0,
       2, 3, 2, 0, 0, 0, 0, 3, 3, 0, 3, 0, 2, 2, 0, 3, 2, 2, 0, 2, 2, 3,
       1, 2, 1, 3, 3, 2, 0, 3, 2, 2], dtype=object)]
[500, array([-86., -43., -43.,   0.]), array([2, 0, 1, 0, 2, 1, 1, 2, 0, 0, 0, 2, 1, 0, 0, 2, 2, 3, 0, 2, 2, 3,
       0, 0, 2, 0, 2, 2, 2, 2, 2, 0, 1, 3, 3, 0, 1, 2, 0, 3, 0, 2, 0, 3,
       1, 3, 1, 1, 2, 2, 3, 2, 2, 2, 0, 3, 0, 2, 2, 0, 2, 3, 0, 0, 3, 2,
       2, 3, 2, 3, 2, 3, 2, 3, 2, 2, 0, 3, 0, 0, 0, 3, 3, 2, 2, 0, 3, 0,
       2, 3, 2, 0, 0, 0, 0, 3, 3, 0, 3, 0, 2, 2, 0, 3, 2, 2, 0, 2, 2, 3,
       1, 2, 1, 3, 1, 2, 0, 3, 2, 2], dtype=object)]
[500, array([-86., -43., -43.,   0.]), array([2, 0, 1, 0, 2, 1, 1, 2, 0, 0, 0, 2, 1, 0, 0, 2, 2, 3, 0, 2, 2, 3,
       0, 0, 2, 0, 2, 2, 2, 2, 2, 0, 1, 3, 3, 0, 1, 2, 0, 3, 0, 2, 0, 3,
       1, 3, 1, 1, 2, 2, 3, 2, 2, 2, 0, 3, 0, 2, 2, 0, 2, 3, 0, 0, 3, 2,
       2, 3, 2, 3, 2, 3, 2, 3, 2, 2, 0, 3, 0, 0, 0, 3, 3, 2, 2, 0, 3, 0,
       2, 3, 2, 0, 0, 0, 0, 3, 3, 0, 3, 0, 2, 2, 0, 3, 2, 2, 0, 2, 2, 3,
       1, 2, 1, 3, 1, 2, 0, 3, 2, 2], dtype=object)]
[500, array([-86., -43., -43.,   0.]), array([2, 0, 1, 0, 2, 1, 1, 2, 0, 0, 0, 2, 1, 0, 0, 2, 2, 3, 0, 2, 2, 3,
       0, 0, 2, 0, 2, 2, 2, 2, 2, 0, 1, 3, 3, 0, 1, 2, 0, 3, 0, 2, 0, 3,
       1, 3, 1, 1, 2, 2, 3, 2, 2, 2, 0, 3, 0, 2, 2, 0, 2, 3, 0, 0, 3, 2,
       2, 3, 2, 3, 2, 3, 2, 3, 2, 2, 0, 3, 0, 0, 0, 3, 3, 2, 2, 0, 3, 0,
       2, 3, 2, 0, 0, 0, 0, 3, 3, 0, 3, 0, 2, 2, 0, 3, 2, 2, 0, 2, 2, 3,
       1, 2, 1, 3, 1, 2, 0, 3, 2, 2], dtype=object)]
[500, array([-86., -43., -43.,   0.]), array([2, 0, 1, 0, 2, 1, 1, 2, 0, 0, 0, 2, 1, 0, 0, 2, 2, 3, 0, 2, 2, 3,
       0, 0, 2, 0, 2, 2, 2, 2, 2, 0, 1, 3, 3, 0, 1, 2, 0, 3, 0, 2, 0, 3,
       1, 3, 1, 1, 2, 2, 3, 2, 2, 2, 0, 3, 0, 2, 2, 0, 2, 3, 0, 0, 3, 2,
       2, 3, 2, 3, 2, 3, 2, 3, 2, 2, 0, 3, 0, 0, 0, 3, 3, 2, 2, 0, 3, 0,
       2, 3, 2, 0, 0, 0, 0, 3, 3, 0, 3, 0, 2, 2, 0, 3, 2, 2, 0, 2, 2, 3,
       1, 2, 1, 3, 1, 2, 0, 3, 2, 2], dtype=object)]
15 Qubits and 1 reps
Minimum Energy found with CAFQA initalization: -43.0
Minimum Energy found with Random initialization over 1000 runs: -3.0146484375
Minimum Energy found with Angle Rounding over 1000 runs: -2.82568359375
Exact Energy from Eigensolver: -147.0
