Current working directory: /global/u1/d/dhanvib/development/QAOA/testing_scripts
STARTING ROUND 0


started GA at id None with 1 procs

GA parameters used for this experiment:
  num_generations=500
  num_parents_mating=20
  population_size=100
  num_genes=966
  parent_selection_type=tournament
  keep_parents=-1
  crossover_type=single_point
  mutation_type=adaptive
  crossover_probability=0.9
  mutation_probability=(0.25, 0.01)
  keep_elitism=5
started GA at id 1 with 1 procs

GA parameters used for this experiment:
  num_generations=500
  num_parents_mating=20
  population_size=100
  num_genes=966
  parent_selection_type=tournament
  keep_parents=-1
  crossover_type=single_point
  mutation_type=adaptive
  crossover_probability=0.9
  mutation_probability=(0.25, 0.01)
  keep_elitism=5
started GA at id 3 with 1 procs

GA parameters used for this experiment:
  num_generations=500
  num_parents_mating=20
  population_size=100
  num_genes=966
  parent_selection_type=tournament
  keep_parents=-1
  crossover_type=single_point
  mutation_type=adaptive
  crossover_probability=0.9
  mutation_probability=(0.25, 0.01)
  keep_elitism=5
started GA at id 2 with 1 procs

GA parameters used for this experiment:
  num_generations=500
  num_parents_mating=20
  population_size=100
  num_genes=966
  parent_selection_type=tournament
  keep_parents=-1
  crossover_type=single_point
  mutation_type=adaptive
  crossover_probability=0.9
  mutation_probability=(0.25, 0.01)
  keep_elitism=5
[0, array([0., 0., 0., 0.]), array([3, 3, 0, 2, 3, 3, 2, 3, 2, 1, 1, 2, 1, 0, 2, 1, 2, 0, 0, 2, 3, 0,
       2, 3, 2, 1, 3, 3, 2, 0, 0, 0, 3, 0, 3, 2, 1, 2, 0, 1, 1, 1, 1, 3,
       0, 0, 2, 3, 0, 2, 2, 0, 2, 1, 2, 3, 0, 3, 2, 1, 2, 1, 1, 1, 0, 2,
       3, 0, 0, 1, 1, 0, 0, 3, 2, 1, 1, 3, 2, 3, 3, 2, 0, 2, 0, 3, 2, 1,
       1, 0, 2, 0, 1, 2, 1, 2, 3, 0, 0, 1, 1, 0, 0, 0, 0, 1, 0, 3, 0, 2,
       0, 0, 0, 1, 1, 0, 3, 1, 0, 0, 3, 0, 2, 0, 1, 0, 2, 2, 3, 1, 0, 3,
       0, 0, 3, 1, 2, 2, 3, 1, 1, 0, 1, 1, 2, 2, 0, 3, 1, 0, 3, 3, 2, 2,
       3, 2, 1, 0, 3, 0, 2, 0, 2, 1, 1, 3, 2, 2, 2, 1, 2, 3, 3, 0, 0, 1,
       2, 1, 1, 1, 3, 3, 3, 0, 3, 3, 0, 1, 3, 0, 2, 1, 3, 3, 0, 0, 3, 2,
       2, 3, 0, 3, 1, 0, 1, 0, 3, 3, 2, 0, 1, 0, 0, 0, 1, 0, 1, 2, 2, 1,
       0, 3, 3, 0, 0, 2, 3, 0, 2, 1, 2, 0, 1, 2, 0, 0, 0, 1, 2, 2, 2, 0,
       3, 3, 3, 2, 1, 1, 3, 2, 0, 1, 1, 2, 2, 2, 2, 0, 2, 0, 0, 2, 1, 1,
       2, 2, 3, 1, 2, 0, 3, 1, 0, 2, 1, 0, 2, 3, 2, 2, 3, 0, 0, 3, 3, 2,
       2, 0, 3, 0, 3, 3, 0, 2, 2, 1, 1, 3, 0, 0, 0, 1, 1, 0, 3, 0, 0, 3,
       2, 3, 3, 1, 3, 0, 2, 1, 2, 1, 3, 1, 2, 0, 0, 0, 3, 1, 0, 3, 3, 2,
       1, 0, 1, 1, 0, 1, 3, 3, 2, 1, 0, 3, 1, 3, 3, 3, 2, 3, 3, 1, 1, 0,
       2, 2, 2, 0, 1, 2, 1, 3, 2, 3, 0, 0, 0, 0, 1, 1, 0, 2, 0, 3, 2, 1,
       1, 3, 2, 3, 0, 0, 0, 3, 1, 2, 3, 3, 3, 1, 0, 0, 1, 2, 2, 2, 0, 3,
       2, 2, 3, 3, 3, 0, 1, 1, 1, 2, 2, 0, 0, 3, 3, 1, 3, 0, 1, 2, 3, 0,
       3, 3, 3, 0, 0, 3, 1, 0, 0, 1, 2, 0, 2, 1, 3, 3, 0, 0, 3, 2, 0, 2,
       1, 3, 2, 0, 1, 0, 3, 3, 2, 1, 3, 2, 0, 0, 0, 3, 2, 0, 1, 1, 0, 3,
       2, 0, 1, 3, 3, 0, 0, 3, 0, 0, 3, 1, 0, 3, 3, 3, 0, 3, 2, 2, 0, 2,
       0, 0, 2, 0, 2, 2, 1, 0, 1, 2, 0, 1, 1, 0, 1, 0, 0, 2, 2, 0, 1, 1,
       1, 3, 0, 3, 2, 2, 1, 0, 1, 2, 2, 3, 2, 2, 2, 1, 0, 0, 2, 1, 3, 1,
       1, 1, 2, 1, 1, 1, 2, 2, 3, 0, 1, 0, 3, 0, 0, 1, 3, 2, 3, 1, 3, 2,
       2, 0, 1, 3, 2, 0, 3, 3, 0, 3, 2, 3, 1, 2, 2, 3, 0, 1, 0, 2, 0, 1,
       3, 3, 1, 3, 3, 1, 1, 3, 2, 1, 2, 3, 0, 3, 1, 2, 0, 3, 3, 0, 1, 2,
       0, 2, 1, 3, 3, 0, 3, 1, 3, 2, 0, 0, 2, 0, 0, 2, 3, 3, 3, 0, 2, 2,
       2, 1, 0, 0, 0, 2, 2, 2, 0, 1, 1, 0, 3, 2, 2, 1, 1, 0, 3, 3, 2, 2,
       3, 2, 1, 1, 0, 0, 3, 3, 3, 1, 2, 2, 3, 3, 1, 3, 3, 2, 3, 0, 3, 2,
       1, 3, 0, 1, 0, 2, 3, 3, 0, 0, 0, 3, 0, 2, 0, 0, 0, 2, 2, 1, 1, 2,
       1, 0, 3, 3, 2, 3, 1, 2, 3, 3, 1, 3, 1, 2, 1, 1, 1, 3, 2, 3, 3, 3,
       3, 1, 1, 3, 1, 0, 3, 0, 1, 0, 1, 2, 0, 1, 1, 2, 0, 2, 2, 3, 3, 0,
       3, 3, 3, 2, 3, 1, 2, 2, 0, 0, 0, 1, 2, 0, 2, 0, 1, 0, 3, 1, 3, 1,
       3, 1, 2, 0, 0, 2, 2, 3, 2, 2, 0, 0, 1, 2, 0, 1, 2, 1, 1, 2, 2, 2,
       3, 2, 3, 2, 1, 0, 2, 0, 0, 3, 3, 3, 0, 3, 3, 3, 3, 0, 0, 0, 1, 0,
       1, 3, 1, 3, 0, 3, 3, 0, 1, 1, 3, 1, 1, 2, 2, 2, 3, 0, 2, 1, 2, 3,
       3, 2, 2, 1, 0, 0, 0, 1, 3, 1, 1, 2, 0, 3, 0, 0, 3, 2, 0, 2, 1, 2,
       1, 1, 0, 2, 2, 1, 2, 3, 2, 1, 1, 0, 2, 2, 0, 1, 3, 1, 1, 0, 1, 1,
       3, 1, 1, 1, 1, 3, 2, 1, 3, 0, 0, 2, 3, 3, 2, 0, 1, 1, 3, 3, 2, 0,
       2, 1, 3, 1, 2, 2, 3, 0, 1, 0, 2, 1, 2, 3, 1, 2, 2, 1, 2, 0, 2, 0,
       1, 2, 0, 3, 0, 0, 1, 0, 0, 1, 2, 0, 0, 2, 3, 1, 1, 3, 3, 1, 2, 2,
       1, 2, 3, 3, 0, 3, 2, 3, 0, 0, 3, 3, 1, 0, 1, 1, 0, 2, 1, 1, 1, 0,
       1, 1, 0, 3, 0, 3, 1, 0, 2, 2, 3, 0, 0, 3, 0, 2, 2, 1, 3, 1],
      dtype=object)]
[0, array([0., 0., 0., 0.]), array([3, 3, 0, 2, 3, 3, 2, 3, 2, 1, 1, 2, 1, 0, 2, 1, 2, 0, 0, 2, 3, 0,
       2, 3, 2, 1, 3, 3, 2, 0, 0, 0, 3, 0, 3, 2, 1, 2, 0, 1, 1, 1, 1, 3,
       0, 0, 2, 3, 0, 2, 2, 0, 2, 1, 2, 3, 0, 3, 2, 1, 2, 1, 1, 1, 0, 2,
       3, 0, 0, 1, 1, 0, 0, 3, 2, 1, 1, 3, 2, 3, 3, 2, 0, 2, 0, 3, 2, 1,
       1, 0, 2, 0, 1, 2, 1, 2, 3, 0, 0, 1, 1, 0, 0, 0, 0, 1, 0, 3, 0, 2,
       0, 0, 0, 1, 1, 0, 3, 1, 0, 0, 3, 0, 2, 0, 1, 0, 2, 2, 3, 1, 0, 3,
       0, 0, 3, 1, 2, 2, 3, 1, 1, 0, 1, 1, 2, 2, 0, 3, 1, 0, 3, 3, 2, 2,
       3, 2, 1, 0, 3, 0, 2, 0, 2, 1, 1, 3, 2, 2, 2, 1, 2, 3, 3, 0, 0, 1,
       2, 1, 1, 1, 3, 3, 3, 0, 3, 3, 0, 1, 3, 0, 2, 1, 3, 3, 0, 0, 3, 2,
       2, 3, 0, 3, 1, 0, 1, 0, 3, 3, 2, 0, 1, 0, 0, 0, 1, 0, 1, 2, 2, 1,
       0, 3, 3, 0, 0, 2, 3, 0, 2, 1, 2, 0, 1, 2, 0, 0, 0, 1, 2, 2, 2, 0,
       3, 3, 3, 2, 1, 1, 3, 2, 0, 1, 1, 2, 2, 2, 2, 0, 2, 0, 0, 2, 1, 1,
       2, 2, 3, 1, 2, 0, 3, 1, 0, 2, 1, 0, 2, 3, 2, 2, 3, 0, 0, 3, 3, 2,
       2, 0, 3, 0, 3, 3, 0, 2, 2, 1, 1, 3, 0, 0, 0, 1, 1, 0, 3, 0, 0, 3,
       2, 3, 3, 1, 3, 0, 2, 1, 2, 1, 3, 1, 2, 0, 0, 0, 3, 1, 0, 3, 3, 2,
       1, 0, 1, 1, 0, 1, 3, 3, 2, 1, 0, 3, 1, 3, 3, 3, 2, 3, 3, 1, 1, 0,
       2, 2, 2, 0, 1, 2, 1, 3, 2, 3, 0, 0, 0, 0, 1, 1, 0, 2, 0, 3, 2, 1,
       1, 3, 2, 3, 0, 0, 0, 3, 1, 2, 3, 3, 3, 1, 0, 0, 1, 2, 2, 2, 0, 3,
       2, 2, 3, 3, 3, 0, 1, 1, 1, 2, 2, 0, 0, 3, 3, 1, 3, 0, 1, 2, 3, 0,
       3, 3, 3, 0, 0, 3, 1, 0, 0, 1, 2, 0, 2, 1, 3, 3, 0, 0, 3, 2, 0, 2,
       1, 3, 2, 0, 1, 0, 3, 3, 2, 1, 3, 2, 0, 0, 0, 3, 2, 0, 1, 1, 0, 3,
       2, 0, 1, 3, 3, 0, 0, 3, 0, 0, 3, 1, 0, 3, 3, 3, 0, 3, 2, 2, 0, 2,
       0, 0, 2, 0, 2, 2, 1, 0, 1, 2, 0, 1, 1, 0, 1, 0, 0, 2, 2, 0, 1, 1,
       1, 3, 0, 3, 2, 2, 1, 0, 1, 2, 2, 3, 2, 2, 2, 1, 0, 0, 2, 1, 3, 1,
       1, 1, 2, 1, 1, 1, 2, 2, 3, 0, 1, 0, 3, 0, 0, 1, 3, 2, 3, 1, 3, 2,
       2, 0, 1, 3, 2, 0, 3, 3, 0, 3, 2, 3, 1, 2, 2, 3, 0, 1, 0, 2, 0, 1,
       3, 3, 1, 3, 3, 1, 1, 3, 2, 1, 2, 3, 0, 3, 1, 2, 0, 3, 3, 0, 1, 2,
       0, 2, 1, 3, 3, 0, 3, 1, 3, 2, 0, 0, 2, 0, 0, 2, 3, 3, 3, 0, 2, 2,
       2, 1, 0, 0, 0, 2, 2, 2, 0, 1, 1, 0, 3, 2, 2, 1, 1, 0, 3, 3, 2, 2,
       3, 2, 1, 1, 0, 0, 3, 3, 3, 1, 2, 2, 3, 3, 1, 3, 3, 2, 3, 0, 3, 2,
       1, 3, 0, 1, 0, 2, 3, 3, 0, 0, 0, 3, 0, 2, 0, 0, 0, 2, 2, 1, 1, 2,
       1, 0, 3, 3, 2, 3, 1, 2, 3, 3, 1, 3, 1, 2, 1, 1, 1, 3, 2, 3, 3, 3,
       3, 1, 1, 3, 1, 0, 3, 0, 1, 0, 1, 2, 0, 1, 1, 2, 0, 2, 2, 3, 3, 0,
       3, 3, 3, 2, 3, 1, 2, 2, 0, 0, 0, 1, 2, 0, 2, 0, 1, 0, 3, 1, 3, 1,
       3, 1, 2, 0, 0, 2, 2, 3, 2, 2, 0, 0, 1, 2, 0, 1, 2, 1, 1, 2, 2, 2,
       3, 2, 3, 2, 1, 0, 2, 0, 0, 3, 3, 3, 0, 3, 3, 3, 3, 0, 0, 0, 1, 0,
       1, 3, 1, 3, 0, 3, 3, 0, 1, 1, 3, 1, 1, 2, 2, 2, 3, 0, 2, 1, 2, 3,
       3, 2, 2, 1, 0, 0, 0, 1, 3, 1, 1, 2, 0, 3, 0, 0, 3, 2, 0, 2, 1, 2,
       1, 1, 0, 2, 2, 1, 2, 3, 2, 1, 1, 0, 2, 2, 0, 1, 3, 1, 1, 0, 1, 1,
       3, 1, 1, 1, 1, 3, 2, 1, 3, 0, 0, 2, 3, 3, 2, 0, 1, 1, 3, 3, 2, 0,
       2, 1, 3, 1, 2, 2, 3, 0, 1, 0, 2, 1, 2, 3, 1, 2, 2, 1, 2, 0, 2, 0,
       1, 2, 0, 3, 0, 0, 1, 0, 0, 1, 2, 0, 0, 2, 3, 1, 1, 3, 3, 1, 2, 2,
       1, 2, 3, 3, 0, 3, 2, 3, 0, 0, 3, 3, 1, 0, 1, 1, 0, 2, 1, 1, 1, 0,
       1, 1, 0, 3, 0, 3, 1, 0, 2, 2, 3, 0, 0, 3, 0, 2, 2, 1, 3, 1],
      dtype=object)]
[0, array([0., 0., 0., 0.]), array([3, 3, 0, 2, 3, 3, 2, 3, 2, 1, 1, 2, 1, 0, 2, 1, 2, 0, 0, 2, 3, 0,
       2, 3, 2, 1, 3, 3, 2, 0, 0, 0, 3, 0, 3, 2, 1, 2, 0, 1, 1, 1, 1, 3,
       0, 0, 2, 3, 0, 2, 2, 0, 2, 1, 2, 3, 0, 3, 2, 1, 2, 1, 1, 1, 0, 2,
       3, 0, 0, 1, 1, 0, 0, 3, 2, 1, 1, 3, 2, 3, 3, 2, 0, 2, 0, 3, 2, 1,
       1, 0, 2, 0, 1, 2, 1, 2, 3, 0, 0, 1, 1, 0, 0, 0, 0, 1, 0, 3, 0, 2,
       0, 0, 0, 1, 1, 0, 3, 1, 0, 0, 3, 0, 2, 0, 1, 0, 2, 2, 3, 1, 0, 3,
       0, 0, 3, 1, 2, 2, 3, 1, 1, 0, 1, 1, 2, 2, 0, 3, 1, 0, 3, 3, 2, 2,
       3, 2, 1, 0, 3, 0, 2, 0, 2, 1, 1, 3, 2, 2, 2, 1, 2, 3, 3, 0, 0, 1,
       2, 1, 1, 1, 3, 3, 3, 0, 3, 3, 0, 1, 3, 0, 2, 1, 3, 3, 0, 0, 3, 2,
       2, 3, 0, 3, 1, 0, 1, 0, 3, 3, 2, 0, 1, 0, 0, 0, 1, 0, 1, 2, 2, 1,
       0, 3, 3, 0, 0, 2, 3, 0, 2, 1, 2, 0, 1, 2, 0, 0, 0, 1, 2, 2, 2, 0,
       3, 3, 3, 2, 1, 1, 3, 2, 0, 1, 1, 2, 2, 2, 2, 0, 2, 0, 0, 2, 1, 1,
       2, 2, 3, 1, 2, 0, 3, 1, 0, 2, 1, 0, 2, 3, 2, 2, 3, 0, 0, 3, 3, 2,
       2, 0, 3, 0, 3, 3, 0, 2, 2, 1, 1, 3, 0, 0, 0, 1, 1, 0, 3, 0, 0, 3,
       2, 3, 3, 1, 3, 0, 2, 1, 2, 1, 3, 1, 2, 0, 0, 0, 3, 1, 0, 3, 3, 2,
       1, 0, 1, 1, 0, 1, 3, 3, 2, 1, 0, 3, 1, 3, 3, 3, 2, 3, 3, 1, 1, 0,
       2, 2, 2, 0, 1, 2, 1, 3, 2, 3, 0, 0, 0, 0, 1, 1, 0, 2, 0, 3, 2, 1,
       1, 3, 2, 3, 0, 0, 0, 3, 1, 2, 3, 3, 3, 1, 0, 0, 1, 2, 2, 2, 0, 3,
       2, 2, 3, 3, 3, 0, 1, 1, 1, 2, 2, 0, 0, 3, 3, 1, 3, 0, 1, 2, 3, 0,
       3, 3, 3, 0, 0, 3, 1, 0, 0, 1, 2, 0, 2, 1, 3, 3, 0, 0, 3, 2, 0, 2,
       1, 3, 2, 0, 1, 0, 3, 3, 2, 1, 3, 2, 0, 0, 0, 3, 2, 0, 1, 1, 0, 3,
       2, 0, 1, 3, 3, 0, 0, 3, 0, 0, 3, 1, 0, 3, 3, 3, 0, 3, 2, 2, 0, 2,
       0, 0, 2, 0, 2, 2, 1, 0, 1, 2, 0, 1, 1, 0, 1, 0, 0, 2, 2, 0, 1, 1,
       1, 3, 0, 3, 2, 2, 1, 0, 1, 2, 2, 3, 2, 2, 2, 1, 0, 0, 2, 1, 3, 1,
       1, 1, 2, 1, 1, 1, 2, 2, 3, 0, 1, 0, 3, 0, 0, 1, 3, 2, 3, 1, 3, 2,
       2, 0, 1, 3, 2, 0, 3, 3, 0, 3, 2, 3, 1, 2, 2, 3, 0, 1, 0, 2, 0, 1,
       3, 3, 1, 3, 3, 1, 1, 3, 2, 1, 2, 3, 0, 3, 1, 2, 0, 3, 3, 0, 1, 2,
       0, 2, 1, 3, 3, 0, 3, 1, 3, 2, 0, 0, 2, 0, 0, 2, 3, 3, 3, 0, 2, 2,
       2, 1, 0, 0, 0, 2, 2, 2, 0, 1, 1, 0, 3, 2, 2, 1, 1, 0, 3, 3, 2, 2,
       3, 2, 1, 1, 0, 0, 3, 3, 3, 1, 2, 2, 3, 3, 1, 3, 3, 2, 3, 0, 3, 2,
       1, 3, 0, 1, 0, 2, 3, 3, 0, 0, 0, 3, 0, 2, 0, 0, 0, 2, 2, 1, 1, 2,
       1, 0, 3, 3, 2, 3, 1, 2, 3, 3, 1, 3, 1, 2, 1, 1, 1, 3, 2, 3, 3, 3,
       3, 1, 1, 3, 1, 0, 3, 0, 1, 0, 1, 2, 0, 1, 1, 2, 0, 2, 2, 3, 3, 0,
       3, 3, 3, 2, 3, 1, 2, 2, 0, 0, 0, 1, 2, 0, 2, 0, 1, 0, 3, 1, 3, 1,
       3, 1, 2, 0, 0, 2, 2, 3, 2, 2, 0, 0, 1, 2, 0, 1, 2, 1, 1, 2, 2, 2,
       3, 2, 3, 2, 1, 0, 2, 0, 0, 3, 3, 3, 0, 3, 3, 3, 3, 0, 0, 0, 1, 0,
       1, 3, 1, 3, 0, 3, 3, 0, 1, 1, 3, 1, 1, 2, 2, 2, 3, 0, 2, 1, 2, 3,
       3, 2, 2, 1, 0, 0, 0, 1, 3, 1, 1, 2, 0, 3, 0, 0, 3, 2, 0, 2, 1, 2,
       1, 1, 0, 2, 2, 1, 2, 3, 2, 1, 1, 0, 2, 2, 0, 1, 3, 1, 1, 0, 1, 1,
       3, 1, 1, 1, 1, 3, 2, 1, 3, 0, 0, 2, 3, 3, 2, 0, 1, 1, 3, 3, 2, 0,
       2, 1, 3, 1, 2, 2, 3, 0, 1, 0, 2, 1, 2, 3, 1, 2, 2, 1, 2, 0, 2, 0,
       1, 2, 0, 3, 0, 0, 1, 0, 0, 1, 2, 0, 0, 2, 3, 1, 1, 3, 3, 1, 2, 2,
       1, 2, 3, 3, 0, 3, 2, 3, 0, 0, 3, 3, 1, 0, 1, 1, 0, 2, 1, 1, 1, 0,
       1, 1, 0, 3, 0, 3, 1, 0, 2, 2, 3, 0, 0, 3, 0, 2, 2, 1, 3, 1],
      dtype=object)]
[0, array([0., 0., 0., 0.]), array([3, 3, 0, 2, 3, 3, 2, 3, 2, 1, 1, 2, 1, 0, 2, 1, 2, 0, 0, 2, 3, 0,
       2, 3, 2, 1, 3, 3, 2, 0, 0, 0, 3, 0, 3, 2, 1, 2, 0, 1, 1, 1, 1, 3,
       0, 0, 2, 3, 0, 2, 2, 0, 2, 1, 2, 3, 0, 3, 2, 1, 2, 1, 1, 1, 0, 2,
       3, 0, 0, 1, 1, 0, 0, 3, 2, 1, 1, 3, 2, 3, 3, 2, 0, 2, 0, 3, 2, 1,
       1, 0, 2, 0, 1, 2, 1, 2, 3, 0, 0, 1, 1, 0, 0, 0, 0, 1, 0, 3, 0, 2,
       0, 0, 0, 1, 1, 0, 3, 1, 0, 0, 3, 0, 2, 0, 1, 0, 2, 2, 3, 1, 0, 3,
       0, 0, 3, 1, 2, 2, 3, 1, 1, 0, 1, 1, 2, 2, 0, 3, 1, 0, 3, 3, 2, 2,
       3, 2, 1, 0, 3, 0, 2, 0, 2, 1, 1, 3, 2, 2, 2, 1, 2, 3, 3, 0, 0, 1,
       2, 1, 1, 1, 3, 3, 3, 0, 3, 3, 0, 1, 3, 0, 2, 1, 3, 3, 0, 0, 3, 2,
       2, 3, 0, 3, 1, 0, 1, 0, 3, 3, 2, 0, 1, 0, 0, 0, 1, 0, 1, 2, 2, 1,
       0, 3, 3, 0, 0, 2, 3, 0, 2, 1, 2, 0, 1, 2, 0, 0, 0, 1, 2, 2, 2, 0,
       3, 3, 3, 2, 1, 1, 3, 2, 0, 1, 1, 2, 2, 2, 2, 0, 2, 0, 0, 2, 1, 1,
       2, 2, 3, 1, 2, 0, 3, 1, 0, 2, 1, 0, 2, 3, 2, 2, 3, 0, 0, 3, 3, 2,
       2, 0, 3, 0, 3, 3, 0, 2, 2, 1, 1, 3, 0, 0, 0, 1, 1, 0, 3, 0, 0, 3,
       2, 3, 3, 1, 3, 0, 2, 1, 2, 1, 3, 1, 2, 0, 0, 0, 3, 1, 0, 3, 3, 2,
       1, 0, 1, 1, 0, 1, 3, 3, 2, 1, 0, 3, 1, 3, 3, 3, 2, 3, 3, 1, 1, 0,
       2, 2, 2, 0, 1, 2, 1, 3, 2, 3, 0, 0, 0, 0, 1, 1, 0, 2, 0, 3, 2, 1,
       1, 3, 2, 3, 0, 0, 0, 3, 1, 2, 3, 3, 3, 1, 0, 0, 1, 2, 2, 2, 0, 3,
       2, 2, 3, 3, 3, 0, 1, 1, 1, 2, 2, 0, 0, 3, 3, 1, 3, 0, 1, 2, 3, 0,
       3, 3, 3, 0, 0, 3, 1, 0, 0, 1, 2, 0, 2, 1, 3, 3, 0, 0, 3, 2, 0, 2,
       1, 3, 2, 0, 1, 0, 3, 3, 2, 1, 3, 2, 0, 0, 0, 3, 2, 0, 1, 1, 0, 3,
       2, 0, 1, 3, 3, 0, 0, 3, 0, 0, 3, 1, 0, 3, 3, 3, 0, 3, 2, 2, 0, 2,
       0, 0, 2, 0, 2, 2, 1, 0, 1, 2, 0, 1, 1, 0, 1, 0, 0, 2, 2, 0, 1, 1,
       1, 3, 0, 3, 2, 2, 1, 0, 1, 2, 2, 3, 2, 2, 2, 1, 0, 0, 2, 1, 3, 1,
       1, 1, 2, 1, 1, 1, 2, 2, 3, 0, 1, 0, 3, 0, 0, 1, 3, 2, 3, 1, 3, 2,
       2, 0, 1, 3, 2, 0, 3, 3, 0, 3, 2, 3, 1, 2, 2, 3, 0, 1, 0, 2, 0, 1,
       3, 3, 1, 3, 3, 1, 1, 3, 2, 1, 2, 3, 0, 3, 1, 2, 0, 3, 3, 0, 1, 2,
       0, 2, 1, 3, 3, 0, 3, 1, 3, 2, 0, 0, 2, 0, 0, 2, 3, 3, 3, 0, 2, 2,
       2, 1, 0, 0, 0, 2, 2, 2, 0, 1, 1, 0, 3, 2, 2, 1, 1, 0, 3, 3, 2, 2,
       3, 2, 1, 1, 0, 0, 3, 3, 3, 1, 2, 2, 3, 3, 1, 3, 3, 2, 3, 0, 3, 2,
       1, 3, 0, 1, 0, 2, 3, 3, 0, 0, 0, 3, 0, 2, 0, 0, 0, 2, 2, 1, 1, 2,
       1, 0, 3, 3, 2, 3, 1, 2, 3, 3, 1, 3, 1, 2, 1, 1, 1, 3, 2, 3, 3, 3,
       3, 1, 1, 3, 1, 0, 3, 0, 1, 0, 1, 2, 0, 1, 1, 2, 0, 2, 2, 3, 3, 0,
       3, 3, 3, 2, 3, 1, 2, 2, 0, 0, 0, 1, 2, 0, 2, 0, 1, 0, 3, 1, 3, 1,
       3, 1, 2, 0, 0, 2, 2, 3, 2, 2, 0, 0, 1, 2, 0, 1, 2, 1, 1, 2, 2, 2,
       3, 2, 3, 2, 1, 0, 2, 0, 0, 3, 3, 3, 0, 3, 3, 3, 3, 0, 0, 0, 1, 0,
       1, 3, 1, 3, 0, 3, 3, 0, 1, 1, 3, 1, 1, 2, 2, 2, 3, 0, 2, 1, 2, 3,
       3, 2, 2, 1, 0, 0, 0, 1, 3, 1, 1, 2, 0, 3, 0, 0, 3, 2, 0, 2, 1, 2,
       1, 1, 0, 2, 2, 1, 2, 3, 2, 1, 1, 0, 2, 2, 0, 1, 3, 1, 1, 0, 1, 1,
       3, 1, 1, 1, 1, 3, 2, 1, 3, 0, 0, 2, 3, 3, 2, 0, 1, 1, 3, 3, 2, 0,
       2, 1, 3, 1, 2, 2, 3, 0, 1, 0, 2, 1, 2, 3, 1, 2, 2, 1, 2, 0, 2, 0,
       1, 2, 0, 3, 0, 0, 1, 0, 0, 1, 2, 0, 0, 2, 3, 1, 1, 3, 3, 1, 2, 2,
       1, 2, 3, 3, 0, 3, 2, 3, 0, 0, 3, 3, 1, 0, 1, 1, 0, 2, 1, 1, 1, 0,
       1, 1, 0, 3, 0, 3, 1, 0, 2, 2, 3, 0, 0, 3, 0, 2, 2, 1, 3, 1],
      dtype=object)]
[1, array([-0.42911738, -0.21455869, -0.21455869,  0.        ]), array([0, 2, 1, 2, 0, 3, 2, 1, 3, 0, 1, 3, 1, 0, 2, 0, 1, 3, 2, 1, 0, 0,
       0, 3, 0, 3, 2, 0, 3, 0, 0, 1, 0, 3, 1, 1, 1, 1, 2, 1, 0, 1, 3, 0,
       3, 3, 2, 2, 1, 3, 0, 3, 2, 0, 1, 2, 2, 1, 1, 1, 0, 1, 3, 0, 2, 3,
       0, 2, 0, 3, 3, 1, 1, 3, 2, 0, 1, 0, 3, 0, 0, 2, 0, 3, 1, 1, 0, 1,
       0, 2, 0, 3, 1, 1, 0, 1, 2, 2, 2, 1, 0, 0, 2, 0, 1, 2, 2, 3, 3, 3,
       2, 0, 0, 3, 2, 1, 2, 3, 1, 3, 1, 3, 2, 1, 2, 2, 2, 1, 0, 1, 0, 0,
       3, 0, 3, 1, 1, 2, 3, 1, 3, 0, 0, 3, 3, 1, 0, 1, 1, 0, 0, 3, 3, 0,
       2, 3, 0, 1, 2, 0, 3, 1, 0, 1, 2, 0, 3, 1, 0, 1, 1, 0, 0, 2, 2, 2,
       3, 3, 3, 1, 1, 2, 0, 1, 3, 1, 2, 2, 1, 0, 2, 2, 1, 1, 2, 3, 3, 1,
       3, 0, 3, 1, 2, 3, 3, 1, 0, 2, 2, 2, 3, 0, 1, 2, 1, 3, 0, 3, 0, 0,
       3, 0, 3, 3, 0, 0, 1, 3, 1, 1, 2, 0, 1, 0, 2, 2, 1, 3, 3, 3, 0, 2,
       3, 3, 3, 2, 2, 0, 3, 0, 3, 3, 1, 1, 3, 1, 3, 0, 2, 2, 2, 3, 1, 3,
       0, 3, 2, 2, 0, 1, 0, 1, 2, 3, 1, 3, 2, 0, 3, 0, 3, 1, 0, 3, 2, 3,
       1, 1, 2, 3, 0, 0, 3, 1, 2, 0, 2, 3, 1, 1, 2, 2, 2, 2, 3, 1, 3, 1,
       0, 1, 3, 0, 1, 0, 1, 0, 0, 0, 3, 1, 2, 1, 2, 2, 3, 1, 2, 2, 1, 0,
       1, 2, 2, 0, 0, 3, 3, 3, 2, 0, 1, 3, 0, 3, 3, 0, 1, 2, 0, 0, 0, 1,
       0, 1, 2, 1, 1, 2, 0, 3, 0, 2, 0, 0, 1, 0, 3, 2, 3, 2, 0, 1, 3, 0,
       0, 2, 2, 0, 2, 3, 0, 2, 3, 2, 3, 0, 3, 2, 0, 2, 0, 1, 3, 1, 3, 0,
       1, 3, 0, 3, 2, 1, 0, 3, 1, 0, 1, 0, 1, 0, 1, 1, 1, 1, 0, 0, 0, 3,
       0, 3, 2, 1, 0, 3, 3, 0, 1, 0, 0, 0, 1, 1, 1, 3, 0, 1, 3, 2, 1, 2,
       1, 0, 1, 1, 3, 0, 1, 1, 2, 3, 0, 1, 2, 0, 0, 3, 3, 2, 3, 0, 2, 0,
       0, 0, 0, 0, 0, 2, 2, 2, 0, 0, 1, 1, 0, 2, 0, 2, 2, 1, 2, 2, 3, 2,
       1, 1, 3, 2, 0, 0, 2, 2, 2, 0, 2, 2, 0, 1, 0, 1, 2, 3, 3, 1, 1, 0,
       0, 1, 2, 3, 3, 3, 3, 2, 0, 2, 3, 0, 3, 0, 1, 1, 1, 1, 0, 0, 0, 3,
       0, 3, 2, 0, 1, 2, 1, 0, 0, 2, 3, 0, 2, 3, 0, 1, 2, 3, 1, 1, 0, 3,
       1, 0, 1, 3, 1, 1, 0, 0, 2, 2, 3, 3, 3, 3, 0, 3, 0, 0, 2, 2, 2, 1,
       0, 0, 2, 1, 3, 3, 3, 2, 2, 0, 2, 3, 3, 3, 3, 0, 3, 2, 0, 0, 0, 3,
       1, 3, 1, 3, 3, 1, 0, 1, 0, 2, 1, 1, 1, 2, 3, 3, 1, 1, 0, 3, 2, 2,
       1, 0, 2, 1, 1, 2, 0, 0, 3, 0, 0, 1, 1, 2, 2, 0, 3, 1, 1, 1, 3, 0,
       2, 1, 0, 1, 1, 0, 2, 1, 3, 2, 2, 0, 1, 3, 0, 1, 0, 3, 2, 0, 0, 1,
       1, 2, 0, 2, 2, 2, 2, 0, 0, 1, 2, 0, 1, 1, 0, 2, 0, 2, 0, 1, 3, 1,
       0, 0, 3, 3, 2, 2, 0, 1, 3, 2, 3, 2, 1, 3, 1, 2, 3, 1, 2, 0, 0, 2,
       3, 3, 1, 2, 0, 2, 1, 3, 2, 0, 0, 0, 0, 1, 1, 2, 1, 3, 3, 1, 3, 3,
       3, 1, 2, 0, 1, 2, 2, 1, 3, 1, 1, 3, 0, 0, 0, 2, 2, 3, 3, 0, 1, 1,
       1, 1, 0, 3, 2, 0, 1, 2, 2, 3, 3, 2, 3, 2, 0, 2, 1, 1, 0, 1, 0, 2,
       0, 0, 3, 0, 0, 0, 2, 3, 1, 0, 2, 0, 3, 0, 0, 1, 3, 2, 2, 0, 1, 2,
       2, 1, 1, 1, 0, 0, 0, 0, 1, 0, 1, 0, 3, 1, 1, 3, 0, 0, 0, 3, 0, 3,
       1, 2, 1, 1, 1, 2, 3, 0, 0, 3, 1, 0, 3, 1, 1, 0, 3, 0, 3, 0, 3, 1,
       3, 2, 2, 2, 1, 2, 0, 3, 1, 3, 0, 0, 1, 1, 0, 0, 1, 3, 3, 3, 0, 0,
       1, 1, 3, 0, 2, 1, 3, 1, 2, 3, 3, 2, 2, 0, 2, 3, 3, 0, 2, 3, 2, 1,
       3, 1, 0, 0, 1, 3, 1, 1, 3, 0, 0, 3, 2, 0, 1, 2, 3, 1, 3, 2, 3, 3,
       2, 2, 1, 3, 3, 1, 1, 1, 3, 2, 1, 1, 3, 0, 0, 0, 2, 1, 2, 2, 0, 1,
       3, 0, 1, 2, 2, 2, 0, 0, 0, 3, 3, 0, 1, 2, 0, 2, 1, 3, 1, 0, 2, 1,
       1, 1, 0, 1, 0, 1, 2, 0, 2, 2, 3, 3, 1, 0, 3, 1, 3, 3, 1, 3],
      dtype=object)]
[1, array([-0.42911738, -0.21455869, -0.21455869,  0.        ]), array([0, 2, 1, 2, 0, 3, 2, 1, 3, 0, 1, 3, 1, 0, 2, 0, 1, 3, 2, 1, 0, 0,
       0, 3, 0, 3, 2, 0, 3, 0, 0, 1, 0, 3, 1, 1, 1, 1, 2, 1, 0, 1, 3, 0,
       3, 3, 2, 2, 1, 3, 0, 3, 2, 0, 1, 2, 2, 1, 1, 1, 0, 1, 3, 0, 2, 3,
       0, 2, 0, 3, 3, 1, 1, 3, 2, 0, 1, 0, 3, 0, 0, 2, 0, 3, 1, 1, 0, 1,
       0, 2, 0, 3, 1, 1, 0, 1, 2, 2, 2, 1, 0, 0, 2, 0, 1, 2, 2, 3, 3, 3,
       2, 0, 0, 3, 2, 1, 2, 3, 1, 3, 1, 3, 2, 1, 2, 2, 2, 1, 0, 1, 0, 0,
       3, 0, 3, 1, 1, 2, 3, 1, 3, 0, 0, 3, 3, 1, 0, 1, 1, 0, 0, 3, 3, 0,
       2, 3, 0, 1, 2, 0, 3, 1, 0, 1, 2, 0, 3, 1, 0, 1, 1, 0, 0, 2, 2, 2,
       3, 3, 3, 1, 1, 2, 0, 1, 3, 1, 2, 2, 1, 0, 2, 2, 1, 1, 2, 3, 3, 1,
       3, 0, 3, 1, 2, 3, 3, 1, 0, 2, 2, 2, 3, 0, 1, 2, 1, 3, 0, 3, 0, 0,
       3, 0, 3, 3, 0, 0, 1, 3, 1, 1, 2, 0, 1, 0, 2, 2, 1, 3, 3, 3, 0, 2,
       3, 3, 3, 2, 2, 0, 3, 0, 3, 3, 1, 1, 3, 1, 3, 0, 2, 2, 2, 3, 1, 3,
       0, 3, 2, 2, 0, 1, 0, 1, 2, 3, 1, 3, 2, 0, 3, 0, 3, 1, 0, 3, 2, 3,
       1, 1, 2, 3, 0, 0, 3, 1, 2, 0, 2, 3, 1, 1, 2, 2, 2, 2, 3, 1, 3, 1,
       0, 1, 3, 0, 1, 0, 1, 0, 0, 0, 3, 1, 2, 1, 2, 2, 3, 1, 2, 2, 1, 0,
       1, 2, 2, 0, 0, 3, 3, 3, 2, 0, 1, 3, 0, 3, 3, 0, 1, 2, 0, 0, 0, 1,
       0, 1, 2, 1, 1, 2, 0, 3, 0, 2, 0, 0, 1, 0, 3, 2, 3, 2, 0, 1, 3, 0,
       0, 2, 2, 0, 2, 3, 0, 2, 3, 2, 3, 0, 3, 2, 0, 2, 0, 1, 3, 1, 3, 0,
       1, 3, 0, 3, 2, 1, 0, 3, 1, 0, 1, 0, 1, 0, 1, 1, 1, 1, 0, 0, 0, 3,
       0, 3, 2, 1, 0, 3, 3, 0, 1, 0, 0, 0, 1, 1, 1, 3, 0, 1, 3, 2, 1, 2,
       1, 0, 1, 1, 3, 0, 1, 1, 2, 3, 0, 1, 2, 0, 0, 3, 3, 2, 3, 0, 2, 0,
       0, 0, 0, 0, 0, 2, 2, 2, 0, 0, 1, 1, 0, 2, 0, 2, 2, 1, 2, 2, 3, 2,
       1, 1, 3, 2, 0, 0, 2, 2, 2, 0, 2, 2, 0, 1, 0, 1, 2, 3, 3, 1, 1, 0,
       0, 1, 2, 3, 3, 3, 3, 2, 0, 2, 3, 0, 3, 0, 1, 1, 1, 1, 0, 0, 0, 3,
       0, 3, 2, 0, 1, 2, 1, 0, 0, 2, 3, 0, 2, 3, 0, 1, 2, 3, 1, 1, 0, 3,
       1, 0, 1, 3, 1, 1, 0, 0, 2, 2, 3, 3, 3, 3, 0, 3, 0, 0, 2, 2, 2, 1,
       0, 0, 2, 1, 3, 3, 3, 2, 2, 0, 2, 3, 3, 3, 3, 0, 3, 2, 0, 0, 0, 3,
       1, 3, 1, 3, 3, 1, 0, 1, 0, 2, 1, 1, 1, 2, 3, 3, 1, 1, 0, 3, 2, 2,
       1, 0, 2, 1, 1, 2, 0, 0, 3, 0, 0, 1, 1, 2, 2, 0, 3, 1, 1, 1, 3, 0,
       2, 1, 0, 1, 1, 0, 2, 1, 3, 2, 2, 0, 1, 3, 0, 1, 0, 3, 2, 0, 0, 1,
       1, 2, 0, 2, 2, 2, 2, 0, 0, 1, 2, 0, 1, 1, 0, 2, 0, 2, 0, 1, 3, 1,
       0, 0, 3, 3, 2, 2, 0, 1, 3, 2, 3, 2, 1, 3, 1, 2, 3, 1, 2, 0, 0, 2,
       3, 3, 1, 2, 0, 2, 1, 3, 2, 0, 0, 0, 0, 1, 1, 2, 1, 3, 3, 1, 3, 3,
       3, 1, 2, 0, 1, 2, 2, 1, 3, 1, 1, 3, 0, 0, 0, 2, 2, 3, 3, 0, 1, 1,
       1, 1, 0, 3, 2, 0, 1, 2, 2, 3, 3, 2, 3, 2, 0, 2, 1, 1, 0, 1, 0, 2,
       0, 0, 3, 0, 0, 0, 2, 3, 1, 0, 2, 0, 3, 0, 0, 1, 3, 2, 2, 0, 1, 2,
       2, 1, 1, 1, 0, 0, 0, 0, 1, 0, 1, 0, 3, 1, 1, 3, 0, 0, 0, 3, 0, 3,
       1, 2, 1, 1, 1, 2, 3, 0, 0, 3, 1, 0, 3, 1, 1, 0, 3, 0, 3, 0, 3, 1,
       3, 2, 2, 2, 1, 2, 0, 3, 1, 3, 0, 0, 1, 1, 0, 0, 1, 3, 3, 3, 0, 0,
       1, 1, 3, 0, 2, 1, 3, 1, 2, 3, 3, 2, 2, 0, 2, 3, 3, 0, 2, 3, 2, 1,
       3, 1, 0, 0, 1, 3, 1, 1, 3, 0, 0, 3, 2, 0, 1, 2, 3, 1, 3, 2, 3, 3,
       2, 2, 1, 3, 3, 1, 1, 1, 3, 2, 1, 1, 3, 0, 0, 0, 2, 1, 2, 2, 0, 1,
       3, 0, 1, 2, 2, 2, 0, 0, 0, 3, 3, 0, 1, 2, 0, 2, 1, 3, 1, 0, 2, 1,
       1, 1, 0, 1, 0, 1, 2, 0, 2, 2, 3, 3, 1, 0, 3, 1, 3, 3, 1, 3],
      dtype=object)]
[1, array([-0.42911738, -0.21455869, -0.21455869,  0.        ]), array([0, 2, 1, 2, 0, 3, 2, 1, 3, 0, 1, 3, 1, 0, 2, 0, 1, 3, 2, 1, 0, 0,
       0, 3, 0, 3, 2, 0, 3, 0, 0, 1, 0, 3, 1, 1, 1, 1, 2, 1, 0, 1, 3, 0,
       3, 3, 2, 2, 1, 3, 0, 3, 2, 0, 1, 2, 2, 1, 1, 1, 0, 1, 3, 0, 2, 3,
       0, 2, 0, 3, 3, 1, 1, 3, 2, 0, 1, 0, 3, 0, 0, 2, 0, 3, 1, 1, 0, 1,
       0, 2, 0, 3, 1, 1, 0, 1, 2, 2, 2, 1, 0, 0, 2, 0, 1, 2, 2, 3, 3, 3,
       2, 0, 0, 3, 2, 1, 2, 3, 1, 3, 1, 3, 2, 1, 2, 2, 2, 1, 0, 1, 0, 0,
       3, 0, 3, 1, 1, 2, 3, 1, 3, 0, 0, 3, 3, 1, 0, 1, 1, 0, 0, 3, 3, 0,
       2, 3, 0, 1, 2, 0, 3, 1, 0, 1, 2, 0, 3, 1, 0, 1, 1, 0, 0, 2, 2, 2,
       3, 3, 3, 1, 1, 2, 0, 1, 3, 1, 2, 2, 1, 0, 2, 2, 1, 1, 2, 3, 3, 1,
       3, 0, 3, 1, 2, 3, 3, 1, 0, 2, 2, 2, 3, 0, 1, 2, 1, 3, 0, 3, 0, 0,
       3, 0, 3, 3, 0, 0, 1, 3, 1, 1, 2, 0, 1, 0, 2, 2, 1, 3, 3, 3, 0, 2,
       3, 3, 3, 2, 2, 0, 3, 0, 3, 3, 1, 1, 3, 1, 3, 0, 2, 2, 2, 3, 1, 3,
       0, 3, 2, 2, 0, 1, 0, 1, 2, 3, 1, 3, 2, 0, 3, 0, 3, 1, 0, 3, 2, 3,
       1, 1, 2, 3, 0, 0, 3, 1, 2, 0, 2, 3, 1, 1, 2, 2, 2, 2, 3, 1, 3, 1,
       0, 1, 3, 0, 1, 0, 1, 0, 0, 0, 3, 1, 2, 1, 2, 2, 3, 1, 2, 2, 1, 0,
       1, 2, 2, 0, 0, 3, 3, 3, 2, 0, 1, 3, 0, 3, 3, 0, 1, 2, 0, 0, 0, 1,
       0, 1, 2, 1, 1, 2, 0, 3, 0, 2, 0, 0, 1, 0, 3, 2, 3, 2, 0, 1, 3, 0,
       0, 2, 2, 0, 2, 3, 0, 2, 3, 2, 3, 0, 3, 2, 0, 2, 0, 1, 3, 1, 3, 0,
       1, 3, 0, 3, 2, 1, 0, 3, 1, 0, 1, 0, 1, 0, 1, 1, 1, 1, 0, 0, 0, 3,
       0, 3, 2, 1, 0, 3, 3, 0, 1, 0, 0, 0, 1, 1, 1, 3, 0, 1, 3, 2, 1, 2,
       1, 0, 1, 1, 3, 0, 1, 1, 2, 3, 0, 1, 2, 0, 0, 3, 3, 2, 3, 0, 2, 0,
       0, 0, 0, 0, 0, 2, 2, 2, 0, 0, 1, 1, 0, 2, 0, 2, 2, 1, 2, 2, 3, 2,
       1, 1, 3, 2, 0, 0, 2, 2, 2, 0, 2, 2, 0, 1, 0, 1, 2, 3, 3, 1, 1, 0,
       0, 1, 2, 3, 3, 3, 3, 2, 0, 2, 3, 0, 3, 0, 1, 1, 1, 1, 0, 0, 0, 3,
       0, 3, 2, 0, 1, 2, 1, 0, 0, 2, 3, 0, 2, 3, 0, 1, 2, 3, 1, 1, 0, 3,
       1, 0, 1, 3, 1, 1, 0, 0, 2, 2, 3, 3, 3, 3, 0, 3, 0, 0, 2, 2, 2, 1,
       0, 0, 2, 1, 3, 3, 3, 2, 2, 0, 2, 3, 3, 3, 3, 0, 3, 2, 0, 0, 0, 3,
       1, 3, 1, 3, 3, 1, 0, 1, 0, 2, 1, 1, 1, 2, 3, 3, 1, 1, 0, 3, 2, 2,
       1, 0, 2, 1, 1, 2, 0, 0, 3, 0, 0, 1, 1, 2, 2, 0, 3, 1, 1, 1, 3, 0,
       2, 1, 0, 1, 1, 0, 2, 1, 3, 2, 2, 0, 1, 3, 0, 1, 0, 3, 2, 0, 0, 1,
       1, 2, 0, 2, 2, 2, 2, 0, 0, 1, 2, 0, 1, 1, 0, 2, 0, 2, 0, 1, 3, 1,
       0, 0, 3, 3, 2, 2, 0, 1, 3, 2, 3, 2, 1, 3, 1, 2, 3, 1, 2, 0, 0, 2,
       3, 3, 1, 2, 0, 2, 1, 3, 2, 0, 0, 0, 0, 1, 1, 2, 1, 3, 3, 1, 3, 3,
       3, 1, 2, 0, 1, 2, 2, 1, 3, 1, 1, 3, 0, 0, 0, 2, 2, 3, 3, 0, 1, 1,
       1, 1, 0, 3, 2, 0, 1, 2, 2, 3, 3, 2, 3, 2, 0, 2, 1, 1, 0, 1, 0, 2,
       0, 0, 3, 0, 0, 0, 2, 3, 1, 0, 2, 0, 3, 0, 0, 1, 3, 2, 2, 0, 1, 2,
       2, 1, 1, 1, 0, 0, 0, 0, 1, 0, 1, 0, 3, 1, 1, 3, 0, 0, 0, 3, 0, 3,
       1, 2, 1, 1, 1, 2, 3, 0, 0, 3, 1, 0, 3, 1, 1, 0, 3, 0, 3, 0, 3, 1,
       3, 2, 2, 2, 1, 2, 0, 3, 1, 3, 0, 0, 1, 1, 0, 0, 1, 3, 3, 3, 0, 0,
       1, 1, 3, 0, 2, 1, 3, 1, 2, 3, 3, 2, 2, 0, 2, 3, 3, 0, 2, 3, 2, 1,
       3, 1, 0, 0, 1, 3, 1, 1, 3, 0, 0, 3, 2, 0, 1, 2, 3, 1, 3, 2, 3, 3,
       2, 2, 1, 3, 3, 1, 1, 1, 3, 2, 1, 1, 3, 0, 0, 0, 2, 1, 2, 2, 0, 1,
       3, 0, 1, 2, 2, 2, 0, 0, 0, 3, 3, 0, 1, 2, 0, 2, 1, 3, 1, 0, 2, 1,
       1, 1, 0, 1, 0, 1, 2, 0, 2, 2, 3, 3, 1, 0, 3, 1, 3, 3, 1, 3],
      dtype=object)]
[1, array([-0.42911738, -0.21455869, -0.21455869,  0.        ]), array([0, 2, 1, 2, 0, 3, 2, 1, 3, 0, 1, 3, 1, 0, 2, 0, 1, 3, 2, 1, 0, 0,
       0, 3, 0, 3, 2, 0, 3, 0, 0, 1, 0, 3, 1, 1, 1, 1, 2, 1, 0, 1, 3, 0,
       3, 3, 2, 2, 1, 3, 0, 3, 2, 0, 1, 2, 2, 1, 1, 1, 0, 1, 3, 0, 2, 3,
       0, 2, 0, 3, 3, 1, 1, 3, 2, 0, 1, 0, 3, 0, 0, 2, 0, 3, 1, 1, 0, 1,
       0, 2, 0, 3, 1, 1, 0, 1, 2, 2, 2, 1, 0, 0, 2, 0, 1, 2, 2, 3, 3, 3,
       2, 0, 0, 3, 2, 1, 2, 3, 1, 3, 1, 3, 2, 1, 2, 2, 2, 1, 0, 1, 0, 0,
       3, 0, 3, 1, 1, 2, 3, 1, 3, 0, 0, 3, 3, 1, 0, 1, 1, 0, 0, 3, 3, 0,
       2, 3, 0, 1, 2, 0, 3, 1, 0, 1, 2, 0, 3, 1, 0, 1, 1, 0, 0, 2, 2, 2,
       3, 3, 3, 1, 1, 2, 0, 1, 3, 1, 2, 2, 1, 0, 2, 2, 1, 1, 2, 3, 3, 1,
       3, 0, 3, 1, 2, 3, 3, 1, 0, 2, 2, 2, 3, 0, 1, 2, 1, 3, 0, 3, 0, 0,
       3, 0, 3, 3, 0, 0, 1, 3, 1, 1, 2, 0, 1, 0, 2, 2, 1, 3, 3, 3, 0, 2,
       3, 3, 3, 2, 2, 0, 3, 0, 3, 3, 1, 1, 3, 1, 3, 0, 2, 2, 2, 3, 1, 3,
       0, 3, 2, 2, 0, 1, 0, 1, 2, 3, 1, 3, 2, 0, 3, 0, 3, 1, 0, 3, 2, 3,
       1, 1, 2, 3, 0, 0, 3, 1, 2, 0, 2, 3, 1, 1, 2, 2, 2, 2, 3, 1, 3, 1,
       0, 1, 3, 0, 1, 0, 1, 0, 0, 0, 3, 1, 2, 1, 2, 2, 3, 1, 2, 2, 1, 0,
       1, 2, 2, 0, 0, 3, 3, 3, 2, 0, 1, 3, 0, 3, 3, 0, 1, 2, 0, 0, 0, 1,
       0, 1, 2, 1, 1, 2, 0, 3, 0, 2, 0, 0, 1, 0, 3, 2, 3, 2, 0, 1, 3, 0,
       0, 2, 2, 0, 2, 3, 0, 2, 3, 2, 3, 0, 3, 2, 0, 2, 0, 1, 3, 1, 3, 0,
       1, 3, 0, 3, 2, 1, 0, 3, 1, 0, 1, 0, 1, 0, 1, 1, 1, 1, 0, 0, 0, 3,
       0, 3, 2, 1, 0, 3, 3, 0, 1, 0, 0, 0, 1, 1, 1, 3, 0, 1, 3, 2, 1, 2,
       1, 0, 1, 1, 3, 0, 1, 1, 2, 3, 0, 1, 2, 0, 0, 3, 3, 2, 3, 0, 2, 0,
       0, 0, 0, 0, 0, 2, 2, 2, 0, 0, 1, 1, 0, 2, 0, 2, 2, 1, 2, 2, 3, 2,
       1, 1, 3, 2, 0, 0, 2, 2, 2, 0, 2, 2, 0, 1, 0, 1, 2, 3, 3, 1, 1, 0,
       0, 1, 2, 3, 3, 3, 3, 2, 0, 2, 3, 0, 3, 0, 1, 1, 1, 1, 0, 0, 0, 3,
       0, 3, 2, 0, 1, 2, 1, 0, 0, 2, 3, 0, 2, 3, 0, 1, 2, 3, 1, 1, 0, 3,
       1, 0, 1, 3, 1, 1, 0, 0, 2, 2, 3, 3, 3, 3, 0, 3, 0, 0, 2, 2, 2, 1,
       0, 0, 2, 1, 3, 3, 3, 2, 2, 0, 2, 3, 3, 3, 3, 0, 3, 2, 0, 0, 0, 3,
       1, 3, 1, 3, 3, 1, 0, 1, 0, 2, 1, 1, 1, 2, 3, 3, 1, 1, 0, 3, 2, 2,
       1, 0, 2, 1, 1, 2, 0, 0, 3, 0, 0, 1, 1, 2, 2, 0, 3, 1, 1, 1, 3, 0,
       2, 1, 0, 1, 1, 0, 2, 1, 3, 2, 2, 0, 1, 3, 0, 1, 0, 3, 2, 0, 0, 1,
       1, 2, 0, 2, 2, 2, 2, 0, 0, 1, 2, 0, 1, 1, 0, 2, 0, 2, 0, 1, 3, 1,
       0, 0, 3, 3, 2, 2, 0, 1, 3, 2, 3, 2, 1, 3, 1, 2, 3, 1, 2, 0, 0, 2,
       3, 3, 1, 2, 0, 2, 1, 3, 2, 0, 0, 0, 0, 1, 1, 2, 1, 3, 3, 1, 3, 3,
       3, 1, 2, 0, 1, 2, 2, 1, 3, 1, 1, 3, 0, 0, 0, 2, 2, 3, 3, 0, 1, 1,
       1, 1, 0, 3, 2, 0, 1, 2, 2, 3, 3, 2, 3, 2, 0, 2, 1, 1, 0, 1, 0, 2,
       0, 0, 3, 0, 0, 0, 2, 3, 1, 0, 2, 0, 3, 0, 0, 1, 3, 2, 2, 0, 1, 2,
       2, 1, 1, 1, 0, 0, 0, 0, 1, 0, 1, 0, 3, 1, 1, 3, 0, 0, 0, 3, 0, 3,
       1, 2, 1, 1, 1, 2, 3, 0, 0, 3, 1, 0, 3, 1, 1, 0, 3, 0, 3, 0, 3, 1,
       3, 2, 2, 2, 1, 2, 0, 3, 1, 3, 0, 0, 1, 1, 0, 0, 1, 3, 3, 3, 0, 0,
       1, 1, 3, 0, 2, 1, 3, 1, 2, 3, 3, 2, 2, 0, 2, 3, 3, 0, 2, 3, 2, 1,
       3, 1, 0, 0, 1, 3, 1, 1, 3, 0, 0, 3, 2, 0, 1, 2, 3, 1, 3, 2, 3, 3,
       2, 2, 1, 3, 3, 1, 1, 1, 3, 2, 1, 1, 3, 0, 0, 0, 2, 1, 2, 2, 0, 1,
       3, 0, 1, 2, 2, 2, 0, 0, 0, 3, 3, 0, 1, 2, 0, 2, 1, 3, 1, 0, 2, 1,
       1, 1, 0, 1, 0, 1, 2, 0, 2, 2, 3, 3, 1, 0, 3, 1, 3, 3, 1, 3],
      dtype=object)]
[2, array([-0.96038109, -0.48019055, -0.48019055,  0.        ]), array([3, 0, 3, 3, 3, 1, 2, 1, 3, 2, 2, 0, 0, 2, 1, 1, 0, 0, 2, 0, 1, 1,
       1, 2, 1, 2, 3, 0, 3, 2, 2, 0, 3, 3, 0, 0, 0, 2, 0, 1, 1, 3, 1, 1,
       3, 1, 3, 3, 2, 2, 2, 1, 0, 2, 3, 2, 3, 0, 1, 1, 0, 1, 2, 2, 3, 2,
       0, 3, 3, 2, 0, 1, 1, 3, 1, 2, 1, 1, 3, 3, 3, 3, 2, 1, 2, 2, 3, 2,
       0, 1, 0, 1, 1, 1, 3, 0, 2, 3, 0, 0, 0, 2, 0, 2, 0, 0, 2, 1, 1, 0,
       2, 1, 1, 0, 0, 1, 0, 3, 1, 3, 2, 0, 2, 2, 3, 3, 2, 0, 1, 3, 2, 2,
       2, 2, 0, 1, 1, 2, 1, 1, 1, 0, 0, 1, 2, 3, 3, 0, 0, 2, 2, 2, 1, 3,
       3, 3, 3, 1, 3, 2, 3, 2, 3, 0, 3, 0, 3, 3, 0, 3, 3, 3, 1, 3, 2, 0,
       2, 1, 1, 3, 3, 3, 2, 0, 3, 0, 1, 0, 3, 3, 1, 2, 2, 3, 0, 1, 1, 2,
       0, 2, 2, 0, 3, 1, 3, 0, 3, 1, 3, 3, 3, 1, 2, 3, 1, 0, 0, 3, 3, 1,
       1, 3, 0, 1, 3, 0, 1, 3, 2, 2, 0, 1, 2, 3, 2, 2, 2, 1, 1, 0, 0, 1,
       0, 3, 1, 3, 0, 3, 2, 1, 2, 0, 1, 0, 2, 3, 1, 0, 1, 0, 0, 0, 3, 0,
       0, 3, 3, 0, 1, 1, 0, 3, 2, 0, 2, 1, 3, 2, 1, 1, 3, 2, 2, 3, 0, 3,
       0, 0, 2, 3, 2, 0, 2, 3, 3, 0, 2, 1, 0, 0, 0, 0, 0, 2, 1, 3, 3, 3,
       3, 3, 0, 1, 2, 2, 0, 2, 0, 1, 0, 3, 3, 3, 0, 1, 0, 1, 0, 1, 0, 3,
       0, 1, 3, 0, 1, 1, 2, 3, 3, 0, 3, 1, 2, 1, 1, 2, 3, 2, 3, 1, 1, 1,
       2, 3, 3, 0, 2, 1, 0, 1, 2, 2, 0, 3, 3, 0, 1, 2, 1, 3, 3, 0, 2, 3,
       3, 2, 3, 1, 0, 3, 3, 2, 1, 3, 0, 0, 2, 3, 2, 0, 0, 0, 3, 1, 0, 1,
       3, 1, 0, 2, 0, 2, 0, 1, 2, 0, 1, 0, 2, 2, 2, 0, 1, 3, 3, 3, 2, 0,
       0, 3, 0, 0, 2, 1, 3, 0, 3, 2, 1, 3, 1, 2, 0, 1, 0, 0, 0, 0, 1, 1,
       2, 1, 3, 0, 0, 1, 3, 1, 1, 3, 1, 2, 2, 3, 1, 3, 2, 0, 3, 0, 1, 2,
       0, 0, 0, 2, 2, 1, 1, 1, 0, 1, 2, 2, 2, 3, 1, 3, 0, 3, 1, 1, 1, 1,
       0, 0, 1, 3, 3, 1, 0, 1, 1, 1, 3, 2, 1, 1, 2, 1, 2, 2, 1, 3, 0, 1,
       2, 0, 3, 0, 3, 1, 3, 3, 0, 3, 1, 3, 0, 2, 0, 0, 3, 2, 2, 0, 2, 3,
       2, 2, 2, 3, 3, 1, 1, 2, 3, 3, 0, 3, 2, 3, 3, 0, 1, 2, 1, 3, 0, 1,
       0, 3, 3, 1, 1, 0, 1, 1, 1, 1, 3, 2, 2, 2, 1, 3, 1, 2, 2, 1, 0, 2,
       1, 0, 1, 3, 3, 2, 1, 2, 0, 0, 2, 1, 3, 0, 2, 3, 1, 2, 1, 2, 3, 0,
       3, 0, 2, 0, 2, 2, 1, 0, 2, 2, 2, 0, 1, 2, 0, 1, 1, 1, 0, 2, 2, 0,
       1, 0, 1, 3, 0, 1, 0, 2, 2, 2, 3, 2, 1, 1, 1, 1, 3, 1, 0, 0, 2, 3,
       0, 1, 3, 2, 3, 0, 2, 1, 2, 0, 1, 3, 1, 1, 1, 1, 2, 3, 3, 2, 3, 0,
       3, 2, 1, 3, 2, 1, 2, 0, 0, 1, 1, 3, 2, 3, 2, 1, 0, 3, 3, 0, 0, 3,
       1, 3, 0, 2, 1, 0, 3, 3, 1, 1, 2, 2, 0, 1, 3, 3, 2, 0, 2, 3, 1, 2,
       3, 0, 2, 3, 2, 1, 2, 0, 0, 1, 1, 2, 2, 0, 3, 3, 1, 3, 1, 0, 2, 3,
       0, 1, 3, 1, 0, 0, 1, 0, 0, 1, 1, 2, 0, 3, 0, 1, 2, 2, 3, 0, 0, 3,
       3, 0, 2, 0, 1, 3, 2, 3, 0, 3, 0, 0, 1, 2, 3, 2, 3, 1, 3, 3, 1, 1,
       3, 2, 3, 3, 1, 1, 3, 2, 0, 2, 2, 3, 3, 1, 1, 1, 3, 0, 2, 2, 2, 2,
       2, 2, 0, 1, 0, 1, 1, 2, 3, 0, 2, 1, 2, 2, 2, 2, 3, 0, 2, 2, 1, 0,
       2, 3, 2, 3, 3, 2, 3, 1, 0, 0, 2, 0, 3, 0, 1, 1, 1, 0, 0, 2, 3, 1,
       2, 2, 1, 3, 0, 2, 1, 0, 3, 2, 3, 1, 0, 0, 3, 2, 2, 3, 2, 1, 3, 3,
       2, 3, 1, 3, 1, 1, 3, 3, 3, 3, 1, 1, 1, 2, 1, 3, 1, 1, 3, 0, 1, 3,
       3, 3, 0, 0, 2, 0, 2, 2, 3, 2, 0, 3, 3, 0, 3, 2, 2, 1, 0, 1, 3, 1,
       3, 2, 0, 3, 1, 3, 3, 3, 3, 0, 1, 3, 0, 0, 3, 3, 1, 1, 2, 2, 1, 1,
       1, 1, 0, 3, 2, 3, 1, 3, 2, 2, 1, 2, 3, 1, 1, 2, 0, 0, 1, 2, 1, 3,
       1, 3, 0, 2, 2, 0, 0, 3, 2, 2, 2, 1, 3, 3, 1, 3, 2, 3, 0, 1],
      dtype=object)]
[2, array([-0.96038109, -0.48019055, -0.48019055,  0.        ]), array([3, 0, 3, 3, 3, 1, 2, 1, 3, 2, 2, 0, 0, 2, 1, 1, 0, 0, 2, 0, 1, 1,
       1, 2, 1, 2, 3, 0, 3, 2, 2, 0, 3, 3, 0, 0, 0, 2, 0, 1, 1, 3, 1, 1,
       3, 1, 3, 3, 2, 2, 2, 1, 0, 2, 3, 2, 3, 0, 1, 1, 0, 1, 2, 2, 3, 2,
       0, 3, 3, 2, 0, 1, 1, 3, 1, 2, 1, 1, 3, 3, 3, 3, 2, 1, 2, 2, 3, 2,
       0, 1, 0, 1, 1, 1, 3, 0, 2, 3, 0, 0, 0, 2, 0, 2, 0, 0, 2, 1, 1, 0,
       2, 1, 1, 0, 0, 1, 0, 3, 1, 3, 2, 0, 2, 2, 3, 3, 2, 0, 1, 3, 2, 2,
       2, 2, 0, 1, 1, 2, 1, 1, 1, 0, 0, 1, 2, 3, 3, 0, 0, 2, 2, 2, 1, 3,
       3, 3, 3, 1, 3, 2, 3, 2, 3, 0, 3, 0, 3, 3, 0, 3, 3, 3, 1, 3, 2, 0,
       2, 1, 1, 3, 3, 3, 2, 0, 3, 0, 1, 0, 3, 3, 1, 2, 2, 3, 0, 1, 1, 2,
       0, 2, 2, 0, 3, 1, 3, 0, 3, 1, 3, 3, 3, 1, 2, 3, 1, 0, 0, 3, 3, 1,
       1, 3, 0, 1, 3, 0, 1, 3, 2, 2, 0, 1, 2, 3, 2, 2, 2, 1, 1, 0, 0, 1,
       0, 3, 1, 3, 0, 3, 2, 1, 2, 0, 1, 0, 2, 3, 1, 0, 1, 0, 0, 0, 3, 0,
       0, 3, 3, 0, 1, 1, 0, 3, 2, 0, 2, 1, 3, 2, 1, 1, 3, 2, 2, 3, 0, 3,
       0, 0, 2, 3, 2, 0, 2, 3, 3, 0, 2, 1, 0, 0, 0, 0, 0, 2, 1, 3, 3, 3,
       3, 3, 0, 1, 2, 2, 0, 2, 0, 1, 0, 3, 3, 3, 0, 1, 0, 1, 0, 1, 0, 3,
       0, 1, 3, 0, 1, 1, 2, 3, 3, 0, 3, 1, 2, 1, 1, 2, 3, 2, 3, 1, 1, 1,
       2, 3, 3, 0, 2, 1, 0, 1, 2, 2, 0, 3, 3, 0, 1, 2, 1, 3, 3, 0, 2, 3,
       3, 2, 3, 1, 0, 3, 3, 2, 1, 3, 0, 0, 2, 3, 2, 0, 0, 0, 3, 1, 0, 1,
       3, 1, 0, 2, 0, 2, 0, 1, 2, 0, 1, 0, 2, 2, 2, 0, 1, 3, 3, 3, 2, 0,
       0, 3, 0, 0, 2, 1, 3, 0, 3, 2, 1, 3, 1, 2, 0, 1, 0, 0, 0, 0, 1, 1,
       2, 1, 3, 0, 0, 1, 3, 1, 1, 3, 1, 2, 2, 3, 1, 3, 2, 0, 3, 0, 1, 2,
       0, 0, 0, 2, 2, 1, 1, 1, 0, 1, 2, 2, 2, 3, 1, 3, 0, 3, 1, 1, 1, 1,
       0, 0, 1, 3, 3, 1, 0, 1, 1, 1, 3, 2, 1, 1, 2, 1, 2, 2, 1, 3, 0, 1,
       2, 0, 3, 0, 3, 1, 3, 3, 0, 3, 1, 3, 0, 2, 0, 0, 3, 2, 2, 0, 2, 3,
       2, 2, 2, 3, 3, 1, 1, 2, 3, 3, 0, 3, 2, 3, 3, 0, 1, 2, 1, 3, 0, 1,
       0, 3, 3, 1, 1, 0, 1, 1, 1, 1, 3, 2, 2, 2, 1, 3, 1, 2, 2, 1, 0, 2,
       1, 0, 1, 3, 3, 2, 1, 2, 0, 0, 2, 1, 3, 0, 2, 3, 1, 2, 1, 2, 3, 0,
       3, 0, 2, 0, 2, 2, 1, 0, 2, 2, 2, 0, 1, 2, 0, 1, 1, 1, 0, 2, 2, 0,
       1, 0, 1, 3, 0, 1, 0, 2, 2, 2, 3, 2, 1, 1, 1, 1, 3, 1, 0, 0, 2, 3,
       0, 1, 3, 2, 3, 0, 2, 1, 2, 0, 1, 3, 1, 1, 1, 1, 2, 3, 3, 2, 3, 0,
       3, 2, 1, 3, 2, 1, 2, 0, 0, 1, 1, 3, 2, 3, 2, 1, 0, 3, 3, 0, 0, 3,
       1, 3, 0, 2, 1, 0, 3, 3, 1, 1, 2, 2, 0, 1, 3, 3, 2, 0, 2, 3, 1, 2,
       3, 0, 2, 3, 2, 1, 2, 0, 0, 1, 1, 2, 2, 0, 3, 3, 1, 3, 1, 0, 2, 3,
       0, 1, 3, 1, 0, 0, 1, 0, 0, 1, 1, 2, 0, 3, 0, 1, 2, 2, 3, 0, 0, 3,
       3, 0, 2, 0, 1, 3, 2, 3, 0, 3, 0, 0, 1, 2, 3, 2, 3, 1, 3, 3, 1, 1,
       3, 2, 3, 3, 1, 1, 3, 2, 0, 2, 2, 3, 3, 1, 1, 1, 3, 0, 2, 2, 2, 2,
       2, 2, 0, 1, 0, 1, 1, 2, 3, 0, 2, 1, 2, 2, 2, 2, 3, 0, 2, 2, 1, 0,
       2, 3, 2, 3, 3, 2, 3, 1, 0, 0, 2, 0, 3, 0, 1, 1, 1, 0, 0, 2, 3, 1,
       2, 2, 1, 3, 0, 2, 1, 0, 3, 2, 3, 1, 0, 0, 3, 2, 2, 3, 2, 1, 3, 3,
       2, 3, 1, 3, 1, 1, 3, 3, 3, 3, 1, 1, 1, 2, 1, 3, 1, 1, 3, 0, 1, 3,
       3, 3, 0, 0, 2, 0, 2, 2, 3, 2, 0, 3, 3, 0, 3, 2, 2, 1, 0, 1, 3, 1,
       3, 2, 0, 3, 1, 3, 3, 3, 3, 0, 1, 3, 0, 0, 3, 3, 1, 1, 2, 2, 1, 1,
       1, 1, 0, 3, 2, 3, 1, 3, 2, 2, 1, 2, 3, 1, 1, 2, 0, 0, 1, 2, 1, 3,
       1, 3, 0, 2, 2, 0, 0, 3, 2, 2, 2, 1, 3, 3, 1, 3, 2, 3, 0, 1],
      dtype=object)]
[2, array([-0.96038109, -0.48019055, -0.48019055,  0.        ]), array([3, 0, 3, 3, 3, 1, 2, 1, 3, 2, 2, 0, 0, 2, 1, 1, 0, 0, 2, 0, 1, 1,
       1, 2, 1, 2, 3, 0, 3, 2, 2, 0, 3, 3, 0, 0, 0, 2, 0, 1, 1, 3, 1, 1,
       3, 1, 3, 3, 2, 2, 2, 1, 0, 2, 3, 2, 3, 0, 1, 1, 0, 1, 2, 2, 3, 2,
       0, 3, 3, 2, 0, 1, 1, 3, 1, 2, 1, 1, 3, 3, 3, 3, 2, 1, 2, 2, 3, 2,
       0, 1, 0, 1, 1, 1, 3, 0, 2, 3, 0, 0, 0, 2, 0, 2, 0, 0, 2, 1, 1, 0,
       2, 1, 1, 0, 0, 1, 0, 3, 1, 3, 2, 0, 2, 2, 3, 3, 2, 0, 1, 3, 2, 2,
       2, 2, 0, 1, 1, 2, 1, 1, 1, 0, 0, 1, 2, 3, 3, 0, 0, 2, 2, 2, 1, 3,
       3, 3, 3, 1, 3, 2, 3, 2, 3, 0, 3, 0, 3, 3, 0, 3, 3, 3, 1, 3, 2, 0,
       2, 1, 1, 3, 3, 3, 2, 0, 3, 0, 1, 0, 3, 3, 1, 2, 2, 3, 0, 1, 1, 2,
       0, 2, 2, 0, 3, 1, 3, 0, 3, 1, 3, 3, 3, 1, 2, 3, 1, 0, 0, 3, 3, 1,
       1, 3, 0, 1, 3, 0, 1, 3, 2, 2, 0, 1, 2, 3, 2, 2, 2, 1, 1, 0, 0, 1,
       0, 3, 1, 3, 0, 3, 2, 1, 2, 0, 1, 0, 2, 3, 1, 0, 1, 0, 0, 0, 3, 0,
       0, 3, 3, 0, 1, 1, 0, 3, 2, 0, 2, 1, 3, 2, 1, 1, 3, 2, 2, 3, 0, 3,
       0, 0, 2, 3, 2, 0, 2, 3, 3, 0, 2, 1, 0, 0, 0, 0, 0, 2, 1, 3, 3, 3,
       3, 3, 0, 1, 2, 2, 0, 2, 0, 1, 0, 3, 3, 3, 0, 1, 0, 1, 0, 1, 0, 3,
       0, 1, 3, 0, 1, 1, 2, 3, 3, 0, 3, 1, 2, 1, 1, 2, 3, 2, 3, 1, 1, 1,
       2, 3, 3, 0, 2, 1, 0, 1, 2, 2, 0, 3, 3, 0, 1, 2, 1, 3, 3, 0, 2, 3,
       3, 2, 3, 1, 0, 3, 3, 2, 1, 3, 0, 0, 2, 3, 2, 0, 0, 0, 3, 1, 0, 1,
       3, 1, 0, 2, 0, 2, 0, 1, 2, 0, 1, 0, 2, 2, 2, 0, 1, 3, 3, 3, 2, 0,
       0, 3, 0, 0, 2, 1, 3, 0, 3, 2, 1, 3, 1, 2, 0, 1, 0, 0, 0, 0, 1, 1,
       2, 1, 3, 0, 0, 1, 3, 1, 1, 3, 1, 2, 2, 3, 1, 3, 2, 0, 3, 0, 1, 2,
       0, 0, 0, 2, 2, 1, 1, 1, 0, 1, 2, 2, 2, 3, 1, 3, 0, 3, 1, 1, 1, 1,
       0, 0, 1, 3, 3, 1, 0, 1, 1, 1, 3, 2, 1, 1, 2, 1, 2, 2, 1, 3, 0, 1,
       2, 0, 3, 0, 3, 1, 3, 3, 0, 3, 1, 3, 0, 2, 0, 0, 3, 2, 2, 0, 2, 3,
       2, 2, 2, 3, 3, 1, 1, 2, 3, 3, 0, 3, 2, 3, 3, 0, 1, 2, 1, 3, 0, 1,
       0, 3, 3, 1, 1, 0, 1, 1, 1, 1, 3, 2, 2, 2, 1, 3, 1, 2, 2, 1, 0, 2,
       1, 0, 1, 3, 3, 2, 1, 2, 0, 0, 2, 1, 3, 0, 2, 3, 1, 2, 1, 2, 3, 0,
       3, 0, 2, 0, 2, 2, 1, 0, 2, 2, 2, 0, 1, 2, 0, 1, 1, 1, 0, 2, 2, 0,
       1, 0, 1, 3, 0, 1, 0, 2, 2, 2, 3, 2, 1, 1, 1, 1, 3, 1, 0, 0, 2, 3,
       0, 1, 3, 2, 3, 0, 2, 1, 2, 0, 1, 3, 1, 1, 1, 1, 2, 3, 3, 2, 3, 0,
       3, 2, 1, 3, 2, 1, 2, 0, 0, 1, 1, 3, 2, 3, 2, 1, 0, 3, 3, 0, 0, 3,
       1, 3, 0, 2, 1, 0, 3, 3, 1, 1, 2, 2, 0, 1, 3, 3, 2, 0, 2, 3, 1, 2,
       3, 0, 2, 3, 2, 1, 2, 0, 0, 1, 1, 2, 2, 0, 3, 3, 1, 3, 1, 0, 2, 3,
       0, 1, 3, 1, 0, 0, 1, 0, 0, 1, 1, 2, 0, 3, 0, 1, 2, 2, 3, 0, 0, 3,
       3, 0, 2, 0, 1, 3, 2, 3, 0, 3, 0, 0, 1, 2, 3, 2, 3, 1, 3, 3, 1, 1,
       3, 2, 3, 3, 1, 1, 3, 2, 0, 2, 2, 3, 3, 1, 1, 1, 3, 0, 2, 2, 2, 2,
       2, 2, 0, 1, 0, 1, 1, 2, 3, 0, 2, 1, 2, 2, 2, 2, 3, 0, 2, 2, 1, 0,
       2, 3, 2, 3, 3, 2, 3, 1, 0, 0, 2, 0, 3, 0, 1, 1, 1, 0, 0, 2, 3, 1,
       2, 2, 1, 3, 0, 2, 1, 0, 3, 2, 3, 1, 0, 0, 3, 2, 2, 3, 2, 1, 3, 3,
       2, 3, 1, 3, 1, 1, 3, 3, 3, 3, 1, 1, 1, 2, 1, 3, 1, 1, 3, 0, 1, 3,
       3, 3, 0, 0, 2, 0, 2, 2, 3, 2, 0, 3, 3, 0, 3, 2, 2, 1, 0, 1, 3, 1,
       3, 2, 0, 3, 1, 3, 3, 3, 3, 0, 1, 3, 0, 0, 3, 3, 1, 1, 2, 2, 1, 1,
       1, 1, 0, 3, 2, 3, 1, 3, 2, 2, 1, 2, 3, 1, 1, 2, 0, 0, 1, 2, 1, 3,
       1, 3, 0, 2, 2, 0, 0, 3, 2, 2, 2, 1, 3, 3, 1, 3, 2, 3, 0, 1],
      dtype=object)]
[2, array([-0.96038109, -0.48019055, -0.48019055,  0.        ]), array([3, 0, 3, 3, 3, 1, 2, 1, 3, 2, 2, 0, 0, 2, 1, 1, 0, 0, 2, 0, 1, 1,
       1, 2, 1, 2, 3, 0, 3, 2, 2, 0, 3, 3, 0, 0, 0, 2, 0, 1, 1, 3, 1, 1,
       3, 1, 3, 3, 2, 2, 2, 1, 0, 2, 3, 2, 3, 0, 1, 1, 0, 1, 2, 2, 3, 2,
       0, 3, 3, 2, 0, 1, 1, 3, 1, 2, 1, 1, 3, 3, 3, 3, 2, 1, 2, 2, 3, 2,
       0, 1, 0, 1, 1, 1, 3, 0, 2, 3, 0, 0, 0, 2, 0, 2, 0, 0, 2, 1, 1, 0,
       2, 1, 1, 0, 0, 1, 0, 3, 1, 3, 2, 0, 2, 2, 3, 3, 2, 0, 1, 3, 2, 2,
       2, 2, 0, 1, 1, 2, 1, 1, 1, 0, 0, 1, 2, 3, 3, 0, 0, 2, 2, 2, 1, 3,
       3, 3, 3, 1, 3, 2, 3, 2, 3, 0, 3, 0, 3, 3, 0, 3, 3, 3, 1, 3, 2, 0,
       2, 1, 1, 3, 3, 3, 2, 0, 3, 0, 1, 0, 3, 3, 1, 2, 2, 3, 0, 1, 1, 2,
       0, 2, 2, 0, 3, 1, 3, 0, 3, 1, 3, 3, 3, 1, 2, 3, 1, 0, 0, 3, 3, 1,
       1, 3, 0, 1, 3, 0, 1, 3, 2, 2, 0, 1, 2, 3, 2, 2, 2, 1, 1, 0, 0, 1,
       0, 3, 1, 3, 0, 3, 2, 1, 2, 0, 1, 0, 2, 3, 1, 0, 1, 0, 0, 0, 3, 0,
       0, 3, 3, 0, 1, 1, 0, 3, 2, 0, 2, 1, 3, 2, 1, 1, 3, 2, 2, 3, 0, 3,
       0, 0, 2, 3, 2, 0, 2, 3, 3, 0, 2, 1, 0, 0, 0, 0, 0, 2, 1, 3, 3, 3,
       3, 3, 0, 1, 2, 2, 0, 2, 0, 1, 0, 3, 3, 3, 0, 1, 0, 1, 0, 1, 0, 3,
       0, 1, 3, 0, 1, 1, 2, 3, 3, 0, 3, 1, 2, 1, 1, 2, 3, 2, 3, 1, 1, 1,
       2, 3, 3, 0, 2, 1, 0, 1, 2, 2, 0, 3, 3, 0, 1, 2, 1, 3, 3, 0, 2, 3,
       3, 2, 3, 1, 0, 3, 3, 2, 1, 3, 0, 0, 2, 3, 2, 0, 0, 0, 3, 1, 0, 1,
       3, 1, 0, 2, 0, 2, 0, 1, 2, 0, 1, 0, 2, 2, 2, 0, 1, 3, 3, 3, 2, 0,
       0, 3, 0, 0, 2, 1, 3, 0, 3, 2, 1, 3, 1, 2, 0, 1, 0, 0, 0, 0, 1, 1,
       2, 1, 3, 0, 0, 1, 3, 1, 1, 3, 1, 2, 2, 3, 1, 3, 2, 0, 3, 0, 1, 2,
       0, 0, 0, 2, 2, 1, 1, 1, 0, 1, 2, 2, 2, 3, 1, 3, 0, 3, 1, 1, 1, 1,
       0, 0, 1, 3, 3, 1, 0, 1, 1, 1, 3, 2, 1, 1, 2, 1, 2, 2, 1, 3, 0, 1,
       2, 0, 3, 0, 3, 1, 3, 3, 0, 3, 1, 3, 0, 2, 0, 0, 3, 2, 2, 0, 2, 3,
       2, 2, 2, 3, 3, 1, 1, 2, 3, 3, 0, 3, 2, 3, 3, 0, 1, 2, 1, 3, 0, 1,
       0, 3, 3, 1, 1, 0, 1, 1, 1, 1, 3, 2, 2, 2, 1, 3, 1, 2, 2, 1, 0, 2,
       1, 0, 1, 3, 3, 2, 1, 2, 0, 0, 2, 1, 3, 0, 2, 3, 1, 2, 1, 2, 3, 0,
       3, 0, 2, 0, 2, 2, 1, 0, 2, 2, 2, 0, 1, 2, 0, 1, 1, 1, 0, 2, 2, 0,
       1, 0, 1, 3, 0, 1, 0, 2, 2, 2, 3, 2, 1, 1, 1, 1, 3, 1, 0, 0, 2, 3,
       0, 1, 3, 2, 3, 0, 2, 1, 2, 0, 1, 3, 1, 1, 1, 1, 2, 3, 3, 2, 3, 0,
       3, 2, 1, 3, 2, 1, 2, 0, 0, 1, 1, 3, 2, 3, 2, 1, 0, 3, 3, 0, 0, 3,
       1, 3, 0, 2, 1, 0, 3, 3, 1, 1, 2, 2, 0, 1, 3, 3, 2, 0, 2, 3, 1, 2,
       3, 0, 2, 3, 2, 1, 2, 0, 0, 1, 1, 2, 2, 0, 3, 3, 1, 3, 1, 0, 2, 3,
       0, 1, 3, 1, 0, 0, 1, 0, 0, 1, 1, 2, 0, 3, 0, 1, 2, 2, 3, 0, 0, 3,
       3, 0, 2, 0, 1, 3, 2, 3, 0, 3, 0, 0, 1, 2, 3, 2, 3, 1, 3, 3, 1, 1,
       3, 2, 3, 3, 1, 1, 3, 2, 0, 2, 2, 3, 3, 1, 1, 1, 3, 0, 2, 2, 2, 2,
       2, 2, 0, 1, 0, 1, 1, 2, 3, 0, 2, 1, 2, 2, 2, 2, 3, 0, 2, 2, 1, 0,
       2, 3, 2, 3, 3, 2, 3, 1, 0, 0, 2, 0, 3, 0, 1, 1, 1, 0, 0, 2, 3, 1,
       2, 2, 1, 3, 0, 2, 1, 0, 3, 2, 3, 1, 0, 0, 3, 2, 2, 3, 2, 1, 3, 3,
       2, 3, 1, 3, 1, 1, 3, 3, 3, 3, 1, 1, 1, 2, 1, 3, 1, 1, 3, 0, 1, 3,
       3, 3, 0, 0, 2, 0, 2, 2, 3, 2, 0, 3, 3, 0, 3, 2, 2, 1, 0, 1, 3, 1,
       3, 2, 0, 3, 1, 3, 3, 3, 3, 0, 1, 3, 0, 0, 3, 3, 1, 1, 2, 2, 1, 1,
       1, 1, 0, 3, 2, 3, 1, 3, 2, 2, 1, 2, 3, 1, 1, 2, 0, 0, 1, 2, 1, 3,
       1, 3, 0, 2, 2, 0, 0, 3, 2, 2, 2, 1, 3, 3, 1, 3, 2, 3, 0, 1],
      dtype=object)]
[3, array([-3998.69726562, -1999.34863281, -1999.34863281,     0.        ]), array([3, 3, 2, 0, 1, 2, 0, 1, 1, 0, 0, 0, 2, 1, 0, 3, 2, 0, 3, 3, 0, 0,
       3, 1, 1, 2, 3, 0, 0, 2, 2, 1, 2, 3, 0, 0, 1, 2, 1, 3, 3, 3, 0, 2,
       1, 3, 3, 2, 0, 0, 1, 1, 0, 0, 1, 0, 2, 3, 0, 2, 0, 0, 0, 2, 0, 2,
       2, 0, 1, 0, 0, 1, 3, 3, 1, 2, 3, 0, 0, 0, 1, 3, 1, 2, 2, 3, 1, 1,
       1, 2, 2, 3, 1, 1, 1, 3, 0, 2, 3, 1, 3, 1, 0, 2, 3, 2, 0, 1, 3, 3,
       0, 3, 2, 3, 0, 2, 1, 3, 2, 0, 3, 2, 1, 1, 0, 3, 2, 0, 2, 0, 1, 0,
       0, 0, 2, 1, 0, 2, 3, 3, 1, 3, 3, 0, 0, 0, 3, 3, 2, 3, 2, 0, 0, 0,
       3, 3, 0, 1, 0, 1, 1, 1, 1, 2, 0, 2, 2, 0, 0, 3, 1, 0, 0, 1, 1, 0,
       0, 0, 2, 2, 2, 3, 1, 2, 2, 0, 2, 1, 1, 3, 2, 3, 2, 3, 0, 2, 3, 2,
       0, 2, 3, 0, 1, 1, 3, 3, 2, 0, 2, 0, 1, 1, 3, 1, 1, 0, 1, 1, 0, 3,
       2, 1, 0, 1, 2, 2, 3, 0, 2, 2, 1, 2, 1, 0, 1, 2, 3, 0, 3, 0, 1, 0,
       3, 3, 1, 3, 3, 2, 2, 2, 3, 2, 2, 2, 0, 3, 1, 2, 3, 1, 3, 0, 2, 1,
       0, 0, 0, 3, 3, 1, 1, 2, 0, 3, 1, 0, 1, 1, 1, 0, 2, 1, 3, 1, 1, 1,
       2, 1, 0, 2, 2, 3, 0, 0, 3, 1, 2, 0, 2, 1, 2, 0, 0, 0, 1, 2, 1, 2,
       3, 1, 0, 0, 2, 0, 3, 2, 2, 1, 1, 1, 0, 0, 3, 3, 1, 3, 0, 2, 1, 0,
       2, 2, 3, 0, 1, 2, 2, 2, 3, 0, 1, 1, 2, 3, 2, 3, 2, 1, 2, 2, 1, 3,
       0, 0, 2, 0, 2, 0, 2, 0, 3, 3, 2, 1, 2, 3, 0, 2, 0, 3, 0, 0, 2, 3,
       0, 2, 0, 2, 3, 3, 1, 3, 2, 0, 3, 2, 2, 2, 2, 2, 1, 1, 3, 2, 3, 0,
       0, 3, 2, 2, 2, 0, 0, 3, 1, 2, 0, 3, 3, 1, 2, 0, 3, 1, 0, 0, 2, 3,
       0, 0, 1, 3, 3, 1, 0, 2, 1, 0, 2, 2, 1, 3, 3, 0, 1, 3, 3, 2, 2, 0,
       3, 0, 2, 0, 2, 3, 3, 1, 0, 1, 3, 1, 0, 1, 1, 3, 3, 0, 1, 1, 1, 1,
       1, 3, 0, 0, 3, 3, 1, 1, 3, 0, 3, 2, 1, 2, 1, 1, 1, 3, 2, 1, 1, 1,
       0, 0, 2, 1, 1, 2, 3, 1, 0, 1, 2, 0, 1, 1, 0, 3, 3, 2, 1, 3, 2, 0,
       1, 2, 0, 1, 2, 0, 2, 2, 0, 3, 0, 0, 3, 1, 3, 0, 2, 0, 1, 2, 0, 1,
       2, 0, 0, 1, 1, 2, 3, 3, 1, 1, 2, 3, 2, 1, 3, 2, 2, 0, 2, 2, 0, 2,
       2, 3, 1, 2, 1, 2, 1, 3, 1, 1, 3, 2, 3, 0, 2, 3, 0, 0, 2, 0, 1, 1,
       0, 2, 0, 1, 1, 2, 3, 1, 1, 2, 2, 3, 2, 0, 1, 3, 0, 3, 2, 0, 0, 2,
       1, 3, 3, 1, 1, 0, 1, 0, 1, 0, 2, 0, 2, 1, 0, 1, 0, 1, 2, 1, 0, 1,
       2, 3, 0, 0, 3, 0, 0, 0, 1, 2, 3, 0, 3, 0, 2, 2, 2, 2, 3, 2, 0, 3,
       3, 2, 1, 0, 3, 3, 0, 1, 2, 2, 3, 2, 3, 1, 2, 0, 1, 0, 2, 2, 0, 1,
       0, 2, 2, 0, 0, 1, 3, 2, 0, 0, 1, 3, 3, 1, 1, 2, 0, 0, 2, 1, 1, 3,
       2, 1, 3, 3, 0, 3, 1, 0, 2, 3, 0, 1, 1, 3, 0, 1, 3, 1, 3, 1, 2, 2,
       3, 3, 3, 2, 2, 1, 0, 3, 2, 2, 0, 1, 3, 1, 3, 2, 1, 3, 2, 3, 0, 2,
       0, 3, 1, 2, 3, 1, 1, 2, 0, 3, 1, 2, 1, 2, 1, 1, 3, 1, 1, 2, 1, 1,
       3, 1, 2, 3, 1, 2, 2, 0, 3, 3, 3, 3, 2, 1, 1, 1, 2, 0, 3, 3, 2, 0,
       2, 1, 0, 0, 0, 1, 1, 1, 2, 1, 3, 0, 0, 1, 0, 1, 0, 3, 3, 3, 2, 1,
       2, 3, 0, 3, 2, 0, 1, 2, 3, 1, 0, 0, 2, 1, 2, 3, 2, 2, 1, 0, 0, 3,
       3, 2, 1, 1, 2, 0, 2, 2, 2, 2, 3, 3, 2, 3, 1, 2, 1, 2, 0, 2, 2, 0,
       1, 2, 0, 2, 2, 3, 3, 2, 2, 1, 2, 0, 3, 1, 3, 2, 3, 1, 1, 3, 1, 2,
       3, 2, 2, 2, 2, 2, 0, 1, 0, 2, 2, 3, 0, 3, 2, 0, 2, 0, 2, 0, 1, 3,
       1, 3, 3, 3, 2, 0, 2, 1, 0, 0, 0, 2, 1, 3, 2, 3, 3, 0, 1, 1, 0, 1,
       0, 3, 2, 2, 3, 3, 1, 1, 2, 2, 0, 3, 0, 3, 3, 3, 3, 1, 1, 0, 3, 2,
       0, 3, 3, 0, 0, 1, 0, 2, 0, 2, 2, 3, 1, 1, 2, 1, 0, 0, 0, 1, 0, 0,
       0, 1, 2, 1, 0, 0, 0, 0, 1, 2, 3, 2, 2, 2, 3, 2, 0, 3, 0, 0],
      dtype=object)]
[3, array([-3998.69726562, -1999.34863281, -1999.34863281,     0.        ]), array([3, 3, 2, 0, 1, 2, 0, 1, 1, 0, 0, 0, 2, 1, 0, 3, 2, 0, 3, 3, 0, 0,
       3, 1, 1, 2, 3, 0, 0, 2, 2, 1, 2, 3, 0, 0, 1, 2, 1, 3, 3, 3, 0, 2,
       1, 3, 3, 2, 0, 0, 1, 1, 0, 0, 1, 0, 2, 3, 0, 2, 0, 0, 0, 2, 0, 2,
       2, 0, 1, 0, 0, 1, 3, 3, 1, 2, 3, 0, 0, 0, 1, 3, 1, 2, 2, 3, 1, 1,
       1, 2, 2, 3, 1, 1, 1, 3, 0, 2, 3, 1, 3, 1, 0, 2, 3, 2, 0, 1, 3, 3,
       0, 3, 2, 3, 0, 2, 1, 3, 2, 0, 3, 2, 1, 1, 0, 3, 2, 0, 2, 0, 1, 0,
       0, 0, 2, 1, 0, 2, 3, 3, 1, 3, 3, 0, 0, 0, 3, 3, 2, 3, 2, 0, 0, 0,
       3, 3, 0, 1, 0, 1, 1, 1, 1, 2, 0, 2, 2, 0, 0, 3, 1, 0, 0, 1, 1, 0,
       0, 0, 2, 2, 2, 3, 1, 2, 2, 0, 2, 1, 1, 3, 2, 3, 2, 3, 0, 2, 3, 2,
       0, 2, 3, 0, 1, 1, 3, 3, 2, 0, 2, 0, 1, 1, 3, 1, 1, 0, 1, 1, 0, 3,
       2, 1, 0, 1, 2, 2, 3, 0, 2, 2, 1, 2, 1, 0, 1, 2, 3, 0, 3, 0, 1, 0,
       3, 3, 1, 3, 3, 2, 2, 2, 3, 2, 2, 2, 0, 3, 1, 2, 3, 1, 3, 0, 2, 1,
       0, 0, 0, 3, 3, 1, 1, 2, 0, 3, 1, 0, 1, 1, 1, 0, 2, 1, 3, 1, 1, 1,
       2, 1, 0, 2, 2, 3, 0, 0, 3, 1, 2, 0, 2, 1, 2, 0, 0, 0, 1, 2, 1, 2,
       3, 1, 0, 0, 2, 0, 3, 2, 2, 1, 1, 1, 0, 0, 3, 3, 1, 3, 0, 2, 1, 0,
       2, 2, 3, 0, 1, 2, 2, 2, 3, 0, 1, 1, 2, 3, 2, 3, 2, 1, 2, 2, 1, 3,
       0, 0, 2, 0, 2, 0, 2, 0, 3, 3, 2, 1, 2, 3, 0, 2, 0, 3, 0, 0, 2, 3,
       0, 2, 0, 2, 3, 3, 1, 3, 2, 0, 3, 2, 2, 2, 2, 2, 1, 1, 3, 2, 3, 0,
       0, 3, 2, 2, 2, 0, 0, 3, 1, 2, 0, 3, 3, 1, 2, 0, 3, 1, 0, 0, 2, 3,
       0, 0, 1, 3, 3, 1, 0, 2, 1, 0, 2, 2, 1, 3, 3, 0, 1, 3, 3, 2, 2, 0,
       3, 0, 2, 0, 2, 3, 3, 1, 0, 1, 3, 1, 0, 1, 1, 3, 3, 0, 1, 1, 1, 1,
       1, 3, 0, 0, 3, 3, 1, 1, 3, 0, 3, 2, 1, 2, 1, 1, 1, 3, 2, 1, 1, 1,
       0, 0, 2, 1, 1, 2, 3, 1, 0, 1, 2, 0, 1, 1, 0, 3, 3, 2, 1, 3, 2, 0,
       1, 2, 0, 1, 2, 0, 2, 2, 0, 3, 0, 0, 3, 1, 3, 0, 2, 0, 1, 2, 0, 1,
       2, 0, 0, 1, 1, 2, 3, 3, 1, 1, 2, 3, 2, 1, 3, 2, 2, 0, 2, 2, 0, 2,
       2, 3, 1, 2, 1, 2, 1, 3, 1, 1, 3, 2, 3, 0, 2, 3, 0, 0, 2, 0, 1, 1,
       0, 2, 0, 1, 1, 2, 3, 1, 1, 2, 2, 3, 2, 0, 1, 3, 0, 3, 2, 0, 0, 2,
       1, 3, 3, 1, 1, 0, 1, 0, 1, 0, 2, 0, 2, 1, 0, 1, 0, 1, 2, 1, 0, 1,
       2, 3, 0, 0, 3, 0, 0, 0, 1, 2, 3, 0, 3, 0, 2, 2, 2, 2, 3, 2, 0, 3,
       3, 2, 1, 0, 3, 3, 0, 1, 2, 2, 3, 2, 3, 1, 2, 0, 1, 0, 2, 2, 0, 1,
       0, 2, 2, 0, 0, 1, 3, 2, 0, 0, 1, 3, 3, 1, 1, 2, 0, 0, 2, 1, 1, 3,
       2, 1, 3, 3, 0, 3, 1, 0, 2, 3, 0, 1, 1, 3, 0, 1, 3, 1, 3, 1, 2, 2,
       3, 3, 3, 2, 2, 1, 0, 3, 2, 2, 0, 1, 3, 1, 3, 2, 1, 3, 2, 3, 0, 2,
       0, 3, 1, 2, 3, 1, 1, 2, 0, 3, 1, 2, 1, 2, 1, 1, 3, 1, 1, 2, 1, 1,
       3, 1, 2, 3, 1, 2, 2, 0, 3, 3, 3, 3, 2, 1, 1, 1, 2, 0, 3, 3, 2, 0,
       2, 1, 0, 0, 0, 1, 1, 1, 2, 1, 3, 0, 0, 1, 0, 1, 0, 3, 3, 3, 2, 1,
       2, 3, 0, 3, 2, 0, 1, 2, 3, 1, 0, 0, 2, 1, 2, 3, 2, 2, 1, 0, 0, 3,
       3, 2, 1, 1, 2, 0, 2, 2, 2, 2, 3, 3, 2, 3, 1, 2, 1, 2, 0, 2, 2, 0,
       1, 2, 0, 2, 2, 3, 3, 2, 2, 1, 2, 0, 3, 1, 3, 2, 3, 1, 1, 3, 1, 2,
       3, 2, 2, 2, 2, 2, 0, 1, 0, 2, 2, 3, 0, 3, 2, 0, 2, 0, 2, 0, 1, 3,
       1, 3, 3, 3, 2, 0, 2, 1, 0, 0, 0, 2, 1, 3, 2, 3, 3, 0, 1, 1, 0, 1,
       0, 3, 2, 2, 3, 3, 1, 1, 2, 2, 0, 3, 0, 3, 3, 3, 3, 1, 1, 0, 3, 2,
       0, 3, 3, 0, 0, 1, 0, 2, 0, 2, 2, 3, 1, 1, 2, 1, 0, 0, 0, 1, 0, 0,
       0, 1, 2, 1, 0, 0, 0, 0, 1, 2, 3, 2, 2, 2, 3, 2, 0, 3, 0, 0],
      dtype=object)]
[3, array([-3998.69726562, -1999.34863281, -1999.34863281,     0.        ]), array([3, 3, 2, 0, 1, 2, 0, 1, 1, 0, 0, 0, 2, 1, 0, 3, 2, 0, 3, 3, 0, 0,
       3, 1, 1, 2, 3, 0, 0, 2, 2, 1, 2, 3, 0, 0, 1, 2, 1, 3, 3, 3, 0, 2,
       1, 3, 3, 2, 0, 0, 1, 1, 0, 0, 1, 0, 2, 3, 0, 2, 0, 0, 0, 2, 0, 2,
       2, 0, 1, 0, 0, 1, 3, 3, 1, 2, 3, 0, 0, 0, 1, 3, 1, 2, 2, 3, 1, 1,
       1, 2, 2, 3, 1, 1, 1, 3, 0, 2, 3, 1, 3, 1, 0, 2, 3, 2, 0, 1, 3, 3,
       0, 3, 2, 3, 0, 2, 1, 3, 2, 0, 3, 2, 1, 1, 0, 3, 2, 0, 2, 0, 1, 0,
       0, 0, 2, 1, 0, 2, 3, 3, 1, 3, 3, 0, 0, 0, 3, 3, 2, 3, 2, 0, 0, 0,
       3, 3, 0, 1, 0, 1, 1, 1, 1, 2, 0, 2, 2, 0, 0, 3, 1, 0, 0, 1, 1, 0,
       0, 0, 2, 2, 2, 3, 1, 2, 2, 0, 2, 1, 1, 3, 2, 3, 2, 3, 0, 2, 3, 2,
       0, 2, 3, 0, 1, 1, 3, 3, 2, 0, 2, 0, 1, 1, 3, 1, 1, 0, 1, 1, 0, 3,
       2, 1, 0, 1, 2, 2, 3, 0, 2, 2, 1, 2, 1, 0, 1, 2, 3, 0, 3, 0, 1, 0,
       3, 3, 1, 3, 3, 2, 2, 2, 3, 2, 2, 2, 0, 3, 1, 2, 3, 1, 3, 0, 2, 1,
       0, 0, 0, 3, 3, 1, 1, 2, 0, 3, 1, 0, 1, 1, 1, 0, 2, 1, 3, 1, 1, 1,
       2, 1, 0, 2, 2, 3, 0, 0, 3, 1, 2, 0, 2, 1, 2, 0, 0, 0, 1, 2, 1, 2,
       3, 1, 0, 0, 2, 0, 3, 2, 2, 1, 1, 1, 0, 0, 3, 3, 1, 3, 0, 2, 1, 0,
       2, 2, 3, 0, 1, 2, 2, 2, 3, 0, 1, 1, 2, 3, 2, 3, 2, 1, 2, 2, 1, 3,
       0, 0, 2, 0, 2, 0, 2, 0, 3, 3, 2, 1, 2, 3, 0, 2, 0, 3, 0, 0, 2, 3,
       0, 2, 0, 2, 3, 3, 1, 3, 2, 0, 3, 2, 2, 2, 2, 2, 1, 1, 3, 2, 3, 0,
       0, 3, 2, 2, 2, 0, 0, 3, 1, 2, 0, 3, 3, 1, 2, 0, 3, 1, 0, 0, 2, 3,
       0, 0, 1, 3, 3, 1, 0, 2, 1, 0, 2, 2, 1, 3, 3, 0, 1, 3, 3, 2, 2, 0,
       3, 0, 2, 0, 2, 3, 3, 1, 0, 1, 3, 1, 0, 1, 1, 3, 3, 0, 1, 1, 1, 1,
       1, 3, 0, 0, 3, 3, 1, 1, 3, 0, 3, 2, 1, 2, 1, 1, 1, 3, 2, 1, 1, 1,
       0, 0, 2, 1, 1, 2, 3, 1, 0, 1, 2, 0, 1, 1, 0, 3, 3, 2, 1, 3, 2, 0,
       1, 2, 0, 1, 2, 0, 2, 2, 0, 3, 0, 0, 3, 1, 3, 0, 2, 0, 1, 2, 0, 1,
       2, 0, 0, 1, 1, 2, 3, 3, 1, 1, 2, 3, 2, 1, 3, 2, 2, 0, 2, 2, 0, 2,
       2, 3, 1, 2, 1, 2, 1, 3, 1, 1, 3, 2, 3, 0, 2, 3, 0, 0, 2, 0, 1, 1,
       0, 2, 0, 1, 1, 2, 3, 1, 1, 2, 2, 3, 2, 0, 1, 3, 0, 3, 2, 0, 0, 2,
       1, 3, 3, 1, 1, 0, 1, 0, 1, 0, 2, 0, 2, 1, 0, 1, 0, 1, 2, 1, 0, 1,
       2, 3, 0, 0, 3, 0, 0, 0, 1, 2, 3, 0, 3, 0, 2, 2, 2, 2, 3, 2, 0, 3,
       3, 2, 1, 0, 3, 3, 0, 1, 2, 2, 3, 2, 3, 1, 2, 0, 1, 0, 2, 2, 0, 1,
       0, 2, 2, 0, 0, 1, 3, 2, 0, 0, 1, 3, 3, 1, 1, 2, 0, 0, 2, 1, 1, 3,
       2, 1, 3, 3, 0, 3, 1, 0, 2, 3, 0, 1, 1, 3, 0, 1, 3, 1, 3, 1, 2, 2,
       3, 3, 3, 2, 2, 1, 0, 3, 2, 2, 0, 1, 3, 1, 3, 2, 1, 3, 2, 3, 0, 2,
       0, 3, 1, 2, 3, 1, 1, 2, 0, 3, 1, 2, 1, 2, 1, 1, 3, 1, 1, 2, 1, 1,
       3, 1, 2, 3, 1, 2, 2, 0, 3, 3, 3, 3, 2, 1, 1, 1, 2, 0, 3, 3, 2, 0,
       2, 1, 0, 0, 0, 1, 1, 1, 2, 1, 3, 0, 0, 1, 0, 1, 0, 3, 3, 3, 2, 1,
       2, 3, 0, 3, 2, 0, 1, 2, 3, 1, 0, 0, 2, 1, 2, 3, 2, 2, 1, 0, 0, 3,
       3, 2, 1, 1, 2, 0, 2, 2, 2, 2, 3, 3, 2, 3, 1, 2, 1, 2, 0, 2, 2, 0,
       1, 2, 0, 2, 2, 3, 3, 2, 2, 1, 2, 0, 3, 1, 3, 2, 3, 1, 1, 3, 1, 2,
       3, 2, 2, 2, 2, 2, 0, 1, 0, 2, 2, 3, 0, 3, 2, 0, 2, 0, 2, 0, 1, 3,
       1, 3, 3, 3, 2, 0, 2, 1, 0, 0, 0, 2, 1, 3, 2, 3, 3, 0, 1, 1, 0, 1,
       0, 3, 2, 2, 3, 3, 1, 1, 2, 2, 0, 3, 0, 3, 3, 3, 3, 1, 1, 0, 3, 2,
       0, 3, 3, 0, 0, 1, 0, 2, 0, 2, 2, 3, 1, 1, 2, 1, 0, 0, 0, 1, 0, 0,
       0, 1, 2, 1, 0, 0, 0, 0, 1, 2, 3, 2, 2, 2, 3, 2, 0, 3, 0, 0],
      dtype=object)]
[3, array([-3998.69726562, -1999.34863281, -1999.34863281,     0.        ]), array([3, 3, 2, 0, 1, 2, 0, 1, 1, 0, 0, 0, 2, 1, 0, 3, 2, 0, 3, 3, 0, 0,
       3, 1, 1, 2, 3, 0, 0, 2, 2, 1, 2, 3, 0, 0, 1, 2, 1, 3, 3, 3, 0, 2,
       1, 3, 3, 2, 0, 0, 1, 1, 0, 0, 1, 0, 2, 3, 0, 2, 0, 0, 0, 2, 0, 2,
       2, 0, 1, 0, 0, 1, 3, 3, 1, 2, 3, 0, 0, 0, 1, 3, 1, 2, 2, 3, 1, 1,
       1, 2, 2, 3, 1, 1, 1, 3, 0, 2, 3, 1, 3, 1, 0, 2, 3, 2, 0, 1, 3, 3,
       0, 3, 2, 3, 0, 2, 1, 3, 2, 0, 3, 2, 1, 1, 0, 3, 2, 0, 2, 0, 1, 0,
       0, 0, 2, 1, 0, 2, 3, 3, 1, 3, 3, 0, 0, 0, 3, 3, 2, 3, 2, 0, 0, 0,
       3, 3, 0, 1, 0, 1, 1, 1, 1, 2, 0, 2, 2, 0, 0, 3, 1, 0, 0, 1, 1, 0,
       0, 0, 2, 2, 2, 3, 1, 2, 2, 0, 2, 1, 1, 3, 2, 3, 2, 3, 0, 2, 3, 2,
       0, 2, 3, 0, 1, 1, 3, 3, 2, 0, 2, 0, 1, 1, 3, 1, 1, 0, 1, 1, 0, 3,
       2, 1, 0, 1, 2, 2, 3, 0, 2, 2, 1, 2, 1, 0, 1, 2, 3, 0, 3, 0, 1, 0,
       3, 3, 1, 3, 3, 2, 2, 2, 3, 2, 2, 2, 0, 3, 1, 2, 3, 1, 3, 0, 2, 1,
       0, 0, 0, 3, 3, 1, 1, 2, 0, 3, 1, 0, 1, 1, 1, 0, 2, 1, 3, 1, 1, 1,
       2, 1, 0, 2, 2, 3, 0, 0, 3, 1, 2, 0, 2, 1, 2, 0, 0, 0, 1, 2, 1, 2,
       3, 1, 0, 0, 2, 0, 3, 2, 2, 1, 1, 1, 0, 0, 3, 3, 1, 3, 0, 2, 1, 0,
       2, 2, 3, 0, 1, 2, 2, 2, 3, 0, 1, 1, 2, 3, 2, 3, 2, 1, 2, 2, 1, 3,
       0, 0, 2, 0, 2, 0, 2, 0, 3, 3, 2, 1, 2, 3, 0, 2, 0, 3, 0, 0, 2, 3,
       0, 2, 0, 2, 3, 3, 1, 3, 2, 0, 3, 2, 2, 2, 2, 2, 1, 1, 3, 2, 3, 0,
       0, 3, 2, 2, 2, 0, 0, 3, 1, 2, 0, 3, 3, 1, 2, 0, 3, 1, 0, 0, 2, 3,
       0, 0, 1, 3, 3, 1, 0, 2, 1, 0, 2, 2, 1, 3, 3, 0, 1, 3, 3, 2, 2, 0,
       3, 0, 2, 0, 2, 3, 3, 1, 0, 1, 3, 1, 0, 1, 1, 3, 3, 0, 1, 1, 1, 1,
       1, 3, 0, 0, 3, 3, 1, 1, 3, 0, 3, 2, 1, 2, 1, 1, 1, 3, 2, 1, 1, 1,
       0, 0, 2, 1, 1, 2, 3, 1, 0, 1, 2, 0, 1, 1, 0, 3, 3, 2, 1, 3, 2, 0,
       1, 2, 0, 1, 2, 0, 2, 2, 0, 3, 0, 0, 3, 1, 3, 0, 2, 0, 1, 2, 0, 1,
       2, 0, 0, 1, 1, 2, 3, 3, 1, 1, 2, 3, 2, 1, 3, 2, 2, 0, 2, 2, 0, 2,
       2, 3, 1, 2, 1, 2, 1, 3, 1, 1, 3, 2, 3, 0, 2, 3, 0, 0, 2, 0, 1, 1,
       0, 2, 0, 1, 1, 2, 3, 1, 1, 2, 2, 3, 2, 0, 1, 3, 0, 3, 2, 0, 0, 2,
       1, 3, 3, 1, 1, 0, 1, 0, 1, 0, 2, 0, 2, 1, 0, 1, 0, 1, 2, 1, 0, 1,
       2, 3, 0, 0, 3, 0, 0, 0, 1, 2, 3, 0, 3, 0, 2, 2, 2, 2, 3, 2, 0, 3,
       3, 2, 1, 0, 3, 3, 0, 1, 2, 2, 3, 2, 3, 1, 2, 0, 1, 0, 2, 2, 0, 1,
       0, 2, 2, 0, 0, 1, 3, 2, 0, 0, 1, 3, 3, 1, 1, 2, 0, 0, 2, 1, 1, 3,
       2, 1, 3, 3, 0, 3, 1, 0, 2, 3, 0, 1, 1, 3, 0, 1, 3, 1, 3, 1, 2, 2,
       3, 3, 3, 2, 2, 1, 0, 3, 2, 2, 0, 1, 3, 1, 3, 2, 1, 3, 2, 3, 0, 2,
       0, 3, 1, 2, 3, 1, 1, 2, 0, 3, 1, 2, 1, 2, 1, 1, 3, 1, 1, 2, 1, 1,
       3, 1, 2, 3, 1, 2, 2, 0, 3, 3, 3, 3, 2, 1, 1, 1, 2, 0, 3, 3, 2, 0,
       2, 1, 0, 0, 0, 1, 1, 1, 2, 1, 3, 0, 0, 1, 0, 1, 0, 3, 3, 3, 2, 1,
       2, 3, 0, 3, 2, 0, 1, 2, 3, 1, 0, 0, 2, 1, 2, 3, 2, 2, 1, 0, 0, 3,
       3, 2, 1, 1, 2, 0, 2, 2, 2, 2, 3, 3, 2, 3, 1, 2, 1, 2, 0, 2, 2, 0,
       1, 2, 0, 2, 2, 3, 3, 2, 2, 1, 2, 0, 3, 1, 3, 2, 3, 1, 1, 3, 1, 2,
       3, 2, 2, 2, 2, 2, 0, 1, 0, 2, 2, 3, 0, 3, 2, 0, 2, 0, 2, 0, 1, 3,
       1, 3, 3, 3, 2, 0, 2, 1, 0, 0, 0, 2, 1, 3, 2, 3, 3, 0, 1, 1, 0, 1,
       0, 3, 2, 2, 3, 3, 1, 1, 2, 2, 0, 3, 0, 3, 3, 3, 3, 1, 1, 0, 3, 2,
       0, 3, 3, 0, 0, 1, 0, 2, 0, 2, 2, 3, 1, 1, 2, 1, 0, 0, 0, 1, 0, 0,
       0, 1, 2, 1, 0, 0, 0, 0, 1, 2, 3, 2, 2, 2, 3, 2, 0, 3, 0, 0],
      dtype=object)]
[4, array([-0.67081159, -0.3354058 , -0.3354058 ,  0.        ]), array([2, 0, 2, 1, 3, 0, 2, 0, 1, 0, 1, 3, 2, 1, 3, 1, 1, 1, 1, 1, 3, 2,
       1, 3, 2, 0, 3, 0, 1, 0, 0, 2, 3, 3, 3, 0, 3, 1, 0, 1, 2, 2, 1, 1,
       2, 2, 1, 0, 1, 0, 2, 1, 2, 1, 0, 2, 1, 0, 2, 1, 1, 0, 1, 2, 0, 0,
       0, 3, 0, 1, 0, 2, 3, 1, 1, 1, 1, 2, 2, 3, 3, 1, 3, 2, 0, 0, 1, 0,
       1, 1, 1, 3, 3, 1, 3, 3, 1, 1, 1, 0, 2, 1, 3, 0, 2, 2, 2, 0, 3, 2,
       0, 1, 2, 0, 1, 0, 3, 1, 1, 0, 0, 0, 0, 0, 2, 3, 3, 2, 1, 0, 1, 2,
       2, 0, 3, 2, 1, 0, 0, 1, 3, 1, 1, 0, 1, 3, 3, 1, 3, 2, 2, 0, 1, 3,
       1, 2, 3, 0, 2, 2, 3, 3, 0, 1, 2, 2, 2, 3, 2, 2, 3, 3, 1, 3, 2, 3,
       2, 3, 1, 1, 2, 0, 3, 1, 0, 0, 0, 3, 3, 3, 0, 3, 3, 2, 2, 0, 2, 0,
       2, 0, 2, 3, 0, 2, 0, 2, 2, 3, 1, 2, 2, 3, 3, 3, 2, 1, 1, 3, 0, 3,
       3, 1, 1, 1, 2, 1, 0, 1, 2, 2, 1, 3, 3, 2, 1, 3, 1, 2, 1, 2, 2, 1,
       3, 2, 3, 2, 3, 0, 0, 2, 3, 1, 3, 2, 0, 3, 1, 2, 3, 2, 1, 3, 0, 0,
       3, 2, 1, 1, 1, 1, 2, 0, 0, 1, 1, 0, 0, 0, 0, 3, 2, 2, 0, 0, 2, 2,
       3, 0, 2, 2, 0, 1, 0, 3, 0, 0, 0, 2, 0, 2, 0, 1, 2, 1, 1, 0, 2, 3,
       3, 2, 1, 3, 3, 3, 3, 3, 3, 0, 2, 2, 1, 1, 0, 0, 2, 2, 0, 3, 2, 0,
       3, 2, 3, 0, 3, 1, 3, 3, 1, 3, 2, 1, 3, 3, 3, 2, 3, 2, 1, 0, 2, 3,
       2, 3, 3, 2, 3, 3, 0, 1, 0, 1, 1, 2, 1, 0, 3, 3, 2, 0, 0, 1, 3, 3,
       3, 1, 0, 3, 3, 0, 2, 1, 3, 0, 2, 3, 3, 1, 1, 0, 0, 2, 1, 3, 0, 1,
       3, 1, 1, 2, 3, 1, 2, 0, 3, 0, 0, 3, 3, 2, 0, 3, 1, 0, 0, 3, 2, 3,
       2, 3, 0, 0, 0, 3, 3, 0, 1, 0, 1, 0, 2, 1, 2, 3, 2, 3, 0, 3, 0, 3,
       1, 0, 2, 3, 1, 1, 1, 3, 2, 3, 0, 1, 0, 0, 0, 2, 2, 1, 1, 2, 1, 0,
       0, 1, 1, 2, 0, 1, 2, 0, 0, 2, 3, 0, 1, 3, 3, 1, 2, 3, 1, 2, 1, 3,
       1, 1, 1, 0, 0, 0, 3, 3, 2, 0, 0, 1, 3, 3, 3, 1, 3, 3, 3, 1, 1, 1,
       3, 1, 0, 2, 0, 1, 0, 1, 0, 1, 2, 1, 3, 2, 3, 0, 1, 1, 2, 1, 2, 1,
       1, 1, 2, 1, 2, 3, 1, 3, 0, 2, 3, 1, 2, 0, 1, 1, 1, 1, 2, 3, 3, 3,
       1, 0, 1, 1, 0, 1, 0, 2, 2, 2, 3, 0, 0, 3, 2, 2, 0, 0, 1, 3, 0, 1,
       1, 3, 2, 2, 0, 3, 0, 3, 0, 0, 3, 3, 3, 0, 1, 1, 0, 1, 3, 3, 1, 0,
       2, 1, 1, 3, 3, 2, 3, 3, 1, 1, 3, 1, 3, 3, 1, 3, 1, 2, 2, 2, 0, 2,
       1, 1, 2, 2, 1, 3, 2, 3, 1, 1, 3, 3, 1, 0, 1, 0, 2, 1, 0, 1, 2, 3,
       2, 3, 0, 1, 1, 2, 2, 2, 3, 2, 1, 1, 2, 2, 2, 0, 2, 0, 0, 2, 2, 3,
       3, 1, 3, 2, 2, 0, 1, 3, 2, 3, 0, 2, 0, 1, 1, 0, 3, 2, 2, 3, 0, 0,
       1, 2, 3, 3, 0, 1, 0, 0, 2, 3, 1, 3, 2, 2, 2, 1, 3, 2, 2, 0, 2, 3,
       1, 2, 1, 1, 0, 1, 1, 0, 2, 1, 0, 3, 1, 3, 3, 0, 3, 0, 0, 1, 0, 1,
       3, 3, 1, 2, 3, 1, 0, 0, 3, 1, 2, 3, 1, 0, 1, 3, 3, 1, 1, 1, 2, 2,
       3, 3, 1, 3, 1, 2, 1, 0, 1, 3, 1, 1, 2, 1, 0, 0, 1, 0, 1, 0, 1, 2,
       2, 3, 1, 3, 1, 3, 1, 0, 3, 2, 0, 1, 1, 3, 0, 2, 0, 1, 0, 0, 0, 1,
       0, 1, 0, 0, 0, 0, 1, 0, 1, 1, 2, 2, 1, 2, 0, 0, 0, 3, 0, 3, 0, 3,
       1, 2, 1, 1, 1, 0, 1, 3, 3, 2, 3, 2, 3, 1, 2, 2, 2, 1, 3, 2, 3, 1,
       3, 0, 1, 0, 1, 3, 0, 1, 3, 1, 2, 2, 0, 2, 0, 2, 3, 1, 1, 3, 1, 2,
       3, 2, 2, 2, 2, 2, 1, 1, 0, 3, 2, 3, 0, 3, 2, 0, 2, 3, 2, 1, 1, 3,
       1, 3, 3, 3, 2, 1, 1, 3, 2, 0, 0, 2, 1, 3, 2, 2, 0, 0, 1, 1, 0, 1,
       1, 3, 1, 1, 3, 0, 1, 3, 0, 0, 2, 0, 3, 3, 1, 3, 0, 1, 1, 0, 3, 3,
       0, 0, 3, 0, 0, 1, 0, 2, 3, 0, 2, 2, 3, 0, 2, 1, 0, 0, 0, 1, 0, 0,
       0, 1, 1, 1, 0, 2, 3, 0, 1, 2, 3, 2, 2, 2, 3, 3, 0, 3, 0, 0],
      dtype=object)]
[4, array([-0.67081159, -0.3354058 , -0.3354058 ,  0.        ]), array([2, 0, 2, 1, 3, 0, 2, 0, 1, 0, 1, 3, 2, 1, 3, 1, 1, 1, 1, 1, 3, 2,
       1, 3, 2, 0, 3, 0, 1, 0, 0, 2, 3, 3, 3, 0, 3, 1, 0, 1, 2, 2, 1, 1,
       2, 2, 1, 0, 1, 0, 2, 1, 2, 1, 0, 2, 1, 0, 2, 1, 1, 0, 1, 2, 0, 0,
       0, 3, 0, 1, 0, 2, 3, 1, 1, 1, 1, 2, 2, 3, 3, 1, 3, 2, 0, 0, 1, 0,
       1, 1, 1, 3, 3, 1, 3, 3, 1, 1, 1, 0, 2, 1, 3, 0, 2, 2, 2, 0, 3, 2,
       0, 1, 2, 0, 1, 0, 3, 1, 1, 0, 0, 0, 0, 0, 2, 3, 3, 2, 1, 0, 1, 2,
       2, 0, 3, 2, 1, 0, 0, 1, 3, 1, 1, 0, 1, 3, 3, 1, 3, 2, 2, 0, 1, 3,
       1, 2, 3, 0, 2, 2, 3, 3, 0, 1, 2, 2, 2, 3, 2, 2, 3, 3, 1, 3, 2, 3,
       2, 3, 1, 1, 2, 0, 3, 1, 0, 0, 0, 3, 3, 3, 0, 3, 3, 2, 2, 0, 2, 0,
       2, 0, 2, 3, 0, 2, 0, 2, 2, 3, 1, 2, 2, 3, 3, 3, 2, 1, 1, 3, 0, 3,
       3, 1, 1, 1, 2, 1, 0, 1, 2, 2, 1, 3, 3, 2, 1, 3, 1, 2, 1, 2, 2, 1,
       3, 2, 3, 2, 3, 0, 0, 2, 3, 1, 3, 2, 0, 3, 1, 2, 3, 2, 1, 3, 0, 0,
       3, 2, 1, 1, 1, 1, 2, 0, 0, 1, 1, 0, 0, 0, 0, 3, 2, 2, 0, 0, 2, 2,
       3, 0, 2, 2, 0, 1, 0, 3, 0, 0, 0, 2, 0, 2, 0, 1, 2, 1, 1, 0, 2, 3,
       3, 2, 1, 3, 3, 3, 3, 3, 3, 0, 2, 2, 1, 1, 0, 0, 2, 2, 0, 3, 2, 0,
       3, 2, 3, 0, 3, 1, 3, 3, 1, 3, 2, 1, 3, 3, 3, 2, 3, 2, 1, 0, 2, 3,
       2, 3, 3, 2, 3, 3, 0, 1, 0, 1, 1, 2, 1, 0, 3, 3, 2, 0, 0, 1, 3, 3,
       3, 1, 0, 3, 3, 0, 2, 1, 3, 0, 2, 3, 3, 1, 1, 0, 0, 2, 1, 3, 0, 1,
       3, 1, 1, 2, 3, 1, 2, 0, 3, 0, 0, 3, 3, 2, 0, 3, 1, 0, 0, 3, 2, 3,
       2, 3, 0, 0, 0, 3, 3, 0, 1, 0, 1, 0, 2, 1, 2, 3, 2, 3, 0, 3, 0, 3,
       1, 0, 2, 3, 1, 1, 1, 3, 2, 3, 0, 1, 0, 0, 0, 2, 2, 1, 1, 2, 1, 0,
       0, 1, 1, 2, 0, 1, 2, 0, 0, 2, 3, 0, 1, 3, 3, 1, 2, 3, 1, 2, 1, 3,
       1, 1, 1, 0, 0, 0, 3, 3, 2, 0, 0, 1, 3, 3, 3, 1, 3, 3, 3, 1, 1, 1,
       3, 1, 0, 2, 0, 1, 0, 1, 0, 1, 2, 1, 3, 2, 3, 0, 1, 1, 2, 1, 2, 1,
       1, 1, 2, 1, 2, 3, 1, 3, 0, 2, 3, 1, 2, 0, 1, 1, 1, 1, 2, 3, 3, 3,
       1, 0, 1, 1, 0, 1, 0, 2, 2, 2, 3, 0, 0, 3, 2, 2, 0, 0, 1, 3, 0, 1,
       1, 3, 2, 2, 0, 3, 0, 3, 0, 0, 3, 3, 3, 0, 1, 1, 0, 1, 3, 3, 1, 0,
       2, 1, 1, 3, 3, 2, 3, 3, 1, 1, 3, 1, 3, 3, 1, 3, 1, 2, 2, 2, 0, 2,
       1, 1, 2, 2, 1, 3, 2, 3, 1, 1, 3, 3, 1, 0, 1, 0, 2, 1, 0, 1, 2, 3,
       2, 3, 0, 1, 1, 2, 2, 2, 3, 2, 1, 1, 2, 2, 2, 0, 2, 0, 0, 2, 2, 3,
       3, 1, 3, 2, 2, 0, 1, 3, 2, 3, 0, 2, 0, 1, 1, 0, 3, 2, 2, 3, 0, 0,
       1, 2, 3, 3, 0, 1, 0, 0, 2, 3, 1, 3, 2, 2, 2, 1, 3, 2, 2, 0, 2, 3,
       1, 2, 1, 1, 0, 1, 1, 0, 2, 1, 0, 3, 1, 3, 3, 0, 3, 0, 0, 1, 0, 1,
       3, 3, 1, 2, 3, 1, 0, 0, 3, 1, 2, 3, 1, 0, 1, 3, 3, 1, 1, 1, 2, 2,
       3, 3, 1, 3, 1, 2, 1, 0, 1, 3, 1, 1, 2, 1, 0, 0, 1, 0, 1, 0, 1, 2,
       2, 3, 1, 3, 1, 3, 1, 0, 3, 2, 0, 1, 1, 3, 0, 2, 0, 1, 0, 0, 0, 1,
       0, 1, 0, 0, 0, 0, 1, 0, 1, 1, 2, 2, 1, 2, 0, 0, 0, 3, 0, 3, 0, 3,
       1, 2, 1, 1, 1, 0, 1, 3, 3, 2, 3, 2, 3, 1, 2, 2, 2, 1, 3, 2, 3, 1,
       3, 0, 1, 0, 1, 3, 0, 1, 3, 1, 2, 2, 0, 2, 0, 2, 3, 1, 1, 3, 1, 2,
       3, 2, 2, 2, 2, 2, 1, 1, 0, 3, 2, 3, 0, 3, 2, 0, 2, 3, 2, 1, 1, 3,
       1, 3, 3, 3, 2, 1, 1, 3, 2, 0, 0, 2, 1, 3, 2, 2, 0, 0, 1, 1, 0, 1,
       1, 3, 1, 1, 3, 0, 1, 3, 0, 0, 2, 0, 3, 3, 1, 3, 0, 1, 1, 0, 3, 3,
       0, 0, 3, 0, 0, 1, 0, 2, 3, 0, 2, 2, 3, 0, 2, 1, 0, 0, 0, 1, 0, 0,
       0, 1, 1, 1, 0, 2, 3, 0, 1, 2, 3, 2, 2, 2, 3, 3, 0, 3, 0, 0],
      dtype=object)]
[4, array([-0.67081159, -0.3354058 , -0.3354058 ,  0.        ]), array([2, 0, 2, 1, 3, 0, 2, 0, 1, 0, 1, 3, 2, 1, 3, 1, 1, 1, 1, 1, 3, 2,
       1, 3, 2, 0, 3, 0, 1, 0, 0, 2, 3, 3, 3, 0, 3, 1, 0, 1, 2, 2, 1, 1,
       2, 2, 1, 0, 1, 0, 2, 1, 2, 1, 0, 2, 1, 0, 2, 1, 1, 0, 1, 2, 0, 0,
       0, 3, 0, 1, 0, 2, 3, 1, 1, 1, 1, 2, 2, 3, 3, 1, 3, 2, 0, 0, 1, 0,
       1, 1, 1, 3, 3, 1, 3, 3, 1, 1, 1, 0, 2, 1, 3, 0, 2, 2, 2, 0, 3, 2,
       0, 1, 2, 0, 1, 0, 3, 1, 1, 0, 0, 0, 0, 0, 2, 3, 3, 2, 1, 0, 1, 2,
       2, 0, 3, 2, 1, 0, 0, 1, 3, 1, 1, 0, 1, 3, 3, 1, 3, 2, 2, 0, 1, 3,
       1, 2, 3, 0, 2, 2, 3, 3, 0, 1, 2, 2, 2, 3, 2, 2, 3, 3, 1, 3, 2, 3,
       2, 3, 1, 1, 2, 0, 3, 1, 0, 0, 0, 3, 3, 3, 0, 3, 3, 2, 2, 0, 2, 0,
       2, 0, 2, 3, 0, 2, 0, 2, 2, 3, 1, 2, 2, 3, 3, 3, 2, 1, 1, 3, 0, 3,
       3, 1, 1, 1, 2, 1, 0, 1, 2, 2, 1, 3, 3, 2, 1, 3, 1, 2, 1, 2, 2, 1,
       3, 2, 3, 2, 3, 0, 0, 2, 3, 1, 3, 2, 0, 3, 1, 2, 3, 2, 1, 3, 0, 0,
       3, 2, 1, 1, 1, 1, 2, 0, 0, 1, 1, 0, 0, 0, 0, 3, 2, 2, 0, 0, 2, 2,
       3, 0, 2, 2, 0, 1, 0, 3, 0, 0, 0, 2, 0, 2, 0, 1, 2, 1, 1, 0, 2, 3,
       3, 2, 1, 3, 3, 3, 3, 3, 3, 0, 2, 2, 1, 1, 0, 0, 2, 2, 0, 3, 2, 0,
       3, 2, 3, 0, 3, 1, 3, 3, 1, 3, 2, 1, 3, 3, 3, 2, 3, 2, 1, 0, 2, 3,
       2, 3, 3, 2, 3, 3, 0, 1, 0, 1, 1, 2, 1, 0, 3, 3, 2, 0, 0, 1, 3, 3,
       3, 1, 0, 3, 3, 0, 2, 1, 3, 0, 2, 3, 3, 1, 1, 0, 0, 2, 1, 3, 0, 1,
       3, 1, 1, 2, 3, 1, 2, 0, 3, 0, 0, 3, 3, 2, 0, 3, 1, 0, 0, 3, 2, 3,
       2, 3, 0, 0, 0, 3, 3, 0, 1, 0, 1, 0, 2, 1, 2, 3, 2, 3, 0, 3, 0, 3,
       1, 0, 2, 3, 1, 1, 1, 3, 2, 3, 0, 1, 0, 0, 0, 2, 2, 1, 1, 2, 1, 0,
       0, 1, 1, 2, 0, 1, 2, 0, 0, 2, 3, 0, 1, 3, 3, 1, 2, 3, 1, 2, 1, 3,
       1, 1, 1, 0, 0, 0, 3, 3, 2, 0, 0, 1, 3, 3, 3, 1, 3, 3, 3, 1, 1, 1,
       3, 1, 0, 2, 0, 1, 0, 1, 0, 1, 2, 1, 3, 2, 3, 0, 1, 1, 2, 1, 2, 1,
       1, 1, 2, 1, 2, 3, 1, 3, 0, 2, 3, 1, 2, 0, 1, 1, 1, 1, 2, 3, 3, 3,
       1, 0, 1, 1, 0, 1, 0, 2, 2, 2, 3, 0, 0, 3, 2, 2, 0, 0, 1, 3, 0, 1,
       1, 3, 2, 2, 0, 3, 0, 3, 0, 0, 3, 3, 3, 0, 1, 1, 0, 1, 3, 3, 1, 0,
       2, 1, 1, 3, 3, 2, 3, 3, 1, 1, 3, 1, 3, 3, 1, 3, 1, 2, 2, 2, 0, 2,
       1, 1, 2, 2, 1, 3, 2, 3, 1, 1, 3, 3, 1, 0, 1, 0, 2, 1, 0, 1, 2, 3,
       2, 3, 0, 1, 1, 2, 2, 2, 3, 2, 1, 1, 2, 2, 2, 0, 2, 0, 0, 2, 2, 3,
       3, 1, 3, 2, 2, 0, 1, 3, 2, 3, 0, 2, 0, 1, 1, 0, 3, 2, 2, 3, 0, 0,
       1, 2, 3, 3, 0, 1, 0, 0, 2, 3, 1, 3, 2, 2, 2, 1, 3, 2, 2, 0, 2, 3,
       1, 2, 1, 1, 0, 1, 1, 0, 2, 1, 0, 3, 1, 3, 3, 0, 3, 0, 0, 1, 0, 1,
       3, 3, 1, 2, 3, 1, 0, 0, 3, 1, 2, 3, 1, 0, 1, 3, 3, 1, 1, 1, 2, 2,
       3, 3, 1, 3, 1, 2, 1, 0, 1, 3, 1, 1, 2, 1, 0, 0, 1, 0, 1, 0, 1, 2,
       2, 3, 1, 3, 1, 3, 1, 0, 3, 2, 0, 1, 1, 3, 0, 2, 0, 1, 0, 0, 0, 1,
       0, 1, 0, 0, 0, 0, 1, 0, 1, 1, 2, 2, 1, 2, 0, 0, 0, 3, 0, 3, 0, 3,
       1, 2, 1, 1, 1, 0, 1, 3, 3, 2, 3, 2, 3, 1, 2, 2, 2, 1, 3, 2, 3, 1,
       3, 0, 1, 0, 1, 3, 0, 1, 3, 1, 2, 2, 0, 2, 0, 2, 3, 1, 1, 3, 1, 2,
       3, 2, 2, 2, 2, 2, 1, 1, 0, 3, 2, 3, 0, 3, 2, 0, 2, 3, 2, 1, 1, 3,
       1, 3, 3, 3, 2, 1, 1, 3, 2, 0, 0, 2, 1, 3, 2, 2, 0, 0, 1, 1, 0, 1,
       1, 3, 1, 1, 3, 0, 1, 3, 0, 0, 2, 0, 3, 3, 1, 3, 0, 1, 1, 0, 3, 3,
       0, 0, 3, 0, 0, 1, 0, 2, 3, 0, 2, 2, 3, 0, 2, 1, 0, 0, 0, 1, 0, 0,
       0, 1, 1, 1, 0, 2, 3, 0, 1, 2, 3, 2, 2, 2, 3, 3, 0, 3, 0, 0],
      dtype=object)]
[4, array([-0.67081159, -0.3354058 , -0.3354058 ,  0.        ]), array([2, 0, 2, 1, 3, 0, 2, 0, 1, 0, 1, 3, 2, 1, 3, 1, 1, 1, 1, 1, 3, 2,
       1, 3, 2, 0, 3, 0, 1, 0, 0, 2, 3, 3, 3, 0, 3, 1, 0, 1, 2, 2, 1, 1,
       2, 2, 1, 0, 1, 0, 2, 1, 2, 1, 0, 2, 1, 0, 2, 1, 1, 0, 1, 2, 0, 0,
       0, 3, 0, 1, 0, 2, 3, 1, 1, 1, 1, 2, 2, 3, 3, 1, 3, 2, 0, 0, 1, 0,
       1, 1, 1, 3, 3, 1, 3, 3, 1, 1, 1, 0, 2, 1, 3, 0, 2, 2, 2, 0, 3, 2,
       0, 1, 2, 0, 1, 0, 3, 1, 1, 0, 0, 0, 0, 0, 2, 3, 3, 2, 1, 0, 1, 2,
       2, 0, 3, 2, 1, 0, 0, 1, 3, 1, 1, 0, 1, 3, 3, 1, 3, 2, 2, 0, 1, 3,
       1, 2, 3, 0, 2, 2, 3, 3, 0, 1, 2, 2, 2, 3, 2, 2, 3, 3, 1, 3, 2, 3,
       2, 3, 1, 1, 2, 0, 3, 1, 0, 0, 0, 3, 3, 3, 0, 3, 3, 2, 2, 0, 2, 0,
       2, 0, 2, 3, 0, 2, 0, 2, 2, 3, 1, 2, 2, 3, 3, 3, 2, 1, 1, 3, 0, 3,
       3, 1, 1, 1, 2, 1, 0, 1, 2, 2, 1, 3, 3, 2, 1, 3, 1, 2, 1, 2, 2, 1,
       3, 2, 3, 2, 3, 0, 0, 2, 3, 1, 3, 2, 0, 3, 1, 2, 3, 2, 1, 3, 0, 0,
       3, 2, 1, 1, 1, 1, 2, 0, 0, 1, 1, 0, 0, 0, 0, 3, 2, 2, 0, 0, 2, 2,
       3, 0, 2, 2, 0, 1, 0, 3, 0, 0, 0, 2, 0, 2, 0, 1, 2, 1, 1, 0, 2, 3,
       3, 2, 1, 3, 3, 3, 3, 3, 3, 0, 2, 2, 1, 1, 0, 0, 2, 2, 0, 3, 2, 0,
       3, 2, 3, 0, 3, 1, 3, 3, 1, 3, 2, 1, 3, 3, 3, 2, 3, 2, 1, 0, 2, 3,
       2, 3, 3, 2, 3, 3, 0, 1, 0, 1, 1, 2, 1, 0, 3, 3, 2, 0, 0, 1, 3, 3,
       3, 1, 0, 3, 3, 0, 2, 1, 3, 0, 2, 3, 3, 1, 1, 0, 0, 2, 1, 3, 0, 1,
       3, 1, 1, 2, 3, 1, 2, 0, 3, 0, 0, 3, 3, 2, 0, 3, 1, 0, 0, 3, 2, 3,
       2, 3, 0, 0, 0, 3, 3, 0, 1, 0, 1, 0, 2, 1, 2, 3, 2, 3, 0, 3, 0, 3,
       1, 0, 2, 3, 1, 1, 1, 3, 2, 3, 0, 1, 0, 0, 0, 2, 2, 1, 1, 2, 1, 0,
       0, 1, 1, 2, 0, 1, 2, 0, 0, 2, 3, 0, 1, 3, 3, 1, 2, 3, 1, 2, 1, 3,
       1, 1, 1, 0, 0, 0, 3, 3, 2, 0, 0, 1, 3, 3, 3, 1, 3, 3, 3, 1, 1, 1,
       3, 1, 0, 2, 0, 1, 0, 1, 0, 1, 2, 1, 3, 2, 3, 0, 1, 1, 2, 1, 2, 1,
       1, 1, 2, 1, 2, 3, 1, 3, 0, 2, 3, 1, 2, 0, 1, 1, 1, 1, 2, 3, 3, 3,
       1, 0, 1, 1, 0, 1, 0, 2, 2, 2, 3, 0, 0, 3, 2, 2, 0, 0, 1, 3, 0, 1,
       1, 3, 2, 2, 0, 3, 0, 3, 0, 0, 3, 3, 3, 0, 1, 1, 0, 1, 3, 3, 1, 0,
       2, 1, 1, 3, 3, 2, 3, 3, 1, 1, 3, 1, 3, 3, 1, 3, 1, 2, 2, 2, 0, 2,
       1, 1, 2, 2, 1, 3, 2, 3, 1, 1, 3, 3, 1, 0, 1, 0, 2, 1, 0, 1, 2, 3,
       2, 3, 0, 1, 1, 2, 2, 2, 3, 2, 1, 1, 2, 2, 2, 0, 2, 0, 0, 2, 2, 3,
       3, 1, 3, 2, 2, 0, 1, 3, 2, 3, 0, 2, 0, 1, 1, 0, 3, 2, 2, 3, 0, 0,
       1, 2, 3, 3, 0, 1, 0, 0, 2, 3, 1, 3, 2, 2, 2, 1, 3, 2, 2, 0, 2, 3,
       1, 2, 1, 1, 0, 1, 1, 0, 2, 1, 0, 3, 1, 3, 3, 0, 3, 0, 0, 1, 0, 1,
       3, 3, 1, 2, 3, 1, 0, 0, 3, 1, 2, 3, 1, 0, 1, 3, 3, 1, 1, 1, 2, 2,
       3, 3, 1, 3, 1, 2, 1, 0, 1, 3, 1, 1, 2, 1, 0, 0, 1, 0, 1, 0, 1, 2,
       2, 3, 1, 3, 1, 3, 1, 0, 3, 2, 0, 1, 1, 3, 0, 2, 0, 1, 0, 0, 0, 1,
       0, 1, 0, 0, 0, 0, 1, 0, 1, 1, 2, 2, 1, 2, 0, 0, 0, 3, 0, 3, 0, 3,
       1, 2, 1, 1, 1, 0, 1, 3, 3, 2, 3, 2, 3, 1, 2, 2, 2, 1, 3, 2, 3, 1,
       3, 0, 1, 0, 1, 3, 0, 1, 3, 1, 2, 2, 0, 2, 0, 2, 3, 1, 1, 3, 1, 2,
       3, 2, 2, 2, 2, 2, 1, 1, 0, 3, 2, 3, 0, 3, 2, 0, 2, 3, 2, 1, 1, 3,
       1, 3, 3, 3, 2, 1, 1, 3, 2, 0, 0, 2, 1, 3, 2, 2, 0, 0, 1, 1, 0, 1,
       1, 3, 1, 1, 3, 0, 1, 3, 0, 0, 2, 0, 3, 3, 1, 3, 0, 1, 1, 0, 3, 3,
       0, 0, 3, 0, 0, 1, 0, 2, 3, 0, 2, 2, 3, 0, 2, 1, 0, 0, 0, 1, 0, 0,
       0, 1, 1, 1, 0, 2, 3, 0, 1, 2, 3, 2, 2, 2, 3, 3, 0, 3, 0, 0],
      dtype=object)]
[5, array([-0.7656827 , -0.38284135, -0.38284135,  0.        ]), array([2, 1, 3, 0, 2, 3, 1, 3, 3, 1, 1, 1, 0, 1, 2, 3, 3, 2, 3, 2, 3, 1,
       0, 2, 1, 0, 2, 3, 0, 2, 1, 1, 3, 1, 3, 0, 1, 1, 0, 3, 2, 1, 3, 1,
       0, 0, 1, 3, 3, 3, 0, 1, 2, 2, 3, 0, 1, 3, 2, 2, 0, 0, 0, 1, 2, 3,
       3, 1, 1, 0, 1, 2, 3, 0, 0, 1, 2, 3, 1, 0, 0, 0, 2, 2, 1, 3, 3, 0,
       0, 0, 2, 2, 0, 1, 2, 2, 0, 3, 1, 0, 3, 1, 2, 1, 0, 3, 1, 3, 0, 1,
       1, 1, 0, 0, 1, 3, 0, 1, 0, 0, 3, 0, 2, 1, 2, 3, 0, 2, 3, 3, 3, 1,
       0, 3, 2, 1, 0, 1, 0, 2, 0, 1, 0, 1, 1, 0, 2, 0, 1, 3, 3, 3, 1, 3,
       0, 2, 2, 0, 2, 2, 1, 2, 0, 3, 1, 3, 2, 1, 0, 1, 1, 0, 0, 2, 2, 1,
       0, 3, 0, 0, 0, 3, 0, 2, 0, 3, 0, 0, 3, 0, 0, 3, 2, 2, 0, 1, 3, 1,
       3, 1, 3, 1, 1, 3, 2, 1, 3, 3, 3, 1, 1, 0, 3, 1, 2, 1, 1, 0, 2, 2,
       2, 3, 1, 1, 1, 2, 2, 3, 0, 3, 2, 1, 3, 1, 3, 3, 3, 1, 3, 2, 3, 0,
       3, 1, 2, 0, 0, 0, 0, 3, 0, 0, 2, 3, 0, 0, 1, 3, 3, 1, 3, 0, 1, 3,
       3, 1, 3, 1, 1, 0, 3, 1, 1, 3, 2, 1, 3, 0, 2, 2, 2, 1, 3, 3, 2, 2,
       3, 3, 1, 3, 0, 0, 2, 0, 3, 0, 3, 1, 2, 1, 1, 0, 1, 2, 2, 2, 1, 3,
       3, 1, 0, 1, 1, 0, 3, 3, 3, 0, 1, 2, 3, 3, 3, 3, 2, 3, 2, 0, 3, 1,
       0, 0, 3, 3, 0, 3, 1, 1, 3, 3, 2, 0, 1, 1, 2, 2, 3, 2, 0, 0, 0, 1,
       3, 0, 0, 1, 1, 1, 0, 2, 2, 1, 3, 3, 3, 2, 3, 0, 0, 0, 2, 2, 1, 3,
       2, 2, 3, 2, 2, 1, 3, 0, 1, 2, 0, 2, 1, 0, 1, 2, 3, 2, 0, 3, 2, 3,
       1, 1, 3, 0, 0, 2, 3, 1, 2, 1, 0, 1, 2, 1, 1, 1, 0, 1, 0, 0, 0, 3,
       2, 1, 3, 3, 2, 0, 3, 2, 3, 2, 0, 1, 1, 0, 2, 2, 1, 1, 2, 1, 0, 2,
       1, 0, 0, 2, 3, 0, 3, 3, 0, 2, 0, 3, 2, 3, 3, 2, 3, 0, 0, 1, 1, 0,
       0, 3, 1, 1, 1, 3, 3, 2, 0, 3, 3, 2, 1, 0, 3, 2, 0, 0, 1, 2, 2, 3,
       3, 0, 3, 0, 2, 1, 3, 0, 2, 1, 3, 0, 2, 3, 1, 2, 0, 2, 0, 2, 3, 3,
       0, 0, 2, 1, 2, 0, 0, 2, 1, 2, 1, 1, 3, 2, 3, 2, 0, 1, 1, 3, 2, 0,
       3, 3, 1, 1, 2, 3, 0, 1, 0, 2, 1, 2, 3, 3, 0, 1, 2, 2, 3, 2, 2, 2,
       3, 2, 0, 0, 3, 2, 1, 2, 0, 1, 3, 2, 0, 2, 3, 0, 2, 0, 3, 2, 1, 2,
       1, 0, 3, 0, 0, 0, 1, 3, 1, 2, 0, 2, 2, 0, 1, 3, 1, 2, 1, 2, 3, 2,
       0, 1, 0, 1, 3, 1, 2, 3, 0, 0, 2, 3, 3, 2, 2, 3, 1, 3, 3, 3, 3, 1,
       0, 1, 2, 3, 2, 2, 3, 0, 3, 0, 2, 1, 1, 1, 1, 1, 3, 0, 3, 0, 3, 3,
       1, 2, 3, 0, 1, 2, 2, 0, 3, 0, 2, 0, 3, 3, 0, 0, 0, 0, 3, 3, 3, 2,
       2, 1, 2, 2, 2, 3, 2, 3, 1, 1, 1, 1, 2, 3, 2, 3, 1, 0, 0, 0, 3, 2,
       2, 1, 1, 1, 1, 0, 2, 0, 2, 1, 1, 0, 1, 2, 1, 3, 0, 2, 2, 0, 0, 1,
       2, 0, 1, 1, 2, 0, 0, 2, 1, 0, 3, 3, 2, 3, 1, 3, 0, 0, 2, 0, 2, 3,
       3, 2, 1, 1, 2, 0, 3, 0, 3, 3, 1, 0, 1, 0, 1, 3, 2, 1, 1, 2, 1, 3,
       2, 0, 0, 2, 2, 1, 2, 2, 1, 0, 1, 2, 0, 0, 1, 3, 0, 1, 3, 3, 3, 1,
       0, 3, 1, 2, 3, 0, 0, 2, 2, 2, 0, 1, 2, 1, 2, 2, 1, 0, 1, 3, 1, 2,
       2, 2, 3, 1, 0, 1, 1, 1, 1, 2, 2, 2, 3, 1, 1, 0, 2, 3, 1, 3, 1, 2,
       0, 3, 2, 0, 1, 1, 3, 0, 0, 3, 1, 2, 1, 3, 0, 0, 1, 2, 1, 1, 1, 2,
       2, 3, 2, 0, 1, 0, 3, 1, 2, 3, 2, 2, 3, 3, 0, 3, 1, 2, 2, 0, 1, 1,
       1, 1, 3, 2, 3, 3, 1, 1, 1, 0, 2, 0, 1, 0, 0, 2, 2, 1, 2, 2, 0, 1,
       2, 1, 3, 1, 3, 3, 1, 1, 2, 1, 1, 0, 3, 1, 0, 0, 2, 0, 0, 3, 2, 0,
       0, 0, 0, 3, 2, 0, 0, 1, 3, 2, 1, 0, 1, 2, 3, 0, 1, 0, 1, 1, 2, 3,
       1, 3, 3, 2, 3, 1, 0, 0, 0, 2, 2, 2, 2, 1, 0, 0, 1, 3, 1, 0, 2, 3,
       0, 2, 1, 1, 3, 1, 2, 1, 1, 0, 0, 1, 2, 1, 1, 1, 3, 3, 1, 0],
      dtype=object)]
[5, array([-0.7656827 , -0.38284135, -0.38284135,  0.        ]), array([2, 1, 3, 0, 2, 3, 1, 3, 3, 1, 1, 1, 0, 1, 2, 3, 3, 2, 3, 2, 3, 1,
       0, 2, 1, 0, 2, 3, 0, 2, 1, 1, 3, 1, 3, 0, 1, 1, 0, 3, 2, 1, 3, 1,
       0, 0, 1, 3, 3, 3, 0, 1, 2, 2, 3, 0, 1, 3, 2, 2, 0, 0, 0, 1, 2, 3,
       3, 1, 1, 0, 1, 2, 3, 0, 0, 1, 2, 3, 1, 0, 0, 0, 2, 2, 1, 3, 3, 0,
       0, 0, 2, 2, 0, 1, 2, 2, 0, 3, 1, 0, 3, 1, 2, 1, 0, 3, 1, 3, 0, 1,
       1, 1, 0, 0, 1, 3, 0, 1, 0, 0, 3, 0, 2, 1, 2, 3, 0, 2, 3, 3, 3, 1,
       0, 3, 2, 1, 0, 1, 0, 2, 0, 1, 0, 1, 1, 0, 2, 0, 1, 3, 3, 3, 1, 3,
       0, 2, 2, 0, 2, 2, 1, 2, 0, 3, 1, 3, 2, 1, 0, 1, 1, 0, 0, 2, 2, 1,
       0, 3, 0, 0, 0, 3, 0, 2, 0, 3, 0, 0, 3, 0, 0, 3, 2, 2, 0, 1, 3, 1,
       3, 1, 3, 1, 1, 3, 2, 1, 3, 3, 3, 1, 1, 0, 3, 1, 2, 1, 1, 0, 2, 2,
       2, 3, 1, 1, 1, 2, 2, 3, 0, 3, 2, 1, 3, 1, 3, 3, 3, 1, 3, 2, 3, 0,
       3, 1, 2, 0, 0, 0, 0, 3, 0, 0, 2, 3, 0, 0, 1, 3, 3, 1, 3, 0, 1, 3,
       3, 1, 3, 1, 1, 0, 3, 1, 1, 3, 2, 1, 3, 0, 2, 2, 2, 1, 3, 3, 2, 2,
       3, 3, 1, 3, 0, 0, 2, 0, 3, 0, 3, 1, 2, 1, 1, 0, 1, 2, 2, 2, 1, 3,
       3, 1, 0, 1, 1, 0, 3, 3, 3, 0, 1, 2, 3, 3, 3, 3, 2, 3, 2, 0, 3, 1,
       0, 0, 3, 3, 0, 3, 1, 1, 3, 3, 2, 0, 1, 1, 2, 2, 3, 2, 0, 0, 0, 1,
       3, 0, 0, 1, 1, 1, 0, 2, 2, 1, 3, 3, 3, 2, 3, 0, 0, 0, 2, 2, 1, 3,
       2, 2, 3, 2, 2, 1, 3, 0, 1, 2, 0, 2, 1, 0, 1, 2, 3, 2, 0, 3, 2, 3,
       1, 1, 3, 0, 0, 2, 3, 1, 2, 1, 0, 1, 2, 1, 1, 1, 0, 1, 0, 0, 0, 3,
       2, 1, 3, 3, 2, 0, 3, 2, 3, 2, 0, 1, 1, 0, 2, 2, 1, 1, 2, 1, 0, 2,
       1, 0, 0, 2, 3, 0, 3, 3, 0, 2, 0, 3, 2, 3, 3, 2, 3, 0, 0, 1, 1, 0,
       0, 3, 1, 1, 1, 3, 3, 2, 0, 3, 3, 2, 1, 0, 3, 2, 0, 0, 1, 2, 2, 3,
       3, 0, 3, 0, 2, 1, 3, 0, 2, 1, 3, 0, 2, 3, 1, 2, 0, 2, 0, 2, 3, 3,
       0, 0, 2, 1, 2, 0, 0, 2, 1, 2, 1, 1, 3, 2, 3, 2, 0, 1, 1, 3, 2, 0,
       3, 3, 1, 1, 2, 3, 0, 1, 0, 2, 1, 2, 3, 3, 0, 1, 2, 2, 3, 2, 2, 2,
       3, 2, 0, 0, 3, 2, 1, 2, 0, 1, 3, 2, 0, 2, 3, 0, 2, 0, 3, 2, 1, 2,
       1, 0, 3, 0, 0, 0, 1, 3, 1, 2, 0, 2, 2, 0, 1, 3, 1, 2, 1, 2, 3, 2,
       0, 1, 0, 1, 3, 1, 2, 3, 0, 0, 2, 3, 3, 2, 2, 3, 1, 3, 3, 3, 3, 1,
       0, 1, 2, 3, 2, 2, 3, 0, 3, 0, 2, 1, 1, 1, 1, 1, 3, 0, 3, 0, 3, 3,
       1, 2, 3, 0, 1, 2, 2, 0, 3, 0, 2, 0, 3, 3, 0, 0, 0, 0, 3, 3, 3, 2,
       2, 1, 2, 2, 2, 3, 2, 3, 1, 1, 1, 1, 2, 3, 2, 3, 1, 0, 0, 0, 3, 2,
       2, 1, 1, 1, 1, 0, 2, 0, 2, 1, 1, 0, 1, 2, 1, 3, 0, 2, 2, 0, 0, 1,
       2, 0, 1, 1, 2, 0, 0, 2, 1, 0, 3, 3, 2, 3, 1, 3, 0, 0, 2, 0, 2, 3,
       3, 2, 1, 1, 2, 0, 3, 0, 3, 3, 1, 0, 1, 0, 1, 3, 2, 1, 1, 2, 1, 3,
       2, 0, 0, 2, 2, 1, 2, 2, 1, 0, 1, 2, 0, 0, 1, 3, 0, 1, 3, 3, 3, 1,
       0, 3, 1, 2, 3, 0, 0, 2, 2, 2, 0, 1, 2, 1, 2, 2, 1, 0, 1, 3, 1, 2,
       2, 2, 3, 1, 0, 1, 1, 1, 1, 2, 2, 2, 3, 1, 1, 0, 2, 3, 1, 3, 1, 2,
       0, 3, 2, 0, 1, 1, 3, 0, 0, 3, 1, 2, 1, 3, 0, 0, 1, 2, 1, 1, 1, 2,
       2, 3, 2, 0, 1, 0, 3, 1, 2, 3, 2, 2, 3, 3, 0, 3, 1, 2, 2, 0, 1, 1,
       1, 1, 3, 2, 3, 3, 1, 1, 1, 0, 2, 0, 1, 0, 0, 2, 2, 1, 2, 2, 0, 1,
       2, 1, 3, 1, 3, 3, 1, 1, 2, 1, 1, 0, 3, 1, 0, 0, 2, 0, 0, 3, 2, 0,
       0, 0, 0, 3, 2, 0, 0, 1, 3, 2, 1, 0, 1, 2, 3, 0, 1, 0, 1, 1, 2, 3,
       1, 3, 3, 2, 3, 1, 0, 0, 0, 2, 2, 2, 2, 1, 0, 0, 1, 3, 1, 0, 2, 3,
       0, 2, 1, 1, 3, 1, 2, 1, 1, 0, 0, 1, 2, 1, 1, 1, 3, 3, 1, 0],
      dtype=object)]
[5, array([-0.7656827 , -0.38284135, -0.38284135,  0.        ]), array([2, 1, 3, 0, 2, 3, 1, 3, 3, 1, 1, 1, 0, 1, 2, 3, 3, 2, 3, 2, 3, 1,
       0, 2, 1, 0, 2, 3, 0, 2, 1, 1, 3, 1, 3, 0, 1, 1, 0, 3, 2, 1, 3, 1,
       0, 0, 1, 3, 3, 3, 0, 1, 2, 2, 3, 0, 1, 3, 2, 2, 0, 0, 0, 1, 2, 3,
       3, 1, 1, 0, 1, 2, 3, 0, 0, 1, 2, 3, 1, 0, 0, 0, 2, 2, 1, 3, 3, 0,
       0, 0, 2, 2, 0, 1, 2, 2, 0, 3, 1, 0, 3, 1, 2, 1, 0, 3, 1, 3, 0, 1,
       1, 1, 0, 0, 1, 3, 0, 1, 0, 0, 3, 0, 2, 1, 2, 3, 0, 2, 3, 3, 3, 1,
       0, 3, 2, 1, 0, 1, 0, 2, 0, 1, 0, 1, 1, 0, 2, 0, 1, 3, 3, 3, 1, 3,
       0, 2, 2, 0, 2, 2, 1, 2, 0, 3, 1, 3, 2, 1, 0, 1, 1, 0, 0, 2, 2, 1,
       0, 3, 0, 0, 0, 3, 0, 2, 0, 3, 0, 0, 3, 0, 0, 3, 2, 2, 0, 1, 3, 1,
       3, 1, 3, 1, 1, 3, 2, 1, 3, 3, 3, 1, 1, 0, 3, 1, 2, 1, 1, 0, 2, 2,
       2, 3, 1, 1, 1, 2, 2, 3, 0, 3, 2, 1, 3, 1, 3, 3, 3, 1, 3, 2, 3, 0,
       3, 1, 2, 0, 0, 0, 0, 3, 0, 0, 2, 3, 0, 0, 1, 3, 3, 1, 3, 0, 1, 3,
       3, 1, 3, 1, 1, 0, 3, 1, 1, 3, 2, 1, 3, 0, 2, 2, 2, 1, 3, 3, 2, 2,
       3, 3, 1, 3, 0, 0, 2, 0, 3, 0, 3, 1, 2, 1, 1, 0, 1, 2, 2, 2, 1, 3,
       3, 1, 0, 1, 1, 0, 3, 3, 3, 0, 1, 2, 3, 3, 3, 3, 2, 3, 2, 0, 3, 1,
       0, 0, 3, 3, 0, 3, 1, 1, 3, 3, 2, 0, 1, 1, 2, 2, 3, 2, 0, 0, 0, 1,
       3, 0, 0, 1, 1, 1, 0, 2, 2, 1, 3, 3, 3, 2, 3, 0, 0, 0, 2, 2, 1, 3,
       2, 2, 3, 2, 2, 1, 3, 0, 1, 2, 0, 2, 1, 0, 1, 2, 3, 2, 0, 3, 2, 3,
       1, 1, 3, 0, 0, 2, 3, 1, 2, 1, 0, 1, 2, 1, 1, 1, 0, 1, 0, 0, 0, 3,
       2, 1, 3, 3, 2, 0, 3, 2, 3, 2, 0, 1, 1, 0, 2, 2, 1, 1, 2, 1, 0, 2,
       1, 0, 0, 2, 3, 0, 3, 3, 0, 2, 0, 3, 2, 3, 3, 2, 3, 0, 0, 1, 1, 0,
       0, 3, 1, 1, 1, 3, 3, 2, 0, 3, 3, 2, 1, 0, 3, 2, 0, 0, 1, 2, 2, 3,
       3, 0, 3, 0, 2, 1, 3, 0, 2, 1, 3, 0, 2, 3, 1, 2, 0, 2, 0, 2, 3, 3,
       0, 0, 2, 1, 2, 0, 0, 2, 1, 2, 1, 1, 3, 2, 3, 2, 0, 1, 1, 3, 2, 0,
       3, 3, 1, 1, 2, 3, 0, 1, 0, 2, 1, 2, 3, 3, 0, 1, 2, 2, 3, 2, 2, 2,
       3, 2, 0, 0, 3, 2, 1, 2, 0, 1, 3, 2, 0, 2, 3, 0, 2, 0, 3, 2, 1, 2,
       1, 0, 3, 0, 0, 0, 1, 3, 1, 2, 0, 2, 2, 0, 1, 3, 1, 2, 1, 2, 3, 2,
       0, 1, 0, 1, 3, 1, 2, 3, 0, 0, 2, 3, 3, 2, 2, 3, 1, 3, 3, 3, 3, 1,
       0, 1, 2, 3, 2, 2, 3, 0, 3, 0, 2, 1, 1, 1, 1, 1, 3, 0, 3, 0, 3, 3,
       1, 2, 3, 0, 1, 2, 2, 0, 3, 0, 2, 0, 3, 3, 0, 0, 0, 0, 3, 3, 3, 2,
       2, 1, 2, 2, 2, 3, 2, 3, 1, 1, 1, 1, 2, 3, 2, 3, 1, 0, 0, 0, 3, 2,
       2, 1, 1, 1, 1, 0, 2, 0, 2, 1, 1, 0, 1, 2, 1, 3, 0, 2, 2, 0, 0, 1,
       2, 0, 1, 1, 2, 0, 0, 2, 1, 0, 3, 3, 2, 3, 1, 3, 0, 0, 2, 0, 2, 3,
       3, 2, 1, 1, 2, 0, 3, 0, 3, 3, 1, 0, 1, 0, 1, 3, 2, 1, 1, 2, 1, 3,
       2, 0, 0, 2, 2, 1, 2, 2, 1, 0, 1, 2, 0, 0, 1, 3, 0, 1, 3, 3, 3, 1,
       0, 3, 1, 2, 3, 0, 0, 2, 2, 2, 0, 1, 2, 1, 2, 2, 1, 0, 1, 3, 1, 2,
       2, 2, 3, 1, 0, 1, 1, 1, 1, 2, 2, 2, 3, 1, 1, 0, 2, 3, 1, 3, 1, 2,
       0, 3, 2, 0, 1, 1, 3, 0, 0, 3, 1, 2, 1, 3, 0, 0, 1, 2, 1, 1, 1, 2,
       2, 3, 2, 0, 1, 0, 3, 1, 2, 3, 2, 2, 3, 3, 0, 3, 1, 2, 2, 0, 1, 1,
       1, 1, 3, 2, 3, 3, 1, 1, 1, 0, 2, 0, 1, 0, 0, 2, 2, 1, 2, 2, 0, 1,
       2, 1, 3, 1, 3, 3, 1, 1, 2, 1, 1, 0, 3, 1, 0, 0, 2, 0, 0, 3, 2, 0,
       0, 0, 0, 3, 2, 0, 0, 1, 3, 2, 1, 0, 1, 2, 3, 0, 1, 0, 1, 1, 2, 3,
       1, 3, 3, 2, 3, 1, 0, 0, 0, 2, 2, 2, 2, 1, 0, 0, 1, 3, 1, 0, 2, 3,
       0, 2, 1, 1, 3, 1, 2, 1, 1, 0, 0, 1, 2, 1, 1, 1, 3, 3, 1, 0],
      dtype=object)]
[5, array([-0.7656827 , -0.38284135, -0.38284135,  0.        ]), array([2, 1, 3, 0, 2, 3, 1, 3, 3, 1, 1, 1, 0, 1, 2, 3, 3, 2, 3, 2, 3, 1,
       0, 2, 1, 0, 2, 3, 0, 2, 1, 1, 3, 1, 3, 0, 1, 1, 0, 3, 2, 1, 3, 1,
       0, 0, 1, 3, 3, 3, 0, 1, 2, 2, 3, 0, 1, 3, 2, 2, 0, 0, 0, 1, 2, 3,
       3, 1, 1, 0, 1, 2, 3, 0, 0, 1, 2, 3, 1, 0, 0, 0, 2, 2, 1, 3, 3, 0,
       0, 0, 2, 2, 0, 1, 2, 2, 0, 3, 1, 0, 3, 1, 2, 1, 0, 3, 1, 3, 0, 1,
       1, 1, 0, 0, 1, 3, 0, 1, 0, 0, 3, 0, 2, 1, 2, 3, 0, 2, 3, 3, 3, 1,
       0, 3, 2, 1, 0, 1, 0, 2, 0, 1, 0, 1, 1, 0, 2, 0, 1, 3, 3, 3, 1, 3,
       0, 2, 2, 0, 2, 2, 1, 2, 0, 3, 1, 3, 2, 1, 0, 1, 1, 0, 0, 2, 2, 1,
       0, 3, 0, 0, 0, 3, 0, 2, 0, 3, 0, 0, 3, 0, 0, 3, 2, 2, 0, 1, 3, 1,
       3, 1, 3, 1, 1, 3, 2, 1, 3, 3, 3, 1, 1, 0, 3, 1, 2, 1, 1, 0, 2, 2,
       2, 3, 1, 1, 1, 2, 2, 3, 0, 3, 2, 1, 3, 1, 3, 3, 3, 1, 3, 2, 3, 0,
       3, 1, 2, 0, 0, 0, 0, 3, 0, 0, 2, 3, 0, 0, 1, 3, 3, 1, 3, 0, 1, 3,
       3, 1, 3, 1, 1, 0, 3, 1, 1, 3, 2, 1, 3, 0, 2, 2, 2, 1, 3, 3, 2, 2,
       3, 3, 1, 3, 0, 0, 2, 0, 3, 0, 3, 1, 2, 1, 1, 0, 1, 2, 2, 2, 1, 3,
       3, 1, 0, 1, 1, 0, 3, 3, 3, 0, 1, 2, 3, 3, 3, 3, 2, 3, 2, 0, 3, 1,
       0, 0, 3, 3, 0, 3, 1, 1, 3, 3, 2, 0, 1, 1, 2, 2, 3, 2, 0, 0, 0, 1,
       3, 0, 0, 1, 1, 1, 0, 2, 2, 1, 3, 3, 3, 2, 3, 0, 0, 0, 2, 2, 1, 3,
       2, 2, 3, 2, 2, 1, 3, 0, 1, 2, 0, 2, 1, 0, 1, 2, 3, 2, 0, 3, 2, 3,
       1, 1, 3, 0, 0, 2, 3, 1, 2, 1, 0, 1, 2, 1, 1, 1, 0, 1, 0, 0, 0, 3,
       2, 1, 3, 3, 2, 0, 3, 2, 3, 2, 0, 1, 1, 0, 2, 2, 1, 1, 2, 1, 0, 2,
       1, 0, 0, 2, 3, 0, 3, 3, 0, 2, 0, 3, 2, 3, 3, 2, 3, 0, 0, 1, 1, 0,
       0, 3, 1, 1, 1, 3, 3, 2, 0, 3, 3, 2, 1, 0, 3, 2, 0, 0, 1, 2, 2, 3,
       3, 0, 3, 0, 2, 1, 3, 0, 2, 1, 3, 0, 2, 3, 1, 2, 0, 2, 0, 2, 3, 3,
       0, 0, 2, 1, 2, 0, 0, 2, 1, 2, 1, 1, 3, 2, 3, 2, 0, 1, 1, 3, 2, 0,
       3, 3, 1, 1, 2, 3, 0, 1, 0, 2, 1, 2, 3, 3, 0, 1, 2, 2, 3, 2, 2, 2,
       3, 2, 0, 0, 3, 2, 1, 2, 0, 1, 3, 2, 0, 2, 3, 0, 2, 0, 3, 2, 1, 2,
       1, 0, 3, 0, 0, 0, 1, 3, 1, 2, 0, 2, 2, 0, 1, 3, 1, 2, 1, 2, 3, 2,
       0, 1, 0, 1, 3, 1, 2, 3, 0, 0, 2, 3, 3, 2, 2, 3, 1, 3, 3, 3, 3, 1,
       0, 1, 2, 3, 2, 2, 3, 0, 3, 0, 2, 1, 1, 1, 1, 1, 3, 0, 3, 0, 3, 3,
       1, 2, 3, 0, 1, 2, 2, 0, 3, 0, 2, 0, 3, 3, 0, 0, 0, 0, 3, 3, 3, 2,
       2, 1, 2, 2, 2, 3, 2, 3, 1, 1, 1, 1, 2, 3, 2, 3, 1, 0, 0, 0, 3, 2,
       2, 1, 1, 1, 1, 0, 2, 0, 2, 1, 1, 0, 1, 2, 1, 3, 0, 2, 2, 0, 0, 1,
       2, 0, 1, 1, 2, 0, 0, 2, 1, 0, 3, 3, 2, 3, 1, 3, 0, 0, 2, 0, 2, 3,
       3, 2, 1, 1, 2, 0, 3, 0, 3, 3, 1, 0, 1, 0, 1, 3, 2, 1, 1, 2, 1, 3,
       2, 0, 0, 2, 2, 1, 2, 2, 1, 0, 1, 2, 0, 0, 1, 3, 0, 1, 3, 3, 3, 1,
       0, 3, 1, 2, 3, 0, 0, 2, 2, 2, 0, 1, 2, 1, 2, 2, 1, 0, 1, 3, 1, 2,
       2, 2, 3, 1, 0, 1, 1, 1, 1, 2, 2, 2, 3, 1, 1, 0, 2, 3, 1, 3, 1, 2,
       0, 3, 2, 0, 1, 1, 3, 0, 0, 3, 1, 2, 1, 3, 0, 0, 1, 2, 1, 1, 1, 2,
       2, 3, 2, 0, 1, 0, 3, 1, 2, 3, 2, 2, 3, 3, 0, 3, 1, 2, 2, 0, 1, 1,
       1, 1, 3, 2, 3, 3, 1, 1, 1, 0, 2, 0, 1, 0, 0, 2, 2, 1, 2, 2, 0, 1,
       2, 1, 3, 1, 3, 3, 1, 1, 2, 1, 1, 0, 3, 1, 0, 0, 2, 0, 0, 3, 2, 0,
       0, 0, 0, 3, 2, 0, 0, 1, 3, 2, 1, 0, 1, 2, 3, 0, 1, 0, 1, 1, 2, 3,
       1, 3, 3, 2, 3, 1, 0, 0, 0, 2, 2, 2, 2, 1, 0, 0, 1, 3, 1, 0, 2, 3,
       0, 2, 1, 1, 3, 1, 2, 1, 1, 0, 0, 1, 2, 1, 1, 1, 3, 3, 1, 0],
      dtype=object)]
[6, array([0., 0., 0., 0.]), array([2, 0, 2, 1, 3, 0, 2, 0, 1, 0, 1, 3, 2, 1, 3, 1, 1, 1, 1, 1, 3, 2,
       1, 3, 2, 0, 3, 0, 1, 0, 0, 2, 3, 3, 3, 0, 3, 1, 0, 1, 2, 2, 1, 1,
       2, 2, 1, 0, 1, 0, 2, 1, 2, 1, 0, 2, 1, 0, 3, 1, 1, 0, 1, 2, 0, 0,
       0, 3, 0, 1, 0, 2, 3, 1, 1, 1, 1, 2, 2, 3, 3, 1, 3, 2, 0, 0, 1, 0,
       1, 1, 1, 3, 3, 1, 3, 3, 1, 1, 1, 0, 2, 1, 2, 0, 2, 2, 2, 0, 3, 2,
       0, 1, 2, 0, 1, 0, 3, 1, 1, 0, 0, 0, 0, 0, 2, 3, 3, 2, 1, 0, 1, 2,
       2, 0, 3, 2, 1, 0, 0, 1, 3, 1, 1, 0, 1, 3, 3, 1, 3, 2, 2, 0, 1, 3,
       1, 2, 3, 0, 2, 2, 3, 3, 0, 1, 2, 2, 2, 3, 2, 2, 3, 3, 1, 3, 2, 3,
       2, 3, 1, 1, 2, 0, 3, 1, 0, 0, 0, 3, 3, 3, 0, 3, 3, 2, 2, 0, 2, 0,
       2, 0, 2, 3, 0, 2, 0, 2, 2, 3, 1, 2, 2, 3, 3, 3, 2, 1, 1, 3, 0, 3,
       3, 1, 1, 1, 2, 1, 0, 1, 2, 2, 1, 2, 3, 2, 1, 3, 1, 2, 1, 2, 2, 1,
       3, 2, 3, 2, 3, 0, 0, 2, 3, 1, 3, 1, 0, 3, 1, 2, 3, 2, 1, 3, 0, 0,
       3, 2, 1, 1, 1, 1, 2, 0, 0, 1, 1, 0, 0, 0, 0, 3, 2, 2, 0, 0, 2, 2,
       3, 0, 2, 2, 0, 1, 0, 3, 0, 0, 0, 2, 0, 2, 0, 1, 2, 1, 1, 0, 2, 3,
       3, 2, 1, 3, 3, 3, 3, 3, 3, 0, 2, 2, 1, 1, 0, 0, 2, 2, 0, 3, 2, 0,
       3, 2, 3, 0, 3, 1, 3, 3, 1, 3, 2, 1, 3, 3, 3, 2, 3, 2, 1, 0, 2, 3,
       2, 3, 3, 2, 3, 3, 3, 1, 0, 1, 1, 2, 1, 0, 3, 3, 2, 0, 0, 1, 3, 3,
       3, 1, 0, 3, 3, 0, 2, 1, 3, 0, 2, 3, 3, 1, 1, 0, 0, 2, 1, 3, 0, 1,
       3, 1, 1, 2, 3, 1, 2, 0, 3, 0, 0, 3, 3, 2, 0, 3, 1, 0, 0, 3, 2, 3,
       2, 3, 0, 0, 0, 3, 3, 0, 1, 0, 1, 0, 2, 2, 2, 3, 2, 3, 0, 3, 0, 3,
       3, 0, 2, 3, 1, 1, 1, 3, 2, 3, 0, 1, 0, 0, 0, 2, 2, 1, 1, 2, 1, 0,
       0, 1, 1, 2, 0, 1, 2, 0, 0, 2, 3, 0, 1, 3, 3, 1, 2, 3, 1, 2, 1, 3,
       1, 1, 1, 0, 0, 0, 3, 3, 2, 0, 0, 1, 3, 3, 3, 1, 3, 3, 3, 1, 1, 1,
       3, 1, 0, 2, 0, 1, 0, 1, 0, 1, 2, 1, 0, 2, 3, 0, 1, 1, 2, 1, 2, 1,
       1, 1, 2, 1, 2, 3, 1, 3, 0, 2, 3, 1, 2, 0, 1, 1, 1, 1, 2, 3, 3, 1,
       1, 0, 1, 1, 0, 1, 0, 2, 2, 2, 3, 0, 0, 3, 2, 2, 0, 0, 1, 3, 0, 1,
       1, 3, 2, 2, 0, 3, 0, 3, 0, 0, 3, 3, 3, 0, 1, 1, 0, 1, 3, 3, 1, 0,
       2, 1, 1, 3, 3, 2, 3, 3, 1, 1, 3, 1, 3, 3, 1, 3, 1, 2, 2, 2, 0, 2,
       1, 1, 2, 2, 1, 3, 2, 3, 1, 1, 3, 3, 1, 0, 1, 0, 2, 1, 0, 1, 2, 3,
       2, 3, 0, 1, 1, 2, 2, 2, 3, 2, 1, 1, 2, 2, 2, 0, 2, 0, 0, 2, 2, 3,
       3, 1, 3, 2, 2, 0, 1, 3, 2, 3, 0, 2, 0, 1, 1, 0, 3, 2, 2, 3, 0, 0,
       1, 2, 3, 3, 0, 1, 0, 0, 2, 3, 1, 3, 2, 2, 2, 1, 3, 2, 2, 0, 2, 3,
       1, 2, 1, 1, 0, 1, 1, 0, 2, 1, 0, 3, 1, 3, 3, 0, 3, 0, 0, 1, 0, 1,
       3, 3, 1, 2, 3, 1, 0, 0, 3, 1, 2, 3, 1, 0, 1, 3, 3, 1, 1, 1, 2, 2,
       3, 3, 1, 3, 1, 2, 1, 0, 3, 3, 1, 1, 2, 1, 0, 0, 1, 0, 1, 0, 1, 2,
       2, 3, 1, 3, 1, 3, 1, 0, 3, 2, 0, 1, 1, 3, 0, 2, 0, 1, 0, 0, 0, 1,
       0, 1, 0, 0, 0, 0, 1, 0, 1, 1, 2, 2, 1, 2, 0, 0, 0, 3, 0, 3, 0, 3,
       1, 2, 1, 1, 1, 0, 1, 3, 3, 2, 1, 2, 3, 1, 2, 2, 2, 1, 3, 2, 3, 1,
       3, 0, 1, 0, 1, 3, 0, 1, 3, 1, 2, 2, 0, 2, 0, 2, 3, 1, 1, 3, 1, 2,
       3, 2, 2, 2, 2, 2, 1, 1, 0, 3, 2, 3, 0, 3, 2, 0, 2, 3, 2, 1, 1, 3,
       1, 3, 3, 3, 2, 1, 1, 3, 2, 0, 0, 2, 1, 3, 2, 2, 0, 0, 1, 1, 0, 1,
       1, 3, 1, 1, 3, 0, 1, 3, 0, 0, 2, 0, 3, 3, 1, 3, 0, 1, 1, 0, 3, 3,
       0, 0, 3, 0, 0, 1, 0, 2, 3, 0, 2, 2, 3, 0, 2, 1, 0, 0, 0, 1, 0, 0,
       0, 1, 1, 1, 0, 2, 3, 0, 1, 2, 3, 2, 2, 2, 3, 3, 0, 3, 0, 0],
      dtype=object)]
[6, array([0., 0., 0., 0.]), array([2, 0, 2, 1, 3, 0, 2, 0, 1, 0, 1, 3, 2, 1, 3, 1, 1, 1, 1, 1, 3, 2,
       1, 3, 2, 0, 3, 0, 1, 0, 0, 2, 3, 3, 3, 0, 3, 1, 0, 1, 2, 2, 1, 1,
       2, 2, 1, 0, 1, 0, 2, 1, 2, 1, 0, 2, 1, 0, 3, 1, 1, 0, 1, 2, 0, 0,
       0, 3, 0, 1, 0, 2, 3, 1, 1, 1, 1, 2, 2, 3, 3, 1, 3, 2, 0, 0, 1, 0,
       1, 1, 1, 3, 3, 1, 3, 3, 1, 1, 1, 0, 2, 1, 2, 0, 2, 2, 2, 0, 3, 2,
       0, 1, 2, 0, 1, 0, 3, 1, 1, 0, 0, 0, 0, 0, 2, 3, 3, 2, 1, 0, 1, 2,
       2, 0, 3, 2, 1, 0, 0, 1, 3, 1, 1, 0, 1, 3, 3, 1, 3, 2, 2, 0, 1, 3,
       1, 2, 3, 0, 2, 2, 3, 3, 0, 1, 2, 2, 2, 3, 2, 2, 3, 3, 1, 3, 2, 3,
       2, 3, 1, 1, 2, 0, 3, 1, 0, 0, 0, 3, 3, 3, 0, 3, 3, 2, 2, 0, 2, 0,
       2, 0, 2, 3, 0, 2, 0, 2, 2, 3, 1, 2, 2, 3, 3, 3, 2, 1, 1, 3, 0, 3,
       3, 1, 1, 1, 2, 1, 0, 1, 2, 2, 1, 2, 3, 2, 1, 3, 1, 2, 1, 2, 2, 1,
       3, 2, 3, 2, 3, 0, 0, 2, 3, 1, 3, 1, 0, 3, 1, 2, 3, 2, 1, 3, 0, 0,
       3, 2, 1, 1, 1, 1, 2, 0, 0, 1, 1, 0, 0, 0, 0, 3, 2, 2, 0, 0, 2, 2,
       3, 0, 2, 2, 0, 1, 0, 3, 0, 0, 0, 2, 0, 2, 0, 1, 2, 1, 1, 0, 2, 3,
       3, 2, 1, 3, 3, 3, 3, 3, 3, 0, 2, 2, 1, 1, 0, 0, 2, 2, 0, 3, 2, 0,
       3, 2, 3, 0, 3, 1, 3, 3, 1, 3, 2, 1, 3, 3, 3, 2, 3, 2, 1, 0, 2, 3,
       2, 3, 3, 2, 3, 3, 3, 1, 0, 1, 1, 2, 1, 0, 3, 3, 2, 0, 0, 1, 3, 3,
       3, 1, 0, 3, 3, 0, 2, 1, 3, 0, 2, 3, 3, 1, 1, 0, 0, 2, 1, 3, 0, 1,
       3, 1, 1, 2, 3, 1, 2, 0, 3, 0, 0, 3, 3, 2, 0, 3, 1, 0, 0, 3, 2, 3,
       2, 3, 0, 0, 0, 3, 3, 0, 1, 0, 1, 0, 2, 2, 2, 3, 2, 3, 0, 3, 0, 3,
       3, 0, 2, 3, 1, 1, 1, 3, 2, 3, 0, 1, 0, 0, 0, 2, 2, 1, 1, 2, 1, 0,
       0, 1, 1, 2, 0, 1, 2, 0, 0, 2, 3, 0, 1, 3, 3, 1, 2, 3, 1, 2, 1, 3,
       1, 1, 1, 0, 0, 0, 3, 3, 2, 0, 0, 1, 3, 3, 3, 1, 3, 3, 3, 1, 1, 1,
       3, 1, 0, 2, 0, 1, 0, 1, 0, 1, 2, 1, 0, 2, 3, 0, 1, 1, 2, 1, 2, 1,
       1, 1, 2, 1, 2, 3, 1, 3, 0, 2, 3, 1, 2, 0, 1, 1, 1, 1, 2, 3, 3, 1,
       1, 0, 1, 1, 0, 1, 0, 2, 2, 2, 3, 0, 0, 3, 2, 2, 0, 0, 1, 3, 0, 1,
       1, 3, 2, 2, 0, 3, 0, 3, 0, 0, 3, 3, 3, 0, 1, 1, 0, 1, 3, 3, 1, 0,
       2, 1, 1, 3, 3, 2, 3, 3, 1, 1, 3, 1, 3, 3, 1, 3, 1, 2, 2, 2, 0, 2,
       1, 1, 2, 2, 1, 3, 2, 3, 1, 1, 3, 3, 1, 0, 1, 0, 2, 1, 0, 1, 2, 3,
       2, 3, 0, 1, 1, 2, 2, 2, 3, 2, 1, 1, 2, 2, 2, 0, 2, 0, 0, 2, 2, 3,
       3, 1, 3, 2, 2, 0, 1, 3, 2, 3, 0, 2, 0, 1, 1, 0, 3, 2, 2, 3, 0, 0,
       1, 2, 3, 3, 0, 1, 0, 0, 2, 3, 1, 3, 2, 2, 2, 1, 3, 2, 2, 0, 2, 3,
       1, 2, 1, 1, 0, 1, 1, 0, 2, 1, 0, 3, 1, 3, 3, 0, 3, 0, 0, 1, 0, 1,
       3, 3, 1, 2, 3, 1, 0, 0, 3, 1, 2, 3, 1, 0, 1, 3, 3, 1, 1, 1, 2, 2,
       3, 3, 1, 3, 1, 2, 1, 0, 3, 3, 1, 1, 2, 1, 0, 0, 1, 0, 1, 0, 1, 2,
       2, 3, 1, 3, 1, 3, 1, 0, 3, 2, 0, 1, 1, 3, 0, 2, 0, 1, 0, 0, 0, 1,
       0, 1, 0, 0, 0, 0, 1, 0, 1, 1, 2, 2, 1, 2, 0, 0, 0, 3, 0, 3, 0, 3,
       1, 2, 1, 1, 1, 0, 1, 3, 3, 2, 1, 2, 3, 1, 2, 2, 2, 1, 3, 2, 3, 1,
       3, 0, 1, 0, 1, 3, 0, 1, 3, 1, 2, 2, 0, 2, 0, 2, 3, 1, 1, 3, 1, 2,
       3, 2, 2, 2, 2, 2, 1, 1, 0, 3, 2, 3, 0, 3, 2, 0, 2, 3, 2, 1, 1, 3,
       1, 3, 3, 3, 2, 1, 1, 3, 2, 0, 0, 2, 1, 3, 2, 2, 0, 0, 1, 1, 0, 1,
       1, 3, 1, 1, 3, 0, 1, 3, 0, 0, 2, 0, 3, 3, 1, 3, 0, 1, 1, 0, 3, 3,
       0, 0, 3, 0, 0, 1, 0, 2, 3, 0, 2, 2, 3, 0, 2, 1, 0, 0, 0, 1, 0, 0,
       0, 1, 1, 1, 0, 2, 3, 0, 1, 2, 3, 2, 2, 2, 3, 3, 0, 3, 0, 0],
      dtype=object)]
[6, array([0., 0., 0., 0.]), array([2, 0, 2, 1, 3, 0, 2, 0, 1, 0, 1, 3, 2, 1, 3, 1, 1, 1, 1, 1, 3, 2,
       1, 3, 2, 0, 3, 0, 1, 0, 0, 2, 3, 3, 3, 0, 3, 1, 0, 1, 2, 2, 1, 1,
       2, 2, 1, 0, 1, 0, 2, 1, 2, 1, 0, 2, 1, 0, 3, 1, 1, 0, 1, 2, 0, 0,
       0, 3, 0, 1, 0, 2, 3, 1, 1, 1, 1, 2, 2, 3, 3, 1, 3, 2, 0, 0, 1, 0,
       1, 1, 1, 3, 3, 1, 3, 3, 1, 1, 1, 0, 2, 1, 2, 0, 2, 2, 2, 0, 3, 2,
       0, 1, 2, 0, 1, 0, 3, 1, 1, 0, 0, 0, 0, 0, 2, 3, 3, 2, 1, 0, 1, 2,
       2, 0, 3, 2, 1, 0, 0, 1, 3, 1, 1, 0, 1, 3, 3, 1, 3, 2, 2, 0, 1, 3,
       1, 2, 3, 0, 2, 2, 3, 3, 0, 1, 2, 2, 2, 3, 2, 2, 3, 3, 1, 3, 2, 3,
       2, 3, 1, 1, 2, 0, 3, 1, 0, 0, 0, 3, 3, 3, 0, 3, 3, 2, 2, 0, 2, 0,
       2, 0, 2, 3, 0, 2, 0, 2, 2, 3, 1, 2, 2, 3, 3, 3, 2, 1, 1, 3, 0, 3,
       3, 1, 1, 1, 2, 1, 0, 1, 2, 2, 1, 2, 3, 2, 1, 3, 1, 2, 1, 2, 2, 1,
       3, 2, 3, 2, 3, 0, 0, 2, 3, 1, 3, 1, 0, 3, 1, 2, 3, 2, 1, 3, 0, 0,
       3, 2, 1, 1, 1, 1, 2, 0, 0, 1, 1, 0, 0, 0, 0, 3, 2, 2, 0, 0, 2, 2,
       3, 0, 2, 2, 0, 1, 0, 3, 0, 0, 0, 2, 0, 2, 0, 1, 2, 1, 1, 0, 2, 3,
       3, 2, 1, 3, 3, 3, 3, 3, 3, 0, 2, 2, 1, 1, 0, 0, 2, 2, 0, 3, 2, 0,
       3, 2, 3, 0, 3, 1, 3, 3, 1, 3, 2, 1, 3, 3, 3, 2, 3, 2, 1, 0, 2, 3,
       2, 3, 3, 2, 3, 3, 3, 1, 0, 1, 1, 2, 1, 0, 3, 3, 2, 0, 0, 1, 3, 3,
       3, 1, 0, 3, 3, 0, 2, 1, 3, 0, 2, 3, 3, 1, 1, 0, 0, 2, 1, 3, 0, 1,
       3, 1, 1, 2, 3, 1, 2, 0, 3, 0, 0, 3, 3, 2, 0, 3, 1, 0, 0, 3, 2, 3,
       2, 3, 0, 0, 0, 3, 3, 0, 1, 0, 1, 0, 2, 2, 2, 3, 2, 3, 0, 3, 0, 3,
       3, 0, 2, 3, 1, 1, 1, 3, 2, 3, 0, 1, 0, 0, 0, 2, 2, 1, 1, 2, 1, 0,
       0, 1, 1, 2, 0, 1, 2, 0, 0, 2, 3, 0, 1, 3, 3, 1, 2, 3, 1, 2, 1, 3,
       1, 1, 1, 0, 0, 0, 3, 3, 2, 0, 0, 1, 3, 3, 3, 1, 3, 3, 3, 1, 1, 1,
       3, 1, 0, 2, 0, 1, 0, 1, 0, 1, 2, 1, 0, 2, 3, 0, 1, 1, 2, 1, 2, 1,
       1, 1, 2, 1, 2, 3, 1, 3, 0, 2, 3, 1, 2, 0, 1, 1, 1, 1, 2, 3, 3, 1,
       1, 0, 1, 1, 0, 1, 0, 2, 2, 2, 3, 0, 0, 3, 2, 2, 0, 0, 1, 3, 0, 1,
       1, 3, 2, 2, 0, 3, 0, 3, 0, 0, 3, 3, 3, 0, 1, 1, 0, 1, 3, 3, 1, 0,
       2, 1, 1, 3, 3, 2, 3, 3, 1, 1, 3, 1, 3, 3, 1, 3, 1, 2, 2, 2, 0, 2,
       1, 1, 2, 2, 1, 3, 2, 3, 1, 1, 3, 3, 1, 0, 1, 0, 2, 1, 0, 1, 2, 3,
       2, 3, 0, 1, 1, 2, 2, 2, 3, 2, 1, 1, 2, 2, 2, 0, 2, 0, 0, 2, 2, 3,
       3, 1, 3, 2, 2, 0, 1, 3, 2, 3, 0, 2, 0, 1, 1, 0, 3, 2, 2, 3, 0, 0,
       1, 2, 3, 3, 0, 1, 0, 0, 2, 3, 1, 3, 2, 2, 2, 1, 3, 2, 2, 0, 2, 3,
       1, 2, 1, 1, 0, 1, 1, 0, 2, 1, 0, 3, 1, 3, 3, 0, 3, 0, 0, 1, 0, 1,
       3, 3, 1, 2, 3, 1, 0, 0, 3, 1, 2, 3, 1, 0, 1, 3, 3, 1, 1, 1, 2, 2,
       3, 3, 1, 3, 1, 2, 1, 0, 3, 3, 1, 1, 2, 1, 0, 0, 1, 0, 1, 0, 1, 2,
       2, 3, 1, 3, 1, 3, 1, 0, 3, 2, 0, 1, 1, 3, 0, 2, 0, 1, 0, 0, 0, 1,
       0, 1, 0, 0, 0, 0, 1, 0, 1, 1, 2, 2, 1, 2, 0, 0, 0, 3, 0, 3, 0, 3,
       1, 2, 1, 1, 1, 0, 1, 3, 3, 2, 1, 2, 3, 1, 2, 2, 2, 1, 3, 2, 3, 1,
       3, 0, 1, 0, 1, 3, 0, 1, 3, 1, 2, 2, 0, 2, 0, 2, 3, 1, 1, 3, 1, 2,
       3, 2, 2, 2, 2, 2, 1, 1, 0, 3, 2, 3, 0, 3, 2, 0, 2, 3, 2, 1, 1, 3,
       1, 3, 3, 3, 2, 1, 1, 3, 2, 0, 0, 2, 1, 3, 2, 2, 0, 0, 1, 1, 0, 1,
       1, 3, 1, 1, 3, 0, 1, 3, 0, 0, 2, 0, 3, 3, 1, 3, 0, 1, 1, 0, 3, 3,
       0, 0, 3, 0, 0, 1, 0, 2, 3, 0, 2, 2, 3, 0, 2, 1, 0, 0, 0, 1, 0, 0,
       0, 1, 1, 1, 0, 2, 3, 0, 1, 2, 3, 2, 2, 2, 3, 3, 0, 3, 0, 0],
      dtype=object)]
[6, array([0., 0., 0., 0.]), array([2, 0, 2, 1, 3, 0, 2, 0, 1, 0, 1, 3, 2, 1, 3, 1, 1, 1, 1, 1, 3, 2,
       1, 3, 2, 0, 3, 0, 1, 0, 0, 2, 3, 3, 3, 0, 3, 1, 0, 1, 2, 2, 1, 1,
       2, 2, 1, 0, 1, 0, 2, 1, 2, 1, 0, 2, 1, 0, 3, 1, 1, 0, 1, 2, 0, 0,
       0, 3, 0, 1, 0, 2, 3, 1, 1, 1, 1, 2, 2, 3, 3, 1, 3, 2, 0, 0, 1, 0,
       1, 1, 1, 3, 3, 1, 3, 3, 1, 1, 1, 0, 2, 1, 2, 0, 2, 2, 2, 0, 3, 2,
       0, 1, 2, 0, 1, 0, 3, 1, 1, 0, 0, 0, 0, 0, 2, 3, 3, 2, 1, 0, 1, 2,
       2, 0, 3, 2, 1, 0, 0, 1, 3, 1, 1, 0, 1, 3, 3, 1, 3, 2, 2, 0, 1, 3,
       1, 2, 3, 0, 2, 2, 3, 3, 0, 1, 2, 2, 2, 3, 2, 2, 3, 3, 1, 3, 2, 3,
       2, 3, 1, 1, 2, 0, 3, 1, 0, 0, 0, 3, 3, 3, 0, 3, 3, 2, 2, 0, 2, 0,
       2, 0, 2, 3, 0, 2, 0, 2, 2, 3, 1, 2, 2, 3, 3, 3, 2, 1, 1, 3, 0, 3,
       3, 1, 1, 1, 2, 1, 0, 1, 2, 2, 1, 2, 3, 2, 1, 3, 1, 2, 1, 2, 2, 1,
       3, 2, 3, 2, 3, 0, 0, 2, 3, 1, 3, 1, 0, 3, 1, 2, 3, 2, 1, 3, 0, 0,
       3, 2, 1, 1, 1, 1, 2, 0, 0, 1, 1, 0, 0, 0, 0, 3, 2, 2, 0, 0, 2, 2,
       3, 0, 2, 2, 0, 1, 0, 3, 0, 0, 0, 2, 0, 2, 0, 1, 2, 1, 1, 0, 2, 3,
       3, 2, 1, 3, 3, 3, 3, 3, 3, 0, 2, 2, 1, 1, 0, 0, 2, 2, 0, 3, 2, 0,
       3, 2, 3, 0, 3, 1, 3, 3, 1, 3, 2, 1, 3, 3, 3, 2, 3, 2, 1, 0, 2, 3,
       2, 3, 3, 2, 3, 3, 3, 1, 0, 1, 1, 2, 1, 0, 3, 3, 2, 0, 0, 1, 3, 3,
       3, 1, 0, 3, 3, 0, 2, 1, 3, 0, 2, 3, 3, 1, 1, 0, 0, 2, 1, 3, 0, 1,
       3, 1, 1, 2, 3, 1, 2, 0, 3, 0, 0, 3, 3, 2, 0, 3, 1, 0, 0, 3, 2, 3,
       2, 3, 0, 0, 0, 3, 3, 0, 1, 0, 1, 0, 2, 2, 2, 3, 2, 3, 0, 3, 0, 3,
       3, 0, 2, 3, 1, 1, 1, 3, 2, 3, 0, 1, 0, 0, 0, 2, 2, 1, 1, 2, 1, 0,
       0, 1, 1, 2, 0, 1, 2, 0, 0, 2, 3, 0, 1, 3, 3, 1, 2, 3, 1, 2, 1, 3,
       1, 1, 1, 0, 0, 0, 3, 3, 2, 0, 0, 1, 3, 3, 3, 1, 3, 3, 3, 1, 1, 1,
       3, 1, 0, 2, 0, 1, 0, 1, 0, 1, 2, 1, 0, 2, 3, 0, 1, 1, 2, 1, 2, 1,
       1, 1, 2, 1, 2, 3, 1, 3, 0, 2, 3, 1, 2, 0, 1, 1, 1, 1, 2, 3, 3, 1,
       1, 0, 1, 1, 0, 1, 0, 2, 2, 2, 3, 0, 0, 3, 2, 2, 0, 0, 1, 3, 0, 1,
       1, 3, 2, 2, 0, 3, 0, 3, 0, 0, 3, 3, 3, 0, 1, 1, 0, 1, 3, 3, 1, 0,
       2, 1, 1, 3, 3, 2, 3, 3, 1, 1, 3, 1, 3, 3, 1, 3, 1, 2, 2, 2, 0, 2,
       1, 1, 2, 2, 1, 3, 2, 3, 1, 1, 3, 3, 1, 0, 1, 0, 2, 1, 0, 1, 2, 3,
       2, 3, 0, 1, 1, 2, 2, 2, 3, 2, 1, 1, 2, 2, 2, 0, 2, 0, 0, 2, 2, 3,
       3, 1, 3, 2, 2, 0, 1, 3, 2, 3, 0, 2, 0, 1, 1, 0, 3, 2, 2, 3, 0, 0,
       1, 2, 3, 3, 0, 1, 0, 0, 2, 3, 1, 3, 2, 2, 2, 1, 3, 2, 2, 0, 2, 3,
       1, 2, 1, 1, 0, 1, 1, 0, 2, 1, 0, 3, 1, 3, 3, 0, 3, 0, 0, 1, 0, 1,
       3, 3, 1, 2, 3, 1, 0, 0, 3, 1, 2, 3, 1, 0, 1, 3, 3, 1, 1, 1, 2, 2,
       3, 3, 1, 3, 1, 2, 1, 0, 3, 3, 1, 1, 2, 1, 0, 0, 1, 0, 1, 0, 1, 2,
       2, 3, 1, 3, 1, 3, 1, 0, 3, 2, 0, 1, 1, 3, 0, 2, 0, 1, 0, 0, 0, 1,
       0, 1, 0, 0, 0, 0, 1, 0, 1, 1, 2, 2, 1, 2, 0, 0, 0, 3, 0, 3, 0, 3,
       1, 2, 1, 1, 1, 0, 1, 3, 3, 2, 1, 2, 3, 1, 2, 2, 2, 1, 3, 2, 3, 1,
       3, 0, 1, 0, 1, 3, 0, 1, 3, 1, 2, 2, 0, 2, 0, 2, 3, 1, 1, 3, 1, 2,
       3, 2, 2, 2, 2, 2, 1, 1, 0, 3, 2, 3, 0, 3, 2, 0, 2, 3, 2, 1, 1, 3,
       1, 3, 3, 3, 2, 1, 1, 3, 2, 0, 0, 2, 1, 3, 2, 2, 0, 0, 1, 1, 0, 1,
       1, 3, 1, 1, 3, 0, 1, 3, 0, 0, 2, 0, 3, 3, 1, 3, 0, 1, 1, 0, 3, 3,
       0, 0, 3, 0, 0, 1, 0, 2, 3, 0, 2, 2, 3, 0, 2, 1, 0, 0, 0, 1, 0, 0,
       0, 1, 1, 1, 0, 2, 3, 0, 1, 2, 3, 2, 2, 2, 3, 3, 0, 3, 0, 0],
      dtype=object)]
[7, array([-3998.72314453, -1999.36157227, -1999.36157227,     0.        ]), array([0, 2, 2, 3, 0, 3, 3, 1, 1, 0, 0, 1, 3, 0, 2, 0, 2, 0, 0, 1, 3, 2,
       0, 3, 0, 2, 0, 0, 0, 2, 1, 1, 2, 0, 0, 2, 2, 1, 1, 3, 2, 2, 0, 0,
       2, 2, 1, 3, 2, 0, 2, 2, 1, 2, 3, 1, 1, 2, 0, 1, 2, 0, 3, 1, 1, 3,
       2, 1, 2, 1, 1, 3, 0, 0, 1, 3, 2, 1, 0, 3, 0, 3, 2, 2, 3, 1, 3, 2,
       1, 1, 2, 3, 1, 1, 2, 0, 3, 2, 0, 2, 2, 2, 1, 1, 1, 1, 0, 1, 0, 2,
       3, 3, 3, 1, 0, 1, 0, 2, 3, 1, 0, 1, 0, 2, 3, 1, 1, 2, 2, 0, 1, 1,
       1, 3, 3, 0, 2, 3, 2, 2, 3, 0, 2, 0, 2, 3, 1, 3, 1, 1, 1, 0, 2, 0,
       2, 1, 2, 3, 3, 1, 2, 0, 2, 0, 1, 3, 0, 1, 2, 1, 3, 3, 3, 2, 3, 0,
       1, 0, 0, 3, 2, 3, 1, 0, 1, 2, 2, 2, 3, 0, 3, 2, 1, 2, 2, 3, 3, 3,
       2, 0, 3, 2, 2, 1, 0, 2, 1, 2, 1, 2, 2, 2, 3, 2, 3, 3, 2, 0, 3, 3,
       0, 2, 1, 1, 1, 3, 2, 0, 3, 1, 3, 1, 3, 0, 2, 0, 3, 1, 3, 0, 0, 0,
       0, 3, 0, 1, 3, 1, 3, 0, 3, 1, 3, 3, 3, 2, 3, 3, 2, 0, 0, 0, 3, 0,
       1, 1, 1, 1, 2, 2, 2, 2, 1, 1, 2, 2, 0, 2, 1, 3, 0, 0, 0, 1, 1, 3,
       3, 0, 0, 3, 3, 2, 2, 0, 3, 0, 3, 2, 0, 3, 2, 3, 1, 2, 3, 2, 2, 1,
       2, 2, 1, 2, 2, 1, 0, 2, 0, 2, 2, 3, 3, 1, 3, 3, 3, 3, 2, 2, 2, 3,
       1, 3, 0, 0, 1, 1, 1, 1, 0, 0, 2, 2, 0, 0, 2, 3, 2, 2, 0, 2, 3, 3,
       3, 0, 3, 3, 0, 0, 3, 0, 0, 0, 3, 1, 2, 2, 3, 3, 1, 2, 0, 3, 1, 3,
       2, 1, 0, 2, 2, 3, 0, 3, 2, 3, 0, 3, 1, 0, 3, 1, 1, 1, 2, 2, 3, 3,
       0, 3, 2, 0, 0, 3, 2, 0, 2, 1, 2, 1, 3, 2, 1, 2, 2, 0, 3, 1, 2, 0,
       1, 3, 2, 3, 3, 1, 0, 0, 2, 2, 1, 2, 3, 1, 2, 0, 2, 0, 0, 0, 0, 1,
       2, 1, 0, 2, 1, 2, 1, 3, 3, 1, 1, 3, 0, 1, 1, 1, 1, 0, 3, 0, 0, 2,
       0, 2, 3, 3, 1, 1, 0, 2, 3, 2, 2, 1, 1, 1, 3, 1, 1, 1, 0, 0, 2, 2,
       0, 0, 3, 2, 2, 2, 2, 2, 1, 1, 3, 1, 1, 0, 0, 1, 1, 0, 2, 3, 1, 0,
       3, 0, 2, 2, 0, 1, 0, 3, 2, 1, 0, 0, 2, 2, 1, 1, 2, 3, 2, 1, 2, 2,
       0, 3, 1, 1, 3, 0, 1, 0, 2, 2, 1, 2, 1, 0, 1, 0, 2, 2, 0, 1, 2, 0,
       3, 1, 1, 2, 2, 3, 1, 2, 3, 1, 2, 0, 2, 2, 2, 3, 1, 0, 2, 1, 1, 0,
       0, 0, 1, 0, 1, 0, 1, 3, 0, 0, 3, 3, 3, 0, 1, 1, 0, 1, 3, 3, 1, 0,
       2, 1, 1, 3, 3, 2, 3, 3, 1, 1, 3, 1, 3, 3, 1, 3, 1, 2, 2, 2, 0, 2,
       1, 1, 2, 2, 1, 3, 2, 3, 1, 1, 3, 3, 1, 0, 1, 0, 2, 1, 0, 1, 2, 3,
       2, 3, 0, 1, 1, 2, 2, 2, 3, 2, 1, 1, 2, 2, 2, 0, 2, 0, 0, 2, 2, 3,
       3, 1, 3, 2, 2, 0, 1, 3, 2, 3, 0, 2, 0, 1, 1, 0, 3, 2, 2, 3, 0, 0,
       1, 2, 3, 3, 0, 1, 0, 0, 2, 3, 1, 3, 2, 2, 2, 1, 3, 2, 2, 0, 2, 3,
       1, 2, 1, 1, 0, 1, 1, 0, 2, 1, 0, 3, 1, 3, 3, 0, 3, 0, 0, 1, 0, 1,
       3, 3, 1, 2, 3, 1, 0, 0, 3, 1, 2, 3, 1, 0, 1, 3, 3, 1, 1, 1, 2, 2,
       3, 3, 1, 3, 1, 2, 1, 0, 1, 3, 1, 1, 2, 1, 0, 0, 1, 0, 1, 0, 1, 2,
       2, 3, 1, 3, 1, 3, 1, 0, 3, 2, 0, 1, 1, 3, 0, 2, 0, 1, 0, 0, 0, 1,
       0, 1, 0, 0, 0, 0, 1, 0, 1, 1, 2, 2, 1, 2, 0, 0, 0, 3, 0, 3, 0, 3,
       1, 2, 1, 1, 1, 0, 1, 3, 3, 2, 3, 2, 3, 1, 2, 2, 2, 1, 3, 2, 3, 1,
       3, 0, 1, 0, 1, 3, 0, 1, 3, 1, 2, 2, 0, 2, 0, 2, 3, 1, 1, 3, 1, 2,
       3, 2, 2, 2, 2, 2, 1, 1, 0, 3, 2, 3, 0, 3, 2, 0, 2, 3, 2, 1, 1, 3,
       1, 3, 3, 3, 2, 1, 1, 3, 2, 0, 0, 2, 1, 3, 2, 2, 0, 0, 1, 1, 0, 1,
       1, 3, 1, 1, 3, 0, 1, 3, 0, 0, 2, 0, 3, 3, 1, 3, 0, 1, 1, 0, 3, 3,
       0, 0, 3, 0, 0, 1, 0, 2, 3, 0, 2, 2, 3, 0, 2, 1, 0, 0, 0, 1, 0, 0,
       0, 1, 1, 1, 0, 2, 3, 0, 1, 2, 3, 2, 2, 2, 3, 3, 0, 3, 0, 0],
      dtype=object)]
[7, array([-3998.72314453, -1999.36157227, -1999.36157227,     0.        ]), array([0, 2, 2, 3, 0, 3, 3, 1, 1, 0, 0, 1, 3, 0, 2, 0, 2, 0, 0, 1, 3, 2,
       0, 3, 0, 2, 0, 0, 0, 2, 1, 1, 2, 0, 0, 2, 2, 1, 1, 3, 2, 2, 0, 0,
       2, 2, 1, 3, 2, 0, 2, 2, 1, 2, 3, 1, 1, 2, 0, 1, 2, 0, 3, 1, 1, 3,
       2, 1, 2, 1, 1, 3, 0, 0, 1, 3, 2, 1, 0, 3, 0, 3, 2, 2, 3, 1, 3, 2,
       1, 1, 2, 3, 1, 1, 2, 0, 3, 2, 0, 2, 2, 2, 1, 1, 1, 1, 0, 1, 0, 2,
       3, 3, 3, 1, 0, 1, 0, 2, 3, 1, 0, 1, 0, 2, 3, 1, 1, 2, 2, 0, 1, 1,
       1, 3, 3, 0, 2, 3, 2, 2, 3, 0, 2, 0, 2, 3, 1, 3, 1, 1, 1, 0, 2, 0,
       2, 1, 2, 3, 3, 1, 2, 0, 2, 0, 1, 3, 0, 1, 2, 1, 3, 3, 3, 2, 3, 0,
       1, 0, 0, 3, 2, 3, 1, 0, 1, 2, 2, 2, 3, 0, 3, 2, 1, 2, 2, 3, 3, 3,
       2, 0, 3, 2, 2, 1, 0, 2, 1, 2, 1, 2, 2, 2, 3, 2, 3, 3, 2, 0, 3, 3,
       0, 2, 1, 1, 1, 3, 2, 0, 3, 1, 3, 1, 3, 0, 2, 0, 3, 1, 3, 0, 0, 0,
       0, 3, 0, 1, 3, 1, 3, 0, 3, 1, 3, 3, 3, 2, 3, 3, 2, 0, 0, 0, 3, 0,
       1, 1, 1, 1, 2, 2, 2, 2, 1, 1, 2, 2, 0, 2, 1, 3, 0, 0, 0, 1, 1, 3,
       3, 0, 0, 3, 3, 2, 2, 0, 3, 0, 3, 2, 0, 3, 2, 3, 1, 2, 3, 2, 2, 1,
       2, 2, 1, 2, 2, 1, 0, 2, 0, 2, 2, 3, 3, 1, 3, 3, 3, 3, 2, 2, 2, 3,
       1, 3, 0, 0, 1, 1, 1, 1, 0, 0, 2, 2, 0, 0, 2, 3, 2, 2, 0, 2, 3, 3,
       3, 0, 3, 3, 0, 0, 3, 0, 0, 0, 3, 1, 2, 2, 3, 3, 1, 2, 0, 3, 1, 3,
       2, 1, 0, 2, 2, 3, 0, 3, 2, 3, 0, 3, 1, 0, 3, 1, 1, 1, 2, 2, 3, 3,
       0, 3, 2, 0, 0, 3, 2, 0, 2, 1, 2, 1, 3, 2, 1, 2, 2, 0, 3, 1, 2, 0,
       1, 3, 2, 3, 3, 1, 0, 0, 2, 2, 1, 2, 3, 1, 2, 0, 2, 0, 0, 0, 0, 1,
       2, 1, 0, 2, 1, 2, 1, 3, 3, 1, 1, 3, 0, 1, 1, 1, 1, 0, 3, 0, 0, 2,
       0, 2, 3, 3, 1, 1, 0, 2, 3, 2, 2, 1, 1, 1, 3, 1, 1, 1, 0, 0, 2, 2,
       0, 0, 3, 2, 2, 2, 2, 2, 1, 1, 3, 1, 1, 0, 0, 1, 1, 0, 2, 3, 1, 0,
       3, 0, 2, 2, 0, 1, 0, 3, 2, 1, 0, 0, 2, 2, 1, 1, 2, 3, 2, 1, 2, 2,
       0, 3, 1, 1, 3, 0, 1, 0, 2, 2, 1, 2, 1, 0, 1, 0, 2, 2, 0, 1, 2, 0,
       3, 1, 1, 2, 2, 3, 1, 2, 3, 1, 2, 0, 2, 2, 2, 3, 1, 0, 2, 1, 1, 0,
       0, 0, 1, 0, 1, 0, 1, 3, 0, 0, 3, 3, 3, 0, 1, 1, 0, 1, 3, 3, 1, 0,
       2, 1, 1, 3, 3, 2, 3, 3, 1, 1, 3, 1, 3, 3, 1, 3, 1, 2, 2, 2, 0, 2,
       1, 1, 2, 2, 1, 3, 2, 3, 1, 1, 3, 3, 1, 0, 1, 0, 2, 1, 0, 1, 2, 3,
       2, 3, 0, 1, 1, 2, 2, 2, 3, 2, 1, 1, 2, 2, 2, 0, 2, 0, 0, 2, 2, 3,
       3, 1, 3, 2, 2, 0, 1, 3, 2, 3, 0, 2, 0, 1, 1, 0, 3, 2, 2, 3, 0, 0,
       1, 2, 3, 3, 0, 1, 0, 0, 2, 3, 1, 3, 2, 2, 2, 1, 3, 2, 2, 0, 2, 3,
       1, 2, 1, 1, 0, 1, 1, 0, 2, 1, 0, 3, 1, 3, 3, 0, 3, 0, 0, 1, 0, 1,
       3, 3, 1, 2, 3, 1, 0, 0, 3, 1, 2, 3, 1, 0, 1, 3, 3, 1, 1, 1, 2, 2,
       3, 3, 1, 3, 1, 2, 1, 0, 1, 3, 1, 1, 2, 1, 0, 0, 1, 0, 1, 0, 1, 2,
       2, 3, 1, 3, 1, 3, 1, 0, 3, 2, 0, 1, 1, 3, 0, 2, 0, 1, 0, 0, 0, 1,
       0, 1, 0, 0, 0, 0, 1, 0, 1, 1, 2, 2, 1, 2, 0, 0, 0, 3, 0, 3, 0, 3,
       1, 2, 1, 1, 1, 0, 1, 3, 3, 2, 3, 2, 3, 1, 2, 2, 2, 1, 3, 2, 3, 1,
       3, 0, 1, 0, 1, 3, 0, 1, 3, 1, 2, 2, 0, 2, 0, 2, 3, 1, 1, 3, 1, 2,
       3, 2, 2, 2, 2, 2, 1, 1, 0, 3, 2, 3, 0, 3, 2, 0, 2, 3, 2, 1, 1, 3,
       1, 3, 3, 3, 2, 1, 1, 3, 2, 0, 0, 2, 1, 3, 2, 2, 0, 0, 1, 1, 0, 1,
       1, 3, 1, 1, 3, 0, 1, 3, 0, 0, 2, 0, 3, 3, 1, 3, 0, 1, 1, 0, 3, 3,
       0, 0, 3, 0, 0, 1, 0, 2, 3, 0, 2, 2, 3, 0, 2, 1, 0, 0, 0, 1, 0, 0,
       0, 1, 1, 1, 0, 2, 3, 0, 1, 2, 3, 2, 2, 2, 3, 3, 0, 3, 0, 0],
      dtype=object)]
[7, array([-3998.72314453, -1999.36157227, -1999.36157227,     0.        ]), array([0, 2, 2, 3, 0, 3, 3, 1, 1, 0, 0, 1, 3, 0, 2, 0, 2, 0, 0, 1, 3, 2,
       0, 3, 0, 2, 0, 0, 0, 2, 1, 1, 2, 0, 0, 2, 2, 1, 1, 3, 2, 2, 0, 0,
       2, 2, 1, 3, 2, 0, 2, 2, 1, 2, 3, 1, 1, 2, 0, 1, 2, 0, 3, 1, 1, 3,
       2, 1, 2, 1, 1, 3, 0, 0, 1, 3, 2, 1, 0, 3, 0, 3, 2, 2, 3, 1, 3, 2,
       1, 1, 2, 3, 1, 1, 2, 0, 3, 2, 0, 2, 2, 2, 1, 1, 1, 1, 0, 1, 0, 2,
       3, 3, 3, 1, 0, 1, 0, 2, 3, 1, 0, 1, 0, 2, 3, 1, 1, 2, 2, 0, 1, 1,
       1, 3, 3, 0, 2, 3, 2, 2, 3, 0, 2, 0, 2, 3, 1, 3, 1, 1, 1, 0, 2, 0,
       2, 1, 2, 3, 3, 1, 2, 0, 2, 0, 1, 3, 0, 1, 2, 1, 3, 3, 3, 2, 3, 0,
       1, 0, 0, 3, 2, 3, 1, 0, 1, 2, 2, 2, 3, 0, 3, 2, 1, 2, 2, 3, 3, 3,
       2, 0, 3, 2, 2, 1, 0, 2, 1, 2, 1, 2, 2, 2, 3, 2, 3, 3, 2, 0, 3, 3,
       0, 2, 1, 1, 1, 3, 2, 0, 3, 1, 3, 1, 3, 0, 2, 0, 3, 1, 3, 0, 0, 0,
       0, 3, 0, 1, 3, 1, 3, 0, 3, 1, 3, 3, 3, 2, 3, 3, 2, 0, 0, 0, 3, 0,
       1, 1, 1, 1, 2, 2, 2, 2, 1, 1, 2, 2, 0, 2, 1, 3, 0, 0, 0, 1, 1, 3,
       3, 0, 0, 3, 3, 2, 2, 0, 3, 0, 3, 2, 0, 3, 2, 3, 1, 2, 3, 2, 2, 1,
       2, 2, 1, 2, 2, 1, 0, 2, 0, 2, 2, 3, 3, 1, 3, 3, 3, 3, 2, 2, 2, 3,
       1, 3, 0, 0, 1, 1, 1, 1, 0, 0, 2, 2, 0, 0, 2, 3, 2, 2, 0, 2, 3, 3,
       3, 0, 3, 3, 0, 0, 3, 0, 0, 0, 3, 1, 2, 2, 3, 3, 1, 2, 0, 3, 1, 3,
       2, 1, 0, 2, 2, 3, 0, 3, 2, 3, 0, 3, 1, 0, 3, 1, 1, 1, 2, 2, 3, 3,
       0, 3, 2, 0, 0, 3, 2, 0, 2, 1, 2, 1, 3, 2, 1, 2, 2, 0, 3, 1, 2, 0,
       1, 3, 2, 3, 3, 1, 0, 0, 2, 2, 1, 2, 3, 1, 2, 0, 2, 0, 0, 0, 0, 1,
       2, 1, 0, 2, 1, 2, 1, 3, 3, 1, 1, 3, 0, 1, 1, 1, 1, 0, 3, 0, 0, 2,
       0, 2, 3, 3, 1, 1, 0, 2, 3, 2, 2, 1, 1, 1, 3, 1, 1, 1, 0, 0, 2, 2,
       0, 0, 3, 2, 2, 2, 2, 2, 1, 1, 3, 1, 1, 0, 0, 1, 1, 0, 2, 3, 1, 0,
       3, 0, 2, 2, 0, 1, 0, 3, 2, 1, 0, 0, 2, 2, 1, 1, 2, 3, 2, 1, 2, 2,
       0, 3, 1, 1, 3, 0, 1, 0, 2, 2, 1, 2, 1, 0, 1, 0, 2, 2, 0, 1, 2, 0,
       3, 1, 1, 2, 2, 3, 1, 2, 3, 1, 2, 0, 2, 2, 2, 3, 1, 0, 2, 1, 1, 0,
       0, 0, 1, 0, 1, 0, 1, 3, 0, 0, 3, 3, 3, 0, 1, 1, 0, 1, 3, 3, 1, 0,
       2, 1, 1, 3, 3, 2, 3, 3, 1, 1, 3, 1, 3, 3, 1, 3, 1, 2, 2, 2, 0, 2,
       1, 1, 2, 2, 1, 3, 2, 3, 1, 1, 3, 3, 1, 0, 1, 0, 2, 1, 0, 1, 2, 3,
       2, 3, 0, 1, 1, 2, 2, 2, 3, 2, 1, 1, 2, 2, 2, 0, 2, 0, 0, 2, 2, 3,
       3, 1, 3, 2, 2, 0, 1, 3, 2, 3, 0, 2, 0, 1, 1, 0, 3, 2, 2, 3, 0, 0,
       1, 2, 3, 3, 0, 1, 0, 0, 2, 3, 1, 3, 2, 2, 2, 1, 3, 2, 2, 0, 2, 3,
       1, 2, 1, 1, 0, 1, 1, 0, 2, 1, 0, 3, 1, 3, 3, 0, 3, 0, 0, 1, 0, 1,
       3, 3, 1, 2, 3, 1, 0, 0, 3, 1, 2, 3, 1, 0, 1, 3, 3, 1, 1, 1, 2, 2,
       3, 3, 1, 3, 1, 2, 1, 0, 1, 3, 1, 1, 2, 1, 0, 0, 1, 0, 1, 0, 1, 2,
       2, 3, 1, 3, 1, 3, 1, 0, 3, 2, 0, 1, 1, 3, 0, 2, 0, 1, 0, 0, 0, 1,
       0, 1, 0, 0, 0, 0, 1, 0, 1, 1, 2, 2, 1, 2, 0, 0, 0, 3, 0, 3, 0, 3,
       1, 2, 1, 1, 1, 0, 1, 3, 3, 2, 3, 2, 3, 1, 2, 2, 2, 1, 3, 2, 3, 1,
       3, 0, 1, 0, 1, 3, 0, 1, 3, 1, 2, 2, 0, 2, 0, 2, 3, 1, 1, 3, 1, 2,
       3, 2, 2, 2, 2, 2, 1, 1, 0, 3, 2, 3, 0, 3, 2, 0, 2, 3, 2, 1, 1, 3,
       1, 3, 3, 3, 2, 1, 1, 3, 2, 0, 0, 2, 1, 3, 2, 2, 0, 0, 1, 1, 0, 1,
       1, 3, 1, 1, 3, 0, 1, 3, 0, 0, 2, 0, 3, 3, 1, 3, 0, 1, 1, 0, 3, 3,
       0, 0, 3, 0, 0, 1, 0, 2, 3, 0, 2, 2, 3, 0, 2, 1, 0, 0, 0, 1, 0, 0,
       0, 1, 1, 1, 0, 2, 3, 0, 1, 2, 3, 2, 2, 2, 3, 3, 0, 3, 0, 0],
      dtype=object)]
[7, array([-3998.72314453, -1999.36157227, -1999.36157227,     0.        ]), array([0, 2, 2, 3, 0, 3, 3, 1, 1, 0, 0, 1, 3, 0, 2, 0, 2, 0, 0, 1, 3, 2,
       0, 3, 0, 2, 0, 0, 0, 2, 1, 1, 2, 0, 0, 2, 2, 1, 1, 3, 2, 2, 0, 0,
       2, 2, 1, 3, 2, 0, 2, 2, 1, 2, 3, 1, 1, 2, 0, 1, 2, 0, 3, 1, 1, 3,
       2, 1, 2, 1, 1, 3, 0, 0, 1, 3, 2, 1, 0, 3, 0, 3, 2, 2, 3, 1, 3, 2,
       1, 1, 2, 3, 1, 1, 2, 0, 3, 2, 0, 2, 2, 2, 1, 1, 1, 1, 0, 1, 0, 2,
       3, 3, 3, 1, 0, 1, 0, 2, 3, 1, 0, 1, 0, 2, 3, 1, 1, 2, 2, 0, 1, 1,
       1, 3, 3, 0, 2, 3, 2, 2, 3, 0, 2, 0, 2, 3, 1, 3, 1, 1, 1, 0, 2, 0,
       2, 1, 2, 3, 3, 1, 2, 0, 2, 0, 1, 3, 0, 1, 2, 1, 3, 3, 3, 2, 3, 0,
       1, 0, 0, 3, 2, 3, 1, 0, 1, 2, 2, 2, 3, 0, 3, 2, 1, 2, 2, 3, 3, 3,
       2, 0, 3, 2, 2, 1, 0, 2, 1, 2, 1, 2, 2, 2, 3, 2, 3, 3, 2, 0, 3, 3,
       0, 2, 1, 1, 1, 3, 2, 0, 3, 1, 3, 1, 3, 0, 2, 0, 3, 1, 3, 0, 0, 0,
       0, 3, 0, 1, 3, 1, 3, 0, 3, 1, 3, 3, 3, 2, 3, 3, 2, 0, 0, 0, 3, 0,
       1, 1, 1, 1, 2, 2, 2, 2, 1, 1, 2, 2, 0, 2, 1, 3, 0, 0, 0, 1, 1, 3,
       3, 0, 0, 3, 3, 2, 2, 0, 3, 0, 3, 2, 0, 3, 2, 3, 1, 2, 3, 2, 2, 1,
       2, 2, 1, 2, 2, 1, 0, 2, 0, 2, 2, 3, 3, 1, 3, 3, 3, 3, 2, 2, 2, 3,
       1, 3, 0, 0, 1, 1, 1, 1, 0, 0, 2, 2, 0, 0, 2, 3, 2, 2, 0, 2, 3, 3,
       3, 0, 3, 3, 0, 0, 3, 0, 0, 0, 3, 1, 2, 2, 3, 3, 1, 2, 0, 3, 1, 3,
       2, 1, 0, 2, 2, 3, 0, 3, 2, 3, 0, 3, 1, 0, 3, 1, 1, 1, 2, 2, 3, 3,
       0, 3, 2, 0, 0, 3, 2, 0, 2, 1, 2, 1, 3, 2, 1, 2, 2, 0, 3, 1, 2, 0,
       1, 3, 2, 3, 3, 1, 0, 0, 2, 2, 1, 2, 3, 1, 2, 0, 2, 0, 0, 0, 0, 1,
       2, 1, 0, 2, 1, 2, 1, 3, 3, 1, 1, 3, 0, 1, 1, 1, 1, 0, 3, 0, 0, 2,
       0, 2, 3, 3, 1, 1, 0, 2, 3, 2, 2, 1, 1, 1, 3, 1, 1, 1, 0, 0, 2, 2,
       0, 0, 3, 2, 2, 2, 2, 2, 1, 1, 3, 1, 1, 0, 0, 1, 1, 0, 2, 3, 1, 0,
       3, 0, 2, 2, 0, 1, 0, 3, 2, 1, 0, 0, 2, 2, 1, 1, 2, 3, 2, 1, 2, 2,
       0, 3, 1, 1, 3, 0, 1, 0, 2, 2, 1, 2, 1, 0, 1, 0, 2, 2, 0, 1, 2, 0,
       3, 1, 1, 2, 2, 3, 1, 2, 3, 1, 2, 0, 2, 2, 2, 3, 1, 0, 2, 1, 1, 0,
       0, 0, 1, 0, 1, 0, 1, 3, 0, 0, 3, 3, 3, 0, 1, 1, 0, 1, 3, 3, 1, 0,
       2, 1, 1, 3, 3, 2, 3, 3, 1, 1, 3, 1, 3, 3, 1, 3, 1, 2, 2, 2, 0, 2,
       1, 1, 2, 2, 1, 3, 2, 3, 1, 1, 3, 3, 1, 0, 1, 0, 2, 1, 0, 1, 2, 3,
       2, 3, 0, 1, 1, 2, 2, 2, 3, 2, 1, 1, 2, 2, 2, 0, 2, 0, 0, 2, 2, 3,
       3, 1, 3, 2, 2, 0, 1, 3, 2, 3, 0, 2, 0, 1, 1, 0, 3, 2, 2, 3, 0, 0,
       1, 2, 3, 3, 0, 1, 0, 0, 2, 3, 1, 3, 2, 2, 2, 1, 3, 2, 2, 0, 2, 3,
       1, 2, 1, 1, 0, 1, 1, 0, 2, 1, 0, 3, 1, 3, 3, 0, 3, 0, 0, 1, 0, 1,
       3, 3, 1, 2, 3, 1, 0, 0, 3, 1, 2, 3, 1, 0, 1, 3, 3, 1, 1, 1, 2, 2,
       3, 3, 1, 3, 1, 2, 1, 0, 1, 3, 1, 1, 2, 1, 0, 0, 1, 0, 1, 0, 1, 2,
       2, 3, 1, 3, 1, 3, 1, 0, 3, 2, 0, 1, 1, 3, 0, 2, 0, 1, 0, 0, 0, 1,
       0, 1, 0, 0, 0, 0, 1, 0, 1, 1, 2, 2, 1, 2, 0, 0, 0, 3, 0, 3, 0, 3,
       1, 2, 1, 1, 1, 0, 1, 3, 3, 2, 3, 2, 3, 1, 2, 2, 2, 1, 3, 2, 3, 1,
       3, 0, 1, 0, 1, 3, 0, 1, 3, 1, 2, 2, 0, 2, 0, 2, 3, 1, 1, 3, 1, 2,
       3, 2, 2, 2, 2, 2, 1, 1, 0, 3, 2, 3, 0, 3, 2, 0, 2, 3, 2, 1, 1, 3,
       1, 3, 3, 3, 2, 1, 1, 3, 2, 0, 0, 2, 1, 3, 2, 2, 0, 0, 1, 1, 0, 1,
       1, 3, 1, 1, 3, 0, 1, 3, 0, 0, 2, 0, 3, 3, 1, 3, 0, 1, 1, 0, 3, 3,
       0, 0, 3, 0, 0, 1, 0, 2, 3, 0, 2, 2, 3, 0, 2, 1, 0, 0, 0, 1, 0, 0,
       0, 1, 1, 1, 0, 2, 3, 0, 1, 2, 3, 2, 2, 2, 3, 3, 0, 3, 0, 0],
      dtype=object)]
[8, array([-1.17291164, -0.58645582, -0.58645582,  0.        ]), array([0, 3, 2, 2, 0, 3, 0, 1, 2, 2, 2, 2, 1, 1, 1, 1, 2, 0, 1, 2, 3, 2,
       3, 0, 0, 0, 2, 1, 0, 0, 3, 2, 2, 1, 2, 2, 0, 0, 1, 3, 0, 1, 2, 0,
       3, 0, 1, 3, 1, 2, 3, 0, 0, 0, 2, 0, 1, 3, 0, 1, 2, 2, 0, 0, 3, 0,
       2, 1, 0, 0, 1, 3, 3, 2, 0, 0, 1, 2, 1, 3, 2, 1, 2, 2, 3, 0, 2, 1,
       0, 2, 2, 3, 2, 1, 3, 2, 1, 3, 0, 2, 3, 3, 3, 0, 2, 0, 1, 3, 1, 0,
       2, 2, 1, 2, 1, 3, 2, 3, 1, 2, 2, 2, 3, 3, 2, 1, 2, 3, 0, 0, 3, 1,
       0, 1, 3, 1, 1, 0, 0, 1, 3, 1, 2, 1, 3, 2, 1, 3, 0, 0, 1, 3, 2, 0,
       3, 0, 0, 0, 2, 1, 0, 0, 1, 0, 3, 3, 0, 3, 2, 1, 2, 2, 3, 2, 3, 0,
       2, 1, 2, 2, 0, 2, 1, 0, 3, 1, 0, 1, 3, 1, 3, 1, 0, 3, 2, 1, 3, 3,
       0, 1, 2, 2, 2, 1, 1, 1, 2, 2, 0, 3, 2, 1, 0, 0, 0, 0, 0, 3, 2, 1,
       2, 2, 0, 2, 1, 2, 3, 1, 2, 1, 1, 1, 3, 1, 2, 2, 2, 2, 0, 3, 2, 1,
       0, 0, 1, 2, 1, 2, 0, 2, 1, 0, 1, 3, 2, 0, 3, 2, 2, 0, 3, 1, 3, 0,
       2, 3, 3, 0, 1, 3, 3, 2, 3, 0, 3, 2, 3, 3, 1, 1, 0, 3, 1, 3, 3, 0,
       2, 0, 2, 1, 3, 1, 0, 3, 1, 0, 3, 1, 3, 2, 2, 1, 0, 1, 0, 1, 2, 2,
       3, 0, 2, 3, 1, 2, 3, 0, 1, 0, 3, 3, 0, 0, 1, 1, 0, 1, 2, 0, 2, 2,
       2, 2, 2, 2, 3, 0, 0, 3, 1, 0, 2, 3, 0, 0, 0, 2, 3, 3, 0, 0, 0, 3,
       2, 1, 1, 2, 1, 1, 0, 3, 0, 1, 1, 0, 2, 3, 2, 0, 3, 1, 1, 3, 2, 1,
       0, 0, 1, 2, 1, 0, 3, 1, 3, 0, 2, 3, 3, 3, 1, 1, 0, 1, 1, 1, 0, 0,
       2, 1, 3, 2, 1, 1, 0, 3, 2, 0, 0, 0, 2, 3, 0, 1, 3, 1, 1, 2, 1, 2,
       0, 1, 3, 3, 0, 2, 2, 3, 0, 0, 1, 2, 0, 1, 1, 3, 1, 0, 2, 3, 0, 3,
       3, 1, 0, 0, 3, 1, 1, 3, 1, 2, 2, 0, 0, 0, 1, 1, 2, 3, 3, 3, 1, 2,
       0, 3, 1, 1, 2, 3, 1, 1, 3, 3, 2, 0, 0, 3, 0, 2, 2, 2, 0, 3, 1, 2,
       2, 0, 1, 2, 0, 3, 0, 0, 1, 1, 2, 1, 1, 2, 3, 1, 0, 1, 0, 3, 3, 0,
       0, 3, 3, 3, 0, 3, 0, 2, 1, 3, 2, 0, 0, 3, 0, 3, 1, 2, 0, 3, 2, 0,
       2, 3, 3, 3, 3, 0, 0, 0, 1, 3, 1, 0, 3, 0, 3, 2, 0, 3, 3, 0, 3, 0,
       3, 2, 1, 2, 1, 3, 3, 3, 1, 1, 2, 1, 0, 0, 1, 2, 1, 1, 1, 1, 2, 1,
       0, 2, 1, 0, 3, 0, 3, 3, 3, 1, 3, 0, 1, 1, 3, 1, 3, 3, 3, 3, 0, 0,
       2, 3, 2, 0, 0, 1, 3, 1, 0, 1, 2, 1, 0, 0, 1, 2, 2, 2, 1, 0, 0, 2,
       0, 2, 0, 1, 2, 0, 2, 1, 1, 2, 2, 1, 2, 1, 1, 3, 2, 3, 0, 3, 0, 2,
       1, 1, 2, 1, 2, 1, 1, 3, 0, 2, 1, 3, 0, 2, 1, 1, 0, 3, 2, 1, 1, 0,
       2, 3, 2, 3, 1, 3, 3, 2, 1, 3, 0, 0, 1, 0, 1, 3, 1, 2, 3, 1, 3, 0,
       3, 3, 1, 3, 3, 2, 2, 0, 2, 2, 0, 0, 3, 3, 0, 3, 2, 2, 3, 1, 0, 1,
       0, 1, 0, 2, 2, 2, 0, 2, 0, 0, 3, 1, 3, 3, 1, 3, 2, 1, 1, 2, 3, 0,
       2, 1, 3, 1, 3, 2, 0, 0, 3, 1, 3, 1, 3, 3, 2, 0, 1, 1, 3, 3, 3, 1,
       1, 0, 2, 2, 3, 2, 3, 3, 1, 3, 1, 2, 0, 3, 2, 1, 1, 3, 2, 2, 2, 0,
       2, 1, 2, 3, 2, 3, 3, 2, 0, 3, 2, 0, 1, 1, 0, 2, 2, 1, 0, 2, 2, 2,
       3, 3, 3, 1, 1, 3, 0, 1, 3, 1, 3, 0, 0, 3, 0, 0, 3, 2, 3, 3, 1, 3,
       0, 0, 3, 0, 3, 0, 3, 1, 0, 0, 0, 1, 2, 1, 3, 1, 3, 2, 1, 0, 3, 0,
       3, 3, 3, 1, 3, 0, 3, 2, 3, 2, 2, 0, 2, 0, 0, 1, 1, 1, 3, 2, 3, 1,
       3, 2, 2, 2, 2, 2, 1, 1, 0, 1, 2, 1, 0, 2, 3, 2, 1, 0, 3, 3, 3, 2,
       0, 2, 0, 3, 1, 0, 2, 1, 1, 1, 3, 1, 3, 0, 2, 0, 1, 3, 1, 2, 3, 2,
       0, 1, 2, 2, 3, 2, 2, 1, 3, 2, 0, 0, 3, 1, 0, 0, 2, 2, 3, 2, 2, 1,
       0, 1, 2, 3, 0, 0, 1, 3, 0, 0, 0, 1, 0, 2, 1, 2, 1, 3, 2, 3, 0, 0,
       0, 2, 2, 1, 2, 2, 3, 1, 2, 1, 3, 3, 3, 3, 2, 1, 1, 0, 1, 0],
      dtype=object)]
[8, array([-1.17291164, -0.58645582, -0.58645582,  0.        ]), array([0, 3, 2, 2, 0, 3, 0, 1, 2, 2, 2, 2, 1, 1, 1, 1, 2, 0, 1, 2, 3, 2,
       3, 0, 0, 0, 2, 1, 0, 0, 3, 2, 2, 1, 2, 2, 0, 0, 1, 3, 0, 1, 2, 0,
       3, 0, 1, 3, 1, 2, 3, 0, 0, 0, 2, 0, 1, 3, 0, 1, 2, 2, 0, 0, 3, 0,
       2, 1, 0, 0, 1, 3, 3, 2, 0, 0, 1, 2, 1, 3, 2, 1, 2, 2, 3, 0, 2, 1,
       0, 2, 2, 3, 2, 1, 3, 2, 1, 3, 0, 2, 3, 3, 3, 0, 2, 0, 1, 3, 1, 0,
       2, 2, 1, 2, 1, 3, 2, 3, 1, 2, 2, 2, 3, 3, 2, 1, 2, 3, 0, 0, 3, 1,
       0, 1, 3, 1, 1, 0, 0, 1, 3, 1, 2, 1, 3, 2, 1, 3, 0, 0, 1, 3, 2, 0,
       3, 0, 0, 0, 2, 1, 0, 0, 1, 0, 3, 3, 0, 3, 2, 1, 2, 2, 3, 2, 3, 0,
       2, 1, 2, 2, 0, 2, 1, 0, 3, 1, 0, 1, 3, 1, 3, 1, 0, 3, 2, 1, 3, 3,
       0, 1, 2, 2, 2, 1, 1, 1, 2, 2, 0, 3, 2, 1, 0, 0, 0, 0, 0, 3, 2, 1,
       2, 2, 0, 2, 1, 2, 3, 1, 2, 1, 1, 1, 3, 1, 2, 2, 2, 2, 0, 3, 2, 1,
       0, 0, 1, 2, 1, 2, 0, 2, 1, 0, 1, 3, 2, 0, 3, 2, 2, 0, 3, 1, 3, 0,
       2, 3, 3, 0, 1, 3, 3, 2, 3, 0, 3, 2, 3, 3, 1, 1, 0, 3, 1, 3, 3, 0,
       2, 0, 2, 1, 3, 1, 0, 3, 1, 0, 3, 1, 3, 2, 2, 1, 0, 1, 0, 1, 2, 2,
       3, 0, 2, 3, 1, 2, 3, 0, 1, 0, 3, 3, 0, 0, 1, 1, 0, 1, 2, 0, 2, 2,
       2, 2, 2, 2, 3, 0, 0, 3, 1, 0, 2, 3, 0, 0, 0, 2, 3, 3, 0, 0, 0, 3,
       2, 1, 1, 2, 1, 1, 0, 3, 0, 1, 1, 0, 2, 3, 2, 0, 3, 1, 1, 3, 2, 1,
       0, 0, 1, 2, 1, 0, 3, 1, 3, 0, 2, 3, 3, 3, 1, 1, 0, 1, 1, 1, 0, 0,
       2, 1, 3, 2, 1, 1, 0, 3, 2, 0, 0, 0, 2, 3, 0, 1, 3, 1, 1, 2, 1, 2,
       0, 1, 3, 3, 0, 2, 2, 3, 0, 0, 1, 2, 0, 1, 1, 3, 1, 0, 2, 3, 0, 3,
       3, 1, 0, 0, 3, 1, 1, 3, 1, 2, 2, 0, 0, 0, 1, 1, 2, 3, 3, 3, 1, 2,
       0, 3, 1, 1, 2, 3, 1, 1, 3, 3, 2, 0, 0, 3, 0, 2, 2, 2, 0, 3, 1, 2,
       2, 0, 1, 2, 0, 3, 0, 0, 1, 1, 2, 1, 1, 2, 3, 1, 0, 1, 0, 3, 3, 0,
       0, 3, 3, 3, 0, 3, 0, 2, 1, 3, 2, 0, 0, 3, 0, 3, 1, 2, 0, 3, 2, 0,
       2, 3, 3, 3, 3, 0, 0, 0, 1, 3, 1, 0, 3, 0, 3, 2, 0, 3, 3, 0, 3, 0,
       3, 2, 1, 2, 1, 3, 3, 3, 1, 1, 2, 1, 0, 0, 1, 2, 1, 1, 1, 1, 2, 1,
       0, 2, 1, 0, 3, 0, 3, 3, 3, 1, 3, 0, 1, 1, 3, 1, 3, 3, 3, 3, 0, 0,
       2, 3, 2, 0, 0, 1, 3, 1, 0, 1, 2, 1, 0, 0, 1, 2, 2, 2, 1, 0, 0, 2,
       0, 2, 0, 1, 2, 0, 2, 1, 1, 2, 2, 1, 2, 1, 1, 3, 2, 3, 0, 3, 0, 2,
       1, 1, 2, 1, 2, 1, 1, 3, 0, 2, 1, 3, 0, 2, 1, 1, 0, 3, 2, 1, 1, 0,
       2, 3, 2, 3, 1, 3, 3, 2, 1, 3, 0, 0, 1, 0, 1, 3, 1, 2, 3, 1, 3, 0,
       3, 3, 1, 3, 3, 2, 2, 0, 2, 2, 0, 0, 3, 3, 0, 3, 2, 2, 3, 1, 0, 1,
       0, 1, 0, 2, 2, 2, 0, 2, 0, 0, 3, 1, 3, 3, 1, 3, 2, 1, 1, 2, 3, 0,
       2, 1, 3, 1, 3, 2, 0, 0, 3, 1, 3, 1, 3, 3, 2, 0, 1, 1, 3, 3, 3, 1,
       1, 0, 2, 2, 3, 2, 3, 3, 1, 3, 1, 2, 0, 3, 2, 1, 1, 3, 2, 2, 2, 0,
       2, 1, 2, 3, 2, 3, 3, 2, 0, 3, 2, 0, 1, 1, 0, 2, 2, 1, 0, 2, 2, 2,
       3, 3, 3, 1, 1, 3, 0, 1, 3, 1, 3, 0, 0, 3, 0, 0, 3, 2, 3, 3, 1, 3,
       0, 0, 3, 0, 3, 0, 3, 1, 0, 0, 0, 1, 2, 1, 3, 1, 3, 2, 1, 0, 3, 0,
       3, 3, 3, 1, 3, 0, 3, 2, 3, 2, 2, 0, 2, 0, 0, 1, 1, 1, 3, 2, 3, 1,
       3, 2, 2, 2, 2, 2, 1, 1, 0, 1, 2, 1, 0, 2, 3, 2, 1, 0, 3, 3, 3, 2,
       0, 2, 0, 3, 1, 0, 2, 1, 1, 1, 3, 1, 3, 0, 2, 0, 1, 3, 1, 2, 3, 2,
       0, 1, 2, 2, 3, 2, 2, 1, 3, 2, 0, 0, 3, 1, 0, 0, 2, 2, 3, 2, 2, 1,
       0, 1, 2, 3, 0, 0, 1, 3, 0, 0, 0, 1, 0, 2, 1, 2, 1, 3, 2, 3, 0, 0,
       0, 2, 2, 1, 2, 2, 3, 1, 2, 1, 3, 3, 3, 3, 2, 1, 1, 0, 1, 0],
      dtype=object)]
[8, array([-1.17291164, -0.58645582, -0.58645582,  0.        ]), array([0, 3, 2, 2, 0, 3, 0, 1, 2, 2, 2, 2, 1, 1, 1, 1, 2, 0, 1, 2, 3, 2,
       3, 0, 0, 0, 2, 1, 0, 0, 3, 2, 2, 1, 2, 2, 0, 0, 1, 3, 0, 1, 2, 0,
       3, 0, 1, 3, 1, 2, 3, 0, 0, 0, 2, 0, 1, 3, 0, 1, 2, 2, 0, 0, 3, 0,
       2, 1, 0, 0, 1, 3, 3, 2, 0, 0, 1, 2, 1, 3, 2, 1, 2, 2, 3, 0, 2, 1,
       0, 2, 2, 3, 2, 1, 3, 2, 1, 3, 0, 2, 3, 3, 3, 0, 2, 0, 1, 3, 1, 0,
       2, 2, 1, 2, 1, 3, 2, 3, 1, 2, 2, 2, 3, 3, 2, 1, 2, 3, 0, 0, 3, 1,
       0, 1, 3, 1, 1, 0, 0, 1, 3, 1, 2, 1, 3, 2, 1, 3, 0, 0, 1, 3, 2, 0,
       3, 0, 0, 0, 2, 1, 0, 0, 1, 0, 3, 3, 0, 3, 2, 1, 2, 2, 3, 2, 3, 0,
       2, 1, 2, 2, 0, 2, 1, 0, 3, 1, 0, 1, 3, 1, 3, 1, 0, 3, 2, 1, 3, 3,
       0, 1, 2, 2, 2, 1, 1, 1, 2, 2, 0, 3, 2, 1, 0, 0, 0, 0, 0, 3, 2, 1,
       2, 2, 0, 2, 1, 2, 3, 1, 2, 1, 1, 1, 3, 1, 2, 2, 2, 2, 0, 3, 2, 1,
       0, 0, 1, 2, 1, 2, 0, 2, 1, 0, 1, 3, 2, 0, 3, 2, 2, 0, 3, 1, 3, 0,
       2, 3, 3, 0, 1, 3, 3, 2, 3, 0, 3, 2, 3, 3, 1, 1, 0, 3, 1, 3, 3, 0,
       2, 0, 2, 1, 3, 1, 0, 3, 1, 0, 3, 1, 3, 2, 2, 1, 0, 1, 0, 1, 2, 2,
       3, 0, 2, 3, 1, 2, 3, 0, 1, 0, 3, 3, 0, 0, 1, 1, 0, 1, 2, 0, 2, 2,
       2, 2, 2, 2, 3, 0, 0, 3, 1, 0, 2, 3, 0, 0, 0, 2, 3, 3, 0, 0, 0, 3,
       2, 1, 1, 2, 1, 1, 0, 3, 0, 1, 1, 0, 2, 3, 2, 0, 3, 1, 1, 3, 2, 1,
       0, 0, 1, 2, 1, 0, 3, 1, 3, 0, 2, 3, 3, 3, 1, 1, 0, 1, 1, 1, 0, 0,
       2, 1, 3, 2, 1, 1, 0, 3, 2, 0, 0, 0, 2, 3, 0, 1, 3, 1, 1, 2, 1, 2,
       0, 1, 3, 3, 0, 2, 2, 3, 0, 0, 1, 2, 0, 1, 1, 3, 1, 0, 2, 3, 0, 3,
       3, 1, 0, 0, 3, 1, 1, 3, 1, 2, 2, 0, 0, 0, 1, 1, 2, 3, 3, 3, 1, 2,
       0, 3, 1, 1, 2, 3, 1, 1, 3, 3, 2, 0, 0, 3, 0, 2, 2, 2, 0, 3, 1, 2,
       2, 0, 1, 2, 0, 3, 0, 0, 1, 1, 2, 1, 1, 2, 3, 1, 0, 1, 0, 3, 3, 0,
       0, 3, 3, 3, 0, 3, 0, 2, 1, 3, 2, 0, 0, 3, 0, 3, 1, 2, 0, 3, 2, 0,
       2, 3, 3, 3, 3, 0, 0, 0, 1, 3, 1, 0, 3, 0, 3, 2, 0, 3, 3, 0, 3, 0,
       3, 2, 1, 2, 1, 3, 3, 3, 1, 1, 2, 1, 0, 0, 1, 2, 1, 1, 1, 1, 2, 1,
       0, 2, 1, 0, 3, 0, 3, 3, 3, 1, 3, 0, 1, 1, 3, 1, 3, 3, 3, 3, 0, 0,
       2, 3, 2, 0, 0, 1, 3, 1, 0, 1, 2, 1, 0, 0, 1, 2, 2, 2, 1, 0, 0, 2,
       0, 2, 0, 1, 2, 0, 2, 1, 1, 2, 2, 1, 2, 1, 1, 3, 2, 3, 0, 3, 0, 2,
       1, 1, 2, 1, 2, 1, 1, 3, 0, 2, 1, 3, 0, 2, 1, 1, 0, 3, 2, 1, 1, 0,
       2, 3, 2, 3, 1, 3, 3, 2, 1, 3, 0, 0, 1, 0, 1, 3, 1, 2, 3, 1, 3, 0,
       3, 3, 1, 3, 3, 2, 2, 0, 2, 2, 0, 0, 3, 3, 0, 3, 2, 2, 3, 1, 0, 1,
       0, 1, 0, 2, 2, 2, 0, 2, 0, 0, 3, 1, 3, 3, 1, 3, 2, 1, 1, 2, 3, 0,
       2, 1, 3, 1, 3, 2, 0, 0, 3, 1, 3, 1, 3, 3, 2, 0, 1, 1, 3, 3, 3, 1,
       1, 0, 2, 2, 3, 2, 3, 3, 1, 3, 1, 2, 0, 3, 2, 1, 1, 3, 2, 2, 2, 0,
       2, 1, 2, 3, 2, 3, 3, 2, 0, 3, 2, 0, 1, 1, 0, 2, 2, 1, 0, 2, 2, 2,
       3, 3, 3, 1, 1, 3, 0, 1, 3, 1, 3, 0, 0, 3, 0, 0, 3, 2, 3, 3, 1, 3,
       0, 0, 3, 0, 3, 0, 3, 1, 0, 0, 0, 1, 2, 1, 3, 1, 3, 2, 1, 0, 3, 0,
       3, 3, 3, 1, 3, 0, 3, 2, 3, 2, 2, 0, 2, 0, 0, 1, 1, 1, 3, 2, 3, 1,
       3, 2, 2, 2, 2, 2, 1, 1, 0, 1, 2, 1, 0, 2, 3, 2, 1, 0, 3, 3, 3, 2,
       0, 2, 0, 3, 1, 0, 2, 1, 1, 1, 3, 1, 3, 0, 2, 0, 1, 3, 1, 2, 3, 2,
       0, 1, 2, 2, 3, 2, 2, 1, 3, 2, 0, 0, 3, 1, 0, 0, 2, 2, 3, 2, 2, 1,
       0, 1, 2, 3, 0, 0, 1, 3, 0, 0, 0, 1, 0, 2, 1, 2, 1, 3, 2, 3, 0, 0,
       0, 2, 2, 1, 2, 2, 3, 1, 2, 1, 3, 3, 3, 3, 2, 1, 1, 0, 1, 0],
      dtype=object)]
[8, array([-1.17291164, -0.58645582, -0.58645582,  0.        ]), array([0, 3, 2, 2, 0, 3, 0, 1, 2, 2, 2, 2, 1, 1, 1, 1, 2, 0, 1, 2, 3, 2,
       3, 0, 0, 0, 2, 1, 0, 0, 3, 2, 2, 1, 2, 2, 0, 0, 1, 3, 0, 1, 2, 0,
       3, 0, 1, 3, 1, 2, 3, 0, 0, 0, 2, 0, 1, 3, 0, 1, 2, 2, 0, 0, 3, 0,
       2, 1, 0, 0, 1, 3, 3, 2, 0, 0, 1, 2, 1, 3, 2, 1, 2, 2, 3, 0, 2, 1,
       0, 2, 2, 3, 2, 1, 3, 2, 1, 3, 0, 2, 3, 3, 3, 0, 2, 0, 1, 3, 1, 0,
       2, 2, 1, 2, 1, 3, 2, 3, 1, 2, 2, 2, 3, 3, 2, 1, 2, 3, 0, 0, 3, 1,
       0, 1, 3, 1, 1, 0, 0, 1, 3, 1, 2, 1, 3, 2, 1, 3, 0, 0, 1, 3, 2, 0,
       3, 0, 0, 0, 2, 1, 0, 0, 1, 0, 3, 3, 0, 3, 2, 1, 2, 2, 3, 2, 3, 0,
       2, 1, 2, 2, 0, 2, 1, 0, 3, 1, 0, 1, 3, 1, 3, 1, 0, 3, 2, 1, 3, 3,
       0, 1, 2, 2, 2, 1, 1, 1, 2, 2, 0, 3, 2, 1, 0, 0, 0, 0, 0, 3, 2, 1,
       2, 2, 0, 2, 1, 2, 3, 1, 2, 1, 1, 1, 3, 1, 2, 2, 2, 2, 0, 3, 2, 1,
       0, 0, 1, 2, 1, 2, 0, 2, 1, 0, 1, 3, 2, 0, 3, 2, 2, 0, 3, 1, 3, 0,
       2, 3, 3, 0, 1, 3, 3, 2, 3, 0, 3, 2, 3, 3, 1, 1, 0, 3, 1, 3, 3, 0,
       2, 0, 2, 1, 3, 1, 0, 3, 1, 0, 3, 1, 3, 2, 2, 1, 0, 1, 0, 1, 2, 2,
       3, 0, 2, 3, 1, 2, 3, 0, 1, 0, 3, 3, 0, 0, 1, 1, 0, 1, 2, 0, 2, 2,
       2, 2, 2, 2, 3, 0, 0, 3, 1, 0, 2, 3, 0, 0, 0, 2, 3, 3, 0, 0, 0, 3,
       2, 1, 1, 2, 1, 1, 0, 3, 0, 1, 1, 0, 2, 3, 2, 0, 3, 1, 1, 3, 2, 1,
       0, 0, 1, 2, 1, 0, 3, 1, 3, 0, 2, 3, 3, 3, 1, 1, 0, 1, 1, 1, 0, 0,
       2, 1, 3, 2, 1, 1, 0, 3, 2, 0, 0, 0, 2, 3, 0, 1, 3, 1, 1, 2, 1, 2,
       0, 1, 3, 3, 0, 2, 2, 3, 0, 0, 1, 2, 0, 1, 1, 3, 1, 0, 2, 3, 0, 3,
       3, 1, 0, 0, 3, 1, 1, 3, 1, 2, 2, 0, 0, 0, 1, 1, 2, 3, 3, 3, 1, 2,
       0, 3, 1, 1, 2, 3, 1, 1, 3, 3, 2, 0, 0, 3, 0, 2, 2, 2, 0, 3, 1, 2,
       2, 0, 1, 2, 0, 3, 0, 0, 1, 1, 2, 1, 1, 2, 3, 1, 0, 1, 0, 3, 3, 0,
       0, 3, 3, 3, 0, 3, 0, 2, 1, 3, 2, 0, 0, 3, 0, 3, 1, 2, 0, 3, 2, 0,
       2, 3, 3, 3, 3, 0, 0, 0, 1, 3, 1, 0, 3, 0, 3, 2, 0, 3, 3, 0, 3, 0,
       3, 2, 1, 2, 1, 3, 3, 3, 1, 1, 2, 1, 0, 0, 1, 2, 1, 1, 1, 1, 2, 1,
       0, 2, 1, 0, 3, 0, 3, 3, 3, 1, 3, 0, 1, 1, 3, 1, 3, 3, 3, 3, 0, 0,
       2, 3, 2, 0, 0, 1, 3, 1, 0, 1, 2, 1, 0, 0, 1, 2, 2, 2, 1, 0, 0, 2,
       0, 2, 0, 1, 2, 0, 2, 1, 1, 2, 2, 1, 2, 1, 1, 3, 2, 3, 0, 3, 0, 2,
       1, 1, 2, 1, 2, 1, 1, 3, 0, 2, 1, 3, 0, 2, 1, 1, 0, 3, 2, 1, 1, 0,
       2, 3, 2, 3, 1, 3, 3, 2, 1, 3, 0, 0, 1, 0, 1, 3, 1, 2, 3, 1, 3, 0,
       3, 3, 1, 3, 3, 2, 2, 0, 2, 2, 0, 0, 3, 3, 0, 3, 2, 2, 3, 1, 0, 1,
       0, 1, 0, 2, 2, 2, 0, 2, 0, 0, 3, 1, 3, 3, 1, 3, 2, 1, 1, 2, 3, 0,
       2, 1, 3, 1, 3, 2, 0, 0, 3, 1, 3, 1, 3, 3, 2, 0, 1, 1, 3, 3, 3, 1,
       1, 0, 2, 2, 3, 2, 3, 3, 1, 3, 1, 2, 0, 3, 2, 1, 1, 3, 2, 2, 2, 0,
       2, 1, 2, 3, 2, 3, 3, 2, 0, 3, 2, 0, 1, 1, 0, 2, 2, 1, 0, 2, 2, 2,
       3, 3, 3, 1, 1, 3, 0, 1, 3, 1, 3, 0, 0, 3, 0, 0, 3, 2, 3, 3, 1, 3,
       0, 0, 3, 0, 3, 0, 3, 1, 0, 0, 0, 1, 2, 1, 3, 1, 3, 2, 1, 0, 3, 0,
       3, 3, 3, 1, 3, 0, 3, 2, 3, 2, 2, 0, 2, 0, 0, 1, 1, 1, 3, 2, 3, 1,
       3, 2, 2, 2, 2, 2, 1, 1, 0, 1, 2, 1, 0, 2, 3, 2, 1, 0, 3, 3, 3, 2,
       0, 2, 0, 3, 1, 0, 2, 1, 1, 1, 3, 1, 3, 0, 2, 0, 1, 3, 1, 2, 3, 2,
       0, 1, 2, 2, 3, 2, 2, 1, 3, 2, 0, 0, 3, 1, 0, 0, 2, 2, 3, 2, 2, 1,
       0, 1, 2, 3, 0, 0, 1, 3, 0, 0, 0, 1, 0, 2, 1, 2, 1, 3, 2, 3, 0, 0,
       0, 2, 2, 1, 2, 2, 3, 1, 2, 1, 3, 3, 3, 3, 2, 1, 1, 0, 1, 0],
      dtype=object)]
[9, array([0., 0., 0., 0.]), array([1, 3, 0, 1, 1, 3, 0, 1, 1, 1, 1, 1, 3, 0, 0, 3, 2, 3, 0, 3, 3, 3,
       0, 2, 0, 0, 3, 3, 2, 2, 2, 0, 1, 1, 0, 3, 2, 2, 2, 2, 3, 3, 0, 2,
       1, 3, 3, 0, 2, 1, 1, 1, 2, 0, 0, 3, 1, 3, 3, 1, 0, 3, 2, 0, 2, 2,
       2, 2, 2, 0, 1, 1, 0, 0, 2, 3, 1, 3, 2, 2, 2, 0, 0, 3, 3, 1, 1, 2,
       1, 3, 3, 0, 0, 0, 3, 0, 3, 2, 2, 0, 0, 0, 3, 2, 3, 1, 0, 1, 3, 0,
       1, 2, 3, 1, 1, 3, 1, 2, 1, 2, 0, 3, 2, 1, 2, 1, 0, 3, 1, 1, 0, 1,
       2, 1, 1, 2, 1, 3, 2, 1, 1, 0, 1, 2, 1, 3, 3, 1, 3, 2, 0, 0, 0, 0,
       1, 0, 0, 0, 3, 3, 0, 1, 2, 0, 0, 1, 2, 0, 2, 3, 2, 2, 1, 3, 0, 2,
       1, 1, 0, 0, 0, 1, 1, 0, 0, 3, 1, 3, 2, 0, 0, 0, 3, 0, 1, 2, 0, 3,
       0, 2, 1, 3, 3, 0, 3, 0, 1, 3, 0, 3, 3, 0, 2, 1, 3, 3, 3, 0, 3, 2,
       1, 2, 1, 2, 3, 0, 0, 3, 3, 0, 2, 0, 3, 0, 3, 1, 3, 1, 2, 1, 0, 3,
       3, 0, 1, 0, 1, 3, 0, 1, 2, 2, 1, 3, 0, 0, 1, 1, 0, 0, 2, 0, 3, 3,
       0, 2, 1, 0, 3, 3, 3, 2, 2, 0, 3, 1, 0, 2, 3, 0, 3, 3, 2, 0, 3, 0,
       3, 1, 0, 3, 0, 1, 0, 2, 0, 2, 1, 0, 2, 2, 1, 3, 0, 0, 3, 3, 2, 3,
       2, 3, 0, 2, 2, 3, 2, 3, 3, 3, 1, 1, 2, 3, 3, 0, 0, 2, 0, 0, 3, 3,
       1, 3, 0, 3, 3, 1, 3, 0, 1, 1, 0, 3, 0, 3, 0, 3, 1, 2, 1, 1, 1, 0,
       1, 1, 1, 2, 3, 1, 3, 0, 2, 1, 2, 2, 1, 3, 2, 1, 2, 3, 1, 3, 1, 0,
       2, 1, 2, 3, 3, 0, 1, 0, 0, 1, 1, 0, 3, 0, 0, 0, 1, 2, 2, 1, 2, 2,
       2, 0, 0, 3, 2, 1, 2, 0, 0, 1, 3, 0, 2, 0, 3, 0, 2, 0, 2, 3, 2, 0,
       2, 3, 3, 3, 2, 1, 3, 0, 3, 2, 0, 2, 0, 3, 1, 1, 3, 3, 2, 3, 1, 2,
       0, 0, 1, 3, 3, 1, 1, 3, 2, 3, 0, 2, 0, 2, 1, 3, 2, 0, 1, 1, 2, 2,
       0, 2, 0, 2, 0, 1, 1, 3, 0, 3, 2, 2, 1, 1, 3, 1, 3, 1, 0, 0, 2, 1,
       0, 2, 2, 2, 3, 2, 2, 1, 0, 3, 3, 2, 1, 0, 3, 1, 1, 2, 3, 3, 1, 1,
       3, 0, 2, 1, 0, 1, 3, 3, 0, 0, 1, 0, 2, 3, 0, 2, 3, 1, 2, 3, 1, 0,
       1, 2, 3, 1, 0, 3, 1, 0, 2, 0, 3, 2, 3, 3, 3, 2, 0, 0, 0, 1, 0, 0,
       2, 1, 1, 2, 2, 3, 0, 1, 1, 1, 0, 3, 1, 3, 3, 3, 1, 1, 0, 1, 1, 2,
       2, 0, 2, 1, 3, 0, 2, 2, 3, 0, 1, 0, 2, 2, 1, 1, 2, 0, 2, 3, 2, 1,
       1, 3, 0, 2, 0, 1, 0, 2, 0, 1, 0, 1, 2, 0, 0, 3, 1, 2, 2, 1, 2, 2,
       1, 1, 2, 2, 0, 3, 0, 1, 1, 3, 0, 1, 3, 1, 1, 2, 2, 2, 3, 2, 3, 2,
       1, 0, 3, 3, 2, 1, 0, 0, 0, 0, 2, 0, 1, 3, 1, 0, 1, 1, 2, 1, 3, 0,
       3, 1, 2, 3, 3, 1, 3, 2, 1, 2, 0, 3, 2, 3, 1, 2, 1, 3, 3, 1, 3, 0,
       1, 0, 3, 3, 3, 2, 2, 2, 0, 3, 2, 2, 0, 0, 2, 3, 3, 2, 1, 0, 3, 1,
       0, 1, 1, 0, 0, 3, 0, 0, 1, 3, 1, 1, 3, 3, 2, 2, 1, 2, 2, 1, 1, 1,
       0, 0, 0, 1, 2, 3, 3, 0, 0, 1, 1, 2, 0, 3, 0, 1, 2, 2, 3, 0, 0, 3,
       3, 0, 2, 0, 1, 3, 2, 3, 0, 3, 0, 0, 1, 2, 3, 2, 3, 1, 3, 3, 1, 1,
       3, 2, 3, 3, 1, 1, 3, 2, 0, 2, 2, 3, 3, 1, 1, 1, 3, 0, 2, 2, 2, 2,
       2, 2, 0, 1, 0, 1, 1, 2, 3, 0, 2, 1, 2, 2, 2, 2, 3, 0, 2, 2, 1, 0,
       2, 3, 2, 3, 3, 2, 3, 1, 0, 0, 2, 0, 3, 0, 1, 1, 1, 0, 0, 2, 3, 1,
       2, 2, 1, 3, 0, 2, 1, 0, 3, 2, 3, 1, 0, 0, 3, 2, 2, 3, 2, 1, 3, 3,
       2, 3, 1, 3, 1, 1, 3, 3, 3, 3, 1, 1, 1, 2, 1, 3, 1, 1, 3, 0, 1, 3,
       3, 3, 0, 0, 2, 0, 2, 2, 3, 2, 0, 3, 3, 0, 3, 2, 2, 1, 0, 1, 3, 1,
       3, 2, 0, 3, 1, 3, 3, 3, 3, 0, 1, 3, 0, 0, 3, 3, 1, 1, 2, 2, 1, 1,
       1, 1, 0, 3, 2, 3, 1, 3, 2, 2, 1, 2, 3, 1, 1, 2, 0, 0, 1, 2, 1, 3,
       1, 3, 0, 2, 2, 0, 0, 3, 2, 2, 2, 1, 3, 3, 1, 3, 2, 3, 0, 1],
      dtype=object)]
[9, array([0., 0., 0., 0.]), array([1, 3, 0, 1, 1, 3, 0, 1, 1, 1, 1, 1, 3, 0, 0, 3, 2, 3, 0, 3, 3, 3,
       0, 2, 0, 0, 3, 3, 2, 2, 2, 0, 1, 1, 0, 3, 2, 2, 2, 2, 3, 3, 0, 2,
       1, 3, 3, 0, 2, 1, 1, 1, 2, 0, 0, 3, 1, 3, 3, 1, 0, 3, 2, 0, 2, 2,
       2, 2, 2, 0, 1, 1, 0, 0, 2, 3, 1, 3, 2, 2, 2, 0, 0, 3, 3, 1, 1, 2,
       1, 3, 3, 0, 0, 0, 3, 0, 3, 2, 2, 0, 0, 0, 3, 2, 3, 1, 0, 1, 3, 0,
       1, 2, 3, 1, 1, 3, 1, 2, 1, 2, 0, 3, 2, 1, 2, 1, 0, 3, 1, 1, 0, 1,
       2, 1, 1, 2, 1, 3, 2, 1, 1, 0, 1, 2, 1, 3, 3, 1, 3, 2, 0, 0, 0, 0,
       1, 0, 0, 0, 3, 3, 0, 1, 2, 0, 0, 1, 2, 0, 2, 3, 2, 2, 1, 3, 0, 2,
       1, 1, 0, 0, 0, 1, 1, 0, 0, 3, 1, 3, 2, 0, 0, 0, 3, 0, 1, 2, 0, 3,
       0, 2, 1, 3, 3, 0, 3, 0, 1, 3, 0, 3, 3, 0, 2, 1, 3, 3, 3, 0, 3, 2,
       1, 2, 1, 2, 3, 0, 0, 3, 3, 0, 2, 0, 3, 0, 3, 1, 3, 1, 2, 1, 0, 3,
       3, 0, 1, 0, 1, 3, 0, 1, 2, 2, 1, 3, 0, 0, 1, 1, 0, 0, 2, 0, 3, 3,
       0, 2, 1, 0, 3, 3, 3, 2, 2, 0, 3, 1, 0, 2, 3, 0, 3, 3, 2, 0, 3, 0,
       3, 1, 0, 3, 0, 1, 0, 2, 0, 2, 1, 0, 2, 2, 1, 3, 0, 0, 3, 3, 2, 3,
       2, 3, 0, 2, 2, 3, 2, 3, 3, 3, 1, 1, 2, 3, 3, 0, 0, 2, 0, 0, 3, 3,
       1, 3, 0, 3, 3, 1, 3, 0, 1, 1, 0, 3, 0, 3, 0, 3, 1, 2, 1, 1, 1, 0,
       1, 1, 1, 2, 3, 1, 3, 0, 2, 1, 2, 2, 1, 3, 2, 1, 2, 3, 1, 3, 1, 0,
       2, 1, 2, 3, 3, 0, 1, 0, 0, 1, 1, 0, 3, 0, 0, 0, 1, 2, 2, 1, 2, 2,
       2, 0, 0, 3, 2, 1, 2, 0, 0, 1, 3, 0, 2, 0, 3, 0, 2, 0, 2, 3, 2, 0,
       2, 3, 3, 3, 2, 1, 3, 0, 3, 2, 0, 2, 0, 3, 1, 1, 3, 3, 2, 3, 1, 2,
       0, 0, 1, 3, 3, 1, 1, 3, 2, 3, 0, 2, 0, 2, 1, 3, 2, 0, 1, 1, 2, 2,
       0, 2, 0, 2, 0, 1, 1, 3, 0, 3, 2, 2, 1, 1, 3, 1, 3, 1, 0, 0, 2, 1,
       0, 2, 2, 2, 3, 2, 2, 1, 0, 3, 3, 2, 1, 0, 3, 1, 1, 2, 3, 3, 1, 1,
       3, 0, 2, 1, 0, 1, 3, 3, 0, 0, 1, 0, 2, 3, 0, 2, 3, 1, 2, 3, 1, 0,
       1, 2, 3, 1, 0, 3, 1, 0, 2, 0, 3, 2, 3, 3, 3, 2, 0, 0, 0, 1, 0, 0,
       2, 1, 1, 2, 2, 3, 0, 1, 1, 1, 0, 3, 1, 3, 3, 3, 1, 1, 0, 1, 1, 2,
       2, 0, 2, 1, 3, 0, 2, 2, 3, 0, 1, 0, 2, 2, 1, 1, 2, 0, 2, 3, 2, 1,
       1, 3, 0, 2, 0, 1, 0, 2, 0, 1, 0, 1, 2, 0, 0, 3, 1, 2, 2, 1, 2, 2,
       1, 1, 2, 2, 0, 3, 0, 1, 1, 3, 0, 1, 3, 1, 1, 2, 2, 2, 3, 2, 3, 2,
       1, 0, 3, 3, 2, 1, 0, 0, 0, 0, 2, 0, 1, 3, 1, 0, 1, 1, 2, 1, 3, 0,
       3, 1, 2, 3, 3, 1, 3, 2, 1, 2, 0, 3, 2, 3, 1, 2, 1, 3, 3, 1, 3, 0,
       1, 0, 3, 3, 3, 2, 2, 2, 0, 3, 2, 2, 0, 0, 2, 3, 3, 2, 1, 0, 3, 1,
       0, 1, 1, 0, 0, 3, 0, 0, 1, 3, 1, 1, 3, 3, 2, 2, 1, 2, 2, 1, 1, 1,
       0, 0, 0, 1, 2, 3, 3, 0, 0, 1, 1, 2, 0, 3, 0, 1, 2, 2, 3, 0, 0, 3,
       3, 0, 2, 0, 1, 3, 2, 3, 0, 3, 0, 0, 1, 2, 3, 2, 3, 1, 3, 3, 1, 1,
       3, 2, 3, 3, 1, 1, 3, 2, 0, 2, 2, 3, 3, 1, 1, 1, 3, 0, 2, 2, 2, 2,
       2, 2, 0, 1, 0, 1, 1, 2, 3, 0, 2, 1, 2, 2, 2, 2, 3, 0, 2, 2, 1, 0,
       2, 3, 2, 3, 3, 2, 3, 1, 0, 0, 2, 0, 3, 0, 1, 1, 1, 0, 0, 2, 3, 1,
       2, 2, 1, 3, 0, 2, 1, 0, 3, 2, 3, 1, 0, 0, 3, 2, 2, 3, 2, 1, 3, 3,
       2, 3, 1, 3, 1, 1, 3, 3, 3, 3, 1, 1, 1, 2, 1, 3, 1, 1, 3, 0, 1, 3,
       3, 3, 0, 0, 2, 0, 2, 2, 3, 2, 0, 3, 3, 0, 3, 2, 2, 1, 0, 1, 3, 1,
       3, 2, 0, 3, 1, 3, 3, 3, 3, 0, 1, 3, 0, 0, 3, 3, 1, 1, 2, 2, 1, 1,
       1, 1, 0, 3, 2, 3, 1, 3, 2, 2, 1, 2, 3, 1, 1, 2, 0, 0, 1, 2, 1, 3,
       1, 3, 0, 2, 2, 0, 0, 3, 2, 2, 2, 1, 3, 3, 1, 3, 2, 3, 0, 1],
      dtype=object)]
[9, array([0., 0., 0., 0.]), array([1, 3, 0, 1, 1, 3, 0, 1, 1, 1, 1, 1, 3, 0, 0, 3, 2, 3, 0, 3, 3, 3,
       0, 2, 0, 0, 3, 3, 2, 2, 2, 0, 1, 1, 0, 3, 2, 2, 2, 2, 3, 3, 0, 2,
       1, 3, 3, 0, 2, 1, 1, 1, 2, 0, 0, 3, 1, 3, 3, 1, 0, 3, 2, 0, 2, 2,
       2, 2, 2, 0, 1, 1, 0, 0, 2, 3, 1, 3, 2, 2, 2, 0, 0, 3, 3, 1, 1, 2,
       1, 3, 3, 0, 0, 0, 3, 0, 3, 2, 2, 0, 0, 0, 3, 2, 3, 1, 0, 1, 3, 0,
       1, 2, 3, 1, 1, 3, 1, 2, 1, 2, 0, 3, 2, 1, 2, 1, 0, 3, 1, 1, 0, 1,
       2, 1, 1, 2, 1, 3, 2, 1, 1, 0, 1, 2, 1, 3, 3, 1, 3, 2, 0, 0, 0, 0,
       1, 0, 0, 0, 3, 3, 0, 1, 2, 0, 0, 1, 2, 0, 2, 3, 2, 2, 1, 3, 0, 2,
       1, 1, 0, 0, 0, 1, 1, 0, 0, 3, 1, 3, 2, 0, 0, 0, 3, 0, 1, 2, 0, 3,
       0, 2, 1, 3, 3, 0, 3, 0, 1, 3, 0, 3, 3, 0, 2, 1, 3, 3, 3, 0, 3, 2,
       1, 2, 1, 2, 3, 0, 0, 3, 3, 0, 2, 0, 3, 0, 3, 1, 3, 1, 2, 1, 0, 3,
       3, 0, 1, 0, 1, 3, 0, 1, 2, 2, 1, 3, 0, 0, 1, 1, 0, 0, 2, 0, 3, 3,
       0, 2, 1, 0, 3, 3, 3, 2, 2, 0, 3, 1, 0, 2, 3, 0, 3, 3, 2, 0, 3, 0,
       3, 1, 0, 3, 0, 1, 0, 2, 0, 2, 1, 0, 2, 2, 1, 3, 0, 0, 3, 3, 2, 3,
       2, 3, 0, 2, 2, 3, 2, 3, 3, 3, 1, 1, 2, 3, 3, 0, 0, 2, 0, 0, 3, 3,
       1, 3, 0, 3, 3, 1, 3, 0, 1, 1, 0, 3, 0, 3, 0, 3, 1, 2, 1, 1, 1, 0,
       1, 1, 1, 2, 3, 1, 3, 0, 2, 1, 2, 2, 1, 3, 2, 1, 2, 3, 1, 3, 1, 0,
       2, 1, 2, 3, 3, 0, 1, 0, 0, 1, 1, 0, 3, 0, 0, 0, 1, 2, 2, 1, 2, 2,
       2, 0, 0, 3, 2, 1, 2, 0, 0, 1, 3, 0, 2, 0, 3, 0, 2, 0, 2, 3, 2, 0,
       2, 3, 3, 3, 2, 1, 3, 0, 3, 2, 0, 2, 0, 3, 1, 1, 3, 3, 2, 3, 1, 2,
       0, 0, 1, 3, 3, 1, 1, 3, 2, 3, 0, 2, 0, 2, 1, 3, 2, 0, 1, 1, 2, 2,
       0, 2, 0, 2, 0, 1, 1, 3, 0, 3, 2, 2, 1, 1, 3, 1, 3, 1, 0, 0, 2, 1,
       0, 2, 2, 2, 3, 2, 2, 1, 0, 3, 3, 2, 1, 0, 3, 1, 1, 2, 3, 3, 1, 1,
       3, 0, 2, 1, 0, 1, 3, 3, 0, 0, 1, 0, 2, 3, 0, 2, 3, 1, 2, 3, 1, 0,
       1, 2, 3, 1, 0, 3, 1, 0, 2, 0, 3, 2, 3, 3, 3, 2, 0, 0, 0, 1, 0, 0,
       2, 1, 1, 2, 2, 3, 0, 1, 1, 1, 0, 3, 1, 3, 3, 3, 1, 1, 0, 1, 1, 2,
       2, 0, 2, 1, 3, 0, 2, 2, 3, 0, 1, 0, 2, 2, 1, 1, 2, 0, 2, 3, 2, 1,
       1, 3, 0, 2, 0, 1, 0, 2, 0, 1, 0, 1, 2, 0, 0, 3, 1, 2, 2, 1, 2, 2,
       1, 1, 2, 2, 0, 3, 0, 1, 1, 3, 0, 1, 3, 1, 1, 2, 2, 2, 3, 2, 3, 2,
       1, 0, 3, 3, 2, 1, 0, 0, 0, 0, 2, 0, 1, 3, 1, 0, 1, 1, 2, 1, 3, 0,
       3, 1, 2, 3, 3, 1, 3, 2, 1, 2, 0, 3, 2, 3, 1, 2, 1, 3, 3, 1, 3, 0,
       1, 0, 3, 3, 3, 2, 2, 2, 0, 3, 2, 2, 0, 0, 2, 3, 3, 2, 1, 0, 3, 1,
       0, 1, 1, 0, 0, 3, 0, 0, 1, 3, 1, 1, 3, 3, 2, 2, 1, 2, 2, 1, 1, 1,
       0, 0, 0, 1, 2, 3, 3, 0, 0, 1, 1, 2, 0, 3, 0, 1, 2, 2, 3, 0, 0, 3,
       3, 0, 2, 0, 1, 3, 2, 3, 0, 3, 0, 0, 1, 2, 3, 2, 3, 1, 3, 3, 1, 1,
       3, 2, 3, 3, 1, 1, 3, 2, 0, 2, 2, 3, 3, 1, 1, 1, 3, 0, 2, 2, 2, 2,
       2, 2, 0, 1, 0, 1, 1, 2, 3, 0, 2, 1, 2, 2, 2, 2, 3, 0, 2, 2, 1, 0,
       2, 3, 2, 3, 3, 2, 3, 1, 0, 0, 2, 0, 3, 0, 1, 1, 1, 0, 0, 2, 3, 1,
       2, 2, 1, 3, 0, 2, 1, 0, 3, 2, 3, 1, 0, 0, 3, 2, 2, 3, 2, 1, 3, 3,
       2, 3, 1, 3, 1, 1, 3, 3, 3, 3, 1, 1, 1, 2, 1, 3, 1, 1, 3, 0, 1, 3,
       3, 3, 0, 0, 2, 0, 2, 2, 3, 2, 0, 3, 3, 0, 3, 2, 2, 1, 0, 1, 3, 1,
       3, 2, 0, 3, 1, 3, 3, 3, 3, 0, 1, 3, 0, 0, 3, 3, 1, 1, 2, 2, 1, 1,
       1, 1, 0, 3, 2, 3, 1, 3, 2, 2, 1, 2, 3, 1, 1, 2, 0, 0, 1, 2, 1, 3,
       1, 3, 0, 2, 2, 0, 0, 3, 2, 2, 2, 1, 3, 3, 1, 3, 2, 3, 0, 1],
      dtype=object)]
[9, array([0., 0., 0., 0.]), array([1, 3, 0, 1, 1, 3, 0, 1, 1, 1, 1, 1, 3, 0, 0, 3, 2, 3, 0, 3, 3, 3,
       0, 2, 0, 0, 3, 3, 2, 2, 2, 0, 1, 1, 0, 3, 2, 2, 2, 2, 3, 3, 0, 2,
       1, 3, 3, 0, 2, 1, 1, 1, 2, 0, 0, 3, 1, 3, 3, 1, 0, 3, 2, 0, 2, 2,
       2, 2, 2, 0, 1, 1, 0, 0, 2, 3, 1, 3, 2, 2, 2, 0, 0, 3, 3, 1, 1, 2,
       1, 3, 3, 0, 0, 0, 3, 0, 3, 2, 2, 0, 0, 0, 3, 2, 3, 1, 0, 1, 3, 0,
       1, 2, 3, 1, 1, 3, 1, 2, 1, 2, 0, 3, 2, 1, 2, 1, 0, 3, 1, 1, 0, 1,
       2, 1, 1, 2, 1, 3, 2, 1, 1, 0, 1, 2, 1, 3, 3, 1, 3, 2, 0, 0, 0, 0,
       1, 0, 0, 0, 3, 3, 0, 1, 2, 0, 0, 1, 2, 0, 2, 3, 2, 2, 1, 3, 0, 2,
       1, 1, 0, 0, 0, 1, 1, 0, 0, 3, 1, 3, 2, 0, 0, 0, 3, 0, 1, 2, 0, 3,
       0, 2, 1, 3, 3, 0, 3, 0, 1, 3, 0, 3, 3, 0, 2, 1, 3, 3, 3, 0, 3, 2,
       1, 2, 1, 2, 3, 0, 0, 3, 3, 0, 2, 0, 3, 0, 3, 1, 3, 1, 2, 1, 0, 3,
       3, 0, 1, 0, 1, 3, 0, 1, 2, 2, 1, 3, 0, 0, 1, 1, 0, 0, 2, 0, 3, 3,
       0, 2, 1, 0, 3, 3, 3, 2, 2, 0, 3, 1, 0, 2, 3, 0, 3, 3, 2, 0, 3, 0,
       3, 1, 0, 3, 0, 1, 0, 2, 0, 2, 1, 0, 2, 2, 1, 3, 0, 0, 3, 3, 2, 3,
       2, 3, 0, 2, 2, 3, 2, 3, 3, 3, 1, 1, 2, 3, 3, 0, 0, 2, 0, 0, 3, 3,
       1, 3, 0, 3, 3, 1, 3, 0, 1, 1, 0, 3, 0, 3, 0, 3, 1, 2, 1, 1, 1, 0,
       1, 1, 1, 2, 3, 1, 3, 0, 2, 1, 2, 2, 1, 3, 2, 1, 2, 3, 1, 3, 1, 0,
       2, 1, 2, 3, 3, 0, 1, 0, 0, 1, 1, 0, 3, 0, 0, 0, 1, 2, 2, 1, 2, 2,
       2, 0, 0, 3, 2, 1, 2, 0, 0, 1, 3, 0, 2, 0, 3, 0, 2, 0, 2, 3, 2, 0,
       2, 3, 3, 3, 2, 1, 3, 0, 3, 2, 0, 2, 0, 3, 1, 1, 3, 3, 2, 3, 1, 2,
       0, 0, 1, 3, 3, 1, 1, 3, 2, 3, 0, 2, 0, 2, 1, 3, 2, 0, 1, 1, 2, 2,
       0, 2, 0, 2, 0, 1, 1, 3, 0, 3, 2, 2, 1, 1, 3, 1, 3, 1, 0, 0, 2, 1,
       0, 2, 2, 2, 3, 2, 2, 1, 0, 3, 3, 2, 1, 0, 3, 1, 1, 2, 3, 3, 1, 1,
       3, 0, 2, 1, 0, 1, 3, 3, 0, 0, 1, 0, 2, 3, 0, 2, 3, 1, 2, 3, 1, 0,
       1, 2, 3, 1, 0, 3, 1, 0, 2, 0, 3, 2, 3, 3, 3, 2, 0, 0, 0, 1, 0, 0,
       2, 1, 1, 2, 2, 3, 0, 1, 1, 1, 0, 3, 1, 3, 3, 3, 1, 1, 0, 1, 1, 2,
       2, 0, 2, 1, 3, 0, 2, 2, 3, 0, 1, 0, 2, 2, 1, 1, 2, 0, 2, 3, 2, 1,
       1, 3, 0, 2, 0, 1, 0, 2, 0, 1, 0, 1, 2, 0, 0, 3, 1, 2, 2, 1, 2, 2,
       1, 1, 2, 2, 0, 3, 0, 1, 1, 3, 0, 1, 3, 1, 1, 2, 2, 2, 3, 2, 3, 2,
       1, 0, 3, 3, 2, 1, 0, 0, 0, 0, 2, 0, 1, 3, 1, 0, 1, 1, 2, 1, 3, 0,
       3, 1, 2, 3, 3, 1, 3, 2, 1, 2, 0, 3, 2, 3, 1, 2, 1, 3, 3, 1, 3, 0,
       1, 0, 3, 3, 3, 2, 2, 2, 0, 3, 2, 2, 0, 0, 2, 3, 3, 2, 1, 0, 3, 1,
       0, 1, 1, 0, 0, 3, 0, 0, 1, 3, 1, 1, 3, 3, 2, 2, 1, 2, 2, 1, 1, 1,
       0, 0, 0, 1, 2, 3, 3, 0, 0, 1, 1, 2, 0, 3, 0, 1, 2, 2, 3, 0, 0, 3,
       3, 0, 2, 0, 1, 3, 2, 3, 0, 3, 0, 0, 1, 2, 3, 2, 3, 1, 3, 3, 1, 1,
       3, 2, 3, 3, 1, 1, 3, 2, 0, 2, 2, 3, 3, 1, 1, 1, 3, 0, 2, 2, 2, 2,
       2, 2, 0, 1, 0, 1, 1, 2, 3, 0, 2, 1, 2, 2, 2, 2, 3, 0, 2, 2, 1, 0,
       2, 3, 2, 3, 3, 2, 3, 1, 0, 0, 2, 0, 3, 0, 1, 1, 1, 0, 0, 2, 3, 1,
       2, 2, 1, 3, 0, 2, 1, 0, 3, 2, 3, 1, 0, 0, 3, 2, 2, 3, 2, 1, 3, 3,
       2, 3, 1, 3, 1, 1, 3, 3, 3, 3, 1, 1, 1, 2, 1, 3, 1, 1, 3, 0, 1, 3,
       3, 3, 0, 0, 2, 0, 2, 2, 3, 2, 0, 3, 3, 0, 3, 2, 2, 1, 0, 1, 3, 1,
       3, 2, 0, 3, 1, 3, 3, 3, 3, 0, 1, 3, 0, 0, 3, 3, 1, 1, 2, 2, 1, 1,
       1, 1, 0, 3, 2, 3, 1, 3, 2, 2, 1, 2, 3, 1, 1, 2, 0, 0, 1, 2, 1, 3,
       1, 3, 0, 2, 2, 0, 0, 3, 2, 2, 2, 1, 3, 3, 1, 3, 2, 3, 0, 1],
      dtype=object)]
[10, array([-3998.57080078, -1999.28540039, -1999.28540039,     0.        ]), array([0, 0, 1, 0, 3, 1, 2, 0, 0, 0, 0, 3, 0, 0, 1, 0, 3, 2, 2, 3, 0, 2,
       1, 3, 2, 3, 3, 0, 1, 1, 0, 2, 3, 3, 3, 0, 3, 1, 0, 1, 0, 3, 0, 1,
       2, 1, 1, 2, 2, 1, 1, 1, 2, 1, 2, 2, 3, 0, 2, 3, 3, 1, 1, 3, 0, 0,
       2, 0, 0, 1, 0, 1, 3, 1, 1, 2, 2, 2, 2, 3, 3, 2, 2, 2, 3, 1, 3, 1,
       1, 1, 3, 0, 0, 1, 2, 3, 2, 2, 2, 0, 0, 2, 2, 2, 1, 0, 3, 0, 1, 0,
       2, 2, 0, 0, 0, 2, 0, 1, 1, 2, 3, 1, 2, 0, 0, 2, 1, 2, 0, 1, 3, 0,
       3, 1, 0, 0, 0, 3, 3, 2, 2, 3, 0, 0, 2, 3, 0, 2, 1, 1, 0, 0, 1, 2,
       2, 2, 3, 1, 1, 3, 0, 0, 0, 1, 1, 3, 2, 0, 2, 3, 3, 0, 2, 0, 1, 3,
       3, 0, 3, 2, 1, 2, 2, 0, 3, 0, 0, 1, 2, 3, 1, 3, 3, 2, 3, 2, 3, 3,
       0, 1, 1, 0, 1, 1, 1, 2, 0, 0, 1, 3, 2, 2, 1, 3, 1, 1, 1, 1, 2, 2,
       2, 3, 2, 0, 2, 3, 1, 1, 0, 3, 1, 1, 3, 0, 3, 3, 2, 1, 1, 0, 2, 3,
       1, 2, 3, 1, 0, 2, 1, 1, 3, 2, 3, 3, 1, 1, 1, 0, 0, 1, 2, 1, 0, 2,
       0, 1, 3, 0, 0, 0, 3, 1, 3, 3, 3, 1, 1, 0, 0, 0, 1, 0, 1, 0, 0, 1,
       1, 3, 3, 3, 3, 2, 3, 3, 3, 2, 3, 0, 1, 0, 1, 3, 0, 2, 2, 1, 0, 1,
       3, 2, 1, 2, 2, 1, 1, 3, 1, 0, 0, 2, 1, 3, 1, 0, 3, 3, 0, 1, 1, 3,
       0, 2, 0, 0, 3, 3, 1, 1, 3, 3, 1, 1, 0, 3, 1, 3, 0, 0, 0, 0, 1, 2,
       3, 0, 3, 0, 0, 0, 3, 1, 2, 3, 0, 2, 2, 1, 2, 2, 0, 2, 2, 3, 3, 2,
       0, 0, 3, 1, 0, 2, 0, 0, 2, 3, 2, 1, 0, 3, 0, 1, 3, 3, 3, 1, 2, 3,
       1, 2, 3, 2, 3, 3, 0, 0, 2, 2, 0, 0, 2, 0, 3, 1, 2, 3, 2, 1, 0, 1,
       0, 1, 1, 0, 2, 2, 0, 1, 2, 0, 2, 2, 3, 1, 2, 1, 2, 1, 1, 3, 3, 2,
       3, 1, 1, 3, 1, 0, 2, 1, 0, 3, 0, 2, 0, 0, 1, 0, 1, 3, 1, 1, 2, 1,
       1, 0, 2, 1, 0, 1, 2, 2, 2, 2, 2, 0, 3, 2, 0, 2, 2, 1, 1, 3, 2, 3,
       1, 3, 3, 2, 3, 0, 3, 1, 2, 3, 3, 1, 1, 0, 0, 2, 1, 3, 3, 2, 3, 0,
       0, 3, 0, 0, 3, 1, 0, 0, 0, 3, 1, 2, 1, 3, 2, 0, 0, 1, 2, 2, 0, 0,
       3, 0, 3, 1, 3, 3, 3, 2, 3, 0, 0, 2, 0, 2, 1, 0, 2, 2, 1, 2, 2, 3,
       2, 2, 3, 3, 0, 1, 0, 2, 2, 3, 2, 2, 2, 3, 1, 1, 2, 1, 0, 1, 3, 0,
       3, 1, 1, 3, 0, 0, 3, 1, 3, 1, 0, 3, 0, 3, 3, 0, 0, 0, 1, 3, 3, 0,
       1, 2, 3, 2, 1, 0, 1, 0, 0, 1, 3, 3, 2, 2, 1, 2, 0, 3, 3, 3, 3, 3,
       2, 1, 0, 0, 3, 3, 3, 3, 1, 2, 3, 0, 2, 3, 2, 0, 1, 2, 3, 2, 0, 3,
       0, 1, 1, 0, 1, 3, 2, 2, 2, 1, 1, 2, 3, 0, 3, 0, 0, 0, 1, 1, 3, 1,
       3, 3, 2, 0, 2, 2, 1, 2, 2, 1, 1, 1, 3, 1, 0, 2, 3, 3, 1, 2, 1, 1,
       3, 2, 3, 0, 0, 0, 2, 1, 0, 2, 3, 2, 1, 3, 2, 2, 2, 3, 0, 2, 1, 2,
       3, 0, 1, 0, 0, 1, 1, 3, 0, 1, 2, 3, 3, 0, 0, 1, 3, 3, 1, 2, 3, 0,
       2, 1, 3, 1, 2, 1, 3, 0, 3, 3, 2, 3, 0, 2, 0, 3, 2, 1, 1, 1, 3, 1,
       1, 0, 3, 0, 2, 2, 0, 2, 3, 0, 2, 3, 1, 0, 3, 3, 0, 3, 2, 1, 0, 2,
       1, 0, 0, 3, 2, 2, 1, 0, 1, 0, 0, 3, 3, 2, 0, 0, 3, 2, 0, 3, 1, 2,
       0, 0, 0, 2, 1, 2, 0, 0, 2, 0, 3, 1, 0, 2, 1, 1, 1, 2, 0, 2, 0, 3,
       0, 1, 2, 0, 3, 1, 1, 3, 0, 0, 3, 1, 3, 2, 0, 2, 1, 1, 1, 1, 2, 0,
       3, 2, 3, 1, 2, 3, 1, 0, 0, 3, 2, 0, 1, 1, 2, 2, 0, 0, 3, 2, 3, 0,
       2, 2, 2, 2, 2, 0, 2, 2, 0, 2, 2, 2, 0, 0, 3, 0, 1, 3, 0, 1, 1, 1,
       1, 3, 3, 3, 0, 1, 1, 1, 2, 0, 3, 2, 1, 3, 2, 2, 0, 0, 1, 1, 0, 1,
       1, 1, 2, 1, 3, 0, 1, 2, 0, 0, 0, 1, 3, 3, 2, 1, 0, 1, 1, 0, 3, 2,
       1, 2, 3, 0, 0, 1, 0, 2, 3, 0, 2, 2, 3, 0, 2, 1, 0, 1, 0, 1, 0, 0,
       0, 1, 1, 3, 0, 2, 0, 0, 1, 2, 3, 2, 2, 2, 3, 3, 0, 3, 1, 0],
      dtype=object)]
[10, array([-3998.57080078, -1999.28540039, -1999.28540039,     0.        ]), array([0, 0, 1, 0, 3, 1, 2, 0, 0, 0, 0, 3, 0, 0, 1, 0, 3, 2, 2, 3, 0, 2,
       1, 3, 2, 3, 3, 0, 1, 1, 0, 2, 3, 3, 3, 0, 3, 1, 0, 1, 0, 3, 0, 1,
       2, 1, 1, 2, 2, 1, 1, 1, 2, 1, 2, 2, 3, 0, 2, 3, 3, 1, 1, 3, 0, 0,
       2, 0, 0, 1, 0, 1, 3, 1, 1, 2, 2, 2, 2, 3, 3, 2, 2, 2, 3, 1, 3, 1,
       1, 1, 3, 0, 0, 1, 2, 3, 2, 2, 2, 0, 0, 2, 2, 2, 1, 0, 3, 0, 1, 0,
       2, 2, 0, 0, 0, 2, 0, 1, 1, 2, 3, 1, 2, 0, 0, 2, 1, 2, 0, 1, 3, 0,
       3, 1, 0, 0, 0, 3, 3, 2, 2, 3, 0, 0, 2, 3, 0, 2, 1, 1, 0, 0, 1, 2,
       2, 2, 3, 1, 1, 3, 0, 0, 0, 1, 1, 3, 2, 0, 2, 3, 3, 0, 2, 0, 1, 3,
       3, 0, 3, 2, 1, 2, 2, 0, 3, 0, 0, 1, 2, 3, 1, 3, 3, 2, 3, 2, 3, 3,
       0, 1, 1, 0, 1, 1, 1, 2, 0, 0, 1, 3, 2, 2, 1, 3, 1, 1, 1, 1, 2, 2,
       2, 3, 2, 0, 2, 3, 1, 1, 0, 3, 1, 1, 3, 0, 3, 3, 2, 1, 1, 0, 2, 3,
       1, 2, 3, 1, 0, 2, 1, 1, 3, 2, 3, 3, 1, 1, 1, 0, 0, 1, 2, 1, 0, 2,
       0, 1, 3, 0, 0, 0, 3, 1, 3, 3, 3, 1, 1, 0, 0, 0, 1, 0, 1, 0, 0, 1,
       1, 3, 3, 3, 3, 2, 3, 3, 3, 2, 3, 0, 1, 0, 1, 3, 0, 2, 2, 1, 0, 1,
       3, 2, 1, 2, 2, 1, 1, 3, 1, 0, 0, 2, 1, 3, 1, 0, 3, 3, 0, 1, 1, 3,
       0, 2, 0, 0, 3, 3, 1, 1, 3, 3, 1, 1, 0, 3, 1, 3, 0, 0, 0, 0, 1, 2,
       3, 0, 3, 0, 0, 0, 3, 1, 2, 3, 0, 2, 2, 1, 2, 2, 0, 2, 2, 3, 3, 2,
       0, 0, 3, 1, 0, 2, 0, 0, 2, 3, 2, 1, 0, 3, 0, 1, 3, 3, 3, 1, 2, 3,
       1, 2, 3, 2, 3, 3, 0, 0, 2, 2, 0, 0, 2, 0, 3, 1, 2, 3, 2, 1, 0, 1,
       0, 1, 1, 0, 2, 2, 0, 1, 2, 0, 2, 2, 3, 1, 2, 1, 2, 1, 1, 3, 3, 2,
       3, 1, 1, 3, 1, 0, 2, 1, 0, 3, 0, 2, 0, 0, 1, 0, 1, 3, 1, 1, 2, 1,
       1, 0, 2, 1, 0, 1, 2, 2, 2, 2, 2, 0, 3, 2, 0, 2, 2, 1, 1, 3, 2, 3,
       1, 3, 3, 2, 3, 0, 3, 1, 2, 3, 3, 1, 1, 0, 0, 2, 1, 3, 3, 2, 3, 0,
       0, 3, 0, 0, 3, 1, 0, 0, 0, 3, 1, 2, 1, 3, 2, 0, 0, 1, 2, 2, 0, 0,
       3, 0, 3, 1, 3, 3, 3, 2, 3, 0, 0, 2, 0, 2, 1, 0, 2, 2, 1, 2, 2, 3,
       2, 2, 3, 3, 0, 1, 0, 2, 2, 3, 2, 2, 2, 3, 1, 1, 2, 1, 0, 1, 3, 0,
       3, 1, 1, 3, 0, 0, 3, 1, 3, 1, 0, 3, 0, 3, 3, 0, 0, 0, 1, 3, 3, 0,
       1, 2, 3, 2, 1, 0, 1, 0, 0, 1, 3, 3, 2, 2, 1, 2, 0, 3, 3, 3, 3, 3,
       2, 1, 0, 0, 3, 3, 3, 3, 1, 2, 3, 0, 2, 3, 2, 0, 1, 2, 3, 2, 0, 3,
       0, 1, 1, 0, 1, 3, 2, 2, 2, 1, 1, 2, 3, 0, 3, 0, 0, 0, 1, 1, 3, 1,
       3, 3, 2, 0, 2, 2, 1, 2, 2, 1, 1, 1, 3, 1, 0, 2, 3, 3, 1, 2, 1, 1,
       3, 2, 3, 0, 0, 0, 2, 1, 0, 2, 3, 2, 1, 3, 2, 2, 2, 3, 0, 2, 1, 2,
       3, 0, 1, 0, 0, 1, 1, 3, 0, 1, 2, 3, 3, 0, 0, 1, 3, 3, 1, 2, 3, 0,
       2, 1, 3, 1, 2, 1, 3, 0, 3, 3, 2, 3, 0, 2, 0, 3, 2, 1, 1, 1, 3, 1,
       1, 0, 3, 0, 2, 2, 0, 2, 3, 0, 2, 3, 1, 0, 3, 3, 0, 3, 2, 1, 0, 2,
       1, 0, 0, 3, 2, 2, 1, 0, 1, 0, 0, 3, 3, 2, 0, 0, 3, 2, 0, 3, 1, 2,
       0, 0, 0, 2, 1, 2, 0, 0, 2, 0, 3, 1, 0, 2, 1, 1, 1, 2, 0, 2, 0, 3,
       0, 1, 2, 0, 3, 1, 1, 3, 0, 0, 3, 1, 3, 2, 0, 2, 1, 1, 1, 1, 2, 0,
       3, 2, 3, 1, 2, 3, 1, 0, 0, 3, 2, 0, 1, 1, 2, 2, 0, 0, 3, 2, 3, 0,
       2, 2, 2, 2, 2, 0, 2, 2, 0, 2, 2, 2, 0, 0, 3, 0, 1, 3, 0, 1, 1, 1,
       1, 3, 3, 3, 0, 1, 1, 1, 2, 0, 3, 2, 1, 3, 2, 2, 0, 0, 1, 1, 0, 1,
       1, 1, 2, 1, 3, 0, 1, 2, 0, 0, 0, 1, 3, 3, 2, 1, 0, 1, 1, 0, 3, 2,
       1, 2, 3, 0, 0, 1, 0, 2, 3, 0, 2, 2, 3, 0, 2, 1, 0, 1, 0, 1, 0, 0,
       0, 1, 1, 3, 0, 2, 0, 0, 1, 2, 3, 2, 2, 2, 3, 3, 0, 3, 1, 0],
      dtype=object)]
[10, array([-3998.57080078, -1999.28540039, -1999.28540039,     0.        ]), array([0, 0, 1, 0, 3, 1, 2, 0, 0, 0, 0, 3, 0, 0, 1, 0, 3, 2, 2, 3, 0, 2,
       1, 3, 2, 3, 3, 0, 1, 1, 0, 2, 3, 3, 3, 0, 3, 1, 0, 1, 0, 3, 0, 1,
       2, 1, 1, 2, 2, 1, 1, 1, 2, 1, 2, 2, 3, 0, 2, 3, 3, 1, 1, 3, 0, 0,
       2, 0, 0, 1, 0, 1, 3, 1, 1, 2, 2, 2, 2, 3, 3, 2, 2, 2, 3, 1, 3, 1,
       1, 1, 3, 0, 0, 1, 2, 3, 2, 2, 2, 0, 0, 2, 2, 2, 1, 0, 3, 0, 1, 0,
       2, 2, 0, 0, 0, 2, 0, 1, 1, 2, 3, 1, 2, 0, 0, 2, 1, 2, 0, 1, 3, 0,
       3, 1, 0, 0, 0, 3, 3, 2, 2, 3, 0, 0, 2, 3, 0, 2, 1, 1, 0, 0, 1, 2,
       2, 2, 3, 1, 1, 3, 0, 0, 0, 1, 1, 3, 2, 0, 2, 3, 3, 0, 2, 0, 1, 3,
       3, 0, 3, 2, 1, 2, 2, 0, 3, 0, 0, 1, 2, 3, 1, 3, 3, 2, 3, 2, 3, 3,
       0, 1, 1, 0, 1, 1, 1, 2, 0, 0, 1, 3, 2, 2, 1, 3, 1, 1, 1, 1, 2, 2,
       2, 3, 2, 0, 2, 3, 1, 1, 0, 3, 1, 1, 3, 0, 3, 3, 2, 1, 1, 0, 2, 3,
       1, 2, 3, 1, 0, 2, 1, 1, 3, 2, 3, 3, 1, 1, 1, 0, 0, 1, 2, 1, 0, 2,
       0, 1, 3, 0, 0, 0, 3, 1, 3, 3, 3, 1, 1, 0, 0, 0, 1, 0, 1, 0, 0, 1,
       1, 3, 3, 3, 3, 2, 3, 3, 3, 2, 3, 0, 1, 0, 1, 3, 0, 2, 2, 1, 0, 1,
       3, 2, 1, 2, 2, 1, 1, 3, 1, 0, 0, 2, 1, 3, 1, 0, 3, 3, 0, 1, 1, 3,
       0, 2, 0, 0, 3, 3, 1, 1, 3, 3, 1, 1, 0, 3, 1, 3, 0, 0, 0, 0, 1, 2,
       3, 0, 3, 0, 0, 0, 3, 1, 2, 3, 0, 2, 2, 1, 2, 2, 0, 2, 2, 3, 3, 2,
       0, 0, 3, 1, 0, 2, 0, 0, 2, 3, 2, 1, 0, 3, 0, 1, 3, 3, 3, 1, 2, 3,
       1, 2, 3, 2, 3, 3, 0, 0, 2, 2, 0, 0, 2, 0, 3, 1, 2, 3, 2, 1, 0, 1,
       0, 1, 1, 0, 2, 2, 0, 1, 2, 0, 2, 2, 3, 1, 2, 1, 2, 1, 1, 3, 3, 2,
       3, 1, 1, 3, 1, 0, 2, 1, 0, 3, 0, 2, 0, 0, 1, 0, 1, 3, 1, 1, 2, 1,
       1, 0, 2, 1, 0, 1, 2, 2, 2, 2, 2, 0, 3, 2, 0, 2, 2, 1, 1, 3, 2, 3,
       1, 3, 3, 2, 3, 0, 3, 1, 2, 3, 3, 1, 1, 0, 0, 2, 1, 3, 3, 2, 3, 0,
       0, 3, 0, 0, 3, 1, 0, 0, 0, 3, 1, 2, 1, 3, 2, 0, 0, 1, 2, 2, 0, 0,
       3, 0, 3, 1, 3, 3, 3, 2, 3, 0, 0, 2, 0, 2, 1, 0, 2, 2, 1, 2, 2, 3,
       2, 2, 3, 3, 0, 1, 0, 2, 2, 3, 2, 2, 2, 3, 1, 1, 2, 1, 0, 1, 3, 0,
       3, 1, 1, 3, 0, 0, 3, 1, 3, 1, 0, 3, 0, 3, 3, 0, 0, 0, 1, 3, 3, 0,
       1, 2, 3, 2, 1, 0, 1, 0, 0, 1, 3, 3, 2, 2, 1, 2, 0, 3, 3, 3, 3, 3,
       2, 1, 0, 0, 3, 3, 3, 3, 1, 2, 3, 0, 2, 3, 2, 0, 1, 2, 3, 2, 0, 3,
       0, 1, 1, 0, 1, 3, 2, 2, 2, 1, 1, 2, 3, 0, 3, 0, 0, 0, 1, 1, 3, 1,
       3, 3, 2, 0, 2, 2, 1, 2, 2, 1, 1, 1, 3, 1, 0, 2, 3, 3, 1, 2, 1, 1,
       3, 2, 3, 0, 0, 0, 2, 1, 0, 2, 3, 2, 1, 3, 2, 2, 2, 3, 0, 2, 1, 2,
       3, 0, 1, 0, 0, 1, 1, 3, 0, 1, 2, 3, 3, 0, 0, 1, 3, 3, 1, 2, 3, 0,
       2, 1, 3, 1, 2, 1, 3, 0, 3, 3, 2, 3, 0, 2, 0, 3, 2, 1, 1, 1, 3, 1,
       1, 0, 3, 0, 2, 2, 0, 2, 3, 0, 2, 3, 1, 0, 3, 3, 0, 3, 2, 1, 0, 2,
       1, 0, 0, 3, 2, 2, 1, 0, 1, 0, 0, 3, 3, 2, 0, 0, 3, 2, 0, 3, 1, 2,
       0, 0, 0, 2, 1, 2, 0, 0, 2, 0, 3, 1, 0, 2, 1, 1, 1, 2, 0, 2, 0, 3,
       0, 1, 2, 0, 3, 1, 1, 3, 0, 0, 3, 1, 3, 2, 0, 2, 1, 1, 1, 1, 2, 0,
       3, 2, 3, 1, 2, 3, 1, 0, 0, 3, 2, 0, 1, 1, 2, 2, 0, 0, 3, 2, 3, 0,
       2, 2, 2, 2, 2, 0, 2, 2, 0, 2, 2, 2, 0, 0, 3, 0, 1, 3, 0, 1, 1, 1,
       1, 3, 3, 3, 0, 1, 1, 1, 2, 0, 3, 2, 1, 3, 2, 2, 0, 0, 1, 1, 0, 1,
       1, 1, 2, 1, 3, 0, 1, 2, 0, 0, 0, 1, 3, 3, 2, 1, 0, 1, 1, 0, 3, 2,
       1, 2, 3, 0, 0, 1, 0, 2, 3, 0, 2, 2, 3, 0, 2, 1, 0, 1, 0, 1, 0, 0,
       0, 1, 1, 3, 0, 2, 0, 0, 1, 2, 3, 2, 2, 2, 3, 3, 0, 3, 1, 0],
      dtype=object)]
[10, array([-3998.57080078, -1999.28540039, -1999.28540039,     0.        ]), array([0, 0, 1, 0, 3, 1, 2, 0, 0, 0, 0, 3, 0, 0, 1, 0, 3, 2, 2, 3, 0, 2,
       1, 3, 2, 3, 3, 0, 1, 1, 0, 2, 3, 3, 3, 0, 3, 1, 0, 1, 0, 3, 0, 1,
       2, 1, 1, 2, 2, 1, 1, 1, 2, 1, 2, 2, 3, 0, 2, 3, 3, 1, 1, 3, 0, 0,
       2, 0, 0, 1, 0, 1, 3, 1, 1, 2, 2, 2, 2, 3, 3, 2, 2, 2, 3, 1, 3, 1,
       1, 1, 3, 0, 0, 1, 2, 3, 2, 2, 2, 0, 0, 2, 2, 2, 1, 0, 3, 0, 1, 0,
       2, 2, 0, 0, 0, 2, 0, 1, 1, 2, 3, 1, 2, 0, 0, 2, 1, 2, 0, 1, 3, 0,
       3, 1, 0, 0, 0, 3, 3, 2, 2, 3, 0, 0, 2, 3, 0, 2, 1, 1, 0, 0, 1, 2,
       2, 2, 3, 1, 1, 3, 0, 0, 0, 1, 1, 3, 2, 0, 2, 3, 3, 0, 2, 0, 1, 3,
       3, 0, 3, 2, 1, 2, 2, 0, 3, 0, 0, 1, 2, 3, 1, 3, 3, 2, 3, 2, 3, 3,
       0, 1, 1, 0, 1, 1, 1, 2, 0, 0, 1, 3, 2, 2, 1, 3, 1, 1, 1, 1, 2, 2,
       2, 3, 2, 0, 2, 3, 1, 1, 0, 3, 1, 1, 3, 0, 3, 3, 2, 1, 1, 0, 2, 3,
       1, 2, 3, 1, 0, 2, 1, 1, 3, 2, 3, 3, 1, 1, 1, 0, 0, 1, 2, 1, 0, 2,
       0, 1, 3, 0, 0, 0, 3, 1, 3, 3, 3, 1, 1, 0, 0, 0, 1, 0, 1, 0, 0, 1,
       1, 3, 3, 3, 3, 2, 3, 3, 3, 2, 3, 0, 1, 0, 1, 3, 0, 2, 2, 1, 0, 1,
       3, 2, 1, 2, 2, 1, 1, 3, 1, 0, 0, 2, 1, 3, 1, 0, 3, 3, 0, 1, 1, 3,
       0, 2, 0, 0, 3, 3, 1, 1, 3, 3, 1, 1, 0, 3, 1, 3, 0, 0, 0, 0, 1, 2,
       3, 0, 3, 0, 0, 0, 3, 1, 2, 3, 0, 2, 2, 1, 2, 2, 0, 2, 2, 3, 3, 2,
       0, 0, 3, 1, 0, 2, 0, 0, 2, 3, 2, 1, 0, 3, 0, 1, 3, 3, 3, 1, 2, 3,
       1, 2, 3, 2, 3, 3, 0, 0, 2, 2, 0, 0, 2, 0, 3, 1, 2, 3, 2, 1, 0, 1,
       0, 1, 1, 0, 2, 2, 0, 1, 2, 0, 2, 2, 3, 1, 2, 1, 2, 1, 1, 3, 3, 2,
       3, 1, 1, 3, 1, 0, 2, 1, 0, 3, 0, 2, 0, 0, 1, 0, 1, 3, 1, 1, 2, 1,
       1, 0, 2, 1, 0, 1, 2, 2, 2, 2, 2, 0, 3, 2, 0, 2, 2, 1, 1, 3, 2, 3,
       1, 3, 3, 2, 3, 0, 3, 1, 2, 3, 3, 1, 1, 0, 0, 2, 1, 3, 3, 2, 3, 0,
       0, 3, 0, 0, 3, 1, 0, 0, 0, 3, 1, 2, 1, 3, 2, 0, 0, 1, 2, 2, 0, 0,
       3, 0, 3, 1, 3, 3, 3, 2, 3, 0, 0, 2, 0, 2, 1, 0, 2, 2, 1, 2, 2, 3,
       2, 2, 3, 3, 0, 1, 0, 2, 2, 3, 2, 2, 2, 3, 1, 1, 2, 1, 0, 1, 3, 0,
       3, 1, 1, 3, 0, 0, 3, 1, 3, 1, 0, 3, 0, 3, 3, 0, 0, 0, 1, 3, 3, 0,
       1, 2, 3, 2, 1, 0, 1, 0, 0, 1, 3, 3, 2, 2, 1, 2, 0, 3, 3, 3, 3, 3,
       2, 1, 0, 0, 3, 3, 3, 3, 1, 2, 3, 0, 2, 3, 2, 0, 1, 2, 3, 2, 0, 3,
       0, 1, 1, 0, 1, 3, 2, 2, 2, 1, 1, 2, 3, 0, 3, 0, 0, 0, 1, 1, 3, 1,
       3, 3, 2, 0, 2, 2, 1, 2, 2, 1, 1, 1, 3, 1, 0, 2, 3, 3, 1, 2, 1, 1,
       3, 2, 3, 0, 0, 0, 2, 1, 0, 2, 3, 2, 1, 3, 2, 2, 2, 3, 0, 2, 1, 2,
       3, 0, 1, 0, 0, 1, 1, 3, 0, 1, 2, 3, 3, 0, 0, 1, 3, 3, 1, 2, 3, 0,
       2, 1, 3, 1, 2, 1, 3, 0, 3, 3, 2, 3, 0, 2, 0, 3, 2, 1, 1, 1, 3, 1,
       1, 0, 3, 0, 2, 2, 0, 2, 3, 0, 2, 3, 1, 0, 3, 3, 0, 3, 2, 1, 0, 2,
       1, 0, 0, 3, 2, 2, 1, 0, 1, 0, 0, 3, 3, 2, 0, 0, 3, 2, 0, 3, 1, 2,
       0, 0, 0, 2, 1, 2, 0, 0, 2, 0, 3, 1, 0, 2, 1, 1, 1, 2, 0, 2, 0, 3,
       0, 1, 2, 0, 3, 1, 1, 3, 0, 0, 3, 1, 3, 2, 0, 2, 1, 1, 1, 1, 2, 0,
       3, 2, 3, 1, 2, 3, 1, 0, 0, 3, 2, 0, 1, 1, 2, 2, 0, 0, 3, 2, 3, 0,
       2, 2, 2, 2, 2, 0, 2, 2, 0, 2, 2, 2, 0, 0, 3, 0, 1, 3, 0, 1, 1, 1,
       1, 3, 3, 3, 0, 1, 1, 1, 2, 0, 3, 2, 1, 3, 2, 2, 0, 0, 1, 1, 0, 1,
       1, 1, 2, 1, 3, 0, 1, 2, 0, 0, 0, 1, 3, 3, 2, 1, 0, 1, 1, 0, 3, 2,
       1, 2, 3, 0, 0, 1, 0, 2, 3, 0, 2, 2, 3, 0, 2, 1, 0, 1, 0, 1, 0, 0,
       0, 1, 1, 3, 0, 2, 0, 0, 1, 2, 3, 2, 2, 2, 3, 3, 0, 3, 1, 0],
      dtype=object)]
[11, array([-3998.57080078, -1999.28540039, -1999.28540039,     0.        ]), array([0, 0, 1, 0, 3, 1, 2, 0, 0, 0, 0, 3, 0, 0, 1, 0, 3, 2, 2, 3, 0, 2,
       1, 3, 2, 3, 3, 0, 1, 1, 0, 2, 3, 3, 3, 0, 3, 1, 0, 1, 0, 3, 0, 1,
       2, 1, 1, 2, 2, 1, 1, 1, 2, 1, 2, 2, 3, 0, 2, 3, 3, 1, 1, 3, 0, 0,
       2, 0, 0, 1, 0, 1, 3, 1, 1, 2, 2, 2, 2, 3, 3, 2, 2, 2, 3, 1, 3, 1,
       1, 1, 3, 0, 0, 1, 2, 3, 2, 2, 2, 0, 0, 2, 2, 2, 1, 0, 3, 0, 1, 0,
       2, 2, 0, 0, 0, 2, 0, 1, 1, 2, 3, 1, 2, 0, 0, 2, 1, 2, 0, 1, 3, 0,
       3, 1, 0, 0, 0, 3, 3, 2, 2, 3, 0, 0, 2, 3, 0, 2, 1, 1, 0, 0, 1, 2,
       2, 2, 3, 1, 1, 3, 0, 0, 0, 1, 1, 3, 2, 0, 2, 3, 3, 0, 2, 0, 1, 3,
       3, 0, 3, 2, 1, 2, 2, 0, 3, 0, 0, 1, 2, 3, 1, 3, 3, 2, 3, 2, 3, 3,
       0, 1, 1, 0, 1, 1, 1, 2, 0, 0, 1, 3, 2, 2, 1, 3, 1, 1, 1, 1, 2, 2,
       2, 3, 2, 0, 2, 3, 1, 1, 0, 3, 1, 1, 3, 0, 3, 3, 2, 1, 1, 0, 2, 3,
       1, 2, 3, 1, 0, 2, 1, 1, 3, 2, 3, 3, 1, 1, 1, 0, 0, 1, 2, 1, 0, 2,
       0, 1, 3, 0, 0, 0, 3, 1, 3, 3, 3, 1, 1, 0, 0, 0, 1, 0, 1, 0, 0, 1,
       1, 3, 3, 3, 3, 2, 3, 3, 3, 2, 3, 0, 1, 0, 1, 3, 0, 2, 2, 1, 0, 1,
       3, 2, 1, 2, 2, 1, 1, 3, 1, 0, 0, 2, 1, 3, 1, 0, 3, 3, 0, 1, 1, 3,
       0, 2, 0, 0, 3, 3, 1, 1, 3, 3, 1, 1, 0, 3, 1, 3, 0, 0, 0, 0, 1, 2,
       3, 0, 3, 0, 0, 0, 3, 1, 2, 3, 0, 2, 2, 1, 2, 2, 0, 2, 2, 3, 3, 2,
       0, 0, 3, 1, 0, 2, 0, 0, 2, 3, 2, 1, 0, 3, 0, 1, 3, 3, 3, 1, 2, 3,
       1, 2, 3, 2, 3, 3, 0, 0, 2, 2, 0, 0, 2, 0, 3, 1, 2, 3, 2, 1, 0, 1,
       0, 1, 1, 0, 2, 2, 0, 1, 2, 0, 2, 2, 3, 1, 2, 1, 2, 1, 1, 3, 3, 2,
       3, 1, 1, 3, 1, 0, 2, 1, 0, 3, 0, 2, 0, 0, 1, 0, 1, 3, 1, 1, 2, 1,
       1, 0, 2, 1, 0, 1, 2, 2, 2, 2, 2, 0, 3, 2, 0, 2, 2, 1, 1, 3, 2, 3,
       1, 3, 3, 2, 3, 0, 3, 1, 2, 3, 3, 1, 1, 0, 0, 2, 1, 3, 3, 2, 3, 0,
       0, 3, 0, 0, 3, 1, 0, 0, 0, 3, 1, 2, 1, 3, 2, 0, 0, 1, 2, 2, 0, 0,
       3, 0, 3, 1, 3, 3, 3, 2, 3, 0, 0, 2, 0, 2, 1, 0, 2, 2, 1, 2, 2, 3,
       2, 2, 3, 3, 0, 1, 0, 2, 2, 3, 2, 2, 2, 3, 1, 1, 2, 1, 0, 1, 3, 0,
       3, 1, 1, 3, 0, 0, 3, 1, 3, 1, 0, 3, 0, 3, 3, 0, 0, 0, 1, 3, 3, 0,
       1, 2, 3, 2, 1, 0, 1, 0, 0, 1, 3, 3, 2, 2, 1, 2, 0, 3, 3, 3, 3, 3,
       2, 1, 0, 0, 3, 3, 3, 3, 1, 2, 3, 0, 2, 3, 2, 0, 1, 2, 3, 2, 0, 3,
       0, 1, 1, 0, 1, 3, 2, 2, 2, 1, 1, 2, 3, 0, 3, 0, 0, 0, 1, 1, 3, 1,
       3, 3, 2, 0, 2, 2, 1, 2, 2, 1, 1, 1, 3, 1, 0, 2, 3, 3, 1, 2, 1, 1,
       3, 2, 3, 0, 0, 0, 2, 1, 0, 2, 3, 2, 1, 3, 2, 2, 2, 3, 0, 2, 1, 2,
       3, 0, 1, 0, 0, 1, 1, 3, 0, 1, 2, 3, 3, 0, 0, 1, 3, 3, 1, 2, 3, 0,
       2, 1, 3, 1, 2, 1, 3, 0, 3, 3, 2, 3, 0, 2, 0, 3, 2, 1, 1, 1, 3, 1,
       1, 0, 3, 0, 2, 2, 0, 2, 3, 0, 2, 3, 1, 0, 3, 3, 0, 3, 2, 1, 0, 2,
       1, 0, 0, 3, 2, 2, 1, 0, 1, 0, 0, 3, 3, 2, 0, 0, 3, 2, 0, 3, 1, 2,
       0, 0, 0, 2, 1, 2, 0, 0, 2, 0, 3, 1, 0, 2, 1, 1, 1, 2, 0, 2, 0, 3,
       0, 1, 2, 0, 3, 1, 1, 3, 0, 0, 3, 1, 3, 2, 0, 2, 1, 1, 1, 1, 2, 0,
       3, 2, 3, 1, 2, 3, 1, 0, 0, 3, 2, 0, 1, 1, 2, 2, 0, 0, 3, 2, 3, 0,
       2, 2, 2, 2, 2, 0, 2, 2, 0, 2, 2, 2, 0, 0, 3, 0, 1, 3, 0, 1, 1, 1,
       1, 3, 3, 3, 0, 1, 1, 1, 2, 0, 3, 2, 1, 3, 2, 2, 0, 0, 1, 1, 0, 1,
       1, 1, 2, 1, 3, 0, 1, 2, 0, 0, 0, 1, 3, 3, 2, 1, 0, 1, 1, 0, 3, 2,
       1, 2, 3, 0, 0, 1, 0, 2, 3, 0, 2, 2, 3, 0, 2, 1, 0, 1, 0, 1, 0, 0,
       0, 1, 1, 3, 0, 2, 0, 0, 1, 2, 3, 2, 2, 2, 3, 3, 0, 3, 1, 0],
      dtype=object)]
[11, array([-3998.57080078, -1999.28540039, -1999.28540039,     0.        ]), array([0, 0, 1, 0, 3, 1, 2, 0, 0, 0, 0, 3, 0, 0, 1, 0, 3, 2, 2, 3, 0, 2,
       1, 3, 2, 3, 3, 0, 1, 1, 0, 2, 3, 3, 3, 0, 3, 1, 0, 1, 0, 3, 0, 1,
       2, 1, 1, 2, 2, 1, 1, 1, 2, 1, 2, 2, 3, 0, 2, 3, 3, 1, 1, 3, 0, 0,
       2, 0, 0, 1, 0, 1, 3, 1, 1, 2, 2, 2, 2, 3, 3, 2, 2, 2, 3, 1, 3, 1,
       1, 1, 3, 0, 0, 1, 2, 3, 2, 2, 2, 0, 0, 2, 2, 2, 1, 0, 3, 0, 1, 0,
       2, 2, 0, 0, 0, 2, 0, 1, 1, 2, 3, 1, 2, 0, 0, 2, 1, 2, 0, 1, 3, 0,
       3, 1, 0, 0, 0, 3, 3, 2, 2, 3, 0, 0, 2, 3, 0, 2, 1, 1, 0, 0, 1, 2,
       2, 2, 3, 1, 1, 3, 0, 0, 0, 1, 1, 3, 2, 0, 2, 3, 3, 0, 2, 0, 1, 3,
       3, 0, 3, 2, 1, 2, 2, 0, 3, 0, 0, 1, 2, 3, 1, 3, 3, 2, 3, 2, 3, 3,
       0, 1, 1, 0, 1, 1, 1, 2, 0, 0, 1, 3, 2, 2, 1, 3, 1, 1, 1, 1, 2, 2,
       2, 3, 2, 0, 2, 3, 1, 1, 0, 3, 1, 1, 3, 0, 3, 3, 2, 1, 1, 0, 2, 3,
       1, 2, 3, 1, 0, 2, 1, 1, 3, 2, 3, 3, 1, 1, 1, 0, 0, 1, 2, 1, 0, 2,
       0, 1, 3, 0, 0, 0, 3, 1, 3, 3, 3, 1, 1, 0, 0, 0, 1, 0, 1, 0, 0, 1,
       1, 3, 3, 3, 3, 2, 3, 3, 3, 2, 3, 0, 1, 0, 1, 3, 0, 2, 2, 1, 0, 1,
       3, 2, 1, 2, 2, 1, 1, 3, 1, 0, 0, 2, 1, 3, 1, 0, 3, 3, 0, 1, 1, 3,
       0, 2, 0, 0, 3, 3, 1, 1, 3, 3, 1, 1, 0, 3, 1, 3, 0, 0, 0, 0, 1, 2,
       3, 0, 3, 0, 0, 0, 3, 1, 2, 3, 0, 2, 2, 1, 2, 2, 0, 2, 2, 3, 3, 2,
       0, 0, 3, 1, 0, 2, 0, 0, 2, 3, 2, 1, 0, 3, 0, 1, 3, 3, 3, 1, 2, 3,
       1, 2, 3, 2, 3, 3, 0, 0, 2, 2, 0, 0, 2, 0, 3, 1, 2, 3, 2, 1, 0, 1,
       0, 1, 1, 0, 2, 2, 0, 1, 2, 0, 2, 2, 3, 1, 2, 1, 2, 1, 1, 3, 3, 2,
       3, 1, 1, 3, 1, 0, 2, 1, 0, 3, 0, 2, 0, 0, 1, 0, 1, 3, 1, 1, 2, 1,
       1, 0, 2, 1, 0, 1, 2, 2, 2, 2, 2, 0, 3, 2, 0, 2, 2, 1, 1, 3, 2, 3,
       1, 3, 3, 2, 3, 0, 3, 1, 2, 3, 3, 1, 1, 0, 0, 2, 1, 3, 3, 2, 3, 0,
       0, 3, 0, 0, 3, 1, 0, 0, 0, 3, 1, 2, 1, 3, 2, 0, 0, 1, 2, 2, 0, 0,
       3, 0, 3, 1, 3, 3, 3, 2, 3, 0, 0, 2, 0, 2, 1, 0, 2, 2, 1, 2, 2, 3,
       2, 2, 3, 3, 0, 1, 0, 2, 2, 3, 2, 2, 2, 3, 1, 1, 2, 1, 0, 1, 3, 0,
       3, 1, 1, 3, 0, 0, 3, 1, 3, 1, 0, 3, 0, 3, 3, 0, 0, 0, 1, 3, 3, 0,
       1, 2, 3, 2, 1, 0, 1, 0, 0, 1, 3, 3, 2, 2, 1, 2, 0, 3, 3, 3, 3, 3,
       2, 1, 0, 0, 3, 3, 3, 3, 1, 2, 3, 0, 2, 3, 2, 0, 1, 2, 3, 2, 0, 3,
       0, 1, 1, 0, 1, 3, 2, 2, 2, 1, 1, 2, 3, 0, 3, 0, 0, 0, 1, 1, 3, 1,
       3, 3, 2, 0, 2, 2, 1, 2, 2, 1, 1, 1, 3, 1, 0, 2, 3, 3, 1, 2, 1, 1,
       3, 2, 3, 0, 0, 0, 2, 1, 0, 2, 3, 2, 1, 3, 2, 2, 2, 3, 0, 2, 1, 2,
       3, 0, 1, 0, 0, 1, 1, 3, 0, 1, 2, 3, 3, 0, 0, 1, 3, 3, 1, 2, 3, 0,
       2, 1, 3, 1, 2, 1, 3, 0, 3, 3, 2, 3, 0, 2, 0, 3, 2, 1, 1, 1, 3, 1,
       1, 0, 3, 0, 2, 2, 0, 2, 3, 0, 2, 3, 1, 0, 3, 3, 0, 3, 2, 1, 0, 2,
       1, 0, 0, 3, 2, 2, 1, 0, 1, 0, 0, 3, 3, 2, 0, 0, 3, 2, 0, 3, 1, 2,
       0, 0, 0, 2, 1, 2, 0, 0, 2, 0, 3, 1, 0, 2, 1, 1, 1, 2, 0, 2, 0, 3,
       0, 1, 2, 0, 3, 1, 1, 3, 0, 0, 3, 1, 3, 2, 0, 2, 1, 1, 1, 1, 2, 0,
       3, 2, 3, 1, 2, 3, 1, 0, 0, 3, 2, 0, 1, 1, 2, 2, 0, 0, 3, 2, 3, 0,
       2, 2, 2, 2, 2, 0, 2, 2, 0, 2, 2, 2, 0, 0, 3, 0, 1, 3, 0, 1, 1, 1,
       1, 3, 3, 3, 0, 1, 1, 1, 2, 0, 3, 2, 1, 3, 2, 2, 0, 0, 1, 1, 0, 1,
       1, 1, 2, 1, 3, 0, 1, 2, 0, 0, 0, 1, 3, 3, 2, 1, 0, 1, 1, 0, 3, 2,
       1, 2, 3, 0, 0, 1, 0, 2, 3, 0, 2, 2, 3, 0, 2, 1, 0, 1, 0, 1, 0, 0,
       0, 1, 1, 3, 0, 2, 0, 0, 1, 2, 3, 2, 2, 2, 3, 3, 0, 3, 1, 0],
      dtype=object)]
[11, array([-3998.57080078, -1999.28540039, -1999.28540039,     0.        ]), array([0, 0, 1, 0, 3, 1, 2, 0, 0, 0, 0, 3, 0, 0, 1, 0, 3, 2, 2, 3, 0, 2,
       1, 3, 2, 3, 3, 0, 1, 1, 0, 2, 3, 3, 3, 0, 3, 1, 0, 1, 0, 3, 0, 1,
       2, 1, 1, 2, 2, 1, 1, 1, 2, 1, 2, 2, 3, 0, 2, 3, 3, 1, 1, 3, 0, 0,
       2, 0, 0, 1, 0, 1, 3, 1, 1, 2, 2, 2, 2, 3, 3, 2, 2, 2, 3, 1, 3, 1,
       1, 1, 3, 0, 0, 1, 2, 3, 2, 2, 2, 0, 0, 2, 2, 2, 1, 0, 3, 0, 1, 0,
       2, 2, 0, 0, 0, 2, 0, 1, 1, 2, 3, 1, 2, 0, 0, 2, 1, 2, 0, 1, 3, 0,
       3, 1, 0, 0, 0, 3, 3, 2, 2, 3, 0, 0, 2, 3, 0, 2, 1, 1, 0, 0, 1, 2,
       2, 2, 3, 1, 1, 3, 0, 0, 0, 1, 1, 3, 2, 0, 2, 3, 3, 0, 2, 0, 1, 3,
       3, 0, 3, 2, 1, 2, 2, 0, 3, 0, 0, 1, 2, 3, 1, 3, 3, 2, 3, 2, 3, 3,
       0, 1, 1, 0, 1, 1, 1, 2, 0, 0, 1, 3, 2, 2, 1, 3, 1, 1, 1, 1, 2, 2,
       2, 3, 2, 0, 2, 3, 1, 1, 0, 3, 1, 1, 3, 0, 3, 3, 2, 1, 1, 0, 2, 3,
       1, 2, 3, 1, 0, 2, 1, 1, 3, 2, 3, 3, 1, 1, 1, 0, 0, 1, 2, 1, 0, 2,
       0, 1, 3, 0, 0, 0, 3, 1, 3, 3, 3, 1, 1, 0, 0, 0, 1, 0, 1, 0, 0, 1,
       1, 3, 3, 3, 3, 2, 3, 3, 3, 2, 3, 0, 1, 0, 1, 3, 0, 2, 2, 1, 0, 1,
       3, 2, 1, 2, 2, 1, 1, 3, 1, 0, 0, 2, 1, 3, 1, 0, 3, 3, 0, 1, 1, 3,
       0, 2, 0, 0, 3, 3, 1, 1, 3, 3, 1, 1, 0, 3, 1, 3, 0, 0, 0, 0, 1, 2,
       3, 0, 3, 0, 0, 0, 3, 1, 2, 3, 0, 2, 2, 1, 2, 2, 0, 2, 2, 3, 3, 2,
       0, 0, 3, 1, 0, 2, 0, 0, 2, 3, 2, 1, 0, 3, 0, 1, 3, 3, 3, 1, 2, 3,
       1, 2, 3, 2, 3, 3, 0, 0, 2, 2, 0, 0, 2, 0, 3, 1, 2, 3, 2, 1, 0, 1,
       0, 1, 1, 0, 2, 2, 0, 1, 2, 0, 2, 2, 3, 1, 2, 1, 2, 1, 1, 3, 3, 2,
       3, 1, 1, 3, 1, 0, 2, 1, 0, 3, 0, 2, 0, 0, 1, 0, 1, 3, 1, 1, 2, 1,
       1, 0, 2, 1, 0, 1, 2, 2, 2, 2, 2, 0, 3, 2, 0, 2, 2, 1, 1, 3, 2, 3,
       1, 3, 3, 2, 3, 0, 3, 1, 2, 3, 3, 1, 1, 0, 0, 2, 1, 3, 3, 2, 3, 0,
       0, 3, 0, 0, 3, 1, 0, 0, 0, 3, 1, 2, 1, 3, 2, 0, 0, 1, 2, 2, 0, 0,
       3, 0, 3, 1, 3, 3, 3, 2, 3, 0, 0, 2, 0, 2, 1, 0, 2, 2, 1, 2, 2, 3,
       2, 2, 3, 3, 0, 1, 0, 2, 2, 3, 2, 2, 2, 3, 1, 1, 2, 1, 0, 1, 3, 0,
       3, 1, 1, 3, 0, 0, 3, 1, 3, 1, 0, 3, 0, 3, 3, 0, 0, 0, 1, 3, 3, 0,
       1, 2, 3, 2, 1, 0, 1, 0, 0, 1, 3, 3, 2, 2, 1, 2, 0, 3, 3, 3, 3, 3,
       2, 1, 0, 0, 3, 3, 3, 3, 1, 2, 3, 0, 2, 3, 2, 0, 1, 2, 3, 2, 0, 3,
       0, 1, 1, 0, 1, 3, 2, 2, 2, 1, 1, 2, 3, 0, 3, 0, 0, 0, 1, 1, 3, 1,
       3, 3, 2, 0, 2, 2, 1, 2, 2, 1, 1, 1, 3, 1, 0, 2, 3, 3, 1, 2, 1, 1,
       3, 2, 3, 0, 0, 0, 2, 1, 0, 2, 3, 2, 1, 3, 2, 2, 2, 3, 0, 2, 1, 2,
       3, 0, 1, 0, 0, 1, 1, 3, 0, 1, 2, 3, 3, 0, 0, 1, 3, 3, 1, 2, 3, 0,
       2, 1, 3, 1, 2, 1, 3, 0, 3, 3, 2, 3, 0, 2, 0, 3, 2, 1, 1, 1, 3, 1,
       1, 0, 3, 0, 2, 2, 0, 2, 3, 0, 2, 3, 1, 0, 3, 3, 0, 3, 2, 1, 0, 2,
       1, 0, 0, 3, 2, 2, 1, 0, 1, 0, 0, 3, 3, 2, 0, 0, 3, 2, 0, 3, 1, 2,
       0, 0, 0, 2, 1, 2, 0, 0, 2, 0, 3, 1, 0, 2, 1, 1, 1, 2, 0, 2, 0, 3,
       0, 1, 2, 0, 3, 1, 1, 3, 0, 0, 3, 1, 3, 2, 0, 2, 1, 1, 1, 1, 2, 0,
       3, 2, 3, 1, 2, 3, 1, 0, 0, 3, 2, 0, 1, 1, 2, 2, 0, 0, 3, 2, 3, 0,
       2, 2, 2, 2, 2, 0, 2, 2, 0, 2, 2, 2, 0, 0, 3, 0, 1, 3, 0, 1, 1, 1,
       1, 3, 3, 3, 0, 1, 1, 1, 2, 0, 3, 2, 1, 3, 2, 2, 0, 0, 1, 1, 0, 1,
       1, 1, 2, 1, 3, 0, 1, 2, 0, 0, 0, 1, 3, 3, 2, 1, 0, 1, 1, 0, 3, 2,
       1, 2, 3, 0, 0, 1, 0, 2, 3, 0, 2, 2, 3, 0, 2, 1, 0, 1, 0, 1, 0, 0,
       0, 1, 1, 3, 0, 2, 0, 0, 1, 2, 3, 2, 2, 2, 3, 3, 0, 3, 1, 0],
      dtype=object)]
[11, array([-3998.57080078, -1999.28540039, -1999.28540039,     0.        ]), array([0, 0, 1, 0, 3, 1, 2, 0, 0, 0, 0, 3, 0, 0, 1, 0, 3, 2, 2, 3, 0, 2,
       1, 3, 2, 3, 3, 0, 1, 1, 0, 2, 3, 3, 3, 0, 3, 1, 0, 1, 0, 3, 0, 1,
       2, 1, 1, 2, 2, 1, 1, 1, 2, 1, 2, 2, 3, 0, 2, 3, 3, 1, 1, 3, 0, 0,
       2, 0, 0, 1, 0, 1, 3, 1, 1, 2, 2, 2, 2, 3, 3, 2, 2, 2, 3, 1, 3, 1,
       1, 1, 3, 0, 0, 1, 2, 3, 2, 2, 2, 0, 0, 2, 2, 2, 1, 0, 3, 0, 1, 0,
       2, 2, 0, 0, 0, 2, 0, 1, 1, 2, 3, 1, 2, 0, 0, 2, 1, 2, 0, 1, 3, 0,
       3, 1, 0, 0, 0, 3, 3, 2, 2, 3, 0, 0, 2, 3, 0, 2, 1, 1, 0, 0, 1, 2,
       2, 2, 3, 1, 1, 3, 0, 0, 0, 1, 1, 3, 2, 0, 2, 3, 3, 0, 2, 0, 1, 3,
       3, 0, 3, 2, 1, 2, 2, 0, 3, 0, 0, 1, 2, 3, 1, 3, 3, 2, 3, 2, 3, 3,
       0, 1, 1, 0, 1, 1, 1, 2, 0, 0, 1, 3, 2, 2, 1, 3, 1, 1, 1, 1, 2, 2,
       2, 3, 2, 0, 2, 3, 1, 1, 0, 3, 1, 1, 3, 0, 3, 3, 2, 1, 1, 0, 2, 3,
       1, 2, 3, 1, 0, 2, 1, 1, 3, 2, 3, 3, 1, 1, 1, 0, 0, 1, 2, 1, 0, 2,
       0, 1, 3, 0, 0, 0, 3, 1, 3, 3, 3, 1, 1, 0, 0, 0, 1, 0, 1, 0, 0, 1,
       1, 3, 3, 3, 3, 2, 3, 3, 3, 2, 3, 0, 1, 0, 1, 3, 0, 2, 2, 1, 0, 1,
       3, 2, 1, 2, 2, 1, 1, 3, 1, 0, 0, 2, 1, 3, 1, 0, 3, 3, 0, 1, 1, 3,
       0, 2, 0, 0, 3, 3, 1, 1, 3, 3, 1, 1, 0, 3, 1, 3, 0, 0, 0, 0, 1, 2,
       3, 0, 3, 0, 0, 0, 3, 1, 2, 3, 0, 2, 2, 1, 2, 2, 0, 2, 2, 3, 3, 2,
       0, 0, 3, 1, 0, 2, 0, 0, 2, 3, 2, 1, 0, 3, 0, 1, 3, 3, 3, 1, 2, 3,
       1, 2, 3, 2, 3, 3, 0, 0, 2, 2, 0, 0, 2, 0, 3, 1, 2, 3, 2, 1, 0, 1,
       0, 1, 1, 0, 2, 2, 0, 1, 2, 0, 2, 2, 3, 1, 2, 1, 2, 1, 1, 3, 3, 2,
       3, 1, 1, 3, 1, 0, 2, 1, 0, 3, 0, 2, 0, 0, 1, 0, 1, 3, 1, 1, 2, 1,
       1, 0, 2, 1, 0, 1, 2, 2, 2, 2, 2, 0, 3, 2, 0, 2, 2, 1, 1, 3, 2, 3,
       1, 3, 3, 2, 3, 0, 3, 1, 2, 3, 3, 1, 1, 0, 0, 2, 1, 3, 3, 2, 3, 0,
       0, 3, 0, 0, 3, 1, 0, 0, 0, 3, 1, 2, 1, 3, 2, 0, 0, 1, 2, 2, 0, 0,
       3, 0, 3, 1, 3, 3, 3, 2, 3, 0, 0, 2, 0, 2, 1, 0, 2, 2, 1, 2, 2, 3,
       2, 2, 3, 3, 0, 1, 0, 2, 2, 3, 2, 2, 2, 3, 1, 1, 2, 1, 0, 1, 3, 0,
       3, 1, 1, 3, 0, 0, 3, 1, 3, 1, 0, 3, 0, 3, 3, 0, 0, 0, 1, 3, 3, 0,
       1, 2, 3, 2, 1, 0, 1, 0, 0, 1, 3, 3, 2, 2, 1, 2, 0, 3, 3, 3, 3, 3,
       2, 1, 0, 0, 3, 3, 3, 3, 1, 2, 3, 0, 2, 3, 2, 0, 1, 2, 3, 2, 0, 3,
       0, 1, 1, 0, 1, 3, 2, 2, 2, 1, 1, 2, 3, 0, 3, 0, 0, 0, 1, 1, 3, 1,
       3, 3, 2, 0, 2, 2, 1, 2, 2, 1, 1, 1, 3, 1, 0, 2, 3, 3, 1, 2, 1, 1,
       3, 2, 3, 0, 0, 0, 2, 1, 0, 2, 3, 2, 1, 3, 2, 2, 2, 3, 0, 2, 1, 2,
       3, 0, 1, 0, 0, 1, 1, 3, 0, 1, 2, 3, 3, 0, 0, 1, 3, 3, 1, 2, 3, 0,
       2, 1, 3, 1, 2, 1, 3, 0, 3, 3, 2, 3, 0, 2, 0, 3, 2, 1, 1, 1, 3, 1,
       1, 0, 3, 0, 2, 2, 0, 2, 3, 0, 2, 3, 1, 0, 3, 3, 0, 3, 2, 1, 0, 2,
       1, 0, 0, 3, 2, 2, 1, 0, 1, 0, 0, 3, 3, 2, 0, 0, 3, 2, 0, 3, 1, 2,
       0, 0, 0, 2, 1, 2, 0, 0, 2, 0, 3, 1, 0, 2, 1, 1, 1, 2, 0, 2, 0, 3,
       0, 1, 2, 0, 3, 1, 1, 3, 0, 0, 3, 1, 3, 2, 0, 2, 1, 1, 1, 1, 2, 0,
       3, 2, 3, 1, 2, 3, 1, 0, 0, 3, 2, 0, 1, 1, 2, 2, 0, 0, 3, 2, 3, 0,
       2, 2, 2, 2, 2, 0, 2, 2, 0, 2, 2, 2, 0, 0, 3, 0, 1, 3, 0, 1, 1, 1,
       1, 3, 3, 3, 0, 1, 1, 1, 2, 0, 3, 2, 1, 3, 2, 2, 0, 0, 1, 1, 0, 1,
       1, 1, 2, 1, 3, 0, 1, 2, 0, 0, 0, 1, 3, 3, 2, 1, 0, 1, 1, 0, 3, 2,
       1, 2, 3, 0, 0, 1, 0, 2, 3, 0, 2, 2, 3, 0, 2, 1, 0, 1, 0, 1, 0, 0,
       0, 1, 1, 3, 0, 2, 0, 0, 1, 2, 3, 2, 2, 2, 3, 3, 0, 3, 1, 0],
      dtype=object)]
[12, array([-3998.57080078, -1999.28540039, -1999.28540039,     0.        ]), array([0, 0, 1, 0, 3, 1, 2, 0, 0, 0, 0, 3, 0, 0, 1, 0, 3, 2, 2, 3, 0, 2,
       1, 3, 2, 3, 3, 0, 1, 1, 0, 2, 3, 3, 3, 0, 3, 1, 0, 1, 0, 3, 0, 1,
       2, 1, 1, 2, 2, 1, 1, 1, 2, 1, 2, 2, 3, 0, 2, 3, 3, 1, 1, 3, 0, 0,
       2, 0, 0, 1, 0, 1, 3, 1, 1, 2, 2, 2, 2, 3, 3, 2, 2, 2, 3, 1, 3, 1,
       1, 1, 3, 0, 0, 1, 2, 3, 2, 2, 2, 0, 0, 2, 2, 2, 1, 0, 3, 0, 1, 0,
       2, 2, 0, 0, 0, 2, 0, 1, 1, 2, 3, 1, 2, 0, 0, 2, 1, 2, 0, 1, 3, 0,
       3, 1, 0, 0, 0, 3, 3, 2, 2, 3, 0, 0, 2, 3, 0, 2, 1, 1, 0, 0, 1, 2,
       2, 2, 3, 1, 1, 3, 0, 0, 0, 1, 1, 3, 2, 0, 2, 3, 3, 0, 2, 0, 1, 3,
       3, 0, 3, 2, 1, 2, 2, 0, 3, 0, 0, 1, 2, 3, 1, 3, 3, 2, 3, 2, 3, 3,
       0, 1, 1, 0, 1, 1, 1, 2, 0, 0, 1, 3, 2, 2, 1, 3, 1, 1, 1, 1, 2, 2,
       2, 3, 2, 0, 2, 3, 1, 1, 0, 3, 1, 1, 3, 0, 3, 3, 2, 1, 1, 0, 2, 3,
       1, 2, 3, 1, 0, 2, 1, 1, 3, 2, 3, 3, 1, 1, 1, 0, 0, 1, 2, 1, 0, 2,
       0, 1, 3, 0, 0, 0, 3, 1, 3, 3, 3, 1, 1, 0, 0, 0, 1, 0, 0, 0, 0, 1,
       1, 3, 3, 3, 3, 2, 3, 3, 3, 2, 3, 0, 1, 0, 1, 3, 0, 2, 2, 1, 0, 1,
       3, 2, 1, 2, 2, 1, 1, 3, 1, 0, 0, 2, 1, 3, 1, 0, 3, 3, 0, 1, 1, 3,
       0, 2, 0, 0, 3, 3, 1, 1, 3, 3, 1, 1, 0, 3, 1, 3, 0, 0, 0, 0, 1, 2,
       3, 0, 3, 0, 0, 0, 3, 1, 2, 3, 0, 2, 2, 1, 2, 2, 0, 2, 2, 3, 2, 2,
       0, 0, 3, 1, 0, 2, 0, 0, 2, 3, 2, 1, 0, 3, 0, 1, 3, 3, 3, 1, 2, 3,
       1, 1, 3, 2, 3, 3, 0, 0, 2, 2, 0, 0, 2, 0, 3, 1, 2, 3, 2, 1, 0, 1,
       0, 1, 1, 0, 2, 2, 0, 1, 2, 0, 2, 2, 3, 1, 2, 1, 2, 1, 1, 3, 3, 2,
       3, 1, 1, 3, 1, 0, 2, 1, 0, 3, 0, 2, 0, 0, 1, 0, 1, 3, 1, 1, 2, 1,
       1, 0, 2, 1, 0, 1, 2, 2, 2, 2, 2, 0, 3, 2, 0, 2, 2, 1, 1, 3, 2, 3,
       1, 0, 3, 2, 3, 0, 3, 1, 2, 3, 3, 1, 1, 0, 0, 2, 1, 3, 3, 2, 3, 0,
       0, 3, 0, 0, 3, 1, 0, 0, 0, 3, 1, 2, 1, 3, 2, 0, 0, 1, 2, 2, 0, 0,
       3, 0, 3, 1, 3, 3, 3, 2, 3, 0, 0, 2, 0, 2, 1, 0, 2, 2, 1, 2, 2, 3,
       2, 2, 3, 3, 0, 1, 0, 2, 2, 3, 2, 2, 2, 3, 1, 1, 2, 1, 0, 1, 3, 0,
       3, 1, 1, 3, 0, 0, 3, 1, 3, 1, 0, 3, 0, 3, 3, 0, 0, 0, 1, 3, 3, 0,
       1, 2, 3, 2, 1, 0, 1, 0, 0, 1, 3, 3, 2, 2, 1, 2, 0, 3, 3, 3, 3, 3,
       2, 1, 0, 0, 3, 3, 3, 3, 1, 2, 3, 0, 2, 3, 2, 0, 1, 2, 3, 2, 0, 3,
       0, 1, 1, 0, 1, 3, 2, 2, 2, 1, 1, 2, 3, 0, 3, 0, 0, 0, 1, 1, 3, 1,
       3, 3, 2, 0, 2, 2, 1, 2, 2, 1, 1, 1, 3, 1, 0, 2, 3, 3, 1, 2, 1, 1,
       3, 2, 3, 0, 0, 0, 2, 1, 0, 2, 3, 2, 1, 3, 2, 2, 2, 3, 0, 2, 1, 2,
       3, 0, 1, 0, 0, 1, 1, 3, 0, 1, 2, 3, 3, 0, 0, 1, 3, 3, 1, 2, 3, 0,
       2, 1, 3, 1, 2, 1, 3, 0, 3, 3, 2, 3, 0, 2, 0, 3, 2, 1, 1, 1, 3, 1,
       1, 0, 3, 0, 2, 2, 0, 2, 3, 0, 2, 3, 1, 0, 3, 3, 0, 3, 2, 1, 0, 2,
       1, 0, 0, 3, 2, 2, 1, 0, 1, 0, 0, 3, 3, 2, 0, 0, 3, 2, 0, 3, 1, 2,
       0, 0, 0, 2, 1, 2, 0, 0, 2, 0, 3, 1, 0, 2, 1, 1, 1, 2, 0, 2, 0, 3,
       0, 1, 2, 0, 3, 1, 1, 3, 0, 0, 3, 1, 3, 2, 0, 2, 1, 1, 1, 1, 2, 0,
       3, 2, 3, 1, 2, 3, 1, 0, 0, 3, 2, 0, 1, 1, 2, 3, 0, 0, 3, 2, 3, 0,
       2, 2, 2, 2, 2, 0, 2, 2, 0, 2, 2, 2, 0, 0, 3, 0, 1, 3, 0, 1, 1, 1,
       1, 3, 3, 3, 0, 1, 1, 1, 2, 0, 3, 2, 1, 3, 2, 2, 0, 0, 1, 1, 0, 1,
       1, 1, 2, 1, 3, 0, 1, 2, 0, 0, 0, 1, 3, 3, 2, 1, 0, 1, 1, 0, 3, 2,
       1, 2, 3, 0, 0, 1, 0, 2, 3, 0, 2, 2, 3, 0, 2, 1, 0, 1, 0, 1, 0, 0,
       0, 1, 1, 3, 0, 2, 0, 0, 1, 2, 3, 2, 2, 2, 3, 3, 0, 3, 1, 0],
      dtype=object)]
[12, array([-3998.57080078, -1999.28540039, -1999.28540039,     0.        ]), array([0, 0, 1, 0, 3, 1, 2, 0, 0, 0, 0, 3, 0, 0, 1, 0, 3, 2, 2, 3, 0, 2,
       1, 3, 2, 3, 3, 0, 1, 1, 0, 2, 3, 3, 3, 0, 3, 1, 0, 1, 0, 3, 0, 1,
       2, 1, 1, 2, 2, 1, 1, 1, 2, 1, 2, 2, 3, 0, 2, 3, 3, 1, 1, 3, 0, 0,
       2, 0, 0, 1, 0, 1, 3, 1, 1, 2, 2, 2, 2, 3, 3, 2, 2, 2, 3, 1, 3, 1,
       1, 1, 3, 0, 0, 1, 2, 3, 2, 2, 2, 0, 0, 2, 2, 2, 1, 0, 3, 0, 1, 0,
       2, 2, 0, 0, 0, 2, 0, 1, 1, 2, 3, 1, 2, 0, 0, 2, 1, 2, 0, 1, 3, 0,
       3, 1, 0, 0, 0, 3, 3, 2, 2, 3, 0, 0, 2, 3, 0, 2, 1, 1, 0, 0, 1, 2,
       2, 2, 3, 1, 1, 3, 0, 0, 0, 1, 1, 3, 2, 0, 2, 3, 3, 0, 2, 0, 1, 3,
       3, 0, 3, 2, 1, 2, 2, 0, 3, 0, 0, 1, 2, 3, 1, 3, 3, 2, 3, 2, 3, 3,
       0, 1, 1, 0, 1, 1, 1, 2, 0, 0, 1, 3, 2, 2, 1, 3, 1, 1, 1, 1, 2, 2,
       2, 3, 2, 0, 2, 3, 1, 1, 0, 3, 1, 1, 3, 0, 3, 3, 2, 1, 1, 0, 2, 3,
       1, 2, 3, 1, 0, 2, 1, 1, 3, 2, 3, 3, 1, 1, 1, 0, 0, 1, 2, 1, 0, 2,
       0, 1, 3, 0, 0, 0, 3, 1, 3, 3, 3, 1, 1, 0, 0, 0, 1, 0, 0, 0, 0, 1,
       1, 3, 3, 3, 3, 2, 3, 3, 3, 2, 3, 0, 1, 0, 1, 3, 0, 2, 2, 1, 0, 1,
       3, 2, 1, 2, 2, 1, 1, 3, 1, 0, 0, 2, 1, 3, 1, 0, 3, 3, 0, 1, 1, 3,
       0, 2, 0, 0, 3, 3, 1, 1, 3, 3, 1, 1, 0, 3, 1, 3, 0, 0, 0, 0, 1, 2,
       3, 0, 3, 0, 0, 0, 3, 1, 2, 3, 0, 2, 2, 1, 2, 2, 0, 2, 2, 3, 2, 2,
       0, 0, 3, 1, 0, 2, 0, 0, 2, 3, 2, 1, 0, 3, 0, 1, 3, 3, 3, 1, 2, 3,
       1, 1, 3, 2, 3, 3, 0, 0, 2, 2, 0, 0, 2, 0, 3, 1, 2, 3, 2, 1, 0, 1,
       0, 1, 1, 0, 2, 2, 0, 1, 2, 0, 2, 2, 3, 1, 2, 1, 2, 1, 1, 3, 3, 2,
       3, 1, 1, 3, 1, 0, 2, 1, 0, 3, 0, 2, 0, 0, 1, 0, 1, 3, 1, 1, 2, 1,
       1, 0, 2, 1, 0, 1, 2, 2, 2, 2, 2, 0, 3, 2, 0, 2, 2, 1, 1, 3, 2, 3,
       1, 0, 3, 2, 3, 0, 3, 1, 2, 3, 3, 1, 1, 0, 0, 2, 1, 3, 3, 2, 3, 0,
       0, 3, 0, 0, 3, 1, 0, 0, 0, 3, 1, 2, 1, 3, 2, 0, 0, 1, 2, 2, 0, 0,
       3, 0, 3, 1, 3, 3, 3, 2, 3, 0, 0, 2, 0, 2, 1, 0, 2, 2, 1, 2, 2, 3,
       2, 2, 3, 3, 0, 1, 0, 2, 2, 3, 2, 2, 2, 3, 1, 1, 2, 1, 0, 1, 3, 0,
       3, 1, 1, 3, 0, 0, 3, 1, 3, 1, 0, 3, 0, 3, 3, 0, 0, 0, 1, 3, 3, 0,
       1, 2, 3, 2, 1, 0, 1, 0, 0, 1, 3, 3, 2, 2, 1, 2, 0, 3, 3, 3, 3, 3,
       2, 1, 0, 0, 3, 3, 3, 3, 1, 2, 3, 0, 2, 3, 2, 0, 1, 2, 3, 2, 0, 3,
       0, 1, 1, 0, 1, 3, 2, 2, 2, 1, 1, 2, 3, 0, 3, 0, 0, 0, 1, 1, 3, 1,
       3, 3, 2, 0, 2, 2, 1, 2, 2, 1, 1, 1, 3, 1, 0, 2, 3, 3, 1, 2, 1, 1,
       3, 2, 3, 0, 0, 0, 2, 1, 0, 2, 3, 2, 1, 3, 2, 2, 2, 3, 0, 2, 1, 2,
       3, 0, 1, 0, 0, 1, 1, 3, 0, 1, 2, 3, 3, 0, 0, 1, 3, 3, 1, 2, 3, 0,
       2, 1, 3, 1, 2, 1, 3, 0, 3, 3, 2, 3, 0, 2, 0, 3, 2, 1, 1, 1, 3, 1,
       1, 0, 3, 0, 2, 2, 0, 2, 3, 0, 2, 3, 1, 0, 3, 3, 0, 3, 2, 1, 0, 2,
       1, 0, 0, 3, 2, 2, 1, 0, 1, 0, 0, 3, 3, 2, 0, 0, 3, 2, 0, 3, 1, 2,
       0, 0, 0, 2, 1, 2, 0, 0, 2, 0, 3, 1, 0, 2, 1, 1, 1, 2, 0, 2, 0, 3,
       0, 1, 2, 0, 3, 1, 1, 3, 0, 0, 3, 1, 3, 2, 0, 2, 1, 1, 1, 1, 2, 0,
       3, 2, 3, 1, 2, 3, 1, 0, 0, 3, 2, 0, 1, 1, 2, 3, 0, 0, 3, 2, 3, 0,
       2, 2, 2, 2, 2, 0, 2, 2, 0, 2, 2, 2, 0, 0, 3, 0, 1, 3, 0, 1, 1, 1,
       1, 3, 3, 3, 0, 1, 1, 1, 2, 0, 3, 2, 1, 3, 2, 2, 0, 0, 1, 1, 0, 1,
       1, 1, 2, 1, 3, 0, 1, 2, 0, 0, 0, 1, 3, 3, 2, 1, 0, 1, 1, 0, 3, 2,
       1, 2, 3, 0, 0, 1, 0, 2, 3, 0, 2, 2, 3, 0, 2, 1, 0, 1, 0, 1, 0, 0,
       0, 1, 1, 3, 0, 2, 0, 0, 1, 2, 3, 2, 2, 2, 3, 3, 0, 3, 1, 0],
      dtype=object)]
[12, array([-3998.57080078, -1999.28540039, -1999.28540039,     0.        ]), array([0, 0, 1, 0, 3, 1, 2, 0, 0, 0, 0, 3, 0, 0, 1, 0, 3, 2, 2, 3, 0, 2,
       1, 3, 2, 3, 3, 0, 1, 1, 0, 2, 3, 3, 3, 0, 3, 1, 0, 1, 0, 3, 0, 1,
       2, 1, 1, 2, 2, 1, 1, 1, 2, 1, 2, 2, 3, 0, 2, 3, 3, 1, 1, 3, 0, 0,
       2, 0, 0, 1, 0, 1, 3, 1, 1, 2, 2, 2, 2, 3, 3, 2, 2, 2, 3, 1, 3, 1,
       1, 1, 3, 0, 0, 1, 2, 3, 2, 2, 2, 0, 0, 2, 2, 2, 1, 0, 3, 0, 1, 0,
       2, 2, 0, 0, 0, 2, 0, 1, 1, 2, 3, 1, 2, 0, 0, 2, 1, 2, 0, 1, 3, 0,
       3, 1, 0, 0, 0, 3, 3, 2, 2, 3, 0, 0, 2, 3, 0, 2, 1, 1, 0, 0, 1, 2,
       2, 2, 3, 1, 1, 3, 0, 0, 0, 1, 1, 3, 2, 0, 2, 3, 3, 0, 2, 0, 1, 3,
       3, 0, 3, 2, 1, 2, 2, 0, 3, 0, 0, 1, 2, 3, 1, 3, 3, 2, 3, 2, 3, 3,
       0, 1, 1, 0, 1, 1, 1, 2, 0, 0, 1, 3, 2, 2, 1, 3, 1, 1, 1, 1, 2, 2,
       2, 3, 2, 0, 2, 3, 1, 1, 0, 3, 1, 1, 3, 0, 3, 3, 2, 1, 1, 0, 2, 3,
       1, 2, 3, 1, 0, 2, 1, 1, 3, 2, 3, 3, 1, 1, 1, 0, 0, 1, 2, 1, 0, 2,
       0, 1, 3, 0, 0, 0, 3, 1, 3, 3, 3, 1, 1, 0, 0, 0, 1, 0, 0, 0, 0, 1,
       1, 3, 3, 3, 3, 2, 3, 3, 3, 2, 3, 0, 1, 0, 1, 3, 0, 2, 2, 1, 0, 1,
       3, 2, 1, 2, 2, 1, 1, 3, 1, 0, 0, 2, 1, 3, 1, 0, 3, 3, 0, 1, 1, 3,
       0, 2, 0, 0, 3, 3, 1, 1, 3, 3, 1, 1, 0, 3, 1, 3, 0, 0, 0, 0, 1, 2,
       3, 0, 3, 0, 0, 0, 3, 1, 2, 3, 0, 2, 2, 1, 2, 2, 0, 2, 2, 3, 2, 2,
       0, 0, 3, 1, 0, 2, 0, 0, 2, 3, 2, 1, 0, 3, 0, 1, 3, 3, 3, 1, 2, 3,
       1, 1, 3, 2, 3, 3, 0, 0, 2, 2, 0, 0, 2, 0, 3, 1, 2, 3, 2, 1, 0, 1,
       0, 1, 1, 0, 2, 2, 0, 1, 2, 0, 2, 2, 3, 1, 2, 1, 2, 1, 1, 3, 3, 2,
       3, 1, 1, 3, 1, 0, 2, 1, 0, 3, 0, 2, 0, 0, 1, 0, 1, 3, 1, 1, 2, 1,
       1, 0, 2, 1, 0, 1, 2, 2, 2, 2, 2, 0, 3, 2, 0, 2, 2, 1, 1, 3, 2, 3,
       1, 0, 3, 2, 3, 0, 3, 1, 2, 3, 3, 1, 1, 0, 0, 2, 1, 3, 3, 2, 3, 0,
       0, 3, 0, 0, 3, 1, 0, 0, 0, 3, 1, 2, 1, 3, 2, 0, 0, 1, 2, 2, 0, 0,
       3, 0, 3, 1, 3, 3, 3, 2, 3, 0, 0, 2, 0, 2, 1, 0, 2, 2, 1, 2, 2, 3,
       2, 2, 3, 3, 0, 1, 0, 2, 2, 3, 2, 2, 2, 3, 1, 1, 2, 1, 0, 1, 3, 0,
       3, 1, 1, 3, 0, 0, 3, 1, 3, 1, 0, 3, 0, 3, 3, 0, 0, 0, 1, 3, 3, 0,
       1, 2, 3, 2, 1, 0, 1, 0, 0, 1, 3, 3, 2, 2, 1, 2, 0, 3, 3, 3, 3, 3,
       2, 1, 0, 0, 3, 3, 3, 3, 1, 2, 3, 0, 2, 3, 2, 0, 1, 2, 3, 2, 0, 3,
       0, 1, 1, 0, 1, 3, 2, 2, 2, 1, 1, 2, 3, 0, 3, 0, 0, 0, 1, 1, 3, 1,
       3, 3, 2, 0, 2, 2, 1, 2, 2, 1, 1, 1, 3, 1, 0, 2, 3, 3, 1, 2, 1, 1,
       3, 2, 3, 0, 0, 0, 2, 1, 0, 2, 3, 2, 1, 3, 2, 2, 2, 3, 0, 2, 1, 2,
       3, 0, 1, 0, 0, 1, 1, 3, 0, 1, 2, 3, 3, 0, 0, 1, 3, 3, 1, 2, 3, 0,
       2, 1, 3, 1, 2, 1, 3, 0, 3, 3, 2, 3, 0, 2, 0, 3, 2, 1, 1, 1, 3, 1,
       1, 0, 3, 0, 2, 2, 0, 2, 3, 0, 2, 3, 1, 0, 3, 3, 0, 3, 2, 1, 0, 2,
       1, 0, 0, 3, 2, 2, 1, 0, 1, 0, 0, 3, 3, 2, 0, 0, 3, 2, 0, 3, 1, 2,
       0, 0, 0, 2, 1, 2, 0, 0, 2, 0, 3, 1, 0, 2, 1, 1, 1, 2, 0, 2, 0, 3,
       0, 1, 2, 0, 3, 1, 1, 3, 0, 0, 3, 1, 3, 2, 0, 2, 1, 1, 1, 1, 2, 0,
       3, 2, 3, 1, 2, 3, 1, 0, 0, 3, 2, 0, 1, 1, 2, 3, 0, 0, 3, 2, 3, 0,
       2, 2, 2, 2, 2, 0, 2, 2, 0, 2, 2, 2, 0, 0, 3, 0, 1, 3, 0, 1, 1, 1,
       1, 3, 3, 3, 0, 1, 1, 1, 2, 0, 3, 2, 1, 3, 2, 2, 0, 0, 1, 1, 0, 1,
       1, 1, 2, 1, 3, 0, 1, 2, 0, 0, 0, 1, 3, 3, 2, 1, 0, 1, 1, 0, 3, 2,
       1, 2, 3, 0, 0, 1, 0, 2, 3, 0, 2, 2, 3, 0, 2, 1, 0, 1, 0, 1, 0, 0,
       0, 1, 1, 3, 0, 2, 0, 0, 1, 2, 3, 2, 2, 2, 3, 3, 0, 3, 1, 0],
      dtype=object)]
[12, array([-3998.57080078, -1999.28540039, -1999.28540039,     0.        ]), array([0, 0, 1, 0, 3, 1, 2, 0, 0, 0, 0, 3, 0, 0, 1, 0, 3, 2, 2, 3, 0, 2,
       1, 3, 2, 3, 3, 0, 1, 1, 0, 2, 3, 3, 3, 0, 3, 1, 0, 1, 0, 3, 0, 1,
       2, 1, 1, 2, 2, 1, 1, 1, 2, 1, 2, 2, 3, 0, 2, 3, 3, 1, 1, 3, 0, 0,
       2, 0, 0, 1, 0, 1, 3, 1, 1, 2, 2, 2, 2, 3, 3, 2, 2, 2, 3, 1, 3, 1,
       1, 1, 3, 0, 0, 1, 2, 3, 2, 2, 2, 0, 0, 2, 2, 2, 1, 0, 3, 0, 1, 0,
       2, 2, 0, 0, 0, 2, 0, 1, 1, 2, 3, 1, 2, 0, 0, 2, 1, 2, 0, 1, 3, 0,
       3, 1, 0, 0, 0, 3, 3, 2, 2, 3, 0, 0, 2, 3, 0, 2, 1, 1, 0, 0, 1, 2,
       2, 2, 3, 1, 1, 3, 0, 0, 0, 1, 1, 3, 2, 0, 2, 3, 3, 0, 2, 0, 1, 3,
       3, 0, 3, 2, 1, 2, 2, 0, 3, 0, 0, 1, 2, 3, 1, 3, 3, 2, 3, 2, 3, 3,
       0, 1, 1, 0, 1, 1, 1, 2, 0, 0, 1, 3, 2, 2, 1, 3, 1, 1, 1, 1, 2, 2,
       2, 3, 2, 0, 2, 3, 1, 1, 0, 3, 1, 1, 3, 0, 3, 3, 2, 1, 1, 0, 2, 3,
       1, 2, 3, 1, 0, 2, 1, 1, 3, 2, 3, 3, 1, 1, 1, 0, 0, 1, 2, 1, 0, 2,
       0, 1, 3, 0, 0, 0, 3, 1, 3, 3, 3, 1, 1, 0, 0, 0, 1, 0, 0, 0, 0, 1,
       1, 3, 3, 3, 3, 2, 3, 3, 3, 2, 3, 0, 1, 0, 1, 3, 0, 2, 2, 1, 0, 1,
       3, 2, 1, 2, 2, 1, 1, 3, 1, 0, 0, 2, 1, 3, 1, 0, 3, 3, 0, 1, 1, 3,
       0, 2, 0, 0, 3, 3, 1, 1, 3, 3, 1, 1, 0, 3, 1, 3, 0, 0, 0, 0, 1, 2,
       3, 0, 3, 0, 0, 0, 3, 1, 2, 3, 0, 2, 2, 1, 2, 2, 0, 2, 2, 3, 2, 2,
       0, 0, 3, 1, 0, 2, 0, 0, 2, 3, 2, 1, 0, 3, 0, 1, 3, 3, 3, 1, 2, 3,
       1, 1, 3, 2, 3, 3, 0, 0, 2, 2, 0, 0, 2, 0, 3, 1, 2, 3, 2, 1, 0, 1,
       0, 1, 1, 0, 2, 2, 0, 1, 2, 0, 2, 2, 3, 1, 2, 1, 2, 1, 1, 3, 3, 2,
       3, 1, 1, 3, 1, 0, 2, 1, 0, 3, 0, 2, 0, 0, 1, 0, 1, 3, 1, 1, 2, 1,
       1, 0, 2, 1, 0, 1, 2, 2, 2, 2, 2, 0, 3, 2, 0, 2, 2, 1, 1, 3, 2, 3,
       1, 0, 3, 2, 3, 0, 3, 1, 2, 3, 3, 1, 1, 0, 0, 2, 1, 3, 3, 2, 3, 0,
       0, 3, 0, 0, 3, 1, 0, 0, 0, 3, 1, 2, 1, 3, 2, 0, 0, 1, 2, 2, 0, 0,
       3, 0, 3, 1, 3, 3, 3, 2, 3, 0, 0, 2, 0, 2, 1, 0, 2, 2, 1, 2, 2, 3,
       2, 2, 3, 3, 0, 1, 0, 2, 2, 3, 2, 2, 2, 3, 1, 1, 2, 1, 0, 1, 3, 0,
       3, 1, 1, 3, 0, 0, 3, 1, 3, 1, 0, 3, 0, 3, 3, 0, 0, 0, 1, 3, 3, 0,
       1, 2, 3, 2, 1, 0, 1, 0, 0, 1, 3, 3, 2, 2, 1, 2, 0, 3, 3, 3, 3, 3,
       2, 1, 0, 0, 3, 3, 3, 3, 1, 2, 3, 0, 2, 3, 2, 0, 1, 2, 3, 2, 0, 3,
       0, 1, 1, 0, 1, 3, 2, 2, 2, 1, 1, 2, 3, 0, 3, 0, 0, 0, 1, 1, 3, 1,
       3, 3, 2, 0, 2, 2, 1, 2, 2, 1, 1, 1, 3, 1, 0, 2, 3, 3, 1, 2, 1, 1,
       3, 2, 3, 0, 0, 0, 2, 1, 0, 2, 3, 2, 1, 3, 2, 2, 2, 3, 0, 2, 1, 2,
       3, 0, 1, 0, 0, 1, 1, 3, 0, 1, 2, 3, 3, 0, 0, 1, 3, 3, 1, 2, 3, 0,
       2, 1, 3, 1, 2, 1, 3, 0, 3, 3, 2, 3, 0, 2, 0, 3, 2, 1, 1, 1, 3, 1,
       1, 0, 3, 0, 2, 2, 0, 2, 3, 0, 2, 3, 1, 0, 3, 3, 0, 3, 2, 1, 0, 2,
       1, 0, 0, 3, 2, 2, 1, 0, 1, 0, 0, 3, 3, 2, 0, 0, 3, 2, 0, 3, 1, 2,
       0, 0, 0, 2, 1, 2, 0, 0, 2, 0, 3, 1, 0, 2, 1, 1, 1, 2, 0, 2, 0, 3,
       0, 1, 2, 0, 3, 1, 1, 3, 0, 0, 3, 1, 3, 2, 0, 2, 1, 1, 1, 1, 2, 0,
       3, 2, 3, 1, 2, 3, 1, 0, 0, 3, 2, 0, 1, 1, 2, 3, 0, 0, 3, 2, 3, 0,
       2, 2, 2, 2, 2, 0, 2, 2, 0, 2, 2, 2, 0, 0, 3, 0, 1, 3, 0, 1, 1, 1,
       1, 3, 3, 3, 0, 1, 1, 1, 2, 0, 3, 2, 1, 3, 2, 2, 0, 0, 1, 1, 0, 1,
       1, 1, 2, 1, 3, 0, 1, 2, 0, 0, 0, 1, 3, 3, 2, 1, 0, 1, 1, 0, 3, 2,
       1, 2, 3, 0, 0, 1, 0, 2, 3, 0, 2, 2, 3, 0, 2, 1, 0, 1, 0, 1, 0, 0,
       0, 1, 1, 3, 0, 2, 0, 0, 1, 2, 3, 2, 2, 2, 3, 3, 0, 3, 1, 0],
      dtype=object)]
[13, array([-0.80903709, -0.40451854, -0.40451854,  0.        ]), array([2, 0, 2, 1, 3, 0, 2, 0, 1, 0, 1, 3, 2, 1, 3, 1, 1, 1, 1, 1, 3, 2,
       1, 3, 2, 0, 3, 0, 1, 0, 0, 2, 3, 3, 3, 0, 3, 1, 0, 1, 2, 2, 1, 1,
       2, 2, 1, 0, 1, 0, 2, 1, 2, 1, 0, 2, 1, 0, 2, 1, 1, 0, 1, 2, 0, 0,
       0, 3, 0, 1, 0, 2, 3, 1, 1, 1, 1, 2, 2, 3, 3, 1, 3, 2, 0, 0, 1, 0,
       1, 1, 1, 3, 3, 1, 3, 3, 1, 1, 1, 0, 2, 1, 3, 0, 2, 2, 2, 0, 3, 2,
       0, 1, 2, 0, 1, 0, 3, 1, 1, 0, 0, 0, 0, 0, 2, 3, 3, 2, 1, 0, 1, 2,
       2, 0, 3, 2, 1, 0, 0, 1, 3, 1, 1, 0, 1, 3, 3, 1, 3, 2, 2, 0, 1, 3,
       1, 2, 3, 0, 2, 2, 3, 3, 0, 1, 2, 2, 2, 3, 2, 2, 3, 3, 1, 3, 2, 3,
       2, 3, 1, 1, 2, 0, 3, 1, 0, 0, 0, 3, 3, 3, 0, 3, 3, 2, 2, 0, 2, 0,
       2, 0, 2, 3, 0, 2, 0, 2, 2, 3, 1, 2, 2, 3, 3, 3, 2, 1, 1, 3, 0, 3,
       3, 1, 1, 1, 2, 1, 0, 1, 2, 2, 1, 3, 3, 2, 1, 3, 1, 2, 1, 2, 2, 1,
       3, 2, 3, 2, 3, 0, 0, 2, 3, 1, 3, 2, 0, 3, 1, 2, 3, 2, 1, 3, 0, 0,
       3, 2, 1, 1, 1, 1, 2, 0, 0, 1, 1, 0, 0, 0, 0, 3, 2, 2, 0, 0, 2, 2,
       3, 0, 2, 2, 0, 1, 0, 3, 0, 0, 0, 2, 0, 2, 0, 1, 2, 1, 1, 0, 2, 3,
       3, 2, 1, 3, 3, 3, 3, 3, 3, 0, 2, 2, 1, 1, 0, 0, 2, 2, 0, 3, 2, 0,
       3, 2, 3, 0, 3, 1, 3, 3, 1, 3, 2, 1, 3, 3, 3, 2, 3, 2, 1, 0, 2, 3,
       2, 3, 3, 2, 3, 3, 0, 1, 0, 1, 1, 2, 1, 0, 3, 3, 2, 0, 0, 1, 3, 3,
       3, 1, 0, 3, 3, 0, 2, 1, 3, 0, 2, 3, 3, 1, 1, 0, 0, 2, 1, 3, 0, 1,
       3, 1, 1, 2, 3, 1, 2, 0, 3, 0, 0, 3, 3, 2, 0, 3, 1, 0, 0, 3, 2, 3,
       2, 3, 0, 0, 0, 3, 3, 0, 1, 0, 1, 0, 2, 1, 2, 3, 2, 3, 0, 3, 0, 3,
       1, 0, 2, 3, 1, 1, 1, 3, 2, 3, 0, 1, 0, 0, 0, 2, 2, 1, 1, 2, 1, 0,
       0, 1, 1, 2, 0, 1, 2, 0, 0, 2, 3, 0, 1, 3, 3, 1, 2, 3, 1, 2, 1, 3,
       1, 1, 1, 0, 0, 0, 3, 3, 2, 0, 0, 1, 3, 3, 3, 1, 3, 3, 3, 1, 1, 1,
       3, 1, 0, 2, 0, 1, 0, 1, 0, 1, 2, 1, 3, 2, 3, 0, 1, 1, 2, 1, 2, 1,
       1, 1, 2, 1, 2, 3, 1, 3, 0, 2, 3, 1, 2, 0, 1, 1, 1, 1, 2, 3, 3, 3,
       1, 0, 1, 1, 0, 1, 0, 2, 2, 2, 3, 0, 0, 3, 2, 2, 0, 0, 1, 3, 0, 1,
       1, 3, 2, 2, 0, 3, 0, 3, 0, 0, 3, 3, 3, 0, 1, 1, 0, 1, 3, 3, 1, 0,
       2, 1, 1, 3, 3, 2, 3, 3, 1, 1, 3, 1, 3, 3, 1, 3, 1, 2, 2, 2, 0, 2,
       1, 1, 2, 2, 1, 3, 2, 3, 1, 1, 3, 3, 1, 0, 1, 0, 2, 1, 0, 1, 2, 3,
       2, 3, 0, 1, 1, 2, 2, 2, 3, 2, 1, 1, 2, 2, 2, 0, 2, 0, 0, 2, 2, 3,
       3, 1, 3, 2, 2, 0, 1, 3, 2, 3, 0, 2, 0, 1, 1, 0, 3, 2, 2, 3, 0, 0,
       1, 2, 3, 3, 0, 1, 0, 0, 2, 3, 1, 3, 2, 2, 2, 1, 3, 2, 2, 0, 2, 3,
       1, 2, 1, 1, 0, 1, 1, 0, 2, 1, 0, 3, 1, 3, 3, 0, 3, 0, 0, 1, 0, 1,
       3, 3, 1, 2, 3, 1, 0, 0, 3, 1, 2, 3, 1, 0, 1, 3, 3, 1, 1, 1, 2, 2,
       3, 3, 1, 3, 1, 2, 1, 0, 1, 3, 1, 1, 2, 1, 0, 0, 1, 0, 1, 0, 1, 2,
       2, 3, 1, 0, 1, 0, 3, 3, 0, 2, 1, 2, 0, 3, 3, 1, 0, 1, 2, 0, 2, 1,
       1, 1, 2, 0, 2, 0, 2, 3, 1, 1, 1, 3, 2, 1, 0, 0, 2, 2, 0, 1, 3, 2,
       3, 2, 2, 1, 0, 0, 1, 3, 2, 2, 3, 3, 2, 0, 1, 2, 3, 1, 1, 0, 2, 3,
       3, 3, 2, 2, 3, 3, 1, 2, 2, 3, 0, 3, 2, 2, 2, 2, 2, 0, 1, 0, 3, 0,
       2, 0, 0, 3, 2, 0, 1, 2, 3, 1, 0, 3, 1, 2, 0, 0, 3, 3, 3, 1, 2, 2,
       2, 0, 2, 3, 0, 1, 0, 1, 2, 0, 3, 2, 0, 2, 2, 2, 0, 2, 2, 1, 0, 1,
       1, 1, 2, 1, 3, 0, 0, 2, 0, 0, 0, 0, 3, 3, 2, 1, 0, 1, 1, 0, 3, 2,
       1, 2, 0, 0, 3, 1, 2, 2, 3, 0, 2, 2, 2, 0, 2, 1, 0, 1, 0, 1, 0, 0,
       0, 1, 3, 3, 1, 2, 0, 2, 1, 2, 3, 2, 1, 2, 3, 0, 0, 3, 0, 0],
      dtype=object)]
[13, array([-0.80903709, -0.40451854, -0.40451854,  0.        ]), array([2, 0, 2, 1, 3, 0, 2, 0, 1, 0, 1, 3, 2, 1, 3, 1, 1, 1, 1, 1, 3, 2,
       1, 3, 2, 0, 3, 0, 1, 0, 0, 2, 3, 3, 3, 0, 3, 1, 0, 1, 2, 2, 1, 1,
       2, 2, 1, 0, 1, 0, 2, 1, 2, 1, 0, 2, 1, 0, 2, 1, 1, 0, 1, 2, 0, 0,
       0, 3, 0, 1, 0, 2, 3, 1, 1, 1, 1, 2, 2, 3, 3, 1, 3, 2, 0, 0, 1, 0,
       1, 1, 1, 3, 3, 1, 3, 3, 1, 1, 1, 0, 2, 1, 3, 0, 2, 2, 2, 0, 3, 2,
       0, 1, 2, 0, 1, 0, 3, 1, 1, 0, 0, 0, 0, 0, 2, 3, 3, 2, 1, 0, 1, 2,
       2, 0, 3, 2, 1, 0, 0, 1, 3, 1, 1, 0, 1, 3, 3, 1, 3, 2, 2, 0, 1, 3,
       1, 2, 3, 0, 2, 2, 3, 3, 0, 1, 2, 2, 2, 3, 2, 2, 3, 3, 1, 3, 2, 3,
       2, 3, 1, 1, 2, 0, 3, 1, 0, 0, 0, 3, 3, 3, 0, 3, 3, 2, 2, 0, 2, 0,
       2, 0, 2, 3, 0, 2, 0, 2, 2, 3, 1, 2, 2, 3, 3, 3, 2, 1, 1, 3, 0, 3,
       3, 1, 1, 1, 2, 1, 0, 1, 2, 2, 1, 3, 3, 2, 1, 3, 1, 2, 1, 2, 2, 1,
       3, 2, 3, 2, 3, 0, 0, 2, 3, 1, 3, 2, 0, 3, 1, 2, 3, 2, 1, 3, 0, 0,
       3, 2, 1, 1, 1, 1, 2, 0, 0, 1, 1, 0, 0, 0, 0, 3, 2, 2, 0, 0, 2, 2,
       3, 0, 2, 2, 0, 1, 0, 3, 0, 0, 0, 2, 0, 2, 0, 1, 2, 1, 1, 0, 2, 3,
       3, 2, 1, 3, 3, 3, 3, 3, 3, 0, 2, 2, 1, 1, 0, 0, 2, 2, 0, 3, 2, 0,
       3, 2, 3, 0, 3, 1, 3, 3, 1, 3, 2, 1, 3, 3, 3, 2, 3, 2, 1, 0, 2, 3,
       2, 3, 3, 2, 3, 3, 0, 1, 0, 1, 1, 2, 1, 0, 3, 3, 2, 0, 0, 1, 3, 3,
       3, 1, 0, 3, 3, 0, 2, 1, 3, 0, 2, 3, 3, 1, 1, 0, 0, 2, 1, 3, 0, 1,
       3, 1, 1, 2, 3, 1, 2, 0, 3, 0, 0, 3, 3, 2, 0, 3, 1, 0, 0, 3, 2, 3,
       2, 3, 0, 0, 0, 3, 3, 0, 1, 0, 1, 0, 2, 1, 2, 3, 2, 3, 0, 3, 0, 3,
       1, 0, 2, 3, 1, 1, 1, 3, 2, 3, 0, 1, 0, 0, 0, 2, 2, 1, 1, 2, 1, 0,
       0, 1, 1, 2, 0, 1, 2, 0, 0, 2, 3, 0, 1, 3, 3, 1, 2, 3, 1, 2, 1, 3,
       1, 1, 1, 0, 0, 0, 3, 3, 2, 0, 0, 1, 3, 3, 3, 1, 3, 3, 3, 1, 1, 1,
       3, 1, 0, 2, 0, 1, 0, 1, 0, 1, 2, 1, 3, 2, 3, 0, 1, 1, 2, 1, 2, 1,
       1, 1, 2, 1, 2, 3, 1, 3, 0, 2, 3, 1, 2, 0, 1, 1, 1, 1, 2, 3, 3, 3,
       1, 0, 1, 1, 0, 1, 0, 2, 2, 2, 3, 0, 0, 3, 2, 2, 0, 0, 1, 3, 0, 1,
       1, 3, 2, 2, 0, 3, 0, 3, 0, 0, 3, 3, 3, 0, 1, 1, 0, 1, 3, 3, 1, 0,
       2, 1, 1, 3, 3, 2, 3, 3, 1, 1, 3, 1, 3, 3, 1, 3, 1, 2, 2, 2, 0, 2,
       1, 1, 2, 2, 1, 3, 2, 3, 1, 1, 3, 3, 1, 0, 1, 0, 2, 1, 0, 1, 2, 3,
       2, 3, 0, 1, 1, 2, 2, 2, 3, 2, 1, 1, 2, 2, 2, 0, 2, 0, 0, 2, 2, 3,
       3, 1, 3, 2, 2, 0, 1, 3, 2, 3, 0, 2, 0, 1, 1, 0, 3, 2, 2, 3, 0, 0,
       1, 2, 3, 3, 0, 1, 0, 0, 2, 3, 1, 3, 2, 2, 2, 1, 3, 2, 2, 0, 2, 3,
       1, 2, 1, 1, 0, 1, 1, 0, 2, 1, 0, 3, 1, 3, 3, 0, 3, 0, 0, 1, 0, 1,
       3, 3, 1, 2, 3, 1, 0, 0, 3, 1, 2, 3, 1, 0, 1, 3, 3, 1, 1, 1, 2, 2,
       3, 3, 1, 3, 1, 2, 1, 0, 1, 3, 1, 1, 2, 1, 0, 0, 1, 0, 1, 0, 1, 2,
       2, 3, 1, 0, 1, 0, 3, 3, 0, 2, 1, 2, 0, 3, 3, 1, 0, 1, 2, 0, 2, 1,
       1, 1, 2, 0, 2, 0, 2, 3, 1, 1, 1, 3, 2, 1, 0, 0, 2, 2, 0, 1, 3, 2,
       3, 2, 2, 1, 0, 0, 1, 3, 2, 2, 3, 3, 2, 0, 1, 2, 3, 1, 1, 0, 2, 3,
       3, 3, 2, 2, 3, 3, 1, 2, 2, 3, 0, 3, 2, 2, 2, 2, 2, 0, 1, 0, 3, 0,
       2, 0, 0, 3, 2, 0, 1, 2, 3, 1, 0, 3, 1, 2, 0, 0, 3, 3, 3, 1, 2, 2,
       2, 0, 2, 3, 0, 1, 0, 1, 2, 0, 3, 2, 0, 2, 2, 2, 0, 2, 2, 1, 0, 1,
       1, 1, 2, 1, 3, 0, 0, 2, 0, 0, 0, 0, 3, 3, 2, 1, 0, 1, 1, 0, 3, 2,
       1, 2, 0, 0, 3, 1, 2, 2, 3, 0, 2, 2, 2, 0, 2, 1, 0, 1, 0, 1, 0, 0,
       0, 1, 3, 3, 1, 2, 0, 2, 1, 2, 3, 2, 1, 2, 3, 0, 0, 3, 0, 0],
      dtype=object)]
[13, array([-0.80903709, -0.40451854, -0.40451854,  0.        ]), array([2, 0, 2, 1, 3, 0, 2, 0, 1, 0, 1, 3, 2, 1, 3, 1, 1, 1, 1, 1, 3, 2,
       1, 3, 2, 0, 3, 0, 1, 0, 0, 2, 3, 3, 3, 0, 3, 1, 0, 1, 2, 2, 1, 1,
       2, 2, 1, 0, 1, 0, 2, 1, 2, 1, 0, 2, 1, 0, 2, 1, 1, 0, 1, 2, 0, 0,
       0, 3, 0, 1, 0, 2, 3, 1, 1, 1, 1, 2, 2, 3, 3, 1, 3, 2, 0, 0, 1, 0,
       1, 1, 1, 3, 3, 1, 3, 3, 1, 1, 1, 0, 2, 1, 3, 0, 2, 2, 2, 0, 3, 2,
       0, 1, 2, 0, 1, 0, 3, 1, 1, 0, 0, 0, 0, 0, 2, 3, 3, 2, 1, 0, 1, 2,
       2, 0, 3, 2, 1, 0, 0, 1, 3, 1, 1, 0, 1, 3, 3, 1, 3, 2, 2, 0, 1, 3,
       1, 2, 3, 0, 2, 2, 3, 3, 0, 1, 2, 2, 2, 3, 2, 2, 3, 3, 1, 3, 2, 3,
       2, 3, 1, 1, 2, 0, 3, 1, 0, 0, 0, 3, 3, 3, 0, 3, 3, 2, 2, 0, 2, 0,
       2, 0, 2, 3, 0, 2, 0, 2, 2, 3, 1, 2, 2, 3, 3, 3, 2, 1, 1, 3, 0, 3,
       3, 1, 1, 1, 2, 1, 0, 1, 2, 2, 1, 3, 3, 2, 1, 3, 1, 2, 1, 2, 2, 1,
       3, 2, 3, 2, 3, 0, 0, 2, 3, 1, 3, 2, 0, 3, 1, 2, 3, 2, 1, 3, 0, 0,
       3, 2, 1, 1, 1, 1, 2, 0, 0, 1, 1, 0, 0, 0, 0, 3, 2, 2, 0, 0, 2, 2,
       3, 0, 2, 2, 0, 1, 0, 3, 0, 0, 0, 2, 0, 2, 0, 1, 2, 1, 1, 0, 2, 3,
       3, 2, 1, 3, 3, 3, 3, 3, 3, 0, 2, 2, 1, 1, 0, 0, 2, 2, 0, 3, 2, 0,
       3, 2, 3, 0, 3, 1, 3, 3, 1, 3, 2, 1, 3, 3, 3, 2, 3, 2, 1, 0, 2, 3,
       2, 3, 3, 2, 3, 3, 0, 1, 0, 1, 1, 2, 1, 0, 3, 3, 2, 0, 0, 1, 3, 3,
       3, 1, 0, 3, 3, 0, 2, 1, 3, 0, 2, 3, 3, 1, 1, 0, 0, 2, 1, 3, 0, 1,
       3, 1, 1, 2, 3, 1, 2, 0, 3, 0, 0, 3, 3, 2, 0, 3, 1, 0, 0, 3, 2, 3,
       2, 3, 0, 0, 0, 3, 3, 0, 1, 0, 1, 0, 2, 1, 2, 3, 2, 3, 0, 3, 0, 3,
       1, 0, 2, 3, 1, 1, 1, 3, 2, 3, 0, 1, 0, 0, 0, 2, 2, 1, 1, 2, 1, 0,
       0, 1, 1, 2, 0, 1, 2, 0, 0, 2, 3, 0, 1, 3, 3, 1, 2, 3, 1, 2, 1, 3,
       1, 1, 1, 0, 0, 0, 3, 3, 2, 0, 0, 1, 3, 3, 3, 1, 3, 3, 3, 1, 1, 1,
       3, 1, 0, 2, 0, 1, 0, 1, 0, 1, 2, 1, 3, 2, 3, 0, 1, 1, 2, 1, 2, 1,
       1, 1, 2, 1, 2, 3, 1, 3, 0, 2, 3, 1, 2, 0, 1, 1, 1, 1, 2, 3, 3, 3,
       1, 0, 1, 1, 0, 1, 0, 2, 2, 2, 3, 0, 0, 3, 2, 2, 0, 0, 1, 3, 0, 1,
       1, 3, 2, 2, 0, 3, 0, 3, 0, 0, 3, 3, 3, 0, 1, 1, 0, 1, 3, 3, 1, 0,
       2, 1, 1, 3, 3, 2, 3, 3, 1, 1, 3, 1, 3, 3, 1, 3, 1, 2, 2, 2, 0, 2,
       1, 1, 2, 2, 1, 3, 2, 3, 1, 1, 3, 3, 1, 0, 1, 0, 2, 1, 0, 1, 2, 3,
       2, 3, 0, 1, 1, 2, 2, 2, 3, 2, 1, 1, 2, 2, 2, 0, 2, 0, 0, 2, 2, 3,
       3, 1, 3, 2, 2, 0, 1, 3, 2, 3, 0, 2, 0, 1, 1, 0, 3, 2, 2, 3, 0, 0,
       1, 2, 3, 3, 0, 1, 0, 0, 2, 3, 1, 3, 2, 2, 2, 1, 3, 2, 2, 0, 2, 3,
       1, 2, 1, 1, 0, 1, 1, 0, 2, 1, 0, 3, 1, 3, 3, 0, 3, 0, 0, 1, 0, 1,
       3, 3, 1, 2, 3, 1, 0, 0, 3, 1, 2, 3, 1, 0, 1, 3, 3, 1, 1, 1, 2, 2,
       3, 3, 1, 3, 1, 2, 1, 0, 1, 3, 1, 1, 2, 1, 0, 0, 1, 0, 1, 0, 1, 2,
       2, 3, 1, 0, 1, 0, 3, 3, 0, 2, 1, 2, 0, 3, 3, 1, 0, 1, 2, 0, 2, 1,
       1, 1, 2, 0, 2, 0, 2, 3, 1, 1, 1, 3, 2, 1, 0, 0, 2, 2, 0, 1, 3, 2,
       3, 2, 2, 1, 0, 0, 1, 3, 2, 2, 3, 3, 2, 0, 1, 2, 3, 1, 1, 0, 2, 3,
       3, 3, 2, 2, 3, 3, 1, 2, 2, 3, 0, 3, 2, 2, 2, 2, 2, 0, 1, 0, 3, 0,
       2, 0, 0, 3, 2, 0, 1, 2, 3, 1, 0, 3, 1, 2, 0, 0, 3, 3, 3, 1, 2, 2,
       2, 0, 2, 3, 0, 1, 0, 1, 2, 0, 3, 2, 0, 2, 2, 2, 0, 2, 2, 1, 0, 1,
       1, 1, 2, 1, 3, 0, 0, 2, 0, 0, 0, 0, 3, 3, 2, 1, 0, 1, 1, 0, 3, 2,
       1, 2, 0, 0, 3, 1, 2, 2, 3, 0, 2, 2, 2, 0, 2, 1, 0, 1, 0, 1, 0, 0,
       0, 1, 3, 3, 1, 2, 0, 2, 1, 2, 3, 2, 1, 2, 3, 0, 0, 3, 0, 0],
      dtype=object)]
[13, array([-0.80903709, -0.40451854, -0.40451854,  0.        ]), array([2, 0, 2, 1, 3, 0, 2, 0, 1, 0, 1, 3, 2, 1, 3, 1, 1, 1, 1, 1, 3, 2,
       1, 3, 2, 0, 3, 0, 1, 0, 0, 2, 3, 3, 3, 0, 3, 1, 0, 1, 2, 2, 1, 1,
       2, 2, 1, 0, 1, 0, 2, 1, 2, 1, 0, 2, 1, 0, 2, 1, 1, 0, 1, 2, 0, 0,
       0, 3, 0, 1, 0, 2, 3, 1, 1, 1, 1, 2, 2, 3, 3, 1, 3, 2, 0, 0, 1, 0,
       1, 1, 1, 3, 3, 1, 3, 3, 1, 1, 1, 0, 2, 1, 3, 0, 2, 2, 2, 0, 3, 2,
       0, 1, 2, 0, 1, 0, 3, 1, 1, 0, 0, 0, 0, 0, 2, 3, 3, 2, 1, 0, 1, 2,
       2, 0, 3, 2, 1, 0, 0, 1, 3, 1, 1, 0, 1, 3, 3, 1, 3, 2, 2, 0, 1, 3,
       1, 2, 3, 0, 2, 2, 3, 3, 0, 1, 2, 2, 2, 3, 2, 2, 3, 3, 1, 3, 2, 3,
       2, 3, 1, 1, 2, 0, 3, 1, 0, 0, 0, 3, 3, 3, 0, 3, 3, 2, 2, 0, 2, 0,
       2, 0, 2, 3, 0, 2, 0, 2, 2, 3, 1, 2, 2, 3, 3, 3, 2, 1, 1, 3, 0, 3,
       3, 1, 1, 1, 2, 1, 0, 1, 2, 2, 1, 3, 3, 2, 1, 3, 1, 2, 1, 2, 2, 1,
       3, 2, 3, 2, 3, 0, 0, 2, 3, 1, 3, 2, 0, 3, 1, 2, 3, 2, 1, 3, 0, 0,
       3, 2, 1, 1, 1, 1, 2, 0, 0, 1, 1, 0, 0, 0, 0, 3, 2, 2, 0, 0, 2, 2,
       3, 0, 2, 2, 0, 1, 0, 3, 0, 0, 0, 2, 0, 2, 0, 1, 2, 1, 1, 0, 2, 3,
       3, 2, 1, 3, 3, 3, 3, 3, 3, 0, 2, 2, 1, 1, 0, 0, 2, 2, 0, 3, 2, 0,
       3, 2, 3, 0, 3, 1, 3, 3, 1, 3, 2, 1, 3, 3, 3, 2, 3, 2, 1, 0, 2, 3,
       2, 3, 3, 2, 3, 3, 0, 1, 0, 1, 1, 2, 1, 0, 3, 3, 2, 0, 0, 1, 3, 3,
       3, 1, 0, 3, 3, 0, 2, 1, 3, 0, 2, 3, 3, 1, 1, 0, 0, 2, 1, 3, 0, 1,
       3, 1, 1, 2, 3, 1, 2, 0, 3, 0, 0, 3, 3, 2, 0, 3, 1, 0, 0, 3, 2, 3,
       2, 3, 0, 0, 0, 3, 3, 0, 1, 0, 1, 0, 2, 1, 2, 3, 2, 3, 0, 3, 0, 3,
       1, 0, 2, 3, 1, 1, 1, 3, 2, 3, 0, 1, 0, 0, 0, 2, 2, 1, 1, 2, 1, 0,
       0, 1, 1, 2, 0, 1, 2, 0, 0, 2, 3, 0, 1, 3, 3, 1, 2, 3, 1, 2, 1, 3,
       1, 1, 1, 0, 0, 0, 3, 3, 2, 0, 0, 1, 3, 3, 3, 1, 3, 3, 3, 1, 1, 1,
       3, 1, 0, 2, 0, 1, 0, 1, 0, 1, 2, 1, 3, 2, 3, 0, 1, 1, 2, 1, 2, 1,
       1, 1, 2, 1, 2, 3, 1, 3, 0, 2, 3, 1, 2, 0, 1, 1, 1, 1, 2, 3, 3, 3,
       1, 0, 1, 1, 0, 1, 0, 2, 2, 2, 3, 0, 0, 3, 2, 2, 0, 0, 1, 3, 0, 1,
       1, 3, 2, 2, 0, 3, 0, 3, 0, 0, 3, 3, 3, 0, 1, 1, 0, 1, 3, 3, 1, 0,
       2, 1, 1, 3, 3, 2, 3, 3, 1, 1, 3, 1, 3, 3, 1, 3, 1, 2, 2, 2, 0, 2,
       1, 1, 2, 2, 1, 3, 2, 3, 1, 1, 3, 3, 1, 0, 1, 0, 2, 1, 0, 1, 2, 3,
       2, 3, 0, 1, 1, 2, 2, 2, 3, 2, 1, 1, 2, 2, 2, 0, 2, 0, 0, 2, 2, 3,
       3, 1, 3, 2, 2, 0, 1, 3, 2, 3, 0, 2, 0, 1, 1, 0, 3, 2, 2, 3, 0, 0,
       1, 2, 3, 3, 0, 1, 0, 0, 2, 3, 1, 3, 2, 2, 2, 1, 3, 2, 2, 0, 2, 3,
       1, 2, 1, 1, 0, 1, 1, 0, 2, 1, 0, 3, 1, 3, 3, 0, 3, 0, 0, 1, 0, 1,
       3, 3, 1, 2, 3, 1, 0, 0, 3, 1, 2, 3, 1, 0, 1, 3, 3, 1, 1, 1, 2, 2,
       3, 3, 1, 3, 1, 2, 1, 0, 1, 3, 1, 1, 2, 1, 0, 0, 1, 0, 1, 0, 1, 2,
       2, 3, 1, 0, 1, 0, 3, 3, 0, 2, 1, 2, 0, 3, 3, 1, 0, 1, 2, 0, 2, 1,
       1, 1, 2, 0, 2, 0, 2, 3, 1, 1, 1, 3, 2, 1, 0, 0, 2, 2, 0, 1, 3, 2,
       3, 2, 2, 1, 0, 0, 1, 3, 2, 2, 3, 3, 2, 0, 1, 2, 3, 1, 1, 0, 2, 3,
       3, 3, 2, 2, 3, 3, 1, 2, 2, 3, 0, 3, 2, 2, 2, 2, 2, 0, 1, 0, 3, 0,
       2, 0, 0, 3, 2, 0, 1, 2, 3, 1, 0, 3, 1, 2, 0, 0, 3, 3, 3, 1, 2, 2,
       2, 0, 2, 3, 0, 1, 0, 1, 2, 0, 3, 2, 0, 2, 2, 2, 0, 2, 2, 1, 0, 1,
       1, 1, 2, 1, 3, 0, 0, 2, 0, 0, 0, 0, 3, 3, 2, 1, 0, 1, 1, 0, 3, 2,
       1, 2, 0, 0, 3, 1, 2, 2, 3, 0, 2, 2, 2, 0, 2, 1, 0, 1, 0, 1, 0, 0,
       0, 1, 3, 3, 1, 2, 0, 2, 1, 2, 3, 2, 1, 2, 3, 0, 0, 3, 0, 0],
      dtype=object)]
[14, array([-3998.65820312, -1999.32910156, -1999.32910156,     0.        ]), array([0, 0, 1, 0, 2, 1, 2, 0, 0, 0, 0, 3, 0, 0, 1, 2, 0, 1, 2, 3, 0, 0,
       2, 0, 0, 3, 3, 3, 1, 2, 0, 1, 3, 3, 3, 0, 3, 1, 0, 1, 1, 3, 0, 1,
       2, 1, 1, 2, 2, 1, 3, 1, 2, 1, 2, 2, 0, 0, 2, 3, 3, 1, 1, 3, 0, 0,
       2, 0, 2, 1, 0, 1, 3, 1, 1, 2, 1, 2, 2, 1, 0, 2, 2, 0, 3, 1, 3, 1,
       1, 1, 2, 0, 0, 0, 2, 3, 2, 2, 2, 0, 0, 2, 2, 2, 1, 0, 3, 0, 1, 0,
       2, 1, 0, 0, 0, 2, 0, 1, 1, 2, 1, 1, 2, 0, 0, 0, 2, 2, 3, 1, 3, 1,
       3, 1, 0, 0, 0, 3, 3, 2, 2, 3, 0, 0, 0, 3, 2, 2, 0, 1, 0, 0, 1, 2,
       2, 2, 1, 1, 1, 2, 0, 3, 0, 2, 0, 3, 1, 0, 1, 3, 3, 0, 2, 0, 1, 3,
       3, 3, 3, 2, 1, 2, 2, 0, 2, 0, 0, 0, 2, 3, 1, 3, 2, 2, 3, 2, 1, 2,
       0, 0, 1, 0, 1, 1, 1, 2, 0, 0, 0, 1, 1, 2, 1, 0, 1, 3, 1, 1, 2, 1,
       2, 3, 2, 0, 0, 3, 1, 1, 0, 0, 1, 1, 3, 0, 3, 2, 1, 3, 2, 0, 2, 3,
       1, 0, 1, 0, 0, 2, 0, 0, 3, 2, 0, 3, 1, 1, 1, 0, 0, 1, 2, 0, 2, 3,
       0, 1, 3, 1, 2, 0, 2, 1, 3, 3, 3, 1, 1, 0, 0, 0, 1, 2, 1, 1, 0, 1,
       2, 2, 3, 1, 3, 1, 3, 3, 3, 2, 2, 0, 2, 0, 1, 3, 0, 1, 2, 0, 0, 1,
       3, 1, 1, 2, 2, 2, 1, 1, 1, 0, 0, 1, 1, 0, 0, 1, 0, 1, 0, 2, 0, 0,
       0, 1, 3, 0, 3, 0, 2, 3, 2, 0, 3, 1, 2, 1, 1, 2, 3, 2, 2, 1, 1, 1,
       2, 3, 2, 0, 1, 1, 2, 1, 2, 2, 0, 3, 0, 0, 1, 1, 1, 1, 3, 0, 2, 3,
       3, 1, 3, 1, 0, 2, 1, 2, 2, 0, 2, 0, 3, 3, 1, 1, 0, 3, 3, 1, 0, 3,
       3, 1, 0, 2, 0, 2, 0, 1, 2, 1, 1, 0, 2, 2, 0, 0, 1, 3, 3, 1, 2, 0,
       3, 1, 0, 0, 1, 0, 3, 0, 3, 2, 1, 1, 1, 3, 0, 1, 1, 0, 1, 0, 0, 1,
       2, 1, 3, 0, 0, 1, 3, 1, 1, 3, 2, 2, 2, 2, 1, 1, 2, 3, 3, 0, 0, 2,
       0, 0, 0, 2, 2, 1, 1, 1, 0, 1, 2, 2, 2, 2, 1, 3, 1, 3, 1, 1, 1, 1,
       0, 0, 1, 1, 1, 1, 0, 0, 1, 2, 0, 2, 1, 1, 2, 1, 2, 2, 3, 3, 0, 1,
       1, 0, 3, 0, 3, 2, 3, 2, 0, 1, 1, 3, 3, 1, 2, 0, 0, 2, 2, 0, 2, 0,
       2, 2, 3, 3, 3, 1, 1, 2, 1, 0, 3, 3, 2, 3, 3, 0, 1, 3, 1, 3, 0, 1,
       0, 3, 2, 3, 1, 0, 3, 1, 1, 3, 3, 2, 1, 2, 1, 3, 1, 2, 2, 2, 0, 3,
       1, 0, 1, 3, 3, 2, 2, 2, 0, 0, 2, 1, 3, 0, 2, 3, 0, 2, 0, 2, 3, 2,
       3, 0, 3, 0, 2, 2, 1, 0, 1, 2, 2, 2, 1, 2, 2, 1, 1, 1, 0, 1, 2, 1,
       1, 0, 1, 3, 0, 1, 0, 2, 2, 2, 3, 2, 1, 3, 3, 1, 3, 1, 0, 1, 2, 3,
       0, 1, 3, 1, 3, 0, 3, 3, 2, 2, 2, 0, 1, 1, 0, 1, 2, 0, 2, 2, 1, 0,
       3, 2, 1, 3, 2, 0, 2, 0, 0, 2, 1, 3, 2, 3, 2, 1, 0, 3, 3, 0, 2, 2,
       0, 3, 0, 2, 3, 0, 3, 3, 1, 1, 2, 2, 2, 2, 0, 3, 2, 0, 2, 1, 3, 2,
       3, 0, 3, 3, 2, 0, 2, 0, 0, 1, 1, 2, 2, 0, 3, 3, 0, 2, 1, 0, 2, 3,
       0, 1, 3, 2, 0, 1, 3, 0, 3, 1, 1, 2, 0, 3, 0, 1, 2, 2, 3, 0, 0, 3,
       2, 1, 1, 1, 3, 3, 2, 1, 0, 3, 2, 0, 1, 2, 3, 2, 2, 1, 3, 3, 1, 1,
       3, 0, 3, 3, 1, 1, 2, 2, 0, 2, 1, 0, 3, 1, 1, 1, 3, 1, 2, 2, 2, 0,
       2, 0, 0, 0, 0, 3, 1, 1, 3, 1, 2, 0, 2, 2, 2, 2, 3, 0, 1, 2, 1, 0,
       1, 3, 0, 3, 2, 0, 0, 1, 3, 0, 2, 2, 1, 0, 3, 2, 1, 0, 0, 2, 1, 1,
       0, 2, 0, 3, 0, 2, 1, 0, 1, 2, 3, 1, 0, 0, 3, 1, 2, 3, 2, 3, 3, 3,
       0, 1, 1, 3, 1, 3, 3, 3, 3, 3, 2, 1, 1, 2, 1, 3, 1, 1, 3, 0, 1, 3,
       3, 3, 0, 0, 2, 1, 0, 2, 3, 0, 0, 3, 1, 2, 2, 2, 2, 1, 3, 1, 3, 1,
       3, 2, 1, 2, 3, 3, 3, 3, 3, 2, 1, 3, 0, 0, 3, 0, 1, 1, 2, 0, 1, 1,
       1, 1, 3, 3, 1, 3, 2, 0, 0, 2, 1, 2, 3, 2, 3, 2, 0, 0, 1, 2, 1, 3,
       1, 0, 1, 2, 1, 0, 0, 3, 2, 2, 2, 2, 2, 3, 1, 3, 2, 3, 0, 1],
      dtype=object)]
[14, array([-3998.65820312, -1999.32910156, -1999.32910156,     0.        ]), array([0, 0, 1, 0, 2, 1, 2, 0, 0, 0, 0, 3, 0, 0, 1, 2, 0, 1, 2, 3, 0, 0,
       2, 0, 0, 3, 3, 3, 1, 2, 0, 1, 3, 3, 3, 0, 3, 1, 0, 1, 1, 3, 0, 1,
       2, 1, 1, 2, 2, 1, 3, 1, 2, 1, 2, 2, 0, 0, 2, 3, 3, 1, 1, 3, 0, 0,
       2, 0, 2, 1, 0, 1, 3, 1, 1, 2, 1, 2, 2, 1, 0, 2, 2, 0, 3, 1, 3, 1,
       1, 1, 2, 0, 0, 0, 2, 3, 2, 2, 2, 0, 0, 2, 2, 2, 1, 0, 3, 0, 1, 0,
       2, 1, 0, 0, 0, 2, 0, 1, 1, 2, 1, 1, 2, 0, 0, 0, 2, 2, 3, 1, 3, 1,
       3, 1, 0, 0, 0, 3, 3, 2, 2, 3, 0, 0, 0, 3, 2, 2, 0, 1, 0, 0, 1, 2,
       2, 2, 1, 1, 1, 2, 0, 3, 0, 2, 0, 3, 1, 0, 1, 3, 3, 0, 2, 0, 1, 3,
       3, 3, 3, 2, 1, 2, 2, 0, 2, 0, 0, 0, 2, 3, 1, 3, 2, 2, 3, 2, 1, 2,
       0, 0, 1, 0, 1, 1, 1, 2, 0, 0, 0, 1, 1, 2, 1, 0, 1, 3, 1, 1, 2, 1,
       2, 3, 2, 0, 0, 3, 1, 1, 0, 0, 1, 1, 3, 0, 3, 2, 1, 3, 2, 0, 2, 3,
       1, 0, 1, 0, 0, 2, 0, 0, 3, 2, 0, 3, 1, 1, 1, 0, 0, 1, 2, 0, 2, 3,
       0, 1, 3, 1, 2, 0, 2, 1, 3, 3, 3, 1, 1, 0, 0, 0, 1, 2, 1, 1, 0, 1,
       2, 2, 3, 1, 3, 1, 3, 3, 3, 2, 2, 0, 2, 0, 1, 3, 0, 1, 2, 0, 0, 1,
       3, 1, 1, 2, 2, 2, 1, 1, 1, 0, 0, 1, 1, 0, 0, 1, 0, 1, 0, 2, 0, 0,
       0, 1, 3, 0, 3, 0, 2, 3, 2, 0, 3, 1, 2, 1, 1, 2, 3, 2, 2, 1, 1, 1,
       2, 3, 2, 0, 1, 1, 2, 1, 2, 2, 0, 3, 0, 0, 1, 1, 1, 1, 3, 0, 2, 3,
       3, 1, 3, 1, 0, 2, 1, 2, 2, 0, 2, 0, 3, 3, 1, 1, 0, 3, 3, 1, 0, 3,
       3, 1, 0, 2, 0, 2, 0, 1, 2, 1, 1, 0, 2, 2, 0, 0, 1, 3, 3, 1, 2, 0,
       3, 1, 0, 0, 1, 0, 3, 0, 3, 2, 1, 1, 1, 3, 0, 1, 1, 0, 1, 0, 0, 1,
       2, 1, 3, 0, 0, 1, 3, 1, 1, 3, 2, 2, 2, 2, 1, 1, 2, 3, 3, 0, 0, 2,
       0, 0, 0, 2, 2, 1, 1, 1, 0, 1, 2, 2, 2, 2, 1, 3, 1, 3, 1, 1, 1, 1,
       0, 0, 1, 1, 1, 1, 0, 0, 1, 2, 0, 2, 1, 1, 2, 1, 2, 2, 3, 3, 0, 1,
       1, 0, 3, 0, 3, 2, 3, 2, 0, 1, 1, 3, 3, 1, 2, 0, 0, 2, 2, 0, 2, 0,
       2, 2, 3, 3, 3, 1, 1, 2, 1, 0, 3, 3, 2, 3, 3, 0, 1, 3, 1, 3, 0, 1,
       0, 3, 2, 3, 1, 0, 3, 1, 1, 3, 3, 2, 1, 2, 1, 3, 1, 2, 2, 2, 0, 3,
       1, 0, 1, 3, 3, 2, 2, 2, 0, 0, 2, 1, 3, 0, 2, 3, 0, 2, 0, 2, 3, 2,
       3, 0, 3, 0, 2, 2, 1, 0, 1, 2, 2, 2, 1, 2, 2, 1, 1, 1, 0, 1, 2, 1,
       1, 0, 1, 3, 0, 1, 0, 2, 2, 2, 3, 2, 1, 3, 3, 1, 3, 1, 0, 1, 2, 3,
       0, 1, 3, 1, 3, 0, 3, 3, 2, 2, 2, 0, 1, 1, 0, 1, 2, 0, 2, 2, 1, 0,
       3, 2, 1, 3, 2, 0, 2, 0, 0, 2, 1, 3, 2, 3, 2, 1, 0, 3, 3, 0, 2, 2,
       0, 3, 0, 2, 3, 0, 3, 3, 1, 1, 2, 2, 2, 2, 0, 3, 2, 0, 2, 1, 3, 2,
       3, 0, 3, 3, 2, 0, 2, 0, 0, 1, 1, 2, 2, 0, 3, 3, 0, 2, 1, 0, 2, 3,
       0, 1, 3, 2, 0, 1, 3, 0, 3, 1, 1, 2, 0, 3, 0, 1, 2, 2, 3, 0, 0, 3,
       2, 1, 1, 1, 3, 3, 2, 1, 0, 3, 2, 0, 1, 2, 3, 2, 2, 1, 3, 3, 1, 1,
       3, 0, 3, 3, 1, 1, 2, 2, 0, 2, 1, 0, 3, 1, 1, 1, 3, 1, 2, 2, 2, 0,
       2, 0, 0, 0, 0, 3, 1, 1, 3, 1, 2, 0, 2, 2, 2, 2, 3, 0, 1, 2, 1, 0,
       1, 3, 0, 3, 2, 0, 0, 1, 3, 0, 2, 2, 1, 0, 3, 2, 1, 0, 0, 2, 1, 1,
       0, 2, 0, 3, 0, 2, 1, 0, 1, 2, 3, 1, 0, 0, 3, 1, 2, 3, 2, 3, 3, 3,
       0, 1, 1, 3, 1, 3, 3, 3, 3, 3, 2, 1, 1, 2, 1, 3, 1, 1, 3, 0, 1, 3,
       3, 3, 0, 0, 2, 1, 0, 2, 3, 0, 0, 3, 1, 2, 2, 2, 2, 1, 3, 1, 3, 1,
       3, 2, 1, 2, 3, 3, 3, 3, 3, 2, 1, 3, 0, 0, 3, 0, 1, 1, 2, 0, 1, 1,
       1, 1, 3, 3, 1, 3, 2, 0, 0, 2, 1, 2, 3, 2, 3, 2, 0, 0, 1, 2, 1, 3,
       1, 0, 1, 2, 1, 0, 0, 3, 2, 2, 2, 2, 2, 3, 1, 3, 2, 3, 0, 1],
      dtype=object)]
[14, array([-3998.65820312, -1999.32910156, -1999.32910156,     0.        ]), array([0, 0, 1, 0, 2, 1, 2, 0, 0, 0, 0, 3, 0, 0, 1, 2, 0, 1, 2, 3, 0, 0,
       2, 0, 0, 3, 3, 3, 1, 2, 0, 1, 3, 3, 3, 0, 3, 1, 0, 1, 1, 3, 0, 1,
       2, 1, 1, 2, 2, 1, 3, 1, 2, 1, 2, 2, 0, 0, 2, 3, 3, 1, 1, 3, 0, 0,
       2, 0, 2, 1, 0, 1, 3, 1, 1, 2, 1, 2, 2, 1, 0, 2, 2, 0, 3, 1, 3, 1,
       1, 1, 2, 0, 0, 0, 2, 3, 2, 2, 2, 0, 0, 2, 2, 2, 1, 0, 3, 0, 1, 0,
       2, 1, 0, 0, 0, 2, 0, 1, 1, 2, 1, 1, 2, 0, 0, 0, 2, 2, 3, 1, 3, 1,
       3, 1, 0, 0, 0, 3, 3, 2, 2, 3, 0, 0, 0, 3, 2, 2, 0, 1, 0, 0, 1, 2,
       2, 2, 1, 1, 1, 2, 0, 3, 0, 2, 0, 3, 1, 0, 1, 3, 3, 0, 2, 0, 1, 3,
       3, 3, 3, 2, 1, 2, 2, 0, 2, 0, 0, 0, 2, 3, 1, 3, 2, 2, 3, 2, 1, 2,
       0, 0, 1, 0, 1, 1, 1, 2, 0, 0, 0, 1, 1, 2, 1, 0, 1, 3, 1, 1, 2, 1,
       2, 3, 2, 0, 0, 3, 1, 1, 0, 0, 1, 1, 3, 0, 3, 2, 1, 3, 2, 0, 2, 3,
       1, 0, 1, 0, 0, 2, 0, 0, 3, 2, 0, 3, 1, 1, 1, 0, 0, 1, 2, 0, 2, 3,
       0, 1, 3, 1, 2, 0, 2, 1, 3, 3, 3, 1, 1, 0, 0, 0, 1, 2, 1, 1, 0, 1,
       2, 2, 3, 1, 3, 1, 3, 3, 3, 2, 2, 0, 2, 0, 1, 3, 0, 1, 2, 0, 0, 1,
       3, 1, 1, 2, 2, 2, 1, 1, 1, 0, 0, 1, 1, 0, 0, 1, 0, 1, 0, 2, 0, 0,
       0, 1, 3, 0, 3, 0, 2, 3, 2, 0, 3, 1, 2, 1, 1, 2, 3, 2, 2, 1, 1, 1,
       2, 3, 2, 0, 1, 1, 2, 1, 2, 2, 0, 3, 0, 0, 1, 1, 1, 1, 3, 0, 2, 3,
       3, 1, 3, 1, 0, 2, 1, 2, 2, 0, 2, 0, 3, 3, 1, 1, 0, 3, 3, 1, 0, 3,
       3, 1, 0, 2, 0, 2, 0, 1, 2, 1, 1, 0, 2, 2, 0, 0, 1, 3, 3, 1, 2, 0,
       3, 1, 0, 0, 1, 0, 3, 0, 3, 2, 1, 1, 1, 3, 0, 1, 1, 0, 1, 0, 0, 1,
       2, 1, 3, 0, 0, 1, 3, 1, 1, 3, 2, 2, 2, 2, 1, 1, 2, 3, 3, 0, 0, 2,
       0, 0, 0, 2, 2, 1, 1, 1, 0, 1, 2, 2, 2, 2, 1, 3, 1, 3, 1, 1, 1, 1,
       0, 0, 1, 1, 1, 1, 0, 0, 1, 2, 0, 2, 1, 1, 2, 1, 2, 2, 3, 3, 0, 1,
       1, 0, 3, 0, 3, 2, 3, 2, 0, 1, 1, 3, 3, 1, 2, 0, 0, 2, 2, 0, 2, 0,
       2, 2, 3, 3, 3, 1, 1, 2, 1, 0, 3, 3, 2, 3, 3, 0, 1, 3, 1, 3, 0, 1,
       0, 3, 2, 3, 1, 0, 3, 1, 1, 3, 3, 2, 1, 2, 1, 3, 1, 2, 2, 2, 0, 3,
       1, 0, 1, 3, 3, 2, 2, 2, 0, 0, 2, 1, 3, 0, 2, 3, 0, 2, 0, 2, 3, 2,
       3, 0, 3, 0, 2, 2, 1, 0, 1, 2, 2, 2, 1, 2, 2, 1, 1, 1, 0, 1, 2, 1,
       1, 0, 1, 3, 0, 1, 0, 2, 2, 2, 3, 2, 1, 3, 3, 1, 3, 1, 0, 1, 2, 3,
       0, 1, 3, 1, 3, 0, 3, 3, 2, 2, 2, 0, 1, 1, 0, 1, 2, 0, 2, 2, 1, 0,
       3, 2, 1, 3, 2, 0, 2, 0, 0, 2, 1, 3, 2, 3, 2, 1, 0, 3, 3, 0, 2, 2,
       0, 3, 0, 2, 3, 0, 3, 3, 1, 1, 2, 2, 2, 2, 0, 3, 2, 0, 2, 1, 3, 2,
       3, 0, 3, 3, 2, 0, 2, 0, 0, 1, 1, 2, 2, 0, 3, 3, 0, 2, 1, 0, 2, 3,
       0, 1, 3, 2, 0, 1, 3, 0, 3, 1, 1, 2, 0, 3, 0, 1, 2, 2, 3, 0, 0, 3,
       2, 1, 1, 1, 3, 3, 2, 1, 0, 3, 2, 0, 1, 2, 3, 2, 2, 1, 3, 3, 1, 1,
       3, 0, 3, 3, 1, 1, 2, 2, 0, 2, 1, 0, 3, 1, 1, 1, 3, 1, 2, 2, 2, 0,
       2, 0, 0, 0, 0, 3, 1, 1, 3, 1, 2, 0, 2, 2, 2, 2, 3, 0, 1, 2, 1, 0,
       1, 3, 0, 3, 2, 0, 0, 1, 3, 0, 2, 2, 1, 0, 3, 2, 1, 0, 0, 2, 1, 1,
       0, 2, 0, 3, 0, 2, 1, 0, 1, 2, 3, 1, 0, 0, 3, 1, 2, 3, 2, 3, 3, 3,
       0, 1, 1, 3, 1, 3, 3, 3, 3, 3, 2, 1, 1, 2, 1, 3, 1, 1, 3, 0, 1, 3,
       3, 3, 0, 0, 2, 1, 0, 2, 3, 0, 0, 3, 1, 2, 2, 2, 2, 1, 3, 1, 3, 1,
       3, 2, 1, 2, 3, 3, 3, 3, 3, 2, 1, 3, 0, 0, 3, 0, 1, 1, 2, 0, 1, 1,
       1, 1, 3, 3, 1, 3, 2, 0, 0, 2, 1, 2, 3, 2, 3, 2, 0, 0, 1, 2, 1, 3,
       1, 0, 1, 2, 1, 0, 0, 3, 2, 2, 2, 2, 2, 3, 1, 3, 2, 3, 0, 1],
      dtype=object)]
[14, array([-3998.65820312, -1999.32910156, -1999.32910156,     0.        ]), array([0, 0, 1, 0, 2, 1, 2, 0, 0, 0, 0, 3, 0, 0, 1, 2, 0, 1, 2, 3, 0, 0,
       2, 0, 0, 3, 3, 3, 1, 2, 0, 1, 3, 3, 3, 0, 3, 1, 0, 1, 1, 3, 0, 1,
       2, 1, 1, 2, 2, 1, 3, 1, 2, 1, 2, 2, 0, 0, 2, 3, 3, 1, 1, 3, 0, 0,
       2, 0, 2, 1, 0, 1, 3, 1, 1, 2, 1, 2, 2, 1, 0, 2, 2, 0, 3, 1, 3, 1,
       1, 1, 2, 0, 0, 0, 2, 3, 2, 2, 2, 0, 0, 2, 2, 2, 1, 0, 3, 0, 1, 0,
       2, 1, 0, 0, 0, 2, 0, 1, 1, 2, 1, 1, 2, 0, 0, 0, 2, 2, 3, 1, 3, 1,
       3, 1, 0, 0, 0, 3, 3, 2, 2, 3, 0, 0, 0, 3, 2, 2, 0, 1, 0, 0, 1, 2,
       2, 2, 1, 1, 1, 2, 0, 3, 0, 2, 0, 3, 1, 0, 1, 3, 3, 0, 2, 0, 1, 3,
       3, 3, 3, 2, 1, 2, 2, 0, 2, 0, 0, 0, 2, 3, 1, 3, 2, 2, 3, 2, 1, 2,
       0, 0, 1, 0, 1, 1, 1, 2, 0, 0, 0, 1, 1, 2, 1, 0, 1, 3, 1, 1, 2, 1,
       2, 3, 2, 0, 0, 3, 1, 1, 0, 0, 1, 1, 3, 0, 3, 2, 1, 3, 2, 0, 2, 3,
       1, 0, 1, 0, 0, 2, 0, 0, 3, 2, 0, 3, 1, 1, 1, 0, 0, 1, 2, 0, 2, 3,
       0, 1, 3, 1, 2, 0, 2, 1, 3, 3, 3, 1, 1, 0, 0, 0, 1, 2, 1, 1, 0, 1,
       2, 2, 3, 1, 3, 1, 3, 3, 3, 2, 2, 0, 2, 0, 1, 3, 0, 1, 2, 0, 0, 1,
       3, 1, 1, 2, 2, 2, 1, 1, 1, 0, 0, 1, 1, 0, 0, 1, 0, 1, 0, 2, 0, 0,
       0, 1, 3, 0, 3, 0, 2, 3, 2, 0, 3, 1, 2, 1, 1, 2, 3, 2, 2, 1, 1, 1,
       2, 3, 2, 0, 1, 1, 2, 1, 2, 2, 0, 3, 0, 0, 1, 1, 1, 1, 3, 0, 2, 3,
       3, 1, 3, 1, 0, 2, 1, 2, 2, 0, 2, 0, 3, 3, 1, 1, 0, 3, 3, 1, 0, 3,
       3, 1, 0, 2, 0, 2, 0, 1, 2, 1, 1, 0, 2, 2, 0, 0, 1, 3, 3, 1, 2, 0,
       3, 1, 0, 0, 1, 0, 3, 0, 3, 2, 1, 1, 1, 3, 0, 1, 1, 0, 1, 0, 0, 1,
       2, 1, 3, 0, 0, 1, 3, 1, 1, 3, 2, 2, 2, 2, 1, 1, 2, 3, 3, 0, 0, 2,
       0, 0, 0, 2, 2, 1, 1, 1, 0, 1, 2, 2, 2, 2, 1, 3, 1, 3, 1, 1, 1, 1,
       0, 0, 1, 1, 1, 1, 0, 0, 1, 2, 0, 2, 1, 1, 2, 1, 2, 2, 3, 3, 0, 1,
       1, 0, 3, 0, 3, 2, 3, 2, 0, 1, 1, 3, 3, 1, 2, 0, 0, 2, 2, 0, 2, 0,
       2, 2, 3, 3, 3, 1, 1, 2, 1, 0, 3, 3, 2, 3, 3, 0, 1, 3, 1, 3, 0, 1,
       0, 3, 2, 3, 1, 0, 3, 1, 1, 3, 3, 2, 1, 2, 1, 3, 1, 2, 2, 2, 0, 3,
       1, 0, 1, 3, 3, 2, 2, 2, 0, 0, 2, 1, 3, 0, 2, 3, 0, 2, 0, 2, 3, 2,
       3, 0, 3, 0, 2, 2, 1, 0, 1, 2, 2, 2, 1, 2, 2, 1, 1, 1, 0, 1, 2, 1,
       1, 0, 1, 3, 0, 1, 0, 2, 2, 2, 3, 2, 1, 3, 3, 1, 3, 1, 0, 1, 2, 3,
       0, 1, 3, 1, 3, 0, 3, 3, 2, 2, 2, 0, 1, 1, 0, 1, 2, 0, 2, 2, 1, 0,
       3, 2, 1, 3, 2, 0, 2, 0, 0, 2, 1, 3, 2, 3, 2, 1, 0, 3, 3, 0, 2, 2,
       0, 3, 0, 2, 3, 0, 3, 3, 1, 1, 2, 2, 2, 2, 0, 3, 2, 0, 2, 1, 3, 2,
       3, 0, 3, 3, 2, 0, 2, 0, 0, 1, 1, 2, 2, 0, 3, 3, 0, 2, 1, 0, 2, 3,
       0, 1, 3, 2, 0, 1, 3, 0, 3, 1, 1, 2, 0, 3, 0, 1, 2, 2, 3, 0, 0, 3,
       2, 1, 1, 1, 3, 3, 2, 1, 0, 3, 2, 0, 1, 2, 3, 2, 2, 1, 3, 3, 1, 1,
       3, 0, 3, 3, 1, 1, 2, 2, 0, 2, 1, 0, 3, 1, 1, 1, 3, 1, 2, 2, 2, 0,
       2, 0, 0, 0, 0, 3, 1, 1, 3, 1, 2, 0, 2, 2, 2, 2, 3, 0, 1, 2, 1, 0,
       1, 3, 0, 3, 2, 0, 0, 1, 3, 0, 2, 2, 1, 0, 3, 2, 1, 0, 0, 2, 1, 1,
       0, 2, 0, 3, 0, 2, 1, 0, 1, 2, 3, 1, 0, 0, 3, 1, 2, 3, 2, 3, 3, 3,
       0, 1, 1, 3, 1, 3, 3, 3, 3, 3, 2, 1, 1, 2, 1, 3, 1, 1, 3, 0, 1, 3,
       3, 3, 0, 0, 2, 1, 0, 2, 3, 0, 0, 3, 1, 2, 2, 2, 2, 1, 3, 1, 3, 1,
       3, 2, 1, 2, 3, 3, 3, 3, 3, 2, 1, 3, 0, 0, 3, 0, 1, 1, 2, 0, 1, 1,
       1, 1, 3, 3, 1, 3, 2, 0, 0, 2, 1, 2, 3, 2, 3, 2, 0, 0, 1, 2, 1, 3,
       1, 0, 1, 2, 1, 0, 0, 3, 2, 2, 2, 2, 2, 3, 1, 3, 2, 3, 0, 1],
      dtype=object)]
[15, array([-0.95261616, -0.47630808, -0.47630808,  0.        ]), array([2, 0, 2, 1, 3, 0, 1, 3, 1, 0, 1, 3, 2, 1, 3, 1, 0, 1, 1, 3, 3, 2,
       1, 3, 2, 3, 3, 3, 3, 0, 0, 2, 3, 3, 1, 0, 3, 3, 0, 1, 0, 2, 1, 1,
       2, 0, 2, 0, 0, 0, 2, 1, 1, 2, 0, 2, 1, 0, 0, 2, 1, 0, 1, 2, 0, 0,
       0, 0, 0, 1, 0, 2, 3, 1, 1, 1, 1, 2, 2, 3, 0, 1, 0, 2, 0, 3, 1, 3,
       2, 1, 1, 3, 3, 3, 3, 3, 1, 1, 1, 0, 2, 0, 1, 0, 2, 3, 0, 0, 3, 0,
       0, 1, 2, 3, 2, 0, 1, 2, 1, 0, 1, 3, 0, 0, 2, 3, 3, 2, 1, 0, 1, 2,
       2, 0, 2, 0, 1, 0, 0, 1, 3, 1, 3, 0, 3, 3, 2, 1, 3, 2, 1, 1, 1, 3,
       0, 2, 3, 0, 2, 2, 3, 3, 0, 1, 2, 1, 2, 3, 2, 2, 3, 2, 1, 3, 0, 0,
       0, 3, 1, 1, 2, 0, 3, 2, 0, 0, 0, 3, 2, 3, 0, 3, 0, 2, 1, 0, 2, 0,
       2, 0, 2, 3, 0, 2, 0, 0, 2, 2, 3, 2, 2, 3, 3, 2, 3, 1, 1, 3, 0, 3,
       3, 2, 1, 1, 2, 1, 0, 1, 1, 2, 1, 3, 3, 2, 1, 3, 0, 2, 0, 2, 2, 1,
       3, 3, 3, 0, 3, 0, 1, 2, 2, 1, 3, 2, 0, 3, 1, 2, 2, 2, 3, 0, 0, 0,
       3, 2, 1, 1, 1, 1, 2, 3, 3, 2, 1, 0, 1, 3, 0, 3, 3, 2, 0, 0, 2, 0,
       3, 0, 2, 2, 2, 1, 0, 3, 0, 0, 0, 2, 0, 2, 2, 1, 0, 1, 1, 0, 1, 3,
       3, 2, 3, 3, 3, 0, 3, 3, 2, 0, 0, 2, 1, 1, 0, 0, 2, 2, 3, 3, 2, 0,
       1, 2, 3, 0, 3, 1, 3, 3, 1, 3, 2, 2, 3, 3, 3, 1, 0, 2, 1, 0, 2, 0,
       1, 3, 3, 2, 3, 3, 0, 1, 0, 3, 2, 2, 1, 0, 0, 3, 2, 0, 2, 1, 3, 3,
       3, 0, 0, 3, 1, 0, 3, 0, 3, 0, 1, 3, 3, 1, 1, 0, 0, 2, 3, 1, 0, 1,
       3, 3, 1, 3, 3, 1, 2, 0, 3, 0, 0, 2, 2, 3, 0, 0, 1, 0, 0, 3, 2, 3,
       2, 2, 0, 1, 0, 1, 3, 0, 1, 3, 1, 1, 2, 0, 2, 3, 2, 3, 3, 3, 0, 2,
       1, 0, 2, 1, 1, 1, 1, 3, 2, 3, 0, 1, 0, 0, 0, 1, 1, 1, 1, 2, 1, 0,
       0, 0, 1, 2, 0, 1, 1, 3, 0, 1, 3, 0, 1, 3, 3, 1, 2, 1, 0, 2, 1, 3,
       1, 1, 1, 0, 1, 0, 3, 3, 2, 0, 0, 2, 1, 0, 3, 2, 3, 3, 3, 1, 1, 2,
       2, 1, 0, 2, 0, 1, 0, 1, 3, 1, 0, 1, 1, 2, 3, 0, 1, 1, 2, 1, 2, 1,
       1, 1, 2, 3, 2, 0, 1, 3, 0, 2, 3, 1, 2, 0, 1, 1, 1, 1, 2, 3, 3, 3,
       3, 0, 1, 1, 0, 1, 2, 1, 2, 2, 3, 0, 0, 2, 2, 2, 0, 0, 3, 2, 0, 1,
       1, 3, 2, 2, 0, 3, 0, 3, 1, 0, 3, 3, 3, 2, 1, 0, 0, 1, 2, 3, 1, 0,
       2, 3, 3, 2, 1, 1, 3, 3, 1, 1, 3, 1, 3, 3, 1, 3, 1, 2, 2, 2, 0, 2,
       1, 3, 2, 2, 1, 3, 2, 3, 1, 1, 3, 3, 1, 0, 1, 0, 2, 1, 0, 1, 2, 3,
       2, 3, 0, 1, 1, 2, 2, 1, 3, 3, 1, 1, 1, 2, 2, 2, 1, 0, 2, 2, 2, 3,
       3, 1, 0, 2, 2, 0, 1, 3, 2, 3, 0, 2, 0, 1, 1, 0, 3, 3, 2, 0, 1, 0,
       1, 2, 3, 3, 0, 1, 0, 0, 2, 3, 0, 0, 1, 1, 1, 2, 3, 2, 3, 0, 0, 1,
       0, 2, 2, 0, 2, 0, 3, 3, 2, 3, 0, 2, 0, 2, 0, 1, 3, 3, 0, 2, 0, 3,
       2, 3, 2, 2, 1, 2, 2, 3, 0, 1, 2, 0, 1, 3, 3, 0, 3, 1, 2, 3, 0, 2,
       0, 3, 3, 0, 0, 2, 1, 0, 3, 1, 3, 1, 2, 2, 1, 3, 0, 0, 0, 1, 3, 2,
       2, 1, 0, 2, 0, 0, 0, 1, 1, 3, 0, 3, 3, 0, 1, 1, 0, 1, 0, 0, 2, 2,
       2, 1, 0, 2, 0, 2, 1, 3, 3, 2, 0, 2, 2, 2, 0, 3, 1, 1, 2, 1, 0, 1,
       2, 3, 1, 0, 1, 2, 0, 0, 3, 2, 1, 0, 3, 2, 1, 3, 1, 1, 2, 1, 3, 0,
       1, 1, 3, 3, 3, 2, 0, 2, 2, 3, 0, 0, 0, 3, 3, 2, 2, 2, 1, 2, 0, 2,
       1, 2, 1, 1, 2, 3, 1, 3, 2, 0, 1, 0, 2, 3, 3, 3, 0, 3, 2, 0, 2, 0,
       1, 0, 0, 3, 3, 1, 1, 3, 3, 3, 0, 0, 1, 0, 1, 2, 2, 1, 3, 3, 2, 1,
       3, 3, 2, 2, 1, 2, 2, 1, 2, 2, 0, 1, 3, 1, 1, 0, 1, 3, 0, 1, 3, 0,
       3, 3, 3, 3, 3, 3, 2, 2, 1, 1, 3, 1, 1, 1, 0, 2, 0, 3, 3, 3, 2, 0,
       1, 3, 0, 1, 3, 3, 0, 2, 2, 2, 3, 0, 0, 2, 3, 3, 0, 3, 1, 0],
      dtype=object)]
[15, array([-0.95261616, -0.47630808, -0.47630808,  0.        ]), array([2, 0, 2, 1, 3, 0, 1, 3, 1, 0, 1, 3, 2, 1, 3, 1, 0, 1, 1, 3, 3, 2,
       1, 3, 2, 3, 3, 3, 3, 0, 0, 2, 3, 3, 1, 0, 3, 3, 0, 1, 0, 2, 1, 1,
       2, 0, 2, 0, 0, 0, 2, 1, 1, 2, 0, 2, 1, 0, 0, 2, 1, 0, 1, 2, 0, 0,
       0, 0, 0, 1, 0, 2, 3, 1, 1, 1, 1, 2, 2, 3, 0, 1, 0, 2, 0, 3, 1, 3,
       2, 1, 1, 3, 3, 3, 3, 3, 1, 1, 1, 0, 2, 0, 1, 0, 2, 3, 0, 0, 3, 0,
       0, 1, 2, 3, 2, 0, 1, 2, 1, 0, 1, 3, 0, 0, 2, 3, 3, 2, 1, 0, 1, 2,
       2, 0, 2, 0, 1, 0, 0, 1, 3, 1, 3, 0, 3, 3, 2, 1, 3, 2, 1, 1, 1, 3,
       0, 2, 3, 0, 2, 2, 3, 3, 0, 1, 2, 1, 2, 3, 2, 2, 3, 2, 1, 3, 0, 0,
       0, 3, 1, 1, 2, 0, 3, 2, 0, 0, 0, 3, 2, 3, 0, 3, 0, 2, 1, 0, 2, 0,
       2, 0, 2, 3, 0, 2, 0, 0, 2, 2, 3, 2, 2, 3, 3, 2, 3, 1, 1, 3, 0, 3,
       3, 2, 1, 1, 2, 1, 0, 1, 1, 2, 1, 3, 3, 2, 1, 3, 0, 2, 0, 2, 2, 1,
       3, 3, 3, 0, 3, 0, 1, 2, 2, 1, 3, 2, 0, 3, 1, 2, 2, 2, 3, 0, 0, 0,
       3, 2, 1, 1, 1, 1, 2, 3, 3, 2, 1, 0, 1, 3, 0, 3, 3, 2, 0, 0, 2, 0,
       3, 0, 2, 2, 2, 1, 0, 3, 0, 0, 0, 2, 0, 2, 2, 1, 0, 1, 1, 0, 1, 3,
       3, 2, 3, 3, 3, 0, 3, 3, 2, 0, 0, 2, 1, 1, 0, 0, 2, 2, 3, 3, 2, 0,
       1, 2, 3, 0, 3, 1, 3, 3, 1, 3, 2, 2, 3, 3, 3, 1, 0, 2, 1, 0, 2, 0,
       1, 3, 3, 2, 3, 3, 0, 1, 0, 3, 2, 2, 1, 0, 0, 3, 2, 0, 2, 1, 3, 3,
       3, 0, 0, 3, 1, 0, 3, 0, 3, 0, 1, 3, 3, 1, 1, 0, 0, 2, 3, 1, 0, 1,
       3, 3, 1, 3, 3, 1, 2, 0, 3, 0, 0, 2, 2, 3, 0, 0, 1, 0, 0, 3, 2, 3,
       2, 2, 0, 1, 0, 1, 3, 0, 1, 3, 1, 1, 2, 0, 2, 3, 2, 3, 3, 3, 0, 2,
       1, 0, 2, 1, 1, 1, 1, 3, 2, 3, 0, 1, 0, 0, 0, 1, 1, 1, 1, 2, 1, 0,
       0, 0, 1, 2, 0, 1, 1, 3, 0, 1, 3, 0, 1, 3, 3, 1, 2, 1, 0, 2, 1, 3,
       1, 1, 1, 0, 1, 0, 3, 3, 2, 0, 0, 2, 1, 0, 3, 2, 3, 3, 3, 1, 1, 2,
       2, 1, 0, 2, 0, 1, 0, 1, 3, 1, 0, 1, 1, 2, 3, 0, 1, 1, 2, 1, 2, 1,
       1, 1, 2, 3, 2, 0, 1, 3, 0, 2, 3, 1, 2, 0, 1, 1, 1, 1, 2, 3, 3, 3,
       3, 0, 1, 1, 0, 1, 2, 1, 2, 2, 3, 0, 0, 2, 2, 2, 0, 0, 3, 2, 0, 1,
       1, 3, 2, 2, 0, 3, 0, 3, 1, 0, 3, 3, 3, 2, 1, 0, 0, 1, 2, 3, 1, 0,
       2, 3, 3, 2, 1, 1, 3, 3, 1, 1, 3, 1, 3, 3, 1, 3, 1, 2, 2, 2, 0, 2,
       1, 3, 2, 2, 1, 3, 2, 3, 1, 1, 3, 3, 1, 0, 1, 0, 2, 1, 0, 1, 2, 3,
       2, 3, 0, 1, 1, 2, 2, 1, 3, 3, 1, 1, 1, 2, 2, 2, 1, 0, 2, 2, 2, 3,
       3, 1, 0, 2, 2, 0, 1, 3, 2, 3, 0, 2, 0, 1, 1, 0, 3, 3, 2, 0, 1, 0,
       1, 2, 3, 3, 0, 1, 0, 0, 2, 3, 0, 0, 1, 1, 1, 2, 3, 2, 3, 0, 0, 1,
       0, 2, 2, 0, 2, 0, 3, 3, 2, 3, 0, 2, 0, 2, 0, 1, 3, 3, 0, 2, 0, 3,
       2, 3, 2, 2, 1, 2, 2, 3, 0, 1, 2, 0, 1, 3, 3, 0, 3, 1, 2, 3, 0, 2,
       0, 3, 3, 0, 0, 2, 1, 0, 3, 1, 3, 1, 2, 2, 1, 3, 0, 0, 0, 1, 3, 2,
       2, 1, 0, 2, 0, 0, 0, 1, 1, 3, 0, 3, 3, 0, 1, 1, 0, 1, 0, 0, 2, 2,
       2, 1, 0, 2, 0, 2, 1, 3, 3, 2, 0, 2, 2, 2, 0, 3, 1, 1, 2, 1, 0, 1,
       2, 3, 1, 0, 1, 2, 0, 0, 3, 2, 1, 0, 3, 2, 1, 3, 1, 1, 2, 1, 3, 0,
       1, 1, 3, 3, 3, 2, 0, 2, 2, 3, 0, 0, 0, 3, 3, 2, 2, 2, 1, 2, 0, 2,
       1, 2, 1, 1, 2, 3, 1, 3, 2, 0, 1, 0, 2, 3, 3, 3, 0, 3, 2, 0, 2, 0,
       1, 0, 0, 3, 3, 1, 1, 3, 3, 3, 0, 0, 1, 0, 1, 2, 2, 1, 3, 3, 2, 1,
       3, 3, 2, 2, 1, 2, 2, 1, 2, 2, 0, 1, 3, 1, 1, 0, 1, 3, 0, 1, 3, 0,
       3, 3, 3, 3, 3, 3, 2, 2, 1, 1, 3, 1, 1, 1, 0, 2, 0, 3, 3, 3, 2, 0,
       1, 3, 0, 1, 3, 3, 0, 2, 2, 2, 3, 0, 0, 2, 3, 3, 0, 3, 1, 0],
      dtype=object)]
[15, array([-0.95261616, -0.47630808, -0.47630808,  0.        ]), array([2, 0, 2, 1, 3, 0, 1, 3, 1, 0, 1, 3, 2, 1, 3, 1, 0, 1, 1, 3, 3, 2,
       1, 3, 2, 3, 3, 3, 3, 0, 0, 2, 3, 3, 1, 0, 3, 3, 0, 1, 0, 2, 1, 1,
       2, 0, 2, 0, 0, 0, 2, 1, 1, 2, 0, 2, 1, 0, 0, 2, 1, 0, 1, 2, 0, 0,
       0, 0, 0, 1, 0, 2, 3, 1, 1, 1, 1, 2, 2, 3, 0, 1, 0, 2, 0, 3, 1, 3,
       2, 1, 1, 3, 3, 3, 3, 3, 1, 1, 1, 0, 2, 0, 1, 0, 2, 3, 0, 0, 3, 0,
       0, 1, 2, 3, 2, 0, 1, 2, 1, 0, 1, 3, 0, 0, 2, 3, 3, 2, 1, 0, 1, 2,
       2, 0, 2, 0, 1, 0, 0, 1, 3, 1, 3, 0, 3, 3, 2, 1, 3, 2, 1, 1, 1, 3,
       0, 2, 3, 0, 2, 2, 3, 3, 0, 1, 2, 1, 2, 3, 2, 2, 3, 2, 1, 3, 0, 0,
       0, 3, 1, 1, 2, 0, 3, 2, 0, 0, 0, 3, 2, 3, 0, 3, 0, 2, 1, 0, 2, 0,
       2, 0, 2, 3, 0, 2, 0, 0, 2, 2, 3, 2, 2, 3, 3, 2, 3, 1, 1, 3, 0, 3,
       3, 2, 1, 1, 2, 1, 0, 1, 1, 2, 1, 3, 3, 2, 1, 3, 0, 2, 0, 2, 2, 1,
       3, 3, 3, 0, 3, 0, 1, 2, 2, 1, 3, 2, 0, 3, 1, 2, 2, 2, 3, 0, 0, 0,
       3, 2, 1, 1, 1, 1, 2, 3, 3, 2, 1, 0, 1, 3, 0, 3, 3, 2, 0, 0, 2, 0,
       3, 0, 2, 2, 2, 1, 0, 3, 0, 0, 0, 2, 0, 2, 2, 1, 0, 1, 1, 0, 1, 3,
       3, 2, 3, 3, 3, 0, 3, 3, 2, 0, 0, 2, 1, 1, 0, 0, 2, 2, 3, 3, 2, 0,
       1, 2, 3, 0, 3, 1, 3, 3, 1, 3, 2, 2, 3, 3, 3, 1, 0, 2, 1, 0, 2, 0,
       1, 3, 3, 2, 3, 3, 0, 1, 0, 3, 2, 2, 1, 0, 0, 3, 2, 0, 2, 1, 3, 3,
       3, 0, 0, 3, 1, 0, 3, 0, 3, 0, 1, 3, 3, 1, 1, 0, 0, 2, 3, 1, 0, 1,
       3, 3, 1, 3, 3, 1, 2, 0, 3, 0, 0, 2, 2, 3, 0, 0, 1, 0, 0, 3, 2, 3,
       2, 2, 0, 1, 0, 1, 3, 0, 1, 3, 1, 1, 2, 0, 2, 3, 2, 3, 3, 3, 0, 2,
       1, 0, 2, 1, 1, 1, 1, 3, 2, 3, 0, 1, 0, 0, 0, 1, 1, 1, 1, 2, 1, 0,
       0, 0, 1, 2, 0, 1, 1, 3, 0, 1, 3, 0, 1, 3, 3, 1, 2, 1, 0, 2, 1, 3,
       1, 1, 1, 0, 1, 0, 3, 3, 2, 0, 0, 2, 1, 0, 3, 2, 3, 3, 3, 1, 1, 2,
       2, 1, 0, 2, 0, 1, 0, 1, 3, 1, 0, 1, 1, 2, 3, 0, 1, 1, 2, 1, 2, 1,
       1, 1, 2, 3, 2, 0, 1, 3, 0, 2, 3, 1, 2, 0, 1, 1, 1, 1, 2, 3, 3, 3,
       3, 0, 1, 1, 0, 1, 2, 1, 2, 2, 3, 0, 0, 2, 2, 2, 0, 0, 3, 2, 0, 1,
       1, 3, 2, 2, 0, 3, 0, 3, 1, 0, 3, 3, 3, 2, 1, 0, 0, 1, 2, 3, 1, 0,
       2, 3, 3, 2, 1, 1, 3, 3, 1, 1, 3, 1, 3, 3, 1, 3, 1, 2, 2, 2, 0, 2,
       1, 3, 2, 2, 1, 3, 2, 3, 1, 1, 3, 3, 1, 0, 1, 0, 2, 1, 0, 1, 2, 3,
       2, 3, 0, 1, 1, 2, 2, 1, 3, 3, 1, 1, 1, 2, 2, 2, 1, 0, 2, 2, 2, 3,
       3, 1, 0, 2, 2, 0, 1, 3, 2, 3, 0, 2, 0, 1, 1, 0, 3, 3, 2, 0, 1, 0,
       1, 2, 3, 3, 0, 1, 0, 0, 2, 3, 0, 0, 1, 1, 1, 2, 3, 2, 3, 0, 0, 1,
       0, 2, 2, 0, 2, 0, 3, 3, 2, 3, 0, 2, 0, 2, 0, 1, 3, 3, 0, 2, 0, 3,
       2, 3, 2, 2, 1, 2, 2, 3, 0, 1, 2, 0, 1, 3, 3, 0, 3, 1, 2, 3, 0, 2,
       0, 3, 3, 0, 0, 2, 1, 0, 3, 1, 3, 1, 2, 2, 1, 3, 0, 0, 0, 1, 3, 2,
       2, 1, 0, 2, 0, 0, 0, 1, 1, 3, 0, 3, 3, 0, 1, 1, 0, 1, 0, 0, 2, 2,
       2, 1, 0, 2, 0, 2, 1, 3, 3, 2, 0, 2, 2, 2, 0, 3, 1, 1, 2, 1, 0, 1,
       2, 3, 1, 0, 1, 2, 0, 0, 3, 2, 1, 0, 3, 2, 1, 3, 1, 1, 2, 1, 3, 0,
       1, 1, 3, 3, 3, 2, 0, 2, 2, 3, 0, 0, 0, 3, 3, 2, 2, 2, 1, 2, 0, 2,
       1, 2, 1, 1, 2, 3, 1, 3, 2, 0, 1, 0, 2, 3, 3, 3, 0, 3, 2, 0, 2, 0,
       1, 0, 0, 3, 3, 1, 1, 3, 3, 3, 0, 0, 1, 0, 1, 2, 2, 1, 3, 3, 2, 1,
       3, 3, 2, 2, 1, 2, 2, 1, 2, 2, 0, 1, 3, 1, 1, 0, 1, 3, 0, 1, 3, 0,
       3, 3, 3, 3, 3, 3, 2, 2, 1, 1, 3, 1, 1, 1, 0, 2, 0, 3, 3, 3, 2, 0,
       1, 3, 0, 1, 3, 3, 0, 2, 2, 2, 3, 0, 0, 2, 3, 3, 0, 3, 1, 0],
      dtype=object)]
[15, array([-0.95261616, -0.47630808, -0.47630808,  0.        ]), array([2, 0, 2, 1, 3, 0, 1, 3, 1, 0, 1, 3, 2, 1, 3, 1, 0, 1, 1, 3, 3, 2,
       1, 3, 2, 3, 3, 3, 3, 0, 0, 2, 3, 3, 1, 0, 3, 3, 0, 1, 0, 2, 1, 1,
       2, 0, 2, 0, 0, 0, 2, 1, 1, 2, 0, 2, 1, 0, 0, 2, 1, 0, 1, 2, 0, 0,
       0, 0, 0, 1, 0, 2, 3, 1, 1, 1, 1, 2, 2, 3, 0, 1, 0, 2, 0, 3, 1, 3,
       2, 1, 1, 3, 3, 3, 3, 3, 1, 1, 1, 0, 2, 0, 1, 0, 2, 3, 0, 0, 3, 0,
       0, 1, 2, 3, 2, 0, 1, 2, 1, 0, 1, 3, 0, 0, 2, 3, 3, 2, 1, 0, 1, 2,
       2, 0, 2, 0, 1, 0, 0, 1, 3, 1, 3, 0, 3, 3, 2, 1, 3, 2, 1, 1, 1, 3,
       0, 2, 3, 0, 2, 2, 3, 3, 0, 1, 2, 1, 2, 3, 2, 2, 3, 2, 1, 3, 0, 0,
       0, 3, 1, 1, 2, 0, 3, 2, 0, 0, 0, 3, 2, 3, 0, 3, 0, 2, 1, 0, 2, 0,
       2, 0, 2, 3, 0, 2, 0, 0, 2, 2, 3, 2, 2, 3, 3, 2, 3, 1, 1, 3, 0, 3,
       3, 2, 1, 1, 2, 1, 0, 1, 1, 2, 1, 3, 3, 2, 1, 3, 0, 2, 0, 2, 2, 1,
       3, 3, 3, 0, 3, 0, 1, 2, 2, 1, 3, 2, 0, 3, 1, 2, 2, 2, 3, 0, 0, 0,
       3, 2, 1, 1, 1, 1, 2, 3, 3, 2, 1, 0, 1, 3, 0, 3, 3, 2, 0, 0, 2, 0,
       3, 0, 2, 2, 2, 1, 0, 3, 0, 0, 0, 2, 0, 2, 2, 1, 0, 1, 1, 0, 1, 3,
       3, 2, 3, 3, 3, 0, 3, 3, 2, 0, 0, 2, 1, 1, 0, 0, 2, 2, 3, 3, 2, 0,
       1, 2, 3, 0, 3, 1, 3, 3, 1, 3, 2, 2, 3, 3, 3, 1, 0, 2, 1, 0, 2, 0,
       1, 3, 3, 2, 3, 3, 0, 1, 0, 3, 2, 2, 1, 0, 0, 3, 2, 0, 2, 1, 3, 3,
       3, 0, 0, 3, 1, 0, 3, 0, 3, 0, 1, 3, 3, 1, 1, 0, 0, 2, 3, 1, 0, 1,
       3, 3, 1, 3, 3, 1, 2, 0, 3, 0, 0, 2, 2, 3, 0, 0, 1, 0, 0, 3, 2, 3,
       2, 2, 0, 1, 0, 1, 3, 0, 1, 3, 1, 1, 2, 0, 2, 3, 2, 3, 3, 3, 0, 2,
       1, 0, 2, 1, 1, 1, 1, 3, 2, 3, 0, 1, 0, 0, 0, 1, 1, 1, 1, 2, 1, 0,
       0, 0, 1, 2, 0, 1, 1, 3, 0, 1, 3, 0, 1, 3, 3, 1, 2, 1, 0, 2, 1, 3,
       1, 1, 1, 0, 1, 0, 3, 3, 2, 0, 0, 2, 1, 0, 3, 2, 3, 3, 3, 1, 1, 2,
       2, 1, 0, 2, 0, 1, 0, 1, 3, 1, 0, 1, 1, 2, 3, 0, 1, 1, 2, 1, 2, 1,
       1, 1, 2, 3, 2, 0, 1, 3, 0, 2, 3, 1, 2, 0, 1, 1, 1, 1, 2, 3, 3, 3,
       3, 0, 1, 1, 0, 1, 2, 1, 2, 2, 3, 0, 0, 2, 2, 2, 0, 0, 3, 2, 0, 1,
       1, 3, 2, 2, 0, 3, 0, 3, 1, 0, 3, 3, 3, 2, 1, 0, 0, 1, 2, 3, 1, 0,
       2, 3, 3, 2, 1, 1, 3, 3, 1, 1, 3, 1, 3, 3, 1, 3, 1, 2, 2, 2, 0, 2,
       1, 3, 2, 2, 1, 3, 2, 3, 1, 1, 3, 3, 1, 0, 1, 0, 2, 1, 0, 1, 2, 3,
       2, 3, 0, 1, 1, 2, 2, 1, 3, 3, 1, 1, 1, 2, 2, 2, 1, 0, 2, 2, 2, 3,
       3, 1, 0, 2, 2, 0, 1, 3, 2, 3, 0, 2, 0, 1, 1, 0, 3, 3, 2, 0, 1, 0,
       1, 2, 3, 3, 0, 1, 0, 0, 2, 3, 0, 0, 1, 1, 1, 2, 3, 2, 3, 0, 0, 1,
       0, 2, 2, 0, 2, 0, 3, 3, 2, 3, 0, 2, 0, 2, 0, 1, 3, 3, 0, 2, 0, 3,
       2, 3, 2, 2, 1, 2, 2, 3, 0, 1, 2, 0, 1, 3, 3, 0, 3, 1, 2, 3, 0, 2,
       0, 3, 3, 0, 0, 2, 1, 0, 3, 1, 3, 1, 2, 2, 1, 3, 0, 0, 0, 1, 3, 2,
       2, 1, 0, 2, 0, 0, 0, 1, 1, 3, 0, 3, 3, 0, 1, 1, 0, 1, 0, 0, 2, 2,
       2, 1, 0, 2, 0, 2, 1, 3, 3, 2, 0, 2, 2, 2, 0, 3, 1, 1, 2, 1, 0, 1,
       2, 3, 1, 0, 1, 2, 0, 0, 3, 2, 1, 0, 3, 2, 1, 3, 1, 1, 2, 1, 3, 0,
       1, 1, 3, 3, 3, 2, 0, 2, 2, 3, 0, 0, 0, 3, 3, 2, 2, 2, 1, 2, 0, 2,
       1, 2, 1, 1, 2, 3, 1, 3, 2, 0, 1, 0, 2, 3, 3, 3, 0, 3, 2, 0, 2, 0,
       1, 0, 0, 3, 3, 1, 1, 3, 3, 3, 0, 0, 1, 0, 1, 2, 2, 1, 3, 3, 2, 1,
       3, 3, 2, 2, 1, 2, 2, 1, 2, 2, 0, 1, 3, 1, 1, 0, 1, 3, 0, 1, 3, 0,
       3, 3, 3, 3, 3, 3, 2, 2, 1, 1, 3, 1, 1, 1, 0, 2, 0, 3, 3, 3, 2, 0,
       1, 3, 0, 1, 3, 3, 0, 2, 2, 2, 3, 0, 0, 2, 3, 3, 0, 3, 1, 0],
      dtype=object)]
[16, array([-1.03489637, -0.51744819, -0.51744819,  0.        ]), array([1, 1, 2, 3, 1, 0, 1, 2, 2, 1, 2, 2, 3, 2, 3, 3, 1, 0, 1, 2, 2, 1,
       0, 0, 2, 3, 2, 2, 2, 2, 2, 0, 3, 0, 1, 2, 3, 0, 1, 2, 1, 1, 0, 0,
       0, 2, 1, 0, 2, 3, 2, 0, 2, 0, 1, 3, 1, 3, 3, 3, 3, 0, 2, 3, 1, 2,
       3, 2, 0, 0, 3, 3, 3, 1, 2, 1, 3, 3, 3, 3, 3, 2, 2, 1, 2, 2, 2, 1,
       2, 3, 3, 3, 0, 0, 0, 0, 0, 2, 0, 3, 3, 3, 0, 2, 0, 2, 1, 0, 3, 1,
       1, 1, 0, 3, 3, 3, 0, 0, 1, 0, 0, 1, 1, 3, 2, 0, 2, 3, 1, 1, 2, 0,
       2, 2, 1, 1, 2, 2, 0, 0, 0, 2, 2, 0, 2, 2, 2, 3, 3, 2, 3, 0, 2, 2,
       1, 0, 3, 2, 1, 1, 3, 0, 3, 1, 1, 2, 0, 3, 2, 0, 2, 2, 2, 2, 3, 1,
       3, 2, 3, 0, 1, 3, 3, 3, 1, 1, 0, 2, 3, 3, 1, 1, 1, 3, 1, 2, 2, 0,
       2, 2, 0, 2, 2, 0, 3, 2, 0, 1, 3, 1, 0, 3, 3, 2, 0, 1, 3, 2, 0, 1,
       0, 3, 2, 2, 1, 0, 2, 2, 0, 3, 3, 1, 3, 1, 0, 3, 3, 3, 3, 3, 3, 0,
       1, 1, 1, 3, 3, 0, 3, 1, 3, 2, 0, 3, 3, 0, 3, 0, 3, 2, 0, 1, 3, 3,
       1, 3, 2, 3, 1, 1, 0, 0, 0, 0, 2, 3, 0, 2, 1, 3, 3, 0, 2, 2, 2, 3,
       2, 0, 3, 3, 2, 2, 1, 0, 1, 3, 1, 2, 3, 3, 0, 1, 2, 3, 2, 3, 2, 1,
       2, 3, 2, 3, 2, 0, 0, 2, 3, 3, 0, 2, 0, 3, 3, 0, 3, 0, 1, 0, 2, 0,
       0, 3, 2, 3, 3, 0, 3, 3, 1, 2, 0, 1, 2, 0, 2, 2, 0, 0, 2, 2, 0, 0,
       2, 2, 3, 0, 0, 0, 3, 0, 2, 3, 3, 3, 0, 1, 2, 3, 3, 0, 1, 1, 1, 1,
       1, 3, 2, 1, 1, 0, 0, 0, 1, 2, 0, 2, 1, 2, 0, 1, 2, 0, 2, 0, 3, 1,
       3, 1, 3, 2, 0, 1, 1, 1, 2, 0, 1, 1, 3, 1, 2, 1, 0, 0, 3, 3, 1, 2,
       2, 2, 0, 2, 2, 0, 1, 2, 1, 3, 1, 0, 1, 3, 0, 2, 0, 1, 1, 3, 2, 0,
       0, 3, 3, 1, 3, 0, 3, 2, 3, 1, 3, 2, 1, 2, 1, 3, 2, 2, 1, 3, 3, 1,
       3, 2, 2, 1, 0, 0, 1, 2, 0, 1, 1, 3, 3, 1, 1, 2, 3, 2, 0, 3, 2, 3,
       1, 0, 2, 1, 3, 3, 2, 1, 2, 3, 1, 1, 3, 2, 3, 1, 1, 3, 0, 3, 3, 2,
       0, 3, 0, 1, 2, 1, 3, 1, 3, 3, 3, 3, 1, 0, 2, 3, 0, 2, 0, 2, 0, 2,
       1, 0, 2, 1, 3, 1, 3, 0, 3, 0, 0, 3, 3, 0, 1, 0, 3, 2, 0, 2, 3, 3,
       1, 0, 3, 0, 0, 0, 2, 2, 2, 1, 0, 2, 2, 3, 2, 1, 1, 1, 0, 0, 0, 3,
       3, 0, 1, 1, 3, 3, 2, 1, 3, 0, 1, 3, 1, 2, 0, 3, 2, 3, 1, 2, 2, 3,
       3, 3, 2, 3, 1, 0, 1, 0, 0, 0, 1, 3, 2, 2, 3, 2, 1, 3, 1, 3, 3, 0,
       2, 2, 2, 0, 3, 3, 3, 0, 1, 3, 3, 1, 2, 3, 2, 2, 1, 2, 3, 0, 1, 0,
       0, 1, 2, 1, 2, 1, 3, 1, 2, 3, 0, 2, 3, 0, 3, 0, 0, 2, 1, 0, 3, 1,
       1, 3, 0, 0, 2, 3, 2, 2, 1, 2, 1, 1, 3, 3, 0, 1, 3, 3, 2, 1, 1, 1,
       2, 2, 3, 0, 0, 3, 2, 1, 0, 3, 0, 2, 1, 0, 2, 1, 3, 2, 0, 2, 0, 2,
       3, 2, 2, 0, 3, 1, 1, 2, 1, 3, 3, 2, 0, 2, 0, 3, 2, 3, 3, 1, 2, 2,
       3, 2, 2, 2, 1, 0, 2, 0, 2, 1, 0, 1, 0, 0, 1, 0, 0, 0, 2, 0, 3, 2,
       1, 1, 2, 2, 2, 0, 1, 1, 0, 3, 0, 3, 3, 1, 1, 2, 0, 0, 1, 3, 2, 2,
       3, 1, 1, 3, 2, 1, 1, 0, 2, 0, 2, 3, 0, 3, 2, 2, 3, 0, 3, 1, 2, 0,
       3, 1, 3, 1, 0, 2, 2, 0, 1, 2, 1, 2, 1, 0, 2, 0, 0, 3, 3, 1, 1, 1,
       2, 1, 2, 3, 3, 2, 0, 3, 0, 3, 0, 1, 3, 3, 1, 1, 0, 2, 0, 2, 2, 0,
       2, 3, 2, 0, 1, 2, 1, 3, 1, 3, 0, 0, 3, 2, 2, 1, 2, 2, 3, 0, 0, 2,
       1, 3, 1, 0, 1, 2, 0, 2, 3, 0, 2, 3, 0, 1, 1, 2, 3, 0, 3, 0, 2, 2,
       0, 2, 0, 2, 3, 2, 0, 0, 2, 1, 2, 3, 3, 1, 0, 1, 0, 1, 2, 3, 3, 3,
       3, 1, 0, 1, 1, 0, 2, 1, 2, 3, 2, 0, 2, 1, 3, 1, 1, 3, 0, 1, 3, 1,
       0, 3, 1, 3, 3, 1, 3, 2, 2, 0, 2, 2, 3, 1, 2, 1, 1, 0, 2, 3, 0, 0,
       0, 0, 2, 3, 0, 0, 1, 2, 3, 1, 3, 0, 1, 2, 1, 3, 1, 3, 2, 3],
      dtype=object)]
[16, array([-1.03489637, -0.51744819, -0.51744819,  0.        ]), array([1, 1, 2, 3, 1, 0, 1, 2, 2, 1, 2, 2, 3, 2, 3, 3, 1, 0, 1, 2, 2, 1,
       0, 0, 2, 3, 2, 2, 2, 2, 2, 0, 3, 0, 1, 2, 3, 0, 1, 2, 1, 1, 0, 0,
       0, 2, 1, 0, 2, 3, 2, 0, 2, 0, 1, 3, 1, 3, 3, 3, 3, 0, 2, 3, 1, 2,
       3, 2, 0, 0, 3, 3, 3, 1, 2, 1, 3, 3, 3, 3, 3, 2, 2, 1, 2, 2, 2, 1,
       2, 3, 3, 3, 0, 0, 0, 0, 0, 2, 0, 3, 3, 3, 0, 2, 0, 2, 1, 0, 3, 1,
       1, 1, 0, 3, 3, 3, 0, 0, 1, 0, 0, 1, 1, 3, 2, 0, 2, 3, 1, 1, 2, 0,
       2, 2, 1, 1, 2, 2, 0, 0, 0, 2, 2, 0, 2, 2, 2, 3, 3, 2, 3, 0, 2, 2,
       1, 0, 3, 2, 1, 1, 3, 0, 3, 1, 1, 2, 0, 3, 2, 0, 2, 2, 2, 2, 3, 1,
       3, 2, 3, 0, 1, 3, 3, 3, 1, 1, 0, 2, 3, 3, 1, 1, 1, 3, 1, 2, 2, 0,
       2, 2, 0, 2, 2, 0, 3, 2, 0, 1, 3, 1, 0, 3, 3, 2, 0, 1, 3, 2, 0, 1,
       0, 3, 2, 2, 1, 0, 2, 2, 0, 3, 3, 1, 3, 1, 0, 3, 3, 3, 3, 3, 3, 0,
       1, 1, 1, 3, 3, 0, 3, 1, 3, 2, 0, 3, 3, 0, 3, 0, 3, 2, 0, 1, 3, 3,
       1, 3, 2, 3, 1, 1, 0, 0, 0, 0, 2, 3, 0, 2, 1, 3, 3, 0, 2, 2, 2, 3,
       2, 0, 3, 3, 2, 2, 1, 0, 1, 3, 1, 2, 3, 3, 0, 1, 2, 3, 2, 3, 2, 1,
       2, 3, 2, 3, 2, 0, 0, 2, 3, 3, 0, 2, 0, 3, 3, 0, 3, 0, 1, 0, 2, 0,
       0, 3, 2, 3, 3, 0, 3, 3, 1, 2, 0, 1, 2, 0, 2, 2, 0, 0, 2, 2, 0, 0,
       2, 2, 3, 0, 0, 0, 3, 0, 2, 3, 3, 3, 0, 1, 2, 3, 3, 0, 1, 1, 1, 1,
       1, 3, 2, 1, 1, 0, 0, 0, 1, 2, 0, 2, 1, 2, 0, 1, 2, 0, 2, 0, 3, 1,
       3, 1, 3, 2, 0, 1, 1, 1, 2, 0, 1, 1, 3, 1, 2, 1, 0, 0, 3, 3, 1, 2,
       2, 2, 0, 2, 2, 0, 1, 2, 1, 3, 1, 0, 1, 3, 0, 2, 0, 1, 1, 3, 2, 0,
       0, 3, 3, 1, 3, 0, 3, 2, 3, 1, 3, 2, 1, 2, 1, 3, 2, 2, 1, 3, 3, 1,
       3, 2, 2, 1, 0, 0, 1, 2, 0, 1, 1, 3, 3, 1, 1, 2, 3, 2, 0, 3, 2, 3,
       1, 0, 2, 1, 3, 3, 2, 1, 2, 3, 1, 1, 3, 2, 3, 1, 1, 3, 0, 3, 3, 2,
       0, 3, 0, 1, 2, 1, 3, 1, 3, 3, 3, 3, 1, 0, 2, 3, 0, 2, 0, 2, 0, 2,
       1, 0, 2, 1, 3, 1, 3, 0, 3, 0, 0, 3, 3, 0, 1, 0, 3, 2, 0, 2, 3, 3,
       1, 0, 3, 0, 0, 0, 2, 2, 2, 1, 0, 2, 2, 3, 2, 1, 1, 1, 0, 0, 0, 3,
       3, 0, 1, 1, 3, 3, 2, 1, 3, 0, 1, 3, 1, 2, 0, 3, 2, 3, 1, 2, 2, 3,
       3, 3, 2, 3, 1, 0, 1, 0, 0, 0, 1, 3, 2, 2, 3, 2, 1, 3, 1, 3, 3, 0,
       2, 2, 2, 0, 3, 3, 3, 0, 1, 3, 3, 1, 2, 3, 2, 2, 1, 2, 3, 0, 1, 0,
       0, 1, 2, 1, 2, 1, 3, 1, 2, 3, 0, 2, 3, 0, 3, 0, 0, 2, 1, 0, 3, 1,
       1, 3, 0, 0, 2, 3, 2, 2, 1, 2, 1, 1, 3, 3, 0, 1, 3, 3, 2, 1, 1, 1,
       2, 2, 3, 0, 0, 3, 2, 1, 0, 3, 0, 2, 1, 0, 2, 1, 3, 2, 0, 2, 0, 2,
       3, 2, 2, 0, 3, 1, 1, 2, 1, 3, 3, 2, 0, 2, 0, 3, 2, 3, 3, 1, 2, 2,
       3, 2, 2, 2, 1, 0, 2, 0, 2, 1, 0, 1, 0, 0, 1, 0, 0, 0, 2, 0, 3, 2,
       1, 1, 2, 2, 2, 0, 1, 1, 0, 3, 0, 3, 3, 1, 1, 2, 0, 0, 1, 3, 2, 2,
       3, 1, 1, 3, 2, 1, 1, 0, 2, 0, 2, 3, 0, 3, 2, 2, 3, 0, 3, 1, 2, 0,
       3, 1, 3, 1, 0, 2, 2, 0, 1, 2, 1, 2, 1, 0, 2, 0, 0, 3, 3, 1, 1, 1,
       2, 1, 2, 3, 3, 2, 0, 3, 0, 3, 0, 1, 3, 3, 1, 1, 0, 2, 0, 2, 2, 0,
       2, 3, 2, 0, 1, 2, 1, 3, 1, 3, 0, 0, 3, 2, 2, 1, 2, 2, 3, 0, 0, 2,
       1, 3, 1, 0, 1, 2, 0, 2, 3, 0, 2, 3, 0, 1, 1, 2, 3, 0, 3, 0, 2, 2,
       0, 2, 0, 2, 3, 2, 0, 0, 2, 1, 2, 3, 3, 1, 0, 1, 0, 1, 2, 3, 3, 3,
       3, 1, 0, 1, 1, 0, 2, 1, 2, 3, 2, 0, 2, 1, 3, 1, 1, 3, 0, 1, 3, 1,
       0, 3, 1, 3, 3, 1, 3, 2, 2, 0, 2, 2, 3, 1, 2, 1, 1, 0, 2, 3, 0, 0,
       0, 0, 2, 3, 0, 0, 1, 2, 3, 1, 3, 0, 1, 2, 1, 3, 1, 3, 2, 3],
      dtype=object)]
[16, array([-1.03489637, -0.51744819, -0.51744819,  0.        ]), array([1, 1, 2, 3, 1, 0, 1, 2, 2, 1, 2, 2, 3, 2, 3, 3, 1, 0, 1, 2, 2, 1,
       0, 0, 2, 3, 2, 2, 2, 2, 2, 0, 3, 0, 1, 2, 3, 0, 1, 2, 1, 1, 0, 0,
       0, 2, 1, 0, 2, 3, 2, 0, 2, 0, 1, 3, 1, 3, 3, 3, 3, 0, 2, 3, 1, 2,
       3, 2, 0, 0, 3, 3, 3, 1, 2, 1, 3, 3, 3, 3, 3, 2, 2, 1, 2, 2, 2, 1,
       2, 3, 3, 3, 0, 0, 0, 0, 0, 2, 0, 3, 3, 3, 0, 2, 0, 2, 1, 0, 3, 1,
       1, 1, 0, 3, 3, 3, 0, 0, 1, 0, 0, 1, 1, 3, 2, 0, 2, 3, 1, 1, 2, 0,
       2, 2, 1, 1, 2, 2, 0, 0, 0, 2, 2, 0, 2, 2, 2, 3, 3, 2, 3, 0, 2, 2,
       1, 0, 3, 2, 1, 1, 3, 0, 3, 1, 1, 2, 0, 3, 2, 0, 2, 2, 2, 2, 3, 1,
       3, 2, 3, 0, 1, 3, 3, 3, 1, 1, 0, 2, 3, 3, 1, 1, 1, 3, 1, 2, 2, 0,
       2, 2, 0, 2, 2, 0, 3, 2, 0, 1, 3, 1, 0, 3, 3, 2, 0, 1, 3, 2, 0, 1,
       0, 3, 2, 2, 1, 0, 2, 2, 0, 3, 3, 1, 3, 1, 0, 3, 3, 3, 3, 3, 3, 0,
       1, 1, 1, 3, 3, 0, 3, 1, 3, 2, 0, 3, 3, 0, 3, 0, 3, 2, 0, 1, 3, 3,
       1, 3, 2, 3, 1, 1, 0, 0, 0, 0, 2, 3, 0, 2, 1, 3, 3, 0, 2, 2, 2, 3,
       2, 0, 3, 3, 2, 2, 1, 0, 1, 3, 1, 2, 3, 3, 0, 1, 2, 3, 2, 3, 2, 1,
       2, 3, 2, 3, 2, 0, 0, 2, 3, 3, 0, 2, 0, 3, 3, 0, 3, 0, 1, 0, 2, 0,
       0, 3, 2, 3, 3, 0, 3, 3, 1, 2, 0, 1, 2, 0, 2, 2, 0, 0, 2, 2, 0, 0,
       2, 2, 3, 0, 0, 0, 3, 0, 2, 3, 3, 3, 0, 1, 2, 3, 3, 0, 1, 1, 1, 1,
       1, 3, 2, 1, 1, 0, 0, 0, 1, 2, 0, 2, 1, 2, 0, 1, 2, 0, 2, 0, 3, 1,
       3, 1, 3, 2, 0, 1, 1, 1, 2, 0, 1, 1, 3, 1, 2, 1, 0, 0, 3, 3, 1, 2,
       2, 2, 0, 2, 2, 0, 1, 2, 1, 3, 1, 0, 1, 3, 0, 2, 0, 1, 1, 3, 2, 0,
       0, 3, 3, 1, 3, 0, 3, 2, 3, 1, 3, 2, 1, 2, 1, 3, 2, 2, 1, 3, 3, 1,
       3, 2, 2, 1, 0, 0, 1, 2, 0, 1, 1, 3, 3, 1, 1, 2, 3, 2, 0, 3, 2, 3,
       1, 0, 2, 1, 3, 3, 2, 1, 2, 3, 1, 1, 3, 2, 3, 1, 1, 3, 0, 3, 3, 2,
       0, 3, 0, 1, 2, 1, 3, 1, 3, 3, 3, 3, 1, 0, 2, 3, 0, 2, 0, 2, 0, 2,
       1, 0, 2, 1, 3, 1, 3, 0, 3, 0, 0, 3, 3, 0, 1, 0, 3, 2, 0, 2, 3, 3,
       1, 0, 3, 0, 0, 0, 2, 2, 2, 1, 0, 2, 2, 3, 2, 1, 1, 1, 0, 0, 0, 3,
       3, 0, 1, 1, 3, 3, 2, 1, 3, 0, 1, 3, 1, 2, 0, 3, 2, 3, 1, 2, 2, 3,
       3, 3, 2, 3, 1, 0, 1, 0, 0, 0, 1, 3, 2, 2, 3, 2, 1, 3, 1, 3, 3, 0,
       2, 2, 2, 0, 3, 3, 3, 0, 1, 3, 3, 1, 2, 3, 2, 2, 1, 2, 3, 0, 1, 0,
       0, 1, 2, 1, 2, 1, 3, 1, 2, 3, 0, 2, 3, 0, 3, 0, 0, 2, 1, 0, 3, 1,
       1, 3, 0, 0, 2, 3, 2, 2, 1, 2, 1, 1, 3, 3, 0, 1, 3, 3, 2, 1, 1, 1,
       2, 2, 3, 0, 0, 3, 2, 1, 0, 3, 0, 2, 1, 0, 2, 1, 3, 2, 0, 2, 0, 2,
       3, 2, 2, 0, 3, 1, 1, 2, 1, 3, 3, 2, 0, 2, 0, 3, 2, 3, 3, 1, 2, 2,
       3, 2, 2, 2, 1, 0, 2, 0, 2, 1, 0, 1, 0, 0, 1, 0, 0, 0, 2, 0, 3, 2,
       1, 1, 2, 2, 2, 0, 1, 1, 0, 3, 0, 3, 3, 1, 1, 2, 0, 0, 1, 3, 2, 2,
       3, 1, 1, 3, 2, 1, 1, 0, 2, 0, 2, 3, 0, 3, 2, 2, 3, 0, 3, 1, 2, 0,
       3, 1, 3, 1, 0, 2, 2, 0, 1, 2, 1, 2, 1, 0, 2, 0, 0, 3, 3, 1, 1, 1,
       2, 1, 2, 3, 3, 2, 0, 3, 0, 3, 0, 1, 3, 3, 1, 1, 0, 2, 0, 2, 2, 0,
       2, 3, 2, 0, 1, 2, 1, 3, 1, 3, 0, 0, 3, 2, 2, 1, 2, 2, 3, 0, 0, 2,
       1, 3, 1, 0, 1, 2, 0, 2, 3, 0, 2, 3, 0, 1, 1, 2, 3, 0, 3, 0, 2, 2,
       0, 2, 0, 2, 3, 2, 0, 0, 2, 1, 2, 3, 3, 1, 0, 1, 0, 1, 2, 3, 3, 3,
       3, 1, 0, 1, 1, 0, 2, 1, 2, 3, 2, 0, 2, 1, 3, 1, 1, 3, 0, 1, 3, 1,
       0, 3, 1, 3, 3, 1, 3, 2, 2, 0, 2, 2, 3, 1, 2, 1, 1, 0, 2, 3, 0, 0,
       0, 0, 2, 3, 0, 0, 1, 2, 3, 1, 3, 0, 1, 2, 1, 3, 1, 3, 2, 3],
      dtype=object)]
[16, array([-1.03489637, -0.51744819, -0.51744819,  0.        ]), array([1, 1, 2, 3, 1, 0, 1, 2, 2, 1, 2, 2, 3, 2, 3, 3, 1, 0, 1, 2, 2, 1,
       0, 0, 2, 3, 2, 2, 2, 2, 2, 0, 3, 0, 1, 2, 3, 0, 1, 2, 1, 1, 0, 0,
       0, 2, 1, 0, 2, 3, 2, 0, 2, 0, 1, 3, 1, 3, 3, 3, 3, 0, 2, 3, 1, 2,
       3, 2, 0, 0, 3, 3, 3, 1, 2, 1, 3, 3, 3, 3, 3, 2, 2, 1, 2, 2, 2, 1,
       2, 3, 3, 3, 0, 0, 0, 0, 0, 2, 0, 3, 3, 3, 0, 2, 0, 2, 1, 0, 3, 1,
       1, 1, 0, 3, 3, 3, 0, 0, 1, 0, 0, 1, 1, 3, 2, 0, 2, 3, 1, 1, 2, 0,
       2, 2, 1, 1, 2, 2, 0, 0, 0, 2, 2, 0, 2, 2, 2, 3, 3, 2, 3, 0, 2, 2,
       1, 0, 3, 2, 1, 1, 3, 0, 3, 1, 1, 2, 0, 3, 2, 0, 2, 2, 2, 2, 3, 1,
       3, 2, 3, 0, 1, 3, 3, 3, 1, 1, 0, 2, 3, 3, 1, 1, 1, 3, 1, 2, 2, 0,
       2, 2, 0, 2, 2, 0, 3, 2, 0, 1, 3, 1, 0, 3, 3, 2, 0, 1, 3, 2, 0, 1,
       0, 3, 2, 2, 1, 0, 2, 2, 0, 3, 3, 1, 3, 1, 0, 3, 3, 3, 3, 3, 3, 0,
       1, 1, 1, 3, 3, 0, 3, 1, 3, 2, 0, 3, 3, 0, 3, 0, 3, 2, 0, 1, 3, 3,
       1, 3, 2, 3, 1, 1, 0, 0, 0, 0, 2, 3, 0, 2, 1, 3, 3, 0, 2, 2, 2, 3,
       2, 0, 3, 3, 2, 2, 1, 0, 1, 3, 1, 2, 3, 3, 0, 1, 2, 3, 2, 3, 2, 1,
       2, 3, 2, 3, 2, 0, 0, 2, 3, 3, 0, 2, 0, 3, 3, 0, 3, 0, 1, 0, 2, 0,
       0, 3, 2, 3, 3, 0, 3, 3, 1, 2, 0, 1, 2, 0, 2, 2, 0, 0, 2, 2, 0, 0,
       2, 2, 3, 0, 0, 0, 3, 0, 2, 3, 3, 3, 0, 1, 2, 3, 3, 0, 1, 1, 1, 1,
       1, 3, 2, 1, 1, 0, 0, 0, 1, 2, 0, 2, 1, 2, 0, 1, 2, 0, 2, 0, 3, 1,
       3, 1, 3, 2, 0, 1, 1, 1, 2, 0, 1, 1, 3, 1, 2, 1, 0, 0, 3, 3, 1, 2,
       2, 2, 0, 2, 2, 0, 1, 2, 1, 3, 1, 0, 1, 3, 0, 2, 0, 1, 1, 3, 2, 0,
       0, 3, 3, 1, 3, 0, 3, 2, 3, 1, 3, 2, 1, 2, 1, 3, 2, 2, 1, 3, 3, 1,
       3, 2, 2, 1, 0, 0, 1, 2, 0, 1, 1, 3, 3, 1, 1, 2, 3, 2, 0, 3, 2, 3,
       1, 0, 2, 1, 3, 3, 2, 1, 2, 3, 1, 1, 3, 2, 3, 1, 1, 3, 0, 3, 3, 2,
       0, 3, 0, 1, 2, 1, 3, 1, 3, 3, 3, 3, 1, 0, 2, 3, 0, 2, 0, 2, 0, 2,
       1, 0, 2, 1, 3, 1, 3, 0, 3, 0, 0, 3, 3, 0, 1, 0, 3, 2, 0, 2, 3, 3,
       1, 0, 3, 0, 0, 0, 2, 2, 2, 1, 0, 2, 2, 3, 2, 1, 1, 1, 0, 0, 0, 3,
       3, 0, 1, 1, 3, 3, 2, 1, 3, 0, 1, 3, 1, 2, 0, 3, 2, 3, 1, 2, 2, 3,
       3, 3, 2, 3, 1, 0, 1, 0, 0, 0, 1, 3, 2, 2, 3, 2, 1, 3, 1, 3, 3, 0,
       2, 2, 2, 0, 3, 3, 3, 0, 1, 3, 3, 1, 2, 3, 2, 2, 1, 2, 3, 0, 1, 0,
       0, 1, 2, 1, 2, 1, 3, 1, 2, 3, 0, 2, 3, 0, 3, 0, 0, 2, 1, 0, 3, 1,
       1, 3, 0, 0, 2, 3, 2, 2, 1, 2, 1, 1, 3, 3, 0, 1, 3, 3, 2, 1, 1, 1,
       2, 2, 3, 0, 0, 3, 2, 1, 0, 3, 0, 2, 1, 0, 2, 1, 3, 2, 0, 2, 0, 2,
       3, 2, 2, 0, 3, 1, 1, 2, 1, 3, 3, 2, 0, 2, 0, 3, 2, 3, 3, 1, 2, 2,
       3, 2, 2, 2, 1, 0, 2, 0, 2, 1, 0, 1, 0, 0, 1, 0, 0, 0, 2, 0, 3, 2,
       1, 1, 2, 2, 2, 0, 1, 1, 0, 3, 0, 3, 3, 1, 1, 2, 0, 0, 1, 3, 2, 2,
       3, 1, 1, 3, 2, 1, 1, 0, 2, 0, 2, 3, 0, 3, 2, 2, 3, 0, 3, 1, 2, 0,
       3, 1, 3, 1, 0, 2, 2, 0, 1, 2, 1, 2, 1, 0, 2, 0, 0, 3, 3, 1, 1, 1,
       2, 1, 2, 3, 3, 2, 0, 3, 0, 3, 0, 1, 3, 3, 1, 1, 0, 2, 0, 2, 2, 0,
       2, 3, 2, 0, 1, 2, 1, 3, 1, 3, 0, 0, 3, 2, 2, 1, 2, 2, 3, 0, 0, 2,
       1, 3, 1, 0, 1, 2, 0, 2, 3, 0, 2, 3, 0, 1, 1, 2, 3, 0, 3, 0, 2, 2,
       0, 2, 0, 2, 3, 2, 0, 0, 2, 1, 2, 3, 3, 1, 0, 1, 0, 1, 2, 3, 3, 3,
       3, 1, 0, 1, 1, 0, 2, 1, 2, 3, 2, 0, 2, 1, 3, 1, 1, 3, 0, 1, 3, 1,
       0, 3, 1, 3, 3, 1, 3, 2, 2, 0, 2, 2, 3, 1, 2, 1, 1, 0, 2, 3, 0, 0,
       0, 0, 2, 3, 0, 0, 1, 2, 3, 1, 3, 0, 1, 2, 1, 3, 1, 3, 2, 3],
      dtype=object)]
[17, array([-0.76240253, -0.38120127, -0.38120127,  0.        ]), array([2, 3, 2, 0, 3, 2, 1, 1, 0, 3, 2, 1, 3, 1, 3, 1, 1, 2, 3, 2, 2, 1,
       1, 3, 3, 0, 3, 3, 3, 3, 2, 0, 2, 0, 2, 0, 3, 0, 0, 1, 1, 1, 1, 0,
       1, 1, 1, 3, 1, 0, 1, 1, 2, 0, 3, 0, 3, 1, 0, 1, 2, 0, 1, 0, 0, 0,
       0, 3, 3, 2, 3, 2, 1, 2, 0, 3, 1, 0, 3, 0, 3, 0, 0, 2, 0, 2, 1, 1,
       3, 1, 1, 2, 1, 0, 2, 2, 3, 0, 2, 3, 2, 2, 2, 2, 2, 3, 1, 3, 3, 1,
       2, 1, 0, 0, 2, 2, 3, 3, 0, 0, 3, 0, 0, 0, 0, 0, 0, 3, 1, 0, 2, 3,
       2, 0, 3, 2, 3, 3, 0, 1, 1, 1, 3, 3, 0, 2, 0, 3, 3, 0, 0, 0, 0, 0,
       2, 1, 3, 1, 2, 3, 0, 3, 3, 1, 1, 0, 2, 2, 2, 2, 1, 2, 2, 0, 1, 0,
       3, 3, 3, 2, 1, 2, 3, 1, 3, 3, 0, 1, 1, 3, 2, 3, 0, 3, 1, 1, 0, 2,
       0, 2, 2, 0, 1, 3, 1, 2, 0, 3, 3, 3, 1, 3, 3, 2, 0, 3, 0, 1, 0, 1,
       2, 3, 3, 2, 0, 0, 0, 1, 0, 1, 1, 0, 3, 2, 0, 3, 0, 3, 3, 0, 2, 2,
       1, 2, 1, 1, 0, 2, 1, 1, 1, 0, 0, 0, 1, 1, 1, 2, 3, 3, 2, 1, 3, 1,
       0, 0, 3, 1, 2, 3, 3, 1, 2, 0, 3, 1, 1, 3, 3, 3, 1, 0, 3, 0, 1, 1,
       1, 3, 3, 3, 3, 2, 2, 3, 3, 2, 0, 1, 1, 2, 2, 1, 0, 2, 0, 3, 0, 2,
       3, 2, 2, 3, 0, 0, 1, 1, 1, 0, 2, 2, 1, 0, 1, 2, 3, 0, 2, 3, 0, 0,
       0, 3, 0, 0, 3, 0, 1, 2, 3, 3, 0, 1, 0, 3, 2, 2, 3, 0, 3, 1, 1, 2,
       1, 3, 0, 0, 3, 0, 0, 3, 2, 3, 2, 3, 2, 0, 2, 3, 0, 0, 2, 0, 2, 2,
       3, 3, 0, 1, 2, 2, 1, 3, 1, 3, 0, 1, 0, 2, 0, 0, 2, 1, 1, 1, 2, 3,
       1, 1, 3, 1, 3, 2, 1, 1, 3, 2, 0, 0, 1, 3, 3, 3, 3, 0, 3, 3, 1, 2,
       3, 3, 0, 2, 3, 1, 0, 2, 2, 0, 2, 3, 1, 1, 2, 1, 1, 3, 0, 3, 3, 2,
       1, 2, 0, 3, 3, 2, 3, 1, 3, 2, 0, 2, 2, 1, 2, 2, 3, 1, 2, 0, 0, 3,
       0, 3, 0, 1, 2, 2, 2, 2, 2, 2, 2, 1, 3, 2, 0, 3, 2, 1, 1, 3, 2, 2,
       2, 3, 1, 2, 3, 3, 0, 1, 1, 3, 0, 1, 1, 0, 0, 3, 1, 3, 3, 3, 0, 1,
       1, 3, 0, 3, 3, 3, 2, 3, 3, 0, 3, 2, 3, 2, 2, 0, 1, 1, 3, 3, 1, 1,
       0, 1, 2, 2, 1, 2, 0, 2, 0, 0, 2, 2, 1, 2, 1, 3, 2, 3, 0, 0, 2, 1,
       3, 0, 0, 1, 0, 1, 0, 2, 0, 0, 1, 1, 3, 1, 3, 2, 3, 3, 2, 2, 0, 1,
       0, 3, 0, 1, 2, 3, 2, 0, 2, 2, 1, 3, 2, 1, 3, 3, 3, 3, 2, 0, 2, 2,
       0, 3, 3, 3, 2, 0, 3, 1, 1, 1, 0, 1, 0, 1, 1, 3, 1, 1, 2, 0, 3, 3,
       1, 1, 1, 2, 1, 2, 0, 2, 1, 3, 2, 2, 2, 0, 0, 3, 0, 3, 1, 1, 2, 1,
       0, 2, 3, 1, 3, 0, 2, 2, 0, 2, 0, 0, 0, 2, 3, 2, 3, 1, 0, 1, 3, 0,
       0, 1, 2, 2, 1, 2, 1, 3, 3, 0, 0, 1, 0, 2, 1, 1, 1, 0, 0, 3, 1, 2,
       2, 2, 2, 0, 3, 2, 3, 1, 2, 2, 1, 3, 2, 3, 0, 3, 1, 0, 0, 3, 2, 3,
       3, 3, 1, 0, 0, 1, 1, 2, 2, 3, 2, 0, 0, 0, 3, 2, 0, 3, 0, 3, 0, 1,
       0, 2, 3, 0, 0, 1, 0, 0, 3, 3, 1, 3, 1, 1, 0, 1, 2, 2, 2, 3, 0, 3,
       0, 3, 0, 3, 1, 1, 0, 3, 0, 2, 0, 3, 0, 1, 0, 0, 2, 1, 3, 3, 3, 1,
       0, 3, 2, 3, 1, 0, 3, 2, 2, 0, 0, 3, 3, 3, 1, 1, 0, 2, 0, 0, 0, 0,
       2, 2, 0, 1, 1, 1, 3, 2, 2, 0, 2, 1, 2, 3, 1, 0, 3, 0, 2, 2, 1, 1,
       1, 0, 0, 3, 2, 1, 3, 1, 0, 3, 1, 0, 2, 0, 1, 1, 2, 0, 0, 2, 2, 1,
       2, 3, 1, 0, 1, 3, 0, 3, 0, 3, 3, 1, 0, 2, 3, 0, 2, 3, 2, 2, 3, 3,
       1, 1, 1, 3, 1, 1, 1, 3, 3, 3, 2, 2, 1, 2, 0, 0, 1, 3, 3, 1, 1, 3,
       3, 3, 3, 0, 3, 0, 2, 2, 0, 2, 3, 3, 3, 0, 3, 2, 2, 1, 3, 1, 3, 0,
       2, 2, 0, 3, 1, 1, 3, 3, 3, 0, 1, 2, 3, 0, 0, 3, 1, 1, 3, 2, 1, 2,
       1, 1, 1, 2, 3, 0, 1, 1, 2, 3, 1, 0, 1, 0, 1, 1, 0, 0, 2, 3, 1, 1,
       0, 3, 0, 2, 2, 0, 0, 0, 2, 2, 1, 2, 2, 1, 2, 1, 2, 1, 2, 2],
      dtype=object)]
[17, array([-0.76240253, -0.38120127, -0.38120127,  0.        ]), array([2, 3, 2, 0, 3, 2, 1, 1, 0, 3, 2, 1, 3, 1, 3, 1, 1, 2, 3, 2, 2, 1,
       1, 3, 3, 0, 3, 3, 3, 3, 2, 0, 2, 0, 2, 0, 3, 0, 0, 1, 1, 1, 1, 0,
       1, 1, 1, 3, 1, 0, 1, 1, 2, 0, 3, 0, 3, 1, 0, 1, 2, 0, 1, 0, 0, 0,
       0, 3, 3, 2, 3, 2, 1, 2, 0, 3, 1, 0, 3, 0, 3, 0, 0, 2, 0, 2, 1, 1,
       3, 1, 1, 2, 1, 0, 2, 2, 3, 0, 2, 3, 2, 2, 2, 2, 2, 3, 1, 3, 3, 1,
       2, 1, 0, 0, 2, 2, 3, 3, 0, 0, 3, 0, 0, 0, 0, 0, 0, 3, 1, 0, 2, 3,
       2, 0, 3, 2, 3, 3, 0, 1, 1, 1, 3, 3, 0, 2, 0, 3, 3, 0, 0, 0, 0, 0,
       2, 1, 3, 1, 2, 3, 0, 3, 3, 1, 1, 0, 2, 2, 2, 2, 1, 2, 2, 0, 1, 0,
       3, 3, 3, 2, 1, 2, 3, 1, 3, 3, 0, 1, 1, 3, 2, 3, 0, 3, 1, 1, 0, 2,
       0, 2, 2, 0, 1, 3, 1, 2, 0, 3, 3, 3, 1, 3, 3, 2, 0, 3, 0, 1, 0, 1,
       2, 3, 3, 2, 0, 0, 0, 1, 0, 1, 1, 0, 3, 2, 0, 3, 0, 3, 3, 0, 2, 2,
       1, 2, 1, 1, 0, 2, 1, 1, 1, 0, 0, 0, 1, 1, 1, 2, 3, 3, 2, 1, 3, 1,
       0, 0, 3, 1, 2, 3, 3, 1, 2, 0, 3, 1, 1, 3, 3, 3, 1, 0, 3, 0, 1, 1,
       1, 3, 3, 3, 3, 2, 2, 3, 3, 2, 0, 1, 1, 2, 2, 1, 0, 2, 0, 3, 0, 2,
       3, 2, 2, 3, 0, 0, 1, 1, 1, 0, 2, 2, 1, 0, 1, 2, 3, 0, 2, 3, 0, 0,
       0, 3, 0, 0, 3, 0, 1, 2, 3, 3, 0, 1, 0, 3, 2, 2, 3, 0, 3, 1, 1, 2,
       1, 3, 0, 0, 3, 0, 0, 3, 2, 3, 2, 3, 2, 0, 2, 3, 0, 0, 2, 0, 2, 2,
       3, 3, 0, 1, 2, 2, 1, 3, 1, 3, 0, 1, 0, 2, 0, 0, 2, 1, 1, 1, 2, 3,
       1, 1, 3, 1, 3, 2, 1, 1, 3, 2, 0, 0, 1, 3, 3, 3, 3, 0, 3, 3, 1, 2,
       3, 3, 0, 2, 3, 1, 0, 2, 2, 0, 2, 3, 1, 1, 2, 1, 1, 3, 0, 3, 3, 2,
       1, 2, 0, 3, 3, 2, 3, 1, 3, 2, 0, 2, 2, 1, 2, 2, 3, 1, 2, 0, 0, 3,
       0, 3, 0, 1, 2, 2, 2, 2, 2, 2, 2, 1, 3, 2, 0, 3, 2, 1, 1, 3, 2, 2,
       2, 3, 1, 2, 3, 3, 0, 1, 1, 3, 0, 1, 1, 0, 0, 3, 1, 3, 3, 3, 0, 1,
       1, 3, 0, 3, 3, 3, 2, 3, 3, 0, 3, 2, 3, 2, 2, 0, 1, 1, 3, 3, 1, 1,
       0, 1, 2, 2, 1, 2, 0, 2, 0, 0, 2, 2, 1, 2, 1, 3, 2, 3, 0, 0, 2, 1,
       3, 0, 0, 1, 0, 1, 0, 2, 0, 0, 1, 1, 3, 1, 3, 2, 3, 3, 2, 2, 0, 1,
       0, 3, 0, 1, 2, 3, 2, 0, 2, 2, 1, 3, 2, 1, 3, 3, 3, 3, 2, 0, 2, 2,
       0, 3, 3, 3, 2, 0, 3, 1, 1, 1, 0, 1, 0, 1, 1, 3, 1, 1, 2, 0, 3, 3,
       1, 1, 1, 2, 1, 2, 0, 2, 1, 3, 2, 2, 2, 0, 0, 3, 0, 3, 1, 1, 2, 1,
       0, 2, 3, 1, 3, 0, 2, 2, 0, 2, 0, 0, 0, 2, 3, 2, 3, 1, 0, 1, 3, 0,
       0, 1, 2, 2, 1, 2, 1, 3, 3, 0, 0, 1, 0, 2, 1, 1, 1, 0, 0, 3, 1, 2,
       2, 2, 2, 0, 3, 2, 3, 1, 2, 2, 1, 3, 2, 3, 0, 3, 1, 0, 0, 3, 2, 3,
       3, 3, 1, 0, 0, 1, 1, 2, 2, 3, 2, 0, 0, 0, 3, 2, 0, 3, 0, 3, 0, 1,
       0, 2, 3, 0, 0, 1, 0, 0, 3, 3, 1, 3, 1, 1, 0, 1, 2, 2, 2, 3, 0, 3,
       0, 3, 0, 3, 1, 1, 0, 3, 0, 2, 0, 3, 0, 1, 0, 0, 2, 1, 3, 3, 3, 1,
       0, 3, 2, 3, 1, 0, 3, 2, 2, 0, 0, 3, 3, 3, 1, 1, 0, 2, 0, 0, 0, 0,
       2, 2, 0, 1, 1, 1, 3, 2, 2, 0, 2, 1, 2, 3, 1, 0, 3, 0, 2, 2, 1, 1,
       1, 0, 0, 3, 2, 1, 3, 1, 0, 3, 1, 0, 2, 0, 1, 1, 2, 0, 0, 2, 2, 1,
       2, 3, 1, 0, 1, 3, 0, 3, 0, 3, 3, 1, 0, 2, 3, 0, 2, 3, 2, 2, 3, 3,
       1, 1, 1, 3, 1, 1, 1, 3, 3, 3, 2, 2, 1, 2, 0, 0, 1, 3, 3, 1, 1, 3,
       3, 3, 3, 0, 3, 0, 2, 2, 0, 2, 3, 3, 3, 0, 3, 2, 2, 1, 3, 1, 3, 0,
       2, 2, 0, 3, 1, 1, 3, 3, 3, 0, 1, 2, 3, 0, 0, 3, 1, 1, 3, 2, 1, 2,
       1, 1, 1, 2, 3, 0, 1, 1, 2, 3, 1, 0, 1, 0, 1, 1, 0, 0, 2, 3, 1, 1,
       0, 3, 0, 2, 2, 0, 0, 0, 2, 2, 1, 2, 2, 1, 2, 1, 2, 1, 2, 2],
      dtype=object)]
[17, array([-0.76240253, -0.38120127, -0.38120127,  0.        ]), array([2, 3, 2, 0, 3, 2, 1, 1, 0, 3, 2, 1, 3, 1, 3, 1, 1, 2, 3, 2, 2, 1,
       1, 3, 3, 0, 3, 3, 3, 3, 2, 0, 2, 0, 2, 0, 3, 0, 0, 1, 1, 1, 1, 0,
       1, 1, 1, 3, 1, 0, 1, 1, 2, 0, 3, 0, 3, 1, 0, 1, 2, 0, 1, 0, 0, 0,
       0, 3, 3, 2, 3, 2, 1, 2, 0, 3, 1, 0, 3, 0, 3, 0, 0, 2, 0, 2, 1, 1,
       3, 1, 1, 2, 1, 0, 2, 2, 3, 0, 2, 3, 2, 2, 2, 2, 2, 3, 1, 3, 3, 1,
       2, 1, 0, 0, 2, 2, 3, 3, 0, 0, 3, 0, 0, 0, 0, 0, 0, 3, 1, 0, 2, 3,
       2, 0, 3, 2, 3, 3, 0, 1, 1, 1, 3, 3, 0, 2, 0, 3, 3, 0, 0, 0, 0, 0,
       2, 1, 3, 1, 2, 3, 0, 3, 3, 1, 1, 0, 2, 2, 2, 2, 1, 2, 2, 0, 1, 0,
       3, 3, 3, 2, 1, 2, 3, 1, 3, 3, 0, 1, 1, 3, 2, 3, 0, 3, 1, 1, 0, 2,
       0, 2, 2, 0, 1, 3, 1, 2, 0, 3, 3, 3, 1, 3, 3, 2, 0, 3, 0, 1, 0, 1,
       2, 3, 3, 2, 0, 0, 0, 1, 0, 1, 1, 0, 3, 2, 0, 3, 0, 3, 3, 0, 2, 2,
       1, 2, 1, 1, 0, 2, 1, 1, 1, 0, 0, 0, 1, 1, 1, 2, 3, 3, 2, 1, 3, 1,
       0, 0, 3, 1, 2, 3, 3, 1, 2, 0, 3, 1, 1, 3, 3, 3, 1, 0, 3, 0, 1, 1,
       1, 3, 3, 3, 3, 2, 2, 3, 3, 2, 0, 1, 1, 2, 2, 1, 0, 2, 0, 3, 0, 2,
       3, 2, 2, 3, 0, 0, 1, 1, 1, 0, 2, 2, 1, 0, 1, 2, 3, 0, 2, 3, 0, 0,
       0, 3, 0, 0, 3, 0, 1, 2, 3, 3, 0, 1, 0, 3, 2, 2, 3, 0, 3, 1, 1, 2,
       1, 3, 0, 0, 3, 0, 0, 3, 2, 3, 2, 3, 2, 0, 2, 3, 0, 0, 2, 0, 2, 2,
       3, 3, 0, 1, 2, 2, 1, 3, 1, 3, 0, 1, 0, 2, 0, 0, 2, 1, 1, 1, 2, 3,
       1, 1, 3, 1, 3, 2, 1, 1, 3, 2, 0, 0, 1, 3, 3, 3, 3, 0, 3, 3, 1, 2,
       3, 3, 0, 2, 3, 1, 0, 2, 2, 0, 2, 3, 1, 1, 2, 1, 1, 3, 0, 3, 3, 2,
       1, 2, 0, 3, 3, 2, 3, 1, 3, 2, 0, 2, 2, 1, 2, 2, 3, 1, 2, 0, 0, 3,
       0, 3, 0, 1, 2, 2, 2, 2, 2, 2, 2, 1, 3, 2, 0, 3, 2, 1, 1, 3, 2, 2,
       2, 3, 1, 2, 3, 3, 0, 1, 1, 3, 0, 1, 1, 0, 0, 3, 1, 3, 3, 3, 0, 1,
       1, 3, 0, 3, 3, 3, 2, 3, 3, 0, 3, 2, 3, 2, 2, 0, 1, 1, 3, 3, 1, 1,
       0, 1, 2, 2, 1, 2, 0, 2, 0, 0, 2, 2, 1, 2, 1, 3, 2, 3, 0, 0, 2, 1,
       3, 0, 0, 1, 0, 1, 0, 2, 0, 0, 1, 1, 3, 1, 3, 2, 3, 3, 2, 2, 0, 1,
       0, 3, 0, 1, 2, 3, 2, 0, 2, 2, 1, 3, 2, 1, 3, 3, 3, 3, 2, 0, 2, 2,
       0, 3, 3, 3, 2, 0, 3, 1, 1, 1, 0, 1, 0, 1, 1, 3, 1, 1, 2, 0, 3, 3,
       1, 1, 1, 2, 1, 2, 0, 2, 1, 3, 2, 2, 2, 0, 0, 3, 0, 3, 1, 1, 2, 1,
       0, 2, 3, 1, 3, 0, 2, 2, 0, 2, 0, 0, 0, 2, 3, 2, 3, 1, 0, 1, 3, 0,
       0, 1, 2, 2, 1, 2, 1, 3, 3, 0, 0, 1, 0, 2, 1, 1, 1, 0, 0, 3, 1, 2,
       2, 2, 2, 0, 3, 2, 3, 1, 2, 2, 1, 3, 2, 3, 0, 3, 1, 0, 0, 3, 2, 3,
       3, 3, 1, 0, 0, 1, 1, 2, 2, 3, 2, 0, 0, 0, 3, 2, 0, 3, 0, 3, 0, 1,
       0, 2, 3, 0, 0, 1, 0, 0, 3, 3, 1, 3, 1, 1, 0, 1, 2, 2, 2, 3, 0, 3,
       0, 3, 0, 3, 1, 1, 0, 3, 0, 2, 0, 3, 0, 1, 0, 0, 2, 1, 3, 3, 3, 1,
       0, 3, 2, 3, 1, 0, 3, 2, 2, 0, 0, 3, 3, 3, 1, 1, 0, 2, 0, 0, 0, 0,
       2, 2, 0, 1, 1, 1, 3, 2, 2, 0, 2, 1, 2, 3, 1, 0, 3, 0, 2, 2, 1, 1,
       1, 0, 0, 3, 2, 1, 3, 1, 0, 3, 1, 0, 2, 0, 1, 1, 2, 0, 0, 2, 2, 1,
       2, 3, 1, 0, 1, 3, 0, 3, 0, 3, 3, 1, 0, 2, 3, 0, 2, 3, 2, 2, 3, 3,
       1, 1, 1, 3, 1, 1, 1, 3, 3, 3, 2, 2, 1, 2, 0, 0, 1, 3, 3, 1, 1, 3,
       3, 3, 3, 0, 3, 0, 2, 2, 0, 2, 3, 3, 3, 0, 3, 2, 2, 1, 3, 1, 3, 0,
       2, 2, 0, 3, 1, 1, 3, 3, 3, 0, 1, 2, 3, 0, 0, 3, 1, 1, 3, 2, 1, 2,
       1, 1, 1, 2, 3, 0, 1, 1, 2, 3, 1, 0, 1, 0, 1, 1, 0, 0, 2, 3, 1, 1,
       0, 3, 0, 2, 2, 0, 0, 0, 2, 2, 1, 2, 2, 1, 2, 1, 2, 1, 2, 2],
      dtype=object)]
[17, array([-0.76240253, -0.38120127, -0.38120127,  0.        ]), array([2, 3, 2, 0, 3, 2, 1, 1, 0, 3, 2, 1, 3, 1, 3, 1, 1, 2, 3, 2, 2, 1,
       1, 3, 3, 0, 3, 3, 3, 3, 2, 0, 2, 0, 2, 0, 3, 0, 0, 1, 1, 1, 1, 0,
       1, 1, 1, 3, 1, 0, 1, 1, 2, 0, 3, 0, 3, 1, 0, 1, 2, 0, 1, 0, 0, 0,
       0, 3, 3, 2, 3, 2, 1, 2, 0, 3, 1, 0, 3, 0, 3, 0, 0, 2, 0, 2, 1, 1,
       3, 1, 1, 2, 1, 0, 2, 2, 3, 0, 2, 3, 2, 2, 2, 2, 2, 3, 1, 3, 3, 1,
       2, 1, 0, 0, 2, 2, 3, 3, 0, 0, 3, 0, 0, 0, 0, 0, 0, 3, 1, 0, 2, 3,
       2, 0, 3, 2, 3, 3, 0, 1, 1, 1, 3, 3, 0, 2, 0, 3, 3, 0, 0, 0, 0, 0,
       2, 1, 3, 1, 2, 3, 0, 3, 3, 1, 1, 0, 2, 2, 2, 2, 1, 2, 2, 0, 1, 0,
       3, 3, 3, 2, 1, 2, 3, 1, 3, 3, 0, 1, 1, 3, 2, 3, 0, 3, 1, 1, 0, 2,
       0, 2, 2, 0, 1, 3, 1, 2, 0, 3, 3, 3, 1, 3, 3, 2, 0, 3, 0, 1, 0, 1,
       2, 3, 3, 2, 0, 0, 0, 1, 0, 1, 1, 0, 3, 2, 0, 3, 0, 3, 3, 0, 2, 2,
       1, 2, 1, 1, 0, 2, 1, 1, 1, 0, 0, 0, 1, 1, 1, 2, 3, 3, 2, 1, 3, 1,
       0, 0, 3, 1, 2, 3, 3, 1, 2, 0, 3, 1, 1, 3, 3, 3, 1, 0, 3, 0, 1, 1,
       1, 3, 3, 3, 3, 2, 2, 3, 3, 2, 0, 1, 1, 2, 2, 1, 0, 2, 0, 3, 0, 2,
       3, 2, 2, 3, 0, 0, 1, 1, 1, 0, 2, 2, 1, 0, 1, 2, 3, 0, 2, 3, 0, 0,
       0, 3, 0, 0, 3, 0, 1, 2, 3, 3, 0, 1, 0, 3, 2, 2, 3, 0, 3, 1, 1, 2,
       1, 3, 0, 0, 3, 0, 0, 3, 2, 3, 2, 3, 2, 0, 2, 3, 0, 0, 2, 0, 2, 2,
       3, 3, 0, 1, 2, 2, 1, 3, 1, 3, 0, 1, 0, 2, 0, 0, 2, 1, 1, 1, 2, 3,
       1, 1, 3, 1, 3, 2, 1, 1, 3, 2, 0, 0, 1, 3, 3, 3, 3, 0, 3, 3, 1, 2,
       3, 3, 0, 2, 3, 1, 0, 2, 2, 0, 2, 3, 1, 1, 2, 1, 1, 3, 0, 3, 3, 2,
       1, 2, 0, 3, 3, 2, 3, 1, 3, 2, 0, 2, 2, 1, 2, 2, 3, 1, 2, 0, 0, 3,
       0, 3, 0, 1, 2, 2, 2, 2, 2, 2, 2, 1, 3, 2, 0, 3, 2, 1, 1, 3, 2, 2,
       2, 3, 1, 2, 3, 3, 0, 1, 1, 3, 0, 1, 1, 0, 0, 3, 1, 3, 3, 3, 0, 1,
       1, 3, 0, 3, 3, 3, 2, 3, 3, 0, 3, 2, 3, 2, 2, 0, 1, 1, 3, 3, 1, 1,
       0, 1, 2, 2, 1, 2, 0, 2, 0, 0, 2, 2, 1, 2, 1, 3, 2, 3, 0, 0, 2, 1,
       3, 0, 0, 1, 0, 1, 0, 2, 0, 0, 1, 1, 3, 1, 3, 2, 3, 3, 2, 2, 0, 1,
       0, 3, 0, 1, 2, 3, 2, 0, 2, 2, 1, 3, 2, 1, 3, 3, 3, 3, 2, 0, 2, 2,
       0, 3, 3, 3, 2, 0, 3, 1, 1, 1, 0, 1, 0, 1, 1, 3, 1, 1, 2, 0, 3, 3,
       1, 1, 1, 2, 1, 2, 0, 2, 1, 3, 2, 2, 2, 0, 0, 3, 0, 3, 1, 1, 2, 1,
       0, 2, 3, 1, 3, 0, 2, 2, 0, 2, 0, 0, 0, 2, 3, 2, 3, 1, 0, 1, 3, 0,
       0, 1, 2, 2, 1, 2, 1, 3, 3, 0, 0, 1, 0, 2, 1, 1, 1, 0, 0, 3, 1, 2,
       2, 2, 2, 0, 3, 2, 3, 1, 2, 2, 1, 3, 2, 3, 0, 3, 1, 0, 0, 3, 2, 3,
       3, 3, 1, 0, 0, 1, 1, 2, 2, 3, 2, 0, 0, 0, 3, 2, 0, 3, 0, 3, 0, 1,
       0, 2, 3, 0, 0, 1, 0, 0, 3, 3, 1, 3, 1, 1, 0, 1, 2, 2, 2, 3, 0, 3,
       0, 3, 0, 3, 1, 1, 0, 3, 0, 2, 0, 3, 0, 1, 0, 0, 2, 1, 3, 3, 3, 1,
       0, 3, 2, 3, 1, 0, 3, 2, 2, 0, 0, 3, 3, 3, 1, 1, 0, 2, 0, 0, 0, 0,
       2, 2, 0, 1, 1, 1, 3, 2, 2, 0, 2, 1, 2, 3, 1, 0, 3, 0, 2, 2, 1, 1,
       1, 0, 0, 3, 2, 1, 3, 1, 0, 3, 1, 0, 2, 0, 1, 1, 2, 0, 0, 2, 2, 1,
       2, 3, 1, 0, 1, 3, 0, 3, 0, 3, 3, 1, 0, 2, 3, 0, 2, 3, 2, 2, 3, 3,
       1, 1, 1, 3, 1, 1, 1, 3, 3, 3, 2, 2, 1, 2, 0, 0, 1, 3, 3, 1, 1, 3,
       3, 3, 3, 0, 3, 0, 2, 2, 0, 2, 3, 3, 3, 0, 3, 2, 2, 1, 3, 1, 3, 0,
       2, 2, 0, 3, 1, 1, 3, 3, 3, 0, 1, 2, 3, 0, 0, 3, 1, 1, 3, 2, 1, 2,
       1, 1, 1, 2, 3, 0, 1, 1, 2, 3, 1, 0, 1, 0, 1, 1, 0, 0, 2, 3, 1, 1,
       0, 3, 0, 2, 2, 0, 0, 0, 2, 2, 1, 2, 2, 1, 2, 1, 2, 1, 2, 2],
      dtype=object)]
[18, array([-1.20188272, -0.60094136, -0.60094136,  0.        ]), array([0, 3, 2, 0, 1, 2, 0, 0, 2, 1, 0, 3, 0, 2, 0, 1, 1, 2, 1, 0, 3, 2,
       0, 0, 1, 0, 0, 2, 1, 2, 1, 3, 1, 1, 3, 0, 2, 0, 0, 1, 2, 0, 2, 2,
       2, 0, 3, 0, 2, 3, 0, 1, 3, 1, 0, 1, 3, 0, 0, 1, 2, 3, 3, 2, 2, 0,
       3, 1, 3, 1, 1, 2, 3, 2, 1, 1, 0, 0, 2, 0, 3, 1, 0, 2, 1, 0, 1, 2,
       2, 1, 2, 0, 3, 1, 0, 3, 1, 0, 1, 1, 2, 0, 3, 3, 3, 0, 2, 0, 3, 3,
       3, 2, 1, 0, 0, 3, 3, 1, 2, 0, 3, 0, 3, 3, 2, 1, 0, 1, 2, 0, 1, 2,
       1, 0, 2, 2, 2, 2, 2, 0, 0, 1, 1, 0, 0, 2, 3, 3, 2, 2, 2, 0, 3, 1,
       1, 1, 3, 2, 3, 0, 3, 3, 0, 1, 2, 1, 2, 1, 1, 2, 3, 3, 2, 1, 0, 3,
       2, 1, 3, 1, 1, 2, 3, 2, 3, 0, 0, 3, 3, 3, 0, 3, 0, 2, 1, 3, 2, 0,
       1, 1, 2, 2, 3, 2, 3, 3, 0, 2, 3, 3, 1, 0, 2, 2, 2, 1, 1, 3, 2, 3,
       3, 2, 1, 3, 2, 1, 0, 3, 3, 2, 0, 3, 3, 2, 1, 0, 1, 2, 2, 2, 2, 1,
       0, 0, 1, 2, 0, 3, 0, 2, 1, 1, 1, 2, 3, 3, 2, 3, 1, 3, 2, 2, 0, 0,
       0, 3, 3, 1, 1, 0, 3, 3, 2, 3, 1, 2, 3, 0, 0, 2, 2, 2, 1, 0, 0, 2,
       0, 0, 2, 0, 0, 1, 0, 2, 0, 2, 1, 0, 3, 0, 1, 0, 0, 1, 2, 2, 2, 1,
       3, 2, 3, 3, 0, 3, 3, 3, 3, 2, 2, 1, 0, 3, 3, 1, 0, 3, 1, 1, 0, 3,
       2, 2, 3, 0, 3, 2, 1, 3, 1, 3, 3, 1, 1, 1, 1, 1, 1, 2, 0, 0, 1, 3,
       1, 3, 2, 2, 1, 2, 3, 3, 3, 2, 0, 2, 1, 3, 1, 0, 3, 0, 0, 2, 0, 3,
       3, 1, 2, 1, 2, 3, 2, 3, 1, 1, 1, 3, 3, 3, 1, 0, 3, 2, 1, 3, 3, 1,
       3, 0, 0, 2, 3, 3, 2, 0, 1, 2, 0, 0, 1, 1, 0, 3, 2, 3, 2, 3, 2, 3,
       3, 3, 0, 0, 2, 2, 3, 3, 2, 0, 1, 2, 2, 3, 2, 3, 0, 3, 0, 3, 0, 3,
       1, 1, 3, 2, 1, 1, 3, 3, 3, 2, 2, 1, 0, 0, 0, 3, 2, 3, 3, 1, 1, 3,
       3, 1, 1, 2, 3, 0, 3, 0, 0, 2, 1, 3, 2, 3, 3, 0, 2, 3, 1, 2, 1, 3,
       2, 1, 1, 1, 3, 0, 2, 3, 2, 0, 0, 1, 3, 3, 3, 0, 3, 3, 0, 1, 1, 2,
       1, 1, 2, 2, 1, 0, 0, 2, 2, 1, 3, 2, 1, 0, 3, 3, 3, 1, 2, 1, 2, 1,
       1, 2, 2, 2, 2, 3, 2, 0, 2, 2, 3, 3, 0, 1, 1, 1, 1, 2, 2, 3, 3, 3,
       2, 0, 0, 2, 1, 1, 0, 1, 0, 3, 3, 1, 2, 0, 2, 0, 1, 0, 1, 3, 0, 2,
       3, 0, 1, 2, 3, 3, 1, 3, 0, 2, 3, 3, 2, 0, 0, 0, 0, 2, 3, 3, 1, 0,
       0, 1, 1, 3, 0, 2, 3, 2, 1, 3, 0, 3, 1, 3, 1, 2, 1, 0, 1, 2, 3, 2,
       1, 3, 2, 0, 2, 3, 1, 3, 0, 2, 3, 2, 3, 3, 2, 2, 1, 2, 0, 1, 2, 1,
       3, 2, 0, 2, 0, 2, 2, 3, 3, 2, 1, 1, 2, 2, 2, 1, 1, 3, 1, 0, 2, 3,
       3, 3, 3, 0, 0, 0, 3, 2, 0, 1, 3, 3, 2, 1, 1, 1, 1, 3, 2, 0, 2, 1,
       1, 1, 1, 3, 3, 0, 0, 2, 2, 3, 2, 3, 1, 2, 2, 0, 1, 0, 2, 0, 3, 0,
       1, 2, 2, 3, 3, 2, 3, 2, 2, 1, 0, 3, 2, 0, 3, 0, 1, 0, 1, 1, 0, 1,
       1, 1, 1, 3, 3, 2, 1, 0, 0, 1, 2, 3, 0, 0, 3, 0, 2, 3, 2, 0, 3, 2,
       2, 3, 3, 2, 2, 0, 0, 3, 3, 3, 1, 1, 0, 2, 2, 1, 3, 2, 2, 2, 3, 0,
       2, 1, 2, 3, 1, 3, 3, 2, 0, 1, 0, 1, 3, 2, 3, 1, 2, 1, 0, 2, 1, 3,
       3, 3, 3, 1, 2, 2, 0, 0, 3, 3, 0, 0, 0, 1, 1, 1, 0, 2, 1, 1, 1, 2,
       0, 1, 0, 0, 3, 0, 2, 3, 0, 0, 0, 1, 2, 1, 3, 0, 3, 2, 1, 1, 3, 0,
       3, 2, 3, 1, 3, 0, 3, 2, 0, 3, 0, 1, 3, 0, 0, 1, 0, 1, 0, 3, 0, 3,
       1, 0, 3, 3, 1, 2, 1, 0, 3, 1, 1, 0, 2, 3, 2, 0, 2, 2, 1, 3, 1, 0,
       3, 1, 0, 0, 3, 0, 3, 1, 1, 1, 2, 1, 1, 2, 3, 0, 0, 1, 2, 1, 3, 0,
       3, 0, 2, 3, 2, 2, 1, 1, 3, 2, 3, 2, 3, 0, 3, 3, 1, 1, 0, 0, 3, 0,
       0, 0, 2, 1, 2, 0, 2, 2, 3, 0, 2, 2, 3, 2, 2, 0, 1, 2, 0, 3, 3, 1,
       0, 2, 1, 3, 0, 2, 3, 3, 0, 2, 3, 3, 1, 2, 3, 3, 0, 3, 1, 0],
      dtype=object)]
[18, array([-1.20188272, -0.60094136, -0.60094136,  0.        ]), array([0, 3, 2, 0, 1, 2, 0, 0, 2, 1, 0, 3, 0, 2, 0, 1, 1, 2, 1, 0, 3, 2,
       0, 0, 1, 0, 0, 2, 1, 2, 1, 3, 1, 1, 3, 0, 2, 0, 0, 1, 2, 0, 2, 2,
       2, 0, 3, 0, 2, 3, 0, 1, 3, 1, 0, 1, 3, 0, 0, 1, 2, 3, 3, 2, 2, 0,
       3, 1, 3, 1, 1, 2, 3, 2, 1, 1, 0, 0, 2, 0, 3, 1, 0, 2, 1, 0, 1, 2,
       2, 1, 2, 0, 3, 1, 0, 3, 1, 0, 1, 1, 2, 0, 3, 3, 3, 0, 2, 0, 3, 3,
       3, 2, 1, 0, 0, 3, 3, 1, 2, 0, 3, 0, 3, 3, 2, 1, 0, 1, 2, 0, 1, 2,
       1, 0, 2, 2, 2, 2, 2, 0, 0, 1, 1, 0, 0, 2, 3, 3, 2, 2, 2, 0, 3, 1,
       1, 1, 3, 2, 3, 0, 3, 3, 0, 1, 2, 1, 2, 1, 1, 2, 3, 3, 2, 1, 0, 3,
       2, 1, 3, 1, 1, 2, 3, 2, 3, 0, 0, 3, 3, 3, 0, 3, 0, 2, 1, 3, 2, 0,
       1, 1, 2, 2, 3, 2, 3, 3, 0, 2, 3, 3, 1, 0, 2, 2, 2, 1, 1, 3, 2, 3,
       3, 2, 1, 3, 2, 1, 0, 3, 3, 2, 0, 3, 3, 2, 1, 0, 1, 2, 2, 2, 2, 1,
       0, 0, 1, 2, 0, 3, 0, 2, 1, 1, 1, 2, 3, 3, 2, 3, 1, 3, 2, 2, 0, 0,
       0, 3, 3, 1, 1, 0, 3, 3, 2, 3, 1, 2, 3, 0, 0, 2, 2, 2, 1, 0, 0, 2,
       0, 0, 2, 0, 0, 1, 0, 2, 0, 2, 1, 0, 3, 0, 1, 0, 0, 1, 2, 2, 2, 1,
       3, 2, 3, 3, 0, 3, 3, 3, 3, 2, 2, 1, 0, 3, 3, 1, 0, 3, 1, 1, 0, 3,
       2, 2, 3, 0, 3, 2, 1, 3, 1, 3, 3, 1, 1, 1, 1, 1, 1, 2, 0, 0, 1, 3,
       1, 3, 2, 2, 1, 2, 3, 3, 3, 2, 0, 2, 1, 3, 1, 0, 3, 0, 0, 2, 0, 3,
       3, 1, 2, 1, 2, 3, 2, 3, 1, 1, 1, 3, 3, 3, 1, 0, 3, 2, 1, 3, 3, 1,
       3, 0, 0, 2, 3, 3, 2, 0, 1, 2, 0, 0, 1, 1, 0, 3, 2, 3, 2, 3, 2, 3,
       3, 3, 0, 0, 2, 2, 3, 3, 2, 0, 1, 2, 2, 3, 2, 3, 0, 3, 0, 3, 0, 3,
       1, 1, 3, 2, 1, 1, 3, 3, 3, 2, 2, 1, 0, 0, 0, 3, 2, 3, 3, 1, 1, 3,
       3, 1, 1, 2, 3, 0, 3, 0, 0, 2, 1, 3, 2, 3, 3, 0, 2, 3, 1, 2, 1, 3,
       2, 1, 1, 1, 3, 0, 2, 3, 2, 0, 0, 1, 3, 3, 3, 0, 3, 3, 0, 1, 1, 2,
       1, 1, 2, 2, 1, 0, 0, 2, 2, 1, 3, 2, 1, 0, 3, 3, 3, 1, 2, 1, 2, 1,
       1, 2, 2, 2, 2, 3, 2, 0, 2, 2, 3, 3, 0, 1, 1, 1, 1, 2, 2, 3, 3, 3,
       2, 0, 0, 2, 1, 1, 0, 1, 0, 3, 3, 1, 2, 0, 2, 0, 1, 0, 1, 3, 0, 2,
       3, 0, 1, 2, 3, 3, 1, 3, 0, 2, 3, 3, 2, 0, 0, 0, 0, 2, 3, 3, 1, 0,
       0, 1, 1, 3, 0, 2, 3, 2, 1, 3, 0, 3, 1, 3, 1, 2, 1, 0, 1, 2, 3, 2,
       1, 3, 2, 0, 2, 3, 1, 3, 0, 2, 3, 2, 3, 3, 2, 2, 1, 2, 0, 1, 2, 1,
       3, 2, 0, 2, 0, 2, 2, 3, 3, 2, 1, 1, 2, 2, 2, 1, 1, 3, 1, 0, 2, 3,
       3, 3, 3, 0, 0, 0, 3, 2, 0, 1, 3, 3, 2, 1, 1, 1, 1, 3, 2, 0, 2, 1,
       1, 1, 1, 3, 3, 0, 0, 2, 2, 3, 2, 3, 1, 2, 2, 0, 1, 0, 2, 0, 3, 0,
       1, 2, 2, 3, 3, 2, 3, 2, 2, 1, 0, 3, 2, 0, 3, 0, 1, 0, 1, 1, 0, 1,
       1, 1, 1, 3, 3, 2, 1, 0, 0, 1, 2, 3, 0, 0, 3, 0, 2, 3, 2, 0, 3, 2,
       2, 3, 3, 2, 2, 0, 0, 3, 3, 3, 1, 1, 0, 2, 2, 1, 3, 2, 2, 2, 3, 0,
       2, 1, 2, 3, 1, 3, 3, 2, 0, 1, 0, 1, 3, 2, 3, 1, 2, 1, 0, 2, 1, 3,
       3, 3, 3, 1, 2, 2, 0, 0, 3, 3, 0, 0, 0, 1, 1, 1, 0, 2, 1, 1, 1, 2,
       0, 1, 0, 0, 3, 0, 2, 3, 0, 0, 0, 1, 2, 1, 3, 0, 3, 2, 1, 1, 3, 0,
       3, 2, 3, 1, 3, 0, 3, 2, 0, 3, 0, 1, 3, 0, 0, 1, 0, 1, 0, 3, 0, 3,
       1, 0, 3, 3, 1, 2, 1, 0, 3, 1, 1, 0, 2, 3, 2, 0, 2, 2, 1, 3, 1, 0,
       3, 1, 0, 0, 3, 0, 3, 1, 1, 1, 2, 1, 1, 2, 3, 0, 0, 1, 2, 1, 3, 0,
       3, 0, 2, 3, 2, 2, 1, 1, 3, 2, 3, 2, 3, 0, 3, 3, 1, 1, 0, 0, 3, 0,
       0, 0, 2, 1, 2, 0, 2, 2, 3, 0, 2, 2, 3, 2, 2, 0, 1, 2, 0, 3, 3, 1,
       0, 2, 1, 3, 0, 2, 3, 3, 0, 2, 3, 3, 1, 2, 3, 3, 0, 3, 1, 0],
      dtype=object)]
[18, array([-1.20188272, -0.60094136, -0.60094136,  0.        ]), array([0, 3, 2, 0, 1, 2, 0, 0, 2, 1, 0, 3, 0, 2, 0, 1, 1, 2, 1, 0, 3, 2,
       0, 0, 1, 0, 0, 2, 1, 2, 1, 3, 1, 1, 3, 0, 2, 0, 0, 1, 2, 0, 2, 2,
       2, 0, 3, 0, 2, 3, 0, 1, 3, 1, 0, 1, 3, 0, 0, 1, 2, 3, 3, 2, 2, 0,
       3, 1, 3, 1, 1, 2, 3, 2, 1, 1, 0, 0, 2, 0, 3, 1, 0, 2, 1, 0, 1, 2,
       2, 1, 2, 0, 3, 1, 0, 3, 1, 0, 1, 1, 2, 0, 3, 3, 3, 0, 2, 0, 3, 3,
       3, 2, 1, 0, 0, 3, 3, 1, 2, 0, 3, 0, 3, 3, 2, 1, 0, 1, 2, 0, 1, 2,
       1, 0, 2, 2, 2, 2, 2, 0, 0, 1, 1, 0, 0, 2, 3, 3, 2, 2, 2, 0, 3, 1,
       1, 1, 3, 2, 3, 0, 3, 3, 0, 1, 2, 1, 2, 1, 1, 2, 3, 3, 2, 1, 0, 3,
       2, 1, 3, 1, 1, 2, 3, 2, 3, 0, 0, 3, 3, 3, 0, 3, 0, 2, 1, 3, 2, 0,
       1, 1, 2, 2, 3, 2, 3, 3, 0, 2, 3, 3, 1, 0, 2, 2, 2, 1, 1, 3, 2, 3,
       3, 2, 1, 3, 2, 1, 0, 3, 3, 2, 0, 3, 3, 2, 1, 0, 1, 2, 2, 2, 2, 1,
       0, 0, 1, 2, 0, 3, 0, 2, 1, 1, 1, 2, 3, 3, 2, 3, 1, 3, 2, 2, 0, 0,
       0, 3, 3, 1, 1, 0, 3, 3, 2, 3, 1, 2, 3, 0, 0, 2, 2, 2, 1, 0, 0, 2,
       0, 0, 2, 0, 0, 1, 0, 2, 0, 2, 1, 0, 3, 0, 1, 0, 0, 1, 2, 2, 2, 1,
       3, 2, 3, 3, 0, 3, 3, 3, 3, 2, 2, 1, 0, 3, 3, 1, 0, 3, 1, 1, 0, 3,
       2, 2, 3, 0, 3, 2, 1, 3, 1, 3, 3, 1, 1, 1, 1, 1, 1, 2, 0, 0, 1, 3,
       1, 3, 2, 2, 1, 2, 3, 3, 3, 2, 0, 2, 1, 3, 1, 0, 3, 0, 0, 2, 0, 3,
       3, 1, 2, 1, 2, 3, 2, 3, 1, 1, 1, 3, 3, 3, 1, 0, 3, 2, 1, 3, 3, 1,
       3, 0, 0, 2, 3, 3, 2, 0, 1, 2, 0, 0, 1, 1, 0, 3, 2, 3, 2, 3, 2, 3,
       3, 3, 0, 0, 2, 2, 3, 3, 2, 0, 1, 2, 2, 3, 2, 3, 0, 3, 0, 3, 0, 3,
       1, 1, 3, 2, 1, 1, 3, 3, 3, 2, 2, 1, 0, 0, 0, 3, 2, 3, 3, 1, 1, 3,
       3, 1, 1, 2, 3, 0, 3, 0, 0, 2, 1, 3, 2, 3, 3, 0, 2, 3, 1, 2, 1, 3,
       2, 1, 1, 1, 3, 0, 2, 3, 2, 0, 0, 1, 3, 3, 3, 0, 3, 3, 0, 1, 1, 2,
       1, 1, 2, 2, 1, 0, 0, 2, 2, 1, 3, 2, 1, 0, 3, 3, 3, 1, 2, 1, 2, 1,
       1, 2, 2, 2, 2, 3, 2, 0, 2, 2, 3, 3, 0, 1, 1, 1, 1, 2, 2, 3, 3, 3,
       2, 0, 0, 2, 1, 1, 0, 1, 0, 3, 3, 1, 2, 0, 2, 0, 1, 0, 1, 3, 0, 2,
       3, 0, 1, 2, 3, 3, 1, 3, 0, 2, 3, 3, 2, 0, 0, 0, 0, 2, 3, 3, 1, 0,
       0, 1, 1, 3, 0, 2, 3, 2, 1, 3, 0, 3, 1, 3, 1, 2, 1, 0, 1, 2, 3, 2,
       1, 3, 2, 0, 2, 3, 1, 3, 0, 2, 3, 2, 3, 3, 2, 2, 1, 2, 0, 1, 2, 1,
       3, 2, 0, 2, 0, 2, 2, 3, 3, 2, 1, 1, 2, 2, 2, 1, 1, 3, 1, 0, 2, 3,
       3, 3, 3, 0, 0, 0, 3, 2, 0, 1, 3, 3, 2, 1, 1, 1, 1, 3, 2, 0, 2, 1,
       1, 1, 1, 3, 3, 0, 0, 2, 2, 3, 2, 3, 1, 2, 2, 0, 1, 0, 2, 0, 3, 0,
       1, 2, 2, 3, 3, 2, 3, 2, 2, 1, 0, 3, 2, 0, 3, 0, 1, 0, 1, 1, 0, 1,
       1, 1, 1, 3, 3, 2, 1, 0, 0, 1, 2, 3, 0, 0, 3, 0, 2, 3, 2, 0, 3, 2,
       2, 3, 3, 2, 2, 0, 0, 3, 3, 3, 1, 1, 0, 2, 2, 1, 3, 2, 2, 2, 3, 0,
       2, 1, 2, 3, 1, 3, 3, 2, 0, 1, 0, 1, 3, 2, 3, 1, 2, 1, 0, 2, 1, 3,
       3, 3, 3, 1, 2, 2, 0, 0, 3, 3, 0, 0, 0, 1, 1, 1, 0, 2, 1, 1, 1, 2,
       0, 1, 0, 0, 3, 0, 2, 3, 0, 0, 0, 1, 2, 1, 3, 0, 3, 2, 1, 1, 3, 0,
       3, 2, 3, 1, 3, 0, 3, 2, 0, 3, 0, 1, 3, 0, 0, 1, 0, 1, 0, 3, 0, 3,
       1, 0, 3, 3, 1, 2, 1, 0, 3, 1, 1, 0, 2, 3, 2, 0, 2, 2, 1, 3, 1, 0,
       3, 1, 0, 0, 3, 0, 3, 1, 1, 1, 2, 1, 1, 2, 3, 0, 0, 1, 2, 1, 3, 0,
       3, 0, 2, 3, 2, 2, 1, 1, 3, 2, 3, 2, 3, 0, 3, 3, 1, 1, 0, 0, 3, 0,
       0, 0, 2, 1, 2, 0, 2, 2, 3, 0, 2, 2, 3, 2, 2, 0, 1, 2, 0, 3, 3, 1,
       0, 2, 1, 3, 0, 2, 3, 3, 0, 2, 3, 3, 1, 2, 3, 3, 0, 3, 1, 0],
      dtype=object)]
[18, array([-1.20188272, -0.60094136, -0.60094136,  0.        ]), array([0, 3, 2, 0, 1, 2, 0, 0, 2, 1, 0, 3, 0, 2, 0, 1, 1, 2, 1, 0, 3, 2,
       0, 0, 1, 0, 0, 2, 1, 2, 1, 3, 1, 1, 3, 0, 2, 0, 0, 1, 2, 0, 2, 2,
       2, 0, 3, 0, 2, 3, 0, 1, 3, 1, 0, 1, 3, 0, 0, 1, 2, 3, 3, 2, 2, 0,
       3, 1, 3, 1, 1, 2, 3, 2, 1, 1, 0, 0, 2, 0, 3, 1, 0, 2, 1, 0, 1, 2,
       2, 1, 2, 0, 3, 1, 0, 3, 1, 0, 1, 1, 2, 0, 3, 3, 3, 0, 2, 0, 3, 3,
       3, 2, 1, 0, 0, 3, 3, 1, 2, 0, 3, 0, 3, 3, 2, 1, 0, 1, 2, 0, 1, 2,
       1, 0, 2, 2, 2, 2, 2, 0, 0, 1, 1, 0, 0, 2, 3, 3, 2, 2, 2, 0, 3, 1,
       1, 1, 3, 2, 3, 0, 3, 3, 0, 1, 2, 1, 2, 1, 1, 2, 3, 3, 2, 1, 0, 3,
       2, 1, 3, 1, 1, 2, 3, 2, 3, 0, 0, 3, 3, 3, 0, 3, 0, 2, 1, 3, 2, 0,
       1, 1, 2, 2, 3, 2, 3, 3, 0, 2, 3, 3, 1, 0, 2, 2, 2, 1, 1, 3, 2, 3,
       3, 2, 1, 3, 2, 1, 0, 3, 3, 2, 0, 3, 3, 2, 1, 0, 1, 2, 2, 2, 2, 1,
       0, 0, 1, 2, 0, 3, 0, 2, 1, 1, 1, 2, 3, 3, 2, 3, 1, 3, 2, 2, 0, 0,
       0, 3, 3, 1, 1, 0, 3, 3, 2, 3, 1, 2, 3, 0, 0, 2, 2, 2, 1, 0, 0, 2,
       0, 0, 2, 0, 0, 1, 0, 2, 0, 2, 1, 0, 3, 0, 1, 0, 0, 1, 2, 2, 2, 1,
       3, 2, 3, 3, 0, 3, 3, 3, 3, 2, 2, 1, 0, 3, 3, 1, 0, 3, 1, 1, 0, 3,
       2, 2, 3, 0, 3, 2, 1, 3, 1, 3, 3, 1, 1, 1, 1, 1, 1, 2, 0, 0, 1, 3,
       1, 3, 2, 2, 1, 2, 3, 3, 3, 2, 0, 2, 1, 3, 1, 0, 3, 0, 0, 2, 0, 3,
       3, 1, 2, 1, 2, 3, 2, 3, 1, 1, 1, 3, 3, 3, 1, 0, 3, 2, 1, 3, 3, 1,
       3, 0, 0, 2, 3, 3, 2, 0, 1, 2, 0, 0, 1, 1, 0, 3, 2, 3, 2, 3, 2, 3,
       3, 3, 0, 0, 2, 2, 3, 3, 2, 0, 1, 2, 2, 3, 2, 3, 0, 3, 0, 3, 0, 3,
       1, 1, 3, 2, 1, 1, 3, 3, 3, 2, 2, 1, 0, 0, 0, 3, 2, 3, 3, 1, 1, 3,
       3, 1, 1, 2, 3, 0, 3, 0, 0, 2, 1, 3, 2, 3, 3, 0, 2, 3, 1, 2, 1, 3,
       2, 1, 1, 1, 3, 0, 2, 3, 2, 0, 0, 1, 3, 3, 3, 0, 3, 3, 0, 1, 1, 2,
       1, 1, 2, 2, 1, 0, 0, 2, 2, 1, 3, 2, 1, 0, 3, 3, 3, 1, 2, 1, 2, 1,
       1, 2, 2, 2, 2, 3, 2, 0, 2, 2, 3, 3, 0, 1, 1, 1, 1, 2, 2, 3, 3, 3,
       2, 0, 0, 2, 1, 1, 0, 1, 0, 3, 3, 1, 2, 0, 2, 0, 1, 0, 1, 3, 0, 2,
       3, 0, 1, 2, 3, 3, 1, 3, 0, 2, 3, 3, 2, 0, 0, 0, 0, 2, 3, 3, 1, 0,
       0, 1, 1, 3, 0, 2, 3, 2, 1, 3, 0, 3, 1, 3, 1, 2, 1, 0, 1, 2, 3, 2,
       1, 3, 2, 0, 2, 3, 1, 3, 0, 2, 3, 2, 3, 3, 2, 2, 1, 2, 0, 1, 2, 1,
       3, 2, 0, 2, 0, 2, 2, 3, 3, 2, 1, 1, 2, 2, 2, 1, 1, 3, 1, 0, 2, 3,
       3, 3, 3, 0, 0, 0, 3, 2, 0, 1, 3, 3, 2, 1, 1, 1, 1, 3, 2, 0, 2, 1,
       1, 1, 1, 3, 3, 0, 0, 2, 2, 3, 2, 3, 1, 2, 2, 0, 1, 0, 2, 0, 3, 0,
       1, 2, 2, 3, 3, 2, 3, 2, 2, 1, 0, 3, 2, 0, 3, 0, 1, 0, 1, 1, 0, 1,
       1, 1, 1, 3, 3, 2, 1, 0, 0, 1, 2, 3, 0, 0, 3, 0, 2, 3, 2, 0, 3, 2,
       2, 3, 3, 2, 2, 0, 0, 3, 3, 3, 1, 1, 0, 2, 2, 1, 3, 2, 2, 2, 3, 0,
       2, 1, 2, 3, 1, 3, 3, 2, 0, 1, 0, 1, 3, 2, 3, 1, 2, 1, 0, 2, 1, 3,
       3, 3, 3, 1, 2, 2, 0, 0, 3, 3, 0, 0, 0, 1, 1, 1, 0, 2, 1, 1, 1, 2,
       0, 1, 0, 0, 3, 0, 2, 3, 0, 0, 0, 1, 2, 1, 3, 0, 3, 2, 1, 1, 3, 0,
       3, 2, 3, 1, 3, 0, 3, 2, 0, 3, 0, 1, 3, 0, 0, 1, 0, 1, 0, 3, 0, 3,
       1, 0, 3, 3, 1, 2, 1, 0, 3, 1, 1, 0, 2, 3, 2, 0, 2, 2, 1, 3, 1, 0,
       3, 1, 0, 0, 3, 0, 3, 1, 1, 1, 2, 1, 1, 2, 3, 0, 0, 1, 2, 1, 3, 0,
       3, 0, 2, 3, 2, 2, 1, 1, 3, 2, 3, 2, 3, 0, 3, 3, 1, 1, 0, 0, 3, 0,
       0, 0, 2, 1, 2, 0, 2, 2, 3, 0, 2, 2, 3, 2, 2, 0, 1, 2, 0, 3, 3, 1,
       0, 2, 1, 3, 0, 2, 3, 3, 0, 2, 3, 3, 1, 2, 3, 3, 0, 3, 1, 0],
      dtype=object)]
[19, array([-3998.65820312, -1999.32910156, -1999.32910156,     0.        ]), array([0, 0, 1, 0, 2, 1, 2, 0, 0, 0, 0, 3, 0, 0, 1, 2, 0, 1, 2, 3, 0, 0,
       2, 0, 0, 3, 3, 3, 1, 2, 0, 1, 3, 3, 3, 0, 3, 1, 0, 1, 1, 3, 0, 1,
       2, 1, 1, 2, 2, 1, 3, 1, 2, 1, 2, 2, 0, 0, 2, 3, 3, 1, 1, 3, 0, 0,
       2, 0, 2, 1, 0, 1, 3, 1, 1, 2, 1, 2, 2, 1, 0, 2, 2, 0, 3, 1, 3, 1,
       1, 1, 2, 0, 0, 0, 2, 3, 2, 2, 2, 0, 0, 2, 2, 2, 1, 0, 3, 0, 1, 0,
       2, 1, 0, 0, 0, 2, 0, 1, 1, 2, 1, 1, 2, 0, 0, 0, 2, 2, 3, 1, 3, 1,
       3, 1, 0, 0, 0, 3, 3, 2, 2, 3, 0, 0, 0, 3, 2, 2, 0, 1, 0, 0, 1, 2,
       2, 2, 1, 1, 1, 2, 0, 3, 0, 2, 0, 3, 1, 0, 1, 3, 3, 0, 2, 0, 1, 3,
       3, 3, 3, 2, 1, 2, 2, 0, 2, 0, 0, 0, 2, 3, 1, 3, 2, 2, 3, 2, 1, 2,
       0, 0, 1, 0, 1, 1, 1, 2, 0, 0, 0, 1, 1, 2, 1, 0, 1, 3, 1, 1, 2, 1,
       2, 3, 2, 0, 0, 3, 1, 1, 0, 0, 1, 1, 3, 0, 3, 2, 1, 3, 2, 0, 2, 3,
       1, 0, 1, 0, 0, 2, 0, 0, 3, 2, 0, 3, 1, 1, 1, 0, 0, 1, 2, 0, 2, 3,
       0, 1, 3, 1, 2, 0, 2, 1, 3, 3, 3, 1, 1, 0, 0, 0, 1, 2, 1, 1, 0, 1,
       2, 2, 3, 1, 3, 1, 3, 3, 3, 2, 2, 0, 2, 0, 1, 3, 0, 1, 2, 0, 0, 1,
       3, 1, 1, 2, 2, 2, 1, 1, 1, 0, 0, 1, 1, 0, 0, 1, 0, 1, 0, 2, 0, 0,
       0, 1, 3, 0, 3, 0, 2, 3, 2, 0, 3, 1, 2, 1, 1, 2, 3, 2, 2, 1, 1, 1,
       2, 3, 2, 0, 1, 1, 2, 1, 2, 2, 0, 3, 0, 0, 1, 1, 1, 1, 3, 0, 2, 3,
       3, 1, 3, 1, 0, 2, 1, 2, 2, 0, 2, 0, 3, 3, 1, 1, 0, 3, 3, 1, 0, 3,
       3, 1, 0, 2, 0, 2, 0, 1, 2, 1, 1, 0, 2, 2, 0, 0, 1, 3, 3, 1, 2, 0,
       3, 1, 0, 0, 1, 0, 3, 0, 3, 2, 1, 1, 1, 3, 0, 1, 1, 0, 1, 0, 0, 1,
       2, 1, 3, 0, 0, 1, 3, 1, 1, 3, 2, 2, 2, 2, 1, 1, 2, 3, 3, 0, 0, 2,
       0, 0, 0, 2, 2, 1, 1, 1, 0, 1, 2, 2, 2, 2, 1, 3, 1, 3, 1, 1, 1, 1,
       0, 0, 1, 1, 1, 1, 0, 0, 1, 2, 0, 2, 1, 1, 2, 1, 2, 2, 3, 3, 0, 1,
       1, 0, 3, 0, 3, 2, 3, 2, 0, 1, 1, 3, 3, 1, 2, 0, 0, 2, 2, 0, 2, 0,
       2, 2, 3, 3, 3, 1, 1, 2, 1, 0, 3, 3, 2, 3, 3, 0, 1, 3, 1, 3, 0, 1,
       0, 3, 2, 3, 1, 0, 3, 1, 1, 3, 3, 2, 1, 2, 1, 3, 1, 2, 2, 2, 0, 3,
       1, 0, 1, 3, 3, 2, 2, 2, 0, 0, 2, 1, 3, 0, 2, 3, 0, 2, 0, 2, 3, 2,
       3, 0, 3, 0, 2, 2, 1, 0, 1, 2, 2, 2, 1, 2, 2, 1, 1, 1, 0, 1, 2, 1,
       1, 0, 1, 3, 0, 1, 0, 2, 2, 2, 3, 2, 1, 3, 3, 1, 3, 1, 0, 1, 2, 3,
       0, 1, 3, 1, 3, 0, 3, 3, 2, 2, 2, 0, 1, 1, 0, 1, 2, 0, 2, 2, 1, 0,
       3, 2, 1, 3, 2, 0, 2, 0, 0, 2, 1, 3, 2, 3, 2, 1, 0, 3, 3, 0, 2, 2,
       0, 3, 0, 2, 3, 0, 3, 3, 1, 1, 2, 2, 2, 2, 0, 3, 2, 0, 2, 1, 3, 2,
       3, 0, 3, 3, 2, 0, 2, 0, 0, 1, 1, 2, 2, 0, 3, 3, 0, 2, 1, 0, 2, 3,
       0, 1, 3, 2, 0, 1, 3, 0, 3, 1, 1, 2, 0, 3, 0, 1, 2, 2, 3, 0, 0, 3,
       2, 1, 1, 1, 3, 3, 2, 1, 0, 3, 2, 0, 1, 2, 3, 2, 2, 1, 3, 3, 1, 1,
       3, 0, 3, 3, 1, 1, 2, 2, 0, 2, 1, 0, 3, 1, 1, 1, 3, 1, 2, 2, 2, 0,
       2, 0, 0, 0, 0, 3, 1, 1, 3, 1, 2, 0, 2, 2, 2, 2, 3, 0, 1, 2, 1, 0,
       1, 3, 0, 3, 2, 0, 0, 1, 3, 0, 2, 2, 1, 0, 3, 2, 1, 0, 0, 2, 1, 1,
       0, 2, 0, 3, 0, 2, 1, 0, 1, 2, 3, 1, 0, 0, 3, 1, 2, 3, 2, 3, 3, 3,
       0, 1, 1, 3, 1, 3, 3, 3, 3, 3, 2, 1, 1, 2, 1, 3, 1, 1, 3, 0, 1, 3,
       3, 3, 0, 0, 2, 1, 0, 2, 3, 0, 0, 3, 1, 2, 2, 2, 2, 1, 3, 1, 3, 1,
       3, 2, 1, 2, 3, 3, 3, 3, 3, 2, 1, 3, 0, 0, 3, 0, 1, 1, 2, 0, 1, 1,
       1, 1, 3, 3, 1, 3, 2, 0, 0, 2, 1, 2, 3, 2, 3, 2, 0, 0, 1, 2, 1, 3,
       1, 0, 1, 2, 1, 0, 0, 3, 2, 2, 2, 2, 2, 3, 1, 3, 2, 3, 0, 1],
      dtype=object)]
[19, array([-3998.65820312, -1999.32910156, -1999.32910156,     0.        ]), array([0, 0, 1, 0, 2, 1, 2, 0, 0, 0, 0, 3, 0, 0, 1, 2, 0, 1, 2, 3, 0, 0,
       2, 0, 0, 3, 3, 3, 1, 2, 0, 1, 3, 3, 3, 0, 3, 1, 0, 1, 1, 3, 0, 1,
       2, 1, 1, 2, 2, 1, 3, 1, 2, 1, 2, 2, 0, 0, 2, 3, 3, 1, 1, 3, 0, 0,
       2, 0, 2, 1, 0, 1, 3, 1, 1, 2, 1, 2, 2, 1, 0, 2, 2, 0, 3, 1, 3, 1,
       1, 1, 2, 0, 0, 0, 2, 3, 2, 2, 2, 0, 0, 2, 2, 2, 1, 0, 3, 0, 1, 0,
       2, 1, 0, 0, 0, 2, 0, 1, 1, 2, 1, 1, 2, 0, 0, 0, 2, 2, 3, 1, 3, 1,
       3, 1, 0, 0, 0, 3, 3, 2, 2, 3, 0, 0, 0, 3, 2, 2, 0, 1, 0, 0, 1, 2,
       2, 2, 1, 1, 1, 2, 0, 3, 0, 2, 0, 3, 1, 0, 1, 3, 3, 0, 2, 0, 1, 3,
       3, 3, 3, 2, 1, 2, 2, 0, 2, 0, 0, 0, 2, 3, 1, 3, 2, 2, 3, 2, 1, 2,
       0, 0, 1, 0, 1, 1, 1, 2, 0, 0, 0, 1, 1, 2, 1, 0, 1, 3, 1, 1, 2, 1,
       2, 3, 2, 0, 0, 3, 1, 1, 0, 0, 1, 1, 3, 0, 3, 2, 1, 3, 2, 0, 2, 3,
       1, 0, 1, 0, 0, 2, 0, 0, 3, 2, 0, 3, 1, 1, 1, 0, 0, 1, 2, 0, 2, 3,
       0, 1, 3, 1, 2, 0, 2, 1, 3, 3, 3, 1, 1, 0, 0, 0, 1, 2, 1, 1, 0, 1,
       2, 2, 3, 1, 3, 1, 3, 3, 3, 2, 2, 0, 2, 0, 1, 3, 0, 1, 2, 0, 0, 1,
       3, 1, 1, 2, 2, 2, 1, 1, 1, 0, 0, 1, 1, 0, 0, 1, 0, 1, 0, 2, 0, 0,
       0, 1, 3, 0, 3, 0, 2, 3, 2, 0, 3, 1, 2, 1, 1, 2, 3, 2, 2, 1, 1, 1,
       2, 3, 2, 0, 1, 1, 2, 1, 2, 2, 0, 3, 0, 0, 1, 1, 1, 1, 3, 0, 2, 3,
       3, 1, 3, 1, 0, 2, 1, 2, 2, 0, 2, 0, 3, 3, 1, 1, 0, 3, 3, 1, 0, 3,
       3, 1, 0, 2, 0, 2, 0, 1, 2, 1, 1, 0, 2, 2, 0, 0, 1, 3, 3, 1, 2, 0,
       3, 1, 0, 0, 1, 0, 3, 0, 3, 2, 1, 1, 1, 3, 0, 1, 1, 0, 1, 0, 0, 1,
       2, 1, 3, 0, 0, 1, 3, 1, 1, 3, 2, 2, 2, 2, 1, 1, 2, 3, 3, 0, 0, 2,
       0, 0, 0, 2, 2, 1, 1, 1, 0, 1, 2, 2, 2, 2, 1, 3, 1, 3, 1, 1, 1, 1,
       0, 0, 1, 1, 1, 1, 0, 0, 1, 2, 0, 2, 1, 1, 2, 1, 2, 2, 3, 3, 0, 1,
       1, 0, 3, 0, 3, 2, 3, 2, 0, 1, 1, 3, 3, 1, 2, 0, 0, 2, 2, 0, 2, 0,
       2, 2, 3, 3, 3, 1, 1, 2, 1, 0, 3, 3, 2, 3, 3, 0, 1, 3, 1, 3, 0, 1,
       0, 3, 2, 3, 1, 0, 3, 1, 1, 3, 3, 2, 1, 2, 1, 3, 1, 2, 2, 2, 0, 3,
       1, 0, 1, 3, 3, 2, 2, 2, 0, 0, 2, 1, 3, 0, 2, 3, 0, 2, 0, 2, 3, 2,
       3, 0, 3, 0, 2, 2, 1, 0, 1, 2, 2, 2, 1, 2, 2, 1, 1, 1, 0, 1, 2, 1,
       1, 0, 1, 3, 0, 1, 0, 2, 2, 2, 3, 2, 1, 3, 3, 1, 3, 1, 0, 1, 2, 3,
       0, 1, 3, 1, 3, 0, 3, 3, 2, 2, 2, 0, 1, 1, 0, 1, 2, 0, 2, 2, 1, 0,
       3, 2, 1, 3, 2, 0, 2, 0, 0, 2, 1, 3, 2, 3, 2, 1, 0, 3, 3, 0, 2, 2,
       0, 3, 0, 2, 3, 0, 3, 3, 1, 1, 2, 2, 2, 2, 0, 3, 2, 0, 2, 1, 3, 2,
       3, 0, 3, 3, 2, 0, 2, 0, 0, 1, 1, 2, 2, 0, 3, 3, 0, 2, 1, 0, 2, 3,
       0, 1, 3, 2, 0, 1, 3, 0, 3, 1, 1, 2, 0, 3, 0, 1, 2, 2, 3, 0, 0, 3,
       2, 1, 1, 1, 3, 3, 2, 1, 0, 3, 2, 0, 1, 2, 3, 2, 2, 1, 3, 3, 1, 1,
       3, 0, 3, 3, 1, 1, 2, 2, 0, 2, 1, 0, 3, 1, 1, 1, 3, 1, 2, 2, 2, 0,
       2, 0, 0, 0, 0, 3, 1, 1, 3, 1, 2, 0, 2, 2, 2, 2, 3, 0, 1, 2, 1, 0,
       1, 3, 0, 3, 2, 0, 0, 1, 3, 0, 2, 2, 1, 0, 3, 2, 1, 0, 0, 2, 1, 1,
       0, 2, 0, 3, 0, 2, 1, 0, 1, 2, 3, 1, 0, 0, 3, 1, 2, 3, 2, 3, 3, 3,
       0, 1, 1, 3, 1, 3, 3, 3, 3, 3, 2, 1, 1, 2, 1, 3, 1, 1, 3, 0, 1, 3,
       3, 3, 0, 0, 2, 1, 0, 2, 3, 0, 0, 3, 1, 2, 2, 2, 2, 1, 3, 1, 3, 1,
       3, 2, 1, 2, 3, 3, 3, 3, 3, 2, 1, 3, 0, 0, 3, 0, 1, 1, 2, 0, 1, 1,
       1, 1, 3, 3, 1, 3, 2, 0, 0, 2, 1, 2, 3, 2, 3, 2, 0, 0, 1, 2, 1, 3,
       1, 0, 1, 2, 1, 0, 0, 3, 2, 2, 2, 2, 2, 3, 1, 3, 2, 3, 0, 1],
      dtype=object)]
[19, array([-3998.65820312, -1999.32910156, -1999.32910156,     0.        ]), array([0, 0, 1, 0, 2, 1, 2, 0, 0, 0, 0, 3, 0, 0, 1, 2, 0, 1, 2, 3, 0, 0,
       2, 0, 0, 3, 3, 3, 1, 2, 0, 1, 3, 3, 3, 0, 3, 1, 0, 1, 1, 3, 0, 1,
       2, 1, 1, 2, 2, 1, 3, 1, 2, 1, 2, 2, 0, 0, 2, 3, 3, 1, 1, 3, 0, 0,
       2, 0, 2, 1, 0, 1, 3, 1, 1, 2, 1, 2, 2, 1, 0, 2, 2, 0, 3, 1, 3, 1,
       1, 1, 2, 0, 0, 0, 2, 3, 2, 2, 2, 0, 0, 2, 2, 2, 1, 0, 3, 0, 1, 0,
       2, 1, 0, 0, 0, 2, 0, 1, 1, 2, 1, 1, 2, 0, 0, 0, 2, 2, 3, 1, 3, 1,
       3, 1, 0, 0, 0, 3, 3, 2, 2, 3, 0, 0, 0, 3, 2, 2, 0, 1, 0, 0, 1, 2,
       2, 2, 1, 1, 1, 2, 0, 3, 0, 2, 0, 3, 1, 0, 1, 3, 3, 0, 2, 0, 1, 3,
       3, 3, 3, 2, 1, 2, 2, 0, 2, 0, 0, 0, 2, 3, 1, 3, 2, 2, 3, 2, 1, 2,
       0, 0, 1, 0, 1, 1, 1, 2, 0, 0, 0, 1, 1, 2, 1, 0, 1, 3, 1, 1, 2, 1,
       2, 3, 2, 0, 0, 3, 1, 1, 0, 0, 1, 1, 3, 0, 3, 2, 1, 3, 2, 0, 2, 3,
       1, 0, 1, 0, 0, 2, 0, 0, 3, 2, 0, 3, 1, 1, 1, 0, 0, 1, 2, 0, 2, 3,
       0, 1, 3, 1, 2, 0, 2, 1, 3, 3, 3, 1, 1, 0, 0, 0, 1, 2, 1, 1, 0, 1,
       2, 2, 3, 1, 3, 1, 3, 3, 3, 2, 2, 0, 2, 0, 1, 3, 0, 1, 2, 0, 0, 1,
       3, 1, 1, 2, 2, 2, 1, 1, 1, 0, 0, 1, 1, 0, 0, 1, 0, 1, 0, 2, 0, 0,
       0, 1, 3, 0, 3, 0, 2, 3, 2, 0, 3, 1, 2, 1, 1, 2, 3, 2, 2, 1, 1, 1,
       2, 3, 2, 0, 1, 1, 2, 1, 2, 2, 0, 3, 0, 0, 1, 1, 1, 1, 3, 0, 2, 3,
       3, 1, 3, 1, 0, 2, 1, 2, 2, 0, 2, 0, 3, 3, 1, 1, 0, 3, 3, 1, 0, 3,
       3, 1, 0, 2, 0, 2, 0, 1, 2, 1, 1, 0, 2, 2, 0, 0, 1, 3, 3, 1, 2, 0,
       3, 1, 0, 0, 1, 0, 3, 0, 3, 2, 1, 1, 1, 3, 0, 1, 1, 0, 1, 0, 0, 1,
       2, 1, 3, 0, 0, 1, 3, 1, 1, 3, 2, 2, 2, 2, 1, 1, 2, 3, 3, 0, 0, 2,
       0, 0, 0, 2, 2, 1, 1, 1, 0, 1, 2, 2, 2, 2, 1, 3, 1, 3, 1, 1, 1, 1,
       0, 0, 1, 1, 1, 1, 0, 0, 1, 2, 0, 2, 1, 1, 2, 1, 2, 2, 3, 3, 0, 1,
       1, 0, 3, 0, 3, 2, 3, 2, 0, 1, 1, 3, 3, 1, 2, 0, 0, 2, 2, 0, 2, 0,
       2, 2, 3, 3, 3, 1, 1, 2, 1, 0, 3, 3, 2, 3, 3, 0, 1, 3, 1, 3, 0, 1,
       0, 3, 2, 3, 1, 0, 3, 1, 1, 3, 3, 2, 1, 2, 1, 3, 1, 2, 2, 2, 0, 3,
       1, 0, 1, 3, 3, 2, 2, 2, 0, 0, 2, 1, 3, 0, 2, 3, 0, 2, 0, 2, 3, 2,
       3, 0, 3, 0, 2, 2, 1, 0, 1, 2, 2, 2, 1, 2, 2, 1, 1, 1, 0, 1, 2, 1,
       1, 0, 1, 3, 0, 1, 0, 2, 2, 2, 3, 2, 1, 3, 3, 1, 3, 1, 0, 1, 2, 3,
       0, 1, 3, 1, 3, 0, 3, 3, 2, 2, 2, 0, 1, 1, 0, 1, 2, 0, 2, 2, 1, 0,
       3, 2, 1, 3, 2, 0, 2, 0, 0, 2, 1, 3, 2, 3, 2, 1, 0, 3, 3, 0, 2, 2,
       0, 3, 0, 2, 3, 0, 3, 3, 1, 1, 2, 2, 2, 2, 0, 3, 2, 0, 2, 1, 3, 2,
       3, 0, 3, 3, 2, 0, 2, 0, 0, 1, 1, 2, 2, 0, 3, 3, 0, 2, 1, 0, 2, 3,
       0, 1, 3, 2, 0, 1, 3, 0, 3, 1, 1, 2, 0, 3, 0, 1, 2, 2, 3, 0, 0, 3,
       2, 1, 1, 1, 3, 3, 2, 1, 0, 3, 2, 0, 1, 2, 3, 2, 2, 1, 3, 3, 1, 1,
       3, 0, 3, 3, 1, 1, 2, 2, 0, 2, 1, 0, 3, 1, 1, 1, 3, 1, 2, 2, 2, 0,
       2, 0, 0, 0, 0, 3, 1, 1, 3, 1, 2, 0, 2, 2, 2, 2, 3, 0, 1, 2, 1, 0,
       1, 3, 0, 3, 2, 0, 0, 1, 3, 0, 2, 2, 1, 0, 3, 2, 1, 0, 0, 2, 1, 1,
       0, 2, 0, 3, 0, 2, 1, 0, 1, 2, 3, 1, 0, 0, 3, 1, 2, 3, 2, 3, 3, 3,
       0, 1, 1, 3, 1, 3, 3, 3, 3, 3, 2, 1, 1, 2, 1, 3, 1, 1, 3, 0, 1, 3,
       3, 3, 0, 0, 2, 1, 0, 2, 3, 0, 0, 3, 1, 2, 2, 2, 2, 1, 3, 1, 3, 1,
       3, 2, 1, 2, 3, 3, 3, 3, 3, 2, 1, 3, 0, 0, 3, 0, 1, 1, 2, 0, 1, 1,
       1, 1, 3, 3, 1, 3, 2, 0, 0, 2, 1, 2, 3, 2, 3, 2, 0, 0, 1, 2, 1, 3,
       1, 0, 1, 2, 1, 0, 0, 3, 2, 2, 2, 2, 2, 3, 1, 3, 2, 3, 0, 1],
      dtype=object)]
[19, array([-3998.65820312, -1999.32910156, -1999.32910156,     0.        ]), array([0, 0, 1, 0, 2, 1, 2, 0, 0, 0, 0, 3, 0, 0, 1, 2, 0, 1, 2, 3, 0, 0,
       2, 0, 0, 3, 3, 3, 1, 2, 0, 1, 3, 3, 3, 0, 3, 1, 0, 1, 1, 3, 0, 1,
       2, 1, 1, 2, 2, 1, 3, 1, 2, 1, 2, 2, 0, 0, 2, 3, 3, 1, 1, 3, 0, 0,
       2, 0, 2, 1, 0, 1, 3, 1, 1, 2, 1, 2, 2, 1, 0, 2, 2, 0, 3, 1, 3, 1,
       1, 1, 2, 0, 0, 0, 2, 3, 2, 2, 2, 0, 0, 2, 2, 2, 1, 0, 3, 0, 1, 0,
       2, 1, 0, 0, 0, 2, 0, 1, 1, 2, 1, 1, 2, 0, 0, 0, 2, 2, 3, 1, 3, 1,
       3, 1, 0, 0, 0, 3, 3, 2, 2, 3, 0, 0, 0, 3, 2, 2, 0, 1, 0, 0, 1, 2,
       2, 2, 1, 1, 1, 2, 0, 3, 0, 2, 0, 3, 1, 0, 1, 3, 3, 0, 2, 0, 1, 3,
       3, 3, 3, 2, 1, 2, 2, 0, 2, 0, 0, 0, 2, 3, 1, 3, 2, 2, 3, 2, 1, 2,
       0, 0, 1, 0, 1, 1, 1, 2, 0, 0, 0, 1, 1, 2, 1, 0, 1, 3, 1, 1, 2, 1,
       2, 3, 2, 0, 0, 3, 1, 1, 0, 0, 1, 1, 3, 0, 3, 2, 1, 3, 2, 0, 2, 3,
       1, 0, 1, 0, 0, 2, 0, 0, 3, 2, 0, 3, 1, 1, 1, 0, 0, 1, 2, 0, 2, 3,
       0, 1, 3, 1, 2, 0, 2, 1, 3, 3, 3, 1, 1, 0, 0, 0, 1, 2, 1, 1, 0, 1,
       2, 2, 3, 1, 3, 1, 3, 3, 3, 2, 2, 0, 2, 0, 1, 3, 0, 1, 2, 0, 0, 1,
       3, 1, 1, 2, 2, 2, 1, 1, 1, 0, 0, 1, 1, 0, 0, 1, 0, 1, 0, 2, 0, 0,
       0, 1, 3, 0, 3, 0, 2, 3, 2, 0, 3, 1, 2, 1, 1, 2, 3, 2, 2, 1, 1, 1,
       2, 3, 2, 0, 1, 1, 2, 1, 2, 2, 0, 3, 0, 0, 1, 1, 1, 1, 3, 0, 2, 3,
       3, 1, 3, 1, 0, 2, 1, 2, 2, 0, 2, 0, 3, 3, 1, 1, 0, 3, 3, 1, 0, 3,
       3, 1, 0, 2, 0, 2, 0, 1, 2, 1, 1, 0, 2, 2, 0, 0, 1, 3, 3, 1, 2, 0,
       3, 1, 0, 0, 1, 0, 3, 0, 3, 2, 1, 1, 1, 3, 0, 1, 1, 0, 1, 0, 0, 1,
       2, 1, 3, 0, 0, 1, 3, 1, 1, 3, 2, 2, 2, 2, 1, 1, 2, 3, 3, 0, 0, 2,
       0, 0, 0, 2, 2, 1, 1, 1, 0, 1, 2, 2, 2, 2, 1, 3, 1, 3, 1, 1, 1, 1,
       0, 0, 1, 1, 1, 1, 0, 0, 1, 2, 0, 2, 1, 1, 2, 1, 2, 2, 3, 3, 0, 1,
       1, 0, 3, 0, 3, 2, 3, 2, 0, 1, 1, 3, 3, 1, 2, 0, 0, 2, 2, 0, 2, 0,
       2, 2, 3, 3, 3, 1, 1, 2, 1, 0, 3, 3, 2, 3, 3, 0, 1, 3, 1, 3, 0, 1,
       0, 3, 2, 3, 1, 0, 3, 1, 1, 3, 3, 2, 1, 2, 1, 3, 1, 2, 2, 2, 0, 3,
       1, 0, 1, 3, 3, 2, 2, 2, 0, 0, 2, 1, 3, 0, 2, 3, 0, 2, 0, 2, 3, 2,
       3, 0, 3, 0, 2, 2, 1, 0, 1, 2, 2, 2, 1, 2, 2, 1, 1, 1, 0, 1, 2, 1,
       1, 0, 1, 3, 0, 1, 0, 2, 2, 2, 3, 2, 1, 3, 3, 1, 3, 1, 0, 1, 2, 3,
       0, 1, 3, 1, 3, 0, 3, 3, 2, 2, 2, 0, 1, 1, 0, 1, 2, 0, 2, 2, 1, 0,
       3, 2, 1, 3, 2, 0, 2, 0, 0, 2, 1, 3, 2, 3, 2, 1, 0, 3, 3, 0, 2, 2,
       0, 3, 0, 2, 3, 0, 3, 3, 1, 1, 2, 2, 2, 2, 0, 3, 2, 0, 2, 1, 3, 2,
       3, 0, 3, 3, 2, 0, 2, 0, 0, 1, 1, 2, 2, 0, 3, 3, 0, 2, 1, 0, 2, 3,
       0, 1, 3, 2, 0, 1, 3, 0, 3, 1, 1, 2, 0, 3, 0, 1, 2, 2, 3, 0, 0, 3,
       2, 1, 1, 1, 3, 3, 2, 1, 0, 3, 2, 0, 1, 2, 3, 2, 2, 1, 3, 3, 1, 1,
       3, 0, 3, 3, 1, 1, 2, 2, 0, 2, 1, 0, 3, 1, 1, 1, 3, 1, 2, 2, 2, 0,
       2, 0, 0, 0, 0, 3, 1, 1, 3, 1, 2, 0, 2, 2, 2, 2, 3, 0, 1, 2, 1, 0,
       1, 3, 0, 3, 2, 0, 0, 1, 3, 0, 2, 2, 1, 0, 3, 2, 1, 0, 0, 2, 1, 1,
       0, 2, 0, 3, 0, 2, 1, 0, 1, 2, 3, 1, 0, 0, 3, 1, 2, 3, 2, 3, 3, 3,
       0, 1, 1, 3, 1, 3, 3, 3, 3, 3, 2, 1, 1, 2, 1, 3, 1, 1, 3, 0, 1, 3,
       3, 3, 0, 0, 2, 1, 0, 2, 3, 0, 0, 3, 1, 2, 2, 2, 2, 1, 3, 1, 3, 1,
       3, 2, 1, 2, 3, 3, 3, 3, 3, 2, 1, 3, 0, 0, 3, 0, 1, 1, 2, 0, 1, 1,
       1, 1, 3, 3, 1, 3, 2, 0, 0, 2, 1, 2, 3, 2, 3, 2, 0, 0, 1, 2, 1, 3,
       1, 0, 1, 2, 1, 0, 0, 3, 2, 2, 2, 2, 2, 3, 1, 3, 2, 3, 0, 1],
      dtype=object)]
[20, array([0., 0., 0., 0.]), array([0, 1, 2, 2, 2, 2, 1, 1, 0, 2, 2, 1, 3, 1, 3, 3, 1, 0, 1, 2, 2, 0,
       1, 1, 2, 0, 0, 0, 0, 3, 2, 0, 0, 0, 0, 0, 3, 0, 0, 3, 1, 1, 1, 0,
       1, 1, 1, 3, 0, 0, 1, 1, 2, 0, 0, 2, 3, 2, 0, 0, 2, 0, 1, 1, 1, 0,
       0, 3, 3, 0, 3, 0, 0, 2, 0, 3, 0, 1, 0, 0, 3, 1, 0, 2, 3, 2, 3, 1,
       3, 1, 1, 0, 3, 1, 2, 0, 3, 1, 1, 3, 2, 0, 2, 2, 2, 3, 0, 3, 3, 3,
       2, 1, 2, 2, 2, 1, 3, 3, 0, 3, 3, 1, 0, 0, 0, 2, 0, 3, 0, 1, 2, 1,
       2, 0, 1, 0, 3, 1, 0, 2, 1, 1, 3, 3, 0, 3, 0, 0, 0, 1, 1, 0, 2, 0,
       2, 3, 1, 3, 2, 2, 0, 3, 3, 2, 1, 0, 2, 2, 0, 2, 0, 3, 3, 0, 1, 1,
       0, 3, 3, 2, 1, 1, 2, 3, 3, 3, 1, 1, 0, 0, 1, 1, 0, 2, 0, 1, 3, 2,
       0, 2, 2, 0, 1, 1, 2, 2, 0, 3, 3, 1, 1, 0, 3, 2, 0, 0, 0, 3, 2, 1,
       0, 3, 0, 1, 0, 1, 1, 3, 1, 2, 3, 1, 3, 1, 3, 2, 3, 2, 2, 2, 2, 1,
       1, 2, 1, 2, 2, 2, 3, 1, 0, 2, 1, 2, 0, 1, 2, 2, 1, 3, 3, 1, 1, 2,
       3, 0, 2, 1, 3, 0, 3, 3, 0, 0, 1, 2, 2, 2, 1, 1, 3, 0, 0, 0, 1, 2,
       0, 1, 3, 0, 0, 1, 3, 3, 0, 2, 1, 3, 0, 0, 1, 1, 2, 1, 3, 2, 2, 1,
       3, 2, 0, 2, 3, 3, 3, 3, 3, 3, 2, 3, 0, 0, 0, 0, 3, 1, 3, 1, 0, 1,
       2, 2, 2, 3, 3, 2, 3, 3, 2, 3, 2, 0, 3, 1, 0, 3, 0, 0, 2, 1, 2, 3,
       1, 0, 0, 3, 2, 3, 3, 0, 3, 3, 0, 2, 2, 1, 1, 0, 1, 0, 0, 2, 1, 2,
       3, 0, 2, 1, 3, 3, 1, 3, 0, 2, 2, 3, 3, 3, 2, 0, 1, 2, 2, 2, 3, 0,
       0, 0, 3, 2, 3, 0, 2, 0, 2, 2, 2, 0, 1, 2, 0, 3, 0, 3, 2, 0, 2, 0,
       3, 3, 0, 1, 2, 3, 1, 3, 2, 0, 1, 0, 1, 1, 1, 3, 0, 1, 0, 3, 0, 2,
       3, 0, 3, 1, 1, 1, 3, 3, 3, 1, 1, 1, 3, 0, 0, 1, 0, 1, 3, 1, 2, 3,
       2, 1, 3, 2, 3, 0, 3, 0, 3, 2, 2, 2, 3, 3, 1, 3, 0, 2, 1, 1, 0, 2,
       2, 1, 1, 1, 2, 0, 1, 3, 2, 2, 0, 0, 2, 3, 0, 1, 3, 3, 0, 1, 2, 1,
       2, 1, 0, 3, 1, 0, 1, 0, 3, 1, 0, 0, 3, 2, 3, 0, 3, 2, 0, 1, 2, 1,
       2, 0, 2, 2, 0, 3, 3, 0, 2, 3, 1, 3, 1, 3, 0, 1, 3, 1, 0, 3, 3, 1,
       3, 2, 0, 0, 2, 1, 0, 0, 0, 3, 3, 0, 2, 2, 2, 1, 0, 0, 1, 3, 0, 2,
       2, 0, 2, 2, 0, 3, 1, 3, 0, 3, 0, 3, 1, 1, 1, 3, 2, 3, 3, 3, 2, 0,
       0, 3, 0, 0, 3, 2, 3, 3, 1, 1, 1, 0, 1, 3, 1, 1, 1, 2, 0, 0, 0, 2,
       0, 3, 2, 1, 0, 0, 2, 3, 3, 2, 2, 3, 2, 2, 1, 1, 1, 3, 0, 1, 3, 3,
       3, 2, 0, 2, 0, 2, 2, 2, 3, 2, 1, 1, 3, 2, 2, 1, 3, 3, 1, 0, 2, 3,
       3, 0, 0, 0, 0, 3, 3, 0, 0, 0, 0, 3, 2, 1, 1, 3, 1, 3, 2, 0, 3, 0,
       0, 1, 1, 3, 2, 0, 0, 2, 0, 3, 2, 2, 1, 1, 2, 0, 1, 0, 3, 0, 3, 0,
       1, 3, 0, 3, 3, 2, 3, 2, 3, 1, 0, 3, 2, 0, 3, 0, 1, 2, 0, 1, 0, 1,
       0, 1, 1, 3, 3, 2, 0, 2, 0, 1, 2, 3, 0, 0, 2, 0, 1, 3, 2, 3, 0, 2,
       2, 3, 3, 0, 2, 0, 0, 1, 3, 3, 1, 2, 0, 2, 2, 2, 3, 2, 2, 3, 0, 0,
       2, 1, 2, 3, 1, 2, 2, 2, 0, 0, 0, 1, 0, 2, 3, 1, 2, 2, 0, 2, 1, 3,
       3, 3, 3, 3, 3, 2, 0, 0, 3, 3, 0, 1, 2, 1, 1, 1, 0, 2, 1, 1, 1, 2,
       2, 1, 2, 0, 3, 0, 3, 3, 0, 0, 0, 1, 2, 1, 0, 3, 1, 3, 1, 0, 3, 2,
       3, 2, 3, 0, 3, 0, 3, 2, 0, 1, 0, 1, 3, 0, 3, 1, 0, 1, 0, 1, 0, 3,
       1, 0, 3, 3, 1, 0, 3, 0, 3, 1, 1, 0, 0, 3, 1, 0, 2, 2, 1, 3, 1, 0,
       3, 1, 0, 2, 3, 0, 0, 1, 3, 1, 2, 1, 1, 2, 3, 0, 0, 1, 2, 1, 3, 0,
       0, 0, 0, 3, 2, 2, 1, 1, 3, 0, 3, 2, 3, 1, 3, 3, 2, 0, 0, 2, 3, 0,
       0, 0, 2, 1, 2, 0, 2, 2, 2, 2, 2, 2, 2, 2, 2, 2, 1, 2, 0, 0, 3, 1,
       1, 1, 1, 3, 0, 2, 3, 0, 0, 2, 3, 1, 3, 2, 3, 3, 3, 3, 0, 3],
      dtype=object)]
[20, array([0., 0., 0., 0.]), array([0, 1, 2, 2, 2, 2, 1, 1, 0, 2, 2, 1, 3, 1, 3, 3, 1, 0, 1, 2, 2, 0,
       1, 1, 2, 0, 0, 0, 0, 3, 2, 0, 0, 0, 0, 0, 3, 0, 0, 3, 1, 1, 1, 0,
       1, 1, 1, 3, 0, 0, 1, 1, 2, 0, 0, 2, 3, 2, 0, 0, 2, 0, 1, 1, 1, 0,
       0, 3, 3, 0, 3, 0, 0, 2, 0, 3, 0, 1, 0, 0, 3, 1, 0, 2, 3, 2, 3, 1,
       3, 1, 1, 0, 3, 1, 2, 0, 3, 1, 1, 3, 2, 0, 2, 2, 2, 3, 0, 3, 3, 3,
       2, 1, 2, 2, 2, 1, 3, 3, 0, 3, 3, 1, 0, 0, 0, 2, 0, 3, 0, 1, 2, 1,
       2, 0, 1, 0, 3, 1, 0, 2, 1, 1, 3, 3, 0, 3, 0, 0, 0, 1, 1, 0, 2, 0,
       2, 3, 1, 3, 2, 2, 0, 3, 3, 2, 1, 0, 2, 2, 0, 2, 0, 3, 3, 0, 1, 1,
       0, 3, 3, 2, 1, 1, 2, 3, 3, 3, 1, 1, 0, 0, 1, 1, 0, 2, 0, 1, 3, 2,
       0, 2, 2, 0, 1, 1, 2, 2, 0, 3, 3, 1, 1, 0, 3, 2, 0, 0, 0, 3, 2, 1,
       0, 3, 0, 1, 0, 1, 1, 3, 1, 2, 3, 1, 3, 1, 3, 2, 3, 2, 2, 2, 2, 1,
       1, 2, 1, 2, 2, 2, 3, 1, 0, 2, 1, 2, 0, 1, 2, 2, 1, 3, 3, 1, 1, 2,
       3, 0, 2, 1, 3, 0, 3, 3, 0, 0, 1, 2, 2, 2, 1, 1, 3, 0, 0, 0, 1, 2,
       0, 1, 3, 0, 0, 1, 3, 3, 0, 2, 1, 3, 0, 0, 1, 1, 2, 1, 3, 2, 2, 1,
       3, 2, 0, 2, 3, 3, 3, 3, 3, 3, 2, 3, 0, 0, 0, 0, 3, 1, 3, 1, 0, 1,
       2, 2, 2, 3, 3, 2, 3, 3, 2, 3, 2, 0, 3, 1, 0, 3, 0, 0, 2, 1, 2, 3,
       1, 0, 0, 3, 2, 3, 3, 0, 3, 3, 0, 2, 2, 1, 1, 0, 1, 0, 0, 2, 1, 2,
       3, 0, 2, 1, 3, 3, 1, 3, 0, 2, 2, 3, 3, 3, 2, 0, 1, 2, 2, 2, 3, 0,
       0, 0, 3, 2, 3, 0, 2, 0, 2, 2, 2, 0, 1, 2, 0, 3, 0, 3, 2, 0, 2, 0,
       3, 3, 0, 1, 2, 3, 1, 3, 2, 0, 1, 0, 1, 1, 1, 3, 0, 1, 0, 3, 0, 2,
       3, 0, 3, 1, 1, 1, 3, 3, 3, 1, 1, 1, 3, 0, 0, 1, 0, 1, 3, 1, 2, 3,
       2, 1, 3, 2, 3, 0, 3, 0, 3, 2, 2, 2, 3, 3, 1, 3, 0, 2, 1, 1, 0, 2,
       2, 1, 1, 1, 2, 0, 1, 3, 2, 2, 0, 0, 2, 3, 0, 1, 3, 3, 0, 1, 2, 1,
       2, 1, 0, 3, 1, 0, 1, 0, 3, 1, 0, 0, 3, 2, 3, 0, 3, 2, 0, 1, 2, 1,
       2, 0, 2, 2, 0, 3, 3, 0, 2, 3, 1, 3, 1, 3, 0, 1, 3, 1, 0, 3, 3, 1,
       3, 2, 0, 0, 2, 1, 0, 0, 0, 3, 3, 0, 2, 2, 2, 1, 0, 0, 1, 3, 0, 2,
       2, 0, 2, 2, 0, 3, 1, 3, 0, 3, 0, 3, 1, 1, 1, 3, 2, 3, 3, 3, 2, 0,
       0, 3, 0, 0, 3, 2, 3, 3, 1, 1, 1, 0, 1, 3, 1, 1, 1, 2, 0, 0, 0, 2,
       0, 3, 2, 1, 0, 0, 2, 3, 3, 2, 2, 3, 2, 2, 1, 1, 1, 3, 0, 1, 3, 3,
       3, 2, 0, 2, 0, 2, 2, 2, 3, 2, 1, 1, 3, 2, 2, 1, 3, 3, 1, 0, 2, 3,
       3, 0, 0, 0, 0, 3, 3, 0, 0, 0, 0, 3, 2, 1, 1, 3, 1, 3, 2, 0, 3, 0,
       0, 1, 1, 3, 2, 0, 0, 2, 0, 3, 2, 2, 1, 1, 2, 0, 1, 0, 3, 0, 3, 0,
       1, 3, 0, 3, 3, 2, 3, 2, 3, 1, 0, 3, 2, 0, 3, 0, 1, 2, 0, 1, 0, 1,
       0, 1, 1, 3, 3, 2, 0, 2, 0, 1, 2, 3, 0, 0, 2, 0, 1, 3, 2, 3, 0, 2,
       2, 3, 3, 0, 2, 0, 0, 1, 3, 3, 1, 2, 0, 2, 2, 2, 3, 2, 2, 3, 0, 0,
       2, 1, 2, 3, 1, 2, 2, 2, 0, 0, 0, 1, 0, 2, 3, 1, 2, 2, 0, 2, 1, 3,
       3, 3, 3, 3, 3, 2, 0, 0, 3, 3, 0, 1, 2, 1, 1, 1, 0, 2, 1, 1, 1, 2,
       2, 1, 2, 0, 3, 0, 3, 3, 0, 0, 0, 1, 2, 1, 0, 3, 1, 3, 1, 0, 3, 2,
       3, 2, 3, 0, 3, 0, 3, 2, 0, 1, 0, 1, 3, 0, 3, 1, 0, 1, 0, 1, 0, 3,
       1, 0, 3, 3, 1, 0, 3, 0, 3, 1, 1, 0, 0, 3, 1, 0, 2, 2, 1, 3, 1, 0,
       3, 1, 0, 2, 3, 0, 0, 1, 3, 1, 2, 1, 1, 2, 3, 0, 0, 1, 2, 1, 3, 0,
       0, 0, 0, 3, 2, 2, 1, 1, 3, 0, 3, 2, 3, 1, 3, 3, 2, 0, 0, 2, 3, 0,
       0, 0, 2, 1, 2, 0, 2, 2, 2, 2, 2, 2, 2, 2, 2, 2, 1, 2, 0, 0, 3, 1,
       1, 1, 1, 3, 0, 2, 3, 0, 0, 2, 3, 1, 3, 2, 3, 3, 3, 3, 0, 3],
      dtype=object)]
[20, array([0., 0., 0., 0.]), array([0, 1, 2, 2, 2, 2, 1, 1, 0, 2, 2, 1, 3, 1, 3, 3, 1, 0, 1, 2, 2, 0,
       1, 1, 2, 0, 0, 0, 0, 3, 2, 0, 0, 0, 0, 0, 3, 0, 0, 3, 1, 1, 1, 0,
       1, 1, 1, 3, 0, 0, 1, 1, 2, 0, 0, 2, 3, 2, 0, 0, 2, 0, 1, 1, 1, 0,
       0, 3, 3, 0, 3, 0, 0, 2, 0, 3, 0, 1, 0, 0, 3, 1, 0, 2, 3, 2, 3, 1,
       3, 1, 1, 0, 3, 1, 2, 0, 3, 1, 1, 3, 2, 0, 2, 2, 2, 3, 0, 3, 3, 3,
       2, 1, 2, 2, 2, 1, 3, 3, 0, 3, 3, 1, 0, 0, 0, 2, 0, 3, 0, 1, 2, 1,
       2, 0, 1, 0, 3, 1, 0, 2, 1, 1, 3, 3, 0, 3, 0, 0, 0, 1, 1, 0, 2, 0,
       2, 3, 1, 3, 2, 2, 0, 3, 3, 2, 1, 0, 2, 2, 0, 2, 0, 3, 3, 0, 1, 1,
       0, 3, 3, 2, 1, 1, 2, 3, 3, 3, 1, 1, 0, 0, 1, 1, 0, 2, 0, 1, 3, 2,
       0, 2, 2, 0, 1, 1, 2, 2, 0, 3, 3, 1, 1, 0, 3, 2, 0, 0, 0, 3, 2, 1,
       0, 3, 0, 1, 0, 1, 1, 3, 1, 2, 3, 1, 3, 1, 3, 2, 3, 2, 2, 2, 2, 1,
       1, 2, 1, 2, 2, 2, 3, 1, 0, 2, 1, 2, 0, 1, 2, 2, 1, 3, 3, 1, 1, 2,
       3, 0, 2, 1, 3, 0, 3, 3, 0, 0, 1, 2, 2, 2, 1, 1, 3, 0, 0, 0, 1, 2,
       0, 1, 3, 0, 0, 1, 3, 3, 0, 2, 1, 3, 0, 0, 1, 1, 2, 1, 3, 2, 2, 1,
       3, 2, 0, 2, 3, 3, 3, 3, 3, 3, 2, 3, 0, 0, 0, 0, 3, 1, 3, 1, 0, 1,
       2, 2, 2, 3, 3, 2, 3, 3, 2, 3, 2, 0, 3, 1, 0, 3, 0, 0, 2, 1, 2, 3,
       1, 0, 0, 3, 2, 3, 3, 0, 3, 3, 0, 2, 2, 1, 1, 0, 1, 0, 0, 2, 1, 2,
       3, 0, 2, 1, 3, 3, 1, 3, 0, 2, 2, 3, 3, 3, 2, 0, 1, 2, 2, 2, 3, 0,
       0, 0, 3, 2, 3, 0, 2, 0, 2, 2, 2, 0, 1, 2, 0, 3, 0, 3, 2, 0, 2, 0,
       3, 3, 0, 1, 2, 3, 1, 3, 2, 0, 1, 0, 1, 1, 1, 3, 0, 1, 0, 3, 0, 2,
       3, 0, 3, 1, 1, 1, 3, 3, 3, 1, 1, 1, 3, 0, 0, 1, 0, 1, 3, 1, 2, 3,
       2, 1, 3, 2, 3, 0, 3, 0, 3, 2, 2, 2, 3, 3, 1, 3, 0, 2, 1, 1, 0, 2,
       2, 1, 1, 1, 2, 0, 1, 3, 2, 2, 0, 0, 2, 3, 0, 1, 3, 3, 0, 1, 2, 1,
       2, 1, 0, 3, 1, 0, 1, 0, 3, 1, 0, 0, 3, 2, 3, 0, 3, 2, 0, 1, 2, 1,
       2, 0, 2, 2, 0, 3, 3, 0, 2, 3, 1, 3, 1, 3, 0, 1, 3, 1, 0, 3, 3, 1,
       3, 2, 0, 0, 2, 1, 0, 0, 0, 3, 3, 0, 2, 2, 2, 1, 0, 0, 1, 3, 0, 2,
       2, 0, 2, 2, 0, 3, 1, 3, 0, 3, 0, 3, 1, 1, 1, 3, 2, 3, 3, 3, 2, 0,
       0, 3, 0, 0, 3, 2, 3, 3, 1, 1, 1, 0, 1, 3, 1, 1, 1, 2, 0, 0, 0, 2,
       0, 3, 2, 1, 0, 0, 2, 3, 3, 2, 2, 3, 2, 2, 1, 1, 1, 3, 0, 1, 3, 3,
       3, 2, 0, 2, 0, 2, 2, 2, 3, 2, 1, 1, 3, 2, 2, 1, 3, 3, 1, 0, 2, 3,
       3, 0, 0, 0, 0, 3, 3, 0, 0, 0, 0, 3, 2, 1, 1, 3, 1, 3, 2, 0, 3, 0,
       0, 1, 1, 3, 2, 0, 0, 2, 0, 3, 2, 2, 1, 1, 2, 0, 1, 0, 3, 0, 3, 0,
       1, 3, 0, 3, 3, 2, 3, 2, 3, 1, 0, 3, 2, 0, 3, 0, 1, 2, 0, 1, 0, 1,
       0, 1, 1, 3, 3, 2, 0, 2, 0, 1, 2, 3, 0, 0, 2, 0, 1, 3, 2, 3, 0, 2,
       2, 3, 3, 0, 2, 0, 0, 1, 3, 3, 1, 2, 0, 2, 2, 2, 3, 2, 2, 3, 0, 0,
       2, 1, 2, 3, 1, 2, 2, 2, 0, 0, 0, 1, 0, 2, 3, 1, 2, 2, 0, 2, 1, 3,
       3, 3, 3, 3, 3, 2, 0, 0, 3, 3, 0, 1, 2, 1, 1, 1, 0, 2, 1, 1, 1, 2,
       2, 1, 2, 0, 3, 0, 3, 3, 0, 0, 0, 1, 2, 1, 0, 3, 1, 3, 1, 0, 3, 2,
       3, 2, 3, 0, 3, 0, 3, 2, 0, 1, 0, 1, 3, 0, 3, 1, 0, 1, 0, 1, 0, 3,
       1, 0, 3, 3, 1, 0, 3, 0, 3, 1, 1, 0, 0, 3, 1, 0, 2, 2, 1, 3, 1, 0,
       3, 1, 0, 2, 3, 0, 0, 1, 3, 1, 2, 1, 1, 2, 3, 0, 0, 1, 2, 1, 3, 0,
       0, 0, 0, 3, 2, 2, 1, 1, 3, 0, 3, 2, 3, 1, 3, 3, 2, 0, 0, 2, 3, 0,
       0, 0, 2, 1, 2, 0, 2, 2, 2, 2, 2, 2, 2, 2, 2, 2, 1, 2, 0, 0, 3, 1,
       1, 1, 1, 3, 0, 2, 3, 0, 0, 2, 3, 1, 3, 2, 3, 3, 3, 3, 0, 3],
      dtype=object)]
[20, array([0., 0., 0., 0.]), array([0, 1, 2, 2, 2, 2, 1, 1, 0, 2, 2, 1, 3, 1, 3, 3, 1, 0, 1, 2, 2, 0,
       1, 1, 2, 0, 0, 0, 0, 3, 2, 0, 0, 0, 0, 0, 3, 0, 0, 3, 1, 1, 1, 0,
       1, 1, 1, 3, 0, 0, 1, 1, 2, 0, 0, 2, 3, 2, 0, 0, 2, 0, 1, 1, 1, 0,
       0, 3, 3, 0, 3, 0, 0, 2, 0, 3, 0, 1, 0, 0, 3, 1, 0, 2, 3, 2, 3, 1,
       3, 1, 1, 0, 3, 1, 2, 0, 3, 1, 1, 3, 2, 0, 2, 2, 2, 3, 0, 3, 3, 3,
       2, 1, 2, 2, 2, 1, 3, 3, 0, 3, 3, 1, 0, 0, 0, 2, 0, 3, 0, 1, 2, 1,
       2, 0, 1, 0, 3, 1, 0, 2, 1, 1, 3, 3, 0, 3, 0, 0, 0, 1, 1, 0, 2, 0,
       2, 3, 1, 3, 2, 2, 0, 3, 3, 2, 1, 0, 2, 2, 0, 2, 0, 3, 3, 0, 1, 1,
       0, 3, 3, 2, 1, 1, 2, 3, 3, 3, 1, 1, 0, 0, 1, 1, 0, 2, 0, 1, 3, 2,
       0, 2, 2, 0, 1, 1, 2, 2, 0, 3, 3, 1, 1, 0, 3, 2, 0, 0, 0, 3, 2, 1,
       0, 3, 0, 1, 0, 1, 1, 3, 1, 2, 3, 1, 3, 1, 3, 2, 3, 2, 2, 2, 2, 1,
       1, 2, 1, 2, 2, 2, 3, 1, 0, 2, 1, 2, 0, 1, 2, 2, 1, 3, 3, 1, 1, 2,
       3, 0, 2, 1, 3, 0, 3, 3, 0, 0, 1, 2, 2, 2, 1, 1, 3, 0, 0, 0, 1, 2,
       0, 1, 3, 0, 0, 1, 3, 3, 0, 2, 1, 3, 0, 0, 1, 1, 2, 1, 3, 2, 2, 1,
       3, 2, 0, 2, 3, 3, 3, 3, 3, 3, 2, 3, 0, 0, 0, 0, 3, 1, 3, 1, 0, 1,
       2, 2, 2, 3, 3, 2, 3, 3, 2, 3, 2, 0, 3, 1, 0, 3, 0, 0, 2, 1, 2, 3,
       1, 0, 0, 3, 2, 3, 3, 0, 3, 3, 0, 2, 2, 1, 1, 0, 1, 0, 0, 2, 1, 2,
       3, 0, 2, 1, 3, 3, 1, 3, 0, 2, 2, 3, 3, 3, 2, 0, 1, 2, 2, 2, 3, 0,
       0, 0, 3, 2, 3, 0, 2, 0, 2, 2, 2, 0, 1, 2, 0, 3, 0, 3, 2, 0, 2, 0,
       3, 3, 0, 1, 2, 3, 1, 3, 2, 0, 1, 0, 1, 1, 1, 3, 0, 1, 0, 3, 0, 2,
       3, 0, 3, 1, 1, 1, 3, 3, 3, 1, 1, 1, 3, 0, 0, 1, 0, 1, 3, 1, 2, 3,
       2, 1, 3, 2, 3, 0, 3, 0, 3, 2, 2, 2, 3, 3, 1, 3, 0, 2, 1, 1, 0, 2,
       2, 1, 1, 1, 2, 0, 1, 3, 2, 2, 0, 0, 2, 3, 0, 1, 3, 3, 0, 1, 2, 1,
       2, 1, 0, 3, 1, 0, 1, 0, 3, 1, 0, 0, 3, 2, 3, 0, 3, 2, 0, 1, 2, 1,
       2, 0, 2, 2, 0, 3, 3, 0, 2, 3, 1, 3, 1, 3, 0, 1, 3, 1, 0, 3, 3, 1,
       3, 2, 0, 0, 2, 1, 0, 0, 0, 3, 3, 0, 2, 2, 2, 1, 0, 0, 1, 3, 0, 2,
       2, 0, 2, 2, 0, 3, 1, 3, 0, 3, 0, 3, 1, 1, 1, 3, 2, 3, 3, 3, 2, 0,
       0, 3, 0, 0, 3, 2, 3, 3, 1, 1, 1, 0, 1, 3, 1, 1, 1, 2, 0, 0, 0, 2,
       0, 3, 2, 1, 0, 0, 2, 3, 3, 2, 2, 3, 2, 2, 1, 1, 1, 3, 0, 1, 3, 3,
       3, 2, 0, 2, 0, 2, 2, 2, 3, 2, 1, 1, 3, 2, 2, 1, 3, 3, 1, 0, 2, 3,
       3, 0, 0, 0, 0, 3, 3, 0, 0, 0, 0, 3, 2, 1, 1, 3, 1, 3, 2, 0, 3, 0,
       0, 1, 1, 3, 2, 0, 0, 2, 0, 3, 2, 2, 1, 1, 2, 0, 1, 0, 3, 0, 3, 0,
       1, 3, 0, 3, 3, 2, 3, 2, 3, 1, 0, 3, 2, 0, 3, 0, 1, 2, 0, 1, 0, 1,
       0, 1, 1, 3, 3, 2, 0, 2, 0, 1, 2, 3, 0, 0, 2, 0, 1, 3, 2, 3, 0, 2,
       2, 3, 3, 0, 2, 0, 0, 1, 3, 3, 1, 2, 0, 2, 2, 2, 3, 2, 2, 3, 0, 0,
       2, 1, 2, 3, 1, 2, 2, 2, 0, 0, 0, 1, 0, 2, 3, 1, 2, 2, 0, 2, 1, 3,
       3, 3, 3, 3, 3, 2, 0, 0, 3, 3, 0, 1, 2, 1, 1, 1, 0, 2, 1, 1, 1, 2,
       2, 1, 2, 0, 3, 0, 3, 3, 0, 0, 0, 1, 2, 1, 0, 3, 1, 3, 1, 0, 3, 2,
       3, 2, 3, 0, 3, 0, 3, 2, 0, 1, 0, 1, 3, 0, 3, 1, 0, 1, 0, 1, 0, 3,
       1, 0, 3, 3, 1, 0, 3, 0, 3, 1, 1, 0, 0, 3, 1, 0, 2, 2, 1, 3, 1, 0,
       3, 1, 0, 2, 3, 0, 0, 1, 3, 1, 2, 1, 1, 2, 3, 0, 0, 1, 2, 1, 3, 0,
       0, 0, 0, 3, 2, 2, 1, 1, 3, 0, 3, 2, 3, 1, 3, 3, 2, 0, 0, 2, 3, 0,
       0, 0, 2, 1, 2, 0, 2, 2, 2, 2, 2, 2, 2, 2, 2, 2, 1, 2, 0, 0, 3, 1,
       1, 1, 1, 3, 0, 2, 3, 0, 0, 2, 3, 1, 3, 2, 3, 3, 3, 3, 0, 3],
      dtype=object)]
[21, array([-1.17291164, -0.58645582, -0.58645582,  0.        ]), array([0, 3, 2, 2, 0, 3, 0, 1, 2, 2, 2, 2, 1, 1, 1, 1, 2, 0, 1, 2, 3, 2,
       3, 0, 0, 0, 2, 1, 0, 0, 3, 2, 2, 1, 2, 2, 0, 0, 1, 3, 0, 1, 2, 0,
       3, 0, 1, 3, 1, 2, 3, 0, 0, 0, 2, 0, 1, 3, 0, 1, 2, 2, 0, 0, 3, 0,
       2, 1, 0, 0, 1, 3, 3, 2, 0, 0, 1, 2, 1, 3, 2, 1, 2, 2, 3, 0, 2, 1,
       0, 2, 2, 3, 2, 1, 3, 2, 1, 3, 0, 2, 3, 3, 3, 0, 2, 0, 1, 3, 1, 0,
       2, 2, 1, 2, 1, 3, 2, 3, 1, 2, 2, 2, 3, 3, 2, 1, 2, 3, 0, 0, 3, 1,
       0, 1, 3, 1, 1, 0, 0, 1, 3, 1, 2, 1, 3, 2, 1, 3, 0, 0, 1, 3, 2, 0,
       3, 0, 0, 0, 2, 1, 0, 0, 1, 0, 3, 3, 0, 3, 2, 1, 2, 2, 3, 2, 3, 0,
       2, 1, 2, 2, 0, 2, 1, 0, 3, 1, 0, 1, 3, 1, 3, 1, 0, 3, 2, 1, 3, 3,
       0, 1, 2, 2, 2, 1, 1, 1, 2, 2, 0, 3, 2, 1, 0, 0, 0, 0, 0, 3, 2, 1,
       2, 2, 0, 2, 1, 2, 3, 1, 2, 1, 1, 1, 3, 1, 2, 2, 2, 2, 0, 3, 2, 1,
       0, 0, 1, 2, 1, 2, 0, 2, 1, 0, 1, 3, 2, 0, 3, 2, 2, 0, 3, 1, 3, 0,
       2, 3, 3, 0, 1, 3, 3, 2, 3, 0, 3, 2, 3, 3, 1, 1, 0, 3, 1, 3, 3, 0,
       2, 0, 2, 1, 3, 1, 0, 3, 1, 0, 3, 1, 3, 2, 2, 1, 0, 1, 0, 1, 2, 2,
       3, 0, 2, 3, 1, 2, 3, 0, 1, 0, 3, 3, 0, 0, 1, 1, 0, 1, 2, 0, 2, 2,
       2, 2, 2, 2, 3, 0, 0, 3, 1, 0, 2, 3, 0, 0, 0, 2, 3, 3, 0, 0, 0, 3,
       2, 1, 1, 2, 1, 1, 0, 3, 0, 1, 1, 0, 2, 3, 2, 0, 3, 1, 1, 3, 2, 1,
       0, 0, 1, 2, 1, 0, 3, 1, 3, 0, 2, 3, 3, 3, 1, 1, 0, 1, 1, 1, 0, 0,
       2, 1, 3, 2, 1, 1, 0, 3, 2, 0, 0, 0, 2, 3, 0, 1, 3, 1, 1, 2, 1, 2,
       0, 1, 3, 3, 0, 2, 2, 3, 0, 0, 1, 2, 0, 1, 1, 3, 1, 0, 2, 3, 0, 3,
       3, 1, 0, 0, 3, 1, 1, 3, 1, 2, 2, 0, 0, 0, 1, 1, 2, 3, 3, 3, 1, 2,
       0, 3, 1, 1, 2, 3, 1, 1, 3, 3, 2, 0, 0, 3, 0, 2, 2, 2, 0, 3, 1, 2,
       2, 0, 1, 2, 0, 3, 0, 0, 1, 1, 2, 1, 1, 2, 3, 1, 0, 1, 0, 3, 3, 0,
       0, 3, 3, 3, 0, 3, 0, 2, 1, 3, 2, 0, 0, 3, 0, 3, 1, 2, 0, 3, 2, 0,
       2, 3, 3, 3, 3, 0, 0, 0, 1, 3, 1, 0, 3, 0, 3, 2, 0, 3, 3, 0, 3, 0,
       3, 2, 1, 2, 1, 3, 3, 3, 1, 1, 2, 1, 0, 0, 1, 2, 1, 1, 1, 1, 2, 1,
       0, 2, 1, 0, 3, 0, 3, 3, 3, 1, 3, 0, 1, 1, 3, 1, 3, 3, 3, 3, 0, 0,
       2, 3, 2, 0, 0, 1, 3, 1, 0, 1, 2, 1, 0, 0, 1, 2, 2, 2, 1, 0, 0, 2,
       0, 2, 0, 1, 2, 0, 2, 1, 1, 2, 2, 1, 2, 1, 1, 3, 2, 3, 0, 3, 0, 2,
       1, 1, 2, 1, 2, 1, 1, 3, 0, 2, 1, 3, 0, 2, 1, 1, 0, 3, 2, 1, 1, 0,
       2, 3, 2, 3, 1, 3, 3, 2, 1, 3, 0, 0, 1, 0, 1, 3, 1, 2, 3, 1, 3, 0,
       3, 3, 1, 3, 3, 2, 2, 0, 2, 2, 0, 0, 3, 3, 0, 3, 2, 2, 3, 1, 0, 1,
       0, 1, 0, 2, 2, 2, 0, 2, 0, 0, 3, 1, 3, 3, 1, 3, 2, 1, 1, 2, 3, 0,
       2, 1, 3, 1, 3, 2, 0, 0, 3, 1, 3, 1, 3, 3, 2, 0, 1, 1, 3, 3, 3, 1,
       1, 0, 2, 2, 3, 2, 3, 3, 1, 3, 1, 2, 0, 3, 2, 1, 1, 3, 2, 2, 2, 0,
       2, 1, 2, 3, 2, 3, 3, 2, 0, 3, 2, 0, 1, 1, 0, 2, 2, 1, 0, 2, 2, 2,
       3, 3, 3, 1, 1, 3, 0, 1, 3, 1, 3, 0, 0, 3, 0, 0, 3, 2, 3, 3, 1, 3,
       0, 0, 3, 0, 3, 0, 3, 1, 0, 0, 0, 1, 2, 1, 3, 1, 3, 2, 1, 0, 3, 0,
       3, 3, 3, 1, 3, 0, 3, 2, 3, 2, 2, 0, 2, 0, 0, 1, 1, 1, 3, 2, 3, 1,
       3, 2, 2, 2, 2, 2, 1, 1, 0, 1, 2, 1, 0, 2, 3, 2, 1, 0, 3, 3, 3, 2,
       0, 2, 0, 3, 1, 0, 2, 1, 1, 1, 3, 1, 3, 0, 2, 0, 1, 3, 1, 2, 3, 2,
       0, 1, 2, 2, 3, 2, 2, 1, 3, 2, 0, 0, 3, 1, 0, 0, 2, 2, 3, 2, 2, 1,
       0, 1, 2, 3, 0, 0, 1, 3, 0, 0, 0, 1, 0, 2, 1, 2, 1, 3, 2, 3, 0, 0,
       0, 2, 2, 1, 2, 2, 3, 1, 2, 1, 3, 3, 3, 3, 2, 1, 1, 0, 1, 0],
      dtype=object)]
[21, array([-1.17291164, -0.58645582, -0.58645582,  0.        ]), array([0, 3, 2, 2, 0, 3, 0, 1, 2, 2, 2, 2, 1, 1, 1, 1, 2, 0, 1, 2, 3, 2,
       3, 0, 0, 0, 2, 1, 0, 0, 3, 2, 2, 1, 2, 2, 0, 0, 1, 3, 0, 1, 2, 0,
       3, 0, 1, 3, 1, 2, 3, 0, 0, 0, 2, 0, 1, 3, 0, 1, 2, 2, 0, 0, 3, 0,
       2, 1, 0, 0, 1, 3, 3, 2, 0, 0, 1, 2, 1, 3, 2, 1, 2, 2, 3, 0, 2, 1,
       0, 2, 2, 3, 2, 1, 3, 2, 1, 3, 0, 2, 3, 3, 3, 0, 2, 0, 1, 3, 1, 0,
       2, 2, 1, 2, 1, 3, 2, 3, 1, 2, 2, 2, 3, 3, 2, 1, 2, 3, 0, 0, 3, 1,
       0, 1, 3, 1, 1, 0, 0, 1, 3, 1, 2, 1, 3, 2, 1, 3, 0, 0, 1, 3, 2, 0,
       3, 0, 0, 0, 2, 1, 0, 0, 1, 0, 3, 3, 0, 3, 2, 1, 2, 2, 3, 2, 3, 0,
       2, 1, 2, 2, 0, 2, 1, 0, 3, 1, 0, 1, 3, 1, 3, 1, 0, 3, 2, 1, 3, 3,
       0, 1, 2, 2, 2, 1, 1, 1, 2, 2, 0, 3, 2, 1, 0, 0, 0, 0, 0, 3, 2, 1,
       2, 2, 0, 2, 1, 2, 3, 1, 2, 1, 1, 1, 3, 1, 2, 2, 2, 2, 0, 3, 2, 1,
       0, 0, 1, 2, 1, 2, 0, 2, 1, 0, 1, 3, 2, 0, 3, 2, 2, 0, 3, 1, 3, 0,
       2, 3, 3, 0, 1, 3, 3, 2, 3, 0, 3, 2, 3, 3, 1, 1, 0, 3, 1, 3, 3, 0,
       2, 0, 2, 1, 3, 1, 0, 3, 1, 0, 3, 1, 3, 2, 2, 1, 0, 1, 0, 1, 2, 2,
       3, 0, 2, 3, 1, 2, 3, 0, 1, 0, 3, 3, 0, 0, 1, 1, 0, 1, 2, 0, 2, 2,
       2, 2, 2, 2, 3, 0, 0, 3, 1, 0, 2, 3, 0, 0, 0, 2, 3, 3, 0, 0, 0, 3,
       2, 1, 1, 2, 1, 1, 0, 3, 0, 1, 1, 0, 2, 3, 2, 0, 3, 1, 1, 3, 2, 1,
       0, 0, 1, 2, 1, 0, 3, 1, 3, 0, 2, 3, 3, 3, 1, 1, 0, 1, 1, 1, 0, 0,
       2, 1, 3, 2, 1, 1, 0, 3, 2, 0, 0, 0, 2, 3, 0, 1, 3, 1, 1, 2, 1, 2,
       0, 1, 3, 3, 0, 2, 2, 3, 0, 0, 1, 2, 0, 1, 1, 3, 1, 0, 2, 3, 0, 3,
       3, 1, 0, 0, 3, 1, 1, 3, 1, 2, 2, 0, 0, 0, 1, 1, 2, 3, 3, 3, 1, 2,
       0, 3, 1, 1, 2, 3, 1, 1, 3, 3, 2, 0, 0, 3, 0, 2, 2, 2, 0, 3, 1, 2,
       2, 0, 1, 2, 0, 3, 0, 0, 1, 1, 2, 1, 1, 2, 3, 1, 0, 1, 0, 3, 3, 0,
       0, 3, 3, 3, 0, 3, 0, 2, 1, 3, 2, 0, 0, 3, 0, 3, 1, 2, 0, 3, 2, 0,
       2, 3, 3, 3, 3, 0, 0, 0, 1, 3, 1, 0, 3, 0, 3, 2, 0, 3, 3, 0, 3, 0,
       3, 2, 1, 2, 1, 3, 3, 3, 1, 1, 2, 1, 0, 0, 1, 2, 1, 1, 1, 1, 2, 1,
       0, 2, 1, 0, 3, 0, 3, 3, 3, 1, 3, 0, 1, 1, 3, 1, 3, 3, 3, 3, 0, 0,
       2, 3, 2, 0, 0, 1, 3, 1, 0, 1, 2, 1, 0, 0, 1, 2, 2, 2, 1, 0, 0, 2,
       0, 2, 0, 1, 2, 0, 2, 1, 1, 2, 2, 1, 2, 1, 1, 3, 2, 3, 0, 3, 0, 2,
       1, 1, 2, 1, 2, 1, 1, 3, 0, 2, 1, 3, 0, 2, 1, 1, 0, 3, 2, 1, 1, 0,
       2, 3, 2, 3, 1, 3, 3, 2, 1, 3, 0, 0, 1, 0, 1, 3, 1, 2, 3, 1, 3, 0,
       3, 3, 1, 3, 3, 2, 2, 0, 2, 2, 0, 0, 3, 3, 0, 3, 2, 2, 3, 1, 0, 1,
       0, 1, 0, 2, 2, 2, 0, 2, 0, 0, 3, 1, 3, 3, 1, 3, 2, 1, 1, 2, 3, 0,
       2, 1, 3, 1, 3, 2, 0, 0, 3, 1, 3, 1, 3, 3, 2, 0, 1, 1, 3, 3, 3, 1,
       1, 0, 2, 2, 3, 2, 3, 3, 1, 3, 1, 2, 0, 3, 2, 1, 1, 3, 2, 2, 2, 0,
       2, 1, 2, 3, 2, 3, 3, 2, 0, 3, 2, 0, 1, 1, 0, 2, 2, 1, 0, 2, 2, 2,
       3, 3, 3, 1, 1, 3, 0, 1, 3, 1, 3, 0, 0, 3, 0, 0, 3, 2, 3, 3, 1, 3,
       0, 0, 3, 0, 3, 0, 3, 1, 0, 0, 0, 1, 2, 1, 3, 1, 3, 2, 1, 0, 3, 0,
       3, 3, 3, 1, 3, 0, 3, 2, 3, 2, 2, 0, 2, 0, 0, 1, 1, 1, 3, 2, 3, 1,
       3, 2, 2, 2, 2, 2, 1, 1, 0, 1, 2, 1, 0, 2, 3, 2, 1, 0, 3, 3, 3, 2,
       0, 2, 0, 3, 1, 0, 2, 1, 1, 1, 3, 1, 3, 0, 2, 0, 1, 3, 1, 2, 3, 2,
       0, 1, 2, 2, 3, 2, 2, 1, 3, 2, 0, 0, 3, 1, 0, 0, 2, 2, 3, 2, 2, 1,
       0, 1, 2, 3, 0, 0, 1, 3, 0, 0, 0, 1, 0, 2, 1, 2, 1, 3, 2, 3, 0, 0,
       0, 2, 2, 1, 2, 2, 3, 1, 2, 1, 3, 3, 3, 3, 2, 1, 1, 0, 1, 0],
      dtype=object)]
[21, array([-1.17291164, -0.58645582, -0.58645582,  0.        ]), array([0, 3, 2, 2, 0, 3, 0, 1, 2, 2, 2, 2, 1, 1, 1, 1, 2, 0, 1, 2, 3, 2,
       3, 0, 0, 0, 2, 1, 0, 0, 3, 2, 2, 1, 2, 2, 0, 0, 1, 3, 0, 1, 2, 0,
       3, 0, 1, 3, 1, 2, 3, 0, 0, 0, 2, 0, 1, 3, 0, 1, 2, 2, 0, 0, 3, 0,
       2, 1, 0, 0, 1, 3, 3, 2, 0, 0, 1, 2, 1, 3, 2, 1, 2, 2, 3, 0, 2, 1,
       0, 2, 2, 3, 2, 1, 3, 2, 1, 3, 0, 2, 3, 3, 3, 0, 2, 0, 1, 3, 1, 0,
       2, 2, 1, 2, 1, 3, 2, 3, 1, 2, 2, 2, 3, 3, 2, 1, 2, 3, 0, 0, 3, 1,
       0, 1, 3, 1, 1, 0, 0, 1, 3, 1, 2, 1, 3, 2, 1, 3, 0, 0, 1, 3, 2, 0,
       3, 0, 0, 0, 2, 1, 0, 0, 1, 0, 3, 3, 0, 3, 2, 1, 2, 2, 3, 2, 3, 0,
       2, 1, 2, 2, 0, 2, 1, 0, 3, 1, 0, 1, 3, 1, 3, 1, 0, 3, 2, 1, 3, 3,
       0, 1, 2, 2, 2, 1, 1, 1, 2, 2, 0, 3, 2, 1, 0, 0, 0, 0, 0, 3, 2, 1,
       2, 2, 0, 2, 1, 2, 3, 1, 2, 1, 1, 1, 3, 1, 2, 2, 2, 2, 0, 3, 2, 1,
       0, 0, 1, 2, 1, 2, 0, 2, 1, 0, 1, 3, 2, 0, 3, 2, 2, 0, 3, 1, 3, 0,
       2, 3, 3, 0, 1, 3, 3, 2, 3, 0, 3, 2, 3, 3, 1, 1, 0, 3, 1, 3, 3, 0,
       2, 0, 2, 1, 3, 1, 0, 3, 1, 0, 3, 1, 3, 2, 2, 1, 0, 1, 0, 1, 2, 2,
       3, 0, 2, 3, 1, 2, 3, 0, 1, 0, 3, 3, 0, 0, 1, 1, 0, 1, 2, 0, 2, 2,
       2, 2, 2, 2, 3, 0, 0, 3, 1, 0, 2, 3, 0, 0, 0, 2, 3, 3, 0, 0, 0, 3,
       2, 1, 1, 2, 1, 1, 0, 3, 0, 1, 1, 0, 2, 3, 2, 0, 3, 1, 1, 3, 2, 1,
       0, 0, 1, 2, 1, 0, 3, 1, 3, 0, 2, 3, 3, 3, 1, 1, 0, 1, 1, 1, 0, 0,
       2, 1, 3, 2, 1, 1, 0, 3, 2, 0, 0, 0, 2, 3, 0, 1, 3, 1, 1, 2, 1, 2,
       0, 1, 3, 3, 0, 2, 2, 3, 0, 0, 1, 2, 0, 1, 1, 3, 1, 0, 2, 3, 0, 3,
       3, 1, 0, 0, 3, 1, 1, 3, 1, 2, 2, 0, 0, 0, 1, 1, 2, 3, 3, 3, 1, 2,
       0, 3, 1, 1, 2, 3, 1, 1, 3, 3, 2, 0, 0, 3, 0, 2, 2, 2, 0, 3, 1, 2,
       2, 0, 1, 2, 0, 3, 0, 0, 1, 1, 2, 1, 1, 2, 3, 1, 0, 1, 0, 3, 3, 0,
       0, 3, 3, 3, 0, 3, 0, 2, 1, 3, 2, 0, 0, 3, 0, 3, 1, 2, 0, 3, 2, 0,
       2, 3, 3, 3, 3, 0, 0, 0, 1, 3, 1, 0, 3, 0, 3, 2, 0, 3, 3, 0, 3, 0,
       3, 2, 1, 2, 1, 3, 3, 3, 1, 1, 2, 1, 0, 0, 1, 2, 1, 1, 1, 1, 2, 1,
       0, 2, 1, 0, 3, 0, 3, 3, 3, 1, 3, 0, 1, 1, 3, 1, 3, 3, 3, 3, 0, 0,
       2, 3, 2, 0, 0, 1, 3, 1, 0, 1, 2, 1, 0, 0, 1, 2, 2, 2, 1, 0, 0, 2,
       0, 2, 0, 1, 2, 0, 2, 1, 1, 2, 2, 1, 2, 1, 1, 3, 2, 3, 0, 3, 0, 2,
       1, 1, 2, 1, 2, 1, 1, 3, 0, 2, 1, 3, 0, 2, 1, 1, 0, 3, 2, 1, 1, 0,
       2, 3, 2, 3, 1, 3, 3, 2, 1, 3, 0, 0, 1, 0, 1, 3, 1, 2, 3, 1, 3, 0,
       3, 3, 1, 3, 3, 2, 2, 0, 2, 2, 0, 0, 3, 3, 0, 3, 2, 2, 3, 1, 0, 1,
       0, 1, 0, 2, 2, 2, 0, 2, 0, 0, 3, 1, 3, 3, 1, 3, 2, 1, 1, 2, 3, 0,
       2, 1, 3, 1, 3, 2, 0, 0, 3, 1, 3, 1, 3, 3, 2, 0, 1, 1, 3, 3, 3, 1,
       1, 0, 2, 2, 3, 2, 3, 3, 1, 3, 1, 2, 0, 3, 2, 1, 1, 3, 2, 2, 2, 0,
       2, 1, 2, 3, 2, 3, 3, 2, 0, 3, 2, 0, 1, 1, 0, 2, 2, 1, 0, 2, 2, 2,
       3, 3, 3, 1, 1, 3, 0, 1, 3, 1, 3, 0, 0, 3, 0, 0, 3, 2, 3, 3, 1, 3,
       0, 0, 3, 0, 3, 0, 3, 1, 0, 0, 0, 1, 2, 1, 3, 1, 3, 2, 1, 0, 3, 0,
       3, 3, 3, 1, 3, 0, 3, 2, 3, 2, 2, 0, 2, 0, 0, 1, 1, 1, 3, 2, 3, 1,
       3, 2, 2, 2, 2, 2, 1, 1, 0, 1, 2, 1, 0, 2, 3, 2, 1, 0, 3, 3, 3, 2,
       0, 2, 0, 3, 1, 0, 2, 1, 1, 1, 3, 1, 3, 0, 2, 0, 1, 3, 1, 2, 3, 2,
       0, 1, 2, 2, 3, 2, 2, 1, 3, 2, 0, 0, 3, 1, 0, 0, 2, 2, 3, 2, 2, 1,
       0, 1, 2, 3, 0, 0, 1, 3, 0, 0, 0, 1, 0, 2, 1, 2, 1, 3, 2, 3, 0, 0,
       0, 2, 2, 1, 2, 2, 3, 1, 2, 1, 3, 3, 3, 3, 2, 1, 1, 0, 1, 0],
      dtype=object)]
[21, array([-1.17291164, -0.58645582, -0.58645582,  0.        ]), array([0, 3, 2, 2, 0, 3, 0, 1, 2, 2, 2, 2, 1, 1, 1, 1, 2, 0, 1, 2, 3, 2,
       3, 0, 0, 0, 2, 1, 0, 0, 3, 2, 2, 1, 2, 2, 0, 0, 1, 3, 0, 1, 2, 0,
       3, 0, 1, 3, 1, 2, 3, 0, 0, 0, 2, 0, 1, 3, 0, 1, 2, 2, 0, 0, 3, 0,
       2, 1, 0, 0, 1, 3, 3, 2, 0, 0, 1, 2, 1, 3, 2, 1, 2, 2, 3, 0, 2, 1,
       0, 2, 2, 3, 2, 1, 3, 2, 1, 3, 0, 2, 3, 3, 3, 0, 2, 0, 1, 3, 1, 0,
       2, 2, 1, 2, 1, 3, 2, 3, 1, 2, 2, 2, 3, 3, 2, 1, 2, 3, 0, 0, 3, 1,
       0, 1, 3, 1, 1, 0, 0, 1, 3, 1, 2, 1, 3, 2, 1, 3, 0, 0, 1, 3, 2, 0,
       3, 0, 0, 0, 2, 1, 0, 0, 1, 0, 3, 3, 0, 3, 2, 1, 2, 2, 3, 2, 3, 0,
       2, 1, 2, 2, 0, 2, 1, 0, 3, 1, 0, 1, 3, 1, 3, 1, 0, 3, 2, 1, 3, 3,
       0, 1, 2, 2, 2, 1, 1, 1, 2, 2, 0, 3, 2, 1, 0, 0, 0, 0, 0, 3, 2, 1,
       2, 2, 0, 2, 1, 2, 3, 1, 2, 1, 1, 1, 3, 1, 2, 2, 2, 2, 0, 3, 2, 1,
       0, 0, 1, 2, 1, 2, 0, 2, 1, 0, 1, 3, 2, 0, 3, 2, 2, 0, 3, 1, 3, 0,
       2, 3, 3, 0, 1, 3, 3, 2, 3, 0, 3, 2, 3, 3, 1, 1, 0, 3, 1, 3, 3, 0,
       2, 0, 2, 1, 3, 1, 0, 3, 1, 0, 3, 1, 3, 2, 2, 1, 0, 1, 0, 1, 2, 2,
       3, 0, 2, 3, 1, 2, 3, 0, 1, 0, 3, 3, 0, 0, 1, 1, 0, 1, 2, 0, 2, 2,
       2, 2, 2, 2, 3, 0, 0, 3, 1, 0, 2, 3, 0, 0, 0, 2, 3, 3, 0, 0, 0, 3,
       2, 1, 1, 2, 1, 1, 0, 3, 0, 1, 1, 0, 2, 3, 2, 0, 3, 1, 1, 3, 2, 1,
       0, 0, 1, 2, 1, 0, 3, 1, 3, 0, 2, 3, 3, 3, 1, 1, 0, 1, 1, 1, 0, 0,
       2, 1, 3, 2, 1, 1, 0, 3, 2, 0, 0, 0, 2, 3, 0, 1, 3, 1, 1, 2, 1, 2,
       0, 1, 3, 3, 0, 2, 2, 3, 0, 0, 1, 2, 0, 1, 1, 3, 1, 0, 2, 3, 0, 3,
       3, 1, 0, 0, 3, 1, 1, 3, 1, 2, 2, 0, 0, 0, 1, 1, 2, 3, 3, 3, 1, 2,
       0, 3, 1, 1, 2, 3, 1, 1, 3, 3, 2, 0, 0, 3, 0, 2, 2, 2, 0, 3, 1, 2,
       2, 0, 1, 2, 0, 3, 0, 0, 1, 1, 2, 1, 1, 2, 3, 1, 0, 1, 0, 3, 3, 0,
       0, 3, 3, 3, 0, 3, 0, 2, 1, 3, 2, 0, 0, 3, 0, 3, 1, 2, 0, 3, 2, 0,
       2, 3, 3, 3, 3, 0, 0, 0, 1, 3, 1, 0, 3, 0, 3, 2, 0, 3, 3, 0, 3, 0,
       3, 2, 1, 2, 1, 3, 3, 3, 1, 1, 2, 1, 0, 0, 1, 2, 1, 1, 1, 1, 2, 1,
       0, 2, 1, 0, 3, 0, 3, 3, 3, 1, 3, 0, 1, 1, 3, 1, 3, 3, 3, 3, 0, 0,
       2, 3, 2, 0, 0, 1, 3, 1, 0, 1, 2, 1, 0, 0, 1, 2, 2, 2, 1, 0, 0, 2,
       0, 2, 0, 1, 2, 0, 2, 1, 1, 2, 2, 1, 2, 1, 1, 3, 2, 3, 0, 3, 0, 2,
       1, 1, 2, 1, 2, 1, 1, 3, 0, 2, 1, 3, 0, 2, 1, 1, 0, 3, 2, 1, 1, 0,
       2, 3, 2, 3, 1, 3, 3, 2, 1, 3, 0, 0, 1, 0, 1, 3, 1, 2, 3, 1, 3, 0,
       3, 3, 1, 3, 3, 2, 2, 0, 2, 2, 0, 0, 3, 3, 0, 3, 2, 2, 3, 1, 0, 1,
       0, 1, 0, 2, 2, 2, 0, 2, 0, 0, 3, 1, 3, 3, 1, 3, 2, 1, 1, 2, 3, 0,
       2, 1, 3, 1, 3, 2, 0, 0, 3, 1, 3, 1, 3, 3, 2, 0, 1, 1, 3, 3, 3, 1,
       1, 0, 2, 2, 3, 2, 3, 3, 1, 3, 1, 2, 0, 3, 2, 1, 1, 3, 2, 2, 2, 0,
       2, 1, 2, 3, 2, 3, 3, 2, 0, 3, 2, 0, 1, 1, 0, 2, 2, 1, 0, 2, 2, 2,
       3, 3, 3, 1, 1, 3, 0, 1, 3, 1, 3, 0, 0, 3, 0, 0, 3, 2, 3, 3, 1, 3,
       0, 0, 3, 0, 3, 0, 3, 1, 0, 0, 0, 1, 2, 1, 3, 1, 3, 2, 1, 0, 3, 0,
       3, 3, 3, 1, 3, 0, 3, 2, 3, 2, 2, 0, 2, 0, 0, 1, 1, 1, 3, 2, 3, 1,
       3, 2, 2, 2, 2, 2, 1, 1, 0, 1, 2, 1, 0, 2, 3, 2, 1, 0, 3, 3, 3, 2,
       0, 2, 0, 3, 1, 0, 2, 1, 1, 1, 3, 1, 3, 0, 2, 0, 1, 3, 1, 2, 3, 2,
       0, 1, 2, 2, 3, 2, 2, 1, 3, 2, 0, 0, 3, 1, 0, 0, 2, 2, 3, 2, 2, 1,
       0, 1, 2, 3, 0, 0, 1, 3, 0, 0, 0, 1, 0, 2, 1, 2, 1, 3, 2, 3, 0, 0,
       0, 2, 2, 1, 2, 2, 3, 1, 2, 1, 3, 3, 3, 3, 2, 1, 1, 0, 1, 0],
      dtype=object)]
