
Lmod is automatically replacing "cudatoolkit/12.4" with "cuda/11.7".

STARTING ROUND 0


started GA at id 1 with 16 procs

GA parameters used for this experiment:
  num_generations=50
  num_parents_mating=20
  population_size=100
  num_genes=156
  parent_selection_type=tournament
  keep_parents=-1
  crossover_type=single_point
  mutation_type=adaptive
  crossover_probability=0.9
  mutation_probability=(0.25, 0.01)
  keep_elitism=5
started GA at id 2 with 16 procs

GA parameters used for this experiment:
  num_generations=50
  num_parents_mating=20
  population_size=100
  num_genes=156
  parent_selection_type=tournament
  keep_parents=-1
  crossover_type=single_point
  mutation_type=adaptive
  crossover_probability=0.9
  mutation_probability=(0.25, 0.01)
  keep_elitism=5
started GA at id None with 16 procs

GA parameters used for this experiment:
  num_generations=50
  num_parents_mating=20
  population_size=100
  num_genes=156
  parent_selection_type=tournament
  keep_parents=-1
  crossover_type=single_point
  mutation_type=adaptive
  crossover_probability=0.9
  mutation_probability=(0.25, 0.01)
  keep_elitism=5
started GA at id 3 with 16 procs

GA parameters used for this experiment:
  num_generations=50
  num_parents_mating=20
  population_size=100
  num_genes=156
  parent_selection_type=tournament
  keep_parents=-1
  crossover_type=single_point
  mutation_type=adaptive
  crossover_probability=0.9
  mutation_probability=(0.25, 0.01)
  keep_elitism=5
[0, array([-2.14, -1.14, -1.  ,  0.  ]), array([2, 0, 2, 1, 3, 3, 3, 3, 2, 1, 1, 2, 2, 1, 3, 3, 2, 2, 3, 1, 3, 0,
       2, 3, 1, 0, 3, 1, 2, 0, 0, 2, 0, 0, 1, 2, 2, 2, 0, 2, 0, 1, 0, 0,
       2, 0, 2, 1, 2, 1, 0, 3, 2, 3, 3, 3, 3, 0, 0, 3, 2, 0, 2, 0, 3, 2,
       3, 3, 0, 0, 1, 3, 3, 2, 0, 0, 1, 2, 1, 3, 2, 3, 2, 2, 0, 2, 1, 3,
       0, 3, 3, 2, 2, 1, 0, 2, 1, 0, 1, 3, 2, 1, 0, 3, 2, 3, 1, 3, 2, 1,
       2, 2, 2, 3, 3, 0, 3, 1, 0, 1, 3, 2, 1, 1, 3, 3, 1, 0, 1, 1, 2, 2,
       1, 0, 3, 1, 3, 3, 0, 2, 3, 2, 2, 3, 3, 0, 3, 3, 2, 1, 0, 3, 2, 3,
       3, 3], dtype=object)]
[0, array([-1.546, -0.546, -1.   ,  0.   ]), array([2, 0, 2, 1, 3, 3, 3, 3, 2, 1, 1, 2, 2, 1, 3, 3, 2, 2, 3, 1, 3, 0,
       2, 3, 1, 0, 3, 1, 2, 0, 0, 2, 0, 0, 1, 2, 2, 2, 0, 2, 0, 1, 0, 0,
       2, 0, 2, 1, 2, 1, 0, 3, 2, 3, 3, 3, 3, 0, 0, 3, 2, 0, 2, 0, 3, 2,
       3, 3, 0, 0, 1, 3, 3, 2, 0, 0, 1, 2, 1, 3, 2, 3, 2, 2, 0, 2, 1, 3,
       0, 3, 3, 2, 2, 1, 0, 2, 1, 0, 1, 3, 2, 1, 0, 3, 2, 3, 1, 3, 2, 1,
       2, 2, 2, 3, 3, 0, 3, 1, 0, 1, 3, 2, 1, 1, 3, 3, 1, 0, 1, 1, 2, 2,
       1, 0, 3, 1, 3, 3, 0, 2, 3, 2, 2, 3, 3, 0, 3, 3, 2, 1, 0, 3, 2, 3,
       3, 3], dtype=object)]
[0, array([-2.761, -1.761, -1.   ,  0.   ]), array([2, 0, 2, 1, 3, 3, 3, 3, 2, 1, 1, 2, 2, 1, 3, 3, 2, 2, 3, 1, 3, 0,
       2, 3, 1, 0, 3, 1, 2, 0, 0, 2, 0, 0, 1, 2, 2, 2, 0, 2, 0, 1, 0, 0,
       2, 0, 2, 1, 2, 1, 0, 3, 2, 3, 3, 3, 3, 0, 0, 3, 2, 0, 2, 0, 3, 2,
       3, 3, 0, 0, 1, 3, 3, 2, 0, 0, 1, 2, 1, 3, 2, 3, 2, 2, 0, 2, 1, 3,
       0, 3, 3, 2, 2, 1, 0, 2, 1, 0, 1, 3, 2, 1, 0, 3, 2, 3, 1, 3, 2, 1,
       2, 2, 2, 3, 3, 0, 3, 1, 0, 1, 3, 2, 1, 1, 3, 3, 1, 0, 1, 1, 2, 2,
       1, 0, 3, 1, 3, 3, 0, 2, 3, 2, 2, 3, 3, 0, 3, 3, 2, 1, 0, 3, 2, 3,
       3, 3], dtype=object)]
[0, array([-2.4526, -1.4526, -1.    ,  0.    ]), array([2, 0, 2, 1, 3, 3, 3, 3, 2, 1, 1, 2, 2, 1, 3, 3, 2, 2, 3, 1, 3, 0,
       2, 3, 1, 0, 3, 1, 2, 0, 0, 2, 0, 0, 1, 2, 2, 2, 0, 2, 0, 1, 0, 0,
       2, 0, 2, 1, 2, 1, 0, 3, 2, 3, 3, 3, 3, 0, 0, 3, 2, 0, 2, 0, 3, 2,
       3, 3, 0, 0, 1, 3, 3, 2, 0, 0, 1, 2, 1, 3, 2, 3, 2, 2, 0, 2, 1, 3,
       0, 3, 3, 2, 2, 1, 0, 2, 1, 0, 1, 3, 2, 1, 0, 3, 2, 3, 1, 3, 2, 1,
       2, 2, 2, 3, 3, 0, 3, 1, 0, 1, 3, 2, 1, 1, 3, 3, 1, 0, 1, 1, 2, 2,
       1, 0, 3, 1, 3, 3, 0, 2, 3, 2, 2, 3, 3, 0, 3, 3, 2, 1, 0, 3, 2, 3,
       3, 3], dtype=object)]
[1, array([-1.4186, -1.4186,  0.    ,  0.    ]), array([1, 0, 1, 2, 0, 2, 1, 2, 1, 0, 2, 1, 1, 3, 1, 2, 3, 2, 3, 3, 1, 3,
       3, 1, 0, 0, 1, 0, 3, 2, 1, 2, 3, 1, 0, 2, 2, 1, 0, 3, 0, 0, 1, 1,
       0, 3, 3, 2, 0, 0, 3, 0, 1, 0, 3, 2, 0, 3, 2, 2, 3, 2, 3, 3, 1, 3,
       1, 2, 3, 3, 1, 0, 0, 0, 0, 1, 2, 0, 1, 1, 3, 0, 2, 1, 0, 0, 3, 0,
       1, 3, 2, 2, 2, 3, 2, 1, 2, 1, 0, 2, 3, 2, 0, 1, 3, 1, 2, 1, 0, 1,
       2, 0, 2, 3, 3, 2, 3, 1, 3, 2, 3, 1, 1, 1, 0, 0, 2, 1, 2, 1, 2, 0,
       3, 1, 1, 3, 2, 3, 0, 3, 1, 1, 2, 3, 3, 3, 1, 2, 3, 3, 2, 0, 3, 2,
       2, 2], dtype=object)]
[1, array([-7.985, -3.985, -4.   ,  0.   ]), array([2, 1, 1, 1, 2, 1, 3, 2, 3, 2, 2, 2, 0, 0, 0, 3, 3, 1, 1, 1, 2, 1,
       0, 0, 3, 3, 2, 3, 2, 3, 3, 3, 2, 0, 0, 2, 2, 0, 3, 3, 2, 2, 3, 1,
       0, 3, 0, 2, 3, 1, 1, 2, 2, 1, 0, 0, 1, 3, 2, 0, 2, 1, 3, 3, 1, 2,
       2, 2, 2, 1, 2, 1, 0, 2, 3, 3, 2, 3, 0, 0, 1, 1, 3, 1, 2, 2, 0, 1,
       0, 2, 3, 2, 2, 2, 1, 0, 2, 1, 0, 3, 3, 0, 3, 3, 0, 0, 3, 3, 1, 2,
       1, 3, 3, 0, 2, 3, 2, 3, 3, 3, 2, 2, 0, 0, 0, 0, 1, 3, 3, 0, 3, 0,
       1, 1, 3, 2, 1, 2, 1, 1, 3, 3, 1, 0, 2, 1, 3, 0, 1, 2, 0, 0, 2, 2,
       2, 1], dtype=object)]
[1, array([-1.3798, -1.3798,  0.    ,  0.    ]), array([2, 1, 2, 1, 1, 3, 0, 3, 1, 2, 3, 0, 3, 0, 1, 3, 0, 0, 1, 3, 2, 1,
       2, 3, 1, 3, 1, 2, 3, 1, 0, 0, 3, 2, 1, 3, 3, 0, 0, 2, 1, 1, 2, 3,
       1, 3, 0, 1, 2, 2, 3, 3, 1, 1, 0, 3, 3, 2, 2, 3, 1, 2, 2, 2, 1, 0,
       2, 1, 0, 2, 1, 0, 0, 3, 2, 3, 1, 1, 2, 0, 1, 3, 0, 3, 0, 1, 1, 3,
       3, 1, 2, 2, 2, 3, 3, 1, 2, 1, 1, 2, 0, 1, 2, 3, 2, 0, 2, 1, 3, 0,
       3, 0, 2, 1, 1, 0, 2, 0, 2, 0, 0, 0, 1, 1, 0, 1, 0, 0, 3, 0, 0, 3,
       3, 3, 0, 3, 1, 3, 0, 3, 2, 2, 3, 0, 2, 3, 3, 1, 1, 0, 2, 2, 0, 2,
       0, 2], dtype=object)]
[1, array([-1.239, -1.239,  0.   ,  0.   ]), array([2, 1, 2, 1, 1, 3, 0, 3, 1, 2, 3, 0, 3, 0, 1, 3, 0, 0, 1, 3, 2, 1,
       2, 3, 1, 3, 1, 2, 3, 1, 0, 0, 3, 2, 1, 3, 3, 0, 0, 2, 1, 1, 2, 3,
       1, 3, 0, 1, 2, 2, 3, 3, 1, 1, 0, 3, 3, 2, 2, 3, 1, 2, 2, 2, 1, 0,
       2, 1, 0, 2, 1, 0, 0, 3, 2, 3, 1, 1, 2, 0, 1, 3, 0, 3, 0, 1, 1, 3,
       3, 1, 0, 1, 2, 1, 2, 1, 2, 2, 3, 0, 0, 2, 3, 0, 1, 2, 1, 2, 2, 0,
       0, 1, 2, 1, 2, 1, 0, 2, 2, 2, 1, 0, 2, 0, 2, 0, 0, 3, 0, 2, 0, 2,
       3, 2, 1, 0, 1, 2, 2, 0, 2, 2, 3, 2, 1, 1, 3, 1, 2, 0, 0, 0, 0, 3,
       1, 3], dtype=object)]
[2, array([-1.1834, -1.1834,  0.    ,  0.    ]), array([1, 0, 1, 2, 0, 2, 1, 2, 1, 0, 2, 1, 1, 3, 1, 2, 3, 2, 3, 3, 1, 3,
       3, 1, 0, 0, 1, 0, 3, 2, 1, 2, 3, 1, 0, 2, 2, 1, 0, 3, 0, 0, 1, 1,
       0, 3, 3, 2, 0, 0, 3, 0, 1, 0, 3, 2, 0, 3, 2, 2, 3, 2, 3, 3, 1, 3,
       1, 2, 3, 3, 1, 0, 0, 0, 0, 1, 2, 0, 1, 1, 3, 0, 2, 1, 2, 2, 0, 0,
       2, 1, 0, 1, 2, 0, 2, 1, 1, 2, 0, 0, 0, 0, 2, 3, 3, 3, 3, 2, 2, 0,
       1, 3, 0, 1, 1, 3, 2, 0, 3, 3, 1, 2, 3, 3, 1, 2, 0, 1, 0, 1, 0, 1,
       3, 3, 1, 2, 0, 0, 3, 0, 0, 1, 0, 3, 1, 1, 3, 1, 0, 1, 1, 0, 1, 0,
       1, 0], dtype=object)]
[2, array([-1.0874, -1.0874,  0.    ,  0.    ]), array([1, 1, 3, 0, 2, 2, 0, 2, 3, 0, 1, 2, 0, 3, 3, 1, 3, 0, 0, 3, 0, 3,
       3, 0, 0, 1, 3, 1, 3, 0, 3, 0, 3, 2, 1, 3, 0, 3, 1, 2, 0, 1, 1, 2,
       0, 1, 2, 3, 2, 1, 0, 0, 2, 0, 0, 3, 0, 1, 0, 1, 1, 2, 0, 2, 0, 1,
       0, 1, 0, 0, 0, 3, 3, 1, 3, 2, 2, 0, 0, 3, 1, 3, 2, 2, 1, 1, 3, 2,
       2, 0, 0, 2, 3, 0, 0, 3, 1, 1, 2, 1, 3, 3, 2, 3, 1, 0, 3, 1, 2, 1,
       3, 3, 3, 1, 2, 3, 2, 1, 0, 2, 0, 3, 1, 1, 1, 1, 2, 3, 3, 0, 3, 3,
       3, 3, 1, 3, 2, 3, 1, 2, 0, 0, 0, 2, 1, 1, 3, 3, 2, 2, 3, 2, 2, 2,
       1, 1], dtype=object)]
[2, array([-1.0422, -1.0422,  0.    ,  0.    ]), array([3, 3, 1, 2, 1, 2, 2, 2, 3, 2, 1, 0, 3, 0, 3, 2, 0, 0, 1, 1, 2, 2,
       0, 3, 3, 0, 1, 3, 0, 1, 1, 1, 3, 2, 0, 2, 1, 3, 0, 0, 3, 1, 2, 2,
       3, 0, 1, 2, 3, 1, 3, 3, 0, 0, 1, 3, 1, 3, 1, 3, 0, 2, 1, 1, 1, 3,
       1, 3, 1, 0, 1, 0, 2, 0, 0, 2, 1, 1, 0, 3, 3, 3, 2, 3, 0, 1, 0, 2,
       0, 0, 2, 2, 2, 1, 0, 2, 0, 3, 1, 3, 1, 2, 2, 1, 1, 1, 0, 1, 1, 1,
       3, 1, 2, 3, 3, 0, 0, 0, 2, 2, 0, 1, 3, 2, 3, 0, 0, 1, 0, 1, 0, 0,
       0, 0, 0, 1, 0, 3, 0, 3, 2, 0, 2, 1, 1, 2, 3, 0, 0, 2, 1, 3, 3, 2,
       1, 0], dtype=object)]
[2, array([-1.548, -1.548,  0.   ,  0.   ]), array([0, 0, 3, 0, 3, 2, 1, 2, 2, 2, 2, 1, 2, 2, 0, 2, 2, 2, 2, 1, 3, 3,
       1, 0, 1, 2, 1, 2, 1, 2, 1, 0, 2, 3, 0, 0, 0, 2, 0, 2, 3, 3, 3, 2,
       2, 3, 1, 0, 3, 1, 3, 2, 2, 2, 1, 3, 0, 0, 2, 3, 2, 1, 0, 3, 1, 1,
       1, 2, 2, 0, 2, 3, 1, 0, 1, 1, 3, 1, 3, 0, 3, 1, 1, 0, 3, 0, 0, 1,
       3, 2, 2, 3, 0, 0, 0, 1, 2, 0, 1, 3, 0, 2, 2, 2, 2, 2, 2, 3, 1, 3,
       0, 2, 2, 3, 0, 1, 1, 3, 3, 2, 2, 1, 0, 1, 2, 2, 0, 3, 1, 3, 0, 1,
       0, 1, 0, 2, 3, 1, 0, 2, 0, 0, 1, 1, 0, 1, 1, 1, 2, 1, 1, 0, 1, 2,
       2, 3], dtype=object)]
[3, array([-1.6994, -1.6994,  0.    ,  0.    ]), array([1, 0, 3, 2, 3, 1, 3, 0, 2, 3, 2, 0, 1, 3, 1, 2, 2, 2, 2, 2, 1, 2,
       1, 2, 2, 3, 2, 0, 1, 1, 3, 2, 2, 0, 3, 1, 2, 0, 2, 0, 0, 1, 2, 1,
       2, 3, 3, 3, 1, 3, 0, 2, 2, 0, 0, 3, 2, 2, 3, 1, 1, 3, 2, 0, 2, 2,
       0, 3, 3, 2, 0, 0, 0, 3, 1, 3, 3, 3, 2, 3, 0, 1, 3, 3, 1, 2, 3, 2,
       2, 0, 3, 2, 1, 3, 1, 2, 1, 1, 3, 2, 1, 1, 3, 0, 1, 3, 3, 3, 1, 3,
       0, 0, 0, 0, 2, 3, 2, 1, 2, 0, 0, 0, 2, 0, 2, 3, 0, 0, 1, 0, 2, 3,
       2, 1, 0, 0, 1, 1, 0, 3, 3, 2, 2, 1, 2, 1, 0, 0, 0, 1, 3, 1, 1, 1,
       0, 1], dtype=object)]
[3, array([-19.9064,  -9.9064, -10.    ,   0.    ]), array([0, 0, 3, 0, 3, 2, 1, 2, 2, 2, 2, 1, 2, 2, 0, 2, 2, 2, 2, 1, 3, 3,
       1, 0, 1, 2, 3, 1, 2, 1, 2, 0, 0, 1, 2, 2, 0, 3, 0, 2, 1, 3, 1, 1,
       2, 0, 0, 2, 3, 3, 2, 3, 2, 1, 0, 0, 1, 2, 2, 0, 2, 1, 3, 3, 1, 2,
       2, 2, 2, 1, 2, 1, 0, 2, 3, 3, 2, 3, 0, 0, 1, 1, 3, 1, 2, 2, 0, 1,
       0, 2, 3, 2, 2, 2, 1, 0, 2, 1, 0, 3, 3, 0, 3, 3, 0, 0, 3, 3, 1, 2,
       1, 3, 3, 0, 2, 3, 2, 3, 3, 3, 2, 1, 1, 1, 0, 0, 1, 3, 1, 0, 3, 0,
       3, 3, 2, 3, 2, 3, 1, 2, 0, 0, 3, 2, 3, 1, 3, 0, 1, 2, 0, 2, 3, 3,
       0, 0], dtype=object)]
[3, array([-16.5362,  -8.5362,  -8.    ,   0.    ]), array([1, 1, 0, 1, 1, 1, 3, 3, 0, 2, 2, 2, 0, 1, 0, 2, 2, 2, 0, 2, 2, 0,
       3, 1, 2, 2, 1, 1, 1, 1, 3, 2, 1, 3, 2, 2, 2, 3, 3, 2, 3, 3, 0, 1,
       3, 2, 1, 0, 0, 1, 2, 2, 2, 0, 2, 0, 0, 1, 0, 2, 0, 2, 3, 3, 0, 1,
       2, 1, 1, 2, 1, 0, 0, 0, 1, 0, 0, 3, 0, 2, 1, 2, 3, 1, 1, 1, 3, 3,
       1, 0, 3, 3, 1, 3, 0, 1, 1, 2, 1, 3, 2, 3, 3, 2, 1, 3, 3, 3, 1, 3,
       0, 0, 3, 0, 2, 2, 2, 3, 2, 0, 2, 0, 1, 2, 0, 3, 0, 0, 1, 0, 0, 1,
       2, 0, 0, 2, 3, 1, 1, 3, 3, 1, 2, 2, 1, 2, 3, 3, 0, 3, 2, 3, 0, 0,
       3, 3], dtype=object)]
[3, array([-16.6464,  -8.6464,  -8.    ,   0.    ]), array([3, 1, 1, 1, 0, 3, 1, 2, 2, 1, 1, 0, 1, 1, 1, 1, 1, 1, 1, 3, 3, 2,
       1, 0, 3, 1, 2, 0, 3, 0, 0, 2, 2, 3, 2, 2, 2, 2, 1, 0, 3, 0, 0, 1,
       1, 2, 3, 1, 2, 2, 2, 2, 0, 0, 3, 0, 3, 3, 0, 0, 2, 1, 3, 1, 3, 0,
       2, 1, 0, 1, 1, 0, 1, 3, 3, 0, 3, 3, 2, 2, 1, 1, 2, 3, 2, 2, 1, 0,
       0, 1, 1, 1, 2, 3, 2, 1, 3, 0, 1, 1, 1, 1, 2, 1, 2, 1, 0, 1, 0, 0,
       1, 3, 0, 2, 2, 1, 3, 3, 2, 0, 2, 0, 0, 1, 2, 1, 3, 2, 3, 2, 2, 2,
       1, 2, 2, 3, 3, 0, 1, 3, 1, 2, 2, 1, 3, 2, 2, 0, 0, 1, 2, 3, 3, 0,
       1, 2], dtype=object)]
[4, array([-9.651, -4.651, -5.   ,  0.   ]), array([1, 3, 0, 1, 0, 0, 0, 0, 2, 1, 2, 0, 2, 1, 0, 0, 3, 1, 3, 3, 3, 2,
       1, 3, 3, 1, 0, 1, 2, 2, 0, 1, 3, 1, 2, 1, 2, 3, 0, 1, 0, 2, 2, 3,
       2, 1, 3, 1, 0, 3, 1, 3, 3, 1, 2, 2, 2, 1, 1, 1, 2, 0, 0, 2, 1, 2,
       2, 0, 1, 3, 0, 1, 0, 3, 1, 3, 1, 0, 3, 3, 0, 0, 0, 3, 1, 0, 2, 3,
       2, 3, 2, 1, 2, 2, 1, 2, 3, 1, 1, 3, 2, 1, 2, 0, 2, 1, 2, 1, 2, 3,
       0, 2, 0, 0, 1, 3, 0, 1, 1, 2, 0, 2, 1, 2, 1, 2, 3, 3, 2, 1, 0, 1,
       1, 0, 1, 1, 1, 1, 2, 3, 3, 0, 3, 3, 1, 1, 2, 1, 3, 3, 0, 1, 0, 0,
       3, 0], dtype=object)]
[4, array([-19.5426,  -9.5426, -10.    ,   0.    ]), array([0, 0, 3, 0, 3, 2, 1, 2, 2, 2, 2, 1, 2, 2, 0, 2, 2, 2, 2, 1, 3, 3,
       1, 0, 1, 2, 3, 1, 2, 1, 2, 0, 0, 1, 2, 2, 0, 3, 0, 2, 1, 3, 1, 1,
       2, 0, 0, 2, 3, 3, 2, 3, 2, 1, 0, 0, 1, 2, 2, 0, 2, 1, 3, 3, 1, 2,
       2, 2, 2, 1, 2, 1, 0, 2, 3, 3, 2, 3, 0, 0, 1, 1, 3, 1, 2, 2, 0, 1,
       0, 2, 3, 2, 3, 2, 1, 0, 2, 1, 0, 3, 3, 0, 3, 3, 0, 0, 3, 3, 1, 2,
       1, 3, 3, 0, 2, 3, 2, 3, 3, 3, 2, 1, 1, 1, 0, 0, 1, 3, 1, 0, 3, 0,
       3, 3, 2, 3, 2, 3, 1, 2, 0, 0, 3, 2, 3, 1, 3, 0, 1, 2, 0, 2, 3, 3,
       0, 0], dtype=object)]
[4, array([-16.354,  -8.354,  -8.   ,   0.   ]), array([1, 1, 0, 1, 1, 1, 3, 3, 0, 2, 2, 2, 0, 1, 0, 2, 2, 2, 0, 2, 2, 0,
       3, 1, 2, 2, 1, 1, 1, 1, 3, 2, 1, 3, 2, 2, 2, 3, 3, 2, 3, 3, 0, 1,
       3, 2, 1, 0, 0, 1, 2, 2, 2, 0, 2, 0, 0, 1, 0, 2, 0, 2, 3, 3, 0, 1,
       2, 1, 1, 2, 1, 0, 0, 0, 1, 0, 0, 3, 0, 2, 1, 2, 3, 1, 1, 1, 3, 3,
       1, 0, 3, 3, 1, 3, 0, 1, 1, 2, 1, 3, 2, 3, 3, 2, 1, 3, 3, 3, 1, 3,
       0, 0, 3, 0, 2, 2, 2, 3, 2, 0, 2, 0, 1, 2, 0, 3, 0, 0, 1, 0, 0, 1,
       2, 0, 0, 2, 3, 1, 1, 3, 3, 1, 2, 2, 1, 2, 3, 3, 0, 3, 2, 3, 0, 0,
       3, 3], dtype=object)]
[4, array([-3.3068, -1.3068, -2.    ,  0.    ]), array([1, 0, 0, 3, 2, 3, 0, 3, 2, 3, 2, 1, 0, 0, 1, 0, 3, 0, 3, 0, 0, 0,
       3, 1, 0, 0, 1, 0, 3, 2, 1, 3, 3, 1, 0, 2, 2, 1, 3, 1, 2, 3, 2, 1,
       1, 1, 2, 1, 3, 3, 0, 1, 2, 1, 2, 1, 3, 1, 3, 0, 3, 3, 0, 0, 2, 1,
       0, 0, 3, 0, 2, 0, 2, 1, 3, 0, 1, 3, 3, 3, 3, 1, 0, 0, 3, 1, 1, 3,
       0, 3, 3, 3, 1, 1, 2, 1, 3, 2, 3, 2, 1, 1, 0, 3, 1, 2, 1, 2, 0, 2,
       3, 3, 1, 2, 2, 3, 3, 0, 2, 0, 2, 0, 0, 1, 1, 0, 3, 1, 3, 2, 1, 2,
       3, 2, 0, 3, 2, 0, 1, 3, 1, 2, 2, 1, 1, 2, 2, 3, 3, 1, 0, 1, 3, 0,
       1, 1], dtype=object)]
[5, array([-6.6374, -2.6374, -4.    ,  0.    ]), array([2, 0, 0, 3, 1, 2, 0, 1, 2, 1, 0, 1, 1, 2, 0, 2, 3, 3, 2, 0, 1, 2,
       1, 2, 1, 2, 2, 0, 3, 0, 2, 1, 2, 1, 0, 1, 0, 0, 0, 1, 1, 3, 0, 0,
       0, 1, 2, 2, 0, 3, 0, 1, 3, 1, 1, 3, 1, 2, 3, 2, 2, 1, 3, 1, 2, 2,
       0, 2, 3, 1, 0, 3, 3, 0, 1, 2, 2, 3, 3, 1, 2, 1, 2, 2, 2, 1, 1, 3,
       0, 1, 1, 1, 0, 0, 0, 3, 0, 1, 0, 3, 2, 3, 2, 1, 2, 0, 0, 1, 2, 3,
       2, 2, 2, 0, 1, 3, 3, 2, 3, 2, 1, 3, 2, 3, 2, 1, 2, 1, 0, 3, 0, 3,
       3, 3, 1, 2, 1, 2, 0, 0, 1, 0, 0, 3, 2, 1, 2, 1, 1, 2, 3, 1, 1, 1,
       0, 1], dtype=object)]
[5, array([-15.4302,  -7.4302,  -8.    ,   0.    ]), array([1, 0, 1, 2, 0, 2, 1, 2, 1, 0, 2, 1, 1, 3, 1, 2, 3, 2, 3, 3, 1, 3,
       3, 1, 0, 3, 1, 0, 3, 2, 1, 2, 3, 1, 0, 2, 2, 0, 1, 2, 1, 1, 1, 1,
       1, 1, 3, 3, 1, 1, 2, 3, 2, 2, 1, 3, 2, 3, 0, 3, 1, 1, 3, 1, 1, 1,
       0, 2, 0, 3, 3, 1, 3, 0, 3, 0, 3, 2, 1, 2, 2, 3, 2, 1, 3, 0, 3, 2,
       2, 0, 0, 1, 0, 0, 0, 3, 2, 3, 0, 3, 2, 3, 1, 1, 3, 0, 0, 1, 2, 3,
       2, 3, 2, 0, 1, 3, 3, 2, 2, 3, 1, 3, 3, 3, 2, 1, 2, 1, 0, 1, 0, 2,
       3, 1, 1, 1, 1, 0, 3, 0, 1, 0, 0, 3, 2, 1, 1, 1, 1, 2, 3, 3, 2, 3,
       2, 1], dtype=object)]
[5, array([-2.1678, -1.1678, -1.    ,  0.    ]), array([3, 0, 2, 1, 3, 3, 3, 3, 2, 1, 1, 2, 2, 1, 3, 3, 2, 2, 3, 1, 3, 0,
       2, 3, 1, 0, 3, 1, 2, 0, 0, 2, 0, 0, 1, 2, 2, 2, 0, 2, 0, 1, 0, 0,
       2, 0, 2, 1, 2, 1, 0, 3, 2, 3, 3, 3, 3, 0, 0, 3, 2, 0, 2, 0, 3, 2,
       3, 3, 0, 0, 1, 3, 3, 2, 0, 0, 1, 2, 1, 3, 2, 3, 2, 2, 0, 2, 1, 3,
       0, 3, 3, 2, 2, 1, 0, 2, 1, 0, 1, 3, 2, 1, 0, 3, 2, 3, 1, 3, 2, 1,
       2, 2, 2, 3, 3, 0, 3, 1, 0, 1, 3, 2, 1, 1, 3, 3, 1, 0, 1, 1, 2, 2,
       1, 0, 3, 1, 3, 3, 0, 2, 3, 2, 2, 3, 3, 0, 3, 3, 2, 1, 0, 3, 2, 3,
       3, 3], dtype=object)]
[5, array([-18.1936,  -9.1936,  -9.    ,   0.    ]), array([1, 3, 2, 1, 3, 0, 0, 1, 0, 1, 1, 2, 2, 0, 0, 3, 2, 0, 2, 3, 0, 1,
       2, 3, 1, 1, 3, 2, 1, 0, 0, 2, 0, 0, 1, 2, 2, 2, 0, 2, 0, 1, 0, 0,
       2, 0, 2, 1, 2, 1, 0, 3, 2, 3, 3, 3, 3, 0, 0, 3, 2, 0, 2, 0, 3, 2,
       3, 3, 0, 0, 1, 3, 3, 2, 0, 0, 1, 2, 1, 3, 2, 3, 2, 2, 0, 2, 1, 3,
       0, 3, 3, 2, 2, 1, 0, 2, 1, 0, 1, 3, 2, 1, 0, 3, 2, 3, 1, 3, 2, 1,
       2, 2, 2, 3, 3, 0, 3, 1, 0, 1, 3, 2, 1, 1, 3, 3, 1, 0, 1, 1, 2, 2,
       1, 0, 3, 1, 3, 3, 0, 2, 3, 2, 2, 3, 3, 0, 3, 3, 2, 1, 0, 3, 2, 3,
       3, 3], dtype=object)]
[6, array([-1.584, -1.584,  0.   ,  0.   ]), array([1, 0, 1, 1, 2, 1, 3, 2, 3, 2, 2, 2, 1, 1, 0, 3, 3, 1, 0, 3, 2, 2,
       0, 0, 2, 3, 2, 3, 2, 2, 3, 3, 2, 0, 0, 2, 2, 3, 3, 3, 1, 1, 0, 1,
       0, 3, 0, 2, 3, 3, 1, 2, 2, 2, 0, 3, 1, 2, 1, 3, 0, 0, 0, 0, 0, 1,
       1, 2, 0, 1, 3, 1, 0, 2, 0, 3, 2, 1, 0, 3, 3, 2, 0, 3, 0, 1, 1, 0,
       3, 1, 0, 0, 2, 3, 0, 2, 0, 2, 0, 0, 1, 3, 0, 3, 3, 3, 2, 1, 0, 0,
       3, 3, 1, 2, 0, 2, 0, 0, 3, 0, 1, 2, 2, 0, 1, 0, 3, 3, 1, 1, 0, 1,
       1, 0, 0, 1, 1, 3, 2, 1, 3, 0, 3, 3, 1, 1, 2, 1, 3, 3, 0, 1, 1, 0,
       3, 0], dtype=object)]
[6, array([-1.41, -1.41,  0.  ,  0.  ]), array([2, 0, 2, 1, 3, 1, 3, 3, 2, 1, 1, 0, 2, 2, 3, 3, 2, 2, 1, 2, 3, 0,
       0, 3, 1, 0, 3, 3, 2, 0, 1, 2, 0, 0, 1, 2, 2, 2, 0, 0, 2, 1, 0, 2,
       2, 3, 2, 1, 2, 1, 3, 3, 1, 1, 3, 3, 3, 0, 3, 2, 2, 0, 2, 0, 1, 2,
       3, 3, 0, 0, 1, 3, 3, 2, 3, 0, 2, 2, 1, 1, 2, 3, 2, 1, 0, 2, 3, 3,
       0, 3, 2, 2, 2, 1, 1, 1, 1, 0, 1, 3, 2, 1, 0, 1, 2, 2, 0, 3, 2, 1,
       2, 2, 0, 3, 3, 3, 3, 1, 2, 1, 3, 2, 0, 1, 3, 1, 2, 0, 2, 2, 3, 3,
       2, 0, 3, 1, 2, 3, 3, 3, 1, 1, 2, 1, 3, 3, 2, 3, 2, 2, 3, 2, 0, 3,
       3, 3], dtype=object)]
[6, array([-15.1654,  -7.1654,  -8.    ,   0.    ]), array([1, 0, 1, 2, 0, 2, 1, 2, 1, 0, 2, 1, 1, 3, 1, 2, 3, 2, 3, 3, 1, 3,
       3, 1, 0, 3, 1, 0, 3, 2, 1, 2, 3, 1, 0, 2, 2, 0, 1, 2, 1, 1, 1, 1,
       1, 1, 3, 3, 1, 1, 2, 3, 2, 2, 1, 3, 2, 3, 0, 3, 1, 1, 3, 1, 1, 1,
       0, 2, 0, 3, 3, 1, 3, 0, 3, 0, 3, 2, 1, 2, 2, 3, 2, 1, 3, 0, 3, 2,
       2, 0, 0, 1, 0, 0, 0, 3, 2, 3, 0, 3, 2, 3, 1, 1, 3, 0, 0, 1, 2, 3,
       2, 3, 2, 0, 1, 3, 3, 2, 2, 3, 1, 3, 3, 3, 2, 1, 2, 1, 0, 1, 0, 2,
       3, 1, 1, 1, 1, 0, 3, 0, 1, 0, 0, 3, 2, 1, 1, 1, 1, 2, 3, 3, 2, 3,
       2, 1], dtype=object)]
[6, array([-17.2474,  -8.2474,  -9.    ,   0.    ]), array([1, 3, 2, 1, 3, 0, 0, 1, 0, 1, 1, 2, 2, 0, 0, 3, 2, 0, 2, 3, 0, 1,
       2, 3, 1, 1, 3, 2, 1, 0, 0, 2, 0, 0, 1, 2, 2, 2, 0, 2, 0, 1, 0, 0,
       2, 0, 2, 1, 2, 1, 0, 3, 2, 3, 3, 3, 3, 0, 0, 3, 2, 0, 2, 0, 3, 2,
       3, 3, 0, 0, 1, 3, 3, 2, 0, 0, 1, 2, 1, 3, 2, 1, 2, 2, 0, 2, 1, 3,
       0, 3, 3, 2, 2, 1, 0, 2, 1, 0, 1, 3, 2, 1, 0, 3, 2, 3, 1, 3, 2, 1,
       2, 2, 2, 3, 3, 0, 3, 1, 0, 1, 3, 2, 1, 1, 3, 3, 1, 0, 1, 1, 2, 2,
       1, 0, 3, 1, 3, 3, 0, 2, 3, 2, 2, 3, 3, 0, 3, 3, 2, 1, 0, 3, 2, 3,
       3, 3], dtype=object)]
[7, array([-18.3668,  -9.3668,  -9.    ,   0.    ]), array([2, 0, 0, 3, 1, 2, 0, 1, 2, 1, 0, 1, 1, 2, 0, 2, 3, 3, 2, 0, 1, 2,
       1, 2, 1, 2, 2, 0, 3, 0, 2, 1, 2, 1, 0, 1, 0, 0, 0, 1, 1, 3, 0, 0,
       0, 1, 2, 2, 0, 3, 0, 1, 3, 1, 1, 3, 1, 2, 1, 2, 3, 3, 1, 2, 1, 0,
       1, 3, 1, 1, 2, 0, 2, 3, 3, 0, 1, 3, 3, 3, 0, 2, 2, 2, 2, 1, 1, 1,
       0, 0, 2, 1, 1, 1, 1, 2, 2, 3, 1, 2, 3, 1, 1, 0, 0, 2, 0, 1, 2, 3,
       0, 0, 0, 0, 2, 3, 2, 1, 2, 0, 0, 0, 2, 0, 2, 3, 0, 0, 1, 0, 2, 3,
       2, 1, 0, 0, 1, 1, 0, 3, 3, 2, 2, 1, 2, 1, 0, 0, 0, 1, 3, 1, 1, 1,
       0, 1], dtype=object)]
[7, array([-16.4174,  -8.4174,  -8.    ,   0.    ]), array([1, 1, 0, 1, 1, 1, 3, 3, 0, 2, 2, 2, 0, 1, 0, 2, 2, 2, 0, 2, 2, 0,
       3, 1, 2, 2, 1, 1, 1, 1, 3, 2, 1, 3, 2, 2, 2, 3, 3, 2, 3, 3, 0, 1,
       3, 2, 1, 0, 0, 1, 2, 2, 2, 0, 2, 0, 0, 1, 0, 2, 0, 2, 3, 3, 0, 1,
       2, 1, 1, 2, 1, 0, 0, 0, 1, 0, 0, 3, 0, 2, 1, 2, 3, 1, 1, 1, 3, 3,
       1, 0, 3, 3, 1, 3, 0, 1, 1, 2, 1, 3, 2, 3, 3, 2, 1, 3, 3, 3, 1, 3,
       0, 0, 3, 0, 2, 2, 2, 3, 2, 0, 2, 0, 1, 2, 0, 3, 0, 0, 1, 0, 0, 1,
       2, 0, 0, 2, 3, 1, 1, 3, 3, 1, 2, 2, 1, 2, 3, 3, 0, 3, 2, 3, 0, 3,
       2, 3], dtype=object)]
[7, array([-12.5632,  -6.5632,  -6.    ,   0.    ]), array([1, 0, 1, 2, 2, 0, 1, 3, 1, 0, 2, 1, 0, 0, 2, 3, 3, 2, 2, 3, 1, 0,
       3, 1, 2, 0, 3, 1, 3, 3, 1, 2, 3, 2, 3, 2, 2, 1, 3, 3, 3, 0, 1, 2,
       0, 3, 0, 2, 0, 2, 3, 0, 1, 0, 3, 2, 1, 3, 2, 1, 0, 0, 3, 1, 1, 1,
       3, 2, 1, 3, 1, 0, 0, 0, 0, 1, 2, 0, 1, 1, 3, 0, 2, 1, 3, 0, 1, 0,
       1, 3, 1, 2, 2, 3, 2, 3, 2, 1, 0, 2, 3, 2, 0, 1, 3, 0, 2, 1, 3, 1,
       2, 0, 2, 3, 2, 2, 2, 1, 3, 2, 3, 1, 2, 1, 0, 3, 0, 1, 2, 1, 2, 0,
       3, 1, 1, 2, 2, 3, 0, 3, 1, 0, 0, 3, 3, 3, 1, 2, 3, 3, 2, 0, 3, 2,
       2, 0], dtype=object)]
[7, array([-19.2472,  -9.2472, -10.    ,   0.    ]), array([1, 3, 2, 1, 3, 0, 0, 1, 0, 1, 1, 2, 2, 0, 0, 3, 2, 0, 2, 3, 0, 1,
       2, 3, 1, 1, 3, 2, 1, 0, 0, 2, 0, 0, 1, 2, 2, 2, 0, 2, 0, 1, 0, 0,
       2, 0, 2, 1, 2, 1, 0, 3, 2, 1, 2, 1, 3, 1, 3, 0, 3, 3, 0, 0, 2, 1,
       0, 0, 3, 0, 2, 0, 2, 1, 3, 0, 1, 3, 3, 3, 3, 1, 0, 0, 3, 1, 1, 3,
       0, 3, 3, 3, 1, 1, 2, 1, 3, 2, 3, 2, 1, 1, 0, 3, 1, 2, 1, 2, 0, 2,
       3, 3, 1, 2, 2, 3, 3, 0, 2, 0, 2, 0, 0, 1, 1, 0, 3, 1, 3, 2, 1, 2,
       3, 2, 0, 3, 2, 0, 1, 3, 1, 2, 2, 1, 1, 2, 2, 3, 3, 1, 0, 1, 3, 0,
       1, 1], dtype=object)]
[8, array([-17.7094,  -8.7094,  -9.    ,   0.    ]), array([0, 3, 3, 2, 0, 1, 2, 2, 3, 3, 3, 2, 3, 3, 3, 2, 1, 0, 0, 2, 3, 2,
       2, 2, 3, 0, 1, 0, 3, 3, 1, 0, 2, 1, 2, 0, 3, 3, 2, 0, 0, 1, 2, 0,
       0, 2, 1, 1, 1, 2, 2, 0, 0, 1, 3, 0, 0, 2, 1, 2, 3, 3, 1, 2, 1, 0,
       1, 3, 1, 1, 2, 0, 2, 3, 3, 0, 1, 3, 3, 3, 0, 2, 2, 2, 2, 1, 1, 1,
       0, 0, 2, 1, 1, 1, 1, 2, 2, 3, 1, 2, 3, 1, 1, 0, 0, 2, 0, 1, 2, 3,
       0, 0, 0, 0, 2, 3, 2, 1, 2, 0, 0, 0, 2, 0, 2, 3, 0, 0, 1, 0, 2, 3,
       2, 1, 0, 0, 1, 1, 2, 3, 3, 0, 3, 3, 1, 0, 2, 1, 3, 3, 0, 1, 0, 0,
       3, 0], dtype=object)]
[8, array([-8.65, -4.65, -4.  ,  0.  ]), array([3, 0, 0, 0, 0, 2, 3, 2, 1, 3, 2, 2, 3, 1, 1, 1, 1, 3, 1, 3, 1, 3,
       3, 2, 0, 1, 3, 1, 3, 0, 3, 0, 3, 2, 1, 3, 0, 3, 0, 2, 3, 3, 3, 2,
       1, 1, 2, 1, 2, 1, 0, 0, 0, 3, 3, 0, 1, 3, 1, 0, 1, 1, 3, 3, 0, 0,
       2, 2, 0, 1, 2, 3, 3, 2, 0, 3, 2, 1, 0, 0, 0, 1, 0, 3, 2, 2, 0, 1,
       0, 2, 3, 2, 2, 2, 1, 0, 2, 1, 0, 3, 1, 0, 3, 3, 0, 1, 0, 2, 1, 2,
       1, 0, 0, 3, 2, 1, 2, 3, 1, 1, 2, 3, 0, 0, 0, 1, 1, 1, 3, 0, 3, 0,
       1, 1, 3, 2, 1, 0, 1, 1, 3, 3, 1, 0, 2, 1, 2, 0, 1, 0, 0, 1, 2, 1,
       2, 3], dtype=object)]
[8, array([-19.584,  -9.584, -10.   ,   0.   ]), array([2, 3, 3, 3, 2, 3, 0, 0, 0, 0, 1, 3, 1, 3, 2, 0, 1, 3, 0, 0, 0, 2,
       0, 1, 1, 3, 2, 2, 2, 3, 2, 1, 2, 3, 3, 2, 2, 3, 3, 2, 0, 1, 3, 1,
       1, 2, 3, 3, 0, 2, 3, 3, 1, 2, 0, 2, 0, 2, 0, 0, 3, 1, 2, 2, 2, 2,
       3, 0, 2, 0, 2, 1, 1, 0, 1, 3, 3, 2, 1, 1, 1, 2, 0, 3, 2, 1, 3, 0,
       2, 2, 2, 0, 0, 0, 0, 2, 1, 0, 1, 1, 3, 3, 2, 0, 1, 3, 2, 3, 3, 3,
       0, 1, 0, 3, 1, 1, 0, 1, 1, 1, 2, 1, 1, 2, 2, 2, 1, 3, 2, 3, 2, 0,
       3, 0, 0, 2, 0, 3, 0, 3, 2, 2, 3, 2, 0, 0, 0, 1, 3, 2, 1, 2, 2, 3,
       3, 3], dtype=object)]
[8, array([-19.1456,  -9.1456, -10.    ,   0.    ]), array([1, 3, 2, 1, 3, 0, 0, 1, 0, 1, 1, 2, 2, 0, 0, 3, 2, 0, 2, 3, 0, 1,
       2, 3, 1, 1, 3, 2, 1, 0, 0, 2, 0, 0, 1, 2, 2, 2, 0, 2, 0, 1, 0, 0,
       2, 0, 2, 1, 2, 1, 0, 3, 2, 1, 2, 1, 3, 1, 3, 0, 3, 3, 0, 0, 2, 1,
       0, 0, 3, 0, 2, 0, 2, 1, 3, 0, 1, 3, 3, 3, 3, 1, 0, 0, 3, 1, 1, 3,
       1, 3, 3, 3, 1, 1, 2, 1, 3, 2, 3, 2, 1, 1, 0, 3, 1, 2, 1, 2, 0, 2,
       3, 3, 1, 2, 2, 3, 3, 0, 2, 0, 2, 0, 0, 1, 1, 0, 3, 1, 3, 2, 1, 2,
       3, 2, 0, 3, 2, 0, 1, 3, 1, 2, 2, 1, 1, 2, 2, 3, 3, 1, 0, 1, 3, 0,
       1, 1], dtype=object)]
[9, array([-8.8024, -4.8024, -4.    ,  0.    ]), array([1, 0, 2, 1, 2, 2, 2, 0, 0, 2, 1, 2, 1, 0, 2, 3, 3, 0, 1, 3, 0, 0,
       2, 3, 3, 2, 0, 0, 2, 3, 3, 0, 1, 1, 1, 2, 2, 1, 0, 3, 3, 1, 1, 2,
       2, 2, 1, 0, 0, 3, 3, 2, 3, 0, 2, 2, 0, 0, 1, 0, 3, 2, 1, 2, 2, 2,
       0, 0, 3, 1, 0, 2, 2, 2, 0, 3, 3, 3, 2, 1, 2, 1, 2, 3, 3, 3, 3, 2,
       3, 1, 0, 1, 2, 1, 3, 1, 0, 1, 1, 1, 1, 2, 3, 3, 0, 2, 2, 3, 3, 0,
       2, 1, 0, 2, 2, 2, 0, 0, 2, 2, 2, 2, 1, 2, 2, 1, 1, 0, 0, 1, 3, 1,
       3, 1, 0, 2, 0, 3, 1, 1, 2, 0, 0, 2, 1, 2, 1, 0, 0, 3, 0, 2, 2, 3,
       2, 3], dtype=object)]
[9, array([-14.9336,  -6.9336,  -8.    ,   0.    ]), array([1, 0, 1, 2, 0, 2, 1, 2, 1, 0, 2, 1, 1, 3, 1, 2, 3, 2, 3, 3, 1, 3,
       3, 1, 0, 3, 1, 0, 3, 2, 1, 2, 3, 1, 0, 2, 2, 0, 1, 2, 1, 1, 1, 1,
       1, 1, 3, 3, 1, 1, 2, 3, 2, 2, 1, 3, 2, 3, 0, 3, 1, 1, 3, 1, 1, 1,
       0, 2, 0, 3, 3, 1, 3, 0, 3, 0, 3, 2, 1, 2, 2, 3, 2, 1, 3, 0, 3, 2,
       2, 0, 0, 1, 0, 0, 0, 3, 2, 3, 0, 3, 2, 3, 1, 1, 3, 0, 0, 1, 2, 3,
       2, 3, 2, 0, 1, 3, 3, 2, 2, 3, 1, 3, 3, 3, 2, 1, 2, 1, 0, 1, 0, 2,
       3, 1, 1, 1, 1, 0, 3, 0, 1, 0, 0, 3, 2, 1, 1, 1, 1, 2, 3, 3, 2, 3,
       2, 1], dtype=object)]
[9, array([-19.471,  -9.471, -10.   ,   0.   ]), array([1, 3, 2, 1, 3, 0, 0, 1, 0, 1, 1, 2, 2, 0, 0, 3, 2, 0, 2, 3, 0, 1,
       2, 3, 1, 1, 3, 2, 1, 0, 0, 2, 0, 0, 1, 2, 2, 2, 0, 2, 0, 1, 0, 0,
       2, 0, 2, 1, 2, 1, 0, 3, 2, 1, 2, 1, 3, 1, 3, 0, 3, 3, 0, 0, 2, 1,
       0, 0, 3, 0, 2, 0, 2, 1, 3, 0, 1, 3, 3, 3, 3, 1, 0, 0, 3, 1, 1, 3,
       1, 3, 3, 3, 1, 1, 2, 1, 3, 2, 3, 2, 1, 1, 0, 3, 1, 2, 1, 2, 0, 2,
       3, 3, 1, 2, 2, 3, 3, 0, 2, 0, 2, 0, 0, 1, 1, 0, 3, 1, 3, 2, 1, 2,
       3, 2, 0, 3, 2, 0, 1, 3, 1, 2, 2, 1, 1, 2, 2, 3, 3, 1, 0, 1, 3, 0,
       1, 1], dtype=object)]
[9, array([-9.9538, -4.9538, -5.    ,  0.    ]), array([0, 1, 3, 1, 2, 3, 2, 3, 1, 0, 2, 1, 1, 0, 1, 0, 3, 2, 0, 1, 3, 3,
       3, 0, 3, 3, 1, 2, 0, 2, 0, 0, 1, 0, 0, 1, 0, 2, 3, 1, 3, 2, 1, 2,
       2, 3, 2, 1, 3, 1, 1, 1, 2, 3, 3, 2, 0, 0, 2, 2, 3, 2, 2, 1, 1, 3,
       0, 3, 1, 0, 0, 0, 2, 2, 2, 0, 0, 2, 1, 1, 2, 2, 3, 3, 1, 3, 0, 2,
       3, 3, 3, 3, 2, 2, 0, 0, 1, 0, 2, 1, 2, 1, 0, 1, 0, 2, 0, 0, 0, 3,
       3, 3, 0, 0, 0, 1, 0, 1, 0, 3, 3, 1, 3, 2, 1, 1, 2, 0, 3, 1, 0, 3,
       1, 3, 2, 1, 3, 3, 3, 2, 3, 2, 2, 3, 3, 0, 1, 3, 2, 1, 1, 3, 2, 3,
       0, 3], dtype=object)]
[10, array([-15.5364,  -7.5364,  -8.    ,   0.    ]), array([3, 0, 1, 0, 3, 3, 1, 1, 2, 3, 1, 3, 1, 1, 1, 0, 1, 2, 3, 1, 1, 3,
       2, 3, 2, 2, 0, 0, 2, 0, 1, 2, 1, 1, 2, 3, 3, 1, 3, 3, 3, 2, 1, 0,
       3, 1, 1, 0, 1, 1, 0, 2, 2, 1, 2, 1, 1, 0, 2, 2, 0, 1, 1, 1, 2, 1,
       1, 2, 1, 3, 1, 1, 0, 3, 2, 3, 1, 0, 0, 3, 0, 2, 3, 1, 2, 0, 2, 3,
       2, 3, 0, 0, 2, 2, 3, 2, 3, 1, 1, 3, 1, 1, 2, 2, 2, 0, 2, 2, 2, 3,
       3, 2, 0, 0, 1, 3, 0, 1, 1, 2, 3, 2, 1, 2, 1, 0, 3, 1, 1, 1, 3, 1,
       0, 0, 1, 1, 1, 1, 2, 0, 3, 0, 3, 3, 1, 2, 1, 1, 3, 3, 2, 1, 0, 0,
       3, 0], dtype=object)]
[10, array([-19.415,  -9.415, -10.   ,   0.   ]), array([3, 3, 3, 3, 0, 3, 0, 2, 2, 3, 2, 2, 3, 3, 3, 0, 1, 3, 3, 0, 0, 0,
       2, 1, 0, 0, 0, 0, 1, 2, 0, 3, 1, 2, 1, 1, 2, 3, 1, 1, 3, 3, 2, 0,
       2, 1, 2, 1, 1, 3, 3, 1, 3, 1, 2, 1, 2, 1, 3, 1, 3, 3, 0, 0, 2, 1,
       0, 3, 3, 1, 2, 0, 2, 1, 1, 0, 2, 1, 3, 3, 2, 1, 0, 1, 3, 0, 1, 2,
       0, 2, 2, 0, 1, 1, 2, 1, 3, 2, 3, 2, 0, 3, 1, 3, 1, 2, 1, 2, 0, 2,
       2, 2, 1, 2, 2, 3, 3, 0, 2, 0, 1, 0, 0, 1, 1, 3, 2, 1, 0, 0, 3, 2,
       0, 2, 0, 1, 1, 2, 2, 3, 1, 2, 0, 2, 0, 2, 0, 3, 1, 1, 3, 2, 2, 3,
       3, 2], dtype=object)]
[10, array([-1.1172, -1.1172,  0.    ,  0.    ]), array([3, 2, 0, 1, 2, 3, 0, 0, 1, 3, 1, 0, 2, 2, 1, 3, 1, 2, 1, 0, 0, 0,
       3, 3, 3, 3, 0, 2, 1, 2, 0, 2, 1, 2, 2, 2, 1, 0, 1, 3, 1, 3, 1, 2,
       3, 0, 3, 0, 3, 1, 0, 2, 2, 3, 2, 2, 0, 1, 0, 2, 3, 3, 0, 1, 0, 1,
       1, 3, 2, 3, 3, 3, 3, 0, 3, 3, 1, 0, 3, 0, 2, 3, 1, 1, 1, 0, 3, 2,
       3, 2, 3, 0, 0, 0, 1, 3, 0, 3, 1, 1, 0, 3, 0, 0, 3, 1, 3, 0, 0, 2,
       2, 3, 2, 0, 1, 3, 2, 3, 0, 0, 2, 3, 3, 1, 2, 0, 1, 2, 0, 1, 3, 0,
       2, 2, 3, 1, 1, 3, 2, 2, 1, 0, 0, 0, 2, 1, 3, 1, 3, 3, 2, 3, 2, 1,
       2, 1], dtype=object)]
[10, array([-18.0742,  -9.0742,  -9.    ,   0.    ]), array([0, 1, 2, 0, 3, 3, 3, 0, 2, 0, 1, 2, 2, 2, 3, 3, 1, 3, 3, 3, 0, 1,
       3, 1, 1, 1, 0, 1, 0, 0, 3, 1, 2, 0, 3, 2, 2, 3, 3, 2, 1, 2, 0, 1,
       0, 1, 0, 0, 0, 1, 1, 2, 0, 2, 0, 2, 1, 2, 0, 2, 1, 0, 3, 0, 2, 3,
       1, 2, 0, 3, 1, 0, 1, 2, 1, 0, 0, 2, 3, 2, 2, 3, 0, 1, 1, 0, 2, 0,
       0, 0, 3, 1, 2, 0, 3, 2, 3, 3, 1, 0, 1, 3, 0, 1, 0, 2, 2, 3, 1, 1,
       0, 3, 2, 3, 3, 0, 2, 2, 1, 0, 3, 0, 1, 1, 1, 0, 1, 1, 1, 1, 3, 1,
       1, 3, 0, 2, 3, 3, 0, 3, 3, 2, 2, 3, 0, 0, 2, 2, 0, 3, 1, 2, 3, 3,
       2, 1], dtype=object)]
[11, array([-16.72,  -8.72,  -8.  ,   0.  ]), array([2, 0, 0, 3, 1, 2, 0, 1, 2, 1, 0, 1, 1, 2, 0, 2, 3, 3, 2, 0, 1, 2,
       1, 2, 1, 2, 2, 0, 3, 0, 2, 1, 3, 1, 0, 1, 0, 0, 0, 1, 1, 3, 0, 0,
       0, 1, 2, 2, 0, 3, 2, 0, 0, 2, 1, 0, 0, 3, 2, 0, 1, 0, 0, 1, 3, 0,
       1, 3, 0, 2, 2, 2, 0, 3, 3, 3, 2, 3, 1, 3, 2, 0, 2, 2, 2, 1, 0, 2,
       0, 0, 2, 1, 1, 1, 2, 3, 0, 1, 3, 3, 2, 3, 2, 0, 1, 3, 3, 1, 2, 1,
       2, 3, 1, 0, 2, 2, 3, 1, 0, 1, 3, 2, 0, 2, 0, 3, 1, 2, 3, 2, 2, 3,
       3, 3, 0, 1, 2, 3, 1, 0, 1, 1, 0, 3, 3, 1, 0, 2, 0, 1, 0, 2, 0, 2,
       2, 1], dtype=object)]
[11, array([-14.1222,  -7.1222,  -7.    ,   0.    ]), array([1, 0, 0, 1, 3, 3, 1, 3, 3, 2, 2, 2, 2, 1, 1, 0, 2, 2, 3, 0, 1, 1,
       2, 2, 1, 3, 2, 1, 1, 0, 3, 2, 0, 0, 0, 3, 0, 1, 3, 2, 1, 0, 2, 2,
       3, 3, 1, 2, 3, 3, 1, 2, 1, 1, 0, 2, 0, 0, 1, 2, 0, 3, 2, 3, 2, 1,
       0, 2, 0, 3, 3, 1, 3, 0, 3, 0, 3, 2, 1, 2, 2, 3, 2, 1, 3, 0, 3, 2,
       2, 0, 0, 1, 0, 0, 0, 3, 2, 3, 0, 3, 2, 3, 1, 1, 3, 0, 0, 1, 2, 3,
       2, 3, 2, 0, 1, 3, 3, 2, 2, 3, 1, 3, 3, 3, 2, 1, 2, 1, 0, 1, 0, 2,
       3, 1, 1, 1, 1, 0, 3, 0, 1, 0, 0, 3, 2, 1, 1, 1, 1, 2, 3, 3, 2, 3,
       2, 1], dtype=object)]
[11, array([-18.0126,  -9.0126,  -9.    ,   0.    ]), array([2, 1, 1, 2, 0, 3, 0, 2, 1, 2, 3, 0, 3, 0, 1, 0, 3, 0, 1, 3, 2, 2,
       2, 3, 0, 3, 1, 2, 3, 2, 3, 2, 1, 1, 2, 2, 2, 3, 1, 0, 1, 1, 2, 2,
       3, 3, 1, 0, 3, 3, 3, 3, 1, 1, 1, 3, 1, 2, 1, 1, 0, 2, 1, 2, 1, 3,
       3, 3, 0, 1, 2, 0, 2, 1, 0, 3, 1, 2, 2, 3, 3, 0, 0, 2, 1, 3, 0, 1,
       0, 0, 3, 2, 0, 3, 0, 1, 0, 0, 1, 3, 1, 2, 3, 1, 2, 1, 0, 0, 3, 1,
       1, 2, 0, 0, 3, 0, 1, 3, 0, 3, 1, 0, 0, 0, 2, 2, 3, 2, 3, 3, 2, 0,
       1, 1, 2, 3, 2, 1, 0, 1, 2, 0, 1, 1, 2, 1, 3, 1, 0, 3, 2, 0, 0, 0,
       2, 3], dtype=object)]
[11, array([-17.8694,  -8.8694,  -9.    ,   0.    ]), array([1, 3, 2, 1, 3, 0, 0, 1, 0, 1, 1, 2, 2, 0, 0, 3, 2, 0, 2, 3, 0, 1,
       2, 3, 1, 1, 3, 2, 1, 0, 0, 2, 0, 0, 1, 2, 2, 2, 0, 2, 0, 1, 0, 0,
       2, 0, 2, 1, 2, 1, 0, 3, 2, 3, 3, 3, 3, 0, 0, 3, 2, 0, 2, 0, 3, 2,
       3, 3, 0, 0, 1, 3, 3, 2, 0, 0, 1, 2, 1, 3, 2, 1, 2, 2, 0, 2, 1, 3,
       0, 3, 3, 2, 2, 1, 0, 2, 1, 0, 1, 3, 2, 1, 0, 3, 2, 3, 1, 3, 2, 1,
       2, 2, 2, 3, 3, 0, 3, 1, 0, 1, 3, 2, 1, 1, 3, 3, 1, 0, 1, 1, 2, 2,
       1, 0, 3, 1, 3, 3, 0, 2, 3, 2, 2, 3, 3, 0, 3, 3, 2, 1, 0, 3, 2, 3,
       3, 3], dtype=object)]
[12, array([-16.2696,  -8.2696,  -8.    ,   0.    ]), array([2, 0, 0, 3, 1, 2, 0, 1, 2, 1, 0, 1, 1, 2, 0, 2, 3, 3, 2, 0, 1, 2,
       1, 2, 1, 2, 2, 0, 3, 0, 2, 1, 3, 1, 0, 1, 0, 0, 0, 1, 1, 3, 0, 0,
       0, 1, 2, 2, 0, 3, 2, 0, 0, 2, 1, 0, 0, 3, 2, 0, 3, 0, 0, 1, 3, 0,
       1, 3, 0, 2, 2, 2, 0, 3, 3, 3, 2, 3, 1, 3, 2, 0, 2, 2, 2, 1, 0, 2,
       0, 0, 2, 1, 1, 1, 2, 3, 0, 1, 3, 3, 2, 1, 2, 0, 1, 3, 3, 1, 2, 1,
       2, 3, 1, 0, 2, 2, 3, 1, 0, 1, 3, 2, 0, 2, 0, 3, 1, 2, 3, 2, 2, 3,
       3, 3, 0, 1, 2, 3, 1, 0, 1, 1, 0, 3, 3, 1, 0, 2, 0, 1, 0, 2, 0, 2,
       0, 3], dtype=object)]
[12, array([-15.4558,  -7.4558,  -8.    ,   0.    ]), array([1, 0, 1, 2, 3, 2, 1, 2, 1, 0, 2, 1, 1, 3, 3, 2, 0, 2, 3, 3, 1, 1,
       3, 2, 0, 3, 1, 2, 3, 3, 1, 3, 3, 0, 3, 2, 2, 0, 1, 0, 1, 1, 1, 2,
       1, 1, 3, 3, 1, 1, 2, 3, 2, 2, 0, 2, 2, 3, 3, 3, 1, 1, 3, 0, 1, 1,
       0, 1, 0, 3, 2, 3, 3, 0, 3, 0, 3, 1, 1, 2, 2, 3, 2, 0, 2, 0, 3, 2,
       2, 0, 0, 1, 0, 0, 0, 3, 2, 2, 1, 3, 0, 3, 1, 1, 3, 1, 0, 1, 2, 3,
       2, 3, 2, 0, 2, 3, 3, 2, 2, 3, 1, 3, 3, 0, 2, 1, 2, 1, 2, 0, 0, 2,
       3, 1, 2, 1, 2, 3, 1, 1, 2, 0, 0, 3, 1, 3, 1, 2, 2, 1, 2, 3, 1, 0,
       0, 3], dtype=object)]
[12, array([-1.1644, -1.1644,  0.    ,  0.    ]), array([1, 0, 0, 1, 0, 3, 3, 3, 3, 3, 1, 0, 1, 1, 1, 3, 1, 2, 3, 1, 1, 1,
       2, 3, 1, 1, 3, 1, 2, 0, 1, 1, 0, 3, 1, 2, 2, 2, 2, 2, 2, 1, 1, 2,
       3, 1, 0, 1, 1, 1, 0, 3, 2, 3, 0, 1, 3, 2, 0, 3, 3, 0, 1, 1, 0, 3,
       3, 3, 1, 0, 0, 3, 3, 2, 1, 0, 1, 3, 0, 1, 0, 0, 2, 0, 1, 0, 3, 0,
       1, 1, 2, 0, 1, 3, 1, 1, 0, 0, 0, 2, 0, 1, 0, 1, 0, 1, 1, 2, 1, 3,
       2, 1, 3, 2, 3, 0, 1, 0, 3, 3, 3, 0, 3, 0, 0, 0, 0, 2, 2, 3, 1, 1,
       1, 0, 3, 3, 0, 0, 3, 0, 1, 0, 2, 0, 0, 1, 2, 0, 2, 2, 3, 2, 0, 3,
       2, 2], dtype=object)]
[12, array([-17.0798,  -9.0798,  -8.    ,   0.    ]), array([1, 1, 0, 1, 1, 1, 3, 3, 0, 2, 2, 2, 0, 1, 0, 2, 2, 2, 0, 2, 2, 0,
       3, 1, 2, 2, 1, 1, 1, 1, 3, 2, 1, 3, 2, 3, 2, 3, 3, 2, 3, 3, 0, 1,
       3, 2, 1, 0, 0, 1, 2, 2, 2, 0, 2, 0, 0, 1, 0, 2, 0, 2, 3, 3, 0, 1,
       2, 1, 1, 2, 1, 0, 0, 0, 1, 0, 0, 0, 0, 2, 1, 2, 3, 1, 1, 1, 3, 3,
       1, 0, 3, 3, 1, 3, 0, 1, 1, 2, 1, 3, 2, 3, 3, 2, 1, 3, 3, 3, 1, 3,
       0, 0, 3, 0, 2, 2, 2, 3, 2, 0, 2, 0, 1, 2, 0, 3, 0, 0, 1, 0, 0, 1,
       2, 0, 0, 2, 3, 1, 1, 3, 3, 1, 2, 2, 1, 2, 3, 3, 0, 3, 2, 3, 0, 3,
       2, 3], dtype=object)]
[13, array([-16.8974,  -8.8974,  -8.    ,   0.    ]), array([2, 0, 0, 3, 1, 2, 0, 1, 2, 1, 0, 1, 1, 2, 0, 2, 3, 3, 2, 0, 1, 2,
       1, 2, 1, 2, 2, 0, 3, 0, 2, 1, 3, 1, 0, 1, 0, 0, 0, 1, 1, 3, 0, 0,
       0, 1, 2, 2, 0, 3, 2, 0, 0, 2, 1, 0, 0, 3, 2, 0, 1, 0, 0, 1, 3, 0,
       1, 3, 0, 2, 2, 2, 0, 3, 3, 3, 2, 3, 1, 3, 2, 0, 2, 2, 2, 1, 0, 2,
       0, 0, 2, 1, 1, 1, 2, 3, 0, 1, 3, 3, 2, 3, 2, 0, 1, 3, 3, 1, 2, 1,
       2, 3, 1, 0, 2, 2, 3, 1, 0, 1, 3, 2, 0, 2, 0, 3, 1, 2, 3, 2, 2, 3,
       3, 3, 0, 1, 2, 3, 1, 0, 1, 1, 0, 3, 3, 1, 0, 2, 0, 1, 0, 2, 0, 2,
       0, 2], dtype=object)]
[13, array([-16.921,  -7.921,  -9.   ,   0.   ]), array([2, 2, 1, 3, 0, 1, 1, 2, 1, 1, 3, 0, 1, 3, 1, 2, 3, 2, 3, 3, 1, 3,
       3, 0, 0, 0, 1, 3, 3, 2, 3, 3, 3, 0, 0, 1, 2, 1, 2, 0, 0, 0, 2, 0,
       1, 1, 3, 2, 1, 0, 2, 3, 0, 2, 1, 3, 2, 1, 0, 1, 1, 0, 3, 1, 0, 1,
       3, 2, 1, 1, 3, 3, 3, 0, 3, 3, 1, 0, 3, 1, 2, 1, 1, 1, 3, 0, 2, 1,
       0, 2, 3, 3, 2, 1, 3, 0, 2, 3, 1, 0, 0, 0, 2, 2, 1, 3, 2, 0, 1, 0,
       1, 2, 2, 1, 0, 0, 2, 1, 3, 3, 3, 2, 1, 3, 0, 3, 0, 2, 3, 3, 2, 3,
       0, 1, 1, 2, 3, 1, 3, 3, 0, 0, 3, 0, 2, 0, 1, 1, 1, 1, 1, 0, 2, 2,
       2, 1], dtype=object)]
[13, array([-19.8986,  -9.8986, -10.    ,   0.    ]), array([1, 3, 2, 1, 3, 0, 0, 1, 0, 1, 1, 2, 2, 0, 0, 3, 2, 0, 2, 3, 0, 1,
       2, 3, 1, 1, 3, 2, 1, 0, 0, 2, 0, 0, 1, 2, 2, 2, 0, 2, 0, 1, 0, 0,
       2, 0, 2, 1, 2, 1, 0, 3, 2, 1, 2, 1, 3, 1, 3, 0, 3, 3, 0, 0, 2, 1,
       0, 0, 3, 0, 2, 0, 2, 1, 3, 0, 1, 3, 3, 3, 3, 1, 0, 0, 3, 1, 1, 3,
       1, 3, 3, 3, 1, 1, 2, 1, 3, 2, 3, 2, 1, 1, 0, 3, 1, 2, 1, 2, 0, 2,
       3, 3, 1, 2, 2, 3, 3, 0, 2, 0, 2, 0, 0, 1, 1, 0, 3, 1, 3, 2, 1, 2,
       3, 2, 0, 3, 2, 0, 1, 3, 1, 2, 2, 1, 1, 2, 2, 3, 3, 1, 0, 1, 3, 0,
       1, 1], dtype=object)]
[13, array([-20.5208, -10.5208, -10.    ,   0.    ]), array([2, 1, 1, 2, 0, 3, 0, 2, 1, 2, 3, 0, 3, 0, 1, 0, 3, 0, 1, 3, 2, 2,
       2, 3, 0, 3, 1, 2, 3, 2, 3, 2, 1, 1, 2, 2, 2, 3, 1, 0, 1, 1, 2, 2,
       3, 3, 1, 0, 3, 3, 3, 3, 1, 1, 1, 3, 1, 2, 1, 1, 0, 2, 1, 2, 1, 3,
       3, 3, 1, 1, 1, 0, 3, 0, 0, 1, 0, 0, 2, 3, 2, 3, 1, 3, 2, 2, 2, 3,
       1, 3, 3, 0, 0, 3, 0, 0, 3, 2, 2, 0, 3, 0, 0, 3, 3, 1, 2, 3, 0, 2,
       2, 2, 0, 2, 3, 1, 2, 2, 1, 2, 3, 2, 3, 1, 0, 0, 3, 1, 2, 1, 3, 2,
       3, 1, 0, 1, 3, 1, 2, 3, 1, 0, 1, 3, 0, 3, 3, 3, 2, 3, 2, 3, 0, 2,
       3, 1], dtype=object)]
[14, array([-16.8832,  -8.8832,  -8.    ,   0.    ]), array([2, 0, 0, 3, 1, 2, 0, 1, 2, 1, 0, 1, 1, 2, 0, 2, 3, 3, 2, 0, 1, 2,
       1, 2, 1, 2, 2, 0, 3, 0, 2, 1, 3, 1, 0, 1, 0, 0, 0, 1, 1, 3, 0, 0,
       0, 1, 2, 2, 0, 3, 2, 0, 0, 2, 1, 0, 0, 3, 2, 0, 3, 0, 0, 1, 3, 0,
       1, 3, 0, 2, 2, 2, 0, 3, 3, 3, 2, 3, 1, 3, 2, 0, 2, 2, 2, 1, 0, 2,
       0, 0, 2, 1, 1, 1, 2, 3, 0, 1, 3, 3, 2, 1, 2, 0, 1, 3, 3, 1, 2, 1,
       2, 3, 1, 0, 2, 2, 3, 1, 0, 1, 3, 2, 0, 2, 0, 3, 1, 2, 3, 2, 2, 3,
       3, 3, 0, 1, 2, 3, 1, 0, 1, 1, 0, 3, 3, 1, 0, 2, 0, 1, 0, 2, 0, 2,
       0, 2], dtype=object)]
[14, array([-16.5596,  -8.5596,  -8.    ,   0.    ]), array([1, 1, 0, 1, 1, 1, 3, 3, 0, 2, 2, 2, 0, 1, 0, 2, 3, 2, 0, 2, 2, 0,
       3, 1, 2, 2, 1, 1, 1, 1, 3, 2, 1, 3, 2, 3, 2, 3, 3, 2, 3, 3, 0, 1,
       3, 2, 1, 0, 0, 1, 2, 2, 2, 0, 1, 0, 0, 1, 0, 2, 0, 2, 3, 3, 0, 1,
       2, 1, 1, 2, 1, 0, 0, 0, 1, 0, 0, 3, 0, 2, 1, 2, 3, 1, 1, 1, 3, 3,
       1, 0, 3, 3, 1, 3, 0, 1, 1, 0, 1, 3, 2, 3, 3, 2, 1, 3, 3, 3, 1, 3,
       0, 0, 3, 0, 2, 2, 1, 3, 2, 0, 2, 0, 1, 2, 0, 3, 0, 0, 1, 0, 0, 1,
       2, 0, 0, 2, 3, 1, 1, 3, 3, 1, 2, 2, 1, 2, 3, 3, 0, 3, 2, 3, 0, 0,
       3, 3], dtype=object)]
[14, array([-17.0384,  -8.0384,  -9.    ,   0.    ]), array([2, 2, 1, 3, 0, 1, 1, 2, 1, 1, 3, 0, 1, 3, 1, 2, 3, 2, 3, 3, 1, 3,
       3, 0, 0, 0, 1, 3, 3, 2, 3, 3, 3, 0, 0, 1, 2, 1, 2, 0, 0, 0, 2, 0,
       1, 1, 3, 2, 1, 0, 2, 3, 0, 2, 1, 3, 2, 1, 0, 1, 1, 0, 3, 1, 0, 1,
       3, 2, 1, 1, 3, 3, 3, 0, 3, 3, 1, 0, 3, 1, 2, 1, 1, 1, 3, 0, 2, 1,
       0, 2, 3, 3, 2, 1, 3, 0, 2, 3, 1, 0, 0, 0, 2, 2, 1, 3, 2, 0, 1, 0,
       1, 2, 2, 1, 0, 0, 2, 1, 3, 3, 3, 2, 1, 3, 0, 3, 0, 2, 3, 3, 2, 3,
       0, 1, 1, 2, 0, 1, 3, 3, 0, 0, 3, 0, 2, 0, 1, 1, 1, 1, 1, 0, 2, 2,
       2, 1], dtype=object)]
[14, array([-19.5082,  -9.5082, -10.    ,   0.    ]), array([1, 3, 2, 1, 3, 0, 0, 1, 0, 1, 1, 2, 2, 0, 0, 0, 2, 0, 2, 3, 0, 1,
       2, 3, 1, 1, 3, 2, 1, 0, 0, 2, 0, 0, 1, 2, 2, 2, 0, 2, 0, 1, 0, 0,
       2, 0, 2, 1, 2, 1, 0, 3, 2, 1, 2, 1, 3, 1, 3, 0, 3, 3, 0, 0, 2, 3,
       0, 0, 3, 0, 2, 0, 2, 1, 3, 0, 1, 3, 3, 3, 3, 1, 0, 0, 3, 1, 1, 3,
       1, 3, 3, 3, 1, 1, 2, 1, 3, 2, 3, 2, 1, 1, 0, 3, 1, 2, 1, 2, 0, 2,
       3, 3, 1, 2, 2, 3, 3, 0, 2, 0, 2, 0, 0, 1, 1, 0, 3, 1, 3, 2, 1, 2,
       3, 2, 0, 3, 2, 0, 1, 3, 1, 2, 2, 1, 1, 2, 2, 3, 3, 1, 0, 1, 3, 0,
       1, 1], dtype=object)]
[15, array([-18.6118,  -9.6118,  -9.    ,   0.    ]), array([3, 2, 0, 1, 1, 3, 3, 3, 1, 2, 2, 2, 0, 2, 1, 3, 1, 0, 3, 2, 3, 3,
       0, 2, 2, 2, 0, 1, 1, 0, 3, 2, 1, 2, 3, 2, 2, 3, 0, 3, 1, 0, 1, 1,
       3, 1, 0, 0, 3, 0, 1, 1, 1, 0, 2, 3, 1, 2, 3, 3, 2, 2, 0, 3, 1, 0,
       0, 0, 3, 3, 3, 0, 3, 0, 0, 1, 0, 3, 1, 3, 2, 2, 1, 3, 2, 2, 2, 3,
       1, 3, 3, 0, 0, 2, 0, 0, 3, 2, 2, 2, 0, 3, 0, 3, 3, 1, 2, 3, 0, 2,
       2, 2, 0, 2, 3, 0, 2, 2, 1, 0, 3, 2, 3, 2, 0, 0, 2, 1, 2, 1, 1, 0,
       3, 0, 0, 1, 3, 1, 2, 3, 3, 0, 1, 1, 2, 3, 3, 3, 0, 1, 2, 1, 0, 0,
       3, 1], dtype=object)]
[15, array([-18.0932,  -9.0932,  -9.    ,   0.    ]), array([1, 3, 0, 1, 0, 0, 0, 0, 2, 1, 2, 0, 2, 1, 0, 3, 3, 1, 3, 3, 3, 2,
       1, 3, 3, 1, 0, 1, 2, 2, 0, 1, 3, 1, 2, 1, 2, 3, 0, 1, 0, 2, 2, 3,
       2, 1, 3, 1, 0, 3, 1, 3, 3, 1, 2, 2, 2, 1, 1, 1, 2, 0, 0, 2, 1, 3,
       2, 0, 1, 3, 0, 1, 0, 3, 1, 3, 3, 1, 1, 0, 3, 0, 3, 1, 1, 2, 2, 3,
       1, 2, 0, 1, 3, 3, 0, 3, 0, 3, 3, 0, 2, 0, 3, 3, 0, 1, 3, 3, 2, 3,
       1, 0, 0, 1, 2, 1, 3, 3, 0, 1, 3, 2, 0, 3, 3, 0, 1, 2, 0, 0, 2, 1,
       1, 3, 1, 2, 1, 0, 0, 2, 2, 0, 2, 2, 0, 1, 1, 2, 2, 2, 3, 3, 2, 1,
       2, 3], dtype=object)]
[15, array([-13.935,  -6.935,  -7.   ,   0.   ]), array([3, 0, 0, 0, 0, 3, 2, 2, 1, 1, 3, 2, 3, 1, 1, 1, 3, 3, 0, 3, 1, 1,
       2, 1, 0, 1, 2, 1, 3, 2, 3, 0, 3, 2, 1, 2, 0, 3, 0, 3, 3, 3, 3, 1,
       1, 0, 0, 0, 2, 1, 0, 0, 3, 2, 0, 2, 3, 3, 1, 2, 1, 3, 0, 2, 1, 1,
       0, 3, 2, 0, 1, 2, 1, 2, 3, 0, 3, 0, 2, 2, 2, 2, 2, 0, 2, 0, 3, 2,
       2, 0, 0, 1, 0, 3, 0, 3, 2, 2, 1, 2, 3, 2, 1, 1, 3, 1, 0, 1, 2, 3,
       2, 3, 2, 0, 2, 2, 3, 2, 2, 2, 1, 3, 3, 3, 2, 1, 0, 1, 2, 0, 3, 3,
       3, 2, 2, 1, 2, 3, 1, 1, 3, 0, 0, 2, 0, 3, 1, 2, 0, 2, 2, 0, 1, 3,
       0, 3], dtype=object)]
[15, array([-20.221, -10.221, -10.   ,   0.   ]), array([1, 3, 2, 1, 3, 0, 0, 1, 0, 1, 1, 2, 2, 0, 0, 3, 2, 0, 2, 3, 0, 1,
       2, 3, 1, 1, 3, 2, 1, 0, 0, 2, 0, 0, 1, 2, 2, 2, 0, 2, 0, 1, 0, 0,
       2, 0, 2, 1, 2, 1, 0, 3, 2, 1, 2, 1, 3, 1, 3, 0, 3, 3, 0, 0, 2, 1,
       0, 0, 3, 0, 2, 0, 2, 1, 3, 0, 1, 3, 3, 3, 3, 1, 0, 0, 3, 1, 1, 3,
       1, 3, 3, 3, 1, 1, 2, 1, 3, 2, 3, 2, 1, 1, 0, 3, 1, 2, 1, 2, 0, 2,
       3, 3, 1, 2, 2, 3, 3, 0, 2, 0, 2, 0, 0, 1, 1, 0, 3, 1, 3, 2, 1, 2,
       3, 2, 0, 3, 2, 0, 1, 3, 1, 2, 2, 1, 1, 2, 2, 3, 3, 1, 0, 1, 3, 0,
       1, 1], dtype=object)]
[16, array([-17.1452,  -8.1452,  -9.    ,   0.    ]), array([3, 2, 0, 1, 1, 3, 3, 3, 1, 2, 2, 2, 0, 2, 1, 3, 1, 0, 3, 2, 3, 3,
       0, 2, 2, 2, 0, 1, 1, 0, 3, 2, 1, 2, 3, 2, 2, 3, 0, 3, 1, 0, 1, 1,
       3, 1, 0, 0, 3, 0, 1, 1, 1, 0, 2, 3, 1, 2, 3, 3, 2, 2, 0, 3, 1, 0,
       0, 0, 3, 3, 3, 0, 3, 0, 0, 1, 0, 3, 1, 3, 2, 2, 1, 3, 2, 2, 2, 3,
       1, 3, 3, 0, 0, 2, 0, 0, 3, 2, 2, 2, 0, 3, 0, 3, 3, 1, 2, 3, 0, 2,
       2, 2, 0, 2, 3, 0, 2, 2, 1, 0, 3, 2, 3, 2, 0, 0, 2, 1, 2, 1, 1, 0,
       3, 0, 0, 1, 3, 1, 2, 3, 3, 0, 1, 1, 2, 3, 3, 3, 0, 1, 2, 1, 0, 0,
       3, 1], dtype=object)]
[16, array([-17.716,  -8.716,  -9.   ,   0.   ]), array([1, 3, 0, 1, 0, 0, 0, 0, 2, 1, 2, 0, 2, 1, 0, 3, 3, 1, 3, 3, 3, 2,
       1, 3, 3, 1, 0, 1, 2, 2, 0, 1, 3, 1, 2, 1, 2, 3, 0, 1, 0, 2, 2, 3,
       2, 1, 3, 1, 0, 3, 1, 3, 3, 1, 2, 2, 2, 1, 3, 1, 2, 0, 0, 2, 1, 3,
       2, 0, 1, 3, 0, 1, 0, 3, 1, 3, 3, 1, 1, 0, 3, 0, 3, 1, 1, 2, 2, 3,
       1, 2, 0, 1, 3, 3, 0, 3, 0, 3, 3, 0, 2, 0, 3, 3, 0, 1, 3, 3, 2, 3,
       1, 0, 0, 1, 2, 1, 3, 3, 0, 1, 3, 2, 0, 3, 3, 0, 1, 2, 0, 0, 2, 1,
       1, 3, 1, 2, 1, 0, 0, 2, 2, 0, 2, 2, 0, 1, 1, 2, 2, 2, 3, 3, 2, 1,
       2, 3], dtype=object)]
[16, array([-13.1734,  -6.1734,  -7.    ,   0.    ]), array([3, 0, 0, 0, 0, 3, 2, 2, 2, 1, 3, 2, 3, 1, 1, 1, 3, 3, 0, 3, 1, 1,
       2, 1, 0, 1, 2, 1, 3, 2, 3, 0, 3, 2, 1, 2, 0, 3, 0, 3, 3, 3, 3, 1,
       1, 0, 0, 0, 2, 1, 0, 0, 3, 2, 0, 2, 3, 3, 1, 2, 1, 3, 0, 2, 1, 1,
       0, 3, 2, 0, 1, 2, 1, 2, 3, 0, 3, 0, 2, 2, 2, 2, 2, 0, 2, 0, 3, 2,
       2, 0, 0, 1, 0, 3, 0, 3, 2, 2, 1, 2, 3, 2, 1, 1, 3, 1, 0, 1, 2, 3,
       2, 3, 2, 0, 2, 2, 3, 2, 2, 2, 1, 3, 3, 3, 2, 1, 0, 1, 2, 0, 3, 3,
       3, 2, 2, 1, 2, 3, 1, 1, 3, 0, 0, 2, 0, 3, 1, 2, 0, 2, 2, 0, 0, 3,
       0, 3], dtype=object)]
[16, array([-20.4918, -10.4918, -10.    ,   0.    ]), array([1, 3, 2, 1, 3, 0, 0, 1, 0, 1, 1, 2, 2, 0, 0, 3, 2, 0, 2, 3, 0, 1,
       2, 3, 1, 1, 3, 2, 1, 0, 0, 2, 0, 0, 1, 2, 2, 2, 0, 2, 0, 1, 0, 0,
       2, 0, 2, 1, 2, 1, 0, 3, 2, 1, 2, 1, 3, 1, 3, 0, 3, 3, 0, 0, 2, 1,
       0, 1, 3, 0, 2, 0, 2, 1, 3, 0, 1, 3, 3, 3, 3, 1, 0, 0, 3, 1, 1, 3,
       1, 3, 3, 3, 1, 1, 2, 1, 3, 2, 3, 2, 1, 1, 0, 3, 1, 2, 1, 2, 0, 2,
       3, 3, 1, 2, 2, 3, 3, 0, 2, 0, 2, 0, 0, 1, 1, 0, 3, 1, 3, 2, 1, 2,
       3, 2, 0, 3, 2, 0, 1, 3, 1, 2, 2, 1, 1, 2, 2, 3, 3, 1, 0, 1, 3, 0,
       1, 1], dtype=object)]
[17, array([-16.2176,  -8.2176,  -8.    ,   0.    ]), array([1, 1, 0, 1, 1, 1, 3, 3, 0, 2, 2, 2, 0, 1, 0, 2, 3, 2, 0, 2, 2, 0,
       3, 1, 2, 2, 1, 1, 1, 1, 3, 2, 1, 3, 2, 3, 2, 3, 3, 2, 3, 3, 0, 1,
       3, 2, 1, 0, 0, 1, 2, 2, 2, 0, 1, 0, 0, 1, 0, 2, 0, 2, 3, 3, 0, 1,
       2, 1, 1, 2, 1, 0, 0, 0, 1, 0, 0, 3, 0, 2, 1, 2, 3, 1, 1, 1, 3, 3,
       1, 0, 3, 3, 1, 3, 0, 1, 1, 0, 1, 3, 2, 3, 3, 2, 1, 3, 3, 3, 1, 3,
       0, 0, 3, 0, 2, 2, 1, 3, 2, 0, 2, 0, 1, 2, 0, 3, 0, 0, 1, 0, 0, 1,
       2, 0, 0, 2, 3, 1, 1, 3, 3, 1, 2, 2, 1, 2, 3, 3, 0, 3, 2, 3, 0, 0,
       3, 3], dtype=object)]
[17, array([-27.438, -13.438, -14.   ,   0.   ]), array([3, 0, 3, 3, 2, 3, 0, 3, 2, 3, 2, 3, 3, 3, 2, 0, 2, 1, 3, 0, 0, 0,
       1, 1, 3, 3, 3, 0, 2, 1, 2, 3, 1, 0, 0, 0, 1, 2, 3, 3, 2, 1, 3, 1,
       2, 1, 3, 2, 1, 0, 2, 2, 0, 2, 3, 0, 0, 3, 3, 1, 3, 2, 3, 0, 0, 2,
       0, 3, 0, 0, 2, 2, 3, 3, 1, 3, 1, 2, 2, 3, 2, 2, 2, 3, 3, 3, 2, 1,
       3, 2, 0, 2, 0, 3, 2, 1, 3, 0, 2, 1, 1, 1, 0, 1, 2, 0, 0, 3, 0, 0,
       0, 2, 0, 0, 3, 3, 2, 2, 1, 1, 0, 3, 1, 1, 2, 1, 1, 1, 3, 2, 1, 2,
       3, 2, 0, 3, 2, 0, 1, 3, 1, 2, 2, 1, 1, 2, 2, 3, 3, 1, 0, 1, 3, 0,
       1, 2], dtype=object)]
[17, array([-17.4126,  -9.4126,  -8.    ,   0.    ]), array([2, 0, 0, 3, 1, 2, 0, 1, 2, 1, 0, 1, 1, 2, 0, 2, 3, 3, 2, 0, 1, 2,
       1, 2, 1, 2, 2, 3, 3, 0, 2, 1, 3, 1, 0, 1, 0, 0, 0, 1, 1, 3, 0, 0,
       0, 1, 2, 2, 0, 3, 2, 0, 0, 2, 1, 0, 0, 3, 2, 0, 3, 0, 0, 1, 3, 0,
       1, 3, 0, 2, 2, 2, 0, 3, 3, 3, 2, 3, 1, 3, 2, 0, 2, 2, 2, 1, 0, 2,
       0, 0, 2, 1, 1, 2, 2, 3, 0, 1, 3, 3, 2, 1, 2, 0, 1, 3, 3, 1, 2, 1,
       2, 3, 1, 0, 2, 2, 3, 1, 0, 1, 3, 2, 0, 2, 0, 3, 1, 2, 3, 2, 2, 3,
       3, 3, 0, 1, 2, 3, 1, 0, 1, 1, 0, 3, 3, 1, 0, 2, 0, 1, 0, 2, 0, 1,
       2, 2], dtype=object)]
[17, array([-16.341,  -8.341,  -8.   ,   0.   ]), array([1, 0, 1, 2, 0, 2, 1, 2, 1, 0, 2, 1, 1, 3, 1, 2, 3, 2, 3, 3, 1, 3,
       3, 1, 0, 3, 1, 0, 3, 2, 1, 2, 3, 1, 0, 2, 2, 0, 1, 2, 1, 1, 1, 1,
       1, 1, 3, 3, 1, 1, 2, 3, 2, 2, 1, 3, 2, 3, 0, 3, 1, 1, 3, 1, 1, 1,
       0, 2, 0, 3, 3, 1, 3, 0, 3, 0, 3, 2, 1, 2, 2, 3, 2, 1, 3, 0, 3, 2,
       2, 0, 0, 1, 0, 0, 0, 3, 2, 3, 0, 3, 2, 3, 1, 1, 3, 0, 0, 1, 2, 3,
       2, 3, 2, 0, 1, 3, 3, 2, 2, 3, 1, 3, 3, 3, 2, 1, 2, 1, 0, 1, 0, 2,
       3, 1, 1, 1, 1, 0, 3, 0, 1, 0, 0, 3, 2, 1, 1, 1, 1, 2, 3, 3, 2, 3,
       2, 1], dtype=object)]
[18, array([-16.5322,  -8.5322,  -8.    ,   0.    ]), array([1, 1, 0, 1, 1, 1, 3, 3, 0, 2, 2, 2, 0, 1, 0, 2, 2, 2, 0, 2, 2, 0,
       3, 1, 2, 2, 1, 1, 1, 1, 3, 2, 1, 3, 2, 2, 2, 3, 3, 2, 3, 3, 0, 1,
       3, 2, 1, 0, 0, 1, 2, 2, 2, 0, 2, 0, 0, 1, 0, 2, 0, 2, 3, 3, 0, 1,
       2, 1, 1, 2, 1, 0, 0, 0, 1, 0, 0, 3, 0, 2, 1, 2, 3, 1, 1, 1, 3, 3,
       1, 0, 3, 3, 1, 3, 0, 1, 1, 2, 1, 3, 2, 3, 3, 2, 1, 3, 3, 3, 1, 3,
       0, 0, 3, 0, 2, 2, 2, 3, 2, 0, 2, 0, 1, 2, 0, 3, 0, 0, 1, 0, 0, 1,
       2, 0, 0, 2, 3, 1, 1, 3, 3, 1, 2, 2, 1, 2, 3, 3, 0, 3, 2, 3, 0, 0,
       0, 3], dtype=object)]
[18, array([-17.8298,  -8.8298,  -9.    ,   0.    ]), array([1, 3, 2, 1, 1, 1, 1, 0, 1, 1, 2, 3, 2, 2, 2, 1, 1, 2, 0, 2, 2, 2,
       0, 1, 1, 1, 0, 1, 1, 2, 1, 0, 2, 3, 1, 2, 2, 1, 2, 2, 1, 0, 0, 3,
       1, 0, 3, 2, 1, 3, 0, 3, 2, 2, 0, 2, 0, 3, 0, 0, 1, 2, 1, 1, 0, 0,
       0, 2, 1, 1, 0, 1, 3, 0, 1, 0, 2, 3, 3, 0, 0, 3, 3, 2, 1, 3, 3, 0,
       2, 0, 1, 0, 3, 2, 2, 2, 3, 3, 2, 2, 0, 3, 0, 1, 2, 3, 2, 3, 3, 0,
       2, 0, 0, 3, 1, 1, 0, 3, 1, 3, 2, 1, 0, 1, 0, 3, 2, 1, 0, 0, 0, 1,
       3, 1, 3, 2, 2, 1, 0, 3, 1, 3, 0, 0, 1, 1, 1, 2, 2, 1, 2, 0, 3, 0,
       1, 3], dtype=object)]
[18, array([-15.9746,  -7.9746,  -8.    ,   0.    ]), array([2, 0, 0, 3, 1, 2, 0, 1, 2, 1, 0, 1, 1, 2, 0, 2, 3, 3, 2, 0, 1, 2,
       1, 2, 1, 1, 2, 0, 3, 0, 2, 1, 3, 1, 0, 1, 0, 0, 0, 1, 1, 3, 0, 0,
       0, 1, 2, 2, 0, 3, 2, 0, 0, 2, 1, 0, 0, 3, 2, 0, 3, 0, 0, 1, 3, 0,
       1, 3, 0, 2, 2, 2, 0, 3, 3, 3, 2, 3, 1, 3, 2, 0, 2, 2, 2, 1, 0, 2,
       0, 0, 2, 1, 1, 1, 2, 3, 0, 1, 3, 3, 2, 1, 2, 0, 1, 3, 3, 1, 2, 1,
       2, 3, 1, 0, 2, 2, 3, 1, 0, 1, 3, 2, 0, 2, 0, 3, 1, 2, 3, 2, 2, 3,
       3, 3, 0, 1, 0, 3, 2, 0, 1, 1, 0, 3, 3, 1, 0, 2, 0, 1, 0, 2, 0, 2,
       0, 3], dtype=object)]
[18, array([-20.2466, -10.2466, -10.    ,   0.    ]), array([3, 1, 2, 2, 1, 1, 1, 3, 3, 3, 2, 0, 2, 1, 3, 3, 1, 2, 0, 3, 1, 0,
       3, 0, 3, 3, 0, 0, 2, 1, 2, 3, 3, 3, 0, 3, 3, 1, 3, 3, 2, 3, 3, 1,
       2, 2, 3, 3, 2, 0, 0, 3, 3, 3, 3, 3, 3, 1, 3, 0, 0, 3, 0, 3, 2, 1,
       2, 0, 3, 3, 2, 1, 2, 3, 1, 2, 1, 3, 0, 3, 2, 1, 2, 1, 1, 0, 3, 3,
       0, 3, 0, 1, 1, 1, 3, 1, 3, 0, 2, 1, 1, 1, 1, 1, 2, 2, 0, 2, 1, 3,
       0, 2, 3, 2, 1, 2, 1, 2, 3, 0, 2, 0, 1, 3, 2, 0, 1, 0, 1, 2, 3, 2,
       2, 2, 0, 3, 2, 0, 1, 0, 1, 1, 0, 0, 1, 1, 2, 3, 3, 1, 0, 0, 2, 2,
       1, 1], dtype=object)]
[19, array([-16.9838,  -8.9838,  -8.    ,   0.    ]), array([1, 1, 0, 1, 1, 3, 3, 3, 0, 2, 2, 2, 0, 1, 0, 2, 3, 2, 0, 2, 2, 0,
       3, 1, 2, 2, 1, 1, 1, 1, 3, 2, 1, 3, 2, 3, 2, 3, 3, 2, 3, 3, 0, 1,
       3, 2, 1, 0, 0, 1, 2, 2, 2, 0, 1, 0, 0, 1, 0, 2, 0, 2, 3, 3, 0, 1,
       2, 1, 1, 2, 1, 0, 0, 0, 1, 0, 0, 3, 0, 2, 1, 2, 3, 1, 1, 1, 3, 3,
       1, 0, 3, 3, 1, 3, 0, 1, 1, 0, 1, 3, 2, 3, 3, 2, 1, 3, 3, 3, 1, 3,
       0, 0, 3, 0, 2, 2, 1, 3, 2, 0, 2, 0, 1, 2, 0, 3, 0, 0, 1, 0, 0, 1,
       2, 0, 0, 2, 3, 1, 1, 3, 3, 1, 2, 2, 1, 2, 3, 3, 0, 3, 2, 3, 0, 0,
       3, 3], dtype=object)]
[19, array([-19.4726,  -9.4726, -10.    ,   0.    ]), array([2, 1, 0, 1, 0, 2, 3, 0, 1, 3, 2, 0, 1, 2, 2, 1, 1, 0, 2, 2, 3, 2,
       3, 1, 0, 1, 3, 1, 3, 2, 1, 0, 2, 0, 2, 3, 2, 3, 2, 1, 2, 0, 0, 2,
       1, 2, 3, 2, 0, 0, 0, 3, 1, 3, 1, 2, 0, 3, 0, 1, 1, 0, 1, 3, 0, 0,
       0, 3, 3, 0, 1, 1, 3, 0, 1, 3, 1, 0, 2, 2, 0, 3, 3, 2, 0, 3, 3, 0,
       2, 2, 1, 1, 3, 2, 2, 1, 3, 3, 3, 0, 2, 0, 0, 3, 2, 3, 2, 3, 2, 0,
       2, 0, 0, 3, 1, 3, 0, 3, 1, 3, 2, 0, 3, 1, 0, 3, 2, 1, 0, 0, 0, 0,
       3, 1, 2, 0, 0, 1, 0, 3, 0, 3, 1, 0, 1, 2, 1, 1, 1, 0, 2, 2, 3, 0,
       1, 3], dtype=object)]
[19, array([-19.1246,  -9.1246, -10.    ,   0.    ]), array([1, 3, 2, 1, 3, 0, 0, 1, 0, 1, 1, 2, 2, 0, 0, 0, 2, 0, 2, 3, 0, 1,
       2, 3, 1, 1, 3, 2, 1, 0, 0, 2, 0, 0, 1, 2, 2, 2, 0, 2, 0, 1, 0, 0,
       2, 0, 2, 1, 2, 1, 0, 3, 2, 1, 2, 1, 3, 1, 3, 0, 3, 3, 0, 0, 2, 3,
       0, 0, 3, 0, 2, 0, 2, 1, 3, 0, 1, 3, 3, 3, 3, 1, 0, 0, 3, 1, 1, 3,
       1, 3, 3, 3, 1, 1, 2, 1, 3, 2, 3, 2, 1, 1, 0, 3, 1, 2, 1, 2, 0, 2,
       3, 3, 1, 2, 2, 3, 3, 0, 2, 0, 2, 0, 0, 1, 1, 0, 3, 1, 3, 2, 1, 2,
       3, 2, 0, 3, 2, 0, 1, 1, 0, 3, 2, 2, 3, 2, 3, 3, 1, 1, 2, 2, 3, 2,
       3, 3], dtype=object)]
[19, array([-15.4384,  -7.4384,  -8.    ,   0.    ]), array([2, 2, 1, 2, 2, 3, 2, 3, 3, 1, 0, 1, 3, 3, 2, 3, 1, 0, 2, 0, 1, 2,
       1, 2, 1, 2, 2, 0, 3, 0, 2, 1, 3, 1, 0, 1, 0, 0, 0, 1, 1, 3, 0, 0,
       0, 1, 2, 2, 0, 3, 2, 0, 0, 2, 1, 0, 0, 3, 2, 0, 3, 0, 0, 1, 3, 0,
       1, 3, 0, 2, 2, 2, 0, 3, 3, 3, 2, 3, 1, 3, 2, 0, 2, 2, 2, 1, 0, 2,
       0, 0, 2, 1, 1, 1, 2, 3, 0, 1, 3, 3, 2, 1, 2, 0, 1, 3, 3, 1, 2, 1,
       2, 3, 1, 0, 2, 2, 3, 1, 0, 1, 3, 2, 0, 2, 0, 3, 1, 2, 3, 2, 2, 3,
       3, 3, 0, 1, 2, 3, 1, 0, 1, 1, 0, 3, 3, 1, 0, 2, 0, 1, 0, 2, 0, 2,
       0, 2], dtype=object)]
[20, array([-15.1076,  -7.1076,  -8.    ,   0.    ]), array([1, 1, 0, 1, 1, 1, 3, 3, 0, 2, 2, 2, 0, 1, 0, 2, 3, 3, 0, 2, 2, 0,
       3, 1, 2, 2, 1, 1, 1, 1, 3, 2, 1, 3, 2, 3, 2, 3, 3, 2, 3, 3, 0, 1,
       3, 2, 1, 0, 0, 1, 2, 2, 2, 0, 1, 0, 0, 1, 0, 2, 0, 2, 3, 3, 0, 1,
       2, 1, 1, 2, 1, 2, 0, 0, 1, 0, 0, 3, 0, 2, 1, 2, 3, 1, 1, 1, 0, 3,
       1, 0, 3, 3, 1, 3, 0, 1, 1, 0, 1, 3, 2, 3, 3, 2, 1, 3, 3, 3, 1, 3,
       0, 0, 3, 0, 2, 2, 1, 3, 2, 0, 2, 0, 1, 2, 0, 3, 0, 0, 1, 0, 0, 1,
       2, 0, 0, 2, 3, 1, 1, 3, 3, 1, 2, 2, 1, 2, 3, 3, 0, 3, 2, 3, 0, 0,
       3, 3], dtype=object)]
[20, array([-19.5864,  -9.5864, -10.    ,   0.    ]), array([1, 3, 2, 1, 3, 0, 0, 1, 0, 1, 1, 2, 2, 0, 0, 0, 2, 0, 2, 3, 0, 1,
       2, 3, 1, 1, 3, 2, 1, 0, 0, 2, 0, 0, 1, 2, 2, 2, 0, 2, 0, 1, 0, 0,
       2, 0, 2, 1, 2, 1, 0, 3, 2, 1, 2, 1, 3, 1, 3, 0, 3, 3, 0, 0, 2, 3,
       0, 0, 3, 0, 2, 0, 2, 1, 3, 0, 1, 3, 3, 3, 3, 1, 0, 0, 3, 1, 0, 3,
       1, 3, 3, 3, 1, 1, 2, 1, 3, 2, 3, 2, 1, 1, 0, 3, 1, 2, 1, 2, 0, 2,
       3, 3, 1, 2, 2, 3, 3, 0, 2, 0, 2, 0, 0, 1, 1, 0, 3, 1, 3, 2, 1, 2,
       3, 2, 0, 3, 2, 0, 1, 1, 0, 3, 2, 2, 3, 2, 3, 3, 1, 1, 2, 2, 3, 2,
       3, 3], dtype=object)]
[20, array([-17.9862,  -8.9862,  -9.    ,   0.    ]), array([3, 2, 0, 0, 2, 2, 0, 2, 1, 1, 3, 0, 1, 2, 2, 2, 3, 3, 1, 2, 1, 1,
       1, 1, 0, 3, 1, 3, 3, 3, 3, 2, 3, 0, 2, 2, 0, 2, 1, 2, 0, 1, 0, 3,
       2, 3, 3, 1, 0, 1, 2, 3, 0, 2, 1, 3, 1, 1, 0, 3, 2, 1, 3, 3, 3, 1,
       3, 2, 0, 2, 1, 0, 1, 1, 2, 2, 1, 2, 3, 1, 2, 0, 1, 3, 3, 2, 2, 3,
       0, 2, 3, 1, 0, 0, 3, 3, 3, 0, 3, 1, 0, 3, 1, 1, 3, 0, 1, 1, 2, 3,
       3, 0, 0, 0, 2, 3, 0, 1, 2, 3, 2, 3, 1, 3, 2, 1, 2, 0, 1, 0, 2, 1,
       1, 3, 0, 1, 2, 1, 3, 1, 0, 3, 1, 0, 1, 1, 0, 3, 0, 3, 0, 2, 3, 0,
       1, 3], dtype=object)]
[20, array([-17.014,  -8.014,  -9.   ,   0.   ]), array([0, 1, 2, 3, 3, 3, 2, 2, 0, 0, 3, 3, 3, 3, 3, 3, 0, 0, 2, 3, 2, 2,
       3, 0, 3, 1, 1, 2, 2, 1, 2, 2, 0, 1, 3, 0, 0, 1, 1, 3, 1, 2, 3, 0,
       0, 1, 1, 0, 0, 1, 1, 2, 0, 3, 1, 3, 1, 3, 1, 1, 3, 1, 2, 0, 0, 1,
       0, 2, 3, 1, 1, 3, 1, 1, 2, 0, 2, 0, 1, 3, 2, 0, 1, 0, 0, 1, 0, 2,
       3, 0, 1, 1, 2, 0, 2, 3, 3, 1, 3, 2, 1, 0, 2, 3, 0, 2, 1, 3, 3, 1,
       3, 1, 3, 0, 2, 0, 2, 2, 1, 1, 2, 2, 0, 2, 0, 3, 1, 0, 2, 2, 3, 3,
       1, 1, 2, 1, 2, 0, 2, 0, 2, 2, 0, 1, 3, 1, 0, 3, 0, 2, 0, 3, 3, 2,
       2, 2], dtype=object)]
[21, array([-19.976,  -9.976, -10.   ,   0.   ]), array([2, 3, 3, 3, 2, 3, 0, 0, 0, 0, 1, 3, 1, 3, 2, 0, 1, 3, 0, 0, 0, 2,
       0, 1, 1, 3, 2, 2, 2, 3, 2, 1, 2, 3, 3, 2, 0, 3, 3, 2, 0, 1, 3, 1,
       1, 2, 3, 3, 0, 2, 3, 3, 1, 2, 2, 2, 0, 2, 0, 0, 3, 1, 2, 2, 2, 2,
       3, 0, 2, 0, 2, 1, 1, 0, 1, 3, 3, 2, 1, 1, 1, 2, 0, 3, 2, 1, 3, 0,
       2, 2, 2, 0, 0, 0, 0, 2, 1, 0, 1, 1, 3, 3, 2, 0, 1, 3, 2, 3, 3, 3,
       0, 1, 0, 3, 1, 1, 0, 1, 1, 1, 2, 1, 1, 2, 2, 2, 1, 3, 2, 3, 2, 0,
       3, 0, 0, 2, 0, 3, 0, 3, 2, 2, 3, 2, 0, 0, 0, 1, 3, 2, 2, 2, 0, 3,
       1, 1], dtype=object)]
[21, array([-17.9984,  -8.9984,  -9.    ,   0.    ]), array([1, 1, 2, 1, 3, 0, 0, 1, 0, 3, 1, 2, 1, 0, 0, 0, 1, 0, 0, 3, 0, 1,
       2, 3, 1, 1, 3, 2, 1, 1, 1, 2, 0, 2, 0, 2, 0, 2, 0, 2, 2, 1, 1, 0,
       2, 2, 2, 1, 2, 1, 3, 3, 2, 1, 3, 1, 3, 1, 3, 0, 1, 3, 0, 0, 2, 2,
       0, 0, 3, 0, 2, 0, 2, 1, 3, 0, 3, 1, 3, 0, 3, 1, 0, 0, 3, 1, 1, 0,
       0, 3, 3, 1, 1, 1, 2, 1, 3, 2, 3, 2, 1, 1, 0, 3, 1, 2, 2, 2, 0, 3,
       3, 3, 1, 2, 2, 0, 0, 2, 3, 0, 3, 2, 0, 0, 0, 2, 1, 2, 2, 1, 1, 3,
       2, 0, 2, 1, 0, 1, 2, 1, 1, 3, 2, 1, 3, 2, 0, 3, 1, 2, 0, 1, 3, 3,
       1, 3], dtype=object)]
[21, array([-15.7974,  -7.7974,  -8.    ,   0.    ]), array([2, 0, 0, 3, 1, 2, 0, 1, 2, 1, 0, 1, 1, 2, 0, 2, 3, 3, 2, 0, 1, 2,
       1, 2, 1, 2, 2, 0, 3, 0, 2, 1, 3, 1, 0, 1, 0, 0, 0, 1, 1, 3, 0, 0,
       0, 1, 2, 2, 0, 3, 2, 0, 3, 2, 1, 0, 0, 3, 2, 0, 3, 0, 0, 1, 3, 0,
       1, 3, 0, 2, 2, 2, 0, 3, 3, 3, 2, 3, 1, 3, 2, 0, 2, 2, 2, 1, 0, 2,
       0, 0, 2, 1, 1, 1, 2, 3, 0, 1, 3, 3, 2, 1, 2, 0, 1, 3, 3, 1, 2, 1,
       2, 3, 1, 0, 2, 2, 3, 1, 0, 1, 3, 2, 0, 2, 0, 3, 1, 2, 3, 2, 2, 3,
       3, 3, 0, 1, 2, 3, 2, 0, 1, 1, 0, 3, 3, 1, 0, 2, 0, 1, 0, 2, 0, 0,
       0, 1], dtype=object)]
[21, array([-17.335,  -8.335,  -9.   ,   0.   ]), array([3, 1, 0, 1, 1, 2, 3, 0, 1, 3, 2, 0, 2, 1, 1, 0, 2, 0, 3, 0, 2, 2,
       1, 2, 0, 3, 0, 1, 1, 2, 0, 1, 2, 0, 2, 0, 2, 3, 3, 2, 1, 2, 1, 2,
       0, 0, 3, 2, 1, 1, 3, 3, 3, 3, 3, 2, 0, 1, 1, 0, 1, 2, 1, 1, 2, 0,
       3, 2, 1, 1, 3, 3, 2, 2, 0, 2, 1, 2, 1, 0, 3, 3, 0, 2, 1, 1, 3, 0,
       2, 3, 2, 1, 3, 1, 1, 1, 1, 1, 1, 0, 2, 0, 3, 3, 2, 3, 1, 3, 1, 0,
       0, 0, 3, 0, 2, 0, 2, 3, 3, 3, 2, 1, 0, 1, 2, 3, 1, 3, 1, 3, 3, 0,
       3, 3, 2, 3, 2, 3, 0, 2, 2, 0, 3, 2, 1, 1, 3, 0, 1, 0, 1, 2, 3, 0,
       3, 0], dtype=object)]
[22, array([-19.637,  -9.637, -10.   ,   0.   ]), array([2, 3, 3, 3, 2, 3, 0, 0, 0, 0, 1, 3, 1, 3, 2, 0, 1, 3, 0, 0, 0, 2,
       0, 1, 1, 3, 2, 2, 2, 3, 2, 1, 2, 3, 3, 2, 0, 3, 3, 2, 0, 1, 3, 1,
       1, 2, 3, 3, 0, 2, 3, 3, 1, 2, 2, 2, 0, 2, 0, 0, 3, 1, 2, 2, 2, 2,
       3, 0, 2, 0, 2, 1, 1, 0, 1, 3, 3, 2, 1, 1, 1, 2, 0, 3, 2, 1, 3, 0,
       2, 2, 2, 0, 0, 0, 0, 2, 1, 0, 1, 1, 3, 3, 2, 0, 1, 3, 2, 3, 3, 3,
       0, 1, 0, 3, 1, 1, 0, 1, 1, 1, 2, 1, 1, 2, 2, 2, 1, 3, 2, 3, 2, 0,
       3, 0, 0, 2, 0, 3, 0, 3, 2, 2, 3, 2, 0, 0, 0, 1, 3, 2, 2, 2, 0, 3,
       1, 1], dtype=object)]
[22, array([-16.5076,  -8.5076,  -8.    ,   0.    ]), array([1, 3, 1, 1, 0, 0, 0, 1, 0, 0, 1, 2, 2, 0, 0, 0, 2, 0, 2, 1, 0, 0,
       3, 2, 1, 1, 3, 2, 0, 3, 0, 2, 2, 3, 1, 2, 1, 2, 0, 2, 2, 1, 0, 0,
       2, 3, 3, 1, 2, 1, 0, 3, 2, 3, 3, 0, 1, 1, 3, 2, 0, 2, 2, 0, 3, 1,
       3, 2, 0, 2, 0, 2, 0, 0, 3, 0, 1, 2, 3, 2, 3, 2, 0, 3, 0, 2, 0, 0,
       0, 3, 3, 2, 2, 0, 2, 3, 1, 3, 2, 3, 1, 0, 0, 3, 2, 0, 0, 0, 1, 0,
       0, 2, 0, 3, 3, 2, 2, 2, 3, 3, 0, 0, 1, 2, 3, 1, 1, 2, 2, 2, 3, 1,
       0, 2, 0, 3, 2, 3, 2, 3, 3, 0, 1, 2, 0, 2, 3, 0, 3, 1, 1, 1, 0, 3,
       1, 3], dtype=object)]
[22, array([-17.5208,  -8.5208,  -9.    ,   0.    ]), array([3, 1, 0, 1, 1, 2, 3, 0, 1, 3, 2, 0, 2, 1, 1, 0, 2, 0, 3, 0, 2, 2,
       1, 2, 0, 3, 0, 1, 1, 2, 0, 1, 2, 0, 2, 0, 2, 3, 3, 2, 1, 2, 1, 2,
       0, 0, 3, 2, 1, 1, 3, 3, 3, 3, 3, 2, 0, 1, 1, 0, 1, 2, 1, 1, 2, 0,
       3, 2, 1, 1, 3, 2, 2, 2, 0, 2, 1, 2, 1, 0, 3, 3, 0, 2, 1, 1, 3, 0,
       2, 3, 2, 1, 3, 1, 1, 1, 1, 1, 1, 0, 2, 0, 3, 3, 2, 3, 1, 3, 1, 0,
       0, 0, 3, 0, 2, 0, 2, 3, 3, 3, 2, 1, 0, 1, 2, 3, 1, 3, 1, 3, 3, 0,
       3, 3, 2, 3, 2, 3, 0, 2, 2, 0, 3, 2, 1, 1, 3, 0, 1, 0, 1, 2, 3, 0,
       3, 0], dtype=object)]
[22, array([-16.1682,  -8.1682,  -8.    ,   0.    ]), array([2, 0, 0, 3, 1, 2, 0, 1, 2, 1, 0, 1, 1, 2, 0, 2, 3, 3, 2, 0, 1, 2,
       1, 2, 1, 2, 2, 0, 3, 0, 2, 1, 3, 1, 0, 1, 0, 0, 0, 1, 1, 3, 0, 0,
       0, 1, 2, 2, 0, 3, 2, 0, 3, 2, 1, 0, 0, 3, 2, 0, 3, 0, 0, 1, 3, 0,
       1, 3, 0, 2, 2, 2, 0, 3, 3, 3, 2, 3, 1, 3, 2, 0, 2, 2, 2, 1, 0, 2,
       0, 0, 2, 1, 1, 1, 2, 3, 0, 1, 3, 3, 2, 1, 2, 0, 1, 3, 3, 1, 2, 1,
       2, 3, 1, 0, 2, 2, 3, 1, 0, 1, 3, 2, 0, 2, 0, 3, 1, 2, 3, 2, 2, 3,
       3, 3, 0, 1, 2, 3, 2, 0, 1, 1, 0, 3, 3, 1, 0, 2, 0, 1, 0, 2, 0, 0,
       0, 1], dtype=object)]
[23, array([-18.4028,  -9.4028,  -9.    ,   0.    ]), array([0, 1, 2, 0, 3, 3, 3, 0, 2, 0, 1, 2, 2, 2, 3, 3, 1, 3, 3, 3, 0, 1,
       3, 1, 1, 1, 0, 1, 0, 0, 3, 1, 2, 0, 3, 2, 2, 3, 3, 2, 1, 2, 0, 1,
       0, 1, 0, 0, 0, 1, 1, 2, 0, 2, 0, 2, 1, 2, 0, 2, 1, 0, 3, 0, 2, 3,
       1, 2, 0, 3, 1, 0, 1, 2, 1, 0, 0, 2, 3, 2, 2, 3, 0, 1, 1, 0, 2, 0,
       0, 0, 3, 1, 2, 0, 3, 2, 3, 3, 1, 0, 1, 3, 0, 1, 0, 2, 2, 3, 1, 1,
       0, 3, 2, 3, 3, 0, 2, 2, 1, 0, 3, 0, 1, 1, 1, 0, 1, 1, 1, 1, 3, 1,
       1, 3, 0, 2, 3, 3, 0, 3, 3, 2, 2, 3, 0, 0, 2, 2, 0, 3, 1, 2, 3, 3,
       2, 1], dtype=object)]
[23, array([-20.1834, -10.1834, -10.    ,   0.    ]), array([3, 1, 2, 2, 1, 1, 1, 3, 3, 3, 2, 0, 2, 1, 3, 3, 1, 2, 0, 3, 1, 0,
       3, 0, 3, 3, 0, 0, 2, 1, 2, 3, 3, 3, 0, 3, 3, 1, 3, 3, 2, 3, 3, 1,
       2, 2, 3, 3, 2, 0, 0, 3, 3, 3, 3, 3, 3, 1, 3, 0, 0, 3, 0, 3, 2, 1,
       2, 0, 3, 3, 2, 1, 2, 3, 1, 2, 1, 3, 0, 3, 2, 1, 2, 1, 1, 0, 3, 3,
       0, 3, 0, 1, 1, 1, 3, 1, 3, 0, 2, 1, 1, 1, 1, 1, 2, 2, 0, 2, 1, 3,
       0, 2, 3, 2, 1, 2, 1, 2, 3, 0, 2, 0, 1, 3, 2, 0, 1, 0, 1, 2, 3, 2,
       2, 2, 0, 3, 2, 0, 1, 0, 1, 1, 0, 0, 1, 1, 2, 3, 3, 1, 0, 0, 2, 2,
       1, 1], dtype=object)]
[23, array([-18.6628,  -8.6628, -10.    ,   0.    ]), array([0, 0, 3, 0, 3, 2, 1, 2, 2, 2, 2, 1, 2, 2, 0, 2, 2, 2, 2, 1, 3, 3,
       1, 0, 1, 2, 3, 1, 2, 1, 2, 0, 0, 1, 2, 2, 0, 3, 0, 2, 1, 3, 1, 1,
       2, 0, 0, 2, 3, 3, 2, 3, 2, 1, 0, 0, 1, 2, 2, 0, 2, 1, 3, 3, 1, 2,
       2, 2, 2, 1, 2, 1, 0, 2, 3, 3, 2, 3, 0, 0, 1, 1, 3, 1, 2, 2, 0, 1,
       0, 2, 3, 2, 3, 2, 1, 0, 2, 1, 0, 3, 3, 0, 3, 3, 0, 0, 3, 3, 1, 2,
       1, 3, 3, 0, 2, 3, 2, 3, 3, 3, 2, 1, 1, 1, 0, 0, 1, 3, 1, 0, 3, 0,
       3, 3, 2, 3, 2, 3, 1, 2, 0, 0, 3, 2, 3, 1, 3, 0, 1, 2, 0, 2, 3, 3,
       0, 0], dtype=object)]
[23, array([-17.5798,  -8.5798,  -9.    ,   0.    ]), array([0, 3, 0, 1, 0, 0, 0, 0, 2, 1, 2, 0, 2, 1, 0, 3, 3, 1, 3, 3, 3, 2,
       1, 3, 3, 1, 0, 1, 2, 2, 0, 1, 3, 1, 2, 1, 2, 3, 0, 1, 0, 2, 2, 3,
       2, 1, 3, 1, 0, 3, 1, 3, 3, 1, 2, 2, 2, 1, 3, 1, 2, 0, 0, 2, 1, 3,
       2, 0, 1, 3, 0, 1, 0, 3, 1, 3, 3, 1, 1, 0, 3, 0, 3, 1, 1, 2, 2, 3,
       1, 2, 0, 1, 3, 3, 0, 3, 0, 3, 3, 0, 2, 0, 3, 3, 0, 1, 3, 3, 2, 3,
       1, 0, 0, 1, 2, 1, 3, 3, 0, 1, 3, 2, 0, 3, 3, 0, 1, 2, 0, 0, 2, 1,
       1, 3, 1, 2, 1, 0, 0, 2, 2, 0, 2, 2, 0, 1, 1, 2, 2, 2, 3, 3, 2, 1,
       2, 3], dtype=object)]
[24, array([-18.069,  -9.069,  -9.   ,   0.   ]), array([0, 1, 2, 0, 3, 3, 3, 0, 2, 0, 1, 2, 2, 2, 3, 3, 1, 3, 3, 3, 0, 1,
       3, 1, 1, 1, 0, 1, 0, 0, 3, 1, 2, 0, 3, 2, 2, 3, 3, 2, 1, 2, 0, 1,
       0, 1, 0, 0, 0, 1, 1, 2, 0, 2, 0, 2, 1, 2, 0, 2, 1, 0, 3, 0, 2, 3,
       1, 1, 0, 3, 1, 0, 1, 2, 1, 0, 0, 2, 3, 2, 2, 3, 0, 1, 1, 0, 2, 0,
       0, 0, 3, 1, 2, 0, 3, 2, 3, 3, 1, 0, 1, 3, 0, 1, 0, 2, 2, 3, 1, 1,
       0, 3, 2, 3, 3, 0, 2, 2, 1, 0, 3, 0, 1, 1, 1, 0, 1, 1, 1, 1, 3, 1,
       1, 3, 0, 2, 3, 3, 0, 3, 3, 2, 2, 3, 0, 0, 2, 2, 0, 3, 1, 2, 3, 3,
       2, 1], dtype=object)]
[24, array([-20.5242, -10.5242, -10.    ,   0.    ]), array([2, 2, 0, 2, 0, 0, 3, 2, 1, 1, 3, 0, 1, 1, 1, 1, 1, 0, 0, 1, 3, 2,
       0, 2, 2, 0, 3, 2, 2, 0, 0, 0, 2, 0, 2, 1, 3, 0, 2, 2, 3, 0, 3, 2,
       1, 0, 0, 3, 1, 0, 0, 0, 3, 1, 3, 3, 0, 3, 3, 0, 1, 2, 1, 1, 1, 3,
       0, 1, 0, 1, 1, 1, 3, 2, 1, 2, 3, 2, 1, 0, 0, 0, 3, 2, 1, 2, 2, 1,
       2, 1, 1, 0, 1, 1, 3, 3, 3, 1, 3, 0, 2, 2, 3, 3, 2, 3, 2, 2, 2, 1,
       2, 3, 3, 3, 1, 1, 0, 0, 1, 3, 2, 0, 2, 1, 1, 2, 2, 1, 1, 3, 0, 1,
       0, 3, 0, 2, 1, 3, 0, 1, 1, 1, 2, 3, 3, 1, 3, 0, 3, 0, 0, 2, 1, 2,
       0, 2], dtype=object)]
[24, array([-7.8662, -3.8662, -4.    ,  0.    ]), array([3, 1, 0, 2, 1, 1, 3, 0, 2, 1, 1, 1, 0, 1, 0, 3, 3, 3, 0, 3, 2, 1,
       1, 1, 3, 1, 0, 0, 0, 1, 2, 2, 3, 0, 0, 3, 0, 0, 2, 1, 3, 1, 0, 1,
       2, 2, 0, 2, 3, 0, 1, 2, 3, 3, 0, 1, 2, 1, 2, 3, 3, 1, 0, 0, 0, 3,
       2, 0, 3, 1, 0, 0, 3, 1, 1, 3, 0, 1, 0, 0, 2, 3, 2, 1, 3, 1, 0, 3,
       0, 1, 0, 3, 2, 1, 3, 1, 0, 0, 0, 0, 1, 3, 0, 0, 0, 2, 2, 3, 3, 2,
       1, 0, 2, 2, 0, 2, 1, 2, 2, 3, 0, 3, 1, 2, 3, 1, 1, 2, 2, 2, 3, 2,
       3, 2, 3, 2, 1, 0, 3, 1, 0, 0, 2, 0, 0, 2, 3, 0, 0, 1, 0, 0, 3, 3,
       0, 1], dtype=object)]
[24, array([-17.3866,  -8.3866,  -9.    ,   0.    ]), array([0, 3, 0, 1, 0, 0, 0, 0, 2, 1, 2, 0, 2, 1, 0, 3, 3, 1, 3, 3, 3, 2,
       1, 3, 3, 1, 0, 1, 2, 2, 0, 1, 3, 1, 2, 1, 2, 0, 0, 1, 0, 2, 2, 3,
       2, 1, 3, 1, 0, 3, 1, 3, 3, 1, 2, 2, 2, 1, 3, 1, 2, 0, 0, 0, 1, 3,
       2, 0, 1, 3, 0, 1, 0, 3, 1, 3, 3, 1, 1, 0, 3, 0, 3, 1, 1, 2, 2, 3,
       1, 2, 0, 1, 3, 3, 0, 3, 0, 3, 3, 0, 2, 0, 3, 3, 0, 1, 3, 3, 2, 3,
       1, 0, 0, 1, 2, 1, 3, 3, 0, 1, 3, 2, 0, 3, 3, 0, 1, 2, 0, 0, 2, 1,
       1, 3, 1, 2, 1, 0, 0, 2, 2, 0, 2, 2, 0, 1, 1, 2, 2, 2, 3, 3, 2, 1,
       2, 3], dtype=object)]
[25, array([-18.6874,  -8.6874, -10.    ,   0.    ]), array([2, 3, 3, 3, 2, 3, 0, 0, 0, 0, 1, 3, 1, 3, 2, 0, 1, 3, 0, 0, 0, 2,
       0, 1, 1, 3, 2, 2, 2, 3, 2, 1, 2, 3, 3, 2, 0, 3, 3, 2, 0, 1, 3, 1,
       1, 2, 3, 3, 0, 2, 3, 3, 1, 2, 2, 2, 0, 2, 0, 0, 3, 1, 2, 2, 2, 2,
       3, 0, 2, 0, 2, 1, 1, 0, 1, 3, 3, 2, 1, 1, 1, 2, 0, 3, 2, 1, 3, 0,
       2, 2, 2, 0, 0, 0, 0, 2, 1, 0, 1, 1, 3, 3, 2, 0, 1, 3, 2, 3, 3, 3,
       0, 1, 0, 3, 1, 1, 0, 1, 1, 1, 2, 1, 1, 2, 2, 2, 1, 3, 2, 3, 2, 0,
       3, 0, 0, 2, 0, 3, 0, 3, 2, 2, 3, 2, 0, 0, 0, 1, 3, 2, 2, 2, 0, 3,
       1, 1], dtype=object)]
[25, array([-20.0876, -10.0876, -10.    ,   0.    ]), array([1, 3, 2, 1, 3, 0, 0, 1, 0, 1, 1, 2, 2, 0, 0, 0, 2, 0, 2, 3, 0, 1,
       2, 3, 1, 1, 3, 2, 1, 0, 0, 2, 0, 0, 1, 2, 2, 2, 0, 2, 0, 1, 0, 0,
       2, 0, 2, 1, 2, 1, 0, 3, 2, 1, 2, 1, 3, 1, 3, 0, 3, 3, 0, 0, 2, 3,
       0, 0, 3, 0, 2, 0, 2, 1, 3, 0, 1, 3, 3, 3, 3, 1, 0, 0, 3, 1, 1, 3,
       1, 3, 3, 3, 1, 1, 2, 1, 3, 2, 3, 2, 1, 1, 0, 3, 1, 2, 1, 2, 0, 2,
       3, 3, 1, 2, 2, 3, 3, 0, 2, 0, 2, 0, 0, 1, 1, 0, 3, 1, 3, 2, 1, 2,
       3, 2, 0, 3, 2, 0, 1, 3, 1, 2, 2, 1, 1, 2, 2, 3, 3, 1, 0, 1, 3, 0,
       1, 1], dtype=object)]
[25, array([-19.0306,  -9.0306, -10.    ,   0.    ]), array([2, 2, 0, 2, 0, 0, 3, 2, 1, 1, 3, 0, 1, 1, 1, 1, 1, 0, 0, 1, 3, 2,
       0, 2, 2, 0, 3, 2, 2, 0, 0, 0, 2, 0, 2, 1, 3, 0, 2, 2, 3, 0, 3, 2,
       1, 0, 0, 3, 1, 0, 0, 0, 3, 1, 3, 3, 0, 3, 3, 0, 1, 2, 1, 1, 1, 3,
       0, 1, 0, 1, 1, 1, 3, 2, 1, 2, 3, 2, 1, 0, 0, 0, 3, 2, 1, 2, 2, 1,
       2, 1, 1, 0, 1, 1, 3, 3, 3, 1, 3, 0, 2, 2, 3, 3, 2, 3, 2, 2, 2, 1,
       2, 3, 3, 3, 1, 1, 0, 0, 1, 3, 2, 0, 2, 1, 1, 2, 2, 1, 1, 3, 0, 1,
       0, 3, 0, 2, 1, 3, 0, 1, 1, 1, 2, 3, 3, 1, 3, 0, 3, 0, 0, 2, 1, 2,
       0, 2], dtype=object)]
[25, array([-18.0332,  -9.0332,  -9.    ,   0.    ]), array([0, 3, 3, 2, 0, 1, 2, 2, 3, 3, 3, 2, 3, 3, 3, 2, 1, 0, 0, 2, 3, 2,
       2, 2, 3, 0, 1, 0, 3, 3, 1, 0, 2, 1, 2, 0, 3, 3, 2, 0, 0, 1, 2, 0,
       0, 2, 1, 1, 1, 2, 2, 0, 0, 1, 3, 0, 0, 2, 1, 2, 3, 3, 1, 2, 1, 0,
       1, 3, 1, 1, 2, 0, 2, 3, 3, 0, 1, 3, 3, 3, 0, 2, 2, 2, 2, 1, 1, 1,
       0, 0, 2, 1, 1, 1, 1, 2, 2, 3, 1, 2, 3, 1, 1, 0, 0, 2, 0, 1, 2, 3,
       0, 0, 0, 0, 2, 3, 2, 1, 2, 0, 0, 0, 2, 0, 2, 3, 0, 0, 1, 0, 2, 3,
       2, 1, 0, 0, 1, 1, 2, 3, 3, 0, 3, 3, 1, 0, 2, 1, 3, 3, 0, 1, 0, 0,
       3, 0], dtype=object)]
[26, array([-16.3062,  -8.3062,  -8.    ,   0.    ]), array([3, 3, 1, 3, 2, 1, 2, 3, 3, 3, 1, 1, 3, 2, 0, 1, 0, 0, 1, 2, 1, 2,
       0, 0, 2, 3, 0, 0, 1, 2, 2, 0, 3, 1, 3, 2, 0, 0, 2, 3, 0, 3, 2, 1,
       2, 3, 0, 0, 3, 2, 2, 2, 2, 2, 3, 2, 0, 1, 0, 3, 2, 3, 2, 0, 2, 3,
       2, 1, 3, 0, 1, 3, 2, 3, 1, 2, 0, 1, 0, 2, 3, 0, 0, 0, 2, 1, 0, 2,
       1, 0, 0, 1, 1, 0, 3, 1, 2, 3, 1, 2, 3, 1, 1, 0, 3, 3, 0, 0, 1, 0,
       0, 2, 3, 2, 3, 2, 0, 0, 0, 0, 3, 3, 3, 2, 2, 0, 2, 3, 0, 2, 1, 2,
       0, 0, 0, 0, 0, 2, 3, 3, 2, 2, 3, 1, 1, 0, 0, 0, 0, 1, 0, 2, 1, 1,
       3, 0], dtype=object)]
[26, array([-20.483, -10.483, -10.   ,   0.   ]), array([1, 3, 2, 1, 3, 0, 0, 1, 0, 1, 0, 2, 2, 0, 0, 0, 2, 0, 2, 3, 0, 1,
       2, 3, 1, 1, 3, 2, 1, 0, 0, 2, 0, 0, 1, 2, 2, 2, 1, 2, 0, 1, 0, 0,
       2, 0, 2, 1, 2, 1, 0, 3, 2, 1, 2, 1, 3, 1, 3, 0, 3, 3, 0, 0, 2, 3,
       0, 0, 3, 0, 2, 0, 2, 1, 3, 0, 1, 3, 3, 3, 3, 1, 0, 0, 3, 1, 0, 3,
       1, 3, 3, 3, 1, 1, 2, 1, 3, 2, 3, 2, 1, 1, 0, 3, 1, 2, 1, 2, 0, 2,
       3, 3, 1, 2, 2, 3, 3, 0, 2, 0, 2, 0, 0, 1, 1, 0, 3, 1, 3, 2, 1, 2,
       3, 2, 0, 3, 2, 0, 1, 3, 1, 2, 2, 1, 1, 2, 2, 3, 3, 1, 0, 1, 3, 0,
       1, 1], dtype=object)]
[26, array([-19.6668,  -9.6668, -10.    ,   0.    ]), array([3, 1, 0, 0, 1, 1, 1, 1, 1, 3, 2, 0, 2, 2, 1, 0, 2, 2, 3, 2, 2, 2,
       1, 0, 2, 3, 1, 0, 0, 1, 0, 2, 3, 1, 2, 2, 1, 2, 3, 1, 1, 1, 1, 1,
       3, 1, 0, 1, 0, 1, 0, 3, 3, 2, 1, 0, 0, 2, 3, 3, 1, 2, 3, 0, 2, 0,
       3, 3, 1, 1, 0, 3, 2, 2, 0, 2, 1, 3, 1, 0, 3, 0, 0, 2, 1, 1, 0, 0,
       2, 3, 2, 3, 3, 3, 1, 2, 1, 2, 3, 0, 0, 0, 3, 3, 2, 3, 1, 3, 2, 1,
       2, 2, 3, 0, 2, 0, 2, 3, 3, 3, 2, 1, 0, 1, 2, 3, 1, 2, 1, 3, 3, 1,
       3, 1, 1, 3, 2, 3, 2, 2, 1, 2, 0, 0, 1, 3, 2, 1, 2, 2, 2, 3, 2, 2,
       2, 3], dtype=object)]
[26, array([-17.0884,  -8.0884,  -9.    ,   0.    ]), array([0, 3, 3, 2, 0, 1, 2, 2, 3, 3, 3, 2, 3, 3, 3, 2, 1, 0, 0, 2, 3, 2,
       2, 2, 3, 0, 1, 0, 3, 3, 1, 0, 2, 1, 2, 0, 3, 3, 2, 0, 0, 1, 2, 0,
       0, 2, 1, 1, 1, 2, 2, 0, 0, 1, 3, 0, 0, 2, 1, 2, 3, 3, 1, 2, 1, 0,
       1, 3, 1, 1, 2, 0, 2, 3, 3, 0, 1, 3, 3, 3, 0, 2, 2, 2, 2, 1, 1, 1,
       0, 0, 2, 1, 1, 1, 1, 2, 2, 3, 1, 2, 3, 1, 1, 0, 0, 2, 0, 1, 2, 3,
       0, 0, 0, 0, 2, 3, 2, 1, 2, 0, 0, 0, 2, 0, 2, 3, 0, 0, 2, 0, 2, 3,
       2, 1, 0, 0, 1, 1, 2, 3, 3, 0, 3, 3, 1, 0, 2, 1, 3, 3, 0, 1, 0, 0,
       3, 0], dtype=object)]
[27, array([-20.3332, -10.3332, -10.    ,   0.    ]), array([1, 2, 1, 1, 1, 2, 2, 2, 0, 0, 0, 0, 0, 0, 0, 2, 3, 3, 2, 2, 2, 3,
       0, 1, 2, 2, 0, 0, 1, 1, 0, 2, 1, 3, 1, 0, 2, 3, 3, 3, 2, 3, 1, 1,
       0, 2, 3, 0, 0, 3, 0, 2, 2, 1, 2, 1, 2, 1, 2, 3, 3, 2, 2, 0, 2, 0,
       2, 1, 1, 2, 2, 2, 1, 1, 1, 0, 0, 0, 0, 2, 0, 2, 3, 1, 3, 0, 1, 0,
       0, 0, 3, 0, 1, 0, 3, 2, 1, 3, 2, 1, 1, 2, 0, 3, 1, 0, 3, 0, 1, 1,
       1, 1, 2, 3, 0, 1, 0, 0, 2, 3, 3, 2, 3, 1, 0, 0, 3, 3, 2, 0, 0, 1,
       2, 1, 2, 3, 1, 1, 1, 2, 0, 0, 0, 3, 3, 1, 2, 0, 3, 0, 3, 1, 2, 0,
       0, 1], dtype=object)]
[27, array([-19.7698,  -9.7698, -10.    ,   0.    ]), array([1, 3, 2, 1, 3, 0, 0, 1, 0, 1, 1, 2, 2, 0, 0, 0, 2, 0, 2, 3, 0, 1,
       2, 3, 1, 1, 3, 2, 1, 0, 0, 2, 0, 0, 1, 2, 2, 2, 0, 2, 0, 1, 0, 0,
       2, 0, 2, 1, 2, 1, 0, 3, 2, 1, 2, 1, 3, 1, 3, 0, 3, 3, 0, 0, 2, 3,
       0, 0, 3, 0, 2, 0, 2, 1, 3, 0, 1, 3, 3, 3, 3, 1, 0, 0, 3, 1, 1, 3,
       1, 3, 3, 2, 1, 1, 2, 1, 3, 2, 3, 2, 1, 1, 0, 3, 1, 2, 1, 2, 0, 2,
       3, 3, 1, 2, 2, 3, 3, 0, 2, 0, 2, 0, 0, 1, 1, 0, 3, 1, 3, 2, 1, 2,
       3, 2, 0, 3, 2, 0, 1, 3, 1, 2, 2, 1, 1, 2, 2, 3, 3, 1, 0, 1, 3, 0,
       1, 1], dtype=object)]
[27, array([-20.2756, -10.2756, -10.    ,   0.    ]), array([2, 2, 0, 2, 3, 2, 1, 1, 1, 1, 3, 3, 3, 2, 1, 1, 0, 1, 0, 0, 2, 2,
       0, 3, 2, 1, 1, 3, 3, 0, 0, 0, 2, 3, 1, 0, 2, 0, 2, 2, 1, 0, 0, 2,
       1, 0, 2, 3, 0, 0, 0, 0, 1, 2, 1, 3, 2, 3, 2, 0, 3, 2, 1, 0, 0, 1,
       2, 3, 0, 2, 0, 0, 0, 1, 2, 1, 1, 2, 3, 0, 2, 1, 3, 1, 3, 0, 1, 0,
       2, 2, 1, 1, 3, 2, 2, 1, 3, 3, 3, 2, 3, 0, 1, 1, 3, 1, 0, 3, 1, 2,
       2, 3, 0, 1, 2, 1, 1, 0, 1, 2, 1, 0, 2, 1, 0, 2, 1, 1, 3, 3, 2, 0,
       2, 1, 1, 2, 2, 0, 1, 1, 3, 1, 0, 2, 1, 3, 1, 2, 2, 3, 3, 1, 3, 0,
       1, 1], dtype=object)]
[27, array([-18.8456,  -9.8456,  -9.    ,   0.    ]), array([0, 0, 2, 3, 3, 1, 2, 2, 0, 0, 3, 3, 3, 3, 3, 3, 0, 0, 2, 3, 2, 2,
       3, 0, 3, 1, 1, 2, 2, 1, 2, 2, 0, 1, 3, 0, 0, 1, 1, 3, 1, 2, 3, 0,
       0, 1, 1, 0, 0, 1, 1, 2, 0, 3, 1, 3, 1, 3, 1, 1, 3, 1, 2, 0, 0, 1,
       0, 2, 3, 1, 1, 3, 1, 1, 2, 0, 2, 0, 1, 3, 2, 0, 1, 0, 0, 1, 0, 2,
       3, 0, 1, 1, 2, 0, 2, 3, 3, 1, 3, 2, 1, 0, 2, 3, 0, 2, 1, 3, 3, 1,
       3, 1, 3, 0, 2, 0, 2, 2, 1, 1, 2, 2, 0, 2, 0, 3, 1, 0, 2, 2, 3, 3,
       1, 1, 2, 1, 2, 0, 2, 0, 2, 2, 0, 1, 3, 1, 0, 3, 0, 2, 0, 3, 3, 2,
       2, 2], dtype=object)]
[28, array([-17.9942,  -8.9942,  -9.    ,   0.    ]), array([0, 1, 2, 0, 3, 3, 3, 0, 2, 0, 1, 2, 2, 2, 3, 3, 1, 3, 3, 3, 0, 1,
       3, 1, 1, 1, 0, 1, 0, 0, 3, 1, 2, 0, 3, 2, 2, 3, 3, 2, 1, 2, 0, 1,
       0, 1, 0, 0, 0, 1, 1, 2, 0, 2, 0, 2, 1, 2, 0, 2, 1, 0, 3, 0, 2, 3,
       1, 2, 0, 3, 1, 3, 1, 2, 1, 2, 0, 2, 3, 2, 2, 3, 0, 1, 1, 0, 2, 0,
       0, 0, 3, 1, 2, 0, 3, 2, 3, 3, 1, 0, 1, 3, 0, 1, 0, 2, 2, 3, 1, 1,
       0, 3, 2, 3, 3, 0, 2, 2, 1, 0, 3, 0, 1, 1, 1, 0, 1, 1, 1, 1, 3, 1,
       3, 3, 0, 2, 3, 3, 0, 3, 3, 2, 2, 3, 0, 0, 2, 2, 0, 3, 1, 2, 3, 3,
       2, 1], dtype=object)]
[28, array([-4.7668, -2.7668, -2.    ,  0.    ]), array([3, 1, 1, 3, 1, 1, 0, 0, 1, 1, 2, 0, 2, 2, 0, 3, 3, 3, 3, 3, 1, 2,
       0, 0, 2, 1, 3, 0, 1, 0, 2, 2, 2, 1, 1, 2, 0, 2, 1, 2, 1, 1, 2, 0,
       3, 1, 2, 2, 0, 2, 2, 1, 2, 3, 3, 1, 2, 1, 0, 3, 3, 3, 2, 3, 3, 3,
       3, 3, 0, 2, 2, 1, 2, 0, 0, 3, 2, 2, 3, 0, 2, 1, 1, 2, 3, 1, 3, 2,
       0, 3, 2, 3, 1, 0, 2, 0, 3, 0, 1, 2, 1, 2, 0, 0, 1, 2, 2, 0, 3, 2,
       1, 0, 2, 2, 3, 2, 1, 2, 2, 2, 0, 3, 1, 1, 3, 1, 1, 2, 2, 2, 3, 2,
       3, 2, 0, 3, 2, 0, 2, 1, 0, 0, 2, 1, 1, 2, 3, 0, 0, 1, 0, 0, 3, 3,
       1, 1], dtype=object)]
[28, array([-19.4546,  -9.4546, -10.    ,   0.    ]), array([2, 2, 0, 2, 3, 2, 1, 1, 1, 1, 3, 3, 3, 2, 1, 1, 0, 1, 0, 0, 2, 2,
       0, 3, 2, 1, 1, 3, 3, 0, 0, 0, 2, 3, 1, 0, 2, 0, 2, 2, 1, 0, 0, 2,
       1, 0, 2, 3, 0, 0, 0, 0, 1, 2, 1, 3, 2, 3, 2, 0, 3, 2, 1, 0, 0, 1,
       2, 3, 0, 2, 0, 0, 0, 1, 2, 1, 1, 2, 3, 0, 2, 1, 3, 1, 3, 0, 1, 0,
       2, 2, 1, 1, 3, 2, 2, 1, 3, 3, 3, 2, 3, 0, 1, 1, 3, 1, 0, 3, 1, 2,
       2, 3, 0, 1, 2, 1, 1, 0, 1, 2, 1, 0, 2, 1, 0, 2, 1, 1, 3, 3, 2, 0,
       2, 1, 1, 2, 2, 0, 1, 1, 3, 1, 0, 2, 1, 3, 1, 2, 2, 3, 3, 1, 3, 0,
       1, 1], dtype=object)]
[28, array([-18.3396,  -9.3396,  -9.    ,   0.    ]), array([0, 0, 2, 3, 3, 1, 2, 2, 0, 0, 3, 3, 3, 3, 3, 3, 0, 0, 2, 3, 2, 2,
       3, 0, 3, 1, 1, 2, 2, 1, 2, 2, 0, 1, 3, 0, 0, 1, 1, 3, 1, 2, 3, 0,
       0, 1, 1, 0, 0, 1, 1, 2, 0, 3, 1, 3, 1, 3, 1, 1, 3, 1, 2, 0, 0, 1,
       0, 2, 3, 1, 1, 3, 1, 1, 2, 0, 2, 0, 1, 3, 2, 0, 1, 0, 0, 1, 0, 2,
       3, 0, 1, 1, 2, 0, 2, 3, 3, 1, 3, 2, 1, 0, 2, 3, 0, 2, 1, 3, 3, 1,
       3, 3, 3, 0, 2, 0, 2, 2, 1, 1, 2, 2, 0, 2, 0, 3, 1, 0, 2, 2, 3, 3,
       1, 1, 2, 1, 2, 0, 2, 0, 2, 2, 0, 1, 3, 1, 0, 3, 0, 2, 0, 3, 3, 2,
       2, 2], dtype=object)]
[29, array([-17.7648,  -8.7648,  -9.    ,   0.    ]), array([0, 1, 2, 0, 3, 3, 3, 0, 2, 0, 1, 2, 2, 2, 3, 3, 1, 3, 3, 3, 0, 1,
       3, 1, 1, 1, 0, 1, 0, 0, 3, 1, 2, 0, 3, 2, 2, 3, 3, 2, 1, 2, 0, 1,
       0, 1, 0, 0, 0, 1, 1, 2, 0, 2, 0, 2, 1, 2, 0, 2, 1, 0, 3, 0, 2, 3,
       1, 2, 0, 3, 1, 0, 1, 2, 1, 0, 0, 2, 3, 2, 2, 3, 0, 1, 1, 0, 2, 0,
       0, 0, 3, 1, 2, 0, 3, 2, 3, 3, 1, 0, 1, 3, 0, 1, 0, 2, 2, 3, 1, 1,
       0, 3, 2, 3, 3, 0, 2, 2, 1, 0, 3, 0, 1, 1, 1, 0, 1, 1, 1, 1, 3, 1,
       1, 3, 0, 2, 3, 3, 0, 3, 3, 2, 2, 3, 0, 3, 2, 1, 0, 1, 2, 2, 3, 3,
       2, 1], dtype=object)]
[29, array([-20.2532, -10.2532, -10.    ,   0.    ]), array([1, 3, 2, 1, 3, 0, 0, 1, 0, 1, 1, 2, 2, 0, 0, 0, 2, 0, 2, 3, 0, 1,
       2, 3, 1, 1, 3, 2, 1, 0, 0, 2, 0, 0, 1, 2, 2, 2, 0, 2, 0, 1, 0, 0,
       2, 0, 2, 1, 2, 1, 0, 3, 2, 1, 2, 1, 3, 1, 3, 0, 3, 3, 0, 0, 2, 3,
       0, 0, 3, 0, 2, 0, 2, 1, 3, 0, 1, 3, 3, 3, 3, 1, 0, 0, 3, 1, 1, 3,
       1, 3, 3, 2, 1, 1, 2, 1, 3, 2, 3, 2, 1, 1, 0, 3, 1, 2, 1, 2, 0, 2,
       3, 3, 1, 2, 2, 3, 3, 0, 2, 0, 2, 0, 0, 1, 1, 0, 3, 1, 3, 2, 1, 2,
       3, 2, 0, 3, 2, 0, 1, 3, 1, 2, 2, 1, 1, 2, 2, 3, 3, 1, 0, 1, 3, 0,
       1, 1], dtype=object)]
[29, array([-20.018, -10.018, -10.   ,   0.   ]), array([0, 1, 0, 2, 0, 0, 3, 2, 1, 1, 3, 0, 1, 1, 1, 1, 1, 0, 0, 1, 3, 2,
       0, 2, 2, 0, 3, 2, 2, 0, 0, 0, 2, 0, 2, 1, 3, 0, 2, 2, 3, 0, 3, 2,
       1, 0, 0, 3, 1, 0, 0, 0, 3, 1, 3, 3, 0, 3, 3, 0, 1, 2, 1, 1, 1, 3,
       0, 1, 0, 1, 1, 1, 3, 2, 1, 2, 3, 2, 1, 0, 0, 0, 3, 2, 1, 2, 2, 1,
       2, 1, 1, 0, 1, 1, 3, 3, 3, 1, 3, 0, 2, 2, 3, 3, 2, 3, 2, 2, 2, 1,
       2, 3, 3, 3, 1, 1, 0, 0, 1, 3, 2, 0, 2, 1, 1, 2, 2, 1, 1, 3, 0, 1,
       0, 3, 0, 2, 1, 3, 0, 1, 1, 1, 2, 3, 3, 1, 3, 0, 1, 0, 0, 2, 1, 2,
       0, 2], dtype=object)]
[29, array([-18.3566,  -9.3566,  -9.    ,   0.    ]), array([0, 1, 2, 3, 3, 3, 2, 2, 0, 0, 3, 3, 3, 3, 3, 3, 0, 0, 2, 3, 2, 2,
       3, 0, 3, 1, 1, 2, 2, 1, 2, 2, 0, 1, 3, 0, 0, 1, 1, 3, 1, 2, 3, 0,
       0, 1, 1, 0, 0, 1, 1, 2, 0, 3, 1, 3, 1, 3, 1, 1, 3, 1, 2, 0, 0, 1,
       0, 2, 3, 1, 1, 3, 1, 1, 2, 0, 2, 0, 1, 3, 2, 0, 1, 0, 0, 1, 0, 2,
       3, 0, 1, 1, 2, 0, 2, 3, 3, 1, 3, 2, 1, 0, 2, 3, 0, 2, 1, 3, 3, 1,
       3, 1, 3, 0, 2, 0, 2, 2, 1, 1, 2, 2, 0, 2, 0, 3, 1, 0, 2, 2, 3, 3,
       1, 1, 2, 1, 2, 0, 2, 0, 2, 2, 0, 1, 3, 1, 0, 3, 0, 2, 0, 3, 0, 2,
       0, 3], dtype=object)]
[30, array([-13.7234,  -6.7234,  -7.    ,   0.    ]), array([1, 0, 2, 3, 1, 3, 0, 1, 0, 0, 3, 3, 1, 3, 0, 0, 1, 3, 0, 0, 0, 1,
       0, 1, 1, 3, 2, 2, 2, 3, 2, 1, 2, 1, 3, 3, 2, 3, 2, 1, 3, 2, 3, 1,
       1, 1, 3, 1, 2, 2, 0, 2, 0, 2, 1, 2, 2, 3, 0, 0, 3, 1, 3, 3, 3, 2,
       1, 3, 2, 0, 1, 0, 1, 0, 1, 0, 0, 1, 1, 2, 2, 3, 2, 0, 0, 3, 0, 2,
       2, 0, 1, 3, 0, 0, 0, 1, 2, 1, 1, 1, 1, 3, 2, 0, 0, 0, 2, 0, 1, 1,
       0, 0, 3, 2, 3, 2, 0, 0, 0, 0, 3, 3, 3, 3, 2, 1, 2, 1, 3, 1, 1, 0,
       2, 1, 1, 1, 1, 3, 3, 3, 0, 3, 1, 1, 3, 0, 2, 1, 3, 2, 2, 0, 3, 0,
       0, 1], dtype=object)]
[30, array([-12.5898,  -6.5898,  -6.    ,   0.    ]), array([3, 1, 1, 3, 1, 1, 0, 0, 2, 0, 2, 0, 2, 3, 0, 2, 3, 1, 3, 0, 1, 1,
       3, 1, 1, 0, 3, 0, 3, 0, 2, 1, 1, 0, 0, 1, 0, 1, 0, 3, 1, 1, 1, 2,
       1, 2, 0, 1, 2, 2, 1, 3, 2, 3, 0, 2, 2, 1, 0, 3, 0, 1, 3, 0, 2, 1,
       3, 3, 3, 3, 3, 1, 2, 0, 0, 2, 0, 2, 3, 0, 2, 1, 1, 2, 3, 1, 3, 2,
       0, 3, 2, 3, 1, 0, 2, 0, 3, 0, 1, 2, 1, 2, 0, 0, 1, 2, 2, 0, 3, 2,
       1, 0, 2, 2, 3, 2, 1, 2, 2, 2, 0, 3, 1, 1, 3, 1, 1, 2, 2, 2, 3, 2,
       3, 2, 0, 3, 2, 0, 2, 1, 0, 0, 2, 1, 1, 2, 3, 0, 0, 1, 0, 0, 3, 3,
       1, 1], dtype=object)]
[30, array([-20.2322, -10.2322, -10.    ,   0.    ]), array([3, 1, 0, 0, 1, 1, 1, 1, 1, 3, 2, 0, 2, 2, 1, 0, 2, 2, 3, 2, 2, 2,
       1, 0, 2, 3, 1, 0, 0, 1, 0, 2, 3, 1, 2, 2, 1, 2, 3, 1, 1, 1, 1, 1,
       3, 1, 0, 1, 0, 1, 0, 3, 3, 2, 1, 0, 0, 2, 3, 3, 1, 2, 3, 0, 2, 0,
       3, 3, 1, 1, 0, 3, 2, 2, 0, 2, 1, 3, 1, 0, 3, 0, 0, 2, 1, 1, 0, 0,
       2, 3, 2, 3, 3, 3, 1, 2, 1, 2, 3, 0, 0, 0, 3, 3, 2, 3, 1, 3, 2, 1,
       2, 2, 3, 0, 2, 0, 2, 3, 3, 3, 2, 1, 0, 1, 2, 3, 1, 2, 1, 3, 3, 1,
       3, 1, 1, 3, 3, 3, 2, 2, 1, 0, 0, 1, 2, 3, 1, 0, 2, 0, 2, 0, 0, 0,
       0, 3], dtype=object)]
[30, array([-17.7626,  -8.7626,  -9.    ,   0.    ]), array([0, 1, 2, 3, 3, 3, 2, 2, 0, 0, 3, 3, 3, 3, 3, 3, 0, 0, 2, 3, 2, 2,
       3, 0, 3, 1, 0, 2, 2, 1, 2, 2, 0, 1, 3, 0, 0, 1, 1, 3, 1, 2, 3, 0,
       0, 1, 1, 0, 0, 1, 1, 2, 0, 3, 1, 3, 1, 3, 1, 1, 3, 1, 2, 0, 0, 1,
       0, 2, 3, 1, 1, 3, 1, 1, 2, 0, 2, 0, 1, 3, 2, 0, 3, 0, 0, 1, 0, 2,
       3, 0, 1, 1, 2, 0, 2, 3, 3, 1, 3, 2, 1, 0, 2, 3, 0, 2, 1, 3, 3, 1,
       3, 1, 3, 0, 2, 0, 2, 2, 1, 1, 2, 2, 0, 2, 0, 1, 1, 0, 2, 2, 3, 3,
       1, 1, 2, 1, 2, 0, 2, 0, 2, 2, 0, 1, 3, 1, 0, 3, 0, 2, 0, 3, 0, 2,
       0, 3], dtype=object)]
[31, array([-17.3888,  -8.3888,  -9.    ,   0.    ]), array([0, 1, 2, 0, 3, 3, 3, 0, 2, 0, 1, 2, 2, 2, 3, 3, 1, 3, 3, 3, 0, 1,
       3, 1, 1, 1, 0, 1, 0, 0, 3, 1, 2, 0, 3, 2, 2, 3, 3, 2, 1, 2, 0, 1,
       0, 1, 0, 0, 0, 1, 1, 2, 0, 2, 0, 2, 1, 2, 0, 2, 1, 0, 3, 0, 2, 3,
       1, 2, 0, 3, 1, 0, 1, 2, 1, 0, 0, 2, 3, 2, 2, 3, 0, 1, 1, 0, 2, 0,
       0, 0, 3, 1, 2, 0, 3, 2, 3, 3, 1, 0, 1, 3, 0, 1, 0, 2, 2, 3, 1, 1,
       0, 3, 2, 3, 3, 0, 2, 2, 1, 0, 3, 0, 1, 1, 1, 0, 1, 1, 1, 1, 3, 1,
       1, 3, 0, 2, 3, 3, 0, 3, 3, 2, 2, 3, 0, 0, 2, 2, 0, 3, 1, 2, 3, 3,
       2, 1], dtype=object)]
[31, array([-19.189,  -9.189, -10.   ,   0.   ]), array([1, 3, 2, 1, 3, 0, 0, 1, 0, 1, 0, 2, 2, 0, 0, 0, 2, 0, 2, 3, 0, 1,
       2, 3, 1, 1, 3, 2, 1, 0, 0, 2, 0, 0, 1, 2, 2, 2, 1, 2, 0, 1, 0, 0,
       2, 0, 2, 1, 2, 1, 0, 3, 2, 1, 2, 1, 3, 1, 3, 0, 3, 1, 0, 0, 2, 1,
       0, 1, 3, 0, 2, 0, 2, 1, 3, 0, 1, 3, 3, 3, 3, 1, 0, 0, 3, 1, 1, 3,
       1, 3, 3, 3, 1, 1, 2, 1, 3, 2, 3, 2, 1, 1, 0, 3, 1, 2, 1, 2, 0, 2,
       3, 3, 1, 2, 2, 3, 3, 0, 2, 0, 2, 0, 0, 1, 1, 0, 3, 1, 3, 2, 1, 2,
       3, 2, 0, 3, 2, 0, 1, 3, 1, 2, 2, 1, 1, 2, 2, 3, 3, 1, 0, 1, 3, 0,
       1, 1], dtype=object)]
[31, array([-20.1554, -10.1554, -10.    ,   0.    ]), array([2, 2, 0, 2, 0, 0, 3, 2, 1, 1, 3, 0, 1, 1, 1, 1, 1, 0, 0, 1, 3, 2,
       0, 2, 2, 0, 3, 2, 2, 0, 0, 0, 2, 0, 2, 1, 3, 0, 2, 2, 3, 0, 3, 2,
       1, 0, 0, 3, 1, 0, 0, 0, 3, 1, 3, 3, 0, 3, 3, 0, 1, 2, 1, 1, 1, 3,
       0, 1, 0, 1, 1, 1, 3, 2, 1, 2, 3, 2, 1, 0, 0, 0, 3, 2, 1, 2, 2, 1,
       2, 1, 1, 0, 1, 1, 3, 3, 3, 1, 3, 0, 2, 2, 3, 3, 2, 3, 2, 2, 2, 1,
       2, 3, 3, 3, 1, 1, 0, 0, 1, 3, 2, 0, 2, 1, 1, 2, 2, 1, 1, 3, 0, 1,
       0, 3, 0, 2, 1, 3, 0, 1, 1, 1, 2, 3, 3, 1, 3, 0, 3, 0, 0, 2, 1, 2,
       2, 0], dtype=object)]
[31, array([-17.7058,  -8.7058,  -9.    ,   0.    ]), array([1, 2, 0, 2, 0, 0, 0, 0, 2, 1, 2, 0, 2, 1, 0, 3, 3, 1, 3, 3, 3, 2,
       1, 3, 3, 1, 0, 1, 2, 2, 0, 1, 3, 1, 2, 1, 2, 0, 0, 1, 0, 2, 2, 3,
       2, 1, 3, 1, 0, 3, 1, 3, 3, 1, 2, 2, 2, 1, 3, 1, 2, 0, 0, 0, 1, 3,
       2, 0, 1, 3, 0, 1, 0, 3, 1, 3, 3, 1, 1, 0, 3, 0, 3, 1, 1, 2, 2, 3,
       1, 2, 0, 1, 3, 3, 0, 3, 0, 3, 3, 0, 2, 0, 3, 3, 0, 1, 3, 3, 2, 3,
       1, 0, 0, 1, 2, 1, 3, 3, 0, 1, 3, 2, 0, 3, 3, 0, 1, 2, 0, 0, 2, 1,
       1, 3, 1, 2, 1, 0, 0, 2, 2, 0, 2, 2, 0, 1, 1, 2, 2, 2, 3, 3, 2, 1,
       2, 3], dtype=object)]
[32, array([-19.858,  -9.858, -10.   ,   0.   ]), array([1, 0, 0, 0, 2, 3, 3, 3, 1, 2, 3, 3, 0, 0, 1, 2, 3, 0, 2, 1, 3, 1,
       3, 1, 1, 1, 2, 1, 1, 0, 2, 2, 3, 3, 1, 1, 2, 3, 3, 1, 0, 3, 0, 1,
       0, 0, 2, 1, 0, 1, 1, 2, 3, 1, 1, 2, 1, 2, 2, 2, 1, 0, 3, 0, 2, 3,
       0, 2, 0, 0, 3, 1, 1, 0, 3, 0, 0, 0, 1, 2, 1, 1, 1, 3, 3, 3, 0, 3,
       0, 0, 3, 2, 2, 1, 1, 2, 3, 1, 2, 2, 0, 3, 3, 3, 1, 0, 2, 3, 3, 0,
       0, 3, 0, 2, 0, 0, 1, 2, 0, 2, 2, 1, 1, 0, 0, 2, 3, 1, 0, 1, 3, 0,
       0, 0, 1, 2, 1, 3, 3, 0, 2, 2, 1, 1, 1, 3, 0, 1, 2, 2, 2, 3, 1, 3,
       2, 2], dtype=object)]
[32, array([-19.9868,  -9.9868, -10.    ,   0.    ]), array([1, 3, 2, 1, 3, 0, 0, 1, 0, 1, 0, 2, 2, 0, 0, 0, 2, 0, 2, 3, 0, 1,
       2, 3, 1, 1, 3, 2, 1, 0, 0, 2, 0, 0, 1, 2, 2, 2, 1, 2, 0, 1, 0, 0,
       2, 0, 2, 1, 2, 1, 0, 3, 2, 1, 2, 1, 3, 1, 3, 0, 3, 1, 0, 0, 2, 1,
       0, 1, 3, 0, 2, 0, 0, 1, 3, 0, 1, 3, 3, 3, 3, 1, 0, 0, 3, 1, 1, 3,
       1, 3, 3, 3, 1, 1, 2, 1, 3, 2, 3, 2, 1, 1, 0, 3, 1, 2, 1, 2, 0, 2,
       3, 3, 1, 2, 2, 3, 3, 0, 2, 0, 2, 0, 0, 1, 1, 0, 3, 1, 3, 2, 1, 2,
       3, 2, 0, 3, 2, 0, 1, 3, 1, 2, 2, 1, 1, 2, 2, 3, 3, 1, 0, 1, 3, 0,
       1, 1], dtype=object)]
[32, array([-19.514,  -9.514, -10.   ,   0.   ]), array([2, 2, 0, 2, 0, 0, 3, 2, 1, 1, 3, 0, 1, 1, 1, 1, 1, 0, 0, 1, 3, 2,
       0, 2, 2, 0, 3, 2, 2, 0, 0, 0, 2, 0, 2, 1, 3, 0, 2, 2, 3, 0, 3, 2,
       1, 0, 0, 3, 1, 3, 0, 0, 3, 1, 3, 3, 0, 3, 3, 0, 1, 2, 1, 1, 1, 3,
       0, 0, 0, 1, 1, 1, 3, 2, 1, 2, 3, 2, 1, 0, 0, 0, 3, 2, 1, 2, 2, 1,
       2, 1, 1, 0, 1, 1, 3, 3, 3, 1, 3, 0, 2, 2, 3, 3, 2, 3, 2, 2, 2, 1,
       2, 3, 3, 3, 1, 1, 0, 0, 1, 3, 2, 0, 2, 1, 1, 2, 2, 1, 1, 3, 2, 1,
       0, 3, 0, 2, 1, 3, 0, 1, 1, 1, 2, 3, 3, 1, 3, 0, 3, 0, 0, 2, 1, 2,
       2, 0], dtype=object)]
[32, array([-17.589,  -8.589,  -9.   ,   0.   ]), array([1, 2, 0, 2, 0, 0, 0, 0, 2, 1, 2, 0, 2, 1, 0, 3, 3, 1, 3, 3, 3, 2,
       1, 3, 3, 1, 0, 1, 2, 2, 0, 1, 3, 1, 2, 1, 2, 0, 0, 1, 0, 2, 2, 3,
       2, 1, 3, 1, 0, 3, 1, 3, 3, 1, 2, 2, 2, 1, 3, 1, 2, 0, 0, 0, 1, 3,
       2, 0, 1, 3, 0, 1, 0, 3, 1, 3, 3, 1, 1, 0, 3, 0, 3, 1, 1, 2, 2, 3,
       1, 2, 0, 1, 3, 3, 0, 3, 0, 3, 1, 0, 2, 0, 3, 3, 0, 1, 3, 3, 2, 3,
       1, 0, 0, 1, 2, 1, 3, 3, 0, 1, 3, 2, 0, 3, 3, 0, 1, 2, 0, 0, 2, 1,
       1, 3, 1, 2, 1, 0, 0, 2, 2, 0, 2, 2, 0, 1, 1, 2, 2, 2, 3, 3, 2, 1,
       2, 3], dtype=object)]
[33, array([-20.2232, -10.2232, -10.    ,   0.    ]), array([2, 3, 3, 3, 2, 3, 0, 0, 0, 0, 1, 3, 1, 3, 2, 0, 1, 3, 0, 0, 0, 2,
       0, 1, 1, 3, 2, 2, 2, 3, 2, 1, 2, 3, 3, 2, 0, 3, 3, 2, 0, 1, 3, 1,
       1, 2, 3, 3, 0, 2, 3, 3, 1, 2, 0, 2, 0, 2, 0, 0, 3, 1, 2, 2, 2, 2,
       3, 0, 2, 0, 2, 1, 1, 0, 1, 3, 3, 2, 1, 1, 1, 2, 0, 3, 2, 1, 3, 0,
       2, 2, 2, 0, 0, 0, 0, 2, 1, 0, 1, 1, 3, 3, 2, 0, 1, 3, 2, 3, 3, 3,
       0, 1, 0, 3, 1, 1, 0, 1, 1, 1, 2, 1, 1, 2, 2, 2, 1, 3, 2, 3, 2, 0,
       3, 0, 0, 2, 0, 3, 0, 3, 2, 2, 3, 2, 0, 0, 0, 1, 3, 2, 1, 2, 2, 3,
       3, 3], dtype=object)]
[33, array([-19.953,  -9.953, -10.   ,   0.   ]), array([1, 3, 2, 1, 3, 0, 0, 1, 0, 1, 0, 0, 0, 2, 1, 1, 3, 2, 2, 3, 0, 1,
       2, 3, 1, 3, 3, 2, 1, 0, 0, 0, 1, 3, 1, 3, 2, 2, 0, 2, 2, 1, 0, 0,
       2, 0, 2, 1, 2, 1, 0, 3, 2, 1, 2, 1, 3, 1, 3, 0, 3, 3, 0, 0, 2, 1,
       3, 0, 3, 0, 2, 0, 2, 1, 3, 0, 1, 3, 3, 3, 3, 1, 0, 0, 3, 1, 1, 3,
       1, 3, 3, 3, 1, 1, 2, 1, 3, 2, 3, 2, 1, 1, 0, 3, 1, 2, 1, 2, 0, 2,
       3, 3, 1, 2, 2, 3, 3, 0, 2, 0, 2, 0, 0, 1, 1, 0, 3, 1, 3, 2, 1, 2,
       3, 2, 0, 3, 2, 0, 1, 3, 1, 2, 2, 1, 1, 2, 2, 3, 3, 1, 0, 1, 3, 0,
       1, 1], dtype=object)]
[33, array([-20.9218, -10.9218, -10.    ,   0.    ]), array([0, 0, 3, 0, 3, 2, 1, 2, 2, 2, 2, 1, 2, 2, 0, 2, 2, 2, 2, 1, 3, 3,
       1, 0, 1, 2, 3, 1, 2, 1, 2, 0, 0, 1, 2, 2, 0, 3, 0, 2, 1, 3, 1, 1,
       2, 0, 0, 2, 3, 3, 2, 3, 2, 1, 0, 0, 1, 2, 2, 0, 2, 1, 3, 3, 1, 2,
       2, 2, 2, 1, 2, 1, 0, 2, 3, 3, 2, 3, 0, 0, 1, 1, 3, 1, 2, 2, 0, 1,
       0, 2, 3, 2, 3, 2, 1, 0, 2, 1, 0, 3, 3, 0, 3, 3, 0, 0, 3, 3, 1, 2,
       1, 3, 3, 0, 2, 3, 2, 3, 3, 3, 2, 1, 1, 1, 0, 0, 1, 3, 1, 0, 3, 0,
       3, 3, 2, 3, 2, 3, 1, 2, 0, 0, 3, 2, 3, 1, 3, 0, 1, 2, 0, 2, 1, 2,
       0, 2], dtype=object)]
[33, array([-18.0136,  -9.0136,  -9.    ,   0.    ]), array([0, 3, 3, 2, 0, 1, 2, 2, 3, 3, 3, 2, 3, 3, 3, 2, 1, 0, 0, 2, 3, 2,
       2, 2, 3, 0, 1, 0, 3, 3, 1, 0, 2, 1, 2, 0, 3, 3, 2, 0, 0, 1, 2, 0,
       0, 2, 1, 1, 1, 2, 2, 0, 0, 1, 3, 0, 0, 2, 1, 2, 3, 3, 1, 2, 1, 0,
       1, 3, 1, 1, 2, 0, 2, 3, 3, 0, 1, 3, 3, 3, 0, 2, 2, 2, 2, 1, 1, 1,
       0, 0, 2, 1, 1, 1, 1, 2, 2, 3, 1, 2, 3, 1, 1, 0, 0, 2, 0, 1, 2, 3,
       0, 0, 0, 0, 2, 3, 2, 1, 2, 0, 0, 0, 2, 0, 2, 3, 0, 0, 1, 0, 2, 3,
       2, 1, 0, 0, 1, 1, 2, 3, 3, 0, 3, 3, 1, 0, 2, 1, 3, 3, 0, 1, 0, 0,
       3, 0], dtype=object)]
[34, array([-19.5012,  -9.5012, -10.    ,   0.    ]), array([2, 3, 3, 3, 2, 3, 0, 0, 0, 0, 1, 3, 1, 3, 2, 0, 1, 3, 0, 0, 0, 2,
       0, 1, 1, 3, 2, 2, 2, 3, 2, 1, 2, 3, 3, 2, 0, 3, 3, 2, 0, 1, 3, 1,
       1, 2, 3, 3, 0, 2, 3, 3, 1, 2, 0, 2, 0, 2, 0, 0, 3, 1, 2, 2, 2, 2,
       3, 0, 2, 0, 2, 1, 1, 0, 1, 3, 3, 2, 1, 1, 1, 2, 0, 3, 2, 1, 3, 0,
       2, 2, 2, 0, 0, 0, 0, 2, 1, 0, 1, 1, 3, 3, 2, 0, 1, 3, 2, 3, 3, 3,
       0, 1, 0, 3, 1, 1, 0, 1, 1, 1, 2, 1, 1, 2, 2, 2, 1, 3, 2, 3, 2, 0,
       3, 0, 0, 2, 0, 3, 0, 3, 2, 2, 3, 2, 0, 0, 0, 1, 3, 2, 1, 2, 2, 3,
       3, 3], dtype=object)]
[34, array([-19.9456,  -9.9456, -10.    ,   0.    ]), array([1, 3, 2, 1, 3, 0, 0, 1, 0, 1, 0, 0, 0, 2, 1, 1, 3, 2, 2, 3, 0, 1,
       2, 3, 1, 3, 3, 2, 1, 0, 0, 0, 1, 3, 1, 3, 2, 2, 0, 2, 2, 1, 0, 0,
       2, 0, 2, 1, 2, 1, 0, 3, 2, 1, 2, 1, 3, 1, 3, 0, 3, 3, 0, 0, 2, 1,
       3, 0, 3, 0, 2, 0, 2, 1, 3, 0, 1, 3, 3, 3, 3, 1, 0, 0, 3, 1, 1, 3,
       1, 3, 3, 3, 1, 1, 2, 1, 2, 2, 3, 2, 1, 1, 0, 3, 1, 2, 1, 2, 0, 2,
       3, 3, 1, 2, 2, 3, 3, 0, 2, 0, 2, 0, 0, 1, 0, 0, 3, 1, 3, 2, 1, 2,
       3, 2, 0, 3, 2, 0, 1, 3, 1, 2, 2, 1, 1, 2, 2, 3, 3, 1, 0, 1, 3, 0,
       1, 1], dtype=object)]
[34, array([-17.9166,  -8.9166,  -9.    ,   0.    ]), array([0, 3, 3, 2, 0, 1, 2, 2, 3, 3, 3, 2, 3, 3, 3, 2, 1, 0, 0, 2, 3, 2,
       2, 2, 3, 0, 3, 0, 3, 3, 1, 0, 2, 1, 2, 0, 3, 3, 2, 0, 0, 1, 2, 0,
       0, 2, 1, 1, 1, 2, 2, 0, 0, 1, 3, 0, 0, 2, 1, 2, 3, 0, 1, 2, 1, 0,
       1, 3, 1, 1, 2, 0, 2, 3, 3, 0, 1, 3, 3, 3, 0, 2, 2, 2, 2, 1, 1, 1,
       0, 0, 2, 1, 1, 1, 1, 2, 2, 3, 1, 2, 3, 1, 1, 0, 0, 2, 0, 1, 2, 3,
       0, 0, 0, 0, 2, 3, 2, 1, 2, 0, 0, 0, 2, 0, 2, 3, 0, 0, 1, 0, 2, 3,
       2, 1, 0, 0, 1, 1, 2, 3, 3, 0, 3, 3, 1, 0, 2, 1, 3, 3, 0, 1, 0, 0,
       3, 0], dtype=object)]
[34, array([-19.9048,  -9.9048, -10.    ,   0.    ]), array([0, 1, 2, 1, 3, 2, 1, 1, 2, 2, 2, 0, 0, 1, 1, 0, 0, 2, 2, 2, 3, 2,
       0, 3, 1, 1, 3, 3, 2, 2, 1, 0, 2, 0, 0, 1, 1, 2, 2, 1, 2, 1, 0, 1,
       3, 0, 3, 2, 2, 3, 0, 3, 3, 2, 3, 0, 1, 1, 0, 1, 0, 0, 2, 0, 2, 0,
       3, 0, 1, 2, 0, 3, 2, 0, 0, 1, 0, 0, 3, 3, 1, 0, 0, 0, 3, 1, 2, 1,
       3, 2, 0, 1, 2, 3, 2, 3, 0, 2, 3, 3, 1, 1, 1, 2, 3, 2, 1, 1, 2, 2,
       2, 0, 1, 1, 0, 0, 0, 3, 1, 1, 2, 0, 3, 1, 1, 3, 3, 1, 1, 3, 1, 1,
       3, 1, 3, 2, 2, 1, 0, 3, 1, 1, 1, 1, 1, 2, 1, 2, 2, 1, 2, 3, 3, 1,
       1, 0], dtype=object)]
[35, array([-19.5024,  -9.5024, -10.    ,   0.    ]), array([2, 3, 3, 3, 2, 3, 0, 0, 0, 0, 1, 3, 1, 3, 2, 0, 1, 3, 0, 0, 0, 2,
       0, 1, 1, 3, 2, 2, 2, 3, 2, 1, 2, 3, 3, 2, 2, 3, 3, 2, 0, 1, 3, 1,
       1, 2, 3, 3, 0, 2, 3, 3, 1, 2, 0, 2, 0, 2, 0, 0, 3, 1, 2, 2, 2, 2,
       3, 0, 2, 0, 2, 1, 1, 0, 1, 3, 3, 2, 1, 1, 1, 2, 0, 3, 2, 1, 3, 0,
       2, 2, 2, 0, 0, 0, 0, 2, 1, 0, 1, 1, 3, 3, 2, 0, 1, 3, 2, 3, 3, 3,
       0, 1, 0, 3, 1, 1, 0, 1, 1, 1, 2, 1, 1, 2, 2, 2, 1, 3, 2, 3, 2, 0,
       3, 0, 0, 2, 0, 3, 0, 3, 2, 2, 3, 2, 0, 0, 0, 1, 3, 2, 1, 2, 2, 3,
       3, 3], dtype=object)]
[35, array([-20.039, -10.039, -10.   ,   0.   ]), array([1, 3, 2, 1, 3, 0, 0, 1, 0, 1, 0, 2, 2, 2, 0, 0, 2, 0, 2, 3, 0, 1,
       2, 3, 1, 1, 3, 2, 1, 0, 0, 2, 0, 0, 1, 2, 2, 2, 1, 2, 0, 1, 0, 0,
       2, 0, 2, 1, 2, 1, 0, 3, 2, 1, 2, 1, 3, 1, 3, 0, 3, 3, 0, 0, 2, 3,
       0, 2, 3, 0, 2, 0, 2, 1, 3, 0, 1, 3, 3, 3, 3, 1, 0, 0, 3, 1, 1, 3,
       1, 3, 3, 2, 1, 1, 2, 1, 3, 2, 3, 2, 1, 1, 0, 3, 1, 2, 1, 2, 0, 2,
       3, 3, 1, 2, 2, 1, 3, 0, 2, 0, 2, 0, 0, 1, 1, 0, 3, 1, 3, 2, 1, 2,
       3, 2, 0, 3, 2, 0, 1, 3, 1, 2, 2, 1, 1, 2, 2, 3, 3, 1, 0, 1, 3, 0,
       1, 1], dtype=object)]
[35, array([-17.8934,  -8.8934,  -9.    ,   0.    ]), array([0, 3, 3, 2, 0, 1, 2, 2, 3, 3, 3, 2, 3, 3, 3, 2, 1, 0, 0, 2, 3, 2,
       2, 2, 3, 0, 1, 0, 3, 3, 1, 0, 2, 1, 2, 0, 3, 3, 2, 0, 0, 1, 2, 0,
       0, 2, 1, 1, 1, 2, 2, 0, 0, 1, 3, 0, 0, 2, 1, 2, 3, 3, 1, 2, 1, 0,
       1, 3, 1, 1, 2, 0, 2, 3, 3, 0, 1, 3, 3, 3, 0, 2, 2, 2, 2, 1, 1, 1,
       0, 0, 2, 1, 1, 1, 1, 2, 2, 3, 1, 2, 3, 1, 1, 0, 0, 2, 0, 1, 2, 3,
       0, 0, 0, 0, 2, 3, 2, 1, 2, 0, 0, 0, 2, 0, 2, 3, 0, 0, 1, 0, 2, 3,
       2, 1, 0, 0, 1, 1, 2, 3, 3, 0, 3, 3, 1, 0, 2, 1, 3, 3, 0, 1, 0, 0,
       3, 0], dtype=object)]
[35, array([-35.5568, -17.5568, -18.    ,   0.    ]), array([3, 1, 0, 0, 1, 1, 1, 1, 1, 3, 2, 0, 2, 2, 1, 0, 2, 2, 3, 2, 2, 2,
       1, 0, 2, 3, 1, 0, 0, 1, 0, 2, 3, 1, 2, 2, 1, 2, 3, 1, 1, 1, 1, 1,
       3, 1, 0, 1, 0, 1, 0, 3, 3, 2, 1, 0, 0, 2, 3, 3, 1, 2, 3, 0, 2, 0,
       3, 3, 1, 1, 0, 3, 2, 2, 0, 2, 1, 3, 1, 0, 3, 0, 0, 2, 1, 1, 0, 0,
       2, 3, 2, 3, 3, 3, 1, 2, 1, 2, 3, 3, 0, 0, 3, 3, 2, 3, 1, 3, 2, 1,
       2, 2, 3, 0, 2, 0, 2, 3, 3, 3, 2, 1, 0, 1, 2, 3, 1, 2, 1, 3, 3, 1,
       3, 1, 1, 3, 2, 3, 2, 2, 1, 2, 0, 0, 1, 3, 1, 1, 2, 1, 0, 3, 2, 3,
       0, 3], dtype=object)]
[36, array([-19.5162,  -9.5162, -10.    ,   0.    ]), array([2, 3, 1, 0, 2, 3, 3, 0, 2, 3, 1, 3, 0, 1, 3, 3, 1, 3, 0, 1, 2, 1,
       2, 3, 0, 0, 2, 0, 1, 0, 1, 2, 2, 3, 1, 0, 2, 3, 2, 3, 2, 2, 2, 3,
       1, 1, 1, 0, 2, 0, 2, 0, 0, 2, 1, 2, 3, 2, 1, 2, 2, 1, 3, 0, 2, 3,
       2, 2, 0, 1, 0, 1, 3, 2, 1, 0, 3, 3, 3, 2, 0, 2, 3, 1, 3, 1, 0, 3,
       0, 0, 3, 3, 2, 0, 1, 0, 1, 1, 0, 2, 0, 0, 2, 2, 1, 0, 1, 3, 3, 2,
       1, 3, 2, 3, 3, 1, 1, 2, 0, 2, 3, 2, 1, 0, 2, 0, 3, 1, 0, 2, 0, 0,
       1, 0, 3, 1, 1, 0, 3, 3, 2, 1, 1, 1, 1, 2, 0, 3, 2, 2, 1, 3, 2, 3,
       3, 3], dtype=object)]
[36, array([-20.4728, -10.4728, -10.    ,   0.    ]), array([1, 3, 2, 1, 3, 0, 0, 1, 0, 1, 0, 2, 2, 2, 0, 0, 2, 0, 0, 3, 0, 1,
       2, 1, 1, 1, 3, 2, 1, 0, 0, 2, 0, 0, 1, 2, 2, 2, 1, 2, 0, 1, 0, 0,
       2, 0, 2, 1, 2, 1, 0, 3, 2, 1, 2, 1, 3, 1, 3, 0, 3, 3, 0, 0, 2, 3,
       0, 2, 3, 0, 2, 0, 2, 1, 3, 0, 1, 3, 3, 3, 3, 1, 0, 0, 3, 1, 1, 3,
       1, 3, 3, 2, 1, 1, 2, 1, 3, 2, 3, 2, 1, 1, 0, 3, 1, 2, 1, 2, 0, 2,
       3, 3, 1, 2, 2, 1, 3, 0, 2, 0, 2, 0, 0, 1, 1, 0, 3, 1, 3, 2, 1, 2,
       3, 2, 0, 3, 2, 0, 1, 3, 1, 2, 2, 1, 1, 2, 2, 3, 3, 1, 0, 1, 3, 0,
       1, 1], dtype=object)]
[36, array([-17.9702,  -8.9702,  -9.    ,   0.    ]), array([1, 3, 0, 1, 0, 0, 0, 0, 2, 1, 2, 0, 2, 1, 0, 3, 3, 1, 3, 3, 3, 2,
       1, 3, 3, 1, 0, 1, 2, 2, 0, 1, 3, 1, 2, 1, 2, 3, 0, 1, 0, 2, 2, 3,
       2, 1, 3, 1, 0, 3, 1, 3, 3, 1, 2, 2, 2, 1, 3, 1, 2, 0, 0, 2, 1, 3,
       2, 0, 1, 3, 0, 1, 0, 3, 1, 3, 3, 1, 1, 0, 3, 0, 3, 1, 1, 2, 2, 1,
       0, 0, 1, 2, 1, 2, 2, 1, 0, 2, 1, 3, 2, 2, 2, 3, 1, 3, 3, 0, 3, 3,
       2, 1, 3, 2, 2, 0, 2, 0, 3, 1, 2, 2, 0, 2, 0, 3, 1, 2, 3, 1, 3, 0,
       1, 1, 2, 1, 2, 0, 0, 2, 2, 3, 2, 0, 3, 3, 3, 3, 0, 2, 3, 2, 2, 0,
       1, 2], dtype=object)]
[37, array([-20.5244, -10.5244, -10.    ,   0.    ]), array([0, 1, 1, 0, 3, 3, 3, 0, 2, 0, 3, 2, 2, 2, 3, 2, 3, 2, 2, 2, 0, 1,
       2, 1, 1, 3, 2, 2, 2, 3, 2, 1, 2, 3, 3, 2, 2, 3, 3, 2, 0, 1, 3, 1,
       1, 2, 3, 3, 0, 2, 3, 3, 1, 2, 0, 2, 0, 2, 0, 0, 3, 1, 2, 2, 2, 2,
       3, 0, 2, 0, 2, 1, 1, 0, 1, 3, 3, 2, 1, 1, 1, 2, 0, 3, 2, 1, 3, 0,
       2, 2, 2, 0, 0, 0, 0, 2, 1, 0, 1, 1, 3, 3, 2, 0, 1, 3, 2, 3, 3, 3,
       0, 1, 0, 3, 1, 1, 0, 1, 1, 1, 2, 1, 1, 2, 2, 2, 1, 3, 2, 3, 2, 0,
       3, 0, 0, 2, 0, 3, 0, 3, 2, 2, 3, 2, 0, 0, 0, 1, 3, 2, 1, 2, 2, 3,
       3, 3], dtype=object)]
[36, array([-20.8118, -10.8118, -10.    ,   0.    ]), array([3, 1, 0, 0, 1, 1, 1, 1, 1, 3, 2, 0, 2, 2, 1, 0, 2, 2, 3, 2, 2, 2,
       1, 0, 2, 3, 1, 0, 0, 1, 0, 2, 3, 1, 2, 2, 1, 2, 3, 1, 1, 1, 1, 1,
       3, 1, 0, 1, 0, 1, 0, 3, 3, 2, 1, 0, 0, 2, 3, 3, 1, 2, 3, 0, 2, 0,
       3, 3, 1, 1, 0, 3, 2, 2, 0, 2, 1, 3, 1, 0, 3, 0, 0, 2, 1, 1, 0, 0,
       2, 3, 2, 3, 3, 3, 1, 2, 1, 2, 3, 0, 0, 1, 3, 3, 2, 3, 1, 3, 2, 1,
       2, 3, 3, 0, 2, 0, 2, 3, 3, 3, 2, 1, 0, 1, 2, 3, 1, 2, 1, 3, 3, 1,
       3, 1, 1, 3, 2, 3, 2, 2, 1, 2, 0, 0, 1, 3, 2, 1, 2, 2, 2, 3, 2, 2,
       2, 3], dtype=object)]
[37, array([-20.3766, -10.3766, -10.    ,   0.    ]), array([1, 3, 2, 1, 3, 0, 0, 1, 0, 1, 0, 2, 2, 2, 0, 0, 2, 0, 2, 3, 0, 1,
       2, 3, 1, 1, 3, 2, 1, 0, 0, 2, 0, 0, 1, 2, 1, 2, 1, 2, 0, 1, 0, 0,
       2, 0, 2, 1, 2, 1, 0, 3, 2, 1, 2, 1, 3, 1, 3, 0, 3, 3, 0, 0, 2, 3,
       0, 2, 3, 0, 2, 0, 2, 1, 3, 0, 1, 3, 3, 3, 3, 1, 0, 0, 3, 1, 1, 3,
       1, 3, 3, 2, 1, 1, 2, 1, 3, 2, 3, 2, 1, 1, 0, 3, 1, 2, 1, 2, 0, 2,
       3, 3, 1, 2, 2, 1, 3, 0, 2, 0, 2, 0, 0, 1, 1, 0, 3, 1, 3, 2, 1, 2,
       3, 2, 0, 3, 2, 0, 1, 3, 1, 2, 2, 1, 3, 2, 2, 1, 1, 1, 0, 1, 3, 0,
       1, 3], dtype=object)]
[37, array([-18.9688,  -9.9688,  -9.    ,   0.    ]), array([0, 1, 3, 2, 0, 1, 2, 2, 3, 3, 3, 2, 3, 3, 3, 2, 1, 0, 0, 2, 3, 2,
       2, 2, 3, 0, 3, 0, 3, 3, 1, 0, 2, 1, 2, 0, 3, 3, 2, 0, 0, 1, 2, 0,
       0, 2, 1, 1, 1, 2, 2, 0, 0, 1, 3, 0, 0, 2, 1, 2, 3, 0, 1, 2, 1, 0,
       1, 3, 1, 1, 2, 0, 2, 3, 3, 0, 1, 3, 3, 3, 0, 2, 2, 2, 2, 1, 1, 1,
       0, 0, 2, 1, 1, 1, 1, 2, 2, 3, 1, 2, 3, 1, 1, 0, 0, 2, 0, 1, 2, 3,
       0, 0, 0, 0, 2, 3, 2, 1, 2, 0, 0, 0, 2, 0, 2, 3, 0, 0, 1, 0, 2, 3,
       2, 1, 0, 0, 1, 1, 2, 3, 3, 0, 3, 3, 1, 0, 2, 1, 3, 3, 0, 1, 0, 0,
       3, 0], dtype=object)]
[38, array([-18.5038,  -9.5038,  -9.    ,   0.    ]), array([2, 0, 3, 3, 1, 2, 2, 2, 2, 2, 3, 2, 3, 0, 3, 0, 1, 1, 0, 1, 2, 0,
       2, 3, 0, 0, 1, 3, 3, 0, 2, 0, 2, 3, 2, 3, 0, 3, 2, 1, 1, 1, 0, 0,
       0, 2, 2, 0, 2, 0, 2, 0, 3, 1, 0, 1, 0, 0, 2, 2, 2, 1, 2, 3, 2, 3,
       0, 1, 1, 1, 1, 1, 3, 2, 2, 3, 3, 2, 3, 3, 2, 2, 2, 1, 0, 2, 2, 0,
       0, 1, 3, 3, 3, 1, 0, 3, 3, 1, 0, 0, 2, 0, 1, 2, 1, 2, 2, 0, 0, 1,
       3, 3, 3, 3, 1, 2, 0, 0, 1, 2, 0, 2, 2, 1, 3, 2, 1, 3, 1, 2, 3, 1,
       1, 0, 3, 3, 3, 0, 1, 2, 3, 2, 0, 3, 0, 2, 2, 0, 2, 0, 2, 0, 2, 0,
       2, 0], dtype=object)]
[37, array([-20.0366, -10.0366, -10.    ,   0.    ]), array([3, 1, 0, 0, 1, 1, 1, 1, 1, 3, 2, 0, 2, 2, 1, 0, 2, 2, 3, 2, 2, 2,
       1, 0, 2, 3, 1, 0, 0, 1, 0, 2, 3, 1, 2, 2, 1, 2, 3, 1, 1, 1, 1, 1,
       3, 1, 0, 1, 0, 1, 0, 3, 3, 2, 1, 0, 0, 2, 3, 3, 1, 2, 3, 0, 2, 0,
       3, 3, 0, 1, 0, 1, 2, 1, 3, 3, 3, 2, 1, 0, 0, 0, 3, 2, 1, 2, 2, 1,
       2, 1, 0, 2, 3, 2, 2, 3, 3, 0, 1, 0, 2, 2, 3, 3, 2, 3, 2, 2, 2, 1,
       2, 3, 3, 3, 2, 0, 0, 2, 2, 2, 3, 3, 1, 2, 0, 3, 1, 1, 0, 3, 3, 0,
       0, 1, 1, 2, 1, 0, 0, 1, 3, 1, 2, 3, 1, 0, 1, 1, 3, 1, 1, 1, 0, 1,
       1, 0], dtype=object)]
[38, array([-20.8284, -10.8284, -10.    ,   0.    ]), array([1, 3, 2, 1, 3, 0, 0, 1, 0, 1, 0, 2, 2, 0, 0, 0, 2, 0, 2, 3, 0, 1,
       2, 3, 1, 0, 3, 2, 1, 0, 0, 2, 0, 0, 1, 2, 2, 2, 1, 2, 0, 1, 0, 0,
       2, 0, 2, 1, 2, 1, 0, 3, 2, 1, 2, 1, 3, 1, 3, 0, 3, 3, 0, 0, 2, 3,
       0, 2, 3, 0, 2, 0, 2, 1, 3, 0, 1, 3, 3, 3, 3, 1, 0, 0, 3, 1, 1, 3,
       1, 3, 3, 2, 1, 1, 2, 1, 3, 2, 3, 2, 1, 1, 0, 3, 1, 2, 1, 2, 0, 2,
       3, 3, 1, 2, 2, 1, 1, 0, 2, 3, 2, 0, 0, 1, 1, 0, 3, 1, 3, 2, 1, 2,
       3, 2, 0, 3, 2, 0, 1, 3, 1, 2, 2, 1, 1, 2, 2, 3, 3, 1, 0, 1, 3, 0,
       1, 1], dtype=object)]
[38, array([-19.4904, -10.4904,  -9.    ,   0.    ]), array([3, 2, 2, 2, 3, 3, 2, 3, 1, 3, 1, 0, 1, 1, 0, 3, 3, 1, 3, 3, 3, 2,
       1, 3, 3, 1, 0, 1, 2, 2, 0, 1, 3, 1, 2, 1, 2, 3, 0, 1, 0, 2, 2, 3,
       2, 1, 3, 1, 0, 3, 1, 3, 3, 1, 2, 2, 2, 1, 3, 1, 2, 0, 0, 2, 1, 3,
       2, 0, 1, 3, 0, 1, 0, 3, 1, 3, 3, 1, 1, 0, 3, 0, 3, 1, 1, 2, 2, 1,
       0, 0, 1, 2, 1, 2, 2, 1, 0, 2, 1, 3, 2, 2, 2, 3, 1, 3, 3, 0, 3, 3,
       2, 1, 3, 2, 2, 0, 2, 0, 3, 1, 2, 2, 0, 2, 0, 3, 1, 2, 3, 1, 3, 0,
       1, 1, 2, 1, 2, 0, 0, 2, 2, 3, 2, 0, 3, 3, 3, 3, 0, 2, 3, 2, 2, 0,
       1, 2], dtype=object)]
[39, array([-18.4502,  -9.4502,  -9.    ,   0.    ]), array([1, 0, 0, 0, 0, 2, 0, 2, 3, 2, 0, 3, 2, 0, 3, 0, 1, 3, 0, 3, 1, 3,
       1, 2, 0, 3, 2, 1, 2, 0, 2, 1, 1, 0, 2, 2, 3, 3, 2, 1, 0, 0, 3, 3,
       1, 3, 3, 0, 0, 0, 1, 1, 1, 3, 2, 2, 1, 0, 1, 3, 2, 0, 2, 0, 2, 2,
       0, 1, 0, 3, 0, 1, 1, 2, 1, 0, 1, 2, 1, 3, 3, 3, 3, 0, 1, 0, 0, 3,
       2, 2, 0, 0, 0, 2, 3, 1, 0, 3, 0, 0, 1, 0, 1, 1, 1, 2, 0, 3, 3, 2,
       0, 3, 3, 3, 1, 1, 3, 1, 2, 3, 2, 1, 1, 2, 2, 2, 3, 3, 0, 3, 2, 0,
       3, 0, 0, 2, 3, 0, 3, 3, 3, 2, 2, 2, 2, 0, 3, 3, 3, 3, 2, 2, 0, 2,
       2, 2], dtype=object)]
[38, array([-19.3228,  -9.3228, -10.    ,   0.    ]), array([2, 2, 0, 2, 0, 0, 3, 2, 1, 1, 3, 0, 1, 1, 1, 1, 1, 0, 0, 1, 3, 2,
       0, 2, 2, 0, 3, 2, 2, 0, 0, 0, 2, 0, 2, 1, 3, 0, 2, 2, 3, 0, 3, 2,
       1, 0, 0, 3, 1, 0, 0, 0, 3, 1, 3, 3, 0, 3, 3, 0, 1, 2, 1, 1, 1, 3,
       0, 1, 0, 1, 1, 1, 3, 2, 1, 2, 3, 2, 1, 0, 0, 0, 3, 2, 1, 2, 2, 1,
       2, 1, 1, 0, 1, 1, 3, 3, 3, 1, 3, 0, 0, 2, 3, 3, 2, 3, 2, 2, 2, 1,
       2, 3, 3, 3, 1, 1, 0, 0, 1, 3, 2, 0, 1, 1, 3, 2, 2, 1, 3, 3, 0, 2,
       0, 3, 0, 2, 2, 3, 1, 0, 1, 1, 0, 3, 2, 1, 3, 0, 3, 0, 0, 1, 1, 2,
       0, 1], dtype=object)]
[39, array([-20.5356, -10.5356, -10.    ,   0.    ]), array([1, 3, 2, 1, 3, 0, 0, 1, 0, 1, 0, 2, 2, 2, 0, 0, 2, 0, 2, 3, 0, 1,
       2, 3, 1, 1, 3, 2, 1, 0, 0, 2, 0, 0, 1, 2, 1, 2, 1, 2, 0, 1, 0, 0,
       1, 0, 2, 1, 2, 1, 0, 3, 2, 0, 2, 1, 3, 1, 3, 0, 3, 3, 0, 0, 2, 3,
       0, 2, 3, 0, 2, 0, 2, 1, 3, 0, 1, 3, 3, 3, 3, 1, 0, 0, 3, 1, 3, 3,
       1, 3, 3, 2, 1, 1, 2, 1, 3, 2, 3, 2, 1, 1, 0, 3, 1, 2, 1, 2, 0, 2,
       3, 3, 1, 2, 2, 1, 3, 0, 2, 0, 2, 0, 0, 1, 1, 0, 3, 1, 3, 2, 1, 2,
       3, 2, 0, 3, 2, 0, 1, 3, 1, 2, 3, 1, 1, 2, 2, 3, 3, 2, 0, 1, 3, 0,
       1, 1], dtype=object)]
[39, array([-19.422, -10.422,  -9.   ,   0.   ]), array([1, 3, 0, 1, 0, 0, 0, 0, 2, 1, 2, 0, 2, 1, 0, 3, 3, 1, 3, 3, 3, 2,
       3, 0, 3, 1, 1, 2, 2, 1, 2, 2, 0, 1, 3, 0, 1, 1, 1, 3, 1, 2, 3, 0,
       0, 1, 1, 0, 0, 1, 1, 0, 0, 3, 1, 3, 1, 3, 1, 1, 3, 1, 2, 0, 0, 1,
       0, 2, 3, 1, 1, 3, 1, 1, 2, 0, 2, 0, 1, 3, 2, 0, 1, 0, 0, 1, 0, 2,
       3, 0, 1, 1, 2, 0, 2, 3, 3, 1, 3, 2, 1, 0, 2, 3, 0, 2, 1, 3, 3, 1,
       3, 3, 3, 0, 2, 0, 2, 2, 1, 1, 2, 2, 0, 2, 0, 3, 1, 0, 2, 2, 3, 3,
       1, 1, 2, 1, 2, 0, 2, 0, 2, 2, 0, 1, 3, 1, 0, 3, 0, 2, 0, 3, 3, 2,
       2, 2], dtype=object)]
[40, array([-19.2404,  -9.2404, -10.    ,   0.    ]), array([0, 1, 1, 0, 1, 3, 2, 0, 0, 2, 3, 2, 1, 0, 3, 0, 1, 1, 0, 3, 1, 1,
       2, 1, 1, 3, 2, 2, 2, 3, 2, 0, 0, 2, 3, 1, 2, 2, 3, 2, 0, 1, 0, 2,
       1, 0, 1, 3, 2, 2, 3, 1, 2, 2, 0, 0, 0, 2, 2, 0, 0, 2, 2, 2, 2, 2,
       2, 3, 0, 0, 3, 3, 1, 1, 1, 1, 1, 2, 2, 1, 1, 1, 0, 3, 2, 1, 3, 3,
       2, 2, 0, 0, 0, 3, 0, 2, 3, 2, 0, 0, 3, 0, 1, 2, 0, 2, 3, 0, 1, 2,
       3, 3, 3, 2, 1, 2, 2, 0, 3, 2, 3, 0, 0, 1, 0, 2, 0, 2, 1, 0, 0, 2,
       1, 3, 1, 3, 0, 2, 2, 2, 0, 1, 3, 3, 2, 0, 1, 0, 1, 0, 2, 1, 0, 0,
       0, 3], dtype=object)]
[39, array([-19.0442,  -9.0442, -10.    ,   0.    ]), array([2, 2, 0, 2, 0, 0, 3, 2, 1, 1, 3, 0, 1, 1, 1, 1, 1, 0, 0, 1, 3, 2,
       0, 2, 2, 0, 3, 2, 2, 0, 0, 0, 2, 0, 2, 1, 3, 0, 2, 2, 3, 0, 3, 2,
       1, 0, 0, 3, 1, 0, 0, 0, 3, 1, 3, 3, 0, 3, 3, 0, 1, 2, 1, 1, 1, 3,
       0, 1, 0, 1, 1, 1, 3, 2, 1, 2, 3, 2, 1, 0, 0, 0, 3, 2, 1, 2, 2, 1,
       2, 1, 1, 0, 1, 1, 3, 3, 3, 1, 3, 0, 2, 2, 3, 3, 2, 3, 2, 2, 2, 1,
       2, 3, 3, 3, 1, 1, 0, 0, 1, 3, 2, 0, 2, 1, 1, 2, 2, 1, 1, 3, 0, 1,
       0, 3, 0, 2, 1, 3, 0, 1, 1, 1, 2, 3, 3, 1, 3, 0, 3, 0, 0, 2, 1, 2,
       1, 0], dtype=object)]
[40, array([-20.5082, -10.5082, -10.    ,   0.    ]), array([1, 3, 2, 1, 3, 0, 0, 1, 0, 1, 1, 2, 2, 0, 0, 3, 2, 0, 2, 3, 0, 1,
       2, 3, 1, 1, 3, 2, 1, 0, 0, 2, 0, 0, 1, 2, 2, 2, 0, 2, 0, 1, 0, 0,
       2, 0, 2, 1, 2, 1, 0, 3, 2, 1, 2, 1, 3, 1, 3, 0, 3, 3, 0, 0, 2, 1,
       0, 1, 3, 0, 2, 0, 2, 1, 3, 0, 1, 3, 3, 3, 3, 1, 0, 0, 3, 1, 1, 3,
       1, 3, 3, 3, 1, 1, 2, 1, 3, 2, 3, 2, 1, 1, 0, 3, 1, 2, 1, 2, 0, 2,
       3, 3, 1, 2, 2, 3, 2, 0, 2, 0, 2, 0, 0, 1, 1, 0, 3, 1, 3, 2, 1, 2,
       3, 2, 0, 3, 2, 0, 1, 3, 1, 2, 2, 1, 1, 2, 2, 3, 3, 1, 0, 1, 3, 0,
       1, 1], dtype=object)]
[40, array([-18.744,  -9.744,  -9.   ,   0.   ]), array([0, 0, 2, 3, 3, 1, 2, 2, 0, 0, 3, 3, 3, 3, 3, 3, 0, 0, 2, 3, 2, 2,
       3, 0, 3, 1, 1, 2, 2, 1, 2, 2, 0, 1, 3, 0, 1, 1, 1, 3, 1, 2, 3, 0,
       0, 1, 1, 0, 0, 1, 1, 0, 0, 3, 1, 3, 1, 3, 1, 1, 3, 1, 2, 0, 0, 1,
       0, 2, 3, 1, 1, 3, 1, 1, 2, 0, 2, 0, 1, 3, 2, 0, 1, 0, 0, 1, 0, 2,
       3, 0, 1, 1, 2, 0, 2, 0, 3, 1, 3, 2, 1, 0, 2, 3, 0, 2, 1, 3, 3, 1,
       3, 3, 3, 0, 2, 0, 2, 0, 0, 1, 2, 0, 0, 2, 0, 1, 1, 2, 3, 1, 3, 0,
       1, 1, 2, 1, 3, 0, 0, 2, 2, 0, 2, 0, 3, 3, 3, 3, 0, 2, 3, 1, 2, 0,
       1, 0], dtype=object)]
[41, array([-20.761, -10.761, -10.   ,   0.   ]), array([0, 1, 1, 0, 1, 3, 2, 0, 0, 2, 3, 2, 1, 0, 3, 0, 1, 1, 0, 3, 1, 1,
       2, 1, 1, 3, 2, 2, 2, 3, 2, 0, 0, 2, 3, 1, 2, 2, 3, 2, 0, 1, 0, 2,
       1, 0, 1, 3, 2, 2, 3, 1, 2, 2, 0, 0, 0, 2, 2, 0, 0, 2, 2, 2, 2, 2,
       2, 3, 0, 0, 3, 3, 1, 1, 1, 1, 1, 2, 2, 1, 1, 1, 0, 3, 2, 1, 3, 3,
       2, 2, 0, 0, 0, 3, 0, 2, 3, 2, 0, 0, 3, 0, 1, 2, 0, 2, 3, 0, 1, 2,
       3, 3, 3, 2, 1, 2, 2, 0, 3, 2, 3, 0, 0, 1, 0, 2, 0, 2, 1, 0, 0, 2,
       1, 3, 1, 3, 0, 2, 2, 2, 0, 1, 3, 3, 2, 0, 1, 0, 1, 0, 2, 1, 0, 0,
       0, 3], dtype=object)]
[40, array([-19.5448,  -9.5448, -10.    ,   0.    ]), array([2, 2, 0, 2, 0, 0, 3, 2, 1, 1, 3, 0, 1, 1, 1, 1, 1, 0, 0, 1, 3, 2,
       0, 2, 2, 0, 3, 2, 2, 0, 0, 0, 2, 0, 2, 1, 3, 0, 2, 2, 3, 0, 3, 2,
       1, 0, 0, 3, 1, 0, 0, 0, 3, 1, 3, 3, 0, 3, 3, 0, 1, 2, 1, 1, 1, 3,
       0, 1, 0, 1, 1, 1, 3, 2, 1, 2, 3, 2, 1, 0, 0, 0, 3, 2, 1, 2, 2, 1,
       2, 1, 1, 0, 1, 1, 3, 3, 3, 1, 3, 0, 2, 2, 3, 3, 2, 3, 2, 2, 2, 1,
       2, 3, 3, 3, 1, 1, 0, 0, 1, 3, 2, 0, 2, 1, 1, 2, 2, 1, 1, 3, 0, 1,
       0, 3, 0, 2, 1, 3, 0, 1, 1, 1, 2, 3, 3, 1, 3, 0, 3, 0, 0, 2, 1, 2,
       1, 0], dtype=object)]
[41, array([-20.7752, -10.7752, -10.    ,   0.    ]), array([1, 3, 2, 1, 3, 0, 0, 1, 0, 1, 1, 2, 2, 0, 0, 3, 2, 0, 2, 3, 0, 1,
       2, 3, 1, 1, 3, 2, 1, 0, 0, 2, 0, 0, 1, 2, 2, 2, 1, 2, 0, 1, 0, 0,
       2, 0, 2, 1, 2, 1, 0, 3, 2, 1, 2, 1, 3, 1, 3, 0, 3, 3, 0, 0, 2, 3,
       0, 1, 3, 0, 2, 0, 2, 1, 3, 0, 1, 3, 3, 3, 3, 1, 0, 0, 3, 1, 3, 3,
       1, 3, 3, 2, 3, 1, 2, 1, 3, 2, 3, 2, 1, 1, 0, 3, 1, 2, 1, 2, 0, 2,
       3, 3, 1, 2, 2, 1, 3, 0, 2, 0, 2, 0, 0, 1, 1, 0, 3, 1, 3, 2, 1, 2,
       3, 2, 0, 3, 2, 0, 1, 3, 1, 2, 2, 1, 1, 2, 2, 3, 3, 1, 0, 1, 3, 0,
       1, 1], dtype=object)]
[41, array([-18.7112,  -9.7112,  -9.    ,   0.    ]), array([2, 3, 0, 1, 1, 0, 0, 0, 2, 3, 0, 3, 0, 1, 0, 3, 3, 1, 3, 3, 3, 2,
       3, 0, 3, 1, 1, 2, 2, 1, 2, 2, 0, 1, 3, 0, 1, 1, 1, 3, 1, 2, 3, 0,
       0, 1, 1, 0, 0, 1, 1, 0, 0, 3, 1, 3, 1, 3, 1, 1, 3, 1, 2, 0, 0, 1,
       0, 2, 3, 1, 1, 3, 1, 1, 2, 0, 2, 0, 1, 3, 2, 0, 1, 0, 0, 1, 0, 2,
       3, 0, 1, 1, 2, 0, 2, 3, 3, 1, 3, 2, 1, 0, 2, 3, 0, 2, 1, 3, 3, 1,
       3, 3, 3, 0, 2, 0, 2, 2, 1, 1, 2, 2, 0, 2, 0, 3, 1, 0, 2, 2, 3, 3,
       1, 1, 2, 1, 2, 0, 2, 0, 2, 2, 0, 1, 3, 1, 0, 3, 0, 2, 0, 3, 3, 2,
       2, 2], dtype=object)]
[42, array([-20.1392, -10.1392, -10.    ,   0.    ]), array([2, 3, 3, 3, 2, 3, 0, 0, 0, 0, 1, 3, 1, 3, 2, 0, 1, 0, 0, 0, 0, 3,
       0, 1, 1, 3, 2, 2, 2, 3, 2, 1, 2, 3, 3, 2, 2, 3, 3, 2, 0, 1, 3, 1,
       1, 2, 3, 3, 0, 2, 3, 3, 1, 2, 2, 2, 0, 2, 0, 0, 3, 1, 2, 2, 2, 2,
       3, 0, 2, 0, 2, 1, 1, 0, 1, 3, 3, 2, 1, 1, 1, 2, 0, 3, 2, 1, 3, 0,
       2, 2, 2, 0, 0, 0, 0, 2, 1, 0, 1, 1, 3, 3, 2, 0, 1, 3, 2, 3, 3, 3,
       0, 1, 0, 3, 1, 1, 0, 1, 1, 1, 2, 1, 1, 2, 2, 2, 1, 3, 2, 3, 2, 0,
       3, 0, 0, 2, 0, 3, 0, 3, 2, 2, 3, 2, 0, 0, 0, 1, 3, 2, 2, 2, 0, 3,
       1, 1], dtype=object)]
[41, array([-20.1174, -10.1174, -10.    ,   0.    ]), array([3, 1, 0, 0, 1, 1, 1, 1, 1, 3, 2, 0, 2, 2, 1, 0, 2, 2, 3, 2, 2, 2,
       1, 0, 2, 3, 1, 0, 0, 1, 0, 2, 3, 1, 2, 2, 1, 2, 3, 1, 1, 1, 1, 1,
       3, 1, 0, 1, 0, 1, 0, 3, 3, 2, 1, 0, 0, 2, 3, 3, 1, 2, 3, 0, 2, 0,
       3, 3, 1, 1, 0, 3, 2, 2, 0, 2, 1, 3, 1, 0, 3, 0, 0, 2, 1, 1, 0, 0,
       2, 3, 2, 3, 3, 3, 1, 2, 1, 2, 3, 0, 0, 0, 3, 3, 2, 3, 1, 3, 2, 1,
       2, 2, 3, 0, 2, 0, 2, 3, 3, 3, 2, 1, 0, 1, 2, 3, 1, 2, 1, 3, 3, 1,
       3, 1, 1, 3, 3, 3, 2, 2, 1, 0, 0, 1, 2, 3, 1, 0, 2, 0, 2, 0, 0, 0,
       0, 3], dtype=object)]
[42, array([-20.0378, -10.0378, -10.    ,   0.    ]), array([1, 3, 2, 1, 3, 0, 0, 1, 0, 1, 0, 2, 2, 2, 0, 0, 2, 0, 0, 3, 0, 1,
       2, 1, 1, 1, 3, 2, 1, 0, 0, 2, 0, 0, 1, 2, 2, 2, 1, 2, 0, 1, 0, 0,
       2, 0, 2, 1, 2, 1, 0, 3, 2, 1, 2, 1, 3, 1, 3, 0, 3, 3, 0, 0, 2, 3,
       0, 2, 3, 0, 2, 0, 2, 1, 3, 0, 1, 3, 3, 3, 3, 1, 0, 0, 3, 1, 1, 3,
       1, 3, 3, 2, 1, 1, 2, 1, 3, 2, 3, 2, 1, 1, 0, 3, 1, 2, 1, 2, 0, 2,
       3, 3, 1, 2, 2, 1, 1, 0, 2, 3, 2, 0, 0, 1, 1, 0, 3, 1, 3, 2, 1, 2,
       3, 2, 0, 3, 2, 0, 1, 3, 1, 2, 2, 1, 1, 2, 2, 3, 3, 1, 0, 1, 3, 0,
       1, 1], dtype=object)]
[42, array([-18.291,  -9.291,  -9.   ,   0.   ]), array([1, 3, 0, 1, 0, 0, 0, 0, 2, 1, 2, 0, 2, 1, 0, 3, 3, 1, 3, 3, 3, 2,
       1, 3, 3, 1, 0, 1, 2, 2, 0, 1, 3, 1, 2, 1, 2, 3, 0, 1, 0, 2, 2, 3,
       2, 1, 3, 1, 2, 3, 1, 3, 3, 1, 3, 2, 2, 1, 3, 1, 2, 0, 0, 2, 1, 3,
       2, 0, 1, 3, 0, 1, 0, 2, 1, 3, 3, 1, 1, 0, 3, 0, 3, 1, 1, 2, 2, 1,
       0, 0, 1, 2, 1, 2, 2, 1, 0, 2, 1, 3, 2, 2, 2, 3, 1, 3, 3, 0, 3, 3,
       2, 1, 3, 2, 2, 0, 2, 0, 3, 1, 2, 2, 0, 2, 0, 3, 1, 2, 3, 1, 3, 0,
       1, 1, 2, 1, 2, 0, 0, 2, 2, 3, 2, 0, 3, 3, 3, 3, 0, 2, 3, 2, 2, 0,
       2, 0], dtype=object)]
[43, array([-19.8102,  -9.8102, -10.    ,   0.    ]), array([2, 3, 3, 3, 2, 3, 0, 0, 0, 0, 1, 3, 1, 3, 2, 0, 1, 3, 0, 0, 0, 2,
       0, 1, 1, 3, 2, 2, 2, 3, 2, 1, 2, 3, 3, 2, 0, 3, 3, 2, 0, 1, 3, 1,
       1, 2, 3, 3, 0, 2, 3, 3, 1, 2, 2, 2, 0, 2, 0, 0, 3, 1, 2, 2, 2, 2,
       3, 0, 2, 0, 2, 1, 1, 0, 1, 3, 3, 2, 1, 1, 1, 2, 0, 3, 2, 1, 3, 0,
       2, 2, 2, 0, 0, 0, 0, 2, 1, 0, 1, 1, 3, 3, 2, 0, 1, 3, 2, 3, 3, 3,
       0, 1, 0, 3, 1, 1, 0, 1, 1, 1, 2, 1, 1, 2, 2, 0, 1, 3, 2, 3, 2, 0,
       3, 2, 0, 2, 0, 3, 0, 3, 2, 2, 3, 2, 0, 0, 0, 1, 3, 2, 1, 2, 2, 3,
       3, 3], dtype=object)]
[42, array([-19.7708,  -9.7708, -10.    ,   0.    ]), array([3, 1, 0, 0, 1, 1, 1, 1, 1, 3, 2, 0, 2, 2, 1, 0, 2, 2, 3, 1, 2, 2,
       1, 0, 2, 3, 1, 0, 0, 1, 0, 2, 3, 1, 2, 2, 1, 2, 3, 1, 1, 1, 1, 1,
       3, 1, 0, 1, 0, 1, 0, 3, 3, 2, 1, 0, 0, 2, 3, 3, 1, 2, 3, 0, 2, 0,
       3, 3, 1, 1, 0, 3, 2, 2, 0, 2, 1, 3, 1, 0, 3, 0, 0, 2, 1, 1, 0, 0,
       2, 3, 2, 3, 3, 3, 1, 2, 1, 2, 3, 3, 0, 0, 3, 3, 2, 3, 1, 3, 2, 1,
       2, 2, 3, 0, 2, 0, 2, 3, 3, 3, 2, 1, 0, 1, 2, 3, 1, 2, 1, 3, 3, 1,
       3, 1, 1, 3, 2, 3, 2, 2, 1, 2, 0, 0, 1, 3, 2, 1, 2, 2, 2, 3, 2, 2,
       2, 3], dtype=object)]
[43, array([-20.6264, -10.6264, -10.    ,   0.    ]), array([1, 3, 2, 1, 3, 0, 0, 1, 0, 1, 0, 2, 2, 0, 0, 0, 2, 0, 2, 3, 0, 1,
       2, 3, 1, 1, 3, 2, 1, 0, 0, 2, 0, 0, 1, 2, 2, 2, 1, 2, 0, 1, 0, 0,
       2, 0, 2, 1, 2, 1, 0, 3, 2, 1, 2, 1, 3, 1, 3, 0, 3, 3, 0, 0, 2, 3,
       0, 2, 3, 0, 2, 0, 2, 1, 3, 0, 1, 3, 3, 3, 3, 1, 0, 0, 3, 1, 1, 3,
       1, 3, 3, 2, 1, 1, 2, 1, 3, 2, 3, 2, 1, 1, 0, 3, 1, 2, 1, 2, 0, 2,
       3, 0, 1, 2, 2, 1, 3, 0, 2, 0, 2, 0, 0, 1, 1, 0, 3, 1, 3, 2, 1, 2,
       3, 2, 0, 3, 2, 0, 1, 3, 1, 2, 2, 1, 1, 2, 2, 3, 3, 1, 0, 1, 3, 0,
       1, 1], dtype=object)]
[43, array([-18.9238,  -9.9238,  -9.    ,   0.    ]), array([1, 3, 2, 1, 1, 3, 0, 0, 2, 3, 0, 3, 0, 1, 3, 0, 3, 1, 3, 3, 2, 1,
       3, 1, 2, 3, 0, 3, 2, 2, 2, 2, 1, 2, 1, 0, 2, 3, 0, 1, 1, 2, 2, 3,
       2, 3, 3, 1, 3, 3, 2, 3, 3, 1, 2, 2, 0, 1, 3, 1, 0, 1, 3, 1, 3, 3,
       0, 1, 3, 3, 3, 0, 1, 3, 3, 1, 3, 2, 3, 3, 3, 0, 3, 0, 0, 1, 2, 2,
       0, 0, 1, 2, 1, 3, 2, 1, 0, 2, 1, 3, 2, 2, 2, 3, 1, 3, 3, 0, 3, 3,
       2, 1, 3, 2, 2, 0, 2, 0, 2, 1, 2, 2, 0, 2, 0, 3, 1, 2, 3, 1, 3, 0,
       1, 1, 2, 1, 2, 0, 0, 2, 2, 3, 2, 0, 3, 3, 3, 3, 0, 2, 3, 2, 2, 0,
       2, 0], dtype=object)]
[43, array([-15.8166,  -7.8166,  -8.    ,   0.    ]), array([3, 1, 0, 3, 1, 0, 1, 0, 1, 2, 3, 0, 1, 0, 0, 3, 2, 2, 0, 1, 2, 2,
       2, 3, 1, 0, 3, 2, 0, 1, 3, 2, 0, 1, 2, 2, 0, 2, 3, 3, 1, 0, 1, 2,
       1, 1, 0, 1, 2, 0, 1, 2, 1, 2, 3, 3, 1, 3, 1, 2, 1, 2, 2, 2, 0, 3,
       2, 1, 2, 3, 1, 2, 0, 1, 0, 2, 0, 2, 1, 0, 1, 2, 3, 2, 1, 2, 2, 0,
       3, 0, 0, 1, 0, 1, 1, 0, 1, 0, 0, 3, 3, 0, 2, 3, 2, 3, 1, 1, 2, 1,
       2, 2, 3, 0, 1, 1, 0, 3, 0, 3, 2, 1, 3, 1, 2, 3, 1, 2, 3, 3, 0, 1,
       0, 3, 0, 2, 1, 3, 0, 1, 1, 1, 2, 3, 3, 3, 3, 0, 3, 0, 0, 2, 1, 2,
       1, 2], dtype=object)]
[44, array([-20.019, -10.019, -10.   ,   0.   ]), array([2, 3, 3, 3, 2, 3, 0, 0, 0, 0, 1, 3, 1, 3, 2, 0, 1, 3, 0, 0, 0, 2,
       0, 1, 1, 3, 2, 2, 2, 3, 2, 1, 2, 3, 3, 2, 0, 3, 3, 2, 0, 1, 3, 1,
       1, 2, 3, 3, 0, 2, 3, 3, 1, 2, 2, 2, 0, 2, 0, 0, 3, 1, 2, 2, 2, 2,
       3, 0, 2, 0, 2, 1, 1, 0, 1, 3, 3, 2, 1, 1, 1, 2, 0, 3, 2, 1, 3, 0,
       2, 2, 2, 0, 0, 1, 1, 2, 1, 0, 1, 1, 3, 3, 2, 0, 1, 3, 2, 3, 3, 3,
       0, 1, 0, 3, 1, 1, 0, 1, 1, 1, 2, 1, 1, 2, 2, 2, 1, 3, 2, 3, 2, 0,
       3, 0, 0, 2, 0, 3, 0, 3, 2, 2, 3, 2, 0, 0, 0, 1, 2, 2, 1, 2, 2, 1,
       3, 3], dtype=object)]
[44, array([-20.469, -10.469, -10.   ,   0.   ]), array([1, 3, 2, 1, 3, 0, 0, 1, 0, 1, 1, 2, 2, 0, 0, 3, 2, 0, 2, 3, 0, 1,
       2, 3, 1, 1, 3, 2, 1, 0, 0, 2, 0, 0, 1, 2, 2, 2, 2, 2, 0, 1, 0, 0,
       2, 0, 2, 1, 2, 1, 0, 3, 2, 1, 2, 1, 3, 1, 3, 0, 3, 3, 0, 0, 2, 3,
       0, 2, 3, 0, 2, 0, 2, 1, 3, 0, 1, 3, 3, 3, 3, 3, 0, 0, 3, 1, 1, 3,
       1, 3, 3, 2, 1, 1, 2, 1, 3, 2, 3, 2, 1, 1, 0, 3, 1, 2, 1, 2, 0, 2,
       3, 3, 1, 2, 2, 3, 3, 0, 2, 0, 2, 0, 0, 1, 1, 0, 3, 1, 3, 2, 1, 2,
       3, 2, 0, 3, 2, 0, 1, 3, 1, 2, 2, 1, 1, 2, 0, 3, 3, 1, 0, 1, 3, 0,
       1, 1], dtype=object)]
[44, array([-18.8432,  -9.8432,  -9.    ,   0.    ]), array([1, 1, 0, 3, 2, 0, 0, 0, 3, 1, 0, 0, 3, 2, 2, 0, 3, 2, 2, 1, 3, 2,
       0, 0, 3, 1, 1, 2, 2, 1, 2, 3, 0, 1, 3, 0, 0, 1, 1, 3, 1, 2, 3, 3,
       0, 1, 1, 2, 0, 1, 1, 2, 0, 3, 1, 3, 1, 3, 1, 1, 3, 1, 2, 0, 0, 1,
       0, 2, 3, 1, 1, 3, 1, 1, 2, 0, 2, 0, 1, 3, 2, 0, 1, 0, 0, 1, 0, 2,
       3, 0, 1, 1, 2, 0, 2, 3, 3, 1, 3, 2, 1, 0, 2, 3, 0, 2, 1, 3, 3, 1,
       3, 3, 3, 0, 2, 0, 2, 2, 1, 1, 2, 2, 0, 2, 0, 3, 1, 0, 2, 2, 3, 3,
       1, 1, 2, 1, 2, 0, 2, 0, 2, 2, 0, 1, 3, 1, 0, 3, 0, 2, 0, 3, 3, 2,
       2, 2], dtype=object)]
[44, array([-15.5518,  -7.5518,  -8.    ,   0.    ]), array([3, 1, 0, 3, 1, 0, 1, 0, 1, 2, 3, 0, 1, 0, 0, 3, 2, 2, 0, 1, 2, 2,
       2, 3, 1, 0, 3, 2, 0, 1, 3, 2, 0, 1, 2, 2, 0, 2, 3, 3, 1, 0, 1, 2,
       1, 1, 0, 1, 2, 0, 1, 2, 1, 2, 3, 3, 1, 3, 1, 2, 1, 2, 2, 2, 0, 3,
       2, 1, 2, 3, 1, 2, 0, 1, 0, 2, 0, 2, 1, 0, 1, 2, 3, 2, 1, 2, 2, 0,
       3, 0, 0, 1, 0, 1, 1, 0, 3, 0, 0, 3, 3, 0, 2, 3, 2, 3, 1, 1, 2, 1,
       2, 2, 3, 0, 1, 1, 0, 3, 0, 3, 2, 1, 3, 1, 2, 3, 1, 2, 3, 3, 0, 1,
       0, 3, 0, 2, 1, 3, 0, 1, 1, 1, 2, 3, 3, 3, 3, 0, 3, 0, 0, 2, 1, 2,
       1, 2], dtype=object)]
[45, array([-19.9446,  -9.9446, -10.    ,   0.    ]), array([2, 3, 3, 3, 2, 3, 0, 0, 0, 0, 1, 3, 1, 3, 2, 0, 1, 3, 0, 0, 0, 2,
       0, 1, 1, 3, 2, 2, 2, 3, 2, 1, 2, 3, 3, 2, 0, 3, 3, 2, 0, 1, 3, 1,
       1, 2, 3, 3, 0, 2, 3, 3, 1, 2, 2, 2, 0, 2, 0, 0, 3, 1, 2, 2, 2, 2,
       3, 0, 2, 0, 2, 1, 1, 0, 1, 3, 3, 2, 1, 1, 1, 2, 0, 3, 2, 1, 3, 0,
       2, 2, 2, 0, 0, 0, 0, 2, 1, 0, 1, 1, 3, 3, 2, 0, 1, 3, 2, 3, 3, 3,
       0, 1, 0, 3, 1, 1, 0, 1, 1, 1, 2, 1, 1, 2, 2, 2, 1, 3, 2, 3, 2, 0,
       3, 0, 0, 2, 0, 3, 0, 3, 2, 2, 3, 2, 0, 0, 0, 1, 3, 2, 2, 2, 0, 3,
       1, 1], dtype=object)]
[45, array([-35.2484, -17.2484, -18.    ,   0.    ]), array([1, 3, 2, 1, 3, 0, 0, 1, 0, 1, 1, 2, 2, 0, 0, 3, 2, 0, 2, 3, 0, 1,
       2, 3, 1, 1, 3, 2, 1, 0, 0, 2, 0, 0, 1, 2, 2, 2, 0, 2, 0, 1, 0, 0,
       2, 0, 2, 1, 2, 1, 0, 3, 2, 1, 2, 1, 3, 1, 3, 0, 3, 3, 0, 0, 2, 1,
       0, 1, 3, 0, 2, 0, 2, 2, 3, 0, 1, 3, 3, 3, 3, 1, 0, 0, 3, 1, 3, 3,
       1, 3, 3, 2, 1, 1, 2, 1, 3, 2, 3, 2, 1, 1, 0, 3, 1, 2, 1, 2, 0, 2,
       3, 3, 1, 2, 2, 1, 3, 0, 2, 0, 2, 0, 0, 1, 1, 0, 3, 1, 3, 2, 1, 2,
       3, 2, 0, 3, 2, 0, 1, 3, 1, 2, 2, 1, 1, 2, 2, 3, 3, 1, 0, 1, 3, 0,
       1, 1], dtype=object)]
[45, array([-28.1642, -14.1642, -14.    ,   0.    ]), array([3, 2, 2, 2, 0, 2, 2, 3, 1, 3, 1, 0, 1, 3, 0, 3, 3, 3, 3, 3, 2, 2,
       0, 1, 3, 3, 0, 0, 2, 2, 2, 1, 1, 2, 3, 1, 2, 3, 0, 1, 1, 2, 2, 3,
       2, 1, 3, 1, 0, 3, 1, 3, 3, 1, 3, 2, 2, 1, 3, 1, 2, 0, 0, 2, 1, 3,
       2, 0, 1, 3, 0, 1, 0, 2, 1, 3, 3, 0, 1, 3, 2, 0, 1, 0, 0, 1, 0, 2,
       3, 0, 1, 1, 2, 0, 2, 3, 3, 1, 3, 2, 1, 0, 2, 3, 0, 2, 1, 3, 3, 1,
       3, 3, 3, 0, 2, 0, 2, 2, 1, 1, 2, 2, 0, 2, 2, 3, 1, 0, 2, 2, 3, 3,
       1, 1, 2, 1, 0, 0, 2, 0, 2, 0, 2, 2, 1, 1, 1, 2, 2, 2, 3, 3, 2, 1,
       1, 3], dtype=object)]
[45, array([-37.18, -18.18, -19.  ,   0.  ]), array([0, 3, 0, 2, 1, 1, 1, 1, 1, 3, 2, 0, 2, 2, 1, 0, 2, 2, 3, 2, 2, 2,
       1, 0, 2, 3, 1, 0, 0, 1, 0, 2, 3, 1, 2, 2, 1, 2, 3, 1, 1, 1, 1, 1,
       3, 1, 0, 1, 0, 1, 0, 3, 3, 2, 1, 0, 0, 2, 3, 3, 1, 2, 3, 0, 2, 0,
       3, 3, 1, 1, 0, 3, 2, 2, 0, 2, 1, 3, 1, 0, 3, 0, 0, 2, 1, 1, 0, 0,
       2, 3, 2, 3, 3, 3, 1, 2, 1, 2, 3, 0, 0, 0, 3, 3, 2, 3, 1, 3, 2, 1,
       2, 2, 3, 0, 2, 0, 2, 3, 3, 3, 2, 1, 0, 1, 2, 3, 1, 2, 1, 3, 3, 1,
       3, 1, 1, 3, 3, 3, 2, 2, 1, 0, 0, 1, 2, 3, 1, 0, 2, 0, 2, 0, 0, 0,
       0, 3], dtype=object)]
[46, array([-19.6804,  -9.6804, -10.    ,   0.    ]), array([0, 2, 0, 0, 1, 1, 2, 1, 3, 2, 3, 2, 1, 3, 3, 0, 1, 1, 0, 3, 1, 1,
       2, 1, 1, 3, 2, 2, 2, 3, 2, 0, 0, 2, 3, 1, 2, 2, 3, 2, 0, 1, 0, 2,
       1, 0, 1, 3, 2, 2, 3, 1, 2, 2, 0, 0, 0, 2, 2, 0, 0, 2, 1, 2, 2, 2,
       2, 3, 0, 0, 3, 3, 1, 1, 1, 1, 1, 2, 2, 1, 1, 1, 0, 3, 2, 1, 3, 3,
       2, 2, 0, 0, 0, 3, 0, 2, 3, 2, 0, 0, 3, 0, 1, 2, 3, 2, 3, 0, 1, 2,
       3, 3, 3, 2, 1, 2, 2, 0, 3, 1, 3, 0, 0, 1, 0, 2, 0, 2, 1, 0, 0, 2,
       1, 3, 1, 3, 0, 2, 2, 2, 0, 1, 3, 3, 2, 0, 1, 0, 1, 0, 2, 1, 0, 0,
       0, 3], dtype=object)]
[46, array([-20.2878, -10.2878, -10.    ,   0.    ]), array([3, 2, 2, 1, 3, 0, 0, 1, 0, 1, 1, 2, 2, 0, 0, 3, 2, 0, 2, 3, 0, 1,
       2, 3, 1, 1, 3, 2, 1, 0, 0, 2, 0, 0, 1, 2, 2, 2, 0, 2, 0, 1, 0, 0,
       2, 0, 2, 1, 2, 1, 0, 3, 2, 1, 2, 1, 3, 1, 3, 0, 3, 3, 0, 0, 2, 1,
       0, 1, 3, 0, 2, 0, 2, 1, 3, 0, 1, 3, 3, 3, 3, 1, 0, 0, 3, 1, 1, 3,
       1, 3, 3, 3, 1, 1, 2, 1, 3, 2, 3, 2, 1, 1, 0, 3, 1, 2, 1, 2, 0, 2,
       3, 3, 1, 2, 2, 1, 3, 0, 2, 0, 2, 0, 0, 1, 1, 0, 3, 1, 3, 2, 1, 2,
       3, 2, 0, 3, 2, 0, 1, 3, 1, 2, 2, 1, 1, 2, 2, 3, 3, 1, 0, 1, 3, 0,
       1, 1], dtype=object)]
[46, array([-27.0712, -13.0712, -14.    ,   0.    ]), array([3, 2, 2, 2, 0, 2, 2, 3, 1, 3, 1, 0, 1, 3, 0, 3, 3, 3, 3, 3, 2, 2,
       0, 1, 3, 3, 0, 0, 2, 2, 2, 1, 1, 2, 3, 1, 2, 3, 0, 1, 1, 2, 2, 3,
       2, 1, 3, 1, 0, 3, 1, 3, 3, 1, 3, 2, 2, 1, 3, 1, 2, 0, 0, 2, 1, 3,
       2, 0, 1, 3, 0, 1, 0, 2, 1, 3, 3, 0, 1, 3, 2, 0, 1, 0, 0, 1, 0, 2,
       3, 0, 1, 1, 2, 0, 2, 3, 3, 1, 3, 2, 1, 0, 2, 3, 0, 2, 2, 3, 3, 1,
       3, 3, 3, 0, 2, 0, 2, 2, 1, 1, 2, 2, 0, 2, 2, 3, 1, 0, 2, 2, 3, 3,
       1, 1, 2, 1, 0, 0, 2, 0, 2, 0, 2, 2, 1, 1, 1, 2, 2, 2, 3, 3, 2, 1,
       1, 3], dtype=object)]
[46, array([-20.1496, -10.1496, -10.    ,   0.    ]), array([0, 3, 0, 2, 1, 1, 1, 1, 1, 3, 2, 0, 2, 2, 1, 0, 2, 2, 3, 2, 2, 2,
       1, 0, 2, 3, 1, 0, 0, 1, 0, 2, 3, 1, 2, 2, 1, 2, 3, 1, 1, 1, 1, 1,
       3, 1, 0, 1, 0, 1, 0, 3, 3, 2, 1, 0, 0, 2, 3, 3, 1, 2, 3, 0, 2, 0,
       3, 3, 1, 1, 0, 3, 2, 2, 0, 2, 1, 3, 1, 0, 3, 0, 0, 2, 1, 1, 0, 0,
       2, 3, 2, 3, 3, 3, 1, 2, 1, 2, 2, 0, 0, 0, 3, 3, 2, 3, 1, 3, 2, 1,
       2, 2, 3, 0, 2, 0, 2, 3, 3, 3, 2, 1, 0, 1, 2, 3, 1, 2, 1, 3, 3, 1,
       3, 1, 1, 3, 3, 3, 2, 2, 1, 0, 0, 1, 2, 3, 1, 0, 2, 3, 2, 0, 0, 0,
       0, 3], dtype=object)]
[47, array([-19.988,  -9.988, -10.   ,   0.   ]), array([2, 3, 3, 3, 2, 3, 0, 0, 0, 0, 1, 3, 1, 3, 2, 0, 1, 3, 0, 0, 0, 2,
       0, 1, 1, 3, 2, 2, 2, 3, 2, 1, 2, 3, 3, 2, 0, 3, 3, 2, 0, 1, 3, 1,
       1, 2, 3, 3, 0, 2, 3, 3, 1, 2, 2, 2, 0, 2, 0, 0, 3, 1, 2, 2, 2, 2,
       3, 0, 2, 0, 2, 1, 1, 0, 1, 3, 3, 2, 1, 1, 1, 2, 0, 3, 2, 1, 3, 0,
       2, 2, 2, 0, 0, 0, 0, 2, 1, 0, 1, 1, 3, 3, 2, 0, 1, 3, 2, 3, 3, 3,
       0, 1, 0, 3, 1, 1, 0, 1, 1, 1, 2, 1, 1, 2, 2, 2, 1, 3, 2, 3, 2, 0,
       3, 0, 0, 2, 0, 3, 0, 3, 2, 2, 3, 2, 0, 0, 0, 1, 3, 2, 2, 2, 0, 3,
       1, 1], dtype=object)]
[47, array([-20.9736, -10.9736, -10.    ,   0.    ]), array([1, 3, 2, 1, 3, 0, 0, 1, 0, 1, 1, 2, 2, 0, 0, 3, 2, 0, 2, 3, 0, 1,
       2, 3, 1, 1, 3, 2, 1, 0, 0, 2, 0, 0, 1, 2, 2, 2, 0, 2, 0, 1, 0, 0,
       2, 0, 2, 1, 2, 1, 0, 3, 2, 1, 2, 1, 3, 1, 3, 0, 3, 3, 0, 0, 2, 1,
       0, 1, 3, 0, 2, 0, 2, 1, 3, 0, 1, 3, 3, 3, 3, 1, 0, 0, 3, 1, 1, 3,
       0, 3, 3, 3, 1, 1, 2, 1, 3, 2, 3, 2, 1, 1, 0, 3, 1, 2, 1, 2, 0, 2,
       3, 3, 1, 2, 2, 3, 3, 0, 2, 0, 2, 0, 0, 1, 1, 0, 3, 1, 3, 2, 1, 2,
       3, 2, 0, 3, 2, 0, 1, 3, 1, 2, 2, 1, 1, 2, 2, 3, 3, 1, 0, 1, 3, 0,
       1, 1], dtype=object)]
[47, array([-27.9028, -13.9028, -14.    ,   0.    ]), array([0, 0, 2, 3, 3, 1, 2, 2, 0, 0, 3, 3, 3, 3, 3, 3, 0, 0, 2, 3, 2, 2,
       0, 0, 3, 1, 1, 2, 2, 1, 2, 3, 0, 1, 3, 0, 0, 1, 1, 3, 1, 2, 3, 3,
       0, 1, 1, 2, 0, 1, 1, 2, 0, 3, 1, 3, 1, 3, 1, 1, 3, 1, 2, 0, 0, 1,
       0, 2, 3, 1, 1, 1, 0, 2, 1, 3, 3, 1, 1, 0, 3, 0, 3, 1, 1, 2, 2, 1,
       0, 0, 1, 2, 1, 2, 2, 1, 0, 2, 1, 3, 2, 2, 2, 3, 1, 1, 3, 0, 3, 3,
       2, 1, 3, 2, 2, 0, 2, 0, 3, 1, 2, 2, 0, 2, 0, 3, 1, 2, 3, 1, 3, 0,
       1, 1, 2, 1, 2, 0, 0, 2, 2, 3, 2, 0, 3, 3, 3, 3, 0, 2, 3, 2, 2, 0,
       2, 0], dtype=object)]
[47, array([-18.0028,  -9.0028,  -9.    ,   0.    ]), array([2, 2, 0, 0, 1, 1, 2, 2, 1, 3, 2, 0, 2, 2, 0, 1, 2, 2, 3, 2, 2, 2,
       1, 0, 2, 3, 0, 0, 2, 1, 2, 2, 0, 1, 2, 2, 2, 3, 2, 0, 1, 2, 2, 1,
       0, 1, 0, 1, 2, 1, 2, 3, 3, 2, 1, 0, 0, 2, 3, 2, 2, 2, 3, 0, 2, 0,
       3, 3, 1, 1, 0, 3, 2, 2, 0, 2, 3, 3, 1, 0, 3, 0, 0, 3, 1, 0, 0, 0,
       3, 3, 2, 3, 2, 3, 1, 2, 1, 1, 3, 0, 0, 2, 3, 0, 0, 3, 2, 0, 3, 0,
       2, 3, 0, 0, 0, 2, 2, 3, 0, 1, 2, 1, 2, 3, 0, 2, 1, 2, 1, 2, 0, 1,
       1, 2, 2, 3, 0, 0, 0, 1, 2, 0, 1, 1, 0, 0, 3, 3, 0, 3, 1, 1, 1, 2,
       2, 3], dtype=object)]
[48, array([-18.9396,  -8.9396, -10.    ,   0.    ]), array([2, 3, 3, 3, 2, 3, 0, 0, 0, 0, 1, 3, 1, 3, 2, 0, 1, 3, 0, 0, 0, 2,
       0, 1, 1, 3, 2, 2, 2, 3, 2, 1, 2, 3, 3, 2, 0, 3, 3, 2, 0, 1, 3, 1,
       1, 2, 3, 3, 0, 2, 3, 3, 1, 2, 2, 2, 0, 2, 0, 0, 3, 1, 2, 2, 2, 2,
       3, 0, 2, 0, 2, 1, 1, 0, 1, 3, 3, 2, 1, 1, 1, 2, 0, 3, 2, 1, 3, 0,
       2, 2, 2, 0, 0, 0, 0, 2, 1, 0, 1, 1, 3, 3, 3, 0, 1, 3, 2, 0, 3, 3,
       0, 1, 0, 3, 1, 1, 0, 1, 1, 1, 2, 1, 1, 2, 2, 2, 1, 3, 2, 3, 2, 0,
       3, 0, 0, 2, 0, 3, 0, 3, 2, 2, 3, 2, 0, 0, 0, 1, 3, 2, 2, 2, 0, 3,
       1, 1], dtype=object)]
[48, array([-20.2678, -10.2678, -10.    ,   0.    ]), array([1, 3, 2, 1, 3, 0, 0, 1, 0, 1, 1, 2, 2, 0, 0, 3, 2, 0, 2, 3, 1, 1,
       2, 3, 1, 1, 3, 2, 1, 0, 0, 2, 0, 0, 1, 2, 2, 3, 0, 2, 0, 1, 0, 0,
       2, 0, 2, 1, 2, 2, 0, 3, 2, 1, 2, 1, 3, 1, 3, 0, 3, 3, 0, 0, 2, 3,
       0, 1, 3, 1, 2, 0, 2, 1, 3, 0, 1, 3, 3, 3, 3, 1, 0, 0, 3, 1, 1, 3,
       1, 3, 3, 3, 1, 1, 0, 1, 3, 2, 3, 2, 1, 1, 0, 3, 1, 2, 1, 2, 0, 2,
       3, 3, 1, 2, 2, 1, 3, 0, 2, 0, 2, 0, 0, 1, 1, 0, 3, 1, 3, 2, 1, 2,
       3, 2, 0, 3, 2, 0, 1, 3, 1, 2, 2, 1, 1, 2, 2, 3, 3, 1, 0, 1, 3, 0,
       1, 1], dtype=object)]
[48, array([-24.4162, -12.4162, -12.    ,   0.    ]), array([2, 3, 0, 1, 1, 0, 0, 0, 2, 0, 2, 0, 3, 1, 0, 1, 3, 1, 3, 3, 2, 1,
       1, 3, 3, 2, 1, 1, 2, 2, 2, 1, 0, 1, 2, 1, 2, 3, 0, 1, 0, 2, 2, 3,
       2, 1, 3, 1, 0, 3, 1, 3, 3, 1, 2, 2, 2, 1, 3, 1, 2, 0, 0, 2, 1, 3,
       2, 0, 1, 3, 0, 1, 0, 2, 1, 3, 3, 1, 1, 0, 3, 0, 3, 1, 1, 2, 2, 1,
       0, 0, 1, 2, 1, 2, 2, 1, 0, 2, 1, 3, 2, 2, 2, 3, 1, 3, 3, 0, 3, 3,
       2, 1, 1, 2, 2, 0, 2, 0, 3, 1, 2, 2, 2, 2, 0, 3, 1, 0, 3, 1, 3, 0,
       1, 1, 2, 1, 2, 0, 0, 2, 2, 3, 2, 0, 3, 3, 2, 3, 1, 2, 3, 2, 2, 0,
       1, 2], dtype=object)]
[48, array([-19.9964,  -9.9964, -10.    ,   0.    ]), array([3, 0, 0, 2, 1, 3, 2, 1, 1, 3, 1, 3, 2, 2, 1, 2, 2, 2, 3, 2, 2, 3,
       1, 1, 3, 1, 1, 1, 1, 2, 0, 3, 0, 0, 2, 2, 0, 0, 1, 3, 3, 2, 2, 2,
       2, 0, 1, 2, 2, 1, 1, 0, 0, 2, 2, 1, 1, 2, 1, 0, 1, 1, 1, 1, 2, 1,
       0, 2, 3, 0, 2, 1, 3, 0, 1, 2, 3, 3, 3, 0, 0, 0, 2, 0, 3, 0, 0, 0,
       2, 2, 0, 1, 3, 0, 0, 1, 2, 0, 2, 1, 1, 2, 3, 0, 2, 2, 2, 1, 0, 0,
       0, 2, 2, 1, 2, 0, 1, 1, 1, 3, 3, 1, 2, 3, 3, 1, 0, 2, 1, 2, 3, 1,
       0, 1, 2, 1, 1, 3, 2, 1, 0, 3, 0, 2, 3, 1, 1, 3, 3, 0, 3, 2, 1, 3,
       2, 2], dtype=object)]
[49, array([-17.6006,  -8.6006,  -9.    ,   0.    ]), array([2, 3, 3, 3, 2, 3, 0, 0, 0, 0, 1, 3, 1, 3, 2, 0, 1, 0, 0, 0, 0, 3,
       0, 1, 1, 3, 2, 2, 2, 3, 2, 1, 2, 3, 3, 2, 2, 3, 3, 2, 0, 1, 3, 1,
       1, 2, 3, 3, 0, 2, 3, 3, 1, 2, 2, 2, 0, 2, 0, 0, 3, 1, 2, 2, 2, 2,
       3, 0, 2, 0, 2, 1, 1, 0, 1, 3, 3, 2, 1, 1, 1, 2, 0, 3, 2, 1, 3, 0,
       2, 2, 2, 0, 0, 0, 0, 2, 1, 0, 1, 1, 3, 3, 2, 0, 1, 3, 2, 3, 3, 3,
       0, 1, 0, 3, 1, 1, 0, 1, 1, 1, 2, 1, 1, 2, 2, 2, 1, 3, 2, 3, 2, 0,
       3, 0, 0, 2, 0, 3, 0, 3, 2, 2, 3, 2, 0, 0, 0, 1, 1, 3, 2, 1, 1, 0,
       1, 1], dtype=object)]
[49, array([-20.7936, -10.7936, -10.    ,   0.    ]), array([1, 3, 2, 1, 3, 0, 0, 1, 0, 1, 1, 2, 2, 0, 0, 3, 2, 0, 2, 3, 0, 1,
       2, 3, 1, 1, 3, 2, 1, 0, 0, 2, 0, 0, 1, 2, 2, 2, 0, 2, 0, 1, 0, 0,
       2, 0, 1, 1, 2, 1, 0, 3, 2, 1, 2, 1, 3, 1, 3, 0, 3, 3, 0, 0, 2, 1,
       0, 1, 3, 0, 2, 0, 2, 1, 3, 0, 1, 3, 3, 3, 3, 1, 0, 0, 3, 1, 1, 3,
       0, 3, 3, 3, 1, 1, 2, 1, 3, 2, 3, 2, 1, 1, 0, 3, 1, 2, 1, 2, 0, 2,
       3, 3, 1, 2, 2, 3, 3, 0, 2, 0, 2, 0, 0, 1, 1, 0, 3, 2, 3, 2, 1, 2,
       3, 2, 0, 3, 2, 0, 1, 3, 1, 2, 2, 1, 1, 2, 2, 3, 3, 1, 0, 1, 3, 0,
       1, 1], dtype=object)]
[49, array([-33.8718, -16.8718, -17.    ,   0.    ]), array([1, 3, 0, 1, 0, 0, 0, 2, 2, 1, 2, 0, 2, 1, 0, 1, 3, 1, 3, 3, 2, 1,
       1, 3, 3, 2, 0, 1, 2, 2, 2, 1, 0, 1, 2, 1, 2, 3, 0, 1, 2, 2, 1, 3,
       2, 1, 3, 1, 0, 3, 1, 3, 3, 1, 3, 2, 2, 1, 3, 1, 2, 0, 0, 2, 1, 3,
       2, 0, 1, 3, 0, 1, 0, 2, 1, 3, 3, 0, 1, 3, 2, 0, 1, 0, 0, 1, 0, 2,
       3, 0, 1, 1, 2, 0, 2, 0, 3, 1, 3, 2, 1, 0, 2, 3, 0, 2, 1, 3, 3, 1,
       3, 3, 3, 0, 2, 0, 2, 0, 0, 1, 2, 2, 0, 2, 0, 3, 1, 2, 3, 1, 3, 0,
       1, 1, 2, 1, 2, 0, 0, 2, 2, 3, 2, 0, 3, 3, 3, 3, 0, 2, 3, 2, 2, 0,
       2, 0], dtype=object)]
[50, array([-16.929,  -7.929,  -9.   ,   0.   ]), array([2, 3, 3, 3, 2, 3, 0, 0, 0, 0, 1, 3, 1, 3, 2, 0, 1, 0, 0, 0, 0, 3,
       0, 1, 1, 3, 2, 2, 2, 3, 2, 1, 2, 3, 3, 2, 2, 3, 3, 2, 0, 1, 3, 1,
       1, 2, 3, 3, 0, 2, 3, 3, 1, 2, 2, 2, 0, 2, 0, 0, 3, 1, 2, 2, 0, 2,
       3, 0, 2, 0, 2, 1, 1, 0, 1, 3, 3, 2, 1, 1, 1, 2, 0, 3, 2, 1, 3, 0,
       2, 2, 2, 0, 0, 0, 0, 2, 1, 0, 1, 1, 3, 3, 2, 0, 1, 3, 2, 3, 3, 3,
       0, 1, 0, 3, 1, 1, 0, 1, 1, 1, 2, 1, 1, 2, 2, 2, 1, 3, 2, 3, 2, 0,
       3, 0, 0, 2, 0, 3, 0, 3, 2, 2, 3, 2, 0, 0, 0, 1, 1, 3, 2, 1, 1, 0,
       1, 1], dtype=object)]
[49, array([-20.0872, -10.0872, -10.    ,   0.    ]), array([3, 1, 0, 0, 1, 1, 1, 1, 1, 3, 2, 0, 2, 2, 1, 0, 2, 2, 3, 2, 2, 2,
       1, 0, 2, 3, 1, 0, 0, 1, 0, 2, 3, 1, 2, 2, 1, 2, 3, 1, 1, 1, 1, 1,
       3, 1, 0, 1, 0, 1, 0, 3, 3, 2, 1, 0, 0, 2, 3, 3, 1, 2, 3, 0, 2, 0,
       3, 3, 1, 1, 0, 3, 2, 2, 0, 2, 1, 3, 1, 0, 3, 0, 0, 2, 1, 1, 0, 0,
       2, 3, 2, 3, 3, 3, 1, 2, 1, 2, 3, 0, 0, 1, 3, 3, 2, 3, 1, 3, 2, 1,
       2, 3, 3, 0, 2, 0, 2, 3, 3, 3, 2, 1, 0, 1, 2, 3, 1, 2, 1, 3, 3, 1,
       3, 1, 1, 3, 2, 3, 2, 2, 1, 2, 0, 0, 1, 3, 2, 1, 2, 2, 2, 3, 2, 2,
       2, 3], dtype=object)]
[50, array([-20.2926, -10.2926, -10.    ,   0.    ]), array([1, 3, 2, 1, 3, 0, 0, 1, 0, 1, 1, 2, 2, 0, 0, 3, 2, 0, 2, 3, 0, 1,
       2, 3, 1, 1, 3, 2, 1, 0, 0, 2, 0, 0, 1, 2, 2, 2, 0, 2, 0, 1, 0, 0,
       2, 0, 1, 1, 2, 1, 0, 3, 2, 1, 2, 1, 3, 1, 3, 0, 3, 3, 0, 0, 2, 1,
       0, 1, 3, 0, 2, 0, 2, 1, 3, 0, 1, 3, 3, 3, 3, 1, 0, 0, 3, 1, 1, 3,
       0, 3, 3, 3, 1, 1, 2, 1, 3, 2, 3, 2, 1, 1, 0, 3, 1, 2, 1, 2, 0, 2,
       3, 3, 1, 2, 2, 3, 3, 0, 2, 0, 2, 0, 0, 1, 1, 0, 3, 2, 3, 2, 1, 2,
       3, 2, 0, 3, 2, 0, 1, 3, 1, 2, 2, 1, 1, 2, 2, 3, 3, 1, 0, 1, 3, 0,
       1, 1], dtype=object)]
[50, array([-19.4382, -10.4382,  -9.    ,   0.    ]), array([2, 3, 0, 1, 1, 0, 0, 0, 2, 0, 2, 0, 3, 1, 0, 1, 3, 1, 3, 3, 2, 1,
       1, 3, 3, 2, 1, 1, 2, 2, 2, 1, 1, 2, 3, 1, 2, 3, 0, 1, 1, 2, 2, 3,
       2, 1, 3, 1, 0, 3, 1, 3, 3, 1, 3, 2, 2, 1, 3, 1, 2, 0, 0, 2, 1, 3,
       2, 0, 1, 3, 0, 1, 0, 2, 1, 3, 3, 0, 1, 3, 2, 0, 1, 0, 0, 1, 0, 2,
       3, 0, 1, 1, 2, 0, 2, 3, 3, 1, 3, 2, 1, 0, 2, 3, 0, 2, 2, 3, 3, 1,
       3, 3, 3, 0, 2, 0, 2, 2, 1, 1, 2, 2, 0, 2, 2, 3, 1, 0, 2, 2, 3, 3,
       1, 1, 2, 1, 0, 0, 2, 0, 2, 0, 2, 2, 1, 1, 1, 2, 2, 2, 3, 3, 2, 1,
       1, 3], dtype=object)]
[50, array([-20.02, -10.02, -10.  ,   0.  ]), array([3, 1, 0, 0, 1, 1, 1, 1, 1, 3, 2, 0, 2, 2, 1, 0, 2, 2, 3, 2, 2, 2,
       1, 0, 2, 3, 1, 0, 0, 1, 0, 2, 3, 1, 2, 2, 1, 2, 3, 1, 1, 1, 1, 1,
       3, 1, 0, 1, 0, 1, 0, 3, 3, 2, 1, 0, 0, 3, 3, 3, 1, 2, 3, 0, 2, 0,
       3, 3, 1, 1, 0, 3, 2, 2, 0, 2, 1, 3, 1, 0, 3, 0, 0, 2, 1, 1, 0, 0,
       2, 3, 2, 3, 3, 3, 1, 3, 1, 2, 3, 0, 0, 1, 3, 3, 2, 3, 1, 3, 2, 1,
       2, 3, 3, 0, 2, 0, 2, 3, 3, 3, 2, 1, 0, 1, 2, 3, 1, 2, 1, 3, 3, 1,
       3, 1, 1, 3, 2, 3, 2, 2, 1, 2, 0, 0, 1, 3, 2, 1, 2, 2, 2, 3, 2, 2,
       2, 3], dtype=object)]
[51, array([-20.2164, -10.2164, -10.    ,   0.    ]), array([0, 2, 0, 0, 1, 0, 2, 3, 3, 2, 1, 2, 3, 0, 2, 0, 2, 1, 0, 3, 1, 1,
       2, 1, 1, 3, 2, 2, 2, 3, 2, 0, 0, 2, 3, 1, 2, 2, 3, 2, 0, 1, 0, 2,
       1, 0, 1, 3, 2, 2, 3, 1, 2, 2, 0, 0, 0, 2, 2, 0, 0, 2, 1, 2, 2, 2,
       2, 3, 0, 0, 3, 3, 1, 1, 1, 1, 1, 2, 2, 1, 1, 1, 0, 3, 2, 1, 3, 3,
       2, 2, 0, 0, 0, 3, 0, 2, 3, 2, 0, 0, 3, 0, 1, 2, 0, 2, 3, 0, 1, 2,
       3, 3, 3, 2, 1, 2, 2, 0, 3, 2, 3, 0, 0, 1, 0, 2, 0, 2, 1, 0, 0, 2,
       1, 3, 1, 3, 0, 2, 2, 2, 0, 1, 3, 3, 2, 0, 1, 0, 1, 0, 2, 1, 0, 0,
       0, 3], dtype=object)]
[51, array([-21.279, -11.279, -10.   ,   0.   ]), array([1, 3, 2, 1, 3, 0, 0, 1, 0, 1, 0, 2, 2, 0, 0, 0, 2, 0, 2, 3, 0, 1,
       2, 3, 1, 0, 3, 2, 1, 0, 0, 2, 0, 0, 1, 2, 2, 2, 1, 2, 0, 1, 0, 0,
       2, 0, 2, 1, 2, 1, 0, 3, 2, 1, 2, 1, 3, 1, 3, 0, 3, 3, 0, 0, 2, 3,
       0, 2, 3, 0, 2, 0, 2, 1, 3, 0, 1, 3, 3, 3, 3, 1, 0, 0, 3, 1, 1, 3,
       1, 3, 3, 2, 1, 1, 2, 1, 3, 2, 3, 2, 1, 1, 0, 3, 1, 2, 1, 2, 0, 2,
       3, 3, 1, 2, 2, 1, 1, 0, 2, 3, 2, 0, 0, 1, 1, 0, 3, 1, 3, 2, 1, 0,
       3, 2, 0, 3, 2, 0, 1, 3, 1, 2, 2, 1, 1, 2, 1, 3, 3, 1, 0, 1, 3, 0,
       1, 1], dtype=object)]
[51, array([-28.6672, -14.6672, -14.    ,   0.    ]), array([3, 2, 2, 2, 0, 2, 2, 3, 1, 3, 1, 0, 1, 3, 0, 3, 3, 3, 3, 3, 2, 2,
       0, 1, 3, 3, 0, 0, 2, 2, 2, 1, 1, 2, 3, 1, 2, 3, 0, 1, 1, 2, 2, 3,
       2, 1, 3, 1, 0, 3, 1, 3, 3, 1, 3, 2, 2, 1, 3, 1, 2, 0, 0, 2, 1, 3,
       2, 0, 1, 3, 0, 1, 0, 2, 1, 3, 3, 0, 1, 3, 2, 0, 1, 0, 0, 1, 0, 2,
       3, 0, 1, 1, 2, 0, 2, 3, 3, 1, 3, 2, 1, 0, 2, 3, 0, 2, 2, 3, 3, 1,
       3, 3, 3, 0, 2, 0, 2, 2, 1, 1, 2, 2, 0, 2, 2, 3, 1, 0, 2, 2, 3, 3,
       1, 1, 2, 1, 0, 0, 2, 0, 2, 0, 2, 2, 1, 1, 1, 2, 2, 2, 3, 3, 2, 1,
       1, 3], dtype=object)]
[52, array([-20.2034, -10.2034, -10.    ,   0.    ]), array([1, 0, 0, 0, 2, 3, 3, 3, 3, 2, 3, 3, 0, 0, 1, 2, 3, 0, 2, 1, 3, 1,
       3, 1, 1, 1, 2, 1, 1, 0, 2, 2, 3, 3, 1, 1, 2, 3, 3, 1, 0, 3, 0, 1,
       0, 0, 2, 1, 0, 1, 1, 2, 3, 1, 1, 2, 1, 2, 2, 2, 1, 0, 3, 0, 2, 3,
       0, 2, 0, 0, 3, 1, 1, 0, 3, 0, 0, 0, 1, 2, 1, 1, 1, 3, 3, 3, 0, 3,
       0, 0, 3, 2, 2, 1, 1, 2, 3, 1, 2, 2, 0, 3, 3, 3, 1, 0, 2, 3, 3, 0,
       0, 3, 0, 2, 0, 0, 1, 2, 0, 2, 2, 1, 1, 0, 0, 2, 3, 1, 0, 1, 3, 0,
       0, 0, 1, 2, 1, 3, 3, 2, 2, 2, 1, 1, 1, 3, 0, 1, 2, 2, 2, 3, 1, 3,
       2, 2], dtype=object)]
[52, array([-36.1114, -17.1114, -19.    ,   0.    ]), array([1, 3, 2, 1, 3, 0, 0, 1, 0, 1, 1, 2, 2, 0, 0, 2, 2, 0, 2, 3, 0, 1,
       2, 3, 1, 1, 3, 2, 1, 0, 0, 2, 0, 0, 1, 2, 2, 3, 0, 2, 0, 1, 0, 0,
       2, 0, 1, 1, 2, 1, 0, 3, 2, 1, 2, 1, 3, 1, 3, 0, 3, 3, 0, 0, 2, 1,
       0, 1, 3, 0, 2, 0, 2, 1, 3, 0, 1, 3, 3, 3, 3, 1, 0, 0, 3, 1, 1, 3,
       0, 3, 3, 3, 1, 1, 2, 1, 3, 2, 3, 2, 1, 1, 0, 3, 1, 2, 1, 2, 0, 2,
       3, 3, 1, 2, 2, 3, 3, 0, 2, 0, 2, 0, 0, 1, 1, 0, 3, 2, 3, 2, 1, 2,
       3, 2, 0, 3, 2, 0, 1, 3, 1, 2, 2, 1, 1, 2, 2, 3, 3, 1, 0, 1, 3, 0,
       1, 1], dtype=object)]
[51, array([-20.0616, -10.0616, -10.    ,   0.    ]), array([3, 1, 0, 0, 1, 1, 1, 1, 1, 3, 2, 0, 2, 2, 1, 0, 2, 2, 3, 2, 2, 2,
       1, 0, 2, 3, 1, 0, 0, 1, 0, 2, 3, 1, 2, 2, 1, 2, 3, 1, 1, 1, 1, 1,
       3, 1, 0, 1, 0, 1, 0, 3, 3, 2, 1, 0, 0, 2, 3, 3, 1, 2, 3, 0, 2, 0,
       3, 3, 1, 1, 0, 3, 2, 2, 0, 2, 1, 3, 1, 0, 3, 0, 0, 2, 1, 1, 0, 0,
       2, 3, 2, 3, 3, 3, 1, 2, 1, 2, 3, 0, 0, 1, 3, 3, 2, 3, 1, 3, 2, 1,
       2, 3, 3, 0, 2, 0, 2, 3, 3, 3, 2, 1, 0, 1, 2, 3, 1, 2, 1, 3, 3, 1,
       3, 1, 1, 3, 2, 3, 2, 2, 1, 2, 0, 0, 1, 3, 2, 1, 2, 2, 2, 3, 2, 2,
       2, 3], dtype=object)]
[52, array([-27.7066, -13.7066, -14.    ,   0.    ]), array([3, 2, 2, 2, 0, 2, 2, 3, 1, 3, 1, 0, 1, 3, 0, 3, 3, 3, 3, 3, 2, 2,
       0, 1, 3, 3, 0, 0, 2, 2, 2, 1, 1, 2, 3, 1, 2, 3, 0, 1, 1, 2, 2, 3,
       2, 1, 3, 1, 0, 3, 1, 3, 3, 1, 3, 2, 2, 1, 3, 1, 2, 0, 0, 2, 1, 3,
       2, 0, 1, 3, 0, 1, 0, 2, 1, 3, 3, 0, 1, 3, 2, 0, 1, 0, 0, 1, 0, 2,
       3, 0, 1, 1, 2, 0, 2, 3, 3, 1, 3, 2, 1, 0, 2, 3, 0, 2, 3, 3, 3, 1,
       3, 3, 3, 0, 2, 0, 2, 2, 1, 1, 2, 2, 0, 2, 2, 3, 1, 0, 2, 2, 3, 3,
       1, 1, 2, 1, 0, 0, 2, 0, 2, 0, 2, 2, 1, 1, 1, 2, 2, 2, 3, 3, 2, 1,
       1, 3], dtype=object)]
[52, array([-20.322, -10.322, -10.   ,   0.   ]), array([2, 2, 0, 2, 0, 0, 3, 2, 1, 1, 3, 0, 1, 1, 1, 0, 1, 0, 0, 1, 3, 2,
       0, 2, 2, 0, 3, 2, 2, 0, 0, 0, 2, 0, 2, 1, 3, 0, 2, 2, 3, 0, 3, 2,
       1, 0, 0, 3, 1, 2, 0, 0, 3, 1, 3, 3, 0, 3, 3, 0, 1, 2, 1, 1, 1, 3,
       0, 1, 0, 1, 1, 1, 3, 2, 1, 2, 3, 2, 1, 0, 0, 0, 3, 2, 1, 2, 2, 1,
       2, 1, 1, 0, 1, 1, 3, 3, 3, 1, 3, 0, 2, 2, 3, 3, 2, 3, 2, 2, 2, 1,
       2, 3, 3, 3, 1, 1, 0, 0, 1, 3, 2, 0, 2, 1, 1, 2, 2, 1, 1, 3, 0, 1,
       0, 3, 0, 2, 1, 3, 0, 1, 1, 1, 2, 1, 3, 1, 3, 0, 3, 0, 0, 2, 1, 2,
       0, 2], dtype=object)]
[53, array([-20.1786, -10.1786, -10.    ,   0.    ]), array([2, 3, 3, 3, 2, 3, 0, 0, 0, 0, 1, 3, 1, 3, 2, 0, 1, 0, 0, 0, 0, 3,
       0, 1, 1, 3, 2, 2, 2, 3, 2, 1, 2, 3, 3, 2, 2, 3, 3, 2, 0, 1, 3, 1,
       1, 2, 3, 3, 0, 2, 3, 3, 1, 2, 2, 2, 0, 2, 0, 0, 3, 1, 2, 2, 2, 2,
       3, 0, 2, 0, 2, 1, 1, 0, 1, 3, 3, 2, 1, 1, 1, 2, 0, 3, 2, 1, 3, 0,
       2, 2, 2, 0, 0, 0, 0, 2, 1, 0, 1, 1, 3, 3, 2, 0, 1, 3, 2, 3, 3, 3,
       0, 1, 0, 3, 1, 1, 0, 1, 1, 1, 2, 1, 1, 2, 2, 2, 1, 3, 2, 3, 2, 0,
       3, 0, 0, 2, 0, 3, 0, 3, 2, 2, 3, 2, 0, 0, 0, 1, 3, 2, 2, 2, 0, 3,
       1, 1], dtype=object)]
[53, array([-38.2368, -19.2368, -19.    ,   0.    ]), array([1, 3, 2, 1, 3, 0, 0, 1, 0, 1, 1, 2, 2, 0, 0, 2, 2, 0, 2, 3, 0, 1,
       2, 3, 1, 1, 3, 2, 1, 0, 0, 2, 0, 0, 1, 2, 2, 3, 0, 2, 0, 1, 0, 0,
       2, 0, 1, 1, 2, 1, 0, 3, 2, 1, 2, 1, 3, 1, 3, 0, 3, 3, 0, 0, 2, 1,
       0, 1, 3, 0, 2, 0, 2, 1, 3, 0, 1, 3, 3, 3, 3, 1, 0, 0, 3, 1, 1, 3,
       0, 3, 3, 3, 1, 1, 2, 1, 3, 2, 3, 2, 1, 1, 0, 3, 1, 2, 1, 2, 0, 2,
       3, 3, 1, 2, 2, 3, 3, 0, 2, 0, 2, 0, 0, 1, 1, 0, 3, 2, 3, 2, 1, 2,
       3, 2, 0, 3, 2, 0, 3, 3, 1, 2, 2, 1, 1, 2, 2, 3, 3, 1, 0, 1, 3, 0,
       1, 1], dtype=object)]
[53, array([-35.7938, -17.7938, -18.    ,   0.    ]), array([3, 2, 2, 2, 0, 2, 2, 3, 1, 3, 1, 0, 1, 3, 0, 0, 3, 3, 3, 3, 2, 2,
       0, 1, 3, 3, 0, 0, 2, 2, 3, 1, 1, 2, 3, 1, 2, 3, 0, 1, 1, 0, 2, 3,
       2, 3, 3, 2, 3, 3, 1, 3, 3, 1, 3, 2, 2, 1, 3, 1, 2, 0, 2, 0, 0, 1,
       0, 2, 3, 1, 1, 3, 1, 1, 2, 0, 2, 0, 1, 3, 2, 0, 1, 0, 0, 1, 0, 2,
       3, 0, 1, 1, 2, 0, 2, 0, 3, 1, 3, 2, 1, 0, 2, 3, 0, 2, 1, 3, 3, 1,
       3, 3, 3, 0, 2, 0, 2, 0, 0, 1, 2, 2, 0, 2, 0, 3, 1, 2, 3, 1, 3, 0,
       1, 1, 2, 1, 2, 0, 0, 2, 2, 3, 2, 0, 3, 3, 3, 1, 0, 2, 3, 2, 2, 0,
       2, 0], dtype=object)]
[54, array([-36.8726, -17.8726, -19.    ,   0.    ]), array([1, 3, 2, 1, 3, 0, 0, 1, 0, 1, 1, 2, 2, 0, 0, 0, 2, 0, 2, 3, 0, 1,
       2, 3, 1, 1, 3, 2, 1, 0, 0, 2, 0, 0, 1, 2, 2, 3, 0, 2, 0, 1, 0, 0,
       2, 0, 1, 1, 2, 1, 0, 3, 2, 1, 2, 1, 3, 1, 3, 0, 3, 3, 0, 0, 2, 1,
       0, 1, 3, 0, 2, 0, 2, 1, 3, 0, 1, 3, 3, 3, 3, 1, 0, 0, 3, 1, 1, 3,
       0, 3, 3, 3, 1, 1, 2, 1, 3, 2, 3, 2, 1, 1, 0, 3, 1, 2, 1, 2, 0, 2,
       3, 3, 1, 2, 1, 3, 3, 0, 2, 0, 2, 0, 0, 1, 1, 0, 3, 2, 3, 2, 1, 2,
       3, 2, 0, 3, 2, 2, 1, 3, 1, 2, 2, 1, 1, 2, 2, 3, 3, 1, 0, 1, 3, 0,
       1, 1], dtype=object)]
[53, array([-20.385, -10.385, -10.   ,   0.   ]), array([3, 1, 0, 0, 1, 1, 1, 1, 1, 3, 2, 0, 2, 2, 1, 0, 2, 2, 3, 2, 2, 2,
       1, 0, 2, 3, 1, 0, 0, 1, 0, 2, 3, 1, 2, 2, 1, 2, 3, 1, 1, 1, 1, 1,
       3, 1, 0, 1, 0, 1, 0, 3, 3, 2, 1, 0, 0, 2, 3, 3, 1, 2, 3, 0, 2, 0,
       3, 3, 1, 1, 0, 3, 2, 2, 0, 2, 1, 3, 1, 0, 3, 0, 0, 2, 1, 1, 0, 0,
       2, 3, 2, 3, 3, 3, 1, 2, 1, 2, 3, 0, 0, 1, 3, 3, 2, 3, 1, 3, 2, 1,
       2, 3, 3, 0, 2, 0, 2, 3, 3, 3, 2, 1, 0, 1, 2, 3, 1, 2, 1, 3, 3, 1,
       3, 1, 1, 3, 2, 3, 2, 2, 1, 2, 0, 0, 1, 3, 2, 1, 2, 2, 2, 3, 1, 2,
       0, 3], dtype=object)]
[54, array([-18.647,  -8.647, -10.   ,   0.   ]), array([2, 3, 3, 3, 2, 3, 0, 0, 0, 0, 1, 3, 1, 3, 2, 0, 1, 0, 0, 0, 0, 3,
       0, 1, 1, 3, 2, 2, 2, 3, 2, 1, 2, 3, 3, 2, 0, 3, 3, 2, 0, 1, 3, 1,
       1, 2, 3, 3, 0, 2, 3, 3, 1, 2, 2, 2, 0, 2, 0, 0, 1, 1, 2, 2, 2, 2,
       3, 0, 2, 0, 2, 1, 1, 0, 1, 3, 3, 2, 1, 1, 1, 2, 0, 3, 2, 1, 3, 0,
       2, 2, 2, 0, 0, 0, 0, 2, 1, 0, 1, 1, 3, 3, 2, 0, 1, 3, 2, 3, 3, 3,
       0, 1, 0, 3, 1, 1, 0, 1, 1, 1, 2, 1, 1, 2, 2, 2, 1, 3, 2, 3, 2, 0,
       3, 0, 0, 2, 0, 3, 0, 3, 2, 2, 3, 2, 0, 0, 0, 1, 3, 2, 2, 2, 0, 3,
       1, 1], dtype=object)]
[54, array([-28.5362, -14.5362, -14.    ,   0.    ]), array([3, 2, 2, 2, 0, 2, 2, 3, 1, 3, 1, 0, 1, 3, 0, 3, 3, 3, 3, 3, 2, 2,
       0, 1, 3, 3, 0, 0, 2, 2, 2, 1, 1, 2, 3, 1, 2, 3, 0, 1, 1, 2, 2, 3,
       2, 1, 3, 1, 0, 3, 1, 3, 3, 1, 3, 2, 2, 1, 3, 1, 2, 0, 0, 2, 1, 3,
       2, 0, 1, 3, 0, 1, 0, 2, 1, 3, 3, 0, 1, 3, 2, 0, 1, 0, 0, 1, 0, 2,
       3, 0, 1, 1, 2, 0, 2, 3, 3, 1, 3, 2, 1, 0, 2, 3, 0, 2, 3, 3, 3, 1,
       3, 3, 3, 0, 2, 0, 2, 2, 1, 1, 2, 2, 0, 2, 2, 3, 1, 0, 2, 2, 1, 3,
       1, 1, 2, 1, 0, 0, 2, 0, 2, 0, 2, 2, 1, 1, 1, 2, 2, 2, 3, 3, 2, 0,
       1, 2], dtype=object)]
[55, array([-20.8526, -10.8526, -10.    ,   0.    ]), array([1, 3, 2, 1, 3, 0, 0, 1, 0, 1, 1, 2, 2, 0, 0, 2, 2, 0, 2, 3, 0, 1,
       2, 3, 1, 0, 3, 2, 1, 0, 0, 2, 0, 0, 1, 2, 2, 2, 2, 2, 0, 1, 0, 0,
       2, 0, 2, 1, 2, 1, 0, 3, 2, 1, 2, 1, 3, 1, 3, 0, 3, 3, 0, 0, 2, 3,
       1, 2, 3, 0, 2, 0, 2, 1, 3, 0, 1, 3, 3, 3, 3, 1, 0, 0, 3, 1, 1, 3,
       1, 3, 3, 2, 1, 1, 2, 1, 3, 2, 3, 2, 1, 1, 0, 3, 1, 2, 1, 2, 0, 2,
       3, 3, 1, 2, 2, 1, 1, 0, 2, 3, 2, 0, 0, 1, 1, 0, 3, 1, 3, 2, 1, 2,
       3, 2, 0, 3, 2, 0, 1, 1, 1, 2, 2, 1, 1, 2, 2, 3, 3, 1, 0, 1, 3, 0,
       1, 1], dtype=object)]
[54, array([-20.089, -10.089, -10.   ,   0.   ]), array([2, 2, 0, 2, 0, 0, 3, 2, 1, 1, 3, 0, 1, 1, 1, 1, 1, 0, 0, 1, 3, 2,
       0, 2, 2, 0, 3, 2, 2, 0, 0, 0, 2, 0, 2, 1, 3, 0, 2, 2, 3, 0, 3, 2,
       1, 0, 0, 3, 3, 0, 0, 0, 3, 1, 3, 3, 0, 3, 3, 0, 1, 2, 1, 1, 1, 3,
       0, 1, 0, 1, 1, 1, 3, 2, 1, 2, 3, 2, 1, 0, 0, 0, 3, 2, 1, 2, 2, 1,
       2, 1, 1, 0, 1, 1, 3, 3, 3, 1, 3, 0, 2, 2, 3, 3, 2, 3, 2, 2, 2, 1,
       2, 3, 3, 3, 1, 1, 0, 0, 1, 3, 2, 0, 2, 1, 1, 2, 2, 1, 1, 3, 0, 1,
       0, 3, 0, 2, 1, 3, 0, 1, 1, 1, 2, 3, 3, 2, 3, 3, 3, 0, 0, 2, 1, 2,
       0, 1], dtype=object)]
[55, array([-20.002, -10.002, -10.   ,   0.   ]), array([2, 3, 3, 3, 2, 3, 0, 0, 0, 0, 1, 3, 1, 3, 2, 0, 1, 0, 0, 0, 0, 3,
       0, 1, 1, 3, 2, 2, 2, 3, 2, 1, 2, 3, 3, 2, 2, 3, 3, 2, 0, 1, 3, 1,
       1, 2, 3, 3, 0, 2, 3, 3, 1, 2, 2, 2, 0, 2, 0, 0, 3, 1, 2, 2, 2, 2,
       0, 0, 2, 1, 2, 1, 1, 0, 1, 1, 0, 2, 1, 1, 1, 1, 0, 3, 2, 1, 2, 0,
       3, 2, 2, 3, 0, 1, 0, 1, 1, 0, 1, 2, 3, 0, 1, 2, 0, 0, 3, 3, 0, 3,
       0, 1, 1, 3, 1, 2, 0, 2, 1, 1, 1, 3, 2, 2, 2, 1, 3, 3, 0, 0, 1, 1,
       3, 1, 1, 2, 2, 3, 1, 2, 1, 2, 0, 1, 1, 1, 0, 0, 3, 2, 3, 2, 2, 3,
       0, 3], dtype=object)]
[55, array([-27.8766, -13.8766, -14.    ,   0.    ]), array([3, 2, 2, 2, 0, 2, 2, 3, 1, 3, 1, 0, 1, 3, 0, 3, 3, 3, 3, 3, 2, 2,
       0, 1, 3, 3, 0, 0, 2, 2, 2, 1, 1, 2, 3, 1, 2, 3, 0, 1, 1, 2, 2, 3,
       2, 1, 3, 1, 0, 3, 1, 3, 3, 1, 3, 2, 2, 1, 3, 1, 2, 0, 0, 2, 1, 3,
       2, 0, 1, 3, 0, 1, 0, 2, 1, 3, 3, 0, 1, 3, 2, 0, 1, 0, 0, 1, 0, 2,
       3, 0, 1, 1, 2, 0, 2, 3, 3, 1, 3, 2, 1, 0, 2, 3, 0, 2, 3, 3, 3, 1,
       3, 3, 3, 0, 2, 0, 2, 2, 1, 1, 2, 2, 0, 2, 2, 3, 1, 0, 2, 2, 3, 3,
       1, 1, 2, 1, 0, 0, 2, 0, 2, 0, 2, 2, 1, 1, 1, 2, 2, 2, 3, 3, 2, 1,
       1, 3], dtype=object)]
[56, array([-20.2852, -10.2852, -10.    ,   0.    ]), array([1, 3, 2, 1, 3, 0, 0, 1, 0, 1, 1, 2, 2, 0, 0, 3, 2, 0, 2, 3, 0, 1,
       2, 3, 1, 1, 3, 2, 1, 0, 0, 2, 0, 0, 0, 2, 2, 2, 0, 2, 0, 1, 0, 0,
       2, 0, 1, 1, 2, 1, 0, 3, 2, 1, 2, 1, 3, 1, 3, 0, 3, 3, 0, 0, 2, 3,
       0, 1, 3, 0, 2, 0, 2, 1, 3, 0, 1, 3, 3, 3, 3, 1, 0, 0, 3, 1, 1, 3,
       1, 3, 3, 2, 1, 1, 2, 1, 3, 2, 3, 2, 1, 1, 0, 3, 1, 2, 1, 2, 0, 2,
       3, 1, 1, 2, 2, 1, 1, 0, 2, 3, 2, 0, 0, 1, 1, 0, 3, 1, 3, 2, 1, 2,
       3, 2, 0, 3, 2, 0, 1, 3, 1, 2, 2, 1, 1, 2, 2, 3, 3, 1, 0, 1, 3, 0,
       1, 1], dtype=object)]
[56, array([-19.8096,  -9.8096, -10.    ,   0.    ]), array([2, 3, 3, 3, 2, 3, 0, 0, 0, 0, 1, 3, 1, 3, 2, 0, 1, 0, 0, 0, 0, 3,
       0, 1, 1, 3, 2, 2, 2, 3, 2, 1, 2, 3, 3, 2, 0, 3, 3, 2, 0, 1, 3, 1,
       1, 2, 3, 3, 0, 2, 3, 3, 1, 2, 2, 2, 0, 2, 0, 0, 3, 1, 2, 2, 2, 2,
       0, 0, 2, 1, 2, 1, 1, 0, 1, 1, 0, 2, 1, 1, 1, 1, 0, 3, 2, 1, 2, 0,
       3, 2, 2, 3, 0, 1, 0, 1, 1, 0, 1, 2, 3, 0, 1, 2, 0, 0, 3, 3, 0, 3,
       0, 1, 1, 3, 1, 2, 0, 2, 1, 1, 1, 3, 2, 2, 2, 1, 3, 3, 0, 0, 1, 1,
       3, 1, 1, 2, 2, 3, 1, 2, 1, 2, 0, 1, 1, 1, 0, 0, 3, 2, 3, 2, 2, 3,
       0, 3], dtype=object)]
[55, array([-22.918, -10.918, -12.   ,   0.   ]), array([1, 1, 0, 2, 0, 2, 3, 1, 1, 0, 3, 0, 1, 0, 1, 1, 3, 2, 0, 1, 0, 0,
       1, 2, 2, 0, 3, 3, 0, 3, 3, 0, 2, 0, 1, 2, 3, 2, 3, 2, 3, 0, 3, 2,
       1, 0, 0, 1, 0, 0, 1, 0, 3, 1, 3, 3, 0, 3, 3, 0, 1, 2, 1, 1, 1, 3,
       0, 1, 0, 1, 1, 1, 3, 2, 1, 2, 3, 2, 1, 0, 0, 0, 3, 2, 1, 2, 2, 1,
       2, 1, 1, 0, 1, 1, 3, 3, 3, 1, 3, 0, 2, 2, 3, 3, 2, 3, 2, 2, 2, 1,
       2, 3, 3, 3, 1, 1, 0, 0, 1, 3, 2, 0, 2, 1, 1, 2, 2, 1, 1, 3, 0, 1,
       0, 3, 0, 2, 1, 3, 0, 1, 1, 1, 2, 3, 3, 1, 3, 0, 3, 0, 0, 2, 1, 2,
       0, 2], dtype=object)]
[56, array([-28.7722, -14.7722, -14.    ,   0.    ]), array([3, 2, 2, 2, 0, 2, 2, 3, 1, 3, 1, 0, 1, 3, 0, 3, 3, 3, 3, 3, 2, 2,
       0, 1, 3, 3, 0, 0, 2, 2, 2, 1, 1, 2, 3, 1, 2, 3, 2, 1, 1, 2, 2, 3,
       2, 1, 3, 1, 0, 3, 1, 3, 3, 1, 3, 2, 2, 1, 3, 1, 2, 0, 0, 2, 1, 3,
       2, 0, 1, 3, 0, 1, 0, 2, 1, 3, 3, 0, 1, 3, 2, 0, 1, 0, 0, 1, 0, 2,
       3, 0, 1, 1, 2, 0, 2, 3, 3, 1, 3, 2, 1, 0, 2, 3, 0, 2, 0, 3, 3, 1,
       3, 3, 3, 0, 2, 0, 2, 2, 1, 1, 2, 2, 0, 2, 2, 3, 1, 0, 2, 2, 3, 3,
       1, 1, 2, 1, 0, 0, 2, 0, 2, 0, 2, 0, 1, 1, 1, 2, 2, 2, 3, 3, 2, 1,
       1, 3], dtype=object)]
[57, array([-20.467, -10.467, -10.   ,   0.   ]), array([2, 3, 3, 3, 2, 3, 0, 0, 0, 0, 1, 3, 1, 3, 2, 0, 1, 0, 0, 0, 0, 3,
       0, 1, 1, 3, 2, 2, 2, 3, 2, 1, 2, 3, 3, 2, 2, 3, 3, 2, 0, 1, 3, 1,
       1, 2, 3, 3, 0, 2, 3, 3, 1, 2, 2, 2, 0, 2, 0, 0, 3, 1, 2, 2, 2, 2,
       3, 0, 2, 0, 2, 1, 1, 0, 1, 3, 3, 2, 1, 1, 1, 2, 0, 3, 2, 1, 3, 0,
       2, 2, 2, 0, 0, 0, 0, 2, 1, 0, 1, 1, 3, 3, 2, 0, 1, 3, 2, 3, 3, 3,
       0, 1, 0, 3, 1, 1, 0, 1, 1, 1, 2, 1, 1, 2, 2, 2, 1, 3, 2, 3, 2, 0,
       3, 0, 0, 2, 0, 3, 0, 3, 2, 2, 3, 2, 0, 0, 0, 1, 3, 2, 2, 2, 0, 3,
       1, 1], dtype=object)]
[57, array([-20.5882, -10.5882, -10.    ,   0.    ]), array([1, 3, 2, 1, 3, 0, 0, 1, 0, 1, 1, 2, 2, 0, 0, 0, 2, 0, 2, 3, 0, 1,
       2, 2, 1, 1, 3, 2, 1, 0, 0, 2, 3, 0, 1, 2, 2, 2, 1, 2, 0, 1, 0, 0,
       2, 0, 2, 1, 2, 2, 0, 3, 2, 1, 2, 1, 3, 3, 3, 0, 3, 3, 0, 0, 2, 3,
       0, 2, 3, 0, 2, 0, 2, 1, 3, 0, 1, 3, 3, 3, 3, 1, 0, 0, 3, 1, 1, 3,
       2, 3, 3, 2, 1, 1, 2, 1, 3, 2, 3, 2, 1, 1, 0, 3, 1, 2, 1, 2, 0, 2,
       3, 3, 1, 2, 2, 1, 1, 0, 2, 3, 2, 0, 0, 1, 1, 0, 3, 1, 3, 2, 1, 2,
       3, 2, 0, 3, 2, 0, 1, 3, 1, 1, 2, 1, 1, 2, 2, 3, 3, 1, 0, 1, 3, 0,
       1, 1], dtype=object)]
[56, array([-19.3364,  -9.3364, -10.    ,   0.    ]), array([1, 1, 0, 2, 0, 0, 3, 2, 1, 1, 3, 0, 1, 1, 1, 1, 1, 0, 0, 1, 3, 2,
       0, 2, 2, 0, 3, 2, 2, 0, 0, 0, 2, 0, 2, 1, 3, 0, 2, 2, 3, 0, 3, 2,
       1, 0, 0, 2, 1, 0, 0, 0, 3, 1, 3, 3, 0, 3, 3, 0, 1, 2, 2, 1, 1, 3,
       0, 1, 0, 1, 1, 1, 3, 2, 1, 2, 3, 2, 1, 0, 0, 0, 3, 2, 1, 2, 2, 1,
       2, 1, 1, 0, 1, 1, 3, 3, 3, 1, 3, 0, 2, 2, 3, 3, 2, 3, 2, 2, 2, 1,
       2, 3, 3, 3, 1, 1, 2, 0, 1, 3, 2, 0, 2, 1, 1, 2, 2, 1, 1, 3, 0, 1,
       0, 3, 0, 2, 1, 3, 0, 1, 1, 1, 2, 3, 3, 1, 3, 0, 3, 0, 0, 2, 1, 2,
       0, 2], dtype=object)]
[57, array([-29.154, -14.154, -15.   ,   0.   ]), array([3, 2, 2, 2, 0, 2, 2, 3, 1, 3, 1, 0, 1, 3, 0, 3, 3, 3, 3, 3, 2, 2,
       0, 3, 3, 2, 1, 1, 2, 2, 2, 1, 0, 1, 2, 1, 2, 3, 0, 1, 0, 1, 2, 3,
       2, 1, 3, 1, 0, 3, 1, 3, 3, 1, 3, 2, 2, 1, 3, 1, 2, 0, 0, 2, 1, 3,
       2, 0, 1, 3, 0, 1, 0, 2, 1, 3, 3, 0, 1, 0, 3, 0, 3, 1, 1, 2, 2, 1,
       0, 0, 1, 2, 1, 2, 2, 1, 0, 2, 1, 3, 2, 2, 2, 3, 1, 3, 3, 0, 3, 3,
       2, 1, 3, 2, 2, 3, 2, 0, 3, 1, 2, 2, 0, 2, 0, 3, 1, 2, 3, 1, 3, 0,
       1, 1, 2, 1, 2, 0, 0, 2, 0, 3, 2, 0, 3, 3, 3, 2, 2, 2, 3, 3, 2, 1,
       1, 3], dtype=object)]
[58, array([-20.0378, -10.0378, -10.    ,   0.    ]), array([2, 3, 3, 3, 2, 3, 0, 0, 0, 0, 1, 3, 1, 3, 2, 0, 1, 0, 0, 0, 0, 3,
       0, 1, 1, 3, 2, 2, 2, 3, 2, 1, 2, 3, 3, 2, 2, 3, 3, 2, 0, 1, 3, 1,
       1, 2, 3, 3, 0, 2, 3, 3, 1, 2, 2, 2, 0, 2, 0, 0, 3, 1, 2, 2, 2, 2,
       3, 0, 2, 0, 2, 1, 1, 0, 1, 3, 3, 2, 1, 1, 1, 2, 0, 3, 2, 1, 3, 0,
       2, 2, 2, 0, 0, 0, 0, 2, 1, 0, 1, 1, 3, 3, 2, 0, 1, 3, 2, 2, 3, 3,
       0, 1, 0, 3, 1, 1, 0, 1, 1, 1, 2, 1, 1, 2, 2, 2, 1, 3, 2, 3, 2, 0,
       3, 0, 0, 2, 0, 3, 0, 3, 2, 2, 3, 2, 0, 0, 0, 1, 3, 2, 2, 2, 0, 3,
       1, 1], dtype=object)]
[58, array([-39.4494, -19.4494, -20.    ,   0.    ]), array([1, 3, 2, 1, 3, 0, 0, 1, 0, 1, 1, 2, 2, 0, 0, 3, 2, 0, 2, 3, 0, 1,
       2, 2, 1, 1, 3, 2, 1, 0, 0, 2, 0, 0, 2, 2, 2, 2, 0, 2, 0, 1, 0, 0,
       2, 0, 1, 1, 2, 1, 3, 3, 2, 1, 2, 1, 3, 1, 3, 0, 3, 3, 0, 0, 2, 3,
       0, 2, 3, 0, 2, 0, 2, 1, 3, 0, 1, 3, 3, 3, 3, 1, 0, 0, 3, 1, 1, 3,
       1, 3, 3, 2, 1, 1, 2, 1, 3, 2, 3, 2, 1, 1, 0, 3, 1, 2, 1, 2, 0, 2,
       3, 3, 1, 2, 2, 1, 1, 0, 2, 3, 2, 0, 0, 1, 1, 0, 3, 1, 3, 2, 1, 0,
       3, 2, 0, 3, 2, 0, 1, 1, 1, 2, 2, 1, 1, 2, 2, 3, 3, 1, 0, 1, 3, 0,
       1, 1], dtype=object)]
[58, array([-29.0874, -14.0874, -15.    ,   0.    ]), array([3, 2, 2, 2, 0, 2, 2, 3, 1, 3, 1, 0, 1, 3, 0, 3, 3, 3, 3, 3, 2, 2,
       0, 3, 3, 2, 1, 1, 2, 2, 2, 1, 0, 1, 2, 1, 2, 3, 0, 1, 0, 1, 2, 3,
       2, 1, 3, 1, 0, 3, 1, 3, 3, 1, 3, 2, 2, 1, 3, 1, 2, 0, 0, 2, 1, 3,
       2, 0, 1, 3, 0, 1, 0, 2, 1, 3, 3, 0, 1, 0, 3, 0, 3, 1, 1, 2, 2, 1,
       0, 0, 1, 2, 1, 2, 2, 1, 0, 2, 1, 3, 2, 2, 2, 3, 1, 3, 3, 0, 3, 3,
       2, 1, 3, 2, 2, 3, 2, 0, 3, 1, 2, 2, 0, 2, 0, 3, 1, 2, 3, 1, 3, 0,
       1, 1, 2, 1, 2, 0, 0, 2, 0, 3, 2, 0, 3, 3, 3, 2, 2, 2, 3, 3, 2, 1,
       2, 3], dtype=object)]
[57, array([-20.2302, -10.2302, -10.    ,   0.    ]), array([2, 2, 0, 2, 0, 0, 3, 2, 1, 1, 3, 0, 1, 1, 1, 1, 1, 0, 0, 1, 3, 2,
       0, 2, 2, 0, 3, 2, 2, 0, 0, 0, 2, 0, 2, 1, 3, 0, 2, 2, 3, 0, 3, 2,
       1, 0, 0, 3, 1, 0, 0, 0, 3, 1, 3, 3, 0, 3, 3, 0, 1, 2, 1, 1, 1, 3,
       0, 1, 0, 1, 1, 1, 3, 2, 1, 2, 3, 2, 1, 0, 0, 0, 3, 2, 1, 2, 2, 1,
       2, 1, 1, 0, 1, 1, 3, 3, 3, 1, 3, 0, 2, 2, 3, 3, 2, 3, 2, 2, 2, 1,
       2, 3, 3, 3, 1, 1, 0, 0, 1, 3, 2, 0, 2, 1, 1, 2, 2, 1, 1, 3, 0, 1,
       0, 3, 0, 2, 1, 3, 0, 1, 1, 1, 2, 3, 3, 1, 3, 0, 3, 0, 0, 2, 1, 2,
       0, 2], dtype=object)]
[59, array([-18.1532,  -9.1532,  -9.    ,   0.    ]), array([2, 3, 3, 3, 2, 3, 0, 0, 0, 0, 1, 3, 1, 3, 2, 0, 1, 3, 0, 0, 0, 2,
       0, 1, 1, 3, 2, 2, 2, 3, 2, 1, 2, 3, 3, 2, 0, 3, 3, 2, 0, 1, 3, 1,
       1, 2, 3, 3, 0, 2, 3, 3, 1, 2, 2, 2, 0, 2, 0, 0, 3, 1, 2, 2, 2, 2,
       3, 0, 2, 0, 2, 1, 1, 0, 1, 3, 3, 2, 1, 1, 1, 2, 0, 3, 2, 1, 3, 0,
       2, 2, 2, 0, 0, 1, 1, 2, 1, 0, 1, 1, 3, 3, 2, 0, 1, 3, 2, 3, 3, 3,
       0, 1, 0, 3, 1, 1, 0, 1, 1, 1, 2, 1, 1, 2, 2, 2, 1, 3, 0, 0, 3, 3,
       1, 0, 0, 2, 0, 3, 0, 3, 2, 2, 3, 1, 0, 0, 1, 1, 3, 1, 0, 2, 0, 3,
       3, 1], dtype=object)]
[59, array([-39.6764, -19.6764, -20.    ,   0.    ]), array([1, 3, 2, 1, 3, 0, 0, 1, 0, 1, 0, 2, 2, 0, 0, 3, 2, 0, 2, 3, 0, 1,
       2, 2, 1, 1, 3, 2, 1, 0, 0, 2, 0, 0, 2, 2, 2, 2, 0, 2, 0, 1, 0, 0,
       2, 0, 1, 1, 2, 1, 3, 3, 2, 1, 2, 1, 3, 1, 3, 0, 3, 3, 0, 0, 2, 3,
       0, 2, 3, 0, 2, 0, 2, 1, 3, 0, 1, 3, 3, 3, 3, 1, 0, 0, 3, 1, 1, 3,
       1, 3, 3, 2, 1, 1, 2, 1, 3, 2, 3, 2, 1, 1, 0, 3, 1, 2, 1, 2, 0, 2,
       3, 3, 1, 2, 2, 1, 1, 0, 2, 3, 2, 0, 0, 1, 1, 0, 3, 1, 3, 2, 1, 0,
       3, 2, 0, 3, 2, 0, 1, 1, 1, 2, 2, 1, 1, 2, 2, 3, 3, 1, 0, 1, 3, 0,
       1, 1], dtype=object)]
[58, array([-19.1572,  -9.1572, -10.    ,   0.    ]), array([1, 1, 0, 2, 0, 0, 3, 2, 1, 1, 3, 0, 1, 1, 1, 1, 1, 0, 0, 1, 3, 2,
       0, 2, 2, 0, 3, 2, 2, 0, 0, 0, 2, 0, 2, 1, 3, 0, 2, 2, 3, 0, 3, 2,
       1, 0, 0, 3, 1, 0, 0, 0, 3, 1, 3, 3, 0, 3, 3, 0, 1, 2, 1, 1, 1, 3,
       0, 1, 0, 1, 1, 1, 3, 2, 1, 2, 3, 2, 1, 0, 0, 0, 3, 2, 1, 2, 2, 1,
       2, 1, 1, 0, 1, 1, 3, 3, 3, 1, 3, 0, 2, 2, 3, 3, 2, 3, 2, 2, 2, 1,
       2, 3, 3, 3, 1, 1, 0, 0, 1, 3, 2, 0, 2, 1, 1, 2, 2, 1, 1, 3, 0, 1,
       0, 3, 0, 2, 1, 3, 0, 1, 1, 1, 2, 3, 3, 1, 3, 0, 3, 0, 0, 2, 1, 2,
       0, 2], dtype=object)]
[59, array([-28.6362, -14.6362, -14.    ,   0.    ]), array([3, 2, 2, 2, 0, 2, 2, 3, 1, 3, 1, 0, 1, 3, 0, 3, 3, 3, 3, 3, 2, 2,
       0, 1, 3, 3, 0, 0, 2, 2, 2, 1, 1, 2, 3, 1, 2, 3, 0, 1, 1, 2, 2, 3,
       2, 1, 3, 1, 0, 3, 1, 3, 3, 1, 3, 2, 2, 1, 3, 1, 2, 0, 0, 2, 1, 3,
       2, 0, 1, 3, 0, 1, 0, 2, 1, 3, 3, 0, 1, 3, 2, 0, 1, 0, 0, 1, 0, 2,
       3, 0, 1, 1, 2, 0, 2, 3, 3, 1, 3, 2, 1, 0, 2, 3, 0, 2, 3, 3, 3, 1,
       3, 3, 3, 0, 2, 0, 2, 2, 1, 1, 2, 1, 0, 2, 2, 3, 1, 0, 2, 2, 3, 3,
       1, 1, 2, 1, 0, 0, 2, 0, 2, 0, 2, 2, 1, 1, 1, 2, 2, 2, 3, 3, 2, 1,
       1, 3], dtype=object)]
[60, array([-0.9174, -0.9174,  0.    ,  0.    ]), array([0, 3, 3, 1, 2, 3, 3, 2, 2, 2, 0, 3, 1, 0, 0, 0, 0, 1, 0, 3, 2, 3,
       0, 1, 1, 1, 1, 2, 1, 2, 2, 3, 0, 3, 0, 3, 3, 0, 3, 3, 3, 1, 3, 2,
       1, 1, 3, 0, 0, 0, 1, 3, 3, 1, 1, 2, 3, 2, 3, 3, 3, 0, 2, 2, 1, 0,
       3, 0, 1, 3, 3, 0, 0, 2, 1, 1, 0, 0, 1, 0, 2, 2, 2, 0, 3, 3, 0, 1,
       0, 0, 3, 2, 0, 3, 1, 1, 3, 0, 2, 3, 0, 0, 3, 3, 2, 0, 1, 3, 3, 0,
       3, 3, 0, 0, 0, 0, 1, 0, 0, 2, 2, 1, 1, 0, 1, 3, 0, 1, 0, 1, 3, 0,
       1, 0, 1, 2, 1, 3, 0, 3, 1, 0, 2, 2, 1, 0, 1, 3, 3, 2, 2, 2, 0, 2,
       0, 3], dtype=object)]
[60, array([-28.6742, -14.6742, -14.    ,   0.    ]), array([3, 2, 2, 2, 0, 2, 2, 3, 1, 3, 1, 0, 1, 3, 0, 3, 3, 3, 3, 3, 2, 2,
       0, 1, 3, 3, 0, 0, 2, 2, 2, 1, 1, 2, 3, 1, 2, 3, 0, 1, 1, 2, 2, 3,
       2, 1, 3, 1, 0, 3, 1, 3, 3, 1, 3, 2, 2, 1, 3, 1, 0, 0, 0, 2, 1, 3,
       2, 0, 1, 3, 0, 1, 0, 2, 1, 3, 3, 0, 1, 3, 2, 0, 1, 0, 0, 1, 0, 2,
       3, 0, 1, 1, 2, 0, 2, 3, 3, 1, 3, 2, 1, 0, 2, 3, 0, 2, 3, 3, 3, 1,
       3, 3, 3, 0, 2, 0, 2, 2, 1, 1, 2, 1, 0, 2, 2, 3, 1, 0, 2, 2, 3, 3,
       1, 1, 2, 1, 0, 0, 2, 0, 2, 0, 2, 2, 1, 1, 1, 2, 2, 2, 3, 3, 2, 1,
       1, 3], dtype=object)]
[60, array([-39.6244, -19.6244, -20.    ,   0.    ]), array([1, 3, 2, 1, 3, 0, 0, 1, 0, 1, 0, 2, 2, 0, 0, 3, 2, 0, 2, 3, 0, 1,
       2, 2, 1, 1, 3, 2, 1, 0, 0, 2, 0, 0, 2, 2, 2, 2, 0, 2, 0, 1, 0, 0,
       2, 0, 1, 1, 2, 1, 3, 3, 2, 1, 2, 1, 3, 1, 3, 0, 3, 3, 0, 0, 2, 3,
       0, 2, 3, 0, 2, 3, 2, 1, 3, 0, 1, 3, 3, 3, 3, 1, 0, 0, 3, 1, 1, 3,
       1, 3, 3, 2, 1, 1, 2, 1, 3, 2, 3, 2, 1, 1, 0, 3, 1, 2, 1, 2, 0, 2,
       3, 3, 1, 2, 2, 1, 1, 0, 2, 3, 2, 0, 0, 1, 1, 0, 3, 1, 3, 2, 1, 0,
       3, 2, 0, 3, 2, 0, 1, 1, 1, 2, 2, 1, 1, 2, 2, 3, 3, 1, 0, 1, 3, 0,
       1, 1], dtype=object)]
[59, array([-20.4874, -10.4874, -10.    ,   0.    ]), array([3, 1, 0, 0, 1, 1, 1, 1, 1, 3, 2, 0, 2, 2, 1, 0, 2, 2, 3, 2, 2, 2,
       1, 0, 2, 3, 1, 0, 0, 1, 0, 2, 3, 1, 2, 2, 1, 2, 3, 1, 1, 1, 1, 1,
       3, 1, 0, 1, 0, 1, 0, 3, 3, 2, 1, 0, 0, 2, 3, 3, 1, 2, 3, 0, 2, 0,
       3, 3, 1, 1, 0, 3, 2, 2, 0, 2, 1, 3, 1, 0, 3, 0, 0, 2, 1, 1, 0, 0,
       2, 3, 2, 3, 3, 3, 1, 2, 1, 2, 3, 0, 0, 1, 3, 3, 2, 3, 1, 3, 2, 1,
       2, 3, 3, 0, 2, 0, 2, 3, 3, 3, 2, 1, 0, 1, 2, 3, 1, 2, 1, 3, 3, 1,
       3, 1, 1, 3, 2, 3, 2, 2, 0, 2, 2, 0, 2, 3, 3, 1, 2, 3, 2, 1, 2, 3,
       3, 1], dtype=object)]
[61, array([-5.1814, -2.1814, -3.    ,  0.    ]), array([2, 3, 2, 0, 3, 0, 3, 0, 3, 1, 0, 0, 2, 3, 1, 3, 1, 2, 0, 2, 0, 1,
       0, 1, 3, 3, 0, 0, 2, 3, 2, 1, 0, 2, 3, 3, 2, 1, 3, 0, 0, 1, 3, 0,
       1, 3, 3, 0, 0, 2, 3, 3, 1, 1, 2, 3, 0, 2, 0, 3, 3, 1, 3, 2, 2, 2,
       3, 3, 1, 2, 2, 1, 1, 2, 1, 3, 3, 2, 1, 1, 1, 1, 0, 3, 2, 3, 0, 1,
       0, 0, 3, 2, 0, 3, 1, 1, 3, 0, 2, 3, 0, 0, 3, 3, 2, 0, 1, 3, 3, 0,
       3, 3, 0, 0, 0, 0, 1, 0, 0, 2, 2, 1, 1, 0, 1, 3, 0, 1, 0, 1, 3, 0,
       1, 0, 1, 2, 1, 3, 0, 3, 1, 0, 2, 2, 1, 0, 1, 3, 3, 2, 2, 2, 0, 2,
       0, 3], dtype=object)]
[61, array([-29.3362, -15.3362, -14.    ,   0.    ]), array([3, 2, 2, 2, 0, 2, 2, 3, 1, 3, 1, 0, 1, 3, 0, 3, 3, 3, 3, 3, 2, 2,
       0, 1, 3, 1, 0, 0, 2, 2, 2, 1, 1, 2, 3, 1, 2, 3, 0, 1, 1, 2, 2, 3,
       2, 1, 3, 1, 0, 3, 1, 3, 3, 1, 3, 2, 2, 1, 3, 1, 2, 0, 0, 2, 1, 3,
       2, 0, 1, 3, 0, 1, 0, 2, 1, 3, 3, 0, 1, 3, 2, 0, 1, 0, 0, 1, 0, 2,
       3, 0, 1, 1, 2, 0, 2, 3, 3, 1, 3, 2, 1, 1, 2, 3, 0, 2, 0, 3, 3, 1,
       3, 3, 3, 0, 2, 0, 2, 2, 1, 1, 2, 2, 0, 2, 2, 3, 1, 0, 2, 2, 3, 3,
       1, 1, 2, 1, 0, 0, 2, 0, 2, 0, 2, 0, 1, 1, 1, 2, 2, 2, 3, 3, 2, 1,
       1, 3], dtype=object)]
[61, array([-39.5338, -19.5338, -20.    ,   0.    ]), array([1, 3, 2, 1, 3, 0, 0, 1, 0, 1, 1, 2, 2, 0, 0, 3, 2, 0, 2, 3, 0, 1,
       2, 2, 1, 1, 3, 2, 1, 0, 0, 2, 0, 0, 2, 2, 2, 2, 0, 2, 0, 1, 0, 0,
       2, 0, 1, 1, 2, 1, 3, 3, 2, 1, 2, 1, 3, 1, 3, 0, 3, 3, 0, 0, 2, 3,
       0, 2, 3, 0, 2, 0, 2, 1, 3, 0, 1, 3, 3, 3, 3, 1, 0, 0, 3, 1, 1, 3,
       1, 3, 3, 2, 1, 1, 2, 1, 3, 2, 3, 2, 1, 1, 0, 3, 1, 2, 1, 2, 0, 2,
       3, 3, 1, 2, 2, 1, 1, 0, 2, 3, 2, 0, 0, 1, 1, 0, 3, 1, 3, 2, 1, 0,
       3, 2, 0, 3, 2, 0, 1, 1, 1, 2, 2, 1, 1, 2, 2, 3, 3, 1, 0, 1, 3, 0,
       1, 1], dtype=object)]
[60, array([-20.097, -10.097, -10.   ,   0.   ]), array([1, 1, 0, 2, 0, 0, 3, 2, 1, 1, 3, 0, 1, 1, 1, 1, 1, 0, 0, 0, 3, 2,
       0, 2, 2, 0, 3, 2, 2, 0, 0, 0, 2, 0, 2, 1, 3, 0, 2, 2, 3, 0, 3, 2,
       1, 0, 0, 3, 1, 0, 0, 0, 3, 1, 3, 3, 0, 3, 3, 0, 1, 2, 1, 1, 1, 3,
       0, 1, 0, 1, 1, 1, 3, 2, 1, 2, 3, 2, 1, 0, 0, 0, 3, 2, 1, 2, 2, 1,
       2, 1, 1, 0, 1, 1, 3, 3, 3, 1, 3, 0, 2, 2, 3, 3, 2, 3, 2, 2, 2, 1,
       2, 3, 3, 3, 1, 1, 0, 0, 1, 1, 2, 0, 2, 1, 1, 2, 2, 1, 1, 3, 0, 1,
       0, 3, 0, 2, 1, 1, 0, 1, 1, 1, 2, 3, 2, 1, 3, 2, 3, 1, 0, 2, 1, 1,
       0, 3], dtype=object)]
[62, array([-6.5504, -3.5504, -3.    ,  0.    ]), array([2, 3, 2, 0, 3, 0, 3, 0, 3, 1, 0, 0, 2, 3, 1, 3, 1, 2, 0, 2, 0, 1,
       0, 1, 3, 3, 0, 0, 2, 3, 2, 1, 0, 2, 3, 3, 2, 1, 3, 0, 0, 1, 3, 0,
       1, 3, 3, 0, 0, 2, 3, 3, 1, 1, 2, 3, 0, 2, 0, 3, 3, 1, 3, 2, 2, 2,
       3, 3, 1, 2, 2, 1, 1, 2, 1, 3, 3, 2, 1, 1, 1, 1, 0, 3, 2, 3, 0, 1,
       0, 0, 3, 2, 0, 3, 1, 1, 3, 0, 2, 3, 0, 0, 3, 3, 2, 0, 1, 3, 3, 0,
       3, 3, 0, 0, 0, 0, 1, 0, 0, 2, 2, 1, 1, 0, 1, 3, 0, 1, 0, 1, 3, 0,
       1, 0, 1, 2, 1, 3, 0, 3, 1, 0, 2, 2, 1, 0, 1, 3, 3, 2, 2, 2, 0, 2,
       0, 3], dtype=object)]
[62, array([-28.5252, -14.5252, -14.    ,   0.    ]), array([3, 2, 2, 2, 0, 2, 2, 3, 1, 3, 1, 0, 1, 3, 0, 3, 3, 3, 3, 3, 2, 2,
       0, 1, 3, 3, 0, 0, 2, 2, 2, 1, 1, 2, 3, 1, 2, 3, 0, 1, 1, 2, 2, 3,
       2, 1, 3, 1, 0, 3, 1, 3, 3, 1, 3, 2, 2, 1, 3, 1, 2, 0, 0, 2, 1, 3,
       2, 0, 1, 3, 0, 1, 0, 2, 1, 3, 3, 0, 1, 3, 2, 0, 1, 0, 0, 1, 0, 2,
       3, 0, 1, 1, 2, 0, 2, 3, 3, 1, 3, 2, 1, 0, 2, 3, 0, 2, 3, 3, 3, 1,
       3, 3, 3, 0, 2, 0, 0, 2, 1, 1, 2, 2, 0, 2, 2, 3, 1, 0, 2, 2, 3, 3,
       1, 1, 2, 1, 0, 0, 2, 0, 2, 0, 2, 2, 1, 1, 1, 2, 2, 2, 3, 3, 2, 1,
       1, 3], dtype=object)]
[62, array([-38.9862, -18.9862, -20.    ,   0.    ]), array([1, 3, 2, 1, 3, 0, 0, 1, 0, 1, 1, 2, 2, 0, 0, 3, 2, 0, 2, 3, 0, 1,
       2, 2, 1, 1, 3, 2, 1, 0, 0, 2, 0, 0, 2, 2, 3, 2, 0, 2, 0, 1, 0, 0,
       2, 0, 1, 1, 2, 1, 3, 3, 2, 1, 2, 1, 3, 1, 3, 0, 3, 3, 0, 0, 2, 3,
       0, 2, 3, 0, 2, 0, 2, 1, 3, 0, 1, 3, 3, 3, 3, 1, 0, 0, 3, 1, 1, 3,
       1, 3, 3, 2, 1, 1, 2, 1, 3, 2, 3, 2, 1, 1, 0, 3, 1, 2, 1, 2, 0, 2,
       3, 3, 1, 2, 2, 1, 1, 0, 2, 3, 2, 0, 0, 1, 1, 0, 3, 1, 3, 2, 1, 0,
       3, 2, 0, 3, 2, 0, 1, 1, 1, 2, 2, 1, 1, 2, 2, 3, 3, 1, 0, 1, 3, 0,
       1, 1], dtype=object)]
[61, array([-20.2958, -10.2958, -10.    ,   0.    ]), array([3, 1, 0, 0, 1, 1, 1, 1, 1, 3, 2, 0, 2, 2, 1, 0, 2, 2, 3, 2, 2, 2,
       1, 0, 2, 3, 1, 0, 0, 1, 0, 2, 3, 1, 2, 2, 1, 2, 3, 1, 1, 1, 1, 1,
       3, 1, 0, 1, 0, 1, 0, 3, 3, 2, 1, 0, 0, 2, 3, 3, 1, 2, 3, 0, 2, 0,
       3, 3, 1, 1, 0, 3, 2, 2, 0, 2, 1, 3, 1, 0, 3, 0, 0, 2, 1, 1, 0, 0,
       2, 3, 2, 3, 3, 3, 1, 2, 1, 2, 3, 0, 0, 1, 3, 3, 2, 3, 1, 3, 2, 1,
       2, 3, 3, 0, 2, 0, 2, 3, 3, 3, 2, 1, 0, 1, 2, 3, 1, 2, 1, 3, 3, 1,
       3, 1, 1, 3, 2, 3, 2, 2, 1, 2, 0, 0, 1, 3, 2, 1, 2, 2, 2, 3, 2, 2,
       2, 3], dtype=object)]
[63, array([-19.6678,  -9.6678, -10.    ,   0.    ]), array([2, 3, 3, 3, 2, 3, 0, 0, 0, 0, 1, 3, 1, 3, 2, 0, 1, 0, 0, 0, 0, 3,
       0, 1, 1, 3, 2, 2, 2, 3, 2, 1, 2, 3, 3, 2, 2, 3, 3, 2, 0, 1, 3, 1,
       1, 2, 3, 3, 0, 2, 3, 3, 1, 2, 2, 2, 0, 2, 0, 0, 3, 1, 2, 2, 2, 2,
       3, 0, 2, 0, 2, 1, 1, 0, 1, 3, 3, 2, 1, 1, 1, 2, 0, 3, 2, 1, 3, 0,
       2, 2, 2, 0, 0, 0, 0, 2, 1, 0, 1, 1, 3, 3, 2, 0, 1, 3, 2, 3, 3, 3,
       0, 1, 0, 3, 1, 1, 0, 1, 1, 1, 2, 1, 1, 2, 2, 2, 1, 3, 2, 3, 2, 0,
       3, 0, 0, 2, 0, 3, 0, 3, 2, 2, 3, 2, 0, 0, 0, 1, 3, 2, 2, 2, 0, 3,
       1, 1], dtype=object)]
[63, array([-28.9882, -14.9882, -14.    ,   0.    ]), array([3, 2, 2, 2, 0, 1, 2, 3, 1, 3, 3, 0, 1, 3, 0, 3, 3, 3, 3, 3, 2, 2,
       0, 1, 3, 1, 0, 0, 2, 2, 2, 1, 1, 2, 3, 1, 2, 3, 0, 1, 1, 2, 2, 3,
       2, 1, 3, 1, 0, 3, 1, 3, 3, 1, 3, 2, 2, 1, 3, 1, 2, 0, 0, 2, 1, 3,
       2, 0, 1, 3, 0, 1, 0, 2, 1, 3, 3, 0, 1, 3, 2, 0, 1, 0, 0, 1, 0, 2,
       3, 0, 1, 1, 2, 0, 2, 3, 3, 1, 3, 2, 1, 0, 2, 3, 0, 3, 3, 3, 3, 1,
       3, 3, 3, 0, 2, 0, 2, 2, 1, 1, 2, 2, 0, 2, 2, 3, 1, 0, 2, 2, 3, 3,
       1, 1, 2, 1, 0, 0, 2, 0, 2, 0, 2, 0, 1, 1, 1, 2, 2, 2, 3, 3, 2, 1,
       1, 3], dtype=object)]
[63, array([-40.0018, -20.0018, -20.    ,   0.    ]), array([1, 3, 2, 1, 3, 0, 0, 1, 0, 1, 1, 2, 2, 0, 0, 3, 2, 0, 2, 3, 0, 1,
       2, 2, 1, 1, 3, 2, 1, 0, 0, 2, 0, 0, 2, 2, 3, 2, 0, 2, 0, 1, 0, 0,
       2, 0, 1, 1, 2, 1, 3, 3, 2, 1, 2, 1, 3, 1, 3, 0, 3, 3, 0, 0, 2, 3,
       0, 2, 3, 0, 2, 0, 2, 1, 3, 0, 1, 3, 3, 3, 3, 1, 0, 0, 3, 1, 1, 3,
       1, 3, 3, 2, 1, 1, 2, 1, 3, 2, 3, 2, 1, 1, 0, 3, 1, 2, 1, 2, 0, 2,
       3, 3, 1, 2, 2, 1, 1, 0, 2, 3, 2, 0, 0, 1, 1, 0, 3, 1, 3, 2, 1, 0,
       3, 2, 0, 3, 2, 0, 1, 1, 1, 2, 2, 1, 1, 2, 2, 3, 3, 1, 0, 1, 3, 0,
       1, 1], dtype=object)]
[62, array([-19.7292,  -9.7292, -10.    ,   0.    ]), array([3, 1, 0, 3, 1, 1, 1, 1, 1, 3, 3, 0, 2, 2, 1, 0, 2, 2, 3, 2, 2, 2,
       1, 0, 2, 3, 1, 0, 0, 1, 0, 2, 3, 1, 2, 2, 1, 2, 3, 1, 1, 1, 1, 1,
       3, 1, 0, 1, 0, 1, 0, 0, 3, 2, 1, 0, 0, 2, 3, 3, 1, 2, 3, 0, 2, 0,
       3, 3, 1, 1, 0, 3, 2, 2, 0, 2, 1, 3, 1, 0, 3, 0, 0, 2, 1, 1, 0, 0,
       2, 3, 2, 3, 3, 3, 1, 2, 1, 2, 3, 0, 0, 1, 3, 3, 2, 3, 1, 3, 2, 1,
       2, 3, 3, 0, 2, 0, 2, 3, 3, 3, 2, 0, 0, 1, 2, 3, 1, 2, 1, 3, 3, 1,
       3, 1, 1, 3, 2, 3, 2, 2, 1, 2, 0, 0, 1, 3, 2, 1, 2, 2, 2, 3, 2, 2,
       2, 3], dtype=object)]
[64, array([-12.985,  -5.985,  -7.   ,   0.   ]), array([3, 2, 3, 3, 1, 2, 0, 1, 0, 1, 3, 3, 0, 2, 2, 2, 0, 1, 0, 2, 0, 0,
       1, 1, 3, 3, 1, 2, 1, 1, 0, 3, 0, 2, 2, 3, 3, 0, 3, 0, 2, 2, 0, 1,
       2, 1, 1, 2, 0, 3, 1, 0, 3, 3, 2, 0, 0, 3, 1, 1, 0, 2, 2, 0, 2, 3,
       2, 0, 0, 2, 2, 2, 0, 1, 2, 0, 1, 1, 0, 2, 2, 3, 1, 0, 2, 1, 0, 1,
       1, 3, 2, 0, 3, 3, 0, 1, 1, 0, 1, 2, 1, 0, 1, 0, 1, 0, 0, 0, 1, 1,
       0, 1, 2, 2, 2, 3, 1, 3, 3, 1, 0, 0, 1, 0, 1, 2, 0, 1, 0, 1, 2, 0,
       1, 0, 0, 2, 1, 3, 0, 2, 1, 0, 2, 2, 0, 2, 1, 3, 3, 2, 0, 2, 0, 2,
       0, 3], dtype=object)]
[64, array([-28.4234, -14.4234, -14.    ,   0.    ]), array([3, 2, 2, 2, 0, 2, 2, 3, 1, 3, 1, 0, 1, 3, 0, 3, 3, 3, 3, 3, 2, 2,
       3, 1, 3, 3, 0, 0, 2, 2, 3, 1, 1, 2, 3, 1, 2, 3, 0, 1, 1, 2, 2, 3,
       2, 3, 3, 2, 3, 3, 1, 3, 3, 1, 3, 2, 2, 0, 3, 1, 2, 0, 0, 2, 1, 3,
       2, 0, 0, 3, 0, 1, 0, 2, 1, 3, 3, 0, 1, 3, 2, 0, 1, 0, 0, 1, 0, 2,
       3, 0, 1, 1, 2, 0, 2, 3, 3, 1, 3, 2, 1, 0, 2, 3, 0, 2, 0, 3, 3, 1,
       3, 3, 3, 0, 2, 0, 2, 2, 1, 1, 2, 2, 0, 2, 2, 3, 1, 0, 2, 2, 3, 3,
       1, 1, 2, 1, 0, 0, 2, 0, 2, 0, 2, 2, 1, 1, 1, 2, 2, 2, 3, 3, 2, 1,
       1, 3], dtype=object)]
[64, array([-40.2528, -20.2528, -20.    ,   0.    ]), array([1, 3, 2, 1, 3, 0, 0, 1, 0, 1, 1, 2, 2, 0, 0, 3, 2, 0, 2, 3, 0, 1,
       2, 2, 1, 1, 3, 2, 1, 0, 0, 2, 0, 0, 2, 2, 3, 2, 0, 2, 0, 1, 0, 0,
       2, 0, 1, 1, 2, 1, 3, 3, 2, 1, 2, 1, 3, 1, 3, 0, 3, 3, 0, 0, 2, 3,
       0, 2, 3, 0, 2, 0, 2, 1, 3, 0, 1, 3, 3, 3, 3, 1, 0, 0, 3, 1, 1, 3,
       1, 3, 3, 2, 1, 1, 2, 1, 3, 2, 3, 2, 1, 1, 0, 3, 1, 2, 1, 2, 2, 2,
       3, 3, 1, 2, 2, 1, 1, 0, 2, 3, 2, 0, 0, 1, 1, 0, 3, 1, 3, 2, 1, 0,
       3, 2, 0, 3, 2, 0, 1, 1, 1, 2, 2, 1, 1, 2, 2, 3, 3, 1, 0, 1, 3, 0,
       1, 1], dtype=object)]
[63, array([-20.1282, -10.1282, -10.    ,   0.    ]), array([3, 1, 0, 0, 1, 1, 1, 1, 1, 3, 2, 0, 2, 2, 1, 0, 2, 2, 3, 2, 2, 2,
       1, 0, 2, 3, 1, 0, 0, 1, 0, 2, 3, 1, 2, 2, 1, 2, 3, 1, 1, 1, 1, 1,
       3, 1, 0, 1, 0, 1, 0, 3, 3, 2, 1, 0, 0, 2, 3, 3, 1, 2, 3, 0, 2, 0,
       3, 3, 1, 1, 0, 3, 2, 2, 0, 2, 1, 3, 1, 0, 3, 0, 0, 2, 1, 1, 0, 0,
       2, 3, 2, 3, 3, 3, 1, 2, 1, 2, 3, 0, 0, 1, 3, 3, 2, 3, 1, 3, 2, 1,
       2, 3, 3, 0, 2, 0, 2, 3, 3, 3, 2, 1, 0, 1, 2, 3, 1, 2, 1, 3, 3, 1,
       3, 1, 1, 3, 2, 3, 2, 2, 1, 2, 0, 0, 1, 3, 2, 1, 2, 2, 2, 3, 2, 2,
       2, 3], dtype=object)]
[65, array([-20.364, -10.364, -10.   ,   0.   ]), array([2, 3, 3, 3, 2, 3, 0, 0, 0, 0, 1, 3, 1, 3, 2, 0, 1, 0, 0, 0, 0, 3,
       0, 1, 1, 3, 2, 2, 2, 3, 2, 1, 2, 3, 3, 2, 2, 3, 3, 2, 0, 1, 3, 1,
       1, 2, 3, 3, 0, 2, 3, 3, 1, 2, 2, 2, 0, 2, 0, 0, 3, 1, 2, 2, 2, 2,
       3, 0, 2, 0, 2, 1, 1, 0, 1, 3, 3, 2, 1, 1, 1, 2, 0, 3, 2, 1, 3, 0,
       2, 2, 2, 0, 0, 0, 0, 2, 1, 0, 1, 1, 3, 3, 2, 0, 1, 3, 2, 3, 3, 3,
       0, 1, 0, 3, 1, 1, 0, 1, 1, 1, 2, 1, 1, 2, 2, 2, 1, 3, 2, 3, 2, 0,
       3, 0, 0, 2, 0, 3, 0, 3, 2, 2, 3, 2, 0, 0, 0, 1, 3, 2, 2, 2, 0, 3,
       1, 1], dtype=object)]
[65, array([-28.7646, -14.7646, -14.    ,   0.    ]), array([2, 2, 2, 2, 0, 1, 2, 3, 1, 3, 1, 0, 1, 3, 0, 3, 3, 3, 3, 3, 2, 2,
       0, 1, 3, 3, 0, 0, 2, 2, 2, 1, 1, 2, 3, 1, 2, 3, 2, 1, 1, 2, 2, 3,
       2, 1, 3, 1, 0, 3, 1, 3, 3, 1, 3, 2, 2, 1, 3, 1, 2, 0, 0, 2, 1, 3,
       2, 0, 1, 3, 0, 1, 0, 2, 1, 3, 3, 0, 1, 3, 2, 0, 1, 0, 0, 1, 0, 2,
       3, 0, 1, 1, 2, 0, 2, 0, 3, 1, 3, 2, 1, 0, 2, 3, 0, 3, 3, 3, 3, 1,
       3, 3, 3, 0, 2, 0, 2, 2, 1, 1, 2, 2, 0, 2, 2, 3, 1, 0, 2, 2, 3, 3,
       1, 1, 2, 1, 0, 0, 2, 0, 2, 0, 2, 2, 1, 1, 1, 1, 2, 2, 3, 3, 2, 1,
       1, 3], dtype=object)]
[65, array([-40.1762, -20.1762, -20.    ,   0.    ]), array([1, 3, 2, 1, 3, 0, 0, 1, 0, 1, 1, 2, 2, 0, 0, 3, 2, 0, 2, 3, 0, 1,
       2, 2, 1, 1, 3, 2, 1, 0, 0, 2, 0, 0, 2, 2, 3, 2, 0, 2, 0, 1, 0, 0,
       2, 0, 1, 1, 2, 1, 3, 3, 2, 1, 2, 1, 3, 1, 3, 0, 3, 3, 0, 0, 2, 3,
       0, 2, 3, 0, 2, 0, 2, 1, 3, 0, 1, 3, 3, 3, 3, 1, 0, 0, 3, 1, 1, 3,
       1, 3, 3, 2, 1, 1, 2, 1, 3, 2, 3, 2, 1, 1, 0, 3, 1, 2, 1, 2, 0, 2,
       3, 3, 1, 2, 2, 1, 1, 0, 2, 3, 2, 0, 0, 1, 1, 0, 3, 1, 3, 2, 1, 0,
       3, 2, 0, 3, 2, 0, 1, 1, 1, 2, 2, 1, 1, 2, 2, 3, 3, 1, 0, 1, 3, 0,
       1, 1], dtype=object)]
[64, array([-19.7154,  -9.7154, -10.    ,   0.    ]), array([3, 1, 0, 0, 1, 1, 1, 1, 1, 3, 2, 0, 1, 2, 1, 0, 2, 2, 3, 2, 2, 2,
       1, 0, 2, 3, 1, 0, 0, 1, 0, 2, 3, 0, 2, 2, 1, 2, 3, 1, 1, 1, 1, 1,
       3, 1, 0, 1, 0, 1, 0, 3, 3, 2, 1, 0, 0, 2, 3, 3, 1, 2, 3, 0, 2, 0,
       3, 3, 1, 1, 0, 3, 2, 2, 0, 2, 1, 3, 1, 0, 3, 0, 0, 2, 1, 1, 0, 0,
       2, 3, 2, 1, 3, 3, 1, 2, 1, 2, 3, 0, 0, 1, 3, 3, 2, 3, 1, 3, 2, 1,
       2, 3, 3, 0, 2, 0, 2, 3, 3, 3, 2, 1, 0, 1, 2, 3, 1, 2, 1, 3, 3, 1,
       3, 1, 1, 3, 2, 3, 2, 2, 1, 2, 0, 0, 1, 3, 1, 1, 2, 2, 2, 3, 2, 2,
       2, 3], dtype=object)]
[66, array([-20.387, -10.387, -10.   ,   0.   ]), array([2, 3, 3, 3, 2, 3, 0, 0, 0, 0, 1, 3, 1, 3, 2, 0, 1, 0, 0, 0, 0, 3,
       0, 1, 1, 3, 2, 2, 2, 3, 2, 1, 2, 3, 3, 2, 2, 3, 3, 2, 0, 1, 3, 1,
       1, 2, 3, 3, 0, 2, 3, 3, 1, 2, 2, 2, 0, 2, 0, 0, 3, 1, 2, 2, 2, 2,
       3, 0, 2, 0, 2, 1, 1, 0, 1, 3, 3, 2, 1, 1, 1, 2, 0, 3, 2, 1, 1, 0,
       2, 2, 2, 0, 0, 0, 0, 2, 1, 0, 1, 1, 3, 3, 2, 0, 1, 3, 2, 3, 3, 3,
       0, 1, 0, 3, 1, 1, 0, 1, 1, 1, 2, 1, 1, 2, 2, 2, 1, 3, 2, 3, 2, 0,
       3, 0, 0, 2, 0, 3, 0, 3, 2, 2, 3, 2, 0, 0, 0, 1, 3, 0, 2, 2, 0, 3,
       1, 1], dtype=object)]
[66, array([-28.7712, -14.7712, -14.    ,   0.    ]), array([3, 2, 2, 2, 0, 2, 2, 3, 1, 3, 1, 0, 1, 3, 0, 3, 3, 3, 3, 3, 2, 2,
       0, 1, 3, 3, 0, 0, 2, 2, 2, 1, 1, 2, 3, 1, 2, 3, 0, 1, 1, 2, 2, 3,
       2, 1, 3, 1, 0, 3, 1, 3, 3, 1, 3, 2, 2, 1, 3, 2, 2, 0, 0, 2, 1, 3,
       2, 0, 1, 3, 0, 1, 0, 2, 1, 3, 3, 0, 1, 3, 2, 0, 1, 0, 0, 1, 0, 2,
       3, 0, 1, 1, 2, 0, 2, 3, 3, 1, 3, 0, 1, 0, 2, 3, 0, 2, 3, 3, 3, 1,
       3, 3, 3, 0, 2, 0, 2, 2, 1, 1, 2, 2, 0, 2, 2, 3, 1, 0, 2, 2, 3, 3,
       1, 1, 2, 1, 0, 0, 2, 0, 2, 0, 2, 2, 1, 1, 1, 2, 2, 2, 3, 3, 1, 1,
       1, 3], dtype=object)]
[66, array([-39.504, -19.504, -20.   ,   0.   ]), array([1, 3, 2, 1, 3, 0, 0, 1, 0, 1, 1, 2, 2, 0, 0, 3, 2, 0, 2, 3, 0, 1,
       2, 2, 1, 1, 3, 2, 1, 0, 0, 2, 0, 0, 2, 2, 3, 2, 0, 2, 0, 1, 0, 0,
       2, 0, 1, 1, 2, 1, 3, 3, 2, 3, 2, 1, 3, 1, 3, 0, 3, 3, 0, 0, 2, 3,
       0, 1, 3, 0, 2, 0, 2, 1, 3, 0, 1, 3, 3, 3, 3, 1, 0, 0, 3, 1, 1, 3,
       1, 3, 3, 2, 1, 1, 2, 1, 3, 2, 3, 2, 1, 1, 0, 3, 1, 2, 1, 2, 0, 2,
       3, 3, 1, 2, 2, 1, 1, 0, 2, 3, 2, 0, 0, 1, 1, 0, 3, 1, 3, 2, 1, 0,
       3, 2, 0, 3, 2, 0, 1, 1, 1, 2, 2, 1, 1, 2, 2, 3, 3, 1, 0, 1, 3, 0,
       1, 1], dtype=object)]
[65, array([-20.1334, -10.1334, -10.    ,   0.    ]), array([3, 1, 0, 0, 1, 1, 1, 1, 1, 3, 2, 0, 1, 2, 1, 0, 2, 2, 3, 2, 2, 2,
       1, 0, 2, 3, 1, 0, 0, 1, 0, 2, 3, 0, 2, 2, 1, 2, 3, 1, 1, 1, 1, 1,
       3, 1, 0, 1, 0, 1, 0, 3, 3, 2, 1, 0, 0, 2, 3, 3, 1, 2, 3, 0, 2, 0,
       3, 3, 1, 1, 0, 3, 2, 2, 0, 2, 1, 3, 1, 0, 3, 0, 0, 2, 1, 1, 0, 0,
       2, 3, 2, 1, 3, 3, 1, 2, 1, 2, 3, 0, 0, 1, 3, 3, 2, 3, 1, 3, 2, 1,
       2, 3, 3, 0, 2, 0, 2, 3, 3, 3, 2, 1, 0, 1, 2, 3, 1, 2, 1, 3, 3, 1,
       3, 1, 1, 3, 2, 3, 2, 2, 1, 2, 0, 0, 0, 3, 2, 1, 0, 2, 2, 3, 2, 2,
       2, 3], dtype=object)]
[67, array([-29.1246, -15.1246, -14.    ,   0.    ]), array([3, 2, 2, 2, 0, 2, 2, 3, 1, 3, 1, 0, 1, 3, 0, 3, 3, 3, 3, 3, 2, 2,
       0, 1, 3, 3, 0, 0, 2, 2, 2, 1, 1, 2, 3, 1, 2, 3, 0, 1, 1, 2, 2, 3,
       2, 1, 3, 1, 0, 3, 1, 3, 3, 2, 3, 2, 2, 1, 3, 1, 2, 0, 0, 2, 1, 3,
       2, 1, 1, 3, 0, 1, 0, 2, 1, 3, 3, 0, 1, 3, 2, 0, 1, 0, 0, 1, 0, 2,
       3, 0, 1, 1, 2, 1, 2, 3, 3, 1, 3, 2, 1, 0, 2, 3, 0, 2, 0, 3, 3, 1,
       3, 3, 3, 0, 2, 0, 2, 2, 1, 1, 2, 2, 0, 2, 2, 3, 1, 0, 2, 2, 3, 3,
       1, 1, 2, 1, 0, 0, 2, 0, 2, 0, 2, 0, 1, 1, 1, 2, 2, 2, 3, 3, 2, 1,
       1, 3], dtype=object)]
[67, array([-16.6966,  -8.6966,  -8.    ,   0.    ]), array([0, 3, 2, 3, 2, 1, 0, 0, 0, 0, 0, 3, 1, 3, 2, 0, 1, 0, 0, 3, 0, 3,
       0, 1, 1, 3, 2, 2, 0, 2, 2, 0, 2, 3, 1, 2, 2, 3, 3, 2, 2, 1, 3, 3,
       1, 1, 0, 3, 0, 0, 2, 3, 1, 2, 2, 2, 0, 2, 0, 0, 3, 1, 2, 2, 2, 2,
       3, 0, 2, 0, 2, 1, 1, 0, 1, 3, 3, 2, 1, 1, 1, 2, 0, 3, 2, 1, 3, 0,
       2, 2, 2, 0, 0, 0, 0, 2, 1, 0, 1, 1, 3, 3, 2, 0, 1, 3, 2, 3, 3, 3,
       0, 1, 0, 3, 1, 1, 0, 1, 1, 1, 2, 1, 1, 1, 2, 2, 0, 3, 2, 3, 2, 0,
       3, 0, 0, 0, 0, 3, 0, 3, 2, 2, 3, 2, 0, 0, 0, 1, 3, 2, 2, 2, 0, 3,
       1, 1], dtype=object)]
[67, array([-39.7442, -19.7442, -20.    ,   0.    ]), array([1, 3, 2, 1, 3, 0, 0, 1, 0, 1, 1, 2, 2, 0, 0, 3, 2, 0, 2, 3, 0, 1,
       2, 2, 1, 1, 3, 2, 1, 0, 0, 2, 0, 0, 2, 2, 3, 2, 0, 2, 0, 1, 0, 0,
       2, 0, 1, 1, 2, 1, 3, 3, 2, 1, 2, 1, 3, 3, 3, 0, 3, 3, 0, 0, 2, 3,
       0, 2, 3, 0, 2, 0, 2, 1, 3, 0, 1, 1, 3, 3, 3, 1, 0, 0, 3, 1, 1, 3,
       1, 3, 3, 2, 1, 1, 2, 1, 3, 2, 3, 2, 1, 1, 0, 3, 1, 2, 1, 2, 2, 2,
       3, 3, 1, 2, 2, 1, 1, 0, 2, 3, 2, 0, 0, 1, 1, 0, 3, 1, 3, 2, 1, 0,
       3, 2, 0, 3, 2, 0, 1, 1, 1, 2, 2, 1, 1, 2, 2, 3, 3, 1, 0, 1, 3, 0,
       1, 1], dtype=object)]
[66, array([-19.712,  -9.712, -10.   ,   0.   ]), array([2, 2, 0, 2, 0, 0, 3, 2, 1, 1, 3, 0, 1, 1, 1, 1, 1, 0, 0, 1, 3, 2,
       0, 2, 2, 0, 3, 2, 2, 0, 0, 0, 2, 0, 2, 1, 3, 0, 3, 2, 3, 0, 3, 2,
       1, 0, 0, 3, 1, 3, 0, 0, 3, 1, 3, 3, 0, 3, 3, 0, 1, 2, 1, 1, 1, 3,
       0, 1, 0, 1, 1, 1, 3, 2, 1, 2, 3, 2, 1, 0, 0, 0, 3, 2, 1, 2, 2, 1,
       2, 1, 1, 0, 1, 1, 3, 3, 3, 1, 3, 0, 2, 2, 3, 3, 2, 3, 2, 2, 2, 1,
       2, 3, 3, 3, 1, 1, 0, 0, 1, 3, 2, 0, 2, 1, 1, 2, 2, 1, 1, 3, 0, 1,
       0, 3, 0, 2, 1, 3, 0, 1, 1, 1, 2, 3, 3, 1, 3, 0, 3, 0, 0, 2, 1, 2,
       0, 3], dtype=object)]
[68, array([-28.8532, -14.8532, -14.    ,   0.    ]), array([3, 2, 2, 2, 0, 2, 2, 3, 1, 3, 0, 0, 1, 1, 0, 3, 3, 3, 3, 3, 2, 2,
       0, 1, 3, 1, 0, 0, 2, 2, 2, 1, 1, 2, 3, 1, 2, 3, 0, 1, 1, 2, 2, 3,
       2, 1, 0, 1, 0, 3, 1, 3, 3, 1, 3, 2, 2, 1, 3, 1, 2, 0, 0, 2, 1, 3,
       2, 0, 1, 3, 0, 1, 0, 2, 1, 3, 3, 0, 1, 3, 2, 0, 1, 0, 0, 1, 0, 2,
       3, 0, 1, 1, 2, 0, 2, 3, 3, 1, 3, 0, 1, 0, 2, 3, 0, 2, 3, 3, 3, 1,
       3, 3, 3, 0, 2, 0, 2, 2, 1, 1, 2, 2, 0, 2, 2, 3, 1, 0, 2, 2, 3, 3,
       1, 1, 2, 1, 0, 0, 2, 0, 2, 0, 2, 2, 1, 1, 0, 2, 2, 2, 3, 3, 2, 1,
       1, 3], dtype=object)]
[68, array([-15.8202,  -7.8202,  -8.    ,   0.    ]), array([0, 3, 2, 3, 2, 1, 0, 0, 0, 0, 0, 3, 1, 3, 2, 0, 1, 0, 0, 3, 0, 3,
       0, 1, 1, 3, 2, 2, 0, 2, 2, 0, 2, 3, 1, 2, 2, 3, 3, 2, 2, 1, 3, 3,
       1, 1, 3, 3, 0, 0, 2, 3, 1, 2, 2, 2, 0, 2, 0, 0, 3, 1, 2, 2, 2, 2,
       3, 0, 2, 0, 2, 1, 1, 0, 1, 3, 3, 2, 1, 1, 1, 2, 0, 3, 2, 1, 3, 0,
       2, 2, 2, 0, 0, 0, 0, 2, 1, 0, 1, 1, 3, 3, 2, 0, 1, 3, 2, 3, 3, 3,
       0, 1, 0, 3, 1, 1, 0, 1, 1, 1, 2, 1, 1, 1, 2, 2, 0, 3, 2, 3, 2, 0,
       3, 0, 0, 0, 0, 3, 0, 3, 2, 2, 3, 2, 0, 0, 0, 1, 3, 2, 2, 2, 0, 3,
       1, 1], dtype=object)]
[68, array([-38.9078, -18.9078, -20.    ,   0.    ]), array([3, 3, 2, 1, 3, 0, 0, 1, 0, 1, 1, 2, 2, 0, 0, 3, 2, 0, 2, 3, 0, 1,
       2, 2, 1, 1, 3, 2, 1, 0, 0, 2, 0, 0, 2, 2, 3, 2, 0, 2, 0, 1, 0, 0,
       2, 0, 1, 1, 2, 1, 3, 3, 2, 3, 2, 1, 3, 1, 3, 0, 3, 3, 0, 1, 2, 3,
       0, 2, 3, 0, 2, 3, 2, 1, 3, 0, 1, 3, 3, 3, 3, 1, 0, 0, 3, 1, 1, 3,
       1, 3, 3, 2, 1, 1, 2, 1, 3, 2, 3, 2, 1, 1, 0, 3, 1, 2, 1, 2, 0, 2,
       3, 3, 1, 2, 2, 1, 1, 0, 2, 3, 2, 0, 0, 1, 1, 0, 3, 1, 3, 2, 1, 0,
       3, 2, 0, 3, 2, 0, 1, 1, 1, 2, 2, 1, 1, 2, 2, 3, 3, 1, 0, 1, 3, 0,
       1, 1], dtype=object)]
[67, array([-19.6174,  -9.6174, -10.    ,   0.    ]), array([3, 1, 0, 0, 1, 1, 1, 1, 1, 3, 2, 0, 2, 2, 1, 0, 2, 2, 3, 2, 2, 2,
       1, 0, 2, 3, 1, 0, 0, 1, 0, 2, 3, 1, 2, 2, 1, 2, 0, 1, 1, 1, 1, 1,
       3, 1, 0, 1, 0, 1, 0, 3, 3, 2, 1, 0, 0, 2, 3, 3, 1, 2, 3, 0, 2, 0,
       3, 3, 1, 1, 0, 3, 2, 2, 0, 2, 1, 3, 1, 0, 3, 0, 0, 2, 1, 1, 0, 0,
       2, 3, 2, 1, 3, 3, 1, 2, 1, 2, 3, 0, 0, 1, 3, 3, 2, 3, 1, 3, 2, 1,
       2, 3, 3, 0, 2, 0, 2, 3, 3, 3, 2, 1, 0, 1, 2, 3, 1, 2, 1, 3, 3, 1,
       3, 1, 1, 3, 2, 3, 2, 2, 1, 2, 0, 0, 1, 3, 2, 1, 2, 2, 2, 3, 2, 2,
       2, 3], dtype=object)]
[69, array([-18.9172,  -8.9172, -10.    ,   0.    ]), array([2, 3, 3, 3, 2, 3, 0, 0, 0, 0, 1, 3, 1, 3, 2, 0, 1, 0, 0, 0, 0, 3,
       0, 1, 1, 3, 2, 2, 2, 3, 2, 1, 2, 3, 3, 2, 2, 3, 3, 2, 0, 1, 3, 1,
       1, 2, 3, 3, 0, 2, 3, 3, 1, 2, 2, 2, 0, 2, 0, 0, 3, 1, 2, 2, 2, 2,
       3, 0, 2, 0, 2, 1, 1, 0, 1, 3, 3, 2, 1, 1, 1, 2, 0, 3, 2, 1, 3, 0,
       2, 2, 2, 0, 0, 0, 0, 2, 1, 0, 1, 1, 3, 3, 2, 0, 1, 3, 2, 3, 3, 3,
       0, 1, 0, 3, 1, 1, 0, 1, 1, 1, 2, 1, 1, 2, 2, 2, 1, 3, 2, 3, 2, 0,
       3, 0, 0, 2, 0, 3, 0, 3, 2, 2, 3, 2, 0, 0, 0, 1, 3, 2, 2, 2, 0, 3,
       1, 1], dtype=object)]
[69, array([-28.9608, -14.9608, -14.    ,   0.    ]), array([3, 2, 2, 2, 0, 2, 2, 3, 1, 3, 1, 0, 1, 3, 0, 3, 3, 3, 3, 3, 2, 2,
       0, 1, 3, 3, 0, 0, 2, 2, 2, 1, 1, 2, 3, 1, 2, 3, 0, 1, 1, 2, 2, 3,
       2, 1, 3, 1, 0, 3, 1, 3, 3, 1, 3, 2, 2, 1, 0, 1, 2, 0, 0, 2, 1, 3,
       2, 0, 1, 3, 0, 1, 0, 2, 1, 3, 3, 0, 1, 3, 2, 0, 1, 0, 0, 1, 0, 2,
       3, 0, 1, 1, 2, 0, 2, 3, 3, 1, 3, 0, 1, 0, 2, 3, 0, 2, 0, 3, 3, 1,
       3, 3, 3, 0, 2, 0, 2, 2, 1, 1, 2, 2, 0, 2, 2, 3, 1, 0, 2, 2, 3, 3,
       1, 1, 2, 1, 0, 0, 2, 0, 2, 0, 2, 0, 1, 1, 1, 2, 2, 2, 3, 3, 2, 1,
       1, 3], dtype=object)]
[69, array([-40.2012, -20.2012, -20.    ,   0.    ]), array([3, 3, 2, 1, 3, 0, 0, 1, 0, 1, 1, 2, 2, 0, 0, 3, 2, 0, 2, 3, 0, 1,
       2, 2, 1, 1, 3, 2, 1, 0, 0, 2, 0, 0, 2, 2, 3, 2, 0, 2, 0, 1, 0, 0,
       2, 0, 1, 1, 2, 1, 3, 3, 2, 3, 2, 1, 3, 1, 3, 0, 3, 3, 0, 1, 2, 3,
       0, 2, 3, 0, 2, 3, 2, 1, 3, 0, 1, 3, 3, 3, 3, 1, 0, 0, 3, 1, 1, 3,
       1, 3, 3, 2, 1, 1, 2, 1, 3, 2, 3, 2, 1, 1, 0, 3, 1, 2, 1, 2, 0, 2,
       3, 3, 1, 2, 2, 1, 1, 0, 2, 3, 2, 0, 0, 1, 1, 0, 3, 1, 3, 2, 1, 0,
       3, 2, 0, 3, 2, 0, 1, 1, 1, 2, 2, 1, 1, 2, 2, 3, 3, 1, 0, 1, 3, 0,
       2, 1], dtype=object)]
[68, array([-20.122, -10.122, -10.   ,   0.   ]), array([0, 1, 0, 0, 1, 1, 1, 1, 1, 3, 2, 0, 2, 2, 1, 0, 2, 2, 3, 2, 2, 2,
       1, 0, 2, 3, 1, 0, 0, 1, 0, 2, 3, 1, 2, 2, 1, 2, 3, 1, 1, 1, 1, 1,
       3, 1, 0, 1, 0, 1, 0, 3, 3, 2, 1, 0, 0, 2, 3, 3, 1, 2, 3, 0, 2, 0,
       3, 3, 1, 1, 0, 3, 2, 2, 0, 2, 1, 3, 1, 0, 3, 0, 0, 2, 1, 1, 0, 0,
       2, 3, 2, 3, 3, 3, 1, 2, 1, 2, 3, 0, 0, 1, 3, 3, 2, 3, 1, 3, 2, 1,
       2, 3, 3, 0, 2, 0, 2, 3, 3, 3, 2, 1, 0, 1, 2, 3, 1, 2, 1, 3, 3, 1,
       3, 1, 1, 3, 2, 3, 2, 2, 1, 2, 0, 0, 1, 3, 2, 1, 2, 2, 2, 3, 2, 2,
       2, 3], dtype=object)]
[70, array([-3.5204, -1.5204, -2.    ,  0.    ]), array([2, 3, 1, 2, 2, 3, 3, 2, 2, 1, 0, 0, 2, 2, 2, 0, 3, 0, 0, 0, 1, 3,
       3, 1, 2, 3, 2, 1, 0, 0, 2, 1, 2, 3, 0, 2, 0, 0, 3, 2, 0, 1, 3, 1,
       2, 2, 0, 1, 0, 1, 0, 3, 1, 0, 2, 3, 3, 0, 3, 3, 3, 0, 2, 2, 0, 1,
       2, 0, 2, 0, 3, 0, 2, 3, 3, 1, 1, 1, 2, 1, 2, 3, 0, 2, 2, 3, 2, 1,
       1, 1, 3, 2, 1, 1, 2, 1, 0, 0, 2, 3, 3, 1, 2, 1, 0, 1, 3, 2, 0, 2,
       1, 3, 0, 0, 2, 1, 0, 0, 3, 2, 2, 3, 3, 2, 1, 3, 1, 3, 0, 3, 2, 2,
       1, 1, 1, 2, 3, 0, 0, 3, 1, 2, 2, 2, 1, 2, 2, 0, 3, 2, 1, 3, 2, 1,
       1, 0], dtype=object)]
[70, array([-28.4696, -14.4696, -14.    ,   0.    ]), array([3, 2, 2, 2, 0, 2, 2, 3, 1, 3, 1, 0, 1, 3, 0, 3, 3, 3, 3, 3, 2, 2,
       3, 1, 3, 3, 0, 0, 2, 2, 3, 1, 1, 2, 3, 1, 2, 3, 0, 1, 1, 2, 2, 3,
       2, 1, 2, 1, 0, 3, 1, 3, 3, 1, 3, 2, 2, 1, 3, 1, 2, 0, 0, 2, 1, 3,
       2, 0, 1, 3, 0, 1, 0, 2, 1, 3, 0, 0, 1, 3, 2, 0, 1, 0, 0, 1, 0, 2,
       3, 0, 1, 1, 2, 0, 2, 3, 3, 1, 3, 0, 1, 0, 2, 3, 0, 2, 0, 3, 3, 1,
       3, 3, 3, 0, 2, 0, 2, 2, 1, 1, 2, 2, 0, 2, 2, 3, 1, 0, 2, 2, 3, 3,
       1, 1, 2, 1, 0, 0, 2, 0, 2, 0, 2, 1, 1, 1, 1, 2, 2, 2, 3, 3, 2, 1,
       1, 3], dtype=object)]
[70, array([-39.8856, -19.8856, -20.    ,   0.    ]), array([0, 3, 2, 1, 3, 0, 0, 1, 0, 1, 0, 2, 2, 0, 0, 3, 2, 0, 2, 3, 0, 1,
       2, 2, 1, 1, 3, 2, 1, 0, 0, 2, 0, 0, 2, 2, 2, 2, 0, 2, 0, 1, 0, 0,
       2, 0, 1, 1, 2, 1, 3, 3, 2, 1, 2, 1, 3, 1, 3, 0, 3, 3, 0, 0, 2, 3,
       0, 2, 3, 0, 2, 3, 2, 1, 3, 0, 1, 3, 3, 3, 3, 1, 0, 0, 3, 1, 1, 3,
       1, 3, 3, 2, 1, 1, 2, 1, 3, 2, 3, 2, 1, 1, 0, 3, 1, 2, 1, 2, 0, 2,
       3, 1, 1, 2, 2, 1, 1, 0, 2, 3, 2, 0, 0, 1, 1, 0, 3, 1, 3, 2, 1, 0,
       3, 2, 0, 3, 2, 0, 1, 1, 1, 2, 2, 1, 1, 2, 2, 3, 3, 1, 0, 1, 3, 0,
       1, 1], dtype=object)]
[69, array([-19.8902,  -9.8902, -10.    ,   0.    ]), array([3, 1, 0, 0, 1, 1, 1, 1, 1, 3, 2, 0, 2, 2, 1, 0, 2, 2, 3, 2, 2, 2,
       1, 0, 2, 3, 1, 0, 0, 1, 0, 2, 3, 1, 2, 2, 1, 2, 3, 1, 1, 1, 1, 1,
       3, 1, 0, 1, 0, 1, 0, 3, 3, 2, 1, 0, 0, 2, 3, 3, 1, 2, 3, 0, 2, 0,
       3, 3, 1, 1, 0, 3, 2, 2, 0, 2, 1, 3, 1, 0, 3, 0, 0, 2, 1, 1, 0, 0,
       2, 3, 2, 3, 3, 3, 1, 2, 1, 2, 3, 0, 0, 1, 3, 3, 2, 3, 1, 3, 2, 1,
       2, 3, 3, 0, 2, 0, 2, 3, 3, 3, 2, 1, 0, 1, 2, 3, 1, 2, 1, 3, 3, 1,
       3, 1, 1, 3, 2, 3, 2, 2, 1, 2, 0, 0, 1, 3, 2, 1, 1, 2, 2, 2, 2, 2,
       2, 3], dtype=object)]
[71, array([-19.4464,  -9.4464, -10.    ,   0.    ]), array([2, 3, 3, 3, 2, 3, 0, 0, 0, 0, 1, 3, 1, 3, 2, 0, 1, 0, 0, 0, 0, 3,
       0, 1, 1, 3, 2, 2, 2, 3, 2, 1, 2, 3, 3, 2, 2, 3, 3, 2, 0, 1, 3, 1,
       1, 2, 3, 3, 0, 2, 3, 3, 1, 2, 2, 2, 0, 2, 0, 0, 3, 1, 2, 2, 2, 2,
       3, 0, 2, 0, 2, 1, 1, 0, 1, 3, 3, 2, 1, 1, 1, 2, 0, 3, 2, 1, 3, 0,
       2, 2, 2, 0, 0, 0, 0, 2, 1, 0, 1, 1, 3, 3, 2, 0, 1, 3, 2, 3, 3, 3,
       0, 1, 0, 3, 1, 1, 0, 1, 1, 1, 2, 1, 1, 2, 2, 2, 1, 3, 2, 3, 2, 0,
       3, 0, 0, 2, 0, 3, 0, 3, 2, 2, 3, 2, 0, 0, 0, 1, 3, 2, 2, 2, 0, 3,
       1, 1], dtype=object)]
[70, array([-19.809,  -9.809, -10.   ,   0.   ]), array([3, 1, 0, 0, 1, 1, 1, 1, 1, 3, 2, 0, 2, 2, 1, 0, 2, 2, 3, 2, 2, 2,
       1, 0, 2, 3, 1, 0, 0, 1, 0, 2, 3, 1, 2, 2, 1, 2, 3, 1, 1, 1, 1, 1,
       3, 1, 0, 1, 0, 1, 0, 3, 3, 2, 1, 0, 0, 2, 3, 3, 1, 2, 3, 0, 2, 0,
       3, 3, 1, 3, 0, 3, 2, 2, 0, 2, 1, 3, 1, 0, 3, 0, 0, 2, 1, 1, 0, 0,
       2, 3, 2, 3, 3, 3, 1, 2, 1, 2, 3, 0, 0, 1, 3, 3, 2, 3, 1, 3, 2, 1,
       2, 3, 3, 0, 2, 0, 2, 3, 3, 3, 2, 1, 0, 1, 2, 3, 1, 2, 1, 3, 3, 1,
       3, 1, 1, 3, 2, 3, 2, 2, 1, 2, 0, 0, 1, 3, 2, 1, 2, 0, 2, 3, 2, 2,
       2, 3], dtype=object)]
[71, array([-29.1992, -15.1992, -14.    ,   0.    ]), array([3, 2, 2, 2, 0, 2, 2, 3, 2, 3, 1, 0, 1, 3, 0, 3, 3, 3, 3, 3, 2, 2,
       3, 1, 3, 3, 0, 0, 2, 2, 3, 1, 1, 2, 3, 1, 2, 3, 0, 1, 1, 2, 2, 3,
       2, 1, 2, 1, 0, 3, 1, 3, 3, 1, 3, 2, 2, 1, 3, 1, 2, 0, 0, 2, 1, 3,
       2, 0, 1, 3, 0, 1, 0, 2, 1, 3, 0, 0, 1, 3, 2, 0, 1, 0, 2, 1, 0, 2,
       3, 0, 0, 1, 2, 0, 2, 3, 3, 1, 3, 0, 1, 0, 2, 3, 0, 2, 3, 3, 3, 1,
       3, 3, 3, 0, 2, 0, 2, 2, 1, 1, 2, 2, 0, 2, 2, 3, 1, 0, 2, 2, 3, 3,
       1, 1, 2, 1, 0, 0, 2, 0, 2, 0, 2, 2, 1, 1, 0, 2, 2, 2, 3, 3, 2, 1,
       1, 3], dtype=object)]
[71, array([-40.2496, -20.2496, -20.    ,   0.    ]), array([1, 3, 2, 1, 3, 0, 0, 1, 0, 1, 0, 2, 2, 0, 0, 3, 2, 0, 2, 3, 0, 1,
       2, 2, 1, 1, 3, 2, 1, 0, 0, 2, 0, 0, 2, 2, 2, 2, 0, 2, 0, 1, 0, 0,
       2, 0, 1, 1, 2, 1, 3, 3, 2, 1, 2, 1, 3, 1, 3, 0, 3, 3, 0, 0, 2, 3,
       0, 1, 3, 0, 2, 0, 2, 1, 3, 0, 1, 3, 3, 3, 3, 1, 0, 0, 3, 1, 1, 3,
       1, 3, 3, 2, 1, 1, 2, 1, 3, 2, 3, 2, 1, 1, 0, 3, 1, 2, 1, 2, 0, 2,
       3, 3, 1, 2, 2, 1, 1, 0, 2, 3, 2, 0, 0, 1, 1, 0, 3, 1, 3, 2, 1, 0,
       3, 2, 0, 3, 2, 0, 1, 1, 1, 2, 2, 1, 1, 2, 2, 3, 3, 1, 0, 1, 3, 0,
       1, 1], dtype=object)]
[72, array([-15.3634,  -7.3634,  -8.    ,   0.    ]), array([2, 3, 2, 3, 1, 1, 0, 0, 1, 0, 3, 1, 0, 3, 2, 3, 0, 0, 2, 3, 0, 3,
       0, 3, 2, 0, 2, 2, 0, 3, 2, 2, 2, 0, 0, 2, 1, 3, 0, 3, 0, 1, 3, 3,
       1, 2, 3, 3, 0, 3, 3, 3, 1, 2, 1, 3, 0, 3, 0, 0, 3, 1, 0, 1, 1, 2,
       2, 0, 1, 0, 2, 2, 1, 0, 0, 3, 3, 0, 3, 2, 0, 1, 3, 1, 2, 1, 3, 3,
       2, 2, 3, 1, 1, 0, 2, 3, 0, 2, 0, 0, 3, 3, 2, 0, 1, 1, 2, 1, 3, 1,
       1, 0, 3, 3, 1, 1, 0, 1, 1, 2, 3, 0, 1, 2, 1, 2, 1, 3, 1, 2, 2, 0,
       3, 0, 0, 3, 0, 3, 2, 3, 2, 2, 3, 2, 1, 0, 0, 3, 3, 2, 2, 0, 0, 3,
       2, 1], dtype=object)]
[72, array([-28.8374, -14.8374, -14.    ,   0.    ]), array([1, 2, 2, 2, 0, 2, 2, 3, 1, 3, 1, 0, 1, 3, 0, 3, 3, 3, 3, 3, 2, 2,
       0, 1, 3, 3, 0, 0, 2, 2, 3, 1, 1, 2, 3, 1, 2, 3, 0, 1, 1, 2, 2, 3,
       2, 1, 2, 1, 0, 3, 1, 3, 3, 1, 3, 2, 2, 1, 3, 1, 2, 0, 0, 2, 1, 3,
       2, 0, 1, 3, 0, 1, 0, 2, 1, 3, 0, 0, 1, 3, 2, 0, 1, 0, 0, 1, 0, 2,
       3, 0, 1, 1, 2, 0, 2, 3, 3, 1, 3, 0, 1, 0, 2, 3, 0, 2, 3, 3, 0, 1,
       3, 3, 3, 0, 2, 0, 2, 2, 1, 1, 2, 2, 0, 2, 2, 3, 1, 0, 2, 2, 3, 3,
       1, 1, 2, 1, 0, 0, 2, 0, 2, 0, 2, 2, 1, 1, 1, 2, 2, 2, 3, 3, 2, 1,
       1, 3], dtype=object)]
[72, array([-39.636, -19.636, -20.   ,   0.   ]), array([1, 3, 2, 1, 3, 0, 0, 1, 0, 1, 1, 2, 2, 0, 0, 3, 2, 0, 2, 3, 0, 1,
       2, 2, 1, 1, 3, 2, 1, 0, 0, 2, 0, 0, 2, 2, 2, 2, 0, 2, 0, 1, 0, 0,
       2, 0, 1, 1, 2, 1, 3, 3, 2, 1, 2, 1, 3, 1, 3, 0, 3, 1, 0, 0, 2, 3,
       0, 2, 3, 0, 2, 3, 2, 1, 3, 0, 1, 3, 3, 3, 3, 1, 0, 0, 3, 1, 1, 3,
       1, 3, 3, 2, 1, 1, 2, 1, 3, 2, 3, 2, 1, 1, 0, 3, 1, 2, 1, 2, 0, 2,
       3, 3, 1, 2, 2, 1, 1, 1, 2, 3, 2, 0, 0, 1, 1, 0, 3, 1, 3, 2, 1, 0,
       3, 2, 0, 3, 2, 0, 1, 1, 1, 2, 2, 1, 1, 2, 2, 3, 3, 1, 0, 1, 3, 0,
       1, 1], dtype=object)]
[71, array([-20.7058, -10.7058, -10.    ,   0.    ]), array([3, 1, 0, 0, 1, 1, 1, 1, 1, 3, 2, 0, 2, 2, 1, 0, 2, 2, 3, 2, 2, 2,
       1, 0, 2, 3, 1, 0, 0, 1, 0, 2, 3, 1, 2, 2, 1, 2, 3, 1, 1, 1, 1, 1,
       3, 1, 0, 1, 0, 1, 0, 3, 3, 2, 1, 0, 0, 2, 3, 3, 1, 2, 3, 0, 2, 0,
       3, 3, 1, 1, 0, 3, 2, 2, 0, 2, 1, 3, 1, 0, 3, 0, 0, 2, 1, 1, 0, 0,
       2, 3, 2, 3, 3, 3, 1, 2, 1, 2, 3, 0, 0, 1, 3, 3, 2, 3, 1, 3, 2, 1,
       2, 3, 3, 0, 2, 0, 2, 3, 3, 3, 2, 1, 0, 1, 2, 3, 1, 2, 1, 3, 3, 1,
       3, 1, 1, 3, 2, 3, 2, 2, 1, 2, 0, 0, 1, 3, 2, 1, 2, 2, 2, 3, 2, 2,
       2, 3], dtype=object)]
[73, array([-19.7568,  -9.7568, -10.    ,   0.    ]), array([2, 3, 3, 3, 2, 3, 0, 0, 0, 0, 1, 3, 1, 3, 2, 0, 1, 0, 0, 0, 0, 3,
       0, 1, 1, 3, 2, 2, 2, 3, 2, 1, 2, 3, 3, 1, 2, 3, 3, 2, 0, 1, 3, 1,
       1, 2, 3, 3, 0, 2, 3, 3, 1, 2, 2, 2, 0, 2, 0, 0, 3, 1, 2, 2, 2, 2,
       3, 0, 2, 0, 2, 1, 1, 0, 1, 3, 3, 2, 1, 1, 1, 2, 0, 3, 2, 1, 3, 0,
       2, 2, 2, 0, 0, 0, 0, 2, 1, 0, 1, 1, 3, 3, 2, 0, 1, 3, 2, 3, 3, 3,
       0, 1, 0, 3, 1, 1, 0, 1, 1, 1, 2, 1, 1, 2, 2, 2, 1, 3, 2, 3, 2, 0,
       3, 0, 0, 2, 0, 3, 0, 3, 2, 2, 3, 2, 0, 0, 0, 1, 3, 2, 2, 2, 0, 3,
       1, 1], dtype=object)]
[73, array([-29.6302, -14.6302, -15.    ,   0.    ]), array([3, 2, 2, 2, 0, 2, 2, 3, 1, 3, 1, 0, 1, 3, 0, 3, 3, 3, 3, 3, 2, 2,
       0, 3, 3, 2, 1, 1, 2, 2, 2, 1, 0, 1, 2, 1, 2, 3, 0, 1, 0, 1, 2, 3,
       2, 1, 3, 1, 0, 3, 1, 3, 3, 1, 3, 2, 2, 1, 3, 1, 2, 0, 0, 2, 1, 3,
       2, 0, 1, 3, 0, 1, 0, 2, 1, 3, 3, 0, 1, 0, 3, 0, 3, 1, 1, 2, 2, 1,
       0, 0, 1, 2, 1, 2, 2, 1, 0, 2, 1, 3, 2, 2, 2, 3, 1, 3, 3, 0, 3, 3,
       2, 1, 3, 2, 2, 3, 2, 0, 3, 1, 2, 2, 0, 2, 0, 3, 1, 2, 3, 1, 3, 0,
       1, 1, 2, 1, 2, 0, 0, 2, 0, 3, 2, 0, 3, 3, 3, 2, 2, 2, 3, 3, 2, 1,
       2, 3], dtype=object)]
[73, array([-40.0142, -20.0142, -20.    ,   0.    ]), array([1, 3, 2, 1, 3, 0, 0, 1, 0, 1, 1, 2, 2, 0, 0, 3, 2, 0, 2, 3, 0, 1,
       2, 2, 1, 1, 3, 2, 1, 0, 0, 2, 0, 0, 2, 2, 2, 2, 0, 2, 0, 1, 0, 0,
       2, 0, 1, 1, 2, 1, 3, 3, 2, 1, 2, 1, 3, 1, 3, 0, 3, 1, 0, 0, 2, 3,
       0, 2, 3, 0, 2, 3, 2, 1, 3, 0, 1, 3, 3, 3, 3, 1, 0, 0, 3, 1, 1, 3,
       1, 3, 3, 2, 1, 1, 2, 1, 3, 2, 3, 2, 1, 1, 0, 3, 1, 2, 1, 2, 0, 2,
       3, 3, 1, 2, 2, 1, 1, 0, 2, 3, 2, 0, 0, 1, 1, 0, 3, 1, 3, 2, 1, 0,
       3, 2, 0, 3, 2, 0, 1, 1, 1, 2, 2, 1, 1, 2, 2, 3, 3, 1, 0, 1, 3, 0,
       1, 1], dtype=object)]
[72, array([-20.1496, -10.1496, -10.    ,   0.    ]), array([3, 1, 0, 0, 1, 1, 1, 1, 1, 3, 2, 0, 2, 2, 1, 0, 2, 2, 3, 2, 2, 2,
       1, 0, 2, 3, 1, 0, 0, 1, 1, 2, 3, 1, 2, 2, 1, 2, 3, 1, 1, 1, 1, 1,
       3, 1, 0, 1, 0, 1, 0, 3, 3, 2, 1, 0, 0, 2, 3, 3, 1, 0, 3, 0, 2, 0,
       3, 3, 1, 1, 0, 3, 2, 2, 0, 2, 1, 3, 1, 0, 3, 0, 0, 2, 1, 1, 0, 0,
       2, 3, 2, 3, 3, 3, 1, 2, 1, 2, 3, 0, 0, 1, 3, 3, 2, 3, 1, 3, 2, 1,
       2, 3, 3, 0, 2, 0, 2, 3, 3, 3, 2, 1, 0, 1, 2, 3, 1, 2, 1, 3, 3, 1,
       3, 1, 1, 3, 2, 3, 2, 2, 1, 2, 0, 0, 1, 3, 2, 1, 2, 2, 2, 3, 2, 2,
       2, 3], dtype=object)]
[74, array([-19.9268,  -9.9268, -10.    ,   0.    ]), array([2, 3, 3, 3, 2, 3, 0, 0, 0, 0, 1, 3, 1, 3, 2, 0, 1, 0, 0, 0, 0, 3,
       0, 1, 1, 3, 2, 2, 2, 3, 2, 1, 2, 3, 3, 2, 2, 3, 3, 2, 0, 1, 3, 1,
       1, 2, 3, 3, 0, 2, 3, 3, 1, 2, 2, 2, 0, 2, 0, 0, 3, 1, 2, 2, 2, 2,
       3, 0, 2, 0, 2, 1, 1, 0, 1, 3, 3, 2, 1, 1, 1, 2, 0, 3, 2, 1, 1, 0,
       2, 2, 2, 0, 0, 0, 0, 2, 1, 0, 1, 1, 3, 3, 2, 0, 1, 3, 2, 3, 3, 3,
       0, 1, 0, 3, 1, 1, 0, 1, 1, 1, 2, 1, 1, 2, 2, 2, 1, 3, 2, 3, 2, 0,
       3, 0, 0, 2, 0, 3, 0, 3, 2, 2, 3, 2, 0, 0, 0, 1, 3, 2, 2, 2, 0, 3,
       1, 1], dtype=object)]
[74, array([-29.6288, -14.6288, -15.    ,   0.    ]), array([3, 2, 2, 2, 0, 2, 2, 3, 1, 3, 1, 0, 1, 3, 0, 3, 3, 3, 3, 3, 2, 2,
       0, 3, 3, 2, 1, 1, 2, 2, 2, 1, 0, 1, 2, 1, 2, 3, 0, 1, 0, 1, 2, 3,
       2, 1, 3, 1, 0, 3, 1, 3, 3, 1, 3, 2, 2, 1, 3, 1, 2, 0, 0, 2, 1, 3,
       2, 0, 1, 1, 0, 1, 0, 2, 1, 3, 3, 0, 1, 0, 3, 0, 3, 1, 1, 2, 2, 1,
       0, 0, 1, 2, 1, 2, 2, 1, 0, 2, 1, 3, 2, 2, 2, 3, 1, 3, 3, 0, 3, 3,
       2, 1, 3, 2, 2, 3, 2, 0, 3, 1, 2, 2, 0, 2, 0, 3, 1, 2, 3, 1, 3, 0,
       1, 1, 2, 1, 2, 0, 0, 2, 0, 3, 2, 0, 1, 1, 1, 2, 2, 2, 3, 3, 2, 1,
       1, 1], dtype=object)]
[74, array([-39.5922, -19.5922, -20.    ,   0.    ]), array([1, 3, 2, 1, 3, 0, 0, 1, 0, 1, 1, 2, 2, 0, 0, 3, 2, 0, 2, 3, 0, 1,
       2, 2, 1, 1, 3, 2, 1, 0, 0, 2, 1, 0, 2, 2, 3, 2, 0, 2, 0, 1, 0, 0,
       2, 0, 1, 1, 2, 1, 3, 3, 2, 1, 2, 1, 3, 1, 3, 0, 3, 3, 0, 0, 2, 3,
       0, 2, 3, 0, 2, 0, 2, 1, 3, 0, 1, 3, 3, 3, 3, 1, 0, 0, 3, 1, 1, 3,
       1, 3, 3, 2, 1, 1, 2, 1, 3, 2, 3, 2, 1, 1, 0, 3, 1, 2, 1, 2, 1, 2,
       3, 3, 1, 2, 2, 1, 1, 0, 2, 3, 2, 0, 0, 1, 1, 0, 3, 1, 3, 2, 1, 0,
       3, 2, 0, 3, 2, 0, 1, 1, 1, 2, 2, 1, 1, 2, 2, 3, 3, 1, 0, 1, 3, 0,
       1, 1], dtype=object)]
[73, array([-19.7724,  -9.7724, -10.    ,   0.    ]), array([3, 1, 0, 0, 1, 1, 1, 1, 1, 3, 2, 0, 2, 2, 1, 0, 2, 2, 3, 2, 2, 2,
       1, 0, 2, 3, 1, 0, 0, 1, 0, 2, 3, 1, 2, 2, 1, 2, 3, 1, 1, 1, 1, 1,
       3, 1, 0, 1, 0, 1, 0, 3, 3, 2, 1, 0, 0, 2, 3, 3, 1, 2, 3, 0, 2, 0,
       3, 3, 1, 1, 0, 3, 2, 2, 0, 2, 1, 3, 1, 0, 3, 0, 0, 2, 1, 1, 0, 0,
       2, 3, 2, 3, 3, 3, 1, 2, 1, 2, 3, 0, 0, 1, 3, 3, 2, 3, 1, 3, 2, 1,
       2, 3, 3, 0, 2, 0, 2, 3, 3, 3, 2, 1, 0, 1, 2, 3, 1, 2, 1, 3, 3, 1,
       3, 1, 1, 3, 2, 3, 2, 2, 1, 2, 0, 0, 1, 3, 2, 1, 2, 2, 2, 3, 2, 2,
       2, 3], dtype=object)]
[75, array([-20.3026, -10.3026, -10.    ,   0.    ]), array([2, 3, 3, 3, 2, 3, 0, 0, 0, 0, 1, 3, 1, 3, 2, 0, 1, 0, 0, 0, 0, 3,
       0, 1, 1, 3, 2, 2, 2, 3, 2, 1, 2, 3, 3, 2, 2, 3, 3, 2, 0, 1, 3, 1,
       1, 2, 3, 3, 0, 2, 3, 3, 1, 2, 2, 2, 0, 2, 0, 0, 3, 1, 2, 2, 2, 2,
       3, 0, 2, 0, 2, 1, 1, 0, 1, 3, 3, 2, 1, 1, 1, 2, 0, 3, 2, 1, 1, 0,
       2, 2, 2, 1, 0, 0, 0, 2, 1, 3, 1, 1, 3, 3, 2, 0, 1, 3, 2, 3, 3, 3,
       0, 1, 0, 3, 1, 1, 0, 1, 1, 1, 2, 1, 1, 2, 2, 2, 1, 3, 2, 3, 2, 0,
       3, 0, 0, 2, 0, 3, 0, 3, 2, 2, 3, 2, 0, 0, 2, 1, 3, 2, 2, 2, 0, 3,
       1, 1], dtype=object)]
[75, array([-29.4172, -15.4172, -14.    ,   0.    ]), array([3, 3, 2, 2, 0, 2, 2, 3, 1, 3, 1, 0, 1, 3, 0, 3, 3, 3, 3, 3, 2, 2,
       0, 1, 3, 3, 0, 0, 2, 2, 2, 1, 1, 2, 3, 1, 2, 3, 2, 0, 1, 2, 2, 2,
       2, 1, 3, 1, 0, 3, 1, 3, 3, 1, 3, 2, 2, 1, 3, 0, 2, 0, 0, 2, 1, 3,
       2, 0, 1, 3, 0, 1, 0, 2, 1, 3, 3, 0, 1, 3, 2, 0, 1, 0, 0, 1, 0, 2,
       3, 0, 1, 1, 2, 0, 2, 3, 3, 1, 3, 2, 1, 0, 2, 3, 0, 2, 0, 3, 3, 1,
       3, 3, 3, 0, 2, 0, 2, 2, 1, 0, 2, 2, 0, 2, 2, 3, 1, 0, 2, 2, 3, 3,
       1, 1, 2, 1, 0, 0, 2, 0, 2, 0, 2, 2, 1, 1, 0, 2, 2, 2, 3, 3, 2, 1,
       1, 3], dtype=object)]
[75, array([-40.0538, -20.0538, -20.    ,   0.    ]), array([1, 3, 2, 1, 3, 0, 0, 1, 0, 1, 1, 2, 2, 0, 0, 3, 2, 0, 2, 3, 0, 1,
       2, 2, 1, 1, 3, 2, 1, 0, 0, 2, 0, 0, 2, 2, 2, 2, 0, 2, 0, 1, 0, 0,
       2, 0, 1, 1, 2, 1, 3, 3, 2, 1, 2, 1, 3, 1, 3, 0, 3, 3, 0, 0, 2, 3,
       0, 2, 3, 0, 2, 3, 2, 1, 3, 0, 1, 3, 3, 3, 3, 1, 0, 0, 3, 1, 1, 3,
       1, 3, 3, 2, 1, 1, 2, 1, 3, 2, 3, 2, 1, 1, 0, 3, 1, 2, 1, 2, 0, 2,
       3, 1, 1, 2, 2, 1, 1, 0, 2, 3, 2, 0, 0, 1, 1, 0, 3, 1, 3, 2, 1, 0,
       3, 2, 0, 3, 2, 0, 1, 1, 1, 2, 2, 1, 1, 2, 2, 3, 3, 1, 0, 1, 3, 0,
       1, 1], dtype=object)]
[74, array([-2.9796, -0.9796, -2.    ,  0.    ]), array([3, 0, 3, 2, 3, 1, 0, 1, 1, 0, 0, 1, 3, 3, 0, 1, 3, 1, 3, 0, 2, 2,
       0, 3, 0, 3, 0, 1, 2, 2, 0, 2, 3, 1, 1, 2, 1, 2, 1, 1, 1, 0, 0, 0,
       2, 1, 2, 2, 2, 1, 3, 3, 3, 2, 2, 0, 0, 2, 3, 3, 1, 2, 3, 3, 0, 3,
       3, 3, 1, 1, 0, 3, 2, 2, 0, 0, 1, 3, 3, 0, 3, 0, 0, 2, 1, 1, 1, 2,
       2, 3, 2, 3, 3, 3, 1, 2, 2, 1, 1, 0, 2, 2, 3, 0, 2, 0, 2, 3, 0, 1,
       1, 1, 3, 3, 3, 0, 0, 0, 1, 1, 2, 2, 1, 1, 3, 3, 0, 2, 0, 3, 0, 1,
       1, 0, 1, 2, 2, 0, 2, 2, 2, 2, 1, 0, 1, 2, 1, 2, 2, 3, 2, 3, 2, 0,
       2, 2], dtype=object)]
[76, array([-19.8888,  -9.8888, -10.    ,   0.    ]), array([2, 1, 3, 3, 2, 1, 0, 0, 0, 1, 1, 2, 0, 3, 2, 0, 1, 0, 0, 0, 0, 3,
       0, 1, 1, 3, 0, 2, 2, 3, 3, 1, 2, 3, 3, 1, 2, 3, 2, 2, 0, 1, 3, 1,
       1, 2, 3, 3, 0, 2, 3, 3, 1, 2, 2, 2, 0, 2, 0, 0, 3, 1, 2, 2, 2, 2,
       3, 0, 2, 0, 2, 1, 1, 1, 1, 3, 3, 2, 1, 1, 1, 2, 0, 3, 2, 1, 3, 2,
       2, 2, 2, 0, 0, 0, 0, 2, 1, 1, 1, 1, 2, 3, 2, 0, 1, 3, 2, 3, 3, 3,
       0, 1, 0, 3, 1, 1, 0, 1, 1, 1, 2, 1, 1, 2, 2, 2, 1, 3, 2, 3, 2, 0,
       3, 0, 0, 2, 0, 3, 0, 3, 2, 2, 3, 2, 0, 0, 0, 1, 3, 2, 2, 2, 0, 3,
       1, 1], dtype=object)]
[76, array([-39.4874, -19.4874, -20.    ,   0.    ]), array([1, 3, 2, 1, 3, 0, 0, 1, 0, 1, 1, 2, 2, 0, 0, 3, 2, 0, 2, 3, 0, 1,
       2, 2, 1, 1, 3, 2, 1, 0, 0, 2, 0, 0, 2, 2, 2, 2, 0, 2, 0, 1, 0, 0,
       2, 0, 1, 1, 2, 1, 3, 2, 2, 1, 2, 1, 3, 1, 3, 0, 3, 3, 0, 0, 2, 3,
       0, 2, 3, 0, 2, 3, 2, 1, 3, 0, 1, 3, 3, 3, 3, 1, 0, 0, 3, 1, 1, 3,
       1, 3, 3, 2, 1, 1, 2, 1, 3, 2, 3, 2, 1, 1, 0, 3, 1, 2, 1, 2, 0, 2,
       3, 1, 1, 2, 2, 1, 1, 0, 2, 3, 2, 0, 0, 1, 1, 0, 3, 1, 3, 2, 1, 0,
       3, 2, 0, 3, 2, 0, 1, 1, 1, 2, 2, 1, 1, 2, 2, 3, 3, 1, 0, 1, 3, 0,
       1, 1], dtype=object)]
[76, array([-36.605, -17.605, -19.   ,   0.   ]), array([3, 2, 2, 2, 0, 2, 2, 3, 1, 3, 1, 0, 1, 3, 0, 3, 3, 3, 3, 3, 2, 3,
       0, 1, 3, 3, 0, 0, 2, 2, 2, 1, 1, 2, 3, 1, 2, 3, 2, 1, 1, 2, 2, 3,
       2, 1, 3, 1, 0, 3, 1, 3, 3, 1, 3, 2, 2, 1, 3, 1, 2, 0, 0, 2, 1, 3,
       2, 0, 1, 3, 0, 1, 0, 2, 1, 3, 0, 0, 1, 3, 2, 0, 1, 0, 0, 1, 0, 2,
       3, 0, 1, 1, 2, 0, 2, 3, 3, 1, 3, 2, 1, 0, 2, 3, 0, 2, 0, 3, 3, 1,
       3, 3, 3, 0, 1, 0, 2, 2, 1, 1, 2, 2, 0, 2, 2, 3, 1, 0, 2, 2, 3, 3,
       1, 1, 2, 1, 0, 0, 2, 0, 2, 0, 2, 0, 1, 1, 1, 2, 3, 2, 3, 3, 2, 1,
       1, 3], dtype=object)]
[75, array([-19.6204,  -9.6204, -10.    ,   0.    ]), array([3, 1, 0, 0, 1, 1, 1, 1, 1, 3, 2, 0, 2, 2, 1, 0, 2, 2, 3, 2, 2, 2,
       1, 0, 2, 3, 1, 0, 0, 1, 0, 2, 3, 1, 2, 2, 1, 2, 3, 1, 1, 1, 1, 1,
       3, 1, 0, 1, 0, 1, 0, 3, 3, 2, 1, 0, 0, 2, 3, 3, 1, 2, 3, 0, 2, 0,
       3, 3, 1, 1, 0, 3, 2, 2, 0, 2, 1, 3, 1, 0, 3, 0, 0, 2, 1, 1, 0, 0,
       2, 3, 2, 3, 3, 3, 1, 2, 1, 2, 3, 0, 0, 1, 3, 3, 2, 3, 1, 3, 2, 1,
       2, 3, 3, 0, 2, 0, 2, 3, 3, 3, 2, 1, 0, 1, 2, 3, 1, 2, 1, 3, 3, 1,
       3, 1, 1, 3, 2, 3, 2, 2, 1, 2, 0, 0, 1, 3, 2, 1, 2, 2, 2, 3, 2, 2,
       2, 3], dtype=object)]
[77, array([-20.2018, -10.2018, -10.    ,   0.    ]), array([2, 3, 2, 3, 0, 2, 2, 2, 3, 1, 0, 0, 1, 3, 2, 3, 0, 3, 2, 0, 2, 3,
       0, 1, 2, 3, 2, 2, 1, 3, 1, 1, 2, 3, 0, 0, 2, 0, 3, 2, 0, 1, 3, 1,
       1, 2, 3, 3, 0, 2, 3, 3, 1, 2, 2, 2, 0, 2, 0, 0, 3, 1, 2, 2, 2, 2,
       3, 0, 2, 0, 2, 1, 1, 0, 1, 3, 3, 2, 1, 1, 1, 2, 0, 3, 2, 1, 1, 0,
       2, 2, 2, 1, 0, 0, 0, 2, 1, 3, 1, 1, 3, 3, 2, 0, 1, 3, 2, 3, 3, 3,
       0, 1, 0, 3, 1, 1, 0, 1, 1, 1, 2, 1, 1, 2, 2, 2, 1, 3, 2, 3, 2, 0,
       3, 0, 0, 2, 0, 3, 0, 3, 2, 2, 3, 2, 0, 0, 2, 1, 3, 2, 2, 2, 0, 3,
       1, 1], dtype=object)]
[77, array([-29.2382, -15.2382, -14.    ,   0.    ]), array([3, 2, 2, 2, 0, 2, 2, 3, 1, 3, 1, 0, 1, 3, 0, 3, 3, 3, 3, 3, 2, 2,
       3, 1, 3, 3, 0, 0, 2, 2, 3, 1, 1, 2, 3, 1, 2, 3, 0, 1, 1, 2, 1, 2,
       2, 1, 3, 1, 0, 0, 1, 3, 3, 1, 3, 2, 2, 1, 3, 1, 2, 0, 0, 2, 1, 3,
       2, 0, 1, 3, 0, 0, 0, 2, 1, 3, 3, 0, 1, 3, 2, 0, 1, 0, 0, 1, 0, 2,
       3, 0, 1, 1, 2, 0, 2, 2, 3, 1, 3, 2, 1, 0, 2, 3, 0, 2, 0, 3, 1, 1,
       3, 3, 3, 0, 2, 0, 2, 2, 1, 1, 2, 2, 0, 2, 2, 3, 1, 0, 2, 2, 3, 3,
       1, 1, 2, 1, 1, 0, 2, 0, 2, 0, 2, 0, 1, 1, 1, 2, 2, 2, 3, 3, 2, 1,
       1, 3], dtype=object)]
[77, array([-39.517, -19.517, -20.   ,   0.   ]), array([1, 3, 2, 1, 3, 0, 0, 1, 0, 1, 1, 2, 2, 0, 0, 3, 2, 0, 2, 3, 0, 1,
       2, 2, 1, 1, 3, 2, 1, 0, 0, 2, 0, 0, 2, 2, 2, 2, 0, 2, 0, 1, 0, 0,
       2, 0, 1, 1, 2, 1, 2, 3, 2, 0, 2, 1, 3, 1, 2, 0, 3, 3, 0, 0, 2, 3,
       0, 2, 3, 0, 2, 0, 2, 1, 3, 0, 1, 3, 3, 3, 3, 1, 0, 0, 3, 1, 1, 3,
       1, 3, 3, 2, 1, 1, 2, 1, 3, 2, 3, 2, 1, 1, 0, 3, 1, 2, 1, 2, 0, 2,
       3, 3, 1, 2, 2, 1, 1, 1, 2, 3, 2, 0, 0, 1, 1, 0, 3, 1, 3, 2, 1, 0,
       3, 2, 0, 3, 2, 0, 1, 1, 1, 2, 2, 1, 1, 2, 0, 3, 3, 1, 0, 1, 3, 0,
       1, 1], dtype=object)]
[76, array([-19.8474,  -9.8474, -10.    ,   0.    ]), array([3, 1, 0, 0, 1, 1, 1, 1, 1, 3, 2, 0, 2, 2, 1, 0, 2, 2, 3, 2, 2, 2,
       1, 0, 2, 3, 1, 0, 0, 1, 0, 2, 3, 1, 2, 2, 1, 2, 3, 1, 1, 1, 1, 1,
       3, 1, 0, 1, 0, 1, 0, 3, 3, 2, 1, 0, 0, 2, 3, 3, 1, 2, 3, 0, 2, 0,
       3, 3, 1, 1, 0, 1, 2, 2, 0, 2, 1, 3, 1, 0, 3, 0, 0, 2, 1, 1, 0, 0,
       2, 3, 2, 3, 3, 3, 1, 2, 1, 2, 3, 0, 0, 1, 3, 3, 2, 3, 1, 3, 2, 1,
       2, 3, 3, 0, 2, 0, 2, 3, 3, 3, 2, 1, 0, 1, 2, 3, 1, 2, 1, 3, 3, 1,
       3, 1, 1, 3, 2, 3, 2, 2, 1, 2, 0, 0, 1, 3, 2, 1, 2, 2, 2, 3, 2, 2,
       2, 3], dtype=object)]
[78, array([-19.959,  -9.959, -10.   ,   0.   ]), array([2, 3, 3, 3, 2, 3, 0, 0, 0, 0, 1, 3, 1, 3, 2, 0, 1, 0, 0, 0, 0, 3,
       0, 1, 1, 3, 2, 2, 2, 3, 2, 1, 2, 3, 3, 2, 2, 3, 3, 2, 0, 1, 3, 1,
       1, 2, 2, 3, 0, 2, 3, 3, 1, 2, 2, 2, 0, 2, 0, 0, 3, 1, 2, 2, 2, 2,
       3, 0, 2, 0, 2, 1, 1, 0, 1, 3, 3, 2, 1, 1, 1, 2, 0, 3, 2, 1, 1, 0,
       2, 2, 2, 1, 0, 0, 0, 2, 1, 3, 1, 1, 3, 3, 2, 0, 1, 3, 2, 3, 3, 3,
       0, 1, 0, 3, 1, 1, 0, 1, 1, 1, 2, 1, 1, 2, 2, 2, 1, 3, 2, 3, 2, 0,
       3, 0, 0, 2, 0, 3, 0, 3, 2, 2, 3, 2, 0, 0, 0, 1, 3, 2, 2, 2, 0, 3,
       1, 1], dtype=object)]
[78, array([-28.8978, -14.8978, -14.    ,   0.    ]), array([3, 2, 2, 2, 0, 2, 2, 3, 1, 3, 0, 0, 1, 1, 0, 3, 3, 3, 3, 3, 2, 2,
       0, 1, 3, 1, 0, 0, 2, 2, 3, 2, 1, 2, 3, 1, 2, 3, 2, 0, 1, 2, 2, 2,
       2, 1, 3, 1, 0, 3, 1, 3, 3, 1, 3, 2, 2, 1, 3, 1, 2, 0, 0, 2, 1, 3,
       2, 0, 1, 3, 0, 1, 0, 2, 1, 3, 0, 0, 1, 3, 2, 0, 1, 0, 0, 1, 0, 2,
       3, 0, 1, 1, 2, 0, 2, 3, 3, 1, 3, 0, 1, 0, 2, 3, 0, 2, 0, 3, 3, 1,
       3, 0, 3, 0, 2, 0, 2, 2, 1, 1, 2, 2, 0, 2, 2, 3, 1, 0, 2, 2, 3, 3,
       1, 1, 2, 1, 0, 0, 2, 0, 2, 0, 2, 2, 1, 1, 0, 2, 2, 2, 3, 3, 2, 1,
       1, 3], dtype=object)]
[78, array([-19.8982,  -9.8982, -10.    ,   0.    ]), array([1, 3, 2, 1, 3, 0, 0, 1, 0, 1, 1, 2, 2, 0, 0, 3, 2, 0, 2, 3, 0, 1,
       2, 2, 1, 1, 3, 2, 1, 0, 0, 2, 0, 0, 2, 2, 2, 2, 0, 2, 0, 1, 0, 0,
       2, 0, 1, 1, 2, 1, 3, 3, 2, 1, 2, 1, 3, 1, 3, 0, 3, 3, 1, 0, 2, 3,
       0, 3, 0, 0, 2, 0, 2, 1, 3, 0, 1, 3, 3, 3, 3, 1, 0, 0, 3, 1, 1, 3,
       1, 3, 3, 2, 1, 1, 2, 1, 3, 2, 3, 2, 1, 1, 0, 3, 1, 2, 1, 2, 3, 2,
       3, 3, 1, 2, 2, 1, 1, 0, 2, 3, 2, 1, 0, 1, 1, 0, 3, 1, 3, 2, 1, 0,
       3, 2, 0, 3, 2, 0, 1, 1, 1, 2, 2, 1, 1, 2, 2, 3, 3, 1, 0, 1, 3, 0,
       1, 1], dtype=object)]
[77, array([-13.1682,  -6.1682,  -7.    ,   0.    ]), array([2, 2, 2, 3, 1, 1, 1, 0, 1, 2, 2, 2, 1, 2, 1, 3, 2, 2, 3, 2, 0, 2,
       1, 2, 0, 3, 0, 0, 1, 0, 3, 2, 3, 1, 2, 0, 0, 3, 3, 0, 3, 0, 1, 2,
       1, 2, 0, 2, 2, 1, 3, 1, 1, 2, 1, 0, 3, 2, 2, 3, 1, 1, 0, 0, 2, 0,
       1, 1, 0, 2, 2, 0, 1, 2, 0, 1, 2, 3, 3, 2, 3, 0, 1, 2, 1, 2, 0, 3,
       0, 1, 2, 1, 3, 3, 0, 0, 3, 0, 3, 0, 3, 0, 1, 3, 1, 3, 1, 3, 3, 1,
       1, 0, 3, 0, 2, 0, 2, 2, 3, 3, 2, 1, 0, 1, 1, 2, 2, 2, 2, 3, 3, 1,
       3, 1, 1, 3, 2, 3, 2, 2, 1, 2, 0, 0, 0, 3, 0, 1, 2, 0, 2, 1, 1, 2,
       2, 3], dtype=object)]
[79, array([-20.1626, -10.1626, -10.    ,   0.    ]), array([2, 3, 3, 3, 2, 3, 0, 0, 0, 0, 1, 3, 1, 3, 2, 0, 1, 0, 0, 0, 0, 3,
       0, 1, 1, 3, 2, 2, 2, 3, 2, 1, 2, 3, 3, 2, 2, 3, 3, 2, 0, 1, 3, 1,
       1, 2, 3, 3, 0, 2, 3, 3, 1, 2, 2, 2, 0, 2, 0, 0, 3, 1, 2, 2, 2, 2,
       3, 0, 2, 0, 2, 1, 1, 0, 1, 3, 3, 2, 1, 1, 1, 2, 0, 3, 2, 1, 3, 0,
       2, 2, 2, 0, 0, 0, 0, 2, 1, 0, 1, 1, 3, 3, 2, 0, 1, 3, 2, 3, 3, 3,
       0, 1, 0, 3, 1, 1, 0, 1, 1, 1, 2, 1, 1, 2, 2, 2, 1, 3, 2, 3, 2, 0,
       3, 0, 0, 2, 0, 3, 0, 3, 2, 2, 3, 2, 0, 0, 0, 1, 3, 2, 2, 2, 0, 3,
       1, 1], dtype=object)]
[79, array([-43.9218, -21.9218, -22.    ,   0.    ]), array([3, 2, 2, 2, 0, 2, 2, 3, 1, 3, 1, 0, 1, 3, 0, 3, 3, 3, 3, 3, 2, 2,
       3, 1, 3, 3, 0, 0, 2, 2, 3, 1, 1, 2, 3, 1, 2, 3, 0, 1, 1, 2, 1, 2,
       2, 1, 3, 1, 0, 0, 1, 3, 3, 1, 3, 2, 2, 1, 3, 1, 2, 0, 0, 2, 1, 3,
       2, 0, 1, 3, 0, 0, 0, 2, 1, 3, 3, 0, 2, 3, 2, 0, 1, 0, 0, 1, 0, 2,
       3, 0, 1, 1, 2, 0, 2, 2, 3, 1, 3, 2, 1, 0, 2, 3, 0, 2, 0, 3, 0, 1,
       3, 3, 3, 0, 1, 0, 2, 2, 1, 1, 2, 2, 0, 2, 0, 3, 1, 0, 2, 2, 3, 3,
       1, 1, 2, 1, 0, 0, 2, 0, 2, 0, 2, 0, 1, 1, 1, 2, 2, 2, 3, 3, 2, 1,
       1, 3], dtype=object)]
[79, array([-19.7622,  -9.7622, -10.    ,   0.    ]), array([1, 2, 2, 3, 1, 0, 0, 1, 3, 1, 1, 2, 2, 0, 0, 3, 2, 0, 2, 3, 0, 1,
       2, 2, 1, 1, 3, 2, 1, 0, 0, 2, 0, 0, 0, 2, 0, 3, 0, 2, 3, 1, 2, 0,
       2, 2, 1, 1, 2, 0, 3, 3, 2, 1, 2, 1, 3, 1, 3, 0, 3, 3, 1, 0, 2, 3,
       0, 3, 0, 0, 2, 0, 2, 1, 3, 0, 1, 3, 3, 3, 3, 1, 0, 0, 3, 1, 1, 3,
       1, 3, 3, 2, 1, 1, 2, 1, 3, 2, 3, 2, 1, 1, 0, 3, 1, 2, 1, 2, 3, 2,
       3, 3, 1, 2, 2, 1, 1, 0, 2, 3, 2, 1, 0, 1, 1, 0, 3, 1, 3, 2, 1, 0,
       3, 2, 0, 3, 2, 0, 1, 1, 1, 2, 2, 1, 1, 2, 2, 3, 3, 1, 0, 1, 3, 0,
       1, 1], dtype=object)]
[78, array([-1.5848, -1.5848,  0.    ,  0.    ]), array([2, 1, 0, 0, 1, 1, 1, 1, 3, 3, 0, 0, 1, 3, 1, 2, 2, 3, 2, 0, 3, 3,
       1, 3, 3, 3, 1, 3, 1, 1, 1, 1, 3, 2, 3, 2, 0, 1, 2, 2, 3, 1, 1, 2,
       0, 1, 1, 1, 3, 0, 3, 0, 3, 2, 0, 0, 0, 1, 0, 2, 0, 0, 3, 0, 2, 0,
       2, 0, 3, 3, 3, 3, 2, 0, 3, 2, 1, 1, 3, 2, 1, 1, 2, 3, 2, 1, 2, 3,
       2, 1, 2, 3, 3, 3, 1, 2, 1, 0, 3, 0, 0, 2, 3, 3, 1, 3, 2, 3, 2, 3,
       2, 2, 3, 0, 0, 0, 2, 3, 3, 3, 3, 2, 0, 1, 3, 3, 1, 1, 3, 1, 1, 3,
       3, 0, 3, 1, 3, 0, 2, 2, 1, 2, 0, 0, 1, 3, 2, 1, 2, 2, 2, 0, 2, 3,
       2, 0], dtype=object)]
[80, array([-19.2298,  -9.2298, -10.    ,   0.    ]), array([2, 3, 3, 3, 2, 3, 0, 0, 0, 2, 1, 3, 1, 3, 2, 0, 1, 0, 0, 0, 0, 3,
       0, 1, 1, 3, 2, 2, 2, 3, 2, 1, 2, 3, 3, 2, 2, 3, 3, 2, 0, 1, 3, 1,
       1, 2, 3, 3, 0, 2, 3, 3, 1, 2, 2, 2, 0, 2, 0, 0, 3, 1, 2, 2, 2, 2,
       3, 0, 2, 0, 2, 1, 2, 0, 1, 3, 3, 2, 1, 1, 1, 2, 0, 3, 2, 1, 3, 0,
       2, 2, 2, 0, 0, 0, 0, 2, 1, 0, 1, 1, 3, 3, 2, 0, 1, 3, 2, 3, 3, 3,
       0, 1, 0, 3, 1, 1, 0, 1, 1, 1, 2, 1, 1, 2, 2, 2, 1, 3, 2, 3, 2, 0,
       3, 0, 0, 2, 0, 3, 0, 3, 2, 2, 3, 2, 0, 0, 0, 1, 3, 2, 2, 2, 0, 3,
       1, 1], dtype=object)]
[80, array([-43.4576, -21.4576, -22.    ,   0.    ]), array([3, 2, 2, 2, 3, 2, 2, 3, 1, 3, 1, 0, 1, 3, 0, 3, 3, 3, 3, 3, 2, 2,
       3, 1, 3, 3, 0, 0, 2, 2, 3, 1, 1, 2, 3, 1, 2, 3, 0, 1, 1, 2, 1, 2,
       2, 1, 3, 1, 0, 0, 1, 3, 3, 1, 3, 2, 2, 1, 3, 1, 2, 0, 0, 2, 1, 3,
       2, 0, 1, 3, 0, 0, 0, 2, 1, 3, 3, 0, 2, 3, 2, 0, 1, 0, 0, 1, 0, 2,
       3, 0, 1, 1, 2, 0, 2, 2, 3, 1, 3, 2, 1, 0, 2, 3, 0, 2, 0, 3, 0, 1,
       3, 3, 3, 0, 1, 0, 2, 2, 1, 1, 2, 2, 0, 2, 0, 3, 1, 0, 2, 2, 3, 3,
       1, 1, 2, 1, 0, 0, 2, 0, 2, 0, 2, 0, 1, 1, 1, 2, 2, 2, 3, 3, 2, 1,
       1, 3], dtype=object)]
[80, array([-19.5998,  -9.5998, -10.    ,   0.    ]), array([1, 3, 2, 1, 3, 0, 0, 1, 0, 1, 1, 2, 2, 0, 0, 3, 2, 0, 2, 3, 0, 1,
       2, 2, 1, 1, 3, 2, 1, 0, 0, 2, 0, 0, 2, 2, 2, 2, 0, 2, 0, 1, 0, 0,
       2, 0, 1, 1, 2, 1, 3, 3, 2, 1, 2, 1, 3, 1, 3, 0, 3, 3, 1, 0, 2, 3,
       0, 3, 0, 0, 2, 0, 2, 1, 3, 0, 1, 3, 3, 3, 3, 1, 0, 0, 3, 1, 1, 3,
       1, 3, 3, 2, 1, 1, 2, 1, 3, 2, 1, 2, 1, 1, 0, 3, 1, 2, 1, 2, 3, 2,
       3, 3, 1, 2, 2, 1, 1, 0, 2, 3, 2, 1, 0, 1, 1, 0, 3, 1, 3, 2, 1, 0,
       3, 2, 0, 3, 2, 0, 1, 1, 1, 2, 2, 1, 1, 2, 2, 3, 3, 1, 0, 1, 3, 0,
       1, 1], dtype=object)]
[79, array([-19.9646,  -9.9646, -10.    ,   0.    ]), array([3, 1, 0, 0, 1, 1, 1, 1, 1, 3, 2, 0, 2, 2, 1, 0, 2, 2, 3, 2, 2, 2,
       1, 0, 2, 3, 1, 0, 0, 1, 0, 2, 3, 1, 2, 2, 1, 2, 3, 1, 1, 1, 1, 1,
       3, 1, 0, 1, 0, 1, 0, 3, 3, 2, 1, 0, 0, 2, 3, 3, 1, 2, 3, 0, 2, 0,
       3, 3, 1, 1, 0, 3, 2, 2, 0, 2, 1, 3, 1, 0, 3, 0, 0, 2, 1, 1, 0, 0,
       2, 3, 2, 3, 3, 3, 1, 2, 1, 2, 3, 0, 0, 1, 3, 3, 2, 3, 1, 3, 2, 1,
       2, 3, 3, 0, 2, 0, 2, 3, 3, 3, 2, 1, 0, 1, 2, 3, 1, 2, 1, 3, 3, 1,
       3, 1, 1, 3, 2, 3, 2, 2, 1, 2, 0, 0, 1, 3, 2, 1, 2, 3, 2, 3, 2, 3,
       3, 3], dtype=object)]
[81, array([-19.483,  -9.483, -10.   ,   0.   ]), array([2, 3, 3, 3, 2, 3, 0, 0, 0, 0, 1, 3, 1, 3, 2, 0, 1, 0, 0, 0, 0, 3,
       0, 1, 1, 3, 2, 2, 2, 3, 2, 1, 2, 3, 3, 2, 2, 3, 3, 2, 0, 1, 3, 1,
       1, 2, 3, 3, 0, 2, 3, 3, 1, 2, 2, 2, 0, 2, 0, 0, 3, 1, 2, 2, 2, 2,
       3, 0, 2, 0, 2, 1, 1, 0, 1, 3, 3, 2, 1, 1, 1, 2, 0, 3, 2, 1, 3, 0,
       2, 2, 2, 0, 0, 0, 0, 2, 1, 0, 1, 1, 3, 3, 2, 0, 1, 3, 2, 3, 3, 3,
       0, 1, 0, 3, 1, 1, 0, 1, 1, 1, 2, 1, 1, 2, 2, 2, 1, 3, 2, 3, 2, 0,
       3, 0, 0, 2, 0, 3, 0, 3, 2, 2, 3, 2, 0, 0, 0, 1, 3, 2, 2, 2, 0, 3,
       1, 1], dtype=object)]
[81, array([-39.9918, -19.9918, -20.    ,   0.    ]), array([1, 3, 2, 1, 3, 0, 0, 1, 0, 1, 1, 2, 2, 0, 0, 3, 2, 0, 2, 3, 0, 1,
       2, 2, 1, 1, 3, 2, 1, 0, 0, 2, 0, 0, 2, 2, 2, 2, 0, 2, 0, 1, 0, 0,
       2, 0, 1, 1, 2, 1, 3, 3, 2, 1, 2, 1, 3, 1, 3, 0, 3, 1, 0, 0, 2, 3,
       0, 2, 3, 0, 2, 3, 2, 1, 3, 0, 1, 3, 3, 3, 3, 1, 0, 0, 3, 1, 1, 3,
       1, 3, 3, 2, 1, 1, 2, 1, 3, 2, 3, 2, 1, 1, 0, 3, 1, 2, 1, 2, 0, 2,
       3, 3, 1, 2, 2, 1, 1, 1, 2, 3, 2, 0, 0, 1, 1, 0, 3, 1, 3, 2, 1, 0,
       3, 2, 0, 3, 2, 0, 1, 1, 1, 2, 2, 1, 1, 2, 2, 3, 3, 1, 0, 1, 3, 0,
       1, 1], dtype=object)]
[81, array([-41.2406, -20.2406, -21.    ,   0.    ]), array([3, 2, 2, 2, 0, 1, 2, 3, 1, 3, 1, 0, 1, 3, 0, 3, 3, 3, 3, 3, 2, 2,
       0, 1, 3, 3, 0, 0, 2, 2, 2, 1, 1, 2, 3, 1, 2, 3, 0, 0, 1, 2, 2, 2,
       2, 1, 3, 1, 0, 3, 1, 3, 3, 1, 3, 2, 2, 1, 3, 1, 2, 0, 0, 2, 1, 3,
       2, 0, 1, 3, 0, 1, 0, 2, 1, 3, 3, 0, 1, 3, 2, 0, 1, 0, 0, 1, 0, 2,
       3, 0, 1, 1, 2, 0, 2, 3, 3, 1, 3, 2, 1, 0, 2, 3, 0, 2, 0, 3, 0, 1,
       3, 3, 3, 0, 1, 0, 2, 2, 1, 1, 2, 2, 0, 2, 0, 3, 1, 0, 2, 2, 3, 3,
       1, 1, 2, 1, 0, 0, 2, 0, 2, 0, 2, 0, 1, 1, 1, 2, 2, 2, 3, 3, 2, 1,
       1, 3], dtype=object)]
[80, array([-19.8074,  -9.8074, -10.    ,   0.    ]), array([3, 1, 0, 0, 1, 1, 1, 1, 1, 3, 2, 0, 2, 2, 1, 0, 2, 2, 3, 2, 2, 2,
       1, 0, 2, 3, 1, 0, 0, 1, 0, 2, 3, 1, 2, 2, 1, 2, 3, 1, 1, 1, 1, 1,
       3, 1, 0, 1, 0, 1, 0, 0, 3, 2, 1, 3, 0, 2, 3, 3, 1, 2, 3, 0, 2, 0,
       3, 3, 1, 1, 0, 3, 2, 2, 0, 2, 1, 3, 1, 0, 3, 0, 0, 2, 1, 1, 0, 0,
       2, 3, 2, 3, 3, 3, 1, 2, 1, 2, 3, 0, 0, 1, 3, 3, 2, 3, 1, 3, 2, 1,
       2, 3, 3, 0, 2, 0, 2, 3, 3, 3, 2, 1, 0, 1, 2, 3, 1, 2, 1, 3, 3, 1,
       3, 1, 1, 3, 2, 3, 2, 2, 1, 2, 0, 0, 1, 3, 2, 1, 2, 3, 2, 3, 2, 3,
       3, 3], dtype=object)]
[82, array([-18.1432,  -9.1432,  -9.    ,   0.    ]), array([1, 3, 0, 3, 0, 3, 0, 0, 1, 0, 1, 3, 0, 3, 2, 1, 2, 1, 1, 1, 0, 3,
       1, 1, 3, 0, 3, 1, 1, 0, 2, 0, 3, 0, 1, 0, 0, 0, 2, 2, 0, 2, 0, 0,
       0, 1, 2, 1, 3, 1, 2, 2, 1, 0, 3, 3, 3, 3, 2, 0, 2, 1, 0, 2, 2, 2,
       3, 0, 2, 0, 3, 2, 1, 0, 1, 3, 3, 0, 1, 2, 1, 3, 2, 3, 2, 2, 3, 0,
       1, 2, 0, 0, 0, 0, 0, 0, 1, 0, 1, 2, 3, 3, 2, 0, 2, 1, 2, 3, 3, 3,
       0, 3, 3, 0, 1, 1, 0, 1, 1, 2, 2, 0, 3, 2, 2, 1, 2, 3, 1, 3, 1, 0,
       2, 3, 2, 2, 0, 3, 0, 1, 2, 0, 0, 2, 3, 0, 0, 2, 3, 2, 1, 0, 1, 3,
       0, 1], dtype=object)]
[82, array([-20.2384, -10.2384, -10.    ,   0.    ]), array([1, 2, 2, 3, 1, 0, 0, 1, 1, 1, 1, 2, 2, 0, 0, 3, 2, 0, 2, 3, 0, 1,
       2, 2, 1, 1, 3, 2, 1, 0, 0, 2, 0, 0, 0, 2, 0, 3, 0, 2, 3, 1, 2, 0,
       2, 2, 1, 1, 2, 0, 3, 3, 2, 1, 2, 1, 3, 1, 3, 0, 3, 3, 1, 0, 2, 3,
       0, 3, 0, 0, 2, 0, 2, 1, 3, 0, 1, 3, 3, 3, 3, 1, 0, 0, 3, 1, 1, 3,
       1, 3, 3, 2, 1, 1, 2, 1, 3, 2, 3, 2, 1, 1, 0, 3, 1, 2, 1, 2, 3, 1,
       3, 3, 1, 2, 2, 1, 1, 1, 2, 3, 2, 0, 0, 1, 1, 0, 3, 1, 3, 2, 1, 0,
       3, 2, 0, 3, 2, 0, 1, 1, 1, 2, 2, 1, 1, 2, 2, 3, 3, 1, 0, 1, 3, 0,
       1, 1], dtype=object)]
[82, array([-41.5874, -20.5874, -21.    ,   0.    ]), array([3, 2, 2, 2, 0, 1, 2, 3, 1, 3, 1, 0, 1, 3, 0, 3, 3, 3, 3, 3, 2, 2,
       0, 1, 3, 3, 0, 0, 2, 2, 2, 1, 1, 2, 3, 1, 2, 3, 0, 0, 1, 2, 2, 2,
       2, 1, 3, 1, 0, 3, 1, 3, 3, 1, 3, 2, 2, 1, 3, 1, 2, 0, 0, 2, 1, 3,
       2, 0, 1, 3, 0, 1, 0, 2, 1, 3, 3, 0, 1, 3, 2, 0, 1, 0, 0, 1, 0, 2,
       3, 0, 1, 1, 2, 0, 2, 3, 3, 1, 3, 3, 1, 0, 2, 3, 0, 2, 0, 3, 0, 1,
       3, 3, 3, 0, 1, 0, 2, 2, 1, 1, 2, 2, 0, 2, 0, 3, 1, 0, 2, 2, 3, 3,
       1, 1, 2, 1, 0, 0, 2, 0, 2, 0, 2, 0, 1, 1, 1, 2, 2, 2, 3, 3, 2, 1,
       1, 3], dtype=object)]
[81, array([-19.945,  -9.945, -10.   ,   0.   ]), array([3, 1, 0, 0, 1, 1, 1, 1, 1, 3, 2, 0, 2, 2, 1, 0, 2, 2, 3, 2, 2, 2,
       1, 0, 2, 3, 1, 0, 0, 1, 0, 2, 3, 1, 2, 2, 1, 2, 3, 1, 1, 1, 1, 1,
       3, 1, 0, 1, 0, 1, 0, 3, 3, 2, 1, 0, 0, 2, 3, 3, 1, 2, 3, 0, 2, 0,
       3, 3, 1, 1, 0, 3, 2, 2, 0, 2, 1, 3, 1, 0, 3, 0, 0, 2, 1, 1, 0, 0,
       2, 3, 2, 3, 3, 3, 1, 2, 1, 2, 3, 0, 0, 1, 3, 3, 2, 3, 1, 3, 2, 1,
       2, 3, 3, 0, 2, 0, 2, 3, 3, 3, 2, 1, 0, 1, 2, 3, 1, 2, 1, 3, 3, 1,
       3, 1, 1, 3, 2, 3, 2, 2, 1, 2, 0, 0, 1, 3, 2, 1, 2, 3, 2, 3, 2, 3,
       3, 3], dtype=object)]
[83, array([-19.9262,  -9.9262, -10.    ,   0.    ]), array([2, 3, 3, 3, 2, 3, 0, 0, 0, 0, 1, 3, 1, 3, 2, 0, 1, 0, 0, 0, 0, 3,
       0, 1, 1, 3, 2, 2, 2, 3, 2, 1, 2, 3, 3, 2, 2, 3, 3, 2, 0, 1, 3, 1,
       1, 2, 3, 3, 0, 2, 3, 3, 1, 2, 2, 2, 0, 2, 0, 0, 3, 1, 2, 2, 2, 2,
       3, 0, 2, 0, 2, 1, 1, 0, 1, 3, 3, 2, 1, 1, 1, 2, 0, 3, 2, 1, 3, 0,
       2, 2, 2, 0, 0, 0, 0, 2, 1, 0, 1, 1, 3, 3, 2, 0, 1, 3, 2, 3, 3, 3,
       0, 1, 0, 3, 1, 1, 0, 1, 1, 1, 2, 1, 1, 2, 2, 2, 1, 3, 2, 3, 2, 0,
       3, 0, 0, 2, 0, 3, 0, 3, 2, 2, 3, 2, 0, 0, 0, 1, 3, 0, 2, 2, 0, 3,
       1, 1], dtype=object)]
[83, array([-39.0888, -19.0888, -20.    ,   0.    ]), array([1, 3, 2, 1, 3, 0, 0, 1, 0, 1, 1, 2, 2, 0, 0, 3, 2, 0, 2, 3, 0, 1,
       2, 2, 1, 1, 3, 2, 1, 0, 0, 2, 0, 0, 2, 2, 3, 2, 0, 2, 0, 1, 0, 0,
       2, 0, 1, 1, 2, 1, 3, 3, 2, 1, 2, 1, 3, 1, 3, 0, 3, 3, 0, 0, 2, 3,
       0, 2, 3, 0, 2, 0, 2, 1, 3, 0, 1, 3, 3, 3, 3, 1, 0, 0, 3, 1, 1, 3,
       1, 3, 3, 2, 1, 1, 2, 1, 3, 2, 3, 2, 1, 1, 0, 3, 1, 2, 1, 2, 2, 2,
       3, 3, 1, 2, 2, 1, 1, 0, 2, 3, 2, 0, 0, 1, 1, 0, 3, 1, 3, 2, 1, 0,
       3, 2, 0, 3, 2, 0, 1, 1, 1, 2, 2, 1, 1, 2, 2, 3, 3, 1, 0, 1, 3, 0,
       1, 1], dtype=object)]
[83, array([-44.3992, -22.3992, -22.    ,   0.    ]), array([3, 2, 2, 2, 3, 2, 2, 3, 1, 3, 1, 0, 1, 3, 0, 3, 3, 3, 3, 3, 2, 2,
       3, 1, 3, 3, 0, 0, 2, 2, 3, 1, 1, 2, 3, 1, 2, 3, 0, 1, 1, 2, 1, 2,
       2, 1, 3, 1, 0, 0, 1, 3, 3, 1, 3, 2, 2, 1, 3, 1, 2, 0, 0, 2, 1, 3,
       2, 0, 1, 3, 0, 0, 0, 2, 1, 3, 3, 0, 2, 3, 2, 0, 1, 0, 0, 1, 0, 2,
       3, 0, 1, 1, 2, 0, 2, 2, 3, 1, 3, 2, 1, 0, 2, 3, 0, 2, 0, 3, 0, 1,
       3, 3, 3, 0, 1, 0, 2, 2, 1, 1, 2, 2, 0, 2, 0, 3, 1, 0, 2, 2, 3, 3,
       1, 1, 2, 1, 0, 0, 2, 0, 2, 0, 2, 0, 1, 1, 1, 2, 2, 2, 3, 3, 2, 1,
       1, 3], dtype=object)]
[82, array([-20.0648, -10.0648, -10.    ,   0.    ]), array([3, 1, 0, 0, 1, 1, 1, 1, 1, 3, 2, 0, 2, 2, 1, 0, 2, 2, 3, 2, 2, 2,
       1, 0, 2, 3, 1, 0, 0, 1, 0, 2, 3, 1, 2, 2, 1, 2, 3, 1, 1, 1, 1, 1,
       3, 1, 0, 1, 0, 1, 0, 3, 3, 2, 1, 0, 0, 2, 3, 3, 1, 2, 3, 0, 2, 0,
       3, 3, 1, 1, 0, 3, 2, 2, 0, 2, 1, 3, 1, 0, 3, 0, 0, 2, 1, 1, 0, 0,
       2, 3, 2, 3, 3, 3, 1, 2, 1, 2, 1, 0, 0, 1, 3, 3, 2, 3, 1, 3, 2, 1,
       2, 3, 3, 0, 2, 0, 2, 3, 3, 3, 2, 1, 0, 1, 2, 3, 1, 2, 1, 3, 3, 1,
       3, 1, 1, 3, 2, 3, 2, 2, 1, 2, 2, 0, 0, 3, 1, 2, 2, 0, 2, 0, 2, 3,
       3, 1], dtype=object)]
[84, array([-19.8406,  -9.8406, -10.    ,   0.    ]), array([2, 3, 3, 3, 2, 3, 0, 0, 0, 0, 1, 3, 1, 3, 2, 3, 2, 0, 0, 0, 0, 3,
       0, 1, 1, 3, 2, 2, 2, 3, 2, 1, 2, 3, 3, 2, 2, 3, 3, 2, 0, 1, 3, 1,
       1, 2, 3, 3, 0, 2, 3, 3, 1, 2, 2, 2, 0, 2, 0, 0, 3, 1, 2, 2, 2, 2,
       3, 0, 2, 0, 2, 1, 1, 0, 1, 3, 3, 2, 1, 1, 1, 2, 0, 3, 2, 1, 1, 0,
       2, 2, 2, 0, 0, 0, 0, 2, 1, 0, 1, 1, 3, 3, 2, 0, 1, 3, 2, 3, 3, 3,
       0, 1, 0, 3, 1, 1, 0, 1, 1, 1, 2, 1, 1, 2, 2, 2, 1, 3, 2, 3, 2, 0,
       3, 0, 0, 2, 0, 3, 0, 3, 2, 2, 3, 2, 0, 0, 0, 1, 3, 2, 2, 2, 0, 3,
       1, 1], dtype=object)]
[84, array([-18.2234,  -9.2234,  -9.    ,   0.    ]), array([3, 0, 0, 3, 0, 0, 3, 0, 3, 3, 3, 2, 2, 1, 0, 3, 2, 0, 2, 3, 0, 1,
       2, 1, 1, 1, 3, 2, 1, 0, 0, 2, 0, 0, 0, 2, 0, 3, 0, 2, 3, 1, 2, 0,
       2, 2, 1, 1, 2, 0, 3, 3, 2, 1, 2, 1, 3, 1, 3, 0, 3, 3, 1, 0, 2, 3,
       0, 3, 0, 0, 2, 3, 2, 1, 3, 0, 1, 3, 3, 3, 3, 1, 0, 0, 3, 1, 1, 3,
       1, 3, 3, 2, 1, 1, 2, 1, 3, 2, 3, 2, 1, 1, 0, 3, 1, 2, 1, 2, 3, 2,
       3, 3, 1, 2, 2, 1, 1, 0, 2, 3, 2, 1, 0, 1, 1, 0, 3, 1, 3, 2, 1, 0,
       3, 2, 0, 3, 2, 0, 1, 1, 1, 2, 2, 1, 1, 2, 2, 3, 3, 1, 0, 1, 3, 0,
       2, 0], dtype=object)]
[84, array([-28.72, -14.72, -14.  ,   0.  ]), array([1, 2, 2, 2, 0, 2, 2, 3, 0, 3, 1, 0, 1, 3, 0, 3, 3, 3, 3, 2, 2, 2,
       0, 1, 3, 2, 0, 0, 2, 2, 2, 1, 1, 2, 3, 1, 2, 3, 2, 1, 1, 2, 2, 1,
       2, 1, 3, 1, 0, 3, 1, 3, 3, 3, 3, 2, 2, 1, 3, 1, 2, 0, 0, 2, 3, 3,
       2, 0, 1, 3, 0, 1, 0, 2, 1, 3, 0, 0, 1, 3, 2, 0, 1, 0, 0, 1, 0, 0,
       3, 0, 1, 1, 2, 0, 2, 3, 3, 1, 3, 0, 1, 0, 2, 3, 0, 2, 0, 3, 1, 1,
       3, 3, 3, 0, 2, 0, 2, 2, 1, 1, 2, 2, 0, 2, 2, 3, 1, 0, 2, 2, 2, 3,
       1, 1, 3, 1, 1, 0, 2, 0, 2, 0, 2, 2, 1, 1, 0, 2, 2, 2, 3, 3, 2, 1,
       1, 3], dtype=object)]
[83, array([-21.3774, -11.3774, -10.    ,   0.    ]), array([3, 1, 0, 0, 1, 1, 1, 1, 1, 3, 2, 0, 2, 2, 1, 0, 2, 1, 3, 2, 2, 2,
       1, 0, 2, 3, 1, 0, 0, 1, 0, 2, 3, 1, 2, 2, 1, 2, 3, 1, 1, 1, 1, 1,
       3, 1, 0, 1, 0, 1, 0, 3, 3, 2, 1, 0, 0, 2, 3, 3, 1, 2, 3, 0, 2, 0,
       3, 3, 1, 1, 0, 3, 2, 2, 0, 2, 1, 3, 1, 0, 3, 0, 0, 2, 1, 1, 0, 0,
       2, 3, 2, 3, 3, 3, 1, 2, 1, 2, 3, 0, 0, 1, 3, 3, 2, 3, 1, 3, 2, 1,
       2, 3, 3, 0, 2, 0, 2, 3, 3, 3, 2, 1, 0, 1, 2, 3, 1, 2, 1, 3, 3, 1,
       3, 1, 1, 3, 2, 3, 2, 2, 1, 2, 0, 0, 1, 3, 2, 1, 2, 2, 2, 3, 2, 2,
       2, 3], dtype=object)]
[85, array([-20.6202, -10.6202, -10.    ,   0.    ]), array([2, 3, 3, 0, 2, 1, 2, 0, 0, 3, 1, 3, 0, 1, 1, 0, 1, 2, 0, 0, 0, 3,
       0, 1, 1, 3, 2, 2, 2, 3, 2, 1, 2, 3, 3, 2, 2, 3, 3, 2, 0, 1, 3, 1,
       1, 2, 3, 3, 0, 2, 3, 3, 1, 2, 2, 2, 0, 2, 0, 0, 3, 1, 2, 2, 2, 2,
       3, 0, 2, 0, 2, 1, 1, 0, 1, 3, 3, 2, 1, 1, 1, 2, 0, 3, 2, 1, 3, 0,
       2, 2, 2, 0, 0, 0, 0, 2, 1, 0, 1, 1, 3, 3, 2, 0, 1, 3, 2, 3, 3, 3,
       0, 1, 0, 3, 1, 1, 0, 1, 1, 1, 2, 1, 1, 2, 2, 2, 1, 3, 2, 3, 2, 0,
       3, 0, 0, 2, 0, 3, 0, 3, 2, 2, 3, 2, 0, 0, 0, 1, 3, 2, 2, 2, 0, 3,
       1, 1], dtype=object)]
[85, array([-40.7704, -20.7704, -20.    ,   0.    ]), array([1, 3, 2, 1, 3, 0, 0, 1, 0, 1, 1, 2, 2, 0, 0, 3, 2, 0, 2, 3, 0, 1,
       2, 2, 1, 1, 3, 2, 1, 0, 0, 2, 0, 0, 2, 2, 2, 2, 0, 2, 0, 1, 0, 0,
       2, 0, 1, 1, 2, 1, 3, 3, 2, 1, 2, 1, 3, 1, 3, 0, 3, 3, 0, 0, 2, 3,
       0, 2, 3, 0, 2, 3, 2, 1, 3, 0, 1, 3, 3, 3, 3, 1, 0, 0, 3, 1, 1, 3,
       1, 3, 3, 2, 1, 1, 2, 1, 3, 2, 3, 2, 1, 1, 0, 3, 1, 2, 1, 2, 0, 2,
       3, 1, 1, 2, 2, 1, 1, 0, 2, 3, 2, 0, 0, 1, 1, 0, 3, 1, 3, 2, 1, 0,
       3, 2, 0, 3, 2, 0, 1, 1, 1, 2, 2, 1, 1, 2, 2, 3, 3, 1, 0, 1, 3, 0,
       1, 1], dtype=object)]
[85, array([-43.2686, -21.2686, -22.    ,   0.    ]), array([3, 2, 2, 2, 0, 2, 2, 3, 1, 3, 1, 0, 1, 3, 0, 1, 3, 3, 3, 3, 2, 2,
       3, 1, 3, 3, 0, 0, 2, 1, 3, 1, 1, 2, 3, 1, 2, 3, 0, 1, 1, 2, 2, 1,
       2, 1, 3, 1, 0, 3, 1, 3, 3, 1, 3, 2, 2, 1, 1, 1, 2, 0, 0, 2, 1, 3,
       2, 0, 1, 3, 0, 1, 0, 2, 1, 3, 3, 0, 1, 3, 2, 1, 1, 0, 0, 1, 0, 3,
       3, 0, 1, 1, 2, 0, 2, 3, 3, 1, 3, 0, 1, 0, 2, 3, 0, 2, 0, 3, 1, 1,
       3, 3, 3, 0, 2, 0, 2, 2, 1, 1, 2, 2, 0, 2, 2, 3, 1, 0, 2, 2, 2, 3,
       1, 1, 2, 1, 1, 0, 2, 0, 2, 0, 2, 0, 1, 1, 1, 2, 2, 2, 3, 3, 2, 1,
       1, 3], dtype=object)]
[84, array([-20.3444, -10.3444, -10.    ,   0.    ]), array([3, 1, 0, 0, 1, 1, 1, 1, 1, 3, 2, 0, 2, 2, 1, 0, 2, 2, 3, 2, 2, 2,
       1, 0, 2, 3, 1, 0, 0, 1, 0, 2, 3, 1, 2, 2, 1, 2, 3, 1, 1, 1, 1, 1,
       3, 1, 0, 1, 0, 1, 0, 3, 3, 2, 1, 0, 0, 2, 3, 3, 1, 2, 3, 0, 2, 0,
       3, 3, 1, 1, 0, 0, 2, 2, 0, 2, 1, 3, 1, 0, 3, 0, 0, 2, 1, 1, 0, 0,
       2, 3, 2, 3, 3, 3, 1, 2, 1, 2, 1, 0, 0, 1, 3, 3, 2, 3, 1, 3, 2, 1,
       2, 3, 3, 0, 2, 0, 2, 3, 3, 3, 2, 1, 0, 1, 2, 3, 1, 2, 1, 3, 3, 1,
       3, 1, 1, 3, 2, 3, 2, 2, 1, 2, 2, 0, 0, 3, 1, 2, 2, 0, 2, 0, 2, 3,
       3, 1], dtype=object)]
[86, array([-18.6152,  -8.6152, -10.    ,   0.    ]), array([2, 3, 3, 0, 2, 1, 2, 0, 0, 3, 1, 3, 0, 1, 1, 0, 1, 2, 0, 0, 0, 3,
       0, 1, 1, 3, 2, 2, 2, 3, 2, 1, 2, 3, 3, 2, 2, 3, 0, 2, 0, 1, 3, 1,
       1, 2, 3, 3, 0, 2, 3, 3, 1, 2, 2, 2, 0, 2, 0, 0, 3, 1, 2, 2, 2, 2,
       3, 0, 2, 0, 2, 1, 1, 0, 1, 3, 3, 2, 1, 1, 1, 2, 0, 3, 2, 1, 3, 0,
       2, 2, 2, 0, 0, 0, 0, 2, 1, 0, 1, 1, 3, 3, 2, 0, 1, 3, 2, 3, 3, 3,
       0, 1, 0, 3, 1, 1, 0, 1, 1, 1, 2, 1, 1, 2, 2, 2, 1, 3, 2, 3, 2, 0,
       3, 0, 0, 2, 0, 3, 0, 3, 2, 2, 3, 2, 0, 0, 0, 1, 3, 2, 2, 2, 0, 3,
       1, 1], dtype=object)]
[86, array([-38.938, -18.938, -20.   ,   0.   ]), array([1, 3, 2, 1, 3, 0, 0, 1, 0, 1, 1, 2, 2, 0, 0, 3, 2, 0, 2, 3, 0, 1,
       2, 2, 1, 1, 3, 2, 1, 0, 0, 2, 0, 0, 2, 2, 2, 3, 0, 2, 0, 1, 0, 0,
       2, 0, 1, 1, 2, 1, 3, 3, 2, 1, 2, 1, 3, 1, 3, 0, 3, 3, 0, 0, 2, 3,
       0, 2, 3, 0, 2, 3, 2, 1, 3, 0, 1, 3, 3, 3, 3, 1, 0, 0, 3, 1, 1, 3,
       1, 3, 3, 2, 1, 1, 2, 1, 3, 2, 3, 2, 1, 1, 0, 3, 1, 2, 1, 2, 0, 2,
       3, 1, 1, 2, 2, 1, 1, 0, 2, 3, 2, 0, 0, 1, 1, 0, 3, 1, 3, 2, 1, 0,
       3, 2, 0, 3, 2, 0, 1, 1, 1, 2, 2, 1, 1, 2, 2, 3, 3, 1, 0, 1, 3, 0,
       1, 1], dtype=object)]
[86, array([-42.985, -20.985, -22.   ,   0.   ]), array([3, 2, 2, 2, 3, 2, 2, 3, 1, 3, 1, 0, 1, 3, 0, 3, 3, 3, 3, 3, 2, 2,
       3, 1, 3, 3, 0, 0, 2, 2, 3, 1, 1, 2, 3, 3, 2, 3, 0, 1, 1, 2, 1, 2,
       2, 1, 3, 1, 0, 0, 1, 3, 3, 1, 3, 2, 2, 1, 3, 1, 2, 0, 0, 2, 1, 3,
       2, 0, 1, 3, 0, 0, 0, 2, 1, 3, 3, 0, 2, 3, 2, 0, 1, 0, 0, 1, 0, 2,
       3, 0, 1, 1, 2, 0, 2, 2, 3, 1, 3, 2, 1, 0, 2, 3, 0, 2, 0, 3, 0, 1,
       3, 3, 3, 0, 1, 0, 2, 2, 1, 1, 2, 2, 0, 2, 2, 3, 1, 0, 2, 2, 1, 3,
       1, 1, 2, 1, 1, 0, 2, 0, 2, 0, 2, 0, 1, 1, 1, 2, 2, 2, 3, 3, 2, 1,
       1, 3], dtype=object)]
[85, array([-20.0338, -10.0338, -10.    ,   0.    ]), array([3, 1, 0, 0, 1, 1, 1, 1, 1, 3, 2, 0, 2, 2, 1, 0, 2, 2, 3, 2, 2, 2,
       1, 0, 2, 3, 1, 0, 0, 1, 0, 2, 3, 1, 2, 2, 1, 2, 3, 1, 1, 1, 1, 1,
       3, 1, 0, 1, 0, 1, 0, 3, 3, 2, 1, 0, 0, 2, 3, 3, 1, 2, 3, 0, 2, 0,
       3, 3, 1, 1, 0, 3, 2, 2, 0, 2, 1, 3, 1, 0, 3, 0, 0, 2, 1, 1, 0, 0,
       2, 3, 2, 3, 3, 3, 1, 2, 1, 2, 3, 0, 0, 1, 3, 3, 2, 3, 1, 3, 2, 1,
       2, 3, 3, 0, 2, 0, 2, 3, 3, 3, 2, 1, 0, 1, 2, 3, 1, 2, 1, 3, 3, 1,
       3, 1, 1, 3, 2, 3, 2, 2, 1, 2, 0, 0, 1, 3, 2, 1, 2, 2, 2, 3, 2, 2,
       2, 3], dtype=object)]
[87, array([-20.1102, -10.1102, -10.    ,   0.    ]), array([2, 3, 3, 3, 2, 3, 0, 0, 0, 0, 1, 3, 1, 3, 2, 0, 1, 0, 0, 0, 0, 3,
       0, 1, 1, 3, 2, 2, 2, 3, 2, 1, 2, 3, 3, 2, 2, 3, 3, 2, 0, 1, 3, 1,
       1, 2, 3, 3, 0, 2, 3, 3, 1, 2, 2, 2, 0, 2, 0, 0, 3, 1, 2, 2, 2, 2,
       3, 0, 2, 0, 2, 1, 1, 0, 1, 3, 3, 2, 1, 1, 1, 2, 0, 3, 2, 1, 1, 0,
       2, 2, 2, 0, 0, 0, 0, 2, 1, 0, 1, 1, 3, 3, 2, 0, 1, 3, 2, 3, 3, 3,
       0, 1, 0, 3, 1, 1, 0, 1, 1, 1, 2, 1, 1, 2, 2, 2, 1, 3, 2, 3, 2, 0,
       3, 0, 0, 2, 0, 3, 0, 3, 2, 2, 3, 2, 0, 0, 0, 1, 3, 2, 2, 2, 0, 3,
       1, 1], dtype=object)]
[87, array([-39.9608, -19.9608, -20.    ,   0.    ]), array([0, 3, 2, 1, 3, 0, 0, 1, 0, 1, 0, 2, 2, 0, 0, 3, 2, 0, 2, 3, 0, 1,
       2, 2, 1, 1, 3, 2, 1, 0, 0, 2, 0, 0, 2, 2, 2, 2, 0, 2, 0, 1, 0, 0,
       2, 0, 1, 1, 2, 1, 3, 3, 2, 1, 2, 1, 3, 1, 3, 0, 3, 3, 0, 0, 2, 3,
       0, 2, 3, 0, 2, 3, 2, 1, 3, 0, 1, 3, 3, 3, 3, 1, 0, 0, 3, 1, 1, 3,
       1, 3, 3, 2, 1, 1, 2, 1, 3, 2, 3, 2, 1, 1, 0, 3, 1, 2, 1, 2, 0, 2,
       3, 1, 1, 2, 2, 1, 1, 0, 2, 3, 2, 0, 0, 1, 1, 0, 3, 1, 3, 2, 1, 0,
       3, 2, 0, 3, 2, 0, 1, 1, 1, 2, 2, 1, 1, 2, 2, 3, 3, 1, 0, 1, 3, 0,
       1, 1], dtype=object)]
[87, array([-44.4648, -22.4648, -22.    ,   0.    ]), array([3, 2, 2, 2, 0, 2, 2, 3, 1, 3, 1, 0, 1, 3, 0, 1, 3, 3, 3, 3, 2, 2,
       3, 1, 3, 3, 0, 0, 2, 1, 2, 1, 1, 2, 3, 1, 2, 3, 0, 1, 1, 2, 1, 2,
       2, 1, 3, 1, 0, 0, 1, 3, 3, 1, 3, 2, 2, 1, 3, 1, 2, 0, 0, 2, 1, 3,
       2, 0, 1, 3, 0, 0, 0, 2, 1, 3, 3, 0, 2, 3, 2, 0, 1, 0, 0, 1, 0, 2,
       3, 0, 1, 1, 2, 0, 2, 2, 3, 1, 3, 2, 1, 0, 2, 3, 0, 2, 0, 3, 0, 1,
       3, 3, 3, 0, 1, 0, 2, 2, 1, 1, 2, 2, 0, 2, 0, 3, 1, 0, 2, 2, 3, 3,
       1, 1, 2, 1, 0, 0, 2, 0, 2, 0, 2, 0, 1, 1, 1, 2, 2, 2, 3, 3, 2, 1,
       1, 3], dtype=object)]
[88, array([-20.0986, -10.0986, -10.    ,   0.    ]), array([2, 3, 3, 3, 2, 3, 0, 0, 0, 0, 1, 3, 1, 3, 2, 0, 1, 0, 0, 0, 0, 3,
       0, 1, 1, 3, 2, 2, 2, 3, 2, 1, 2, 3, 3, 2, 2, 3, 0, 2, 0, 1, 3, 1,
       1, 2, 3, 3, 0, 2, 3, 3, 1, 2, 2, 2, 0, 2, 0, 0, 3, 1, 2, 2, 2, 2,
       3, 0, 2, 0, 2, 1, 1, 0, 1, 3, 3, 2, 1, 1, 1, 2, 0, 3, 2, 1, 3, 0,
       2, 2, 2, 0, 0, 0, 0, 2, 1, 0, 1, 1, 3, 3, 2, 0, 1, 3, 2, 3, 3, 3,
       0, 1, 0, 3, 1, 1, 0, 1, 3, 1, 2, 1, 1, 2, 2, 2, 1, 3, 2, 3, 2, 0,
       3, 0, 0, 2, 0, 3, 0, 3, 2, 2, 3, 2, 0, 0, 0, 1, 3, 2, 2, 2, 0, 3,
       1, 1], dtype=object)]
[86, array([-20.6212, -10.6212, -10.    ,   0.    ]), array([3, 1, 0, 0, 1, 1, 1, 1, 1, 3, 2, 0, 2, 2, 1, 0, 2, 1, 3, 2, 2, 2,
       1, 0, 2, 3, 1, 0, 0, 1, 0, 2, 3, 1, 2, 2, 1, 2, 1, 1, 1, 1, 1, 1,
       3, 1, 0, 1, 0, 1, 0, 3, 3, 2, 1, 0, 0, 0, 3, 3, 1, 2, 3, 0, 2, 0,
       3, 3, 1, 1, 0, 3, 2, 2, 0, 2, 1, 3, 1, 0, 3, 0, 0, 2, 1, 1, 0, 0,
       2, 3, 2, 3, 3, 3, 1, 2, 1, 2, 3, 0, 0, 1, 3, 3, 2, 3, 1, 3, 2, 1,
       2, 3, 3, 0, 2, 0, 2, 3, 3, 3, 2, 1, 0, 1, 2, 3, 1, 2, 1, 3, 3, 1,
       3, 1, 1, 3, 2, 3, 2, 2, 1, 2, 0, 0, 1, 3, 2, 1, 2, 2, 2, 3, 2, 2,
       2, 3], dtype=object)]
[88, array([-40.1344, -20.1344, -20.    ,   0.    ]), array([1, 3, 2, 1, 3, 0, 0, 1, 0, 1, 1, 2, 2, 0, 0, 3, 2, 0, 2, 3, 0, 1,
       2, 2, 1, 1, 3, 2, 1, 0, 0, 2, 0, 0, 2, 2, 2, 2, 0, 2, 0, 1, 0, 0,
       2, 0, 1, 1, 2, 1, 3, 3, 2, 1, 2, 1, 3, 1, 3, 0, 3, 1, 0, 0, 2, 3,
       0, 2, 3, 0, 2, 3, 2, 1, 3, 0, 1, 3, 3, 3, 3, 1, 0, 0, 3, 1, 1, 3,
       1, 3, 3, 2, 1, 1, 2, 1, 3, 2, 3, 2, 1, 1, 0, 3, 1, 2, 1, 2, 0, 2,
       3, 3, 1, 2, 2, 1, 1, 1, 2, 3, 2, 0, 0, 1, 1, 0, 3, 1, 3, 2, 1, 0,
       3, 2, 0, 3, 2, 0, 1, 1, 1, 2, 2, 1, 1, 2, 2, 3, 3, 1, 0, 1, 3, 0,
       2, 1], dtype=object)]
[89, array([-20.7892, -10.7892, -10.    ,   0.    ]), array([2, 3, 3, 3, 2, 3, 0, 0, 0, 0, 1, 3, 1, 3, 2, 0, 1, 0, 0, 0, 0, 3,
       0, 1, 1, 3, 2, 2, 2, 3, 2, 1, 2, 3, 3, 2, 2, 3, 3, 2, 0, 1, 3, 1,
       1, 2, 3, 3, 0, 2, 3, 3, 1, 2, 2, 2, 0, 2, 0, 0, 3, 1, 2, 2, 2, 2,
       3, 0, 2, 0, 2, 1, 1, 0, 1, 3, 3, 2, 1, 1, 1, 2, 0, 3, 2, 1, 3, 0,
       2, 2, 2, 0, 0, 0, 0, 2, 1, 0, 1, 1, 3, 3, 2, 0, 1, 3, 2, 3, 3, 3,
       0, 1, 0, 3, 1, 1, 0, 1, 1, 1, 2, 1, 1, 2, 2, 2, 1, 3, 2, 3, 2, 0,
       3, 0, 0, 2, 0, 3, 0, 3, 2, 2, 3, 2, 0, 0, 0, 1, 3, 2, 2, 2, 0, 3,
       1, 1], dtype=object)]
[88, array([-43.0832, -21.0832, -22.    ,   0.    ]), array([3, 1, 2, 2, 0, 2, 2, 3, 1, 3, 1, 0, 1, 3, 0, 1, 3, 3, 3, 3, 2, 2,
       3, 1, 3, 3, 0, 0, 2, 1, 2, 1, 1, 2, 3, 1, 2, 3, 0, 1, 1, 2, 1, 2,
       2, 1, 3, 1, 0, 0, 1, 3, 3, 1, 3, 2, 2, 1, 3, 1, 2, 0, 0, 2, 1, 3,
       2, 0, 1, 3, 0, 0, 0, 2, 1, 3, 3, 0, 2, 3, 2, 0, 1, 0, 0, 1, 0, 2,
       3, 0, 1, 1, 2, 0, 2, 2, 3, 1, 3, 2, 1, 0, 2, 3, 0, 2, 0, 3, 0, 1,
       3, 3, 3, 0, 1, 0, 2, 2, 1, 1, 2, 2, 0, 2, 0, 3, 1, 0, 2, 2, 3, 3,
       1, 1, 2, 1, 0, 0, 2, 0, 2, 0, 2, 0, 1, 1, 1, 2, 2, 2, 3, 3, 2, 1,
       1, 3], dtype=object)]
[87, array([-20.865, -10.865, -10.   ,   0.   ]), array([3, 1, 0, 0, 1, 1, 1, 1, 1, 3, 2, 0, 2, 2, 1, 0, 2, 2, 3, 2, 2, 2,
       1, 0, 2, 3, 1, 0, 0, 1, 0, 2, 3, 1, 2, 2, 1, 2, 3, 1, 1, 1, 1, 1,
       3, 1, 0, 1, 0, 1, 0, 3, 3, 2, 1, 0, 0, 2, 3, 3, 1, 2, 3, 0, 2, 0,
       3, 3, 1, 1, 0, 3, 2, 2, 0, 2, 1, 3, 1, 0, 3, 0, 0, 2, 1, 1, 0, 0,
       2, 3, 2, 3, 3, 3, 1, 2, 1, 2, 3, 0, 0, 1, 3, 3, 2, 3, 1, 3, 2, 1,
       2, 3, 3, 0, 2, 0, 2, 3, 3, 3, 2, 1, 0, 1, 2, 3, 1, 2, 1, 3, 3, 1,
       3, 1, 1, 3, 2, 3, 2, 2, 1, 2, 0, 0, 1, 3, 2, 1, 2, 2, 2, 3, 2, 2,
       2, 3], dtype=object)]
[89, array([-39.1612, -19.1612, -20.    ,   0.    ]), array([1, 3, 2, 1, 3, 0, 0, 1, 0, 1, 1, 2, 2, 0, 0, 3, 2, 0, 2, 3, 0, 1,
       2, 2, 1, 1, 3, 2, 1, 0, 0, 2, 0, 0, 2, 2, 2, 2, 0, 2, 0, 1, 0, 0,
       2, 0, 1, 1, 2, 1, 3, 3, 2, 1, 2, 1, 3, 1, 3, 0, 3, 1, 0, 0, 2, 3,
       0, 2, 3, 0, 2, 3, 2, 1, 3, 0, 1, 3, 3, 3, 3, 1, 0, 0, 3, 1, 1, 3,
       1, 3, 3, 2, 1, 1, 2, 1, 3, 2, 3, 2, 1, 1, 0, 3, 1, 2, 1, 2, 0, 2,
       3, 3, 1, 2, 2, 1, 1, 1, 2, 3, 2, 0, 0, 1, 1, 0, 3, 1, 3, 2, 1, 0,
       3, 2, 0, 3, 2, 0, 1, 1, 1, 2, 2, 1, 1, 2, 2, 3, 3, 1, 0, 1, 3, 0,
       1, 1], dtype=object)]
[90, array([-19.9506,  -9.9506, -10.    ,   0.    ]), array([2, 3, 3, 3, 2, 3, 0, 0, 0, 0, 1, 3, 1, 3, 2, 0, 1, 0, 0, 0, 0, 3,
       0, 1, 1, 3, 2, 2, 2, 3, 2, 1, 2, 3, 3, 2, 1, 3, 3, 2, 0, 1, 3, 1,
       1, 2, 3, 3, 0, 2, 3, 3, 1, 2, 2, 2, 0, 2, 0, 0, 3, 1, 2, 2, 2, 2,
       3, 0, 2, 0, 2, 1, 1, 0, 1, 3, 3, 2, 1, 1, 1, 2, 0, 3, 2, 1, 3, 0,
       2, 2, 2, 0, 0, 0, 0, 2, 1, 0, 1, 1, 3, 3, 2, 0, 1, 3, 2, 3, 3, 3,
       0, 1, 0, 3, 1, 1, 0, 1, 1, 1, 2, 1, 1, 2, 2, 2, 1, 3, 2, 3, 2, 0,
       3, 0, 0, 2, 0, 3, 0, 3, 2, 2, 3, 2, 0, 0, 0, 1, 3, 2, 2, 2, 0, 3,
       1, 1], dtype=object)]
[88, array([-20.2646, -10.2646, -10.    ,   0.    ]), array([3, 1, 0, 0, 1, 1, 1, 1, 1, 3, 2, 0, 2, 2, 1, 0, 2, 2, 3, 2, 2, 2,
       1, 0, 2, 3, 1, 0, 0, 1, 0, 2, 3, 1, 2, 2, 1, 2, 3, 1, 1, 1, 1, 1,
       3, 1, 0, 1, 0, 1, 0, 3, 3, 2, 1, 0, 0, 2, 3, 3, 1, 2, 3, 0, 2, 0,
       3, 3, 1, 1, 0, 3, 2, 2, 0, 2, 1, 3, 1, 0, 3, 0, 0, 2, 1, 1, 0, 0,
       2, 3, 2, 3, 3, 3, 1, 2, 1, 2, 3, 0, 0, 1, 3, 3, 2, 3, 1, 3, 2, 1,
       2, 3, 3, 0, 2, 0, 2, 3, 3, 3, 2, 1, 0, 1, 2, 3, 1, 2, 1, 3, 3, 1,
       3, 1, 1, 3, 2, 3, 2, 2, 1, 2, 0, 2, 1, 3, 2, 0, 2, 2, 2, 3, 1, 2,
       2, 3], dtype=object)]
[89, array([-43.1204, -21.1204, -22.    ,   0.    ]), array([3, 1, 2, 2, 0, 2, 2, 3, 1, 3, 1, 0, 1, 3, 0, 1, 3, 3, 3, 3, 2, 2,
       3, 1, 3, 3, 0, 0, 2, 1, 2, 1, 1, 2, 3, 1, 2, 3, 0, 1, 1, 2, 1, 2,
       2, 1, 3, 1, 0, 0, 1, 3, 3, 1, 3, 2, 2, 1, 3, 1, 2, 0, 0, 2, 1, 3,
       2, 0, 1, 3, 0, 0, 0, 2, 1, 3, 3, 0, 2, 3, 2, 0, 1, 0, 0, 1, 0, 2,
       3, 0, 1, 1, 2, 0, 2, 2, 3, 1, 3, 2, 1, 0, 2, 3, 0, 2, 0, 3, 0, 1,
       3, 3, 3, 0, 1, 0, 2, 2, 1, 1, 2, 2, 0, 2, 0, 3, 1, 0, 2, 2, 2, 3,
       1, 1, 2, 1, 1, 0, 2, 0, 2, 0, 2, 0, 1, 1, 1, 2, 2, 2, 3, 3, 2, 1,
       1, 3], dtype=object)]
[90, array([-39.8068, -19.8068, -20.    ,   0.    ]), array([1, 3, 2, 1, 3, 0, 0, 1, 0, 1, 1, 2, 2, 0, 0, 3, 2, 0, 2, 3, 0, 1,
       2, 2, 1, 1, 3, 2, 1, 0, 0, 2, 0, 0, 2, 2, 2, 2, 0, 2, 0, 1, 0, 0,
       2, 0, 1, 1, 2, 1, 3, 3, 2, 1, 2, 1, 3, 1, 3, 0, 3, 1, 0, 0, 2, 3,
       0, 2, 3, 0, 2, 3, 2, 1, 3, 0, 1, 3, 3, 3, 3, 1, 0, 0, 3, 1, 1, 3,
       1, 3, 3, 2, 1, 1, 2, 1, 3, 2, 3, 2, 1, 1, 0, 3, 1, 2, 1, 2, 0, 2,
       3, 3, 1, 2, 2, 1, 2, 1, 2, 3, 2, 0, 0, 1, 1, 0, 3, 1, 3, 2, 1, 0,
       3, 2, 0, 3, 2, 0, 1, 1, 1, 2, 2, 1, 1, 2, 2, 3, 3, 1, 0, 1, 3, 0,
       1, 1], dtype=object)]
[91, array([-20.3276, -10.3276, -10.    ,   0.    ]), array([1, 0, 0, 0, 2, 3, 3, 3, 3, 2, 3, 3, 0, 0, 1, 2, 3, 0, 2, 1, 3, 1,
       3, 1, 1, 1, 2, 1, 1, 0, 2, 2, 3, 3, 1, 1, 2, 3, 3, 1, 0, 3, 0, 1,
       0, 0, 2, 1, 0, 1, 1, 2, 3, 1, 1, 2, 1, 2, 2, 2, 1, 0, 3, 0, 2, 3,
       0, 2, 0, 0, 3, 1, 1, 0, 3, 0, 0, 0, 1, 2, 1, 1, 1, 3, 3, 3, 0, 3,
       0, 0, 3, 2, 2, 1, 1, 2, 3, 1, 2, 2, 0, 3, 3, 3, 1, 0, 2, 3, 3, 0,
       0, 3, 0, 2, 0, 0, 1, 2, 0, 2, 2, 1, 1, 0, 0, 2, 3, 1, 0, 1, 3, 0,
       0, 0, 1, 2, 1, 3, 3, 2, 2, 2, 1, 1, 1, 3, 0, 1, 2, 2, 2, 3, 1, 3,
       2, 2], dtype=object)]
[90, array([-43.3632, -21.3632, -22.    ,   0.    ]), array([3, 2, 2, 2, 3, 2, 2, 3, 1, 3, 1, 0, 1, 3, 0, 3, 3, 3, 3, 2, 2, 2,
       0, 1, 3, 2, 0, 0, 2, 2, 2, 1, 1, 2, 0, 1, 2, 3, 2, 1, 1, 2, 2, 3,
       2, 1, 3, 1, 0, 3, 1, 3, 3, 3, 3, 2, 2, 1, 3, 1, 2, 0, 0, 2, 1, 3,
       2, 0, 1, 3, 0, 0, 0, 2, 1, 3, 3, 0, 2, 3, 2, 0, 1, 0, 0, 1, 0, 2,
       3, 0, 1, 1, 2, 0, 2, 2, 3, 1, 3, 2, 1, 0, 2, 3, 0, 2, 0, 3, 0, 1,
       3, 3, 3, 0, 1, 1, 2, 2, 1, 1, 2, 2, 0, 2, 0, 3, 1, 0, 2, 2, 3, 3,
       1, 1, 2, 1, 1, 0, 2, 0, 2, 0, 2, 0, 1, 1, 2, 2, 2, 2, 3, 3, 2, 1,
       1, 3], dtype=object)]
[89, array([-20.4656, -10.4656, -10.    ,   0.    ]), array([3, 1, 0, 0, 1, 1, 2, 1, 1, 3, 2, 0, 2, 2, 1, 0, 2, 2, 3, 2, 2, 2,
       1, 0, 2, 3, 1, 0, 0, 1, 0, 2, 3, 1, 2, 2, 1, 2, 3, 1, 1, 1, 1, 1,
       3, 1, 0, 1, 0, 1, 0, 3, 3, 2, 1, 0, 0, 2, 3, 3, 1, 2, 3, 0, 2, 0,
       3, 3, 1, 1, 0, 3, 2, 2, 0, 2, 1, 3, 1, 0, 3, 0, 0, 2, 1, 1, 0, 0,
       2, 3, 2, 3, 3, 3, 1, 2, 1, 2, 3, 0, 0, 1, 3, 3, 2, 3, 1, 3, 2, 1,
       2, 3, 3, 0, 2, 0, 2, 3, 3, 3, 2, 1, 0, 1, 2, 3, 1, 2, 1, 3, 3, 1,
       3, 1, 1, 3, 2, 3, 2, 2, 1, 2, 0, 0, 1, 3, 2, 1, 2, 2, 2, 3, 2, 2,
       2, 3], dtype=object)]
[91, array([-39.9668, -19.9668, -20.    ,   0.    ]), array([1, 3, 2, 1, 3, 0, 0, 1, 0, 1, 1, 2, 2, 0, 0, 3, 2, 0, 2, 3, 0, 1,
       2, 2, 1, 1, 3, 2, 1, 0, 0, 2, 0, 0, 2, 2, 2, 2, 0, 2, 0, 1, 0, 0,
       2, 0, 1, 1, 2, 1, 3, 3, 2, 1, 2, 1, 3, 1, 3, 0, 3, 1, 0, 0, 2, 3,
       0, 2, 3, 0, 2, 3, 2, 1, 3, 0, 1, 3, 3, 3, 3, 1, 0, 0, 3, 1, 1, 3,
       1, 3, 3, 2, 1, 1, 2, 1, 3, 2, 3, 2, 1, 1, 0, 3, 1, 2, 1, 2, 0, 2,
       3, 3, 1, 2, 2, 1, 1, 1, 2, 3, 2, 0, 0, 1, 1, 0, 3, 1, 3, 2, 1, 0,
       3, 2, 0, 3, 2, 0, 1, 1, 1, 2, 2, 1, 1, 2, 2, 3, 3, 1, 0, 1, 3, 0,
       2, 1], dtype=object)]
[92, array([-18.2716,  -9.2716,  -9.    ,   0.    ]), array([1, 3, 0, 2, 0, 1, 2, 0, 1, 2, 3, 3, 3, 3, 0, 2, 1, 3, 3, 1, 0, 3,
       0, 2, 3, 3, 3, 2, 0, 3, 3, 2, 1, 0, 0, 0, 2, 0, 1, 3, 0, 1, 0, 3,
       3, 0, 1, 3, 0, 0, 0, 3, 3, 3, 2, 1, 2, 2, 3, 0, 2, 0, 0, 3, 2, 0,
       3, 2, 1, 0, 0, 3, 1, 3, 0, 2, 2, 2, 3, 0, 3, 0, 3, 0, 3, 0, 0, 0,
       0, 0, 0, 1, 0, 1, 2, 1, 1, 1, 0, 3, 3, 1, 2, 0, 1, 3, 3, 3, 2, 2,
       0, 1, 0, 2, 2, 2, 2, 0, 2, 2, 0, 3, 0, 2, 2, 3, 3, 2, 3, 0, 0, 2,
       1, 1, 2, 1, 3, 2, 3, 3, 0, 3, 0, 0, 3, 3, 3, 0, 3, 1, 1, 3, 2, 1,
       2, 2], dtype=object)]
[91, array([-44.1422, -22.1422, -22.    ,   0.    ]), array([3, 1, 2, 2, 0, 2, 2, 3, 1, 3, 1, 0, 1, 3, 0, 1, 3, 3, 3, 3, 2, 2,
       3, 1, 3, 3, 0, 0, 2, 1, 2, 1, 1, 2, 3, 1, 2, 3, 0, 1, 1, 2, 1, 2,
       2, 1, 3, 1, 0, 0, 1, 3, 3, 1, 3, 2, 2, 1, 3, 1, 2, 0, 0, 2, 1, 3,
       2, 0, 1, 3, 0, 0, 0, 2, 1, 3, 3, 0, 2, 3, 2, 0, 1, 0, 0, 1, 0, 2,
       3, 0, 1, 1, 2, 0, 2, 2, 3, 1, 3, 2, 1, 0, 2, 3, 0, 2, 0, 3, 0, 1,
       3, 3, 3, 0, 1, 0, 2, 2, 1, 1, 2, 2, 0, 2, 0, 3, 1, 0, 2, 2, 3, 3,
       1, 1, 2, 1, 0, 0, 2, 0, 2, 0, 2, 0, 1, 1, 1, 2, 2, 2, 3, 3, 2, 1,
       1, 3], dtype=object)]
[90, array([-20.5602, -10.5602, -10.    ,   0.    ]), array([3, 3, 0, 2, 1, 1, 3, 1, 1, 2, 2, 0, 2, 2, 1, 0, 2, 1, 3, 2, 2, 2,
       1, 0, 2, 3, 1, 0, 0, 0, 0, 2, 3, 1, 2, 2, 1, 2, 1, 1, 1, 1, 1, 1,
       3, 1, 0, 1, 0, 1, 0, 3, 1, 2, 1, 0, 0, 2, 3, 3, 1, 2, 3, 0, 2, 0,
       3, 3, 1, 1, 0, 3, 2, 2, 0, 2, 1, 3, 1, 0, 3, 0, 0, 2, 1, 1, 0, 0,
       2, 3, 2, 3, 3, 3, 1, 2, 1, 2, 3, 0, 0, 1, 3, 3, 2, 3, 1, 3, 2, 1,
       2, 2, 3, 0, 2, 0, 2, 3, 3, 3, 2, 1, 0, 1, 2, 3, 1, 2, 1, 3, 3, 1,
       3, 1, 1, 3, 2, 3, 2, 2, 1, 2, 0, 0, 1, 3, 2, 1, 2, 2, 2, 3, 2, 1,
       1, 3], dtype=object)]
[93, array([-20.1866, -10.1866, -10.    ,   0.    ]), array([1, 0, 0, 0, 2, 3, 3, 3, 3, 2, 3, 3, 0, 0, 1, 2, 3, 0, 2, 1, 3, 1,
       3, 1, 1, 1, 2, 1, 1, 0, 2, 2, 3, 3, 1, 1, 2, 3, 3, 1, 0, 3, 0, 1,
       0, 0, 2, 1, 0, 1, 1, 2, 3, 1, 1, 2, 1, 2, 2, 2, 1, 0, 3, 0, 2, 3,
       0, 2, 0, 0, 3, 1, 1, 0, 3, 0, 0, 0, 1, 2, 1, 1, 1, 3, 3, 3, 0, 3,
       0, 0, 3, 2, 2, 1, 1, 2, 3, 1, 2, 2, 0, 3, 3, 3, 1, 0, 2, 3, 3, 0,
       0, 3, 0, 2, 0, 0, 1, 2, 0, 2, 2, 1, 1, 0, 0, 2, 3, 1, 0, 1, 3, 0,
       0, 0, 1, 2, 1, 3, 3, 2, 2, 2, 1, 1, 1, 3, 0, 1, 2, 2, 2, 3, 1, 3,
       2, 2], dtype=object)]
[92, array([-39.0598, -19.0598, -20.    ,   0.    ]), array([1, 3, 2, 1, 3, 0, 0, 1, 0, 1, 0, 2, 2, 0, 0, 3, 2, 0, 2, 3, 0, 1,
       2, 2, 1, 1, 3, 2, 1, 0, 0, 2, 0, 0, 2, 2, 2, 2, 0, 2, 0, 1, 0, 0,
       2, 0, 1, 1, 2, 1, 3, 3, 2, 1, 2, 1, 3, 1, 3, 0, 3, 3, 0, 0, 2, 3,
       0, 2, 3, 0, 2, 3, 2, 1, 3, 0, 1, 3, 3, 3, 3, 1, 0, 0, 3, 1, 1, 3,
       1, 3, 3, 2, 1, 1, 2, 1, 3, 2, 3, 2, 1, 1, 0, 3, 1, 2, 1, 2, 0, 2,
       3, 3, 1, 2, 2, 1, 1, 1, 2, 3, 2, 0, 0, 1, 1, 0, 3, 1, 3, 2, 1, 0,
       3, 2, 0, 3, 2, 0, 1, 1, 1, 2, 2, 1, 1, 2, 2, 3, 3, 1, 0, 1, 3, 0,
       2, 1], dtype=object)]
[92, array([-44.0338, -22.0338, -22.    ,   0.    ]), array([3, 1, 2, 2, 0, 2, 2, 3, 1, 3, 1, 0, 1, 3, 0, 3, 3, 3, 3, 3, 2, 2,
       3, 1, 3, 3, 0, 0, 2, 2, 3, 1, 1, 2, 3, 1, 2, 3, 0, 1, 1, 2, 1, 2,
       2, 1, 3, 1, 0, 0, 1, 3, 3, 1, 3, 2, 2, 1, 3, 1, 2, 0, 0, 2, 1, 3,
       2, 0, 1, 3, 0, 0, 0, 2, 1, 3, 3, 0, 2, 3, 2, 0, 2, 0, 0, 1, 0, 2,
       3, 0, 1, 1, 2, 0, 2, 2, 3, 1, 3, 2, 1, 0, 2, 3, 0, 2, 0, 3, 0, 1,
       3, 3, 3, 0, 1, 0, 2, 2, 1, 1, 2, 2, 0, 2, 0, 3, 1, 0, 2, 2, 3, 3,
       1, 1, 2, 1, 0, 0, 2, 0, 2, 0, 2, 0, 1, 1, 1, 2, 2, 2, 3, 3, 2, 1,
       1, 3], dtype=object)]
[91, array([-20.4086, -10.4086, -10.    ,   0.    ]), array([3, 1, 0, 0, 1, 1, 1, 1, 1, 3, 2, 0, 2, 2, 1, 0, 2, 1, 3, 2, 2, 2,
       1, 0, 2, 3, 1, 0, 0, 1, 0, 2, 3, 1, 2, 2, 1, 2, 3, 1, 1, 1, 1, 1,
       3, 1, 0, 1, 0, 1, 0, 3, 3, 2, 1, 0, 0, 2, 3, 3, 1, 2, 3, 0, 2, 0,
       3, 3, 1, 1, 0, 3, 2, 2, 1, 2, 1, 3, 1, 0, 3, 0, 0, 2, 1, 1, 0, 0,
       2, 3, 2, 3, 3, 3, 1, 2, 1, 2, 3, 0, 0, 1, 3, 3, 2, 3, 1, 3, 2, 1,
       2, 3, 3, 0, 2, 0, 2, 3, 3, 3, 2, 1, 0, 1, 2, 3, 1, 2, 1, 3, 3, 1,
       3, 1, 1, 3, 2, 3, 2, 2, 1, 2, 0, 0, 1, 3, 2, 1, 2, 2, 2, 3, 2, 2,
       2, 3], dtype=object)]
[94, array([-19.2646,  -9.2646, -10.    ,   0.    ]), array([0, 0, 2, 2, 2, 0, 2, 3, 2, 0, 3, 0, 0, 1, 0, 0, 1, 3, 0, 1, 1, 3,
       0, 0, 3, 1, 0, 3, 3, 3, 2, 3, 3, 0, 3, 2, 3, 3, 1, 1, 0, 1, 3, 1,
       0, 2, 3, 3, 1, 3, 0, 3, 1, 2, 2, 2, 0, 2, 0, 0, 3, 1, 2, 2, 2, 2,
       3, 0, 2, 0, 2, 1, 1, 0, 1, 3, 3, 2, 1, 1, 1, 2, 3, 3, 2, 1, 1, 0,
       2, 2, 2, 0, 0, 0, 0, 2, 1, 0, 1, 1, 3, 3, 2, 0, 1, 3, 2, 3, 3, 3,
       0, 1, 0, 3, 1, 1, 0, 1, 1, 1, 2, 1, 1, 2, 2, 2, 1, 3, 2, 3, 2, 0,
       3, 0, 0, 2, 0, 3, 0, 3, 2, 2, 3, 2, 0, 0, 0, 1, 3, 0, 2, 2, 0, 3,
       1, 1], dtype=object)]
[93, array([-39.5766, -19.5766, -20.    ,   0.    ]), array([1, 3, 2, 1, 3, 0, 0, 1, 0, 1, 1, 2, 2, 0, 0, 3, 2, 0, 2, 3, 0, 1,
       2, 2, 1, 1, 3, 2, 1, 0, 0, 2, 0, 0, 2, 2, 3, 2, 0, 2, 0, 1, 0, 0,
       2, 0, 1, 1, 2, 1, 3, 3, 2, 1, 2, 1, 3, 1, 3, 0, 3, 3, 0, 0, 2, 3,
       0, 2, 3, 0, 2, 0, 2, 1, 3, 0, 1, 3, 3, 3, 3, 1, 0, 0, 3, 1, 1, 3,
       1, 3, 3, 2, 1, 1, 2, 1, 3, 2, 3, 2, 1, 1, 0, 3, 1, 2, 1, 2, 2, 2,
       3, 3, 1, 2, 2, 1, 1, 0, 2, 3, 2, 0, 0, 1, 1, 0, 3, 1, 3, 2, 1, 0,
       3, 2, 0, 3, 2, 0, 1, 1, 1, 2, 2, 1, 1, 2, 2, 3, 3, 1, 0, 1, 3, 0,
       1, 1], dtype=object)]
[93, array([-43.8552, -21.8552, -22.    ,   0.    ]), array([3, 1, 2, 2, 0, 2, 2, 3, 1, 3, 1, 0, 1, 3, 0, 1, 3, 3, 3, 3, 2, 2,
       3, 1, 3, 3, 0, 0, 2, 1, 2, 1, 1, 2, 3, 1, 2, 3, 0, 1, 1, 2, 1, 2,
       2, 1, 3, 1, 0, 0, 1, 3, 3, 1, 3, 2, 2, 1, 3, 1, 2, 0, 0, 2, 1, 3,
       2, 0, 1, 3, 0, 0, 0, 2, 1, 3, 3, 0, 2, 3, 2, 0, 1, 0, 0, 1, 0, 0,
       3, 0, 1, 1, 2, 0, 2, 2, 1, 1, 3, 2, 1, 0, 2, 3, 0, 2, 0, 3, 0, 1,
       3, 3, 3, 0, 1, 1, 2, 2, 1, 1, 2, 2, 0, 2, 0, 3, 1, 0, 2, 2, 3, 3,
       1, 1, 2, 1, 1, 0, 2, 0, 2, 0, 2, 0, 1, 1, 1, 2, 2, 2, 3, 3, 2, 1,
       1, 3], dtype=object)]
[92, array([-20.727, -10.727, -10.   ,   0.   ]), array([3, 1, 0, 0, 1, 1, 1, 1, 1, 3, 2, 3, 2, 2, 1, 0, 2, 1, 3, 2, 2, 2,
       1, 0, 2, 3, 1, 0, 0, 0, 0, 2, 3, 1, 2, 2, 1, 2, 1, 1, 1, 1, 1, 1,
       3, 1, 0, 1, 0, 1, 0, 3, 3, 2, 1, 0, 0, 2, 3, 3, 1, 2, 3, 0, 2, 0,
       3, 3, 1, 1, 0, 3, 2, 2, 0, 2, 1, 3, 1, 0, 3, 0, 0, 2, 1, 1, 3, 0,
       2, 3, 2, 3, 3, 3, 1, 2, 1, 2, 3, 0, 0, 3, 3, 3, 2, 3, 1, 3, 2, 1,
       2, 3, 3, 0, 2, 0, 2, 3, 3, 3, 2, 1, 0, 1, 2, 3, 1, 2, 1, 3, 3, 1,
       3, 1, 1, 3, 2, 3, 2, 2, 1, 2, 0, 0, 1, 3, 2, 1, 2, 2, 2, 3, 2, 2,
       2, 3], dtype=object)]
[95, array([-19.5428,  -9.5428, -10.    ,   0.    ]), array([1, 0, 0, 0, 2, 3, 3, 3, 3, 2, 3, 3, 0, 0, 1, 2, 3, 0, 2, 1, 3, 1,
       3, 1, 1, 1, 2, 1, 1, 0, 2, 2, 3, 3, 1, 1, 2, 3, 3, 1, 0, 3, 0, 1,
       0, 0, 2, 1, 0, 1, 1, 2, 3, 1, 1, 2, 1, 2, 2, 2, 1, 0, 3, 0, 2, 3,
       0, 2, 0, 0, 3, 1, 1, 0, 3, 0, 0, 0, 1, 2, 1, 1, 1, 3, 3, 3, 0, 3,
       0, 0, 3, 2, 2, 1, 1, 2, 3, 1, 2, 2, 0, 3, 3, 3, 1, 0, 2, 3, 3, 0,
       0, 3, 0, 2, 0, 0, 1, 2, 0, 2, 2, 1, 1, 0, 0, 2, 3, 1, 0, 1, 3, 0,
       0, 0, 1, 2, 1, 3, 3, 2, 2, 2, 1, 1, 1, 3, 0, 1, 2, 2, 2, 3, 1, 3,
       2, 2], dtype=object)]
[94, array([-18.1268,  -9.1268,  -9.    ,   0.    ]), array([3, 3, 2, 0, 0, 1, 0, 1, 0, 3, 2, 1, 2, 3, 1, 3, 0, 1, 1, 3, 2, 0,
       2, 3, 1, 2, 3, 2, 2, 3, 3, 3, 0, 2, 0, 2, 1, 2, 3, 1, 2, 2, 1, 0,
       2, 0, 1, 1, 0, 1, 2, 3, 1, 1, 3, 3, 0, 2, 3, 1, 3, 1, 0, 1, 1, 1,
       0, 0, 1, 2, 2, 3, 0, 0, 0, 1, 0, 1, 0, 1, 3, 3, 0, 1, 1, 2, 2, 0,
       1, 3, 0, 2, 1, 1, 2, 1, 3, 3, 3, 2, 1, 1, 1, 3, 0, 2, 1, 0, 1, 3,
       0, 0, 1, 0, 2, 2, 1, 2, 2, 3, 3, 3, 0, 1, 0, 2, 1, 3, 3, 2, 1, 0,
       3, 0, 2, 0, 3, 3, 3, 1, 1, 3, 1, 1, 2, 1, 1, 3, 0, 0, 0, 0, 0, 0,
       1, 1], dtype=object)]
[94, array([-43.4918, -21.4918, -22.    ,   0.    ]), array([3, 1, 2, 2, 0, 2, 2, 3, 1, 3, 1, 0, 1, 3, 0, 1, 3, 2, 3, 3, 0, 2,
       3, 1, 3, 3, 0, 0, 2, 1, 2, 1, 1, 2, 3, 1, 2, 3, 0, 1, 1, 2, 1, 2,
       2, 1, 3, 1, 0, 0, 1, 3, 3, 1, 3, 2, 2, 1, 3, 1, 2, 0, 0, 2, 1, 3,
       2, 0, 1, 3, 0, 0, 0, 2, 1, 3, 3, 0, 2, 3, 2, 0, 1, 0, 0, 3, 0, 2,
       3, 0, 1, 1, 2, 0, 2, 2, 3, 1, 3, 2, 1, 0, 2, 3, 0, 2, 0, 3, 0, 1,
       3, 3, 3, 0, 1, 0, 2, 2, 1, 1, 2, 2, 0, 2, 0, 3, 1, 0, 2, 2, 3, 3,
       1, 1, 2, 1, 0, 0, 2, 0, 2, 0, 2, 0, 1, 1, 1, 2, 2, 2, 3, 3, 2, 1,
       1, 3], dtype=object)]
[93, array([-20.6598, -10.6598, -10.    ,   0.    ]), array([3, 3, 0, 2, 1, 1, 3, 1, 1, 2, 2, 0, 2, 2, 1, 0, 2, 1, 3, 2, 2, 2,
       1, 0, 2, 3, 1, 0, 0, 0, 0, 2, 3, 1, 2, 2, 1, 2, 1, 1, 1, 1, 1, 1,
       3, 1, 0, 1, 0, 1, 0, 3, 1, 2, 1, 0, 0, 2, 3, 3, 1, 2, 3, 0, 2, 0,
       3, 3, 1, 1, 0, 3, 2, 2, 0, 2, 1, 3, 1, 0, 3, 0, 0, 2, 1, 1, 0, 0,
       2, 3, 2, 3, 3, 3, 1, 2, 1, 2, 3, 0, 0, 1, 3, 3, 2, 3, 1, 3, 0, 1,
       2, 3, 3, 0, 2, 0, 2, 3, 3, 3, 2, 1, 0, 1, 2, 3, 1, 2, 1, 3, 3, 1,
       3, 1, 1, 3, 2, 3, 2, 2, 1, 2, 0, 3, 1, 3, 2, 1, 2, 2, 2, 3, 2, 2,
       2, 3], dtype=object)]
[96, array([-19.254,  -9.254, -10.   ,   0.   ]), array([1, 0, 0, 0, 2, 3, 3, 3, 3, 2, 3, 3, 0, 0, 1, 2, 3, 0, 2, 1, 3, 1,
       3, 1, 1, 1, 2, 1, 1, 0, 2, 2, 3, 3, 1, 1, 2, 3, 0, 1, 0, 3, 0, 1,
       0, 0, 2, 1, 0, 1, 1, 2, 3, 1, 1, 2, 1, 2, 2, 2, 1, 0, 3, 0, 2, 3,
       0, 2, 0, 0, 3, 1, 1, 0, 3, 0, 0, 0, 1, 2, 1, 1, 1, 3, 3, 3, 0, 3,
       0, 0, 3, 2, 2, 1, 1, 2, 3, 1, 2, 2, 0, 3, 3, 3, 1, 0, 2, 3, 3, 0,
       0, 3, 0, 2, 0, 0, 1, 2, 0, 2, 2, 1, 1, 0, 0, 2, 3, 1, 0, 1, 3, 0,
       0, 0, 1, 2, 1, 3, 3, 2, 2, 2, 1, 1, 1, 3, 0, 1, 2, 2, 2, 3, 1, 3,
       2, 2], dtype=object)]
[95, array([-14.1074,  -7.1074,  -7.    ,   0.    ]), array([2, 2, 1, 3, 1, 0, 3, 1, 0, 3, 1, 3, 1, 0, 2, 3, 1, 3, 2, 2, 0, 1,
       2, 1, 0, 2, 0, 3, 0, 3, 3, 1, 2, 0, 2, 2, 0, 1, 2, 3, 3, 2, 1, 1,
       1, 0, 3, 3, 1, 3, 3, 0, 0, 1, 1, 0, 2, 1, 1, 1, 3, 2, 2, 2, 3, 0,
       1, 3, 3, 1, 2, 3, 1, 1, 3, 1, 3, 0, 3, 3, 3, 1, 1, 1, 1, 2, 0, 3,
       1, 3, 2, 0, 1, 1, 0, 2, 0, 1, 1, 2, 3, 1, 3, 0, 2, 3, 0, 2, 3, 3,
       1, 3, 0, 1, 2, 3, 1, 1, 3, 3, 3, 1, 0, 3, 2, 2, 1, 1, 1, 3, 1, 0,
       3, 2, 2, 0, 3, 2, 0, 1, 1, 3, 0, 1, 3, 3, 1, 3, 2, 0, 0, 2, 3, 0,
       1, 3], dtype=object)]
[95, array([-44.0966, -22.0966, -22.    ,   0.    ]), array([3, 2, 2, 2, 3, 2, 2, 3, 1, 3, 1, 0, 1, 3, 0, 3, 3, 3, 3, 3, 2, 2,
       3, 1, 3, 3, 0, 0, 2, 1, 2, 1, 1, 2, 3, 1, 2, 3, 0, 1, 1, 2, 1, 2,
       2, 1, 3, 1, 0, 0, 1, 3, 3, 1, 3, 2, 2, 1, 3, 1, 2, 0, 0, 2, 1, 3,
       2, 0, 1, 3, 0, 0, 0, 2, 1, 3, 3, 0, 2, 3, 2, 0, 1, 0, 0, 1, 0, 3,
       3, 0, 1, 1, 2, 0, 2, 3, 1, 1, 3, 2, 1, 0, 2, 3, 0, 2, 0, 3, 0, 1,
       3, 3, 3, 0, 1, 0, 2, 2, 1, 1, 2, 2, 0, 2, 0, 3, 1, 0, 2, 2, 3, 3,
       1, 1, 2, 1, 0, 0, 2, 0, 2, 0, 2, 0, 1, 1, 1, 2, 2, 2, 3, 3, 2, 1,
       1, 3], dtype=object)]
[94, array([-20.8042, -10.8042, -10.    ,   0.    ]), array([3, 1, 0, 0, 1, 1, 1, 1, 1, 3, 2, 0, 2, 2, 1, 0, 2, 2, 3, 2, 2, 2,
       1, 0, 2, 3, 1, 0, 0, 1, 0, 2, 3, 1, 2, 2, 1, 2, 3, 1, 1, 1, 1, 1,
       3, 1, 0, 1, 0, 1, 0, 3, 3, 2, 1, 0, 0, 2, 3, 3, 1, 2, 3, 0, 2, 0,
       3, 3, 1, 1, 0, 3, 2, 2, 0, 2, 1, 3, 1, 0, 3, 0, 2, 2, 1, 1, 0, 0,
       2, 3, 2, 3, 3, 3, 1, 2, 1, 2, 3, 0, 0, 1, 3, 3, 2, 3, 1, 3, 2, 1,
       2, 3, 3, 0, 2, 0, 2, 3, 3, 3, 2, 1, 0, 1, 2, 3, 1, 2, 1, 3, 3, 1,
       3, 1, 1, 3, 2, 3, 2, 2, 1, 2, 0, 0, 1, 3, 2, 1, 2, 2, 2, 3, 2, 2,
       2, 3], dtype=object)]
[97, array([-16.7142,  -8.7142,  -8.    ,   0.    ]), array([0, 3, 1, 1, 2, 3, 3, 3, 3, 2, 3, 3, 1, 0, 1, 2, 3, 1, 2, 0, 3, 1,
       2, 1, 1, 3, 2, 1, 1, 0, 2, 2, 3, 3, 1, 1, 2, 3, 1, 1, 2, 3, 0, 1,
       3, 2, 2, 1, 0, 1, 1, 2, 3, 1, 1, 2, 1, 2, 1, 0, 1, 0, 3, 2, 2, 3,
       1, 1, 0, 0, 3, 0, 1, 0, 3, 0, 0, 0, 1, 0, 1, 1, 1, 1, 3, 3, 1, 3,
       0, 0, 3, 2, 2, 1, 3, 2, 3, 1, 1, 3, 0, 0, 0, 2, 3, 2, 2, 0, 3, 2,
       0, 1, 1, 1, 1, 2, 2, 3, 0, 2, 2, 1, 1, 0, 2, 2, 1, 3, 2, 2, 2, 2,
       2, 0, 0, 3, 0, 3, 0, 3, 1, 2, 2, 2, 2, 0, 0, 0, 2, 2, 0, 2, 3, 1,
       1, 1], dtype=object)]
[96, array([-1.4984, -1.4984,  0.    ,  0.    ]), array([3, 2, 2, 1, 1, 3, 2, 1, 2, 2, 1, 0, 1, 1, 3, 2, 0, 2, 3, 3, 2, 1,
       2, 0, 2, 0, 0, 0, 2, 3, 3, 1, 3, 2, 0, 3, 1, 0, 1, 2, 2, 2, 0, 3,
       1, 2, 0, 1, 3, 1, 1, 3, 3, 0, 3, 1, 2, 1, 2, 0, 3, 0, 1, 0, 1, 1,
       3, 0, 3, 2, 0, 3, 0, 3, 0, 3, 3, 0, 0, 3, 2, 2, 3, 1, 3, 1, 1, 3,
       1, 3, 3, 3, 1, 0, 1, 1, 0, 0, 1, 2, 3, 0, 2, 1, 1, 2, 3, 2, 2, 1,
       3, 2, 0, 3, 2, 1, 2, 2, 2, 0, 3, 2, 0, 0, 3, 3, 3, 2, 0, 2, 1, 2,
       3, 0, 0, 0, 0, 0, 2, 2, 0, 2, 3, 2, 2, 2, 0, 0, 2, 2, 0, 1, 3, 1,
       1, 1], dtype=object)]
[95, array([-20.7476, -10.7476, -10.    ,   0.    ]), array([3, 1, 0, 2, 1, 1, 1, 1, 1, 3, 2, 0, 2, 2, 1, 0, 2, 2, 3, 2, 2, 2,
       1, 0, 2, 3, 1, 0, 0, 1, 0, 2, 3, 1, 2, 2, 2, 2, 3, 1, 1, 1, 1, 1,
       3, 1, 0, 1, 0, 1, 0, 3, 3, 2, 1, 0, 0, 2, 3, 3, 1, 2, 3, 0, 2, 0,
       3, 3, 1, 1, 0, 3, 2, 2, 0, 2, 1, 3, 1, 0, 3, 0, 0, 2, 1, 1, 0, 0,
       2, 3, 2, 3, 3, 3, 1, 2, 1, 2, 3, 0, 0, 1, 3, 3, 2, 3, 1, 3, 0, 1,
       2, 3, 3, 0, 2, 0, 2, 3, 3, 3, 2, 1, 0, 1, 2, 3, 1, 2, 1, 3, 3, 1,
       3, 1, 1, 3, 2, 2, 2, 2, 1, 2, 0, 3, 1, 3, 2, 1, 2, 2, 2, 3, 2, 2,
       2, 3], dtype=object)]
[96, array([-43.8504, -21.8504, -22.    ,   0.    ]), array([3, 2, 2, 2, 3, 2, 2, 3, 1, 3, 1, 0, 1, 3, 0, 3, 3, 3, 3, 3, 2, 2,
       3, 1, 3, 3, 0, 0, 2, 2, 3, 1, 1, 2, 3, 1, 2, 3, 0, 1, 1, 2, 1, 2,
       2, 1, 3, 1, 0, 0, 1, 3, 3, 1, 3, 2, 2, 1, 3, 1, 2, 0, 0, 2, 1, 3,
       2, 0, 1, 3, 0, 0, 0, 2, 1, 3, 3, 0, 2, 3, 2, 0, 1, 0, 0, 1, 0, 2,
       3, 0, 1, 1, 2, 0, 2, 2, 3, 1, 3, 2, 1, 0, 2, 3, 0, 2, 0, 3, 0, 1,
       3, 3, 3, 0, 1, 0, 2, 2, 1, 1, 2, 2, 0, 2, 0, 3, 1, 0, 2, 2, 3, 3,
       1, 1, 2, 1, 0, 0, 2, 0, 2, 0, 2, 0, 1, 1, 1, 2, 2, 2, 3, 3, 2, 2,
       1, 3], dtype=object)]
[98, array([-15.8162,  -7.8162,  -8.    ,   0.    ]), array([0, 3, 1, 1, 2, 3, 3, 3, 3, 2, 3, 3, 1, 0, 1, 2, 3, 1, 2, 0, 3, 1,
       2, 1, 1, 3, 2, 1, 1, 0, 2, 2, 3, 3, 1, 1, 2, 3, 1, 1, 2, 3, 0, 1,
       3, 2, 2, 1, 0, 1, 1, 2, 3, 1, 1, 2, 1, 2, 1, 0, 1, 0, 3, 2, 2, 3,
       1, 1, 0, 0, 3, 0, 1, 0, 3, 0, 0, 0, 1, 0, 1, 1, 1, 1, 3, 3, 1, 3,
       0, 0, 3, 2, 2, 1, 3, 2, 3, 1, 1, 3, 0, 0, 0, 2, 3, 2, 2, 0, 3, 2,
       0, 1, 1, 1, 1, 2, 2, 3, 0, 2, 2, 1, 1, 0, 2, 2, 1, 3, 2, 2, 2, 2,
       2, 0, 0, 3, 0, 3, 0, 3, 1, 2, 2, 2, 2, 1, 0, 0, 2, 2, 0, 2, 3, 1,
       1, 1], dtype=object)]
[97, array([-39.165, -19.165, -20.   ,   0.   ]), array([1, 3, 2, 1, 3, 0, 0, 1, 0, 1, 1, 2, 2, 0, 0, 3, 2, 0, 2, 3, 0, 1,
       2, 2, 1, 1, 3, 2, 1, 0, 0, 2, 0, 0, 2, 2, 2, 2, 0, 2, 0, 1, 0, 0,
       2, 0, 1, 1, 2, 1, 3, 3, 2, 1, 2, 1, 3, 1, 3, 0, 3, 3, 0, 0, 2, 3,
       0, 2, 3, 0, 2, 0, 2, 1, 3, 0, 1, 3, 3, 3, 3, 1, 0, 0, 3, 1, 1, 3,
       1, 3, 3, 2, 1, 1, 2, 1, 3, 2, 3, 2, 1, 1, 0, 3, 1, 2, 1, 2, 2, 2,
       3, 3, 1, 2, 2, 1, 1, 0, 2, 3, 2, 0, 0, 1, 1, 0, 3, 1, 3, 2, 1, 0,
       3, 2, 0, 3, 2, 0, 1, 1, 1, 2, 2, 1, 1, 2, 2, 3, 3, 1, 0, 1, 3, 0,
       1, 1], dtype=object)]
[96, array([-20.815, -10.815, -10.   ,   0.   ]), array([3, 1, 0, 0, 1, 1, 1, 1, 1, 3, 2, 0, 2, 2, 1, 0, 2, 1, 3, 2, 2, 2,
       1, 0, 2, 3, 1, 0, 0, 1, 0, 1, 3, 1, 2, 2, 1, 2, 3, 1, 1, 1, 1, 1,
       3, 1, 0, 1, 0, 1, 0, 3, 3, 2, 1, 0, 0, 2, 3, 3, 1, 2, 3, 0, 2, 0,
       3, 3, 1, 1, 0, 3, 2, 2, 0, 2, 1, 3, 1, 0, 3, 0, 0, 0, 1, 1, 0, 0,
       2, 3, 2, 3, 3, 3, 1, 2, 1, 2, 3, 0, 0, 1, 3, 3, 2, 3, 1, 3, 2, 1,
       2, 3, 3, 0, 2, 0, 2, 3, 3, 3, 2, 1, 0, 1, 2, 3, 1, 2, 1, 3, 3, 1,
       3, 1, 1, 3, 2, 3, 2, 2, 1, 2, 0, 0, 1, 3, 2, 1, 2, 2, 2, 3, 2, 2,
       2, 3], dtype=object)]
[97, array([-44.1068, -22.1068, -22.    ,   0.    ]), array([3, 2, 2, 2, 3, 2, 2, 3, 1, 3, 1, 0, 1, 3, 0, 3, 3, 3, 3, 3, 2, 2,
       3, 1, 3, 3, 0, 0, 2, 2, 3, 1, 1, 2, 3, 1, 2, 3, 0, 1, 1, 2, 1, 2,
       2, 1, 3, 1, 0, 0, 1, 3, 3, 1, 3, 2, 2, 1, 3, 1, 2, 0, 0, 2, 1, 3,
       2, 0, 1, 3, 0, 0, 0, 2, 1, 3, 3, 0, 2, 3, 2, 0, 1, 0, 0, 1, 0, 2,
       3, 0, 1, 1, 2, 0, 2, 2, 3, 1, 3, 2, 1, 0, 2, 3, 0, 2, 0, 3, 0, 1,
       3, 3, 3, 0, 1, 0, 2, 2, 1, 1, 2, 2, 0, 2, 0, 3, 1, 0, 2, 2, 3, 3,
       1, 1, 2, 1, 0, 0, 2, 0, 2, 0, 2, 0, 1, 1, 1, 2, 2, 2, 3, 3, 2, 1,
       1, 3], dtype=object)]
[99, array([-19.9708,  -9.9708, -10.    ,   0.    ]), array([2, 0, 0, 3, 2, 0, 2, 1, 0, 0, 2, 0, 3, 2, 2, 3, 0, 1, 3, 1, 3, 3,
       0, 1, 1, 2, 0, 1, 0, 2, 2, 0, 2, 2, 1, 2, 1, 3, 1, 0, 0, 0, 2, 3,
       3, 2, 1, 2, 1, 1, 0, 3, 1, 2, 2, 2, 0, 2, 0, 0, 3, 1, 2, 2, 2, 2,
       3, 0, 2, 0, 2, 1, 1, 0, 1, 3, 3, 2, 1, 1, 1, 2, 0, 3, 2, 1, 1, 0,
       2, 2, 2, 0, 0, 0, 0, 2, 1, 0, 1, 1, 3, 3, 2, 0, 1, 3, 2, 3, 3, 3,
       0, 1, 0, 3, 1, 1, 0, 1, 1, 1, 2, 1, 1, 2, 2, 2, 1, 3, 2, 3, 2, 0,
       3, 0, 0, 2, 0, 3, 0, 3, 2, 2, 3, 2, 0, 0, 0, 1, 3, 0, 2, 2, 0, 3,
       1, 1], dtype=object)]
[97, array([-20.9358, -10.9358, -10.    ,   0.    ]), array([3, 1, 0, 0, 1, 1, 1, 1, 1, 3, 2, 0, 2, 2, 1, 0, 2, 2, 3, 2, 2, 2,
       1, 0, 2, 3, 1, 0, 0, 1, 0, 2, 3, 1, 2, 2, 1, 2, 3, 1, 1, 1, 1, 1,
       3, 1, 0, 1, 0, 1, 0, 3, 3, 2, 1, 0, 0, 2, 3, 3, 1, 2, 3, 0, 2, 0,
       3, 3, 1, 1, 0, 3, 2, 2, 0, 2, 1, 3, 1, 0, 3, 0, 0, 2, 1, 1, 0, 0,
       2, 3, 2, 3, 3, 3, 1, 2, 1, 2, 3, 0, 0, 1, 3, 3, 2, 3, 1, 3, 2, 1,
       2, 3, 3, 0, 2, 0, 2, 3, 3, 3, 2, 1, 0, 1, 2, 3, 1, 2, 1, 3, 3, 1,
       3, 1, 1, 3, 2, 3, 2, 2, 1, 2, 0, 0, 1, 3, 2, 1, 2, 2, 2, 3, 2, 2,
       2, 3], dtype=object)]
[98, array([-15.7552,  -7.7552,  -8.    ,   0.    ]), array([3, 2, 2, 1, 1, 3, 2, 1, 2, 2, 1, 0, 1, 1, 3, 2, 0, 2, 3, 3, 2, 1,
       2, 0, 2, 0, 0, 0, 2, 3, 3, 1, 3, 2, 0, 3, 1, 0, 1, 2, 2, 2, 0, 3,
       1, 2, 0, 1, 3, 1, 1, 3, 3, 0, 3, 1, 2, 1, 2, 0, 3, 0, 1, 0, 1, 1,
       3, 0, 3, 2, 0, 3, 0, 3, 0, 3, 3, 0, 0, 3, 2, 2, 3, 1, 3, 1, 1, 3,
       1, 3, 3, 3, 1, 0, 1, 1, 0, 0, 1, 2, 3, 0, 2, 1, 1, 2, 3, 1, 2, 1,
       3, 2, 0, 3, 2, 1, 2, 2, 2, 0, 3, 2, 0, 0, 3, 3, 3, 2, 0, 0, 3, 0,
       1, 0, 0, 0, 3, 0, 0, 0, 1, 2, 3, 1, 0, 3, 2, 3, 3, 2, 0, 3, 3, 1,
       0, 0], dtype=object)]
[98, array([-43.2622, -21.2622, -22.    ,   0.    ]), array([3, 2, 2, 2, 0, 2, 2, 3, 1, 3, 1, 0, 1, 3, 0, 1, 3, 2, 3, 3, 0, 2,
       3, 1, 3, 3, 0, 0, 2, 1, 2, 1, 1, 2, 3, 1, 2, 3, 0, 1, 1, 2, 1, 2,
       2, 1, 3, 1, 0, 0, 1, 3, 3, 1, 3, 2, 2, 1, 3, 1, 2, 0, 0, 2, 1, 3,
       2, 0, 1, 3, 0, 0, 0, 2, 1, 3, 3, 0, 2, 3, 2, 0, 1, 0, 0, 3, 0, 2,
       3, 0, 1, 1, 2, 0, 2, 2, 3, 1, 3, 2, 1, 0, 2, 3, 0, 2, 0, 3, 0, 1,
       3, 3, 3, 0, 1, 0, 2, 2, 1, 1, 2, 2, 0, 2, 0, 3, 1, 0, 2, 2, 3, 3,
       1, 1, 2, 1, 0, 0, 2, 0, 2, 0, 2, 0, 1, 1, 1, 2, 2, 2, 3, 3, 2, 1,
       1, 3], dtype=object)]
[98, array([-20.7276, -10.7276, -10.    ,   0.    ]), array([3, 1, 0, 0, 1, 1, 1, 1, 1, 3, 2, 0, 2, 2, 1, 0, 2, 2, 3, 2, 2, 2,
       1, 0, 2, 3, 1, 0, 0, 1, 0, 2, 3, 1, 2, 2, 1, 2, 3, 1, 1, 1, 1, 1,
       3, 1, 0, 1, 0, 1, 0, 3, 3, 2, 1, 0, 0, 2, 3, 3, 1, 2, 3, 0, 2, 0,
       3, 3, 1, 1, 0, 3, 2, 2, 0, 2, 1, 3, 1, 0, 3, 0, 0, 2, 1, 1, 0, 0,
       2, 3, 2, 3, 3, 3, 1, 2, 1, 2, 3, 0, 0, 1, 3, 3, 2, 3, 1, 3, 2, 0,
       2, 3, 3, 0, 2, 0, 2, 3, 3, 3, 2, 1, 0, 1, 2, 3, 1, 2, 1, 3, 1, 1,
       3, 1, 1, 3, 2, 3, 2, 2, 1, 2, 0, 0, 1, 3, 2, 1, 2, 2, 2, 3, 2, 2,
       2, 3], dtype=object)]
[99, array([-39.6272, -19.6272, -20.    ,   0.    ]), array([1, 3, 2, 1, 3, 0, 0, 1, 0, 1, 1, 2, 2, 0, 0, 3, 2, 0, 2, 3, 0, 1,
       2, 2, 1, 1, 3, 2, 1, 0, 0, 2, 0, 0, 2, 2, 3, 2, 0, 2, 0, 1, 0, 0,
       2, 0, 1, 1, 2, 1, 3, 3, 2, 1, 2, 1, 3, 1, 3, 0, 3, 3, 0, 0, 2, 3,
       0, 2, 3, 0, 2, 0, 2, 1, 3, 0, 1, 3, 3, 3, 3, 1, 0, 0, 3, 1, 1, 3,
       1, 3, 3, 2, 1, 1, 2, 1, 3, 2, 3, 2, 1, 1, 0, 3, 1, 2, 1, 2, 2, 2,
       3, 3, 1, 2, 2, 1, 1, 0, 2, 3, 2, 0, 0, 1, 1, 0, 3, 1, 3, 2, 1, 0,
       3, 2, 0, 3, 2, 0, 1, 1, 1, 2, 2, 1, 1, 2, 2, 3, 3, 1, 0, 1, 3, 0,
       2, 1], dtype=object)]
[99, array([-44.693, -22.693, -22.   ,   0.   ]), array([3, 2, 2, 2, 3, 2, 2, 3, 1, 3, 1, 0, 1, 3, 0, 3, 3, 3, 3, 3, 2, 2,
       3, 1, 3, 3, 0, 0, 2, 2, 3, 1, 1, 2, 3, 1, 2, 3, 0, 1, 1, 2, 1, 2,
       2, 1, 3, 1, 0, 0, 1, 3, 3, 1, 3, 2, 2, 1, 3, 1, 2, 0, 0, 2, 1, 3,
       2, 0, 1, 3, 0, 0, 0, 2, 1, 3, 3, 0, 2, 3, 2, 0, 2, 0, 0, 1, 0, 2,
       3, 0, 1, 1, 2, 0, 2, 2, 3, 1, 3, 2, 1, 0, 2, 3, 0, 2, 0, 3, 0, 1,
       3, 3, 3, 0, 1, 0, 2, 2, 1, 1, 2, 2, 0, 2, 0, 3, 1, 0, 2, 2, 3, 3,
       1, 1, 2, 1, 0, 0, 2, 0, 2, 0, 2, 0, 1, 1, 1, 2, 2, 2, 3, 3, 2, 1,
       1, 3], dtype=object)]
[99, array([-32.2962, -16.2962, -16.    ,   0.    ]), array([3, 1, 0, 0, 1, 1, 1, 1, 1, 3, 2, 3, 2, 2, 1, 0, 2, 2, 3, 2, 2, 2,
       1, 0, 2, 3, 1, 0, 0, 0, 0, 2, 3, 1, 2, 2, 1, 2, 3, 1, 1, 1, 1, 1,
       3, 1, 0, 1, 0, 1, 0, 3, 3, 2, 1, 0, 0, 2, 3, 3, 1, 2, 3, 0, 2, 0,
       3, 3, 1, 1, 0, 3, 2, 2, 0, 2, 1, 3, 1, 0, 3, 0, 0, 2, 1, 1, 2, 0,
       2, 3, 2, 3, 3, 3, 1, 2, 1, 2, 3, 0, 0, 1, 3, 3, 2, 3, 1, 3, 0, 1,
       2, 3, 3, 0, 2, 0, 2, 3, 3, 3, 2, 1, 0, 1, 2, 3, 1, 2, 1, 3, 1, 1,
       3, 1, 1, 3, 2, 2, 2, 2, 1, 2, 0, 3, 1, 3, 2, 1, 2, 2, 2, 3, 3, 2,
       2, 3], dtype=object)]
[100, array([-39.0476, -19.0476, -20.    ,   0.    ]), array([1, 3, 2, 1, 3, 0, 0, 1, 0, 1, 1, 1, 2, 0, 0, 3, 2, 0, 2, 3, 0, 1,
       2, 2, 1, 1, 3, 2, 1, 0, 0, 2, 0, 0, 2, 2, 3, 2, 0, 2, 0, 1, 0, 0,
       2, 0, 1, 1, 2, 1, 3, 3, 2, 1, 2, 1, 3, 1, 3, 0, 3, 3, 0, 0, 2, 3,
       0, 2, 3, 0, 2, 0, 2, 1, 3, 0, 1, 3, 3, 3, 3, 1, 0, 0, 3, 1, 1, 3,
       1, 3, 3, 2, 1, 1, 2, 1, 3, 2, 3, 2, 1, 1, 0, 3, 1, 2, 1, 2, 2, 2,
       3, 3, 1, 2, 2, 1, 1, 0, 2, 3, 2, 0, 0, 1, 1, 0, 3, 1, 3, 2, 1, 0,
       3, 2, 0, 3, 2, 0, 1, 1, 1, 2, 2, 1, 1, 2, 2, 3, 3, 1, 0, 1, 3, 0,
       2, 1], dtype=object)]
[100, array([-44.195, -22.195, -22.   ,   0.   ]), array([3, 2, 2, 2, 3, 2, 2, 3, 1, 3, 1, 0, 1, 3, 0, 3, 3, 3, 3, 3, 2, 2,
       3, 1, 3, 3, 0, 0, 2, 2, 3, 1, 1, 2, 3, 1, 2, 3, 0, 1, 1, 2, 1, 2,
       2, 1, 3, 1, 0, 0, 1, 3, 3, 1, 3, 2, 2, 1, 3, 1, 2, 0, 0, 2, 1, 3,
       2, 0, 1, 3, 0, 0, 0, 2, 1, 3, 3, 0, 2, 3, 2, 0, 2, 0, 0, 1, 0, 2,
       3, 0, 1, 1, 2, 0, 2, 2, 3, 1, 3, 2, 1, 0, 2, 3, 0, 2, 0, 3, 0, 1,
       3, 3, 3, 0, 1, 0, 2, 2, 1, 1, 2, 2, 0, 2, 0, 3, 1, 0, 2, 2, 3, 3,
       1, 1, 2, 1, 0, 0, 2, 0, 2, 0, 2, 0, 1, 1, 1, 2, 2, 2, 3, 3, 2, 1,
       1, 3], dtype=object)]
[100, array([-20.6012, -10.6012, -10.    ,   0.    ]), array([3, 1, 0, 0, 1, 1, 1, 1, 1, 3, 2, 0, 2, 2, 1, 0, 2, 2, 3, 2, 2, 2,
       1, 0, 2, 3, 1, 0, 0, 1, 0, 2, 3, 1, 2, 2, 1, 2, 3, 1, 1, 1, 1, 1,
       3, 1, 0, 1, 0, 1, 0, 3, 3, 2, 1, 0, 0, 2, 3, 3, 1, 2, 3, 0, 2, 0,
       3, 3, 1, 1, 0, 3, 2, 2, 1, 1, 1, 3, 1, 0, 3, 0, 0, 2, 1, 1, 0, 0,
       2, 3, 2, 3, 3, 3, 1, 2, 1, 2, 3, 0, 0, 3, 3, 3, 2, 3, 1, 3, 0, 1,
       2, 3, 3, 0, 2, 0, 2, 3, 3, 3, 2, 1, 0, 1, 2, 3, 1, 2, 1, 3, 3, 1,
       3, 1, 1, 3, 2, 2, 2, 2, 1, 2, 0, 3, 1, 3, 3, 1, 2, 2, 2, 3, 3, 2,
       2, 3], dtype=object)]
[100, array([-12.38,  -6.38,  -6.  ,   0.  ]), array([1, 0, 3, 1, 0, 2, 3, 3, 3, 0, 3, 3, 0, 3, 2, 3, 1, 1, 2, 0, 0, 2,
       0, 1, 3, 3, 0, 1, 2, 3, 1, 0, 3, 2, 0, 2, 3, 1, 0, 0, 3, 2, 3, 2,
       2, 2, 3, 2, 3, 1, 1, 3, 0, 2, 1, 0, 0, 0, 2, 2, 3, 2, 1, 2, 0, 2,
       3, 3, 2, 1, 0, 3, 1, 1, 2, 1, 0, 1, 2, 0, 1, 0, 3, 3, 2, 1, 1, 2,
       2, 2, 2, 0, 0, 0, 0, 2, 1, 0, 1, 1, 2, 3, 2, 0, 1, 3, 2, 3, 3, 3,
       0, 1, 0, 3, 1, 1, 0, 1, 1, 1, 2, 1, 1, 2, 2, 2, 1, 3, 2, 3, 2, 0,
       3, 0, 0, 2, 0, 3, 0, 3, 2, 2, 3, 2, 0, 0, 0, 1, 3, 0, 2, 2, 0, 3,
       1, 1], dtype=object)]
Minimum Energy found with CAFQA initialization: -22.0
12 Qubits and 2 reps
Minimum Energy found with CAFQA initialization: -22.0
Starting task: task_0 for val : -10.193499999999997
Finished task: task_0
Starting task: Vanilla_task for val : [np.float64(-10.193499999999997), np.float64(-9.929), np.float64(-8.176999999999998)]
Finished task: Vanilla_task
Total Time : 705.7495081999805
