
Lmod is automatically replacing "cudatoolkit/12.4" with "cuda/11.7".

Exact Energy from Eigensolver: -59.0
STARTING ROUND 0


started GA at id 1 with 16 procs

GA parameters used for this experiment:
  num_generations=500
  num_parents_mating=20
  population_size=100
  num_genes=40
  parent_selection_type=tournament
  keep_parents=-1
  crossover_type=single_point
  mutation_type=adaptive
  crossover_probability=0.9
  mutation_probability=(0.25, 0.01)
  keep_elitism=5
started GA at id 2 with 16 procs

GA parameters used for this experiment:
  num_generations=500
  num_parents_mating=20
  population_size=100
  num_genes=40
  parent_selection_type=tournament
  keep_parents=-1
  crossover_type=single_point
  mutation_type=adaptive
  crossover_probability=0.9
  mutation_probability=(0.25, 0.01)
  keep_elitism=5
started GA at id None with 16 procs

GA parameters used for this experiment:
  num_generations=500
  num_parents_mating=20
  population_size=100
  num_genes=40
  parent_selection_type=tournament
  keep_parents=-1
  crossover_type=single_point
  mutation_type=adaptive
  crossover_probability=0.9
  mutation_probability=(0.25, 0.01)
  keep_elitism=5
started GA at id 3 with 16 procs

GA parameters used for this experiment:
  num_generations=500
  num_parents_mating=20
  population_size=100
  num_genes=40
  parent_selection_type=tournament
  keep_parents=-1
  crossover_type=single_point
  mutation_type=adaptive
  crossover_probability=0.9
  mutation_probability=(0.25, 0.01)
  keep_elitism=5
[0, array([-32., -16., -16.,   0.]), array([1, 0, 0, 2, 2, 3, 1, 1, 2, 3, 2, 1, 3, 3, 0, 0, 0, 0, 2, 1, 2, 0,
       2, 0, 0, 2, 0, 1, 0, 1, 3, 1, 1, 3, 2, 1, 3, 0, 3, 0], dtype=object)]
[0, array([-32., -16., -16.,   0.]), array([1, 0, 0, 2, 2, 3, 1, 1, 2, 3, 2, 1, 3, 3, 0, 0, 0, 0, 2, 1, 2, 0,
       2, 0, 0, 2, 0, 1, 0, 1, 3, 1, 1, 3, 2, 1, 3, 0, 3, 0], dtype=object)]
[0, array([-32., -16., -16.,   0.]), array([1, 0, 0, 2, 2, 3, 1, 1, 2, 3, 2, 1, 3, 3, 0, 0, 0, 0, 2, 1, 2, 0,
       2, 0, 0, 2, 0, 1, 0, 1, 3, 1, 1, 3, 2, 1, 3, 0, 3, 0], dtype=object)]
[0, array([-32., -16., -16.,   0.]), array([1, 0, 0, 2, 2, 3, 1, 1, 2, 3, 2, 1, 3, 3, 0, 0, 0, 0, 2, 1, 2, 0,
       2, 0, 0, 2, 0, 1, 0, 1, 3, 1, 1, 3, 2, 1, 3, 0, 3, 0], dtype=object)]
[1, array([-32., -16., -16.,   0.]), array([1, 0, 0, 2, 2, 3, 1, 1, 2, 3, 2, 1, 3, 3, 0, 0, 0, 0, 2, 1, 2, 0,
       2, 0, 0, 2, 0, 1, 0, 1, 3, 1, 1, 3, 2, 1, 3, 0, 3, 0], dtype=object)]
[1, array([-32., -16., -16.,   0.]), array([1, 0, 0, 2, 2, 3, 1, 1, 2, 3, 2, 1, 3, 3, 0, 0, 0, 0, 2, 1, 2, 0,
       2, 0, 0, 2, 0, 1, 0, 1, 3, 1, 1, 3, 2, 1, 3, 0, 3, 0], dtype=object)]
[1, array([-32., -16., -16.,   0.]), array([1, 0, 0, 2, 2, 3, 1, 1, 2, 3, 2, 1, 3, 3, 0, 0, 0, 0, 2, 1, 2, 0,
       2, 0, 0, 2, 0, 1, 0, 1, 3, 1, 1, 3, 2, 1, 3, 0, 3, 0], dtype=object)]
[1, array([-32., -16., -16.,   0.]), array([1, 0, 0, 2, 2, 3, 1, 1, 2, 3, 2, 1, 3, 3, 0, 0, 0, 0, 2, 1, 2, 0,
       2, 0, 0, 2, 0, 1, 0, 1, 3, 1, 1, 3, 2, 1, 3, 0, 3, 0], dtype=object)]
[2, array([-36., -18., -18.,   0.]), array([2, 2, 0, 2, 0, 0, 2, 0, 3, 2, 1, 0, 1, 2, 0, 1, 1, 0, 1, 0, 0, 2,
       1, 0, 3, 0, 2, 3, 0, 1, 2, 0, 3, 0, 3, 2, 2, 2, 3, 3], dtype=object)]
[2, array([-36., -18., -18.,   0.]), array([2, 2, 0, 2, 0, 0, 2, 0, 3, 2, 1, 0, 1, 2, 0, 1, 1, 0, 1, 0, 0, 2,
       1, 0, 3, 0, 2, 3, 0, 1, 2, 0, 3, 0, 3, 2, 2, 2, 3, 3], dtype=object)]
[2, array([-36., -18., -18.,   0.]), array([2, 2, 0, 2, 0, 0, 2, 0, 3, 2, 1, 0, 1, 2, 0, 1, 1, 0, 1, 0, 0, 2,
       1, 0, 3, 0, 2, 3, 0, 1, 2, 0, 3, 0, 3, 2, 2, 2, 3, 3], dtype=object)]
[2, array([-36., -18., -18.,   0.]), array([2, 2, 0, 2, 0, 0, 2, 0, 3, 2, 1, 0, 1, 2, 0, 1, 1, 0, 1, 0, 0, 2,
       1, 0, 3, 0, 2, 3, 0, 1, 2, 0, 3, 0, 3, 2, 2, 2, 3, 3], dtype=object)]
[3, array([-38., -19., -19.,   0.]), array([0, 3, 0, 2, 2, 3, 0, 0, 0, 2, 3, 2, 2, 3, 0, 2, 3, 0, 3, 0, 1, 0,
       1, 1, 1, 3, 3, 2, 0, 1, 3, 1, 3, 0, 3, 2, 1, 3, 1, 2], dtype=object)]
[3, array([-38., -19., -19.,   0.]), array([0, 3, 0, 2, 2, 3, 0, 0, 0, 2, 3, 2, 2, 3, 0, 2, 3, 0, 3, 0, 1, 0,
       1, 1, 1, 3, 3, 2, 0, 1, 3, 1, 3, 0, 3, 2, 1, 3, 1, 2], dtype=object)]
[3, array([-38., -19., -19.,   0.]), array([0, 3, 0, 2, 2, 3, 0, 0, 0, 2, 3, 2, 2, 3, 0, 2, 3, 0, 3, 0, 1, 0,
       1, 1, 1, 3, 3, 2, 0, 1, 3, 1, 3, 0, 3, 2, 1, 3, 1, 2], dtype=object)]
[3, array([-38., -19., -19.,   0.]), array([0, 3, 0, 2, 2, 3, 0, 0, 0, 2, 3, 2, 2, 3, 0, 2, 3, 0, 3, 0, 1, 0,
       1, 1, 1, 3, 3, 2, 0, 1, 3, 1, 3, 0, 3, 2, 1, 3, 1, 2], dtype=object)]
[4, array([-38., -19., -19.,   0.]), array([0, 3, 0, 2, 2, 3, 0, 0, 0, 2, 3, 2, 0, 3, 0, 2, 3, 0, 3, 0, 1, 0,
       1, 1, 1, 3, 3, 2, 0, 1, 3, 1, 3, 0, 3, 2, 1, 3, 1, 2], dtype=object)]
[4, array([-38., -19., -19.,   0.]), array([0, 3, 0, 2, 2, 3, 0, 0, 0, 2, 3, 2, 0, 3, 0, 2, 3, 0, 3, 0, 1, 0,
       1, 1, 1, 3, 3, 2, 0, 1, 3, 1, 3, 0, 3, 2, 1, 3, 1, 2], dtype=object)]
[4, array([-38., -19., -19.,   0.]), array([0, 3, 0, 2, 2, 3, 0, 0, 0, 2, 3, 2, 0, 3, 0, 2, 3, 0, 3, 0, 1, 0,
       1, 1, 1, 3, 3, 2, 0, 1, 3, 1, 3, 0, 3, 2, 1, 3, 1, 2], dtype=object)]
[4, array([-38., -19., -19.,   0.]), array([0, 3, 0, 2, 2, 3, 0, 0, 0, 2, 3, 2, 0, 3, 0, 2, 3, 0, 3, 0, 1, 0,
       1, 1, 1, 3, 3, 2, 0, 1, 3, 1, 3, 0, 3, 2, 1, 3, 1, 2], dtype=object)]
[5, array([-38., -19., -19.,   0.]), array([0, 3, 0, 2, 2, 3, 0, 0, 0, 2, 3, 2, 0, 3, 0, 2, 3, 0, 3, 0, 1, 0,
       1, 1, 1, 3, 3, 2, 0, 1, 3, 1, 3, 0, 3, 2, 1, 3, 1, 2], dtype=object)]
[5, array([-38., -19., -19.,   0.]), array([0, 3, 0, 2, 2, 3, 0, 0, 0, 2, 3, 2, 0, 3, 0, 2, 3, 0, 3, 0, 1, 0,
       1, 1, 1, 3, 3, 2, 0, 1, 3, 1, 3, 0, 3, 2, 1, 3, 1, 2], dtype=object)]
[5, array([-38., -19., -19.,   0.]), array([0, 3, 0, 2, 2, 3, 0, 0, 0, 2, 3, 2, 0, 3, 0, 2, 3, 0, 3, 0, 1, 0,
       1, 1, 1, 3, 3, 2, 0, 1, 3, 1, 3, 0, 3, 2, 1, 3, 1, 2], dtype=object)]
[5, array([-38., -19., -19.,   0.]), array([0, 3, 0, 2, 2, 3, 0, 0, 0, 2, 3, 2, 0, 3, 0, 2, 3, 0, 3, 0, 1, 0,
       1, 1, 1, 3, 3, 2, 0, 1, 3, 1, 3, 0, 3, 2, 1, 3, 1, 2], dtype=object)]
[6, array([-38., -19., -19.,   0.]), array([0, 3, 0, 2, 2, 3, 0, 0, 0, 2, 3, 2, 0, 3, 0, 2, 3, 0, 3, 0, 1, 0,
       1, 1, 1, 3, 3, 2, 0, 1, 3, 1, 3, 0, 3, 2, 0, 3, 1, 2], dtype=object)]
[6, array([-38., -19., -19.,   0.]), array([0, 3, 0, 2, 2, 3, 0, 0, 0, 2, 3, 2, 0, 3, 0, 2, 3, 0, 3, 0, 1, 0,
       1, 1, 1, 3, 3, 2, 0, 1, 3, 1, 3, 0, 3, 2, 0, 3, 1, 2], dtype=object)]
[6, array([-38., -19., -19.,   0.]), array([0, 3, 0, 2, 2, 3, 0, 0, 0, 2, 3, 2, 0, 3, 0, 2, 3, 0, 3, 0, 1, 0,
       1, 1, 1, 3, 3, 2, 0, 1, 3, 1, 3, 0, 3, 2, 0, 3, 1, 2], dtype=object)]
[6, array([-38., -19., -19.,   0.]), array([0, 3, 0, 2, 2, 3, 0, 0, 0, 2, 3, 2, 0, 3, 0, 2, 3, 0, 3, 0, 1, 0,
       1, 1, 1, 3, 3, 2, 0, 1, 3, 1, 3, 0, 3, 2, 0, 3, 1, 2], dtype=object)]
[7, array([-38., -19., -19.,   0.]), array([3, 0, 1, 2, 2, 1, 3, 0, 2, 2, 2, 2, 2, 3, 0, 2, 2, 3, 0, 0, 0, 3,
       1, 2, 0, 1, 3, 1, 0, 0, 3, 2, 1, 2, 0, 3, 0, 1, 3, 3], dtype=object)]
[7, array([-38., -19., -19.,   0.]), array([3, 0, 1, 2, 2, 1, 3, 0, 2, 2, 2, 2, 2, 3, 0, 2, 2, 3, 0, 0, 0, 3,
       1, 2, 0, 1, 3, 1, 0, 0, 3, 2, 1, 2, 0, 3, 0, 1, 3, 3], dtype=object)]
[7, array([-38., -19., -19.,   0.]), array([3, 0, 1, 2, 2, 1, 3, 0, 2, 2, 2, 2, 2, 3, 0, 2, 2, 3, 0, 0, 0, 3,
       1, 2, 0, 1, 3, 1, 0, 0, 3, 2, 1, 2, 0, 3, 0, 1, 3, 3], dtype=object)]
[7, array([-38., -19., -19.,   0.]), array([3, 0, 1, 2, 2, 1, 3, 0, 2, 2, 2, 2, 2, 3, 0, 2, 2, 3, 0, 0, 0, 3,
       1, 2, 0, 1, 3, 1, 0, 0, 3, 2, 1, 2, 0, 3, 0, 1, 3, 3], dtype=object)]
[8, array([-36., -18., -18.,   0.]), array([2, 2, 0, 2, 0, 0, 2, 0, 3, 2, 1, 0, 1, 2, 0, 1, 1, 2, 1, 0, 0, 2,
       1, 0, 3, 0, 2, 3, 0, 1, 2, 0, 3, 0, 3, 2, 2, 2, 3, 3], dtype=object)]
[8, array([-36., -18., -18.,   0.]), array([2, 2, 0, 2, 0, 0, 2, 0, 3, 2, 1, 0, 1, 2, 0, 1, 1, 2, 1, 0, 0, 2,
       1, 0, 3, 0, 2, 3, 0, 1, 2, 0, 3, 0, 3, 2, 2, 2, 3, 3], dtype=object)]
[8, array([-36., -18., -18.,   0.]), array([2, 2, 0, 2, 0, 0, 2, 0, 3, 2, 1, 0, 1, 2, 0, 1, 1, 2, 1, 0, 0, 2,
       1, 0, 3, 0, 2, 3, 0, 1, 2, 0, 3, 0, 3, 2, 2, 2, 3, 3], dtype=object)]
[8, array([-36., -18., -18.,   0.]), array([2, 2, 0, 2, 0, 0, 2, 0, 3, 2, 1, 0, 1, 2, 0, 1, 1, 2, 1, 0, 0, 2,
       1, 0, 3, 0, 2, 3, 0, 1, 2, 0, 3, 0, 3, 2, 2, 2, 3, 3], dtype=object)]
[9, array([-38., -19., -19.,   0.]), array([3, 0, 1, 2, 2, 1, 3, 0, 2, 2, 2, 2, 2, 3, 0, 2, 2, 3, 0, 0, 0, 3,
       1, 2, 0, 1, 3, 1, 0, 0, 3, 2, 1, 2, 0, 3, 0, 1, 3, 3], dtype=object)]
[9, array([-38., -19., -19.,   0.]), array([3, 0, 1, 2, 2, 1, 3, 0, 2, 2, 2, 2, 2, 3, 0, 2, 2, 3, 0, 0, 0, 3,
       1, 2, 0, 1, 3, 1, 0, 0, 3, 2, 1, 2, 0, 3, 0, 1, 3, 3], dtype=object)]
[9, array([-38., -19., -19.,   0.]), array([3, 0, 1, 2, 2, 1, 3, 0, 2, 2, 2, 2, 2, 3, 0, 2, 2, 3, 0, 0, 0, 3,
       1, 2, 0, 1, 3, 1, 0, 0, 3, 2, 1, 2, 0, 3, 0, 1, 3, 3], dtype=object)]
[9, array([-38., -19., -19.,   0.]), array([3, 0, 1, 2, 2, 1, 3, 0, 2, 2, 2, 2, 2, 3, 0, 2, 2, 3, 0, 0, 0, 3,
       1, 2, 0, 1, 3, 1, 0, 0, 3, 2, 1, 2, 0, 3, 0, 1, 3, 3], dtype=object)]
[10, array([-38., -19., -19.,   0.]), array([0, 3, 2, 2, 2, 3, 0, 0, 0, 2, 3, 2, 0, 3, 0, 2, 3, 0, 3, 0, 1, 0,
       1, 1, 1, 3, 3, 2, 0, 1, 3, 1, 3, 0, 3, 2, 0, 3, 1, 2], dtype=object)]
[10, array([-38., -19., -19.,   0.]), array([0, 3, 2, 2, 2, 3, 0, 0, 0, 2, 3, 2, 0, 3, 0, 2, 3, 0, 3, 0, 1, 0,
       1, 1, 1, 3, 3, 2, 0, 1, 3, 1, 3, 0, 3, 2, 0, 3, 1, 2], dtype=object)]
[10, array([-38., -19., -19.,   0.]), array([0, 3, 2, 2, 2, 3, 0, 0, 0, 2, 3, 2, 0, 3, 0, 2, 3, 0, 3, 0, 1, 0,
       1, 1, 1, 3, 3, 2, 0, 1, 3, 1, 3, 0, 3, 2, 0, 3, 1, 2], dtype=object)]
[10, array([-38., -19., -19.,   0.]), array([0, 3, 2, 2, 2, 3, 0, 0, 0, 2, 3, 2, 0, 3, 0, 2, 3, 0, 3, 0, 1, 0,
       1, 1, 1, 3, 3, 2, 0, 1, 3, 1, 3, 0, 3, 2, 0, 3, 1, 2], dtype=object)]
[11, array([-54., -27., -27.,   0.]), array([3, 0, 1, 2, 2, 1, 3, 0, 2, 2, 2, 2, 2, 3, 0, 2, 2, 3, 0, 0, 0, 3,
       1, 2, 0, 1, 3, 1, 0, 0, 3, 2, 1, 2, 3, 3, 0, 2, 1, 0], dtype=object)]
[11, array([-54., -27., -27.,   0.]), array([3, 0, 1, 2, 2, 1, 3, 0, 2, 2, 2, 2, 2, 3, 0, 2, 2, 3, 0, 0, 0, 3,
       1, 2, 0, 1, 3, 1, 0, 0, 3, 2, 1, 2, 3, 3, 0, 2, 1, 0], dtype=object)]
[11, array([-54., -27., -27.,   0.]), array([3, 0, 1, 2, 2, 1, 3, 0, 2, 2, 2, 2, 2, 3, 0, 2, 2, 3, 0, 0, 0, 3,
       1, 2, 0, 1, 3, 1, 0, 0, 3, 2, 1, 2, 3, 3, 0, 2, 1, 0], dtype=object)]
[11, array([-54., -27., -27.,   0.]), array([3, 0, 1, 2, 2, 1, 3, 0, 2, 2, 2, 2, 2, 3, 0, 2, 2, 3, 0, 0, 0, 3,
       1, 2, 0, 1, 3, 1, 0, 0, 3, 2, 1, 2, 3, 3, 0, 2, 1, 0], dtype=object)]
[12, array([-54., -27., -27.,   0.]), array([3, 0, 1, 2, 2, 1, 3, 0, 2, 2, 2, 2, 2, 3, 0, 2, 2, 3, 0, 0, 0, 3,
       1, 2, 0, 1, 3, 1, 0, 0, 3, 2, 1, 2, 3, 3, 0, 2, 1, 0], dtype=object)]
[12, array([-54., -27., -27.,   0.]), array([3, 0, 1, 2, 2, 1, 3, 0, 2, 2, 2, 2, 2, 3, 0, 2, 2, 3, 0, 0, 0, 3,
       1, 2, 0, 1, 3, 1, 0, 0, 3, 2, 1, 2, 3, 3, 0, 2, 1, 0], dtype=object)]
[12, array([-54., -27., -27.,   0.]), array([3, 0, 1, 2, 2, 1, 3, 0, 2, 2, 2, 2, 2, 3, 0, 2, 2, 3, 0, 0, 0, 3,
       1, 2, 0, 1, 3, 1, 0, 0, 3, 2, 1, 2, 3, 3, 0, 2, 1, 0], dtype=object)]
[12, array([-54., -27., -27.,   0.]), array([3, 0, 1, 2, 2, 1, 3, 0, 2, 2, 2, 2, 2, 3, 0, 2, 2, 3, 0, 0, 0, 3,
       1, 2, 0, 1, 3, 1, 0, 0, 3, 2, 1, 2, 3, 3, 0, 2, 1, 0], dtype=object)]
[13, array([-66., -33., -33.,   0.]), array([0, 3, 0, 2, 2, 1, 3, 0, 2, 2, 2, 2, 2, 3, 0, 2, 2, 3, 0, 0, 0, 3,
       1, 2, 0, 1, 3, 1, 0, 0, 3, 2, 1, 2, 3, 3, 0, 2, 1, 0], dtype=object)]
[13, array([-66., -33., -33.,   0.]), array([0, 3, 0, 2, 2, 1, 3, 0, 2, 2, 2, 2, 2, 3, 0, 2, 2, 3, 0, 0, 0, 3,
       1, 2, 0, 1, 3, 1, 0, 0, 3, 2, 1, 2, 3, 3, 0, 2, 1, 0], dtype=object)]
[13, array([-66., -33., -33.,   0.]), array([0, 3, 0, 2, 2, 1, 3, 0, 2, 2, 2, 2, 2, 3, 0, 2, 2, 3, 0, 0, 0, 3,
       1, 2, 0, 1, 3, 1, 0, 0, 3, 2, 1, 2, 3, 3, 0, 2, 1, 0], dtype=object)]
[13, array([-66., -33., -33.,   0.]), array([0, 3, 0, 2, 2, 1, 3, 0, 2, 2, 2, 2, 2, 3, 0, 2, 2, 3, 0, 0, 0, 3,
       1, 2, 0, 1, 3, 1, 0, 0, 3, 2, 1, 2, 3, 3, 0, 2, 1, 0], dtype=object)]
[14, array([-66., -33., -33.,   0.]), array([0, 3, 0, 2, 2, 1, 3, 0, 2, 2, 2, 2, 2, 3, 0, 2, 2, 3, 0, 0, 0, 3,
       1, 2, 0, 1, 3, 1, 0, 0, 3, 2, 1, 2, 3, 3, 0, 2, 1, 0], dtype=object)]
[14, array([-66., -33., -33.,   0.]), array([0, 3, 0, 2, 2, 1, 3, 0, 2, 2, 2, 2, 2, 3, 0, 2, 2, 3, 0, 0, 0, 3,
       1, 2, 0, 1, 3, 1, 0, 0, 3, 2, 1, 2, 3, 3, 0, 2, 1, 0], dtype=object)]
[14, array([-66., -33., -33.,   0.]), array([0, 3, 0, 2, 2, 1, 3, 0, 2, 2, 2, 2, 2, 3, 0, 2, 2, 3, 0, 0, 0, 3,
       1, 2, 0, 1, 3, 1, 0, 0, 3, 2, 1, 2, 3, 3, 0, 2, 1, 0], dtype=object)]
[14, array([-66., -33., -33.,   0.]), array([0, 3, 0, 2, 2, 1, 3, 0, 2, 2, 2, 2, 2, 3, 0, 2, 2, 3, 0, 0, 0, 3,
       1, 2, 0, 1, 3, 1, 0, 0, 3, 2, 1, 2, 3, 3, 0, 2, 1, 0], dtype=object)]
[15, array([-50., -25., -25.,   0.]), array([2, 0, 1, 2, 2, 2, 3, 0, 2, 2, 2, 0, 2, 2, 0, 2, 2, 1, 0, 2, 0, 3,
       2, 0, 3, 3, 2, 0, 0, 1, 2, 1, 3, 0, 3, 2, 2, 3, 0, 2], dtype=object)]
[15, array([-50., -25., -25.,   0.]), array([2, 0, 1, 2, 2, 2, 3, 0, 2, 2, 2, 0, 2, 2, 0, 2, 2, 1, 0, 2, 0, 3,
       2, 0, 3, 3, 2, 0, 0, 1, 2, 1, 3, 0, 3, 2, 2, 3, 0, 2], dtype=object)]
[15, array([-50., -25., -25.,   0.]), array([2, 0, 1, 2, 2, 2, 3, 0, 2, 2, 2, 0, 2, 2, 0, 2, 2, 1, 0, 2, 0, 3,
       2, 0, 3, 3, 2, 0, 0, 1, 2, 1, 3, 0, 3, 2, 2, 3, 0, 2], dtype=object)]
[15, array([-50., -25., -25.,   0.]), array([2, 0, 1, 2, 2, 2, 3, 0, 2, 2, 2, 0, 2, 2, 0, 2, 2, 1, 0, 2, 0, 3,
       2, 0, 3, 3, 2, 0, 0, 1, 2, 1, 3, 0, 3, 2, 2, 3, 0, 2], dtype=object)]
[16, array([-50., -25., -25.,   0.]), array([2, 0, 1, 2, 2, 1, 3, 0, 2, 2, 2, 2, 2, 3, 0, 2, 2, 3, 0, 0, 0, 3,
       1, 2, 0, 1, 3, 1, 0, 0, 3, 2, 1, 2, 0, 3, 0, 1, 3, 3], dtype=object)]
[16, array([-50., -25., -25.,   0.]), array([2, 0, 1, 2, 2, 1, 3, 0, 2, 2, 2, 2, 2, 3, 0, 2, 2, 3, 0, 0, 0, 3,
       1, 2, 0, 1, 3, 1, 0, 0, 3, 2, 1, 2, 0, 3, 0, 1, 3, 3], dtype=object)]
[16, array([-50., -25., -25.,   0.]), array([2, 0, 1, 2, 2, 1, 3, 0, 2, 2, 2, 2, 2, 3, 0, 2, 2, 3, 0, 0, 0, 3,
       1, 2, 0, 1, 3, 1, 0, 0, 3, 2, 1, 2, 0, 3, 0, 1, 3, 3], dtype=object)]
[16, array([-50., -25., -25.,   0.]), array([2, 0, 1, 2, 2, 1, 3, 0, 2, 2, 2, 2, 2, 3, 0, 2, 2, 3, 0, 0, 0, 3,
       1, 2, 0, 1, 3, 1, 0, 0, 3, 2, 1, 2, 0, 3, 0, 1, 3, 3], dtype=object)]
[17, array([-66., -33., -33.,   0.]), array([0, 3, 0, 2, 2, 1, 3, 0, 2, 2, 2, 2, 2, 3, 0, 2, 2, 3, 0, 0, 0, 3,
       1, 2, 0, 1, 3, 1, 0, 0, 3, 2, 1, 2, 3, 3, 0, 2, 1, 0], dtype=object)]
[17, array([-66., -33., -33.,   0.]), array([0, 3, 0, 2, 2, 1, 3, 0, 2, 2, 2, 2, 2, 3, 0, 2, 2, 3, 0, 0, 0, 3,
       1, 2, 0, 1, 3, 1, 0, 0, 3, 2, 1, 2, 3, 3, 0, 2, 1, 0], dtype=object)]
[17, array([-66., -33., -33.,   0.]), array([0, 3, 0, 2, 2, 1, 3, 0, 2, 2, 2, 2, 2, 3, 0, 2, 2, 3, 0, 0, 0, 3,
       1, 2, 0, 1, 3, 1, 0, 0, 3, 2, 1, 2, 3, 3, 0, 2, 1, 0], dtype=object)]
[17, array([-66., -33., -33.,   0.]), array([0, 3, 0, 2, 2, 1, 3, 0, 2, 2, 2, 2, 2, 3, 0, 2, 2, 3, 0, 0, 0, 3,
       1, 2, 0, 1, 3, 1, 0, 0, 3, 2, 1, 2, 3, 3, 0, 2, 1, 0], dtype=object)]
[18, array([-66., -33., -33.,   0.]), array([0, 3, 0, 2, 2, 1, 3, 0, 2, 2, 2, 2, 2, 3, 0, 2, 2, 3, 0, 0, 0, 3,
       1, 2, 0, 1, 3, 1, 0, 0, 3, 2, 1, 2, 3, 3, 0, 1, 0, 2], dtype=object)]
[18, array([-66., -33., -33.,   0.]), array([0, 3, 0, 2, 2, 1, 3, 0, 2, 2, 2, 2, 2, 3, 0, 2, 2, 3, 0, 0, 0, 3,
       1, 2, 0, 1, 3, 1, 0, 0, 3, 2, 1, 2, 3, 3, 0, 1, 0, 2], dtype=object)]
[18, array([-66., -33., -33.,   0.]), array([0, 3, 0, 2, 2, 1, 3, 0, 2, 2, 2, 2, 2, 3, 0, 2, 2, 3, 0, 0, 0, 3,
       1, 2, 0, 1, 3, 1, 0, 0, 3, 2, 1, 2, 3, 3, 0, 1, 0, 2], dtype=object)]
[18, array([-66., -33., -33.,   0.]), array([0, 3, 0, 2, 2, 1, 3, 0, 2, 2, 2, 2, 2, 3, 0, 2, 2, 3, 0, 0, 0, 3,
       1, 2, 0, 1, 3, 1, 0, 0, 3, 2, 1, 2, 3, 3, 0, 1, 0, 2], dtype=object)]
[19, array([-66., -33., -33.,   0.]), array([2, 2, 0, 2, 0, 1, 3, 0, 2, 2, 2, 2, 2, 2, 0, 2, 2, 3, 0, 0, 0, 3,
       1, 2, 0, 1, 3, 1, 0, 0, 3, 2, 1, 2, 3, 3, 0, 2, 1, 0], dtype=object)]
[19, array([-66., -33., -33.,   0.]), array([2, 2, 0, 2, 0, 1, 3, 0, 2, 2, 2, 2, 2, 2, 0, 2, 2, 3, 0, 0, 0, 3,
       1, 2, 0, 1, 3, 1, 0, 0, 3, 2, 1, 2, 3, 3, 0, 2, 1, 0], dtype=object)]
[19, array([-66., -33., -33.,   0.]), array([2, 2, 0, 2, 0, 1, 3, 0, 2, 2, 2, 2, 2, 2, 0, 2, 2, 3, 0, 0, 0, 3,
       1, 2, 0, 1, 3, 1, 0, 0, 3, 2, 1, 2, 3, 3, 0, 2, 1, 0], dtype=object)]
[19, array([-66., -33., -33.,   0.]), array([2, 2, 0, 2, 0, 1, 3, 0, 2, 2, 2, 2, 2, 2, 0, 2, 2, 3, 0, 0, 0, 3,
       1, 2, 0, 1, 3, 1, 0, 0, 3, 2, 1, 2, 3, 3, 0, 2, 1, 0], dtype=object)]
[20, array([-66., -33., -33.,   0.]), array([2, 2, 0, 2, 0, 1, 3, 0, 2, 2, 2, 2, 2, 2, 0, 2, 2, 3, 0, 0, 0, 3,
       1, 2, 0, 1, 3, 1, 0, 0, 3, 2, 1, 2, 3, 3, 0, 2, 1, 0], dtype=object)]
[20, array([-66., -33., -33.,   0.]), array([2, 2, 0, 2, 0, 1, 3, 0, 2, 2, 2, 2, 2, 2, 0, 2, 2, 3, 0, 0, 0, 3,
       1, 2, 0, 1, 3, 1, 0, 0, 3, 2, 1, 2, 3, 3, 0, 2, 1, 0], dtype=object)]
[20, array([-66., -33., -33.,   0.]), array([2, 2, 0, 2, 0, 1, 3, 0, 2, 2, 2, 2, 2, 2, 0, 2, 2, 3, 0, 0, 0, 3,
       1, 2, 0, 1, 3, 1, 0, 0, 3, 2, 1, 2, 3, 3, 0, 2, 1, 0], dtype=object)]
[20, array([-66., -33., -33.,   0.]), array([2, 2, 0, 2, 0, 1, 3, 0, 2, 2, 2, 2, 2, 2, 0, 2, 2, 3, 0, 0, 0, 3,
       1, 2, 0, 1, 3, 1, 0, 0, 3, 2, 1, 2, 3, 3, 0, 2, 1, 0], dtype=object)]
[21, array([-48., -24., -24.,   0.]), array([0, 3, 0, 2, 2, 1, 3, 0, 2, 2, 2, 2, 2, 3, 0, 2, 2, 3, 0, 0, 2, 3,
       0, 2, 0, 3, 3, 1, 0, 0, 3, 2, 1, 2, 3, 3, 0, 3, 0, 2], dtype=object)]
[21, array([-48., -24., -24.,   0.]), array([0, 3, 0, 2, 2, 1, 3, 0, 2, 2, 2, 2, 2, 3, 0, 2, 2, 3, 0, 0, 2, 3,
       0, 2, 0, 3, 3, 1, 0, 0, 3, 2, 1, 2, 3, 3, 0, 3, 0, 2], dtype=object)]
[21, array([-48., -24., -24.,   0.]), array([0, 3, 0, 2, 2, 1, 3, 0, 2, 2, 2, 2, 2, 3, 0, 2, 2, 3, 0, 0, 2, 3,
       0, 2, 0, 3, 3, 1, 0, 0, 3, 2, 1, 2, 3, 3, 0, 3, 0, 2], dtype=object)]
[21, array([-48., -24., -24.,   0.]), array([0, 3, 0, 2, 2, 1, 3, 0, 2, 2, 2, 2, 2, 3, 0, 2, 2, 3, 0, 0, 2, 3,
       0, 2, 0, 3, 3, 1, 0, 0, 3, 2, 1, 2, 3, 3, 0, 3, 0, 2], dtype=object)]
[22, array([-48., -24., -24.,   0.]), array([2, 2, 0, 2, 2, 1, 3, 0, 2, 2, 2, 2, 2, 3, 0, 2, 2, 3, 0, 0, 2, 3,
       0, 2, 0, 3, 3, 1, 0, 0, 3, 2, 1, 2, 3, 3, 0, 3, 0, 2], dtype=object)]
[22, array([-48., -24., -24.,   0.]), array([2, 2, 0, 2, 2, 1, 3, 0, 2, 2, 2, 2, 2, 3, 0, 2, 2, 3, 0, 0, 2, 3,
       0, 2, 0, 3, 3, 1, 0, 0, 3, 2, 1, 2, 3, 3, 0, 3, 0, 2], dtype=object)]
[22, array([-48., -24., -24.,   0.]), array([2, 2, 0, 2, 2, 1, 3, 0, 2, 2, 2, 2, 2, 3, 0, 2, 2, 3, 0, 0, 2, 3,
       0, 2, 0, 3, 3, 1, 0, 0, 3, 2, 1, 2, 3, 3, 0, 3, 0, 2], dtype=object)]
[22, array([-48., -24., -24.,   0.]), array([2, 2, 0, 2, 2, 1, 3, 0, 2, 2, 2, 2, 2, 3, 0, 2, 2, 3, 0, 0, 2, 3,
       0, 2, 0, 3, 3, 1, 0, 0, 3, 2, 1, 2, 3, 3, 0, 3, 0, 2], dtype=object)]
[23, array([-64., -32., -32.,   0.]), array([2, 2, 0, 2, 0, 1, 3, 0, 2, 2, 2, 2, 2, 3, 0, 2, 2, 3, 0, 0, 0, 3,
       1, 2, 0, 3, 3, 1, 0, 0, 3, 2, 1, 2, 3, 3, 0, 2, 1, 3], dtype=object)]
[23, array([-64., -32., -32.,   0.]), array([2, 2, 0, 2, 0, 1, 3, 0, 2, 2, 2, 2, 2, 3, 0, 2, 2, 3, 0, 0, 0, 3,
       1, 2, 0, 3, 3, 1, 0, 0, 3, 2, 1, 2, 3, 3, 0, 2, 1, 3], dtype=object)]
[23, array([-64., -32., -32.,   0.]), array([2, 2, 0, 2, 0, 1, 3, 0, 2, 2, 2, 2, 2, 3, 0, 2, 2, 3, 0, 0, 0, 3,
       1, 2, 0, 3, 3, 1, 0, 0, 3, 2, 1, 2, 3, 3, 0, 2, 1, 3], dtype=object)]
[24, array([-64., -32., -32.,   0.]), array([2, 2, 0, 2, 2, 1, 3, 0, 2, 2, 2, 2, 2, 3, 0, 2, 2, 3, 0, 0, 0, 3,
       1, 2, 0, 3, 3, 1, 0, 0, 3, 2, 1, 2, 3, 3, 0, 2, 1, 3], dtype=object)]
[23, array([-64., -32., -32.,   0.]), array([2, 2, 0, 2, 0, 1, 3, 0, 2, 2, 2, 2, 2, 3, 0, 2, 2, 3, 0, 0, 0, 3,
       1, 2, 0, 3, 3, 1, 0, 0, 3, 2, 1, 2, 3, 3, 0, 2, 1, 3], dtype=object)]
[24, array([-64., -32., -32.,   0.]), array([2, 2, 0, 2, 2, 1, 3, 0, 2, 2, 2, 2, 2, 3, 0, 2, 2, 3, 0, 0, 0, 3,
       1, 2, 0, 3, 3, 1, 0, 0, 3, 2, 1, 2, 3, 3, 0, 2, 1, 3], dtype=object)]
[24, array([-64., -32., -32.,   0.]), array([2, 2, 0, 2, 2, 1, 3, 0, 2, 2, 2, 2, 2, 3, 0, 2, 2, 3, 0, 0, 0, 3,
       1, 2, 0, 3, 3, 1, 0, 0, 3, 2, 1, 2, 3, 3, 0, 2, 1, 3], dtype=object)]
[25, array([-76., -38., -38.,   0.]), array([2, 2, 0, 2, 0, 1, 3, 0, 2, 2, 2, 2, 2, 2, 0, 2, 2, 3, 0, 0, 0, 3,
       1, 2, 0, 1, 3, 1, 0, 0, 3, 2, 1, 2, 3, 3, 0, 2, 1, 3], dtype=object)]
[24, array([-64., -32., -32.,   0.]), array([2, 2, 0, 2, 2, 1, 3, 0, 2, 2, 2, 2, 2, 3, 0, 2, 2, 3, 0, 0, 0, 3,
       1, 2, 0, 3, 3, 1, 0, 0, 3, 2, 1, 2, 3, 3, 0, 2, 1, 3], dtype=object)]
[25, array([-76., -38., -38.,   0.]), array([2, 2, 0, 2, 0, 1, 3, 0, 2, 2, 2, 2, 2, 2, 0, 2, 2, 3, 0, 0, 0, 3,
       1, 2, 0, 1, 3, 1, 0, 0, 3, 2, 1, 2, 3, 3, 0, 2, 1, 3], dtype=object)]
[25, array([-76., -38., -38.,   0.]), array([2, 2, 0, 2, 0, 1, 3, 0, 2, 2, 2, 2, 2, 2, 0, 2, 2, 3, 0, 0, 0, 3,
       1, 2, 0, 1, 3, 1, 0, 0, 3, 2, 1, 2, 3, 3, 0, 2, 1, 3], dtype=object)]
[26, array([-76., -38., -38.,   0.]), array([2, 2, 0, 2, 0, 1, 3, 0, 2, 2, 2, 2, 2, 2, 0, 2, 2, 3, 0, 0, 0, 3,
       1, 2, 0, 1, 3, 1, 0, 0, 3, 2, 1, 2, 3, 3, 0, 2, 1, 3], dtype=object)]
[25, array([-76., -38., -38.,   0.]), array([2, 2, 0, 2, 0, 1, 3, 0, 2, 2, 2, 2, 2, 2, 0, 2, 2, 3, 0, 0, 0, 3,
       1, 2, 0, 1, 3, 1, 0, 0, 3, 2, 1, 2, 3, 3, 0, 2, 1, 3], dtype=object)]
[26, array([-76., -38., -38.,   0.]), array([2, 2, 0, 2, 0, 1, 3, 0, 2, 2, 2, 2, 2, 2, 0, 2, 2, 3, 0, 0, 0, 3,
       1, 2, 0, 1, 3, 1, 0, 0, 3, 2, 1, 2, 3, 3, 0, 2, 1, 3], dtype=object)]
[26, array([-76., -38., -38.,   0.]), array([2, 2, 0, 2, 0, 1, 3, 0, 2, 2, 2, 2, 2, 2, 0, 2, 2, 3, 0, 0, 0, 3,
       1, 2, 0, 1, 3, 1, 0, 0, 3, 2, 1, 2, 3, 3, 0, 2, 1, 3], dtype=object)]
[27, array([-76., -38., -38.,   0.]), array([0, 3, 0, 2, 2, 1, 3, 0, 2, 2, 2, 2, 2, 3, 0, 2, 2, 3, 0, 0, 0, 3,
       1, 2, 0, 1, 3, 1, 0, 0, 3, 2, 1, 2, 3, 3, 0, 2, 1, 3], dtype=object)]
[26, array([-76., -38., -38.,   0.]), array([2, 2, 0, 2, 0, 1, 3, 0, 2, 2, 2, 2, 2, 2, 0, 2, 2, 3, 0, 0, 0, 3,
       1, 2, 0, 1, 3, 1, 0, 0, 3, 2, 1, 2, 3, 3, 0, 2, 1, 3], dtype=object)]
[27, array([-76., -38., -38.,   0.]), array([0, 3, 0, 2, 2, 1, 3, 0, 2, 2, 2, 2, 2, 3, 0, 2, 2, 3, 0, 0, 0, 3,
       1, 2, 0, 1, 3, 1, 0, 0, 3, 2, 1, 2, 3, 3, 0, 2, 1, 3], dtype=object)]
[27, array([-76., -38., -38.,   0.]), array([0, 3, 0, 2, 2, 1, 3, 0, 2, 2, 2, 2, 2, 3, 0, 2, 2, 3, 0, 0, 0, 3,
       1, 2, 0, 1, 3, 1, 0, 0, 3, 2, 1, 2, 3, 3, 0, 2, 1, 3], dtype=object)]
[28, array([-76., -38., -38.,   0.]), array([0, 3, 0, 2, 2, 1, 3, 0, 2, 2, 2, 2, 2, 3, 0, 2, 2, 3, 0, 0, 0, 3,
       1, 2, 0, 1, 3, 1, 0, 0, 3, 2, 1, 2, 3, 3, 0, 2, 1, 3], dtype=object)]
[27, array([-76., -38., -38.,   0.]), array([0, 3, 0, 2, 2, 1, 3, 0, 2, 2, 2, 2, 2, 3, 0, 2, 2, 3, 0, 0, 0, 3,
       1, 2, 0, 1, 3, 1, 0, 0, 3, 2, 1, 2, 3, 3, 0, 2, 1, 3], dtype=object)]
[28, array([-76., -38., -38.,   0.]), array([0, 3, 0, 2, 2, 1, 3, 0, 2, 2, 2, 2, 2, 3, 0, 2, 2, 3, 0, 0, 0, 3,
       1, 2, 0, 1, 3, 1, 0, 0, 3, 2, 1, 2, 3, 3, 0, 2, 1, 3], dtype=object)]
[28, array([-76., -38., -38.,   0.]), array([0, 3, 0, 2, 2, 1, 3, 0, 2, 2, 2, 2, 2, 3, 0, 2, 2, 3, 0, 0, 0, 3,
       1, 2, 0, 1, 3, 1, 0, 0, 3, 2, 1, 2, 3, 3, 0, 2, 1, 3], dtype=object)]
[29, array([-76., -38., -38.,   0.]), array([0, 3, 0, 2, 2, 1, 3, 0, 2, 2, 2, 2, 2, 3, 0, 2, 2, 3, 0, 0, 0, 3,
       1, 2, 0, 1, 3, 1, 0, 0, 3, 2, 1, 2, 3, 3, 0, 2, 1, 3], dtype=object)]
[28, array([-76., -38., -38.,   0.]), array([0, 3, 0, 2, 2, 1, 3, 0, 2, 2, 2, 2, 2, 3, 0, 2, 2, 3, 0, 0, 0, 3,
       1, 2, 0, 1, 3, 1, 0, 0, 3, 2, 1, 2, 3, 3, 0, 2, 1, 3], dtype=object)]
[29, array([-76., -38., -38.,   0.]), array([0, 3, 0, 2, 2, 1, 3, 0, 2, 2, 2, 2, 2, 3, 0, 2, 2, 3, 0, 0, 0, 3,
       1, 2, 0, 1, 3, 1, 0, 0, 3, 2, 1, 2, 3, 3, 0, 2, 1, 3], dtype=object)]
[29, array([-76., -38., -38.,   0.]), array([0, 3, 0, 2, 2, 1, 3, 0, 2, 2, 2, 2, 2, 3, 0, 2, 2, 3, 0, 0, 0, 3,
       1, 2, 0, 1, 3, 1, 0, 0, 3, 2, 1, 2, 3, 3, 0, 2, 1, 3], dtype=object)]
[30, array([-66., -33., -33.,   0.]), array([0, 1, 0, 2, 2, 1, 3, 0, 2, 2, 2, 2, 2, 3, 0, 2, 2, 3, 0, 0, 0, 3,
       1, 2, 0, 1, 3, 1, 0, 0, 3, 2, 1, 2, 3, 3, 0, 1, 0, 2], dtype=object)]
[29, array([-76., -38., -38.,   0.]), array([0, 3, 0, 2, 2, 1, 3, 0, 2, 2, 2, 2, 2, 3, 0, 2, 2, 3, 0, 0, 0, 3,
       1, 2, 0, 1, 3, 1, 0, 0, 3, 2, 1, 2, 3, 3, 0, 2, 1, 3], dtype=object)]
[30, array([-66., -33., -33.,   0.]), array([0, 1, 0, 2, 2, 1, 3, 0, 2, 2, 2, 2, 2, 3, 0, 2, 2, 3, 0, 0, 0, 3,
       1, 2, 0, 1, 3, 1, 0, 0, 3, 2, 1, 2, 3, 3, 0, 1, 0, 2], dtype=object)]
[30, array([-66., -33., -33.,   0.]), array([0, 1, 0, 2, 2, 1, 3, 0, 2, 2, 2, 2, 2, 3, 0, 2, 2, 3, 0, 0, 0, 3,
       1, 2, 0, 1, 3, 1, 0, 0, 3, 2, 1, 2, 3, 3, 0, 1, 0, 2], dtype=object)]
[31, array([-76., -38., -38.,   0.]), array([0, 3, 0, 2, 2, 1, 3, 0, 2, 2, 2, 2, 2, 3, 0, 2, 2, 3, 0, 0, 0, 3,
       1, 2, 0, 1, 3, 1, 0, 0, 3, 2, 1, 2, 3, 3, 0, 2, 1, 3], dtype=object)]
[30, array([-66., -33., -33.,   0.]), array([0, 1, 0, 2, 2, 1, 3, 0, 2, 2, 2, 2, 2, 3, 0, 2, 2, 3, 0, 0, 0, 3,
       1, 2, 0, 1, 3, 1, 0, 0, 3, 2, 1, 2, 3, 3, 0, 1, 0, 2], dtype=object)]
[31, array([-76., -38., -38.,   0.]), array([0, 3, 0, 2, 2, 1, 3, 0, 2, 2, 2, 2, 2, 3, 0, 2, 2, 3, 0, 0, 0, 3,
       1, 2, 0, 1, 3, 1, 0, 0, 3, 2, 1, 2, 3, 3, 0, 2, 1, 3], dtype=object)]
[31, array([-76., -38., -38.,   0.]), array([0, 3, 0, 2, 2, 1, 3, 0, 2, 2, 2, 2, 2, 3, 0, 2, 2, 3, 0, 0, 0, 3,
       1, 2, 0, 1, 3, 1, 0, 0, 3, 2, 1, 2, 3, 3, 0, 2, 1, 3], dtype=object)]
[32, array([-90., -45., -45.,   0.]), array([0, 3, 0, 2, 2, 0, 3, 0, 2, 2, 2, 2, 2, 3, 0, 2, 2, 3, 0, 0, 0, 3,
       1, 2, 0, 1, 3, 1, 0, 0, 3, 2, 1, 2, 3, 3, 0, 2, 1, 3], dtype=object)]
[32, array([-90., -45., -45.,   0.]), array([0, 3, 0, 2, 2, 0, 3, 0, 2, 2, 2, 2, 2, 3, 0, 2, 2, 3, 0, 0, 0, 3,
       1, 2, 0, 1, 3, 1, 0, 0, 3, 2, 1, 2, 3, 3, 0, 2, 1, 3], dtype=object)]
[31, array([-76., -38., -38.,   0.]), array([0, 3, 0, 2, 2, 1, 3, 0, 2, 2, 2, 2, 2, 3, 0, 2, 2, 3, 0, 0, 0, 3,
       1, 2, 0, 1, 3, 1, 0, 0, 3, 2, 1, 2, 3, 3, 0, 2, 1, 3], dtype=object)]
[32, array([-90., -45., -45.,   0.]), array([0, 3, 0, 2, 2, 0, 3, 0, 2, 2, 2, 2, 2, 3, 0, 2, 2, 3, 0, 0, 0, 3,
       1, 2, 0, 1, 3, 1, 0, 0, 3, 2, 1, 2, 3, 3, 0, 2, 1, 3], dtype=object)]
[33, array([-90., -45., -45.,   0.]), array([0, 3, 0, 2, 2, 0, 3, 0, 2, 2, 2, 2, 2, 3, 0, 2, 2, 3, 0, 0, 0, 3,
       1, 2, 0, 1, 3, 1, 0, 0, 3, 2, 1, 2, 3, 3, 0, 2, 1, 3], dtype=object)]
[32, array([-90., -45., -45.,   0.]), array([0, 3, 0, 2, 2, 0, 3, 0, 2, 2, 2, 2, 2, 3, 0, 2, 2, 3, 0, 0, 0, 3,
       1, 2, 0, 1, 3, 1, 0, 0, 3, 2, 1, 2, 3, 3, 0, 2, 1, 3], dtype=object)]
[33, array([-90., -45., -45.,   0.]), array([0, 3, 0, 2, 2, 0, 3, 0, 2, 2, 2, 2, 2, 3, 0, 2, 2, 3, 0, 0, 0, 3,
       1, 2, 0, 1, 3, 1, 0, 0, 3, 2, 1, 2, 3, 3, 0, 2, 1, 3], dtype=object)]
[33, array([-90., -45., -45.,   0.]), array([0, 3, 0, 2, 2, 0, 3, 0, 2, 2, 2, 2, 2, 3, 0, 2, 2, 3, 0, 0, 0, 3,
       1, 2, 0, 1, 3, 1, 0, 0, 3, 2, 1, 2, 3, 3, 0, 2, 1, 3], dtype=object)]
[34, array([-66., -33., -33.,   0.]), array([0, 3, 0, 2, 2, 1, 3, 0, 2, 2, 2, 2, 2, 3, 0, 2, 2, 3, 0, 3, 0, 3,
       1, 2, 0, 1, 3, 1, 0, 0, 3, 2, 1, 2, 3, 3, 0, 2, 1, 3], dtype=object)]
[33, array([-90., -45., -45.,   0.]), array([0, 3, 0, 2, 2, 0, 3, 0, 2, 2, 2, 2, 2, 3, 0, 2, 2, 3, 0, 0, 0, 3,
       1, 2, 0, 1, 3, 1, 0, 0, 3, 2, 1, 2, 3, 3, 0, 2, 1, 3], dtype=object)]
[34, array([-66., -33., -33.,   0.]), array([0, 3, 0, 2, 2, 1, 3, 0, 2, 2, 2, 2, 2, 3, 0, 2, 2, 3, 0, 3, 0, 3,
       1, 2, 0, 1, 3, 1, 0, 0, 3, 2, 1, 2, 3, 3, 0, 2, 1, 3], dtype=object)]
[34, array([-66., -33., -33.,   0.]), array([0, 3, 0, 2, 2, 1, 3, 0, 2, 2, 2, 2, 2, 3, 0, 2, 2, 3, 0, 3, 0, 3,
       1, 2, 0, 1, 3, 1, 0, 0, 3, 2, 1, 2, 3, 3, 0, 2, 1, 3], dtype=object)]
[35, array([-90., -45., -45.,   0.]), array([0, 3, 0, 2, 2, 0, 3, 0, 2, 2, 2, 2, 2, 3, 0, 2, 2, 3, 0, 0, 0, 3,
       1, 2, 0, 1, 3, 1, 0, 0, 3, 2, 1, 2, 3, 3, 0, 2, 1, 3], dtype=object)]
[34, array([-66., -33., -33.,   0.]), array([0, 3, 0, 2, 2, 1, 3, 0, 2, 2, 2, 2, 2, 3, 0, 2, 2, 3, 0, 3, 0, 3,
       1, 2, 0, 1, 3, 1, 0, 0, 3, 2, 1, 2, 3, 3, 0, 2, 1, 3], dtype=object)]
[35, array([-90., -45., -45.,   0.]), array([0, 3, 0, 2, 2, 0, 3, 0, 2, 2, 2, 2, 2, 3, 0, 2, 2, 3, 0, 0, 0, 3,
       1, 2, 0, 1, 3, 1, 0, 0, 3, 2, 1, 2, 3, 3, 0, 2, 1, 3], dtype=object)]
[35, array([-90., -45., -45.,   0.]), array([0, 3, 0, 2, 2, 0, 3, 0, 2, 2, 2, 2, 2, 3, 0, 2, 2, 3, 0, 0, 0, 3,
       1, 2, 0, 1, 3, 1, 0, 0, 3, 2, 1, 2, 3, 3, 0, 2, 1, 3], dtype=object)]
[36, array([-90., -45., -45.,   0.]), array([0, 3, 0, 2, 2, 0, 3, 0, 2, 2, 1, 2, 2, 3, 0, 2, 2, 3, 0, 0, 0, 3,
       1, 2, 0, 1, 3, 1, 0, 0, 3, 2, 1, 2, 3, 3, 0, 2, 1, 3], dtype=object)]
[36, array([-90., -45., -45.,   0.]), array([0, 3, 0, 2, 2, 0, 3, 0, 2, 2, 1, 2, 2, 3, 0, 2, 2, 3, 0, 0, 0, 3,
       1, 2, 0, 1, 3, 1, 0, 0, 3, 2, 1, 2, 3, 3, 0, 2, 1, 3], dtype=object)]
[35, array([-90., -45., -45.,   0.]), array([0, 3, 0, 2, 2, 0, 3, 0, 2, 2, 2, 2, 2, 3, 0, 2, 2, 3, 0, 0, 0, 3,
       1, 2, 0, 1, 3, 1, 0, 0, 3, 2, 1, 2, 3, 3, 0, 2, 1, 3], dtype=object)]
[37, array([-90., -45., -45.,   0.]), array([0, 3, 0, 2, 2, 0, 3, 0, 2, 2, 1, 2, 2, 3, 0, 2, 2, 3, 0, 0, 0, 3,
       1, 2, 0, 1, 3, 1, 0, 0, 3, 2, 1, 2, 3, 3, 0, 2, 1, 3], dtype=object)]
[36, array([-90., -45., -45.,   0.]), array([0, 3, 0, 2, 2, 0, 3, 0, 2, 2, 1, 2, 2, 3, 0, 2, 2, 3, 0, 0, 0, 3,
       1, 2, 0, 1, 3, 1, 0, 0, 3, 2, 1, 2, 3, 3, 0, 2, 1, 3], dtype=object)]
[36, array([-90., -45., -45.,   0.]), array([0, 3, 0, 2, 2, 0, 3, 0, 2, 2, 1, 2, 2, 3, 0, 2, 2, 3, 0, 0, 0, 3,
       1, 2, 0, 1, 3, 1, 0, 0, 3, 2, 1, 2, 3, 3, 0, 2, 1, 3], dtype=object)]
[37, array([-90., -45., -45.,   0.]), array([0, 3, 0, 2, 2, 0, 3, 0, 2, 2, 1, 2, 2, 3, 0, 2, 2, 3, 0, 0, 0, 3,
       1, 2, 0, 1, 3, 1, 0, 0, 3, 2, 1, 2, 3, 3, 0, 2, 1, 3], dtype=object)]
[38, array([-80., -40., -40.,   0.]), array([0, 3, 0, 2, 2, 0, 3, 0, 2, 2, 2, 2, 2, 3, 0, 2, 2, 3, 0, 0, 3, 3,
       1, 2, 0, 1, 3, 1, 0, 0, 3, 2, 1, 2, 3, 3, 0, 2, 1, 3], dtype=object)]
[37, array([-90., -45., -45.,   0.]), array([0, 3, 0, 2, 2, 0, 3, 0, 2, 2, 1, 2, 2, 3, 0, 2, 2, 3, 0, 0, 0, 3,
       1, 2, 0, 1, 3, 1, 0, 0, 3, 2, 1, 2, 3, 3, 0, 2, 1, 3], dtype=object)]
[37, array([-90., -45., -45.,   0.]), array([0, 3, 0, 2, 2, 0, 3, 0, 2, 2, 1, 2, 2, 3, 0, 2, 2, 3, 0, 0, 0, 3,
       1, 2, 0, 1, 3, 1, 0, 0, 3, 2, 1, 2, 3, 3, 0, 2, 1, 3], dtype=object)]
[38, array([-80., -40., -40.,   0.]), array([0, 3, 0, 2, 2, 0, 3, 0, 2, 2, 2, 2, 2, 3, 0, 2, 2, 3, 0, 0, 3, 3,
       1, 2, 0, 1, 3, 1, 0, 0, 3, 2, 1, 2, 3, 3, 0, 2, 1, 3], dtype=object)]
[39, array([-90., -45., -45.,   0.]), array([0, 3, 0, 2, 2, 0, 3, 0, 2, 2, 2, 2, 2, 3, 0, 2, 2, 3, 0, 0, 0, 3,
       1, 2, 0, 1, 3, 1, 0, 0, 3, 2, 1, 2, 3, 3, 0, 2, 1, 3], dtype=object)]
[38, array([-80., -40., -40.,   0.]), array([0, 3, 0, 2, 2, 0, 3, 0, 2, 2, 2, 2, 2, 3, 0, 2, 2, 3, 0, 0, 3, 3,
       1, 2, 0, 1, 3, 1, 0, 0, 3, 2, 1, 2, 3, 3, 0, 2, 1, 3], dtype=object)]
[38, array([-80., -40., -40.,   0.]), array([0, 3, 0, 2, 2, 0, 3, 0, 2, 2, 2, 2, 2, 3, 0, 2, 2, 3, 0, 0, 3, 3,
       1, 2, 0, 1, 3, 1, 0, 0, 3, 2, 1, 2, 3, 3, 0, 2, 1, 3], dtype=object)]
[39, array([-90., -45., -45.,   0.]), array([0, 3, 0, 2, 2, 0, 3, 0, 2, 2, 2, 2, 2, 3, 0, 2, 2, 3, 0, 0, 0, 3,
       1, 2, 0, 1, 3, 1, 0, 0, 3, 2, 1, 2, 3, 3, 0, 2, 1, 3], dtype=object)]
[40, array([-90., -45., -45.,   0.]), array([0, 3, 0, 2, 2, 0, 3, 0, 2, 2, 2, 2, 2, 3, 0, 2, 2, 3, 0, 0, 0, 3,
       1, 2, 0, 1, 3, 1, 0, 0, 3, 2, 2, 2, 3, 3, 0, 2, 1, 3], dtype=object)]
[39, array([-90., -45., -45.,   0.]), array([0, 3, 0, 2, 2, 0, 3, 0, 2, 2, 2, 2, 2, 3, 0, 2, 2, 3, 0, 0, 0, 3,
       1, 2, 0, 1, 3, 1, 0, 0, 3, 2, 1, 2, 3, 3, 0, 2, 1, 3], dtype=object)]
[40, array([-90., -45., -45.,   0.]), array([0, 3, 0, 2, 2, 0, 3, 0, 2, 2, 2, 2, 2, 3, 0, 2, 2, 3, 0, 0, 0, 3,
       1, 2, 0, 1, 3, 1, 0, 0, 3, 2, 2, 2, 3, 3, 0, 2, 1, 3], dtype=object)]
[39, array([-90., -45., -45.,   0.]), array([0, 3, 0, 2, 2, 0, 3, 0, 2, 2, 2, 2, 2, 3, 0, 2, 2, 3, 0, 0, 0, 3,
       1, 2, 0, 1, 3, 1, 0, 0, 3, 2, 1, 2, 3, 3, 0, 2, 1, 3], dtype=object)]
[41, array([-90., -45., -45.,   0.]), array([0, 3, 0, 2, 2, 0, 3, 0, 2, 2, 2, 2, 2, 3, 0, 2, 2, 3, 0, 0, 0, 3,
       1, 2, 0, 1, 3, 1, 0, 0, 3, 2, 1, 2, 3, 3, 0, 2, 1, 3], dtype=object)]
[40, array([-90., -45., -45.,   0.]), array([0, 3, 0, 2, 2, 0, 3, 0, 2, 2, 2, 2, 2, 3, 0, 2, 2, 3, 0, 0, 0, 3,
       1, 2, 0, 1, 3, 1, 0, 0, 3, 2, 2, 2, 3, 3, 0, 2, 1, 3], dtype=object)]
[40, array([-90., -45., -45.,   0.]), array([0, 3, 0, 2, 2, 0, 3, 0, 2, 2, 2, 2, 2, 3, 0, 2, 2, 3, 0, 0, 0, 3,
       1, 2, 0, 1, 3, 1, 0, 0, 3, 2, 2, 2, 3, 3, 0, 2, 1, 3], dtype=object)]
[41, array([-90., -45., -45.,   0.]), array([0, 3, 0, 2, 2, 0, 3, 0, 2, 2, 2, 2, 2, 3, 0, 2, 2, 3, 0, 0, 0, 3,
       1, 2, 0, 1, 3, 1, 0, 0, 3, 2, 1, 2, 3, 3, 0, 2, 1, 3], dtype=object)]
[42, array([-90., -45., -45.,   0.]), array([0, 3, 0, 2, 2, 0, 3, 0, 2, 2, 1, 2, 1, 3, 0, 2, 2, 3, 0, 0, 0, 3,
       1, 2, 0, 1, 3, 1, 0, 0, 3, 2, 1, 2, 3, 3, 0, 2, 1, 3], dtype=object)]
[41, array([-90., -45., -45.,   0.]), array([0, 3, 0, 2, 2, 0, 3, 0, 2, 2, 2, 2, 2, 3, 0, 2, 2, 3, 0, 0, 0, 3,
       1, 2, 0, 1, 3, 1, 0, 0, 3, 2, 1, 2, 3, 3, 0, 2, 1, 3], dtype=object)]
[41, array([-90., -45., -45.,   0.]), array([0, 3, 0, 2, 2, 0, 3, 0, 2, 2, 2, 2, 2, 3, 0, 2, 2, 3, 0, 0, 0, 3,
       1, 2, 0, 1, 3, 1, 0, 0, 3, 2, 1, 2, 3, 3, 0, 2, 1, 3], dtype=object)]
[42, array([-90., -45., -45.,   0.]), array([0, 3, 0, 2, 2, 0, 3, 0, 2, 2, 1, 2, 1, 3, 0, 2, 2, 3, 0, 0, 0, 3,
       1, 2, 0, 1, 3, 1, 0, 0, 3, 2, 1, 2, 3, 3, 0, 2, 1, 3], dtype=object)]
[43, array([-90., -45., -45.,   0.]), array([0, 3, 0, 2, 2, 0, 3, 0, 2, 2, 2, 2, 2, 3, 0, 2, 2, 3, 0, 0, 0, 3,
       1, 2, 0, 1, 3, 1, 0, 0, 3, 2, 1, 2, 3, 3, 0, 2, 1, 3], dtype=object)]
[42, array([-90., -45., -45.,   0.]), array([0, 3, 0, 2, 2, 0, 3, 0, 2, 2, 1, 2, 1, 3, 0, 2, 2, 3, 0, 0, 0, 3,
       1, 2, 0, 1, 3, 1, 0, 0, 3, 2, 1, 2, 3, 3, 0, 2, 1, 3], dtype=object)]
[42, array([-90., -45., -45.,   0.]), array([0, 3, 0, 2, 2, 0, 3, 0, 2, 2, 1, 2, 1, 3, 0, 2, 2, 3, 0, 0, 0, 3,
       1, 2, 0, 1, 3, 1, 0, 0, 3, 2, 1, 2, 3, 3, 0, 2, 1, 3], dtype=object)]
[43, array([-90., -45., -45.,   0.]), array([0, 3, 0, 2, 2, 0, 3, 0, 2, 2, 2, 2, 2, 3, 0, 2, 2, 3, 0, 0, 0, 3,
       1, 2, 0, 1, 3, 1, 0, 0, 3, 2, 1, 2, 3, 3, 0, 2, 1, 3], dtype=object)]
[44, array([-80., -40., -40.,   0.]), array([0, 3, 0, 2, 2, 0, 3, 0, 2, 2, 2, 2, 2, 3, 0, 2, 2, 3, 0, 0, 0, 3,
       1, 2, 0, 1, 3, 1, 0, 0, 3, 2, 1, 2, 3, 3, 0, 2, 1, 0], dtype=object)]
[43, array([-90., -45., -45.,   0.]), array([0, 3, 0, 2, 2, 0, 3, 0, 2, 2, 2, 2, 2, 3, 0, 2, 2, 3, 0, 0, 0, 3,
       1, 2, 0, 1, 3, 1, 0, 0, 3, 2, 1, 2, 3, 3, 0, 2, 1, 3], dtype=object)]
[43, array([-90., -45., -45.,   0.]), array([0, 3, 0, 2, 2, 0, 3, 0, 2, 2, 2, 2, 2, 3, 0, 2, 2, 3, 0, 0, 0, 3,
       1, 2, 0, 1, 3, 1, 0, 0, 3, 2, 1, 2, 3, 3, 0, 2, 1, 3], dtype=object)]
[44, array([-80., -40., -40.,   0.]), array([0, 3, 0, 2, 2, 0, 3, 0, 2, 2, 2, 2, 2, 3, 0, 2, 2, 3, 0, 0, 0, 3,
       1, 2, 0, 1, 3, 1, 0, 0, 3, 2, 1, 2, 3, 3, 0, 2, 1, 0], dtype=object)]
[45, array([-90., -45., -45.,   0.]), array([0, 3, 0, 2, 2, 0, 3, 0, 2, 2, 2, 2, 2, 3, 0, 2, 2, 3, 0, 0, 0, 3,
       1, 2, 0, 1, 3, 1, 0, 0, 3, 2, 1, 2, 3, 3, 0, 2, 1, 3], dtype=object)]
[44, array([-80., -40., -40.,   0.]), array([0, 3, 0, 2, 2, 0, 3, 0, 2, 2, 2, 2, 2, 3, 0, 2, 2, 3, 0, 0, 0, 3,
       1, 2, 0, 1, 3, 1, 0, 0, 3, 2, 1, 2, 3, 3, 0, 2, 1, 0], dtype=object)]
[44, array([-80., -40., -40.,   0.]), array([0, 3, 0, 2, 2, 0, 3, 0, 2, 2, 2, 2, 2, 3, 0, 2, 2, 3, 0, 0, 0, 3,
       1, 2, 0, 1, 3, 1, 0, 0, 3, 2, 1, 2, 3, 3, 0, 2, 1, 0], dtype=object)]
[46, array([-90., -45., -45.,   0.]), array([0, 3, 0, 2, 2, 0, 3, 0, 2, 2, 0, 2, 2, 3, 0, 2, 2, 3, 0, 0, 0, 3,
       1, 2, 0, 1, 3, 1, 0, 0, 3, 2, 1, 2, 3, 3, 0, 2, 1, 3], dtype=object)]
[45, array([-90., -45., -45.,   0.]), array([0, 3, 0, 2, 2, 0, 3, 0, 2, 2, 2, 2, 2, 3, 0, 2, 2, 3, 0, 0, 0, 3,
       1, 2, 0, 1, 3, 1, 0, 0, 3, 2, 1, 2, 3, 3, 0, 2, 1, 3], dtype=object)]
[45, array([-90., -45., -45.,   0.]), array([0, 3, 0, 2, 2, 0, 3, 0, 2, 2, 2, 2, 2, 3, 0, 2, 2, 3, 0, 0, 0, 3,
       1, 2, 0, 1, 3, 1, 0, 0, 3, 2, 1, 2, 3, 3, 0, 2, 1, 3], dtype=object)]
[45, array([-90., -45., -45.,   0.]), array([0, 3, 0, 2, 2, 0, 3, 0, 2, 2, 2, 2, 2, 3, 0, 2, 2, 3, 0, 0, 0, 3,
       1, 2, 0, 1, 3, 1, 0, 0, 3, 2, 1, 2, 3, 3, 0, 2, 1, 3], dtype=object)]
[46, array([-90., -45., -45.,   0.]), array([0, 3, 0, 2, 2, 0, 3, 0, 2, 2, 0, 2, 2, 3, 0, 2, 2, 3, 0, 0, 0, 3,
       1, 2, 0, 1, 3, 1, 0, 0, 3, 2, 1, 2, 3, 3, 0, 2, 1, 3], dtype=object)]
[47, array([-90., -45., -45.,   0.]), array([0, 3, 0, 2, 2, 0, 3, 0, 2, 2, 2, 2, 2, 3, 0, 2, 2, 3, 0, 0, 0, 3,
       1, 2, 0, 1, 3, 1, 0, 0, 3, 2, 1, 2, 3, 3, 0, 2, 1, 3], dtype=object)]
[46, array([-90., -45., -45.,   0.]), array([0, 3, 0, 2, 2, 0, 3, 0, 2, 2, 0, 2, 2, 3, 0, 2, 2, 3, 0, 0, 0, 3,
       1, 2, 0, 1, 3, 1, 0, 0, 3, 2, 1, 2, 3, 3, 0, 2, 1, 3], dtype=object)]
[46, array([-90., -45., -45.,   0.]), array([0, 3, 0, 2, 2, 0, 3, 0, 2, 2, 0, 2, 2, 3, 0, 2, 2, 3, 0, 0, 0, 3,
       1, 2, 0, 1, 3, 1, 0, 0, 3, 2, 1, 2, 3, 3, 0, 2, 1, 3], dtype=object)]
[48, array([-90., -45., -45.,   0.]), array([0, 3, 0, 2, 2, 0, 3, 0, 2, 2, 2, 2, 2, 3, 0, 2, 2, 3, 0, 0, 0, 3,
       1, 2, 0, 1, 3, 1, 0, 0, 3, 2, 3, 2, 3, 3, 0, 2, 1, 3], dtype=object)]
[47, array([-90., -45., -45.,   0.]), array([0, 3, 0, 2, 2, 0, 3, 0, 2, 2, 2, 2, 2, 3, 0, 2, 2, 3, 0, 0, 0, 3,
       1, 2, 0, 1, 3, 1, 0, 0, 3, 2, 1, 2, 3, 3, 0, 2, 1, 3], dtype=object)]
[47, array([-90., -45., -45.,   0.]), array([0, 3, 0, 2, 2, 0, 3, 0, 2, 2, 2, 2, 2, 3, 0, 2, 2, 3, 0, 0, 0, 3,
       1, 2, 0, 1, 3, 1, 0, 0, 3, 2, 1, 2, 3, 3, 0, 2, 1, 3], dtype=object)]
[47, array([-90., -45., -45.,   0.]), array([0, 3, 0, 2, 2, 0, 3, 0, 2, 2, 2, 2, 2, 3, 0, 2, 2, 3, 0, 0, 0, 3,
       1, 2, 0, 1, 3, 1, 0, 0, 3, 2, 1, 2, 3, 3, 0, 2, 1, 3], dtype=object)]
[48, array([-90., -45., -45.,   0.]), array([0, 3, 0, 2, 2, 0, 3, 0, 2, 2, 2, 2, 2, 3, 0, 2, 2, 3, 0, 0, 0, 3,
       1, 2, 0, 1, 3, 1, 0, 0, 3, 2, 3, 2, 3, 3, 0, 2, 1, 3], dtype=object)]
[49, array([-90., -45., -45.,   0.]), array([0, 3, 0, 2, 2, 0, 3, 0, 2, 2, 2, 2, 2, 3, 0, 2, 2, 3, 0, 0, 0, 3,
       1, 2, 0, 1, 3, 1, 0, 0, 3, 2, 1, 2, 3, 3, 0, 2, 1, 3], dtype=object)]
[48, array([-90., -45., -45.,   0.]), array([0, 3, 0, 2, 2, 0, 3, 0, 2, 2, 2, 2, 2, 3, 0, 2, 2, 3, 0, 0, 0, 3,
       1, 2, 0, 1, 3, 1, 0, 0, 3, 2, 3, 2, 3, 3, 0, 2, 1, 3], dtype=object)]
[48, array([-90., -45., -45.,   0.]), array([0, 3, 0, 2, 2, 0, 3, 0, 2, 2, 2, 2, 2, 3, 0, 2, 2, 3, 0, 0, 0, 3,
       1, 2, 0, 1, 3, 1, 0, 0, 3, 2, 3, 2, 3, 3, 0, 2, 1, 3], dtype=object)]
[50, array([-90., -45., -45.,   0.]), array([0, 3, 0, 2, 2, 0, 3, 0, 2, 2, 2, 2, 2, 3, 0, 2, 2, 3, 0, 0, 0, 3,
       1, 2, 0, 1, 3, 1, 0, 0, 3, 2, 3, 2, 3, 3, 0, 2, 1, 3], dtype=object)]
[49, array([-90., -45., -45.,   0.]), array([0, 3, 0, 2, 2, 0, 3, 0, 2, 2, 2, 2, 2, 3, 0, 2, 2, 3, 0, 0, 0, 3,
       1, 2, 0, 1, 3, 1, 0, 0, 3, 2, 1, 2, 3, 3, 0, 2, 1, 3], dtype=object)]
[49, array([-90., -45., -45.,   0.]), array([0, 3, 0, 2, 2, 0, 3, 0, 2, 2, 2, 2, 2, 3, 0, 2, 2, 3, 0, 0, 0, 3,
       1, 2, 0, 1, 3, 1, 0, 0, 3, 2, 1, 2, 3, 3, 0, 2, 1, 3], dtype=object)]
[49, array([-90., -45., -45.,   0.]), array([0, 3, 0, 2, 2, 0, 3, 0, 2, 2, 2, 2, 2, 3, 0, 2, 2, 3, 0, 0, 0, 3,
       1, 2, 0, 1, 3, 1, 0, 0, 3, 2, 1, 2, 3, 3, 0, 2, 1, 3], dtype=object)]
[51, array([-90., -45., -45.,   0.]), array([0, 3, 0, 2, 2, 0, 3, 0, 2, 2, 2, 2, 2, 3, 0, 2, 2, 3, 0, 0, 0, 3,
       1, 2, 0, 1, 3, 1, 0, 0, 3, 2, 1, 2, 3, 3, 0, 2, 1, 3], dtype=object)]
[50, array([-90., -45., -45.,   0.]), array([0, 3, 0, 2, 2, 0, 3, 0, 2, 2, 2, 2, 2, 3, 0, 2, 2, 3, 0, 0, 0, 3,
       1, 2, 0, 1, 3, 1, 0, 0, 3, 2, 3, 2, 3, 3, 0, 2, 1, 3], dtype=object)]
[50, array([-90., -45., -45.,   0.]), array([0, 3, 0, 2, 2, 0, 3, 0, 2, 2, 2, 2, 2, 3, 0, 2, 2, 3, 0, 0, 0, 3,
       1, 2, 0, 1, 3, 1, 0, 0, 3, 2, 3, 2, 3, 3, 0, 2, 1, 3], dtype=object)]
[50, array([-90., -45., -45.,   0.]), array([0, 3, 0, 2, 2, 0, 3, 0, 2, 2, 2, 2, 2, 3, 0, 2, 2, 3, 0, 0, 0, 3,
       1, 2, 0, 1, 3, 1, 0, 0, 3, 2, 3, 2, 3, 3, 0, 2, 1, 3], dtype=object)]
[52, array([-90., -45., -45.,   0.]), array([0, 3, 0, 2, 2, 0, 3, 0, 2, 2, 2, 2, 2, 3, 0, 1, 2, 3, 0, 0, 0, 3,
       1, 2, 0, 1, 3, 1, 0, 0, 3, 2, 1, 2, 3, 3, 0, 2, 1, 3], dtype=object)]
[51, array([-90., -45., -45.,   0.]), array([0, 3, 0, 2, 2, 0, 3, 0, 2, 2, 2, 2, 2, 3, 0, 2, 2, 3, 0, 0, 0, 3,
       1, 2, 0, 1, 3, 1, 0, 0, 3, 2, 1, 2, 3, 3, 0, 2, 1, 3], dtype=object)]
[51, array([-90., -45., -45.,   0.]), array([0, 3, 0, 2, 2, 0, 3, 0, 2, 2, 2, 2, 2, 3, 0, 2, 2, 3, 0, 0, 0, 3,
       1, 2, 0, 1, 3, 1, 0, 0, 3, 2, 1, 2, 3, 3, 0, 2, 1, 3], dtype=object)]
[51, array([-90., -45., -45.,   0.]), array([0, 3, 0, 2, 2, 0, 3, 0, 2, 2, 2, 2, 2, 3, 0, 2, 2, 3, 0, 0, 0, 3,
       1, 2, 0, 1, 3, 1, 0, 0, 3, 2, 1, 2, 3, 3, 0, 2, 1, 3], dtype=object)]
[53, array([-90., -45., -45.,   0.]), array([0, 3, 0, 2, 2, 0, 3, 0, 2, 2, 2, 2, 2, 3, 0, 2, 2, 3, 0, 0, 0, 3,
       1, 2, 0, 1, 3, 1, 0, 0, 3, 2, 1, 2, 3, 3, 0, 2, 1, 3], dtype=object)]
[52, array([-90., -45., -45.,   0.]), array([0, 3, 0, 2, 2, 0, 3, 0, 2, 2, 2, 2, 2, 3, 0, 1, 2, 3, 0, 0, 0, 3,
       1, 2, 0, 1, 3, 1, 0, 0, 3, 2, 1, 2, 3, 3, 0, 2, 1, 3], dtype=object)]
[52, array([-90., -45., -45.,   0.]), array([0, 3, 0, 2, 2, 0, 3, 0, 2, 2, 2, 2, 2, 3, 0, 1, 2, 3, 0, 0, 0, 3,
       1, 2, 0, 1, 3, 1, 0, 0, 3, 2, 1, 2, 3, 3, 0, 2, 1, 3], dtype=object)]
[54, array([-90., -45., -45.,   0.]), array([0, 3, 0, 2, 2, 0, 3, 0, 2, 2, 3, 2, 2, 3, 0, 2, 2, 3, 0, 0, 0, 3,
       1, 2, 0, 1, 3, 1, 0, 0, 3, 2, 2, 2, 3, 3, 0, 2, 1, 3], dtype=object)]
[52, array([-90., -45., -45.,   0.]), array([0, 3, 0, 2, 2, 0, 3, 0, 2, 2, 2, 2, 2, 3, 0, 1, 2, 3, 0, 0, 0, 3,
       1, 2, 0, 1, 3, 1, 0, 0, 3, 2, 1, 2, 3, 3, 0, 2, 1, 3], dtype=object)]
[53, array([-90., -45., -45.,   0.]), array([0, 3, 0, 2, 2, 0, 3, 0, 2, 2, 2, 2, 2, 3, 0, 2, 2, 3, 0, 0, 0, 3,
       1, 2, 0, 1, 3, 1, 0, 0, 3, 2, 1, 2, 3, 3, 0, 2, 1, 3], dtype=object)]
[53, array([-90., -45., -45.,   0.]), array([0, 3, 0, 2, 2, 0, 3, 0, 2, 2, 2, 2, 2, 3, 0, 2, 2, 3, 0, 0, 0, 3,
       1, 2, 0, 1, 3, 1, 0, 0, 3, 2, 1, 2, 3, 3, 0, 2, 1, 3], dtype=object)]
[55, array([-90., -45., -45.,   0.]), array([0, 3, 0, 2, 2, 0, 3, 0, 2, 2, 2, 2, 2, 3, 0, 2, 2, 3, 0, 0, 0, 3,
       1, 2, 0, 1, 3, 1, 0, 0, 3, 2, 1, 2, 3, 3, 0, 2, 1, 3], dtype=object)]
[53, array([-90., -45., -45.,   0.]), array([0, 3, 0, 2, 2, 0, 3, 0, 2, 2, 2, 2, 2, 3, 0, 2, 2, 3, 0, 0, 0, 3,
       1, 2, 0, 1, 3, 1, 0, 0, 3, 2, 1, 2, 3, 3, 0, 2, 1, 3], dtype=object)]
[54, array([-90., -45., -45.,   0.]), array([0, 3, 0, 2, 2, 0, 3, 0, 2, 2, 3, 2, 2, 3, 0, 2, 2, 3, 0, 0, 0, 3,
       1, 2, 0, 1, 3, 1, 0, 0, 3, 2, 2, 2, 3, 3, 0, 2, 1, 3], dtype=object)]
[54, array([-90., -45., -45.,   0.]), array([0, 3, 0, 2, 2, 0, 3, 0, 2, 2, 3, 2, 2, 3, 0, 2, 2, 3, 0, 0, 0, 3,
       1, 2, 0, 1, 3, 1, 0, 0, 3, 2, 2, 2, 3, 3, 0, 2, 1, 3], dtype=object)]
[56, array([-90., -45., -45.,   0.]), array([0, 3, 0, 2, 2, 0, 3, 0, 2, 2, 2, 2, 0, 3, 0, 2, 2, 3, 0, 0, 0, 3,
       1, 2, 0, 1, 3, 1, 0, 0, 3, 2, 1, 2, 3, 3, 0, 2, 1, 3], dtype=object)]
[54, array([-90., -45., -45.,   0.]), array([0, 3, 0, 2, 2, 0, 3, 0, 2, 2, 3, 2, 2, 3, 0, 2, 2, 3, 0, 0, 0, 3,
       1, 2, 0, 1, 3, 1, 0, 0, 3, 2, 2, 2, 3, 3, 0, 2, 1, 3], dtype=object)]
[55, array([-90., -45., -45.,   0.]), array([0, 3, 0, 2, 2, 0, 3, 0, 2, 2, 2, 2, 2, 3, 0, 2, 2, 3, 0, 0, 0, 3,
       1, 2, 0, 1, 3, 1, 0, 0, 3, 2, 1, 2, 3, 3, 0, 2, 1, 3], dtype=object)]
[55, array([-90., -45., -45.,   0.]), array([0, 3, 0, 2, 2, 0, 3, 0, 2, 2, 2, 2, 2, 3, 0, 2, 2, 3, 0, 0, 0, 3,
       1, 2, 0, 1, 3, 1, 0, 0, 3, 2, 1, 2, 3, 3, 0, 2, 1, 3], dtype=object)]
[57, array([-90., -45., -45.,   0.]), array([0, 3, 0, 2, 2, 0, 3, 0, 2, 2, 2, 2, 2, 3, 0, 2, 2, 3, 0, 0, 0, 3,
       1, 2, 0, 1, 3, 1, 0, 0, 3, 2, 1, 2, 3, 3, 0, 2, 1, 3], dtype=object)]
[55, array([-90., -45., -45.,   0.]), array([0, 3, 0, 2, 2, 0, 3, 0, 2, 2, 2, 2, 2, 3, 0, 2, 2, 3, 0, 0, 0, 3,
       1, 2, 0, 1, 3, 1, 0, 0, 3, 2, 1, 2, 3, 3, 0, 2, 1, 3], dtype=object)]
[56, array([-90., -45., -45.,   0.]), array([0, 3, 0, 2, 2, 0, 3, 0, 2, 2, 2, 2, 0, 3, 0, 2, 2, 3, 0, 0, 0, 3,
       1, 2, 0, 1, 3, 1, 0, 0, 3, 2, 1, 2, 3, 3, 0, 2, 1, 3], dtype=object)]
[56, array([-90., -45., -45.,   0.]), array([0, 3, 0, 2, 2, 0, 3, 0, 2, 2, 2, 2, 0, 3, 0, 2, 2, 3, 0, 0, 0, 3,
       1, 2, 0, 1, 3, 1, 0, 0, 3, 2, 1, 2, 3, 3, 0, 2, 1, 3], dtype=object)]
[58, array([-90., -45., -45.,   0.]), array([0, 3, 0, 2, 2, 0, 3, 0, 2, 2, 2, 2, 3, 3, 0, 2, 2, 3, 0, 0, 0, 3,
       1, 2, 0, 1, 3, 1, 0, 0, 3, 2, 1, 2, 3, 3, 0, 2, 1, 3], dtype=object)]
[56, array([-90., -45., -45.,   0.]), array([0, 3, 0, 2, 2, 0, 3, 0, 2, 2, 2, 2, 0, 3, 0, 2, 2, 3, 0, 0, 0, 3,
       1, 2, 0, 1, 3, 1, 0, 0, 3, 2, 1, 2, 3, 3, 0, 2, 1, 3], dtype=object)]
[57, array([-90., -45., -45.,   0.]), array([0, 3, 0, 2, 2, 0, 3, 0, 2, 2, 2, 2, 2, 3, 0, 2, 2, 3, 0, 0, 0, 3,
       1, 2, 0, 1, 3, 1, 0, 0, 3, 2, 1, 2, 3, 3, 0, 2, 1, 3], dtype=object)]
[57, array([-90., -45., -45.,   0.]), array([0, 3, 0, 2, 2, 0, 3, 0, 2, 2, 2, 2, 2, 3, 0, 2, 2, 3, 0, 0, 0, 3,
       1, 2, 0, 1, 3, 1, 0, 0, 3, 2, 1, 2, 3, 3, 0, 2, 1, 3], dtype=object)]
[59, array([-90., -45., -45.,   0.]), array([0, 3, 0, 2, 2, 0, 3, 0, 2, 2, 2, 2, 2, 3, 0, 2, 2, 3, 0, 0, 0, 3,
       1, 2, 0, 1, 3, 1, 0, 0, 3, 2, 0, 2, 3, 3, 0, 2, 1, 3], dtype=object)]
[57, array([-90., -45., -45.,   0.]), array([0, 3, 0, 2, 2, 0, 3, 0, 2, 2, 2, 2, 2, 3, 0, 2, 2, 3, 0, 0, 0, 3,
       1, 2, 0, 1, 3, 1, 0, 0, 3, 2, 1, 2, 3, 3, 0, 2, 1, 3], dtype=object)]
[58, array([-90., -45., -45.,   0.]), array([0, 3, 0, 2, 2, 0, 3, 0, 2, 2, 2, 2, 3, 3, 0, 2, 2, 3, 0, 0, 0, 3,
       1, 2, 0, 1, 3, 1, 0, 0, 3, 2, 1, 2, 3, 3, 0, 2, 1, 3], dtype=object)]
[58, array([-90., -45., -45.,   0.]), array([0, 3, 0, 2, 2, 0, 3, 0, 2, 2, 2, 2, 3, 3, 0, 2, 2, 3, 0, 0, 0, 3,
       1, 2, 0, 1, 3, 1, 0, 0, 3, 2, 1, 2, 3, 3, 0, 2, 1, 3], dtype=object)]
[60, array([-90., -45., -45.,   0.]), array([0, 3, 0, 2, 2, 0, 3, 0, 2, 2, 2, 2, 2, 3, 0, 2, 2, 3, 0, 0, 0, 3,
       1, 2, 0, 1, 3, 1, 0, 0, 3, 2, 0, 2, 3, 3, 0, 2, 1, 3], dtype=object)]
[58, array([-90., -45., -45.,   0.]), array([0, 3, 0, 2, 2, 0, 3, 0, 2, 2, 2, 2, 3, 3, 0, 2, 2, 3, 0, 0, 0, 3,
       1, 2, 0, 1, 3, 1, 0, 0, 3, 2, 1, 2, 3, 3, 0, 2, 1, 3], dtype=object)]
[59, array([-90., -45., -45.,   0.]), array([0, 3, 0, 2, 2, 0, 3, 0, 2, 2, 2, 2, 2, 3, 0, 2, 2, 3, 0, 0, 0, 3,
       1, 2, 0, 1, 3, 1, 0, 0, 3, 2, 0, 2, 3, 3, 0, 2, 1, 3], dtype=object)]
[59, array([-90., -45., -45.,   0.]), array([0, 3, 0, 2, 2, 0, 3, 0, 2, 2, 2, 2, 2, 3, 0, 2, 2, 3, 0, 0, 0, 3,
       1, 2, 0, 1, 3, 1, 0, 0, 3, 2, 0, 2, 3, 3, 0, 2, 1, 3], dtype=object)]
[61, array([-90., -45., -45.,   0.]), array([0, 3, 0, 2, 2, 0, 3, 0, 2, 2, 3, 2, 2, 3, 0, 2, 2, 3, 0, 0, 0, 3,
       1, 2, 0, 1, 3, 1, 0, 0, 3, 2, 1, 2, 3, 3, 0, 2, 1, 3], dtype=object)]
[59, array([-90., -45., -45.,   0.]), array([0, 3, 0, 2, 2, 0, 3, 0, 2, 2, 2, 2, 2, 3, 0, 2, 2, 3, 0, 0, 0, 3,
       1, 2, 0, 1, 3, 1, 0, 0, 3, 2, 0, 2, 3, 3, 0, 2, 1, 3], dtype=object)]
[60, array([-90., -45., -45.,   0.]), array([0, 3, 0, 2, 2, 0, 3, 0, 2, 2, 2, 2, 2, 3, 0, 2, 2, 3, 0, 0, 0, 3,
       1, 2, 0, 1, 3, 1, 0, 0, 3, 2, 0, 2, 3, 3, 0, 2, 1, 3], dtype=object)]
[60, array([-90., -45., -45.,   0.]), array([0, 3, 0, 2, 2, 0, 3, 0, 2, 2, 2, 2, 2, 3, 0, 2, 2, 3, 0, 0, 0, 3,
       1, 2, 0, 1, 3, 1, 0, 0, 3, 2, 0, 2, 3, 3, 0, 2, 1, 3], dtype=object)]
[62, array([-90., -45., -45.,   0.]), array([0, 3, 0, 2, 2, 0, 3, 0, 2, 2, 3, 2, 2, 3, 0, 1, 2, 3, 0, 0, 0, 3,
       1, 2, 0, 1, 3, 1, 0, 0, 3, 2, 1, 2, 3, 3, 0, 2, 1, 3], dtype=object)]
[60, array([-90., -45., -45.,   0.]), array([0, 3, 0, 2, 2, 0, 3, 0, 2, 2, 2, 2, 2, 3, 0, 2, 2, 3, 0, 0, 0, 3,
       1, 2, 0, 1, 3, 1, 0, 0, 3, 2, 0, 2, 3, 3, 0, 2, 1, 3], dtype=object)]
[61, array([-90., -45., -45.,   0.]), array([0, 3, 0, 2, 2, 0, 3, 0, 2, 2, 3, 2, 2, 3, 0, 2, 2, 3, 0, 0, 0, 3,
       1, 2, 0, 1, 3, 1, 0, 0, 3, 2, 1, 2, 3, 3, 0, 2, 1, 3], dtype=object)]
[61, array([-90., -45., -45.,   0.]), array([0, 3, 0, 2, 2, 0, 3, 0, 2, 2, 3, 2, 2, 3, 0, 2, 2, 3, 0, 0, 0, 3,
       1, 2, 0, 1, 3, 1, 0, 0, 3, 2, 1, 2, 3, 3, 0, 2, 1, 3], dtype=object)]
[63, array([-90., -45., -45.,   0.]), array([0, 3, 0, 2, 2, 0, 3, 0, 2, 2, 3, 2, 2, 3, 0, 2, 2, 3, 0, 0, 0, 3,
       1, 2, 0, 1, 3, 1, 0, 0, 3, 2, 0, 2, 3, 3, 0, 2, 1, 3], dtype=object)]
[61, array([-90., -45., -45.,   0.]), array([0, 3, 0, 2, 2, 0, 3, 0, 2, 2, 3, 2, 2, 3, 0, 2, 2, 3, 0, 0, 0, 3,
       1, 2, 0, 1, 3, 1, 0, 0, 3, 2, 1, 2, 3, 3, 0, 2, 1, 3], dtype=object)]
[62, array([-90., -45., -45.,   0.]), array([0, 3, 0, 2, 2, 0, 3, 0, 2, 2, 3, 2, 2, 3, 0, 1, 2, 3, 0, 0, 0, 3,
       1, 2, 0, 1, 3, 1, 0, 0, 3, 2, 1, 2, 3, 3, 0, 2, 1, 3], dtype=object)]
[62, array([-90., -45., -45.,   0.]), array([0, 3, 0, 2, 2, 0, 3, 0, 2, 2, 3, 2, 2, 3, 0, 1, 2, 3, 0, 0, 0, 3,
       1, 2, 0, 1, 3, 1, 0, 0, 3, 2, 1, 2, 3, 3, 0, 2, 1, 3], dtype=object)]
[64, array([-90., -45., -45.,   0.]), array([0, 3, 0, 2, 2, 0, 3, 0, 2, 2, 3, 2, 2, 3, 0, 2, 2, 3, 0, 0, 0, 3,
       1, 2, 0, 1, 3, 1, 0, 0, 3, 2, 0, 2, 3, 3, 0, 2, 1, 3], dtype=object)]
[62, array([-90., -45., -45.,   0.]), array([0, 3, 0, 2, 2, 0, 3, 0, 2, 2, 3, 2, 2, 3, 0, 1, 2, 3, 0, 0, 0, 3,
       1, 2, 0, 1, 3, 1, 0, 0, 3, 2, 1, 2, 3, 3, 0, 2, 1, 3], dtype=object)]
[63, array([-90., -45., -45.,   0.]), array([0, 3, 0, 2, 2, 0, 3, 0, 2, 2, 3, 2, 2, 3, 0, 2, 2, 3, 0, 0, 0, 3,
       1, 2, 0, 1, 3, 1, 0, 0, 3, 2, 0, 2, 3, 3, 0, 2, 1, 3], dtype=object)]
[63, array([-90., -45., -45.,   0.]), array([0, 3, 0, 2, 2, 0, 3, 0, 2, 2, 3, 2, 2, 3, 0, 2, 2, 3, 0, 0, 0, 3,
       1, 2, 0, 1, 3, 1, 0, 0, 3, 2, 0, 2, 3, 3, 0, 2, 1, 3], dtype=object)]
[65, array([-90., -45., -45.,   0.]), array([0, 3, 0, 2, 2, 0, 3, 0, 2, 2, 3, 2, 3, 3, 0, 2, 2, 3, 0, 0, 0, 3,
       1, 2, 0, 1, 3, 1, 0, 0, 3, 2, 1, 2, 3, 3, 0, 2, 1, 3], dtype=object)]
[63, array([-90., -45., -45.,   0.]), array([0, 3, 0, 2, 2, 0, 3, 0, 2, 2, 3, 2, 2, 3, 0, 2, 2, 3, 0, 0, 0, 3,
       1, 2, 0, 1, 3, 1, 0, 0, 3, 2, 0, 2, 3, 3, 0, 2, 1, 3], dtype=object)]
[64, array([-90., -45., -45.,   0.]), array([0, 3, 0, 2, 2, 0, 3, 0, 2, 2, 3, 2, 2, 3, 0, 2, 2, 3, 0, 0, 0, 3,
       1, 2, 0, 1, 3, 1, 0, 0, 3, 2, 0, 2, 3, 3, 0, 2, 1, 3], dtype=object)]
[64, array([-90., -45., -45.,   0.]), array([0, 3, 0, 2, 2, 0, 3, 0, 2, 2, 3, 2, 2, 3, 0, 2, 2, 3, 0, 0, 0, 3,
       1, 2, 0, 1, 3, 1, 0, 0, 3, 2, 0, 2, 3, 3, 0, 2, 1, 3], dtype=object)]
[66, array([-90., -45., -45.,   0.]), array([0, 3, 0, 2, 2, 0, 3, 0, 2, 2, 3, 2, 2, 3, 0, 2, 2, 3, 0, 0, 0, 3,
       1, 2, 0, 1, 3, 1, 0, 0, 3, 2, 0, 2, 3, 3, 0, 2, 1, 3], dtype=object)]
[64, array([-90., -45., -45.,   0.]), array([0, 3, 0, 2, 2, 0, 3, 0, 2, 2, 3, 2, 2, 3, 0, 2, 2, 3, 0, 0, 0, 3,
       1, 2, 0, 1, 3, 1, 0, 0, 3, 2, 0, 2, 3, 3, 0, 2, 1, 3], dtype=object)]
[65, array([-90., -45., -45.,   0.]), array([0, 3, 0, 2, 2, 0, 3, 0, 2, 2, 3, 2, 3, 3, 0, 2, 2, 3, 0, 0, 0, 3,
       1, 2, 0, 1, 3, 1, 0, 0, 3, 2, 1, 2, 3, 3, 0, 2, 1, 3], dtype=object)]
[65, array([-90., -45., -45.,   0.]), array([0, 3, 0, 2, 2, 0, 3, 0, 2, 2, 3, 2, 3, 3, 0, 2, 2, 3, 0, 0, 0, 3,
       1, 2, 0, 1, 3, 1, 0, 0, 3, 2, 1, 2, 3, 3, 0, 2, 1, 3], dtype=object)]
[67, array([-90., -45., -45.,   0.]), array([0, 3, 0, 2, 2, 0, 3, 0, 2, 2, 2, 2, 2, 3, 0, 2, 2, 3, 0, 0, 0, 3,
       1, 2, 0, 1, 3, 1, 0, 0, 3, 2, 0, 2, 3, 3, 0, 2, 1, 3], dtype=object)]
[65, array([-90., -45., -45.,   0.]), array([0, 3, 0, 2, 2, 0, 3, 0, 2, 2, 3, 2, 3, 3, 0, 2, 2, 3, 0, 0, 0, 3,
       1, 2, 0, 1, 3, 1, 0, 0, 3, 2, 1, 2, 3, 3, 0, 2, 1, 3], dtype=object)]
[66, array([-90., -45., -45.,   0.]), array([0, 3, 0, 2, 2, 0, 3, 0, 2, 2, 3, 2, 2, 3, 0, 2, 2, 3, 0, 0, 0, 3,
       1, 2, 0, 1, 3, 1, 0, 0, 3, 2, 0, 2, 3, 3, 0, 2, 1, 3], dtype=object)]
[66, array([-90., -45., -45.,   0.]), array([0, 3, 0, 2, 2, 0, 3, 0, 2, 2, 3, 2, 2, 3, 0, 2, 2, 3, 0, 0, 0, 3,
       1, 2, 0, 1, 3, 1, 0, 0, 3, 2, 0, 2, 3, 3, 0, 2, 1, 3], dtype=object)]
[68, array([-90., -45., -45.,   0.]), array([0, 3, 0, 2, 2, 0, 3, 0, 2, 2, 2, 2, 3, 3, 0, 2, 2, 3, 0, 0, 0, 3,
       1, 2, 0, 1, 3, 1, 0, 0, 3, 2, 0, 2, 3, 3, 0, 2, 1, 3], dtype=object)]
[66, array([-90., -45., -45.,   0.]), array([0, 3, 0, 2, 2, 0, 3, 0, 2, 2, 3, 2, 2, 3, 0, 2, 2, 3, 0, 0, 0, 3,
       1, 2, 0, 1, 3, 1, 0, 0, 3, 2, 0, 2, 3, 3, 0, 2, 1, 3], dtype=object)]
[67, array([-90., -45., -45.,   0.]), array([0, 3, 0, 2, 2, 0, 3, 0, 2, 2, 2, 2, 2, 3, 0, 2, 2, 3, 0, 0, 0, 3,
       1, 2, 0, 1, 3, 1, 0, 0, 3, 2, 0, 2, 3, 3, 0, 2, 1, 3], dtype=object)]
[67, array([-90., -45., -45.,   0.]), array([0, 3, 0, 2, 2, 0, 3, 0, 2, 2, 2, 2, 2, 3, 0, 2, 2, 3, 0, 0, 0, 3,
       1, 2, 0, 1, 3, 1, 0, 0, 3, 2, 0, 2, 3, 3, 0, 2, 1, 3], dtype=object)]
[69, array([-90., -45., -45.,   0.]), array([0, 3, 0, 2, 2, 0, 3, 0, 2, 2, 2, 2, 2, 3, 0, 2, 2, 3, 0, 0, 0, 3,
       1, 2, 0, 1, 3, 1, 0, 0, 3, 2, 0, 2, 3, 3, 0, 2, 1, 3], dtype=object)]
[67, array([-90., -45., -45.,   0.]), array([0, 3, 0, 2, 2, 0, 3, 0, 2, 2, 2, 2, 2, 3, 0, 2, 2, 3, 0, 0, 0, 3,
       1, 2, 0, 1, 3, 1, 0, 0, 3, 2, 0, 2, 3, 3, 0, 2, 1, 3], dtype=object)]
[68, array([-90., -45., -45.,   0.]), array([0, 3, 0, 2, 2, 0, 3, 0, 2, 2, 2, 2, 3, 3, 0, 2, 2, 3, 0, 0, 0, 3,
       1, 2, 0, 1, 3, 1, 0, 0, 3, 2, 0, 2, 3, 3, 0, 2, 1, 3], dtype=object)]
[68, array([-90., -45., -45.,   0.]), array([0, 3, 0, 2, 2, 0, 3, 0, 2, 2, 2, 2, 3, 3, 0, 2, 2, 3, 0, 0, 0, 3,
       1, 2, 0, 1, 3, 1, 0, 0, 3, 2, 0, 2, 3, 3, 0, 2, 1, 3], dtype=object)]
[70, array([-90., -45., -45.,   0.]), array([0, 3, 0, 2, 2, 0, 3, 0, 2, 2, 2, 2, 2, 3, 0, 1, 2, 3, 0, 0, 0, 3,
       1, 2, 0, 1, 3, 1, 0, 0, 3, 2, 1, 2, 3, 3, 0, 2, 1, 3], dtype=object)]
[68, array([-90., -45., -45.,   0.]), array([0, 3, 0, 2, 2, 0, 3, 0, 2, 2, 2, 2, 3, 3, 0, 2, 2, 3, 0, 0, 0, 3,
       1, 2, 0, 1, 3, 1, 0, 0, 3, 2, 0, 2, 3, 3, 0, 2, 1, 3], dtype=object)]
[69, array([-90., -45., -45.,   0.]), array([0, 3, 0, 2, 2, 0, 3, 0, 2, 2, 2, 2, 2, 3, 0, 2, 2, 3, 0, 0, 0, 3,
       1, 2, 0, 1, 3, 1, 0, 0, 3, 2, 0, 2, 3, 3, 0, 2, 1, 3], dtype=object)]
[69, array([-90., -45., -45.,   0.]), array([0, 3, 0, 2, 2, 0, 3, 0, 2, 2, 2, 2, 2, 3, 0, 2, 2, 3, 0, 0, 0, 3,
       1, 2, 0, 1, 3, 1, 0, 0, 3, 2, 0, 2, 3, 3, 0, 2, 1, 3], dtype=object)]
[71, array([-90., -45., -45.,   0.]), array([0, 3, 0, 2, 2, 0, 3, 0, 2, 2, 3, 2, 0, 3, 0, 2, 2, 3, 0, 0, 0, 3,
       1, 2, 0, 1, 3, 1, 0, 0, 3, 2, 0, 2, 3, 3, 0, 2, 1, 3], dtype=object)]
[69, array([-90., -45., -45.,   0.]), array([0, 3, 0, 2, 2, 0, 3, 0, 2, 2, 2, 2, 2, 3, 0, 2, 2, 3, 0, 0, 0, 3,
       1, 2, 0, 1, 3, 1, 0, 0, 3, 2, 0, 2, 3, 3, 0, 2, 1, 3], dtype=object)]
[70, array([-90., -45., -45.,   0.]), array([0, 3, 0, 2, 2, 0, 3, 0, 2, 2, 2, 2, 2, 3, 0, 1, 2, 3, 0, 0, 0, 3,
       1, 2, 0, 1, 3, 1, 0, 0, 3, 2, 1, 2, 3, 3, 0, 2, 1, 3], dtype=object)]
[70, array([-90., -45., -45.,   0.]), array([0, 3, 0, 2, 2, 0, 3, 0, 2, 2, 2, 2, 2, 3, 0, 1, 2, 3, 0, 0, 0, 3,
       1, 2, 0, 1, 3, 1, 0, 0, 3, 2, 1, 2, 3, 3, 0, 2, 1, 3], dtype=object)]
[72, array([-90., -45., -45.,   0.]), array([0, 3, 0, 2, 2, 0, 3, 0, 2, 2, 3, 2, 2, 3, 0, 1, 2, 3, 0, 0, 0, 3,
       1, 2, 0, 1, 3, 1, 0, 0, 3, 2, 0, 2, 3, 3, 0, 2, 1, 3], dtype=object)]
[70, array([-90., -45., -45.,   0.]), array([0, 3, 0, 2, 2, 0, 3, 0, 2, 2, 2, 2, 2, 3, 0, 1, 2, 3, 0, 0, 0, 3,
       1, 2, 0, 1, 3, 1, 0, 0, 3, 2, 1, 2, 3, 3, 0, 2, 1, 3], dtype=object)]
[71, array([-90., -45., -45.,   0.]), array([0, 3, 0, 2, 2, 0, 3, 0, 2, 2, 3, 2, 0, 3, 0, 2, 2, 3, 0, 0, 0, 3,
       1, 2, 0, 1, 3, 1, 0, 0, 3, 2, 0, 2, 3, 3, 0, 2, 1, 3], dtype=object)]
[71, array([-90., -45., -45.,   0.]), array([0, 3, 0, 2, 2, 0, 3, 0, 2, 2, 3, 2, 0, 3, 0, 2, 2, 3, 0, 0, 0, 3,
       1, 2, 0, 1, 3, 1, 0, 0, 3, 2, 0, 2, 3, 3, 0, 2, 1, 3], dtype=object)]
[73, array([-90., -45., -45.,   0.]), array([0, 3, 0, 2, 2, 0, 3, 0, 2, 2, 2, 2, 2, 3, 0, 2, 2, 3, 0, 0, 0, 3,
       1, 2, 0, 1, 3, 1, 0, 0, 3, 2, 0, 2, 3, 3, 0, 2, 1, 3], dtype=object)]
[72, array([-90., -45., -45.,   0.]), array([0, 3, 0, 2, 2, 0, 3, 0, 2, 2, 3, 2, 2, 3, 0, 1, 2, 3, 0, 0, 0, 3,
       1, 2, 0, 1, 3, 1, 0, 0, 3, 2, 0, 2, 3, 3, 0, 2, 1, 3], dtype=object)]
[71, array([-90., -45., -45.,   0.]), array([0, 3, 0, 2, 2, 0, 3, 0, 2, 2, 3, 2, 0, 3, 0, 2, 2, 3, 0, 0, 0, 3,
       1, 2, 0, 1, 3, 1, 0, 0, 3, 2, 0, 2, 3, 3, 0, 2, 1, 3], dtype=object)]
[72, array([-90., -45., -45.,   0.]), array([0, 3, 0, 2, 2, 0, 3, 0, 2, 2, 3, 2, 2, 3, 0, 1, 2, 3, 0, 0, 0, 3,
       1, 2, 0, 1, 3, 1, 0, 0, 3, 2, 0, 2, 3, 3, 0, 2, 1, 3], dtype=object)]
[74, array([-90., -45., -45.,   0.]), array([0, 3, 0, 2, 2, 0, 3, 0, 2, 2, 3, 2, 2, 3, 0, 2, 2, 3, 0, 0, 0, 3,
       1, 2, 0, 1, 3, 1, 0, 0, 3, 2, 0, 2, 3, 3, 0, 2, 1, 3], dtype=object)]
[73, array([-90., -45., -45.,   0.]), array([0, 3, 0, 2, 2, 0, 3, 0, 2, 2, 2, 2, 2, 3, 0, 2, 2, 3, 0, 0, 0, 3,
       1, 2, 0, 1, 3, 1, 0, 0, 3, 2, 0, 2, 3, 3, 0, 2, 1, 3], dtype=object)]
[75, array([-90., -45., -45.,   0.]), array([0, 3, 0, 2, 2, 0, 3, 0, 2, 2, 2, 2, 2, 3, 0, 2, 2, 3, 0, 0, 0, 3,
       1, 2, 0, 1, 3, 1, 0, 0, 3, 2, 0, 2, 3, 3, 0, 2, 1, 3], dtype=object)]
[72, array([-90., -45., -45.,   0.]), array([0, 3, 0, 2, 2, 0, 3, 0, 2, 2, 3, 2, 2, 3, 0, 1, 2, 3, 0, 0, 0, 3,
       1, 2, 0, 1, 3, 1, 0, 0, 3, 2, 0, 2, 3, 3, 0, 2, 1, 3], dtype=object)]
[73, array([-90., -45., -45.,   0.]), array([0, 3, 0, 2, 2, 0, 3, 0, 2, 2, 2, 2, 2, 3, 0, 2, 2, 3, 0, 0, 0, 3,
       1, 2, 0, 1, 3, 1, 0, 0, 3, 2, 0, 2, 3, 3, 0, 2, 1, 3], dtype=object)]
[74, array([-90., -45., -45.,   0.]), array([0, 3, 0, 2, 2, 0, 3, 0, 2, 2, 3, 2, 2, 3, 0, 2, 2, 3, 0, 0, 0, 3,
       1, 2, 0, 1, 3, 1, 0, 0, 3, 2, 0, 2, 3, 3, 0, 2, 1, 3], dtype=object)]
[76, array([-90., -45., -45.,   0.]), array([0, 3, 0, 2, 2, 0, 3, 0, 2, 2, 0, 2, 0, 3, 0, 2, 2, 3, 0, 0, 0, 3,
       1, 2, 0, 1, 3, 1, 0, 0, 3, 2, 0, 2, 3, 3, 0, 2, 1, 3], dtype=object)]
[74, array([-90., -45., -45.,   0.]), array([0, 3, 0, 2, 2, 0, 3, 0, 2, 2, 3, 2, 2, 3, 0, 2, 2, 3, 0, 0, 0, 3,
       1, 2, 0, 1, 3, 1, 0, 0, 3, 2, 0, 2, 3, 3, 0, 2, 1, 3], dtype=object)]
[73, array([-90., -45., -45.,   0.]), array([0, 3, 0, 2, 2, 0, 3, 0, 2, 2, 2, 2, 2, 3, 0, 2, 2, 3, 0, 0, 0, 3,
       1, 2, 0, 1, 3, 1, 0, 0, 3, 2, 0, 2, 3, 3, 0, 2, 1, 3], dtype=object)]
[75, array([-90., -45., -45.,   0.]), array([0, 3, 0, 2, 2, 0, 3, 0, 2, 2, 2, 2, 2, 3, 0, 2, 2, 3, 0, 0, 0, 3,
       1, 2, 0, 1, 3, 1, 0, 0, 3, 2, 0, 2, 3, 3, 0, 2, 1, 3], dtype=object)]
[77, array([-90., -45., -45.,   0.]), array([0, 3, 0, 2, 2, 0, 3, 0, 2, 2, 2, 2, 2, 3, 0, 2, 2, 3, 0, 0, 0, 3,
       1, 2, 0, 1, 3, 1, 0, 0, 3, 2, 0, 2, 3, 3, 0, 2, 1, 3], dtype=object)]
[75, array([-90., -45., -45.,   0.]), array([0, 3, 0, 2, 2, 0, 3, 0, 2, 2, 2, 2, 2, 3, 0, 2, 2, 3, 0, 0, 0, 3,
       1, 2, 0, 1, 3, 1, 0, 0, 3, 2, 0, 2, 3, 3, 0, 2, 1, 3], dtype=object)]
[74, array([-90., -45., -45.,   0.]), array([0, 3, 0, 2, 2, 0, 3, 0, 2, 2, 3, 2, 2, 3, 0, 2, 2, 3, 0, 0, 0, 3,
       1, 2, 0, 1, 3, 1, 0, 0, 3, 2, 0, 2, 3, 3, 0, 2, 1, 3], dtype=object)]
[76, array([-90., -45., -45.,   0.]), array([0, 3, 0, 2, 2, 0, 3, 0, 2, 2, 0, 2, 0, 3, 0, 2, 2, 3, 0, 0, 0, 3,
       1, 2, 0, 1, 3, 1, 0, 0, 3, 2, 0, 2, 3, 3, 0, 2, 1, 3], dtype=object)]
[78, array([-90., -45., -45.,   0.]), array([0, 3, 0, 2, 2, 0, 3, 0, 2, 2, 2, 2, 1, 3, 0, 2, 2, 3, 0, 0, 0, 3,
       1, 2, 0, 1, 3, 1, 0, 0, 3, 2, 0, 2, 3, 3, 0, 2, 1, 3], dtype=object)]
[76, array([-90., -45., -45.,   0.]), array([0, 3, 0, 2, 2, 0, 3, 0, 2, 2, 0, 2, 0, 3, 0, 2, 2, 3, 0, 0, 0, 3,
       1, 2, 0, 1, 3, 1, 0, 0, 3, 2, 0, 2, 3, 3, 0, 2, 1, 3], dtype=object)]
[75, array([-90., -45., -45.,   0.]), array([0, 3, 0, 2, 2, 0, 3, 0, 2, 2, 2, 2, 2, 3, 0, 2, 2, 3, 0, 0, 0, 3,
       1, 2, 0, 1, 3, 1, 0, 0, 3, 2, 0, 2, 3, 3, 0, 2, 1, 3], dtype=object)]
[77, array([-90., -45., -45.,   0.]), array([0, 3, 0, 2, 2, 0, 3, 0, 2, 2, 2, 2, 2, 3, 0, 2, 2, 3, 0, 0, 0, 3,
       1, 2, 0, 1, 3, 1, 0, 0, 3, 2, 0, 2, 3, 3, 0, 2, 1, 3], dtype=object)]
[79, array([-90., -45., -45.,   0.]), array([0, 3, 0, 2, 2, 0, 3, 0, 2, 2, 2, 2, 2, 3, 0, 2, 2, 3, 0, 0, 0, 3,
       1, 2, 0, 1, 3, 1, 0, 0, 3, 2, 0, 2, 3, 3, 0, 2, 1, 3], dtype=object)]
[77, array([-90., -45., -45.,   0.]), array([0, 3, 0, 2, 2, 0, 3, 0, 2, 2, 2, 2, 2, 3, 0, 2, 2, 3, 0, 0, 0, 3,
       1, 2, 0, 1, 3, 1, 0, 0, 3, 2, 0, 2, 3, 3, 0, 2, 1, 3], dtype=object)]
[76, array([-90., -45., -45.,   0.]), array([0, 3, 0, 2, 2, 0, 3, 0, 2, 2, 0, 2, 0, 3, 0, 2, 2, 3, 0, 0, 0, 3,
       1, 2, 0, 1, 3, 1, 0, 0, 3, 2, 0, 2, 3, 3, 0, 2, 1, 3], dtype=object)]
[78, array([-90., -45., -45.,   0.]), array([0, 3, 0, 2, 2, 0, 3, 0, 2, 2, 2, 2, 1, 3, 0, 2, 2, 3, 0, 0, 0, 3,
       1, 2, 0, 1, 3, 1, 0, 0, 3, 2, 0, 2, 3, 3, 0, 2, 1, 3], dtype=object)]
[80, array([-90., -45., -45.,   0.]), array([0, 3, 0, 2, 2, 0, 3, 0, 2, 2, 2, 2, 3, 3, 0, 2, 2, 3, 0, 0, 0, 3,
       1, 2, 0, 1, 3, 1, 0, 0, 3, 2, 0, 2, 3, 3, 0, 2, 1, 3], dtype=object)]
[78, array([-90., -45., -45.,   0.]), array([0, 3, 0, 2, 2, 0, 3, 0, 2, 2, 2, 2, 1, 3, 0, 2, 2, 3, 0, 0, 0, 3,
       1, 2, 0, 1, 3, 1, 0, 0, 3, 2, 0, 2, 3, 3, 0, 2, 1, 3], dtype=object)]
[77, array([-90., -45., -45.,   0.]), array([0, 3, 0, 2, 2, 0, 3, 0, 2, 2, 2, 2, 2, 3, 0, 2, 2, 3, 0, 0, 0, 3,
       1, 2, 0, 1, 3, 1, 0, 0, 3, 2, 0, 2, 3, 3, 0, 2, 1, 3], dtype=object)]
[81, array([-90., -45., -45.,   0.]), array([0, 3, 0, 2, 2, 0, 3, 0, 2, 2, 3, 2, 0, 3, 0, 2, 2, 3, 0, 0, 0, 3,
       1, 2, 0, 1, 3, 1, 0, 0, 3, 2, 0, 2, 3, 3, 0, 2, 1, 3], dtype=object)]
[79, array([-90., -45., -45.,   0.]), array([0, 3, 0, 2, 2, 0, 3, 0, 2, 2, 2, 2, 2, 3, 0, 2, 2, 3, 0, 0, 0, 3,
       1, 2, 0, 1, 3, 1, 0, 0, 3, 2, 0, 2, 3, 3, 0, 2, 1, 3], dtype=object)]
[79, array([-90., -45., -45.,   0.]), array([0, 3, 0, 2, 2, 0, 3, 0, 2, 2, 2, 2, 2, 3, 0, 2, 2, 3, 0, 0, 0, 3,
       1, 2, 0, 1, 3, 1, 0, 0, 3, 2, 0, 2, 3, 3, 0, 2, 1, 3], dtype=object)]
[78, array([-90., -45., -45.,   0.]), array([0, 3, 0, 2, 2, 0, 3, 0, 2, 2, 2, 2, 1, 3, 0, 2, 2, 3, 0, 0, 0, 3,
       1, 2, 0, 1, 3, 1, 0, 0, 3, 2, 0, 2, 3, 3, 0, 2, 1, 3], dtype=object)]
[82, array([-90., -45., -45.,   0.]), array([0, 3, 0, 2, 2, 0, 3, 0, 2, 2, 2, 2, 0, 3, 0, 2, 2, 3, 0, 0, 0, 3,
       1, 2, 0, 1, 3, 1, 0, 0, 3, 2, 2, 2, 3, 3, 0, 2, 1, 3], dtype=object)]
[80, array([-90., -45., -45.,   0.]), array([0, 3, 0, 2, 2, 0, 3, 0, 2, 2, 2, 2, 3, 3, 0, 2, 2, 3, 0, 0, 0, 3,
       1, 2, 0, 1, 3, 1, 0, 0, 3, 2, 0, 2, 3, 3, 0, 2, 1, 3], dtype=object)]
[80, array([-90., -45., -45.,   0.]), array([0, 3, 0, 2, 2, 0, 3, 0, 2, 2, 2, 2, 3, 3, 0, 2, 2, 3, 0, 0, 0, 3,
       1, 2, 0, 1, 3, 1, 0, 0, 3, 2, 0, 2, 3, 3, 0, 2, 1, 3], dtype=object)]
[79, array([-90., -45., -45.,   0.]), array([0, 3, 0, 2, 2, 0, 3, 0, 2, 2, 2, 2, 2, 3, 0, 2, 2, 3, 0, 0, 0, 3,
       1, 2, 0, 1, 3, 1, 0, 0, 3, 2, 0, 2, 3, 3, 0, 2, 1, 3], dtype=object)]
[81, array([-90., -45., -45.,   0.]), array([0, 3, 0, 2, 2, 0, 3, 0, 2, 2, 3, 2, 0, 3, 0, 2, 2, 3, 0, 0, 0, 3,
       1, 2, 0, 1, 3, 1, 0, 0, 3, 2, 0, 2, 3, 3, 0, 2, 1, 3], dtype=object)]
[83, array([-90., -45., -45.,   0.]), array([0, 3, 0, 2, 2, 0, 3, 0, 2, 2, 2, 2, 2, 3, 0, 2, 2, 3, 0, 0, 0, 3,
       1, 2, 0, 1, 3, 1, 0, 0, 3, 2, 2, 2, 3, 3, 0, 2, 1, 3], dtype=object)]
[81, array([-90., -45., -45.,   0.]), array([0, 3, 0, 2, 2, 0, 3, 0, 2, 2, 3, 2, 0, 3, 0, 2, 2, 3, 0, 0, 0, 3,
       1, 2, 0, 1, 3, 1, 0, 0, 3, 2, 0, 2, 3, 3, 0, 2, 1, 3], dtype=object)]
[80, array([-90., -45., -45.,   0.]), array([0, 3, 0, 2, 2, 0, 3, 0, 2, 2, 2, 2, 3, 3, 0, 2, 2, 3, 0, 0, 0, 3,
       1, 2, 0, 1, 3, 1, 0, 0, 3, 2, 0, 2, 3, 3, 0, 2, 1, 3], dtype=object)]
[82, array([-90., -45., -45.,   0.]), array([0, 3, 0, 2, 2, 0, 3, 0, 2, 2, 2, 2, 0, 3, 0, 2, 2, 3, 0, 0, 0, 3,
       1, 2, 0, 1, 3, 1, 0, 0, 3, 2, 2, 2, 3, 3, 0, 2, 1, 3], dtype=object)]
[84, array([-90., -45., -45.,   0.]), array([0, 3, 0, 2, 2, 0, 3, 0, 2, 2, 2, 2, 0, 3, 0, 2, 2, 3, 0, 0, 0, 3,
       1, 2, 0, 1, 3, 1, 0, 0, 3, 2, 0, 2, 3, 3, 0, 2, 1, 3], dtype=object)]
[82, array([-90., -45., -45.,   0.]), array([0, 3, 0, 2, 2, 0, 3, 0, 2, 2, 2, 2, 0, 3, 0, 2, 2, 3, 0, 0, 0, 3,
       1, 2, 0, 1, 3, 1, 0, 0, 3, 2, 2, 2, 3, 3, 0, 2, 1, 3], dtype=object)]
[81, array([-90., -45., -45.,   0.]), array([0, 3, 0, 2, 2, 0, 3, 0, 2, 2, 3, 2, 0, 3, 0, 2, 2, 3, 0, 0, 0, 3,
       1, 2, 0, 1, 3, 1, 0, 0, 3, 2, 0, 2, 3, 3, 0, 2, 1, 3], dtype=object)]
[83, array([-90., -45., -45.,   0.]), array([0, 3, 0, 2, 2, 0, 3, 0, 2, 2, 2, 2, 2, 3, 0, 2, 2, 3, 0, 0, 0, 3,
       1, 2, 0, 1, 3, 1, 0, 0, 3, 2, 2, 2, 3, 3, 0, 2, 1, 3], dtype=object)]
[85, array([-90., -45., -45.,   0.]), array([0, 3, 0, 2, 2, 0, 3, 0, 2, 2, 3, 2, 0, 3, 0, 2, 2, 3, 0, 0, 0, 3,
       1, 2, 0, 1, 3, 1, 0, 0, 3, 2, 2, 2, 3, 3, 0, 2, 1, 3], dtype=object)]
[83, array([-90., -45., -45.,   0.]), array([0, 3, 0, 2, 2, 0, 3, 0, 2, 2, 2, 2, 2, 3, 0, 2, 2, 3, 0, 0, 0, 3,
       1, 2, 0, 1, 3, 1, 0, 0, 3, 2, 2, 2, 3, 3, 0, 2, 1, 3], dtype=object)]
[82, array([-90., -45., -45.,   0.]), array([0, 3, 0, 2, 2, 0, 3, 0, 2, 2, 2, 2, 0, 3, 0, 2, 2, 3, 0, 0, 0, 3,
       1, 2, 0, 1, 3, 1, 0, 0, 3, 2, 2, 2, 3, 3, 0, 2, 1, 3], dtype=object)]
[84, array([-90., -45., -45.,   0.]), array([0, 3, 0, 2, 2, 0, 3, 0, 2, 2, 2, 2, 0, 3, 0, 2, 2, 3, 0, 0, 0, 3,
       1, 2, 0, 1, 3, 1, 0, 0, 3, 2, 0, 2, 3, 3, 0, 2, 1, 3], dtype=object)]
[86, array([-90., -45., -45.,   0.]), array([0, 3, 0, 2, 2, 0, 3, 0, 2, 2, 3, 2, 0, 3, 0, 2, 2, 3, 0, 0, 0, 3,
       1, 2, 0, 1, 3, 1, 0, 0, 3, 2, 0, 2, 3, 3, 0, 2, 1, 3], dtype=object)]
[84, array([-90., -45., -45.,   0.]), array([0, 3, 0, 2, 2, 0, 3, 0, 2, 2, 2, 2, 0, 3, 0, 2, 2, 3, 0, 0, 0, 3,
       1, 2, 0, 1, 3, 1, 0, 0, 3, 2, 0, 2, 3, 3, 0, 2, 1, 3], dtype=object)]
[83, array([-90., -45., -45.,   0.]), array([0, 3, 0, 2, 2, 0, 3, 0, 2, 2, 2, 2, 2, 3, 0, 2, 2, 3, 0, 0, 0, 3,
       1, 2, 0, 1, 3, 1, 0, 0, 3, 2, 2, 2, 3, 3, 0, 2, 1, 3], dtype=object)]
[87, array([-90., -45., -45.,   0.]), array([0, 3, 0, 2, 2, 0, 3, 0, 2, 2, 1, 2, 2, 3, 0, 2, 2, 3, 0, 0, 0, 3,
       1, 2, 0, 1, 3, 1, 0, 0, 3, 2, 0, 2, 3, 3, 0, 2, 1, 3], dtype=object)]
[85, array([-90., -45., -45.,   0.]), array([0, 3, 0, 2, 2, 0, 3, 0, 2, 2, 3, 2, 0, 3, 0, 2, 2, 3, 0, 0, 0, 3,
       1, 2, 0, 1, 3, 1, 0, 0, 3, 2, 2, 2, 3, 3, 0, 2, 1, 3], dtype=object)]
[85, array([-90., -45., -45.,   0.]), array([0, 3, 0, 2, 2, 0, 3, 0, 2, 2, 3, 2, 0, 3, 0, 2, 2, 3, 0, 0, 0, 3,
       1, 2, 0, 1, 3, 1, 0, 0, 3, 2, 2, 2, 3, 3, 0, 2, 1, 3], dtype=object)]
[84, array([-90., -45., -45.,   0.]), array([0, 3, 0, 2, 2, 0, 3, 0, 2, 2, 2, 2, 0, 3, 0, 2, 2, 3, 0, 0, 0, 3,
       1, 2, 0, 1, 3, 1, 0, 0, 3, 2, 0, 2, 3, 3, 0, 2, 1, 3], dtype=object)]
[88, array([-80., -40., -40.,   0.]), array([0, 3, 0, 2, 2, 0, 3, 0, 2, 2, 1, 2, 2, 3, 0, 2, 2, 3, 0, 0, 0, 3,
       1, 2, 0, 1, 3, 1, 0, 0, 3, 2, 0, 2, 3, 3, 0, 2, 1, 0], dtype=object)]
[86, array([-90., -45., -45.,   0.]), array([0, 3, 0, 2, 2, 0, 3, 0, 2, 2, 3, 2, 0, 3, 0, 2, 2, 3, 0, 0, 0, 3,
       1, 2, 0, 1, 3, 1, 0, 0, 3, 2, 0, 2, 3, 3, 0, 2, 1, 3], dtype=object)]
[86, array([-90., -45., -45.,   0.]), array([0, 3, 0, 2, 2, 0, 3, 0, 2, 2, 3, 2, 0, 3, 0, 2, 2, 3, 0, 0, 0, 3,
       1, 2, 0, 1, 3, 1, 0, 0, 3, 2, 0, 2, 3, 3, 0, 2, 1, 3], dtype=object)]
[85, array([-90., -45., -45.,   0.]), array([0, 3, 0, 2, 2, 0, 3, 0, 2, 2, 3, 2, 0, 3, 0, 2, 2, 3, 0, 0, 0, 3,
       1, 2, 0, 1, 3, 1, 0, 0, 3, 2, 2, 2, 3, 3, 0, 2, 1, 3], dtype=object)]
[89, array([-90., -45., -45.,   0.]), array([0, 3, 0, 2, 2, 0, 3, 0, 2, 2, 2, 2, 2, 3, 0, 2, 2, 3, 0, 0, 0, 3,
       1, 2, 0, 1, 3, 1, 0, 0, 3, 2, 0, 2, 3, 3, 0, 2, 1, 3], dtype=object)]
[87, array([-90., -45., -45.,   0.]), array([0, 3, 0, 2, 2, 0, 3, 0, 2, 2, 1, 2, 2, 3, 0, 2, 2, 3, 0, 0, 0, 3,
       1, 2, 0, 1, 3, 1, 0, 0, 3, 2, 0, 2, 3, 3, 0, 2, 1, 3], dtype=object)]
[87, array([-90., -45., -45.,   0.]), array([0, 3, 0, 2, 2, 0, 3, 0, 2, 2, 1, 2, 2, 3, 0, 2, 2, 3, 0, 0, 0, 3,
       1, 2, 0, 1, 3, 1, 0, 0, 3, 2, 0, 2, 3, 3, 0, 2, 1, 3], dtype=object)]
[86, array([-90., -45., -45.,   0.]), array([0, 3, 0, 2, 2, 0, 3, 0, 2, 2, 3, 2, 0, 3, 0, 2, 2, 3, 0, 0, 0, 3,
       1, 2, 0, 1, 3, 1, 0, 0, 3, 2, 0, 2, 3, 3, 0, 2, 1, 3], dtype=object)]
[90, array([-90., -45., -45.,   0.]), array([0, 3, 0, 2, 2, 0, 3, 0, 2, 2, 2, 2, 2, 3, 0, 2, 2, 3, 0, 0, 0, 3,
       1, 2, 0, 1, 3, 1, 0, 0, 3, 2, 3, 2, 3, 3, 0, 2, 1, 3], dtype=object)]
[88, array([-80., -40., -40.,   0.]), array([0, 3, 0, 2, 2, 0, 3, 0, 2, 2, 1, 2, 2, 3, 0, 2, 2, 3, 0, 0, 0, 3,
       1, 2, 0, 1, 3, 1, 0, 0, 3, 2, 0, 2, 3, 3, 0, 2, 1, 0], dtype=object)]
[88, array([-80., -40., -40.,   0.]), array([0, 3, 0, 2, 2, 0, 3, 0, 2, 2, 1, 2, 2, 3, 0, 2, 2, 3, 0, 0, 0, 3,
       1, 2, 0, 1, 3, 1, 0, 0, 3, 2, 0, 2, 3, 3, 0, 2, 1, 0], dtype=object)]
[87, array([-90., -45., -45.,   0.]), array([0, 3, 0, 2, 2, 0, 3, 0, 2, 2, 1, 2, 2, 3, 0, 2, 2, 3, 0, 0, 0, 3,
       1, 2, 0, 1, 3, 1, 0, 0, 3, 2, 0, 2, 3, 3, 0, 2, 1, 3], dtype=object)]
[91, array([-90., -45., -45.,   0.]), array([0, 3, 0, 2, 2, 0, 3, 0, 2, 2, 2, 2, 2, 3, 0, 2, 2, 3, 0, 0, 0, 3,
       1, 2, 0, 1, 3, 1, 0, 0, 3, 2, 2, 2, 3, 3, 0, 2, 1, 3], dtype=object)]
[89, array([-90., -45., -45.,   0.]), array([0, 3, 0, 2, 2, 0, 3, 0, 2, 2, 2, 2, 2, 3, 0, 2, 2, 3, 0, 0, 0, 3,
       1, 2, 0, 1, 3, 1, 0, 0, 3, 2, 0, 2, 3, 3, 0, 2, 1, 3], dtype=object)]
[89, array([-90., -45., -45.,   0.]), array([0, 3, 0, 2, 2, 0, 3, 0, 2, 2, 2, 2, 2, 3, 0, 2, 2, 3, 0, 0, 0, 3,
       1, 2, 0, 1, 3, 1, 0, 0, 3, 2, 0, 2, 3, 3, 0, 2, 1, 3], dtype=object)]
[88, array([-80., -40., -40.,   0.]), array([0, 3, 0, 2, 2, 0, 3, 0, 2, 2, 1, 2, 2, 3, 0, 2, 2, 3, 0, 0, 0, 3,
       1, 2, 0, 1, 3, 1, 0, 0, 3, 2, 0, 2, 3, 3, 0, 2, 1, 0], dtype=object)]
[92, array([-90., -45., -45.,   0.]), array([0, 3, 0, 2, 2, 0, 3, 0, 2, 2, 1, 2, 2, 3, 0, 1, 2, 3, 0, 0, 0, 3,
       1, 2, 0, 1, 3, 1, 0, 0, 3, 2, 0, 2, 3, 3, 0, 2, 1, 3], dtype=object)]
[90, array([-90., -45., -45.,   0.]), array([0, 3, 0, 2, 2, 0, 3, 0, 2, 2, 2, 2, 2, 3, 0, 2, 2, 3, 0, 0, 0, 3,
       1, 2, 0, 1, 3, 1, 0, 0, 3, 2, 3, 2, 3, 3, 0, 2, 1, 3], dtype=object)]
[90, array([-90., -45., -45.,   0.]), array([0, 3, 0, 2, 2, 0, 3, 0, 2, 2, 2, 2, 2, 3, 0, 2, 2, 3, 0, 0, 0, 3,
       1, 2, 0, 1, 3, 1, 0, 0, 3, 2, 3, 2, 3, 3, 0, 2, 1, 3], dtype=object)]
[89, array([-90., -45., -45.,   0.]), array([0, 3, 0, 2, 2, 0, 3, 0, 2, 2, 2, 2, 2, 3, 0, 2, 2, 3, 0, 0, 0, 3,
       1, 2, 0, 1, 3, 1, 0, 0, 3, 2, 0, 2, 3, 3, 0, 2, 1, 3], dtype=object)]
[93, array([-90., -45., -45.,   0.]), array([0, 3, 0, 2, 2, 0, 3, 0, 2, 2, 2, 2, 0, 3, 0, 2, 2, 3, 0, 0, 0, 3,
       1, 2, 0, 1, 3, 1, 0, 0, 3, 2, 0, 2, 3, 3, 0, 2, 1, 3], dtype=object)]
[91, array([-90., -45., -45.,   0.]), array([0, 3, 0, 2, 2, 0, 3, 0, 2, 2, 2, 2, 2, 3, 0, 2, 2, 3, 0, 0, 0, 3,
       1, 2, 0, 1, 3, 1, 0, 0, 3, 2, 2, 2, 3, 3, 0, 2, 1, 3], dtype=object)]
[91, array([-90., -45., -45.,   0.]), array([0, 3, 0, 2, 2, 0, 3, 0, 2, 2, 2, 2, 2, 3, 0, 2, 2, 3, 0, 0, 0, 3,
       1, 2, 0, 1, 3, 1, 0, 0, 3, 2, 2, 2, 3, 3, 0, 2, 1, 3], dtype=object)]
[90, array([-90., -45., -45.,   0.]), array([0, 3, 0, 2, 2, 0, 3, 0, 2, 2, 2, 2, 2, 3, 0, 2, 2, 3, 0, 0, 0, 3,
       1, 2, 0, 1, 3, 1, 0, 0, 3, 2, 3, 2, 3, 3, 0, 2, 1, 3], dtype=object)]
[94, array([-90., -45., -45.,   0.]), array([0, 3, 0, 2, 2, 0, 3, 0, 2, 2, 2, 2, 2, 3, 0, 2, 2, 3, 0, 0, 0, 3,
       1, 2, 0, 1, 3, 1, 0, 0, 3, 2, 3, 2, 3, 3, 0, 2, 1, 3], dtype=object)]
[92, array([-90., -45., -45.,   0.]), array([0, 3, 0, 2, 2, 0, 3, 0, 2, 2, 1, 2, 2, 3, 0, 1, 2, 3, 0, 0, 0, 3,
       1, 2, 0, 1, 3, 1, 0, 0, 3, 2, 0, 2, 3, 3, 0, 2, 1, 3], dtype=object)]
[92, array([-90., -45., -45.,   0.]), array([0, 3, 0, 2, 2, 0, 3, 0, 2, 2, 1, 2, 2, 3, 0, 1, 2, 3, 0, 0, 0, 3,
       1, 2, 0, 1, 3, 1, 0, 0, 3, 2, 0, 2, 3, 3, 0, 2, 1, 3], dtype=object)]
[91, array([-90., -45., -45.,   0.]), array([0, 3, 0, 2, 2, 0, 3, 0, 2, 2, 2, 2, 2, 3, 0, 2, 2, 3, 0, 0, 0, 3,
       1, 2, 0, 1, 3, 1, 0, 0, 3, 2, 2, 2, 3, 3, 0, 2, 1, 3], dtype=object)]
[95, array([-90., -45., -45.,   0.]), array([0, 3, 0, 2, 2, 0, 3, 0, 2, 2, 2, 2, 2, 3, 0, 2, 2, 3, 0, 0, 0, 3,
       1, 2, 0, 1, 3, 1, 0, 0, 3, 2, 0, 2, 3, 3, 0, 2, 1, 3], dtype=object)]
[93, array([-90., -45., -45.,   0.]), array([0, 3, 0, 2, 2, 0, 3, 0, 2, 2, 2, 2, 0, 3, 0, 2, 2, 3, 0, 0, 0, 3,
       1, 2, 0, 1, 3, 1, 0, 0, 3, 2, 0, 2, 3, 3, 0, 2, 1, 3], dtype=object)]
[93, array([-90., -45., -45.,   0.]), array([0, 3, 0, 2, 2, 0, 3, 0, 2, 2, 2, 2, 0, 3, 0, 2, 2, 3, 0, 0, 0, 3,
       1, 2, 0, 1, 3, 1, 0, 0, 3, 2, 0, 2, 3, 3, 0, 2, 1, 3], dtype=object)]
[96, array([-90., -45., -45.,   0.]), array([0, 3, 0, 2, 2, 0, 3, 0, 2, 2, 2, 2, 2, 3, 0, 1, 2, 3, 0, 0, 0, 3,
       1, 2, 0, 1, 3, 1, 0, 0, 3, 2, 0, 2, 3, 3, 0, 2, 1, 3], dtype=object)]
[92, array([-90., -45., -45.,   0.]), array([0, 3, 0, 2, 2, 0, 3, 0, 2, 2, 1, 2, 2, 3, 0, 1, 2, 3, 0, 0, 0, 3,
       1, 2, 0, 1, 3, 1, 0, 0, 3, 2, 0, 2, 3, 3, 0, 2, 1, 3], dtype=object)]
[94, array([-90., -45., -45.,   0.]), array([0, 3, 0, 2, 2, 0, 3, 0, 2, 2, 2, 2, 2, 3, 0, 2, 2, 3, 0, 0, 0, 3,
       1, 2, 0, 1, 3, 1, 0, 0, 3, 2, 3, 2, 3, 3, 0, 2, 1, 3], dtype=object)]
[94, array([-90., -45., -45.,   0.]), array([0, 3, 0, 2, 2, 0, 3, 0, 2, 2, 2, 2, 2, 3, 0, 2, 2, 3, 0, 0, 0, 3,
       1, 2, 0, 1, 3, 1, 0, 0, 3, 2, 3, 2, 3, 3, 0, 2, 1, 3], dtype=object)]
[97, array([-90., -45., -45.,   0.]), array([0, 3, 0, 2, 2, 0, 3, 0, 2, 2, 2, 2, 2, 3, 0, 2, 2, 3, 0, 0, 0, 3,
       1, 2, 0, 1, 3, 1, 0, 0, 3, 2, 0, 2, 3, 3, 0, 2, 1, 3], dtype=object)]
[93, array([-90., -45., -45.,   0.]), array([0, 3, 0, 2, 2, 0, 3, 0, 2, 2, 2, 2, 0, 3, 0, 2, 2, 3, 0, 0, 0, 3,
       1, 2, 0, 1, 3, 1, 0, 0, 3, 2, 0, 2, 3, 3, 0, 2, 1, 3], dtype=object)]
[95, array([-90., -45., -45.,   0.]), array([0, 3, 0, 2, 2, 0, 3, 0, 2, 2, 2, 2, 2, 3, 0, 2, 2, 3, 0, 0, 0, 3,
       1, 2, 0, 1, 3, 1, 0, 0, 3, 2, 0, 2, 3, 3, 0, 2, 1, 3], dtype=object)]
[95, array([-90., -45., -45.,   0.]), array([0, 3, 0, 2, 2, 0, 3, 0, 2, 2, 2, 2, 2, 3, 0, 2, 2, 3, 0, 0, 0, 3,
       1, 2, 0, 1, 3, 1, 0, 0, 3, 2, 0, 2, 3, 3, 0, 2, 1, 3], dtype=object)]
[98, array([-90., -45., -45.,   0.]), array([0, 3, 0, 2, 2, 0, 3, 0, 2, 2, 1, 2, 3, 3, 0, 2, 2, 3, 0, 0, 0, 3,
       1, 2, 0, 1, 3, 1, 0, 0, 3, 2, 0, 2, 3, 3, 0, 2, 1, 3], dtype=object)]
[94, array([-90., -45., -45.,   0.]), array([0, 3, 0, 2, 2, 0, 3, 0, 2, 2, 2, 2, 2, 3, 0, 2, 2, 3, 0, 0, 0, 3,
       1, 2, 0, 1, 3, 1, 0, 0, 3, 2, 3, 2, 3, 3, 0, 2, 1, 3], dtype=object)]
[96, array([-90., -45., -45.,   0.]), array([0, 3, 0, 2, 2, 0, 3, 0, 2, 2, 2, 2, 2, 3, 0, 1, 2, 3, 0, 0, 0, 3,
       1, 2, 0, 1, 3, 1, 0, 0, 3, 2, 0, 2, 3, 3, 0, 2, 1, 3], dtype=object)]
[96, array([-90., -45., -45.,   0.]), array([0, 3, 0, 2, 2, 0, 3, 0, 2, 2, 2, 2, 2, 3, 0, 1, 2, 3, 0, 0, 0, 3,
       1, 2, 0, 1, 3, 1, 0, 0, 3, 2, 0, 2, 3, 3, 0, 2, 1, 3], dtype=object)]
[99, array([-90., -45., -45.,   0.]), array([0, 3, 0, 2, 2, 0, 3, 0, 2, 2, 2, 2, 2, 3, 0, 2, 2, 3, 0, 0, 0, 3,
       1, 2, 0, 1, 3, 1, 0, 0, 3, 2, 0, 2, 3, 3, 0, 2, 1, 3], dtype=object)]
[95, array([-90., -45., -45.,   0.]), array([0, 3, 0, 2, 2, 0, 3, 0, 2, 2, 2, 2, 2, 3, 0, 2, 2, 3, 0, 0, 0, 3,
       1, 2, 0, 1, 3, 1, 0, 0, 3, 2, 0, 2, 3, 3, 0, 2, 1, 3], dtype=object)]
[97, array([-90., -45., -45.,   0.]), array([0, 3, 0, 2, 2, 0, 3, 0, 2, 2, 2, 2, 2, 3, 0, 2, 2, 3, 0, 0, 0, 3,
       1, 2, 0, 1, 3, 1, 0, 0, 3, 2, 0, 2, 3, 3, 0, 2, 1, 3], dtype=object)]
[97, array([-90., -45., -45.,   0.]), array([0, 3, 0, 2, 2, 0, 3, 0, 2, 2, 2, 2, 2, 3, 0, 2, 2, 3, 0, 0, 0, 3,
       1, 2, 0, 1, 3, 1, 0, 0, 3, 2, 0, 2, 3, 3, 0, 2, 1, 3], dtype=object)]
[100, array([-76., -38., -38.,   0.]), array([0, 3, 0, 2, 2, 1, 3, 0, 2, 2, 2, 2, 2, 3, 0, 2, 2, 3, 0, 0, 0, 3,
       1, 2, 0, 1, 3, 1, 0, 0, 3, 2, 0, 2, 3, 3, 0, 2, 1, 3], dtype=object)]
[96, array([-90., -45., -45.,   0.]), array([0, 3, 0, 2, 2, 0, 3, 0, 2, 2, 2, 2, 2, 3, 0, 1, 2, 3, 0, 0, 0, 3,
       1, 2, 0, 1, 3, 1, 0, 0, 3, 2, 0, 2, 3, 3, 0, 2, 1, 3], dtype=object)]
[98, array([-90., -45., -45.,   0.]), array([0, 3, 0, 2, 2, 0, 3, 0, 2, 2, 1, 2, 3, 3, 0, 2, 2, 3, 0, 0, 0, 3,
       1, 2, 0, 1, 3, 1, 0, 0, 3, 2, 0, 2, 3, 3, 0, 2, 1, 3], dtype=object)]
[98, array([-90., -45., -45.,   0.]), array([0, 3, 0, 2, 2, 0, 3, 0, 2, 2, 1, 2, 3, 3, 0, 2, 2, 3, 0, 0, 0, 3,
       1, 2, 0, 1, 3, 1, 0, 0, 3, 2, 0, 2, 3, 3, 0, 2, 1, 3], dtype=object)]
[101, array([-90., -45., -45.,   0.]), array([0, 3, 0, 2, 2, 0, 3, 0, 2, 2, 1, 2, 2, 3, 0, 2, 2, 3, 0, 0, 0, 3,
       1, 2, 0, 1, 3, 1, 0, 0, 3, 2, 0, 2, 3, 3, 0, 2, 1, 3], dtype=object)]
[97, array([-90., -45., -45.,   0.]), array([0, 3, 0, 2, 2, 0, 3, 0, 2, 2, 2, 2, 2, 3, 0, 2, 2, 3, 0, 0, 0, 3,
       1, 2, 0, 1, 3, 1, 0, 0, 3, 2, 0, 2, 3, 3, 0, 2, 1, 3], dtype=object)]
[99, array([-90., -45., -45.,   0.]), array([0, 3, 0, 2, 2, 0, 3, 0, 2, 2, 2, 2, 2, 3, 0, 2, 2, 3, 0, 0, 0, 3,
       1, 2, 0, 1, 3, 1, 0, 0, 3, 2, 0, 2, 3, 3, 0, 2, 1, 3], dtype=object)]
[99, array([-90., -45., -45.,   0.]), array([0, 3, 0, 2, 2, 0, 3, 0, 2, 2, 2, 2, 2, 3, 0, 2, 2, 3, 0, 0, 0, 3,
       1, 2, 0, 1, 3, 1, 0, 0, 3, 2, 0, 2, 3, 3, 0, 2, 1, 3], dtype=object)]
[102, array([-90., -45., -45.,   0.]), array([0, 3, 0, 2, 2, 0, 3, 0, 2, 2, 2, 2, 2, 3, 0, 2, 2, 3, 0, 0, 0, 3,
       1, 2, 0, 1, 3, 1, 0, 1, 3, 2, 0, 2, 3, 0, 0, 2, 1, 3], dtype=object)]
[98, array([-90., -45., -45.,   0.]), array([0, 3, 0, 2, 2, 0, 3, 0, 2, 2, 1, 2, 3, 3, 0, 2, 2, 3, 0, 0, 0, 3,
       1, 2, 0, 1, 3, 1, 0, 0, 3, 2, 0, 2, 3, 3, 0, 2, 1, 3], dtype=object)]
[100, array([-76., -38., -38.,   0.]), array([0, 3, 0, 2, 2, 1, 3, 0, 2, 2, 2, 2, 2, 3, 0, 2, 2, 3, 0, 0, 0, 3,
       1, 2, 0, 1, 3, 1, 0, 0, 3, 2, 0, 2, 3, 3, 0, 2, 1, 3], dtype=object)]
[100, array([-76., -38., -38.,   0.]), array([0, 3, 0, 2, 2, 1, 3, 0, 2, 2, 2, 2, 2, 3, 0, 2, 2, 3, 0, 0, 0, 3,
       1, 2, 0, 1, 3, 1, 0, 0, 3, 2, 0, 2, 3, 3, 0, 2, 1, 3], dtype=object)]
[103, array([-90., -45., -45.,   0.]), array([0, 3, 0, 2, 2, 0, 3, 0, 2, 2, 1, 2, 2, 3, 0, 2, 2, 3, 0, 0, 0, 3,
       1, 2, 0, 1, 3, 1, 0, 0, 3, 2, 0, 2, 3, 3, 0, 2, 1, 3], dtype=object)]
[99, array([-90., -45., -45.,   0.]), array([0, 3, 0, 2, 2, 0, 3, 0, 2, 2, 2, 2, 2, 3, 0, 2, 2, 3, 0, 0, 0, 3,
       1, 2, 0, 1, 3, 1, 0, 0, 3, 2, 0, 2, 3, 3, 0, 2, 1, 3], dtype=object)]
[101, array([-90., -45., -45.,   0.]), array([0, 3, 0, 2, 2, 0, 3, 0, 2, 2, 1, 2, 2, 3, 0, 2, 2, 3, 0, 0, 0, 3,
       1, 2, 0, 1, 3, 1, 0, 0, 3, 2, 0, 2, 3, 3, 0, 2, 1, 3], dtype=object)]
[101, array([-90., -45., -45.,   0.]), array([0, 3, 0, 2, 2, 0, 3, 0, 2, 2, 1, 2, 2, 3, 0, 2, 2, 3, 0, 0, 0, 3,
       1, 2, 0, 1, 3, 1, 0, 0, 3, 2, 0, 2, 3, 3, 0, 2, 1, 3], dtype=object)]
[104, array([-90., -45., -45.,   0.]), array([0, 3, 0, 2, 2, 0, 3, 0, 2, 2, 1, 2, 2, 3, 0, 2, 2, 3, 0, 0, 0, 3,
       1, 2, 0, 1, 3, 1, 0, 0, 3, 2, 3, 2, 3, 3, 0, 2, 1, 3], dtype=object)]
[100, array([-76., -38., -38.,   0.]), array([0, 3, 0, 2, 2, 1, 3, 0, 2, 2, 2, 2, 2, 3, 0, 2, 2, 3, 0, 0, 0, 3,
       1, 2, 0, 1, 3, 1, 0, 0, 3, 2, 0, 2, 3, 3, 0, 2, 1, 3], dtype=object)]
[102, array([-90., -45., -45.,   0.]), array([0, 3, 0, 2, 2, 0, 3, 0, 2, 2, 2, 2, 2, 3, 0, 2, 2, 3, 0, 0, 0, 3,
       1, 2, 0, 1, 3, 1, 0, 1, 3, 2, 0, 2, 3, 0, 0, 2, 1, 3], dtype=object)]
[102, array([-90., -45., -45.,   0.]), array([0, 3, 0, 2, 2, 0, 3, 0, 2, 2, 2, 2, 2, 3, 0, 2, 2, 3, 0, 0, 0, 3,
       1, 2, 0, 1, 3, 1, 0, 1, 3, 2, 0, 2, 3, 0, 0, 2, 1, 3], dtype=object)]
[105, array([-90., -45., -45.,   0.]), array([0, 3, 0, 2, 2, 0, 3, 0, 2, 2, 1, 2, 2, 3, 0, 2, 2, 3, 0, 0, 0, 3,
       1, 2, 0, 1, 3, 1, 0, 0, 3, 2, 0, 2, 3, 3, 0, 2, 1, 3], dtype=object)]
[101, array([-90., -45., -45.,   0.]), array([0, 3, 0, 2, 2, 0, 3, 0, 2, 2, 1, 2, 2, 3, 0, 2, 2, 3, 0, 0, 0, 3,
       1, 2, 0, 1, 3, 1, 0, 0, 3, 2, 0, 2, 3, 3, 0, 2, 1, 3], dtype=object)]
[103, array([-90., -45., -45.,   0.]), array([0, 3, 0, 2, 2, 0, 3, 0, 2, 2, 1, 2, 2, 3, 0, 2, 2, 3, 0, 0, 0, 3,
       1, 2, 0, 1, 3, 1, 0, 0, 3, 2, 0, 2, 3, 3, 0, 2, 1, 3], dtype=object)]
[103, array([-90., -45., -45.,   0.]), array([0, 3, 0, 2, 2, 0, 3, 0, 2, 2, 1, 2, 2, 3, 0, 2, 2, 3, 0, 0, 0, 3,
       1, 2, 0, 1, 3, 1, 0, 0, 3, 2, 0, 2, 3, 3, 0, 2, 1, 3], dtype=object)]
[106, array([-90., -45., -45.,   0.]), array([0, 3, 0, 2, 2, 0, 3, 0, 2, 2, 0, 2, 2, 3, 0, 2, 2, 3, 0, 0, 0, 3,
       1, 2, 0, 1, 3, 1, 0, 0, 3, 2, 0, 2, 3, 3, 0, 2, 1, 3], dtype=object)]
[102, array([-90., -45., -45.,   0.]), array([0, 3, 0, 2, 2, 0, 3, 0, 2, 2, 2, 2, 2, 3, 0, 2, 2, 3, 0, 0, 0, 3,
       1, 2, 0, 1, 3, 1, 0, 1, 3, 2, 0, 2, 3, 0, 0, 2, 1, 3], dtype=object)]
[104, array([-90., -45., -45.,   0.]), array([0, 3, 0, 2, 2, 0, 3, 0, 2, 2, 1, 2, 2, 3, 0, 2, 2, 3, 0, 0, 0, 3,
       1, 2, 0, 1, 3, 1, 0, 0, 3, 2, 3, 2, 3, 3, 0, 2, 1, 3], dtype=object)]
[104, array([-90., -45., -45.,   0.]), array([0, 3, 0, 2, 2, 0, 3, 0, 2, 2, 1, 2, 2, 3, 0, 2, 2, 3, 0, 0, 0, 3,
       1, 2, 0, 1, 3, 1, 0, 0, 3, 2, 3, 2, 3, 3, 0, 2, 1, 3], dtype=object)]
[107, array([-90., -45., -45.,   0.]), array([0, 3, 0, 2, 2, 0, 3, 0, 2, 2, 2, 2, 0, 3, 0, 2, 2, 3, 0, 0, 0, 3,
       1, 2, 0, 1, 3, 1, 0, 0, 3, 2, 0, 2, 3, 3, 0, 2, 1, 3], dtype=object)]
[103, array([-90., -45., -45.,   0.]), array([0, 3, 0, 2, 2, 0, 3, 0, 2, 2, 1, 2, 2, 3, 0, 2, 2, 3, 0, 0, 0, 3,
       1, 2, 0, 1, 3, 1, 0, 0, 3, 2, 0, 2, 3, 3, 0, 2, 1, 3], dtype=object)]
[105, array([-90., -45., -45.,   0.]), array([0, 3, 0, 2, 2, 0, 3, 0, 2, 2, 1, 2, 2, 3, 0, 2, 2, 3, 0, 0, 0, 3,
       1, 2, 0, 1, 3, 1, 0, 0, 3, 2, 0, 2, 3, 3, 0, 2, 1, 3], dtype=object)]
[105, array([-90., -45., -45.,   0.]), array([0, 3, 0, 2, 2, 0, 3, 0, 2, 2, 1, 2, 2, 3, 0, 2, 2, 3, 0, 0, 0, 3,
       1, 2, 0, 1, 3, 1, 0, 0, 3, 2, 0, 2, 3, 3, 0, 2, 1, 3], dtype=object)]
[108, array([-90., -45., -45.,   0.]), array([0, 3, 0, 2, 2, 0, 3, 0, 2, 2, 2, 2, 2, 3, 0, 3, 2, 3, 0, 0, 0, 3,
       1, 2, 0, 1, 3, 1, 0, 0, 3, 2, 0, 2, 3, 3, 0, 2, 1, 3], dtype=object)]
[104, array([-90., -45., -45.,   0.]), array([0, 3, 0, 2, 2, 0, 3, 0, 2, 2, 1, 2, 2, 3, 0, 2, 2, 3, 0, 0, 0, 3,
       1, 2, 0, 1, 3, 1, 0, 0, 3, 2, 3, 2, 3, 3, 0, 2, 1, 3], dtype=object)]
[106, array([-90., -45., -45.,   0.]), array([0, 3, 0, 2, 2, 0, 3, 0, 2, 2, 0, 2, 2, 3, 0, 2, 2, 3, 0, 0, 0, 3,
       1, 2, 0, 1, 3, 1, 0, 0, 3, 2, 0, 2, 3, 3, 0, 2, 1, 3], dtype=object)]
[106, array([-90., -45., -45.,   0.]), array([0, 3, 0, 2, 2, 0, 3, 0, 2, 2, 0, 2, 2, 3, 0, 2, 2, 3, 0, 0, 0, 3,
       1, 2, 0, 1, 3, 1, 0, 0, 3, 2, 0, 2, 3, 3, 0, 2, 1, 3], dtype=object)]
[109, array([-90., -45., -45.,   0.]), array([0, 3, 0, 2, 2, 0, 3, 0, 2, 2, 1, 2, 2, 3, 0, 2, 2, 3, 0, 0, 0, 3,
       1, 2, 0, 1, 3, 1, 0, 0, 3, 2, 2, 2, 3, 3, 0, 2, 1, 3], dtype=object)]
[105, array([-90., -45., -45.,   0.]), array([0, 3, 0, 2, 2, 0, 3, 0, 2, 2, 1, 2, 2, 3, 0, 2, 2, 3, 0, 0, 0, 3,
       1, 2, 0, 1, 3, 1, 0, 0, 3, 2, 0, 2, 3, 3, 0, 2, 1, 3], dtype=object)]
[107, array([-90., -45., -45.,   0.]), array([0, 3, 0, 2, 2, 0, 3, 0, 2, 2, 2, 2, 0, 3, 0, 2, 2, 3, 0, 0, 0, 3,
       1, 2, 0, 1, 3, 1, 0, 0, 3, 2, 0, 2, 3, 3, 0, 2, 1, 3], dtype=object)]
[107, array([-90., -45., -45.,   0.]), array([0, 3, 0, 2, 2, 0, 3, 0, 2, 2, 2, 2, 0, 3, 0, 2, 2, 3, 0, 0, 0, 3,
       1, 2, 0, 1, 3, 1, 0, 0, 3, 2, 0, 2, 3, 3, 0, 2, 1, 3], dtype=object)]
[110, array([-90., -45., -45.,   0.]), array([0, 3, 0, 2, 2, 0, 3, 0, 2, 2, 2, 2, 2, 3, 0, 3, 2, 3, 0, 0, 0, 3,
       1, 2, 0, 1, 3, 1, 0, 0, 3, 2, 0, 2, 3, 3, 0, 2, 1, 3], dtype=object)]
[106, array([-90., -45., -45.,   0.]), array([0, 3, 0, 2, 2, 0, 3, 0, 2, 2, 0, 2, 2, 3, 0, 2, 2, 3, 0, 0, 0, 3,
       1, 2, 0, 1, 3, 1, 0, 0, 3, 2, 0, 2, 3, 3, 0, 2, 1, 3], dtype=object)]
[108, array([-90., -45., -45.,   0.]), array([0, 3, 0, 2, 2, 0, 3, 0, 2, 2, 2, 2, 2, 3, 0, 3, 2, 3, 0, 0, 0, 3,
       1, 2, 0, 1, 3, 1, 0, 0, 3, 2, 0, 2, 3, 3, 0, 2, 1, 3], dtype=object)]
[108, array([-90., -45., -45.,   0.]), array([0, 3, 0, 2, 2, 0, 3, 0, 2, 2, 2, 2, 2, 3, 0, 3, 2, 3, 0, 0, 0, 3,
       1, 2, 0, 1, 3, 1, 0, 0, 3, 2, 0, 2, 3, 3, 0, 2, 1, 3], dtype=object)]
[111, array([-90., -45., -45.,   0.]), array([0, 3, 0, 2, 2, 0, 3, 0, 2, 2, 2, 2, 0, 3, 0, 3, 2, 3, 0, 0, 0, 3,
       1, 2, 0, 1, 3, 1, 0, 0, 3, 2, 0, 2, 3, 3, 0, 2, 1, 3], dtype=object)]
[109, array([-90., -45., -45.,   0.]), array([0, 3, 0, 2, 2, 0, 3, 0, 2, 2, 1, 2, 2, 3, 0, 2, 2, 3, 0, 0, 0, 3,
       1, 2, 0, 1, 3, 1, 0, 0, 3, 2, 2, 2, 3, 3, 0, 2, 1, 3], dtype=object)]
[107, array([-90., -45., -45.,   0.]), array([0, 3, 0, 2, 2, 0, 3, 0, 2, 2, 2, 2, 0, 3, 0, 2, 2, 3, 0, 0, 0, 3,
       1, 2, 0, 1, 3, 1, 0, 0, 3, 2, 0, 2, 3, 3, 0, 2, 1, 3], dtype=object)]
[109, array([-90., -45., -45.,   0.]), array([0, 3, 0, 2, 2, 0, 3, 0, 2, 2, 1, 2, 2, 3, 0, 2, 2, 3, 0, 0, 0, 3,
       1, 2, 0, 1, 3, 1, 0, 0, 3, 2, 2, 2, 3, 3, 0, 2, 1, 3], dtype=object)]
[112, array([-90., -45., -45.,   0.]), array([0, 3, 0, 2, 2, 0, 3, 0, 2, 2, 2, 2, 0, 3, 0, 3, 2, 3, 0, 0, 0, 3,
       1, 2, 0, 1, 3, 1, 0, 0, 3, 2, 2, 2, 3, 3, 0, 2, 1, 3], dtype=object)]
[110, array([-90., -45., -45.,   0.]), array([0, 3, 0, 2, 2, 0, 3, 0, 2, 2, 2, 2, 2, 3, 0, 3, 2, 3, 0, 0, 0, 3,
       1, 2, 0, 1, 3, 1, 0, 0, 3, 2, 0, 2, 3, 3, 0, 2, 1, 3], dtype=object)]
[108, array([-90., -45., -45.,   0.]), array([0, 3, 0, 2, 2, 0, 3, 0, 2, 2, 2, 2, 2, 3, 0, 3, 2, 3, 0, 0, 0, 3,
       1, 2, 0, 1, 3, 1, 0, 0, 3, 2, 0, 2, 3, 3, 0, 2, 1, 3], dtype=object)]
[110, array([-90., -45., -45.,   0.]), array([0, 3, 0, 2, 2, 0, 3, 0, 2, 2, 2, 2, 2, 3, 0, 3, 2, 3, 0, 0, 0, 3,
       1, 2, 0, 1, 3, 1, 0, 0, 3, 2, 0, 2, 3, 3, 0, 2, 1, 3], dtype=object)]
[113, array([-90., -45., -45.,   0.]), array([0, 3, 0, 2, 2, 0, 3, 0, 2, 2, 2, 2, 2, 3, 0, 2, 2, 3, 0, 0, 0, 3,
       1, 2, 0, 1, 3, 1, 0, 0, 3, 2, 2, 2, 3, 3, 0, 2, 1, 3], dtype=object)]
[111, array([-90., -45., -45.,   0.]), array([0, 3, 0, 2, 2, 0, 3, 0, 2, 2, 2, 2, 0, 3, 0, 3, 2, 3, 0, 0, 0, 3,
       1, 2, 0, 1, 3, 1, 0, 0, 3, 2, 0, 2, 3, 3, 0, 2, 1, 3], dtype=object)]
[111, array([-90., -45., -45.,   0.]), array([0, 3, 0, 2, 2, 0, 3, 0, 2, 2, 2, 2, 0, 3, 0, 3, 2, 3, 0, 0, 0, 3,
       1, 2, 0, 1, 3, 1, 0, 0, 3, 2, 0, 2, 3, 3, 0, 2, 1, 3], dtype=object)]
[109, array([-90., -45., -45.,   0.]), array([0, 3, 0, 2, 2, 0, 3, 0, 2, 2, 1, 2, 2, 3, 0, 2, 2, 3, 0, 0, 0, 3,
       1, 2, 0, 1, 3, 1, 0, 0, 3, 2, 2, 2, 3, 3, 0, 2, 1, 3], dtype=object)]
[114, array([-90., -45., -45.,   0.]), array([0, 3, 0, 2, 2, 0, 3, 0, 2, 2, 2, 2, 0, 3, 0, 3, 2, 3, 0, 0, 0, 3,
       1, 2, 0, 1, 3, 1, 0, 0, 3, 2, 2, 2, 3, 3, 0, 2, 1, 3], dtype=object)]
[112, array([-90., -45., -45.,   0.]), array([0, 3, 0, 2, 2, 0, 3, 0, 2, 2, 2, 2, 0, 3, 0, 3, 2, 3, 0, 0, 0, 3,
       1, 2, 0, 1, 3, 1, 0, 0, 3, 2, 2, 2, 3, 3, 0, 2, 1, 3], dtype=object)]
[112, array([-90., -45., -45.,   0.]), array([0, 3, 0, 2, 2, 0, 3, 0, 2, 2, 2, 2, 0, 3, 0, 3, 2, 3, 0, 0, 0, 3,
       1, 2, 0, 1, 3, 1, 0, 0, 3, 2, 2, 2, 3, 3, 0, 2, 1, 3], dtype=object)]
[110, array([-90., -45., -45.,   0.]), array([0, 3, 0, 2, 2, 0, 3, 0, 2, 2, 2, 2, 2, 3, 0, 3, 2, 3, 0, 0, 0, 3,
       1, 2, 0, 1, 3, 1, 0, 0, 3, 2, 0, 2, 3, 3, 0, 2, 1, 3], dtype=object)]
[115, array([-90., -45., -45.,   0.]), array([0, 3, 0, 2, 2, 0, 3, 0, 2, 2, 1, 2, 2, 3, 0, 2, 2, 3, 0, 0, 0, 3,
       1, 2, 0, 1, 3, 1, 0, 0, 3, 2, 0, 2, 3, 3, 0, 2, 1, 3], dtype=object)]
[113, array([-90., -45., -45.,   0.]), array([0, 3, 0, 2, 2, 0, 3, 0, 2, 2, 2, 2, 2, 3, 0, 2, 2, 3, 0, 0, 0, 3,
       1, 2, 0, 1, 3, 1, 0, 0, 3, 2, 2, 2, 3, 3, 0, 2, 1, 3], dtype=object)]
[113, array([-90., -45., -45.,   0.]), array([0, 3, 0, 2, 2, 0, 3, 0, 2, 2, 2, 2, 2, 3, 0, 2, 2, 3, 0, 0, 0, 3,
       1, 2, 0, 1, 3, 1, 0, 0, 3, 2, 2, 2, 3, 3, 0, 2, 1, 3], dtype=object)]
[116, array([-90., -45., -45.,   0.]), array([0, 3, 0, 2, 2, 0, 3, 0, 2, 2, 1, 2, 1, 3, 0, 2, 2, 3, 0, 0, 0, 3,
       1, 2, 0, 1, 3, 1, 0, 0, 3, 2, 0, 2, 3, 3, 0, 2, 1, 3], dtype=object)]
[111, array([-90., -45., -45.,   0.]), array([0, 3, 0, 2, 2, 0, 3, 0, 2, 2, 2, 2, 0, 3, 0, 3, 2, 3, 0, 0, 0, 3,
       1, 2, 0, 1, 3, 1, 0, 0, 3, 2, 0, 2, 3, 3, 0, 2, 1, 3], dtype=object)]
[114, array([-90., -45., -45.,   0.]), array([0, 3, 0, 2, 2, 0, 3, 0, 2, 2, 2, 2, 0, 3, 0, 3, 2, 3, 0, 0, 0, 3,
       1, 2, 0, 1, 3, 1, 0, 0, 3, 2, 2, 2, 3, 3, 0, 2, 1, 3], dtype=object)]
[114, array([-90., -45., -45.,   0.]), array([0, 3, 0, 2, 2, 0, 3, 0, 2, 2, 2, 2, 0, 3, 0, 3, 2, 3, 0, 0, 0, 3,
       1, 2, 0, 1, 3, 1, 0, 0, 3, 2, 2, 2, 3, 3, 0, 2, 1, 3], dtype=object)]
[112, array([-90., -45., -45.,   0.]), array([0, 3, 0, 2, 2, 0, 3, 0, 2, 2, 2, 2, 0, 3, 0, 3, 2, 3, 0, 0, 0, 3,
       1, 2, 0, 1, 3, 1, 0, 0, 3, 2, 2, 2, 3, 3, 0, 2, 1, 3], dtype=object)]
[117, array([-90., -45., -45.,   0.]), array([0, 3, 0, 2, 2, 0, 3, 0, 2, 2, 2, 2, 2, 3, 0, 2, 2, 3, 0, 0, 0, 3,
       1, 2, 0, 1, 3, 1, 0, 0, 3, 2, 0, 2, 3, 3, 0, 2, 1, 3], dtype=object)]
[115, array([-90., -45., -45.,   0.]), array([0, 3, 0, 2, 2, 0, 3, 0, 2, 2, 1, 2, 2, 3, 0, 2, 2, 3, 0, 0, 0, 3,
       1, 2, 0, 1, 3, 1, 0, 0, 3, 2, 0, 2, 3, 3, 0, 2, 1, 3], dtype=object)]
[115, array([-90., -45., -45.,   0.]), array([0, 3, 0, 2, 2, 0, 3, 0, 2, 2, 1, 2, 2, 3, 0, 2, 2, 3, 0, 0, 0, 3,
       1, 2, 0, 1, 3, 1, 0, 0, 3, 2, 0, 2, 3, 3, 0, 2, 1, 3], dtype=object)]
[118, array([-90., -45., -45.,   0.]), array([0, 3, 0, 2, 2, 0, 3, 0, 2, 2, 1, 2, 0, 3, 0, 3, 2, 3, 0, 0, 0, 3,
       1, 2, 0, 1, 3, 1, 0, 0, 3, 2, 2, 2, 3, 3, 0, 2, 1, 3], dtype=object)]
[113, array([-90., -45., -45.,   0.]), array([0, 3, 0, 2, 2, 0, 3, 0, 2, 2, 2, 2, 2, 3, 0, 2, 2, 3, 0, 0, 0, 3,
       1, 2, 0, 1, 3, 1, 0, 0, 3, 2, 2, 2, 3, 3, 0, 2, 1, 3], dtype=object)]
[116, array([-90., -45., -45.,   0.]), array([0, 3, 0, 2, 2, 0, 3, 0, 2, 2, 1, 2, 1, 3, 0, 2, 2, 3, 0, 0, 0, 3,
       1, 2, 0, 1, 3, 1, 0, 0, 3, 2, 0, 2, 3, 3, 0, 2, 1, 3], dtype=object)]
[116, array([-90., -45., -45.,   0.]), array([0, 3, 0, 2, 2, 0, 3, 0, 2, 2, 1, 2, 1, 3, 0, 2, 2, 3, 0, 0, 0, 3,
       1, 2, 0, 1, 3, 1, 0, 0, 3, 2, 0, 2, 3, 3, 0, 2, 1, 3], dtype=object)]
[114, array([-90., -45., -45.,   0.]), array([0, 3, 0, 2, 2, 0, 3, 0, 2, 2, 2, 2, 0, 3, 0, 3, 2, 3, 0, 0, 0, 3,
       1, 2, 0, 1, 3, 1, 0, 0, 3, 2, 2, 2, 3, 3, 0, 2, 1, 3], dtype=object)]
[119, array([-90., -45., -45.,   0.]), array([0, 3, 0, 2, 2, 0, 3, 0, 2, 2, 1, 2, 0, 3, 0, 3, 2, 3, 0, 0, 0, 3,
       1, 2, 0, 1, 3, 1, 0, 0, 3, 2, 2, 2, 3, 3, 0, 2, 1, 3], dtype=object)]
[117, array([-90., -45., -45.,   0.]), array([0, 3, 0, 2, 2, 0, 3, 0, 2, 2, 2, 2, 2, 3, 0, 2, 2, 3, 0, 0, 0, 3,
       1, 2, 0, 1, 3, 1, 0, 0, 3, 2, 0, 2, 3, 3, 0, 2, 1, 3], dtype=object)]
[117, array([-90., -45., -45.,   0.]), array([0, 3, 0, 2, 2, 0, 3, 0, 2, 2, 2, 2, 2, 3, 0, 2, 2, 3, 0, 0, 0, 3,
       1, 2, 0, 1, 3, 1, 0, 0, 3, 2, 0, 2, 3, 3, 0, 2, 1, 3], dtype=object)]
[115, array([-90., -45., -45.,   0.]), array([0, 3, 0, 2, 2, 0, 3, 0, 2, 2, 1, 2, 2, 3, 0, 2, 2, 3, 0, 0, 0, 3,
       1, 2, 0, 1, 3, 1, 0, 0, 3, 2, 0, 2, 3, 3, 0, 2, 1, 3], dtype=object)]
[120, array([-90., -45., -45.,   0.]), array([0, 3, 0, 2, 2, 0, 3, 0, 2, 2, 0, 2, 2, 3, 0, 2, 2, 3, 0, 0, 0, 3,
       1, 2, 0, 1, 3, 1, 0, 0, 3, 2, 3, 2, 3, 3, 0, 2, 1, 3], dtype=object)]
[118, array([-90., -45., -45.,   0.]), array([0, 3, 0, 2, 2, 0, 3, 0, 2, 2, 1, 2, 0, 3, 0, 3, 2, 3, 0, 0, 0, 3,
       1, 2, 0, 1, 3, 1, 0, 0, 3, 2, 2, 2, 3, 3, 0, 2, 1, 3], dtype=object)]
[118, array([-90., -45., -45.,   0.]), array([0, 3, 0, 2, 2, 0, 3, 0, 2, 2, 1, 2, 0, 3, 0, 3, 2, 3, 0, 0, 0, 3,
       1, 2, 0, 1, 3, 1, 0, 0, 3, 2, 2, 2, 3, 3, 0, 2, 1, 3], dtype=object)]
[116, array([-90., -45., -45.,   0.]), array([0, 3, 0, 2, 2, 0, 3, 0, 2, 2, 1, 2, 1, 3, 0, 2, 2, 3, 0, 0, 0, 3,
       1, 2, 0, 1, 3, 1, 0, 0, 3, 2, 0, 2, 3, 3, 0, 2, 1, 3], dtype=object)]
[121, array([-90., -45., -45.,   0.]), array([0, 3, 0, 2, 2, 0, 3, 0, 2, 2, 2, 2, 0, 3, 0, 3, 2, 3, 0, 0, 0, 3,
       1, 2, 0, 1, 3, 1, 0, 0, 3, 2, 0, 2, 3, 3, 0, 2, 1, 3], dtype=object)]
[119, array([-90., -45., -45.,   0.]), array([0, 3, 0, 2, 2, 0, 3, 0, 2, 2, 1, 2, 0, 3, 0, 3, 2, 3, 0, 0, 0, 3,
       1, 2, 0, 1, 3, 1, 0, 0, 3, 2, 2, 2, 3, 3, 0, 2, 1, 3], dtype=object)]
[119, array([-90., -45., -45.,   0.]), array([0, 3, 0, 2, 2, 0, 3, 0, 2, 2, 1, 2, 0, 3, 0, 3, 2, 3, 0, 0, 0, 3,
       1, 2, 0, 1, 3, 1, 0, 0, 3, 2, 2, 2, 3, 3, 0, 2, 1, 3], dtype=object)]
[122, array([-90., -45., -45.,   0.]), array([0, 3, 0, 2, 2, 0, 3, 0, 2, 2, 2, 2, 2, 3, 0, 3, 2, 3, 0, 0, 0, 3,
       1, 2, 0, 1, 3, 1, 0, 0, 3, 2, 3, 2, 3, 3, 0, 2, 1, 3], dtype=object)]
[117, array([-90., -45., -45.,   0.]), array([0, 3, 0, 2, 2, 0, 3, 0, 2, 2, 2, 2, 2, 3, 0, 2, 2, 3, 0, 0, 0, 3,
       1, 2, 0, 1, 3, 1, 0, 0, 3, 2, 0, 2, 3, 3, 0, 2, 1, 3], dtype=object)]
[120, array([-90., -45., -45.,   0.]), array([0, 3, 0, 2, 2, 0, 3, 0, 2, 2, 0, 2, 2, 3, 0, 2, 2, 3, 0, 0, 0, 3,
       1, 2, 0, 1, 3, 1, 0, 0, 3, 2, 3, 2, 3, 3, 0, 2, 1, 3], dtype=object)]
[120, array([-90., -45., -45.,   0.]), array([0, 3, 0, 2, 2, 0, 3, 0, 2, 2, 0, 2, 2, 3, 0, 2, 2, 3, 0, 0, 0, 3,
       1, 2, 0, 1, 3, 1, 0, 0, 3, 2, 3, 2, 3, 3, 0, 2, 1, 3], dtype=object)]
[118, array([-90., -45., -45.,   0.]), array([0, 3, 0, 2, 2, 0, 3, 0, 2, 2, 1, 2, 0, 3, 0, 3, 2, 3, 0, 0, 0, 3,
       1, 2, 0, 1, 3, 1, 0, 0, 3, 2, 2, 2, 3, 3, 0, 2, 1, 3], dtype=object)]
[123, array([-90., -45., -45.,   0.]), array([0, 3, 0, 2, 2, 0, 3, 0, 2, 2, 1, 2, 2, 3, 0, 2, 2, 3, 0, 0, 0, 3,
       1, 2, 0, 1, 3, 1, 0, 0, 3, 2, 2, 2, 3, 3, 0, 2, 1, 3], dtype=object)]
[121, array([-90., -45., -45.,   0.]), array([0, 3, 0, 2, 2, 0, 3, 0, 2, 2, 2, 2, 0, 3, 0, 3, 2, 3, 0, 0, 0, 3,
       1, 2, 0, 1, 3, 1, 0, 0, 3, 2, 0, 2, 3, 3, 0, 2, 1, 3], dtype=object)]
[121, array([-90., -45., -45.,   0.]), array([0, 3, 0, 2, 2, 0, 3, 0, 2, 2, 2, 2, 0, 3, 0, 3, 2, 3, 0, 0, 0, 3,
       1, 2, 0, 1, 3, 1, 0, 0, 3, 2, 0, 2, 3, 3, 0, 2, 1, 3], dtype=object)]
[124, array([-90., -45., -45.,   0.]), array([0, 3, 0, 2, 2, 0, 3, 0, 2, 2, 2, 2, 0, 3, 0, 2, 2, 3, 0, 0, 0, 3,
       1, 2, 0, 1, 3, 1, 0, 0, 3, 2, 2, 2, 3, 3, 0, 2, 1, 3], dtype=object)]
[119, array([-90., -45., -45.,   0.]), array([0, 3, 0, 2, 2, 0, 3, 0, 2, 2, 1, 2, 0, 3, 0, 3, 2, 3, 0, 0, 0, 3,
       1, 2, 0, 1, 3, 1, 0, 0, 3, 2, 2, 2, 3, 3, 0, 2, 1, 3], dtype=object)]
[122, array([-90., -45., -45.,   0.]), array([0, 3, 0, 2, 2, 0, 3, 0, 2, 2, 2, 2, 2, 3, 0, 3, 2, 3, 0, 0, 0, 3,
       1, 2, 0, 1, 3, 1, 0, 0, 3, 2, 3, 2, 3, 3, 0, 2, 1, 3], dtype=object)]
[122, array([-90., -45., -45.,   0.]), array([0, 3, 0, 2, 2, 0, 3, 0, 2, 2, 2, 2, 2, 3, 0, 3, 2, 3, 0, 0, 0, 3,
       1, 2, 0, 1, 3, 1, 0, 0, 3, 2, 3, 2, 3, 3, 0, 2, 1, 3], dtype=object)]
[125, array([-90., -45., -45.,   0.]), array([0, 3, 0, 2, 2, 0, 3, 0, 2, 2, 2, 2, 0, 3, 0, 2, 2, 3, 0, 0, 0, 3,
       1, 2, 0, 1, 3, 1, 0, 0, 3, 2, 0, 2, 3, 3, 0, 2, 1, 3], dtype=object)]
[120, array([-90., -45., -45.,   0.]), array([0, 3, 0, 2, 2, 0, 3, 0, 2, 2, 0, 2, 2, 3, 0, 2, 2, 3, 0, 0, 0, 3,
       1, 2, 0, 1, 3, 1, 0, 0, 3, 2, 3, 2, 3, 3, 0, 2, 1, 3], dtype=object)]
[123, array([-90., -45., -45.,   0.]), array([0, 3, 0, 2, 2, 0, 3, 0, 2, 2, 1, 2, 2, 3, 0, 2, 2, 3, 0, 0, 0, 3,
       1, 2, 0, 1, 3, 1, 0, 0, 3, 2, 2, 2, 3, 3, 0, 2, 1, 3], dtype=object)]
[126, array([-90., -45., -45.,   0.]), array([0, 3, 0, 2, 2, 0, 3, 0, 2, 2, 0, 2, 0, 3, 0, 3, 2, 3, 0, 0, 0, 3,
       1, 2, 0, 1, 3, 1, 0, 0, 3, 2, 2, 2, 3, 3, 0, 2, 1, 3], dtype=object)]
[123, array([-90., -45., -45.,   0.]), array([0, 3, 0, 2, 2, 0, 3, 0, 2, 2, 1, 2, 2, 3, 0, 2, 2, 3, 0, 0, 0, 3,
       1, 2, 0, 1, 3, 1, 0, 0, 3, 2, 2, 2, 3, 3, 0, 2, 1, 3], dtype=object)]
[121, array([-90., -45., -45.,   0.]), array([0, 3, 0, 2, 2, 0, 3, 0, 2, 2, 2, 2, 0, 3, 0, 3, 2, 3, 0, 0, 0, 3,
       1, 2, 0, 1, 3, 1, 0, 0, 3, 2, 0, 2, 3, 3, 0, 2, 1, 3], dtype=object)]
[124, array([-90., -45., -45.,   0.]), array([0, 3, 0, 2, 2, 0, 3, 0, 2, 2, 2, 2, 0, 3, 0, 2, 2, 3, 0, 0, 0, 3,
       1, 2, 0, 1, 3, 1, 0, 0, 3, 2, 2, 2, 3, 3, 0, 2, 1, 3], dtype=object)]
[124, array([-90., -45., -45.,   0.]), array([0, 3, 0, 2, 2, 0, 3, 0, 2, 2, 2, 2, 0, 3, 0, 2, 2, 3, 0, 0, 0, 3,
       1, 2, 0, 1, 3, 1, 0, 0, 3, 2, 2, 2, 3, 3, 0, 2, 1, 3], dtype=object)]
[127, array([-90., -45., -45.,   0.]), array([0, 3, 0, 2, 2, 0, 3, 0, 2, 2, 2, 2, 0, 3, 0, 2, 2, 3, 0, 0, 0, 3,
       1, 2, 0, 1, 3, 1, 0, 0, 3, 2, 0, 2, 3, 3, 0, 2, 1, 3], dtype=object)]
[122, array([-90., -45., -45.,   0.]), array([0, 3, 0, 2, 2, 0, 3, 0, 2, 2, 2, 2, 2, 3, 0, 3, 2, 3, 0, 0, 0, 3,
       1, 2, 0, 1, 3, 1, 0, 0, 3, 2, 3, 2, 3, 3, 0, 2, 1, 3], dtype=object)]
[125, array([-90., -45., -45.,   0.]), array([0, 3, 0, 2, 2, 0, 3, 0, 2, 2, 2, 2, 0, 3, 0, 2, 2, 3, 0, 0, 0, 3,
       1, 2, 0, 1, 3, 1, 0, 0, 3, 2, 0, 2, 3, 3, 0, 2, 1, 3], dtype=object)]
[128, array([-90., -45., -45.,   0.]), array([0, 3, 0, 2, 2, 0, 3, 0, 2, 2, 2, 2, 1, 3, 0, 2, 2, 3, 0, 0, 0, 3,
       1, 2, 0, 1, 3, 1, 0, 0, 3, 2, 0, 2, 3, 3, 0, 2, 1, 3], dtype=object)]
[125, array([-90., -45., -45.,   0.]), array([0, 3, 0, 2, 2, 0, 3, 0, 2, 2, 2, 2, 0, 3, 0, 2, 2, 3, 0, 0, 0, 3,
       1, 2, 0, 1, 3, 1, 0, 0, 3, 2, 0, 2, 3, 3, 0, 2, 1, 3], dtype=object)]
[123, array([-90., -45., -45.,   0.]), array([0, 3, 0, 2, 2, 0, 3, 0, 2, 2, 1, 2, 2, 3, 0, 2, 2, 3, 0, 0, 0, 3,
       1, 2, 0, 1, 3, 1, 0, 0, 3, 2, 2, 2, 3, 3, 0, 2, 1, 3], dtype=object)]
[126, array([-90., -45., -45.,   0.]), array([0, 3, 0, 2, 2, 0, 3, 0, 2, 2, 0, 2, 0, 3, 0, 3, 2, 3, 0, 0, 0, 3,
       1, 2, 0, 1, 3, 1, 0, 0, 3, 2, 2, 2, 3, 3, 0, 2, 1, 3], dtype=object)]
[129, array([-90., -45., -45.,   0.]), array([0, 3, 0, 2, 2, 0, 3, 0, 2, 2, 2, 2, 0, 3, 0, 2, 2, 3, 0, 0, 0, 3,
       1, 2, 0, 1, 3, 1, 0, 0, 3, 2, 0, 2, 3, 3, 0, 2, 1, 3], dtype=object)]
[126, array([-90., -45., -45.,   0.]), array([0, 3, 0, 2, 2, 0, 3, 0, 2, 2, 0, 2, 0, 3, 0, 3, 2, 3, 0, 0, 0, 3,
       1, 2, 0, 1, 3, 1, 0, 0, 3, 2, 2, 2, 3, 3, 0, 2, 1, 3], dtype=object)]
[124, array([-90., -45., -45.,   0.]), array([0, 3, 0, 2, 2, 0, 3, 0, 2, 2, 2, 2, 0, 3, 0, 2, 2, 3, 0, 0, 0, 3,
       1, 2, 0, 1, 3, 1, 0, 0, 3, 2, 2, 2, 3, 3, 0, 2, 1, 3], dtype=object)]
[127, array([-90., -45., -45.,   0.]), array([0, 3, 0, 2, 2, 0, 3, 0, 2, 2, 2, 2, 0, 3, 0, 2, 2, 3, 0, 0, 0, 3,
       1, 2, 0, 1, 3, 1, 0, 0, 3, 2, 0, 2, 3, 3, 0, 2, 1, 3], dtype=object)]
[130, array([-90., -45., -45.,   0.]), array([0, 3, 0, 2, 2, 0, 3, 0, 2, 2, 2, 2, 0, 3, 0, 0, 2, 3, 0, 0, 0, 3,
       1, 2, 0, 1, 3, 1, 0, 0, 3, 2, 0, 2, 3, 3, 0, 2, 1, 3], dtype=object)]
[127, array([-90., -45., -45.,   0.]), array([0, 3, 0, 2, 2, 0, 3, 0, 2, 2, 2, 2, 0, 3, 0, 2, 2, 3, 0, 0, 0, 3,
       1, 2, 0, 1, 3, 1, 0, 0, 3, 2, 0, 2, 3, 3, 0, 2, 1, 3], dtype=object)]
[125, array([-90., -45., -45.,   0.]), array([0, 3, 0, 2, 2, 0, 3, 0, 2, 2, 2, 2, 0, 3, 0, 2, 2, 3, 0, 0, 0, 3,
       1, 2, 0, 1, 3, 1, 0, 0, 3, 2, 0, 2, 3, 3, 0, 2, 1, 3], dtype=object)]
[128, array([-90., -45., -45.,   0.]), array([0, 3, 0, 2, 2, 0, 3, 0, 2, 2, 2, 2, 1, 3, 0, 2, 2, 3, 0, 0, 0, 3,
       1, 2, 0, 1, 3, 1, 0, 0, 3, 2, 0, 2, 3, 3, 0, 2, 1, 3], dtype=object)]
[131, array([-90., -45., -45.,   0.]), array([0, 3, 0, 2, 2, 0, 3, 0, 2, 2, 2, 2, 0, 3, 0, 2, 2, 3, 0, 0, 0, 3,
       1, 2, 0, 1, 3, 1, 0, 0, 3, 2, 2, 2, 3, 3, 0, 2, 1, 3], dtype=object)]
[128, array([-90., -45., -45.,   0.]), array([0, 3, 0, 2, 2, 0, 3, 0, 2, 2, 2, 2, 1, 3, 0, 2, 2, 3, 0, 0, 0, 3,
       1, 2, 0, 1, 3, 1, 0, 0, 3, 2, 0, 2, 3, 3, 0, 2, 1, 3], dtype=object)]
[126, array([-90., -45., -45.,   0.]), array([0, 3, 0, 2, 2, 0, 3, 0, 2, 2, 0, 2, 0, 3, 0, 3, 2, 3, 0, 0, 0, 3,
       1, 2, 0, 1, 3, 1, 0, 0, 3, 2, 2, 2, 3, 3, 0, 2, 1, 3], dtype=object)]
[129, array([-90., -45., -45.,   0.]), array([0, 3, 0, 2, 2, 0, 3, 0, 2, 2, 2, 2, 0, 3, 0, 2, 2, 3, 0, 0, 0, 3,
       1, 2, 0, 1, 3, 1, 0, 0, 3, 2, 0, 2, 3, 3, 0, 2, 1, 3], dtype=object)]
[132, array([-90., -45., -45.,   0.]), array([0, 3, 0, 2, 2, 0, 3, 0, 2, 2, 2, 2, 0, 3, 0, 2, 2, 3, 0, 0, 0, 3,
       1, 2, 0, 1, 3, 1, 0, 0, 3, 2, 2, 2, 3, 3, 0, 2, 1, 3], dtype=object)]
[129, array([-90., -45., -45.,   0.]), array([0, 3, 0, 2, 2, 0, 3, 0, 2, 2, 2, 2, 0, 3, 0, 2, 2, 3, 0, 0, 0, 3,
       1, 2, 0, 1, 3, 1, 0, 0, 3, 2, 0, 2, 3, 3, 0, 2, 1, 3], dtype=object)]
[127, array([-90., -45., -45.,   0.]), array([0, 3, 0, 2, 2, 0, 3, 0, 2, 2, 2, 2, 0, 3, 0, 2, 2, 3, 0, 0, 0, 3,
       1, 2, 0, 1, 3, 1, 0, 0, 3, 2, 0, 2, 3, 3, 0, 2, 1, 3], dtype=object)]
[130, array([-90., -45., -45.,   0.]), array([0, 3, 0, 2, 2, 0, 3, 0, 2, 2, 2, 2, 0, 3, 0, 0, 2, 3, 0, 0, 0, 3,
       1, 2, 0, 1, 3, 1, 0, 0, 3, 2, 0, 2, 3, 3, 0, 2, 1, 3], dtype=object)]
[133, array([-90., -45., -45.,   0.]), array([0, 3, 0, 2, 2, 0, 3, 0, 2, 2, 3, 2, 0, 3, 0, 2, 2, 3, 0, 0, 0, 3,
       1, 2, 0, 1, 3, 1, 0, 0, 3, 2, 0, 2, 3, 3, 0, 2, 1, 3], dtype=object)]
[130, array([-90., -45., -45.,   0.]), array([0, 3, 0, 2, 2, 0, 3, 0, 2, 2, 2, 2, 0, 3, 0, 0, 2, 3, 0, 0, 0, 3,
       1, 2, 0, 1, 3, 1, 0, 0, 3, 2, 0, 2, 3, 3, 0, 2, 1, 3], dtype=object)]
[128, array([-90., -45., -45.,   0.]), array([0, 3, 0, 2, 2, 0, 3, 0, 2, 2, 2, 2, 1, 3, 0, 2, 2, 3, 0, 0, 0, 3,
       1, 2, 0, 1, 3, 1, 0, 0, 3, 2, 0, 2, 3, 3, 0, 2, 1, 3], dtype=object)]
[134, array([-90., -45., -45.,   0.]), array([0, 3, 0, 2, 2, 0, 3, 0, 2, 2, 3, 2, 2, 3, 0, 0, 2, 3, 0, 0, 0, 3,
       1, 2, 0, 1, 3, 1, 0, 0, 3, 2, 2, 2, 3, 3, 0, 2, 1, 3], dtype=object)]
[131, array([-90., -45., -45.,   0.]), array([0, 3, 0, 2, 2, 0, 3, 0, 2, 2, 2, 2, 0, 3, 0, 2, 2, 3, 0, 0, 0, 3,
       1, 2, 0, 1, 3, 1, 0, 0, 3, 2, 2, 2, 3, 3, 0, 2, 1, 3], dtype=object)]
[131, array([-90., -45., -45.,   0.]), array([0, 3, 0, 2, 2, 0, 3, 0, 2, 2, 2, 2, 0, 3, 0, 2, 2, 3, 0, 0, 0, 3,
       1, 2, 0, 1, 3, 1, 0, 0, 3, 2, 2, 2, 3, 3, 0, 2, 1, 3], dtype=object)]
[129, array([-90., -45., -45.,   0.]), array([0, 3, 0, 2, 2, 0, 3, 0, 2, 2, 2, 2, 0, 3, 0, 2, 2, 3, 0, 0, 0, 3,
       1, 2, 0, 1, 3, 1, 0, 0, 3, 2, 0, 2, 3, 3, 0, 2, 1, 3], dtype=object)]
[132, array([-90., -45., -45.,   0.]), array([0, 3, 0, 2, 2, 0, 3, 0, 2, 2, 2, 2, 0, 3, 0, 2, 2, 3, 0, 0, 0, 3,
       1, 2, 0, 1, 3, 1, 0, 0, 3, 2, 2, 2, 3, 3, 0, 2, 1, 3], dtype=object)]
[135, array([-90., -45., -45.,   0.]), array([0, 3, 0, 2, 2, 0, 3, 0, 2, 2, 2, 2, 0, 3, 0, 2, 2, 3, 0, 0, 0, 3,
       1, 2, 0, 1, 3, 1, 0, 0, 3, 2, 2, 2, 3, 3, 0, 2, 1, 3], dtype=object)]
[132, array([-90., -45., -45.,   0.]), array([0, 3, 0, 2, 2, 0, 3, 0, 2, 2, 2, 2, 0, 3, 0, 2, 2, 3, 0, 0, 0, 3,
       1, 2, 0, 1, 3, 1, 0, 0, 3, 2, 2, 2, 3, 3, 0, 2, 1, 3], dtype=object)]
[130, array([-90., -45., -45.,   0.]), array([0, 3, 0, 2, 2, 0, 3, 0, 2, 2, 2, 2, 0, 3, 0, 0, 2, 3, 0, 0, 0, 3,
       1, 2, 0, 1, 3, 1, 0, 0, 3, 2, 0, 2, 3, 3, 0, 2, 1, 3], dtype=object)]
[136, array([-90., -45., -45.,   0.]), array([0, 3, 0, 2, 2, 0, 3, 0, 2, 2, 3, 2, 0, 3, 0, 3, 2, 3, 0, 0, 0, 3,
       1, 2, 0, 1, 3, 1, 0, 0, 3, 2, 0, 2, 3, 3, 0, 2, 1, 3], dtype=object)]
[133, array([-90., -45., -45.,   0.]), array([0, 3, 0, 2, 2, 0, 3, 0, 2, 2, 3, 2, 0, 3, 0, 2, 2, 3, 0, 0, 0, 3,
       1, 2, 0, 1, 3, 1, 0, 0, 3, 2, 0, 2, 3, 3, 0, 2, 1, 3], dtype=object)]
[133, array([-90., -45., -45.,   0.]), array([0, 3, 0, 2, 2, 0, 3, 0, 2, 2, 3, 2, 0, 3, 0, 2, 2, 3, 0, 0, 0, 3,
       1, 2, 0, 1, 3, 1, 0, 0, 3, 2, 0, 2, 3, 3, 0, 2, 1, 3], dtype=object)]
[131, array([-90., -45., -45.,   0.]), array([0, 3, 0, 2, 2, 0, 3, 0, 2, 2, 2, 2, 0, 3, 0, 2, 2, 3, 0, 0, 0, 3,
       1, 2, 0, 1, 3, 1, 0, 0, 3, 2, 2, 2, 3, 3, 0, 2, 1, 3], dtype=object)]
[134, array([-90., -45., -45.,   0.]), array([0, 3, 0, 2, 2, 0, 3, 0, 2, 2, 3, 2, 2, 3, 0, 0, 2, 3, 0, 0, 0, 3,
       1, 2, 0, 1, 3, 1, 0, 0, 3, 2, 2, 2, 3, 3, 0, 2, 1, 3], dtype=object)]
[137, array([-90., -45., -45.,   0.]), array([0, 3, 0, 2, 2, 0, 3, 0, 2, 2, 2, 2, 2, 3, 0, 0, 2, 3, 0, 0, 0, 3,
       1, 2, 0, 1, 3, 1, 0, 0, 3, 2, 2, 2, 3, 3, 0, 2, 1, 3], dtype=object)]
[134, array([-90., -45., -45.,   0.]), array([0, 3, 0, 2, 2, 0, 3, 0, 2, 2, 3, 2, 2, 3, 0, 0, 2, 3, 0, 0, 0, 3,
       1, 2, 0, 1, 3, 1, 0, 0, 3, 2, 2, 2, 3, 3, 0, 2, 1, 3], dtype=object)]
[132, array([-90., -45., -45.,   0.]), array([0, 3, 0, 2, 2, 0, 3, 0, 2, 2, 2, 2, 0, 3, 0, 2, 2, 3, 0, 0, 0, 3,
       1, 2, 0, 1, 3, 1, 0, 0, 3, 2, 2, 2, 3, 3, 0, 2, 1, 3], dtype=object)]
[138, array([-90., -45., -45.,   0.]), array([0, 3, 0, 2, 2, 0, 3, 0, 2, 2, 2, 2, 2, 3, 0, 0, 2, 3, 0, 0, 0, 3,
       1, 2, 0, 1, 3, 1, 0, 0, 3, 2, 1, 2, 3, 3, 0, 2, 1, 3], dtype=object)]
[135, array([-90., -45., -45.,   0.]), array([0, 3, 0, 2, 2, 0, 3, 0, 2, 2, 2, 2, 0, 3, 0, 2, 2, 3, 0, 0, 0, 3,
       1, 2, 0, 1, 3, 1, 0, 0, 3, 2, 2, 2, 3, 3, 0, 2, 1, 3], dtype=object)]
[135, array([-90., -45., -45.,   0.]), array([0, 3, 0, 2, 2, 0, 3, 0, 2, 2, 2, 2, 0, 3, 0, 2, 2, 3, 0, 0, 0, 3,
       1, 2, 0, 1, 3, 1, 0, 0, 3, 2, 2, 2, 3, 3, 0, 2, 1, 3], dtype=object)]
[133, array([-90., -45., -45.,   0.]), array([0, 3, 0, 2, 2, 0, 3, 0, 2, 2, 3, 2, 0, 3, 0, 2, 2, 3, 0, 0, 0, 3,
       1, 2, 0, 1, 3, 1, 0, 0, 3, 2, 0, 2, 3, 3, 0, 2, 1, 3], dtype=object)]
[139, array([-90., -45., -45.,   0.]), array([0, 3, 0, 2, 2, 0, 3, 0, 2, 2, 2, 2, 0, 3, 0, 3, 2, 3, 0, 0, 0, 3,
       1, 2, 0, 1, 3, 1, 0, 0, 3, 2, 0, 2, 3, 3, 0, 2, 1, 3], dtype=object)]
[136, array([-90., -45., -45.,   0.]), array([0, 3, 0, 2, 2, 0, 3, 0, 2, 2, 3, 2, 0, 3, 0, 3, 2, 3, 0, 0, 0, 3,
       1, 2, 0, 1, 3, 1, 0, 0, 3, 2, 0, 2, 3, 3, 0, 2, 1, 3], dtype=object)]
[136, array([-90., -45., -45.,   0.]), array([0, 3, 0, 2, 2, 0, 3, 0, 2, 2, 3, 2, 0, 3, 0, 3, 2, 3, 0, 0, 0, 3,
       1, 2, 0, 1, 3, 1, 0, 0, 3, 2, 0, 2, 3, 3, 0, 2, 1, 3], dtype=object)]
[134, array([-90., -45., -45.,   0.]), array([0, 3, 0, 2, 2, 0, 3, 0, 2, 2, 3, 2, 2, 3, 0, 0, 2, 3, 0, 0, 0, 3,
       1, 2, 0, 1, 3, 1, 0, 0, 3, 2, 2, 2, 3, 3, 0, 2, 1, 3], dtype=object)]
[140, array([-90., -45., -45.,   0.]), array([0, 3, 0, 2, 2, 0, 3, 0, 2, 2, 1, 2, 0, 3, 0, 3, 2, 3, 0, 0, 0, 3,
       1, 2, 0, 1, 3, 1, 0, 0, 3, 2, 2, 2, 3, 3, 0, 2, 1, 3], dtype=object)]
[137, array([-90., -45., -45.,   0.]), array([0, 3, 0, 2, 2, 0, 3, 0, 2, 2, 2, 2, 2, 3, 0, 0, 2, 3, 0, 0, 0, 3,
       1, 2, 0, 1, 3, 1, 0, 0, 3, 2, 2, 2, 3, 3, 0, 2, 1, 3], dtype=object)]
[137, array([-90., -45., -45.,   0.]), array([0, 3, 0, 2, 2, 0, 3, 0, 2, 2, 2, 2, 2, 3, 0, 0, 2, 3, 0, 0, 0, 3,
       1, 2, 0, 1, 3, 1, 0, 0, 3, 2, 2, 2, 3, 3, 0, 2, 1, 3], dtype=object)]
[135, array([-90., -45., -45.,   0.]), array([0, 3, 0, 2, 2, 0, 3, 0, 2, 2, 2, 2, 0, 3, 0, 2, 2, 3, 0, 0, 0, 3,
       1, 2, 0, 1, 3, 1, 0, 0, 3, 2, 2, 2, 3, 3, 0, 2, 1, 3], dtype=object)]
[141, array([-90., -45., -45.,   0.]), array([0, 3, 0, 2, 2, 0, 3, 0, 2, 2, 2, 2, 0, 3, 0, 3, 2, 3, 0, 0, 0, 3,
       1, 2, 0, 1, 3, 1, 0, 0, 3, 2, 0, 2, 3, 3, 0, 2, 1, 3], dtype=object)]
[138, array([-90., -45., -45.,   0.]), array([0, 3, 0, 2, 2, 0, 3, 0, 2, 2, 2, 2, 2, 3, 0, 0, 2, 3, 0, 0, 0, 3,
       1, 2, 0, 1, 3, 1, 0, 0, 3, 2, 1, 2, 3, 3, 0, 2, 1, 3], dtype=object)]
[138, array([-90., -45., -45.,   0.]), array([0, 3, 0, 2, 2, 0, 3, 0, 2, 2, 2, 2, 2, 3, 0, 0, 2, 3, 0, 0, 0, 3,
       1, 2, 0, 1, 3, 1, 0, 0, 3, 2, 1, 2, 3, 3, 0, 2, 1, 3], dtype=object)]
[136, array([-90., -45., -45.,   0.]), array([0, 3, 0, 2, 2, 0, 3, 0, 2, 2, 3, 2, 0, 3, 0, 3, 2, 3, 0, 0, 0, 3,
       1, 2, 0, 1, 3, 1, 0, 0, 3, 2, 0, 2, 3, 3, 0, 2, 1, 3], dtype=object)]
[142, array([-90., -45., -45.,   0.]), array([0, 3, 0, 2, 2, 0, 3, 0, 2, 2, 2, 2, 1, 3, 0, 3, 2, 3, 0, 0, 0, 3,
       1, 2, 0, 1, 3, 1, 0, 0, 3, 2, 2, 2, 3, 3, 0, 2, 1, 3], dtype=object)]
[139, array([-90., -45., -45.,   0.]), array([0, 3, 0, 2, 2, 0, 3, 0, 2, 2, 2, 2, 0, 3, 0, 3, 2, 3, 0, 0, 0, 3,
       1, 2, 0, 1, 3, 1, 0, 0, 3, 2, 0, 2, 3, 3, 0, 2, 1, 3], dtype=object)]
[139, array([-90., -45., -45.,   0.]), array([0, 3, 0, 2, 2, 0, 3, 0, 2, 2, 2, 2, 0, 3, 0, 3, 2, 3, 0, 0, 0, 3,
       1, 2, 0, 1, 3, 1, 0, 0, 3, 2, 0, 2, 3, 3, 0, 2, 1, 3], dtype=object)]
[137, array([-90., -45., -45.,   0.]), array([0, 3, 0, 2, 2, 0, 3, 0, 2, 2, 2, 2, 2, 3, 0, 0, 2, 3, 0, 0, 0, 3,
       1, 2, 0, 1, 3, 1, 0, 0, 3, 2, 2, 2, 3, 3, 0, 2, 1, 3], dtype=object)]
[143, array([-90., -45., -45.,   0.]), array([0, 3, 0, 2, 2, 0, 3, 0, 2, 2, 1, 2, 2, 3, 0, 3, 2, 3, 0, 0, 0, 3,
       1, 2, 0, 1, 3, 1, 0, 0, 3, 2, 2, 2, 3, 3, 0, 2, 1, 3], dtype=object)]
[140, array([-90., -45., -45.,   0.]), array([0, 3, 0, 2, 2, 0, 3, 0, 2, 2, 1, 2, 0, 3, 0, 3, 2, 3, 0, 0, 0, 3,
       1, 2, 0, 1, 3, 1, 0, 0, 3, 2, 2, 2, 3, 3, 0, 2, 1, 3], dtype=object)]
[140, array([-90., -45., -45.,   0.]), array([0, 3, 0, 2, 2, 0, 3, 0, 2, 2, 1, 2, 0, 3, 0, 3, 2, 3, 0, 0, 0, 3,
       1, 2, 0, 1, 3, 1, 0, 0, 3, 2, 2, 2, 3, 3, 0, 2, 1, 3], dtype=object)]
[138, array([-90., -45., -45.,   0.]), array([0, 3, 0, 2, 2, 0, 3, 0, 2, 2, 2, 2, 2, 3, 0, 0, 2, 3, 0, 0, 0, 3,
       1, 2, 0, 1, 3, 1, 0, 0, 3, 2, 1, 2, 3, 3, 0, 2, 1, 3], dtype=object)]
[144, array([-90., -45., -45.,   0.]), array([0, 3, 0, 2, 2, 0, 3, 0, 2, 2, 1, 2, 0, 3, 0, 2, 2, 3, 0, 0, 0, 3,
       1, 2, 0, 1, 3, 1, 0, 0, 3, 2, 2, 2, 3, 3, 0, 2, 1, 3], dtype=object)]
[141, array([-90., -45., -45.,   0.]), array([0, 3, 0, 2, 2, 0, 3, 0, 2, 2, 2, 2, 0, 3, 0, 3, 2, 3, 0, 0, 0, 3,
       1, 2, 0, 1, 3, 1, 0, 0, 3, 2, 0, 2, 3, 3, 0, 2, 1, 3], dtype=object)]
[141, array([-90., -45., -45.,   0.]), array([0, 3, 0, 2, 2, 0, 3, 0, 2, 2, 2, 2, 0, 3, 0, 3, 2, 3, 0, 0, 0, 3,
       1, 2, 0, 1, 3, 1, 0, 0, 3, 2, 0, 2, 3, 3, 0, 2, 1, 3], dtype=object)]
[139, array([-90., -45., -45.,   0.]), array([0, 3, 0, 2, 2, 0, 3, 0, 2, 2, 2, 2, 0, 3, 0, 3, 2, 3, 0, 0, 0, 3,
       1, 2, 0, 1, 3, 1, 0, 0, 3, 2, 0, 2, 3, 3, 0, 2, 1, 3], dtype=object)]
[145, array([-90., -45., -45.,   0.]), array([0, 3, 0, 2, 2, 0, 3, 0, 2, 2, 2, 2, 2, 3, 0, 3, 2, 3, 0, 0, 0, 3,
       1, 2, 0, 1, 3, 1, 0, 0, 3, 2, 2, 2, 3, 3, 0, 2, 1, 3], dtype=object)]
[142, array([-90., -45., -45.,   0.]), array([0, 3, 0, 2, 2, 0, 3, 0, 2, 2, 2, 2, 1, 3, 0, 3, 2, 3, 0, 0, 0, 3,
       1, 2, 0, 1, 3, 1, 0, 0, 3, 2, 2, 2, 3, 3, 0, 2, 1, 3], dtype=object)]
[142, array([-90., -45., -45.,   0.]), array([0, 3, 0, 2, 2, 0, 3, 0, 2, 2, 2, 2, 1, 3, 0, 3, 2, 3, 0, 0, 0, 3,
       1, 2, 0, 1, 3, 1, 0, 0, 3, 2, 2, 2, 3, 3, 0, 2, 1, 3], dtype=object)]
[140, array([-90., -45., -45.,   0.]), array([0, 3, 0, 2, 2, 0, 3, 0, 2, 2, 1, 2, 0, 3, 0, 3, 2, 3, 0, 0, 0, 3,
       1, 2, 0, 1, 3, 1, 0, 0, 3, 2, 2, 2, 3, 3, 0, 2, 1, 3], dtype=object)]
[146, array([-80., -40., -40.,   0.]), array([0, 3, 0, 2, 2, 0, 3, 0, 2, 2, 1, 2, 2, 3, 0, 3, 2, 3, 0, 0, 0, 3,
       1, 2, 0, 1, 3, 1, 0, 0, 3, 2, 2, 2, 3, 3, 0, 2, 1, 0], dtype=object)]
[143, array([-90., -45., -45.,   0.]), array([0, 3, 0, 2, 2, 0, 3, 0, 2, 2, 1, 2, 2, 3, 0, 3, 2, 3, 0, 0, 0, 3,
       1, 2, 0, 1, 3, 1, 0, 0, 3, 2, 2, 2, 3, 3, 0, 2, 1, 3], dtype=object)]
[143, array([-90., -45., -45.,   0.]), array([0, 3, 0, 2, 2, 0, 3, 0, 2, 2, 1, 2, 2, 3, 0, 3, 2, 3, 0, 0, 0, 3,
       1, 2, 0, 1, 3, 1, 0, 0, 3, 2, 2, 2, 3, 3, 0, 2, 1, 3], dtype=object)]
[141, array([-90., -45., -45.,   0.]), array([0, 3, 0, 2, 2, 0, 3, 0, 2, 2, 2, 2, 0, 3, 0, 3, 2, 3, 0, 0, 0, 3,
       1, 2, 0, 1, 3, 1, 0, 0, 3, 2, 0, 2, 3, 3, 0, 2, 1, 3], dtype=object)]
[147, array([-90., -45., -45.,   0.]), array([0, 3, 0, 2, 2, 0, 3, 0, 2, 2, 2, 2, 0, 3, 0, 3, 2, 3, 0, 0, 0, 3,
       1, 2, 0, 1, 3, 1, 0, 0, 3, 2, 2, 2, 3, 3, 0, 2, 1, 3], dtype=object)]
[144, array([-90., -45., -45.,   0.]), array([0, 3, 0, 2, 2, 0, 3, 0, 2, 2, 1, 2, 0, 3, 0, 2, 2, 3, 0, 0, 0, 3,
       1, 2, 0, 1, 3, 1, 0, 0, 3, 2, 2, 2, 3, 3, 0, 2, 1, 3], dtype=object)]
[144, array([-90., -45., -45.,   0.]), array([0, 3, 0, 2, 2, 0, 3, 0, 2, 2, 1, 2, 0, 3, 0, 2, 2, 3, 0, 0, 0, 3,
       1, 2, 0, 1, 3, 1, 0, 0, 3, 2, 2, 2, 3, 3, 0, 2, 1, 3], dtype=object)]
[142, array([-90., -45., -45.,   0.]), array([0, 3, 0, 2, 2, 0, 3, 0, 2, 2, 2, 2, 1, 3, 0, 3, 2, 3, 0, 0, 0, 3,
       1, 2, 0, 1, 3, 1, 0, 0, 3, 2, 2, 2, 3, 3, 0, 2, 1, 3], dtype=object)]
[148, array([-90., -45., -45.,   0.]), array([0, 3, 0, 2, 2, 0, 3, 0, 2, 2, 1, 2, 2, 3, 0, 3, 2, 3, 0, 0, 0, 3,
       1, 2, 0, 1, 3, 1, 0, 0, 3, 2, 3, 2, 3, 3, 0, 2, 1, 3], dtype=object)]
[145, array([-90., -45., -45.,   0.]), array([0, 3, 0, 2, 2, 0, 3, 0, 2, 2, 2, 2, 2, 3, 0, 3, 2, 3, 0, 0, 0, 3,
       1, 2, 0, 1, 3, 1, 0, 0, 3, 2, 2, 2, 3, 3, 0, 2, 1, 3], dtype=object)]
[145, array([-90., -45., -45.,   0.]), array([0, 3, 0, 2, 2, 0, 3, 0, 2, 2, 2, 2, 2, 3, 0, 3, 2, 3, 0, 0, 0, 3,
       1, 2, 0, 1, 3, 1, 0, 0, 3, 2, 2, 2, 3, 3, 0, 2, 1, 3], dtype=object)]
[143, array([-90., -45., -45.,   0.]), array([0, 3, 0, 2, 2, 0, 3, 0, 2, 2, 1, 2, 2, 3, 0, 3, 2, 3, 0, 0, 0, 3,
       1, 2, 0, 1, 3, 1, 0, 0, 3, 2, 2, 2, 3, 3, 0, 2, 1, 3], dtype=object)]
[149, array([-90., -45., -45.,   0.]), array([0, 3, 0, 2, 2, 0, 3, 0, 2, 2, 3, 2, 0, 3, 0, 2, 2, 3, 0, 0, 0, 3,
       1, 2, 0, 1, 3, 1, 0, 0, 3, 2, 2, 2, 3, 3, 0, 2, 1, 3], dtype=object)]
[146, array([-80., -40., -40.,   0.]), array([0, 3, 0, 2, 2, 0, 3, 0, 2, 2, 1, 2, 2, 3, 0, 3, 2, 3, 0, 0, 0, 3,
       1, 2, 0, 1, 3, 1, 0, 0, 3, 2, 2, 2, 3, 3, 0, 2, 1, 0], dtype=object)]
[146, array([-80., -40., -40.,   0.]), array([0, 3, 0, 2, 2, 0, 3, 0, 2, 2, 1, 2, 2, 3, 0, 3, 2, 3, 0, 0, 0, 3,
       1, 2, 0, 1, 3, 1, 0, 0, 3, 2, 2, 2, 3, 3, 0, 2, 1, 0], dtype=object)]
[150, array([-90., -45., -45.,   0.]), array([0, 3, 0, 2, 2, 0, 3, 0, 2, 2, 1, 2, 2, 3, 0, 1, 2, 3, 0, 0, 0, 3,
       1, 2, 0, 1, 3, 1, 0, 0, 3, 2, 1, 2, 3, 3, 0, 2, 1, 3], dtype=object)]
[144, array([-90., -45., -45.,   0.]), array([0, 3, 0, 2, 2, 0, 3, 0, 2, 2, 1, 2, 0, 3, 0, 2, 2, 3, 0, 0, 0, 3,
       1, 2, 0, 1, 3, 1, 0, 0, 3, 2, 2, 2, 3, 3, 0, 2, 1, 3], dtype=object)]
[147, array([-90., -45., -45.,   0.]), array([0, 3, 0, 2, 2, 0, 3, 0, 2, 2, 2, 2, 0, 3, 0, 3, 2, 3, 0, 0, 0, 3,
       1, 2, 0, 1, 3, 1, 0, 0, 3, 2, 2, 2, 3, 3, 0, 2, 1, 3], dtype=object)]
[147, array([-90., -45., -45.,   0.]), array([0, 3, 0, 2, 2, 0, 3, 0, 2, 2, 2, 2, 0, 3, 0, 3, 2, 3, 0, 0, 0, 3,
       1, 2, 0, 1, 3, 1, 0, 0, 3, 2, 2, 2, 3, 3, 0, 2, 1, 3], dtype=object)]
[151, array([-90., -45., -45.,   0.]), array([0, 3, 0, 2, 2, 0, 3, 0, 2, 2, 2, 2, 0, 3, 0, 3, 2, 3, 0, 0, 0, 3,
       1, 2, 0, 1, 3, 1, 0, 0, 3, 2, 2, 2, 3, 3, 0, 2, 1, 3], dtype=object)]
[145, array([-90., -45., -45.,   0.]), array([0, 3, 0, 2, 2, 0, 3, 0, 2, 2, 2, 2, 2, 3, 0, 3, 2, 3, 0, 0, 0, 3,
       1, 2, 0, 1, 3, 1, 0, 0, 3, 2, 2, 2, 3, 3, 0, 2, 1, 3], dtype=object)]
[148, array([-90., -45., -45.,   0.]), array([0, 3, 0, 2, 2, 0, 3, 0, 2, 2, 1, 2, 2, 3, 0, 3, 2, 3, 0, 0, 0, 3,
       1, 2, 0, 1, 3, 1, 0, 0, 3, 2, 3, 2, 3, 3, 0, 2, 1, 3], dtype=object)]
[148, array([-90., -45., -45.,   0.]), array([0, 3, 0, 2, 2, 0, 3, 0, 2, 2, 1, 2, 2, 3, 0, 3, 2, 3, 0, 0, 0, 3,
       1, 2, 0, 1, 3, 1, 0, 0, 3, 2, 3, 2, 3, 3, 0, 2, 1, 3], dtype=object)]
[152, array([-90., -45., -45.,   0.]), array([0, 3, 0, 2, 2, 0, 3, 0, 2, 2, 3, 2, 2, 3, 0, 2, 2, 3, 0, 0, 0, 3,
       1, 2, 0, 1, 3, 1, 0, 0, 3, 2, 2, 2, 3, 3, 0, 2, 1, 3], dtype=object)]
[146, array([-80., -40., -40.,   0.]), array([0, 3, 0, 2, 2, 0, 3, 0, 2, 2, 1, 2, 2, 3, 0, 3, 2, 3, 0, 0, 0, 3,
       1, 2, 0, 1, 3, 1, 0, 0, 3, 2, 2, 2, 3, 3, 0, 2, 1, 0], dtype=object)]
[149, array([-90., -45., -45.,   0.]), array([0, 3, 0, 2, 2, 0, 3, 0, 2, 2, 3, 2, 0, 3, 0, 2, 2, 3, 0, 0, 0, 3,
       1, 2, 0, 1, 3, 1, 0, 0, 3, 2, 2, 2, 3, 3, 0, 2, 1, 3], dtype=object)]
[149, array([-90., -45., -45.,   0.]), array([0, 3, 0, 2, 2, 0, 3, 0, 2, 2, 3, 2, 0, 3, 0, 2, 2, 3, 0, 0, 0, 3,
       1, 2, 0, 1, 3, 1, 0, 0, 3, 2, 2, 2, 3, 3, 0, 2, 1, 3], dtype=object)]
[153, array([-90., -45., -45.,   0.]), array([0, 3, 0, 2, 2, 0, 3, 0, 2, 2, 2, 2, 0, 3, 0, 3, 2, 3, 0, 0, 0, 3,
       1, 2, 0, 1, 3, 1, 0, 0, 3, 2, 2, 2, 3, 3, 0, 2, 1, 3], dtype=object)]
[147, array([-90., -45., -45.,   0.]), array([0, 3, 0, 2, 2, 0, 3, 0, 2, 2, 2, 2, 0, 3, 0, 3, 2, 3, 0, 0, 0, 3,
       1, 2, 0, 1, 3, 1, 0, 0, 3, 2, 2, 2, 3, 3, 0, 2, 1, 3], dtype=object)]
[150, array([-90., -45., -45.,   0.]), array([0, 3, 0, 2, 2, 0, 3, 0, 2, 2, 1, 2, 2, 3, 0, 1, 2, 3, 0, 0, 0, 3,
       1, 2, 0, 1, 3, 1, 0, 0, 3, 2, 1, 2, 3, 3, 0, 2, 1, 3], dtype=object)]
[150, array([-90., -45., -45.,   0.]), array([0, 3, 0, 2, 2, 0, 3, 0, 2, 2, 1, 2, 2, 3, 0, 1, 2, 3, 0, 0, 0, 3,
       1, 2, 0, 1, 3, 1, 0, 0, 3, 2, 1, 2, 3, 3, 0, 2, 1, 3], dtype=object)]
[154, array([-90., -45., -45.,   0.]), array([0, 3, 0, 2, 2, 0, 3, 0, 2, 2, 0, 2, 0, 3, 0, 2, 2, 3, 0, 0, 0, 3,
       1, 2, 0, 1, 3, 1, 0, 0, 3, 2, 2, 2, 3, 3, 0, 2, 1, 3], dtype=object)]
[148, array([-90., -45., -45.,   0.]), array([0, 3, 0, 2, 2, 0, 3, 0, 2, 2, 1, 2, 2, 3, 0, 3, 2, 3, 0, 0, 0, 3,
       1, 2, 0, 1, 3, 1, 0, 0, 3, 2, 3, 2, 3, 3, 0, 2, 1, 3], dtype=object)]
[151, array([-90., -45., -45.,   0.]), array([0, 3, 0, 2, 2, 0, 3, 0, 2, 2, 2, 2, 0, 3, 0, 3, 2, 3, 0, 0, 0, 3,
       1, 2, 0, 1, 3, 1, 0, 0, 3, 2, 2, 2, 3, 3, 0, 2, 1, 3], dtype=object)]
[151, array([-90., -45., -45.,   0.]), array([0, 3, 0, 2, 2, 0, 3, 0, 2, 2, 2, 2, 0, 3, 0, 3, 2, 3, 0, 0, 0, 3,
       1, 2, 0, 1, 3, 1, 0, 0, 3, 2, 2, 2, 3, 3, 0, 2, 1, 3], dtype=object)]
[155, array([-90., -45., -45.,   0.]), array([0, 3, 0, 2, 2, 0, 3, 0, 2, 2, 2, 2, 0, 3, 0, 3, 2, 3, 0, 0, 0, 3,
       1, 2, 0, 1, 3, 1, 0, 0, 3, 2, 2, 2, 3, 3, 0, 2, 1, 3], dtype=object)]
[152, array([-90., -45., -45.,   0.]), array([0, 3, 0, 2, 2, 0, 3, 0, 2, 2, 3, 2, 2, 3, 0, 2, 2, 3, 0, 0, 0, 3,
       1, 2, 0, 1, 3, 1, 0, 0, 3, 2, 2, 2, 3, 3, 0, 2, 1, 3], dtype=object)]
[149, array([-90., -45., -45.,   0.]), array([0, 3, 0, 2, 2, 0, 3, 0, 2, 2, 3, 2, 0, 3, 0, 2, 2, 3, 0, 0, 0, 3,
       1, 2, 0, 1, 3, 1, 0, 0, 3, 2, 2, 2, 3, 3, 0, 2, 1, 3], dtype=object)]
[152, array([-90., -45., -45.,   0.]), array([0, 3, 0, 2, 2, 0, 3, 0, 2, 2, 3, 2, 2, 3, 0, 2, 2, 3, 0, 0, 0, 3,
       1, 2, 0, 1, 3, 1, 0, 0, 3, 2, 2, 2, 3, 3, 0, 2, 1, 3], dtype=object)]
[156, array([-90., -45., -45.,   0.]), array([0, 3, 0, 2, 2, 0, 3, 0, 2, 2, 1, 2, 1, 3, 0, 2, 2, 3, 0, 0, 0, 3,
       1, 2, 0, 1, 3, 1, 0, 0, 3, 2, 2, 2, 3, 3, 0, 2, 1, 3], dtype=object)]
[150, array([-90., -45., -45.,   0.]), array([0, 3, 0, 2, 2, 0, 3, 0, 2, 2, 1, 2, 2, 3, 0, 1, 2, 3, 0, 0, 0, 3,
       1, 2, 0, 1, 3, 1, 0, 0, 3, 2, 1, 2, 3, 3, 0, 2, 1, 3], dtype=object)]
[153, array([-90., -45., -45.,   0.]), array([0, 3, 0, 2, 2, 0, 3, 0, 2, 2, 2, 2, 0, 3, 0, 3, 2, 3, 0, 0, 0, 3,
       1, 2, 0, 1, 3, 1, 0, 0, 3, 2, 2, 2, 3, 3, 0, 2, 1, 3], dtype=object)]
[153, array([-90., -45., -45.,   0.]), array([0, 3, 0, 2, 2, 0, 3, 0, 2, 2, 2, 2, 0, 3, 0, 3, 2, 3, 0, 0, 0, 3,
       1, 2, 0, 1, 3, 1, 0, 0, 3, 2, 2, 2, 3, 3, 0, 2, 1, 3], dtype=object)]
[157, array([-90., -45., -45.,   0.]), array([0, 3, 0, 2, 2, 0, 3, 0, 2, 2, 2, 2, 2, 3, 0, 3, 2, 3, 0, 0, 0, 3,
       1, 2, 0, 1, 3, 1, 0, 0, 3, 2, 2, 2, 3, 3, 0, 2, 1, 3], dtype=object)]
[151, array([-90., -45., -45.,   0.]), array([0, 3, 0, 2, 2, 0, 3, 0, 2, 2, 2, 2, 0, 3, 0, 3, 2, 3, 0, 0, 0, 3,
       1, 2, 0, 1, 3, 1, 0, 0, 3, 2, 2, 2, 3, 3, 0, 2, 1, 3], dtype=object)]
[154, array([-90., -45., -45.,   0.]), array([0, 3, 0, 2, 2, 0, 3, 0, 2, 2, 0, 2, 0, 3, 0, 2, 2, 3, 0, 0, 0, 3,
       1, 2, 0, 1, 3, 1, 0, 0, 3, 2, 2, 2, 3, 3, 0, 2, 1, 3], dtype=object)]
[154, array([-90., -45., -45.,   0.]), array([0, 3, 0, 2, 2, 0, 3, 0, 2, 2, 0, 2, 0, 3, 0, 2, 2, 3, 0, 0, 0, 3,
       1, 2, 0, 1, 3, 1, 0, 0, 3, 2, 2, 2, 3, 3, 0, 2, 1, 3], dtype=object)]
[158, array([-90., -45., -45.,   0.]), array([0, 3, 0, 2, 2, 0, 3, 0, 2, 2, 3, 2, 0, 3, 0, 2, 2, 3, 0, 0, 0, 3,
       1, 2, 0, 1, 3, 1, 0, 0, 3, 2, 3, 2, 3, 3, 0, 2, 1, 3], dtype=object)]
[152, array([-90., -45., -45.,   0.]), array([0, 3, 0, 2, 2, 0, 3, 0, 2, 2, 3, 2, 2, 3, 0, 2, 2, 3, 0, 0, 0, 3,
       1, 2, 0, 1, 3, 1, 0, 0, 3, 2, 2, 2, 3, 3, 0, 2, 1, 3], dtype=object)]
[155, array([-90., -45., -45.,   0.]), array([0, 3, 0, 2, 2, 0, 3, 0, 2, 2, 2, 2, 0, 3, 0, 3, 2, 3, 0, 0, 0, 3,
       1, 2, 0, 1, 3, 1, 0, 0, 3, 2, 2, 2, 3, 3, 0, 2, 1, 3], dtype=object)]
[155, array([-90., -45., -45.,   0.]), array([0, 3, 0, 2, 2, 0, 3, 0, 2, 2, 2, 2, 0, 3, 0, 3, 2, 3, 0, 0, 0, 3,
       1, 2, 0, 1, 3, 1, 0, 0, 3, 2, 2, 2, 3, 3, 0, 2, 1, 3], dtype=object)]
[159, array([-90., -45., -45.,   0.]), array([0, 3, 0, 2, 2, 0, 3, 0, 2, 2, 2, 2, 0, 3, 0, 1, 2, 3, 0, 0, 0, 3,
       1, 2, 0, 1, 3, 1, 0, 0, 3, 2, 2, 2, 3, 3, 0, 2, 1, 3], dtype=object)]
[153, array([-90., -45., -45.,   0.]), array([0, 3, 0, 2, 2, 0, 3, 0, 2, 2, 2, 2, 0, 3, 0, 3, 2, 3, 0, 0, 0, 3,
       1, 2, 0, 1, 3, 1, 0, 0, 3, 2, 2, 2, 3, 3, 0, 2, 1, 3], dtype=object)]
[156, array([-90., -45., -45.,   0.]), array([0, 3, 0, 2, 2, 0, 3, 0, 2, 2, 1, 2, 1, 3, 0, 2, 2, 3, 0, 0, 0, 3,
       1, 2, 0, 1, 3, 1, 0, 0, 3, 2, 2, 2, 3, 3, 0, 2, 1, 3], dtype=object)]
[156, array([-90., -45., -45.,   0.]), array([0, 3, 0, 2, 2, 0, 3, 0, 2, 2, 1, 2, 1, 3, 0, 2, 2, 3, 0, 0, 0, 3,
       1, 2, 0, 1, 3, 1, 0, 0, 3, 2, 2, 2, 3, 3, 0, 2, 1, 3], dtype=object)]
[160, array([-90., -45., -45.,   0.]), array([0, 3, 0, 2, 2, 0, 3, 0, 2, 2, 3, 2, 0, 3, 0, 3, 2, 3, 0, 0, 0, 3,
       1, 2, 0, 1, 3, 1, 0, 0, 3, 2, 3, 2, 3, 3, 0, 2, 1, 3], dtype=object)]
[154, array([-90., -45., -45.,   0.]), array([0, 3, 0, 2, 2, 0, 3, 0, 2, 2, 0, 2, 0, 3, 0, 2, 2, 3, 0, 0, 0, 3,
       1, 2, 0, 1, 3, 1, 0, 0, 3, 2, 2, 2, 3, 3, 0, 2, 1, 3], dtype=object)]
[157, array([-90., -45., -45.,   0.]), array([0, 3, 0, 2, 2, 0, 3, 0, 2, 2, 2, 2, 2, 3, 0, 3, 2, 3, 0, 0, 0, 3,
       1, 2, 0, 1, 3, 1, 0, 0, 3, 2, 2, 2, 3, 3, 0, 2, 1, 3], dtype=object)]
[157, array([-90., -45., -45.,   0.]), array([0, 3, 0, 2, 2, 0, 3, 0, 2, 2, 2, 2, 2, 3, 0, 3, 2, 3, 0, 0, 0, 3,
       1, 2, 0, 1, 3, 1, 0, 0, 3, 2, 2, 2, 3, 3, 0, 2, 1, 3], dtype=object)]
[161, array([-90., -45., -45.,   0.]), array([0, 3, 0, 2, 2, 0, 3, 0, 2, 2, 2, 2, 0, 3, 0, 2, 2, 3, 0, 0, 0, 3,
       1, 2, 0, 1, 3, 1, 0, 0, 3, 2, 2, 2, 3, 3, 0, 2, 1, 3], dtype=object)]
[155, array([-90., -45., -45.,   0.]), array([0, 3, 0, 2, 2, 0, 3, 0, 2, 2, 2, 2, 0, 3, 0, 3, 2, 3, 0, 0, 0, 3,
       1, 2, 0, 1, 3, 1, 0, 0, 3, 2, 2, 2, 3, 3, 0, 2, 1, 3], dtype=object)]
[158, array([-90., -45., -45.,   0.]), array([0, 3, 0, 2, 2, 0, 3, 0, 2, 2, 3, 2, 0, 3, 0, 2, 2, 3, 0, 0, 0, 3,
       1, 2, 0, 1, 3, 1, 0, 0, 3, 2, 3, 2, 3, 3, 0, 2, 1, 3], dtype=object)]
[162, array([-90., -45., -45.,   0.]), array([0, 3, 0, 2, 2, 0, 3, 0, 2, 2, 2, 2, 0, 3, 0, 0, 2, 3, 0, 0, 0, 3,
       1, 2, 0, 1, 3, 1, 0, 0, 3, 2, 2, 2, 3, 3, 0, 2, 1, 3], dtype=object)]
[158, array([-90., -45., -45.,   0.]), array([0, 3, 0, 2, 2, 0, 3, 0, 2, 2, 3, 2, 0, 3, 0, 2, 2, 3, 0, 0, 0, 3,
       1, 2, 0, 1, 3, 1, 0, 0, 3, 2, 3, 2, 3, 3, 0, 2, 1, 3], dtype=object)]
[156, array([-90., -45., -45.,   0.]), array([0, 3, 0, 2, 2, 0, 3, 0, 2, 2, 1, 2, 1, 3, 0, 2, 2, 3, 0, 0, 0, 3,
       1, 2, 0, 1, 3, 1, 0, 0, 3, 2, 2, 2, 3, 3, 0, 2, 1, 3], dtype=object)]
[163, array([-90., -45., -45.,   0.]), array([0, 3, 0, 2, 2, 0, 3, 0, 2, 2, 2, 2, 0, 3, 0, 3, 2, 3, 0, 0, 0, 3,
       1, 2, 0, 1, 3, 1, 0, 0, 3, 2, 2, 2, 3, 3, 0, 2, 1, 3], dtype=object)]
[159, array([-90., -45., -45.,   0.]), array([0, 3, 0, 2, 2, 0, 3, 0, 2, 2, 2, 2, 0, 3, 0, 1, 2, 3, 0, 0, 0, 3,
       1, 2, 0, 1, 3, 1, 0, 0, 3, 2, 2, 2, 3, 3, 0, 2, 1, 3], dtype=object)]
[159, array([-90., -45., -45.,   0.]), array([0, 3, 0, 2, 2, 0, 3, 0, 2, 2, 2, 2, 0, 3, 0, 1, 2, 3, 0, 0, 0, 3,
       1, 2, 0, 1, 3, 1, 0, 0, 3, 2, 2, 2, 3, 3, 0, 2, 1, 3], dtype=object)]
[164, array([-90., -45., -45.,   0.]), array([0, 3, 0, 2, 2, 0, 3, 0, 2, 2, 3, 2, 2, 3, 0, 3, 2, 3, 0, 0, 0, 3,
       1, 2, 0, 1, 3, 1, 0, 0, 3, 2, 2, 2, 3, 3, 0, 2, 1, 3], dtype=object)]
[157, array([-90., -45., -45.,   0.]), array([0, 3, 0, 2, 2, 0, 3, 0, 2, 2, 2, 2, 2, 3, 0, 3, 2, 3, 0, 0, 0, 3,
       1, 2, 0, 1, 3, 1, 0, 0, 3, 2, 2, 2, 3, 3, 0, 2, 1, 3], dtype=object)]
[160, array([-90., -45., -45.,   0.]), array([0, 3, 0, 2, 2, 0, 3, 0, 2, 2, 3, 2, 0, 3, 0, 3, 2, 3, 0, 0, 0, 3,
       1, 2, 0, 1, 3, 1, 0, 0, 3, 2, 3, 2, 3, 3, 0, 2, 1, 3], dtype=object)]
[160, array([-90., -45., -45.,   0.]), array([0, 3, 0, 2, 2, 0, 3, 0, 2, 2, 3, 2, 0, 3, 0, 3, 2, 3, 0, 0, 0, 3,
       1, 2, 0, 1, 3, 1, 0, 0, 3, 2, 3, 2, 3, 3, 0, 2, 1, 3], dtype=object)]
[165, array([-90., -45., -45.,   0.]), array([0, 3, 0, 2, 2, 0, 3, 0, 2, 2, 2, 2, 0, 3, 0, 2, 2, 3, 0, 0, 0, 3,
       1, 2, 0, 1, 3, 1, 0, 0, 3, 2, 2, 2, 3, 3, 0, 2, 1, 3], dtype=object)]
[158, array([-90., -45., -45.,   0.]), array([0, 3, 0, 2, 2, 0, 3, 0, 2, 2, 3, 2, 0, 3, 0, 2, 2, 3, 0, 0, 0, 3,
       1, 2, 0, 1, 3, 1, 0, 0, 3, 2, 3, 2, 3, 3, 0, 2, 1, 3], dtype=object)]
[161, array([-90., -45., -45.,   0.]), array([0, 3, 0, 2, 2, 0, 3, 0, 2, 2, 2, 2, 0, 3, 0, 2, 2, 3, 0, 0, 0, 3,
       1, 2, 0, 1, 3, 1, 0, 0, 3, 2, 2, 2, 3, 3, 0, 2, 1, 3], dtype=object)]
[161, array([-90., -45., -45.,   0.]), array([0, 3, 0, 2, 2, 0, 3, 0, 2, 2, 2, 2, 0, 3, 0, 2, 2, 3, 0, 0, 0, 3,
       1, 2, 0, 1, 3, 1, 0, 0, 3, 2, 2, 2, 3, 3, 0, 2, 1, 3], dtype=object)]
[166, array([-90., -45., -45.,   0.]), array([0, 3, 0, 2, 2, 0, 3, 0, 2, 2, 2, 2, 1, 3, 0, 2, 2, 3, 0, 0, 0, 3,
       1, 2, 0, 1, 3, 1, 0, 0, 3, 2, 2, 2, 3, 3, 0, 2, 1, 3], dtype=object)]
[159, array([-90., -45., -45.,   0.]), array([0, 3, 0, 2, 2, 0, 3, 0, 2, 2, 2, 2, 0, 3, 0, 1, 2, 3, 0, 0, 0, 3,
       1, 2, 0, 1, 3, 1, 0, 0, 3, 2, 2, 2, 3, 3, 0, 2, 1, 3], dtype=object)]
[162, array([-90., -45., -45.,   0.]), array([0, 3, 0, 2, 2, 0, 3, 0, 2, 2, 2, 2, 0, 3, 0, 0, 2, 3, 0, 0, 0, 3,
       1, 2, 0, 1, 3, 1, 0, 0, 3, 2, 2, 2, 3, 3, 0, 2, 1, 3], dtype=object)]
[162, array([-90., -45., -45.,   0.]), array([0, 3, 0, 2, 2, 0, 3, 0, 2, 2, 2, 2, 0, 3, 0, 0, 2, 3, 0, 0, 0, 3,
       1, 2, 0, 1, 3, 1, 0, 0, 3, 2, 2, 2, 3, 3, 0, 2, 1, 3], dtype=object)]
[167, array([-90., -45., -45.,   0.]), array([0, 3, 0, 2, 2, 0, 3, 0, 2, 2, 2, 2, 0, 3, 0, 2, 2, 3, 0, 0, 0, 3,
       1, 2, 0, 1, 3, 1, 0, 0, 3, 2, 2, 2, 3, 3, 0, 2, 1, 3], dtype=object)]
[163, array([-90., -45., -45.,   0.]), array([0, 3, 0, 2, 2, 0, 3, 0, 2, 2, 2, 2, 0, 3, 0, 3, 2, 3, 0, 0, 0, 3,
       1, 2, 0, 1, 3, 1, 0, 0, 3, 2, 2, 2, 3, 3, 0, 2, 1, 3], dtype=object)]
[160, array([-90., -45., -45.,   0.]), array([0, 3, 0, 2, 2, 0, 3, 0, 2, 2, 3, 2, 0, 3, 0, 3, 2, 3, 0, 0, 0, 3,
       1, 2, 0, 1, 3, 1, 0, 0, 3, 2, 3, 2, 3, 3, 0, 2, 1, 3], dtype=object)]
[163, array([-90., -45., -45.,   0.]), array([0, 3, 0, 2, 2, 0, 3, 0, 2, 2, 2, 2, 0, 3, 0, 3, 2, 3, 0, 0, 0, 3,
       1, 2, 0, 1, 3, 1, 0, 0, 3, 2, 2, 2, 3, 3, 0, 2, 1, 3], dtype=object)]
[168, array([-90., -45., -45.,   0.]), array([0, 3, 0, 2, 2, 0, 3, 0, 2, 2, 2, 2, 2, 3, 0, 1, 2, 3, 0, 0, 0, 3,
       1, 2, 0, 1, 3, 1, 0, 0, 3, 2, 2, 2, 3, 3, 0, 2, 1, 3], dtype=object)]
[164, array([-90., -45., -45.,   0.]), array([0, 3, 0, 2, 2, 0, 3, 0, 2, 2, 3, 2, 2, 3, 0, 3, 2, 3, 0, 0, 0, 3,
       1, 2, 0, 1, 3, 1, 0, 0, 3, 2, 2, 2, 3, 3, 0, 2, 1, 3], dtype=object)]
[161, array([-90., -45., -45.,   0.]), array([0, 3, 0, 2, 2, 0, 3, 0, 2, 2, 2, 2, 0, 3, 0, 2, 2, 3, 0, 0, 0, 3,
       1, 2, 0, 1, 3, 1, 0, 0, 3, 2, 2, 2, 3, 3, 0, 2, 1, 3], dtype=object)]
[164, array([-90., -45., -45.,   0.]), array([0, 3, 0, 2, 2, 0, 3, 0, 2, 2, 3, 2, 2, 3, 0, 3, 2, 3, 0, 0, 0, 3,
       1, 2, 0, 1, 3, 1, 0, 0, 3, 2, 2, 2, 3, 3, 0, 2, 1, 3], dtype=object)]
[169, array([-90., -45., -45.,   0.]), array([0, 3, 0, 2, 2, 0, 3, 0, 2, 2, 2, 2, 2, 3, 0, 3, 2, 3, 0, 0, 0, 3,
       1, 2, 0, 1, 3, 1, 0, 0, 3, 2, 2, 2, 3, 3, 0, 2, 1, 3], dtype=object)]
[162, array([-90., -45., -45.,   0.]), array([0, 3, 0, 2, 2, 0, 3, 0, 2, 2, 2, 2, 0, 3, 0, 0, 2, 3, 0, 0, 0, 3,
       1, 2, 0, 1, 3, 1, 0, 0, 3, 2, 2, 2, 3, 3, 0, 2, 1, 3], dtype=object)]
[165, array([-90., -45., -45.,   0.]), array([0, 3, 0, 2, 2, 0, 3, 0, 2, 2, 2, 2, 0, 3, 0, 2, 2, 3, 0, 0, 0, 3,
       1, 2, 0, 1, 3, 1, 0, 0, 3, 2, 2, 2, 3, 3, 0, 2, 1, 3], dtype=object)]
[165, array([-90., -45., -45.,   0.]), array([0, 3, 0, 2, 2, 0, 3, 0, 2, 2, 2, 2, 0, 3, 0, 2, 2, 3, 0, 0, 0, 3,
       1, 2, 0, 1, 3, 1, 0, 0, 3, 2, 2, 2, 3, 3, 0, 2, 1, 3], dtype=object)]
[170, array([-90., -45., -45.,   0.]), array([0, 3, 0, 2, 2, 0, 3, 0, 2, 2, 3, 2, 0, 3, 0, 1, 2, 3, 0, 0, 0, 3,
       1, 2, 0, 1, 3, 1, 0, 0, 3, 2, 2, 2, 3, 3, 0, 2, 1, 3], dtype=object)]
[166, array([-90., -45., -45.,   0.]), array([0, 3, 0, 2, 2, 0, 3, 0, 2, 2, 2, 2, 1, 3, 0, 2, 2, 3, 0, 0, 0, 3,
       1, 2, 0, 1, 3, 1, 0, 0, 3, 2, 2, 2, 3, 3, 0, 2, 1, 3], dtype=object)]
[163, array([-90., -45., -45.,   0.]), array([0, 3, 0, 2, 2, 0, 3, 0, 2, 2, 2, 2, 0, 3, 0, 3, 2, 3, 0, 0, 0, 3,
       1, 2, 0, 1, 3, 1, 0, 0, 3, 2, 2, 2, 3, 3, 0, 2, 1, 3], dtype=object)]
[166, array([-90., -45., -45.,   0.]), array([0, 3, 0, 2, 2, 0, 3, 0, 2, 2, 2, 2, 1, 3, 0, 2, 2, 3, 0, 0, 0, 3,
       1, 2, 0, 1, 3, 1, 0, 0, 3, 2, 2, 2, 3, 3, 0, 2, 1, 3], dtype=object)]
[171, array([-90., -45., -45.,   0.]), array([0, 3, 0, 2, 2, 0, 3, 0, 2, 2, 2, 2, 0, 3, 0, 2, 2, 3, 0, 0, 0, 3,
       1, 2, 0, 1, 3, 1, 0, 0, 3, 2, 2, 2, 3, 3, 0, 2, 1, 3], dtype=object)]
[164, array([-90., -45., -45.,   0.]), array([0, 3, 0, 2, 2, 0, 3, 0, 2, 2, 3, 2, 2, 3, 0, 3, 2, 3, 0, 0, 0, 3,
       1, 2, 0, 1, 3, 1, 0, 0, 3, 2, 2, 2, 3, 3, 0, 2, 1, 3], dtype=object)]
[167, array([-90., -45., -45.,   0.]), array([0, 3, 0, 2, 2, 0, 3, 0, 2, 2, 2, 2, 0, 3, 0, 2, 2, 3, 0, 0, 0, 3,
       1, 2, 0, 1, 3, 1, 0, 0, 3, 2, 2, 2, 3, 3, 0, 2, 1, 3], dtype=object)]
[167, array([-90., -45., -45.,   0.]), array([0, 3, 0, 2, 2, 0, 3, 0, 2, 2, 2, 2, 0, 3, 0, 2, 2, 3, 0, 0, 0, 3,
       1, 2, 0, 1, 3, 1, 0, 0, 3, 2, 2, 2, 3, 3, 0, 2, 1, 3], dtype=object)]
[172, array([-90., -45., -45.,   0.]), array([0, 3, 0, 2, 2, 0, 3, 0, 2, 2, 3, 2, 0, 3, 0, 2, 2, 3, 0, 0, 0, 3,
       1, 2, 0, 1, 3, 1, 0, 0, 3, 2, 3, 2, 3, 3, 0, 2, 1, 3], dtype=object)]
[165, array([-90., -45., -45.,   0.]), array([0, 3, 0, 2, 2, 0, 3, 0, 2, 2, 2, 2, 0, 3, 0, 2, 2, 3, 0, 0, 0, 3,
       1, 2, 0, 1, 3, 1, 0, 0, 3, 2, 2, 2, 3, 3, 0, 2, 1, 3], dtype=object)]
[168, array([-90., -45., -45.,   0.]), array([0, 3, 0, 2, 2, 0, 3, 0, 2, 2, 2, 2, 2, 3, 0, 1, 2, 3, 0, 0, 0, 3,
       1, 2, 0, 1, 3, 1, 0, 0, 3, 2, 2, 2, 3, 3, 0, 2, 1, 3], dtype=object)]
[168, array([-90., -45., -45.,   0.]), array([0, 3, 0, 2, 2, 0, 3, 0, 2, 2, 2, 2, 2, 3, 0, 1, 2, 3, 0, 0, 0, 3,
       1, 2, 0, 1, 3, 1, 0, 0, 3, 2, 2, 2, 3, 3, 0, 2, 1, 3], dtype=object)]
[173, array([-90., -45., -45.,   0.]), array([0, 3, 0, 2, 2, 0, 3, 0, 2, 2, 3, 2, 0, 3, 0, 2, 2, 3, 0, 0, 0, 3,
       1, 2, 0, 1, 3, 1, 0, 0, 3, 2, 2, 2, 3, 3, 0, 2, 1, 3], dtype=object)]
[166, array([-90., -45., -45.,   0.]), array([0, 3, 0, 2, 2, 0, 3, 0, 2, 2, 2, 2, 1, 3, 0, 2, 2, 3, 0, 0, 0, 3,
       1, 2, 0, 1, 3, 1, 0, 0, 3, 2, 2, 2, 3, 3, 0, 2, 1, 3], dtype=object)]
[169, array([-90., -45., -45.,   0.]), array([0, 3, 0, 2, 2, 0, 3, 0, 2, 2, 2, 2, 2, 3, 0, 3, 2, 3, 0, 0, 0, 3,
       1, 2, 0, 1, 3, 1, 0, 0, 3, 2, 2, 2, 3, 3, 0, 2, 1, 3], dtype=object)]
[174, array([-80., -40., -40.,   0.]), array([0, 3, 0, 2, 2, 0, 3, 0, 2, 2, 3, 2, 0, 3, 0, 3, 2, 3, 0, 0, 0, 3,
       1, 2, 0, 1, 3, 1, 0, 0, 3, 2, 2, 2, 3, 3, 0, 2, 1, 0], dtype=object)]
[169, array([-90., -45., -45.,   0.]), array([0, 3, 0, 2, 2, 0, 3, 0, 2, 2, 2, 2, 2, 3, 0, 3, 2, 3, 0, 0, 0, 3,
       1, 2, 0, 1, 3, 1, 0, 0, 3, 2, 2, 2, 3, 3, 0, 2, 1, 3], dtype=object)]
[167, array([-90., -45., -45.,   0.]), array([0, 3, 0, 2, 2, 0, 3, 0, 2, 2, 2, 2, 0, 3, 0, 2, 2, 3, 0, 0, 0, 3,
       1, 2, 0, 1, 3, 1, 0, 0, 3, 2, 2, 2, 3, 3, 0, 2, 1, 3], dtype=object)]
[170, array([-90., -45., -45.,   0.]), array([0, 3, 0, 2, 2, 0, 3, 0, 2, 2, 3, 2, 0, 3, 0, 1, 2, 3, 0, 0, 0, 3,
       1, 2, 0, 1, 3, 1, 0, 0, 3, 2, 2, 2, 3, 3, 0, 2, 1, 3], dtype=object)]
[175, array([-90., -45., -45.,   0.]), array([0, 3, 0, 2, 2, 0, 3, 0, 2, 2, 3, 2, 0, 3, 0, 2, 2, 3, 0, 0, 0, 3,
       1, 2, 0, 1, 3, 1, 0, 0, 3, 2, 2, 2, 3, 3, 0, 2, 1, 3], dtype=object)]
[170, array([-90., -45., -45.,   0.]), array([0, 3, 0, 2, 2, 0, 3, 0, 2, 2, 3, 2, 0, 3, 0, 1, 2, 3, 0, 0, 0, 3,
       1, 2, 0, 1, 3, 1, 0, 0, 3, 2, 2, 2, 3, 3, 0, 2, 1, 3], dtype=object)]
[168, array([-90., -45., -45.,   0.]), array([0, 3, 0, 2, 2, 0, 3, 0, 2, 2, 2, 2, 2, 3, 0, 1, 2, 3, 0, 0, 0, 3,
       1, 2, 0, 1, 3, 1, 0, 0, 3, 2, 2, 2, 3, 3, 0, 2, 1, 3], dtype=object)]
[171, array([-90., -45., -45.,   0.]), array([0, 3, 0, 2, 2, 0, 3, 0, 2, 2, 2, 2, 0, 3, 0, 2, 2, 3, 0, 0, 0, 3,
       1, 2, 0, 1, 3, 1, 0, 0, 3, 2, 2, 2, 3, 3, 0, 2, 1, 3], dtype=object)]
[176, array([-90., -45., -45.,   0.]), array([0, 3, 0, 2, 2, 0, 3, 0, 2, 2, 3, 2, 0, 3, 0, 3, 2, 3, 0, 0, 0, 3,
       1, 2, 0, 2, 3, 1, 0, 0, 3, 2, 2, 2, 3, 3, 0, 3, 1, 3], dtype=object)]
[171, array([-90., -45., -45.,   0.]), array([0, 3, 0, 2, 2, 0, 3, 0, 2, 2, 2, 2, 0, 3, 0, 2, 2, 3, 0, 0, 0, 3,
       1, 2, 0, 1, 3, 1, 0, 0, 3, 2, 2, 2, 3, 3, 0, 2, 1, 3], dtype=object)]
[169, array([-90., -45., -45.,   0.]), array([0, 3, 0, 2, 2, 0, 3, 0, 2, 2, 2, 2, 2, 3, 0, 3, 2, 3, 0, 0, 0, 3,
       1, 2, 0, 1, 3, 1, 0, 0, 3, 2, 2, 2, 3, 3, 0, 2, 1, 3], dtype=object)]
[172, array([-90., -45., -45.,   0.]), array([0, 3, 0, 2, 2, 0, 3, 0, 2, 2, 3, 2, 0, 3, 0, 2, 2, 3, 0, 0, 0, 3,
       1, 2, 0, 1, 3, 1, 0, 0, 3, 2, 3, 2, 3, 3, 0, 2, 1, 3], dtype=object)]
[177, array([-90., -45., -45.,   0.]), array([0, 3, 0, 2, 2, 0, 3, 0, 2, 2, 2, 2, 0, 3, 0, 2, 2, 3, 0, 0, 0, 3,
       1, 2, 0, 1, 3, 1, 0, 0, 3, 2, 2, 2, 3, 3, 0, 2, 1, 3], dtype=object)]
[172, array([-90., -45., -45.,   0.]), array([0, 3, 0, 2, 2, 0, 3, 0, 2, 2, 3, 2, 0, 3, 0, 2, 2, 3, 0, 0, 0, 3,
       1, 2, 0, 1, 3, 1, 0, 0, 3, 2, 3, 2, 3, 3, 0, 2, 1, 3], dtype=object)]
[170, array([-90., -45., -45.,   0.]), array([0, 3, 0, 2, 2, 0, 3, 0, 2, 2, 3, 2, 0, 3, 0, 1, 2, 3, 0, 0, 0, 3,
       1, 2, 0, 1, 3, 1, 0, 0, 3, 2, 2, 2, 3, 3, 0, 2, 1, 3], dtype=object)]
[173, array([-90., -45., -45.,   0.]), array([0, 3, 0, 2, 2, 0, 3, 0, 2, 2, 3, 2, 0, 3, 0, 2, 2, 3, 0, 0, 0, 3,
       1, 2, 0, 1, 3, 1, 0, 0, 3, 2, 2, 2, 3, 3, 0, 2, 1, 3], dtype=object)]
[178, array([-90., -45., -45.,   0.]), array([0, 3, 0, 2, 2, 0, 3, 0, 2, 2, 3, 2, 1, 3, 0, 2, 2, 3, 0, 0, 0, 3,
       1, 2, 0, 1, 3, 1, 0, 0, 3, 2, 2, 2, 3, 3, 0, 2, 1, 3], dtype=object)]
[173, array([-90., -45., -45.,   0.]), array([0, 3, 0, 2, 2, 0, 3, 0, 2, 2, 3, 2, 0, 3, 0, 2, 2, 3, 0, 0, 0, 3,
       1, 2, 0, 1, 3, 1, 0, 0, 3, 2, 2, 2, 3, 3, 0, 2, 1, 3], dtype=object)]
[171, array([-90., -45., -45.,   0.]), array([0, 3, 0, 2, 2, 0, 3, 0, 2, 2, 2, 2, 0, 3, 0, 2, 2, 3, 0, 0, 0, 3,
       1, 2, 0, 1, 3, 1, 0, 0, 3, 2, 2, 2, 3, 3, 0, 2, 1, 3], dtype=object)]
[174, array([-80., -40., -40.,   0.]), array([0, 3, 0, 2, 2, 0, 3, 0, 2, 2, 3, 2, 0, 3, 0, 3, 2, 3, 0, 0, 0, 3,
       1, 2, 0, 1, 3, 1, 0, 0, 3, 2, 2, 2, 3, 3, 0, 2, 1, 0], dtype=object)]
[179, array([-90., -45., -45.,   0.]), array([0, 3, 0, 2, 2, 0, 3, 0, 2, 2, 2, 2, 0, 3, 0, 2, 2, 3, 0, 0, 0, 3,
       1, 2, 0, 1, 3, 1, 0, 0, 3, 2, 2, 2, 3, 3, 0, 2, 1, 3], dtype=object)]
[174, array([-80., -40., -40.,   0.]), array([0, 3, 0, 2, 2, 0, 3, 0, 2, 2, 3, 2, 0, 3, 0, 3, 2, 3, 0, 0, 0, 3,
       1, 2, 0, 1, 3, 1, 0, 0, 3, 2, 2, 2, 3, 3, 0, 2, 1, 0], dtype=object)]
[172, array([-90., -45., -45.,   0.]), array([0, 3, 0, 2, 2, 0, 3, 0, 2, 2, 3, 2, 0, 3, 0, 2, 2, 3, 0, 0, 0, 3,
       1, 2, 0, 1, 3, 1, 0, 0, 3, 2, 3, 2, 3, 3, 0, 2, 1, 3], dtype=object)]
[175, array([-90., -45., -45.,   0.]), array([0, 3, 0, 2, 2, 0, 3, 0, 2, 2, 3, 2, 0, 3, 0, 2, 2, 3, 0, 0, 0, 3,
       1, 2, 0, 1, 3, 1, 0, 0, 3, 2, 2, 2, 3, 3, 0, 2, 1, 3], dtype=object)]
[180, array([-80., -40., -40.,   0.]), array([0, 3, 0, 2, 2, 0, 3, 0, 2, 2, 2, 2, 0, 3, 0, 2, 2, 3, 0, 0, 0, 3,
       1, 2, 0, 1, 3, 1, 0, 0, 2, 2, 2, 2, 3, 3, 0, 2, 1, 3], dtype=object)]
[175, array([-90., -45., -45.,   0.]), array([0, 3, 0, 2, 2, 0, 3, 0, 2, 2, 3, 2, 0, 3, 0, 2, 2, 3, 0, 0, 0, 3,
       1, 2, 0, 1, 3, 1, 0, 0, 3, 2, 2, 2, 3, 3, 0, 2, 1, 3], dtype=object)]
[173, array([-90., -45., -45.,   0.]), array([0, 3, 0, 2, 2, 0, 3, 0, 2, 2, 3, 2, 0, 3, 0, 2, 2, 3, 0, 0, 0, 3,
       1, 2, 0, 1, 3, 1, 0, 0, 3, 2, 2, 2, 3, 3, 0, 2, 1, 3], dtype=object)]
[181, array([-90., -45., -45.,   0.]), array([0, 3, 0, 2, 2, 0, 3, 0, 2, 2, 2, 2, 0, 3, 0, 2, 2, 3, 0, 0, 0, 3,
       1, 2, 0, 1, 3, 1, 0, 0, 3, 2, 2, 2, 3, 3, 0, 2, 1, 3], dtype=object)]
[176, array([-90., -45., -45.,   0.]), array([0, 3, 0, 2, 2, 0, 3, 0, 2, 2, 3, 2, 0, 3, 0, 3, 2, 3, 0, 0, 0, 3,
       1, 2, 0, 2, 3, 1, 0, 0, 3, 2, 2, 2, 3, 3, 0, 3, 1, 3], dtype=object)]
[176, array([-90., -45., -45.,   0.]), array([0, 3, 0, 2, 2, 0, 3, 0, 2, 2, 3, 2, 0, 3, 0, 3, 2, 3, 0, 0, 0, 3,
       1, 2, 0, 2, 3, 1, 0, 0, 3, 2, 2, 2, 3, 3, 0, 3, 1, 3], dtype=object)]
[174, array([-80., -40., -40.,   0.]), array([0, 3, 0, 2, 2, 0, 3, 0, 2, 2, 3, 2, 0, 3, 0, 3, 2, 3, 0, 0, 0, 3,
       1, 2, 0, 1, 3, 1, 0, 0, 3, 2, 2, 2, 3, 3, 0, 2, 1, 0], dtype=object)]
[182, array([-90., -45., -45.,   0.]), array([0, 3, 0, 2, 2, 0, 3, 0, 2, 2, 3, 2, 1, 3, 0, 2, 2, 3, 0, 0, 0, 3,
       1, 2, 0, 1, 3, 1, 0, 0, 3, 2, 2, 2, 3, 3, 0, 2, 1, 3], dtype=object)]
[177, array([-90., -45., -45.,   0.]), array([0, 3, 0, 2, 2, 0, 3, 0, 2, 2, 2, 2, 0, 3, 0, 2, 2, 3, 0, 0, 0, 3,
       1, 2, 0, 1, 3, 1, 0, 0, 3, 2, 2, 2, 3, 3, 0, 2, 1, 3], dtype=object)]
[177, array([-90., -45., -45.,   0.]), array([0, 3, 0, 2, 2, 0, 3, 0, 2, 2, 2, 2, 0, 3, 0, 2, 2, 3, 0, 0, 0, 3,
       1, 2, 0, 1, 3, 1, 0, 0, 3, 2, 2, 2, 3, 3, 0, 2, 1, 3], dtype=object)]
[175, array([-90., -45., -45.,   0.]), array([0, 3, 0, 2, 2, 0, 3, 0, 2, 2, 3, 2, 0, 3, 0, 2, 2, 3, 0, 0, 0, 3,
       1, 2, 0, 1, 3, 1, 0, 0, 3, 2, 2, 2, 3, 3, 0, 2, 1, 3], dtype=object)]
[183, array([-90., -45., -45.,   0.]), array([0, 3, 0, 2, 2, 0, 3, 0, 2, 2, 2, 2, 0, 3, 0, 2, 2, 3, 0, 0, 0, 3,
       1, 2, 0, 1, 3, 1, 0, 0, 3, 2, 2, 2, 3, 3, 0, 2, 1, 3], dtype=object)]
[178, array([-90., -45., -45.,   0.]), array([0, 3, 0, 2, 2, 0, 3, 0, 2, 2, 3, 2, 1, 3, 0, 2, 2, 3, 0, 0, 0, 3,
       1, 2, 0, 1, 3, 1, 0, 0, 3, 2, 2, 2, 3, 3, 0, 2, 1, 3], dtype=object)]
[178, array([-90., -45., -45.,   0.]), array([0, 3, 0, 2, 2, 0, 3, 0, 2, 2, 3, 2, 1, 3, 0, 2, 2, 3, 0, 0, 0, 3,
       1, 2, 0, 1, 3, 1, 0, 0, 3, 2, 2, 2, 3, 3, 0, 2, 1, 3], dtype=object)]
[176, array([-90., -45., -45.,   0.]), array([0, 3, 0, 2, 2, 0, 3, 0, 2, 2, 3, 2, 0, 3, 0, 3, 2, 3, 0, 0, 0, 3,
       1, 2, 0, 2, 3, 1, 0, 0, 3, 2, 2, 2, 3, 3, 0, 3, 1, 3], dtype=object)]
[184, array([-90., -45., -45.,   0.]), array([0, 3, 0, 2, 2, 0, 3, 0, 2, 2, 2, 2, 1, 3, 0, 2, 2, 3, 0, 0, 0, 3,
       1, 2, 0, 1, 3, 1, 0, 0, 3, 2, 2, 2, 3, 3, 0, 2, 1, 3], dtype=object)]
[179, array([-90., -45., -45.,   0.]), array([0, 3, 0, 2, 2, 0, 3, 0, 2, 2, 2, 2, 0, 3, 0, 2, 2, 3, 0, 0, 0, 3,
       1, 2, 0, 1, 3, 1, 0, 0, 3, 2, 2, 2, 3, 3, 0, 2, 1, 3], dtype=object)]
[179, array([-90., -45., -45.,   0.]), array([0, 3, 0, 2, 2, 0, 3, 0, 2, 2, 2, 2, 0, 3, 0, 2, 2, 3, 0, 0, 0, 3,
       1, 2, 0, 1, 3, 1, 0, 0, 3, 2, 2, 2, 3, 3, 0, 2, 1, 3], dtype=object)]
[177, array([-90., -45., -45.,   0.]), array([0, 3, 0, 2, 2, 0, 3, 0, 2, 2, 2, 2, 0, 3, 0, 2, 2, 3, 0, 0, 0, 3,
       1, 2, 0, 1, 3, 1, 0, 0, 3, 2, 2, 2, 3, 3, 0, 2, 1, 3], dtype=object)]
[185, array([-90., -45., -45.,   0.]), array([0, 3, 0, 2, 2, 0, 3, 0, 2, 2, 2, 2, 0, 3, 0, 2, 2, 3, 0, 0, 0, 3,
       1, 2, 0, 1, 3, 1, 0, 0, 3, 2, 2, 2, 3, 3, 0, 2, 1, 3], dtype=object)]
[180, array([-80., -40., -40.,   0.]), array([0, 3, 0, 2, 2, 0, 3, 0, 2, 2, 2, 2, 0, 3, 0, 2, 2, 3, 0, 0, 0, 3,
       1, 2, 0, 1, 3, 1, 0, 0, 2, 2, 2, 2, 3, 3, 0, 2, 1, 3], dtype=object)]
[180, array([-80., -40., -40.,   0.]), array([0, 3, 0, 2, 2, 0, 3, 0, 2, 2, 2, 2, 0, 3, 0, 2, 2, 3, 0, 0, 0, 3,
       1, 2, 0, 1, 3, 1, 0, 0, 2, 2, 2, 2, 3, 3, 0, 2, 1, 3], dtype=object)]
[178, array([-90., -45., -45.,   0.]), array([0, 3, 0, 2, 2, 0, 3, 0, 2, 2, 3, 2, 1, 3, 0, 2, 2, 3, 0, 0, 0, 3,
       1, 2, 0, 1, 3, 1, 0, 0, 3, 2, 2, 2, 3, 3, 0, 2, 1, 3], dtype=object)]
[186, array([-80., -40., -40.,   0.]), array([0, 3, 0, 2, 2, 0, 3, 0, 2, 2, 2, 2, 0, 3, 0, 2, 2, 3, 0, 0, 0, 3,
       1, 2, 0, 1, 3, 1, 0, 0, 2, 2, 2, 2, 3, 3, 0, 2, 1, 3], dtype=object)]
[181, array([-90., -45., -45.,   0.]), array([0, 3, 0, 2, 2, 0, 3, 0, 2, 2, 2, 2, 0, 3, 0, 2, 2, 3, 0, 0, 0, 3,
       1, 2, 0, 1, 3, 1, 0, 0, 3, 2, 2, 2, 3, 3, 0, 2, 1, 3], dtype=object)]
[181, array([-90., -45., -45.,   0.]), array([0, 3, 0, 2, 2, 0, 3, 0, 2, 2, 2, 2, 0, 3, 0, 2, 2, 3, 0, 0, 0, 3,
       1, 2, 0, 1, 3, 1, 0, 0, 3, 2, 2, 2, 3, 3, 0, 2, 1, 3], dtype=object)]
[179, array([-90., -45., -45.,   0.]), array([0, 3, 0, 2, 2, 0, 3, 0, 2, 2, 2, 2, 0, 3, 0, 2, 2, 3, 0, 0, 0, 3,
       1, 2, 0, 1, 3, 1, 0, 0, 3, 2, 2, 2, 3, 3, 0, 2, 1, 3], dtype=object)]
[187, array([-90., -45., -45.,   0.]), array([0, 3, 0, 2, 2, 0, 3, 0, 2, 2, 2, 2, 0, 3, 0, 2, 2, 3, 0, 0, 0, 3,
       1, 2, 0, 1, 3, 1, 0, 0, 3, 2, 2, 2, 3, 3, 0, 2, 1, 3], dtype=object)]
[182, array([-90., -45., -45.,   0.]), array([0, 3, 0, 2, 2, 0, 3, 0, 2, 2, 3, 2, 1, 3, 0, 2, 2, 3, 0, 0, 0, 3,
       1, 2, 0, 1, 3, 1, 0, 0, 3, 2, 2, 2, 3, 3, 0, 2, 1, 3], dtype=object)]
[182, array([-90., -45., -45.,   0.]), array([0, 3, 0, 2, 2, 0, 3, 0, 2, 2, 3, 2, 1, 3, 0, 2, 2, 3, 0, 0, 0, 3,
       1, 2, 0, 1, 3, 1, 0, 0, 3, 2, 2, 2, 3, 3, 0, 2, 1, 3], dtype=object)]
[180, array([-80., -40., -40.,   0.]), array([0, 3, 0, 2, 2, 0, 3, 0, 2, 2, 2, 2, 0, 3, 0, 2, 2, 3, 0, 0, 0, 3,
       1, 2, 0, 1, 3, 1, 0, 0, 2, 2, 2, 2, 3, 3, 0, 2, 1, 3], dtype=object)]
[188, array([-90., -45., -45.,   0.]), array([0, 3, 0, 2, 2, 0, 3, 0, 2, 2, 3, 2, 3, 3, 0, 3, 2, 3, 0, 0, 0, 3,
       1, 2, 0, 1, 3, 1, 0, 0, 3, 2, 2, 2, 3, 3, 0, 2, 1, 3], dtype=object)]
[183, array([-90., -45., -45.,   0.]), array([0, 3, 0, 2, 2, 0, 3, 0, 2, 2, 2, 2, 0, 3, 0, 2, 2, 3, 0, 0, 0, 3,
       1, 2, 0, 1, 3, 1, 0, 0, 3, 2, 2, 2, 3, 3, 0, 2, 1, 3], dtype=object)]
[183, array([-90., -45., -45.,   0.]), array([0, 3, 0, 2, 2, 0, 3, 0, 2, 2, 2, 2, 0, 3, 0, 2, 2, 3, 0, 0, 0, 3,
       1, 2, 0, 1, 3, 1, 0, 0, 3, 2, 2, 2, 3, 3, 0, 2, 1, 3], dtype=object)]
[181, array([-90., -45., -45.,   0.]), array([0, 3, 0, 2, 2, 0, 3, 0, 2, 2, 2, 2, 0, 3, 0, 2, 2, 3, 0, 0, 0, 3,
       1, 2, 0, 1, 3, 1, 0, 0, 3, 2, 2, 2, 3, 3, 0, 2, 1, 3], dtype=object)]
[189, array([-90., -45., -45.,   0.]), array([0, 3, 0, 2, 2, 0, 3, 0, 2, 2, 2, 2, 0, 3, 0, 2, 2, 3, 0, 0, 0, 3,
       1, 2, 0, 1, 3, 1, 0, 0, 3, 2, 2, 2, 3, 3, 0, 2, 1, 3], dtype=object)]
[184, array([-90., -45., -45.,   0.]), array([0, 3, 0, 2, 2, 0, 3, 0, 2, 2, 2, 2, 1, 3, 0, 2, 2, 3, 0, 0, 0, 3,
       1, 2, 0, 1, 3, 1, 0, 0, 3, 2, 2, 2, 3, 3, 0, 2, 1, 3], dtype=object)]
[184, array([-90., -45., -45.,   0.]), array([0, 3, 0, 2, 2, 0, 3, 0, 2, 2, 2, 2, 1, 3, 0, 2, 2, 3, 0, 0, 0, 3,
       1, 2, 0, 1, 3, 1, 0, 0, 3, 2, 2, 2, 3, 3, 0, 2, 1, 3], dtype=object)]
[182, array([-90., -45., -45.,   0.]), array([0, 3, 0, 2, 2, 0, 3, 0, 2, 2, 3, 2, 1, 3, 0, 2, 2, 3, 0, 0, 0, 3,
       1, 2, 0, 1, 3, 1, 0, 0, 3, 2, 2, 2, 3, 3, 0, 2, 1, 3], dtype=object)]
[190, array([-80., -40., -40.,   0.]), array([0, 3, 0, 2, 2, 0, 3, 0, 2, 2, 2, 2, 0, 3, 0, 2, 2, 3, 0, 0, 0, 3,
       1, 1, 0, 1, 3, 1, 0, 0, 3, 2, 2, 2, 3, 3, 0, 2, 1, 3], dtype=object)]
[185, array([-90., -45., -45.,   0.]), array([0, 3, 0, 2, 2, 0, 3, 0, 2, 2, 2, 2, 0, 3, 0, 2, 2, 3, 0, 0, 0, 3,
       1, 2, 0, 1, 3, 1, 0, 0, 3, 2, 2, 2, 3, 3, 0, 2, 1, 3], dtype=object)]
[185, array([-90., -45., -45.,   0.]), array([0, 3, 0, 2, 2, 0, 3, 0, 2, 2, 2, 2, 0, 3, 0, 2, 2, 3, 0, 0, 0, 3,
       1, 2, 0, 1, 3, 1, 0, 0, 3, 2, 2, 2, 3, 3, 0, 2, 1, 3], dtype=object)]
[191, array([-90., -45., -45.,   0.]), array([0, 3, 0, 2, 2, 0, 3, 0, 2, 2, 2, 2, 0, 3, 0, 2, 2, 3, 0, 0, 0, 3,
       1, 2, 0, 1, 3, 1, 0, 0, 3, 2, 2, 2, 3, 3, 0, 2, 1, 3], dtype=object)]
[183, array([-90., -45., -45.,   0.]), array([0, 3, 0, 2, 2, 0, 3, 0, 2, 2, 2, 2, 0, 3, 0, 2, 2, 3, 0, 0, 0, 3,
       1, 2, 0, 1, 3, 1, 0, 0, 3, 2, 2, 2, 3, 3, 0, 2, 1, 3], dtype=object)]
[186, array([-80., -40., -40.,   0.]), array([0, 3, 0, 2, 2, 0, 3, 0, 2, 2, 2, 2, 0, 3, 0, 2, 2, 3, 0, 0, 0, 3,
       1, 2, 0, 1, 3, 1, 0, 0, 2, 2, 2, 2, 3, 3, 0, 2, 1, 3], dtype=object)]
[186, array([-80., -40., -40.,   0.]), array([0, 3, 0, 2, 2, 0, 3, 0, 2, 2, 2, 2, 0, 3, 0, 2, 2, 3, 0, 0, 0, 3,
       1, 2, 0, 1, 3, 1, 0, 0, 2, 2, 2, 2, 3, 3, 0, 2, 1, 3], dtype=object)]
[192, array([-90., -45., -45.,   0.]), array([0, 3, 0, 2, 2, 0, 3, 0, 2, 2, 2, 2, 0, 3, 0, 2, 2, 3, 0, 0, 0, 3,
       1, 2, 0, 1, 3, 1, 0, 0, 3, 2, 3, 2, 3, 3, 0, 2, 1, 3], dtype=object)]
[184, array([-90., -45., -45.,   0.]), array([0, 3, 0, 2, 2, 0, 3, 0, 2, 2, 2, 2, 1, 3, 0, 2, 2, 3, 0, 0, 0, 3,
       1, 2, 0, 1, 3, 1, 0, 0, 3, 2, 2, 2, 3, 3, 0, 2, 1, 3], dtype=object)]
[187, array([-90., -45., -45.,   0.]), array([0, 3, 0, 2, 2, 0, 3, 0, 2, 2, 2, 2, 0, 3, 0, 2, 2, 3, 0, 0, 0, 3,
       1, 2, 0, 1, 3, 1, 0, 0, 3, 2, 2, 2, 3, 3, 0, 2, 1, 3], dtype=object)]
[187, array([-90., -45., -45.,   0.]), array([0, 3, 0, 2, 2, 0, 3, 0, 2, 2, 2, 2, 0, 3, 0, 2, 2, 3, 0, 0, 0, 3,
       1, 2, 0, 1, 3, 1, 0, 0, 3, 2, 2, 2, 3, 3, 0, 2, 1, 3], dtype=object)]
[193, array([-90., -45., -45.,   0.]), array([0, 3, 0, 2, 2, 0, 3, 0, 2, 2, 2, 2, 0, 3, 0, 2, 2, 3, 0, 0, 0, 3,
       1, 2, 0, 1, 3, 1, 0, 0, 3, 2, 2, 2, 3, 3, 0, 2, 1, 3], dtype=object)]
[185, array([-90., -45., -45.,   0.]), array([0, 3, 0, 2, 2, 0, 3, 0, 2, 2, 2, 2, 0, 3, 0, 2, 2, 3, 0, 0, 0, 3,
       1, 2, 0, 1, 3, 1, 0, 0, 3, 2, 2, 2, 3, 3, 0, 2, 1, 3], dtype=object)]
[188, array([-90., -45., -45.,   0.]), array([0, 3, 0, 2, 2, 0, 3, 0, 2, 2, 3, 2, 3, 3, 0, 3, 2, 3, 0, 0, 0, 3,
       1, 2, 0, 1, 3, 1, 0, 0, 3, 2, 2, 2, 3, 3, 0, 2, 1, 3], dtype=object)]
[188, array([-90., -45., -45.,   0.]), array([0, 3, 0, 2, 2, 0, 3, 0, 2, 2, 3, 2, 3, 3, 0, 3, 2, 3, 0, 0, 0, 3,
       1, 2, 0, 1, 3, 1, 0, 0, 3, 2, 2, 2, 3, 3, 0, 2, 1, 3], dtype=object)]
[194, array([-90., -45., -45.,   0.]), array([0, 3, 0, 2, 2, 0, 3, 0, 2, 2, 2, 2, 1, 3, 0, 2, 2, 3, 0, 0, 0, 3,
       1, 2, 0, 1, 3, 1, 0, 0, 3, 2, 2, 2, 3, 3, 0, 2, 1, 3], dtype=object)]
[186, array([-80., -40., -40.,   0.]), array([0, 3, 0, 2, 2, 0, 3, 0, 2, 2, 2, 2, 0, 3, 0, 2, 2, 3, 0, 0, 0, 3,
       1, 2, 0, 1, 3, 1, 0, 0, 2, 2, 2, 2, 3, 3, 0, 2, 1, 3], dtype=object)]
[189, array([-90., -45., -45.,   0.]), array([0, 3, 0, 2, 2, 0, 3, 0, 2, 2, 2, 2, 0, 3, 0, 2, 2, 3, 0, 0, 0, 3,
       1, 2, 0, 1, 3, 1, 0, 0, 3, 2, 2, 2, 3, 3, 0, 2, 1, 3], dtype=object)]
[195, array([-90., -45., -45.,   0.]), array([0, 3, 0, 2, 2, 0, 3, 0, 2, 2, 2, 2, 0, 3, 0, 2, 2, 3, 0, 0, 0, 3,
       1, 2, 0, 1, 3, 1, 0, 0, 3, 2, 3, 2, 3, 3, 0, 2, 1, 3], dtype=object)]
[189, array([-90., -45., -45.,   0.]), array([0, 3, 0, 2, 2, 0, 3, 0, 2, 2, 2, 2, 0, 3, 0, 2, 2, 3, 0, 0, 0, 3,
       1, 2, 0, 1, 3, 1, 0, 0, 3, 2, 2, 2, 3, 3, 0, 2, 1, 3], dtype=object)]
[187, array([-90., -45., -45.,   0.]), array([0, 3, 0, 2, 2, 0, 3, 0, 2, 2, 2, 2, 0, 3, 0, 2, 2, 3, 0, 0, 0, 3,
       1, 2, 0, 1, 3, 1, 0, 0, 3, 2, 2, 2, 3, 3, 0, 2, 1, 3], dtype=object)]
[196, array([-90., -45., -45.,   0.]), array([0, 3, 0, 2, 2, 0, 3, 0, 2, 2, 1, 2, 0, 3, 0, 2, 2, 3, 0, 0, 0, 3,
       1, 2, 0, 1, 3, 1, 0, 0, 3, 2, 2, 2, 3, 3, 0, 2, 1, 3], dtype=object)]
[190, array([-80., -40., -40.,   0.]), array([0, 3, 0, 2, 2, 0, 3, 0, 2, 2, 2, 2, 0, 3, 0, 2, 2, 3, 0, 0, 0, 3,
       1, 1, 0, 1, 3, 1, 0, 0, 3, 2, 2, 2, 3, 3, 0, 2, 1, 3], dtype=object)]
[190, array([-80., -40., -40.,   0.]), array([0, 3, 0, 2, 2, 0, 3, 0, 2, 2, 2, 2, 0, 3, 0, 2, 2, 3, 0, 0, 0, 3,
       1, 1, 0, 1, 3, 1, 0, 0, 3, 2, 2, 2, 3, 3, 0, 2, 1, 3], dtype=object)]
[188, array([-90., -45., -45.,   0.]), array([0, 3, 0, 2, 2, 0, 3, 0, 2, 2, 3, 2, 3, 3, 0, 3, 2, 3, 0, 0, 0, 3,
       1, 2, 0, 1, 3, 1, 0, 0, 3, 2, 2, 2, 3, 3, 0, 2, 1, 3], dtype=object)]
[197, array([-90., -45., -45.,   0.]), array([0, 3, 0, 2, 2, 0, 3, 0, 2, 2, 2, 2, 0, 3, 0, 2, 2, 3, 0, 0, 0, 3,
       1, 2, 0, 1, 3, 1, 0, 0, 3, 2, 2, 2, 3, 3, 0, 2, 1, 3], dtype=object)]
[191, array([-90., -45., -45.,   0.]), array([0, 3, 0, 2, 2, 0, 3, 0, 2, 2, 2, 2, 0, 3, 0, 2, 2, 3, 0, 0, 0, 3,
       1, 2, 0, 1, 3, 1, 0, 0, 3, 2, 2, 2, 3, 3, 0, 2, 1, 3], dtype=object)]
[191, array([-90., -45., -45.,   0.]), array([0, 3, 0, 2, 2, 0, 3, 0, 2, 2, 2, 2, 0, 3, 0, 2, 2, 3, 0, 0, 0, 3,
       1, 2, 0, 1, 3, 1, 0, 0, 3, 2, 2, 2, 3, 3, 0, 2, 1, 3], dtype=object)]
[189, array([-90., -45., -45.,   0.]), array([0, 3, 0, 2, 2, 0, 3, 0, 2, 2, 2, 2, 0, 3, 0, 2, 2, 3, 0, 0, 0, 3,
       1, 2, 0, 1, 3, 1, 0, 0, 3, 2, 2, 2, 3, 3, 0, 2, 1, 3], dtype=object)]
[198, array([-90., -45., -45.,   0.]), array([0, 3, 0, 2, 2, 0, 3, 0, 2, 2, 2, 2, 0, 3, 0, 2, 2, 3, 0, 0, 0, 3,
       1, 2, 0, 1, 3, 1, 0, 0, 3, 2, 3, 2, 3, 3, 0, 2, 1, 3], dtype=object)]
[192, array([-90., -45., -45.,   0.]), array([0, 3, 0, 2, 2, 0, 3, 0, 2, 2, 2, 2, 0, 3, 0, 2, 2, 3, 0, 0, 0, 3,
       1, 2, 0, 1, 3, 1, 0, 0, 3, 2, 3, 2, 3, 3, 0, 2, 1, 3], dtype=object)]
[192, array([-90., -45., -45.,   0.]), array([0, 3, 0, 2, 2, 0, 3, 0, 2, 2, 2, 2, 0, 3, 0, 2, 2, 3, 0, 0, 0, 3,
       1, 2, 0, 1, 3, 1, 0, 0, 3, 2, 3, 2, 3, 3, 0, 2, 1, 3], dtype=object)]
[190, array([-80., -40., -40.,   0.]), array([0, 3, 0, 2, 2, 0, 3, 0, 2, 2, 2, 2, 0, 3, 0, 2, 2, 3, 0, 0, 0, 3,
       1, 1, 0, 1, 3, 1, 0, 0, 3, 2, 2, 2, 3, 3, 0, 2, 1, 3], dtype=object)]
[199, array([-90., -45., -45.,   0.]), array([0, 3, 0, 2, 2, 0, 3, 0, 2, 2, 2, 2, 0, 3, 0, 2, 2, 3, 0, 0, 0, 3,
       1, 2, 0, 1, 3, 1, 0, 0, 3, 2, 2, 2, 3, 3, 0, 2, 1, 3], dtype=object)]
[193, array([-90., -45., -45.,   0.]), array([0, 3, 0, 2, 2, 0, 3, 0, 2, 2, 2, 2, 0, 3, 0, 2, 2, 3, 0, 0, 0, 3,
       1, 2, 0, 1, 3, 1, 0, 0, 3, 2, 2, 2, 3, 3, 0, 2, 1, 3], dtype=object)]
[193, array([-90., -45., -45.,   0.]), array([0, 3, 0, 2, 2, 0, 3, 0, 2, 2, 2, 2, 0, 3, 0, 2, 2, 3, 0, 0, 0, 3,
       1, 2, 0, 1, 3, 1, 0, 0, 3, 2, 2, 2, 3, 3, 0, 2, 1, 3], dtype=object)]
[191, array([-90., -45., -45.,   0.]), array([0, 3, 0, 2, 2, 0, 3, 0, 2, 2, 2, 2, 0, 3, 0, 2, 2, 3, 0, 0, 0, 3,
       1, 2, 0, 1, 3, 1, 0, 0, 3, 2, 2, 2, 3, 3, 0, 2, 1, 3], dtype=object)]
[200, array([-80., -40., -40.,   0.]), array([0, 3, 0, 2, 2, 0, 3, 0, 2, 2, 2, 2, 0, 3, 0, 2, 2, 3, 0, 0, 0, 3,
       1, 2, 0, 1, 3, 1, 0, 0, 3, 2, 2, 2, 3, 3, 0, 2, 1, 0], dtype=object)]
[194, array([-90., -45., -45.,   0.]), array([0, 3, 0, 2, 2, 0, 3, 0, 2, 2, 2, 2, 1, 3, 0, 2, 2, 3, 0, 0, 0, 3,
       1, 2, 0, 1, 3, 1, 0, 0, 3, 2, 2, 2, 3, 3, 0, 2, 1, 3], dtype=object)]
[194, array([-90., -45., -45.,   0.]), array([0, 3, 0, 2, 2, 0, 3, 0, 2, 2, 2, 2, 1, 3, 0, 2, 2, 3, 0, 0, 0, 3,
       1, 2, 0, 1, 3, 1, 0, 0, 3, 2, 2, 2, 3, 3, 0, 2, 1, 3], dtype=object)]
[192, array([-90., -45., -45.,   0.]), array([0, 3, 0, 2, 2, 0, 3, 0, 2, 2, 2, 2, 0, 3, 0, 2, 2, 3, 0, 0, 0, 3,
       1, 2, 0, 1, 3, 1, 0, 0, 3, 2, 3, 2, 3, 3, 0, 2, 1, 3], dtype=object)]
[201, array([-90., -45., -45.,   0.]), array([0, 3, 0, 2, 2, 0, 3, 0, 2, 2, 2, 2, 0, 3, 0, 2, 2, 3, 0, 0, 0, 3,
       1, 2, 0, 1, 3, 1, 0, 0, 3, 2, 2, 2, 3, 3, 0, 2, 1, 3], dtype=object)]
[195, array([-90., -45., -45.,   0.]), array([0, 3, 0, 2, 2, 0, 3, 0, 2, 2, 2, 2, 0, 3, 0, 2, 2, 3, 0, 0, 0, 3,
       1, 2, 0, 1, 3, 1, 0, 0, 3, 2, 3, 2, 3, 3, 0, 2, 1, 3], dtype=object)]
[195, array([-90., -45., -45.,   0.]), array([0, 3, 0, 2, 2, 0, 3, 0, 2, 2, 2, 2, 0, 3, 0, 2, 2, 3, 0, 0, 0, 3,
       1, 2, 0, 1, 3, 1, 0, 0, 3, 2, 3, 2, 3, 3, 0, 2, 1, 3], dtype=object)]
[193, array([-90., -45., -45.,   0.]), array([0, 3, 0, 2, 2, 0, 3, 0, 2, 2, 2, 2, 0, 3, 0, 2, 2, 3, 0, 0, 0, 3,
       1, 2, 0, 1, 3, 1, 0, 0, 3, 2, 2, 2, 3, 3, 0, 2, 1, 3], dtype=object)]
[202, array([-80., -40., -40.,   0.]), array([0, 3, 0, 2, 2, 0, 3, 0, 2, 2, 2, 2, 0, 3, 0, 2, 2, 3, 0, 0, 0, 3,
       1, 3, 0, 1, 3, 1, 0, 0, 3, 2, 2, 2, 3, 3, 0, 2, 1, 3], dtype=object)]
[196, array([-90., -45., -45.,   0.]), array([0, 3, 0, 2, 2, 0, 3, 0, 2, 2, 1, 2, 0, 3, 0, 2, 2, 3, 0, 0, 0, 3,
       1, 2, 0, 1, 3, 1, 0, 0, 3, 2, 2, 2, 3, 3, 0, 2, 1, 3], dtype=object)]
[196, array([-90., -45., -45.,   0.]), array([0, 3, 0, 2, 2, 0, 3, 0, 2, 2, 1, 2, 0, 3, 0, 2, 2, 3, 0, 0, 0, 3,
       1, 2, 0, 1, 3, 1, 0, 0, 3, 2, 2, 2, 3, 3, 0, 2, 1, 3], dtype=object)]
[194, array([-90., -45., -45.,   0.]), array([0, 3, 0, 2, 2, 0, 3, 0, 2, 2, 2, 2, 1, 3, 0, 2, 2, 3, 0, 0, 0, 3,
       1, 2, 0, 1, 3, 1, 0, 0, 3, 2, 2, 2, 3, 3, 0, 2, 1, 3], dtype=object)]
[203, array([-90., -45., -45.,   0.]), array([0, 3, 0, 2, 2, 0, 3, 0, 2, 2, 2, 2, 0, 3, 0, 2, 2, 3, 0, 0, 0, 3,
       1, 2, 0, 1, 3, 1, 0, 0, 3, 2, 2, 2, 3, 3, 0, 2, 1, 3], dtype=object)]
[197, array([-90., -45., -45.,   0.]), array([0, 3, 0, 2, 2, 0, 3, 0, 2, 2, 2, 2, 0, 3, 0, 2, 2, 3, 0, 0, 0, 3,
       1, 2, 0, 1, 3, 1, 0, 0, 3, 2, 2, 2, 3, 3, 0, 2, 1, 3], dtype=object)]
[197, array([-90., -45., -45.,   0.]), array([0, 3, 0, 2, 2, 0, 3, 0, 2, 2, 2, 2, 0, 3, 0, 2, 2, 3, 0, 0, 0, 3,
       1, 2, 0, 1, 3, 1, 0, 0, 3, 2, 2, 2, 3, 3, 0, 2, 1, 3], dtype=object)]
[195, array([-90., -45., -45.,   0.]), array([0, 3, 0, 2, 2, 0, 3, 0, 2, 2, 2, 2, 0, 3, 0, 2, 2, 3, 0, 0, 0, 3,
       1, 2, 0, 1, 3, 1, 0, 0, 3, 2, 3, 2, 3, 3, 0, 2, 1, 3], dtype=object)]
[204, array([-80., -40., -40.,   0.]), array([0, 3, 0, 2, 2, 0, 3, 0, 2, 2, 2, 2, 0, 3, 0, 2, 2, 3, 0, 0, 1, 3,
       1, 2, 0, 1, 3, 1, 0, 0, 3, 2, 2, 2, 3, 3, 0, 2, 1, 3], dtype=object)]
[198, array([-90., -45., -45.,   0.]), array([0, 3, 0, 2, 2, 0, 3, 0, 2, 2, 2, 2, 0, 3, 0, 2, 2, 3, 0, 0, 0, 3,
       1, 2, 0, 1, 3, 1, 0, 0, 3, 2, 3, 2, 3, 3, 0, 2, 1, 3], dtype=object)]
[198, array([-90., -45., -45.,   0.]), array([0, 3, 0, 2, 2, 0, 3, 0, 2, 2, 2, 2, 0, 3, 0, 2, 2, 3, 0, 0, 0, 3,
       1, 2, 0, 1, 3, 1, 0, 0, 3, 2, 3, 2, 3, 3, 0, 2, 1, 3], dtype=object)]
[196, array([-90., -45., -45.,   0.]), array([0, 3, 0, 2, 2, 0, 3, 0, 2, 2, 1, 2, 0, 3, 0, 2, 2, 3, 0, 0, 0, 3,
       1, 2, 0, 1, 3, 1, 0, 0, 3, 2, 2, 2, 3, 3, 0, 2, 1, 3], dtype=object)]
[205, array([-90., -45., -45.,   0.]), array([0, 3, 0, 2, 2, 0, 3, 0, 2, 2, 2, 2, 0, 3, 0, 2, 2, 3, 0, 0, 0, 3,
       1, 2, 0, 1, 3, 1, 0, 0, 3, 2, 2, 2, 3, 3, 0, 2, 1, 3], dtype=object)]
[199, array([-90., -45., -45.,   0.]), array([0, 3, 0, 2, 2, 0, 3, 0, 2, 2, 2, 2, 0, 3, 0, 2, 2, 3, 0, 0, 0, 3,
       1, 2, 0, 1, 3, 1, 0, 0, 3, 2, 2, 2, 3, 3, 0, 2, 1, 3], dtype=object)]
[199, array([-90., -45., -45.,   0.]), array([0, 3, 0, 2, 2, 0, 3, 0, 2, 2, 2, 2, 0, 3, 0, 2, 2, 3, 0, 0, 0, 3,
       1, 2, 0, 1, 3, 1, 0, 0, 3, 2, 2, 2, 3, 3, 0, 2, 1, 3], dtype=object)]
[197, array([-90., -45., -45.,   0.]), array([0, 3, 0, 2, 2, 0, 3, 0, 2, 2, 2, 2, 0, 3, 0, 2, 2, 3, 0, 0, 0, 3,
       1, 2, 0, 1, 3, 1, 0, 0, 3, 2, 2, 2, 3, 3, 0, 2, 1, 3], dtype=object)]
[206, array([-90., -45., -45.,   0.]), array([0, 3, 0, 2, 2, 0, 3, 0, 2, 2, 2, 2, 0, 3, 0, 0, 2, 3, 0, 0, 0, 3,
       1, 2, 0, 1, 3, 1, 0, 0, 3, 2, 2, 2, 3, 3, 0, 2, 1, 3], dtype=object)]
[200, array([-80., -40., -40.,   0.]), array([0, 3, 0, 2, 2, 0, 3, 0, 2, 2, 2, 2, 0, 3, 0, 2, 2, 3, 0, 0, 0, 3,
       1, 2, 0, 1, 3, 1, 0, 0, 3, 2, 2, 2, 3, 3, 0, 2, 1, 0], dtype=object)]
[200, array([-80., -40., -40.,   0.]), array([0, 3, 0, 2, 2, 0, 3, 0, 2, 2, 2, 2, 0, 3, 0, 2, 2, 3, 0, 0, 0, 3,
       1, 2, 0, 1, 3, 1, 0, 0, 3, 2, 2, 2, 3, 3, 0, 2, 1, 0], dtype=object)]
[198, array([-90., -45., -45.,   0.]), array([0, 3, 0, 2, 2, 0, 3, 0, 2, 2, 2, 2, 0, 3, 0, 2, 2, 3, 0, 0, 0, 3,
       1, 2, 0, 1, 3, 1, 0, 0, 3, 2, 3, 2, 3, 3, 0, 2, 1, 3], dtype=object)]
[207, array([-90., -45., -45.,   0.]), array([0, 3, 0, 2, 2, 0, 3, 0, 2, 2, 2, 2, 0, 3, 0, 2, 2, 3, 0, 0, 0, 3,
       1, 2, 0, 1, 3, 1, 0, 0, 3, 2, 2, 2, 3, 3, 0, 2, 1, 3], dtype=object)]
[201, array([-90., -45., -45.,   0.]), array([0, 3, 0, 2, 2, 0, 3, 0, 2, 2, 2, 2, 0, 3, 0, 2, 2, 3, 0, 0, 0, 3,
       1, 2, 0, 1, 3, 1, 0, 0, 3, 2, 2, 2, 3, 3, 0, 2, 1, 3], dtype=object)]
[201, array([-90., -45., -45.,   0.]), array([0, 3, 0, 2, 2, 0, 3, 0, 2, 2, 2, 2, 0, 3, 0, 2, 2, 3, 0, 0, 0, 3,
       1, 2, 0, 1, 3, 1, 0, 0, 3, 2, 2, 2, 3, 3, 0, 2, 1, 3], dtype=object)]
[199, array([-90., -45., -45.,   0.]), array([0, 3, 0, 2, 2, 0, 3, 0, 2, 2, 2, 2, 0, 3, 0, 2, 2, 3, 0, 0, 0, 3,
       1, 2, 0, 1, 3, 1, 0, 0, 3, 2, 2, 2, 3, 3, 0, 2, 1, 3], dtype=object)]
[208, array([-90., -45., -45.,   0.]), array([0, 3, 0, 2, 2, 0, 3, 0, 2, 2, 2, 2, 3, 3, 0, 2, 2, 3, 0, 0, 0, 3,
       1, 2, 0, 1, 3, 1, 0, 0, 3, 2, 2, 2, 3, 3, 0, 2, 1, 3], dtype=object)]
[202, array([-80., -40., -40.,   0.]), array([0, 3, 0, 2, 2, 0, 3, 0, 2, 2, 2, 2, 0, 3, 0, 2, 2, 3, 0, 0, 0, 3,
       1, 3, 0, 1, 3, 1, 0, 0, 3, 2, 2, 2, 3, 3, 0, 2, 1, 3], dtype=object)]
[200, array([-80., -40., -40.,   0.]), array([0, 3, 0, 2, 2, 0, 3, 0, 2, 2, 2, 2, 0, 3, 0, 2, 2, 3, 0, 0, 0, 3,
       1, 2, 0, 1, 3, 1, 0, 0, 3, 2, 2, 2, 3, 3, 0, 2, 1, 0], dtype=object)]
[202, array([-80., -40., -40.,   0.]), array([0, 3, 0, 2, 2, 0, 3, 0, 2, 2, 2, 2, 0, 3, 0, 2, 2, 3, 0, 0, 0, 3,
       1, 3, 0, 1, 3, 1, 0, 0, 3, 2, 2, 2, 3, 3, 0, 2, 1, 3], dtype=object)]
[209, array([-90., -45., -45.,   0.]), array([0, 3, 0, 2, 2, 0, 3, 0, 2, 2, 2, 2, 0, 3, 0, 2, 2, 3, 0, 0, 0, 3,
       1, 2, 0, 1, 3, 1, 0, 0, 3, 2, 2, 2, 3, 3, 0, 2, 1, 3], dtype=object)]
[203, array([-90., -45., -45.,   0.]), array([0, 3, 0, 2, 2, 0, 3, 0, 2, 2, 2, 2, 0, 3, 0, 2, 2, 3, 0, 0, 0, 3,
       1, 2, 0, 1, 3, 1, 0, 0, 3, 2, 2, 2, 3, 3, 0, 2, 1, 3], dtype=object)]
[201, array([-90., -45., -45.,   0.]), array([0, 3, 0, 2, 2, 0, 3, 0, 2, 2, 2, 2, 0, 3, 0, 2, 2, 3, 0, 0, 0, 3,
       1, 2, 0, 1, 3, 1, 0, 0, 3, 2, 2, 2, 3, 3, 0, 2, 1, 3], dtype=object)]
[203, array([-90., -45., -45.,   0.]), array([0, 3, 0, 2, 2, 0, 3, 0, 2, 2, 2, 2, 0, 3, 0, 2, 2, 3, 0, 0, 0, 3,
       1, 2, 0, 1, 3, 1, 0, 0, 3, 2, 2, 2, 3, 3, 0, 2, 1, 3], dtype=object)]
[210, array([-76., -38., -38.,   0.]), array([0, 3, 0, 2, 2, 0, 3, 0, 2, 2, 2, 2, 0, 3, 0, 2, 2, 3, 0, 0, 0, 3,
       1, 2, 0, 2, 3, 1, 0, 0, 3, 2, 2, 2, 3, 3, 0, 2, 1, 3], dtype=object)]
[204, array([-80., -40., -40.,   0.]), array([0, 3, 0, 2, 2, 0, 3, 0, 2, 2, 2, 2, 0, 3, 0, 2, 2, 3, 0, 0, 1, 3,
       1, 2, 0, 1, 3, 1, 0, 0, 3, 2, 2, 2, 3, 3, 0, 2, 1, 3], dtype=object)]
[204, array([-80., -40., -40.,   0.]), array([0, 3, 0, 2, 2, 0, 3, 0, 2, 2, 2, 2, 0, 3, 0, 2, 2, 3, 0, 0, 1, 3,
       1, 2, 0, 1, 3, 1, 0, 0, 3, 2, 2, 2, 3, 3, 0, 2, 1, 3], dtype=object)]
[202, array([-80., -40., -40.,   0.]), array([0, 3, 0, 2, 2, 0, 3, 0, 2, 2, 2, 2, 0, 3, 0, 2, 2, 3, 0, 0, 0, 3,
       1, 3, 0, 1, 3, 1, 0, 0, 3, 2, 2, 2, 3, 3, 0, 2, 1, 3], dtype=object)]
[211, array([-90., -45., -45.,   0.]), array([0, 3, 0, 2, 2, 0, 3, 0, 2, 2, 2, 2, 0, 3, 0, 2, 2, 3, 0, 0, 0, 3,
       1, 2, 0, 1, 3, 1, 0, 0, 3, 2, 2, 2, 3, 3, 0, 2, 1, 3], dtype=object)]
[205, array([-90., -45., -45.,   0.]), array([0, 3, 0, 2, 2, 0, 3, 0, 2, 2, 2, 2, 0, 3, 0, 2, 2, 3, 0, 0, 0, 3,
       1, 2, 0, 1, 3, 1, 0, 0, 3, 2, 2, 2, 3, 3, 0, 2, 1, 3], dtype=object)]
[205, array([-90., -45., -45.,   0.]), array([0, 3, 0, 2, 2, 0, 3, 0, 2, 2, 2, 2, 0, 3, 0, 2, 2, 3, 0, 0, 0, 3,
       1, 2, 0, 1, 3, 1, 0, 0, 3, 2, 2, 2, 3, 3, 0, 2, 1, 3], dtype=object)]
[203, array([-90., -45., -45.,   0.]), array([0, 3, 0, 2, 2, 0, 3, 0, 2, 2, 2, 2, 0, 3, 0, 2, 2, 3, 0, 0, 0, 3,
       1, 2, 0, 1, 3, 1, 0, 0, 3, 2, 2, 2, 3, 3, 0, 2, 1, 3], dtype=object)]
[212, array([-90., -45., -45.,   0.]), array([0, 3, 0, 2, 2, 0, 3, 0, 2, 2, 2, 2, 0, 3, 0, 0, 2, 3, 0, 0, 0, 3,
       1, 2, 0, 1, 3, 1, 0, 0, 3, 2, 2, 2, 3, 3, 0, 2, 1, 3], dtype=object)]
[206, array([-90., -45., -45.,   0.]), array([0, 3, 0, 2, 2, 0, 3, 0, 2, 2, 2, 2, 0, 3, 0, 0, 2, 3, 0, 0, 0, 3,
       1, 2, 0, 1, 3, 1, 0, 0, 3, 2, 2, 2, 3, 3, 0, 2, 1, 3], dtype=object)]
[204, array([-80., -40., -40.,   0.]), array([0, 3, 0, 2, 2, 0, 3, 0, 2, 2, 2, 2, 0, 3, 0, 2, 2, 3, 0, 0, 1, 3,
       1, 2, 0, 1, 3, 1, 0, 0, 3, 2, 2, 2, 3, 3, 0, 2, 1, 3], dtype=object)]
[206, array([-90., -45., -45.,   0.]), array([0, 3, 0, 2, 2, 0, 3, 0, 2, 2, 2, 2, 0, 3, 0, 0, 2, 3, 0, 0, 0, 3,
       1, 2, 0, 1, 3, 1, 0, 0, 3, 2, 2, 2, 3, 3, 0, 2, 1, 3], dtype=object)]
[213, array([-90., -45., -45.,   0.]), array([0, 3, 0, 2, 2, 0, 3, 0, 2, 2, 2, 2, 0, 3, 0, 2, 2, 3, 0, 0, 0, 3,
       1, 2, 0, 1, 3, 1, 0, 0, 3, 2, 2, 2, 3, 3, 0, 2, 1, 3], dtype=object)]
[207, array([-90., -45., -45.,   0.]), array([0, 3, 0, 2, 2, 0, 3, 0, 2, 2, 2, 2, 0, 3, 0, 2, 2, 3, 0, 0, 0, 3,
       1, 2, 0, 1, 3, 1, 0, 0, 3, 2, 2, 2, 3, 3, 0, 2, 1, 3], dtype=object)]
[207, array([-90., -45., -45.,   0.]), array([0, 3, 0, 2, 2, 0, 3, 0, 2, 2, 2, 2, 0, 3, 0, 2, 2, 3, 0, 0, 0, 3,
       1, 2, 0, 1, 3, 1, 0, 0, 3, 2, 2, 2, 3, 3, 0, 2, 1, 3], dtype=object)]
[205, array([-90., -45., -45.,   0.]), array([0, 3, 0, 2, 2, 0, 3, 0, 2, 2, 2, 2, 0, 3, 0, 2, 2, 3, 0, 0, 0, 3,
       1, 2, 0, 1, 3, 1, 0, 0, 3, 2, 2, 2, 3, 3, 0, 2, 1, 3], dtype=object)]
[214, array([-90., -45., -45.,   0.]), array([0, 3, 0, 2, 2, 0, 3, 0, 2, 2, 2, 2, 0, 3, 0, 2, 2, 3, 0, 0, 0, 3,
       1, 2, 0, 1, 3, 1, 0, 0, 3, 2, 3, 2, 3, 3, 0, 2, 1, 3], dtype=object)]
[208, array([-90., -45., -45.,   0.]), array([0, 3, 0, 2, 2, 0, 3, 0, 2, 2, 2, 2, 3, 3, 0, 2, 2, 3, 0, 0, 0, 3,
       1, 2, 0, 1, 3, 1, 0, 0, 3, 2, 2, 2, 3, 3, 0, 2, 1, 3], dtype=object)]
[208, array([-90., -45., -45.,   0.]), array([0, 3, 0, 2, 2, 0, 3, 0, 2, 2, 2, 2, 3, 3, 0, 2, 2, 3, 0, 0, 0, 3,
       1, 2, 0, 1, 3, 1, 0, 0, 3, 2, 2, 2, 3, 3, 0, 2, 1, 3], dtype=object)]
[206, array([-90., -45., -45.,   0.]), array([0, 3, 0, 2, 2, 0, 3, 0, 2, 2, 2, 2, 0, 3, 0, 0, 2, 3, 0, 0, 0, 3,
       1, 2, 0, 1, 3, 1, 0, 0, 3, 2, 2, 2, 3, 3, 0, 2, 1, 3], dtype=object)]
[215, array([-90., -45., -45.,   0.]), array([0, 3, 0, 2, 2, 0, 3, 0, 2, 2, 2, 2, 0, 3, 0, 2, 2, 3, 0, 0, 0, 3,
       1, 2, 0, 1, 3, 1, 0, 0, 3, 2, 2, 2, 3, 3, 0, 2, 1, 3], dtype=object)]
[209, array([-90., -45., -45.,   0.]), array([0, 3, 0, 2, 2, 0, 3, 0, 2, 2, 2, 2, 0, 3, 0, 2, 2, 3, 0, 0, 0, 3,
       1, 2, 0, 1, 3, 1, 0, 0, 3, 2, 2, 2, 3, 3, 0, 2, 1, 3], dtype=object)]
[207, array([-90., -45., -45.,   0.]), array([0, 3, 0, 2, 2, 0, 3, 0, 2, 2, 2, 2, 0, 3, 0, 2, 2, 3, 0, 0, 0, 3,
       1, 2, 0, 1, 3, 1, 0, 0, 3, 2, 2, 2, 3, 3, 0, 2, 1, 3], dtype=object)]
[216, array([-90., -45., -45.,   0.]), array([0, 3, 0, 2, 2, 0, 3, 0, 2, 2, 0, 2, 0, 3, 0, 2, 2, 3, 0, 0, 0, 3,
       1, 2, 0, 1, 3, 1, 0, 0, 3, 2, 2, 2, 3, 3, 0, 2, 1, 3], dtype=object)]
[209, array([-90., -45., -45.,   0.]), array([0, 3, 0, 2, 2, 0, 3, 0, 2, 2, 2, 2, 0, 3, 0, 2, 2, 3, 0, 0, 0, 3,
       1, 2, 0, 1, 3, 1, 0, 0, 3, 2, 2, 2, 3, 3, 0, 2, 1, 3], dtype=object)]
[210, array([-76., -38., -38.,   0.]), array([0, 3, 0, 2, 2, 0, 3, 0, 2, 2, 2, 2, 0, 3, 0, 2, 2, 3, 0, 0, 0, 3,
       1, 2, 0, 2, 3, 1, 0, 0, 3, 2, 2, 2, 3, 3, 0, 2, 1, 3], dtype=object)]
[208, array([-90., -45., -45.,   0.]), array([0, 3, 0, 2, 2, 0, 3, 0, 2, 2, 2, 2, 3, 3, 0, 2, 2, 3, 0, 0, 0, 3,
       1, 2, 0, 1, 3, 1, 0, 0, 3, 2, 2, 2, 3, 3, 0, 2, 1, 3], dtype=object)]
[217, array([-90., -45., -45.,   0.]), array([0, 3, 0, 2, 2, 0, 3, 0, 2, 2, 2, 2, 0, 3, 0, 2, 2, 3, 0, 0, 0, 3,
       1, 2, 0, 1, 3, 1, 0, 0, 3, 2, 2, 2, 3, 3, 0, 2, 1, 3], dtype=object)]
[210, array([-76., -38., -38.,   0.]), array([0, 3, 0, 2, 2, 0, 3, 0, 2, 2, 2, 2, 0, 3, 0, 2, 2, 3, 0, 0, 0, 3,
       1, 2, 0, 2, 3, 1, 0, 0, 3, 2, 2, 2, 3, 3, 0, 2, 1, 3], dtype=object)]
[211, array([-90., -45., -45.,   0.]), array([0, 3, 0, 2, 2, 0, 3, 0, 2, 2, 2, 2, 0, 3, 0, 2, 2, 3, 0, 0, 0, 3,
       1, 2, 0, 1, 3, 1, 0, 0, 3, 2, 2, 2, 3, 3, 0, 2, 1, 3], dtype=object)]
[218, array([-90., -45., -45.,   0.]), array([0, 3, 0, 2, 2, 0, 3, 0, 2, 2, 0, 2, 0, 3, 0, 2, 2, 3, 0, 0, 0, 3,
       1, 2, 0, 1, 3, 1, 0, 0, 3, 2, 2, 2, 3, 3, 0, 2, 1, 3], dtype=object)]
[209, array([-90., -45., -45.,   0.]), array([0, 3, 0, 2, 2, 0, 3, 0, 2, 2, 2, 2, 0, 3, 0, 2, 2, 3, 0, 0, 0, 3,
       1, 2, 0, 1, 3, 1, 0, 0, 3, 2, 2, 2, 3, 3, 0, 2, 1, 3], dtype=object)]
[211, array([-90., -45., -45.,   0.]), array([0, 3, 0, 2, 2, 0, 3, 0, 2, 2, 2, 2, 0, 3, 0, 2, 2, 3, 0, 0, 0, 3,
       1, 2, 0, 1, 3, 1, 0, 0, 3, 2, 2, 2, 3, 3, 0, 2, 1, 3], dtype=object)]
[212, array([-90., -45., -45.,   0.]), array([0, 3, 0, 2, 2, 0, 3, 0, 2, 2, 2, 2, 0, 3, 0, 0, 2, 3, 0, 0, 0, 3,
       1, 2, 0, 1, 3, 1, 0, 0, 3, 2, 2, 2, 3, 3, 0, 2, 1, 3], dtype=object)]
[219, array([-90., -45., -45.,   0.]), array([0, 3, 0, 2, 2, 0, 3, 0, 2, 2, 2, 2, 0, 3, 0, 2, 2, 3, 0, 0, 0, 3,
       1, 2, 0, 1, 3, 1, 0, 0, 3, 2, 2, 2, 3, 3, 0, 2, 1, 3], dtype=object)]
[210, array([-76., -38., -38.,   0.]), array([0, 3, 0, 2, 2, 0, 3, 0, 2, 2, 2, 2, 0, 3, 0, 2, 2, 3, 0, 0, 0, 3,
       1, 2, 0, 2, 3, 1, 0, 0, 3, 2, 2, 2, 3, 3, 0, 2, 1, 3], dtype=object)]
[212, array([-90., -45., -45.,   0.]), array([0, 3, 0, 2, 2, 0, 3, 0, 2, 2, 2, 2, 0, 3, 0, 0, 2, 3, 0, 0, 0, 3,
       1, 2, 0, 1, 3, 1, 0, 0, 3, 2, 2, 2, 3, 3, 0, 2, 1, 3], dtype=object)]
[213, array([-90., -45., -45.,   0.]), array([0, 3, 0, 2, 2, 0, 3, 0, 2, 2, 2, 2, 0, 3, 0, 2, 2, 3, 0, 0, 0, 3,
       1, 2, 0, 1, 3, 1, 0, 0, 3, 2, 2, 2, 3, 3, 0, 2, 1, 3], dtype=object)]
[220, array([-90., -45., -45.,   0.]), array([0, 3, 0, 2, 2, 0, 3, 0, 2, 2, 2, 2, 1, 3, 0, 2, 2, 3, 0, 0, 0, 3,
       1, 2, 0, 1, 3, 1, 0, 0, 3, 2, 2, 2, 3, 3, 0, 2, 1, 3], dtype=object)]
[211, array([-90., -45., -45.,   0.]), array([0, 3, 0, 2, 2, 0, 3, 0, 2, 2, 2, 2, 0, 3, 0, 2, 2, 3, 0, 0, 0, 3,
       1, 2, 0, 1, 3, 1, 0, 0, 3, 2, 2, 2, 3, 3, 0, 2, 1, 3], dtype=object)]
[213, array([-90., -45., -45.,   0.]), array([0, 3, 0, 2, 2, 0, 3, 0, 2, 2, 2, 2, 0, 3, 0, 2, 2, 3, 0, 0, 0, 3,
       1, 2, 0, 1, 3, 1, 0, 0, 3, 2, 2, 2, 3, 3, 0, 2, 1, 3], dtype=object)]
[214, array([-90., -45., -45.,   0.]), array([0, 3, 0, 2, 2, 0, 3, 0, 2, 2, 2, 2, 0, 3, 0, 2, 2, 3, 0, 0, 0, 3,
       1, 2, 0, 1, 3, 1, 0, 0, 3, 2, 3, 2, 3, 3, 0, 2, 1, 3], dtype=object)]
[221, array([-90., -45., -45.,   0.]), array([0, 3, 0, 2, 2, 0, 3, 0, 2, 2, 1, 2, 0, 3, 0, 2, 2, 3, 0, 0, 0, 3,
       1, 2, 0, 1, 3, 1, 0, 0, 3, 2, 2, 2, 3, 3, 0, 2, 1, 3], dtype=object)]
[212, array([-90., -45., -45.,   0.]), array([0, 3, 0, 2, 2, 0, 3, 0, 2, 2, 2, 2, 0, 3, 0, 0, 2, 3, 0, 0, 0, 3,
       1, 2, 0, 1, 3, 1, 0, 0, 3, 2, 2, 2, 3, 3, 0, 2, 1, 3], dtype=object)]
[214, array([-90., -45., -45.,   0.]), array([0, 3, 0, 2, 2, 0, 3, 0, 2, 2, 2, 2, 0, 3, 0, 2, 2, 3, 0, 0, 0, 3,
       1, 2, 0, 1, 3, 1, 0, 0, 3, 2, 3, 2, 3, 3, 0, 2, 1, 3], dtype=object)]
[215, array([-90., -45., -45.,   0.]), array([0, 3, 0, 2, 2, 0, 3, 0, 2, 2, 2, 2, 0, 3, 0, 2, 2, 3, 0, 0, 0, 3,
       1, 2, 0, 1, 3, 1, 0, 0, 3, 2, 2, 2, 3, 3, 0, 2, 1, 3], dtype=object)]
[222, array([-90., -45., -45.,   0.]), array([0, 3, 0, 2, 2, 0, 3, 0, 2, 2, 2, 2, 0, 3, 0, 2, 2, 3, 0, 0, 0, 3,
       1, 2, 0, 1, 3, 1, 0, 0, 3, 2, 3, 2, 3, 3, 0, 2, 1, 3], dtype=object)]
[213, array([-90., -45., -45.,   0.]), array([0, 3, 0, 2, 2, 0, 3, 0, 2, 2, 2, 2, 0, 3, 0, 2, 2, 3, 0, 0, 0, 3,
       1, 2, 0, 1, 3, 1, 0, 0, 3, 2, 2, 2, 3, 3, 0, 2, 1, 3], dtype=object)]
[215, array([-90., -45., -45.,   0.]), array([0, 3, 0, 2, 2, 0, 3, 0, 2, 2, 2, 2, 0, 3, 0, 2, 2, 3, 0, 0, 0, 3,
       1, 2, 0, 1, 3, 1, 0, 0, 3, 2, 2, 2, 3, 3, 0, 2, 1, 3], dtype=object)]
[216, array([-90., -45., -45.,   0.]), array([0, 3, 0, 2, 2, 0, 3, 0, 2, 2, 0, 2, 0, 3, 0, 2, 2, 3, 0, 0, 0, 3,
       1, 2, 0, 1, 3, 1, 0, 0, 3, 2, 2, 2, 3, 3, 0, 2, 1, 3], dtype=object)]
[223, array([-90., -45., -45.,   0.]), array([0, 3, 0, 2, 2, 0, 3, 0, 2, 2, 2, 2, 1, 3, 0, 2, 2, 3, 0, 0, 0, 3,
       1, 2, 0, 1, 3, 1, 0, 0, 3, 2, 2, 2, 3, 3, 0, 2, 1, 3], dtype=object)]
[214, array([-90., -45., -45.,   0.]), array([0, 3, 0, 2, 2, 0, 3, 0, 2, 2, 2, 2, 0, 3, 0, 2, 2, 3, 0, 0, 0, 3,
       1, 2, 0, 1, 3, 1, 0, 0, 3, 2, 3, 2, 3, 3, 0, 2, 1, 3], dtype=object)]
[216, array([-90., -45., -45.,   0.]), array([0, 3, 0, 2, 2, 0, 3, 0, 2, 2, 0, 2, 0, 3, 0, 2, 2, 3, 0, 0, 0, 3,
       1, 2, 0, 1, 3, 1, 0, 0, 3, 2, 2, 2, 3, 3, 0, 2, 1, 3], dtype=object)]
[217, array([-90., -45., -45.,   0.]), array([0, 3, 0, 2, 2, 0, 3, 0, 2, 2, 2, 2, 0, 3, 0, 2, 2, 3, 0, 0, 0, 3,
       1, 2, 0, 1, 3, 1, 0, 0, 3, 2, 2, 2, 3, 3, 0, 2, 1, 3], dtype=object)]
[224, array([-90., -45., -45.,   0.]), array([0, 3, 0, 2, 2, 0, 3, 0, 2, 2, 1, 2, 0, 3, 0, 2, 2, 3, 0, 0, 0, 3,
       1, 2, 0, 1, 3, 1, 0, 0, 3, 2, 3, 2, 3, 3, 0, 2, 1, 3], dtype=object)]
[215, array([-90., -45., -45.,   0.]), array([0, 3, 0, 2, 2, 0, 3, 0, 2, 2, 2, 2, 0, 3, 0, 2, 2, 3, 0, 0, 0, 3,
       1, 2, 0, 1, 3, 1, 0, 0, 3, 2, 2, 2, 3, 3, 0, 2, 1, 3], dtype=object)]
[217, array([-90., -45., -45.,   0.]), array([0, 3, 0, 2, 2, 0, 3, 0, 2, 2, 2, 2, 0, 3, 0, 2, 2, 3, 0, 0, 0, 3,
       1, 2, 0, 1, 3, 1, 0, 0, 3, 2, 2, 2, 3, 3, 0, 2, 1, 3], dtype=object)]
[218, array([-90., -45., -45.,   0.]), array([0, 3, 0, 2, 2, 0, 3, 0, 2, 2, 0, 2, 0, 3, 0, 2, 2, 3, 0, 0, 0, 3,
       1, 2, 0, 1, 3, 1, 0, 0, 3, 2, 2, 2, 3, 3, 0, 2, 1, 3], dtype=object)]
[225, array([-90., -45., -45.,   0.]), array([0, 3, 0, 2, 2, 0, 3, 0, 2, 2, 2, 2, 0, 3, 0, 2, 2, 3, 0, 0, 0, 3,
       1, 2, 0, 1, 3, 1, 0, 0, 3, 2, 2, 2, 3, 3, 0, 2, 1, 3], dtype=object)]
[216, array([-90., -45., -45.,   0.]), array([0, 3, 0, 2, 2, 0, 3, 0, 2, 2, 0, 2, 0, 3, 0, 2, 2, 3, 0, 0, 0, 3,
       1, 2, 0, 1, 3, 1, 0, 0, 3, 2, 2, 2, 3, 3, 0, 2, 1, 3], dtype=object)]
[218, array([-90., -45., -45.,   0.]), array([0, 3, 0, 2, 2, 0, 3, 0, 2, 2, 0, 2, 0, 3, 0, 2, 2, 3, 0, 0, 0, 3,
       1, 2, 0, 1, 3, 1, 0, 0, 3, 2, 2, 2, 3, 3, 0, 2, 1, 3], dtype=object)]
[219, array([-90., -45., -45.,   0.]), array([0, 3, 0, 2, 2, 0, 3, 0, 2, 2, 2, 2, 0, 3, 0, 2, 2, 3, 0, 0, 0, 3,
       1, 2, 0, 1, 3, 1, 0, 0, 3, 2, 2, 2, 3, 3, 0, 2, 1, 3], dtype=object)]
[226, array([-90., -45., -45.,   0.]), array([0, 3, 0, 2, 2, 0, 3, 0, 2, 2, 2, 2, 1, 3, 0, 2, 2, 3, 0, 0, 0, 3,
       1, 2, 0, 1, 3, 1, 0, 0, 3, 2, 3, 2, 3, 3, 0, 2, 1, 3], dtype=object)]
[217, array([-90., -45., -45.,   0.]), array([0, 3, 0, 2, 2, 0, 3, 0, 2, 2, 2, 2, 0, 3, 0, 2, 2, 3, 0, 0, 0, 3,
       1, 2, 0, 1, 3, 1, 0, 0, 3, 2, 2, 2, 3, 3, 0, 2, 1, 3], dtype=object)]
[219, array([-90., -45., -45.,   0.]), array([0, 3, 0, 2, 2, 0, 3, 0, 2, 2, 2, 2, 0, 3, 0, 2, 2, 3, 0, 0, 0, 3,
       1, 2, 0, 1, 3, 1, 0, 0, 3, 2, 2, 2, 3, 3, 0, 2, 1, 3], dtype=object)]
[220, array([-90., -45., -45.,   0.]), array([0, 3, 0, 2, 2, 0, 3, 0, 2, 2, 2, 2, 1, 3, 0, 2, 2, 3, 0, 0, 0, 3,
       1, 2, 0, 1, 3, 1, 0, 0, 3, 2, 2, 2, 3, 3, 0, 2, 1, 3], dtype=object)]
[227, array([-90., -45., -45.,   0.]), array([0, 3, 0, 2, 2, 0, 3, 0, 2, 2, 2, 2, 0, 3, 0, 2, 2, 3, 0, 0, 0, 3,
       1, 2, 0, 1, 3, 1, 0, 0, 3, 2, 3, 2, 3, 3, 0, 2, 1, 3], dtype=object)]
[218, array([-90., -45., -45.,   0.]), array([0, 3, 0, 2, 2, 0, 3, 0, 2, 2, 0, 2, 0, 3, 0, 2, 2, 3, 0, 0, 0, 3,
       1, 2, 0, 1, 3, 1, 0, 0, 3, 2, 2, 2, 3, 3, 0, 2, 1, 3], dtype=object)]
[220, array([-90., -45., -45.,   0.]), array([0, 3, 0, 2, 2, 0, 3, 0, 2, 2, 2, 2, 1, 3, 0, 2, 2, 3, 0, 0, 0, 3,
       1, 2, 0, 1, 3, 1, 0, 0, 3, 2, 2, 2, 3, 3, 0, 2, 1, 3], dtype=object)]
[221, array([-90., -45., -45.,   0.]), array([0, 3, 0, 2, 2, 0, 3, 0, 2, 2, 1, 2, 0, 3, 0, 2, 2, 3, 0, 0, 0, 3,
       1, 2, 0, 1, 3, 1, 0, 0, 3, 2, 2, 2, 3, 3, 0, 2, 1, 3], dtype=object)]
[228, array([-90., -45., -45.,   0.]), array([0, 3, 0, 2, 2, 0, 3, 0, 2, 2, 2, 2, 1, 3, 0, 2, 2, 3, 0, 0, 0, 3,
       1, 2, 0, 1, 3, 1, 0, 0, 3, 2, 0, 2, 3, 3, 0, 2, 1, 3], dtype=object)]
[219, array([-90., -45., -45.,   0.]), array([0, 3, 0, 2, 2, 0, 3, 0, 2, 2, 2, 2, 0, 3, 0, 2, 2, 3, 0, 0, 0, 3,
       1, 2, 0, 1, 3, 1, 0, 0, 3, 2, 2, 2, 3, 3, 0, 2, 1, 3], dtype=object)]
[221, array([-90., -45., -45.,   0.]), array([0, 3, 0, 2, 2, 0, 3, 0, 2, 2, 1, 2, 0, 3, 0, 2, 2, 3, 0, 0, 0, 3,
       1, 2, 0, 1, 3, 1, 0, 0, 3, 2, 2, 2, 3, 3, 0, 2, 1, 3], dtype=object)]
[222, array([-90., -45., -45.,   0.]), array([0, 3, 0, 2, 2, 0, 3, 0, 2, 2, 2, 2, 0, 3, 0, 2, 2, 3, 0, 0, 0, 3,
       1, 2, 0, 1, 3, 1, 0, 0, 3, 2, 3, 2, 3, 3, 0, 2, 1, 3], dtype=object)]
[229, array([-90., -45., -45.,   0.]), array([0, 3, 0, 2, 2, 0, 3, 0, 2, 2, 2, 2, 1, 3, 0, 2, 2, 3, 0, 0, 0, 3,
       1, 2, 0, 1, 3, 1, 0, 0, 3, 2, 2, 2, 3, 3, 0, 2, 1, 3], dtype=object)]
[220, array([-90., -45., -45.,   0.]), array([0, 3, 0, 2, 2, 0, 3, 0, 2, 2, 2, 2, 1, 3, 0, 2, 2, 3, 0, 0, 0, 3,
       1, 2, 0, 1, 3, 1, 0, 0, 3, 2, 2, 2, 3, 3, 0, 2, 1, 3], dtype=object)]
[222, array([-90., -45., -45.,   0.]), array([0, 3, 0, 2, 2, 0, 3, 0, 2, 2, 2, 2, 0, 3, 0, 2, 2, 3, 0, 0, 0, 3,
       1, 2, 0, 1, 3, 1, 0, 0, 3, 2, 3, 2, 3, 3, 0, 2, 1, 3], dtype=object)]
[223, array([-90., -45., -45.,   0.]), array([0, 3, 0, 2, 2, 0, 3, 0, 2, 2, 2, 2, 1, 3, 0, 2, 2, 3, 0, 0, 0, 3,
       1, 2, 0, 1, 3, 1, 0, 0, 3, 2, 2, 2, 3, 3, 0, 2, 1, 3], dtype=object)]
[230, array([-90., -45., -45.,   0.]), array([0, 3, 0, 2, 2, 0, 3, 0, 2, 2, 2, 2, 1, 3, 0, 3, 2, 3, 0, 0, 0, 3,
       1, 2, 0, 1, 3, 1, 0, 0, 3, 2, 2, 2, 3, 3, 0, 2, 1, 3], dtype=object)]
[221, array([-90., -45., -45.,   0.]), array([0, 3, 0, 2, 2, 0, 3, 0, 2, 2, 1, 2, 0, 3, 0, 2, 2, 3, 0, 0, 0, 3,
       1, 2, 0, 1, 3, 1, 0, 0, 3, 2, 2, 2, 3, 3, 0, 2, 1, 3], dtype=object)]
[223, array([-90., -45., -45.,   0.]), array([0, 3, 0, 2, 2, 0, 3, 0, 2, 2, 2, 2, 1, 3, 0, 2, 2, 3, 0, 0, 0, 3,
       1, 2, 0, 1, 3, 1, 0, 0, 3, 2, 2, 2, 3, 3, 0, 2, 1, 3], dtype=object)]
[224, array([-90., -45., -45.,   0.]), array([0, 3, 0, 2, 2, 0, 3, 0, 2, 2, 1, 2, 0, 3, 0, 2, 2, 3, 0, 0, 0, 3,
       1, 2, 0, 1, 3, 1, 0, 0, 3, 2, 3, 2, 3, 3, 0, 2, 1, 3], dtype=object)]
[231, array([-90., -45., -45.,   0.]), array([0, 3, 0, 2, 2, 0, 3, 0, 2, 2, 2, 2, 0, 3, 0, 2, 2, 3, 0, 0, 0, 3,
       1, 2, 0, 1, 3, 1, 0, 0, 3, 2, 3, 2, 3, 3, 0, 2, 1, 3], dtype=object)]
[222, array([-90., -45., -45.,   0.]), array([0, 3, 0, 2, 2, 0, 3, 0, 2, 2, 2, 2, 0, 3, 0, 2, 2, 3, 0, 0, 0, 3,
       1, 2, 0, 1, 3, 1, 0, 0, 3, 2, 3, 2, 3, 3, 0, 2, 1, 3], dtype=object)]
[224, array([-90., -45., -45.,   0.]), array([0, 3, 0, 2, 2, 0, 3, 0, 2, 2, 1, 2, 0, 3, 0, 2, 2, 3, 0, 0, 0, 3,
       1, 2, 0, 1, 3, 1, 0, 0, 3, 2, 3, 2, 3, 3, 0, 2, 1, 3], dtype=object)]
[232, array([-90., -45., -45.,   0.]), array([0, 3, 0, 2, 2, 0, 3, 0, 2, 2, 2, 2, 0, 3, 0, 3, 2, 3, 0, 0, 0, 3,
       1, 2, 0, 1, 3, 1, 0, 0, 3, 2, 3, 2, 3, 3, 0, 2, 1, 3], dtype=object)]
[225, array([-90., -45., -45.,   0.]), array([0, 3, 0, 2, 2, 0, 3, 0, 2, 2, 2, 2, 0, 3, 0, 2, 2, 3, 0, 0, 0, 3,
       1, 2, 0, 1, 3, 1, 0, 0, 3, 2, 2, 2, 3, 3, 0, 2, 1, 3], dtype=object)]
[223, array([-90., -45., -45.,   0.]), array([0, 3, 0, 2, 2, 0, 3, 0, 2, 2, 2, 2, 1, 3, 0, 2, 2, 3, 0, 0, 0, 3,
       1, 2, 0, 1, 3, 1, 0, 0, 3, 2, 2, 2, 3, 3, 0, 2, 1, 3], dtype=object)]
[225, array([-90., -45., -45.,   0.]), array([0, 3, 0, 2, 2, 0, 3, 0, 2, 2, 2, 2, 0, 3, 0, 2, 2, 3, 0, 0, 0, 3,
       1, 2, 0, 1, 3, 1, 0, 0, 3, 2, 2, 2, 3, 3, 0, 2, 1, 3], dtype=object)]
[226, array([-90., -45., -45.,   0.]), array([0, 3, 0, 2, 2, 0, 3, 0, 2, 2, 2, 2, 1, 3, 0, 2, 2, 3, 0, 0, 0, 3,
       1, 2, 0, 1, 3, 1, 0, 0, 3, 2, 3, 2, 3, 3, 0, 2, 1, 3], dtype=object)]
[233, array([-90., -45., -45.,   0.]), array([0, 3, 0, 2, 2, 0, 3, 0, 2, 2, 1, 2, 0, 3, 0, 2, 2, 3, 0, 0, 0, 3,
       1, 2, 0, 1, 3, 1, 0, 0, 3, 2, 3, 2, 3, 3, 0, 2, 1, 3], dtype=object)]
[224, array([-90., -45., -45.,   0.]), array([0, 3, 0, 2, 2, 0, 3, 0, 2, 2, 1, 2, 0, 3, 0, 2, 2, 3, 0, 0, 0, 3,
       1, 2, 0, 1, 3, 1, 0, 0, 3, 2, 3, 2, 3, 3, 0, 2, 1, 3], dtype=object)]
[226, array([-90., -45., -45.,   0.]), array([0, 3, 0, 2, 2, 0, 3, 0, 2, 2, 2, 2, 1, 3, 0, 2, 2, 3, 0, 0, 0, 3,
       1, 2, 0, 1, 3, 1, 0, 0, 3, 2, 3, 2, 3, 3, 0, 2, 1, 3], dtype=object)]
[234, array([-90., -45., -45.,   0.]), array([0, 3, 0, 2, 2, 0, 3, 0, 2, 2, 2, 2, 0, 3, 0, 3, 2, 3, 0, 0, 0, 3,
       1, 2, 0, 1, 3, 1, 0, 0, 3, 2, 3, 2, 3, 3, 0, 2, 1, 3], dtype=object)]
[227, array([-90., -45., -45.,   0.]), array([0, 3, 0, 2, 2, 0, 3, 0, 2, 2, 2, 2, 0, 3, 0, 2, 2, 3, 0, 0, 0, 3,
       1, 2, 0, 1, 3, 1, 0, 0, 3, 2, 3, 2, 3, 3, 0, 2, 1, 3], dtype=object)]
[225, array([-90., -45., -45.,   0.]), array([0, 3, 0, 2, 2, 0, 3, 0, 2, 2, 2, 2, 0, 3, 0, 2, 2, 3, 0, 0, 0, 3,
       1, 2, 0, 1, 3, 1, 0, 0, 3, 2, 2, 2, 3, 3, 0, 2, 1, 3], dtype=object)]
[227, array([-90., -45., -45.,   0.]), array([0, 3, 0, 2, 2, 0, 3, 0, 2, 2, 2, 2, 0, 3, 0, 2, 2, 3, 0, 0, 0, 3,
       1, 2, 0, 1, 3, 1, 0, 0, 3, 2, 3, 2, 3, 3, 0, 2, 1, 3], dtype=object)]
[228, array([-90., -45., -45.,   0.]), array([0, 3, 0, 2, 2, 0, 3, 0, 2, 2, 2, 2, 1, 3, 0, 2, 2, 3, 0, 0, 0, 3,
       1, 2, 0, 1, 3, 1, 0, 0, 3, 2, 0, 2, 3, 3, 0, 2, 1, 3], dtype=object)]
[235, array([-90., -45., -45.,   0.]), array([0, 3, 0, 2, 2, 0, 3, 0, 2, 2, 2, 2, 0, 3, 0, 3, 2, 3, 0, 0, 0, 3,
       1, 2, 0, 1, 3, 1, 0, 0, 3, 2, 2, 2, 3, 3, 0, 2, 1, 3], dtype=object)]
[226, array([-90., -45., -45.,   0.]), array([0, 3, 0, 2, 2, 0, 3, 0, 2, 2, 2, 2, 1, 3, 0, 2, 2, 3, 0, 0, 0, 3,
       1, 2, 0, 1, 3, 1, 0, 0, 3, 2, 3, 2, 3, 3, 0, 2, 1, 3], dtype=object)]
[228, array([-90., -45., -45.,   0.]), array([0, 3, 0, 2, 2, 0, 3, 0, 2, 2, 2, 2, 1, 3, 0, 2, 2, 3, 0, 0, 0, 3,
       1, 2, 0, 1, 3, 1, 0, 0, 3, 2, 0, 2, 3, 3, 0, 2, 1, 3], dtype=object)]
[236, array([-90., -45., -45.,   0.]), array([0, 3, 0, 2, 2, 0, 3, 0, 2, 2, 2, 2, 1, 3, 0, 3, 2, 3, 0, 0, 0, 3,
       1, 2, 0, 1, 3, 1, 0, 0, 3, 2, 2, 2, 3, 3, 0, 2, 1, 3], dtype=object)]
[229, array([-90., -45., -45.,   0.]), array([0, 3, 0, 2, 2, 0, 3, 0, 2, 2, 2, 2, 1, 3, 0, 2, 2, 3, 0, 0, 0, 3,
       1, 2, 0, 1, 3, 1, 0, 0, 3, 2, 2, 2, 3, 3, 0, 2, 1, 3], dtype=object)]
[227, array([-90., -45., -45.,   0.]), array([0, 3, 0, 2, 2, 0, 3, 0, 2, 2, 2, 2, 0, 3, 0, 2, 2, 3, 0, 0, 0, 3,
       1, 2, 0, 1, 3, 1, 0, 0, 3, 2, 3, 2, 3, 3, 0, 2, 1, 3], dtype=object)]
[229, array([-90., -45., -45.,   0.]), array([0, 3, 0, 2, 2, 0, 3, 0, 2, 2, 2, 2, 1, 3, 0, 2, 2, 3, 0, 0, 0, 3,
       1, 2, 0, 1, 3, 1, 0, 0, 3, 2, 2, 2, 3, 3, 0, 2, 1, 3], dtype=object)]
[230, array([-90., -45., -45.,   0.]), array([0, 3, 0, 2, 2, 0, 3, 0, 2, 2, 2, 2, 1, 3, 0, 3, 2, 3, 0, 0, 0, 3,
       1, 2, 0, 1, 3, 1, 0, 0, 3, 2, 2, 2, 3, 3, 0, 2, 1, 3], dtype=object)]
[237, array([-90., -45., -45.,   0.]), array([0, 3, 0, 2, 2, 0, 3, 0, 2, 2, 3, 2, 0, 3, 0, 2, 2, 3, 0, 0, 0, 3,
       1, 2, 0, 1, 3, 1, 0, 0, 3, 2, 3, 2, 3, 3, 0, 2, 1, 3], dtype=object)]
[228, array([-90., -45., -45.,   0.]), array([0, 3, 0, 2, 2, 0, 3, 0, 2, 2, 2, 2, 1, 3, 0, 2, 2, 3, 0, 0, 0, 3,
       1, 2, 0, 1, 3, 1, 0, 0, 3, 2, 0, 2, 3, 3, 0, 2, 1, 3], dtype=object)]
[230, array([-90., -45., -45.,   0.]), array([0, 3, 0, 2, 2, 0, 3, 0, 2, 2, 2, 2, 1, 3, 0, 3, 2, 3, 0, 0, 0, 3,
       1, 2, 0, 1, 3, 1, 0, 0, 3, 2, 2, 2, 3, 3, 0, 2, 1, 3], dtype=object)]
[231, array([-90., -45., -45.,   0.]), array([0, 3, 0, 2, 2, 0, 3, 0, 2, 2, 2, 2, 0, 3, 0, 2, 2, 3, 0, 0, 0, 3,
       1, 2, 0, 1, 3, 1, 0, 0, 3, 2, 3, 2, 3, 3, 0, 2, 1, 3], dtype=object)]
[238, array([-90., -45., -45.,   0.]), array([0, 3, 0, 2, 2, 0, 3, 0, 2, 2, 3, 2, 0, 3, 0, 2, 2, 3, 0, 0, 0, 3,
       1, 2, 0, 1, 3, 1, 0, 0, 3, 2, 3, 2, 3, 3, 0, 2, 1, 3], dtype=object)]
[229, array([-90., -45., -45.,   0.]), array([0, 3, 0, 2, 2, 0, 3, 0, 2, 2, 2, 2, 1, 3, 0, 2, 2, 3, 0, 0, 0, 3,
       1, 2, 0, 1, 3, 1, 0, 0, 3, 2, 2, 2, 3, 3, 0, 2, 1, 3], dtype=object)]
[231, array([-90., -45., -45.,   0.]), array([0, 3, 0, 2, 2, 0, 3, 0, 2, 2, 2, 2, 0, 3, 0, 2, 2, 3, 0, 0, 0, 3,
       1, 2, 0, 1, 3, 1, 0, 0, 3, 2, 3, 2, 3, 3, 0, 2, 1, 3], dtype=object)]
[232, array([-90., -45., -45.,   0.]), array([0, 3, 0, 2, 2, 0, 3, 0, 2, 2, 2, 2, 0, 3, 0, 3, 2, 3, 0, 0, 0, 3,
       1, 2, 0, 1, 3, 1, 0, 0, 3, 2, 3, 2, 3, 3, 0, 2, 1, 3], dtype=object)]
[239, array([-90., -45., -45.,   0.]), array([0, 3, 0, 2, 2, 0, 3, 0, 2, 2, 2, 2, 0, 3, 0, 2, 2, 3, 0, 0, 0, 3,
       1, 2, 0, 1, 3, 1, 0, 0, 3, 2, 3, 2, 3, 3, 0, 2, 1, 3], dtype=object)]
[230, array([-90., -45., -45.,   0.]), array([0, 3, 0, 2, 2, 0, 3, 0, 2, 2, 2, 2, 1, 3, 0, 3, 2, 3, 0, 0, 0, 3,
       1, 2, 0, 1, 3, 1, 0, 0, 3, 2, 2, 2, 3, 3, 0, 2, 1, 3], dtype=object)]
[232, array([-90., -45., -45.,   0.]), array([0, 3, 0, 2, 2, 0, 3, 0, 2, 2, 2, 2, 0, 3, 0, 3, 2, 3, 0, 0, 0, 3,
       1, 2, 0, 1, 3, 1, 0, 0, 3, 2, 3, 2, 3, 3, 0, 2, 1, 3], dtype=object)]
[233, array([-90., -45., -45.,   0.]), array([0, 3, 0, 2, 2, 0, 3, 0, 2, 2, 1, 2, 0, 3, 0, 2, 2, 3, 0, 0, 0, 3,
       1, 2, 0, 1, 3, 1, 0, 0, 3, 2, 3, 2, 3, 3, 0, 2, 1, 3], dtype=object)]
[240, array([-90., -45., -45.,   0.]), array([0, 3, 0, 2, 2, 0, 3, 0, 2, 2, 3, 2, 0, 3, 0, 2, 2, 3, 0, 0, 0, 3,
       1, 2, 0, 1, 3, 1, 0, 0, 3, 2, 3, 2, 3, 3, 0, 2, 1, 3], dtype=object)]
[231, array([-90., -45., -45.,   0.]), array([0, 3, 0, 2, 2, 0, 3, 0, 2, 2, 2, 2, 0, 3, 0, 2, 2, 3, 0, 0, 0, 3,
       1, 2, 0, 1, 3, 1, 0, 0, 3, 2, 3, 2, 3, 3, 0, 2, 1, 3], dtype=object)]
[233, array([-90., -45., -45.,   0.]), array([0, 3, 0, 2, 2, 0, 3, 0, 2, 2, 1, 2, 0, 3, 0, 2, 2, 3, 0, 0, 0, 3,
       1, 2, 0, 1, 3, 1, 0, 0, 3, 2, 3, 2, 3, 3, 0, 2, 1, 3], dtype=object)]
[234, array([-90., -45., -45.,   0.]), array([0, 3, 0, 2, 2, 0, 3, 0, 2, 2, 2, 2, 0, 3, 0, 3, 2, 3, 0, 0, 0, 3,
       1, 2, 0, 1, 3, 1, 0, 0, 3, 2, 3, 2, 3, 3, 0, 2, 1, 3], dtype=object)]
[241, array([-90., -45., -45.,   0.]), array([0, 3, 0, 2, 2, 0, 3, 0, 2, 2, 3, 2, 0, 3, 0, 2, 2, 3, 0, 0, 0, 3,
       1, 2, 0, 1, 3, 1, 0, 0, 3, 2, 2, 2, 3, 3, 0, 2, 1, 3], dtype=object)]
[232, array([-90., -45., -45.,   0.]), array([0, 3, 0, 2, 2, 0, 3, 0, 2, 2, 2, 2, 0, 3, 0, 3, 2, 3, 0, 0, 0, 3,
       1, 2, 0, 1, 3, 1, 0, 0, 3, 2, 3, 2, 3, 3, 0, 2, 1, 3], dtype=object)]
[234, array([-90., -45., -45.,   0.]), array([0, 3, 0, 2, 2, 0, 3, 0, 2, 2, 2, 2, 0, 3, 0, 3, 2, 3, 0, 0, 0, 3,
       1, 2, 0, 1, 3, 1, 0, 0, 3, 2, 3, 2, 3, 3, 0, 2, 1, 3], dtype=object)]
[235, array([-90., -45., -45.,   0.]), array([0, 3, 0, 2, 2, 0, 3, 0, 2, 2, 2, 2, 0, 3, 0, 3, 2, 3, 0, 0, 0, 3,
       1, 2, 0, 1, 3, 1, 0, 0, 3, 2, 2, 2, 3, 3, 0, 2, 1, 3], dtype=object)]
[242, array([-90., -45., -45.,   0.]), array([0, 3, 0, 2, 2, 0, 3, 0, 2, 2, 0, 2, 0, 3, 0, 3, 2, 3, 0, 0, 0, 3,
       1, 2, 0, 1, 3, 1, 0, 0, 3, 2, 2, 2, 3, 3, 0, 2, 1, 3], dtype=object)]
[233, array([-90., -45., -45.,   0.]), array([0, 3, 0, 2, 2, 0, 3, 0, 2, 2, 1, 2, 0, 3, 0, 2, 2, 3, 0, 0, 0, 3,
       1, 2, 0, 1, 3, 1, 0, 0, 3, 2, 3, 2, 3, 3, 0, 2, 1, 3], dtype=object)]
[235, array([-90., -45., -45.,   0.]), array([0, 3, 0, 2, 2, 0, 3, 0, 2, 2, 2, 2, 0, 3, 0, 3, 2, 3, 0, 0, 0, 3,
       1, 2, 0, 1, 3, 1, 0, 0, 3, 2, 2, 2, 3, 3, 0, 2, 1, 3], dtype=object)]
[236, array([-90., -45., -45.,   0.]), array([0, 3, 0, 2, 2, 0, 3, 0, 2, 2, 2, 2, 1, 3, 0, 3, 2, 3, 0, 0, 0, 3,
       1, 2, 0, 1, 3, 1, 0, 0, 3, 2, 2, 2, 3, 3, 0, 2, 1, 3], dtype=object)]
[243, array([-90., -45., -45.,   0.]), array([0, 3, 0, 2, 2, 0, 3, 0, 2, 2, 2, 2, 0, 3, 0, 2, 2, 3, 0, 0, 0, 3,
       1, 2, 0, 1, 3, 1, 0, 0, 3, 2, 2, 2, 3, 3, 0, 2, 1, 3], dtype=object)]
[234, array([-90., -45., -45.,   0.]), array([0, 3, 0, 2, 2, 0, 3, 0, 2, 2, 2, 2, 0, 3, 0, 3, 2, 3, 0, 0, 0, 3,
       1, 2, 0, 1, 3, 1, 0, 0, 3, 2, 3, 2, 3, 3, 0, 2, 1, 3], dtype=object)]
[236, array([-90., -45., -45.,   0.]), array([0, 3, 0, 2, 2, 0, 3, 0, 2, 2, 2, 2, 1, 3, 0, 3, 2, 3, 0, 0, 0, 3,
       1, 2, 0, 1, 3, 1, 0, 0, 3, 2, 2, 2, 3, 3, 0, 2, 1, 3], dtype=object)]
[237, array([-90., -45., -45.,   0.]), array([0, 3, 0, 2, 2, 0, 3, 0, 2, 2, 3, 2, 0, 3, 0, 2, 2, 3, 0, 0, 0, 3,
       1, 2, 0, 1, 3, 1, 0, 0, 3, 2, 3, 2, 3, 3, 0, 2, 1, 3], dtype=object)]
[244, array([-90., -45., -45.,   0.]), array([0, 3, 0, 2, 2, 0, 3, 0, 2, 2, 0, 2, 0, 3, 0, 2, 2, 3, 0, 0, 0, 3,
       1, 2, 0, 1, 3, 1, 0, 0, 3, 2, 3, 2, 3, 3, 0, 2, 1, 3], dtype=object)]
[235, array([-90., -45., -45.,   0.]), array([0, 3, 0, 2, 2, 0, 3, 0, 2, 2, 2, 2, 0, 3, 0, 3, 2, 3, 0, 0, 0, 3,
       1, 2, 0, 1, 3, 1, 0, 0, 3, 2, 2, 2, 3, 3, 0, 2, 1, 3], dtype=object)]
[237, array([-90., -45., -45.,   0.]), array([0, 3, 0, 2, 2, 0, 3, 0, 2, 2, 3, 2, 0, 3, 0, 2, 2, 3, 0, 0, 0, 3,
       1, 2, 0, 1, 3, 1, 0, 0, 3, 2, 3, 2, 3, 3, 0, 2, 1, 3], dtype=object)]
[238, array([-90., -45., -45.,   0.]), array([0, 3, 0, 2, 2, 0, 3, 0, 2, 2, 3, 2, 0, 3, 0, 2, 2, 3, 0, 0, 0, 3,
       1, 2, 0, 1, 3, 1, 0, 0, 3, 2, 3, 2, 3, 3, 0, 2, 1, 3], dtype=object)]
[245, array([-90., -45., -45.,   0.]), array([0, 3, 0, 2, 2, 0, 3, 0, 2, 2, 2, 2, 0, 3, 0, 2, 2, 3, 0, 0, 0, 3,
       1, 2, 0, 1, 3, 1, 0, 0, 3, 2, 2, 2, 3, 3, 0, 2, 1, 3], dtype=object)]
[236, array([-90., -45., -45.,   0.]), array([0, 3, 0, 2, 2, 0, 3, 0, 2, 2, 2, 2, 1, 3, 0, 3, 2, 3, 0, 0, 0, 3,
       1, 2, 0, 1, 3, 1, 0, 0, 3, 2, 2, 2, 3, 3, 0, 2, 1, 3], dtype=object)]
[238, array([-90., -45., -45.,   0.]), array([0, 3, 0, 2, 2, 0, 3, 0, 2, 2, 3, 2, 0, 3, 0, 2, 2, 3, 0, 0, 0, 3,
       1, 2, 0, 1, 3, 1, 0, 0, 3, 2, 3, 2, 3, 3, 0, 2, 1, 3], dtype=object)]
[239, array([-90., -45., -45.,   0.]), array([0, 3, 0, 2, 2, 0, 3, 0, 2, 2, 2, 2, 0, 3, 0, 2, 2, 3, 0, 0, 0, 3,
       1, 2, 0, 1, 3, 1, 0, 0, 3, 2, 3, 2, 3, 3, 0, 2, 1, 3], dtype=object)]
[246, array([-90., -45., -45.,   0.]), array([0, 3, 0, 2, 2, 0, 3, 0, 2, 2, 1, 2, 0, 3, 0, 2, 2, 3, 0, 0, 0, 3,
       1, 2, 0, 1, 3, 1, 0, 0, 3, 2, 3, 2, 3, 3, 0, 2, 1, 3], dtype=object)]
[237, array([-90., -45., -45.,   0.]), array([0, 3, 0, 2, 2, 0, 3, 0, 2, 2, 3, 2, 0, 3, 0, 2, 2, 3, 0, 0, 0, 3,
       1, 2, 0, 1, 3, 1, 0, 0, 3, 2, 3, 2, 3, 3, 0, 2, 1, 3], dtype=object)]
[239, array([-90., -45., -45.,   0.]), array([0, 3, 0, 2, 2, 0, 3, 0, 2, 2, 2, 2, 0, 3, 0, 2, 2, 3, 0, 0, 0, 3,
       1, 2, 0, 1, 3, 1, 0, 0, 3, 2, 3, 2, 3, 3, 0, 2, 1, 3], dtype=object)]
[240, array([-90., -45., -45.,   0.]), array([0, 3, 0, 2, 2, 0, 3, 0, 2, 2, 3, 2, 0, 3, 0, 2, 2, 3, 0, 0, 0, 3,
       1, 2, 0, 1, 3, 1, 0, 0, 3, 2, 3, 2, 3, 3, 0, 2, 1, 3], dtype=object)]
[247, array([-90., -45., -45.,   0.]), array([0, 3, 0, 2, 2, 0, 3, 0, 2, 2, 2, 2, 0, 3, 0, 2, 2, 3, 0, 0, 0, 3,
       1, 2, 0, 1, 3, 1, 0, 0, 3, 2, 2, 2, 3, 3, 0, 2, 1, 3], dtype=object)]
[238, array([-90., -45., -45.,   0.]), array([0, 3, 0, 2, 2, 0, 3, 0, 2, 2, 3, 2, 0, 3, 0, 2, 2, 3, 0, 0, 0, 3,
       1, 2, 0, 1, 3, 1, 0, 0, 3, 2, 3, 2, 3, 3, 0, 2, 1, 3], dtype=object)]
[240, array([-90., -45., -45.,   0.]), array([0, 3, 0, 2, 2, 0, 3, 0, 2, 2, 3, 2, 0, 3, 0, 2, 2, 3, 0, 0, 0, 3,
       1, 2, 0, 1, 3, 1, 0, 0, 3, 2, 3, 2, 3, 3, 0, 2, 1, 3], dtype=object)]
[248, array([-90., -45., -45.,   0.]), array([0, 3, 0, 2, 2, 0, 3, 0, 2, 2, 3, 2, 0, 3, 0, 2, 2, 3, 0, 0, 0, 3,
       1, 2, 0, 1, 3, 1, 0, 0, 3, 2, 1, 2, 3, 3, 0, 2, 1, 3], dtype=object)]
[241, array([-90., -45., -45.,   0.]), array([0, 3, 0, 2, 2, 0, 3, 0, 2, 2, 3, 2, 0, 3, 0, 2, 2, 3, 0, 0, 0, 3,
       1, 2, 0, 1, 3, 1, 0, 0, 3, 2, 2, 2, 3, 3, 0, 2, 1, 3], dtype=object)]
[239, array([-90., -45., -45.,   0.]), array([0, 3, 0, 2, 2, 0, 3, 0, 2, 2, 2, 2, 0, 3, 0, 2, 2, 3, 0, 0, 0, 3,
       1, 2, 0, 1, 3, 1, 0, 0, 3, 2, 3, 2, 3, 3, 0, 2, 1, 3], dtype=object)]
[241, array([-90., -45., -45.,   0.]), array([0, 3, 0, 2, 2, 0, 3, 0, 2, 2, 3, 2, 0, 3, 0, 2, 2, 3, 0, 0, 0, 3,
       1, 2, 0, 1, 3, 1, 0, 0, 3, 2, 2, 2, 3, 3, 0, 2, 1, 3], dtype=object)]
[242, array([-90., -45., -45.,   0.]), array([0, 3, 0, 2, 2, 0, 3, 0, 2, 2, 0, 2, 0, 3, 0, 3, 2, 3, 0, 0, 0, 3,
       1, 2, 0, 1, 3, 1, 0, 0, 3, 2, 2, 2, 3, 3, 0, 2, 1, 3], dtype=object)]
[249, array([-90., -45., -45.,   0.]), array([0, 3, 0, 2, 2, 0, 3, 0, 2, 2, 3, 2, 0, 3, 0, 2, 2, 3, 0, 0, 0, 3,
       1, 2, 0, 1, 3, 1, 0, 0, 3, 2, 2, 2, 3, 3, 0, 2, 1, 3], dtype=object)]
[242, array([-90., -45., -45.,   0.]), array([0, 3, 0, 2, 2, 0, 3, 0, 2, 2, 0, 2, 0, 3, 0, 3, 2, 3, 0, 0, 0, 3,
       1, 2, 0, 1, 3, 1, 0, 0, 3, 2, 2, 2, 3, 3, 0, 2, 1, 3], dtype=object)]
[240, array([-90., -45., -45.,   0.]), array([0, 3, 0, 2, 2, 0, 3, 0, 2, 2, 3, 2, 0, 3, 0, 2, 2, 3, 0, 0, 0, 3,
       1, 2, 0, 1, 3, 1, 0, 0, 3, 2, 3, 2, 3, 3, 0, 2, 1, 3], dtype=object)]
[250, array([-90., -45., -45.,   0.]), array([0, 3, 0, 2, 2, 0, 3, 0, 2, 2, 3, 2, 0, 3, 0, 2, 2, 3, 0, 0, 0, 3,
       1, 2, 0, 1, 3, 1, 0, 0, 3, 2, 1, 2, 3, 3, 0, 2, 1, 3], dtype=object)]
[243, array([-90., -45., -45.,   0.]), array([0, 3, 0, 2, 2, 0, 3, 0, 2, 2, 2, 2, 0, 3, 0, 2, 2, 3, 0, 0, 0, 3,
       1, 2, 0, 1, 3, 1, 0, 0, 3, 2, 2, 2, 3, 3, 0, 2, 1, 3], dtype=object)]
[243, array([-90., -45., -45.,   0.]), array([0, 3, 0, 2, 2, 0, 3, 0, 2, 2, 2, 2, 0, 3, 0, 2, 2, 3, 0, 0, 0, 3,
       1, 2, 0, 1, 3, 1, 0, 0, 3, 2, 2, 2, 3, 3, 0, 2, 1, 3], dtype=object)]
[241, array([-90., -45., -45.,   0.]), array([0, 3, 0, 2, 2, 0, 3, 0, 2, 2, 3, 2, 0, 3, 0, 2, 2, 3, 0, 0, 0, 3,
       1, 2, 0, 1, 3, 1, 0, 0, 3, 2, 2, 2, 3, 3, 0, 2, 1, 3], dtype=object)]
[251, array([-90., -45., -45.,   0.]), array([0, 3, 0, 2, 2, 0, 3, 0, 2, 2, 2, 2, 0, 3, 0, 2, 2, 3, 0, 0, 0, 3,
       1, 2, 0, 1, 3, 1, 0, 0, 3, 2, 2, 2, 3, 3, 0, 2, 1, 3], dtype=object)]
[244, array([-90., -45., -45.,   0.]), array([0, 3, 0, 2, 2, 0, 3, 0, 2, 2, 0, 2, 0, 3, 0, 2, 2, 3, 0, 0, 0, 3,
       1, 2, 0, 1, 3, 1, 0, 0, 3, 2, 3, 2, 3, 3, 0, 2, 1, 3], dtype=object)]
[244, array([-90., -45., -45.,   0.]), array([0, 3, 0, 2, 2, 0, 3, 0, 2, 2, 0, 2, 0, 3, 0, 2, 2, 3, 0, 0, 0, 3,
       1, 2, 0, 1, 3, 1, 0, 0, 3, 2, 3, 2, 3, 3, 0, 2, 1, 3], dtype=object)]
[252, array([-90., -45., -45.,   0.]), array([0, 3, 0, 2, 2, 0, 3, 0, 2, 2, 3, 2, 0, 3, 0, 1, 2, 3, 0, 0, 0, 3,
       1, 2, 0, 1, 3, 1, 0, 0, 3, 2, 3, 2, 3, 3, 0, 2, 1, 3], dtype=object)]
[242, array([-90., -45., -45.,   0.]), array([0, 3, 0, 2, 2, 0, 3, 0, 2, 2, 0, 2, 0, 3, 0, 3, 2, 3, 0, 0, 0, 3,
       1, 2, 0, 1, 3, 1, 0, 0, 3, 2, 2, 2, 3, 3, 0, 2, 1, 3], dtype=object)]
[245, array([-90., -45., -45.,   0.]), array([0, 3, 0, 2, 2, 0, 3, 0, 2, 2, 2, 2, 0, 3, 0, 2, 2, 3, 0, 0, 0, 3,
       1, 2, 0, 1, 3, 1, 0, 0, 3, 2, 2, 2, 3, 3, 0, 2, 1, 3], dtype=object)]
[245, array([-90., -45., -45.,   0.]), array([0, 3, 0, 2, 2, 0, 3, 0, 2, 2, 2, 2, 0, 3, 0, 2, 2, 3, 0, 0, 0, 3,
       1, 2, 0, 1, 3, 1, 0, 0, 3, 2, 2, 2, 3, 3, 0, 2, 1, 3], dtype=object)]
[246, array([-90., -45., -45.,   0.]), array([0, 3, 0, 2, 2, 0, 3, 0, 2, 2, 1, 2, 0, 3, 0, 2, 2, 3, 0, 0, 0, 3,
       1, 2, 0, 1, 3, 1, 0, 0, 3, 2, 3, 2, 3, 3, 0, 2, 1, 3], dtype=object)]
[243, array([-90., -45., -45.,   0.]), array([0, 3, 0, 2, 2, 0, 3, 0, 2, 2, 2, 2, 0, 3, 0, 2, 2, 3, 0, 0, 0, 3,
       1, 2, 0, 1, 3, 1, 0, 0, 3, 2, 2, 2, 3, 3, 0, 2, 1, 3], dtype=object)]
[253, array([-90., -45., -45.,   0.]), array([0, 3, 0, 2, 2, 0, 3, 0, 2, 2, 2, 2, 0, 3, 0, 2, 2, 3, 0, 0, 0, 3,
       1, 2, 0, 1, 3, 1, 0, 0, 3, 2, 3, 2, 3, 3, 0, 2, 1, 3], dtype=object)]
[246, array([-90., -45., -45.,   0.]), array([0, 3, 0, 2, 2, 0, 3, 0, 2, 2, 1, 2, 0, 3, 0, 2, 2, 3, 0, 0, 0, 3,
       1, 2, 0, 1, 3, 1, 0, 0, 3, 2, 3, 2, 3, 3, 0, 2, 1, 3], dtype=object)]
[254, array([-90., -45., -45.,   0.]), array([0, 3, 0, 2, 2, 0, 3, 0, 2, 2, 2, 2, 0, 3, 0, 0, 2, 3, 0, 0, 0, 3,
       1, 2, 0, 1, 3, 1, 0, 0, 3, 2, 2, 2, 3, 3, 0, 2, 1, 3], dtype=object)]
[244, array([-90., -45., -45.,   0.]), array([0, 3, 0, 2, 2, 0, 3, 0, 2, 2, 0, 2, 0, 3, 0, 2, 2, 3, 0, 0, 0, 3,
       1, 2, 0, 1, 3, 1, 0, 0, 3, 2, 3, 2, 3, 3, 0, 2, 1, 3], dtype=object)]
[247, array([-90., -45., -45.,   0.]), array([0, 3, 0, 2, 2, 0, 3, 0, 2, 2, 2, 2, 0, 3, 0, 2, 2, 3, 0, 0, 0, 3,
       1, 2, 0, 1, 3, 1, 0, 0, 3, 2, 2, 2, 3, 3, 0, 2, 1, 3], dtype=object)]
[247, array([-90., -45., -45.,   0.]), array([0, 3, 0, 2, 2, 0, 3, 0, 2, 2, 2, 2, 0, 3, 0, 2, 2, 3, 0, 0, 0, 3,
       1, 2, 0, 1, 3, 1, 0, 0, 3, 2, 2, 2, 3, 3, 0, 2, 1, 3], dtype=object)]
[255, array([-90., -45., -45.,   0.]), array([0, 3, 0, 2, 2, 0, 3, 0, 2, 2, 3, 2, 0, 3, 0, 2, 2, 3, 0, 0, 0, 3,
       1, 2, 0, 1, 3, 1, 0, 0, 3, 2, 2, 2, 3, 3, 0, 2, 1, 3], dtype=object)]
[248, array([-90., -45., -45.,   0.]), array([0, 3, 0, 2, 2, 0, 3, 0, 2, 2, 3, 2, 0, 3, 0, 2, 2, 3, 0, 0, 0, 3,
       1, 2, 0, 1, 3, 1, 0, 0, 3, 2, 1, 2, 3, 3, 0, 2, 1, 3], dtype=object)]
[245, array([-90., -45., -45.,   0.]), array([0, 3, 0, 2, 2, 0, 3, 0, 2, 2, 2, 2, 0, 3, 0, 2, 2, 3, 0, 0, 0, 3,
       1, 2, 0, 1, 3, 1, 0, 0, 3, 2, 2, 2, 3, 3, 0, 2, 1, 3], dtype=object)]
[248, array([-90., -45., -45.,   0.]), array([0, 3, 0, 2, 2, 0, 3, 0, 2, 2, 3, 2, 0, 3, 0, 2, 2, 3, 0, 0, 0, 3,
       1, 2, 0, 1, 3, 1, 0, 0, 3, 2, 1, 2, 3, 3, 0, 2, 1, 3], dtype=object)]
[256, array([-90., -45., -45.,   0.]), array([0, 3, 0, 2, 2, 0, 3, 0, 2, 2, 3, 2, 0, 3, 0, 0, 2, 3, 0, 0, 0, 3,
       1, 2, 0, 1, 3, 1, 0, 0, 3, 2, 2, 2, 3, 3, 0, 2, 1, 3], dtype=object)]
[246, array([-90., -45., -45.,   0.]), array([0, 3, 0, 2, 2, 0, 3, 0, 2, 2, 1, 2, 0, 3, 0, 2, 2, 3, 0, 0, 0, 3,
       1, 2, 0, 1, 3, 1, 0, 0, 3, 2, 3, 2, 3, 3, 0, 2, 1, 3], dtype=object)]
[249, array([-90., -45., -45.,   0.]), array([0, 3, 0, 2, 2, 0, 3, 0, 2, 2, 3, 2, 0, 3, 0, 2, 2, 3, 0, 0, 0, 3,
       1, 2, 0, 1, 3, 1, 0, 0, 3, 2, 2, 2, 3, 3, 0, 2, 1, 3], dtype=object)]
[257, array([-90., -45., -45.,   0.]), array([0, 3, 0, 2, 2, 0, 3, 0, 2, 2, 3, 2, 0, 3, 0, 2, 2, 3, 0, 0, 0, 3,
       1, 2, 0, 1, 3, 1, 0, 0, 3, 2, 3, 2, 3, 3, 0, 2, 1, 3], dtype=object)]
[249, array([-90., -45., -45.,   0.]), array([0, 3, 0, 2, 2, 0, 3, 0, 2, 2, 3, 2, 0, 3, 0, 2, 2, 3, 0, 0, 0, 3,
       1, 2, 0, 1, 3, 1, 0, 0, 3, 2, 2, 2, 3, 3, 0, 2, 1, 3], dtype=object)]
[250, array([-90., -45., -45.,   0.]), array([0, 3, 0, 2, 2, 0, 3, 0, 2, 2, 3, 2, 0, 3, 0, 2, 2, 3, 0, 0, 0, 3,
       1, 2, 0, 1, 3, 1, 0, 0, 3, 2, 1, 2, 3, 3, 0, 2, 1, 3], dtype=object)]
[247, array([-90., -45., -45.,   0.]), array([0, 3, 0, 2, 2, 0, 3, 0, 2, 2, 2, 2, 0, 3, 0, 2, 2, 3, 0, 0, 0, 3,
       1, 2, 0, 1, 3, 1, 0, 0, 3, 2, 2, 2, 3, 3, 0, 2, 1, 3], dtype=object)]
[258, array([-90., -45., -45.,   0.]), array([0, 3, 0, 2, 2, 0, 3, 0, 2, 2, 2, 2, 0, 3, 0, 0, 2, 3, 0, 0, 0, 3,
       1, 2, 0, 1, 3, 1, 0, 0, 3, 2, 3, 2, 3, 3, 0, 2, 1, 3], dtype=object)]
[250, array([-90., -45., -45.,   0.]), array([0, 3, 0, 2, 2, 0, 3, 0, 2, 2, 3, 2, 0, 3, 0, 2, 2, 3, 0, 0, 0, 3,
       1, 2, 0, 1, 3, 1, 0, 0, 3, 2, 1, 2, 3, 3, 0, 2, 1, 3], dtype=object)]
[251, array([-90., -45., -45.,   0.]), array([0, 3, 0, 2, 2, 0, 3, 0, 2, 2, 2, 2, 0, 3, 0, 2, 2, 3, 0, 0, 0, 3,
       1, 2, 0, 1, 3, 1, 0, 0, 3, 2, 2, 2, 3, 3, 0, 2, 1, 3], dtype=object)]
[248, array([-90., -45., -45.,   0.]), array([0, 3, 0, 2, 2, 0, 3, 0, 2, 2, 3, 2, 0, 3, 0, 2, 2, 3, 0, 0, 0, 3,
       1, 2, 0, 1, 3, 1, 0, 0, 3, 2, 1, 2, 3, 3, 0, 2, 1, 3], dtype=object)]
[259, array([-90., -45., -45.,   0.]), array([0, 3, 0, 2, 2, 0, 3, 0, 2, 2, 3, 2, 0, 3, 0, 2, 2, 3, 0, 0, 0, 3,
       1, 2, 0, 1, 3, 1, 0, 0, 3, 2, 2, 2, 3, 3, 0, 2, 1, 3], dtype=object)]
[252, array([-90., -45., -45.,   0.]), array([0, 3, 0, 2, 2, 0, 3, 0, 2, 2, 3, 2, 0, 3, 0, 1, 2, 3, 0, 0, 0, 3,
       1, 2, 0, 1, 3, 1, 0, 0, 3, 2, 3, 2, 3, 3, 0, 2, 1, 3], dtype=object)]
[251, array([-90., -45., -45.,   0.]), array([0, 3, 0, 2, 2, 0, 3, 0, 2, 2, 2, 2, 0, 3, 0, 2, 2, 3, 0, 0, 0, 3,
       1, 2, 0, 1, 3, 1, 0, 0, 3, 2, 2, 2, 3, 3, 0, 2, 1, 3], dtype=object)]
[249, array([-90., -45., -45.,   0.]), array([0, 3, 0, 2, 2, 0, 3, 0, 2, 2, 3, 2, 0, 3, 0, 2, 2, 3, 0, 0, 0, 3,
       1, 2, 0, 1, 3, 1, 0, 0, 3, 2, 2, 2, 3, 3, 0, 2, 1, 3], dtype=object)]
[260, array([-90., -45., -45.,   0.]), array([0, 3, 0, 2, 2, 0, 3, 0, 2, 2, 3, 2, 1, 3, 0, 2, 2, 3, 0, 0, 0, 3,
       1, 2, 0, 1, 3, 1, 0, 0, 3, 2, 2, 2, 3, 3, 0, 2, 1, 3], dtype=object)]
[252, array([-90., -45., -45.,   0.]), array([0, 3, 0, 2, 2, 0, 3, 0, 2, 2, 3, 2, 0, 3, 0, 1, 2, 3, 0, 0, 0, 3,
       1, 2, 0, 1, 3, 1, 0, 0, 3, 2, 3, 2, 3, 3, 0, 2, 1, 3], dtype=object)]
[253, array([-90., -45., -45.,   0.]), array([0, 3, 0, 2, 2, 0, 3, 0, 2, 2, 2, 2, 0, 3, 0, 2, 2, 3, 0, 0, 0, 3,
       1, 2, 0, 1, 3, 1, 0, 0, 3, 2, 3, 2, 3, 3, 0, 2, 1, 3], dtype=object)]
[250, array([-90., -45., -45.,   0.]), array([0, 3, 0, 2, 2, 0, 3, 0, 2, 2, 3, 2, 0, 3, 0, 2, 2, 3, 0, 0, 0, 3,
       1, 2, 0, 1, 3, 1, 0, 0, 3, 2, 1, 2, 3, 3, 0, 2, 1, 3], dtype=object)]
[261, array([-90., -45., -45.,   0.]), array([0, 3, 0, 2, 2, 0, 3, 0, 2, 2, 2, 2, 0, 3, 0, 2, 2, 3, 0, 0, 0, 3,
       1, 2, 0, 1, 3, 1, 0, 0, 3, 2, 2, 2, 3, 3, 0, 2, 1, 3], dtype=object)]
[254, array([-90., -45., -45.,   0.]), array([0, 3, 0, 2, 2, 0, 3, 0, 2, 2, 2, 2, 0, 3, 0, 0, 2, 3, 0, 0, 0, 3,
       1, 2, 0, 1, 3, 1, 0, 0, 3, 2, 2, 2, 3, 3, 0, 2, 1, 3], dtype=object)]
[253, array([-90., -45., -45.,   0.]), array([0, 3, 0, 2, 2, 0, 3, 0, 2, 2, 2, 2, 0, 3, 0, 2, 2, 3, 0, 0, 0, 3,
       1, 2, 0, 1, 3, 1, 0, 0, 3, 2, 3, 2, 3, 3, 0, 2, 1, 3], dtype=object)]
[251, array([-90., -45., -45.,   0.]), array([0, 3, 0, 2, 2, 0, 3, 0, 2, 2, 2, 2, 0, 3, 0, 2, 2, 3, 0, 0, 0, 3,
       1, 2, 0, 1, 3, 1, 0, 0, 3, 2, 2, 2, 3, 3, 0, 2, 1, 3], dtype=object)]
[262, array([-90., -45., -45.,   0.]), array([0, 3, 0, 2, 2, 0, 3, 0, 2, 2, 3, 2, 0, 3, 0, 2, 2, 3, 0, 0, 0, 3,
       1, 2, 0, 1, 3, 1, 0, 0, 3, 2, 1, 2, 3, 3, 0, 2, 1, 3], dtype=object)]
[255, array([-90., -45., -45.,   0.]), array([0, 3, 0, 2, 2, 0, 3, 0, 2, 2, 3, 2, 0, 3, 0, 2, 2, 3, 0, 0, 0, 3,
       1, 2, 0, 1, 3, 1, 0, 0, 3, 2, 2, 2, 3, 3, 0, 2, 1, 3], dtype=object)]
[254, array([-90., -45., -45.,   0.]), array([0, 3, 0, 2, 2, 0, 3, 0, 2, 2, 2, 2, 0, 3, 0, 0, 2, 3, 0, 0, 0, 3,
       1, 2, 0, 1, 3, 1, 0, 0, 3, 2, 2, 2, 3, 3, 0, 2, 1, 3], dtype=object)]
[252, array([-90., -45., -45.,   0.]), array([0, 3, 0, 2, 2, 0, 3, 0, 2, 2, 3, 2, 0, 3, 0, 1, 2, 3, 0, 0, 0, 3,
       1, 2, 0, 1, 3, 1, 0, 0, 3, 2, 3, 2, 3, 3, 0, 2, 1, 3], dtype=object)]
[263, array([-90., -45., -45.,   0.]), array([0, 3, 0, 2, 2, 0, 3, 0, 2, 2, 3, 2, 0, 3, 0, 2, 2, 3, 0, 0, 0, 3,
       1, 2, 0, 1, 3, 1, 0, 0, 3, 2, 3, 2, 3, 3, 0, 2, 1, 3], dtype=object)]
[256, array([-90., -45., -45.,   0.]), array([0, 3, 0, 2, 2, 0, 3, 0, 2, 2, 3, 2, 0, 3, 0, 0, 2, 3, 0, 0, 0, 3,
       1, 2, 0, 1, 3, 1, 0, 0, 3, 2, 2, 2, 3, 3, 0, 2, 1, 3], dtype=object)]
[255, array([-90., -45., -45.,   0.]), array([0, 3, 0, 2, 2, 0, 3, 0, 2, 2, 3, 2, 0, 3, 0, 2, 2, 3, 0, 0, 0, 3,
       1, 2, 0, 1, 3, 1, 0, 0, 3, 2, 2, 2, 3, 3, 0, 2, 1, 3], dtype=object)]
[253, array([-90., -45., -45.,   0.]), array([0, 3, 0, 2, 2, 0, 3, 0, 2, 2, 2, 2, 0, 3, 0, 2, 2, 3, 0, 0, 0, 3,
       1, 2, 0, 1, 3, 1, 0, 0, 3, 2, 3, 2, 3, 3, 0, 2, 1, 3], dtype=object)]
[264, array([-90., -45., -45.,   0.]), array([0, 3, 0, 2, 2, 0, 3, 0, 2, 2, 3, 2, 0, 3, 0, 2, 2, 3, 0, 0, 0, 3,
       1, 2, 0, 1, 3, 1, 0, 0, 3, 2, 0, 2, 3, 3, 0, 2, 1, 3], dtype=object)]
[256, array([-90., -45., -45.,   0.]), array([0, 3, 0, 2, 2, 0, 3, 0, 2, 2, 3, 2, 0, 3, 0, 0, 2, 3, 0, 0, 0, 3,
       1, 2, 0, 1, 3, 1, 0, 0, 3, 2, 2, 2, 3, 3, 0, 2, 1, 3], dtype=object)]
[257, array([-90., -45., -45.,   0.]), array([0, 3, 0, 2, 2, 0, 3, 0, 2, 2, 3, 2, 0, 3, 0, 2, 2, 3, 0, 0, 0, 3,
       1, 2, 0, 1, 3, 1, 0, 0, 3, 2, 3, 2, 3, 3, 0, 2, 1, 3], dtype=object)]
[254, array([-90., -45., -45.,   0.]), array([0, 3, 0, 2, 2, 0, 3, 0, 2, 2, 2, 2, 0, 3, 0, 0, 2, 3, 0, 0, 0, 3,
       1, 2, 0, 1, 3, 1, 0, 0, 3, 2, 2, 2, 3, 3, 0, 2, 1, 3], dtype=object)]
[265, array([-90., -45., -45.,   0.]), array([0, 3, 0, 2, 2, 0, 3, 0, 2, 2, 3, 2, 0, 3, 0, 2, 2, 3, 0, 0, 0, 3,
       1, 2, 0, 1, 3, 1, 0, 0, 3, 2, 3, 2, 3, 3, 0, 2, 1, 3], dtype=object)]
[258, array([-90., -45., -45.,   0.]), array([0, 3, 0, 2, 2, 0, 3, 0, 2, 2, 2, 2, 0, 3, 0, 0, 2, 3, 0, 0, 0, 3,
       1, 2, 0, 1, 3, 1, 0, 0, 3, 2, 3, 2, 3, 3, 0, 2, 1, 3], dtype=object)]
[257, array([-90., -45., -45.,   0.]), array([0, 3, 0, 2, 2, 0, 3, 0, 2, 2, 3, 2, 0, 3, 0, 2, 2, 3, 0, 0, 0, 3,
       1, 2, 0, 1, 3, 1, 0, 0, 3, 2, 3, 2, 3, 3, 0, 2, 1, 3], dtype=object)]
[255, array([-90., -45., -45.,   0.]), array([0, 3, 0, 2, 2, 0, 3, 0, 2, 2, 3, 2, 0, 3, 0, 2, 2, 3, 0, 0, 0, 3,
       1, 2, 0, 1, 3, 1, 0, 0, 3, 2, 2, 2, 3, 3, 0, 2, 1, 3], dtype=object)]
[266, array([-90., -45., -45.,   0.]), array([0, 3, 0, 2, 2, 0, 3, 0, 2, 2, 0, 2, 0, 3, 0, 2, 2, 3, 0, 0, 0, 3,
       1, 2, 0, 1, 3, 1, 0, 0, 3, 2, 3, 2, 3, 3, 0, 2, 1, 3], dtype=object)]
[259, array([-90., -45., -45.,   0.]), array([0, 3, 0, 2, 2, 0, 3, 0, 2, 2, 3, 2, 0, 3, 0, 2, 2, 3, 0, 0, 0, 3,
       1, 2, 0, 1, 3, 1, 0, 0, 3, 2, 2, 2, 3, 3, 0, 2, 1, 3], dtype=object)]
[258, array([-90., -45., -45.,   0.]), array([0, 3, 0, 2, 2, 0, 3, 0, 2, 2, 2, 2, 0, 3, 0, 0, 2, 3, 0, 0, 0, 3,
       1, 2, 0, 1, 3, 1, 0, 0, 3, 2, 3, 2, 3, 3, 0, 2, 1, 3], dtype=object)]
[256, array([-90., -45., -45.,   0.]), array([0, 3, 0, 2, 2, 0, 3, 0, 2, 2, 3, 2, 0, 3, 0, 0, 2, 3, 0, 0, 0, 3,
       1, 2, 0, 1, 3, 1, 0, 0, 3, 2, 2, 2, 3, 3, 0, 2, 1, 3], dtype=object)]
[267, array([-90., -45., -45.,   0.]), array([0, 3, 0, 2, 2, 0, 3, 0, 2, 2, 2, 2, 0, 3, 0, 2, 2, 3, 0, 0, 0, 3,
       1, 2, 0, 1, 3, 1, 0, 0, 3, 2, 1, 2, 3, 3, 0, 2, 1, 3], dtype=object)]
[260, array([-90., -45., -45.,   0.]), array([0, 3, 0, 2, 2, 0, 3, 0, 2, 2, 3, 2, 1, 3, 0, 2, 2, 3, 0, 0, 0, 3,
       1, 2, 0, 1, 3, 1, 0, 0, 3, 2, 2, 2, 3, 3, 0, 2, 1, 3], dtype=object)]
[259, array([-90., -45., -45.,   0.]), array([0, 3, 0, 2, 2, 0, 3, 0, 2, 2, 3, 2, 0, 3, 0, 2, 2, 3, 0, 0, 0, 3,
       1, 2, 0, 1, 3, 1, 0, 0, 3, 2, 2, 2, 3, 3, 0, 2, 1, 3], dtype=object)]
[257, array([-90., -45., -45.,   0.]), array([0, 3, 0, 2, 2, 0, 3, 0, 2, 2, 3, 2, 0, 3, 0, 2, 2, 3, 0, 0, 0, 3,
       1, 2, 0, 1, 3, 1, 0, 0, 3, 2, 3, 2, 3, 3, 0, 2, 1, 3], dtype=object)]
[268, array([-80., -40., -40.,   0.]), array([0, 3, 0, 2, 2, 0, 3, 0, 2, 2, 3, 2, 0, 3, 0, 2, 2, 3, 0, 0, 0, 3,
       1, 2, 0, 1, 3, 1, 0, 0, 2, 2, 3, 2, 3, 3, 0, 2, 1, 3], dtype=object)]
[261, array([-90., -45., -45.,   0.]), array([0, 3, 0, 2, 2, 0, 3, 0, 2, 2, 2, 2, 0, 3, 0, 2, 2, 3, 0, 0, 0, 3,
       1, 2, 0, 1, 3, 1, 0, 0, 3, 2, 2, 2, 3, 3, 0, 2, 1, 3], dtype=object)]
[258, array([-90., -45., -45.,   0.]), array([0, 3, 0, 2, 2, 0, 3, 0, 2, 2, 2, 2, 0, 3, 0, 0, 2, 3, 0, 0, 0, 3,
       1, 2, 0, 1, 3, 1, 0, 0, 3, 2, 3, 2, 3, 3, 0, 2, 1, 3], dtype=object)]
[260, array([-90., -45., -45.,   0.]), array([0, 3, 0, 2, 2, 0, 3, 0, 2, 2, 3, 2, 1, 3, 0, 2, 2, 3, 0, 0, 0, 3,
       1, 2, 0, 1, 3, 1, 0, 0, 3, 2, 2, 2, 3, 3, 0, 2, 1, 3], dtype=object)]
[269, array([-90., -45., -45.,   0.]), array([0, 3, 0, 2, 2, 0, 3, 0, 2, 2, 3, 2, 0, 3, 0, 2, 2, 3, 0, 0, 0, 3,
       1, 2, 0, 1, 3, 1, 0, 0, 3, 2, 3, 2, 3, 3, 0, 2, 1, 3], dtype=object)]
[262, array([-90., -45., -45.,   0.]), array([0, 3, 0, 2, 2, 0, 3, 0, 2, 2, 3, 2, 0, 3, 0, 2, 2, 3, 0, 0, 0, 3,
       1, 2, 0, 1, 3, 1, 0, 0, 3, 2, 1, 2, 3, 3, 0, 2, 1, 3], dtype=object)]
[270, array([-90., -45., -45.,   0.]), array([0, 3, 0, 2, 2, 0, 3, 0, 2, 2, 3, 2, 0, 3, 0, 3, 2, 3, 0, 0, 0, 3,
       1, 2, 0, 1, 3, 1, 0, 0, 3, 2, 1, 2, 3, 3, 0, 2, 1, 3], dtype=object)]
[259, array([-90., -45., -45.,   0.]), array([0, 3, 0, 2, 2, 0, 3, 0, 2, 2, 3, 2, 0, 3, 0, 2, 2, 3, 0, 0, 0, 3,
       1, 2, 0, 1, 3, 1, 0, 0, 3, 2, 2, 2, 3, 3, 0, 2, 1, 3], dtype=object)]
[261, array([-90., -45., -45.,   0.]), array([0, 3, 0, 2, 2, 0, 3, 0, 2, 2, 2, 2, 0, 3, 0, 2, 2, 3, 0, 0, 0, 3,
       1, 2, 0, 1, 3, 1, 0, 0, 3, 2, 2, 2, 3, 3, 0, 2, 1, 3], dtype=object)]
[263, array([-90., -45., -45.,   0.]), array([0, 3, 0, 2, 2, 0, 3, 0, 2, 2, 3, 2, 0, 3, 0, 2, 2, 3, 0, 0, 0, 3,
       1, 2, 0, 1, 3, 1, 0, 0, 3, 2, 3, 2, 3, 3, 0, 2, 1, 3], dtype=object)]
[260, array([-90., -45., -45.,   0.]), array([0, 3, 0, 2, 2, 0, 3, 0, 2, 2, 3, 2, 1, 3, 0, 2, 2, 3, 0, 0, 0, 3,
       1, 2, 0, 1, 3, 1, 0, 0, 3, 2, 2, 2, 3, 3, 0, 2, 1, 3], dtype=object)]
[271, array([-90., -45., -45.,   0.]), array([0, 3, 0, 2, 2, 0, 3, 0, 2, 2, 3, 2, 0, 3, 0, 2, 2, 3, 0, 0, 0, 3,
       1, 2, 0, 1, 3, 1, 0, 0, 3, 2, 1, 2, 3, 3, 0, 2, 1, 3], dtype=object)]
[262, array([-90., -45., -45.,   0.]), array([0, 3, 0, 2, 2, 0, 3, 0, 2, 2, 3, 2, 0, 3, 0, 2, 2, 3, 0, 0, 0, 3,
       1, 2, 0, 1, 3, 1, 0, 0, 3, 2, 1, 2, 3, 3, 0, 2, 1, 3], dtype=object)]
[272, array([-90., -45., -45.,   0.]), array([0, 3, 0, 2, 2, 0, 3, 0, 2, 2, 3, 2, 0, 3, 0, 3, 2, 3, 0, 0, 0, 3,
       1, 2, 0, 1, 3, 1, 0, 0, 3, 2, 3, 2, 3, 3, 0, 2, 1, 3], dtype=object)]
[261, array([-90., -45., -45.,   0.]), array([0, 3, 0, 2, 2, 0, 3, 0, 2, 2, 2, 2, 0, 3, 0, 2, 2, 3, 0, 0, 0, 3,
       1, 2, 0, 1, 3, 1, 0, 0, 3, 2, 2, 2, 3, 3, 0, 2, 1, 3], dtype=object)]
[264, array([-90., -45., -45.,   0.]), array([0, 3, 0, 2, 2, 0, 3, 0, 2, 2, 3, 2, 0, 3, 0, 2, 2, 3, 0, 0, 0, 3,
       1, 2, 0, 1, 3, 1, 0, 0, 3, 2, 0, 2, 3, 3, 0, 2, 1, 3], dtype=object)]
[263, array([-90., -45., -45.,   0.]), array([0, 3, 0, 2, 2, 0, 3, 0, 2, 2, 3, 2, 0, 3, 0, 2, 2, 3, 0, 0, 0, 3,
       1, 2, 0, 1, 3, 1, 0, 0, 3, 2, 3, 2, 3, 3, 0, 2, 1, 3], dtype=object)]
[262, array([-90., -45., -45.,   0.]), array([0, 3, 0, 2, 2, 0, 3, 0, 2, 2, 3, 2, 0, 3, 0, 2, 2, 3, 0, 0, 0, 3,
       1, 2, 0, 1, 3, 1, 0, 0, 3, 2, 1, 2, 3, 3, 0, 2, 1, 3], dtype=object)]
[273, array([-90., -45., -45.,   0.]), array([0, 3, 0, 2, 2, 0, 3, 0, 2, 2, 3, 2, 0, 3, 0, 2, 2, 3, 0, 0, 0, 3,
       1, 2, 0, 1, 3, 1, 0, 0, 3, 2, 1, 2, 3, 3, 0, 2, 1, 3], dtype=object)]
[265, array([-90., -45., -45.,   0.]), array([0, 3, 0, 2, 2, 0, 3, 0, 2, 2, 3, 2, 0, 3, 0, 2, 2, 3, 0, 0, 0, 3,
       1, 2, 0, 1, 3, 1, 0, 0, 3, 2, 3, 2, 3, 3, 0, 2, 1, 3], dtype=object)]
[264, array([-90., -45., -45.,   0.]), array([0, 3, 0, 2, 2, 0, 3, 0, 2, 2, 3, 2, 0, 3, 0, 2, 2, 3, 0, 0, 0, 3,
       1, 2, 0, 1, 3, 1, 0, 0, 3, 2, 0, 2, 3, 3, 0, 2, 1, 3], dtype=object)]
[274, array([-80., -40., -40.,   0.]), array([0, 3, 0, 2, 2, 0, 3, 0, 2, 2, 3, 2, 0, 3, 0, 2, 2, 3, 0, 0, 0, 3,
       1, 2, 0, 1, 3, 1, 0, 0, 2, 2, 1, 2, 3, 3, 0, 2, 1, 3], dtype=object)]
[263, array([-90., -45., -45.,   0.]), array([0, 3, 0, 2, 2, 0, 3, 0, 2, 2, 3, 2, 0, 3, 0, 2, 2, 3, 0, 0, 0, 3,
       1, 2, 0, 1, 3, 1, 0, 0, 3, 2, 3, 2, 3, 3, 0, 2, 1, 3], dtype=object)]
[266, array([-90., -45., -45.,   0.]), array([0, 3, 0, 2, 2, 0, 3, 0, 2, 2, 0, 2, 0, 3, 0, 2, 2, 3, 0, 0, 0, 3,
       1, 2, 0, 1, 3, 1, 0, 0, 3, 2, 3, 2, 3, 3, 0, 2, 1, 3], dtype=object)]
[265, array([-90., -45., -45.,   0.]), array([0, 3, 0, 2, 2, 0, 3, 0, 2, 2, 3, 2, 0, 3, 0, 2, 2, 3, 0, 0, 0, 3,
       1, 2, 0, 1, 3, 1, 0, 0, 3, 2, 3, 2, 3, 3, 0, 2, 1, 3], dtype=object)]
[275, array([-90., -45., -45.,   0.]), array([0, 3, 0, 2, 2, 0, 3, 0, 2, 2, 3, 2, 0, 3, 0, 2, 2, 3, 0, 0, 0, 3,
       1, 2, 0, 1, 3, 1, 0, 0, 3, 2, 1, 2, 3, 3, 0, 2, 1, 3], dtype=object)]
[264, array([-90., -45., -45.,   0.]), array([0, 3, 0, 2, 2, 0, 3, 0, 2, 2, 3, 2, 0, 3, 0, 2, 2, 3, 0, 0, 0, 3,
       1, 2, 0, 1, 3, 1, 0, 0, 3, 2, 0, 2, 3, 3, 0, 2, 1, 3], dtype=object)]
[266, array([-90., -45., -45.,   0.]), array([0, 3, 0, 2, 2, 0, 3, 0, 2, 2, 0, 2, 0, 3, 0, 2, 2, 3, 0, 0, 0, 3,
       1, 2, 0, 1, 3, 1, 0, 0, 3, 2, 3, 2, 3, 3, 0, 2, 1, 3], dtype=object)]
[267, array([-90., -45., -45.,   0.]), array([0, 3, 0, 2, 2, 0, 3, 0, 2, 2, 2, 2, 0, 3, 0, 2, 2, 3, 0, 0, 0, 3,
       1, 2, 0, 1, 3, 1, 0, 0, 3, 2, 1, 2, 3, 3, 0, 2, 1, 3], dtype=object)]
[276, array([-90., -45., -45.,   0.]), array([0, 3, 0, 2, 2, 0, 3, 0, 2, 2, 3, 2, 0, 3, 0, 1, 2, 3, 0, 0, 0, 3,
       1, 2, 0, 1, 3, 1, 0, 0, 3, 2, 1, 2, 3, 3, 0, 2, 1, 3], dtype=object)]
[265, array([-90., -45., -45.,   0.]), array([0, 3, 0, 2, 2, 0, 3, 0, 2, 2, 3, 2, 0, 3, 0, 2, 2, 3, 0, 0, 0, 3,
       1, 2, 0, 1, 3, 1, 0, 0, 3, 2, 3, 2, 3, 3, 0, 2, 1, 3], dtype=object)]
[268, array([-80., -40., -40.,   0.]), array([0, 3, 0, 2, 2, 0, 3, 0, 2, 2, 3, 2, 0, 3, 0, 2, 2, 3, 0, 0, 0, 3,
       1, 2, 0, 1, 3, 1, 0, 0, 2, 2, 3, 2, 3, 3, 0, 2, 1, 3], dtype=object)]
[267, array([-90., -45., -45.,   0.]), array([0, 3, 0, 2, 2, 0, 3, 0, 2, 2, 2, 2, 0, 3, 0, 2, 2, 3, 0, 0, 0, 3,
       1, 2, 0, 1, 3, 1, 0, 0, 3, 2, 1, 2, 3, 3, 0, 2, 1, 3], dtype=object)]
[277, array([-90., -45., -45.,   0.]), array([0, 3, 0, 2, 2, 0, 3, 0, 2, 2, 2, 2, 0, 3, 0, 2, 2, 3, 0, 0, 0, 3,
       1, 2, 0, 1, 3, 1, 0, 0, 3, 2, 1, 2, 3, 3, 0, 2, 1, 3], dtype=object)]
[266, array([-90., -45., -45.,   0.]), array([0, 3, 0, 2, 2, 0, 3, 0, 2, 2, 0, 2, 0, 3, 0, 2, 2, 3, 0, 0, 0, 3,
       1, 2, 0, 1, 3, 1, 0, 0, 3, 2, 3, 2, 3, 3, 0, 2, 1, 3], dtype=object)]
[268, array([-80., -40., -40.,   0.]), array([0, 3, 0, 2, 2, 0, 3, 0, 2, 2, 3, 2, 0, 3, 0, 2, 2, 3, 0, 0, 0, 3,
       1, 2, 0, 1, 3, 1, 0, 0, 2, 2, 3, 2, 3, 3, 0, 2, 1, 3], dtype=object)]
[269, array([-90., -45., -45.,   0.]), array([0, 3, 0, 2, 2, 0, 3, 0, 2, 2, 3, 2, 0, 3, 0, 2, 2, 3, 0, 0, 0, 3,
       1, 2, 0, 1, 3, 1, 0, 0, 3, 2, 3, 2, 3, 3, 0, 2, 1, 3], dtype=object)]
[278, array([-90., -45., -45.,   0.]), array([0, 3, 0, 2, 2, 0, 3, 0, 2, 2, 3, 2, 0, 3, 0, 0, 2, 3, 0, 0, 0, 3,
       1, 2, 0, 1, 3, 1, 0, 0, 3, 2, 1, 2, 3, 3, 0, 2, 1, 3], dtype=object)]
[267, array([-90., -45., -45.,   0.]), array([0, 3, 0, 2, 2, 0, 3, 0, 2, 2, 2, 2, 0, 3, 0, 2, 2, 3, 0, 0, 0, 3,
       1, 2, 0, 1, 3, 1, 0, 0, 3, 2, 1, 2, 3, 3, 0, 2, 1, 3], dtype=object)]
[270, array([-90., -45., -45.,   0.]), array([0, 3, 0, 2, 2, 0, 3, 0, 2, 2, 3, 2, 0, 3, 0, 3, 2, 3, 0, 0, 0, 3,
       1, 2, 0, 1, 3, 1, 0, 0, 3, 2, 1, 2, 3, 3, 0, 2, 1, 3], dtype=object)]
[269, array([-90., -45., -45.,   0.]), array([0, 3, 0, 2, 2, 0, 3, 0, 2, 2, 3, 2, 0, 3, 0, 2, 2, 3, 0, 0, 0, 3,
       1, 2, 0, 1, 3, 1, 0, 0, 3, 2, 3, 2, 3, 3, 0, 2, 1, 3], dtype=object)]
[279, array([-90., -45., -45.,   0.]), array([0, 3, 0, 2, 2, 0, 3, 0, 2, 2, 3, 2, 0, 3, 0, 2, 2, 3, 0, 0, 0, 3,
       1, 2, 0, 1, 3, 1, 0, 0, 3, 2, 1, 2, 3, 3, 0, 2, 1, 3], dtype=object)]
[268, array([-80., -40., -40.,   0.]), array([0, 3, 0, 2, 2, 0, 3, 0, 2, 2, 3, 2, 0, 3, 0, 2, 2, 3, 0, 0, 0, 3,
       1, 2, 0, 1, 3, 1, 0, 0, 2, 2, 3, 2, 3, 3, 0, 2, 1, 3], dtype=object)]
[271, array([-90., -45., -45.,   0.]), array([0, 3, 0, 2, 2, 0, 3, 0, 2, 2, 3, 2, 0, 3, 0, 2, 2, 3, 0, 0, 0, 3,
       1, 2, 0, 1, 3, 1, 0, 0, 3, 2, 1, 2, 3, 3, 0, 2, 1, 3], dtype=object)]
[270, array([-90., -45., -45.,   0.]), array([0, 3, 0, 2, 2, 0, 3, 0, 2, 2, 3, 2, 0, 3, 0, 3, 2, 3, 0, 0, 0, 3,
       1, 2, 0, 1, 3, 1, 0, 0, 3, 2, 1, 2, 3, 3, 0, 2, 1, 3], dtype=object)]
[280, array([-80., -40., -40.,   0.]), array([0, 3, 0, 2, 2, 0, 3, 0, 2, 2, 2, 2, 0, 3, 0, 2, 2, 3, 0, 0, 0, 3,
       1, 3, 0, 1, 3, 1, 0, 0, 3, 2, 1, 2, 3, 3, 0, 2, 1, 3], dtype=object)]
[269, array([-90., -45., -45.,   0.]), array([0, 3, 0, 2, 2, 0, 3, 0, 2, 2, 3, 2, 0, 3, 0, 2, 2, 3, 0, 0, 0, 3,
       1, 2, 0, 1, 3, 1, 0, 0, 3, 2, 3, 2, 3, 3, 0, 2, 1, 3], dtype=object)]
[272, array([-90., -45., -45.,   0.]), array([0, 3, 0, 2, 2, 0, 3, 0, 2, 2, 3, 2, 0, 3, 0, 3, 2, 3, 0, 0, 0, 3,
       1, 2, 0, 1, 3, 1, 0, 0, 3, 2, 3, 2, 3, 3, 0, 2, 1, 3], dtype=object)]
[271, array([-90., -45., -45.,   0.]), array([0, 3, 0, 2, 2, 0, 3, 0, 2, 2, 3, 2, 0, 3, 0, 2, 2, 3, 0, 0, 0, 3,
       1, 2, 0, 1, 3, 1, 0, 0, 3, 2, 1, 2, 3, 3, 0, 2, 1, 3], dtype=object)]
[281, array([-90., -45., -45.,   0.]), array([0, 3, 0, 2, 2, 0, 3, 0, 2, 2, 3, 2, 0, 3, 0, 2, 2, 3, 0, 0, 0, 3,
       1, 2, 0, 1, 3, 1, 0, 0, 3, 2, 1, 2, 3, 3, 0, 2, 1, 3], dtype=object)]
[270, array([-90., -45., -45.,   0.]), array([0, 3, 0, 2, 2, 0, 3, 0, 2, 2, 3, 2, 0, 3, 0, 3, 2, 3, 0, 0, 0, 3,
       1, 2, 0, 1, 3, 1, 0, 0, 3, 2, 1, 2, 3, 3, 0, 2, 1, 3], dtype=object)]
[273, array([-90., -45., -45.,   0.]), array([0, 3, 0, 2, 2, 0, 3, 0, 2, 2, 3, 2, 0, 3, 0, 2, 2, 3, 0, 0, 0, 3,
       1, 2, 0, 1, 3, 1, 0, 0, 3, 2, 1, 2, 3, 3, 0, 2, 1, 3], dtype=object)]
[272, array([-90., -45., -45.,   0.]), array([0, 3, 0, 2, 2, 0, 3, 0, 2, 2, 3, 2, 0, 3, 0, 3, 2, 3, 0, 0, 0, 3,
       1, 2, 0, 1, 3, 1, 0, 0, 3, 2, 3, 2, 3, 3, 0, 2, 1, 3], dtype=object)]
[282, array([-90., -45., -45.,   0.]), array([0, 3, 0, 2, 2, 0, 3, 0, 2, 2, 2, 2, 0, 3, 0, 3, 2, 3, 0, 0, 0, 3,
       1, 2, 0, 1, 3, 1, 0, 0, 3, 2, 1, 2, 3, 3, 0, 2, 1, 3], dtype=object)]
[271, array([-90., -45., -45.,   0.]), array([0, 3, 0, 2, 2, 0, 3, 0, 2, 2, 3, 2, 0, 3, 0, 2, 2, 3, 0, 0, 0, 3,
       1, 2, 0, 1, 3, 1, 0, 0, 3, 2, 1, 2, 3, 3, 0, 2, 1, 3], dtype=object)]
[274, array([-80., -40., -40.,   0.]), array([0, 3, 0, 2, 2, 0, 3, 0, 2, 2, 3, 2, 0, 3, 0, 2, 2, 3, 0, 0, 0, 3,
       1, 2, 0, 1, 3, 1, 0, 0, 2, 2, 1, 2, 3, 3, 0, 2, 1, 3], dtype=object)]
[273, array([-90., -45., -45.,   0.]), array([0, 3, 0, 2, 2, 0, 3, 0, 2, 2, 3, 2, 0, 3, 0, 2, 2, 3, 0, 0, 0, 3,
       1, 2, 0, 1, 3, 1, 0, 0, 3, 2, 1, 2, 3, 3, 0, 2, 1, 3], dtype=object)]
[283, array([-90., -45., -45.,   0.]), array([0, 3, 0, 2, 2, 0, 3, 0, 2, 2, 3, 2, 0, 3, 0, 2, 2, 3, 0, 0, 0, 3,
       1, 2, 0, 1, 3, 1, 0, 0, 3, 2, 1, 2, 3, 3, 0, 2, 1, 3], dtype=object)]
[272, array([-90., -45., -45.,   0.]), array([0, 3, 0, 2, 2, 0, 3, 0, 2, 2, 3, 2, 0, 3, 0, 3, 2, 3, 0, 0, 0, 3,
       1, 2, 0, 1, 3, 1, 0, 0, 3, 2, 3, 2, 3, 3, 0, 2, 1, 3], dtype=object)]
[275, array([-90., -45., -45.,   0.]), array([0, 3, 0, 2, 2, 0, 3, 0, 2, 2, 3, 2, 0, 3, 0, 2, 2, 3, 0, 0, 0, 3,
       1, 2, 0, 1, 3, 1, 0, 0, 3, 2, 1, 2, 3, 3, 0, 2, 1, 3], dtype=object)]
[274, array([-80., -40., -40.,   0.]), array([0, 3, 0, 2, 2, 0, 3, 0, 2, 2, 3, 2, 0, 3, 0, 2, 2, 3, 0, 0, 0, 3,
       1, 2, 0, 1, 3, 1, 0, 0, 2, 2, 1, 2, 3, 3, 0, 2, 1, 3], dtype=object)]
[284, array([-90., -45., -45.,   0.]), array([0, 3, 0, 2, 2, 0, 3, 0, 2, 2, 3, 2, 1, 3, 0, 2, 2, 3, 0, 0, 0, 3,
       1, 2, 0, 1, 3, 1, 0, 0, 3, 2, 1, 2, 3, 3, 0, 2, 1, 3], dtype=object)]
[273, array([-90., -45., -45.,   0.]), array([0, 3, 0, 2, 2, 0, 3, 0, 2, 2, 3, 2, 0, 3, 0, 2, 2, 3, 0, 0, 0, 3,
       1, 2, 0, 1, 3, 1, 0, 0, 3, 2, 1, 2, 3, 3, 0, 2, 1, 3], dtype=object)]
[276, array([-90., -45., -45.,   0.]), array([0, 3, 0, 2, 2, 0, 3, 0, 2, 2, 3, 2, 0, 3, 0, 1, 2, 3, 0, 0, 0, 3,
       1, 2, 0, 1, 3, 1, 0, 0, 3, 2, 1, 2, 3, 3, 0, 2, 1, 3], dtype=object)]
[275, array([-90., -45., -45.,   0.]), array([0, 3, 0, 2, 2, 0, 3, 0, 2, 2, 3, 2, 0, 3, 0, 2, 2, 3, 0, 0, 0, 3,
       1, 2, 0, 1, 3, 1, 0, 0, 3, 2, 1, 2, 3, 3, 0, 2, 1, 3], dtype=object)]
[285, array([-90., -45., -45.,   0.]), array([0, 3, 0, 2, 2, 0, 3, 0, 2, 2, 2, 2, 0, 3, 0, 2, 2, 3, 0, 0, 0, 3,
       1, 2, 0, 1, 3, 1, 0, 0, 3, 2, 3, 2, 3, 3, 0, 2, 1, 3], dtype=object)]
[274, array([-80., -40., -40.,   0.]), array([0, 3, 0, 2, 2, 0, 3, 0, 2, 2, 3, 2, 0, 3, 0, 2, 2, 3, 0, 0, 0, 3,
       1, 2, 0, 1, 3, 1, 0, 0, 2, 2, 1, 2, 3, 3, 0, 2, 1, 3], dtype=object)]
[277, array([-90., -45., -45.,   0.]), array([0, 3, 0, 2, 2, 0, 3, 0, 2, 2, 2, 2, 0, 3, 0, 2, 2, 3, 0, 0, 0, 3,
       1, 2, 0, 1, 3, 1, 0, 0, 3, 2, 1, 2, 3, 3, 0, 2, 1, 3], dtype=object)]
[276, array([-90., -45., -45.,   0.]), array([0, 3, 0, 2, 2, 0, 3, 0, 2, 2, 3, 2, 0, 3, 0, 1, 2, 3, 0, 0, 0, 3,
       1, 2, 0, 1, 3, 1, 0, 0, 3, 2, 1, 2, 3, 3, 0, 2, 1, 3], dtype=object)]
[286, array([-80., -40., -40.,   0.]), array([0, 3, 0, 2, 2, 0, 3, 0, 2, 2, 2, 2, 0, 3, 0, 2, 2, 3, 0, 0, 0, 3,
       1, 2, 0, 1, 3, 1, 0, 0, 3, 2, 3, 2, 3, 3, 0, 2, 1, 2], dtype=object)]
[275, array([-90., -45., -45.,   0.]), array([0, 3, 0, 2, 2, 0, 3, 0, 2, 2, 3, 2, 0, 3, 0, 2, 2, 3, 0, 0, 0, 3,
       1, 2, 0, 1, 3, 1, 0, 0, 3, 2, 1, 2, 3, 3, 0, 2, 1, 3], dtype=object)]
[278, array([-90., -45., -45.,   0.]), array([0, 3, 0, 2, 2, 0, 3, 0, 2, 2, 3, 2, 0, 3, 0, 0, 2, 3, 0, 0, 0, 3,
       1, 2, 0, 1, 3, 1, 0, 0, 3, 2, 1, 2, 3, 3, 0, 2, 1, 3], dtype=object)]
[277, array([-90., -45., -45.,   0.]), array([0, 3, 0, 2, 2, 0, 3, 0, 2, 2, 2, 2, 0, 3, 0, 2, 2, 3, 0, 0, 0, 3,
       1, 2, 0, 1, 3, 1, 0, 0, 3, 2, 1, 2, 3, 3, 0, 2, 1, 3], dtype=object)]
[287, array([-90., -45., -45.,   0.]), array([0, 3, 0, 2, 2, 0, 3, 0, 2, 2, 2, 2, 0, 3, 0, 2, 2, 3, 0, 0, 0, 3,
       1, 2, 0, 1, 3, 1, 0, 0, 3, 2, 3, 2, 3, 3, 0, 2, 1, 3], dtype=object)]
[276, array([-90., -45., -45.,   0.]), array([0, 3, 0, 2, 2, 0, 3, 0, 2, 2, 3, 2, 0, 3, 0, 1, 2, 3, 0, 0, 0, 3,
       1, 2, 0, 1, 3, 1, 0, 0, 3, 2, 1, 2, 3, 3, 0, 2, 1, 3], dtype=object)]
[279, array([-90., -45., -45.,   0.]), array([0, 3, 0, 2, 2, 0, 3, 0, 2, 2, 3, 2, 0, 3, 0, 2, 2, 3, 0, 0, 0, 3,
       1, 2, 0, 1, 3, 1, 0, 0, 3, 2, 1, 2, 3, 3, 0, 2, 1, 3], dtype=object)]
[278, array([-90., -45., -45.,   0.]), array([0, 3, 0, 2, 2, 0, 3, 0, 2, 2, 3, 2, 0, 3, 0, 0, 2, 3, 0, 0, 0, 3,
       1, 2, 0, 1, 3, 1, 0, 0, 3, 2, 1, 2, 3, 3, 0, 2, 1, 3], dtype=object)]
[288, array([-90., -45., -45.,   0.]), array([0, 3, 0, 2, 2, 0, 3, 0, 2, 2, 3, 2, 1, 3, 0, 2, 2, 3, 0, 0, 0, 3,
       1, 2, 0, 1, 3, 1, 0, 0, 3, 2, 3, 2, 3, 3, 0, 2, 1, 3], dtype=object)]
[277, array([-90., -45., -45.,   0.]), array([0, 3, 0, 2, 2, 0, 3, 0, 2, 2, 2, 2, 0, 3, 0, 2, 2, 3, 0, 0, 0, 3,
       1, 2, 0, 1, 3, 1, 0, 0, 3, 2, 1, 2, 3, 3, 0, 2, 1, 3], dtype=object)]
[280, array([-80., -40., -40.,   0.]), array([0, 3, 0, 2, 2, 0, 3, 0, 2, 2, 2, 2, 0, 3, 0, 2, 2, 3, 0, 0, 0, 3,
       1, 3, 0, 1, 3, 1, 0, 0, 3, 2, 1, 2, 3, 3, 0, 2, 1, 3], dtype=object)]
[289, array([-90., -45., -45.,   0.]), array([0, 3, 0, 2, 2, 0, 3, 0, 2, 2, 3, 2, 0, 3, 0, 1, 2, 3, 0, 0, 0, 3,
       1, 2, 0, 1, 3, 1, 0, 0, 3, 2, 1, 2, 3, 3, 0, 2, 1, 3], dtype=object)]
[279, array([-90., -45., -45.,   0.]), array([0, 3, 0, 2, 2, 0, 3, 0, 2, 2, 3, 2, 0, 3, 0, 2, 2, 3, 0, 0, 0, 3,
       1, 2, 0, 1, 3, 1, 0, 0, 3, 2, 1, 2, 3, 3, 0, 2, 1, 3], dtype=object)]
[278, array([-90., -45., -45.,   0.]), array([0, 3, 0, 2, 2, 0, 3, 0, 2, 2, 3, 2, 0, 3, 0, 0, 2, 3, 0, 0, 0, 3,
       1, 2, 0, 1, 3, 1, 0, 0, 3, 2, 1, 2, 3, 3, 0, 2, 1, 3], dtype=object)]
[281, array([-90., -45., -45.,   0.]), array([0, 3, 0, 2, 2, 0, 3, 0, 2, 2, 3, 2, 0, 3, 0, 2, 2, 3, 0, 0, 0, 3,
       1, 2, 0, 1, 3, 1, 0, 0, 3, 2, 1, 2, 3, 3, 0, 2, 1, 3], dtype=object)]
[290, array([-80., -40., -40.,   0.]), array([0, 3, 0, 2, 2, 0, 3, 0, 2, 2, 3, 2, 0, 3, 0, 2, 2, 3, 0, 0, 0, 3,
       1, 3, 0, 1, 3, 1, 0, 0, 3, 2, 3, 2, 3, 3, 0, 2, 1, 3], dtype=object)]
[280, array([-80., -40., -40.,   0.]), array([0, 3, 0, 2, 2, 0, 3, 0, 2, 2, 2, 2, 0, 3, 0, 2, 2, 3, 0, 0, 0, 3,
       1, 3, 0, 1, 3, 1, 0, 0, 3, 2, 1, 2, 3, 3, 0, 2, 1, 3], dtype=object)]
[279, array([-90., -45., -45.,   0.]), array([0, 3, 0, 2, 2, 0, 3, 0, 2, 2, 3, 2, 0, 3, 0, 2, 2, 3, 0, 0, 0, 3,
       1, 2, 0, 1, 3, 1, 0, 0, 3, 2, 1, 2, 3, 3, 0, 2, 1, 3], dtype=object)]
[282, array([-90., -45., -45.,   0.]), array([0, 3, 0, 2, 2, 0, 3, 0, 2, 2, 2, 2, 0, 3, 0, 3, 2, 3, 0, 0, 0, 3,
       1, 2, 0, 1, 3, 1, 0, 0, 3, 2, 1, 2, 3, 3, 0, 2, 1, 3], dtype=object)]
[291, array([-90., -45., -45.,   0.]), array([0, 3, 0, 2, 2, 0, 3, 0, 2, 2, 3, 2, 0, 3, 0, 2, 2, 3, 0, 0, 0, 3,
       1, 2, 0, 1, 3, 1, 0, 0, 3, 2, 1, 2, 3, 3, 0, 2, 1, 3], dtype=object)]
[281, array([-90., -45., -45.,   0.]), array([0, 3, 0, 2, 2, 0, 3, 0, 2, 2, 3, 2, 0, 3, 0, 2, 2, 3, 0, 0, 0, 3,
       1, 2, 0, 1, 3, 1, 0, 0, 3, 2, 1, 2, 3, 3, 0, 2, 1, 3], dtype=object)]
[280, array([-80., -40., -40.,   0.]), array([0, 3, 0, 2, 2, 0, 3, 0, 2, 2, 2, 2, 0, 3, 0, 2, 2, 3, 0, 0, 0, 3,
       1, 3, 0, 1, 3, 1, 0, 0, 3, 2, 1, 2, 3, 3, 0, 2, 1, 3], dtype=object)]
[283, array([-90., -45., -45.,   0.]), array([0, 3, 0, 2, 2, 0, 3, 0, 2, 2, 3, 2, 0, 3, 0, 2, 2, 3, 0, 0, 0, 3,
       1, 2, 0, 1, 3, 1, 0, 0, 3, 2, 1, 2, 3, 3, 0, 2, 1, 3], dtype=object)]
[292, array([-90., -45., -45.,   0.]), array([0, 3, 0, 2, 2, 0, 3, 0, 2, 2, 3, 2, 0, 3, 0, 1, 2, 3, 0, 0, 0, 3,
       1, 2, 0, 1, 3, 1, 0, 0, 3, 2, 1, 2, 3, 3, 0, 2, 1, 3], dtype=object)]
[282, array([-90., -45., -45.,   0.]), array([0, 3, 0, 2, 2, 0, 3, 0, 2, 2, 2, 2, 0, 3, 0, 3, 2, 3, 0, 0, 0, 3,
       1, 2, 0, 1, 3, 1, 0, 0, 3, 2, 1, 2, 3, 3, 0, 2, 1, 3], dtype=object)]
[281, array([-90., -45., -45.,   0.]), array([0, 3, 0, 2, 2, 0, 3, 0, 2, 2, 3, 2, 0, 3, 0, 2, 2, 3, 0, 0, 0, 3,
       1, 2, 0, 1, 3, 1, 0, 0, 3, 2, 1, 2, 3, 3, 0, 2, 1, 3], dtype=object)]
[284, array([-90., -45., -45.,   0.]), array([0, 3, 0, 2, 2, 0, 3, 0, 2, 2, 3, 2, 1, 3, 0, 2, 2, 3, 0, 0, 0, 3,
       1, 2, 0, 1, 3, 1, 0, 0, 3, 2, 1, 2, 3, 3, 0, 2, 1, 3], dtype=object)]
[293, array([-90., -45., -45.,   0.]), array([0, 3, 0, 2, 2, 0, 3, 0, 2, 2, 3, 2, 1, 3, 0, 2, 2, 3, 0, 0, 0, 3,
       1, 2, 0, 1, 3, 1, 0, 0, 3, 2, 1, 2, 3, 3, 0, 2, 1, 3], dtype=object)]
[283, array([-90., -45., -45.,   0.]), array([0, 3, 0, 2, 2, 0, 3, 0, 2, 2, 3, 2, 0, 3, 0, 2, 2, 3, 0, 0, 0, 3,
       1, 2, 0, 1, 3, 1, 0, 0, 3, 2, 1, 2, 3, 3, 0, 2, 1, 3], dtype=object)]
[282, array([-90., -45., -45.,   0.]), array([0, 3, 0, 2, 2, 0, 3, 0, 2, 2, 2, 2, 0, 3, 0, 3, 2, 3, 0, 0, 0, 3,
       1, 2, 0, 1, 3, 1, 0, 0, 3, 2, 1, 2, 3, 3, 0, 2, 1, 3], dtype=object)]
[294, array([-90., -45., -45.,   0.]), array([0, 3, 0, 2, 2, 0, 3, 0, 2, 2, 3, 2, 0, 3, 0, 0, 2, 3, 0, 0, 0, 3,
       1, 2, 0, 1, 3, 1, 0, 0, 3, 2, 1, 2, 3, 3, 0, 2, 1, 3], dtype=object)]
[285, array([-90., -45., -45.,   0.]), array([0, 3, 0, 2, 2, 0, 3, 0, 2, 2, 2, 2, 0, 3, 0, 2, 2, 3, 0, 0, 0, 3,
       1, 2, 0, 1, 3, 1, 0, 0, 3, 2, 3, 2, 3, 3, 0, 2, 1, 3], dtype=object)]
[284, array([-90., -45., -45.,   0.]), array([0, 3, 0, 2, 2, 0, 3, 0, 2, 2, 3, 2, 1, 3, 0, 2, 2, 3, 0, 0, 0, 3,
       1, 2, 0, 1, 3, 1, 0, 0, 3, 2, 1, 2, 3, 3, 0, 2, 1, 3], dtype=object)]
[283, array([-90., -45., -45.,   0.]), array([0, 3, 0, 2, 2, 0, 3, 0, 2, 2, 3, 2, 0, 3, 0, 2, 2, 3, 0, 0, 0, 3,
       1, 2, 0, 1, 3, 1, 0, 0, 3, 2, 1, 2, 3, 3, 0, 2, 1, 3], dtype=object)]
[286, array([-80., -40., -40.,   0.]), array([0, 3, 0, 2, 2, 0, 3, 0, 2, 2, 2, 2, 0, 3, 0, 2, 2, 3, 0, 0, 0, 3,
       1, 2, 0, 1, 3, 1, 0, 0, 3, 2, 3, 2, 3, 3, 0, 2, 1, 2], dtype=object)]
[295, array([-90., -45., -45.,   0.]), array([0, 3, 0, 2, 2, 0, 3, 0, 2, 2, 3, 2, 1, 3, 0, 2, 2, 3, 0, 0, 0, 3,
       1, 2, 0, 1, 3, 1, 0, 0, 3, 2, 1, 2, 3, 3, 0, 2, 1, 3], dtype=object)]
[285, array([-90., -45., -45.,   0.]), array([0, 3, 0, 2, 2, 0, 3, 0, 2, 2, 2, 2, 0, 3, 0, 2, 2, 3, 0, 0, 0, 3,
       1, 2, 0, 1, 3, 1, 0, 0, 3, 2, 3, 2, 3, 3, 0, 2, 1, 3], dtype=object)]
[284, array([-90., -45., -45.,   0.]), array([0, 3, 0, 2, 2, 0, 3, 0, 2, 2, 3, 2, 1, 3, 0, 2, 2, 3, 0, 0, 0, 3,
       1, 2, 0, 1, 3, 1, 0, 0, 3, 2, 1, 2, 3, 3, 0, 2, 1, 3], dtype=object)]
[296, array([-90., -45., -45.,   0.]), array([0, 3, 0, 2, 2, 0, 3, 0, 2, 2, 3, 2, 2, 3, 0, 2, 2, 3, 0, 0, 0, 3,
       1, 2, 0, 1, 3, 1, 0, 0, 3, 2, 3, 2, 3, 3, 0, 2, 1, 3], dtype=object)]
[287, array([-90., -45., -45.,   0.]), array([0, 3, 0, 2, 2, 0, 3, 0, 2, 2, 2, 2, 0, 3, 0, 2, 2, 3, 0, 0, 0, 3,
       1, 2, 0, 1, 3, 1, 0, 0, 3, 2, 3, 2, 3, 3, 0, 2, 1, 3], dtype=object)]
[286, array([-80., -40., -40.,   0.]), array([0, 3, 0, 2, 2, 0, 3, 0, 2, 2, 2, 2, 0, 3, 0, 2, 2, 3, 0, 0, 0, 3,
       1, 2, 0, 1, 3, 1, 0, 0, 3, 2, 3, 2, 3, 3, 0, 2, 1, 2], dtype=object)]
[285, array([-90., -45., -45.,   0.]), array([0, 3, 0, 2, 2, 0, 3, 0, 2, 2, 2, 2, 0, 3, 0, 2, 2, 3, 0, 0, 0, 3,
       1, 2, 0, 1, 3, 1, 0, 0, 3, 2, 3, 2, 3, 3, 0, 2, 1, 3], dtype=object)]
[288, array([-90., -45., -45.,   0.]), array([0, 3, 0, 2, 2, 0, 3, 0, 2, 2, 3, 2, 1, 3, 0, 2, 2, 3, 0, 0, 0, 3,
       1, 2, 0, 1, 3, 1, 0, 0, 3, 2, 3, 2, 3, 3, 0, 2, 1, 3], dtype=object)]
[297, array([-90., -45., -45.,   0.]), array([0, 3, 0, 2, 2, 0, 3, 0, 2, 2, 3, 2, 0, 3, 0, 2, 2, 3, 0, 0, 0, 3,
       1, 2, 0, 1, 3, 1, 0, 0, 3, 2, 1, 2, 3, 3, 0, 2, 1, 3], dtype=object)]
[287, array([-90., -45., -45.,   0.]), array([0, 3, 0, 2, 2, 0, 3, 0, 2, 2, 2, 2, 0, 3, 0, 2, 2, 3, 0, 0, 0, 3,
       1, 2, 0, 1, 3, 1, 0, 0, 3, 2, 3, 2, 3, 3, 0, 2, 1, 3], dtype=object)]
[286, array([-80., -40., -40.,   0.]), array([0, 3, 0, 2, 2, 0, 3, 0, 2, 2, 2, 2, 0, 3, 0, 2, 2, 3, 0, 0, 0, 3,
       1, 2, 0, 1, 3, 1, 0, 0, 3, 2, 3, 2, 3, 3, 0, 2, 1, 2], dtype=object)]
[298, array([-90., -45., -45.,   0.]), array([0, 3, 0, 2, 2, 0, 3, 0, 2, 2, 3, 2, 1, 3, 0, 0, 2, 3, 0, 0, 0, 3,
       1, 2, 0, 1, 3, 1, 0, 0, 3, 2, 1, 2, 3, 3, 0, 2, 1, 3], dtype=object)]
[289, array([-90., -45., -45.,   0.]), array([0, 3, 0, 2, 2, 0, 3, 0, 2, 2, 3, 2, 0, 3, 0, 1, 2, 3, 0, 0, 0, 3,
       1, 2, 0, 1, 3, 1, 0, 0, 3, 2, 1, 2, 3, 3, 0, 2, 1, 3], dtype=object)]
[288, array([-90., -45., -45.,   0.]), array([0, 3, 0, 2, 2, 0, 3, 0, 2, 2, 3, 2, 1, 3, 0, 2, 2, 3, 0, 0, 0, 3,
       1, 2, 0, 1, 3, 1, 0, 0, 3, 2, 3, 2, 3, 3, 0, 2, 1, 3], dtype=object)]
[287, array([-90., -45., -45.,   0.]), array([0, 3, 0, 2, 2, 0, 3, 0, 2, 2, 2, 2, 0, 3, 0, 2, 2, 3, 0, 0, 0, 3,
       1, 2, 0, 1, 3, 1, 0, 0, 3, 2, 3, 2, 3, 3, 0, 2, 1, 3], dtype=object)]
[299, array([-90., -45., -45.,   0.]), array([0, 3, 0, 2, 2, 0, 3, 0, 2, 2, 3, 2, 1, 3, 0, 2, 2, 3, 0, 0, 0, 3,
       1, 2, 0, 1, 3, 1, 0, 0, 3, 2, 1, 2, 3, 3, 0, 2, 1, 3], dtype=object)]
[290, array([-80., -40., -40.,   0.]), array([0, 3, 0, 2, 2, 0, 3, 0, 2, 2, 3, 2, 0, 3, 0, 2, 2, 3, 0, 0, 0, 3,
       1, 3, 0, 1, 3, 1, 0, 0, 3, 2, 3, 2, 3, 3, 0, 2, 1, 3], dtype=object)]
[289, array([-90., -45., -45.,   0.]), array([0, 3, 0, 2, 2, 0, 3, 0, 2, 2, 3, 2, 0, 3, 0, 1, 2, 3, 0, 0, 0, 3,
       1, 2, 0, 1, 3, 1, 0, 0, 3, 2, 1, 2, 3, 3, 0, 2, 1, 3], dtype=object)]
[300, array([-90., -45., -45.,   0.]), array([0, 3, 0, 2, 2, 0, 3, 0, 2, 2, 3, 2, 1, 3, 0, 3, 2, 3, 0, 0, 0, 3,
       1, 2, 0, 1, 3, 1, 0, 0, 3, 2, 3, 2, 3, 3, 0, 2, 1, 3], dtype=object)]
[288, array([-90., -45., -45.,   0.]), array([0, 3, 0, 2, 2, 0, 3, 0, 2, 2, 3, 2, 1, 3, 0, 2, 2, 3, 0, 0, 0, 3,
       1, 2, 0, 1, 3, 1, 0, 0, 3, 2, 3, 2, 3, 3, 0, 2, 1, 3], dtype=object)]
[291, array([-90., -45., -45.,   0.]), array([0, 3, 0, 2, 2, 0, 3, 0, 2, 2, 3, 2, 0, 3, 0, 2, 2, 3, 0, 0, 0, 3,
       1, 2, 0, 1, 3, 1, 0, 0, 3, 2, 1, 2, 3, 3, 0, 2, 1, 3], dtype=object)]
[290, array([-80., -40., -40.,   0.]), array([0, 3, 0, 2, 2, 0, 3, 0, 2, 2, 3, 2, 0, 3, 0, 2, 2, 3, 0, 0, 0, 3,
       1, 3, 0, 1, 3, 1, 0, 0, 3, 2, 3, 2, 3, 3, 0, 2, 1, 3], dtype=object)]
[301, array([-90., -45., -45.,   0.]), array([0, 3, 0, 2, 2, 0, 3, 0, 2, 2, 3, 2, 2, 3, 0, 2, 2, 3, 0, 0, 0, 3,
       1, 2, 0, 1, 3, 1, 0, 0, 3, 2, 1, 2, 3, 3, 0, 2, 1, 3], dtype=object)]
[289, array([-90., -45., -45.,   0.]), array([0, 3, 0, 2, 2, 0, 3, 0, 2, 2, 3, 2, 0, 3, 0, 1, 2, 3, 0, 0, 0, 3,
       1, 2, 0, 1, 3, 1, 0, 0, 3, 2, 1, 2, 3, 3, 0, 2, 1, 3], dtype=object)]
[292, array([-90., -45., -45.,   0.]), array([0, 3, 0, 2, 2, 0, 3, 0, 2, 2, 3, 2, 0, 3, 0, 1, 2, 3, 0, 0, 0, 3,
       1, 2, 0, 1, 3, 1, 0, 0, 3, 2, 1, 2, 3, 3, 0, 2, 1, 3], dtype=object)]
[302, array([-90., -45., -45.,   0.]), array([0, 3, 0, 2, 2, 0, 3, 0, 2, 2, 0, 2, 0, 3, 0, 2, 2, 3, 0, 0, 0, 3,
       1, 2, 0, 1, 3, 1, 0, 0, 3, 2, 1, 2, 3, 3, 0, 2, 1, 3], dtype=object)]
[291, array([-90., -45., -45.,   0.]), array([0, 3, 0, 2, 2, 0, 3, 0, 2, 2, 3, 2, 0, 3, 0, 2, 2, 3, 0, 0, 0, 3,
       1, 2, 0, 1, 3, 1, 0, 0, 3, 2, 1, 2, 3, 3, 0, 2, 1, 3], dtype=object)]
[290, array([-80., -40., -40.,   0.]), array([0, 3, 0, 2, 2, 0, 3, 0, 2, 2, 3, 2, 0, 3, 0, 2, 2, 3, 0, 0, 0, 3,
       1, 3, 0, 1, 3, 1, 0, 0, 3, 2, 3, 2, 3, 3, 0, 2, 1, 3], dtype=object)]
[293, array([-90., -45., -45.,   0.]), array([0, 3, 0, 2, 2, 0, 3, 0, 2, 2, 3, 2, 1, 3, 0, 2, 2, 3, 0, 0, 0, 3,
       1, 2, 0, 1, 3, 1, 0, 0, 3, 2, 1, 2, 3, 3, 0, 2, 1, 3], dtype=object)]
[292, array([-90., -45., -45.,   0.]), array([0, 3, 0, 2, 2, 0, 3, 0, 2, 2, 3, 2, 0, 3, 0, 1, 2, 3, 0, 0, 0, 3,
       1, 2, 0, 1, 3, 1, 0, 0, 3, 2, 1, 2, 3, 3, 0, 2, 1, 3], dtype=object)]
[303, array([-90., -45., -45.,   0.]), array([0, 3, 0, 2, 2, 0, 3, 0, 2, 2, 3, 2, 0, 3, 0, 2, 2, 3, 0, 0, 0, 3,
       1, 2, 0, 1, 3, 1, 0, 0, 3, 2, 3, 2, 3, 3, 0, 2, 1, 3], dtype=object)]
[294, array([-90., -45., -45.,   0.]), array([0, 3, 0, 2, 2, 0, 3, 0, 2, 2, 3, 2, 0, 3, 0, 0, 2, 3, 0, 0, 0, 3,
       1, 2, 0, 1, 3, 1, 0, 0, 3, 2, 1, 2, 3, 3, 0, 2, 1, 3], dtype=object)]
[291, array([-90., -45., -45.,   0.]), array([0, 3, 0, 2, 2, 0, 3, 0, 2, 2, 3, 2, 0, 3, 0, 2, 2, 3, 0, 0, 0, 3,
       1, 2, 0, 1, 3, 1, 0, 0, 3, 2, 1, 2, 3, 3, 0, 2, 1, 3], dtype=object)]
[304, array([-90., -45., -45.,   0.]), array([0, 3, 0, 2, 2, 0, 3, 0, 2, 2, 3, 2, 1, 3, 0, 2, 2, 3, 0, 0, 0, 3,
       1, 2, 0, 1, 3, 1, 0, 0, 3, 2, 3, 2, 3, 3, 0, 2, 1, 3], dtype=object)]
[293, array([-90., -45., -45.,   0.]), array([0, 3, 0, 2, 2, 0, 3, 0, 2, 2, 3, 2, 1, 3, 0, 2, 2, 3, 0, 0, 0, 3,
       1, 2, 0, 1, 3, 1, 0, 0, 3, 2, 1, 2, 3, 3, 0, 2, 1, 3], dtype=object)]
[295, array([-90., -45., -45.,   0.]), array([0, 3, 0, 2, 2, 0, 3, 0, 2, 2, 3, 2, 1, 3, 0, 2, 2, 3, 0, 0, 0, 3,
       1, 2, 0, 1, 3, 1, 0, 0, 3, 2, 1, 2, 3, 3, 0, 2, 1, 3], dtype=object)]
[292, array([-90., -45., -45.,   0.]), array([0, 3, 0, 2, 2, 0, 3, 0, 2, 2, 3, 2, 0, 3, 0, 1, 2, 3, 0, 0, 0, 3,
       1, 2, 0, 1, 3, 1, 0, 0, 3, 2, 1, 2, 3, 3, 0, 2, 1, 3], dtype=object)]
[294, array([-90., -45., -45.,   0.]), array([0, 3, 0, 2, 2, 0, 3, 0, 2, 2, 3, 2, 0, 3, 0, 0, 2, 3, 0, 0, 0, 3,
       1, 2, 0, 1, 3, 1, 0, 0, 3, 2, 1, 2, 3, 3, 0, 2, 1, 3], dtype=object)]
[305, array([-90., -45., -45.,   0.]), array([0, 3, 0, 2, 2, 0, 3, 0, 2, 2, 0, 2, 0, 3, 0, 2, 2, 3, 0, 0, 0, 3,
       1, 2, 0, 1, 3, 1, 0, 0, 3, 2, 3, 2, 3, 3, 0, 2, 1, 3], dtype=object)]
[296, array([-90., -45., -45.,   0.]), array([0, 3, 0, 2, 2, 0, 3, 0, 2, 2, 3, 2, 2, 3, 0, 2, 2, 3, 0, 0, 0, 3,
       1, 2, 0, 1, 3, 1, 0, 0, 3, 2, 3, 2, 3, 3, 0, 2, 1, 3], dtype=object)]
[293, array([-90., -45., -45.,   0.]), array([0, 3, 0, 2, 2, 0, 3, 0, 2, 2, 3, 2, 1, 3, 0, 2, 2, 3, 0, 0, 0, 3,
       1, 2, 0, 1, 3, 1, 0, 0, 3, 2, 1, 2, 3, 3, 0, 2, 1, 3], dtype=object)]
[306, array([-90., -45., -45.,   0.]), array([0, 3, 0, 2, 2, 0, 3, 0, 2, 2, 0, 2, 0, 3, 0, 0, 2, 3, 0, 0, 0, 3,
       1, 2, 0, 1, 3, 1, 0, 0, 3, 2, 1, 2, 3, 3, 0, 2, 1, 3], dtype=object)]
[295, array([-90., -45., -45.,   0.]), array([0, 3, 0, 2, 2, 0, 3, 0, 2, 2, 3, 2, 1, 3, 0, 2, 2, 3, 0, 0, 0, 3,
       1, 2, 0, 1, 3, 1, 0, 0, 3, 2, 1, 2, 3, 3, 0, 2, 1, 3], dtype=object)]
[297, array([-90., -45., -45.,   0.]), array([0, 3, 0, 2, 2, 0, 3, 0, 2, 2, 3, 2, 0, 3, 0, 2, 2, 3, 0, 0, 0, 3,
       1, 2, 0, 1, 3, 1, 0, 0, 3, 2, 1, 2, 3, 3, 0, 2, 1, 3], dtype=object)]
[294, array([-90., -45., -45.,   0.]), array([0, 3, 0, 2, 2, 0, 3, 0, 2, 2, 3, 2, 0, 3, 0, 0, 2, 3, 0, 0, 0, 3,
       1, 2, 0, 1, 3, 1, 0, 0, 3, 2, 1, 2, 3, 3, 0, 2, 1, 3], dtype=object)]
[296, array([-90., -45., -45.,   0.]), array([0, 3, 0, 2, 2, 0, 3, 0, 2, 2, 3, 2, 2, 3, 0, 2, 2, 3, 0, 0, 0, 3,
       1, 2, 0, 1, 3, 1, 0, 0, 3, 2, 3, 2, 3, 3, 0, 2, 1, 3], dtype=object)]
[307, array([-90., -45., -45.,   0.]), array([0, 3, 0, 2, 2, 0, 3, 0, 2, 2, 3, 2, 1, 3, 0, 2, 2, 3, 0, 0, 0, 3,
       1, 2, 0, 1, 3, 1, 0, 0, 3, 2, 3, 2, 3, 3, 0, 2, 1, 3], dtype=object)]
[298, array([-90., -45., -45.,   0.]), array([0, 3, 0, 2, 2, 0, 3, 0, 2, 2, 3, 2, 1, 3, 0, 0, 2, 3, 0, 0, 0, 3,
       1, 2, 0, 1, 3, 1, 0, 0, 3, 2, 1, 2, 3, 3, 0, 2, 1, 3], dtype=object)]
[295, array([-90., -45., -45.,   0.]), array([0, 3, 0, 2, 2, 0, 3, 0, 2, 2, 3, 2, 1, 3, 0, 2, 2, 3, 0, 0, 0, 3,
       1, 2, 0, 1, 3, 1, 0, 0, 3, 2, 1, 2, 3, 3, 0, 2, 1, 3], dtype=object)]
[308, array([-90., -45., -45.,   0.]), array([0, 3, 0, 2, 2, 0, 3, 0, 2, 2, 0, 2, 3, 3, 0, 2, 2, 3, 0, 0, 0, 3,
       1, 2, 0, 1, 3, 1, 0, 0, 3, 2, 3, 2, 3, 3, 0, 2, 1, 3], dtype=object)]
[297, array([-90., -45., -45.,   0.]), array([0, 3, 0, 2, 2, 0, 3, 0, 2, 2, 3, 2, 0, 3, 0, 2, 2, 3, 0, 0, 0, 3,
       1, 2, 0, 1, 3, 1, 0, 0, 3, 2, 1, 2, 3, 3, 0, 2, 1, 3], dtype=object)]
[299, array([-90., -45., -45.,   0.]), array([0, 3, 0, 2, 2, 0, 3, 0, 2, 2, 3, 2, 1, 3, 0, 2, 2, 3, 0, 0, 0, 3,
       1, 2, 0, 1, 3, 1, 0, 0, 3, 2, 1, 2, 3, 3, 0, 2, 1, 3], dtype=object)]
[296, array([-90., -45., -45.,   0.]), array([0, 3, 0, 2, 2, 0, 3, 0, 2, 2, 3, 2, 2, 3, 0, 2, 2, 3, 0, 0, 0, 3,
       1, 2, 0, 1, 3, 1, 0, 0, 3, 2, 3, 2, 3, 3, 0, 2, 1, 3], dtype=object)]
[309, array([-90., -45., -45.,   0.]), array([0, 3, 0, 2, 2, 0, 3, 0, 2, 2, 0, 2, 3, 3, 0, 2, 2, 3, 0, 0, 0, 3,
       1, 2, 0, 1, 3, 1, 0, 0, 3, 2, 1, 2, 3, 3, 0, 2, 1, 3], dtype=object)]
[298, array([-90., -45., -45.,   0.]), array([0, 3, 0, 2, 2, 0, 3, 0, 2, 2, 3, 2, 1, 3, 0, 0, 2, 3, 0, 0, 0, 3,
       1, 2, 0, 1, 3, 1, 0, 0, 3, 2, 1, 2, 3, 3, 0, 2, 1, 3], dtype=object)]
[300, array([-90., -45., -45.,   0.]), array([0, 3, 0, 2, 2, 0, 3, 0, 2, 2, 3, 2, 1, 3, 0, 3, 2, 3, 0, 0, 0, 3,
       1, 2, 0, 1, 3, 1, 0, 0, 3, 2, 3, 2, 3, 3, 0, 2, 1, 3], dtype=object)]
[297, array([-90., -45., -45.,   0.]), array([0, 3, 0, 2, 2, 0, 3, 0, 2, 2, 3, 2, 0, 3, 0, 2, 2, 3, 0, 0, 0, 3,
       1, 2, 0, 1, 3, 1, 0, 0, 3, 2, 1, 2, 3, 3, 0, 2, 1, 3], dtype=object)]
[310, array([-90., -45., -45.,   0.]), array([0, 3, 0, 2, 2, 0, 3, 0, 2, 2, 0, 2, 3, 3, 0, 2, 2, 3, 0, 0, 0, 3,
       1, 2, 0, 1, 3, 1, 0, 0, 3, 2, 1, 2, 3, 3, 0, 2, 1, 3], dtype=object)]
[299, array([-90., -45., -45.,   0.]), array([0, 3, 0, 2, 2, 0, 3, 0, 2, 2, 3, 2, 1, 3, 0, 2, 2, 3, 0, 0, 0, 3,
       1, 2, 0, 1, 3, 1, 0, 0, 3, 2, 1, 2, 3, 3, 0, 2, 1, 3], dtype=object)]
[301, array([-90., -45., -45.,   0.]), array([0, 3, 0, 2, 2, 0, 3, 0, 2, 2, 3, 2, 2, 3, 0, 2, 2, 3, 0, 0, 0, 3,
       1, 2, 0, 1, 3, 1, 0, 0, 3, 2, 1, 2, 3, 3, 0, 2, 1, 3], dtype=object)]
[298, array([-90., -45., -45.,   0.]), array([0, 3, 0, 2, 2, 0, 3, 0, 2, 2, 3, 2, 1, 3, 0, 0, 2, 3, 0, 0, 0, 3,
       1, 2, 0, 1, 3, 1, 0, 0, 3, 2, 1, 2, 3, 3, 0, 2, 1, 3], dtype=object)]
[311, array([-90., -45., -45.,   0.]), array([0, 3, 0, 2, 2, 0, 3, 0, 2, 2, 3, 2, 0, 3, 0, 2, 2, 3, 0, 0, 0, 3,
       1, 2, 0, 1, 3, 1, 0, 0, 3, 2, 1, 2, 3, 3, 0, 2, 1, 3], dtype=object)]
[300, array([-90., -45., -45.,   0.]), array([0, 3, 0, 2, 2, 0, 3, 0, 2, 2, 3, 2, 1, 3, 0, 3, 2, 3, 0, 0, 0, 3,
       1, 2, 0, 1, 3, 1, 0, 0, 3, 2, 3, 2, 3, 3, 0, 2, 1, 3], dtype=object)]
[302, array([-90., -45., -45.,   0.]), array([0, 3, 0, 2, 2, 0, 3, 0, 2, 2, 0, 2, 0, 3, 0, 2, 2, 3, 0, 0, 0, 3,
       1, 2, 0, 1, 3, 1, 0, 0, 3, 2, 1, 2, 3, 3, 0, 2, 1, 3], dtype=object)]
[299, array([-90., -45., -45.,   0.]), array([0, 3, 0, 2, 2, 0, 3, 0, 2, 2, 3, 2, 1, 3, 0, 2, 2, 3, 0, 0, 0, 3,
       1, 2, 0, 1, 3, 1, 0, 0, 3, 2, 1, 2, 3, 3, 0, 2, 1, 3], dtype=object)]
[312, array([-90., -45., -45.,   0.]), array([0, 3, 0, 2, 2, 0, 3, 0, 2, 2, 3, 2, 3, 3, 0, 2, 2, 3, 0, 0, 0, 3,
       1, 2, 0, 1, 3, 1, 0, 0, 3, 2, 1, 2, 3, 3, 0, 2, 1, 3], dtype=object)]
[301, array([-90., -45., -45.,   0.]), array([0, 3, 0, 2, 2, 0, 3, 0, 2, 2, 3, 2, 2, 3, 0, 2, 2, 3, 0, 0, 0, 3,
       1, 2, 0, 1, 3, 1, 0, 0, 3, 2, 1, 2, 3, 3, 0, 2, 1, 3], dtype=object)]
[303, array([-90., -45., -45.,   0.]), array([0, 3, 0, 2, 2, 0, 3, 0, 2, 2, 3, 2, 0, 3, 0, 2, 2, 3, 0, 0, 0, 3,
       1, 2, 0, 1, 3, 1, 0, 0, 3, 2, 3, 2, 3, 3, 0, 2, 1, 3], dtype=object)]
[300, array([-90., -45., -45.,   0.]), array([0, 3, 0, 2, 2, 0, 3, 0, 2, 2, 3, 2, 1, 3, 0, 3, 2, 3, 0, 0, 0, 3,
       1, 2, 0, 1, 3, 1, 0, 0, 3, 2, 3, 2, 3, 3, 0, 2, 1, 3], dtype=object)]
[313, array([-90., -45., -45.,   0.]), array([0, 3, 0, 2, 2, 0, 3, 0, 2, 2, 3, 2, 0, 3, 0, 2, 2, 3, 0, 0, 0, 3,
       1, 2, 0, 1, 3, 1, 0, 0, 3, 2, 1, 2, 3, 3, 0, 2, 1, 3], dtype=object)]
[304, array([-90., -45., -45.,   0.]), array([0, 3, 0, 2, 2, 0, 3, 0, 2, 2, 3, 2, 1, 3, 0, 2, 2, 3, 0, 0, 0, 3,
       1, 2, 0, 1, 3, 1, 0, 0, 3, 2, 3, 2, 3, 3, 0, 2, 1, 3], dtype=object)]
[302, array([-90., -45., -45.,   0.]), array([0, 3, 0, 2, 2, 0, 3, 0, 2, 2, 0, 2, 0, 3, 0, 2, 2, 3, 0, 0, 0, 3,
       1, 2, 0, 1, 3, 1, 0, 0, 3, 2, 1, 2, 3, 3, 0, 2, 1, 3], dtype=object)]
[301, array([-90., -45., -45.,   0.]), array([0, 3, 0, 2, 2, 0, 3, 0, 2, 2, 3, 2, 2, 3, 0, 2, 2, 3, 0, 0, 0, 3,
       1, 2, 0, 1, 3, 1, 0, 0, 3, 2, 1, 2, 3, 3, 0, 2, 1, 3], dtype=object)]
[314, array([-90., -45., -45.,   0.]), array([0, 3, 0, 2, 2, 0, 3, 0, 2, 2, 3, 2, 0, 3, 0, 1, 2, 3, 0, 0, 0, 3,
       1, 2, 0, 1, 3, 1, 0, 0, 3, 2, 1, 2, 3, 3, 0, 2, 1, 3], dtype=object)]
[305, array([-90., -45., -45.,   0.]), array([0, 3, 0, 2, 2, 0, 3, 0, 2, 2, 0, 2, 0, 3, 0, 2, 2, 3, 0, 0, 0, 3,
       1, 2, 0, 1, 3, 1, 0, 0, 3, 2, 3, 2, 3, 3, 0, 2, 1, 3], dtype=object)]
[303, array([-90., -45., -45.,   0.]), array([0, 3, 0, 2, 2, 0, 3, 0, 2, 2, 3, 2, 0, 3, 0, 2, 2, 3, 0, 0, 0, 3,
       1, 2, 0, 1, 3, 1, 0, 0, 3, 2, 3, 2, 3, 3, 0, 2, 1, 3], dtype=object)]
[302, array([-90., -45., -45.,   0.]), array([0, 3, 0, 2, 2, 0, 3, 0, 2, 2, 0, 2, 0, 3, 0, 2, 2, 3, 0, 0, 0, 3,
       1, 2, 0, 1, 3, 1, 0, 0, 3, 2, 1, 2, 3, 3, 0, 2, 1, 3], dtype=object)]
[315, array([-90., -45., -45.,   0.]), array([0, 3, 0, 2, 2, 0, 3, 0, 2, 2, 3, 2, 3, 3, 0, 2, 2, 3, 0, 0, 0, 3,
       1, 2, 0, 1, 3, 1, 0, 0, 3, 2, 1, 2, 3, 3, 0, 2, 1, 3], dtype=object)]
[306, array([-90., -45., -45.,   0.]), array([0, 3, 0, 2, 2, 0, 3, 0, 2, 2, 0, 2, 0, 3, 0, 0, 2, 3, 0, 0, 0, 3,
       1, 2, 0, 1, 3, 1, 0, 0, 3, 2, 1, 2, 3, 3, 0, 2, 1, 3], dtype=object)]
[304, array([-90., -45., -45.,   0.]), array([0, 3, 0, 2, 2, 0, 3, 0, 2, 2, 3, 2, 1, 3, 0, 2, 2, 3, 0, 0, 0, 3,
       1, 2, 0, 1, 3, 1, 0, 0, 3, 2, 3, 2, 3, 3, 0, 2, 1, 3], dtype=object)]
[316, array([-90., -45., -45.,   0.]), array([0, 3, 0, 2, 2, 0, 3, 0, 2, 2, 3, 2, 0, 3, 0, 0, 2, 3, 0, 0, 0, 3,
       1, 2, 0, 1, 3, 1, 0, 0, 3, 2, 3, 2, 3, 3, 0, 2, 1, 3], dtype=object)]
[303, array([-90., -45., -45.,   0.]), array([0, 3, 0, 2, 2, 0, 3, 0, 2, 2, 3, 2, 0, 3, 0, 2, 2, 3, 0, 0, 0, 3,
       1, 2, 0, 1, 3, 1, 0, 0, 3, 2, 3, 2, 3, 3, 0, 2, 1, 3], dtype=object)]
[307, array([-90., -45., -45.,   0.]), array([0, 3, 0, 2, 2, 0, 3, 0, 2, 2, 3, 2, 1, 3, 0, 2, 2, 3, 0, 0, 0, 3,
       1, 2, 0, 1, 3, 1, 0, 0, 3, 2, 3, 2, 3, 3, 0, 2, 1, 3], dtype=object)]
[305, array([-90., -45., -45.,   0.]), array([0, 3, 0, 2, 2, 0, 3, 0, 2, 2, 0, 2, 0, 3, 0, 2, 2, 3, 0, 0, 0, 3,
       1, 2, 0, 1, 3, 1, 0, 0, 3, 2, 3, 2, 3, 3, 0, 2, 1, 3], dtype=object)]
[304, array([-90., -45., -45.,   0.]), array([0, 3, 0, 2, 2, 0, 3, 0, 2, 2, 3, 2, 1, 3, 0, 2, 2, 3, 0, 0, 0, 3,
       1, 2, 0, 1, 3, 1, 0, 0, 3, 2, 3, 2, 3, 3, 0, 2, 1, 3], dtype=object)]
[317, array([-90., -45., -45.,   0.]), array([0, 3, 0, 2, 2, 0, 3, 0, 2, 2, 3, 2, 0, 3, 0, 2, 2, 3, 0, 0, 0, 3,
       1, 2, 0, 1, 3, 1, 0, 0, 3, 2, 3, 2, 3, 3, 0, 2, 1, 3], dtype=object)]
[308, array([-90., -45., -45.,   0.]), array([0, 3, 0, 2, 2, 0, 3, 0, 2, 2, 0, 2, 3, 3, 0, 2, 2, 3, 0, 0, 0, 3,
       1, 2, 0, 1, 3, 1, 0, 0, 3, 2, 3, 2, 3, 3, 0, 2, 1, 3], dtype=object)]
[318, array([-90., -45., -45.,   0.]), array([0, 3, 0, 2, 2, 0, 3, 0, 2, 2, 3, 2, 1, 3, 0, 2, 2, 3, 0, 0, 0, 3,
       1, 2, 0, 1, 3, 1, 0, 0, 3, 2, 3, 2, 3, 3, 0, 2, 1, 3], dtype=object)]
[306, array([-90., -45., -45.,   0.]), array([0, 3, 0, 2, 2, 0, 3, 0, 2, 2, 0, 2, 0, 3, 0, 0, 2, 3, 0, 0, 0, 3,
       1, 2, 0, 1, 3, 1, 0, 0, 3, 2, 1, 2, 3, 3, 0, 2, 1, 3], dtype=object)]
[305, array([-90., -45., -45.,   0.]), array([0, 3, 0, 2, 2, 0, 3, 0, 2, 2, 0, 2, 0, 3, 0, 2, 2, 3, 0, 0, 0, 3,
       1, 2, 0, 1, 3, 1, 0, 0, 3, 2, 3, 2, 3, 3, 0, 2, 1, 3], dtype=object)]
[309, array([-90., -45., -45.,   0.]), array([0, 3, 0, 2, 2, 0, 3, 0, 2, 2, 0, 2, 3, 3, 0, 2, 2, 3, 0, 0, 0, 3,
       1, 2, 0, 1, 3, 1, 0, 0, 3, 2, 1, 2, 3, 3, 0, 2, 1, 3], dtype=object)]
[319, array([-90., -45., -45.,   0.]), array([0, 3, 0, 2, 2, 0, 3, 0, 2, 2, 3, 2, 0, 3, 0, 2, 2, 3, 0, 0, 0, 3,
       1, 2, 0, 1, 3, 1, 0, 0, 3, 2, 1, 2, 3, 3, 0, 2, 1, 3], dtype=object)]
[307, array([-90., -45., -45.,   0.]), array([0, 3, 0, 2, 2, 0, 3, 0, 2, 2, 3, 2, 1, 3, 0, 2, 2, 3, 0, 0, 0, 3,
       1, 2, 0, 1, 3, 1, 0, 0, 3, 2, 3, 2, 3, 3, 0, 2, 1, 3], dtype=object)]
[306, array([-90., -45., -45.,   0.]), array([0, 3, 0, 2, 2, 0, 3, 0, 2, 2, 0, 2, 0, 3, 0, 0, 2, 3, 0, 0, 0, 3,
       1, 2, 0, 1, 3, 1, 0, 0, 3, 2, 1, 2, 3, 3, 0, 2, 1, 3], dtype=object)]
[310, array([-90., -45., -45.,   0.]), array([0, 3, 0, 2, 2, 0, 3, 0, 2, 2, 0, 2, 3, 3, 0, 2, 2, 3, 0, 0, 0, 3,
       1, 2, 0, 1, 3, 1, 0, 0, 3, 2, 1, 2, 3, 3, 0, 2, 1, 3], dtype=object)]
[320, array([-90., -45., -45.,   0.]), array([0, 3, 0, 2, 2, 0, 3, 0, 2, 2, 3, 2, 0, 3, 0, 0, 2, 3, 0, 0, 0, 3,
       1, 2, 0, 1, 3, 1, 0, 0, 3, 2, 1, 2, 3, 3, 0, 2, 1, 3], dtype=object)]
[308, array([-90., -45., -45.,   0.]), array([0, 3, 0, 2, 2, 0, 3, 0, 2, 2, 0, 2, 3, 3, 0, 2, 2, 3, 0, 0, 0, 3,
       1, 2, 0, 1, 3, 1, 0, 0, 3, 2, 3, 2, 3, 3, 0, 2, 1, 3], dtype=object)]
[307, array([-90., -45., -45.,   0.]), array([0, 3, 0, 2, 2, 0, 3, 0, 2, 2, 3, 2, 1, 3, 0, 2, 2, 3, 0, 0, 0, 3,
       1, 2, 0, 1, 3, 1, 0, 0, 3, 2, 3, 2, 3, 3, 0, 2, 1, 3], dtype=object)]
[311, array([-90., -45., -45.,   0.]), array([0, 3, 0, 2, 2, 0, 3, 0, 2, 2, 3, 2, 0, 3, 0, 2, 2, 3, 0, 0, 0, 3,
       1, 2, 0, 1, 3, 1, 0, 0, 3, 2, 1, 2, 3, 3, 0, 2, 1, 3], dtype=object)]
[321, array([-90., -45., -45.,   0.]), array([0, 3, 0, 2, 2, 0, 3, 0, 2, 2, 3, 2, 0, 3, 0, 2, 2, 3, 0, 0, 0, 3,
       1, 2, 0, 1, 3, 1, 0, 0, 3, 2, 1, 2, 3, 3, 0, 2, 1, 3], dtype=object)]
[308, array([-90., -45., -45.,   0.]), array([0, 3, 0, 2, 2, 0, 3, 0, 2, 2, 0, 2, 3, 3, 0, 2, 2, 3, 0, 0, 0, 3,
       1, 2, 0, 1, 3, 1, 0, 0, 3, 2, 3, 2, 3, 3, 0, 2, 1, 3], dtype=object)]
[309, array([-90., -45., -45.,   0.]), array([0, 3, 0, 2, 2, 0, 3, 0, 2, 2, 0, 2, 3, 3, 0, 2, 2, 3, 0, 0, 0, 3,
       1, 2, 0, 1, 3, 1, 0, 0, 3, 2, 1, 2, 3, 3, 0, 2, 1, 3], dtype=object)]
[312, array([-90., -45., -45.,   0.]), array([0, 3, 0, 2, 2, 0, 3, 0, 2, 2, 3, 2, 3, 3, 0, 2, 2, 3, 0, 0, 0, 3,
       1, 2, 0, 1, 3, 1, 0, 0, 3, 2, 1, 2, 3, 3, 0, 2, 1, 3], dtype=object)]
[322, array([-90., -45., -45.,   0.]), array([0, 3, 0, 2, 2, 0, 3, 0, 2, 2, 3, 2, 2, 3, 0, 3, 2, 3, 0, 0, 0, 3,
       1, 2, 0, 1, 3, 1, 0, 0, 3, 2, 1, 2, 3, 3, 0, 2, 1, 3], dtype=object)]
[310, array([-90., -45., -45.,   0.]), array([0, 3, 0, 2, 2, 0, 3, 0, 2, 2, 0, 2, 3, 3, 0, 2, 2, 3, 0, 0, 0, 3,
       1, 2, 0, 1, 3, 1, 0, 0, 3, 2, 1, 2, 3, 3, 0, 2, 1, 3], dtype=object)]
[309, array([-90., -45., -45.,   0.]), array([0, 3, 0, 2, 2, 0, 3, 0, 2, 2, 0, 2, 3, 3, 0, 2, 2, 3, 0, 0, 0, 3,
       1, 2, 0, 1, 3, 1, 0, 0, 3, 2, 1, 2, 3, 3, 0, 2, 1, 3], dtype=object)]
[313, array([-90., -45., -45.,   0.]), array([0, 3, 0, 2, 2, 0, 3, 0, 2, 2, 3, 2, 0, 3, 0, 2, 2, 3, 0, 0, 0, 3,
       1, 2, 0, 1, 3, 1, 0, 0, 3, 2, 1, 2, 3, 3, 0, 2, 1, 3], dtype=object)]
[323, array([-90., -45., -45.,   0.]), array([0, 3, 0, 2, 2, 0, 3, 0, 2, 2, 3, 2, 1, 3, 0, 2, 2, 3, 0, 0, 0, 3,
       1, 2, 0, 1, 3, 1, 0, 0, 3, 2, 1, 2, 3, 3, 0, 2, 1, 3], dtype=object)]
[310, array([-90., -45., -45.,   0.]), array([0, 3, 0, 2, 2, 0, 3, 0, 2, 2, 0, 2, 3, 3, 0, 2, 2, 3, 0, 0, 0, 3,
       1, 2, 0, 1, 3, 1, 0, 0, 3, 2, 1, 2, 3, 3, 0, 2, 1, 3], dtype=object)]
[311, array([-90., -45., -45.,   0.]), array([0, 3, 0, 2, 2, 0, 3, 0, 2, 2, 3, 2, 0, 3, 0, 2, 2, 3, 0, 0, 0, 3,
       1, 2, 0, 1, 3, 1, 0, 0, 3, 2, 1, 2, 3, 3, 0, 2, 1, 3], dtype=object)]
[314, array([-90., -45., -45.,   0.]), array([0, 3, 0, 2, 2, 0, 3, 0, 2, 2, 3, 2, 0, 3, 0, 1, 2, 3, 0, 0, 0, 3,
       1, 2, 0, 1, 3, 1, 0, 0, 3, 2, 1, 2, 3, 3, 0, 2, 1, 3], dtype=object)]
[324, array([-80., -40., -40.,   0.]), array([0, 3, 0, 2, 2, 0, 3, 0, 2, 2, 3, 2, 0, 3, 0, 2, 2, 3, 0, 0, 0, 3,
       1, 2, 0, 1, 3, 1, 0, 0, 3, 2, 1, 2, 3, 3, 0, 2, 1, 0], dtype=object)]
[311, array([-90., -45., -45.,   0.]), array([0, 3, 0, 2, 2, 0, 3, 0, 2, 2, 3, 2, 0, 3, 0, 2, 2, 3, 0, 0, 0, 3,
       1, 2, 0, 1, 3, 1, 0, 0, 3, 2, 1, 2, 3, 3, 0, 2, 1, 3], dtype=object)]
[312, array([-90., -45., -45.,   0.]), array([0, 3, 0, 2, 2, 0, 3, 0, 2, 2, 3, 2, 3, 3, 0, 2, 2, 3, 0, 0, 0, 3,
       1, 2, 0, 1, 3, 1, 0, 0, 3, 2, 1, 2, 3, 3, 0, 2, 1, 3], dtype=object)]
[315, array([-90., -45., -45.,   0.]), array([0, 3, 0, 2, 2, 0, 3, 0, 2, 2, 3, 2, 3, 3, 0, 2, 2, 3, 0, 0, 0, 3,
       1, 2, 0, 1, 3, 1, 0, 0, 3, 2, 1, 2, 3, 3, 0, 2, 1, 3], dtype=object)]
[325, array([-90., -45., -45.,   0.]), array([0, 3, 0, 2, 2, 0, 3, 0, 2, 2, 3, 2, 1, 3, 0, 2, 2, 3, 0, 0, 0, 3,
       1, 2, 0, 1, 3, 1, 0, 0, 3, 2, 1, 2, 3, 3, 0, 2, 1, 3], dtype=object)]
[312, array([-90., -45., -45.,   0.]), array([0, 3, 0, 2, 2, 0, 3, 0, 2, 2, 3, 2, 3, 3, 0, 2, 2, 3, 0, 0, 0, 3,
       1, 2, 0, 1, 3, 1, 0, 0, 3, 2, 1, 2, 3, 3, 0, 2, 1, 3], dtype=object)]
[313, array([-90., -45., -45.,   0.]), array([0, 3, 0, 2, 2, 0, 3, 0, 2, 2, 3, 2, 0, 3, 0, 2, 2, 3, 0, 0, 0, 3,
       1, 2, 0, 1, 3, 1, 0, 0, 3, 2, 1, 2, 3, 3, 0, 2, 1, 3], dtype=object)]
[316, array([-90., -45., -45.,   0.]), array([0, 3, 0, 2, 2, 0, 3, 0, 2, 2, 3, 2, 0, 3, 0, 0, 2, 3, 0, 0, 0, 3,
       1, 2, 0, 1, 3, 1, 0, 0, 3, 2, 3, 2, 3, 3, 0, 2, 1, 3], dtype=object)]
[326, array([-90., -45., -45.,   0.]), array([0, 3, 0, 2, 2, 0, 3, 0, 2, 2, 3, 2, 1, 3, 0, 2, 2, 3, 0, 0, 0, 3,
       1, 2, 0, 1, 3, 1, 0, 0, 3, 2, 3, 2, 3, 3, 0, 2, 1, 3], dtype=object)]
[314, array([-90., -45., -45.,   0.]), array([0, 3, 0, 2, 2, 0, 3, 0, 2, 2, 3, 2, 0, 3, 0, 1, 2, 3, 0, 0, 0, 3,
       1, 2, 0, 1, 3, 1, 0, 0, 3, 2, 1, 2, 3, 3, 0, 2, 1, 3], dtype=object)]
[313, array([-90., -45., -45.,   0.]), array([0, 3, 0, 2, 2, 0, 3, 0, 2, 2, 3, 2, 0, 3, 0, 2, 2, 3, 0, 0, 0, 3,
       1, 2, 0, 1, 3, 1, 0, 0, 3, 2, 1, 2, 3, 3, 0, 2, 1, 3], dtype=object)]
[317, array([-90., -45., -45.,   0.]), array([0, 3, 0, 2, 2, 0, 3, 0, 2, 2, 3, 2, 0, 3, 0, 2, 2, 3, 0, 0, 0, 3,
       1, 2, 0, 1, 3, 1, 0, 0, 3, 2, 3, 2, 3, 3, 0, 2, 1, 3], dtype=object)]
[327, array([-90., -45., -45.,   0.]), array([0, 3, 0, 2, 2, 0, 3, 0, 2, 2, 3, 2, 0, 3, 0, 2, 2, 3, 0, 0, 0, 3,
       1, 2, 0, 1, 3, 1, 0, 0, 3, 2, 1, 2, 3, 3, 0, 2, 1, 3], dtype=object)]
[315, array([-90., -45., -45.,   0.]), array([0, 3, 0, 2, 2, 0, 3, 0, 2, 2, 3, 2, 3, 3, 0, 2, 2, 3, 0, 0, 0, 3,
       1, 2, 0, 1, 3, 1, 0, 0, 3, 2, 1, 2, 3, 3, 0, 2, 1, 3], dtype=object)]
[314, array([-90., -45., -45.,   0.]), array([0, 3, 0, 2, 2, 0, 3, 0, 2, 2, 3, 2, 0, 3, 0, 1, 2, 3, 0, 0, 0, 3,
       1, 2, 0, 1, 3, 1, 0, 0, 3, 2, 1, 2, 3, 3, 0, 2, 1, 3], dtype=object)]
[318, array([-90., -45., -45.,   0.]), array([0, 3, 0, 2, 2, 0, 3, 0, 2, 2, 3, 2, 1, 3, 0, 2, 2, 3, 0, 0, 0, 3,
       1, 2, 0, 1, 3, 1, 0, 0, 3, 2, 3, 2, 3, 3, 0, 2, 1, 3], dtype=object)]
[328, array([-90., -45., -45.,   0.]), array([0, 3, 0, 2, 2, 0, 3, 0, 2, 2, 3, 2, 3, 3, 0, 2, 2, 3, 0, 0, 0, 3,
       1, 2, 0, 1, 3, 1, 0, 0, 3, 2, 1, 2, 3, 3, 0, 2, 1, 3], dtype=object)]
[316, array([-90., -45., -45.,   0.]), array([0, 3, 0, 2, 2, 0, 3, 0, 2, 2, 3, 2, 0, 3, 0, 0, 2, 3, 0, 0, 0, 3,
       1, 2, 0, 1, 3, 1, 0, 0, 3, 2, 3, 2, 3, 3, 0, 2, 1, 3], dtype=object)]
[315, array([-90., -45., -45.,   0.]), array([0, 3, 0, 2, 2, 0, 3, 0, 2, 2, 3, 2, 3, 3, 0, 2, 2, 3, 0, 0, 0, 3,
       1, 2, 0, 1, 3, 1, 0, 0, 3, 2, 1, 2, 3, 3, 0, 2, 1, 3], dtype=object)]
[329, array([-90., -45., -45.,   0.]), array([0, 3, 0, 2, 2, 0, 3, 0, 2, 2, 3, 2, 0, 3, 0, 2, 2, 3, 0, 0, 0, 3,
       1, 2, 0, 1, 3, 1, 0, 0, 3, 2, 1, 2, 3, 3, 0, 2, 1, 3], dtype=object)]
[319, array([-90., -45., -45.,   0.]), array([0, 3, 0, 2, 2, 0, 3, 0, 2, 2, 3, 2, 0, 3, 0, 2, 2, 3, 0, 0, 0, 3,
       1, 2, 0, 1, 3, 1, 0, 0, 3, 2, 1, 2, 3, 3, 0, 2, 1, 3], dtype=object)]
[316, array([-90., -45., -45.,   0.]), array([0, 3, 0, 2, 2, 0, 3, 0, 2, 2, 3, 2, 0, 3, 0, 0, 2, 3, 0, 0, 0, 3,
       1, 2, 0, 1, 3, 1, 0, 0, 3, 2, 3, 2, 3, 3, 0, 2, 1, 3], dtype=object)]
[317, array([-90., -45., -45.,   0.]), array([0, 3, 0, 2, 2, 0, 3, 0, 2, 2, 3, 2, 0, 3, 0, 2, 2, 3, 0, 0, 0, 3,
       1, 2, 0, 1, 3, 1, 0, 0, 3, 2, 3, 2, 3, 3, 0, 2, 1, 3], dtype=object)]
[330, array([-90., -45., -45.,   0.]), array([0, 3, 0, 2, 2, 0, 3, 0, 2, 2, 3, 2, 1, 3, 0, 2, 2, 3, 0, 0, 0, 3,
       1, 2, 0, 1, 3, 1, 0, 0, 3, 2, 3, 2, 3, 3, 0, 2, 1, 3], dtype=object)]
[320, array([-90., -45., -45.,   0.]), array([0, 3, 0, 2, 2, 0, 3, 0, 2, 2, 3, 2, 0, 3, 0, 0, 2, 3, 0, 0, 0, 3,
       1, 2, 0, 1, 3, 1, 0, 0, 3, 2, 1, 2, 3, 3, 0, 2, 1, 3], dtype=object)]
[318, array([-90., -45., -45.,   0.]), array([0, 3, 0, 2, 2, 0, 3, 0, 2, 2, 3, 2, 1, 3, 0, 2, 2, 3, 0, 0, 0, 3,
       1, 2, 0, 1, 3, 1, 0, 0, 3, 2, 3, 2, 3, 3, 0, 2, 1, 3], dtype=object)]
[317, array([-90., -45., -45.,   0.]), array([0, 3, 0, 2, 2, 0, 3, 0, 2, 2, 3, 2, 0, 3, 0, 2, 2, 3, 0, 0, 0, 3,
       1, 2, 0, 1, 3, 1, 0, 0, 3, 2, 3, 2, 3, 3, 0, 2, 1, 3], dtype=object)]
[331, array([-90., -45., -45.,   0.]), array([0, 3, 0, 2, 2, 0, 3, 0, 2, 2, 3, 2, 1, 3, 0, 2, 2, 3, 0, 0, 0, 3,
       1, 2, 0, 1, 3, 1, 0, 0, 3, 2, 1, 2, 3, 3, 0, 2, 1, 3], dtype=object)]
[321, array([-90., -45., -45.,   0.]), array([0, 3, 0, 2, 2, 0, 3, 0, 2, 2, 3, 2, 0, 3, 0, 2, 2, 3, 0, 0, 0, 3,
       1, 2, 0, 1, 3, 1, 0, 0, 3, 2, 1, 2, 3, 3, 0, 2, 1, 3], dtype=object)]
[319, array([-90., -45., -45.,   0.]), array([0, 3, 0, 2, 2, 0, 3, 0, 2, 2, 3, 2, 0, 3, 0, 2, 2, 3, 0, 0, 0, 3,
       1, 2, 0, 1, 3, 1, 0, 0, 3, 2, 1, 2, 3, 3, 0, 2, 1, 3], dtype=object)]
[318, array([-90., -45., -45.,   0.]), array([0, 3, 0, 2, 2, 0, 3, 0, 2, 2, 3, 2, 1, 3, 0, 2, 2, 3, 0, 0, 0, 3,
       1, 2, 0, 1, 3, 1, 0, 0, 3, 2, 3, 2, 3, 3, 0, 2, 1, 3], dtype=object)]
[332, array([-90., -45., -45.,   0.]), array([0, 3, 0, 2, 2, 0, 3, 0, 2, 2, 3, 2, 1, 3, 0, 1, 2, 3, 0, 0, 0, 3,
       1, 2, 0, 1, 3, 1, 0, 0, 3, 2, 1, 2, 3, 3, 0, 2, 1, 3], dtype=object)]
[322, array([-90., -45., -45.,   0.]), array([0, 3, 0, 2, 2, 0, 3, 0, 2, 2, 3, 2, 2, 3, 0, 3, 2, 3, 0, 0, 0, 3,
       1, 2, 0, 1, 3, 1, 0, 0, 3, 2, 1, 2, 3, 3, 0, 2, 1, 3], dtype=object)]
[320, array([-90., -45., -45.,   0.]), array([0, 3, 0, 2, 2, 0, 3, 0, 2, 2, 3, 2, 0, 3, 0, 0, 2, 3, 0, 0, 0, 3,
       1, 2, 0, 1, 3, 1, 0, 0, 3, 2, 1, 2, 3, 3, 0, 2, 1, 3], dtype=object)]
[319, array([-90., -45., -45.,   0.]), array([0, 3, 0, 2, 2, 0, 3, 0, 2, 2, 3, 2, 0, 3, 0, 2, 2, 3, 0, 0, 0, 3,
       1, 2, 0, 1, 3, 1, 0, 0, 3, 2, 1, 2, 3, 3, 0, 2, 1, 3], dtype=object)]
[333, array([-90., -45., -45.,   0.]), array([0, 3, 0, 2, 2, 0, 3, 0, 2, 2, 3, 2, 1, 3, 0, 2, 2, 3, 0, 0, 0, 3,
       1, 2, 0, 1, 3, 1, 0, 0, 3, 2, 1, 2, 3, 3, 0, 2, 1, 3], dtype=object)]
[323, array([-90., -45., -45.,   0.]), array([0, 3, 0, 2, 2, 0, 3, 0, 2, 2, 3, 2, 1, 3, 0, 2, 2, 3, 0, 0, 0, 3,
       1, 2, 0, 1, 3, 1, 0, 0, 3, 2, 1, 2, 3, 3, 0, 2, 1, 3], dtype=object)]
[320, array([-90., -45., -45.,   0.]), array([0, 3, 0, 2, 2, 0, 3, 0, 2, 2, 3, 2, 0, 3, 0, 0, 2, 3, 0, 0, 0, 3,
       1, 2, 0, 1, 3, 1, 0, 0, 3, 2, 1, 2, 3, 3, 0, 2, 1, 3], dtype=object)]
[321, array([-90., -45., -45.,   0.]), array([0, 3, 0, 2, 2, 0, 3, 0, 2, 2, 3, 2, 0, 3, 0, 2, 2, 3, 0, 0, 0, 3,
       1, 2, 0, 1, 3, 1, 0, 0, 3, 2, 1, 2, 3, 3, 0, 2, 1, 3], dtype=object)]
[334, array([-76., -38., -38.,   0.]), array([0, 3, 0, 2, 2, 0, 3, 0, 2, 2, 3, 2, 0, 0, 0, 2, 2, 3, 0, 0, 0, 3,
       1, 2, 0, 1, 3, 1, 0, 0, 3, 2, 1, 2, 3, 3, 0, 2, 1, 3], dtype=object)]
[324, array([-80., -40., -40.,   0.]), array([0, 3, 0, 2, 2, 0, 3, 0, 2, 2, 3, 2, 0, 3, 0, 2, 2, 3, 0, 0, 0, 3,
       1, 2, 0, 1, 3, 1, 0, 0, 3, 2, 1, 2, 3, 3, 0, 2, 1, 0], dtype=object)]
[322, array([-90., -45., -45.,   0.]), array([0, 3, 0, 2, 2, 0, 3, 0, 2, 2, 3, 2, 2, 3, 0, 3, 2, 3, 0, 0, 0, 3,
       1, 2, 0, 1, 3, 1, 0, 0, 3, 2, 1, 2, 3, 3, 0, 2, 1, 3], dtype=object)]
[321, array([-90., -45., -45.,   0.]), array([0, 3, 0, 2, 2, 0, 3, 0, 2, 2, 3, 2, 0, 3, 0, 2, 2, 3, 0, 0, 0, 3,
       1, 2, 0, 1, 3, 1, 0, 0, 3, 2, 1, 2, 3, 3, 0, 2, 1, 3], dtype=object)]
[335, array([-90., -45., -45.,   0.]), array([0, 3, 0, 2, 2, 0, 3, 0, 2, 2, 3, 2, 1, 3, 0, 2, 2, 3, 0, 0, 0, 3,
       1, 2, 0, 1, 3, 1, 0, 0, 3, 2, 1, 2, 3, 3, 0, 2, 1, 3], dtype=object)]
[325, array([-90., -45., -45.,   0.]), array([0, 3, 0, 2, 2, 0, 3, 0, 2, 2, 3, 2, 1, 3, 0, 2, 2, 3, 0, 0, 0, 3,
       1, 2, 0, 1, 3, 1, 0, 0, 3, 2, 1, 2, 3, 3, 0, 2, 1, 3], dtype=object)]
[336, array([-90., -45., -45.,   0.]), array([0, 3, 0, 2, 2, 0, 3, 0, 2, 2, 3, 2, 0, 3, 0, 2, 2, 3, 0, 0, 0, 3,
       1, 2, 0, 1, 3, 1, 0, 0, 3, 2, 0, 2, 3, 3, 0, 2, 1, 3], dtype=object)]
[322, array([-90., -45., -45.,   0.]), array([0, 3, 0, 2, 2, 0, 3, 0, 2, 2, 3, 2, 2, 3, 0, 3, 2, 3, 0, 0, 0, 3,
       1, 2, 0, 1, 3, 1, 0, 0, 3, 2, 1, 2, 3, 3, 0, 2, 1, 3], dtype=object)]
[323, array([-90., -45., -45.,   0.]), array([0, 3, 0, 2, 2, 0, 3, 0, 2, 2, 3, 2, 1, 3, 0, 2, 2, 3, 0, 0, 0, 3,
       1, 2, 0, 1, 3, 1, 0, 0, 3, 2, 1, 2, 3, 3, 0, 2, 1, 3], dtype=object)]
[326, array([-90., -45., -45.,   0.]), array([0, 3, 0, 2, 2, 0, 3, 0, 2, 2, 3, 2, 1, 3, 0, 2, 2, 3, 0, 0, 0, 3,
       1, 2, 0, 1, 3, 1, 0, 0, 3, 2, 3, 2, 3, 3, 0, 2, 1, 3], dtype=object)]
[337, array([-90., -45., -45.,   0.]), array([0, 3, 0, 2, 2, 0, 3, 0, 2, 2, 3, 2, 1, 3, 0, 1, 2, 3, 0, 0, 0, 3,
       1, 2, 0, 1, 3, 1, 0, 0, 3, 2, 1, 2, 3, 3, 0, 2, 1, 3], dtype=object)]
[323, array([-90., -45., -45.,   0.]), array([0, 3, 0, 2, 2, 0, 3, 0, 2, 2, 3, 2, 1, 3, 0, 2, 2, 3, 0, 0, 0, 3,
       1, 2, 0, 1, 3, 1, 0, 0, 3, 2, 1, 2, 3, 3, 0, 2, 1, 3], dtype=object)]
[324, array([-80., -40., -40.,   0.]), array([0, 3, 0, 2, 2, 0, 3, 0, 2, 2, 3, 2, 0, 3, 0, 2, 2, 3, 0, 0, 0, 3,
       1, 2, 0, 1, 3, 1, 0, 0, 3, 2, 1, 2, 3, 3, 0, 2, 1, 0], dtype=object)]
[327, array([-90., -45., -45.,   0.]), array([0, 3, 0, 2, 2, 0, 3, 0, 2, 2, 3, 2, 0, 3, 0, 2, 2, 3, 0, 0, 0, 3,
       1, 2, 0, 1, 3, 1, 0, 0, 3, 2, 1, 2, 3, 3, 0, 2, 1, 3], dtype=object)]
[338, array([-80., -40., -40.,   0.]), array([0, 3, 0, 2, 2, 0, 3, 0, 2, 2, 3, 2, 0, 3, 0, 1, 2, 3, 0, 1, 0, 3,
       1, 2, 0, 1, 3, 1, 0, 0, 3, 2, 1, 2, 3, 3, 0, 2, 1, 3], dtype=object)]
[324, array([-80., -40., -40.,   0.]), array([0, 3, 0, 2, 2, 0, 3, 0, 2, 2, 3, 2, 0, 3, 0, 2, 2, 3, 0, 0, 0, 3,
       1, 2, 0, 1, 3, 1, 0, 0, 3, 2, 1, 2, 3, 3, 0, 2, 1, 0], dtype=object)]
[325, array([-90., -45., -45.,   0.]), array([0, 3, 0, 2, 2, 0, 3, 0, 2, 2, 3, 2, 1, 3, 0, 2, 2, 3, 0, 0, 0, 3,
       1, 2, 0, 1, 3, 1, 0, 0, 3, 2, 1, 2, 3, 3, 0, 2, 1, 3], dtype=object)]
[328, array([-90., -45., -45.,   0.]), array([0, 3, 0, 2, 2, 0, 3, 0, 2, 2, 3, 2, 3, 3, 0, 2, 2, 3, 0, 0, 0, 3,
       1, 2, 0, 1, 3, 1, 0, 0, 3, 2, 1, 2, 3, 3, 0, 2, 1, 3], dtype=object)]
[339, array([-90., -45., -45.,   0.]), array([0, 3, 0, 2, 2, 0, 3, 0, 2, 2, 3, 2, 1, 3, 0, 2, 2, 3, 0, 0, 0, 3,
       1, 2, 0, 1, 3, 1, 0, 0, 3, 2, 1, 2, 3, 3, 0, 2, 1, 3], dtype=object)]
[325, array([-90., -45., -45.,   0.]), array([0, 3, 0, 2, 2, 0, 3, 0, 2, 2, 3, 2, 1, 3, 0, 2, 2, 3, 0, 0, 0, 3,
       1, 2, 0, 1, 3, 1, 0, 0, 3, 2, 1, 2, 3, 3, 0, 2, 1, 3], dtype=object)]
[326, array([-90., -45., -45.,   0.]), array([0, 3, 0, 2, 2, 0, 3, 0, 2, 2, 3, 2, 1, 3, 0, 2, 2, 3, 0, 0, 0, 3,
       1, 2, 0, 1, 3, 1, 0, 0, 3, 2, 3, 2, 3, 3, 0, 2, 1, 3], dtype=object)]
[329, array([-90., -45., -45.,   0.]), array([0, 3, 0, 2, 2, 0, 3, 0, 2, 2, 3, 2, 0, 3, 0, 2, 2, 3, 0, 0, 0, 3,
       1, 2, 0, 1, 3, 1, 0, 0, 3, 2, 1, 2, 3, 3, 0, 2, 1, 3], dtype=object)]
[340, array([-90., -45., -45.,   0.]), array([0, 3, 0, 2, 2, 0, 3, 0, 2, 2, 3, 2, 1, 3, 0, 1, 2, 3, 0, 0, 0, 3,
       1, 2, 0, 1, 3, 1, 0, 0, 3, 2, 3, 2, 3, 3, 0, 2, 1, 3], dtype=object)]
[326, array([-90., -45., -45.,   0.]), array([0, 3, 0, 2, 2, 0, 3, 0, 2, 2, 3, 2, 1, 3, 0, 2, 2, 3, 0, 0, 0, 3,
       1, 2, 0, 1, 3, 1, 0, 0, 3, 2, 3, 2, 3, 3, 0, 2, 1, 3], dtype=object)]
[327, array([-90., -45., -45.,   0.]), array([0, 3, 0, 2, 2, 0, 3, 0, 2, 2, 3, 2, 0, 3, 0, 2, 2, 3, 0, 0, 0, 3,
       1, 2, 0, 1, 3, 1, 0, 0, 3, 2, 1, 2, 3, 3, 0, 2, 1, 3], dtype=object)]
[330, array([-90., -45., -45.,   0.]), array([0, 3, 0, 2, 2, 0, 3, 0, 2, 2, 3, 2, 1, 3, 0, 2, 2, 3, 0, 0, 0, 3,
       1, 2, 0, 1, 3, 1, 0, 0, 3, 2, 3, 2, 3, 3, 0, 2, 1, 3], dtype=object)]
[341, array([-90., -45., -45.,   0.]), array([0, 3, 0, 2, 2, 0, 3, 0, 2, 2, 3, 2, 0, 3, 0, 2, 2, 3, 0, 0, 0, 3,
       1, 2, 0, 1, 3, 1, 0, 0, 3, 2, 1, 2, 3, 3, 0, 2, 1, 3], dtype=object)]
[327, array([-90., -45., -45.,   0.]), array([0, 3, 0, 2, 2, 0, 3, 0, 2, 2, 3, 2, 0, 3, 0, 2, 2, 3, 0, 0, 0, 3,
       1, 2, 0, 1, 3, 1, 0, 0, 3, 2, 1, 2, 3, 3, 0, 2, 1, 3], dtype=object)]
[328, array([-90., -45., -45.,   0.]), array([0, 3, 0, 2, 2, 0, 3, 0, 2, 2, 3, 2, 3, 3, 0, 2, 2, 3, 0, 0, 0, 3,
       1, 2, 0, 1, 3, 1, 0, 0, 3, 2, 1, 2, 3, 3, 0, 2, 1, 3], dtype=object)]
[331, array([-90., -45., -45.,   0.]), array([0, 3, 0, 2, 2, 0, 3, 0, 2, 2, 3, 2, 1, 3, 0, 2, 2, 3, 0, 0, 0, 3,
       1, 2, 0, 1, 3, 1, 0, 0, 3, 2, 1, 2, 3, 3, 0, 2, 1, 3], dtype=object)]
[342, array([-90., -45., -45.,   0.]), array([0, 3, 0, 2, 2, 0, 3, 0, 2, 2, 0, 2, 1, 3, 0, 2, 2, 3, 0, 0, 0, 3,
       1, 2, 0, 1, 3, 1, 0, 0, 3, 2, 1, 2, 3, 3, 0, 2, 1, 3], dtype=object)]
[328, array([-90., -45., -45.,   0.]), array([0, 3, 0, 2, 2, 0, 3, 0, 2, 2, 3, 2, 3, 3, 0, 2, 2, 3, 0, 0, 0, 3,
       1, 2, 0, 1, 3, 1, 0, 0, 3, 2, 1, 2, 3, 3, 0, 2, 1, 3], dtype=object)]
[332, array([-90., -45., -45.,   0.]), array([0, 3, 0, 2, 2, 0, 3, 0, 2, 2, 3, 2, 1, 3, 0, 1, 2, 3, 0, 0, 0, 3,
       1, 2, 0, 1, 3, 1, 0, 0, 3, 2, 1, 2, 3, 3, 0, 2, 1, 3], dtype=object)]
[329, array([-90., -45., -45.,   0.]), array([0, 3, 0, 2, 2, 0, 3, 0, 2, 2, 3, 2, 0, 3, 0, 2, 2, 3, 0, 0, 0, 3,
       1, 2, 0, 1, 3, 1, 0, 0, 3, 2, 1, 2, 3, 3, 0, 2, 1, 3], dtype=object)]
[343, array([-90., -45., -45.,   0.]), array([0, 3, 0, 2, 2, 0, 3, 0, 2, 2, 3, 2, 1, 3, 0, 2, 2, 3, 0, 0, 0, 3,
       1, 2, 0, 1, 3, 1, 0, 0, 3, 2, 1, 2, 3, 3, 0, 2, 1, 3], dtype=object)]
[329, array([-90., -45., -45.,   0.]), array([0, 3, 0, 2, 2, 0, 3, 0, 2, 2, 3, 2, 0, 3, 0, 2, 2, 3, 0, 0, 0, 3,
       1, 2, 0, 1, 3, 1, 0, 0, 3, 2, 1, 2, 3, 3, 0, 2, 1, 3], dtype=object)]
[344, array([-90., -45., -45.,   0.]), array([0, 3, 0, 2, 2, 0, 3, 0, 2, 2, 3, 2, 1, 3, 0, 0, 2, 3, 0, 0, 0, 3,
       1, 2, 0, 1, 3, 1, 0, 0, 3, 2, 1, 2, 3, 3, 0, 2, 1, 3], dtype=object)]
[330, array([-90., -45., -45.,   0.]), array([0, 3, 0, 2, 2, 0, 3, 0, 2, 2, 3, 2, 1, 3, 0, 2, 2, 3, 0, 0, 0, 3,
       1, 2, 0, 1, 3, 1, 0, 0, 3, 2, 3, 2, 3, 3, 0, 2, 1, 3], dtype=object)]
[333, array([-90., -45., -45.,   0.]), array([0, 3, 0, 2, 2, 0, 3, 0, 2, 2, 3, 2, 1, 3, 0, 2, 2, 3, 0, 0, 0, 3,
       1, 2, 0, 1, 3, 1, 0, 0, 3, 2, 1, 2, 3, 3, 0, 2, 1, 3], dtype=object)]
[330, array([-90., -45., -45.,   0.]), array([0, 3, 0, 2, 2, 0, 3, 0, 2, 2, 3, 2, 1, 3, 0, 2, 2, 3, 0, 0, 0, 3,
       1, 2, 0, 1, 3, 1, 0, 0, 3, 2, 3, 2, 3, 3, 0, 2, 1, 3], dtype=object)]
[345, array([-90., -45., -45.,   0.]), array([0, 3, 0, 2, 2, 0, 3, 0, 2, 2, 3, 2, 1, 3, 0, 2, 2, 3, 0, 0, 0, 3,
       1, 2, 0, 1, 3, 1, 0, 0, 3, 2, 1, 2, 3, 3, 0, 2, 1, 3], dtype=object)]
[334, array([-76., -38., -38.,   0.]), array([0, 3, 0, 2, 2, 0, 3, 0, 2, 2, 3, 2, 0, 0, 0, 2, 2, 3, 0, 0, 0, 3,
       1, 2, 0, 1, 3, 1, 0, 0, 3, 2, 1, 2, 3, 3, 0, 2, 1, 3], dtype=object)]
[331, array([-90., -45., -45.,   0.]), array([0, 3, 0, 2, 2, 0, 3, 0, 2, 2, 3, 2, 1, 3, 0, 2, 2, 3, 0, 0, 0, 3,
       1, 2, 0, 1, 3, 1, 0, 0, 3, 2, 1, 2, 3, 3, 0, 2, 1, 3], dtype=object)]
[331, array([-90., -45., -45.,   0.]), array([0, 3, 0, 2, 2, 0, 3, 0, 2, 2, 3, 2, 1, 3, 0, 2, 2, 3, 0, 0, 0, 3,
       1, 2, 0, 1, 3, 1, 0, 0, 3, 2, 1, 2, 3, 3, 0, 2, 1, 3], dtype=object)]
[346, array([-90., -45., -45.,   0.]), array([0, 3, 0, 2, 2, 0, 3, 0, 2, 2, 3, 2, 1, 3, 0, 0, 2, 3, 0, 0, 0, 3,
       1, 2, 0, 1, 3, 1, 0, 0, 3, 2, 1, 2, 3, 3, 0, 2, 1, 3], dtype=object)]
[335, array([-90., -45., -45.,   0.]), array([0, 3, 0, 2, 2, 0, 3, 0, 2, 2, 3, 2, 1, 3, 0, 2, 2, 3, 0, 0, 0, 3,
       1, 2, 0, 1, 3, 1, 0, 0, 3, 2, 1, 2, 3, 3, 0, 2, 1, 3], dtype=object)]
[332, array([-90., -45., -45.,   0.]), array([0, 3, 0, 2, 2, 0, 3, 0, 2, 2, 3, 2, 1, 3, 0, 1, 2, 3, 0, 0, 0, 3,
       1, 2, 0, 1, 3, 1, 0, 0, 3, 2, 1, 2, 3, 3, 0, 2, 1, 3], dtype=object)]
[332, array([-90., -45., -45.,   0.]), array([0, 3, 0, 2, 2, 0, 3, 0, 2, 2, 3, 2, 1, 3, 0, 1, 2, 3, 0, 0, 0, 3,
       1, 2, 0, 1, 3, 1, 0, 0, 3, 2, 1, 2, 3, 3, 0, 2, 1, 3], dtype=object)]
[347, array([-90., -45., -45.,   0.]), array([0, 3, 0, 2, 2, 0, 3, 0, 2, 2, 3, 2, 0, 3, 0, 2, 2, 3, 0, 0, 0, 3,
       1, 2, 0, 1, 3, 1, 0, 0, 3, 2, 1, 2, 3, 3, 0, 2, 1, 3], dtype=object)]
[336, array([-90., -45., -45.,   0.]), array([0, 3, 0, 2, 2, 0, 3, 0, 2, 2, 3, 2, 0, 3, 0, 2, 2, 3, 0, 0, 0, 3,
       1, 2, 0, 1, 3, 1, 0, 0, 3, 2, 0, 2, 3, 3, 0, 2, 1, 3], dtype=object)]
[333, array([-90., -45., -45.,   0.]), array([0, 3, 0, 2, 2, 0, 3, 0, 2, 2, 3, 2, 1, 3, 0, 2, 2, 3, 0, 0, 0, 3,
       1, 2, 0, 1, 3, 1, 0, 0, 3, 2, 1, 2, 3, 3, 0, 2, 1, 3], dtype=object)]
[348, array([-90., -45., -45.,   0.]), array([0, 3, 0, 2, 2, 0, 3, 0, 2, 2, 3, 2, 1, 3, 0, 2, 2, 3, 0, 0, 0, 3,
       1, 2, 0, 1, 3, 1, 0, 0, 3, 2, 3, 2, 3, 3, 0, 2, 1, 3], dtype=object)]
[333, array([-90., -45., -45.,   0.]), array([0, 3, 0, 2, 2, 0, 3, 0, 2, 2, 3, 2, 1, 3, 0, 2, 2, 3, 0, 0, 0, 3,
       1, 2, 0, 1, 3, 1, 0, 0, 3, 2, 1, 2, 3, 3, 0, 2, 1, 3], dtype=object)]
[337, array([-90., -45., -45.,   0.]), array([0, 3, 0, 2, 2, 0, 3, 0, 2, 2, 3, 2, 1, 3, 0, 1, 2, 3, 0, 0, 0, 3,
       1, 2, 0, 1, 3, 1, 0, 0, 3, 2, 1, 2, 3, 3, 0, 2, 1, 3], dtype=object)]
[334, array([-76., -38., -38.,   0.]), array([0, 3, 0, 2, 2, 0, 3, 0, 2, 2, 3, 2, 0, 0, 0, 2, 2, 3, 0, 0, 0, 3,
       1, 2, 0, 1, 3, 1, 0, 0, 3, 2, 1, 2, 3, 3, 0, 2, 1, 3], dtype=object)]
[349, array([-90., -45., -45.,   0.]), array([0, 3, 0, 2, 2, 0, 3, 0, 2, 2, 3, 2, 1, 3, 0, 2, 2, 3, 0, 0, 0, 3,
       1, 2, 0, 1, 3, 1, 0, 0, 3, 2, 0, 2, 3, 3, 0, 2, 1, 3], dtype=object)]
[338, array([-80., -40., -40.,   0.]), array([0, 3, 0, 2, 2, 0, 3, 0, 2, 2, 3, 2, 0, 3, 0, 1, 2, 3, 0, 1, 0, 3,
       1, 2, 0, 1, 3, 1, 0, 0, 3, 2, 1, 2, 3, 3, 0, 2, 1, 3], dtype=object)]
[334, array([-76., -38., -38.,   0.]), array([0, 3, 0, 2, 2, 0, 3, 0, 2, 2, 3, 2, 0, 0, 0, 2, 2, 3, 0, 0, 0, 3,
       1, 2, 0, 1, 3, 1, 0, 0, 3, 2, 1, 2, 3, 3, 0, 2, 1, 3], dtype=object)]
[335, array([-90., -45., -45.,   0.]), array([0, 3, 0, 2, 2, 0, 3, 0, 2, 2, 3, 2, 1, 3, 0, 2, 2, 3, 0, 0, 0, 3,
       1, 2, 0, 1, 3, 1, 0, 0, 3, 2, 1, 2, 3, 3, 0, 2, 1, 3], dtype=object)]
[350, array([-90., -45., -45.,   0.]), array([0, 3, 0, 2, 2, 0, 3, 0, 2, 2, 3, 2, 3, 3, 0, 2, 2, 3, 0, 0, 0, 3,
       1, 2, 0, 1, 3, 1, 0, 0, 3, 2, 0, 2, 3, 3, 0, 2, 1, 3], dtype=object)]
[336, array([-90., -45., -45.,   0.]), array([0, 3, 0, 2, 2, 0, 3, 0, 2, 2, 3, 2, 0, 3, 0, 2, 2, 3, 0, 0, 0, 3,
       1, 2, 0, 1, 3, 1, 0, 0, 3, 2, 0, 2, 3, 3, 0, 2, 1, 3], dtype=object)]
[339, array([-90., -45., -45.,   0.]), array([0, 3, 0, 2, 2, 0, 3, 0, 2, 2, 3, 2, 1, 3, 0, 2, 2, 3, 0, 0, 0, 3,
       1, 2, 0, 1, 3, 1, 0, 0, 3, 2, 1, 2, 3, 3, 0, 2, 1, 3], dtype=object)]
[335, array([-90., -45., -45.,   0.]), array([0, 3, 0, 2, 2, 0, 3, 0, 2, 2, 3, 2, 1, 3, 0, 2, 2, 3, 0, 0, 0, 3,
       1, 2, 0, 1, 3, 1, 0, 0, 3, 2, 1, 2, 3, 3, 0, 2, 1, 3], dtype=object)]
[351, array([-90., -45., -45.,   0.]), array([0, 3, 0, 2, 2, 0, 3, 0, 2, 2, 3, 2, 1, 3, 0, 2, 2, 3, 0, 0, 0, 3,
       1, 2, 0, 1, 3, 1, 0, 0, 3, 2, 1, 2, 3, 3, 0, 2, 1, 3], dtype=object)]
[337, array([-90., -45., -45.,   0.]), array([0, 3, 0, 2, 2, 0, 3, 0, 2, 2, 3, 2, 1, 3, 0, 1, 2, 3, 0, 0, 0, 3,
       1, 2, 0, 1, 3, 1, 0, 0, 3, 2, 1, 2, 3, 3, 0, 2, 1, 3], dtype=object)]
[340, array([-90., -45., -45.,   0.]), array([0, 3, 0, 2, 2, 0, 3, 0, 2, 2, 3, 2, 1, 3, 0, 1, 2, 3, 0, 0, 0, 3,
       1, 2, 0, 1, 3, 1, 0, 0, 3, 2, 3, 2, 3, 3, 0, 2, 1, 3], dtype=object)]
[336, array([-90., -45., -45.,   0.]), array([0, 3, 0, 2, 2, 0, 3, 0, 2, 2, 3, 2, 0, 3, 0, 2, 2, 3, 0, 0, 0, 3,
       1, 2, 0, 1, 3, 1, 0, 0, 3, 2, 0, 2, 3, 3, 0, 2, 1, 3], dtype=object)]
[352, array([-90., -45., -45.,   0.]), array([0, 3, 0, 2, 2, 0, 3, 0, 2, 2, 3, 2, 3, 3, 0, 2, 2, 3, 0, 0, 0, 3,
       1, 2, 0, 1, 3, 1, 0, 0, 3, 2, 2, 2, 3, 3, 0, 2, 1, 3], dtype=object)]
[338, array([-80., -40., -40.,   0.]), array([0, 3, 0, 2, 2, 0, 3, 0, 2, 2, 3, 2, 0, 3, 0, 1, 2, 3, 0, 1, 0, 3,
       1, 2, 0, 1, 3, 1, 0, 0, 3, 2, 1, 2, 3, 3, 0, 2, 1, 3], dtype=object)]
[337, array([-90., -45., -45.,   0.]), array([0, 3, 0, 2, 2, 0, 3, 0, 2, 2, 3, 2, 1, 3, 0, 1, 2, 3, 0, 0, 0, 3,
       1, 2, 0, 1, 3, 1, 0, 0, 3, 2, 1, 2, 3, 3, 0, 2, 1, 3], dtype=object)]
[341, array([-90., -45., -45.,   0.]), array([0, 3, 0, 2, 2, 0, 3, 0, 2, 2, 3, 2, 0, 3, 0, 2, 2, 3, 0, 0, 0, 3,
       1, 2, 0, 1, 3, 1, 0, 0, 3, 2, 1, 2, 3, 3, 0, 2, 1, 3], dtype=object)]
[353, array([-90., -45., -45.,   0.]), array([0, 3, 0, 2, 2, 0, 3, 0, 2, 2, 3, 2, 0, 3, 0, 2, 2, 3, 0, 0, 0, 3,
       1, 2, 0, 1, 3, 1, 0, 0, 3, 2, 1, 2, 3, 3, 0, 2, 1, 3], dtype=object)]
[342, array([-90., -45., -45.,   0.]), array([0, 3, 0, 2, 2, 0, 3, 0, 2, 2, 0, 2, 1, 3, 0, 2, 2, 3, 0, 0, 0, 3,
       1, 2, 0, 1, 3, 1, 0, 0, 3, 2, 1, 2, 3, 3, 0, 2, 1, 3], dtype=object)]
[339, array([-90., -45., -45.,   0.]), array([0, 3, 0, 2, 2, 0, 3, 0, 2, 2, 3, 2, 1, 3, 0, 2, 2, 3, 0, 0, 0, 3,
       1, 2, 0, 1, 3, 1, 0, 0, 3, 2, 1, 2, 3, 3, 0, 2, 1, 3], dtype=object)]
[338, array([-80., -40., -40.,   0.]), array([0, 3, 0, 2, 2, 0, 3, 0, 2, 2, 3, 2, 0, 3, 0, 1, 2, 3, 0, 1, 0, 3,
       1, 2, 0, 1, 3, 1, 0, 0, 3, 2, 1, 2, 3, 3, 0, 2, 1, 3], dtype=object)]
[354, array([-90., -45., -45.,   0.]), array([0, 3, 0, 2, 2, 0, 3, 0, 2, 2, 3, 2, 1, 3, 0, 2, 2, 3, 0, 0, 0, 3,
       1, 2, 0, 1, 3, 1, 0, 0, 3, 2, 0, 2, 3, 3, 0, 2, 1, 3], dtype=object)]
[340, array([-90., -45., -45.,   0.]), array([0, 3, 0, 2, 2, 0, 3, 0, 2, 2, 3, 2, 1, 3, 0, 1, 2, 3, 0, 0, 0, 3,
       1, 2, 0, 1, 3, 1, 0, 0, 3, 2, 3, 2, 3, 3, 0, 2, 1, 3], dtype=object)]
[343, array([-90., -45., -45.,   0.]), array([0, 3, 0, 2, 2, 0, 3, 0, 2, 2, 3, 2, 1, 3, 0, 2, 2, 3, 0, 0, 0, 3,
       1, 2, 0, 1, 3, 1, 0, 0, 3, 2, 1, 2, 3, 3, 0, 2, 1, 3], dtype=object)]
[339, array([-90., -45., -45.,   0.]), array([0, 3, 0, 2, 2, 0, 3, 0, 2, 2, 3, 2, 1, 3, 0, 2, 2, 3, 0, 0, 0, 3,
       1, 2, 0, 1, 3, 1, 0, 0, 3, 2, 1, 2, 3, 3, 0, 2, 1, 3], dtype=object)]
[355, array([-90., -45., -45.,   0.]), array([0, 3, 0, 2, 2, 0, 3, 0, 2, 2, 3, 2, 0, 3, 0, 2, 2, 3, 0, 0, 0, 3,
       1, 2, 0, 1, 3, 1, 0, 0, 3, 2, 1, 2, 3, 3, 0, 2, 1, 3], dtype=object)]
[344, array([-90., -45., -45.,   0.]), array([0, 3, 0, 2, 2, 0, 3, 0, 2, 2, 3, 2, 1, 3, 0, 0, 2, 3, 0, 0, 0, 3,
       1, 2, 0, 1, 3, 1, 0, 0, 3, 2, 1, 2, 3, 3, 0, 2, 1, 3], dtype=object)]
[341, array([-90., -45., -45.,   0.]), array([0, 3, 0, 2, 2, 0, 3, 0, 2, 2, 3, 2, 0, 3, 0, 2, 2, 3, 0, 0, 0, 3,
       1, 2, 0, 1, 3, 1, 0, 0, 3, 2, 1, 2, 3, 3, 0, 2, 1, 3], dtype=object)]
[340, array([-90., -45., -45.,   0.]), array([0, 3, 0, 2, 2, 0, 3, 0, 2, 2, 3, 2, 1, 3, 0, 1, 2, 3, 0, 0, 0, 3,
       1, 2, 0, 1, 3, 1, 0, 0, 3, 2, 3, 2, 3, 3, 0, 2, 1, 3], dtype=object)]
[356, array([-90., -45., -45.,   0.]), array([0, 3, 0, 2, 2, 0, 3, 0, 2, 2, 3, 2, 1, 3, 0, 2, 2, 3, 0, 0, 0, 3,
       1, 2, 0, 1, 3, 1, 0, 0, 3, 2, 3, 2, 3, 3, 0, 2, 1, 3], dtype=object)]
[342, array([-90., -45., -45.,   0.]), array([0, 3, 0, 2, 2, 0, 3, 0, 2, 2, 0, 2, 1, 3, 0, 2, 2, 3, 0, 0, 0, 3,
       1, 2, 0, 1, 3, 1, 0, 0, 3, 2, 1, 2, 3, 3, 0, 2, 1, 3], dtype=object)]
[341, array([-90., -45., -45.,   0.]), array([0, 3, 0, 2, 2, 0, 3, 0, 2, 2, 3, 2, 0, 3, 0, 2, 2, 3, 0, 0, 0, 3,
       1, 2, 0, 1, 3, 1, 0, 0, 3, 2, 1, 2, 3, 3, 0, 2, 1, 3], dtype=object)]
[345, array([-90., -45., -45.,   0.]), array([0, 3, 0, 2, 2, 0, 3, 0, 2, 2, 3, 2, 1, 3, 0, 2, 2, 3, 0, 0, 0, 3,
       1, 2, 0, 1, 3, 1, 0, 0, 3, 2, 1, 2, 3, 3, 0, 2, 1, 3], dtype=object)]
[357, array([-90., -45., -45.,   0.]), array([0, 3, 0, 2, 2, 0, 3, 0, 2, 2, 3, 2, 0, 3, 0, 2, 2, 3, 0, 0, 0, 3,
       1, 2, 0, 1, 3, 1, 0, 0, 3, 2, 1, 2, 3, 3, 0, 2, 1, 3], dtype=object)]
[346, array([-90., -45., -45.,   0.]), array([0, 3, 0, 2, 2, 0, 3, 0, 2, 2, 3, 2, 1, 3, 0, 0, 2, 3, 0, 0, 0, 3,
       1, 2, 0, 1, 3, 1, 0, 0, 3, 2, 1, 2, 3, 3, 0, 2, 1, 3], dtype=object)]
[342, array([-90., -45., -45.,   0.]), array([0, 3, 0, 2, 2, 0, 3, 0, 2, 2, 0, 2, 1, 3, 0, 2, 2, 3, 0, 0, 0, 3,
       1, 2, 0, 1, 3, 1, 0, 0, 3, 2, 1, 2, 3, 3, 0, 2, 1, 3], dtype=object)]
[343, array([-90., -45., -45.,   0.]), array([0, 3, 0, 2, 2, 0, 3, 0, 2, 2, 3, 2, 1, 3, 0, 2, 2, 3, 0, 0, 0, 3,
       1, 2, 0, 1, 3, 1, 0, 0, 3, 2, 1, 2, 3, 3, 0, 2, 1, 3], dtype=object)]
[358, array([-90., -45., -45.,   0.]), array([0, 3, 0, 2, 2, 0, 3, 0, 2, 2, 3, 2, 1, 3, 0, 2, 2, 3, 0, 0, 0, 3,
       1, 2, 0, 1, 3, 1, 0, 0, 3, 2, 2, 2, 3, 3, 0, 2, 1, 3], dtype=object)]
[347, array([-90., -45., -45.,   0.]), array([0, 3, 0, 2, 2, 0, 3, 0, 2, 2, 3, 2, 0, 3, 0, 2, 2, 3, 0, 0, 0, 3,
       1, 2, 0, 1, 3, 1, 0, 0, 3, 2, 1, 2, 3, 3, 0, 2, 1, 3], dtype=object)]
[344, array([-90., -45., -45.,   0.]), array([0, 3, 0, 2, 2, 0, 3, 0, 2, 2, 3, 2, 1, 3, 0, 0, 2, 3, 0, 0, 0, 3,
       1, 2, 0, 1, 3, 1, 0, 0, 3, 2, 1, 2, 3, 3, 0, 2, 1, 3], dtype=object)]
[343, array([-90., -45., -45.,   0.]), array([0, 3, 0, 2, 2, 0, 3, 0, 2, 2, 3, 2, 1, 3, 0, 2, 2, 3, 0, 0, 0, 3,
       1, 2, 0, 1, 3, 1, 0, 0, 3, 2, 1, 2, 3, 3, 0, 2, 1, 3], dtype=object)]
[359, array([-90., -45., -45.,   0.]), array([0, 3, 0, 2, 2, 0, 3, 0, 2, 2, 3, 2, 1, 3, 0, 2, 2, 3, 0, 0, 0, 3,
       1, 2, 0, 1, 3, 1, 0, 0, 3, 2, 1, 2, 3, 3, 0, 2, 1, 3], dtype=object)]
[348, array([-90., -45., -45.,   0.]), array([0, 3, 0, 2, 2, 0, 3, 0, 2, 2, 3, 2, 1, 3, 0, 2, 2, 3, 0, 0, 0, 3,
       1, 2, 0, 1, 3, 1, 0, 0, 3, 2, 3, 2, 3, 3, 0, 2, 1, 3], dtype=object)]
[345, array([-90., -45., -45.,   0.]), array([0, 3, 0, 2, 2, 0, 3, 0, 2, 2, 3, 2, 1, 3, 0, 2, 2, 3, 0, 0, 0, 3,
       1, 2, 0, 1, 3, 1, 0, 0, 3, 2, 1, 2, 3, 3, 0, 2, 1, 3], dtype=object)]
[360, array([-90., -45., -45.,   0.]), array([0, 3, 0, 2, 2, 0, 3, 0, 2, 2, 0, 2, 1, 3, 0, 2, 2, 3, 0, 0, 0, 3,
       1, 2, 0, 1, 3, 1, 0, 0, 3, 2, 1, 2, 3, 3, 0, 2, 1, 3], dtype=object)]
[344, array([-90., -45., -45.,   0.]), array([0, 3, 0, 2, 2, 0, 3, 0, 2, 2, 3, 2, 1, 3, 0, 0, 2, 3, 0, 0, 0, 3,
       1, 2, 0, 1, 3, 1, 0, 0, 3, 2, 1, 2, 3, 3, 0, 2, 1, 3], dtype=object)]
[349, array([-90., -45., -45.,   0.]), array([0, 3, 0, 2, 2, 0, 3, 0, 2, 2, 3, 2, 1, 3, 0, 2, 2, 3, 0, 0, 0, 3,
       1, 2, 0, 1, 3, 1, 0, 0, 3, 2, 0, 2, 3, 3, 0, 2, 1, 3], dtype=object)]
[346, array([-90., -45., -45.,   0.]), array([0, 3, 0, 2, 2, 0, 3, 0, 2, 2, 3, 2, 1, 3, 0, 0, 2, 3, 0, 0, 0, 3,
       1, 2, 0, 1, 3, 1, 0, 0, 3, 2, 1, 2, 3, 3, 0, 2, 1, 3], dtype=object)]
[361, array([-90., -45., -45.,   0.]), array([0, 3, 0, 2, 2, 0, 3, 0, 2, 2, 3, 2, 0, 3, 0, 2, 2, 3, 0, 0, 0, 3,
       1, 2, 0, 1, 3, 1, 0, 0, 3, 2, 1, 2, 3, 3, 0, 2, 1, 3], dtype=object)]
[345, array([-90., -45., -45.,   0.]), array([0, 3, 0, 2, 2, 0, 3, 0, 2, 2, 3, 2, 1, 3, 0, 2, 2, 3, 0, 0, 0, 3,
       1, 2, 0, 1, 3, 1, 0, 0, 3, 2, 1, 2, 3, 3, 0, 2, 1, 3], dtype=object)]
[350, array([-90., -45., -45.,   0.]), array([0, 3, 0, 2, 2, 0, 3, 0, 2, 2, 3, 2, 3, 3, 0, 2, 2, 3, 0, 0, 0, 3,
       1, 2, 0, 1, 3, 1, 0, 0, 3, 2, 0, 2, 3, 3, 0, 2, 1, 3], dtype=object)]
[362, array([-90., -45., -45.,   0.]), array([0, 3, 0, 2, 2, 0, 3, 0, 2, 2, 3, 2, 3, 3, 0, 2, 2, 3, 0, 0, 0, 3,
       1, 2, 0, 1, 3, 1, 0, 0, 3, 2, 2, 2, 3, 3, 0, 2, 1, 3], dtype=object)]
[347, array([-90., -45., -45.,   0.]), array([0, 3, 0, 2, 2, 0, 3, 0, 2, 2, 3, 2, 0, 3, 0, 2, 2, 3, 0, 0, 0, 3,
       1, 2, 0, 1, 3, 1, 0, 0, 3, 2, 1, 2, 3, 3, 0, 2, 1, 3], dtype=object)]
[346, array([-90., -45., -45.,   0.]), array([0, 3, 0, 2, 2, 0, 3, 0, 2, 2, 3, 2, 1, 3, 0, 0, 2, 3, 0, 0, 0, 3,
       1, 2, 0, 1, 3, 1, 0, 0, 3, 2, 1, 2, 3, 3, 0, 2, 1, 3], dtype=object)]
[363, array([-90., -45., -45.,   0.]), array([0, 3, 0, 2, 2, 0, 3, 0, 2, 2, 3, 2, 0, 3, 0, 2, 2, 3, 0, 0, 0, 3,
       1, 2, 0, 1, 3, 1, 0, 0, 3, 2, 1, 2, 3, 3, 0, 2, 1, 3], dtype=object)]
[348, array([-90., -45., -45.,   0.]), array([0, 3, 0, 2, 2, 0, 3, 0, 2, 2, 3, 2, 1, 3, 0, 2, 2, 3, 0, 0, 0, 3,
       1, 2, 0, 1, 3, 1, 0, 0, 3, 2, 3, 2, 3, 3, 0, 2, 1, 3], dtype=object)]
[351, array([-90., -45., -45.,   0.]), array([0, 3, 0, 2, 2, 0, 3, 0, 2, 2, 3, 2, 1, 3, 0, 2, 2, 3, 0, 0, 0, 3,
       1, 2, 0, 1, 3, 1, 0, 0, 3, 2, 1, 2, 3, 3, 0, 2, 1, 3], dtype=object)]
[347, array([-90., -45., -45.,   0.]), array([0, 3, 0, 2, 2, 0, 3, 0, 2, 2, 3, 2, 0, 3, 0, 2, 2, 3, 0, 0, 0, 3,
       1, 2, 0, 1, 3, 1, 0, 0, 3, 2, 1, 2, 3, 3, 0, 2, 1, 3], dtype=object)]
[364, array([-90., -45., -45.,   0.]), array([0, 3, 0, 2, 2, 0, 3, 0, 2, 2, 3, 2, 0, 3, 0, 0, 2, 3, 0, 0, 0, 3,
       1, 2, 0, 1, 3, 1, 0, 0, 3, 2, 2, 2, 3, 3, 0, 2, 1, 3], dtype=object)]
[349, array([-90., -45., -45.,   0.]), array([0, 3, 0, 2, 2, 0, 3, 0, 2, 2, 3, 2, 1, 3, 0, 2, 2, 3, 0, 0, 0, 3,
       1, 2, 0, 1, 3, 1, 0, 0, 3, 2, 0, 2, 3, 3, 0, 2, 1, 3], dtype=object)]
[352, array([-90., -45., -45.,   0.]), array([0, 3, 0, 2, 2, 0, 3, 0, 2, 2, 3, 2, 3, 3, 0, 2, 2, 3, 0, 0, 0, 3,
       1, 2, 0, 1, 3, 1, 0, 0, 3, 2, 2, 2, 3, 3, 0, 2, 1, 3], dtype=object)]
[348, array([-90., -45., -45.,   0.]), array([0, 3, 0, 2, 2, 0, 3, 0, 2, 2, 3, 2, 1, 3, 0, 2, 2, 3, 0, 0, 0, 3,
       1, 2, 0, 1, 3, 1, 0, 0, 3, 2, 3, 2, 3, 3, 0, 2, 1, 3], dtype=object)]
[365, array([-90., -45., -45.,   0.]), array([0, 3, 0, 2, 2, 0, 3, 0, 2, 2, 3, 2, 0, 3, 0, 2, 2, 3, 0, 0, 0, 3,
       1, 2, 0, 1, 3, 1, 0, 0, 3, 2, 1, 2, 3, 3, 0, 2, 1, 3], dtype=object)]
[350, array([-90., -45., -45.,   0.]), array([0, 3, 0, 2, 2, 0, 3, 0, 2, 2, 3, 2, 3, 3, 0, 2, 2, 3, 0, 0, 0, 3,
       1, 2, 0, 1, 3, 1, 0, 0, 3, 2, 0, 2, 3, 3, 0, 2, 1, 3], dtype=object)]
[353, array([-90., -45., -45.,   0.]), array([0, 3, 0, 2, 2, 0, 3, 0, 2, 2, 3, 2, 0, 3, 0, 2, 2, 3, 0, 0, 0, 3,
       1, 2, 0, 1, 3, 1, 0, 0, 3, 2, 1, 2, 3, 3, 0, 2, 1, 3], dtype=object)]
[349, array([-90., -45., -45.,   0.]), array([0, 3, 0, 2, 2, 0, 3, 0, 2, 2, 3, 2, 1, 3, 0, 2, 2, 3, 0, 0, 0, 3,
       1, 2, 0, 1, 3, 1, 0, 0, 3, 2, 0, 2, 3, 3, 0, 2, 1, 3], dtype=object)]
[366, array([-90., -45., -45.,   0.]), array([0, 3, 0, 2, 2, 0, 3, 0, 2, 2, 0, 2, 0, 3, 0, 2, 2, 3, 0, 0, 0, 3,
       1, 2, 0, 1, 3, 1, 0, 0, 3, 2, 1, 2, 3, 3, 0, 2, 1, 3], dtype=object)]
[351, array([-90., -45., -45.,   0.]), array([0, 3, 0, 2, 2, 0, 3, 0, 2, 2, 3, 2, 1, 3, 0, 2, 2, 3, 0, 0, 0, 3,
       1, 2, 0, 1, 3, 1, 0, 0, 3, 2, 1, 2, 3, 3, 0, 2, 1, 3], dtype=object)]
[354, array([-90., -45., -45.,   0.]), array([0, 3, 0, 2, 2, 0, 3, 0, 2, 2, 3, 2, 1, 3, 0, 2, 2, 3, 0, 0, 0, 3,
       1, 2, 0, 1, 3, 1, 0, 0, 3, 2, 0, 2, 3, 3, 0, 2, 1, 3], dtype=object)]
[350, array([-90., -45., -45.,   0.]), array([0, 3, 0, 2, 2, 0, 3, 0, 2, 2, 3, 2, 3, 3, 0, 2, 2, 3, 0, 0, 0, 3,
       1, 2, 0, 1, 3, 1, 0, 0, 3, 2, 0, 2, 3, 3, 0, 2, 1, 3], dtype=object)]
[367, array([-90., -45., -45.,   0.]), array([0, 3, 0, 2, 2, 0, 3, 0, 2, 2, 3, 2, 0, 3, 0, 2, 2, 3, 0, 0, 0, 3,
       1, 2, 0, 1, 3, 1, 0, 0, 3, 2, 1, 2, 3, 3, 0, 2, 1, 3], dtype=object)]
[352, array([-90., -45., -45.,   0.]), array([0, 3, 0, 2, 2, 0, 3, 0, 2, 2, 3, 2, 3, 3, 0, 2, 2, 3, 0, 0, 0, 3,
       1, 2, 0, 1, 3, 1, 0, 0, 3, 2, 2, 2, 3, 3, 0, 2, 1, 3], dtype=object)]
[355, array([-90., -45., -45.,   0.]), array([0, 3, 0, 2, 2, 0, 3, 0, 2, 2, 3, 2, 0, 3, 0, 2, 2, 3, 0, 0, 0, 3,
       1, 2, 0, 1, 3, 1, 0, 0, 3, 2, 1, 2, 3, 3, 0, 2, 1, 3], dtype=object)]
[351, array([-90., -45., -45.,   0.]), array([0, 3, 0, 2, 2, 0, 3, 0, 2, 2, 3, 2, 1, 3, 0, 2, 2, 3, 0, 0, 0, 3,
       1, 2, 0, 1, 3, 1, 0, 0, 3, 2, 1, 2, 3, 3, 0, 2, 1, 3], dtype=object)]
[368, array([-80., -40., -40.,   0.]), array([0, 3, 0, 2, 2, 0, 3, 0, 2, 2, 3, 2, 0, 3, 0, 2, 2, 3, 0, 1, 0, 3,
       1, 2, 0, 1, 3, 1, 0, 0, 3, 2, 1, 2, 3, 3, 0, 2, 1, 3], dtype=object)]
[352, array([-90., -45., -45.,   0.]), array([0, 3, 0, 2, 2, 0, 3, 0, 2, 2, 3, 2, 3, 3, 0, 2, 2, 3, 0, 0, 0, 3,
       1, 2, 0, 1, 3, 1, 0, 0, 3, 2, 2, 2, 3, 3, 0, 2, 1, 3], dtype=object)]
[353, array([-90., -45., -45.,   0.]), array([0, 3, 0, 2, 2, 0, 3, 0, 2, 2, 3, 2, 0, 3, 0, 2, 2, 3, 0, 0, 0, 3,
       1, 2, 0, 1, 3, 1, 0, 0, 3, 2, 1, 2, 3, 3, 0, 2, 1, 3], dtype=object)]
[356, array([-90., -45., -45.,   0.]), array([0, 3, 0, 2, 2, 0, 3, 0, 2, 2, 3, 2, 1, 3, 0, 2, 2, 3, 0, 0, 0, 3,
       1, 2, 0, 1, 3, 1, 0, 0, 3, 2, 3, 2, 3, 3, 0, 2, 1, 3], dtype=object)]
[369, array([-90., -45., -45.,   0.]), array([0, 3, 0, 2, 2, 0, 3, 0, 2, 2, 3, 2, 3, 3, 0, 2, 2, 3, 0, 0, 0, 3,
       1, 2, 0, 1, 3, 1, 0, 0, 3, 2, 1, 2, 3, 3, 0, 2, 1, 3], dtype=object)]
[354, array([-90., -45., -45.,   0.]), array([0, 3, 0, 2, 2, 0, 3, 0, 2, 2, 3, 2, 1, 3, 0, 2, 2, 3, 0, 0, 0, 3,
       1, 2, 0, 1, 3, 1, 0, 0, 3, 2, 0, 2, 3, 3, 0, 2, 1, 3], dtype=object)]
[353, array([-90., -45., -45.,   0.]), array([0, 3, 0, 2, 2, 0, 3, 0, 2, 2, 3, 2, 0, 3, 0, 2, 2, 3, 0, 0, 0, 3,
       1, 2, 0, 1, 3, 1, 0, 0, 3, 2, 1, 2, 3, 3, 0, 2, 1, 3], dtype=object)]
[357, array([-90., -45., -45.,   0.]), array([0, 3, 0, 2, 2, 0, 3, 0, 2, 2, 3, 2, 0, 3, 0, 2, 2, 3, 0, 0, 0, 3,
       1, 2, 0, 1, 3, 1, 0, 0, 3, 2, 1, 2, 3, 3, 0, 2, 1, 3], dtype=object)]
[370, array([-80., -40., -40.,   0.]), array([0, 3, 0, 2, 2, 0, 3, 0, 2, 2, 3, 2, 0, 3, 0, 2, 2, 3, 0, 0, 0, 3,
       1, 1, 0, 1, 3, 1, 0, 0, 3, 2, 1, 2, 3, 3, 0, 2, 1, 3], dtype=object)]
[355, array([-90., -45., -45.,   0.]), array([0, 3, 0, 2, 2, 0, 3, 0, 2, 2, 3, 2, 0, 3, 0, 2, 2, 3, 0, 0, 0, 3,
       1, 2, 0, 1, 3, 1, 0, 0, 3, 2, 1, 2, 3, 3, 0, 2, 1, 3], dtype=object)]
[354, array([-90., -45., -45.,   0.]), array([0, 3, 0, 2, 2, 0, 3, 0, 2, 2, 3, 2, 1, 3, 0, 2, 2, 3, 0, 0, 0, 3,
       1, 2, 0, 1, 3, 1, 0, 0, 3, 2, 0, 2, 3, 3, 0, 2, 1, 3], dtype=object)]
[358, array([-90., -45., -45.,   0.]), array([0, 3, 0, 2, 2, 0, 3, 0, 2, 2, 3, 2, 1, 3, 0, 2, 2, 3, 0, 0, 0, 3,
       1, 2, 0, 1, 3, 1, 0, 0, 3, 2, 2, 2, 3, 3, 0, 2, 1, 3], dtype=object)]
[371, array([-90., -45., -45.,   0.]), array([0, 3, 0, 2, 2, 0, 3, 0, 2, 2, 3, 2, 0, 3, 0, 2, 2, 3, 0, 0, 0, 3,
       1, 2, 0, 1, 3, 1, 0, 0, 3, 2, 1, 2, 3, 3, 0, 2, 1, 3], dtype=object)]
[356, array([-90., -45., -45.,   0.]), array([0, 3, 0, 2, 2, 0, 3, 0, 2, 2, 3, 2, 1, 3, 0, 2, 2, 3, 0, 0, 0, 3,
       1, 2, 0, 1, 3, 1, 0, 0, 3, 2, 3, 2, 3, 3, 0, 2, 1, 3], dtype=object)]
[355, array([-90., -45., -45.,   0.]), array([0, 3, 0, 2, 2, 0, 3, 0, 2, 2, 3, 2, 0, 3, 0, 2, 2, 3, 0, 0, 0, 3,
       1, 2, 0, 1, 3, 1, 0, 0, 3, 2, 1, 2, 3, 3, 0, 2, 1, 3], dtype=object)]
[359, array([-90., -45., -45.,   0.]), array([0, 3, 0, 2, 2, 0, 3, 0, 2, 2, 3, 2, 1, 3, 0, 2, 2, 3, 0, 0, 0, 3,
       1, 2, 0, 1, 3, 1, 0, 0, 3, 2, 1, 2, 3, 3, 0, 2, 1, 3], dtype=object)]
[372, array([-90., -45., -45.,   0.]), array([0, 3, 0, 2, 2, 0, 3, 0, 2, 2, 0, 2, 0, 3, 0, 2, 2, 3, 0, 0, 0, 3,
       1, 2, 0, 1, 3, 1, 0, 0, 3, 2, 1, 2, 3, 3, 0, 2, 1, 3], dtype=object)]
[357, array([-90., -45., -45.,   0.]), array([0, 3, 0, 2, 2, 0, 3, 0, 2, 2, 3, 2, 0, 3, 0, 2, 2, 3, 0, 0, 0, 3,
       1, 2, 0, 1, 3, 1, 0, 0, 3, 2, 1, 2, 3, 3, 0, 2, 1, 3], dtype=object)]
[360, array([-90., -45., -45.,   0.]), array([0, 3, 0, 2, 2, 0, 3, 0, 2, 2, 0, 2, 1, 3, 0, 2, 2, 3, 0, 0, 0, 3,
       1, 2, 0, 1, 3, 1, 0, 0, 3, 2, 1, 2, 3, 3, 0, 2, 1, 3], dtype=object)]
[356, array([-90., -45., -45.,   0.]), array([0, 3, 0, 2, 2, 0, 3, 0, 2, 2, 3, 2, 1, 3, 0, 2, 2, 3, 0, 0, 0, 3,
       1, 2, 0, 1, 3, 1, 0, 0, 3, 2, 3, 2, 3, 3, 0, 2, 1, 3], dtype=object)]
[373, array([-90., -45., -45.,   0.]), array([0, 3, 0, 2, 2, 0, 3, 0, 2, 2, 3, 2, 1, 3, 0, 2, 2, 3, 0, 0, 0, 3,
       1, 2, 0, 1, 3, 1, 0, 0, 3, 2, 1, 2, 3, 3, 0, 2, 1, 3], dtype=object)]
[358, array([-90., -45., -45.,   0.]), array([0, 3, 0, 2, 2, 0, 3, 0, 2, 2, 3, 2, 1, 3, 0, 2, 2, 3, 0, 0, 0, 3,
       1, 2, 0, 1, 3, 1, 0, 0, 3, 2, 2, 2, 3, 3, 0, 2, 1, 3], dtype=object)]
[361, array([-90., -45., -45.,   0.]), array([0, 3, 0, 2, 2, 0, 3, 0, 2, 2, 3, 2, 0, 3, 0, 2, 2, 3, 0, 0, 0, 3,
       1, 2, 0, 1, 3, 1, 0, 0, 3, 2, 1, 2, 3, 3, 0, 2, 1, 3], dtype=object)]
[374, array([-80., -40., -40.,   0.]), array([0, 3, 0, 2, 2, 0, 3, 0, 2, 2, 1, 2, 0, 3, 0, 2, 2, 3, 0, 1, 0, 3,
       1, 2, 0, 1, 3, 1, 0, 0, 3, 2, 1, 2, 3, 3, 0, 2, 1, 3], dtype=object)]
[357, array([-90., -45., -45.,   0.]), array([0, 3, 0, 2, 2, 0, 3, 0, 2, 2, 3, 2, 0, 3, 0, 2, 2, 3, 0, 0, 0, 3,
       1, 2, 0, 1, 3, 1, 0, 0, 3, 2, 1, 2, 3, 3, 0, 2, 1, 3], dtype=object)]
[359, array([-90., -45., -45.,   0.]), array([0, 3, 0, 2, 2, 0, 3, 0, 2, 2, 3, 2, 1, 3, 0, 2, 2, 3, 0, 0, 0, 3,
       1, 2, 0, 1, 3, 1, 0, 0, 3, 2, 1, 2, 3, 3, 0, 2, 1, 3], dtype=object)]
[362, array([-90., -45., -45.,   0.]), array([0, 3, 0, 2, 2, 0, 3, 0, 2, 2, 3, 2, 3, 3, 0, 2, 2, 3, 0, 0, 0, 3,
       1, 2, 0, 1, 3, 1, 0, 0, 3, 2, 2, 2, 3, 3, 0, 2, 1, 3], dtype=object)]
[358, array([-90., -45., -45.,   0.]), array([0, 3, 0, 2, 2, 0, 3, 0, 2, 2, 3, 2, 1, 3, 0, 2, 2, 3, 0, 0, 0, 3,
       1, 2, 0, 1, 3, 1, 0, 0, 3, 2, 2, 2, 3, 3, 0, 2, 1, 3], dtype=object)]
[375, array([-90., -45., -45.,   0.]), array([0, 3, 0, 2, 2, 0, 3, 0, 2, 2, 3, 2, 1, 3, 0, 2, 2, 3, 0, 0, 0, 3,
       1, 2, 0, 1, 3, 1, 0, 0, 3, 2, 1, 2, 3, 3, 0, 2, 1, 3], dtype=object)]
[360, array([-90., -45., -45.,   0.]), array([0, 3, 0, 2, 2, 0, 3, 0, 2, 2, 0, 2, 1, 3, 0, 2, 2, 3, 0, 0, 0, 3,
       1, 2, 0, 1, 3, 1, 0, 0, 3, 2, 1, 2, 3, 3, 0, 2, 1, 3], dtype=object)]
[363, array([-90., -45., -45.,   0.]), array([0, 3, 0, 2, 2, 0, 3, 0, 2, 2, 3, 2, 0, 3, 0, 2, 2, 3, 0, 0, 0, 3,
       1, 2, 0, 1, 3, 1, 0, 0, 3, 2, 1, 2, 3, 3, 0, 2, 1, 3], dtype=object)]
[376, array([-90., -45., -45.,   0.]), array([0, 3, 0, 2, 2, 0, 3, 0, 2, 2, 3, 2, 1, 3, 0, 3, 2, 3, 0, 0, 0, 3,
       1, 2, 0, 1, 3, 1, 0, 0, 3, 2, 1, 2, 3, 3, 0, 2, 1, 3], dtype=object)]
[359, array([-90., -45., -45.,   0.]), array([0, 3, 0, 2, 2, 0, 3, 0, 2, 2, 3, 2, 1, 3, 0, 2, 2, 3, 0, 0, 0, 3,
       1, 2, 0, 1, 3, 1, 0, 0, 3, 2, 1, 2, 3, 3, 0, 2, 1, 3], dtype=object)]
[364, array([-90., -45., -45.,   0.]), array([0, 3, 0, 2, 2, 0, 3, 0, 2, 2, 3, 2, 0, 3, 0, 0, 2, 3, 0, 0, 0, 3,
       1, 2, 0, 1, 3, 1, 0, 0, 3, 2, 2, 2, 3, 3, 0, 2, 1, 3], dtype=object)]
[377, array([-90., -45., -45.,   0.]), array([0, 3, 0, 2, 2, 0, 3, 0, 2, 2, 3, 2, 0, 3, 0, 2, 2, 3, 0, 0, 0, 3,
       1, 2, 0, 1, 3, 1, 0, 0, 3, 2, 1, 2, 3, 3, 0, 2, 1, 3], dtype=object)]
[361, array([-90., -45., -45.,   0.]), array([0, 3, 0, 2, 2, 0, 3, 0, 2, 2, 3, 2, 0, 3, 0, 2, 2, 3, 0, 0, 0, 3,
       1, 2, 0, 1, 3, 1, 0, 0, 3, 2, 1, 2, 3, 3, 0, 2, 1, 3], dtype=object)]
[360, array([-90., -45., -45.,   0.]), array([0, 3, 0, 2, 2, 0, 3, 0, 2, 2, 0, 2, 1, 3, 0, 2, 2, 3, 0, 0, 0, 3,
       1, 2, 0, 1, 3, 1, 0, 0, 3, 2, 1, 2, 3, 3, 0, 2, 1, 3], dtype=object)]
[378, array([-90., -45., -45.,   0.]), array([0, 3, 0, 2, 2, 0, 3, 0, 2, 2, 0, 2, 0, 3, 0, 2, 2, 3, 0, 0, 0, 3,
       1, 2, 0, 1, 3, 1, 0, 0, 3, 2, 0, 2, 3, 3, 0, 2, 1, 3], dtype=object)]
[365, array([-90., -45., -45.,   0.]), array([0, 3, 0, 2, 2, 0, 3, 0, 2, 2, 3, 2, 0, 3, 0, 2, 2, 3, 0, 0, 0, 3,
       1, 2, 0, 1, 3, 1, 0, 0, 3, 2, 1, 2, 3, 3, 0, 2, 1, 3], dtype=object)]
[361, array([-90., -45., -45.,   0.]), array([0, 3, 0, 2, 2, 0, 3, 0, 2, 2, 3, 2, 0, 3, 0, 2, 2, 3, 0, 0, 0, 3,
       1, 2, 0, 1, 3, 1, 0, 0, 3, 2, 1, 2, 3, 3, 0, 2, 1, 3], dtype=object)]
[362, array([-90., -45., -45.,   0.]), array([0, 3, 0, 2, 2, 0, 3, 0, 2, 2, 3, 2, 3, 3, 0, 2, 2, 3, 0, 0, 0, 3,
       1, 2, 0, 1, 3, 1, 0, 0, 3, 2, 2, 2, 3, 3, 0, 2, 1, 3], dtype=object)]
[379, array([-90., -45., -45.,   0.]), array([0, 3, 0, 2, 2, 0, 3, 0, 2, 2, 1, 2, 0, 3, 0, 2, 2, 3, 0, 0, 0, 3,
       1, 2, 0, 1, 3, 1, 0, 0, 3, 2, 1, 2, 3, 3, 0, 2, 1, 3], dtype=object)]
[362, array([-90., -45., -45.,   0.]), array([0, 3, 0, 2, 2, 0, 3, 0, 2, 2, 3, 2, 3, 3, 0, 2, 2, 3, 0, 0, 0, 3,
       1, 2, 0, 1, 3, 1, 0, 0, 3, 2, 2, 2, 3, 3, 0, 2, 1, 3], dtype=object)]
[366, array([-90., -45., -45.,   0.]), array([0, 3, 0, 2, 2, 0, 3, 0, 2, 2, 0, 2, 0, 3, 0, 2, 2, 3, 0, 0, 0, 3,
       1, 2, 0, 1, 3, 1, 0, 0, 3, 2, 1, 2, 3, 3, 0, 2, 1, 3], dtype=object)]
[363, array([-90., -45., -45.,   0.]), array([0, 3, 0, 2, 2, 0, 3, 0, 2, 2, 3, 2, 0, 3, 0, 2, 2, 3, 0, 0, 0, 3,
       1, 2, 0, 1, 3, 1, 0, 0, 3, 2, 1, 2, 3, 3, 0, 2, 1, 3], dtype=object)]
[380, array([-90., -45., -45.,   0.]), array([0, 3, 0, 2, 2, 0, 3, 0, 2, 2, 1, 2, 2, 3, 0, 3, 2, 3, 0, 0, 0, 3,
       1, 2, 0, 1, 3, 1, 0, 0, 3, 2, 1, 2, 3, 3, 0, 2, 1, 3], dtype=object)]
[363, array([-90., -45., -45.,   0.]), array([0, 3, 0, 2, 2, 0, 3, 0, 2, 2, 3, 2, 0, 3, 0, 2, 2, 3, 0, 0, 0, 3,
       1, 2, 0, 1, 3, 1, 0, 0, 3, 2, 1, 2, 3, 3, 0, 2, 1, 3], dtype=object)]
[367, array([-90., -45., -45.,   0.]), array([0, 3, 0, 2, 2, 0, 3, 0, 2, 2, 3, 2, 0, 3, 0, 2, 2, 3, 0, 0, 0, 3,
       1, 2, 0, 1, 3, 1, 0, 0, 3, 2, 1, 2, 3, 3, 0, 2, 1, 3], dtype=object)]
[364, array([-90., -45., -45.,   0.]), array([0, 3, 0, 2, 2, 0, 3, 0, 2, 2, 3, 2, 0, 3, 0, 0, 2, 3, 0, 0, 0, 3,
       1, 2, 0, 1, 3, 1, 0, 0, 3, 2, 2, 2, 3, 3, 0, 2, 1, 3], dtype=object)]
[381, array([-90., -45., -45.,   0.]), array([0, 3, 0, 2, 2, 0, 3, 0, 2, 2, 3, 2, 1, 3, 0, 2, 2, 3, 0, 0, 0, 3,
       1, 2, 0, 1, 3, 1, 0, 0, 3, 2, 1, 2, 3, 3, 0, 2, 1, 3], dtype=object)]
[364, array([-90., -45., -45.,   0.]), array([0, 3, 0, 2, 2, 0, 3, 0, 2, 2, 3, 2, 0, 3, 0, 0, 2, 3, 0, 0, 0, 3,
       1, 2, 0, 1, 3, 1, 0, 0, 3, 2, 2, 2, 3, 3, 0, 2, 1, 3], dtype=object)]
[368, array([-80., -40., -40.,   0.]), array([0, 3, 0, 2, 2, 0, 3, 0, 2, 2, 3, 2, 0, 3, 0, 2, 2, 3, 0, 1, 0, 3,
       1, 2, 0, 1, 3, 1, 0, 0, 3, 2, 1, 2, 3, 3, 0, 2, 1, 3], dtype=object)]
[365, array([-90., -45., -45.,   0.]), array([0, 3, 0, 2, 2, 0, 3, 0, 2, 2, 3, 2, 0, 3, 0, 2, 2, 3, 0, 0, 0, 3,
       1, 2, 0, 1, 3, 1, 0, 0, 3, 2, 1, 2, 3, 3, 0, 2, 1, 3], dtype=object)]
[382, array([-90., -45., -45.,   0.]), array([0, 3, 0, 2, 2, 0, 3, 0, 2, 2, 1, 2, 2, 3, 0, 3, 2, 3, 0, 0, 0, 3,
       1, 2, 0, 1, 3, 1, 0, 0, 3, 2, 0, 2, 3, 3, 0, 2, 1, 3], dtype=object)]
[365, array([-90., -45., -45.,   0.]), array([0, 3, 0, 2, 2, 0, 3, 0, 2, 2, 3, 2, 0, 3, 0, 2, 2, 3, 0, 0, 0, 3,
       1, 2, 0, 1, 3, 1, 0, 0, 3, 2, 1, 2, 3, 3, 0, 2, 1, 3], dtype=object)]
[366, array([-90., -45., -45.,   0.]), array([0, 3, 0, 2, 2, 0, 3, 0, 2, 2, 0, 2, 0, 3, 0, 2, 2, 3, 0, 0, 0, 3,
       1, 2, 0, 1, 3, 1, 0, 0, 3, 2, 1, 2, 3, 3, 0, 2, 1, 3], dtype=object)]
[369, array([-90., -45., -45.,   0.]), array([0, 3, 0, 2, 2, 0, 3, 0, 2, 2, 3, 2, 3, 3, 0, 2, 2, 3, 0, 0, 0, 3,
       1, 2, 0, 1, 3, 1, 0, 0, 3, 2, 1, 2, 3, 3, 0, 2, 1, 3], dtype=object)]
[383, array([-90., -45., -45.,   0.]), array([0, 3, 0, 2, 2, 0, 3, 0, 2, 2, 1, 2, 2, 3, 0, 3, 2, 3, 0, 0, 0, 3,
       1, 2, 0, 1, 3, 1, 0, 0, 3, 2, 1, 2, 3, 3, 0, 2, 1, 3], dtype=object)]
[366, array([-90., -45., -45.,   0.]), array([0, 3, 0, 2, 2, 0, 3, 0, 2, 2, 0, 2, 0, 3, 0, 2, 2, 3, 0, 0, 0, 3,
       1, 2, 0, 1, 3, 1, 0, 0, 3, 2, 1, 2, 3, 3, 0, 2, 1, 3], dtype=object)]
[370, array([-80., -40., -40.,   0.]), array([0, 3, 0, 2, 2, 0, 3, 0, 2, 2, 3, 2, 0, 3, 0, 2, 2, 3, 0, 0, 0, 3,
       1, 1, 0, 1, 3, 1, 0, 0, 3, 2, 1, 2, 3, 3, 0, 2, 1, 3], dtype=object)]
[367, array([-90., -45., -45.,   0.]), array([0, 3, 0, 2, 2, 0, 3, 0, 2, 2, 3, 2, 0, 3, 0, 2, 2, 3, 0, 0, 0, 3,
       1, 2, 0, 1, 3, 1, 0, 0, 3, 2, 1, 2, 3, 3, 0, 2, 1, 3], dtype=object)]
[384, array([-90., -45., -45.,   0.]), array([0, 3, 0, 2, 2, 0, 3, 0, 2, 2, 3, 2, 0, 3, 0, 3, 2, 3, 0, 0, 0, 3,
       1, 2, 0, 1, 3, 1, 0, 0, 3, 2, 1, 2, 3, 3, 0, 2, 1, 3], dtype=object)]
[367, array([-90., -45., -45.,   0.]), array([0, 3, 0, 2, 2, 0, 3, 0, 2, 2, 3, 2, 0, 3, 0, 2, 2, 3, 0, 0, 0, 3,
       1, 2, 0, 1, 3, 1, 0, 0, 3, 2, 1, 2, 3, 3, 0, 2, 1, 3], dtype=object)]
[368, array([-80., -40., -40.,   0.]), array([0, 3, 0, 2, 2, 0, 3, 0, 2, 2, 3, 2, 0, 3, 0, 2, 2, 3, 0, 1, 0, 3,
       1, 2, 0, 1, 3, 1, 0, 0, 3, 2, 1, 2, 3, 3, 0, 2, 1, 3], dtype=object)]
[371, array([-90., -45., -45.,   0.]), array([0, 3, 0, 2, 2, 0, 3, 0, 2, 2, 3, 2, 0, 3, 0, 2, 2, 3, 0, 0, 0, 3,
       1, 2, 0, 1, 3, 1, 0, 0, 3, 2, 1, 2, 3, 3, 0, 2, 1, 3], dtype=object)]
[385, array([-90., -45., -45.,   0.]), array([0, 3, 0, 2, 2, 0, 3, 0, 2, 2, 3, 2, 0, 3, 0, 2, 2, 3, 0, 0, 0, 3,
       1, 2, 0, 1, 3, 1, 0, 0, 3, 2, 1, 2, 3, 3, 0, 2, 1, 3], dtype=object)]
[368, array([-80., -40., -40.,   0.]), array([0, 3, 0, 2, 2, 0, 3, 0, 2, 2, 3, 2, 0, 3, 0, 2, 2, 3, 0, 1, 0, 3,
       1, 2, 0, 1, 3, 1, 0, 0, 3, 2, 1, 2, 3, 3, 0, 2, 1, 3], dtype=object)]
[372, array([-90., -45., -45.,   0.]), array([0, 3, 0, 2, 2, 0, 3, 0, 2, 2, 0, 2, 0, 3, 0, 2, 2, 3, 0, 0, 0, 3,
       1, 2, 0, 1, 3, 1, 0, 0, 3, 2, 1, 2, 3, 3, 0, 2, 1, 3], dtype=object)]
[386, array([-90., -45., -45.,   0.]), array([0, 3, 0, 2, 2, 0, 3, 0, 2, 2, 0, 2, 0, 3, 0, 2, 2, 3, 0, 0, 0, 3,
       1, 2, 0, 1, 3, 1, 0, 0, 3, 2, 0, 2, 3, 3, 0, 2, 1, 3], dtype=object)]
[369, array([-90., -45., -45.,   0.]), array([0, 3, 0, 2, 2, 0, 3, 0, 2, 2, 3, 2, 3, 3, 0, 2, 2, 3, 0, 0, 0, 3,
       1, 2, 0, 1, 3, 1, 0, 0, 3, 2, 1, 2, 3, 3, 0, 2, 1, 3], dtype=object)]
[369, array([-90., -45., -45.,   0.]), array([0, 3, 0, 2, 2, 0, 3, 0, 2, 2, 3, 2, 3, 3, 0, 2, 2, 3, 0, 0, 0, 3,
       1, 2, 0, 1, 3, 1, 0, 0, 3, 2, 1, 2, 3, 3, 0, 2, 1, 3], dtype=object)]
[387, array([-90., -45., -45.,   0.]), array([0, 3, 0, 2, 2, 0, 3, 0, 2, 2, 3, 2, 0, 3, 0, 2, 2, 3, 0, 0, 0, 3,
       1, 2, 0, 1, 3, 1, 0, 0, 3, 2, 1, 2, 3, 3, 0, 2, 1, 3], dtype=object)]
[373, array([-90., -45., -45.,   0.]), array([0, 3, 0, 2, 2, 0, 3, 0, 2, 2, 3, 2, 1, 3, 0, 2, 2, 3, 0, 0, 0, 3,
       1, 2, 0, 1, 3, 1, 0, 0, 3, 2, 1, 2, 3, 3, 0, 2, 1, 3], dtype=object)]
[370, array([-80., -40., -40.,   0.]), array([0, 3, 0, 2, 2, 0, 3, 0, 2, 2, 3, 2, 0, 3, 0, 2, 2, 3, 0, 0, 0, 3,
       1, 1, 0, 1, 3, 1, 0, 0, 3, 2, 1, 2, 3, 3, 0, 2, 1, 3], dtype=object)]
[388, array([-90., -45., -45.,   0.]), array([0, 3, 0, 2, 2, 0, 3, 0, 2, 2, 0, 2, 0, 3, 0, 2, 2, 3, 0, 0, 0, 3,
       1, 2, 0, 1, 3, 1, 0, 0, 3, 2, 1, 2, 3, 3, 0, 2, 1, 3], dtype=object)]
[370, array([-80., -40., -40.,   0.]), array([0, 3, 0, 2, 2, 0, 3, 0, 2, 2, 3, 2, 0, 3, 0, 2, 2, 3, 0, 0, 0, 3,
       1, 1, 0, 1, 3, 1, 0, 0, 3, 2, 1, 2, 3, 3, 0, 2, 1, 3], dtype=object)]
[374, array([-80., -40., -40.,   0.]), array([0, 3, 0, 2, 2, 0, 3, 0, 2, 2, 1, 2, 0, 3, 0, 2, 2, 3, 0, 1, 0, 3,
       1, 2, 0, 1, 3, 1, 0, 0, 3, 2, 1, 2, 3, 3, 0, 2, 1, 3], dtype=object)]
[371, array([-90., -45., -45.,   0.]), array([0, 3, 0, 2, 2, 0, 3, 0, 2, 2, 3, 2, 0, 3, 0, 2, 2, 3, 0, 0, 0, 3,
       1, 2, 0, 1, 3, 1, 0, 0, 3, 2, 1, 2, 3, 3, 0, 2, 1, 3], dtype=object)]
[389, array([-90., -45., -45.,   0.]), array([0, 3, 0, 2, 2, 0, 3, 0, 2, 2, 3, 2, 0, 3, 0, 2, 2, 3, 0, 0, 0, 3,
       1, 2, 0, 1, 3, 1, 0, 0, 3, 2, 1, 2, 3, 3, 0, 2, 1, 3], dtype=object)]
[371, array([-90., -45., -45.,   0.]), array([0, 3, 0, 2, 2, 0, 3, 0, 2, 2, 3, 2, 0, 3, 0, 2, 2, 3, 0, 0, 0, 3,
       1, 2, 0, 1, 3, 1, 0, 0, 3, 2, 1, 2, 3, 3, 0, 2, 1, 3], dtype=object)]
[375, array([-90., -45., -45.,   0.]), array([0, 3, 0, 2, 2, 0, 3, 0, 2, 2, 3, 2, 1, 3, 0, 2, 2, 3, 0, 0, 0, 3,
       1, 2, 0, 1, 3, 1, 0, 0, 3, 2, 1, 2, 3, 3, 0, 2, 1, 3], dtype=object)]
[372, array([-90., -45., -45.,   0.]), array([0, 3, 0, 2, 2, 0, 3, 0, 2, 2, 0, 2, 0, 3, 0, 2, 2, 3, 0, 0, 0, 3,
       1, 2, 0, 1, 3, 1, 0, 0, 3, 2, 1, 2, 3, 3, 0, 2, 1, 3], dtype=object)]
[390, array([-90., -45., -45.,   0.]), array([0, 3, 0, 2, 2, 0, 3, 0, 2, 2, 3, 2, 0, 3, 0, 3, 2, 3, 0, 0, 0, 3,
       1, 2, 0, 1, 3, 1, 0, 0, 3, 2, 1, 2, 3, 3, 0, 2, 1, 3], dtype=object)]
[372, array([-90., -45., -45.,   0.]), array([0, 3, 0, 2, 2, 0, 3, 0, 2, 2, 0, 2, 0, 3, 0, 2, 2, 3, 0, 0, 0, 3,
       1, 2, 0, 1, 3, 1, 0, 0, 3, 2, 1, 2, 3, 3, 0, 2, 1, 3], dtype=object)]
[376, array([-90., -45., -45.,   0.]), array([0, 3, 0, 2, 2, 0, 3, 0, 2, 2, 3, 2, 1, 3, 0, 3, 2, 3, 0, 0, 0, 3,
       1, 2, 0, 1, 3, 1, 0, 0, 3, 2, 1, 2, 3, 3, 0, 2, 1, 3], dtype=object)]
[373, array([-90., -45., -45.,   0.]), array([0, 3, 0, 2, 2, 0, 3, 0, 2, 2, 3, 2, 1, 3, 0, 2, 2, 3, 0, 0, 0, 3,
       1, 2, 0, 1, 3, 1, 0, 0, 3, 2, 1, 2, 3, 3, 0, 2, 1, 3], dtype=object)]
[391, array([-90., -45., -45.,   0.]), array([0, 3, 0, 2, 2, 0, 3, 0, 2, 2, 3, 2, 0, 3, 0, 2, 2, 3, 0, 0, 0, 3,
       1, 2, 0, 1, 3, 1, 0, 0, 3, 2, 1, 2, 3, 3, 0, 2, 1, 3], dtype=object)]
[374, array([-80., -40., -40.,   0.]), array([0, 3, 0, 2, 2, 0, 3, 0, 2, 2, 1, 2, 0, 3, 0, 2, 2, 3, 0, 1, 0, 3,
       1, 2, 0, 1, 3, 1, 0, 0, 3, 2, 1, 2, 3, 3, 0, 2, 1, 3], dtype=object)]
[373, array([-90., -45., -45.,   0.]), array([0, 3, 0, 2, 2, 0, 3, 0, 2, 2, 3, 2, 1, 3, 0, 2, 2, 3, 0, 0, 0, 3,
       1, 2, 0, 1, 3, 1, 0, 0, 3, 2, 1, 2, 3, 3, 0, 2, 1, 3], dtype=object)]
[377, array([-90., -45., -45.,   0.]), array([0, 3, 0, 2, 2, 0, 3, 0, 2, 2, 3, 2, 0, 3, 0, 2, 2, 3, 0, 0, 0, 3,
       1, 2, 0, 1, 3, 1, 0, 0, 3, 2, 1, 2, 3, 3, 0, 2, 1, 3], dtype=object)]
[392, array([-90., -45., -45.,   0.]), array([0, 3, 0, 2, 2, 0, 3, 0, 2, 2, 3, 2, 0, 3, 0, 0, 2, 3, 0, 0, 0, 3,
       1, 2, 0, 1, 3, 1, 0, 0, 3, 2, 1, 2, 3, 3, 0, 2, 1, 3], dtype=object)]
[375, array([-90., -45., -45.,   0.]), array([0, 3, 0, 2, 2, 0, 3, 0, 2, 2, 3, 2, 1, 3, 0, 2, 2, 3, 0, 0, 0, 3,
       1, 2, 0, 1, 3, 1, 0, 0, 3, 2, 1, 2, 3, 3, 0, 2, 1, 3], dtype=object)]
[374, array([-80., -40., -40.,   0.]), array([0, 3, 0, 2, 2, 0, 3, 0, 2, 2, 1, 2, 0, 3, 0, 2, 2, 3, 0, 1, 0, 3,
       1, 2, 0, 1, 3, 1, 0, 0, 3, 2, 1, 2, 3, 3, 0, 2, 1, 3], dtype=object)]
[378, array([-90., -45., -45.,   0.]), array([0, 3, 0, 2, 2, 0, 3, 0, 2, 2, 0, 2, 0, 3, 0, 2, 2, 3, 0, 0, 0, 3,
       1, 2, 0, 1, 3, 1, 0, 0, 3, 2, 0, 2, 3, 3, 0, 2, 1, 3], dtype=object)]
[393, array([-90., -45., -45.,   0.]), array([0, 3, 0, 2, 2, 0, 3, 0, 2, 2, 3, 2, 1, 3, 0, 2, 2, 3, 0, 0, 0, 3,
       1, 2, 0, 1, 3, 1, 0, 0, 3, 2, 1, 2, 3, 3, 0, 2, 1, 3], dtype=object)]
[376, array([-90., -45., -45.,   0.]), array([0, 3, 0, 2, 2, 0, 3, 0, 2, 2, 3, 2, 1, 3, 0, 3, 2, 3, 0, 0, 0, 3,
       1, 2, 0, 1, 3, 1, 0, 0, 3, 2, 1, 2, 3, 3, 0, 2, 1, 3], dtype=object)]
[379, array([-90., -45., -45.,   0.]), array([0, 3, 0, 2, 2, 0, 3, 0, 2, 2, 1, 2, 0, 3, 0, 2, 2, 3, 0, 0, 0, 3,
       1, 2, 0, 1, 3, 1, 0, 0, 3, 2, 1, 2, 3, 3, 0, 2, 1, 3], dtype=object)]
[375, array([-90., -45., -45.,   0.]), array([0, 3, 0, 2, 2, 0, 3, 0, 2, 2, 3, 2, 1, 3, 0, 2, 2, 3, 0, 0, 0, 3,
       1, 2, 0, 1, 3, 1, 0, 0, 3, 2, 1, 2, 3, 3, 0, 2, 1, 3], dtype=object)]
[394, array([-90., -45., -45.,   0.]), array([0, 3, 0, 2, 2, 0, 3, 0, 2, 2, 3, 2, 1, 3, 0, 2, 2, 3, 0, 0, 0, 3,
       1, 2, 0, 1, 3, 1, 0, 0, 3, 2, 2, 2, 3, 3, 0, 2, 1, 3], dtype=object)]
[377, array([-90., -45., -45.,   0.]), array([0, 3, 0, 2, 2, 0, 3, 0, 2, 2, 3, 2, 0, 3, 0, 2, 2, 3, 0, 0, 0, 3,
       1, 2, 0, 1, 3, 1, 0, 0, 3, 2, 1, 2, 3, 3, 0, 2, 1, 3], dtype=object)]
[376, array([-90., -45., -45.,   0.]), array([0, 3, 0, 2, 2, 0, 3, 0, 2, 2, 3, 2, 1, 3, 0, 3, 2, 3, 0, 0, 0, 3,
       1, 2, 0, 1, 3, 1, 0, 0, 3, 2, 1, 2, 3, 3, 0, 2, 1, 3], dtype=object)]
[380, array([-90., -45., -45.,   0.]), array([0, 3, 0, 2, 2, 0, 3, 0, 2, 2, 1, 2, 2, 3, 0, 3, 2, 3, 0, 0, 0, 3,
       1, 2, 0, 1, 3, 1, 0, 0, 3, 2, 1, 2, 3, 3, 0, 2, 1, 3], dtype=object)]
[395, array([-90., -45., -45.,   0.]), array([0, 3, 0, 2, 2, 0, 3, 0, 2, 2, 3, 2, 0, 3, 0, 2, 2, 3, 0, 0, 0, 3,
       1, 2, 0, 1, 3, 1, 0, 0, 3, 2, 2, 2, 3, 3, 0, 2, 1, 3], dtype=object)]
[378, array([-90., -45., -45.,   0.]), array([0, 3, 0, 2, 2, 0, 3, 0, 2, 2, 0, 2, 0, 3, 0, 2, 2, 3, 0, 0, 0, 3,
       1, 2, 0, 1, 3, 1, 0, 0, 3, 2, 0, 2, 3, 3, 0, 2, 1, 3], dtype=object)]
[377, array([-90., -45., -45.,   0.]), array([0, 3, 0, 2, 2, 0, 3, 0, 2, 2, 3, 2, 0, 3, 0, 2, 2, 3, 0, 0, 0, 3,
       1, 2, 0, 1, 3, 1, 0, 0, 3, 2, 1, 2, 3, 3, 0, 2, 1, 3], dtype=object)]
[381, array([-90., -45., -45.,   0.]), array([0, 3, 0, 2, 2, 0, 3, 0, 2, 2, 3, 2, 1, 3, 0, 2, 2, 3, 0, 0, 0, 3,
       1, 2, 0, 1, 3, 1, 0, 0, 3, 2, 1, 2, 3, 3, 0, 2, 1, 3], dtype=object)]
[396, array([-90., -45., -45.,   0.]), array([0, 3, 0, 2, 2, 0, 3, 0, 2, 2, 3, 2, 1, 3, 0, 2, 2, 3, 0, 0, 0, 3,
       1, 2, 0, 1, 3, 1, 0, 0, 3, 2, 2, 2, 3, 3, 0, 2, 1, 3], dtype=object)]
[382, array([-90., -45., -45.,   0.]), array([0, 3, 0, 2, 2, 0, 3, 0, 2, 2, 1, 2, 2, 3, 0, 3, 2, 3, 0, 0, 0, 3,
       1, 2, 0, 1, 3, 1, 0, 0, 3, 2, 0, 2, 3, 3, 0, 2, 1, 3], dtype=object)]
[379, array([-90., -45., -45.,   0.]), array([0, 3, 0, 2, 2, 0, 3, 0, 2, 2, 1, 2, 0, 3, 0, 2, 2, 3, 0, 0, 0, 3,
       1, 2, 0, 1, 3, 1, 0, 0, 3, 2, 1, 2, 3, 3, 0, 2, 1, 3], dtype=object)]
[378, array([-90., -45., -45.,   0.]), array([0, 3, 0, 2, 2, 0, 3, 0, 2, 2, 0, 2, 0, 3, 0, 2, 2, 3, 0, 0, 0, 3,
       1, 2, 0, 1, 3, 1, 0, 0, 3, 2, 0, 2, 3, 3, 0, 2, 1, 3], dtype=object)]
[397, array([-90., -45., -45.,   0.]), array([0, 3, 0, 2, 2, 0, 3, 0, 2, 2, 3, 2, 0, 3, 0, 2, 2, 3, 0, 0, 0, 3,
       1, 2, 0, 1, 3, 1, 0, 0, 3, 2, 1, 2, 3, 3, 0, 2, 1, 3], dtype=object)]
[380, array([-90., -45., -45.,   0.]), array([0, 3, 0, 2, 2, 0, 3, 0, 2, 2, 1, 2, 2, 3, 0, 3, 2, 3, 0, 0, 0, 3,
       1, 2, 0, 1, 3, 1, 0, 0, 3, 2, 1, 2, 3, 3, 0, 2, 1, 3], dtype=object)]
[379, array([-90., -45., -45.,   0.]), array([0, 3, 0, 2, 2, 0, 3, 0, 2, 2, 1, 2, 0, 3, 0, 2, 2, 3, 0, 0, 0, 3,
       1, 2, 0, 1, 3, 1, 0, 0, 3, 2, 1, 2, 3, 3, 0, 2, 1, 3], dtype=object)]
[383, array([-90., -45., -45.,   0.]), array([0, 3, 0, 2, 2, 0, 3, 0, 2, 2, 1, 2, 2, 3, 0, 3, 2, 3, 0, 0, 0, 3,
       1, 2, 0, 1, 3, 1, 0, 0, 3, 2, 1, 2, 3, 3, 0, 2, 1, 3], dtype=object)]
[398, array([-90., -45., -45.,   0.]), array([0, 3, 0, 2, 2, 0, 3, 0, 2, 2, 3, 2, 0, 3, 0, 1, 2, 3, 0, 0, 0, 3,
       1, 2, 0, 1, 3, 1, 0, 0, 3, 2, 1, 2, 3, 3, 0, 2, 1, 3], dtype=object)]
[381, array([-90., -45., -45.,   0.]), array([0, 3, 0, 2, 2, 0, 3, 0, 2, 2, 3, 2, 1, 3, 0, 2, 2, 3, 0, 0, 0, 3,
       1, 2, 0, 1, 3, 1, 0, 0, 3, 2, 1, 2, 3, 3, 0, 2, 1, 3], dtype=object)]
[380, array([-90., -45., -45.,   0.]), array([0, 3, 0, 2, 2, 0, 3, 0, 2, 2, 1, 2, 2, 3, 0, 3, 2, 3, 0, 0, 0, 3,
       1, 2, 0, 1, 3, 1, 0, 0, 3, 2, 1, 2, 3, 3, 0, 2, 1, 3], dtype=object)]
[384, array([-90., -45., -45.,   0.]), array([0, 3, 0, 2, 2, 0, 3, 0, 2, 2, 3, 2, 0, 3, 0, 3, 2, 3, 0, 0, 0, 3,
       1, 2, 0, 1, 3, 1, 0, 0, 3, 2, 1, 2, 3, 3, 0, 2, 1, 3], dtype=object)]
[399, array([-90., -45., -45.,   0.]), array([0, 3, 0, 2, 2, 0, 3, 0, 2, 2, 3, 2, 1, 3, 0, 2, 2, 3, 0, 0, 0, 3,
       1, 2, 0, 1, 3, 1, 0, 0, 3, 2, 1, 2, 3, 3, 0, 2, 1, 3], dtype=object)]
[400, array([-90., -45., -45.,   0.]), array([0, 3, 0, 2, 2, 0, 3, 0, 2, 2, 0, 2, 0, 3, 0, 2, 2, 3, 0, 0, 0, 3,
       1, 2, 0, 1, 3, 1, 0, 0, 3, 2, 1, 2, 3, 3, 0, 2, 1, 3], dtype=object)]
[382, array([-90., -45., -45.,   0.]), array([0, 3, 0, 2, 2, 0, 3, 0, 2, 2, 1, 2, 2, 3, 0, 3, 2, 3, 0, 0, 0, 3,
       1, 2, 0, 1, 3, 1, 0, 0, 3, 2, 0, 2, 3, 3, 0, 2, 1, 3], dtype=object)]
[385, array([-90., -45., -45.,   0.]), array([0, 3, 0, 2, 2, 0, 3, 0, 2, 2, 3, 2, 0, 3, 0, 2, 2, 3, 0, 0, 0, 3,
       1, 2, 0, 1, 3, 1, 0, 0, 3, 2, 1, 2, 3, 3, 0, 2, 1, 3], dtype=object)]
[381, array([-90., -45., -45.,   0.]), array([0, 3, 0, 2, 2, 0, 3, 0, 2, 2, 3, 2, 1, 3, 0, 2, 2, 3, 0, 0, 0, 3,
       1, 2, 0, 1, 3, 1, 0, 0, 3, 2, 1, 2, 3, 3, 0, 2, 1, 3], dtype=object)]
[401, array([-90., -45., -45.,   0.]), array([0, 3, 0, 2, 2, 0, 3, 0, 2, 2, 3, 2, 0, 3, 0, 2, 2, 3, 0, 0, 0, 3,
       1, 2, 0, 1, 3, 1, 0, 0, 3, 2, 1, 2, 3, 3, 0, 2, 1, 3], dtype=object)]
[383, array([-90., -45., -45.,   0.]), array([0, 3, 0, 2, 2, 0, 3, 0, 2, 2, 1, 2, 2, 3, 0, 3, 2, 3, 0, 0, 0, 3,
       1, 2, 0, 1, 3, 1, 0, 0, 3, 2, 1, 2, 3, 3, 0, 2, 1, 3], dtype=object)]
[386, array([-90., -45., -45.,   0.]), array([0, 3, 0, 2, 2, 0, 3, 0, 2, 2, 0, 2, 0, 3, 0, 2, 2, 3, 0, 0, 0, 3,
       1, 2, 0, 1, 3, 1, 0, 0, 3, 2, 0, 2, 3, 3, 0, 2, 1, 3], dtype=object)]
[382, array([-90., -45., -45.,   0.]), array([0, 3, 0, 2, 2, 0, 3, 0, 2, 2, 1, 2, 2, 3, 0, 3, 2, 3, 0, 0, 0, 3,
       1, 2, 0, 1, 3, 1, 0, 0, 3, 2, 0, 2, 3, 3, 0, 2, 1, 3], dtype=object)]
[402, array([-90., -45., -45.,   0.]), array([0, 3, 0, 2, 2, 0, 3, 0, 2, 2, 3, 2, 0, 3, 0, 1, 2, 3, 0, 0, 0, 3,
       1, 2, 0, 1, 3, 1, 0, 0, 3, 2, 1, 2, 3, 3, 0, 2, 1, 3], dtype=object)]
[384, array([-90., -45., -45.,   0.]), array([0, 3, 0, 2, 2, 0, 3, 0, 2, 2, 3, 2, 0, 3, 0, 3, 2, 3, 0, 0, 0, 3,
       1, 2, 0, 1, 3, 1, 0, 0, 3, 2, 1, 2, 3, 3, 0, 2, 1, 3], dtype=object)]
[387, array([-90., -45., -45.,   0.]), array([0, 3, 0, 2, 2, 0, 3, 0, 2, 2, 3, 2, 0, 3, 0, 2, 2, 3, 0, 0, 0, 3,
       1, 2, 0, 1, 3, 1, 0, 0, 3, 2, 1, 2, 3, 3, 0, 2, 1, 3], dtype=object)]
[383, array([-90., -45., -45.,   0.]), array([0, 3, 0, 2, 2, 0, 3, 0, 2, 2, 1, 2, 2, 3, 0, 3, 2, 3, 0, 0, 0, 3,
       1, 2, 0, 1, 3, 1, 0, 0, 3, 2, 1, 2, 3, 3, 0, 2, 1, 3], dtype=object)]
[403, array([-90., -45., -45.,   0.]), array([0, 3, 0, 2, 2, 0, 3, 0, 2, 2, 3, 2, 0, 3, 0, 2, 2, 3, 0, 0, 0, 3,
       1, 2, 0, 1, 3, 1, 0, 0, 3, 2, 1, 2, 3, 3, 0, 2, 1, 3], dtype=object)]
[388, array([-90., -45., -45.,   0.]), array([0, 3, 0, 2, 2, 0, 3, 0, 2, 2, 0, 2, 0, 3, 0, 2, 2, 3, 0, 0, 0, 3,
       1, 2, 0, 1, 3, 1, 0, 0, 3, 2, 1, 2, 3, 3, 0, 2, 1, 3], dtype=object)]
[385, array([-90., -45., -45.,   0.]), array([0, 3, 0, 2, 2, 0, 3, 0, 2, 2, 3, 2, 0, 3, 0, 2, 2, 3, 0, 0, 0, 3,
       1, 2, 0, 1, 3, 1, 0, 0, 3, 2, 1, 2, 3, 3, 0, 2, 1, 3], dtype=object)]
[384, array([-90., -45., -45.,   0.]), array([0, 3, 0, 2, 2, 0, 3, 0, 2, 2, 3, 2, 0, 3, 0, 3, 2, 3, 0, 0, 0, 3,
       1, 2, 0, 1, 3, 1, 0, 0, 3, 2, 1, 2, 3, 3, 0, 2, 1, 3], dtype=object)]
[404, array([-76., -38., -38.,   0.]), array([0, 3, 0, 2, 2, 0, 3, 0, 2, 2, 3, 2, 0, 3, 0, 2, 2, 3, 0, 0, 0, 3,
       1, 2, 0, 2, 3, 1, 0, 0, 3, 2, 1, 2, 3, 3, 0, 2, 1, 3], dtype=object)]
[386, array([-90., -45., -45.,   0.]), array([0, 3, 0, 2, 2, 0, 3, 0, 2, 2, 0, 2, 0, 3, 0, 2, 2, 3, 0, 0, 0, 3,
       1, 2, 0, 1, 3, 1, 0, 0, 3, 2, 0, 2, 3, 3, 0, 2, 1, 3], dtype=object)]
[389, array([-90., -45., -45.,   0.]), array([0, 3, 0, 2, 2, 0, 3, 0, 2, 2, 3, 2, 0, 3, 0, 2, 2, 3, 0, 0, 0, 3,
       1, 2, 0, 1, 3, 1, 0, 0, 3, 2, 1, 2, 3, 3, 0, 2, 1, 3], dtype=object)]
[385, array([-90., -45., -45.,   0.]), array([0, 3, 0, 2, 2, 0, 3, 0, 2, 2, 3, 2, 0, 3, 0, 2, 2, 3, 0, 0, 0, 3,
       1, 2, 0, 1, 3, 1, 0, 0, 3, 2, 1, 2, 3, 3, 0, 2, 1, 3], dtype=object)]
[405, array([-90., -45., -45.,   0.]), array([0, 3, 0, 2, 2, 0, 3, 0, 2, 2, 3, 2, 0, 3, 0, 2, 2, 3, 0, 0, 0, 3,
       1, 2, 0, 1, 3, 1, 0, 0, 3, 2, 1, 2, 3, 3, 0, 2, 1, 3], dtype=object)]
[390, array([-90., -45., -45.,   0.]), array([0, 3, 0, 2, 2, 0, 3, 0, 2, 2, 3, 2, 0, 3, 0, 3, 2, 3, 0, 0, 0, 3,
       1, 2, 0, 1, 3, 1, 0, 0, 3, 2, 1, 2, 3, 3, 0, 2, 1, 3], dtype=object)]
[387, array([-90., -45., -45.,   0.]), array([0, 3, 0, 2, 2, 0, 3, 0, 2, 2, 3, 2, 0, 3, 0, 2, 2, 3, 0, 0, 0, 3,
       1, 2, 0, 1, 3, 1, 0, 0, 3, 2, 1, 2, 3, 3, 0, 2, 1, 3], dtype=object)]
[386, array([-90., -45., -45.,   0.]), array([0, 3, 0, 2, 2, 0, 3, 0, 2, 2, 0, 2, 0, 3, 0, 2, 2, 3, 0, 0, 0, 3,
       1, 2, 0, 1, 3, 1, 0, 0, 3, 2, 0, 2, 3, 3, 0, 2, 1, 3], dtype=object)]
[406, array([-90., -45., -45.,   0.]), array([0, 3, 0, 2, 2, 0, 3, 0, 2, 2, 3, 2, 0, 3, 0, 3, 2, 3, 0, 0, 0, 3,
       1, 2, 0, 1, 3, 1, 0, 0, 3, 2, 0, 2, 3, 3, 0, 2, 1, 3], dtype=object)]
[391, array([-90., -45., -45.,   0.]), array([0, 3, 0, 2, 2, 0, 3, 0, 2, 2, 3, 2, 0, 3, 0, 2, 2, 3, 0, 0, 0, 3,
       1, 2, 0, 1, 3, 1, 0, 0, 3, 2, 1, 2, 3, 3, 0, 2, 1, 3], dtype=object)]
[388, array([-90., -45., -45.,   0.]), array([0, 3, 0, 2, 2, 0, 3, 0, 2, 2, 0, 2, 0, 3, 0, 2, 2, 3, 0, 0, 0, 3,
       1, 2, 0, 1, 3, 1, 0, 0, 3, 2, 1, 2, 3, 3, 0, 2, 1, 3], dtype=object)]
[387, array([-90., -45., -45.,   0.]), array([0, 3, 0, 2, 2, 0, 3, 0, 2, 2, 3, 2, 0, 3, 0, 2, 2, 3, 0, 0, 0, 3,
       1, 2, 0, 1, 3, 1, 0, 0, 3, 2, 1, 2, 3, 3, 0, 2, 1, 3], dtype=object)]
[407, array([-90., -45., -45.,   0.]), array([0, 3, 0, 2, 2, 0, 3, 0, 2, 2, 3, 2, 0, 3, 0, 2, 2, 3, 0, 0, 0, 3,
       1, 2, 0, 1, 3, 1, 0, 0, 3, 2, 1, 2, 3, 3, 0, 2, 1, 3], dtype=object)]
[392, array([-90., -45., -45.,   0.]), array([0, 3, 0, 2, 2, 0, 3, 0, 2, 2, 3, 2, 0, 3, 0, 0, 2, 3, 0, 0, 0, 3,
       1, 2, 0, 1, 3, 1, 0, 0, 3, 2, 1, 2, 3, 3, 0, 2, 1, 3], dtype=object)]
[388, array([-90., -45., -45.,   0.]), array([0, 3, 0, 2, 2, 0, 3, 0, 2, 2, 0, 2, 0, 3, 0, 2, 2, 3, 0, 0, 0, 3,
       1, 2, 0, 1, 3, 1, 0, 0, 3, 2, 1, 2, 3, 3, 0, 2, 1, 3], dtype=object)]
[389, array([-90., -45., -45.,   0.]), array([0, 3, 0, 2, 2, 0, 3, 0, 2, 2, 3, 2, 0, 3, 0, 2, 2, 3, 0, 0, 0, 3,
       1, 2, 0, 1, 3, 1, 0, 0, 3, 2, 1, 2, 3, 3, 0, 2, 1, 3], dtype=object)]
[408, array([-90., -45., -45.,   0.]), array([0, 3, 0, 2, 2, 0, 3, 0, 2, 2, 0, 2, 0, 3, 0, 3, 2, 3, 0, 0, 0, 3,
       1, 2, 0, 1, 3, 1, 0, 0, 3, 2, 0, 2, 3, 3, 0, 2, 1, 3], dtype=object)]
[393, array([-90., -45., -45.,   0.]), array([0, 3, 0, 2, 2, 0, 3, 0, 2, 2, 3, 2, 1, 3, 0, 2, 2, 3, 0, 0, 0, 3,
       1, 2, 0, 1, 3, 1, 0, 0, 3, 2, 1, 2, 3, 3, 0, 2, 1, 3], dtype=object)]
[389, array([-90., -45., -45.,   0.]), array([0, 3, 0, 2, 2, 0, 3, 0, 2, 2, 3, 2, 0, 3, 0, 2, 2, 3, 0, 0, 0, 3,
       1, 2, 0, 1, 3, 1, 0, 0, 3, 2, 1, 2, 3, 3, 0, 2, 1, 3], dtype=object)]
[390, array([-90., -45., -45.,   0.]), array([0, 3, 0, 2, 2, 0, 3, 0, 2, 2, 3, 2, 0, 3, 0, 3, 2, 3, 0, 0, 0, 3,
       1, 2, 0, 1, 3, 1, 0, 0, 3, 2, 1, 2, 3, 3, 0, 2, 1, 3], dtype=object)]
[409, array([-90., -45., -45.,   0.]), array([0, 3, 0, 2, 2, 0, 3, 0, 2, 2, 0, 2, 0, 3, 0, 2, 2, 3, 0, 0, 0, 3,
       1, 2, 0, 1, 3, 1, 0, 0, 3, 2, 1, 2, 3, 3, 0, 2, 1, 3], dtype=object)]
[394, array([-90., -45., -45.,   0.]), array([0, 3, 0, 2, 2, 0, 3, 0, 2, 2, 3, 2, 1, 3, 0, 2, 2, 3, 0, 0, 0, 3,
       1, 2, 0, 1, 3, 1, 0, 0, 3, 2, 2, 2, 3, 3, 0, 2, 1, 3], dtype=object)]
[390, array([-90., -45., -45.,   0.]), array([0, 3, 0, 2, 2, 0, 3, 0, 2, 2, 3, 2, 0, 3, 0, 3, 2, 3, 0, 0, 0, 3,
       1, 2, 0, 1, 3, 1, 0, 0, 3, 2, 1, 2, 3, 3, 0, 2, 1, 3], dtype=object)]
[391, array([-90., -45., -45.,   0.]), array([0, 3, 0, 2, 2, 0, 3, 0, 2, 2, 3, 2, 0, 3, 0, 2, 2, 3, 0, 0, 0, 3,
       1, 2, 0, 1, 3, 1, 0, 0, 3, 2, 1, 2, 3, 3, 0, 2, 1, 3], dtype=object)]
[410, array([-90., -45., -45.,   0.]), array([0, 3, 0, 2, 2, 0, 3, 0, 2, 2, 3, 2, 3, 3, 0, 1, 2, 3, 0, 0, 0, 3,
       1, 2, 0, 1, 3, 1, 0, 0, 3, 2, 1, 2, 3, 3, 0, 2, 1, 3], dtype=object)]
[395, array([-90., -45., -45.,   0.]), array([0, 3, 0, 2, 2, 0, 3, 0, 2, 2, 3, 2, 0, 3, 0, 2, 2, 3, 0, 0, 0, 3,
       1, 2, 0, 1, 3, 1, 0, 0, 3, 2, 2, 2, 3, 3, 0, 2, 1, 3], dtype=object)]
[392, array([-90., -45., -45.,   0.]), array([0, 3, 0, 2, 2, 0, 3, 0, 2, 2, 3, 2, 0, 3, 0, 0, 2, 3, 0, 0, 0, 3,
       1, 2, 0, 1, 3, 1, 0, 0, 3, 2, 1, 2, 3, 3, 0, 2, 1, 3], dtype=object)]
[391, array([-90., -45., -45.,   0.]), array([0, 3, 0, 2, 2, 0, 3, 0, 2, 2, 3, 2, 0, 3, 0, 2, 2, 3, 0, 0, 0, 3,
       1, 2, 0, 1, 3, 1, 0, 0, 3, 2, 1, 2, 3, 3, 0, 2, 1, 3], dtype=object)]
[411, array([-90., -45., -45.,   0.]), array([0, 3, 0, 2, 2, 0, 3, 0, 2, 2, 3, 2, 3, 3, 0, 2, 2, 3, 0, 0, 0, 3,
       1, 2, 0, 1, 3, 1, 0, 0, 3, 2, 2, 2, 3, 3, 0, 2, 1, 3], dtype=object)]
[396, array([-90., -45., -45.,   0.]), array([0, 3, 0, 2, 2, 0, 3, 0, 2, 2, 3, 2, 1, 3, 0, 2, 2, 3, 0, 0, 0, 3,
       1, 2, 0, 1, 3, 1, 0, 0, 3, 2, 2, 2, 3, 3, 0, 2, 1, 3], dtype=object)]
[392, array([-90., -45., -45.,   0.]), array([0, 3, 0, 2, 2, 0, 3, 0, 2, 2, 3, 2, 0, 3, 0, 0, 2, 3, 0, 0, 0, 3,
       1, 2, 0, 1, 3, 1, 0, 0, 3, 2, 1, 2, 3, 3, 0, 2, 1, 3], dtype=object)]
[412, array([-90., -45., -45.,   0.]), array([0, 3, 0, 2, 2, 0, 3, 0, 2, 2, 0, 2, 2, 3, 0, 2, 2, 3, 0, 0, 0, 3,
       1, 2, 0, 1, 3, 1, 0, 0, 3, 2, 1, 2, 3, 3, 0, 2, 1, 3], dtype=object)]
[393, array([-90., -45., -45.,   0.]), array([0, 3, 0, 2, 2, 0, 3, 0, 2, 2, 3, 2, 1, 3, 0, 2, 2, 3, 0, 0, 0, 3,
       1, 2, 0, 1, 3, 1, 0, 0, 3, 2, 1, 2, 3, 3, 0, 2, 1, 3], dtype=object)]
[397, array([-90., -45., -45.,   0.]), array([0, 3, 0, 2, 2, 0, 3, 0, 2, 2, 3, 2, 0, 3, 0, 2, 2, 3, 0, 0, 0, 3,
       1, 2, 0, 1, 3, 1, 0, 0, 3, 2, 1, 2, 3, 3, 0, 2, 1, 3], dtype=object)]
[394, array([-90., -45., -45.,   0.]), array([0, 3, 0, 2, 2, 0, 3, 0, 2, 2, 3, 2, 1, 3, 0, 2, 2, 3, 0, 0, 0, 3,
       1, 2, 0, 1, 3, 1, 0, 0, 3, 2, 2, 2, 3, 3, 0, 2, 1, 3], dtype=object)]
[393, array([-90., -45., -45.,   0.]), array([0, 3, 0, 2, 2, 0, 3, 0, 2, 2, 3, 2, 1, 3, 0, 2, 2, 3, 0, 0, 0, 3,
       1, 2, 0, 1, 3, 1, 0, 0, 3, 2, 1, 2, 3, 3, 0, 2, 1, 3], dtype=object)]
[413, array([-90., -45., -45.,   0.]), array([0, 3, 0, 2, 2, 0, 3, 0, 2, 2, 3, 2, 0, 3, 0, 3, 2, 3, 0, 0, 0, 3,
       1, 2, 0, 1, 3, 1, 0, 0, 3, 2, 2, 2, 3, 3, 0, 2, 1, 3], dtype=object)]
[398, array([-90., -45., -45.,   0.]), array([0, 3, 0, 2, 2, 0, 3, 0, 2, 2, 3, 2, 0, 3, 0, 1, 2, 3, 0, 0, 0, 3,
       1, 2, 0, 1, 3, 1, 0, 0, 3, 2, 1, 2, 3, 3, 0, 2, 1, 3], dtype=object)]
[394, array([-90., -45., -45.,   0.]), array([0, 3, 0, 2, 2, 0, 3, 0, 2, 2, 3, 2, 1, 3, 0, 2, 2, 3, 0, 0, 0, 3,
       1, 2, 0, 1, 3, 1, 0, 0, 3, 2, 2, 2, 3, 3, 0, 2, 1, 3], dtype=object)]
[414, array([-90., -45., -45.,   0.]), array([0, 3, 0, 2, 2, 0, 3, 0, 2, 2, 3, 2, 0, 3, 0, 3, 2, 3, 0, 0, 0, 3,
       1, 2, 0, 1, 3, 1, 0, 0, 3, 2, 2, 2, 3, 3, 0, 2, 1, 3], dtype=object)]
[395, array([-90., -45., -45.,   0.]), array([0, 3, 0, 2, 2, 0, 3, 0, 2, 2, 3, 2, 0, 3, 0, 2, 2, 3, 0, 0, 0, 3,
       1, 2, 0, 1, 3, 1, 0, 0, 3, 2, 2, 2, 3, 3, 0, 2, 1, 3], dtype=object)]
[399, array([-90., -45., -45.,   0.]), array([0, 3, 0, 2, 2, 0, 3, 0, 2, 2, 3, 2, 1, 3, 0, 2, 2, 3, 0, 0, 0, 3,
       1, 2, 0, 1, 3, 1, 0, 0, 3, 2, 1, 2, 3, 3, 0, 2, 1, 3], dtype=object)]
[396, array([-90., -45., -45.,   0.]), array([0, 3, 0, 2, 2, 0, 3, 0, 2, 2, 3, 2, 1, 3, 0, 2, 2, 3, 0, 0, 0, 3,
       1, 2, 0, 1, 3, 1, 0, 0, 3, 2, 2, 2, 3, 3, 0, 2, 1, 3], dtype=object)]
[415, array([-90., -45., -45.,   0.]), array([0, 3, 0, 2, 2, 0, 3, 0, 2, 2, 3, 2, 3, 3, 0, 2, 2, 3, 0, 0, 0, 3,
       1, 2, 0, 1, 3, 1, 0, 0, 3, 2, 1, 2, 3, 3, 0, 2, 1, 3], dtype=object)]
[395, array([-90., -45., -45.,   0.]), array([0, 3, 0, 2, 2, 0, 3, 0, 2, 2, 3, 2, 0, 3, 0, 2, 2, 3, 0, 0, 0, 3,
       1, 2, 0, 1, 3, 1, 0, 0, 3, 2, 2, 2, 3, 3, 0, 2, 1, 3], dtype=object)]
[400, array([-90., -45., -45.,   0.]), array([0, 3, 0, 2, 2, 0, 3, 0, 2, 2, 0, 2, 0, 3, 0, 2, 2, 3, 0, 0, 0, 3,
       1, 2, 0, 1, 3, 1, 0, 0, 3, 2, 1, 2, 3, 3, 0, 2, 1, 3], dtype=object)]
[416, array([-90., -45., -45.,   0.]), array([0, 3, 0, 2, 2, 0, 3, 0, 2, 2, 3, 2, 0, 3, 0, 3, 2, 3, 0, 0, 0, 3,
       1, 2, 0, 1, 3, 1, 0, 0, 3, 2, 0, 2, 3, 3, 0, 2, 1, 3], dtype=object)]
[397, array([-90., -45., -45.,   0.]), array([0, 3, 0, 2, 2, 0, 3, 0, 2, 2, 3, 2, 0, 3, 0, 2, 2, 3, 0, 0, 0, 3,
       1, 2, 0, 1, 3, 1, 0, 0, 3, 2, 1, 2, 3, 3, 0, 2, 1, 3], dtype=object)]
[396, array([-90., -45., -45.,   0.]), array([0, 3, 0, 2, 2, 0, 3, 0, 2, 2, 3, 2, 1, 3, 0, 2, 2, 3, 0, 0, 0, 3,
       1, 2, 0, 1, 3, 1, 0, 0, 3, 2, 2, 2, 3, 3, 0, 2, 1, 3], dtype=object)]
[401, array([-90., -45., -45.,   0.]), array([0, 3, 0, 2, 2, 0, 3, 0, 2, 2, 3, 2, 0, 3, 0, 2, 2, 3, 0, 0, 0, 3,
       1, 2, 0, 1, 3, 1, 0, 0, 3, 2, 1, 2, 3, 3, 0, 2, 1, 3], dtype=object)]
[398, array([-90., -45., -45.,   0.]), array([0, 3, 0, 2, 2, 0, 3, 0, 2, 2, 3, 2, 0, 3, 0, 1, 2, 3, 0, 0, 0, 3,
       1, 2, 0, 1, 3, 1, 0, 0, 3, 2, 1, 2, 3, 3, 0, 2, 1, 3], dtype=object)]
[417, array([-90., -45., -45.,   0.]), array([0, 3, 0, 2, 2, 0, 3, 0, 2, 2, 3, 2, 0, 3, 0, 2, 2, 3, 0, 0, 0, 3,
       1, 2, 0, 1, 3, 1, 0, 0, 3, 2, 1, 2, 3, 3, 0, 2, 1, 3], dtype=object)]
[402, array([-90., -45., -45.,   0.]), array([0, 3, 0, 2, 2, 0, 3, 0, 2, 2, 3, 2, 0, 3, 0, 1, 2, 3, 0, 0, 0, 3,
       1, 2, 0, 1, 3, 1, 0, 0, 3, 2, 1, 2, 3, 3, 0, 2, 1, 3], dtype=object)]
[397, array([-90., -45., -45.,   0.]), array([0, 3, 0, 2, 2, 0, 3, 0, 2, 2, 3, 2, 0, 3, 0, 2, 2, 3, 0, 0, 0, 3,
       1, 2, 0, 1, 3, 1, 0, 0, 3, 2, 1, 2, 3, 3, 0, 2, 1, 3], dtype=object)]
[418, array([-90., -45., -45.,   0.]), array([0, 3, 0, 2, 2, 0, 3, 0, 2, 2, 2, 2, 0, 3, 0, 3, 2, 3, 0, 0, 0, 3,
       1, 2, 0, 1, 3, 1, 0, 0, 3, 2, 1, 2, 3, 3, 0, 2, 1, 3], dtype=object)]
[399, array([-90., -45., -45.,   0.]), array([0, 3, 0, 2, 2, 0, 3, 0, 2, 2, 3, 2, 1, 3, 0, 2, 2, 3, 0, 0, 0, 3,
       1, 2, 0, 1, 3, 1, 0, 0, 3, 2, 1, 2, 3, 3, 0, 2, 1, 3], dtype=object)]
[398, array([-90., -45., -45.,   0.]), array([0, 3, 0, 2, 2, 0, 3, 0, 2, 2, 3, 2, 0, 3, 0, 1, 2, 3, 0, 0, 0, 3,
       1, 2, 0, 1, 3, 1, 0, 0, 3, 2, 1, 2, 3, 3, 0, 2, 1, 3], dtype=object)]
[403, array([-90., -45., -45.,   0.]), array([0, 3, 0, 2, 2, 0, 3, 0, 2, 2, 3, 2, 0, 3, 0, 2, 2, 3, 0, 0, 0, 3,
       1, 2, 0, 1, 3, 1, 0, 0, 3, 2, 1, 2, 3, 3, 0, 2, 1, 3], dtype=object)]
[419, array([-90., -45., -45.,   0.]), array([0, 3, 0, 2, 2, 0, 3, 0, 2, 2, 3, 2, 0, 3, 0, 2, 2, 3, 0, 0, 0, 3,
       1, 2, 0, 1, 3, 1, 0, 0, 3, 2, 1, 2, 3, 3, 0, 2, 1, 3], dtype=object)]
[400, array([-90., -45., -45.,   0.]), array([0, 3, 0, 2, 2, 0, 3, 0, 2, 2, 0, 2, 0, 3, 0, 2, 2, 3, 0, 0, 0, 3,
       1, 2, 0, 1, 3, 1, 0, 0, 3, 2, 1, 2, 3, 3, 0, 2, 1, 3], dtype=object)]
[404, array([-76., -38., -38.,   0.]), array([0, 3, 0, 2, 2, 0, 3, 0, 2, 2, 3, 2, 0, 3, 0, 2, 2, 3, 0, 0, 0, 3,
       1, 2, 0, 2, 3, 1, 0, 0, 3, 2, 1, 2, 3, 3, 0, 2, 1, 3], dtype=object)]
[399, array([-90., -45., -45.,   0.]), array([0, 3, 0, 2, 2, 0, 3, 0, 2, 2, 3, 2, 1, 3, 0, 2, 2, 3, 0, 0, 0, 3,
       1, 2, 0, 1, 3, 1, 0, 0, 3, 2, 1, 2, 3, 3, 0, 2, 1, 3], dtype=object)]
[420, array([-90., -45., -45.,   0.]), array([0, 3, 0, 2, 2, 0, 3, 0, 2, 2, 1, 2, 3, 3, 0, 2, 2, 3, 0, 0, 0, 3,
       1, 2, 0, 1, 3, 1, 0, 0, 3, 2, 1, 2, 3, 3, 0, 2, 1, 3], dtype=object)]
[401, array([-90., -45., -45.,   0.]), array([0, 3, 0, 2, 2, 0, 3, 0, 2, 2, 3, 2, 0, 3, 0, 2, 2, 3, 0, 0, 0, 3,
       1, 2, 0, 1, 3, 1, 0, 0, 3, 2, 1, 2, 3, 3, 0, 2, 1, 3], dtype=object)]
[405, array([-90., -45., -45.,   0.]), array([0, 3, 0, 2, 2, 0, 3, 0, 2, 2, 3, 2, 0, 3, 0, 2, 2, 3, 0, 0, 0, 3,
       1, 2, 0, 1, 3, 1, 0, 0, 3, 2, 1, 2, 3, 3, 0, 2, 1, 3], dtype=object)]
[400, array([-90., -45., -45.,   0.]), array([0, 3, 0, 2, 2, 0, 3, 0, 2, 2, 0, 2, 0, 3, 0, 2, 2, 3, 0, 0, 0, 3,
       1, 2, 0, 1, 3, 1, 0, 0, 3, 2, 1, 2, 3, 3, 0, 2, 1, 3], dtype=object)]
[421, array([-90., -45., -45.,   0.]), array([0, 3, 0, 2, 2, 0, 3, 0, 2, 2, 3, 2, 3, 3, 0, 2, 2, 3, 0, 0, 0, 3,
       1, 2, 0, 1, 3, 1, 0, 0, 3, 2, 1, 2, 3, 3, 0, 2, 1, 3], dtype=object)]
[402, array([-90., -45., -45.,   0.]), array([0, 3, 0, 2, 2, 0, 3, 0, 2, 2, 3, 2, 0, 3, 0, 1, 2, 3, 0, 0, 0, 3,
       1, 2, 0, 1, 3, 1, 0, 0, 3, 2, 1, 2, 3, 3, 0, 2, 1, 3], dtype=object)]
[406, array([-90., -45., -45.,   0.]), array([0, 3, 0, 2, 2, 0, 3, 0, 2, 2, 3, 2, 0, 3, 0, 3, 2, 3, 0, 0, 0, 3,
       1, 2, 0, 1, 3, 1, 0, 0, 3, 2, 0, 2, 3, 3, 0, 2, 1, 3], dtype=object)]
[401, array([-90., -45., -45.,   0.]), array([0, 3, 0, 2, 2, 0, 3, 0, 2, 2, 3, 2, 0, 3, 0, 2, 2, 3, 0, 0, 0, 3,
       1, 2, 0, 1, 3, 1, 0, 0, 3, 2, 1, 2, 3, 3, 0, 2, 1, 3], dtype=object)]
[422, array([-80., -40., -40.,   0.]), array([0, 3, 0, 2, 2, 0, 3, 0, 2, 2, 3, 2, 1, 3, 0, 2, 2, 3, 0, 0, 1, 3,
       1, 2, 0, 1, 3, 1, 0, 0, 3, 2, 1, 2, 3, 3, 0, 2, 1, 3], dtype=object)]
[403, array([-90., -45., -45.,   0.]), array([0, 3, 0, 2, 2, 0, 3, 0, 2, 2, 3, 2, 0, 3, 0, 2, 2, 3, 0, 0, 0, 3,
       1, 2, 0, 1, 3, 1, 0, 0, 3, 2, 1, 2, 3, 3, 0, 2, 1, 3], dtype=object)]
[423, array([-90., -45., -45.,   0.]), array([0, 3, 0, 2, 2, 0, 3, 0, 2, 2, 3, 2, 0, 3, 0, 2, 2, 3, 0, 0, 0, 3,
       1, 2, 0, 1, 3, 1, 0, 0, 3, 2, 1, 2, 3, 3, 0, 2, 1, 3], dtype=object)]
[407, array([-90., -45., -45.,   0.]), array([0, 3, 0, 2, 2, 0, 3, 0, 2, 2, 3, 2, 0, 3, 0, 2, 2, 3, 0, 0, 0, 3,
       1, 2, 0, 1, 3, 1, 0, 0, 3, 2, 1, 2, 3, 3, 0, 2, 1, 3], dtype=object)]
[402, array([-90., -45., -45.,   0.]), array([0, 3, 0, 2, 2, 0, 3, 0, 2, 2, 3, 2, 0, 3, 0, 1, 2, 3, 0, 0, 0, 3,
       1, 2, 0, 1, 3, 1, 0, 0, 3, 2, 1, 2, 3, 3, 0, 2, 1, 3], dtype=object)]
[404, array([-76., -38., -38.,   0.]), array([0, 3, 0, 2, 2, 0, 3, 0, 2, 2, 3, 2, 0, 3, 0, 2, 2, 3, 0, 0, 0, 3,
       1, 2, 0, 2, 3, 1, 0, 0, 3, 2, 1, 2, 3, 3, 0, 2, 1, 3], dtype=object)]
[408, array([-90., -45., -45.,   0.]), array([0, 3, 0, 2, 2, 0, 3, 0, 2, 2, 0, 2, 0, 3, 0, 3, 2, 3, 0, 0, 0, 3,
       1, 2, 0, 1, 3, 1, 0, 0, 3, 2, 0, 2, 3, 3, 0, 2, 1, 3], dtype=object)]
[424, array([-90., -45., -45.,   0.]), array([0, 3, 0, 2, 2, 0, 3, 0, 2, 2, 1, 2, 3, 3, 0, 2, 2, 3, 0, 0, 0, 3,
       1, 2, 0, 1, 3, 1, 0, 0, 3, 2, 1, 2, 3, 3, 0, 2, 1, 3], dtype=object)]
[403, array([-90., -45., -45.,   0.]), array([0, 3, 0, 2, 2, 0, 3, 0, 2, 2, 3, 2, 0, 3, 0, 2, 2, 3, 0, 0, 0, 3,
       1, 2, 0, 1, 3, 1, 0, 0, 3, 2, 1, 2, 3, 3, 0, 2, 1, 3], dtype=object)]
[405, array([-90., -45., -45.,   0.]), array([0, 3, 0, 2, 2, 0, 3, 0, 2, 2, 3, 2, 0, 3, 0, 2, 2, 3, 0, 0, 0, 3,
       1, 2, 0, 1, 3, 1, 0, 0, 3, 2, 1, 2, 3, 3, 0, 2, 1, 3], dtype=object)]
[425, array([-90., -45., -45.,   0.]), array([0, 3, 0, 2, 2, 0, 3, 0, 2, 2, 3, 2, 1, 3, 0, 2, 2, 3, 0, 0, 0, 3,
       1, 2, 0, 1, 3, 1, 0, 0, 3, 2, 1, 2, 3, 3, 0, 2, 1, 3], dtype=object)]
[409, array([-90., -45., -45.,   0.]), array([0, 3, 0, 2, 2, 0, 3, 0, 2, 2, 0, 2, 0, 3, 0, 2, 2, 3, 0, 0, 0, 3,
       1, 2, 0, 1, 3, 1, 0, 0, 3, 2, 1, 2, 3, 3, 0, 2, 1, 3], dtype=object)]
[404, array([-76., -38., -38.,   0.]), array([0, 3, 0, 2, 2, 0, 3, 0, 2, 2, 3, 2, 0, 3, 0, 2, 2, 3, 0, 0, 0, 3,
       1, 2, 0, 2, 3, 1, 0, 0, 3, 2, 1, 2, 3, 3, 0, 2, 1, 3], dtype=object)]
[406, array([-90., -45., -45.,   0.]), array([0, 3, 0, 2, 2, 0, 3, 0, 2, 2, 3, 2, 0, 3, 0, 3, 2, 3, 0, 0, 0, 3,
       1, 2, 0, 1, 3, 1, 0, 0, 3, 2, 0, 2, 3, 3, 0, 2, 1, 3], dtype=object)]
[426, array([-90., -45., -45.,   0.]), array([0, 3, 0, 2, 2, 0, 3, 0, 2, 2, 3, 2, 1, 3, 0, 2, 2, 3, 0, 0, 0, 3,
       1, 2, 0, 1, 3, 1, 0, 0, 3, 2, 3, 2, 3, 3, 0, 2, 1, 3], dtype=object)]
[410, array([-90., -45., -45.,   0.]), array([0, 3, 0, 2, 2, 0, 3, 0, 2, 2, 3, 2, 3, 3, 0, 1, 2, 3, 0, 0, 0, 3,
       1, 2, 0, 1, 3, 1, 0, 0, 3, 2, 1, 2, 3, 3, 0, 2, 1, 3], dtype=object)]
[405, array([-90., -45., -45.,   0.]), array([0, 3, 0, 2, 2, 0, 3, 0, 2, 2, 3, 2, 0, 3, 0, 2, 2, 3, 0, 0, 0, 3,
       1, 2, 0, 1, 3, 1, 0, 0, 3, 2, 1, 2, 3, 3, 0, 2, 1, 3], dtype=object)]
[407, array([-90., -45., -45.,   0.]), array([0, 3, 0, 2, 2, 0, 3, 0, 2, 2, 3, 2, 0, 3, 0, 2, 2, 3, 0, 0, 0, 3,
       1, 2, 0, 1, 3, 1, 0, 0, 3, 2, 1, 2, 3, 3, 0, 2, 1, 3], dtype=object)]
[411, array([-90., -45., -45.,   0.]), array([0, 3, 0, 2, 2, 0, 3, 0, 2, 2, 3, 2, 3, 3, 0, 2, 2, 3, 0, 0, 0, 3,
       1, 2, 0, 1, 3, 1, 0, 0, 3, 2, 2, 2, 3, 3, 0, 2, 1, 3], dtype=object)]
[427, array([-90., -45., -45.,   0.]), array([0, 3, 0, 2, 2, 0, 3, 0, 2, 2, 3, 2, 1, 3, 0, 2, 2, 3, 0, 0, 0, 3,
       1, 2, 0, 1, 3, 1, 0, 0, 3, 2, 1, 2, 3, 3, 0, 2, 1, 3], dtype=object)]
[406, array([-90., -45., -45.,   0.]), array([0, 3, 0, 2, 2, 0, 3, 0, 2, 2, 3, 2, 0, 3, 0, 3, 2, 3, 0, 0, 0, 3,
       1, 2, 0, 1, 3, 1, 0, 0, 3, 2, 0, 2, 3, 3, 0, 2, 1, 3], dtype=object)]
[408, array([-90., -45., -45.,   0.]), array([0, 3, 0, 2, 2, 0, 3, 0, 2, 2, 0, 2, 0, 3, 0, 3, 2, 3, 0, 0, 0, 3,
       1, 2, 0, 1, 3, 1, 0, 0, 3, 2, 0, 2, 3, 3, 0, 2, 1, 3], dtype=object)]
[428, array([-90., -45., -45.,   0.]), array([0, 3, 0, 2, 2, 0, 3, 0, 2, 2, 3, 2, 1, 3, 0, 3, 2, 3, 0, 0, 0, 3,
       1, 2, 0, 1, 3, 1, 0, 0, 3, 2, 1, 2, 3, 3, 0, 2, 1, 3], dtype=object)]
[412, array([-90., -45., -45.,   0.]), array([0, 3, 0, 2, 2, 0, 3, 0, 2, 2, 0, 2, 2, 3, 0, 2, 2, 3, 0, 0, 0, 3,
       1, 2, 0, 1, 3, 1, 0, 0, 3, 2, 1, 2, 3, 3, 0, 2, 1, 3], dtype=object)]
[407, array([-90., -45., -45.,   0.]), array([0, 3, 0, 2, 2, 0, 3, 0, 2, 2, 3, 2, 0, 3, 0, 2, 2, 3, 0, 0, 0, 3,
       1, 2, 0, 1, 3, 1, 0, 0, 3, 2, 1, 2, 3, 3, 0, 2, 1, 3], dtype=object)]
[409, array([-90., -45., -45.,   0.]), array([0, 3, 0, 2, 2, 0, 3, 0, 2, 2, 0, 2, 0, 3, 0, 2, 2, 3, 0, 0, 0, 3,
       1, 2, 0, 1, 3, 1, 0, 0, 3, 2, 1, 2, 3, 3, 0, 2, 1, 3], dtype=object)]
[429, array([-90., -45., -45.,   0.]), array([0, 3, 0, 2, 2, 0, 3, 0, 2, 2, 3, 2, 1, 3, 0, 3, 2, 3, 0, 0, 0, 3,
       1, 2, 0, 1, 3, 1, 0, 0, 3, 2, 1, 2, 3, 3, 0, 2, 1, 3], dtype=object)]
[413, array([-90., -45., -45.,   0.]), array([0, 3, 0, 2, 2, 0, 3, 0, 2, 2, 3, 2, 0, 3, 0, 3, 2, 3, 0, 0, 0, 3,
       1, 2, 0, 1, 3, 1, 0, 0, 3, 2, 2, 2, 3, 3, 0, 2, 1, 3], dtype=object)]
[408, array([-90., -45., -45.,   0.]), array([0, 3, 0, 2, 2, 0, 3, 0, 2, 2, 0, 2, 0, 3, 0, 3, 2, 3, 0, 0, 0, 3,
       1, 2, 0, 1, 3, 1, 0, 0, 3, 2, 0, 2, 3, 3, 0, 2, 1, 3], dtype=object)]
[430, array([-90., -45., -45.,   0.]), array([0, 3, 0, 2, 2, 0, 3, 0, 2, 2, 3, 2, 1, 3, 0, 3, 2, 3, 0, 0, 0, 3,
       1, 2, 0, 1, 3, 1, 0, 0, 3, 2, 0, 2, 3, 3, 0, 2, 1, 3], dtype=object)]
[410, array([-90., -45., -45.,   0.]), array([0, 3, 0, 2, 2, 0, 3, 0, 2, 2, 3, 2, 3, 3, 0, 1, 2, 3, 0, 0, 0, 3,
       1, 2, 0, 1, 3, 1, 0, 0, 3, 2, 1, 2, 3, 3, 0, 2, 1, 3], dtype=object)]
[414, array([-90., -45., -45.,   0.]), array([0, 3, 0, 2, 2, 0, 3, 0, 2, 2, 3, 2, 0, 3, 0, 3, 2, 3, 0, 0, 0, 3,
       1, 2, 0, 1, 3, 1, 0, 0, 3, 2, 2, 2, 3, 3, 0, 2, 1, 3], dtype=object)]
[409, array([-90., -45., -45.,   0.]), array([0, 3, 0, 2, 2, 0, 3, 0, 2, 2, 0, 2, 0, 3, 0, 2, 2, 3, 0, 0, 0, 3,
       1, 2, 0, 1, 3, 1, 0, 0, 3, 2, 1, 2, 3, 3, 0, 2, 1, 3], dtype=object)]
[431, array([-90., -45., -45.,   0.]), array([0, 3, 0, 2, 2, 0, 3, 0, 2, 2, 3, 2, 1, 3, 0, 2, 2, 3, 0, 0, 0, 3,
       1, 2, 0, 1, 3, 1, 0, 0, 3, 2, 1, 2, 3, 3, 0, 2, 1, 3], dtype=object)]
[415, array([-90., -45., -45.,   0.]), array([0, 3, 0, 2, 2, 0, 3, 0, 2, 2, 3, 2, 3, 3, 0, 2, 2, 3, 0, 0, 0, 3,
       1, 2, 0, 1, 3, 1, 0, 0, 3, 2, 1, 2, 3, 3, 0, 2, 1, 3], dtype=object)]
[411, array([-90., -45., -45.,   0.]), array([0, 3, 0, 2, 2, 0, 3, 0, 2, 2, 3, 2, 3, 3, 0, 2, 2, 3, 0, 0, 0, 3,
       1, 2, 0, 1, 3, 1, 0, 0, 3, 2, 2, 2, 3, 3, 0, 2, 1, 3], dtype=object)]
[410, array([-90., -45., -45.,   0.]), array([0, 3, 0, 2, 2, 0, 3, 0, 2, 2, 3, 2, 3, 3, 0, 1, 2, 3, 0, 0, 0, 3,
       1, 2, 0, 1, 3, 1, 0, 0, 3, 2, 1, 2, 3, 3, 0, 2, 1, 3], dtype=object)]
[432, array([-90., -45., -45.,   0.]), array([0, 3, 0, 2, 2, 0, 3, 0, 2, 2, 3, 2, 1, 3, 0, 3, 2, 3, 0, 0, 0, 3,
       1, 2, 0, 1, 3, 1, 0, 0, 3, 2, 3, 2, 3, 3, 0, 2, 1, 3], dtype=object)]
[412, array([-90., -45., -45.,   0.]), array([0, 3, 0, 2, 2, 0, 3, 0, 2, 2, 0, 2, 2, 3, 0, 2, 2, 3, 0, 0, 0, 3,
       1, 2, 0, 1, 3, 1, 0, 0, 3, 2, 1, 2, 3, 3, 0, 2, 1, 3], dtype=object)]
[416, array([-90., -45., -45.,   0.]), array([0, 3, 0, 2, 2, 0, 3, 0, 2, 2, 3, 2, 0, 3, 0, 3, 2, 3, 0, 0, 0, 3,
       1, 2, 0, 1, 3, 1, 0, 0, 3, 2, 0, 2, 3, 3, 0, 2, 1, 3], dtype=object)]
[411, array([-90., -45., -45.,   0.]), array([0, 3, 0, 2, 2, 0, 3, 0, 2, 2, 3, 2, 3, 3, 0, 2, 2, 3, 0, 0, 0, 3,
       1, 2, 0, 1, 3, 1, 0, 0, 3, 2, 2, 2, 3, 3, 0, 2, 1, 3], dtype=object)]
[433, array([-90., -45., -45.,   0.]), array([0, 3, 0, 2, 2, 0, 3, 0, 2, 2, 3, 2, 1, 3, 0, 2, 2, 3, 0, 0, 0, 3,
       1, 2, 0, 1, 3, 1, 0, 0, 3, 2, 1, 2, 3, 3, 0, 2, 1, 3], dtype=object)]
[417, array([-90., -45., -45.,   0.]), array([0, 3, 0, 2, 2, 0, 3, 0, 2, 2, 3, 2, 0, 3, 0, 2, 2, 3, 0, 0, 0, 3,
       1, 2, 0, 1, 3, 1, 0, 0, 3, 2, 1, 2, 3, 3, 0, 2, 1, 3], dtype=object)]
[413, array([-90., -45., -45.,   0.]), array([0, 3, 0, 2, 2, 0, 3, 0, 2, 2, 3, 2, 0, 3, 0, 3, 2, 3, 0, 0, 0, 3,
       1, 2, 0, 1, 3, 1, 0, 0, 3, 2, 2, 2, 3, 3, 0, 2, 1, 3], dtype=object)]
[412, array([-90., -45., -45.,   0.]), array([0, 3, 0, 2, 2, 0, 3, 0, 2, 2, 0, 2, 2, 3, 0, 2, 2, 3, 0, 0, 0, 3,
       1, 2, 0, 1, 3, 1, 0, 0, 3, 2, 1, 2, 3, 3, 0, 2, 1, 3], dtype=object)]
[434, array([-90., -45., -45.,   0.]), array([0, 3, 0, 2, 2, 0, 3, 0, 2, 2, 1, 2, 1, 3, 0, 2, 2, 3, 0, 0, 0, 3,
       1, 2, 0, 1, 3, 1, 0, 0, 3, 2, 1, 2, 3, 3, 0, 2, 1, 3], dtype=object)]
[418, array([-90., -45., -45.,   0.]), array([0, 3, 0, 2, 2, 0, 3, 0, 2, 2, 2, 2, 0, 3, 0, 3, 2, 3, 0, 0, 0, 3,
       1, 2, 0, 1, 3, 1, 0, 0, 3, 2, 1, 2, 3, 3, 0, 2, 1, 3], dtype=object)]
[414, array([-90., -45., -45.,   0.]), array([0, 3, 0, 2, 2, 0, 3, 0, 2, 2, 3, 2, 0, 3, 0, 3, 2, 3, 0, 0, 0, 3,
       1, 2, 0, 1, 3, 1, 0, 0, 3, 2, 2, 2, 3, 3, 0, 2, 1, 3], dtype=object)]
[435, array([-90., -45., -45.,   0.]), array([0, 3, 0, 2, 2, 0, 3, 0, 2, 2, 3, 2, 1, 3, 0, 3, 2, 3, 0, 0, 0, 3,
       1, 2, 0, 1, 3, 1, 0, 0, 3, 2, 1, 2, 3, 3, 0, 2, 1, 3], dtype=object)]
[413, array([-90., -45., -45.,   0.]), array([0, 3, 0, 2, 2, 0, 3, 0, 2, 2, 3, 2, 0, 3, 0, 3, 2, 3, 0, 0, 0, 3,
       1, 2, 0, 1, 3, 1, 0, 0, 3, 2, 2, 2, 3, 3, 0, 2, 1, 3], dtype=object)]
[419, array([-90., -45., -45.,   0.]), array([0, 3, 0, 2, 2, 0, 3, 0, 2, 2, 3, 2, 0, 3, 0, 2, 2, 3, 0, 0, 0, 3,
       1, 2, 0, 1, 3, 1, 0, 0, 3, 2, 1, 2, 3, 3, 0, 2, 1, 3], dtype=object)]
[415, array([-90., -45., -45.,   0.]), array([0, 3, 0, 2, 2, 0, 3, 0, 2, 2, 3, 2, 3, 3, 0, 2, 2, 3, 0, 0, 0, 3,
       1, 2, 0, 1, 3, 1, 0, 0, 3, 2, 1, 2, 3, 3, 0, 2, 1, 3], dtype=object)]
[436, array([-80., -40., -40.,   0.]), array([0, 3, 0, 2, 2, 0, 3, 0, 2, 2, 3, 2, 1, 3, 0, 3, 2, 3, 0, 0, 1, 3,
       1, 2, 0, 1, 3, 1, 0, 0, 3, 2, 1, 2, 3, 3, 0, 2, 1, 3], dtype=object)]
[414, array([-90., -45., -45.,   0.]), array([0, 3, 0, 2, 2, 0, 3, 0, 2, 2, 3, 2, 0, 3, 0, 3, 2, 3, 0, 0, 0, 3,
       1, 2, 0, 1, 3, 1, 0, 0, 3, 2, 2, 2, 3, 3, 0, 2, 1, 3], dtype=object)]
[420, array([-90., -45., -45.,   0.]), array([0, 3, 0, 2, 2, 0, 3, 0, 2, 2, 1, 2, 3, 3, 0, 2, 2, 3, 0, 0, 0, 3,
       1, 2, 0, 1, 3, 1, 0, 0, 3, 2, 1, 2, 3, 3, 0, 2, 1, 3], dtype=object)]
[416, array([-90., -45., -45.,   0.]), array([0, 3, 0, 2, 2, 0, 3, 0, 2, 2, 3, 2, 0, 3, 0, 3, 2, 3, 0, 0, 0, 3,
       1, 2, 0, 1, 3, 1, 0, 0, 3, 2, 0, 2, 3, 3, 0, 2, 1, 3], dtype=object)]
[437, array([-90., -45., -45.,   0.]), array([0, 3, 0, 2, 2, 0, 3, 0, 2, 2, 3, 2, 1, 3, 0, 2, 2, 3, 0, 0, 0, 3,
       1, 2, 0, 1, 3, 1, 0, 0, 3, 2, 1, 2, 3, 3, 0, 2, 1, 3], dtype=object)]
[415, array([-90., -45., -45.,   0.]), array([0, 3, 0, 2, 2, 0, 3, 0, 2, 2, 3, 2, 3, 3, 0, 2, 2, 3, 0, 0, 0, 3,
       1, 2, 0, 1, 3, 1, 0, 0, 3, 2, 1, 2, 3, 3, 0, 2, 1, 3], dtype=object)]
[421, array([-90., -45., -45.,   0.]), array([0, 3, 0, 2, 2, 0, 3, 0, 2, 2, 3, 2, 3, 3, 0, 2, 2, 3, 0, 0, 0, 3,
       1, 2, 0, 1, 3, 1, 0, 0, 3, 2, 1, 2, 3, 3, 0, 2, 1, 3], dtype=object)]
[438, array([-80., -40., -40.,   0.]), array([0, 3, 0, 2, 2, 0, 3, 0, 2, 2, 3, 2, 3, 3, 0, 2, 2, 3, 0, 0, 0, 3,
       1, 2, 0, 1, 3, 1, 0, 0, 3, 2, 1, 2, 3, 3, 0, 2, 1, 0], dtype=object)]
[417, array([-90., -45., -45.,   0.]), array([0, 3, 0, 2, 2, 0, 3, 0, 2, 2, 3, 2, 0, 3, 0, 2, 2, 3, 0, 0, 0, 3,
       1, 2, 0, 1, 3, 1, 0, 0, 3, 2, 1, 2, 3, 3, 0, 2, 1, 3], dtype=object)]
[416, array([-90., -45., -45.,   0.]), array([0, 3, 0, 2, 2, 0, 3, 0, 2, 2, 3, 2, 0, 3, 0, 3, 2, 3, 0, 0, 0, 3,
       1, 2, 0, 1, 3, 1, 0, 0, 3, 2, 0, 2, 3, 3, 0, 2, 1, 3], dtype=object)]
[422, array([-80., -40., -40.,   0.]), array([0, 3, 0, 2, 2, 0, 3, 0, 2, 2, 3, 2, 1, 3, 0, 2, 2, 3, 0, 0, 1, 3,
       1, 2, 0, 1, 3, 1, 0, 0, 3, 2, 1, 2, 3, 3, 0, 2, 1, 3], dtype=object)]
[418, array([-90., -45., -45.,   0.]), array([0, 3, 0, 2, 2, 0, 3, 0, 2, 2, 2, 2, 0, 3, 0, 3, 2, 3, 0, 0, 0, 3,
       1, 2, 0, 1, 3, 1, 0, 0, 3, 2, 1, 2, 3, 3, 0, 2, 1, 3], dtype=object)]
[439, array([-90., -45., -45.,   0.]), array([0, 3, 0, 2, 2, 0, 3, 0, 2, 2, 3, 2, 1, 3, 0, 2, 2, 3, 0, 0, 0, 3,
       1, 2, 0, 1, 3, 1, 0, 0, 3, 2, 1, 2, 3, 3, 0, 2, 1, 3], dtype=object)]
[417, array([-90., -45., -45.,   0.]), array([0, 3, 0, 2, 2, 0, 3, 0, 2, 2, 3, 2, 0, 3, 0, 2, 2, 3, 0, 0, 0, 3,
       1, 2, 0, 1, 3, 1, 0, 0, 3, 2, 1, 2, 3, 3, 0, 2, 1, 3], dtype=object)]
[423, array([-90., -45., -45.,   0.]), array([0, 3, 0, 2, 2, 0, 3, 0, 2, 2, 3, 2, 0, 3, 0, 2, 2, 3, 0, 0, 0, 3,
       1, 2, 0, 1, 3, 1, 0, 0, 3, 2, 1, 2, 3, 3, 0, 2, 1, 3], dtype=object)]
[440, array([-86., -43., -43.,   0.]), array([0, 3, 0, 2, 2, 0, 0, 0, 3, 2, 3, 2, 1, 3, 0, 2, 2, 3, 0, 0, 0, 3,
       1, 2, 0, 1, 3, 1, 0, 0, 3, 2, 1, 2, 3, 3, 0, 2, 1, 3], dtype=object)]
[419, array([-90., -45., -45.,   0.]), array([0, 3, 0, 2, 2, 0, 3, 0, 2, 2, 3, 2, 0, 3, 0, 2, 2, 3, 0, 0, 0, 3,
       1, 2, 0, 1, 3, 1, 0, 0, 3, 2, 1, 2, 3, 3, 0, 2, 1, 3], dtype=object)]
[418, array([-90., -45., -45.,   0.]), array([0, 3, 0, 2, 2, 0, 3, 0, 2, 2, 2, 2, 0, 3, 0, 3, 2, 3, 0, 0, 0, 3,
       1, 2, 0, 1, 3, 1, 0, 0, 3, 2, 1, 2, 3, 3, 0, 2, 1, 3], dtype=object)]
[424, array([-90., -45., -45.,   0.]), array([0, 3, 0, 2, 2, 0, 3, 0, 2, 2, 1, 2, 3, 3, 0, 2, 2, 3, 0, 0, 0, 3,
       1, 2, 0, 1, 3, 1, 0, 0, 3, 2, 1, 2, 3, 3, 0, 2, 1, 3], dtype=object)]
[441, array([-90., -45., -45.,   0.]), array([0, 3, 0, 2, 2, 0, 3, 0, 2, 2, 3, 2, 1, 3, 0, 3, 2, 3, 0, 0, 0, 3,
       1, 2, 0, 1, 3, 1, 0, 0, 3, 2, 1, 2, 3, 3, 0, 2, 1, 3], dtype=object)]
[420, array([-90., -45., -45.,   0.]), array([0, 3, 0, 2, 2, 0, 3, 0, 2, 2, 1, 2, 3, 3, 0, 2, 2, 3, 0, 0, 0, 3,
       1, 2, 0, 1, 3, 1, 0, 0, 3, 2, 1, 2, 3, 3, 0, 2, 1, 3], dtype=object)]
[419, array([-90., -45., -45.,   0.]), array([0, 3, 0, 2, 2, 0, 3, 0, 2, 2, 3, 2, 0, 3, 0, 2, 2, 3, 0, 0, 0, 3,
       1, 2, 0, 1, 3, 1, 0, 0, 3, 2, 1, 2, 3, 3, 0, 2, 1, 3], dtype=object)]
[442, array([-90., -45., -45.,   0.]), array([0, 3, 0, 2, 2, 0, 3, 0, 2, 2, 0, 2, 1, 3, 0, 2, 2, 3, 0, 0, 0, 3,
       1, 2, 0, 1, 3, 1, 0, 0, 3, 2, 1, 2, 3, 3, 0, 2, 1, 3], dtype=object)]
[425, array([-90., -45., -45.,   0.]), array([0, 3, 0, 2, 2, 0, 3, 0, 2, 2, 3, 2, 1, 3, 0, 2, 2, 3, 0, 0, 0, 3,
       1, 2, 0, 1, 3, 1, 0, 0, 3, 2, 1, 2, 3, 3, 0, 2, 1, 3], dtype=object)]
[421, array([-90., -45., -45.,   0.]), array([0, 3, 0, 2, 2, 0, 3, 0, 2, 2, 3, 2, 3, 3, 0, 2, 2, 3, 0, 0, 0, 3,
       1, 2, 0, 1, 3, 1, 0, 0, 3, 2, 1, 2, 3, 3, 0, 2, 1, 3], dtype=object)]
[420, array([-90., -45., -45.,   0.]), array([0, 3, 0, 2, 2, 0, 3, 0, 2, 2, 1, 2, 3, 3, 0, 2, 2, 3, 0, 0, 0, 3,
       1, 2, 0, 1, 3, 1, 0, 0, 3, 2, 1, 2, 3, 3, 0, 2, 1, 3], dtype=object)]
[426, array([-90., -45., -45.,   0.]), array([0, 3, 0, 2, 2, 0, 3, 0, 2, 2, 3, 2, 1, 3, 0, 2, 2, 3, 0, 0, 0, 3,
       1, 2, 0, 1, 3, 1, 0, 0, 3, 2, 3, 2, 3, 3, 0, 2, 1, 3], dtype=object)]
[443, array([-90., -45., -45.,   0.]), array([0, 3, 0, 2, 2, 0, 3, 0, 2, 2, 3, 2, 1, 3, 0, 2, 2, 3, 0, 0, 0, 3,
       1, 2, 0, 1, 3, 1, 0, 0, 3, 2, 1, 2, 3, 3, 0, 2, 1, 3], dtype=object)]
[422, array([-80., -40., -40.,   0.]), array([0, 3, 0, 2, 2, 0, 3, 0, 2, 2, 3, 2, 1, 3, 0, 2, 2, 3, 0, 0, 1, 3,
       1, 2, 0, 1, 3, 1, 0, 0, 3, 2, 1, 2, 3, 3, 0, 2, 1, 3], dtype=object)]
[421, array([-90., -45., -45.,   0.]), array([0, 3, 0, 2, 2, 0, 3, 0, 2, 2, 3, 2, 3, 3, 0, 2, 2, 3, 0, 0, 0, 3,
       1, 2, 0, 1, 3, 1, 0, 0, 3, 2, 1, 2, 3, 3, 0, 2, 1, 3], dtype=object)]
[444, array([-90., -45., -45.,   0.]), array([0, 3, 0, 2, 2, 0, 3, 0, 2, 2, 0, 2, 1, 3, 0, 2, 2, 3, 0, 0, 0, 3,
       1, 2, 0, 1, 3, 1, 0, 0, 3, 2, 1, 2, 3, 3, 0, 2, 1, 3], dtype=object)]
[427, array([-90., -45., -45.,   0.]), array([0, 3, 0, 2, 2, 0, 3, 0, 2, 2, 3, 2, 1, 3, 0, 2, 2, 3, 0, 0, 0, 3,
       1, 2, 0, 1, 3, 1, 0, 0, 3, 2, 1, 2, 3, 3, 0, 2, 1, 3], dtype=object)]
[423, array([-90., -45., -45.,   0.]), array([0, 3, 0, 2, 2, 0, 3, 0, 2, 2, 3, 2, 0, 3, 0, 2, 2, 3, 0, 0, 0, 3,
       1, 2, 0, 1, 3, 1, 0, 0, 3, 2, 1, 2, 3, 3, 0, 2, 1, 3], dtype=object)]
[422, array([-80., -40., -40.,   0.]), array([0, 3, 0, 2, 2, 0, 3, 0, 2, 2, 3, 2, 1, 3, 0, 2, 2, 3, 0, 0, 1, 3,
       1, 2, 0, 1, 3, 1, 0, 0, 3, 2, 1, 2, 3, 3, 0, 2, 1, 3], dtype=object)]
[445, array([-90., -45., -45.,   0.]), array([0, 3, 0, 2, 2, 0, 3, 0, 2, 2, 3, 2, 1, 3, 0, 3, 2, 3, 0, 0, 0, 3,
       1, 2, 0, 1, 3, 1, 0, 0, 3, 2, 1, 2, 3, 3, 0, 2, 1, 3], dtype=object)]
[428, array([-90., -45., -45.,   0.]), array([0, 3, 0, 2, 2, 0, 3, 0, 2, 2, 3, 2, 1, 3, 0, 3, 2, 3, 0, 0, 0, 3,
       1, 2, 0, 1, 3, 1, 0, 0, 3, 2, 1, 2, 3, 3, 0, 2, 1, 3], dtype=object)]
[424, array([-90., -45., -45.,   0.]), array([0, 3, 0, 2, 2, 0, 3, 0, 2, 2, 1, 2, 3, 3, 0, 2, 2, 3, 0, 0, 0, 3,
       1, 2, 0, 1, 3, 1, 0, 0, 3, 2, 1, 2, 3, 3, 0, 2, 1, 3], dtype=object)]
[423, array([-90., -45., -45.,   0.]), array([0, 3, 0, 2, 2, 0, 3, 0, 2, 2, 3, 2, 0, 3, 0, 2, 2, 3, 0, 0, 0, 3,
       1, 2, 0, 1, 3, 1, 0, 0, 3, 2, 1, 2, 3, 3, 0, 2, 1, 3], dtype=object)]
[446, array([-90., -45., -45.,   0.]), array([0, 3, 0, 2, 2, 0, 3, 0, 2, 2, 0, 2, 1, 3, 0, 2, 2, 3, 0, 0, 0, 3,
       1, 2, 0, 1, 3, 1, 0, 0, 3, 2, 1, 2, 3, 3, 0, 2, 1, 3], dtype=object)]
[429, array([-90., -45., -45.,   0.]), array([0, 3, 0, 2, 2, 0, 3, 0, 2, 2, 3, 2, 1, 3, 0, 3, 2, 3, 0, 0, 0, 3,
       1, 2, 0, 1, 3, 1, 0, 0, 3, 2, 1, 2, 3, 3, 0, 2, 1, 3], dtype=object)]
[425, array([-90., -45., -45.,   0.]), array([0, 3, 0, 2, 2, 0, 3, 0, 2, 2, 3, 2, 1, 3, 0, 2, 2, 3, 0, 0, 0, 3,
       1, 2, 0, 1, 3, 1, 0, 0, 3, 2, 1, 2, 3, 3, 0, 2, 1, 3], dtype=object)]
[424, array([-90., -45., -45.,   0.]), array([0, 3, 0, 2, 2, 0, 3, 0, 2, 2, 1, 2, 3, 3, 0, 2, 2, 3, 0, 0, 0, 3,
       1, 2, 0, 1, 3, 1, 0, 0, 3, 2, 1, 2, 3, 3, 0, 2, 1, 3], dtype=object)]
[447, array([-90., -45., -45.,   0.]), array([0, 3, 0, 2, 2, 0, 3, 0, 2, 2, 0, 2, 1, 3, 0, 3, 2, 3, 0, 0, 0, 3,
       1, 2, 0, 1, 3, 1, 0, 0, 3, 2, 1, 2, 3, 3, 0, 2, 1, 3], dtype=object)]
[430, array([-90., -45., -45.,   0.]), array([0, 3, 0, 2, 2, 0, 3, 0, 2, 2, 3, 2, 1, 3, 0, 3, 2, 3, 0, 0, 0, 3,
       1, 2, 0, 1, 3, 1, 0, 0, 3, 2, 0, 2, 3, 3, 0, 2, 1, 3], dtype=object)]
[426, array([-90., -45., -45.,   0.]), array([0, 3, 0, 2, 2, 0, 3, 0, 2, 2, 3, 2, 1, 3, 0, 2, 2, 3, 0, 0, 0, 3,
       1, 2, 0, 1, 3, 1, 0, 0, 3, 2, 3, 2, 3, 3, 0, 2, 1, 3], dtype=object)]
[425, array([-90., -45., -45.,   0.]), array([0, 3, 0, 2, 2, 0, 3, 0, 2, 2, 3, 2, 1, 3, 0, 2, 2, 3, 0, 0, 0, 3,
       1, 2, 0, 1, 3, 1, 0, 0, 3, 2, 1, 2, 3, 3, 0, 2, 1, 3], dtype=object)]
[448, array([-90., -45., -45.,   0.]), array([0, 3, 0, 2, 2, 0, 3, 0, 2, 2, 3, 2, 1, 3, 0, 2, 2, 3, 0, 0, 0, 3,
       1, 2, 0, 1, 3, 1, 0, 0, 3, 2, 2, 2, 3, 3, 0, 2, 1, 3], dtype=object)]
[431, array([-90., -45., -45.,   0.]), array([0, 3, 0, 2, 2, 0, 3, 0, 2, 2, 3, 2, 1, 3, 0, 2, 2, 3, 0, 0, 0, 3,
       1, 2, 0, 1, 3, 1, 0, 0, 3, 2, 1, 2, 3, 3, 0, 2, 1, 3], dtype=object)]
[427, array([-90., -45., -45.,   0.]), array([0, 3, 0, 2, 2, 0, 3, 0, 2, 2, 3, 2, 1, 3, 0, 2, 2, 3, 0, 0, 0, 3,
       1, 2, 0, 1, 3, 1, 0, 0, 3, 2, 1, 2, 3, 3, 0, 2, 1, 3], dtype=object)]
[426, array([-90., -45., -45.,   0.]), array([0, 3, 0, 2, 2, 0, 3, 0, 2, 2, 3, 2, 1, 3, 0, 2, 2, 3, 0, 0, 0, 3,
       1, 2, 0, 1, 3, 1, 0, 0, 3, 2, 3, 2, 3, 3, 0, 2, 1, 3], dtype=object)]
[449, array([-90., -45., -45.,   0.]), array([0, 3, 0, 2, 2, 0, 3, 0, 2, 2, 3, 2, 1, 3, 0, 0, 2, 3, 0, 0, 0, 3,
       1, 2, 0, 1, 3, 1, 0, 0, 3, 2, 1, 2, 3, 3, 0, 2, 1, 3], dtype=object)]
[432, array([-90., -45., -45.,   0.]), array([0, 3, 0, 2, 2, 0, 3, 0, 2, 2, 3, 2, 1, 3, 0, 3, 2, 3, 0, 0, 0, 3,
       1, 2, 0, 1, 3, 1, 0, 0, 3, 2, 3, 2, 3, 3, 0, 2, 1, 3], dtype=object)]
[428, array([-90., -45., -45.,   0.]), array([0, 3, 0, 2, 2, 0, 3, 0, 2, 2, 3, 2, 1, 3, 0, 3, 2, 3, 0, 0, 0, 3,
       1, 2, 0, 1, 3, 1, 0, 0, 3, 2, 1, 2, 3, 3, 0, 2, 1, 3], dtype=object)]
[427, array([-90., -45., -45.,   0.]), array([0, 3, 0, 2, 2, 0, 3, 0, 2, 2, 3, 2, 1, 3, 0, 2, 2, 3, 0, 0, 0, 3,
       1, 2, 0, 1, 3, 1, 0, 0, 3, 2, 1, 2, 3, 3, 0, 2, 1, 3], dtype=object)]
[450, array([-90., -45., -45.,   0.]), array([0, 3, 0, 2, 2, 0, 3, 0, 2, 2, 3, 2, 1, 3, 0, 2, 2, 3, 0, 0, 0, 3,
       1, 2, 0, 1, 3, 1, 0, 0, 3, 2, 2, 2, 3, 3, 0, 2, 1, 3], dtype=object)]
[433, array([-90., -45., -45.,   0.]), array([0, 3, 0, 2, 2, 0, 3, 0, 2, 2, 3, 2, 1, 3, 0, 2, 2, 3, 0, 0, 0, 3,
       1, 2, 0, 1, 3, 1, 0, 0, 3, 2, 1, 2, 3, 3, 0, 2, 1, 3], dtype=object)]
[429, array([-90., -45., -45.,   0.]), array([0, 3, 0, 2, 2, 0, 3, 0, 2, 2, 3, 2, 1, 3, 0, 3, 2, 3, 0, 0, 0, 3,
       1, 2, 0, 1, 3, 1, 0, 0, 3, 2, 1, 2, 3, 3, 0, 2, 1, 3], dtype=object)]
[428, array([-90., -45., -45.,   0.]), array([0, 3, 0, 2, 2, 0, 3, 0, 2, 2, 3, 2, 1, 3, 0, 3, 2, 3, 0, 0, 0, 3,
       1, 2, 0, 1, 3, 1, 0, 0, 3, 2, 1, 2, 3, 3, 0, 2, 1, 3], dtype=object)]
[451, array([-90., -45., -45.,   0.]), array([0, 3, 0, 2, 2, 0, 3, 0, 2, 2, 3, 2, 1, 3, 0, 0, 2, 3, 0, 0, 0, 3,
       1, 2, 0, 1, 3, 1, 0, 0, 3, 2, 2, 2, 3, 3, 0, 2, 1, 3], dtype=object)]
[434, array([-90., -45., -45.,   0.]), array([0, 3, 0, 2, 2, 0, 3, 0, 2, 2, 1, 2, 1, 3, 0, 2, 2, 3, 0, 0, 0, 3,
       1, 2, 0, 1, 3, 1, 0, 0, 3, 2, 1, 2, 3, 3, 0, 2, 1, 3], dtype=object)]
[430, array([-90., -45., -45.,   0.]), array([0, 3, 0, 2, 2, 0, 3, 0, 2, 2, 3, 2, 1, 3, 0, 3, 2, 3, 0, 0, 0, 3,
       1, 2, 0, 1, 3, 1, 0, 0, 3, 2, 0, 2, 3, 3, 0, 2, 1, 3], dtype=object)]
[452, array([-90., -45., -45.,   0.]), array([0, 3, 0, 2, 2, 0, 3, 0, 2, 2, 0, 2, 1, 3, 0, 2, 2, 3, 0, 0, 0, 3,
       1, 2, 0, 1, 3, 1, 0, 0, 3, 2, 2, 2, 3, 3, 0, 2, 1, 3], dtype=object)]
[429, array([-90., -45., -45.,   0.]), array([0, 3, 0, 2, 2, 0, 3, 0, 2, 2, 3, 2, 1, 3, 0, 3, 2, 3, 0, 0, 0, 3,
       1, 2, 0, 1, 3, 1, 0, 0, 3, 2, 1, 2, 3, 3, 0, 2, 1, 3], dtype=object)]
[435, array([-90., -45., -45.,   0.]), array([0, 3, 0, 2, 2, 0, 3, 0, 2, 2, 3, 2, 1, 3, 0, 3, 2, 3, 0, 0, 0, 3,
       1, 2, 0, 1, 3, 1, 0, 0, 3, 2, 1, 2, 3, 3, 0, 2, 1, 3], dtype=object)]
[431, array([-90., -45., -45.,   0.]), array([0, 3, 0, 2, 2, 0, 3, 0, 2, 2, 3, 2, 1, 3, 0, 2, 2, 3, 0, 0, 0, 3,
       1, 2, 0, 1, 3, 1, 0, 0, 3, 2, 1, 2, 3, 3, 0, 2, 1, 3], dtype=object)]
[453, array([-90., -45., -45.,   0.]), array([0, 3, 0, 2, 2, 0, 3, 0, 2, 2, 3, 2, 1, 3, 0, 0, 2, 3, 0, 0, 0, 3,
       1, 2, 0, 1, 3, 1, 0, 0, 3, 2, 2, 2, 3, 3, 0, 2, 1, 3], dtype=object)]
[430, array([-90., -45., -45.,   0.]), array([0, 3, 0, 2, 2, 0, 3, 0, 2, 2, 3, 2, 1, 3, 0, 3, 2, 3, 0, 0, 0, 3,
       1, 2, 0, 1, 3, 1, 0, 0, 3, 2, 0, 2, 3, 3, 0, 2, 1, 3], dtype=object)]
[436, array([-80., -40., -40.,   0.]), array([0, 3, 0, 2, 2, 0, 3, 0, 2, 2, 3, 2, 1, 3, 0, 3, 2, 3, 0, 0, 1, 3,
       1, 2, 0, 1, 3, 1, 0, 0, 3, 2, 1, 2, 3, 3, 0, 2, 1, 3], dtype=object)]
[432, array([-90., -45., -45.,   0.]), array([0, 3, 0, 2, 2, 0, 3, 0, 2, 2, 3, 2, 1, 3, 0, 3, 2, 3, 0, 0, 0, 3,
       1, 2, 0, 1, 3, 1, 0, 0, 3, 2, 3, 2, 3, 3, 0, 2, 1, 3], dtype=object)]
[454, array([-90., -45., -45.,   0.]), array([0, 3, 0, 2, 2, 0, 3, 0, 2, 2, 0, 2, 1, 3, 0, 2, 2, 3, 0, 0, 0, 3,
       1, 2, 0, 1, 3, 1, 0, 0, 3, 2, 2, 2, 3, 3, 0, 2, 1, 3], dtype=object)]
[431, array([-90., -45., -45.,   0.]), array([0, 3, 0, 2, 2, 0, 3, 0, 2, 2, 3, 2, 1, 3, 0, 2, 2, 3, 0, 0, 0, 3,
       1, 2, 0, 1, 3, 1, 0, 0, 3, 2, 1, 2, 3, 3, 0, 2, 1, 3], dtype=object)]
[437, array([-90., -45., -45.,   0.]), array([0, 3, 0, 2, 2, 0, 3, 0, 2, 2, 3, 2, 1, 3, 0, 2, 2, 3, 0, 0, 0, 3,
       1, 2, 0, 1, 3, 1, 0, 0, 3, 2, 1, 2, 3, 3, 0, 2, 1, 3], dtype=object)]
[433, array([-90., -45., -45.,   0.]), array([0, 3, 0, 2, 2, 0, 3, 0, 2, 2, 3, 2, 1, 3, 0, 2, 2, 3, 0, 0, 0, 3,
       1, 2, 0, 1, 3, 1, 0, 0, 3, 2, 1, 2, 3, 3, 0, 2, 1, 3], dtype=object)]
[455, array([-90., -45., -45.,   0.]), array([0, 3, 0, 2, 2, 0, 3, 0, 2, 2, 3, 2, 1, 3, 0, 2, 2, 3, 0, 0, 0, 3,
       1, 2, 0, 1, 3, 1, 0, 0, 3, 2, 1, 2, 3, 3, 0, 2, 1, 3], dtype=object)]
[432, array([-90., -45., -45.,   0.]), array([0, 3, 0, 2, 2, 0, 3, 0, 2, 2, 3, 2, 1, 3, 0, 3, 2, 3, 0, 0, 0, 3,
       1, 2, 0, 1, 3, 1, 0, 0, 3, 2, 3, 2, 3, 3, 0, 2, 1, 3], dtype=object)]
[438, array([-80., -40., -40.,   0.]), array([0, 3, 0, 2, 2, 0, 3, 0, 2, 2, 3, 2, 3, 3, 0, 2, 2, 3, 0, 0, 0, 3,
       1, 2, 0, 1, 3, 1, 0, 0, 3, 2, 1, 2, 3, 3, 0, 2, 1, 0], dtype=object)]
[434, array([-90., -45., -45.,   0.]), array([0, 3, 0, 2, 2, 0, 3, 0, 2, 2, 1, 2, 1, 3, 0, 2, 2, 3, 0, 0, 0, 3,
       1, 2, 0, 1, 3, 1, 0, 0, 3, 2, 1, 2, 3, 3, 0, 2, 1, 3], dtype=object)]
[456, array([-90., -45., -45.,   0.]), array([0, 3, 0, 2, 2, 0, 3, 0, 2, 2, 0, 2, 1, 3, 0, 3, 2, 3, 0, 0, 0, 1,
       1, 2, 0, 1, 3, 1, 0, 2, 3, 2, 1, 2, 3, 3, 0, 2, 1, 3], dtype=object)]
[433, array([-90., -45., -45.,   0.]), array([0, 3, 0, 2, 2, 0, 3, 0, 2, 2, 3, 2, 1, 3, 0, 2, 2, 3, 0, 0, 0, 3,
       1, 2, 0, 1, 3, 1, 0, 0, 3, 2, 1, 2, 3, 3, 0, 2, 1, 3], dtype=object)]
[439, array([-90., -45., -45.,   0.]), array([0, 3, 0, 2, 2, 0, 3, 0, 2, 2, 3, 2, 1, 3, 0, 2, 2, 3, 0, 0, 0, 3,
       1, 2, 0, 1, 3, 1, 0, 0, 3, 2, 1, 2, 3, 3, 0, 2, 1, 3], dtype=object)]
[435, array([-90., -45., -45.,   0.]), array([0, 3, 0, 2, 2, 0, 3, 0, 2, 2, 3, 2, 1, 3, 0, 3, 2, 3, 0, 0, 0, 3,
       1, 2, 0, 1, 3, 1, 0, 0, 3, 2, 1, 2, 3, 3, 0, 2, 1, 3], dtype=object)]
[457, array([-90., -45., -45.,   0.]), array([0, 3, 0, 2, 2, 0, 3, 0, 2, 2, 3, 2, 1, 3, 0, 3, 2, 3, 0, 0, 0, 3,
       1, 2, 0, 1, 3, 1, 0, 0, 3, 2, 2, 2, 3, 3, 0, 2, 1, 3], dtype=object)]
[434, array([-90., -45., -45.,   0.]), array([0, 3, 0, 2, 2, 0, 3, 0, 2, 2, 1, 2, 1, 3, 0, 2, 2, 3, 0, 0, 0, 3,
       1, 2, 0, 1, 3, 1, 0, 0, 3, 2, 1, 2, 3, 3, 0, 2, 1, 3], dtype=object)]
[440, array([-86., -43., -43.,   0.]), array([0, 3, 0, 2, 2, 0, 0, 0, 3, 2, 3, 2, 1, 3, 0, 2, 2, 3, 0, 0, 0, 3,
       1, 2, 0, 1, 3, 1, 0, 0, 3, 2, 1, 2, 3, 3, 0, 2, 1, 3], dtype=object)]
[436, array([-80., -40., -40.,   0.]), array([0, 3, 0, 2, 2, 0, 3, 0, 2, 2, 3, 2, 1, 3, 0, 3, 2, 3, 0, 0, 1, 3,
       1, 2, 0, 1, 3, 1, 0, 0, 3, 2, 1, 2, 3, 3, 0, 2, 1, 3], dtype=object)]
[458, array([-90., -45., -45.,   0.]), array([0, 3, 0, 2, 2, 0, 3, 0, 2, 2, 0, 2, 1, 3, 0, 2, 2, 3, 0, 0, 0, 3,
       1, 2, 0, 1, 3, 1, 0, 0, 3, 2, 2, 2, 3, 3, 0, 2, 1, 3], dtype=object)]
[435, array([-90., -45., -45.,   0.]), array([0, 3, 0, 2, 2, 0, 3, 0, 2, 2, 3, 2, 1, 3, 0, 3, 2, 3, 0, 0, 0, 3,
       1, 2, 0, 1, 3, 1, 0, 0, 3, 2, 1, 2, 3, 3, 0, 2, 1, 3], dtype=object)]
[441, array([-90., -45., -45.,   0.]), array([0, 3, 0, 2, 2, 0, 3, 0, 2, 2, 3, 2, 1, 3, 0, 3, 2, 3, 0, 0, 0, 3,
       1, 2, 0, 1, 3, 1, 0, 0, 3, 2, 1, 2, 3, 3, 0, 2, 1, 3], dtype=object)]
[437, array([-90., -45., -45.,   0.]), array([0, 3, 0, 2, 2, 0, 3, 0, 2, 2, 3, 2, 1, 3, 0, 2, 2, 3, 0, 0, 0, 3,
       1, 2, 0, 1, 3, 1, 0, 0, 3, 2, 1, 2, 3, 3, 0, 2, 1, 3], dtype=object)]
[459, array([-90., -45., -45.,   0.]), array([0, 3, 0, 2, 2, 0, 3, 0, 2, 2, 3, 2, 1, 3, 0, 2, 2, 3, 0, 0, 0, 3,
       1, 2, 0, 1, 3, 1, 0, 0, 3, 2, 2, 2, 3, 3, 0, 2, 1, 3], dtype=object)]
[436, array([-80., -40., -40.,   0.]), array([0, 3, 0, 2, 2, 0, 3, 0, 2, 2, 3, 2, 1, 3, 0, 3, 2, 3, 0, 0, 1, 3,
       1, 2, 0, 1, 3, 1, 0, 0, 3, 2, 1, 2, 3, 3, 0, 2, 1, 3], dtype=object)]
[442, array([-90., -45., -45.,   0.]), array([0, 3, 0, 2, 2, 0, 3, 0, 2, 2, 0, 2, 1, 3, 0, 2, 2, 3, 0, 0, 0, 3,
       1, 2, 0, 1, 3, 1, 0, 0, 3, 2, 1, 2, 3, 3, 0, 2, 1, 3], dtype=object)]
[438, array([-80., -40., -40.,   0.]), array([0, 3, 0, 2, 2, 0, 3, 0, 2, 2, 3, 2, 3, 3, 0, 2, 2, 3, 0, 0, 0, 3,
       1, 2, 0, 1, 3, 1, 0, 0, 3, 2, 1, 2, 3, 3, 0, 2, 1, 0], dtype=object)]
[460, array([-90., -45., -45.,   0.]), array([0, 3, 0, 2, 2, 0, 3, 0, 2, 2, 3, 2, 1, 3, 0, 0, 2, 3, 0, 0, 0, 3,
       1, 2, 0, 1, 3, 1, 0, 0, 3, 2, 2, 2, 3, 3, 0, 2, 1, 3], dtype=object)]
[437, array([-90., -45., -45.,   0.]), array([0, 3, 0, 2, 2, 0, 3, 0, 2, 2, 3, 2, 1, 3, 0, 2, 2, 3, 0, 0, 0, 3,
       1, 2, 0, 1, 3, 1, 0, 0, 3, 2, 1, 2, 3, 3, 0, 2, 1, 3], dtype=object)]
[443, array([-90., -45., -45.,   0.]), array([0, 3, 0, 2, 2, 0, 3, 0, 2, 2, 3, 2, 1, 3, 0, 2, 2, 3, 0, 0, 0, 3,
       1, 2, 0, 1, 3, 1, 0, 0, 3, 2, 1, 2, 3, 3, 0, 2, 1, 3], dtype=object)]
[439, array([-90., -45., -45.,   0.]), array([0, 3, 0, 2, 2, 0, 3, 0, 2, 2, 3, 2, 1, 3, 0, 2, 2, 3, 0, 0, 0, 3,
       1, 2, 0, 1, 3, 1, 0, 0, 3, 2, 1, 2, 3, 3, 0, 2, 1, 3], dtype=object)]
[461, array([-90., -45., -45.,   0.]), array([0, 3, 0, 2, 2, 0, 3, 0, 2, 2, 0, 2, 1, 3, 0, 3, 2, 3, 0, 0, 0, 3,
       1, 2, 0, 1, 3, 1, 0, 0, 3, 2, 1, 2, 3, 3, 0, 2, 1, 3], dtype=object)]
[438, array([-80., -40., -40.,   0.]), array([0, 3, 0, 2, 2, 0, 3, 0, 2, 2, 3, 2, 3, 3, 0, 2, 2, 3, 0, 0, 0, 3,
       1, 2, 0, 1, 3, 1, 0, 0, 3, 2, 1, 2, 3, 3, 0, 2, 1, 0], dtype=object)]
[440, array([-86., -43., -43.,   0.]), array([0, 3, 0, 2, 2, 0, 0, 0, 3, 2, 3, 2, 1, 3, 0, 2, 2, 3, 0, 0, 0, 3,
       1, 2, 0, 1, 3, 1, 0, 0, 3, 2, 1, 2, 3, 3, 0, 2, 1, 3], dtype=object)]
[444, array([-90., -45., -45.,   0.]), array([0, 3, 0, 2, 2, 0, 3, 0, 2, 2, 0, 2, 1, 3, 0, 2, 2, 3, 0, 0, 0, 3,
       1, 2, 0, 1, 3, 1, 0, 0, 3, 2, 1, 2, 3, 3, 0, 2, 1, 3], dtype=object)]
[462, array([-90., -45., -45.,   0.]), array([0, 3, 0, 2, 2, 0, 3, 0, 2, 2, 0, 2, 1, 3, 0, 0, 2, 3, 0, 0, 0, 1,
       1, 2, 0, 1, 3, 1, 0, 2, 3, 2, 1, 2, 3, 3, 0, 2, 1, 3], dtype=object)]
[441, array([-90., -45., -45.,   0.]), array([0, 3, 0, 2, 2, 0, 3, 0, 2, 2, 3, 2, 1, 3, 0, 3, 2, 3, 0, 0, 0, 3,
       1, 2, 0, 1, 3, 1, 0, 0, 3, 2, 1, 2, 3, 3, 0, 2, 1, 3], dtype=object)]
[439, array([-90., -45., -45.,   0.]), array([0, 3, 0, 2, 2, 0, 3, 0, 2, 2, 3, 2, 1, 3, 0, 2, 2, 3, 0, 0, 0, 3,
       1, 2, 0, 1, 3, 1, 0, 0, 3, 2, 1, 2, 3, 3, 0, 2, 1, 3], dtype=object)]
[445, array([-90., -45., -45.,   0.]), array([0, 3, 0, 2, 2, 0, 3, 0, 2, 2, 3, 2, 1, 3, 0, 3, 2, 3, 0, 0, 0, 3,
       1, 2, 0, 1, 3, 1, 0, 0, 3, 2, 1, 2, 3, 3, 0, 2, 1, 3], dtype=object)]
[463, array([-90., -45., -45.,   0.]), array([0, 3, 0, 2, 2, 0, 3, 0, 2, 2, 0, 2, 1, 3, 0, 2, 2, 3, 0, 0, 0, 3,
       1, 2, 0, 1, 3, 1, 0, 0, 3, 2, 2, 2, 3, 3, 0, 2, 1, 3], dtype=object)]
[446, array([-90., -45., -45.,   0.]), array([0, 3, 0, 2, 2, 0, 3, 0, 2, 2, 0, 2, 1, 3, 0, 2, 2, 3, 0, 0, 0, 3,
       1, 2, 0, 1, 3, 1, 0, 0, 3, 2, 1, 2, 3, 3, 0, 2, 1, 3], dtype=object)]
[442, array([-90., -45., -45.,   0.]), array([0, 3, 0, 2, 2, 0, 3, 0, 2, 2, 0, 2, 1, 3, 0, 2, 2, 3, 0, 0, 0, 3,
       1, 2, 0, 1, 3, 1, 0, 0, 3, 2, 1, 2, 3, 3, 0, 2, 1, 3], dtype=object)]
[440, array([-86., -43., -43.,   0.]), array([0, 3, 0, 2, 2, 0, 0, 0, 3, 2, 3, 2, 1, 3, 0, 2, 2, 3, 0, 0, 0, 3,
       1, 2, 0, 1, 3, 1, 0, 0, 3, 2, 1, 2, 3, 3, 0, 2, 1, 3], dtype=object)]
[464, array([-90., -45., -45.,   0.]), array([0, 3, 0, 2, 2, 0, 3, 0, 2, 2, 0, 2, 1, 3, 0, 2, 2, 3, 0, 0, 0, 3,
       1, 2, 0, 1, 3, 1, 0, 0, 3, 2, 1, 2, 3, 3, 0, 2, 1, 3], dtype=object)]
[443, array([-90., -45., -45.,   0.]), array([0, 3, 0, 2, 2, 0, 3, 0, 2, 2, 3, 2, 1, 3, 0, 2, 2, 3, 0, 0, 0, 3,
       1, 2, 0, 1, 3, 1, 0, 0, 3, 2, 1, 2, 3, 3, 0, 2, 1, 3], dtype=object)]
[447, array([-90., -45., -45.,   0.]), array([0, 3, 0, 2, 2, 0, 3, 0, 2, 2, 0, 2, 1, 3, 0, 3, 2, 3, 0, 0, 0, 3,
       1, 2, 0, 1, 3, 1, 0, 0, 3, 2, 1, 2, 3, 3, 0, 2, 1, 3], dtype=object)]
[465, array([-90., -45., -45.,   0.]), array([0, 3, 0, 2, 2, 0, 3, 0, 2, 2, 3, 2, 1, 3, 0, 0, 2, 3, 0, 0, 0, 3,
       1, 2, 0, 1, 3, 1, 0, 0, 3, 2, 1, 2, 3, 3, 0, 2, 1, 3], dtype=object)]
[441, array([-90., -45., -45.,   0.]), array([0, 3, 0, 2, 2, 0, 3, 0, 2, 2, 3, 2, 1, 3, 0, 3, 2, 3, 0, 0, 0, 3,
       1, 2, 0, 1, 3, 1, 0, 0, 3, 2, 1, 2, 3, 3, 0, 2, 1, 3], dtype=object)]
[444, array([-90., -45., -45.,   0.]), array([0, 3, 0, 2, 2, 0, 3, 0, 2, 2, 0, 2, 1, 3, 0, 2, 2, 3, 0, 0, 0, 3,
       1, 2, 0, 1, 3, 1, 0, 0, 3, 2, 1, 2, 3, 3, 0, 2, 1, 3], dtype=object)]
[466, array([-90., -45., -45.,   0.]), array([0, 3, 0, 2, 2, 0, 3, 0, 2, 2, 0, 2, 1, 3, 0, 2, 2, 3, 0, 0, 0, 3,
       1, 2, 0, 1, 3, 1, 0, 0, 3, 2, 1, 2, 3, 3, 0, 2, 1, 3], dtype=object)]
[448, array([-90., -45., -45.,   0.]), array([0, 3, 0, 2, 2, 0, 3, 0, 2, 2, 3, 2, 1, 3, 0, 2, 2, 3, 0, 0, 0, 3,
       1, 2, 0, 1, 3, 1, 0, 0, 3, 2, 2, 2, 3, 3, 0, 2, 1, 3], dtype=object)]
[442, array([-90., -45., -45.,   0.]), array([0, 3, 0, 2, 2, 0, 3, 0, 2, 2, 0, 2, 1, 3, 0, 2, 2, 3, 0, 0, 0, 3,
       1, 2, 0, 1, 3, 1, 0, 0, 3, 2, 1, 2, 3, 3, 0, 2, 1, 3], dtype=object)]
[445, array([-90., -45., -45.,   0.]), array([0, 3, 0, 2, 2, 0, 3, 0, 2, 2, 3, 2, 1, 3, 0, 3, 2, 3, 0, 0, 0, 3,
       1, 2, 0, 1, 3, 1, 0, 0, 3, 2, 1, 2, 3, 3, 0, 2, 1, 3], dtype=object)]
[449, array([-90., -45., -45.,   0.]), array([0, 3, 0, 2, 2, 0, 3, 0, 2, 2, 3, 2, 1, 3, 0, 0, 2, 3, 0, 0, 0, 3,
       1, 2, 0, 1, 3, 1, 0, 0, 3, 2, 1, 2, 3, 3, 0, 2, 1, 3], dtype=object)]
[467, array([-90., -45., -45.,   0.]), array([0, 3, 0, 2, 2, 0, 3, 0, 2, 2, 0, 2, 1, 3, 0, 0, 2, 3, 0, 0, 0, 3,
       1, 2, 0, 1, 3, 1, 0, 0, 3, 2, 2, 2, 3, 3, 0, 2, 1, 3], dtype=object)]
[443, array([-90., -45., -45.,   0.]), array([0, 3, 0, 2, 2, 0, 3, 0, 2, 2, 3, 2, 1, 3, 0, 2, 2, 3, 0, 0, 0, 3,
       1, 2, 0, 1, 3, 1, 0, 0, 3, 2, 1, 2, 3, 3, 0, 2, 1, 3], dtype=object)]
[446, array([-90., -45., -45.,   0.]), array([0, 3, 0, 2, 2, 0, 3, 0, 2, 2, 0, 2, 1, 3, 0, 2, 2, 3, 0, 0, 0, 3,
       1, 2, 0, 1, 3, 1, 0, 0, 3, 2, 1, 2, 3, 3, 0, 2, 1, 3], dtype=object)]
[450, array([-90., -45., -45.,   0.]), array([0, 3, 0, 2, 2, 0, 3, 0, 2, 2, 3, 2, 1, 3, 0, 2, 2, 3, 0, 0, 0, 3,
       1, 2, 0, 1, 3, 1, 0, 0, 3, 2, 2, 2, 3, 3, 0, 2, 1, 3], dtype=object)]
[468, array([-90., -45., -45.,   0.]), array([0, 3, 0, 2, 2, 0, 3, 0, 2, 2, 3, 2, 1, 3, 0, 3, 2, 3, 0, 0, 0, 3,
       1, 2, 0, 1, 3, 1, 0, 0, 3, 2, 3, 2, 3, 3, 0, 2, 1, 3], dtype=object)]
[444, array([-90., -45., -45.,   0.]), array([0, 3, 0, 2, 2, 0, 3, 0, 2, 2, 0, 2, 1, 3, 0, 2, 2, 3, 0, 0, 0, 3,
       1, 2, 0, 1, 3, 1, 0, 0, 3, 2, 1, 2, 3, 3, 0, 2, 1, 3], dtype=object)]
[447, array([-90., -45., -45.,   0.]), array([0, 3, 0, 2, 2, 0, 3, 0, 2, 2, 0, 2, 1, 3, 0, 3, 2, 3, 0, 0, 0, 3,
       1, 2, 0, 1, 3, 1, 0, 0, 3, 2, 1, 2, 3, 3, 0, 2, 1, 3], dtype=object)]
[451, array([-90., -45., -45.,   0.]), array([0, 3, 0, 2, 2, 0, 3, 0, 2, 2, 3, 2, 1, 3, 0, 0, 2, 3, 0, 0, 0, 3,
       1, 2, 0, 1, 3, 1, 0, 0, 3, 2, 2, 2, 3, 3, 0, 2, 1, 3], dtype=object)]
[469, array([-90., -45., -45.,   0.]), array([0, 3, 0, 2, 2, 0, 3, 0, 2, 2, 0, 2, 1, 3, 0, 3, 2, 3, 0, 0, 0, 3,
       1, 2, 0, 1, 3, 1, 0, 0, 3, 2, 2, 2, 3, 3, 0, 2, 1, 3], dtype=object)]
[445, array([-90., -45., -45.,   0.]), array([0, 3, 0, 2, 2, 0, 3, 0, 2, 2, 3, 2, 1, 3, 0, 3, 2, 3, 0, 0, 0, 3,
       1, 2, 0, 1, 3, 1, 0, 0, 3, 2, 1, 2, 3, 3, 0, 2, 1, 3], dtype=object)]
[448, array([-90., -45., -45.,   0.]), array([0, 3, 0, 2, 2, 0, 3, 0, 2, 2, 3, 2, 1, 3, 0, 2, 2, 3, 0, 0, 0, 3,
       1, 2, 0, 1, 3, 1, 0, 0, 3, 2, 2, 2, 3, 3, 0, 2, 1, 3], dtype=object)]
[470, array([-90., -45., -45.,   0.]), array([0, 3, 0, 2, 2, 0, 3, 0, 2, 2, 0, 2, 1, 3, 0, 3, 2, 3, 0, 0, 0, 3,
       1, 2, 0, 1, 3, 1, 0, 0, 3, 2, 2, 2, 3, 3, 0, 2, 1, 3], dtype=object)]
[452, array([-90., -45., -45.,   0.]), array([0, 3, 0, 2, 2, 0, 3, 0, 2, 2, 0, 2, 1, 3, 0, 2, 2, 3, 0, 0, 0, 3,
       1, 2, 0, 1, 3, 1, 0, 0, 3, 2, 2, 2, 3, 3, 0, 2, 1, 3], dtype=object)]
[446, array([-90., -45., -45.,   0.]), array([0, 3, 0, 2, 2, 0, 3, 0, 2, 2, 0, 2, 1, 3, 0, 2, 2, 3, 0, 0, 0, 3,
       1, 2, 0, 1, 3, 1, 0, 0, 3, 2, 1, 2, 3, 3, 0, 2, 1, 3], dtype=object)]
[449, array([-90., -45., -45.,   0.]), array([0, 3, 0, 2, 2, 0, 3, 0, 2, 2, 3, 2, 1, 3, 0, 0, 2, 3, 0, 0, 0, 3,
       1, 2, 0, 1, 3, 1, 0, 0, 3, 2, 1, 2, 3, 3, 0, 2, 1, 3], dtype=object)]
[471, array([-90., -45., -45.,   0.]), array([0, 3, 0, 2, 2, 0, 3, 0, 2, 2, 0, 2, 1, 3, 0, 0, 2, 3, 0, 0, 0, 3,
       1, 2, 0, 1, 3, 1, 0, 0, 3, 2, 1, 2, 3, 3, 0, 2, 1, 3], dtype=object)]
[453, array([-90., -45., -45.,   0.]), array([0, 3, 0, 2, 2, 0, 3, 0, 2, 2, 3, 2, 1, 3, 0, 0, 2, 3, 0, 0, 0, 3,
       1, 2, 0, 1, 3, 1, 0, 0, 3, 2, 2, 2, 3, 3, 0, 2, 1, 3], dtype=object)]
[447, array([-90., -45., -45.,   0.]), array([0, 3, 0, 2, 2, 0, 3, 0, 2, 2, 0, 2, 1, 3, 0, 3, 2, 3, 0, 0, 0, 3,
       1, 2, 0, 1, 3, 1, 0, 0, 3, 2, 1, 2, 3, 3, 0, 2, 1, 3], dtype=object)]
[450, array([-90., -45., -45.,   0.]), array([0, 3, 0, 2, 2, 0, 3, 0, 2, 2, 3, 2, 1, 3, 0, 2, 2, 3, 0, 0, 0, 3,
       1, 2, 0, 1, 3, 1, 0, 0, 3, 2, 2, 2, 3, 3, 0, 2, 1, 3], dtype=object)]
[472, array([-90., -45., -45.,   0.]), array([0, 3, 0, 2, 2, 0, 3, 0, 2, 2, 3, 2, 3, 3, 0, 0, 2, 3, 0, 0, 0, 3,
       1, 2, 0, 1, 3, 1, 0, 0, 3, 2, 2, 2, 3, 3, 0, 2, 1, 3], dtype=object)]
[454, array([-90., -45., -45.,   0.]), array([0, 3, 0, 2, 2, 0, 3, 0, 2, 2, 0, 2, 1, 3, 0, 2, 2, 3, 0, 0, 0, 3,
       1, 2, 0, 1, 3, 1, 0, 0, 3, 2, 2, 2, 3, 3, 0, 2, 1, 3], dtype=object)]
[448, array([-90., -45., -45.,   0.]), array([0, 3, 0, 2, 2, 0, 3, 0, 2, 2, 3, 2, 1, 3, 0, 2, 2, 3, 0, 0, 0, 3,
       1, 2, 0, 1, 3, 1, 0, 0, 3, 2, 2, 2, 3, 3, 0, 2, 1, 3], dtype=object)]
[451, array([-90., -45., -45.,   0.]), array([0, 3, 0, 2, 2, 0, 3, 0, 2, 2, 3, 2, 1, 3, 0, 0, 2, 3, 0, 0, 0, 3,
       1, 2, 0, 1, 3, 1, 0, 0, 3, 2, 2, 2, 3, 3, 0, 2, 1, 3], dtype=object)]
[473, array([-90., -45., -45.,   0.]), array([0, 3, 0, 2, 2, 0, 3, 0, 2, 2, 0, 2, 1, 3, 0, 2, 2, 3, 0, 0, 0, 3,
       1, 2, 0, 1, 3, 1, 0, 0, 3, 2, 1, 2, 3, 3, 0, 2, 1, 3], dtype=object)]
[455, array([-90., -45., -45.,   0.]), array([0, 3, 0, 2, 2, 0, 3, 0, 2, 2, 3, 2, 1, 3, 0, 2, 2, 3, 0, 0, 0, 3,
       1, 2, 0, 1, 3, 1, 0, 0, 3, 2, 1, 2, 3, 3, 0, 2, 1, 3], dtype=object)]
[449, array([-90., -45., -45.,   0.]), array([0, 3, 0, 2, 2, 0, 3, 0, 2, 2, 3, 2, 1, 3, 0, 0, 2, 3, 0, 0, 0, 3,
       1, 2, 0, 1, 3, 1, 0, 0, 3, 2, 1, 2, 3, 3, 0, 2, 1, 3], dtype=object)]
[474, array([-90., -45., -45.,   0.]), array([0, 3, 0, 2, 2, 0, 3, 0, 2, 2, 0, 2, 3, 3, 0, 0, 2, 3, 0, 0, 0, 3,
       1, 2, 0, 1, 3, 1, 0, 0, 3, 2, 1, 2, 3, 3, 0, 2, 1, 3], dtype=object)]
[452, array([-90., -45., -45.,   0.]), array([0, 3, 0, 2, 2, 0, 3, 0, 2, 2, 0, 2, 1, 3, 0, 2, 2, 3, 0, 0, 0, 3,
       1, 2, 0, 1, 3, 1, 0, 0, 3, 2, 2, 2, 3, 3, 0, 2, 1, 3], dtype=object)]
[456, array([-90., -45., -45.,   0.]), array([0, 3, 0, 2, 2, 0, 3, 0, 2, 2, 0, 2, 1, 3, 0, 3, 2, 3, 0, 0, 0, 1,
       1, 2, 0, 1, 3, 1, 0, 2, 3, 2, 1, 2, 3, 3, 0, 2, 1, 3], dtype=object)]
[450, array([-90., -45., -45.,   0.]), array([0, 3, 0, 2, 2, 0, 3, 0, 2, 2, 3, 2, 1, 3, 0, 2, 2, 3, 0, 0, 0, 3,
       1, 2, 0, 1, 3, 1, 0, 0, 3, 2, 2, 2, 3, 3, 0, 2, 1, 3], dtype=object)]
[475, array([-90., -45., -45.,   0.]), array([0, 3, 0, 2, 2, 0, 3, 0, 2, 2, 0, 2, 3, 3, 0, 0, 2, 3, 0, 0, 0, 3,
       1, 2, 0, 1, 3, 1, 0, 0, 3, 2, 1, 2, 3, 3, 0, 2, 1, 3], dtype=object)]
[453, array([-90., -45., -45.,   0.]), array([0, 3, 0, 2, 2, 0, 3, 0, 2, 2, 3, 2, 1, 3, 0, 0, 2, 3, 0, 0, 0, 3,
       1, 2, 0, 1, 3, 1, 0, 0, 3, 2, 2, 2, 3, 3, 0, 2, 1, 3], dtype=object)]
[457, array([-90., -45., -45.,   0.]), array([0, 3, 0, 2, 2, 0, 3, 0, 2, 2, 3, 2, 1, 3, 0, 3, 2, 3, 0, 0, 0, 3,
       1, 2, 0, 1, 3, 1, 0, 0, 3, 2, 2, 2, 3, 3, 0, 2, 1, 3], dtype=object)]
[451, array([-90., -45., -45.,   0.]), array([0, 3, 0, 2, 2, 0, 3, 0, 2, 2, 3, 2, 1, 3, 0, 0, 2, 3, 0, 0, 0, 3,
       1, 2, 0, 1, 3, 1, 0, 0, 3, 2, 2, 2, 3, 3, 0, 2, 1, 3], dtype=object)]
[476, array([-90., -45., -45.,   0.]), array([0, 3, 0, 2, 2, 0, 3, 0, 2, 2, 0, 2, 1, 3, 0, 0, 2, 3, 0, 0, 0, 3,
       1, 2, 0, 1, 3, 1, 0, 0, 3, 2, 2, 2, 3, 3, 0, 2, 1, 3], dtype=object)]
[454, array([-90., -45., -45.,   0.]), array([0, 3, 0, 2, 2, 0, 3, 0, 2, 2, 0, 2, 1, 3, 0, 2, 2, 3, 0, 0, 0, 3,
       1, 2, 0, 1, 3, 1, 0, 0, 3, 2, 2, 2, 3, 3, 0, 2, 1, 3], dtype=object)]
[458, array([-90., -45., -45.,   0.]), array([0, 3, 0, 2, 2, 0, 3, 0, 2, 2, 0, 2, 1, 3, 0, 2, 2, 3, 0, 0, 0, 3,
       1, 2, 0, 1, 3, 1, 0, 0, 3, 2, 2, 2, 3, 3, 0, 2, 1, 3], dtype=object)]
[452, array([-90., -45., -45.,   0.]), array([0, 3, 0, 2, 2, 0, 3, 0, 2, 2, 0, 2, 1, 3, 0, 2, 2, 3, 0, 0, 0, 3,
       1, 2, 0, 1, 3, 1, 0, 0, 3, 2, 2, 2, 3, 3, 0, 2, 1, 3], dtype=object)]
[477, array([-90., -45., -45.,   0.]), array([0, 3, 0, 2, 2, 0, 3, 0, 2, 2, 3, 2, 1, 3, 0, 0, 2, 3, 0, 0, 0, 3,
       1, 2, 0, 1, 3, 1, 0, 0, 3, 2, 1, 2, 3, 3, 0, 2, 1, 3], dtype=object)]
[455, array([-90., -45., -45.,   0.]), array([0, 3, 0, 2, 2, 0, 3, 0, 2, 2, 3, 2, 1, 3, 0, 2, 2, 3, 0, 0, 0, 3,
       1, 2, 0, 1, 3, 1, 0, 0, 3, 2, 1, 2, 3, 3, 0, 2, 1, 3], dtype=object)]
[459, array([-90., -45., -45.,   0.]), array([0, 3, 0, 2, 2, 0, 3, 0, 2, 2, 3, 2, 1, 3, 0, 2, 2, 3, 0, 0, 0, 3,
       1, 2, 0, 1, 3, 1, 0, 0, 3, 2, 2, 2, 3, 3, 0, 2, 1, 3], dtype=object)]
[453, array([-90., -45., -45.,   0.]), array([0, 3, 0, 2, 2, 0, 3, 0, 2, 2, 3, 2, 1, 3, 0, 0, 2, 3, 0, 0, 0, 3,
       1, 2, 0, 1, 3, 1, 0, 0, 3, 2, 2, 2, 3, 3, 0, 2, 1, 3], dtype=object)]
[478, array([-90., -45., -45.,   0.]), array([0, 3, 0, 2, 2, 0, 3, 0, 2, 2, 0, 2, 1, 3, 0, 2, 2, 3, 0, 0, 0, 3,
       1, 2, 0, 1, 3, 1, 0, 0, 3, 2, 2, 2, 3, 3, 0, 2, 1, 3], dtype=object)]
[456, array([-90., -45., -45.,   0.]), array([0, 3, 0, 2, 2, 0, 3, 0, 2, 2, 0, 2, 1, 3, 0, 3, 2, 3, 0, 0, 0, 1,
       1, 2, 0, 1, 3, 1, 0, 2, 3, 2, 1, 2, 3, 3, 0, 2, 1, 3], dtype=object)]
[460, array([-90., -45., -45.,   0.]), array([0, 3, 0, 2, 2, 0, 3, 0, 2, 2, 3, 2, 1, 3, 0, 0, 2, 3, 0, 0, 0, 3,
       1, 2, 0, 1, 3, 1, 0, 0, 3, 2, 2, 2, 3, 3, 0, 2, 1, 3], dtype=object)]
[454, array([-90., -45., -45.,   0.]), array([0, 3, 0, 2, 2, 0, 3, 0, 2, 2, 0, 2, 1, 3, 0, 2, 2, 3, 0, 0, 0, 3,
       1, 2, 0, 1, 3, 1, 0, 0, 3, 2, 2, 2, 3, 3, 0, 2, 1, 3], dtype=object)]
[479, array([-90., -45., -45.,   0.]), array([0, 3, 0, 2, 2, 0, 3, 0, 2, 2, 3, 2, 1, 3, 0, 3, 2, 3, 0, 0, 0, 3,
       1, 2, 0, 1, 3, 1, 0, 0, 3, 2, 1, 2, 3, 3, 0, 2, 1, 3], dtype=object)]
[457, array([-90., -45., -45.,   0.]), array([0, 3, 0, 2, 2, 0, 3, 0, 2, 2, 3, 2, 1, 3, 0, 3, 2, 3, 0, 0, 0, 3,
       1, 2, 0, 1, 3, 1, 0, 0, 3, 2, 2, 2, 3, 3, 0, 2, 1, 3], dtype=object)]
[461, array([-90., -45., -45.,   0.]), array([0, 3, 0, 2, 2, 0, 3, 0, 2, 2, 0, 2, 1, 3, 0, 3, 2, 3, 0, 0, 0, 3,
       1, 2, 0, 1, 3, 1, 0, 0, 3, 2, 1, 2, 3, 3, 0, 2, 1, 3], dtype=object)]
[455, array([-90., -45., -45.,   0.]), array([0, 3, 0, 2, 2, 0, 3, 0, 2, 2, 3, 2, 1, 3, 0, 2, 2, 3, 0, 0, 0, 3,
       1, 2, 0, 1, 3, 1, 0, 0, 3, 2, 1, 2, 3, 3, 0, 2, 1, 3], dtype=object)]
[480, array([-90., -45., -45.,   0.]), array([0, 3, 0, 2, 2, 0, 3, 0, 2, 2, 2, 2, 1, 3, 0, 3, 2, 3, 0, 0, 0, 3,
       1, 2, 0, 1, 3, 1, 0, 0, 3, 2, 1, 2, 3, 3, 0, 2, 1, 3], dtype=object)]
[458, array([-90., -45., -45.,   0.]), array([0, 3, 0, 2, 2, 0, 3, 0, 2, 2, 0, 2, 1, 3, 0, 2, 2, 3, 0, 0, 0, 3,
       1, 2, 0, 1, 3, 1, 0, 0, 3, 2, 2, 2, 3, 3, 0, 2, 1, 3], dtype=object)]
[462, array([-90., -45., -45.,   0.]), array([0, 3, 0, 2, 2, 0, 3, 0, 2, 2, 0, 2, 1, 3, 0, 0, 2, 3, 0, 0, 0, 1,
       1, 2, 0, 1, 3, 1, 0, 2, 3, 2, 1, 2, 3, 3, 0, 2, 1, 3], dtype=object)]
[456, array([-90., -45., -45.,   0.]), array([0, 3, 0, 2, 2, 0, 3, 0, 2, 2, 0, 2, 1, 3, 0, 3, 2, 3, 0, 0, 0, 1,
       1, 2, 0, 1, 3, 1, 0, 2, 3, 2, 1, 2, 3, 3, 0, 2, 1, 3], dtype=object)]
[481, array([-90., -45., -45.,   0.]), array([0, 3, 0, 2, 2, 0, 3, 0, 2, 2, 0, 2, 1, 3, 0, 3, 2, 3, 0, 0, 0, 3,
       1, 2, 0, 1, 3, 1, 0, 0, 3, 2, 1, 2, 3, 3, 0, 2, 1, 3], dtype=object)]
[459, array([-90., -45., -45.,   0.]), array([0, 3, 0, 2, 2, 0, 3, 0, 2, 2, 3, 2, 1, 3, 0, 2, 2, 3, 0, 0, 0, 3,
       1, 2, 0, 1, 3, 1, 0, 0, 3, 2, 2, 2, 3, 3, 0, 2, 1, 3], dtype=object)]
[463, array([-90., -45., -45.,   0.]), array([0, 3, 0, 2, 2, 0, 3, 0, 2, 2, 0, 2, 1, 3, 0, 2, 2, 3, 0, 0, 0, 3,
       1, 2, 0, 1, 3, 1, 0, 0, 3, 2, 2, 2, 3, 3, 0, 2, 1, 3], dtype=object)]
[457, array([-90., -45., -45.,   0.]), array([0, 3, 0, 2, 2, 0, 3, 0, 2, 2, 3, 2, 1, 3, 0, 3, 2, 3, 0, 0, 0, 3,
       1, 2, 0, 1, 3, 1, 0, 0, 3, 2, 2, 2, 3, 3, 0, 2, 1, 3], dtype=object)]
[482, array([-90., -45., -45.,   0.]), array([0, 3, 0, 2, 2, 0, 3, 0, 2, 2, 0, 2, 1, 3, 0, 0, 2, 3, 0, 0, 0, 3,
       1, 2, 0, 1, 3, 1, 0, 0, 3, 2, 2, 2, 3, 3, 0, 2, 1, 3], dtype=object)]
[460, array([-90., -45., -45.,   0.]), array([0, 3, 0, 2, 2, 0, 3, 0, 2, 2, 3, 2, 1, 3, 0, 0, 2, 3, 0, 0, 0, 3,
       1, 2, 0, 1, 3, 1, 0, 0, 3, 2, 2, 2, 3, 3, 0, 2, 1, 3], dtype=object)]
[464, array([-90., -45., -45.,   0.]), array([0, 3, 0, 2, 2, 0, 3, 0, 2, 2, 0, 2, 1, 3, 0, 2, 2, 3, 0, 0, 0, 3,
       1, 2, 0, 1, 3, 1, 0, 0, 3, 2, 1, 2, 3, 3, 0, 2, 1, 3], dtype=object)]
[458, array([-90., -45., -45.,   0.]), array([0, 3, 0, 2, 2, 0, 3, 0, 2, 2, 0, 2, 1, 3, 0, 2, 2, 3, 0, 0, 0, 3,
       1, 2, 0, 1, 3, 1, 0, 0, 3, 2, 2, 2, 3, 3, 0, 2, 1, 3], dtype=object)]
[483, array([-90., -45., -45.,   0.]), array([0, 3, 0, 2, 2, 0, 3, 0, 2, 2, 0, 2, 1, 3, 0, 0, 2, 3, 0, 0, 0, 3,
       1, 2, 0, 1, 3, 1, 0, 0, 3, 2, 1, 2, 3, 3, 0, 2, 1, 3], dtype=object)]
[461, array([-90., -45., -45.,   0.]), array([0, 3, 0, 2, 2, 0, 3, 0, 2, 2, 0, 2, 1, 3, 0, 3, 2, 3, 0, 0, 0, 3,
       1, 2, 0, 1, 3, 1, 0, 0, 3, 2, 1, 2, 3, 3, 0, 2, 1, 3], dtype=object)]
[465, array([-90., -45., -45.,   0.]), array([0, 3, 0, 2, 2, 0, 3, 0, 2, 2, 3, 2, 1, 3, 0, 0, 2, 3, 0, 0, 0, 3,
       1, 2, 0, 1, 3, 1, 0, 0, 3, 2, 1, 2, 3, 3, 0, 2, 1, 3], dtype=object)]
[459, array([-90., -45., -45.,   0.]), array([0, 3, 0, 2, 2, 0, 3, 0, 2, 2, 3, 2, 1, 3, 0, 2, 2, 3, 0, 0, 0, 3,
       1, 2, 0, 1, 3, 1, 0, 0, 3, 2, 2, 2, 3, 3, 0, 2, 1, 3], dtype=object)]
[484, array([-90., -45., -45.,   0.]), array([0, 3, 0, 2, 2, 0, 3, 0, 2, 2, 2, 2, 1, 3, 0, 0, 2, 3, 0, 0, 0, 3,
       1, 2, 0, 1, 3, 1, 0, 0, 3, 2, 2, 2, 3, 3, 0, 2, 1, 3], dtype=object)]
[462, array([-90., -45., -45.,   0.]), array([0, 3, 0, 2, 2, 0, 3, 0, 2, 2, 0, 2, 1, 3, 0, 0, 2, 3, 0, 0, 0, 1,
       1, 2, 0, 1, 3, 1, 0, 2, 3, 2, 1, 2, 3, 3, 0, 2, 1, 3], dtype=object)]
[466, array([-90., -45., -45.,   0.]), array([0, 3, 0, 2, 2, 0, 3, 0, 2, 2, 0, 2, 1, 3, 0, 2, 2, 3, 0, 0, 0, 3,
       1, 2, 0, 1, 3, 1, 0, 0, 3, 2, 1, 2, 3, 3, 0, 2, 1, 3], dtype=object)]
[485, array([-90., -45., -45.,   0.]), array([0, 3, 0, 2, 2, 0, 3, 0, 2, 2, 0, 2, 1, 3, 0, 2, 2, 3, 0, 0, 0, 1,
       1, 2, 0, 1, 3, 1, 0, 2, 3, 2, 1, 2, 3, 3, 0, 2, 1, 3], dtype=object)]
[460, array([-90., -45., -45.,   0.]), array([0, 3, 0, 2, 2, 0, 3, 0, 2, 2, 3, 2, 1, 3, 0, 0, 2, 3, 0, 0, 0, 3,
       1, 2, 0, 1, 3, 1, 0, 0, 3, 2, 2, 2, 3, 3, 0, 2, 1, 3], dtype=object)]
[463, array([-90., -45., -45.,   0.]), array([0, 3, 0, 2, 2, 0, 3, 0, 2, 2, 0, 2, 1, 3, 0, 2, 2, 3, 0, 0, 0, 3,
       1, 2, 0, 1, 3, 1, 0, 0, 3, 2, 2, 2, 3, 3, 0, 2, 1, 3], dtype=object)]
[467, array([-90., -45., -45.,   0.]), array([0, 3, 0, 2, 2, 0, 3, 0, 2, 2, 0, 2, 1, 3, 0, 0, 2, 3, 0, 0, 0, 3,
       1, 2, 0, 1, 3, 1, 0, 0, 3, 2, 2, 2, 3, 3, 0, 2, 1, 3], dtype=object)]
[486, array([-90., -45., -45.,   0.]), array([0, 3, 0, 2, 2, 0, 3, 0, 2, 2, 0, 2, 1, 3, 0, 2, 2, 3, 0, 0, 0, 3,
       1, 2, 0, 1, 3, 1, 0, 0, 3, 2, 2, 2, 3, 3, 0, 2, 1, 3], dtype=object)]
[461, array([-90., -45., -45.,   0.]), array([0, 3, 0, 2, 2, 0, 3, 0, 2, 2, 0, 2, 1, 3, 0, 3, 2, 3, 0, 0, 0, 3,
       1, 2, 0, 1, 3, 1, 0, 0, 3, 2, 1, 2, 3, 3, 0, 2, 1, 3], dtype=object)]
[464, array([-90., -45., -45.,   0.]), array([0, 3, 0, 2, 2, 0, 3, 0, 2, 2, 0, 2, 1, 3, 0, 2, 2, 3, 0, 0, 0, 3,
       1, 2, 0, 1, 3, 1, 0, 0, 3, 2, 1, 2, 3, 3, 0, 2, 1, 3], dtype=object)]
[468, array([-90., -45., -45.,   0.]), array([0, 3, 0, 2, 2, 0, 3, 0, 2, 2, 3, 2, 1, 3, 0, 3, 2, 3, 0, 0, 0, 3,
       1, 2, 0, 1, 3, 1, 0, 0, 3, 2, 3, 2, 3, 3, 0, 2, 1, 3], dtype=object)]
[487, array([-90., -45., -45.,   0.]), array([0, 3, 0, 2, 2, 0, 3, 0, 2, 2, 3, 2, 2, 3, 0, 3, 2, 3, 0, 0, 0, 1,
       1, 2, 0, 1, 3, 1, 0, 2, 3, 2, 1, 2, 3, 3, 0, 2, 1, 3], dtype=object)]
[462, array([-90., -45., -45.,   0.]), array([0, 3, 0, 2, 2, 0, 3, 0, 2, 2, 0, 2, 1, 3, 0, 0, 2, 3, 0, 0, 0, 1,
       1, 2, 0, 1, 3, 1, 0, 2, 3, 2, 1, 2, 3, 3, 0, 2, 1, 3], dtype=object)]
[465, array([-90., -45., -45.,   0.]), array([0, 3, 0, 2, 2, 0, 3, 0, 2, 2, 3, 2, 1, 3, 0, 0, 2, 3, 0, 0, 0, 3,
       1, 2, 0, 1, 3, 1, 0, 0, 3, 2, 1, 2, 3, 3, 0, 2, 1, 3], dtype=object)]
[469, array([-90., -45., -45.,   0.]), array([0, 3, 0, 2, 2, 0, 3, 0, 2, 2, 0, 2, 1, 3, 0, 3, 2, 3, 0, 0, 0, 3,
       1, 2, 0, 1, 3, 1, 0, 0, 3, 2, 2, 2, 3, 3, 0, 2, 1, 3], dtype=object)]
[488, array([-90., -45., -45.,   0.]), array([0, 3, 0, 2, 2, 0, 3, 0, 2, 2, 3, 2, 2, 3, 0, 3, 2, 3, 0, 0, 0, 1,
       1, 2, 0, 1, 3, 1, 0, 2, 3, 2, 1, 2, 3, 3, 0, 2, 1, 3], dtype=object)]
[463, array([-90., -45., -45.,   0.]), array([0, 3, 0, 2, 2, 0, 3, 0, 2, 2, 0, 2, 1, 3, 0, 2, 2, 3, 0, 0, 0, 3,
       1, 2, 0, 1, 3, 1, 0, 0, 3, 2, 2, 2, 3, 3, 0, 2, 1, 3], dtype=object)]
[466, array([-90., -45., -45.,   0.]), array([0, 3, 0, 2, 2, 0, 3, 0, 2, 2, 0, 2, 1, 3, 0, 2, 2, 3, 0, 0, 0, 3,
       1, 2, 0, 1, 3, 1, 0, 0, 3, 2, 1, 2, 3, 3, 0, 2, 1, 3], dtype=object)]
[470, array([-90., -45., -45.,   0.]), array([0, 3, 0, 2, 2, 0, 3, 0, 2, 2, 0, 2, 1, 3, 0, 3, 2, 3, 0, 0, 0, 3,
       1, 2, 0, 1, 3, 1, 0, 0, 3, 2, 2, 2, 3, 3, 0, 2, 1, 3], dtype=object)]
[489, array([-90., -45., -45.,   0.]), array([0, 3, 0, 2, 2, 0, 3, 0, 2, 2, 3, 2, 1, 3, 0, 3, 2, 3, 0, 0, 0, 1,
       1, 2, 0, 1, 3, 1, 0, 2, 3, 2, 1, 2, 3, 3, 0, 2, 1, 3], dtype=object)]
[464, array([-90., -45., -45.,   0.]), array([0, 3, 0, 2, 2, 0, 3, 0, 2, 2, 0, 2, 1, 3, 0, 2, 2, 3, 0, 0, 0, 3,
       1, 2, 0, 1, 3, 1, 0, 0, 3, 2, 1, 2, 3, 3, 0, 2, 1, 3], dtype=object)]
[467, array([-90., -45., -45.,   0.]), array([0, 3, 0, 2, 2, 0, 3, 0, 2, 2, 0, 2, 1, 3, 0, 0, 2, 3, 0, 0, 0, 3,
       1, 2, 0, 1, 3, 1, 0, 0, 3, 2, 2, 2, 3, 3, 0, 2, 1, 3], dtype=object)]
[471, array([-90., -45., -45.,   0.]), array([0, 3, 0, 2, 2, 0, 3, 0, 2, 2, 0, 2, 1, 3, 0, 0, 2, 3, 0, 0, 0, 3,
       1, 2, 0, 1, 3, 1, 0, 0, 3, 2, 1, 2, 3, 3, 0, 2, 1, 3], dtype=object)]
[490, array([-90., -45., -45.,   0.]), array([0, 3, 0, 2, 2, 0, 3, 0, 2, 2, 0, 2, 2, 3, 0, 3, 2, 3, 0, 0, 0, 1,
       1, 2, 0, 1, 3, 1, 0, 2, 3, 2, 1, 2, 3, 3, 0, 2, 1, 3], dtype=object)]
[465, array([-90., -45., -45.,   0.]), array([0, 3, 0, 2, 2, 0, 3, 0, 2, 2, 3, 2, 1, 3, 0, 0, 2, 3, 0, 0, 0, 3,
       1, 2, 0, 1, 3, 1, 0, 0, 3, 2, 1, 2, 3, 3, 0, 2, 1, 3], dtype=object)]
[468, array([-90., -45., -45.,   0.]), array([0, 3, 0, 2, 2, 0, 3, 0, 2, 2, 3, 2, 1, 3, 0, 3, 2, 3, 0, 0, 0, 3,
       1, 2, 0, 1, 3, 1, 0, 0, 3, 2, 3, 2, 3, 3, 0, 2, 1, 3], dtype=object)]
[472, array([-90., -45., -45.,   0.]), array([0, 3, 0, 2, 2, 0, 3, 0, 2, 2, 3, 2, 3, 3, 0, 0, 2, 3, 0, 0, 0, 3,
       1, 2, 0, 1, 3, 1, 0, 0, 3, 2, 2, 2, 3, 3, 0, 2, 1, 3], dtype=object)]
[491, array([-90., -45., -45.,   0.]), array([0, 3, 0, 2, 2, 0, 3, 0, 2, 2, 0, 2, 2, 3, 0, 3, 2, 3, 0, 0, 0, 3,
       1, 2, 0, 1, 3, 1, 0, 0, 3, 2, 1, 2, 3, 3, 0, 2, 1, 3], dtype=object)]
[466, array([-90., -45., -45.,   0.]), array([0, 3, 0, 2, 2, 0, 3, 0, 2, 2, 0, 2, 1, 3, 0, 2, 2, 3, 0, 0, 0, 3,
       1, 2, 0, 1, 3, 1, 0, 0, 3, 2, 1, 2, 3, 3, 0, 2, 1, 3], dtype=object)]
[469, array([-90., -45., -45.,   0.]), array([0, 3, 0, 2, 2, 0, 3, 0, 2, 2, 0, 2, 1, 3, 0, 3, 2, 3, 0, 0, 0, 3,
       1, 2, 0, 1, 3, 1, 0, 0, 3, 2, 2, 2, 3, 3, 0, 2, 1, 3], dtype=object)]
[492, array([-90., -45., -45.,   0.]), array([0, 3, 0, 2, 2, 0, 3, 0, 2, 2, 0, 2, 1, 3, 0, 2, 2, 3, 0, 0, 0, 3,
       1, 2, 0, 1, 3, 1, 0, 0, 3, 2, 2, 2, 3, 3, 0, 2, 1, 3], dtype=object)]
[473, array([-90., -45., -45.,   0.]), array([0, 3, 0, 2, 2, 0, 3, 0, 2, 2, 0, 2, 1, 3, 0, 2, 2, 3, 0, 0, 0, 3,
       1, 2, 0, 1, 3, 1, 0, 0, 3, 2, 1, 2, 3, 3, 0, 2, 1, 3], dtype=object)]
[467, array([-90., -45., -45.,   0.]), array([0, 3, 0, 2, 2, 0, 3, 0, 2, 2, 0, 2, 1, 3, 0, 0, 2, 3, 0, 0, 0, 3,
       1, 2, 0, 1, 3, 1, 0, 0, 3, 2, 2, 2, 3, 3, 0, 2, 1, 3], dtype=object)]
[470, array([-90., -45., -45.,   0.]), array([0, 3, 0, 2, 2, 0, 3, 0, 2, 2, 0, 2, 1, 3, 0, 3, 2, 3, 0, 0, 0, 3,
       1, 2, 0, 1, 3, 1, 0, 0, 3, 2, 2, 2, 3, 3, 0, 2, 1, 3], dtype=object)]
[493, array([-90., -45., -45.,   0.]), array([0, 3, 0, 2, 2, 0, 3, 0, 2, 2, 2, 2, 2, 3, 0, 3, 2, 3, 0, 0, 0, 3,
       1, 2, 0, 1, 3, 1, 0, 0, 3, 2, 1, 2, 3, 3, 0, 2, 1, 3], dtype=object)]
[474, array([-90., -45., -45.,   0.]), array([0, 3, 0, 2, 2, 0, 3, 0, 2, 2, 0, 2, 3, 3, 0, 0, 2, 3, 0, 0, 0, 3,
       1, 2, 0, 1, 3, 1, 0, 0, 3, 2, 1, 2, 3, 3, 0, 2, 1, 3], dtype=object)]
[468, array([-90., -45., -45.,   0.]), array([0, 3, 0, 2, 2, 0, 3, 0, 2, 2, 3, 2, 1, 3, 0, 3, 2, 3, 0, 0, 0, 3,
       1, 2, 0, 1, 3, 1, 0, 0, 3, 2, 3, 2, 3, 3, 0, 2, 1, 3], dtype=object)]
[471, array([-90., -45., -45.,   0.]), array([0, 3, 0, 2, 2, 0, 3, 0, 2, 2, 0, 2, 1, 3, 0, 0, 2, 3, 0, 0, 0, 3,
       1, 2, 0, 1, 3, 1, 0, 0, 3, 2, 1, 2, 3, 3, 0, 2, 1, 3], dtype=object)]
[494, array([-90., -45., -45.,   0.]), array([0, 3, 0, 2, 2, 0, 3, 0, 2, 2, 0, 2, 2, 3, 0, 3, 2, 3, 0, 0, 0, 3,
       1, 2, 0, 1, 3, 1, 0, 0, 3, 2, 2, 2, 3, 3, 0, 2, 1, 3], dtype=object)]
[475, array([-90., -45., -45.,   0.]), array([0, 3, 0, 2, 2, 0, 3, 0, 2, 2, 0, 2, 3, 3, 0, 0, 2, 3, 0, 0, 0, 3,
       1, 2, 0, 1, 3, 1, 0, 0, 3, 2, 1, 2, 3, 3, 0, 2, 1, 3], dtype=object)]
[469, array([-90., -45., -45.,   0.]), array([0, 3, 0, 2, 2, 0, 3, 0, 2, 2, 0, 2, 1, 3, 0, 3, 2, 3, 0, 0, 0, 3,
       1, 2, 0, 1, 3, 1, 0, 0, 3, 2, 2, 2, 3, 3, 0, 2, 1, 3], dtype=object)]
[472, array([-90., -45., -45.,   0.]), array([0, 3, 0, 2, 2, 0, 3, 0, 2, 2, 3, 2, 3, 3, 0, 0, 2, 3, 0, 0, 0, 3,
       1, 2, 0, 1, 3, 1, 0, 0, 3, 2, 2, 2, 3, 3, 0, 2, 1, 3], dtype=object)]
[495, array([-90., -45., -45.,   0.]), array([0, 3, 0, 2, 2, 0, 3, 0, 2, 2, 0, 2, 1, 3, 0, 2, 2, 3, 0, 0, 0, 3,
       1, 2, 0, 1, 3, 1, 0, 0, 3, 2, 1, 2, 3, 3, 0, 2, 1, 3], dtype=object)]
[476, array([-90., -45., -45.,   0.]), array([0, 3, 0, 2, 2, 0, 3, 0, 2, 2, 0, 2, 1, 3, 0, 0, 2, 3, 0, 0, 0, 3,
       1, 2, 0, 1, 3, 1, 0, 0, 3, 2, 2, 2, 3, 3, 0, 2, 1, 3], dtype=object)]
[470, array([-90., -45., -45.,   0.]), array([0, 3, 0, 2, 2, 0, 3, 0, 2, 2, 0, 2, 1, 3, 0, 3, 2, 3, 0, 0, 0, 3,
       1, 2, 0, 1, 3, 1, 0, 0, 3, 2, 2, 2, 3, 3, 0, 2, 1, 3], dtype=object)]
[473, array([-90., -45., -45.,   0.]), array([0, 3, 0, 2, 2, 0, 3, 0, 2, 2, 0, 2, 1, 3, 0, 2, 2, 3, 0, 0, 0, 3,
       1, 2, 0, 1, 3, 1, 0, 0, 3, 2, 1, 2, 3, 3, 0, 2, 1, 3], dtype=object)]
[496, array([-90., -45., -45.,   0.]), array([0, 3, 0, 2, 2, 0, 3, 0, 2, 2, 0, 2, 3, 3, 0, 2, 2, 3, 0, 0, 0, 3,
       1, 2, 0, 1, 3, 1, 0, 0, 3, 2, 1, 2, 3, 3, 0, 2, 1, 3], dtype=object)]
[477, array([-90., -45., -45.,   0.]), array([0, 3, 0, 2, 2, 0, 3, 0, 2, 2, 3, 2, 1, 3, 0, 0, 2, 3, 0, 0, 0, 3,
       1, 2, 0, 1, 3, 1, 0, 0, 3, 2, 1, 2, 3, 3, 0, 2, 1, 3], dtype=object)]
[471, array([-90., -45., -45.,   0.]), array([0, 3, 0, 2, 2, 0, 3, 0, 2, 2, 0, 2, 1, 3, 0, 0, 2, 3, 0, 0, 0, 3,
       1, 2, 0, 1, 3, 1, 0, 0, 3, 2, 1, 2, 3, 3, 0, 2, 1, 3], dtype=object)]
[474, array([-90., -45., -45.,   0.]), array([0, 3, 0, 2, 2, 0, 3, 0, 2, 2, 0, 2, 3, 3, 0, 0, 2, 3, 0, 0, 0, 3,
       1, 2, 0, 1, 3, 1, 0, 0, 3, 2, 1, 2, 3, 3, 0, 2, 1, 3], dtype=object)]
[497, array([-90., -45., -45.,   0.]), array([0, 3, 0, 2, 2, 0, 3, 0, 2, 2, 0, 2, 1, 3, 0, 2, 2, 3, 0, 0, 0, 3,
       1, 2, 0, 1, 3, 1, 0, 0, 3, 2, 1, 2, 3, 3, 0, 2, 1, 3], dtype=object)]
[478, array([-90., -45., -45.,   0.]), array([0, 3, 0, 2, 2, 0, 3, 0, 2, 2, 0, 2, 1, 3, 0, 2, 2, 3, 0, 0, 0, 3,
       1, 2, 0, 1, 3, 1, 0, 0, 3, 2, 2, 2, 3, 3, 0, 2, 1, 3], dtype=object)]
[472, array([-90., -45., -45.,   0.]), array([0, 3, 0, 2, 2, 0, 3, 0, 2, 2, 3, 2, 3, 3, 0, 0, 2, 3, 0, 0, 0, 3,
       1, 2, 0, 1, 3, 1, 0, 0, 3, 2, 2, 2, 3, 3, 0, 2, 1, 3], dtype=object)]
[475, array([-90., -45., -45.,   0.]), array([0, 3, 0, 2, 2, 0, 3, 0, 2, 2, 0, 2, 3, 3, 0, 0, 2, 3, 0, 0, 0, 3,
       1, 2, 0, 1, 3, 1, 0, 0, 3, 2, 1, 2, 3, 3, 0, 2, 1, 3], dtype=object)]
[498, array([-90., -45., -45.,   0.]), array([0, 3, 0, 2, 2, 0, 3, 0, 2, 2, 0, 2, 1, 3, 0, 1, 2, 3, 0, 0, 0, 3,
       1, 2, 0, 1, 3, 1, 0, 0, 3, 2, 1, 2, 3, 3, 0, 2, 1, 3], dtype=object)]
[479, array([-90., -45., -45.,   0.]), array([0, 3, 0, 2, 2, 0, 3, 0, 2, 2, 3, 2, 1, 3, 0, 3, 2, 3, 0, 0, 0, 3,
       1, 2, 0, 1, 3, 1, 0, 0, 3, 2, 1, 2, 3, 3, 0, 2, 1, 3], dtype=object)]
[476, array([-90., -45., -45.,   0.]), array([0, 3, 0, 2, 2, 0, 3, 0, 2, 2, 0, 2, 1, 3, 0, 0, 2, 3, 0, 0, 0, 3,
       1, 2, 0, 1, 3, 1, 0, 0, 3, 2, 2, 2, 3, 3, 0, 2, 1, 3], dtype=object)]
[473, array([-90., -45., -45.,   0.]), array([0, 3, 0, 2, 2, 0, 3, 0, 2, 2, 0, 2, 1, 3, 0, 2, 2, 3, 0, 0, 0, 3,
       1, 2, 0, 1, 3, 1, 0, 0, 3, 2, 1, 2, 3, 3, 0, 2, 1, 3], dtype=object)]
[499, array([-90., -45., -45.,   0.]), array([0, 3, 0, 2, 2, 0, 3, 0, 2, 2, 0, 2, 1, 3, 0, 2, 2, 3, 0, 0, 0, 3,
       1, 2, 0, 1, 3, 1, 0, 0, 3, 2, 2, 2, 3, 3, 0, 2, 1, 3], dtype=object)]
[480, array([-90., -45., -45.,   0.]), array([0, 3, 0, 2, 2, 0, 3, 0, 2, 2, 2, 2, 1, 3, 0, 3, 2, 3, 0, 0, 0, 3,
       1, 2, 0, 1, 3, 1, 0, 0, 3, 2, 1, 2, 3, 3, 0, 2, 1, 3], dtype=object)]
[474, array([-90., -45., -45.,   0.]), array([0, 3, 0, 2, 2, 0, 3, 0, 2, 2, 0, 2, 3, 3, 0, 0, 2, 3, 0, 0, 0, 3,
       1, 2, 0, 1, 3, 1, 0, 0, 3, 2, 1, 2, 3, 3, 0, 2, 1, 3], dtype=object)]
[477, array([-90., -45., -45.,   0.]), array([0, 3, 0, 2, 2, 0, 3, 0, 2, 2, 3, 2, 1, 3, 0, 0, 2, 3, 0, 0, 0, 3,
       1, 2, 0, 1, 3, 1, 0, 0, 3, 2, 1, 2, 3, 3, 0, 2, 1, 3], dtype=object)]
[500, array([-90., -45., -45.,   0.]), array([0, 3, 0, 2, 2, 0, 3, 0, 2, 2, 0, 2, 2, 3, 0, 0, 2, 3, 0, 0, 0, 3,
       1, 2, 0, 1, 3, 1, 0, 0, 3, 2, 1, 2, 3, 3, 0, 2, 1, 3], dtype=object)]
[481, array([-90., -45., -45.,   0.]), array([0, 3, 0, 2, 2, 0, 3, 0, 2, 2, 0, 2, 1, 3, 0, 3, 2, 3, 0, 0, 0, 3,
       1, 2, 0, 1, 3, 1, 0, 0, 3, 2, 1, 2, 3, 3, 0, 2, 1, 3], dtype=object)]
[478, array([-90., -45., -45.,   0.]), array([0, 3, 0, 2, 2, 0, 3, 0, 2, 2, 0, 2, 1, 3, 0, 2, 2, 3, 0, 0, 0, 3,
       1, 2, 0, 1, 3, 1, 0, 0, 3, 2, 2, 2, 3, 3, 0, 2, 1, 3], dtype=object)]
[475, array([-90., -45., -45.,   0.]), array([0, 3, 0, 2, 2, 0, 3, 0, 2, 2, 0, 2, 3, 3, 0, 0, 2, 3, 0, 0, 0, 3,
       1, 2, 0, 1, 3, 1, 0, 0, 3, 2, 1, 2, 3, 3, 0, 2, 1, 3], dtype=object)]
[501, array([-90., -45., -45.,   0.]), array([0, 3, 0, 2, 2, 0, 3, 0, 2, 2, 0, 2, 1, 3, 0, 2, 2, 3, 0, 0, 0, 3,
       1, 2, 0, 1, 3, 1, 0, 0, 3, 2, 2, 2, 3, 3, 0, 2, 1, 3], dtype=object)]
[482, array([-90., -45., -45.,   0.]), array([0, 3, 0, 2, 2, 0, 3, 0, 2, 2, 0, 2, 1, 3, 0, 0, 2, 3, 0, 0, 0, 3,
       1, 2, 0, 1, 3, 1, 0, 0, 3, 2, 2, 2, 3, 3, 0, 2, 1, 3], dtype=object)]
[502, array([-90., -45., -45.,   0.]), array([0, 3, 0, 2, 2, 0, 3, 0, 2, 2, 3, 2, 2, 3, 0, 0, 2, 3, 0, 0, 0, 3,
       1, 2, 0, 1, 3, 1, 0, 0, 3, 2, 2, 2, 3, 3, 0, 2, 1, 3], dtype=object)]
[479, array([-90., -45., -45.,   0.]), array([0, 3, 0, 2, 2, 0, 3, 0, 2, 2, 3, 2, 1, 3, 0, 3, 2, 3, 0, 0, 0, 3,
       1, 2, 0, 1, 3, 1, 0, 0, 3, 2, 1, 2, 3, 3, 0, 2, 1, 3], dtype=object)]
[476, array([-90., -45., -45.,   0.]), array([0, 3, 0, 2, 2, 0, 3, 0, 2, 2, 0, 2, 1, 3, 0, 0, 2, 3, 0, 0, 0, 3,
       1, 2, 0, 1, 3, 1, 0, 0, 3, 2, 2, 2, 3, 3, 0, 2, 1, 3], dtype=object)]
[503, array([-90., -45., -45.,   0.]), array([0, 3, 0, 2, 2, 0, 3, 0, 2, 2, 0, 2, 1, 3, 0, 2, 2, 3, 0, 0, 0, 3,
       1, 2, 0, 1, 3, 1, 0, 0, 3, 2, 1, 2, 3, 3, 0, 2, 1, 3], dtype=object)]
[483, array([-90., -45., -45.,   0.]), array([0, 3, 0, 2, 2, 0, 3, 0, 2, 2, 0, 2, 1, 3, 0, 0, 2, 3, 0, 0, 0, 3,
       1, 2, 0, 1, 3, 1, 0, 0, 3, 2, 1, 2, 3, 3, 0, 2, 1, 3], dtype=object)]
[480, array([-90., -45., -45.,   0.]), array([0, 3, 0, 2, 2, 0, 3, 0, 2, 2, 2, 2, 1, 3, 0, 3, 2, 3, 0, 0, 0, 3,
       1, 2, 0, 1, 3, 1, 0, 0, 3, 2, 1, 2, 3, 3, 0, 2, 1, 3], dtype=object)]
[477, array([-90., -45., -45.,   0.]), array([0, 3, 0, 2, 2, 0, 3, 0, 2, 2, 3, 2, 1, 3, 0, 0, 2, 3, 0, 0, 0, 3,
       1, 2, 0, 1, 3, 1, 0, 0, 3, 2, 1, 2, 3, 3, 0, 2, 1, 3], dtype=object)]
[504, array([-90., -45., -45.,   0.]), array([0, 3, 0, 2, 2, 0, 3, 0, 2, 2, 0, 2, 2, 3, 0, 0, 2, 3, 0, 0, 0, 3,
       1, 2, 0, 1, 3, 1, 0, 0, 3, 2, 1, 2, 3, 3, 0, 2, 1, 3], dtype=object)]
[484, array([-90., -45., -45.,   0.]), array([0, 3, 0, 2, 2, 0, 3, 0, 2, 2, 2, 2, 1, 3, 0, 0, 2, 3, 0, 0, 0, 3,
       1, 2, 0, 1, 3, 1, 0, 0, 3, 2, 2, 2, 3, 3, 0, 2, 1, 3], dtype=object)]
[481, array([-90., -45., -45.,   0.]), array([0, 3, 0, 2, 2, 0, 3, 0, 2, 2, 0, 2, 1, 3, 0, 3, 2, 3, 0, 0, 0, 3,
       1, 2, 0, 1, 3, 1, 0, 0, 3, 2, 1, 2, 3, 3, 0, 2, 1, 3], dtype=object)]
[478, array([-90., -45., -45.,   0.]), array([0, 3, 0, 2, 2, 0, 3, 0, 2, 2, 0, 2, 1, 3, 0, 2, 2, 3, 0, 0, 0, 3,
       1, 2, 0, 1, 3, 1, 0, 0, 3, 2, 2, 2, 3, 3, 0, 2, 1, 3], dtype=object)]
[505, array([-90., -45., -45.,   0.]), array([0, 3, 0, 2, 2, 0, 3, 0, 2, 2, 0, 2, 1, 3, 0, 2, 2, 3, 0, 0, 0, 3,
       1, 2, 0, 1, 3, 1, 0, 0, 3, 2, 2, 2, 3, 3, 0, 2, 1, 3], dtype=object)]
[485, array([-90., -45., -45.,   0.]), array([0, 3, 0, 2, 2, 0, 3, 0, 2, 2, 0, 2, 1, 3, 0, 2, 2, 3, 0, 0, 0, 1,
       1, 2, 0, 1, 3, 1, 0, 2, 3, 2, 1, 2, 3, 3, 0, 2, 1, 3], dtype=object)]
[482, array([-90., -45., -45.,   0.]), array([0, 3, 0, 2, 2, 0, 3, 0, 2, 2, 0, 2, 1, 3, 0, 0, 2, 3, 0, 0, 0, 3,
       1, 2, 0, 1, 3, 1, 0, 0, 3, 2, 2, 2, 3, 3, 0, 2, 1, 3], dtype=object)]
[479, array([-90., -45., -45.,   0.]), array([0, 3, 0, 2, 2, 0, 3, 0, 2, 2, 3, 2, 1, 3, 0, 3, 2, 3, 0, 0, 0, 3,
       1, 2, 0, 1, 3, 1, 0, 0, 3, 2, 1, 2, 3, 3, 0, 2, 1, 3], dtype=object)]
[506, array([-90., -45., -45.,   0.]), array([0, 3, 0, 2, 2, 0, 0, 1, 2, 2, 0, 2, 2, 3, 0, 2, 2, 3, 0, 0, 0, 3,
       1, 2, 0, 1, 3, 1, 0, 0, 3, 2, 1, 2, 3, 3, 0, 2, 1, 3], dtype=object)]
[486, array([-90., -45., -45.,   0.]), array([0, 3, 0, 2, 2, 0, 3, 0, 2, 2, 0, 2, 1, 3, 0, 2, 2, 3, 0, 0, 0, 3,
       1, 2, 0, 1, 3, 1, 0, 0, 3, 2, 2, 2, 3, 3, 0, 2, 1, 3], dtype=object)]
[483, array([-90., -45., -45.,   0.]), array([0, 3, 0, 2, 2, 0, 3, 0, 2, 2, 0, 2, 1, 3, 0, 0, 2, 3, 0, 0, 0, 3,
       1, 2, 0, 1, 3, 1, 0, 0, 3, 2, 1, 2, 3, 3, 0, 2, 1, 3], dtype=object)]
[480, array([-90., -45., -45.,   0.]), array([0, 3, 0, 2, 2, 0, 3, 0, 2, 2, 2, 2, 1, 3, 0, 3, 2, 3, 0, 0, 0, 3,
       1, 2, 0, 1, 3, 1, 0, 0, 3, 2, 1, 2, 3, 3, 0, 2, 1, 3], dtype=object)]
[507, array([-90., -45., -45.,   0.]), array([0, 3, 0, 2, 2, 0, 3, 0, 2, 2, 0, 2, 1, 3, 0, 2, 2, 3, 0, 0, 0, 3,
       1, 2, 0, 1, 3, 1, 0, 0, 3, 2, 1, 2, 3, 3, 0, 2, 1, 3], dtype=object)]
[484, array([-90., -45., -45.,   0.]), array([0, 3, 0, 2, 2, 0, 3, 0, 2, 2, 2, 2, 1, 3, 0, 0, 2, 3, 0, 0, 0, 3,
       1, 2, 0, 1, 3, 1, 0, 0, 3, 2, 2, 2, 3, 3, 0, 2, 1, 3], dtype=object)]
[487, array([-90., -45., -45.,   0.]), array([0, 3, 0, 2, 2, 0, 3, 0, 2, 2, 3, 2, 2, 3, 0, 3, 2, 3, 0, 0, 0, 1,
       1, 2, 0, 1, 3, 1, 0, 2, 3, 2, 1, 2, 3, 3, 0, 2, 1, 3], dtype=object)]
[481, array([-90., -45., -45.,   0.]), array([0, 3, 0, 2, 2, 0, 3, 0, 2, 2, 0, 2, 1, 3, 0, 3, 2, 3, 0, 0, 0, 3,
       1, 2, 0, 1, 3, 1, 0, 0, 3, 2, 1, 2, 3, 3, 0, 2, 1, 3], dtype=object)]
[508, array([-90., -45., -45.,   0.]), array([0, 3, 0, 2, 2, 0, 3, 0, 2, 2, 0, 2, 1, 3, 0, 2, 2, 3, 0, 0, 0, 3,
       1, 2, 0, 1, 3, 1, 0, 0, 3, 2, 0, 2, 3, 3, 0, 2, 1, 3], dtype=object)]
[485, array([-90., -45., -45.,   0.]), array([0, 3, 0, 2, 2, 0, 3, 0, 2, 2, 0, 2, 1, 3, 0, 2, 2, 3, 0, 0, 0, 1,
       1, 2, 0, 1, 3, 1, 0, 2, 3, 2, 1, 2, 3, 3, 0, 2, 1, 3], dtype=object)]
[488, array([-90., -45., -45.,   0.]), array([0, 3, 0, 2, 2, 0, 3, 0, 2, 2, 3, 2, 2, 3, 0, 3, 2, 3, 0, 0, 0, 1,
       1, 2, 0, 1, 3, 1, 0, 2, 3, 2, 1, 2, 3, 3, 0, 2, 1, 3], dtype=object)]
[482, array([-90., -45., -45.,   0.]), array([0, 3, 0, 2, 2, 0, 3, 0, 2, 2, 0, 2, 1, 3, 0, 0, 2, 3, 0, 0, 0, 3,
       1, 2, 0, 1, 3, 1, 0, 0, 3, 2, 2, 2, 3, 3, 0, 2, 1, 3], dtype=object)]
[509, array([-90., -45., -45.,   0.]), array([0, 3, 0, 2, 2, 0, 3, 0, 2, 2, 3, 2, 1, 3, 0, 2, 2, 3, 0, 0, 0, 3,
       1, 2, 0, 1, 3, 1, 0, 0, 3, 2, 1, 2, 3, 3, 0, 2, 1, 3], dtype=object)]
[486, array([-90., -45., -45.,   0.]), array([0, 3, 0, 2, 2, 0, 3, 0, 2, 2, 0, 2, 1, 3, 0, 2, 2, 3, 0, 0, 0, 3,
       1, 2, 0, 1, 3, 1, 0, 0, 3, 2, 2, 2, 3, 3, 0, 2, 1, 3], dtype=object)]
[489, array([-90., -45., -45.,   0.]), array([0, 3, 0, 2, 2, 0, 3, 0, 2, 2, 3, 2, 1, 3, 0, 3, 2, 3, 0, 0, 0, 1,
       1, 2, 0, 1, 3, 1, 0, 2, 3, 2, 1, 2, 3, 3, 0, 2, 1, 3], dtype=object)]
[483, array([-90., -45., -45.,   0.]), array([0, 3, 0, 2, 2, 0, 3, 0, 2, 2, 0, 2, 1, 3, 0, 0, 2, 3, 0, 0, 0, 3,
       1, 2, 0, 1, 3, 1, 0, 0, 3, 2, 1, 2, 3, 3, 0, 2, 1, 3], dtype=object)]
[510, array([-90., -45., -45.,   0.]), array([0, 3, 0, 2, 2, 0, 3, 0, 2, 2, 1, 2, 2, 3, 0, 0, 2, 3, 0, 0, 0, 3,
       1, 2, 0, 1, 3, 1, 0, 0, 3, 2, 3, 2, 3, 3, 0, 2, 1, 3], dtype=object)]
[487, array([-90., -45., -45.,   0.]), array([0, 3, 0, 2, 2, 0, 3, 0, 2, 2, 3, 2, 2, 3, 0, 3, 2, 3, 0, 0, 0, 1,
       1, 2, 0, 1, 3, 1, 0, 2, 3, 2, 1, 2, 3, 3, 0, 2, 1, 3], dtype=object)]
[490, array([-90., -45., -45.,   0.]), array([0, 3, 0, 2, 2, 0, 3, 0, 2, 2, 0, 2, 2, 3, 0, 3, 2, 3, 0, 0, 0, 1,
       1, 2, 0, 1, 3, 1, 0, 2, 3, 2, 1, 2, 3, 3, 0, 2, 1, 3], dtype=object)]
[484, array([-90., -45., -45.,   0.]), array([0, 3, 0, 2, 2, 0, 3, 0, 2, 2, 2, 2, 1, 3, 0, 0, 2, 3, 0, 0, 0, 3,
       1, 2, 0, 1, 3, 1, 0, 0, 3, 2, 2, 2, 3, 3, 0, 2, 1, 3], dtype=object)]
[511, array([-90., -45., -45.,   0.]), array([0, 3, 0, 2, 2, 0, 3, 0, 2, 2, 0, 2, 1, 3, 0, 2, 2, 3, 0, 0, 0, 3,
       1, 2, 0, 1, 3, 1, 0, 0, 3, 2, 1, 2, 3, 3, 0, 2, 1, 3], dtype=object)]
[488, array([-90., -45., -45.,   0.]), array([0, 3, 0, 2, 2, 0, 3, 0, 2, 2, 3, 2, 2, 3, 0, 3, 2, 3, 0, 0, 0, 1,
       1, 2, 0, 1, 3, 1, 0, 2, 3, 2, 1, 2, 3, 3, 0, 2, 1, 3], dtype=object)]
[491, array([-90., -45., -45.,   0.]), array([0, 3, 0, 2, 2, 0, 3, 0, 2, 2, 0, 2, 2, 3, 0, 3, 2, 3, 0, 0, 0, 3,
       1, 2, 0, 1, 3, 1, 0, 0, 3, 2, 1, 2, 3, 3, 0, 2, 1, 3], dtype=object)]
[485, array([-90., -45., -45.,   0.]), array([0, 3, 0, 2, 2, 0, 3, 0, 2, 2, 0, 2, 1, 3, 0, 2, 2, 3, 0, 0, 0, 1,
       1, 2, 0, 1, 3, 1, 0, 2, 3, 2, 1, 2, 3, 3, 0, 2, 1, 3], dtype=object)]
[512, array([-90., -45., -45.,   0.]), array([0, 3, 0, 2, 2, 0, 3, 0, 2, 2, 0, 2, 1, 3, 0, 3, 2, 3, 0, 0, 0, 3,
       1, 2, 0, 1, 3, 1, 0, 0, 3, 2, 0, 2, 3, 3, 0, 2, 1, 3], dtype=object)]
[489, array([-90., -45., -45.,   0.]), array([0, 3, 0, 2, 2, 0, 3, 0, 2, 2, 3, 2, 1, 3, 0, 3, 2, 3, 0, 0, 0, 1,
       1, 2, 0, 1, 3, 1, 0, 2, 3, 2, 1, 2, 3, 3, 0, 2, 1, 3], dtype=object)]
[492, array([-90., -45., -45.,   0.]), array([0, 3, 0, 2, 2, 0, 3, 0, 2, 2, 0, 2, 1, 3, 0, 2, 2, 3, 0, 0, 0, 3,
       1, 2, 0, 1, 3, 1, 0, 0, 3, 2, 2, 2, 3, 3, 0, 2, 1, 3], dtype=object)]
[513, array([-90., -45., -45.,   0.]), array([0, 3, 0, 2, 2, 0, 3, 0, 2, 2, 2, 2, 1, 3, 0, 3, 2, 3, 0, 0, 0, 3,
       1, 2, 0, 1, 3, 1, 0, 0, 3, 2, 1, 2, 3, 3, 0, 2, 1, 3], dtype=object)]
[486, array([-90., -45., -45.,   0.]), array([0, 3, 0, 2, 2, 0, 3, 0, 2, 2, 0, 2, 1, 3, 0, 2, 2, 3, 0, 0, 0, 3,
       1, 2, 0, 1, 3, 1, 0, 0, 3, 2, 2, 2, 3, 3, 0, 2, 1, 3], dtype=object)]
[490, array([-90., -45., -45.,   0.]), array([0, 3, 0, 2, 2, 0, 3, 0, 2, 2, 0, 2, 2, 3, 0, 3, 2, 3, 0, 0, 0, 1,
       1, 2, 0, 1, 3, 1, 0, 2, 3, 2, 1, 2, 3, 3, 0, 2, 1, 3], dtype=object)]
[493, array([-90., -45., -45.,   0.]), array([0, 3, 0, 2, 2, 0, 3, 0, 2, 2, 2, 2, 2, 3, 0, 3, 2, 3, 0, 0, 0, 3,
       1, 2, 0, 1, 3, 1, 0, 0, 3, 2, 1, 2, 3, 3, 0, 2, 1, 3], dtype=object)]
[514, array([-90., -45., -45.,   0.]), array([0, 3, 0, 2, 2, 0, 3, 0, 2, 2, 2, 2, 1, 3, 0, 3, 2, 3, 0, 0, 0, 3,
       1, 2, 0, 1, 3, 1, 0, 0, 3, 2, 1, 2, 3, 3, 0, 2, 1, 3], dtype=object)]
[487, array([-90., -45., -45.,   0.]), array([0, 3, 0, 2, 2, 0, 3, 0, 2, 2, 3, 2, 2, 3, 0, 3, 2, 3, 0, 0, 0, 1,
       1, 2, 0, 1, 3, 1, 0, 2, 3, 2, 1, 2, 3, 3, 0, 2, 1, 3], dtype=object)]
[491, array([-90., -45., -45.,   0.]), array([0, 3, 0, 2, 2, 0, 3, 0, 2, 2, 0, 2, 2, 3, 0, 3, 2, 3, 0, 0, 0, 3,
       1, 2, 0, 1, 3, 1, 0, 0, 3, 2, 1, 2, 3, 3, 0, 2, 1, 3], dtype=object)]
[494, array([-90., -45., -45.,   0.]), array([0, 3, 0, 2, 2, 0, 3, 0, 2, 2, 0, 2, 2, 3, 0, 3, 2, 3, 0, 0, 0, 3,
       1, 2, 0, 1, 3, 1, 0, 0, 3, 2, 2, 2, 3, 3, 0, 2, 1, 3], dtype=object)]
[515, array([-90., -45., -45.,   0.]), array([0, 3, 0, 2, 2, 0, 3, 0, 2, 2, 0, 2, 1, 3, 0, 2, 2, 3, 0, 0, 0, 3,
       1, 2, 0, 1, 3, 1, 0, 0, 3, 2, 1, 2, 3, 3, 0, 2, 1, 3], dtype=object)]
[488, array([-90., -45., -45.,   0.]), array([0, 3, 0, 2, 2, 0, 3, 0, 2, 2, 3, 2, 2, 3, 0, 3, 2, 3, 0, 0, 0, 1,
       1, 2, 0, 1, 3, 1, 0, 2, 3, 2, 1, 2, 3, 3, 0, 2, 1, 3], dtype=object)]
[492, array([-90., -45., -45.,   0.]), array([0, 3, 0, 2, 2, 0, 3, 0, 2, 2, 0, 2, 1, 3, 0, 2, 2, 3, 0, 0, 0, 3,
       1, 2, 0, 1, 3, 1, 0, 0, 3, 2, 2, 2, 3, 3, 0, 2, 1, 3], dtype=object)]
[516, array([-90., -45., -45.,   0.]), array([0, 3, 0, 2, 2, 0, 3, 0, 2, 2, 3, 2, 1, 3, 0, 3, 2, 3, 0, 0, 0, 3,
       1, 2, 0, 1, 3, 1, 0, 0, 3, 2, 3, 2, 3, 3, 0, 2, 1, 3], dtype=object)]
[495, array([-90., -45., -45.,   0.]), array([0, 3, 0, 2, 2, 0, 3, 0, 2, 2, 0, 2, 1, 3, 0, 2, 2, 3, 0, 0, 0, 3,
       1, 2, 0, 1, 3, 1, 0, 0, 3, 2, 1, 2, 3, 3, 0, 2, 1, 3], dtype=object)]
[489, array([-90., -45., -45.,   0.]), array([0, 3, 0, 2, 2, 0, 3, 0, 2, 2, 3, 2, 1, 3, 0, 3, 2, 3, 0, 0, 0, 1,
       1, 2, 0, 1, 3, 1, 0, 2, 3, 2, 1, 2, 3, 3, 0, 2, 1, 3], dtype=object)]
[517, array([-90., -45., -45.,   0.]), array([0, 3, 0, 2, 2, 0, 3, 0, 2, 2, 0, 2, 1, 3, 0, 2, 2, 3, 0, 0, 0, 3,
       1, 2, 0, 1, 3, 1, 0, 0, 3, 2, 1, 2, 3, 3, 0, 2, 1, 3], dtype=object)]
[493, array([-90., -45., -45.,   0.]), array([0, 3, 0, 2, 2, 0, 3, 0, 2, 2, 2, 2, 2, 3, 0, 3, 2, 3, 0, 0, 0, 3,
       1, 2, 0, 1, 3, 1, 0, 0, 3, 2, 1, 2, 3, 3, 0, 2, 1, 3], dtype=object)]
[496, array([-90., -45., -45.,   0.]), array([0, 3, 0, 2, 2, 0, 3, 0, 2, 2, 0, 2, 3, 3, 0, 2, 2, 3, 0, 0, 0, 3,
       1, 2, 0, 1, 3, 1, 0, 0, 3, 2, 1, 2, 3, 3, 0, 2, 1, 3], dtype=object)]
[490, array([-90., -45., -45.,   0.]), array([0, 3, 0, 2, 2, 0, 3, 0, 2, 2, 0, 2, 2, 3, 0, 3, 2, 3, 0, 0, 0, 1,
       1, 2, 0, 1, 3, 1, 0, 2, 3, 2, 1, 2, 3, 3, 0, 2, 1, 3], dtype=object)]
[518, array([-90., -45., -45.,   0.]), array([0, 3, 0, 2, 2, 0, 3, 0, 2, 2, 2, 2, 1, 3, 0, 3, 2, 3, 0, 0, 0, 3,
       1, 2, 0, 1, 3, 1, 0, 0, 3, 2, 1, 2, 3, 3, 0, 2, 1, 3], dtype=object)]
[494, array([-90., -45., -45.,   0.]), array([0, 3, 0, 2, 2, 0, 3, 0, 2, 2, 0, 2, 2, 3, 0, 3, 2, 3, 0, 0, 0, 3,
       1, 2, 0, 1, 3, 1, 0, 0, 3, 2, 2, 2, 3, 3, 0, 2, 1, 3], dtype=object)]
[497, array([-90., -45., -45.,   0.]), array([0, 3, 0, 2, 2, 0, 3, 0, 2, 2, 0, 2, 1, 3, 0, 2, 2, 3, 0, 0, 0, 3,
       1, 2, 0, 1, 3, 1, 0, 0, 3, 2, 1, 2, 3, 3, 0, 2, 1, 3], dtype=object)]
[491, array([-90., -45., -45.,   0.]), array([0, 3, 0, 2, 2, 0, 3, 0, 2, 2, 0, 2, 2, 3, 0, 3, 2, 3, 0, 0, 0, 3,
       1, 2, 0, 1, 3, 1, 0, 0, 3, 2, 1, 2, 3, 3, 0, 2, 1, 3], dtype=object)]
[519, array([-90., -45., -45.,   0.]), array([0, 3, 0, 2, 2, 0, 3, 0, 2, 2, 0, 2, 1, 3, 0, 3, 2, 3, 0, 0, 0, 3,
       1, 2, 0, 1, 3, 1, 0, 0, 3, 2, 1, 2, 3, 3, 0, 2, 1, 3], dtype=object)]
[495, array([-90., -45., -45.,   0.]), array([0, 3, 0, 2, 2, 0, 3, 0, 2, 2, 0, 2, 1, 3, 0, 2, 2, 3, 0, 0, 0, 3,
       1, 2, 0, 1, 3, 1, 0, 0, 3, 2, 1, 2, 3, 3, 0, 2, 1, 3], dtype=object)]
[498, array([-90., -45., -45.,   0.]), array([0, 3, 0, 2, 2, 0, 3, 0, 2, 2, 0, 2, 1, 3, 0, 1, 2, 3, 0, 0, 0, 3,
       1, 2, 0, 1, 3, 1, 0, 0, 3, 2, 1, 2, 3, 3, 0, 2, 1, 3], dtype=object)]
[492, array([-90., -45., -45.,   0.]), array([0, 3, 0, 2, 2, 0, 3, 0, 2, 2, 0, 2, 1, 3, 0, 2, 2, 3, 0, 0, 0, 3,
       1, 2, 0, 1, 3, 1, 0, 0, 3, 2, 2, 2, 3, 3, 0, 2, 1, 3], dtype=object)]
[520, array([-90., -45., -45.,   0.]), array([0, 3, 0, 2, 2, 0, 3, 0, 2, 2, 0, 2, 1, 3, 0, 2, 2, 3, 0, 0, 0, 3,
       1, 2, 0, 1, 3, 1, 0, 0, 3, 2, 3, 2, 3, 3, 0, 2, 1, 3], dtype=object)]
[496, array([-90., -45., -45.,   0.]), array([0, 3, 0, 2, 2, 0, 3, 0, 2, 2, 0, 2, 3, 3, 0, 2, 2, 3, 0, 0, 0, 3,
       1, 2, 0, 1, 3, 1, 0, 0, 3, 2, 1, 2, 3, 3, 0, 2, 1, 3], dtype=object)]
[499, array([-90., -45., -45.,   0.]), array([0, 3, 0, 2, 2, 0, 3, 0, 2, 2, 0, 2, 1, 3, 0, 2, 2, 3, 0, 0, 0, 3,
       1, 2, 0, 1, 3, 1, 0, 0, 3, 2, 2, 2, 3, 3, 0, 2, 1, 3], dtype=object)]
[493, array([-90., -45., -45.,   0.]), array([0, 3, 0, 2, 2, 0, 3, 0, 2, 2, 2, 2, 2, 3, 0, 3, 2, 3, 0, 0, 0, 3,
       1, 2, 0, 1, 3, 1, 0, 0, 3, 2, 1, 2, 3, 3, 0, 2, 1, 3], dtype=object)]
[521, array([-90., -45., -45.,   0.]), array([0, 3, 0, 2, 2, 0, 3, 0, 2, 2, 3, 2, 1, 3, 0, 3, 2, 3, 0, 0, 0, 3,
       1, 2, 0, 1, 3, 1, 0, 0, 3, 2, 1, 2, 3, 3, 0, 2, 1, 3], dtype=object)]
[497, array([-90., -45., -45.,   0.]), array([0, 3, 0, 2, 2, 0, 3, 0, 2, 2, 0, 2, 1, 3, 0, 2, 2, 3, 0, 0, 0, 3,
       1, 2, 0, 1, 3, 1, 0, 0, 3, 2, 1, 2, 3, 3, 0, 2, 1, 3], dtype=object)]
[500, array([-90., -45., -45.,   0.]), array([0, 3, 0, 2, 2, 0, 3, 0, 2, 2, 0, 2, 2, 3, 0, 0, 2, 3, 0, 0, 0, 3,
       1, 2, 0, 1, 3, 1, 0, 0, 3, 2, 1, 2, 3, 3, 0, 2, 1, 3], dtype=object)]
[494, array([-90., -45., -45.,   0.]), array([0, 3, 0, 2, 2, 0, 3, 0, 2, 2, 0, 2, 2, 3, 0, 3, 2, 3, 0, 0, 0, 3,
       1, 2, 0, 1, 3, 1, 0, 0, 3, 2, 2, 2, 3, 3, 0, 2, 1, 3], dtype=object)]
[522, array([-90., -45., -45.,   0.]), array([0, 3, 0, 2, 2, 0, 3, 0, 2, 2, 0, 2, 1, 3, 0, 3, 2, 3, 0, 0, 0, 3,
       1, 2, 0, 1, 3, 1, 0, 0, 3, 2, 0, 2, 3, 3, 0, 2, 1, 3], dtype=object)]
[498, array([-90., -45., -45.,   0.]), array([0, 3, 0, 2, 2, 0, 3, 0, 2, 2, 0, 2, 1, 3, 0, 1, 2, 3, 0, 0, 0, 3,
       1, 2, 0, 1, 3, 1, 0, 0, 3, 2, 1, 2, 3, 3, 0, 2, 1, 3], dtype=object)]
[501, array([-90., -45., -45.,   0.]), array([0, 3, 0, 2, 2, 0, 3, 0, 2, 2, 0, 2, 1, 3, 0, 2, 2, 3, 0, 0, 0, 3,
       1, 2, 0, 1, 3, 1, 0, 0, 3, 2, 2, 2, 3, 3, 0, 2, 1, 3], dtype=object)]
[495, array([-90., -45., -45.,   0.]), array([0, 3, 0, 2, 2, 0, 3, 0, 2, 2, 0, 2, 1, 3, 0, 2, 2, 3, 0, 0, 0, 3,
       1, 2, 0, 1, 3, 1, 0, 0, 3, 2, 1, 2, 3, 3, 0, 2, 1, 3], dtype=object)]
[523, array([-90., -45., -45.,   0.]), array([0, 3, 0, 2, 2, 0, 3, 0, 2, 2, 0, 2, 1, 3, 0, 0, 2, 3, 0, 0, 0, 3,
       1, 2, 0, 1, 3, 1, 0, 0, 3, 2, 1, 2, 3, 3, 0, 2, 1, 3], dtype=object)]
[499, array([-90., -45., -45.,   0.]), array([0, 3, 0, 2, 2, 0, 3, 0, 2, 2, 0, 2, 1, 3, 0, 2, 2, 3, 0, 0, 0, 3,
       1, 2, 0, 1, 3, 1, 0, 0, 3, 2, 2, 2, 3, 3, 0, 2, 1, 3], dtype=object)]
[502, array([-90., -45., -45.,   0.]), array([0, 3, 0, 2, 2, 0, 3, 0, 2, 2, 3, 2, 2, 3, 0, 0, 2, 3, 0, 0, 0, 3,
       1, 2, 0, 1, 3, 1, 0, 0, 3, 2, 2, 2, 3, 3, 0, 2, 1, 3], dtype=object)]
[524, array([-90., -45., -45.,   0.]), array([0, 3, 0, 2, 2, 0, 3, 0, 2, 2, 1, 2, 1, 3, 0, 0, 2, 3, 0, 0, 0, 3,
       1, 2, 0, 1, 3, 1, 0, 0, 3, 2, 1, 2, 3, 3, 0, 2, 1, 3], dtype=object)]
[496, array([-90., -45., -45.,   0.]), array([0, 3, 0, 2, 2, 0, 3, 0, 2, 2, 0, 2, 3, 3, 0, 2, 2, 3, 0, 0, 0, 3,
       1, 2, 0, 1, 3, 1, 0, 0, 3, 2, 1, 2, 3, 3, 0, 2, 1, 3], dtype=object)]
[500, array([-90., -45., -45.,   0.]), array([0, 3, 0, 2, 2, 0, 3, 0, 2, 2, 0, 2, 2, 3, 0, 0, 2, 3, 0, 0, 0, 3,
       1, 2, 0, 1, 3, 1, 0, 0, 3, 2, 1, 2, 3, 3, 0, 2, 1, 3], dtype=object)]
[525, array([-90., -45., -45.,   0.]), array([0, 3, 0, 2, 2, 0, 3, 0, 2, 2, 2, 2, 0, 3, 0, 3, 2, 3, 0, 0, 0, 3,
       1, 2, 0, 1, 3, 1, 0, 0, 3, 2, 1, 2, 3, 3, 0, 2, 1, 3], dtype=object)]
[503, array([-90., -45., -45.,   0.]), array([0, 3, 0, 2, 2, 0, 3, 0, 2, 2, 0, 2, 1, 3, 0, 2, 2, 3, 0, 0, 0, 3,
       1, 2, 0, 1, 3, 1, 0, 0, 3, 2, 1, 2, 3, 3, 0, 2, 1, 3], dtype=object)]
[497, array([-90., -45., -45.,   0.]), array([0, 3, 0, 2, 2, 0, 3, 0, 2, 2, 0, 2, 1, 3, 0, 2, 2, 3, 0, 0, 0, 3,
       1, 2, 0, 1, 3, 1, 0, 0, 3, 2, 1, 2, 3, 3, 0, 2, 1, 3], dtype=object)]
[501, array([-90., -45., -45.,   0.]), array([0, 3, 0, 2, 2, 0, 3, 0, 2, 2, 0, 2, 1, 3, 0, 2, 2, 3, 0, 0, 0, 3,
       1, 2, 0, 1, 3, 1, 0, 0, 3, 2, 2, 2, 3, 3, 0, 2, 1, 3], dtype=object)]
[526, array([-90., -45., -45.,   0.]), array([0, 3, 0, 2, 2, 0, 3, 0, 2, 2, 0, 2, 3, 3, 0, 2, 2, 3, 0, 0, 0, 3,
       1, 2, 0, 1, 3, 1, 0, 0, 3, 2, 1, 2, 3, 3, 0, 2, 1, 3], dtype=object)]
[504, array([-90., -45., -45.,   0.]), array([0, 3, 0, 2, 2, 0, 3, 0, 2, 2, 0, 2, 2, 3, 0, 0, 2, 3, 0, 0, 0, 3,
       1, 2, 0, 1, 3, 1, 0, 0, 3, 2, 1, 2, 3, 3, 0, 2, 1, 3], dtype=object)]
[498, array([-90., -45., -45.,   0.]), array([0, 3, 0, 2, 2, 0, 3, 0, 2, 2, 0, 2, 1, 3, 0, 1, 2, 3, 0, 0, 0, 3,
       1, 2, 0, 1, 3, 1, 0, 0, 3, 2, 1, 2, 3, 3, 0, 2, 1, 3], dtype=object)]
[502, array([-90., -45., -45.,   0.]), array([0, 3, 0, 2, 2, 0, 3, 0, 2, 2, 3, 2, 2, 3, 0, 0, 2, 3, 0, 0, 0, 3,
       1, 2, 0, 1, 3, 1, 0, 0, 3, 2, 2, 2, 3, 3, 0, 2, 1, 3], dtype=object)]
[527, array([-90., -45., -45.,   0.]), array([0, 3, 0, 2, 2, 0, 3, 0, 2, 2, 0, 2, 1, 3, 0, 3, 2, 3, 0, 0, 0, 3,
       1, 2, 0, 1, 3, 1, 0, 0, 3, 2, 1, 2, 3, 3, 0, 2, 1, 3], dtype=object)]
[499, array([-90., -45., -45.,   0.]), array([0, 3, 0, 2, 2, 0, 3, 0, 2, 2, 0, 2, 1, 3, 0, 2, 2, 3, 0, 0, 0, 3,
       1, 2, 0, 1, 3, 1, 0, 0, 3, 2, 2, 2, 3, 3, 0, 2, 1, 3], dtype=object)]
[505, array([-90., -45., -45.,   0.]), array([0, 3, 0, 2, 2, 0, 3, 0, 2, 2, 0, 2, 1, 3, 0, 2, 2, 3, 0, 0, 0, 3,
       1, 2, 0, 1, 3, 1, 0, 0, 3, 2, 2, 2, 3, 3, 0, 2, 1, 3], dtype=object)]
[528, array([-90., -45., -45.,   0.]), array([0, 3, 0, 2, 2, 0, 3, 0, 2, 2, 0, 2, 1, 3, 0, 3, 2, 3, 0, 0, 0, 3,
       1, 2, 0, 1, 3, 1, 0, 0, 3, 2, 0, 2, 3, 3, 0, 2, 1, 3], dtype=object)]
[503, array([-90., -45., -45.,   0.]), array([0, 3, 0, 2, 2, 0, 3, 0, 2, 2, 0, 2, 1, 3, 0, 2, 2, 3, 0, 0, 0, 3,
       1, 2, 0, 1, 3, 1, 0, 0, 3, 2, 1, 2, 3, 3, 0, 2, 1, 3], dtype=object)]
[500, array([-90., -45., -45.,   0.]), array([0, 3, 0, 2, 2, 0, 3, 0, 2, 2, 0, 2, 2, 3, 0, 0, 2, 3, 0, 0, 0, 3,
       1, 2, 0, 1, 3, 1, 0, 0, 3, 2, 1, 2, 3, 3, 0, 2, 1, 3], dtype=object)]
[506, array([-90., -45., -45.,   0.]), array([0, 3, 0, 2, 2, 0, 0, 1, 2, 2, 0, 2, 2, 3, 0, 2, 2, 3, 0, 0, 0, 3,
       1, 2, 0, 1, 3, 1, 0, 0, 3, 2, 1, 2, 3, 3, 0, 2, 1, 3], dtype=object)]
[529, array([-90., -45., -45.,   0.]), array([0, 3, 0, 2, 2, 0, 3, 0, 2, 2, 0, 2, 0, 3, 0, 3, 2, 3, 0, 0, 0, 3,
       1, 2, 0, 1, 3, 1, 0, 0, 3, 2, 1, 2, 3, 3, 0, 2, 1, 3], dtype=object)]
[504, array([-90., -45., -45.,   0.]), array([0, 3, 0, 2, 2, 0, 3, 0, 2, 2, 0, 2, 2, 3, 0, 0, 2, 3, 0, 0, 0, 3,
       1, 2, 0, 1, 3, 1, 0, 0, 3, 2, 1, 2, 3, 3, 0, 2, 1, 3], dtype=object)]
[501, array([-90., -45., -45.,   0.]), array([0, 3, 0, 2, 2, 0, 3, 0, 2, 2, 0, 2, 1, 3, 0, 2, 2, 3, 0, 0, 0, 3,
       1, 2, 0, 1, 3, 1, 0, 0, 3, 2, 2, 2, 3, 3, 0, 2, 1, 3], dtype=object)]
[507, array([-90., -45., -45.,   0.]), array([0, 3, 0, 2, 2, 0, 3, 0, 2, 2, 0, 2, 1, 3, 0, 2, 2, 3, 0, 0, 0, 3,
       1, 2, 0, 1, 3, 1, 0, 0, 3, 2, 1, 2, 3, 3, 0, 2, 1, 3], dtype=object)]
[530, array([-90., -45., -45.,   0.]), array([0, 3, 0, 2, 2, 0, 3, 0, 2, 2, 0, 2, 0, 3, 0, 3, 2, 3, 0, 0, 0, 3,
       1, 2, 0, 1, 3, 1, 0, 0, 3, 2, 1, 2, 3, 3, 0, 2, 1, 3], dtype=object)]
[505, array([-90., -45., -45.,   0.]), array([0, 3, 0, 2, 2, 0, 3, 0, 2, 2, 0, 2, 1, 3, 0, 2, 2, 3, 0, 0, 0, 3,
       1, 2, 0, 1, 3, 1, 0, 0, 3, 2, 2, 2, 3, 3, 0, 2, 1, 3], dtype=object)]
[502, array([-90., -45., -45.,   0.]), array([0, 3, 0, 2, 2, 0, 3, 0, 2, 2, 3, 2, 2, 3, 0, 0, 2, 3, 0, 0, 0, 3,
       1, 2, 0, 1, 3, 1, 0, 0, 3, 2, 2, 2, 3, 3, 0, 2, 1, 3], dtype=object)]
[508, array([-90., -45., -45.,   0.]), array([0, 3, 0, 2, 2, 0, 3, 0, 2, 2, 0, 2, 1, 3, 0, 2, 2, 3, 0, 0, 0, 3,
       1, 2, 0, 1, 3, 1, 0, 0, 3, 2, 0, 2, 3, 3, 0, 2, 1, 3], dtype=object)]
[531, array([-90., -45., -45.,   0.]), array([0, 3, 0, 2, 2, 0, 3, 0, 2, 2, 0, 2, 1, 3, 0, 3, 2, 3, 0, 0, 0, 3,
       1, 2, 0, 1, 3, 1, 0, 0, 3, 2, 1, 2, 3, 3, 0, 2, 1, 3], dtype=object)]
[506, array([-90., -45., -45.,   0.]), array([0, 3, 0, 2, 2, 0, 0, 1, 2, 2, 0, 2, 2, 3, 0, 2, 2, 3, 0, 0, 0, 3,
       1, 2, 0, 1, 3, 1, 0, 0, 3, 2, 1, 2, 3, 3, 0, 2, 1, 3], dtype=object)]
[503, array([-90., -45., -45.,   0.]), array([0, 3, 0, 2, 2, 0, 3, 0, 2, 2, 0, 2, 1, 3, 0, 2, 2, 3, 0, 0, 0, 3,
       1, 2, 0, 1, 3, 1, 0, 0, 3, 2, 1, 2, 3, 3, 0, 2, 1, 3], dtype=object)]
[509, array([-90., -45., -45.,   0.]), array([0, 3, 0, 2, 2, 0, 3, 0, 2, 2, 3, 2, 1, 3, 0, 2, 2, 3, 0, 0, 0, 3,
       1, 2, 0, 1, 3, 1, 0, 0, 3, 2, 1, 2, 3, 3, 0, 2, 1, 3], dtype=object)]
[532, array([-90., -45., -45.,   0.]), array([0, 3, 0, 2, 2, 0, 3, 0, 2, 2, 0, 2, 1, 3, 0, 3, 2, 3, 0, 0, 0, 3,
       1, 2, 0, 1, 3, 1, 0, 0, 3, 2, 0, 2, 3, 3, 0, 2, 1, 3], dtype=object)]
[507, array([-90., -45., -45.,   0.]), array([0, 3, 0, 2, 2, 0, 3, 0, 2, 2, 0, 2, 1, 3, 0, 2, 2, 3, 0, 0, 0, 3,
       1, 2, 0, 1, 3, 1, 0, 0, 3, 2, 1, 2, 3, 3, 0, 2, 1, 3], dtype=object)]
[504, array([-90., -45., -45.,   0.]), array([0, 3, 0, 2, 2, 0, 3, 0, 2, 2, 0, 2, 2, 3, 0, 0, 2, 3, 0, 0, 0, 3,
       1, 2, 0, 1, 3, 1, 0, 0, 3, 2, 1, 2, 3, 3, 0, 2, 1, 3], dtype=object)]
[510, array([-90., -45., -45.,   0.]), array([0, 3, 0, 2, 2, 0, 3, 0, 2, 2, 1, 2, 2, 3, 0, 0, 2, 3, 0, 0, 0, 3,
       1, 2, 0, 1, 3, 1, 0, 0, 3, 2, 3, 2, 3, 3, 0, 2, 1, 3], dtype=object)]
[533, array([-90., -45., -45.,   0.]), array([0, 3, 0, 2, 2, 0, 3, 0, 2, 2, 0, 2, 1, 3, 0, 3, 2, 3, 0, 0, 0, 3,
       1, 2, 0, 1, 3, 1, 0, 0, 3, 2, 1, 2, 3, 3, 0, 2, 1, 3], dtype=object)]
[508, array([-90., -45., -45.,   0.]), array([0, 3, 0, 2, 2, 0, 3, 0, 2, 2, 0, 2, 1, 3, 0, 2, 2, 3, 0, 0, 0, 3,
       1, 2, 0, 1, 3, 1, 0, 0, 3, 2, 0, 2, 3, 3, 0, 2, 1, 3], dtype=object)]
[505, array([-90., -45., -45.,   0.]), array([0, 3, 0, 2, 2, 0, 3, 0, 2, 2, 0, 2, 1, 3, 0, 2, 2, 3, 0, 0, 0, 3,
       1, 2, 0, 1, 3, 1, 0, 0, 3, 2, 2, 2, 3, 3, 0, 2, 1, 3], dtype=object)]
[511, array([-90., -45., -45.,   0.]), array([0, 3, 0, 2, 2, 0, 3, 0, 2, 2, 0, 2, 1, 3, 0, 2, 2, 3, 0, 0, 0, 3,
       1, 2, 0, 1, 3, 1, 0, 0, 3, 2, 1, 2, 3, 3, 0, 2, 1, 3], dtype=object)]
[534, array([-90., -45., -45.,   0.]), array([0, 3, 0, 2, 2, 0, 3, 0, 2, 2, 2, 2, 3, 3, 0, 3, 2, 3, 0, 0, 0, 3,
       1, 2, 0, 1, 3, 1, 0, 0, 3, 2, 1, 2, 3, 3, 0, 2, 1, 3], dtype=object)]
[509, array([-90., -45., -45.,   0.]), array([0, 3, 0, 2, 2, 0, 3, 0, 2, 2, 3, 2, 1, 3, 0, 2, 2, 3, 0, 0, 0, 3,
       1, 2, 0, 1, 3, 1, 0, 0, 3, 2, 1, 2, 3, 3, 0, 2, 1, 3], dtype=object)]
[506, array([-90., -45., -45.,   0.]), array([0, 3, 0, 2, 2, 0, 0, 1, 2, 2, 0, 2, 2, 3, 0, 2, 2, 3, 0, 0, 0, 3,
       1, 2, 0, 1, 3, 1, 0, 0, 3, 2, 1, 2, 3, 3, 0, 2, 1, 3], dtype=object)]
[512, array([-90., -45., -45.,   0.]), array([0, 3, 0, 2, 2, 0, 3, 0, 2, 2, 0, 2, 1, 3, 0, 3, 2, 3, 0, 0, 0, 3,
       1, 2, 0, 1, 3, 1, 0, 0, 3, 2, 0, 2, 3, 3, 0, 2, 1, 3], dtype=object)]
[535, array([-90., -45., -45.,   0.]), array([0, 3, 0, 2, 2, 0, 3, 0, 2, 2, 0, 2, 1, 3, 0, 3, 2, 3, 0, 0, 0, 3,
       1, 2, 0, 1, 3, 1, 0, 0, 3, 2, 1, 2, 3, 3, 0, 2, 1, 3], dtype=object)]
[510, array([-90., -45., -45.,   0.]), array([0, 3, 0, 2, 2, 0, 3, 0, 2, 2, 1, 2, 2, 3, 0, 0, 2, 3, 0, 0, 0, 3,
       1, 2, 0, 1, 3, 1, 0, 0, 3, 2, 3, 2, 3, 3, 0, 2, 1, 3], dtype=object)]
[507, array([-90., -45., -45.,   0.]), array([0, 3, 0, 2, 2, 0, 3, 0, 2, 2, 0, 2, 1, 3, 0, 2, 2, 3, 0, 0, 0, 3,
       1, 2, 0, 1, 3, 1, 0, 0, 3, 2, 1, 2, 3, 3, 0, 2, 1, 3], dtype=object)]
[536, array([-90., -45., -45.,   0.]), array([0, 3, 0, 2, 2, 0, 3, 0, 2, 2, 2, 2, 1, 3, 0, 3, 2, 3, 0, 0, 0, 3,
       1, 2, 0, 1, 3, 1, 0, 0, 3, 2, 1, 2, 3, 3, 0, 2, 1, 3], dtype=object)]
[513, array([-90., -45., -45.,   0.]), array([0, 3, 0, 2, 2, 0, 3, 0, 2, 2, 2, 2, 1, 3, 0, 3, 2, 3, 0, 0, 0, 3,
       1, 2, 0, 1, 3, 1, 0, 0, 3, 2, 1, 2, 3, 3, 0, 2, 1, 3], dtype=object)]
[511, array([-90., -45., -45.,   0.]), array([0, 3, 0, 2, 2, 0, 3, 0, 2, 2, 0, 2, 1, 3, 0, 2, 2, 3, 0, 0, 0, 3,
       1, 2, 0, 1, 3, 1, 0, 0, 3, 2, 1, 2, 3, 3, 0, 2, 1, 3], dtype=object)]
[508, array([-90., -45., -45.,   0.]), array([0, 3, 0, 2, 2, 0, 3, 0, 2, 2, 0, 2, 1, 3, 0, 2, 2, 3, 0, 0, 0, 3,
       1, 2, 0, 1, 3, 1, 0, 0, 3, 2, 0, 2, 3, 3, 0, 2, 1, 3], dtype=object)]
[514, array([-90., -45., -45.,   0.]), array([0, 3, 0, 2, 2, 0, 3, 0, 2, 2, 2, 2, 1, 3, 0, 3, 2, 3, 0, 0, 0, 3,
       1, 2, 0, 1, 3, 1, 0, 0, 3, 2, 1, 2, 3, 3, 0, 2, 1, 3], dtype=object)]
[537, array([-90., -45., -45.,   0.]), array([0, 3, 0, 2, 2, 0, 3, 0, 2, 2, 0, 2, 1, 3, 0, 3, 2, 3, 0, 0, 0, 3,
       1, 2, 0, 1, 3, 1, 0, 0, 3, 2, 1, 2, 3, 3, 0, 2, 1, 3], dtype=object)]
[512, array([-90., -45., -45.,   0.]), array([0, 3, 0, 2, 2, 0, 3, 0, 2, 2, 0, 2, 1, 3, 0, 3, 2, 3, 0, 0, 0, 3,
       1, 2, 0, 1, 3, 1, 0, 0, 3, 2, 0, 2, 3, 3, 0, 2, 1, 3], dtype=object)]
[509, array([-90., -45., -45.,   0.]), array([0, 3, 0, 2, 2, 0, 3, 0, 2, 2, 3, 2, 1, 3, 0, 2, 2, 3, 0, 0, 0, 3,
       1, 2, 0, 1, 3, 1, 0, 0, 3, 2, 1, 2, 3, 3, 0, 2, 1, 3], dtype=object)]
[538, array([-90., -45., -45.,   0.]), array([0, 3, 0, 2, 2, 0, 3, 0, 2, 2, 2, 2, 1, 3, 0, 3, 2, 3, 0, 0, 0, 3,
       1, 2, 0, 1, 3, 1, 0, 0, 3, 2, 1, 2, 3, 3, 0, 2, 1, 3], dtype=object)]
[515, array([-90., -45., -45.,   0.]), array([0, 3, 0, 2, 2, 0, 3, 0, 2, 2, 0, 2, 1, 3, 0, 2, 2, 3, 0, 0, 0, 3,
       1, 2, 0, 1, 3, 1, 0, 0, 3, 2, 1, 2, 3, 3, 0, 2, 1, 3], dtype=object)]
[513, array([-90., -45., -45.,   0.]), array([0, 3, 0, 2, 2, 0, 3, 0, 2, 2, 2, 2, 1, 3, 0, 3, 2, 3, 0, 0, 0, 3,
       1, 2, 0, 1, 3, 1, 0, 0, 3, 2, 1, 2, 3, 3, 0, 2, 1, 3], dtype=object)]
[510, array([-90., -45., -45.,   0.]), array([0, 3, 0, 2, 2, 0, 3, 0, 2, 2, 1, 2, 2, 3, 0, 0, 2, 3, 0, 0, 0, 3,
       1, 2, 0, 1, 3, 1, 0, 0, 3, 2, 3, 2, 3, 3, 0, 2, 1, 3], dtype=object)]
[539, array([-90., -45., -45.,   0.]), array([0, 3, 0, 2, 2, 0, 3, 0, 2, 2, 0, 2, 1, 3, 0, 3, 2, 3, 0, 0, 0, 3,
       1, 2, 0, 1, 3, 1, 0, 0, 3, 2, 1, 2, 3, 3, 0, 2, 1, 3], dtype=object)]
[516, array([-90., -45., -45.,   0.]), array([0, 3, 0, 2, 2, 0, 3, 0, 2, 2, 3, 2, 1, 3, 0, 3, 2, 3, 0, 0, 0, 3,
       1, 2, 0, 1, 3, 1, 0, 0, 3, 2, 3, 2, 3, 3, 0, 2, 1, 3], dtype=object)]
[514, array([-90., -45., -45.,   0.]), array([0, 3, 0, 2, 2, 0, 3, 0, 2, 2, 2, 2, 1, 3, 0, 3, 2, 3, 0, 0, 0, 3,
       1, 2, 0, 1, 3, 1, 0, 0, 3, 2, 1, 2, 3, 3, 0, 2, 1, 3], dtype=object)]
[540, array([-90., -45., -45.,   0.]), array([0, 3, 0, 2, 2, 0, 3, 0, 2, 2, 0, 2, 0, 3, 0, 3, 2, 3, 0, 0, 0, 3,
       1, 2, 0, 1, 3, 1, 0, 0, 3, 2, 1, 2, 3, 3, 0, 2, 1, 3], dtype=object)]
[511, array([-90., -45., -45.,   0.]), array([0, 3, 0, 2, 2, 0, 3, 0, 2, 2, 0, 2, 1, 3, 0, 2, 2, 3, 0, 0, 0, 3,
       1, 2, 0, 1, 3, 1, 0, 0, 3, 2, 1, 2, 3, 3, 0, 2, 1, 3], dtype=object)]
[517, array([-90., -45., -45.,   0.]), array([0, 3, 0, 2, 2, 0, 3, 0, 2, 2, 0, 2, 1, 3, 0, 2, 2, 3, 0, 0, 0, 3,
       1, 2, 0, 1, 3, 1, 0, 0, 3, 2, 1, 2, 3, 3, 0, 2, 1, 3], dtype=object)]
[515, array([-90., -45., -45.,   0.]), array([0, 3, 0, 2, 2, 0, 3, 0, 2, 2, 0, 2, 1, 3, 0, 2, 2, 3, 0, 0, 0, 3,
       1, 2, 0, 1, 3, 1, 0, 0, 3, 2, 1, 2, 3, 3, 0, 2, 1, 3], dtype=object)]
[541, array([-90., -45., -45.,   0.]), array([0, 3, 0, 2, 2, 0, 3, 0, 2, 2, 0, 2, 1, 3, 0, 3, 2, 3, 0, 0, 0, 3,
       1, 2, 0, 1, 3, 1, 0, 0, 3, 2, 1, 2, 3, 3, 0, 2, 1, 3], dtype=object)]
[512, array([-90., -45., -45.,   0.]), array([0, 3, 0, 2, 2, 0, 3, 0, 2, 2, 0, 2, 1, 3, 0, 3, 2, 3, 0, 0, 0, 3,
       1, 2, 0, 1, 3, 1, 0, 0, 3, 2, 0, 2, 3, 3, 0, 2, 1, 3], dtype=object)]
[518, array([-90., -45., -45.,   0.]), array([0, 3, 0, 2, 2, 0, 3, 0, 2, 2, 2, 2, 1, 3, 0, 3, 2, 3, 0, 0, 0, 3,
       1, 2, 0, 1, 3, 1, 0, 0, 3, 2, 1, 2, 3, 3, 0, 2, 1, 3], dtype=object)]
[516, array([-90., -45., -45.,   0.]), array([0, 3, 0, 2, 2, 0, 3, 0, 2, 2, 3, 2, 1, 3, 0, 3, 2, 3, 0, 0, 0, 3,
       1, 2, 0, 1, 3, 1, 0, 0, 3, 2, 3, 2, 3, 3, 0, 2, 1, 3], dtype=object)]
[542, array([-90., -45., -45.,   0.]), array([0, 3, 0, 2, 2, 0, 3, 0, 2, 2, 1, 2, 0, 3, 0, 3, 2, 3, 0, 0, 0, 3,
       1, 2, 0, 1, 3, 1, 0, 0, 3, 2, 1, 2, 3, 3, 0, 2, 1, 3], dtype=object)]
[513, array([-90., -45., -45.,   0.]), array([0, 3, 0, 2, 2, 0, 3, 0, 2, 2, 2, 2, 1, 3, 0, 3, 2, 3, 0, 0, 0, 3,
       1, 2, 0, 1, 3, 1, 0, 0, 3, 2, 1, 2, 3, 3, 0, 2, 1, 3], dtype=object)]
[519, array([-90., -45., -45.,   0.]), array([0, 3, 0, 2, 2, 0, 3, 0, 2, 2, 0, 2, 1, 3, 0, 3, 2, 3, 0, 0, 0, 3,
       1, 2, 0, 1, 3, 1, 0, 0, 3, 2, 1, 2, 3, 3, 0, 2, 1, 3], dtype=object)]
[517, array([-90., -45., -45.,   0.]), array([0, 3, 0, 2, 2, 0, 3, 0, 2, 2, 0, 2, 1, 3, 0, 2, 2, 3, 0, 0, 0, 3,
       1, 2, 0, 1, 3, 1, 0, 0, 3, 2, 1, 2, 3, 3, 0, 2, 1, 3], dtype=object)]
[543, array([-90., -45., -45.,   0.]), array([0, 3, 0, 2, 2, 0, 3, 0, 2, 2, 0, 2, 1, 3, 0, 3, 2, 3, 0, 0, 0, 3,
       1, 2, 0, 1, 3, 1, 0, 0, 3, 2, 1, 2, 3, 3, 0, 2, 1, 3], dtype=object)]
[514, array([-90., -45., -45.,   0.]), array([0, 3, 0, 2, 2, 0, 3, 0, 2, 2, 2, 2, 1, 3, 0, 3, 2, 3, 0, 0, 0, 3,
       1, 2, 0, 1, 3, 1, 0, 0, 3, 2, 1, 2, 3, 3, 0, 2, 1, 3], dtype=object)]
[520, array([-90., -45., -45.,   0.]), array([0, 3, 0, 2, 2, 0, 3, 0, 2, 2, 0, 2, 1, 3, 0, 2, 2, 3, 0, 0, 0, 3,
       1, 2, 0, 1, 3, 1, 0, 0, 3, 2, 3, 2, 3, 3, 0, 2, 1, 3], dtype=object)]
[518, array([-90., -45., -45.,   0.]), array([0, 3, 0, 2, 2, 0, 3, 0, 2, 2, 2, 2, 1, 3, 0, 3, 2, 3, 0, 0, 0, 3,
       1, 2, 0, 1, 3, 1, 0, 0, 3, 2, 1, 2, 3, 3, 0, 2, 1, 3], dtype=object)]
[544, array([-80., -40., -40.,   0.]), array([0, 3, 0, 2, 2, 0, 3, 0, 2, 2, 0, 2, 1, 3, 0, 3, 2, 3, 0, 0, 0, 3,
       1, 2, 0, 1, 3, 1, 0, 0, 2, 2, 1, 2, 3, 3, 0, 2, 1, 3], dtype=object)]
[515, array([-90., -45., -45.,   0.]), array([0, 3, 0, 2, 2, 0, 3, 0, 2, 2, 0, 2, 1, 3, 0, 2, 2, 3, 0, 0, 0, 3,
       1, 2, 0, 1, 3, 1, 0, 0, 3, 2, 1, 2, 3, 3, 0, 2, 1, 3], dtype=object)]
[521, array([-90., -45., -45.,   0.]), array([0, 3, 0, 2, 2, 0, 3, 0, 2, 2, 3, 2, 1, 3, 0, 3, 2, 3, 0, 0, 0, 3,
       1, 2, 0, 1, 3, 1, 0, 0, 3, 2, 1, 2, 3, 3, 0, 2, 1, 3], dtype=object)]
[519, array([-90., -45., -45.,   0.]), array([0, 3, 0, 2, 2, 0, 3, 0, 2, 2, 0, 2, 1, 3, 0, 3, 2, 3, 0, 0, 0, 3,
       1, 2, 0, 1, 3, 1, 0, 0, 3, 2, 1, 2, 3, 3, 0, 2, 1, 3], dtype=object)]
[545, array([-90., -45., -45.,   0.]), array([0, 3, 0, 2, 2, 0, 3, 0, 2, 2, 0, 2, 1, 3, 0, 3, 2, 3, 0, 0, 0, 3,
       1, 2, 0, 1, 3, 1, 0, 0, 3, 2, 1, 2, 3, 3, 0, 2, 1, 3], dtype=object)]
[516, array([-90., -45., -45.,   0.]), array([0, 3, 0, 2, 2, 0, 3, 0, 2, 2, 3, 2, 1, 3, 0, 3, 2, 3, 0, 0, 0, 3,
       1, 2, 0, 1, 3, 1, 0, 0, 3, 2, 3, 2, 3, 3, 0, 2, 1, 3], dtype=object)]
[522, array([-90., -45., -45.,   0.]), array([0, 3, 0, 2, 2, 0, 3, 0, 2, 2, 0, 2, 1, 3, 0, 3, 2, 3, 0, 0, 0, 3,
       1, 2, 0, 1, 3, 1, 0, 0, 3, 2, 0, 2, 3, 3, 0, 2, 1, 3], dtype=object)]
[520, array([-90., -45., -45.,   0.]), array([0, 3, 0, 2, 2, 0, 3, 0, 2, 2, 0, 2, 1, 3, 0, 2, 2, 3, 0, 0, 0, 3,
       1, 2, 0, 1, 3, 1, 0, 0, 3, 2, 3, 2, 3, 3, 0, 2, 1, 3], dtype=object)]
[546, array([-80., -40., -40.,   0.]), array([0, 3, 0, 2, 2, 0, 3, 0, 2, 2, 0, 2, 1, 3, 0, 3, 2, 3, 0, 0, 1, 3,
       1, 2, 0, 1, 3, 1, 0, 0, 3, 2, 1, 2, 3, 3, 0, 2, 1, 3], dtype=object)]
[523, array([-90., -45., -45.,   0.]), array([0, 3, 0, 2, 2, 0, 3, 0, 2, 2, 0, 2, 1, 3, 0, 0, 2, 3, 0, 0, 0, 3,
       1, 2, 0, 1, 3, 1, 0, 0, 3, 2, 1, 2, 3, 3, 0, 2, 1, 3], dtype=object)]
[517, array([-90., -45., -45.,   0.]), array([0, 3, 0, 2, 2, 0, 3, 0, 2, 2, 0, 2, 1, 3, 0, 2, 2, 3, 0, 0, 0, 3,
       1, 2, 0, 1, 3, 1, 0, 0, 3, 2, 1, 2, 3, 3, 0, 2, 1, 3], dtype=object)]
[547, array([-90., -45., -45.,   0.]), array([0, 3, 0, 2, 2, 0, 3, 0, 2, 2, 2, 2, 0, 3, 0, 3, 2, 3, 0, 0, 0, 3,
       1, 2, 0, 1, 3, 1, 0, 0, 3, 2, 1, 2, 3, 3, 0, 2, 1, 3], dtype=object)]
[521, array([-90., -45., -45.,   0.]), array([0, 3, 0, 2, 2, 0, 3, 0, 2, 2, 3, 2, 1, 3, 0, 3, 2, 3, 0, 0, 0, 3,
       1, 2, 0, 1, 3, 1, 0, 0, 3, 2, 1, 2, 3, 3, 0, 2, 1, 3], dtype=object)]
[524, array([-90., -45., -45.,   0.]), array([0, 3, 0, 2, 2, 0, 3, 0, 2, 2, 1, 2, 1, 3, 0, 0, 2, 3, 0, 0, 0, 3,
       1, 2, 0, 1, 3, 1, 0, 0, 3, 2, 1, 2, 3, 3, 0, 2, 1, 3], dtype=object)]
[518, array([-90., -45., -45.,   0.]), array([0, 3, 0, 2, 2, 0, 3, 0, 2, 2, 2, 2, 1, 3, 0, 3, 2, 3, 0, 0, 0, 3,
       1, 2, 0, 1, 3, 1, 0, 0, 3, 2, 1, 2, 3, 3, 0, 2, 1, 3], dtype=object)]
[522, array([-90., -45., -45.,   0.]), array([0, 3, 0, 2, 2, 0, 3, 0, 2, 2, 0, 2, 1, 3, 0, 3, 2, 3, 0, 0, 0, 3,
       1, 2, 0, 1, 3, 1, 0, 0, 3, 2, 0, 2, 3, 3, 0, 2, 1, 3], dtype=object)]
[548, array([-80., -40., -40.,   0.]), array([0, 3, 0, 2, 2, 0, 3, 0, 2, 2, 0, 2, 1, 3, 0, 3, 2, 3, 0, 3, 0, 3,
       1, 2, 0, 1, 3, 1, 0, 0, 3, 2, 1, 2, 3, 3, 0, 2, 1, 3], dtype=object)]
[525, array([-90., -45., -45.,   0.]), array([0, 3, 0, 2, 2, 0, 3, 0, 2, 2, 2, 2, 0, 3, 0, 3, 2, 3, 0, 0, 0, 3,
       1, 2, 0, 1, 3, 1, 0, 0, 3, 2, 1, 2, 3, 3, 0, 2, 1, 3], dtype=object)]
[519, array([-90., -45., -45.,   0.]), array([0, 3, 0, 2, 2, 0, 3, 0, 2, 2, 0, 2, 1, 3, 0, 3, 2, 3, 0, 0, 0, 3,
       1, 2, 0, 1, 3, 1, 0, 0, 3, 2, 1, 2, 3, 3, 0, 2, 1, 3], dtype=object)]
[549, array([-90., -45., -45.,   0.]), array([0, 3, 0, 2, 2, 0, 3, 0, 2, 2, 0, 2, 1, 3, 0, 3, 2, 3, 0, 0, 0, 3,
       1, 2, 0, 1, 3, 1, 0, 0, 3, 2, 1, 2, 3, 3, 0, 2, 1, 3], dtype=object)]
[523, array([-90., -45., -45.,   0.]), array([0, 3, 0, 2, 2, 0, 3, 0, 2, 2, 0, 2, 1, 3, 0, 0, 2, 3, 0, 0, 0, 3,
       1, 2, 0, 1, 3, 1, 0, 0, 3, 2, 1, 2, 3, 3, 0, 2, 1, 3], dtype=object)]
[526, array([-90., -45., -45.,   0.]), array([0, 3, 0, 2, 2, 0, 3, 0, 2, 2, 0, 2, 3, 3, 0, 2, 2, 3, 0, 0, 0, 3,
       1, 2, 0, 1, 3, 1, 0, 0, 3, 2, 1, 2, 3, 3, 0, 2, 1, 3], dtype=object)]
[520, array([-90., -45., -45.,   0.]), array([0, 3, 0, 2, 2, 0, 3, 0, 2, 2, 0, 2, 1, 3, 0, 2, 2, 3, 0, 0, 0, 3,
       1, 2, 0, 1, 3, 1, 0, 0, 3, 2, 3, 2, 3, 3, 0, 2, 1, 3], dtype=object)]
[550, array([-90., -45., -45.,   0.]), array([0, 3, 0, 2, 2, 0, 3, 0, 2, 2, 0, 2, 0, 3, 0, 3, 2, 3, 0, 0, 0, 3,
       1, 2, 0, 1, 3, 1, 0, 0, 3, 2, 1, 2, 3, 3, 0, 2, 1, 3], dtype=object)]
[524, array([-90., -45., -45.,   0.]), array([0, 3, 0, 2, 2, 0, 3, 0, 2, 2, 1, 2, 1, 3, 0, 0, 2, 3, 0, 0, 0, 3,
       1, 2, 0, 1, 3, 1, 0, 0, 3, 2, 1, 2, 3, 3, 0, 2, 1, 3], dtype=object)]
[527, array([-90., -45., -45.,   0.]), array([0, 3, 0, 2, 2, 0, 3, 0, 2, 2, 0, 2, 1, 3, 0, 3, 2, 3, 0, 0, 0, 3,
       1, 2, 0, 1, 3, 1, 0, 0, 3, 2, 1, 2, 3, 3, 0, 2, 1, 3], dtype=object)]
[521, array([-90., -45., -45.,   0.]), array([0, 3, 0, 2, 2, 0, 3, 0, 2, 2, 3, 2, 1, 3, 0, 3, 2, 3, 0, 0, 0, 3,
       1, 2, 0, 1, 3, 1, 0, 0, 3, 2, 1, 2, 3, 3, 0, 2, 1, 3], dtype=object)]
[551, array([-90., -45., -45.,   0.]), array([0, 3, 0, 2, 2, 0, 3, 0, 2, 2, 0, 2, 1, 3, 0, 3, 2, 3, 0, 0, 0, 3,
       1, 2, 0, 1, 3, 1, 0, 0, 3, 2, 1, 2, 3, 3, 0, 2, 1, 3], dtype=object)]
[525, array([-90., -45., -45.,   0.]), array([0, 3, 0, 2, 2, 0, 3, 0, 2, 2, 2, 2, 0, 3, 0, 3, 2, 3, 0, 0, 0, 3,
       1, 2, 0, 1, 3, 1, 0, 0, 3, 2, 1, 2, 3, 3, 0, 2, 1, 3], dtype=object)]
[528, array([-90., -45., -45.,   0.]), array([0, 3, 0, 2, 2, 0, 3, 0, 2, 2, 0, 2, 1, 3, 0, 3, 2, 3, 0, 0, 0, 3,
       1, 2, 0, 1, 3, 1, 0, 0, 3, 2, 0, 2, 3, 3, 0, 2, 1, 3], dtype=object)]
[552, array([-90., -45., -45.,   0.]), array([0, 3, 0, 2, 2, 0, 3, 0, 2, 2, 0, 2, 3, 3, 0, 3, 2, 3, 0, 0, 0, 3,
       1, 2, 0, 1, 3, 1, 0, 0, 3, 2, 1, 2, 3, 3, 0, 2, 1, 3], dtype=object)]
[522, array([-90., -45., -45.,   0.]), array([0, 3, 0, 2, 2, 0, 3, 0, 2, 2, 0, 2, 1, 3, 0, 3, 2, 3, 0, 0, 0, 3,
       1, 2, 0, 1, 3, 1, 0, 0, 3, 2, 0, 2, 3, 3, 0, 2, 1, 3], dtype=object)]
[526, array([-90., -45., -45.,   0.]), array([0, 3, 0, 2, 2, 0, 3, 0, 2, 2, 0, 2, 3, 3, 0, 2, 2, 3, 0, 0, 0, 3,
       1, 2, 0, 1, 3, 1, 0, 0, 3, 2, 1, 2, 3, 3, 0, 2, 1, 3], dtype=object)]
[529, array([-90., -45., -45.,   0.]), array([0, 3, 0, 2, 2, 0, 3, 0, 2, 2, 0, 2, 0, 3, 0, 3, 2, 3, 0, 0, 0, 3,
       1, 2, 0, 1, 3, 1, 0, 0, 3, 2, 1, 2, 3, 3, 0, 2, 1, 3], dtype=object)]
[553, array([-90., -45., -45.,   0.]), array([0, 3, 0, 2, 2, 0, 3, 0, 2, 2, 0, 2, 1, 3, 0, 3, 2, 3, 0, 0, 0, 3,
       1, 2, 0, 1, 3, 1, 0, 0, 3, 2, 1, 2, 3, 3, 0, 2, 1, 3], dtype=object)]
[523, array([-90., -45., -45.,   0.]), array([0, 3, 0, 2, 2, 0, 3, 0, 2, 2, 0, 2, 1, 3, 0, 0, 2, 3, 0, 0, 0, 3,
       1, 2, 0, 1, 3, 1, 0, 0, 3, 2, 1, 2, 3, 3, 0, 2, 1, 3], dtype=object)]
[527, array([-90., -45., -45.,   0.]), array([0, 3, 0, 2, 2, 0, 3, 0, 2, 2, 0, 2, 1, 3, 0, 3, 2, 3, 0, 0, 0, 3,
       1, 2, 0, 1, 3, 1, 0, 0, 3, 2, 1, 2, 3, 3, 0, 2, 1, 3], dtype=object)]
[530, array([-90., -45., -45.,   0.]), array([0, 3, 0, 2, 2, 0, 3, 0, 2, 2, 0, 2, 0, 3, 0, 3, 2, 3, 0, 0, 0, 3,
       1, 2, 0, 1, 3, 1, 0, 0, 3, 2, 1, 2, 3, 3, 0, 2, 1, 3], dtype=object)]
[554, array([-90., -45., -45.,   0.]), array([0, 3, 0, 2, 2, 0, 3, 0, 2, 2, 2, 2, 3, 3, 0, 3, 2, 3, 0, 0, 0, 3,
       1, 2, 0, 1, 3, 1, 0, 0, 3, 2, 1, 2, 3, 3, 0, 2, 1, 3], dtype=object)]
[524, array([-90., -45., -45.,   0.]), array([0, 3, 0, 2, 2, 0, 3, 0, 2, 2, 1, 2, 1, 3, 0, 0, 2, 3, 0, 0, 0, 3,
       1, 2, 0, 1, 3, 1, 0, 0, 3, 2, 1, 2, 3, 3, 0, 2, 1, 3], dtype=object)]
[528, array([-90., -45., -45.,   0.]), array([0, 3, 0, 2, 2, 0, 3, 0, 2, 2, 0, 2, 1, 3, 0, 3, 2, 3, 0, 0, 0, 3,
       1, 2, 0, 1, 3, 1, 0, 0, 3, 2, 0, 2, 3, 3, 0, 2, 1, 3], dtype=object)]
[531, array([-90., -45., -45.,   0.]), array([0, 3, 0, 2, 2, 0, 3, 0, 2, 2, 0, 2, 1, 3, 0, 3, 2, 3, 0, 0, 0, 3,
       1, 2, 0, 1, 3, 1, 0, 0, 3, 2, 1, 2, 3, 3, 0, 2, 1, 3], dtype=object)]
[555, array([-90., -45., -45.,   0.]), array([0, 3, 0, 2, 2, 0, 3, 0, 2, 2, 0, 2, 1, 3, 0, 1, 2, 3, 0, 0, 0, 3,
       1, 2, 0, 1, 3, 1, 0, 0, 3, 2, 1, 2, 3, 3, 0, 2, 1, 3], dtype=object)]
[525, array([-90., -45., -45.,   0.]), array([0, 3, 0, 2, 2, 0, 3, 0, 2, 2, 2, 2, 0, 3, 0, 3, 2, 3, 0, 0, 0, 3,
       1, 2, 0, 1, 3, 1, 0, 0, 3, 2, 1, 2, 3, 3, 0, 2, 1, 3], dtype=object)]
[529, array([-90., -45., -45.,   0.]), array([0, 3, 0, 2, 2, 0, 3, 0, 2, 2, 0, 2, 0, 3, 0, 3, 2, 3, 0, 0, 0, 3,
       1, 2, 0, 1, 3, 1, 0, 0, 3, 2, 1, 2, 3, 3, 0, 2, 1, 3], dtype=object)]
[532, array([-90., -45., -45.,   0.]), array([0, 3, 0, 2, 2, 0, 3, 0, 2, 2, 0, 2, 1, 3, 0, 3, 2, 3, 0, 0, 0, 3,
       1, 2, 0, 1, 3, 1, 0, 0, 3, 2, 0, 2, 3, 3, 0, 2, 1, 3], dtype=object)]
[556, array([-90., -45., -45.,   0.]), array([0, 3, 0, 2, 2, 0, 3, 2, 2, 2, 0, 2, 1, 3, 0, 3, 0, 3, 0, 0, 0, 3,
       1, 2, 0, 1, 3, 1, 0, 0, 3, 2, 1, 2, 3, 3, 0, 2, 1, 3], dtype=object)]
[526, array([-90., -45., -45.,   0.]), array([0, 3, 0, 2, 2, 0, 3, 0, 2, 2, 0, 2, 3, 3, 0, 2, 2, 3, 0, 0, 0, 3,
       1, 2, 0, 1, 3, 1, 0, 0, 3, 2, 1, 2, 3, 3, 0, 2, 1, 3], dtype=object)]
[530, array([-90., -45., -45.,   0.]), array([0, 3, 0, 2, 2, 0, 3, 0, 2, 2, 0, 2, 0, 3, 0, 3, 2, 3, 0, 0, 0, 3,
       1, 2, 0, 1, 3, 1, 0, 0, 3, 2, 1, 2, 3, 3, 0, 2, 1, 3], dtype=object)]
[533, array([-90., -45., -45.,   0.]), array([0, 3, 0, 2, 2, 0, 3, 0, 2, 2, 0, 2, 1, 3, 0, 3, 2, 3, 0, 0, 0, 3,
       1, 2, 0, 1, 3, 1, 0, 0, 3, 2, 1, 2, 3, 3, 0, 2, 1, 3], dtype=object)]
[557, array([-90., -45., -45.,   0.]), array([0, 3, 0, 2, 2, 0, 3, 0, 2, 2, 0, 2, 1, 3, 0, 3, 2, 3, 0, 0, 0, 3,
       1, 2, 0, 1, 3, 1, 0, 0, 3, 2, 1, 2, 3, 3, 0, 2, 1, 3], dtype=object)]
[527, array([-90., -45., -45.,   0.]), array([0, 3, 0, 2, 2, 0, 3, 0, 2, 2, 0, 2, 1, 3, 0, 3, 2, 3, 0, 0, 0, 3,
       1, 2, 0, 1, 3, 1, 0, 0, 3, 2, 1, 2, 3, 3, 0, 2, 1, 3], dtype=object)]
[534, array([-90., -45., -45.,   0.]), array([0, 3, 0, 2, 2, 0, 3, 0, 2, 2, 2, 2, 3, 3, 0, 3, 2, 3, 0, 0, 0, 3,
       1, 2, 0, 1, 3, 1, 0, 0, 3, 2, 1, 2, 3, 3, 0, 2, 1, 3], dtype=object)]
[531, array([-90., -45., -45.,   0.]), array([0, 3, 0, 2, 2, 0, 3, 0, 2, 2, 0, 2, 1, 3, 0, 3, 2, 3, 0, 0, 0, 3,
       1, 2, 0, 1, 3, 1, 0, 0, 3, 2, 1, 2, 3, 3, 0, 2, 1, 3], dtype=object)]
[558, array([-90., -45., -45.,   0.]), array([0, 3, 0, 2, 2, 0, 3, 0, 2, 2, 0, 2, 1, 3, 0, 1, 2, 3, 0, 0, 0, 3,
       1, 2, 0, 1, 3, 1, 0, 0, 3, 2, 3, 2, 3, 3, 0, 2, 1, 3], dtype=object)]
[535, array([-90., -45., -45.,   0.]), array([0, 3, 0, 2, 2, 0, 3, 0, 2, 2, 0, 2, 1, 3, 0, 3, 2, 3, 0, 0, 0, 3,
       1, 2, 0, 1, 3, 1, 0, 0, 3, 2, 1, 2, 3, 3, 0, 2, 1, 3], dtype=object)]
[528, array([-90., -45., -45.,   0.]), array([0, 3, 0, 2, 2, 0, 3, 0, 2, 2, 0, 2, 1, 3, 0, 3, 2, 3, 0, 0, 0, 3,
       1, 2, 0, 1, 3, 1, 0, 0, 3, 2, 0, 2, 3, 3, 0, 2, 1, 3], dtype=object)]
[532, array([-90., -45., -45.,   0.]), array([0, 3, 0, 2, 2, 0, 3, 0, 2, 2, 0, 2, 1, 3, 0, 3, 2, 3, 0, 0, 0, 3,
       1, 2, 0, 1, 3, 1, 0, 0, 3, 2, 0, 2, 3, 3, 0, 2, 1, 3], dtype=object)]
[559, array([-90., -45., -45.,   0.]), array([0, 3, 0, 2, 2, 0, 3, 0, 2, 2, 0, 2, 1, 3, 0, 3, 2, 3, 0, 0, 0, 3,
       1, 2, 0, 1, 3, 1, 0, 0, 3, 2, 1, 2, 3, 3, 0, 2, 1, 3], dtype=object)]
[536, array([-90., -45., -45.,   0.]), array([0, 3, 0, 2, 2, 0, 3, 0, 2, 2, 2, 2, 1, 3, 0, 3, 2, 3, 0, 0, 0, 3,
       1, 2, 0, 1, 3, 1, 0, 0, 3, 2, 1, 2, 3, 3, 0, 2, 1, 3], dtype=object)]
[529, array([-90., -45., -45.,   0.]), array([0, 3, 0, 2, 2, 0, 3, 0, 2, 2, 0, 2, 0, 3, 0, 3, 2, 3, 0, 0, 0, 3,
       1, 2, 0, 1, 3, 1, 0, 0, 3, 2, 1, 2, 3, 3, 0, 2, 1, 3], dtype=object)]
[560, array([-90., -45., -45.,   0.]), array([0, 3, 0, 2, 2, 0, 3, 0, 2, 2, 2, 2, 1, 3, 0, 3, 2, 3, 0, 0, 0, 3,
       1, 2, 0, 1, 3, 1, 0, 0, 3, 2, 1, 2, 3, 3, 0, 2, 1, 3], dtype=object)]
[533, array([-90., -45., -45.,   0.]), array([0, 3, 0, 2, 2, 0, 3, 0, 2, 2, 0, 2, 1, 3, 0, 3, 2, 3, 0, 0, 0, 3,
       1, 2, 0, 1, 3, 1, 0, 0, 3, 2, 1, 2, 3, 3, 0, 2, 1, 3], dtype=object)]
[537, array([-90., -45., -45.,   0.]), array([0, 3, 0, 2, 2, 0, 3, 0, 2, 2, 0, 2, 1, 3, 0, 3, 2, 3, 0, 0, 0, 3,
       1, 2, 0, 1, 3, 1, 0, 0, 3, 2, 1, 2, 3, 3, 0, 2, 1, 3], dtype=object)]
[530, array([-90., -45., -45.,   0.]), array([0, 3, 0, 2, 2, 0, 3, 0, 2, 2, 0, 2, 0, 3, 0, 3, 2, 3, 0, 0, 0, 3,
       1, 2, 0, 1, 3, 1, 0, 0, 3, 2, 1, 2, 3, 3, 0, 2, 1, 3], dtype=object)]
[534, array([-90., -45., -45.,   0.]), array([0, 3, 0, 2, 2, 0, 3, 0, 2, 2, 2, 2, 3, 3, 0, 3, 2, 3, 0, 0, 0, 3,
       1, 2, 0, 1, 3, 1, 0, 0, 3, 2, 1, 2, 3, 3, 0, 2, 1, 3], dtype=object)]
[561, array([-90., -45., -45.,   0.]), array([0, 3, 0, 2, 2, 0, 3, 0, 2, 2, 0, 2, 1, 3, 0, 3, 2, 3, 0, 0, 0, 3,
       1, 2, 0, 1, 3, 1, 0, 0, 3, 2, 1, 2, 3, 3, 0, 2, 1, 3], dtype=object)]
[538, array([-90., -45., -45.,   0.]), array([0, 3, 0, 2, 2, 0, 3, 0, 2, 2, 2, 2, 1, 3, 0, 3, 2, 3, 0, 0, 0, 3,
       1, 2, 0, 1, 3, 1, 0, 0, 3, 2, 1, 2, 3, 3, 0, 2, 1, 3], dtype=object)]
[531, array([-90., -45., -45.,   0.]), array([0, 3, 0, 2, 2, 0, 3, 0, 2, 2, 0, 2, 1, 3, 0, 3, 2, 3, 0, 0, 0, 3,
       1, 2, 0, 1, 3, 1, 0, 0, 3, 2, 1, 2, 3, 3, 0, 2, 1, 3], dtype=object)]
[562, array([-80., -40., -40.,   0.]), array([0, 3, 0, 2, 2, 0, 3, 0, 2, 2, 0, 2, 1, 3, 0, 1, 2, 3, 0, 0, 3, 3,
       1, 2, 0, 1, 3, 1, 0, 0, 3, 2, 1, 2, 3, 3, 0, 2, 1, 3], dtype=object)]
[535, array([-90., -45., -45.,   0.]), array([0, 3, 0, 2, 2, 0, 3, 0, 2, 2, 0, 2, 1, 3, 0, 3, 2, 3, 0, 0, 0, 3,
       1, 2, 0, 1, 3, 1, 0, 0, 3, 2, 1, 2, 3, 3, 0, 2, 1, 3], dtype=object)]
[539, array([-90., -45., -45.,   0.]), array([0, 3, 0, 2, 2, 0, 3, 0, 2, 2, 0, 2, 1, 3, 0, 3, 2, 3, 0, 0, 0, 3,
       1, 2, 0, 1, 3, 1, 0, 0, 3, 2, 1, 2, 3, 3, 0, 2, 1, 3], dtype=object)]
[532, array([-90., -45., -45.,   0.]), array([0, 3, 0, 2, 2, 0, 3, 0, 2, 2, 0, 2, 1, 3, 0, 3, 2, 3, 0, 0, 0, 3,
       1, 2, 0, 1, 3, 1, 0, 0, 3, 2, 0, 2, 3, 3, 0, 2, 1, 3], dtype=object)]
[536, array([-90., -45., -45.,   0.]), array([0, 3, 0, 2, 2, 0, 3, 0, 2, 2, 2, 2, 1, 3, 0, 3, 2, 3, 0, 0, 0, 3,
       1, 2, 0, 1, 3, 1, 0, 0, 3, 2, 1, 2, 3, 3, 0, 2, 1, 3], dtype=object)]
[563, array([-90., -45., -45.,   0.]), array([0, 3, 0, 2, 2, 0, 3, 0, 2, 2, 0, 2, 1, 3, 0, 1, 2, 3, 0, 0, 0, 3,
       1, 2, 0, 1, 3, 1, 0, 0, 3, 2, 1, 2, 3, 3, 0, 2, 1, 3], dtype=object)]
[540, array([-90., -45., -45.,   0.]), array([0, 3, 0, 2, 2, 0, 3, 0, 2, 2, 0, 2, 0, 3, 0, 3, 2, 3, 0, 0, 0, 3,
       1, 2, 0, 1, 3, 1, 0, 0, 3, 2, 1, 2, 3, 3, 0, 2, 1, 3], dtype=object)]
[564, array([-90., -45., -45.,   0.]), array([0, 3, 0, 2, 2, 0, 3, 0, 2, 2, 0, 2, 1, 3, 0, 1, 2, 3, 0, 0, 0, 3,
       1, 2, 0, 1, 3, 1, 0, 0, 3, 2, 3, 2, 3, 3, 0, 2, 1, 3], dtype=object)]
[533, array([-90., -45., -45.,   0.]), array([0, 3, 0, 2, 2, 0, 3, 0, 2, 2, 0, 2, 1, 3, 0, 3, 2, 3, 0, 0, 0, 3,
       1, 2, 0, 1, 3, 1, 0, 0, 3, 2, 1, 2, 3, 3, 0, 2, 1, 3], dtype=object)]
[537, array([-90., -45., -45.,   0.]), array([0, 3, 0, 2, 2, 0, 3, 0, 2, 2, 0, 2, 1, 3, 0, 3, 2, 3, 0, 0, 0, 3,
       1, 2, 0, 1, 3, 1, 0, 0, 3, 2, 1, 2, 3, 3, 0, 2, 1, 3], dtype=object)]
[541, array([-90., -45., -45.,   0.]), array([0, 3, 0, 2, 2, 0, 3, 0, 2, 2, 0, 2, 1, 3, 0, 3, 2, 3, 0, 0, 0, 3,
       1, 2, 0, 1, 3, 1, 0, 0, 3, 2, 1, 2, 3, 3, 0, 2, 1, 3], dtype=object)]
[534, array([-90., -45., -45.,   0.]), array([0, 3, 0, 2, 2, 0, 3, 0, 2, 2, 2, 2, 3, 3, 0, 3, 2, 3, 0, 0, 0, 3,
       1, 2, 0, 1, 3, 1, 0, 0, 3, 2, 1, 2, 3, 3, 0, 2, 1, 3], dtype=object)]
[565, array([-90., -45., -45.,   0.]), array([0, 3, 0, 2, 2, 0, 3, 0, 2, 2, 0, 2, 1, 3, 0, 3, 2, 3, 0, 0, 0, 3,
       1, 2, 0, 1, 3, 1, 0, 0, 3, 2, 1, 2, 3, 3, 0, 2, 1, 3], dtype=object)]
[538, array([-90., -45., -45.,   0.]), array([0, 3, 0, 2, 2, 0, 3, 0, 2, 2, 2, 2, 1, 3, 0, 3, 2, 3, 0, 0, 0, 3,
       1, 2, 0, 1, 3, 1, 0, 0, 3, 2, 1, 2, 3, 3, 0, 2, 1, 3], dtype=object)]
[542, array([-90., -45., -45.,   0.]), array([0, 3, 0, 2, 2, 0, 3, 0, 2, 2, 1, 2, 0, 3, 0, 3, 2, 3, 0, 0, 0, 3,
       1, 2, 0, 1, 3, 1, 0, 0, 3, 2, 1, 2, 3, 3, 0, 2, 1, 3], dtype=object)]
[566, array([-90., -45., -45.,   0.]), array([0, 3, 0, 2, 2, 0, 3, 0, 2, 2, 0, 2, 1, 3, 0, 3, 2, 3, 0, 0, 0, 3,
       1, 2, 0, 1, 3, 1, 0, 0, 3, 2, 0, 2, 3, 3, 0, 2, 1, 3], dtype=object)]
[535, array([-90., -45., -45.,   0.]), array([0, 3, 0, 2, 2, 0, 3, 0, 2, 2, 0, 2, 1, 3, 0, 3, 2, 3, 0, 0, 0, 3,
       1, 2, 0, 1, 3, 1, 0, 0, 3, 2, 1, 2, 3, 3, 0, 2, 1, 3], dtype=object)]
[539, array([-90., -45., -45.,   0.]), array([0, 3, 0, 2, 2, 0, 3, 0, 2, 2, 0, 2, 1, 3, 0, 3, 2, 3, 0, 0, 0, 3,
       1, 2, 0, 1, 3, 1, 0, 0, 3, 2, 1, 2, 3, 3, 0, 2, 1, 3], dtype=object)]
[543, array([-90., -45., -45.,   0.]), array([0, 3, 0, 2, 2, 0, 3, 0, 2, 2, 0, 2, 1, 3, 0, 3, 2, 3, 0, 0, 0, 3,
       1, 2, 0, 1, 3, 1, 0, 0, 3, 2, 1, 2, 3, 3, 0, 2, 1, 3], dtype=object)]
[567, array([-90., -45., -45.,   0.]), array([0, 3, 0, 2, 2, 0, 3, 0, 2, 2, 0, 2, 1, 3, 0, 3, 2, 3, 0, 0, 0, 3,
       1, 2, 0, 1, 3, 1, 0, 0, 3, 2, 1, 2, 3, 3, 0, 2, 1, 3], dtype=object)]
[536, array([-90., -45., -45.,   0.]), array([0, 3, 0, 2, 2, 0, 3, 0, 2, 2, 2, 2, 1, 3, 0, 3, 2, 3, 0, 0, 0, 3,
       1, 2, 0, 1, 3, 1, 0, 0, 3, 2, 1, 2, 3, 3, 0, 2, 1, 3], dtype=object)]
[540, array([-90., -45., -45.,   0.]), array([0, 3, 0, 2, 2, 0, 3, 0, 2, 2, 0, 2, 0, 3, 0, 3, 2, 3, 0, 0, 0, 3,
       1, 2, 0, 1, 3, 1, 0, 0, 3, 2, 1, 2, 3, 3, 0, 2, 1, 3], dtype=object)]
[544, array([-80., -40., -40.,   0.]), array([0, 3, 0, 2, 2, 0, 3, 0, 2, 2, 0, 2, 1, 3, 0, 3, 2, 3, 0, 0, 0, 3,
       1, 2, 0, 1, 3, 1, 0, 0, 2, 2, 1, 2, 3, 3, 0, 2, 1, 3], dtype=object)]
[568, array([-90., -45., -45.,   0.]), array([0, 3, 0, 2, 2, 0, 3, 0, 2, 2, 0, 2, 1, 3, 0, 3, 2, 3, 0, 0, 0, 1,
       1, 2, 0, 1, 3, 1, 0, 0, 3, 2, 1, 2, 3, 1, 0, 2, 1, 3], dtype=object)]
[537, array([-90., -45., -45.,   0.]), array([0, 3, 0, 2, 2, 0, 3, 0, 2, 2, 0, 2, 1, 3, 0, 3, 2, 3, 0, 0, 0, 3,
       1, 2, 0, 1, 3, 1, 0, 0, 3, 2, 1, 2, 3, 3, 0, 2, 1, 3], dtype=object)]
[541, array([-90., -45., -45.,   0.]), array([0, 3, 0, 2, 2, 0, 3, 0, 2, 2, 0, 2, 1, 3, 0, 3, 2, 3, 0, 0, 0, 3,
       1, 2, 0, 1, 3, 1, 0, 0, 3, 2, 1, 2, 3, 3, 0, 2, 1, 3], dtype=object)]
[545, array([-90., -45., -45.,   0.]), array([0, 3, 0, 2, 2, 0, 3, 0, 2, 2, 0, 2, 1, 3, 0, 3, 2, 3, 0, 0, 0, 3,
       1, 2, 0, 1, 3, 1, 0, 0, 3, 2, 1, 2, 3, 3, 0, 2, 1, 3], dtype=object)]
[569, array([-90., -45., -45.,   0.]), array([0, 3, 0, 2, 2, 0, 3, 0, 2, 2, 0, 2, 1, 3, 0, 3, 2, 3, 0, 0, 0, 3,
       1, 2, 0, 1, 3, 1, 0, 0, 3, 2, 1, 2, 3, 3, 0, 2, 1, 3], dtype=object)]
[538, array([-90., -45., -45.,   0.]), array([0, 3, 0, 2, 2, 0, 3, 0, 2, 2, 2, 2, 1, 3, 0, 3, 2, 3, 0, 0, 0, 3,
       1, 2, 0, 1, 3, 1, 0, 0, 3, 2, 1, 2, 3, 3, 0, 2, 1, 3], dtype=object)]
[542, array([-90., -45., -45.,   0.]), array([0, 3, 0, 2, 2, 0, 3, 0, 2, 2, 1, 2, 0, 3, 0, 3, 2, 3, 0, 0, 0, 3,
       1, 2, 0, 1, 3, 1, 0, 0, 3, 2, 1, 2, 3, 3, 0, 2, 1, 3], dtype=object)]
[546, array([-80., -40., -40.,   0.]), array([0, 3, 0, 2, 2, 0, 3, 0, 2, 2, 0, 2, 1, 3, 0, 3, 2, 3, 0, 0, 1, 3,
       1, 2, 0, 1, 3, 1, 0, 0, 3, 2, 1, 2, 3, 3, 0, 2, 1, 3], dtype=object)]
[570, array([-80., -40., -40.,   0.]), array([0, 3, 0, 2, 2, 0, 3, 0, 2, 2, 0, 2, 1, 3, 0, 1, 2, 3, 0, 0, 0, 3,
       1, 3, 0, 1, 3, 1, 0, 0, 3, 2, 1, 2, 3, 3, 0, 2, 1, 3], dtype=object)]
[539, array([-90., -45., -45.,   0.]), array([0, 3, 0, 2, 2, 0, 3, 0, 2, 2, 0, 2, 1, 3, 0, 3, 2, 3, 0, 0, 0, 3,
       1, 2, 0, 1, 3, 1, 0, 0, 3, 2, 1, 2, 3, 3, 0, 2, 1, 3], dtype=object)]
[543, array([-90., -45., -45.,   0.]), array([0, 3, 0, 2, 2, 0, 3, 0, 2, 2, 0, 2, 1, 3, 0, 3, 2, 3, 0, 0, 0, 3,
       1, 2, 0, 1, 3, 1, 0, 0, 3, 2, 1, 2, 3, 3, 0, 2, 1, 3], dtype=object)]
[547, array([-90., -45., -45.,   0.]), array([0, 3, 0, 2, 2, 0, 3, 0, 2, 2, 2, 2, 0, 3, 0, 3, 2, 3, 0, 0, 0, 3,
       1, 2, 0, 1, 3, 1, 0, 0, 3, 2, 1, 2, 3, 3, 0, 2, 1, 3], dtype=object)]
[571, array([-90., -45., -45.,   0.]), array([0, 3, 0, 2, 2, 0, 3, 0, 2, 2, 0, 2, 1, 3, 0, 3, 2, 3, 0, 0, 0, 3,
       1, 2, 0, 1, 3, 1, 0, 0, 3, 2, 1, 2, 3, 3, 0, 2, 1, 3], dtype=object)]
[540, array([-90., -45., -45.,   0.]), array([0, 3, 0, 2, 2, 0, 3, 0, 2, 2, 0, 2, 0, 3, 0, 3, 2, 3, 0, 0, 0, 3,
       1, 2, 0, 1, 3, 1, 0, 0, 3, 2, 1, 2, 3, 3, 0, 2, 1, 3], dtype=object)]
[544, array([-80., -40., -40.,   0.]), array([0, 3, 0, 2, 2, 0, 3, 0, 2, 2, 0, 2, 1, 3, 0, 3, 2, 3, 0, 0, 0, 3,
       1, 2, 0, 1, 3, 1, 0, 0, 2, 2, 1, 2, 3, 3, 0, 2, 1, 3], dtype=object)]
[548, array([-80., -40., -40.,   0.]), array([0, 3, 0, 2, 2, 0, 3, 0, 2, 2, 0, 2, 1, 3, 0, 3, 2, 3, 0, 3, 0, 3,
       1, 2, 0, 1, 3, 1, 0, 0, 3, 2, 1, 2, 3, 3, 0, 2, 1, 3], dtype=object)]
[572, array([-80., -40., -40.,   0.]), array([0, 3, 0, 2, 2, 0, 3, 0, 2, 2, 0, 2, 1, 3, 0, 3, 2, 3, 0, 3, 0, 3,
       1, 2, 0, 1, 3, 1, 0, 0, 3, 2, 1, 2, 3, 3, 0, 2, 1, 3], dtype=object)]
[541, array([-90., -45., -45.,   0.]), array([0, 3, 0, 2, 2, 0, 3, 0, 2, 2, 0, 2, 1, 3, 0, 3, 2, 3, 0, 0, 0, 3,
       1, 2, 0, 1, 3, 1, 0, 0, 3, 2, 1, 2, 3, 3, 0, 2, 1, 3], dtype=object)]
[545, array([-90., -45., -45.,   0.]), array([0, 3, 0, 2, 2, 0, 3, 0, 2, 2, 0, 2, 1, 3, 0, 3, 2, 3, 0, 0, 0, 3,
       1, 2, 0, 1, 3, 1, 0, 0, 3, 2, 1, 2, 3, 3, 0, 2, 1, 3], dtype=object)]
[549, array([-90., -45., -45.,   0.]), array([0, 3, 0, 2, 2, 0, 3, 0, 2, 2, 0, 2, 1, 3, 0, 3, 2, 3, 0, 0, 0, 3,
       1, 2, 0, 1, 3, 1, 0, 0, 3, 2, 1, 2, 3, 3, 0, 2, 1, 3], dtype=object)]
[542, array([-90., -45., -45.,   0.]), array([0, 3, 0, 2, 2, 0, 3, 0, 2, 2, 1, 2, 0, 3, 0, 3, 2, 3, 0, 0, 0, 3,
       1, 2, 0, 1, 3, 1, 0, 0, 3, 2, 1, 2, 3, 3, 0, 2, 1, 3], dtype=object)]
[573, array([-90., -45., -45.,   0.]), array([0, 3, 0, 2, 2, 0, 3, 0, 2, 2, 0, 2, 1, 3, 0, 3, 2, 3, 0, 0, 0, 3,
       1, 2, 0, 1, 3, 1, 0, 0, 3, 2, 1, 2, 3, 3, 0, 2, 1, 3], dtype=object)]
[546, array([-80., -40., -40.,   0.]), array([0, 3, 0, 2, 2, 0, 3, 0, 2, 2, 0, 2, 1, 3, 0, 3, 2, 3, 0, 0, 1, 3,
       1, 2, 0, 1, 3, 1, 0, 0, 3, 2, 1, 2, 3, 3, 0, 2, 1, 3], dtype=object)]
[550, array([-90., -45., -45.,   0.]), array([0, 3, 0, 2, 2, 0, 3, 0, 2, 2, 0, 2, 0, 3, 0, 3, 2, 3, 0, 0, 0, 3,
       1, 2, 0, 1, 3, 1, 0, 0, 3, 2, 1, 2, 3, 3, 0, 2, 1, 3], dtype=object)]
[574, array([-90., -45., -45.,   0.]), array([0, 3, 0, 2, 2, 0, 3, 0, 2, 2, 0, 2, 1, 3, 0, 3, 2, 3, 0, 0, 0, 3,
       1, 2, 0, 1, 3, 1, 0, 0, 3, 2, 0, 2, 3, 3, 0, 2, 1, 3], dtype=object)]
[543, array([-90., -45., -45.,   0.]), array([0, 3, 0, 2, 2, 0, 3, 0, 2, 2, 0, 2, 1, 3, 0, 3, 2, 3, 0, 0, 0, 3,
       1, 2, 0, 1, 3, 1, 0, 0, 3, 2, 1, 2, 3, 3, 0, 2, 1, 3], dtype=object)]
[547, array([-90., -45., -45.,   0.]), array([0, 3, 0, 2, 2, 0, 3, 0, 2, 2, 2, 2, 0, 3, 0, 3, 2, 3, 0, 0, 0, 3,
       1, 2, 0, 1, 3, 1, 0, 0, 3, 2, 1, 2, 3, 3, 0, 2, 1, 3], dtype=object)]
[575, array([-90., -45., -45.,   0.]), array([0, 3, 0, 2, 2, 0, 3, 0, 2, 2, 0, 2, 1, 3, 0, 3, 2, 3, 0, 0, 0, 3,
       1, 2, 0, 1, 3, 1, 0, 0, 3, 2, 1, 2, 3, 3, 0, 2, 1, 3], dtype=object)]
[551, array([-90., -45., -45.,   0.]), array([0, 3, 0, 2, 2, 0, 3, 0, 2, 2, 0, 2, 1, 3, 0, 3, 2, 3, 0, 0, 0, 3,
       1, 2, 0, 1, 3, 1, 0, 0, 3, 2, 1, 2, 3, 3, 0, 2, 1, 3], dtype=object)]
[544, array([-80., -40., -40.,   0.]), array([0, 3, 0, 2, 2, 0, 3, 0, 2, 2, 0, 2, 1, 3, 0, 3, 2, 3, 0, 0, 0, 3,
       1, 2, 0, 1, 3, 1, 0, 0, 2, 2, 1, 2, 3, 3, 0, 2, 1, 3], dtype=object)]
[548, array([-80., -40., -40.,   0.]), array([0, 3, 0, 2, 2, 0, 3, 0, 2, 2, 0, 2, 1, 3, 0, 3, 2, 3, 0, 3, 0, 3,
       1, 2, 0, 1, 3, 1, 0, 0, 3, 2, 1, 2, 3, 3, 0, 2, 1, 3], dtype=object)]
[576, array([-90., -45., -45.,   0.]), array([0, 3, 0, 2, 2, 0, 3, 0, 2, 2, 2, 2, 1, 3, 0, 3, 2, 3, 0, 0, 0, 3,
       1, 2, 0, 1, 3, 1, 0, 0, 3, 2, 1, 2, 3, 3, 0, 2, 1, 3], dtype=object)]
[552, array([-90., -45., -45.,   0.]), array([0, 3, 0, 2, 2, 0, 3, 0, 2, 2, 0, 2, 3, 3, 0, 3, 2, 3, 0, 0, 0, 3,
       1, 2, 0, 1, 3, 1, 0, 0, 3, 2, 1, 2, 3, 3, 0, 2, 1, 3], dtype=object)]
[545, array([-90., -45., -45.,   0.]), array([0, 3, 0, 2, 2, 0, 3, 0, 2, 2, 0, 2, 1, 3, 0, 3, 2, 3, 0, 0, 0, 3,
       1, 2, 0, 1, 3, 1, 0, 0, 3, 2, 1, 2, 3, 3, 0, 2, 1, 3], dtype=object)]
[549, array([-90., -45., -45.,   0.]), array([0, 3, 0, 2, 2, 0, 3, 0, 2, 2, 0, 2, 1, 3, 0, 3, 2, 3, 0, 0, 0, 3,
       1, 2, 0, 1, 3, 1, 0, 0, 3, 2, 1, 2, 3, 3, 0, 2, 1, 3], dtype=object)]
[577, array([-90., -45., -45.,   0.]), array([0, 3, 0, 2, 2, 0, 3, 0, 2, 2, 0, 2, 1, 3, 0, 3, 2, 3, 0, 0, 0, 3,
       1, 2, 0, 1, 3, 1, 0, 0, 3, 2, 1, 2, 3, 3, 0, 2, 1, 3], dtype=object)]
[553, array([-90., -45., -45.,   0.]), array([0, 3, 0, 2, 2, 0, 3, 0, 2, 2, 0, 2, 1, 3, 0, 3, 2, 3, 0, 0, 0, 3,
       1, 2, 0, 1, 3, 1, 0, 0, 3, 2, 1, 2, 3, 3, 0, 2, 1, 3], dtype=object)]
[546, array([-80., -40., -40.,   0.]), array([0, 3, 0, 2, 2, 0, 3, 0, 2, 2, 0, 2, 1, 3, 0, 3, 2, 3, 0, 0, 1, 3,
       1, 2, 0, 1, 3, 1, 0, 0, 3, 2, 1, 2, 3, 3, 0, 2, 1, 3], dtype=object)]
[550, array([-90., -45., -45.,   0.]), array([0, 3, 0, 2, 2, 0, 3, 0, 2, 2, 0, 2, 0, 3, 0, 3, 2, 3, 0, 0, 0, 3,
       1, 2, 0, 1, 3, 1, 0, 0, 3, 2, 1, 2, 3, 3, 0, 2, 1, 3], dtype=object)]
[578, array([-90., -45., -45.,   0.]), array([0, 3, 0, 2, 2, 0, 3, 0, 2, 2, 1, 2, 1, 3, 0, 3, 2, 3, 0, 0, 0, 3,
       1, 2, 0, 1, 3, 1, 0, 0, 3, 2, 1, 2, 3, 3, 0, 2, 1, 3], dtype=object)]
[554, array([-90., -45., -45.,   0.]), array([0, 3, 0, 2, 2, 0, 3, 0, 2, 2, 2, 2, 3, 3, 0, 3, 2, 3, 0, 0, 0, 3,
       1, 2, 0, 1, 3, 1, 0, 0, 3, 2, 1, 2, 3, 3, 0, 2, 1, 3], dtype=object)]
[547, array([-90., -45., -45.,   0.]), array([0, 3, 0, 2, 2, 0, 3, 0, 2, 2, 2, 2, 0, 3, 0, 3, 2, 3, 0, 0, 0, 3,
       1, 2, 0, 1, 3, 1, 0, 0, 3, 2, 1, 2, 3, 3, 0, 2, 1, 3], dtype=object)]
[551, array([-90., -45., -45.,   0.]), array([0, 3, 0, 2, 2, 0, 3, 0, 2, 2, 0, 2, 1, 3, 0, 3, 2, 3, 0, 0, 0, 3,
       1, 2, 0, 1, 3, 1, 0, 0, 3, 2, 1, 2, 3, 3, 0, 2, 1, 3], dtype=object)]
[579, array([-90., -45., -45.,   0.]), array([0, 3, 0, 2, 2, 0, 3, 0, 2, 2, 0, 2, 1, 3, 0, 1, 2, 3, 0, 0, 0, 3,
       1, 2, 0, 1, 3, 1, 0, 0, 3, 2, 1, 2, 3, 3, 0, 2, 1, 3], dtype=object)]
[555, array([-90., -45., -45.,   0.]), array([0, 3, 0, 2, 2, 0, 3, 0, 2, 2, 0, 2, 1, 3, 0, 1, 2, 3, 0, 0, 0, 3,
       1, 2, 0, 1, 3, 1, 0, 0, 3, 2, 1, 2, 3, 3, 0, 2, 1, 3], dtype=object)]
[548, array([-80., -40., -40.,   0.]), array([0, 3, 0, 2, 2, 0, 3, 0, 2, 2, 0, 2, 1, 3, 0, 3, 2, 3, 0, 3, 0, 3,
       1, 2, 0, 1, 3, 1, 0, 0, 3, 2, 1, 2, 3, 3, 0, 2, 1, 3], dtype=object)]
[552, array([-90., -45., -45.,   0.]), array([0, 3, 0, 2, 2, 0, 3, 0, 2, 2, 0, 2, 3, 3, 0, 3, 2, 3, 0, 0, 0, 3,
       1, 2, 0, 1, 3, 1, 0, 0, 3, 2, 1, 2, 3, 3, 0, 2, 1, 3], dtype=object)]
[580, array([-90., -45., -45.,   0.]), array([0, 3, 0, 2, 2, 0, 3, 0, 2, 2, 2, 2, 1, 3, 0, 3, 2, 3, 0, 0, 0, 3,
       1, 2, 0, 1, 3, 1, 0, 0, 3, 2, 1, 2, 3, 3, 0, 2, 1, 3], dtype=object)]
[556, array([-90., -45., -45.,   0.]), array([0, 3, 0, 2, 2, 0, 3, 2, 2, 2, 0, 2, 1, 3, 0, 3, 0, 3, 0, 0, 0, 3,
       1, 2, 0, 1, 3, 1, 0, 0, 3, 2, 1, 2, 3, 3, 0, 2, 1, 3], dtype=object)]
[549, array([-90., -45., -45.,   0.]), array([0, 3, 0, 2, 2, 0, 3, 0, 2, 2, 0, 2, 1, 3, 0, 3, 2, 3, 0, 0, 0, 3,
       1, 2, 0, 1, 3, 1, 0, 0, 3, 2, 1, 2, 3, 3, 0, 2, 1, 3], dtype=object)]
[553, array([-90., -45., -45.,   0.]), array([0, 3, 0, 2, 2, 0, 3, 0, 2, 2, 0, 2, 1, 3, 0, 3, 2, 3, 0, 0, 0, 3,
       1, 2, 0, 1, 3, 1, 0, 0, 3, 2, 1, 2, 3, 3, 0, 2, 1, 3], dtype=object)]
[581, array([-90., -45., -45.,   0.]), array([0, 3, 0, 2, 2, 0, 3, 0, 2, 2, 0, 2, 1, 3, 0, 1, 2, 3, 0, 0, 0, 3,
       1, 2, 0, 1, 3, 1, 0, 0, 3, 2, 1, 2, 3, 3, 0, 2, 1, 3], dtype=object)]
[557, array([-90., -45., -45.,   0.]), array([0, 3, 0, 2, 2, 0, 3, 0, 2, 2, 0, 2, 1, 3, 0, 3, 2, 3, 0, 0, 0, 3,
       1, 2, 0, 1, 3, 1, 0, 0, 3, 2, 1, 2, 3, 3, 0, 2, 1, 3], dtype=object)]
[550, array([-90., -45., -45.,   0.]), array([0, 3, 0, 2, 2, 0, 3, 0, 2, 2, 0, 2, 0, 3, 0, 3, 2, 3, 0, 0, 0, 3,
       1, 2, 0, 1, 3, 1, 0, 0, 3, 2, 1, 2, 3, 3, 0, 2, 1, 3], dtype=object)]
[554, array([-90., -45., -45.,   0.]), array([0, 3, 0, 2, 2, 0, 3, 0, 2, 2, 2, 2, 3, 3, 0, 3, 2, 3, 0, 0, 0, 3,
       1, 2, 0, 1, 3, 1, 0, 0, 3, 2, 1, 2, 3, 3, 0, 2, 1, 3], dtype=object)]
[582, array([-90., -45., -45.,   0.]), array([0, 3, 0, 2, 2, 0, 3, 0, 2, 2, 0, 2, 3, 3, 0, 3, 2, 3, 0, 0, 0, 3,
       1, 2, 0, 1, 3, 1, 0, 0, 3, 2, 1, 2, 3, 3, 0, 2, 1, 3], dtype=object)]
[558, array([-90., -45., -45.,   0.]), array([0, 3, 0, 2, 2, 0, 3, 0, 2, 2, 0, 2, 1, 3, 0, 1, 2, 3, 0, 0, 0, 3,
       1, 2, 0, 1, 3, 1, 0, 0, 3, 2, 3, 2, 3, 3, 0, 2, 1, 3], dtype=object)]
[551, array([-90., -45., -45.,   0.]), array([0, 3, 0, 2, 2, 0, 3, 0, 2, 2, 0, 2, 1, 3, 0, 3, 2, 3, 0, 0, 0, 3,
       1, 2, 0, 1, 3, 1, 0, 0, 3, 2, 1, 2, 3, 3, 0, 2, 1, 3], dtype=object)]
[555, array([-90., -45., -45.,   0.]), array([0, 3, 0, 2, 2, 0, 3, 0, 2, 2, 0, 2, 1, 3, 0, 1, 2, 3, 0, 0, 0, 3,
       1, 2, 0, 1, 3, 1, 0, 0, 3, 2, 1, 2, 3, 3, 0, 2, 1, 3], dtype=object)]
[583, array([-90., -45., -45.,   0.]), array([0, 3, 0, 2, 2, 0, 3, 0, 2, 2, 0, 2, 1, 3, 0, 3, 2, 3, 0, 0, 0, 3,
       1, 2, 0, 1, 3, 1, 0, 0, 3, 2, 1, 2, 3, 3, 0, 2, 1, 3], dtype=object)]
[559, array([-90., -45., -45.,   0.]), array([0, 3, 0, 2, 2, 0, 3, 0, 2, 2, 0, 2, 1, 3, 0, 3, 2, 3, 0, 0, 0, 3,
       1, 2, 0, 1, 3, 1, 0, 0, 3, 2, 1, 2, 3, 3, 0, 2, 1, 3], dtype=object)]
[552, array([-90., -45., -45.,   0.]), array([0, 3, 0, 2, 2, 0, 3, 0, 2, 2, 0, 2, 3, 3, 0, 3, 2, 3, 0, 0, 0, 3,
       1, 2, 0, 1, 3, 1, 0, 0, 3, 2, 1, 2, 3, 3, 0, 2, 1, 3], dtype=object)]
[556, array([-90., -45., -45.,   0.]), array([0, 3, 0, 2, 2, 0, 3, 2, 2, 2, 0, 2, 1, 3, 0, 3, 0, 3, 0, 0, 0, 3,
       1, 2, 0, 1, 3, 1, 0, 0, 3, 2, 1, 2, 3, 3, 0, 2, 1, 3], dtype=object)]
[584, array([-90., -45., -45.,   0.]), array([0, 3, 0, 2, 2, 0, 3, 0, 2, 2, 0, 2, 1, 3, 0, 1, 2, 3, 0, 0, 0, 3,
       1, 2, 0, 1, 3, 1, 0, 0, 3, 2, 2, 2, 3, 3, 0, 2, 1, 3], dtype=object)]
[560, array([-90., -45., -45.,   0.]), array([0, 3, 0, 2, 2, 0, 3, 0, 2, 2, 2, 2, 1, 3, 0, 3, 2, 3, 0, 0, 0, 3,
       1, 2, 0, 1, 3, 1, 0, 0, 3, 2, 1, 2, 3, 3, 0, 2, 1, 3], dtype=object)]
[553, array([-90., -45., -45.,   0.]), array([0, 3, 0, 2, 2, 0, 3, 0, 2, 2, 0, 2, 1, 3, 0, 3, 2, 3, 0, 0, 0, 3,
       1, 2, 0, 1, 3, 1, 0, 0, 3, 2, 1, 2, 3, 3, 0, 2, 1, 3], dtype=object)]
[557, array([-90., -45., -45.,   0.]), array([0, 3, 0, 2, 2, 0, 3, 0, 2, 2, 0, 2, 1, 3, 0, 3, 2, 3, 0, 0, 0, 3,
       1, 2, 0, 1, 3, 1, 0, 0, 3, 2, 1, 2, 3, 3, 0, 2, 1, 3], dtype=object)]
[585, array([-90., -45., -45.,   0.]), array([0, 3, 0, 2, 2, 0, 3, 0, 2, 2, 0, 2, 1, 3, 0, 1, 2, 3, 0, 0, 0, 3,
       1, 2, 0, 1, 3, 1, 0, 0, 3, 2, 1, 2, 3, 3, 0, 2, 1, 3], dtype=object)]
[561, array([-90., -45., -45.,   0.]), array([0, 3, 0, 2, 2, 0, 3, 0, 2, 2, 0, 2, 1, 3, 0, 3, 2, 3, 0, 0, 0, 3,
       1, 2, 0, 1, 3, 1, 0, 0, 3, 2, 1, 2, 3, 3, 0, 2, 1, 3], dtype=object)]
[554, array([-90., -45., -45.,   0.]), array([0, 3, 0, 2, 2, 0, 3, 0, 2, 2, 2, 2, 3, 3, 0, 3, 2, 3, 0, 0, 0, 3,
       1, 2, 0, 1, 3, 1, 0, 0, 3, 2, 1, 2, 3, 3, 0, 2, 1, 3], dtype=object)]
[558, array([-90., -45., -45.,   0.]), array([0, 3, 0, 2, 2, 0, 3, 0, 2, 2, 0, 2, 1, 3, 0, 1, 2, 3, 0, 0, 0, 3,
       1, 2, 0, 1, 3, 1, 0, 0, 3, 2, 3, 2, 3, 3, 0, 2, 1, 3], dtype=object)]
[586, array([-90., -45., -45.,   0.]), array([0, 3, 0, 2, 2, 0, 3, 0, 2, 2, 0, 2, 1, 3, 0, 3, 2, 3, 0, 0, 0, 3,
       1, 2, 0, 1, 3, 1, 0, 0, 3, 2, 2, 2, 3, 3, 0, 2, 1, 3], dtype=object)]
[562, array([-80., -40., -40.,   0.]), array([0, 3, 0, 2, 2, 0, 3, 0, 2, 2, 0, 2, 1, 3, 0, 1, 2, 3, 0, 0, 3, 3,
       1, 2, 0, 1, 3, 1, 0, 0, 3, 2, 1, 2, 3, 3, 0, 2, 1, 3], dtype=object)]
[555, array([-90., -45., -45.,   0.]), array([0, 3, 0, 2, 2, 0, 3, 0, 2, 2, 0, 2, 1, 3, 0, 1, 2, 3, 0, 0, 0, 3,
       1, 2, 0, 1, 3, 1, 0, 0, 3, 2, 1, 2, 3, 3, 0, 2, 1, 3], dtype=object)]
[559, array([-90., -45., -45.,   0.]), array([0, 3, 0, 2, 2, 0, 3, 0, 2, 2, 0, 2, 1, 3, 0, 3, 2, 3, 0, 0, 0, 3,
       1, 2, 0, 1, 3, 1, 0, 0, 3, 2, 1, 2, 3, 3, 0, 2, 1, 3], dtype=object)]
[587, array([-90., -45., -45.,   0.]), array([0, 3, 0, 2, 2, 0, 3, 0, 2, 2, 0, 2, 1, 3, 0, 1, 2, 3, 0, 0, 0, 3,
       1, 2, 0, 1, 3, 1, 0, 0, 3, 2, 1, 2, 3, 3, 0, 2, 1, 3], dtype=object)]
[563, array([-90., -45., -45.,   0.]), array([0, 3, 0, 2, 2, 0, 3, 0, 2, 2, 0, 2, 1, 3, 0, 1, 2, 3, 0, 0, 0, 3,
       1, 2, 0, 1, 3, 1, 0, 0, 3, 2, 1, 2, 3, 3, 0, 2, 1, 3], dtype=object)]
[556, array([-90., -45., -45.,   0.]), array([0, 3, 0, 2, 2, 0, 3, 2, 2, 2, 0, 2, 1, 3, 0, 3, 0, 3, 0, 0, 0, 3,
       1, 2, 0, 1, 3, 1, 0, 0, 3, 2, 1, 2, 3, 3, 0, 2, 1, 3], dtype=object)]
[588, array([-90., -45., -45.,   0.]), array([0, 3, 0, 2, 2, 0, 3, 0, 2, 2, 0, 2, 3, 3, 0, 3, 2, 3, 0, 0, 0, 3,
       1, 2, 0, 1, 3, 1, 0, 0, 3, 2, 1, 2, 3, 3, 0, 2, 1, 3], dtype=object)]
[560, array([-90., -45., -45.,   0.]), array([0, 3, 0, 2, 2, 0, 3, 0, 2, 2, 2, 2, 1, 3, 0, 3, 2, 3, 0, 0, 0, 3,
       1, 2, 0, 1, 3, 1, 0, 0, 3, 2, 1, 2, 3, 3, 0, 2, 1, 3], dtype=object)]
[564, array([-90., -45., -45.,   0.]), array([0, 3, 0, 2, 2, 0, 3, 0, 2, 2, 0, 2, 1, 3, 0, 1, 2, 3, 0, 0, 0, 3,
       1, 2, 0, 1, 3, 1, 0, 0, 3, 2, 3, 2, 3, 3, 0, 2, 1, 3], dtype=object)]
[589, array([-90., -45., -45.,   0.]), array([0, 3, 0, 2, 2, 0, 3, 0, 2, 2, 0, 2, 3, 3, 0, 3, 2, 3, 0, 0, 0, 3,
       1, 2, 0, 1, 3, 1, 0, 0, 3, 2, 1, 2, 3, 3, 0, 2, 1, 3], dtype=object)]
[557, array([-90., -45., -45.,   0.]), array([0, 3, 0, 2, 2, 0, 3, 0, 2, 2, 0, 2, 1, 3, 0, 3, 2, 3, 0, 0, 0, 3,
       1, 2, 0, 1, 3, 1, 0, 0, 3, 2, 1, 2, 3, 3, 0, 2, 1, 3], dtype=object)]
[561, array([-90., -45., -45.,   0.]), array([0, 3, 0, 2, 2, 0, 3, 0, 2, 2, 0, 2, 1, 3, 0, 3, 2, 3, 0, 0, 0, 3,
       1, 2, 0, 1, 3, 1, 0, 0, 3, 2, 1, 2, 3, 3, 0, 2, 1, 3], dtype=object)]
[565, array([-90., -45., -45.,   0.]), array([0, 3, 0, 2, 2, 0, 3, 0, 2, 2, 0, 2, 1, 3, 0, 3, 2, 3, 0, 0, 0, 3,
       1, 2, 0, 1, 3, 1, 0, 0, 3, 2, 1, 2, 3, 3, 0, 2, 1, 3], dtype=object)]
[558, array([-90., -45., -45.,   0.]), array([0, 3, 0, 2, 2, 0, 3, 0, 2, 2, 0, 2, 1, 3, 0, 1, 2, 3, 0, 0, 0, 3,
       1, 2, 0, 1, 3, 1, 0, 0, 3, 2, 3, 2, 3, 3, 0, 2, 1, 3], dtype=object)]
[590, array([-90., -45., -45.,   0.]), array([0, 3, 0, 2, 2, 0, 3, 0, 2, 2, 2, 2, 1, 3, 0, 1, 2, 3, 0, 0, 0, 3,
       1, 2, 0, 1, 3, 1, 0, 0, 3, 2, 1, 2, 3, 3, 0, 2, 1, 3], dtype=object)]
[562, array([-80., -40., -40.,   0.]), array([0, 3, 0, 2, 2, 0, 3, 0, 2, 2, 0, 2, 1, 3, 0, 1, 2, 3, 0, 0, 3, 3,
       1, 2, 0, 1, 3, 1, 0, 0, 3, 2, 1, 2, 3, 3, 0, 2, 1, 3], dtype=object)]
[566, array([-90., -45., -45.,   0.]), array([0, 3, 0, 2, 2, 0, 3, 0, 2, 2, 0, 2, 1, 3, 0, 3, 2, 3, 0, 0, 0, 3,
       1, 2, 0, 1, 3, 1, 0, 0, 3, 2, 0, 2, 3, 3, 0, 2, 1, 3], dtype=object)]
[591, array([-90., -45., -45.,   0.]), array([0, 3, 0, 2, 2, 0, 3, 0, 2, 2, 0, 2, 1, 3, 0, 1, 2, 3, 0, 0, 0, 3,
       1, 2, 0, 1, 3, 1, 0, 0, 3, 2, 1, 2, 3, 3, 0, 2, 1, 3], dtype=object)]
[559, array([-90., -45., -45.,   0.]), array([0, 3, 0, 2, 2, 0, 3, 0, 2, 2, 0, 2, 1, 3, 0, 3, 2, 3, 0, 0, 0, 3,
       1, 2, 0, 1, 3, 1, 0, 0, 3, 2, 1, 2, 3, 3, 0, 2, 1, 3], dtype=object)]
[563, array([-90., -45., -45.,   0.]), array([0, 3, 0, 2, 2, 0, 3, 0, 2, 2, 0, 2, 1, 3, 0, 1, 2, 3, 0, 0, 0, 3,
       1, 2, 0, 1, 3, 1, 0, 0, 3, 2, 1, 2, 3, 3, 0, 2, 1, 3], dtype=object)]
[567, array([-90., -45., -45.,   0.]), array([0, 3, 0, 2, 2, 0, 3, 0, 2, 2, 0, 2, 1, 3, 0, 3, 2, 3, 0, 0, 0, 3,
       1, 2, 0, 1, 3, 1, 0, 0, 3, 2, 1, 2, 3, 3, 0, 2, 1, 3], dtype=object)]
[560, array([-90., -45., -45.,   0.]), array([0, 3, 0, 2, 2, 0, 3, 0, 2, 2, 2, 2, 1, 3, 0, 3, 2, 3, 0, 0, 0, 3,
       1, 2, 0, 1, 3, 1, 0, 0, 3, 2, 1, 2, 3, 3, 0, 2, 1, 3], dtype=object)]
[592, array([-80., -40., -40.,   0.]), array([0, 3, 0, 2, 2, 0, 3, 0, 2, 2, 0, 2, 1, 3, 0, 1, 2, 3, 0, 0, 0, 3,
       1, 2, 0, 1, 3, 1, 0, 0, 0, 2, 1, 2, 3, 3, 0, 2, 1, 3], dtype=object)]
[564, array([-90., -45., -45.,   0.]), array([0, 3, 0, 2, 2, 0, 3, 0, 2, 2, 0, 2, 1, 3, 0, 1, 2, 3, 0, 0, 0, 3,
       1, 2, 0, 1, 3, 1, 0, 0, 3, 2, 3, 2, 3, 3, 0, 2, 1, 3], dtype=object)]
[568, array([-90., -45., -45.,   0.]), array([0, 3, 0, 2, 2, 0, 3, 0, 2, 2, 0, 2, 1, 3, 0, 3, 2, 3, 0, 0, 0, 1,
       1, 2, 0, 1, 3, 1, 0, 0, 3, 2, 1, 2, 3, 1, 0, 2, 1, 3], dtype=object)]
[593, array([-90., -45., -45.,   0.]), array([0, 3, 0, 2, 2, 0, 3, 0, 2, 2, 2, 2, 1, 3, 0, 1, 2, 3, 0, 0, 0, 3,
       1, 2, 0, 1, 3, 1, 0, 0, 3, 2, 1, 2, 3, 3, 0, 2, 1, 3], dtype=object)]
[561, array([-90., -45., -45.,   0.]), array([0, 3, 0, 2, 2, 0, 3, 0, 2, 2, 0, 2, 1, 3, 0, 3, 2, 3, 0, 0, 0, 3,
       1, 2, 0, 1, 3, 1, 0, 0, 3, 2, 1, 2, 3, 3, 0, 2, 1, 3], dtype=object)]
[565, array([-90., -45., -45.,   0.]), array([0, 3, 0, 2, 2, 0, 3, 0, 2, 2, 0, 2, 1, 3, 0, 3, 2, 3, 0, 0, 0, 3,
       1, 2, 0, 1, 3, 1, 0, 0, 3, 2, 1, 2, 3, 3, 0, 2, 1, 3], dtype=object)]
[594, array([-90., -45., -45.,   0.]), array([0, 3, 0, 2, 2, 0, 3, 0, 2, 2, 0, 2, 1, 3, 0, 2, 2, 3, 0, 0, 0, 3,
       1, 2, 0, 1, 3, 1, 0, 0, 3, 2, 2, 2, 3, 3, 0, 2, 1, 3], dtype=object)]
[562, array([-80., -40., -40.,   0.]), array([0, 3, 0, 2, 2, 0, 3, 0, 2, 2, 0, 2, 1, 3, 0, 1, 2, 3, 0, 0, 3, 3,
       1, 2, 0, 1, 3, 1, 0, 0, 3, 2, 1, 2, 3, 3, 0, 2, 1, 3], dtype=object)]
[569, array([-90., -45., -45.,   0.]), array([0, 3, 0, 2, 2, 0, 3, 0, 2, 2, 0, 2, 1, 3, 0, 3, 2, 3, 0, 0, 0, 3,
       1, 2, 0, 1, 3, 1, 0, 0, 3, 2, 1, 2, 3, 3, 0, 2, 1, 3], dtype=object)]
[566, array([-90., -45., -45.,   0.]), array([0, 3, 0, 2, 2, 0, 3, 0, 2, 2, 0, 2, 1, 3, 0, 3, 2, 3, 0, 0, 0, 3,
       1, 2, 0, 1, 3, 1, 0, 0, 3, 2, 0, 2, 3, 3, 0, 2, 1, 3], dtype=object)]
[595, array([-90., -45., -45.,   0.]), array([0, 3, 0, 2, 2, 0, 3, 0, 2, 2, 0, 2, 1, 3, 0, 3, 2, 3, 0, 0, 0, 3,
       1, 2, 0, 1, 3, 1, 0, 0, 3, 2, 1, 2, 3, 3, 0, 2, 1, 3], dtype=object)]
[570, array([-80., -40., -40.,   0.]), array([0, 3, 0, 2, 2, 0, 3, 0, 2, 2, 0, 2, 1, 3, 0, 1, 2, 3, 0, 0, 0, 3,
       1, 3, 0, 1, 3, 1, 0, 0, 3, 2, 1, 2, 3, 3, 0, 2, 1, 3], dtype=object)]
[563, array([-90., -45., -45.,   0.]), array([0, 3, 0, 2, 2, 0, 3, 0, 2, 2, 0, 2, 1, 3, 0, 1, 2, 3, 0, 0, 0, 3,
       1, 2, 0, 1, 3, 1, 0, 0, 3, 2, 1, 2, 3, 3, 0, 2, 1, 3], dtype=object)]
[567, array([-90., -45., -45.,   0.]), array([0, 3, 0, 2, 2, 0, 3, 0, 2, 2, 0, 2, 1, 3, 0, 3, 2, 3, 0, 0, 0, 3,
       1, 2, 0, 1, 3, 1, 0, 0, 3, 2, 1, 2, 3, 3, 0, 2, 1, 3], dtype=object)]
[596, array([-90., -45., -45.,   0.]), array([0, 3, 0, 2, 2, 0, 3, 0, 2, 2, 2, 2, 2, 3, 0, 3, 2, 3, 0, 0, 0, 3,
       1, 2, 0, 1, 3, 1, 0, 0, 3, 2, 3, 2, 3, 3, 0, 2, 1, 3], dtype=object)]
[564, array([-90., -45., -45.,   0.]), array([0, 3, 0, 2, 2, 0, 3, 0, 2, 2, 0, 2, 1, 3, 0, 1, 2, 3, 0, 0, 0, 3,
       1, 2, 0, 1, 3, 1, 0, 0, 3, 2, 3, 2, 3, 3, 0, 2, 1, 3], dtype=object)]
[571, array([-90., -45., -45.,   0.]), array([0, 3, 0, 2, 2, 0, 3, 0, 2, 2, 0, 2, 1, 3, 0, 3, 2, 3, 0, 0, 0, 3,
       1, 2, 0, 1, 3, 1, 0, 0, 3, 2, 1, 2, 3, 3, 0, 2, 1, 3], dtype=object)]
[568, array([-90., -45., -45.,   0.]), array([0, 3, 0, 2, 2, 0, 3, 0, 2, 2, 0, 2, 1, 3, 0, 3, 2, 3, 0, 0, 0, 1,
       1, 2, 0, 1, 3, 1, 0, 0, 3, 2, 1, 2, 3, 1, 0, 2, 1, 3], dtype=object)]
[597, array([-90., -45., -45.,   0.]), array([0, 3, 0, 2, 2, 0, 3, 0, 2, 2, 3, 2, 1, 3, 0, 3, 2, 3, 0, 0, 0, 3,
       1, 2, 0, 1, 3, 1, 0, 0, 3, 2, 1, 2, 3, 3, 0, 2, 1, 3], dtype=object)]
[572, array([-80., -40., -40.,   0.]), array([0, 3, 0, 2, 2, 0, 3, 0, 2, 2, 0, 2, 1, 3, 0, 3, 2, 3, 0, 3, 0, 3,
       1, 2, 0, 1, 3, 1, 0, 0, 3, 2, 1, 2, 3, 3, 0, 2, 1, 3], dtype=object)]
[565, array([-90., -45., -45.,   0.]), array([0, 3, 0, 2, 2, 0, 3, 0, 2, 2, 0, 2, 1, 3, 0, 3, 2, 3, 0, 0, 0, 3,
       1, 2, 0, 1, 3, 1, 0, 0, 3, 2, 1, 2, 3, 3, 0, 2, 1, 3], dtype=object)]
[569, array([-90., -45., -45.,   0.]), array([0, 3, 0, 2, 2, 0, 3, 0, 2, 2, 0, 2, 1, 3, 0, 3, 2, 3, 0, 0, 0, 3,
       1, 2, 0, 1, 3, 1, 0, 0, 3, 2, 1, 2, 3, 3, 0, 2, 1, 3], dtype=object)]
[598, array([-90., -45., -45.,   0.]), array([0, 3, 0, 2, 2, 0, 3, 0, 2, 2, 2, 2, 1, 3, 0, 3, 2, 3, 0, 0, 0, 3,
       1, 2, 0, 1, 3, 1, 0, 0, 3, 2, 1, 2, 3, 3, 0, 2, 1, 3], dtype=object)]
[573, array([-90., -45., -45.,   0.]), array([0, 3, 0, 2, 2, 0, 3, 0, 2, 2, 0, 2, 1, 3, 0, 3, 2, 3, 0, 0, 0, 3,
       1, 2, 0, 1, 3, 1, 0, 0, 3, 2, 1, 2, 3, 3, 0, 2, 1, 3], dtype=object)]
[566, array([-90., -45., -45.,   0.]), array([0, 3, 0, 2, 2, 0, 3, 0, 2, 2, 0, 2, 1, 3, 0, 3, 2, 3, 0, 0, 0, 3,
       1, 2, 0, 1, 3, 1, 0, 0, 3, 2, 0, 2, 3, 3, 0, 2, 1, 3], dtype=object)]
[570, array([-80., -40., -40.,   0.]), array([0, 3, 0, 2, 2, 0, 3, 0, 2, 2, 0, 2, 1, 3, 0, 1, 2, 3, 0, 0, 0, 3,
       1, 3, 0, 1, 3, 1, 0, 0, 3, 2, 1, 2, 3, 3, 0, 2, 1, 3], dtype=object)]
[599, array([-90., -45., -45.,   0.]), array([0, 3, 0, 2, 2, 0, 3, 0, 2, 2, 3, 2, 1, 3, 0, 3, 2, 3, 0, 0, 0, 3,
       1, 2, 0, 1, 3, 1, 0, 0, 3, 2, 1, 2, 3, 3, 0, 2, 1, 3], dtype=object)]
[574, array([-90., -45., -45.,   0.]), array([0, 3, 0, 2, 2, 0, 3, 0, 2, 2, 0, 2, 1, 3, 0, 3, 2, 3, 0, 0, 0, 3,
       1, 2, 0, 1, 3, 1, 0, 0, 3, 2, 0, 2, 3, 3, 0, 2, 1, 3], dtype=object)]
[567, array([-90., -45., -45.,   0.]), array([0, 3, 0, 2, 2, 0, 3, 0, 2, 2, 0, 2, 1, 3, 0, 3, 2, 3, 0, 0, 0, 3,
       1, 2, 0, 1, 3, 1, 0, 0, 3, 2, 1, 2, 3, 3, 0, 2, 1, 3], dtype=object)]
[571, array([-90., -45., -45.,   0.]), array([0, 3, 0, 2, 2, 0, 3, 0, 2, 2, 0, 2, 1, 3, 0, 3, 2, 3, 0, 0, 0, 3,
       1, 2, 0, 1, 3, 1, 0, 0, 3, 2, 1, 2, 3, 3, 0, 2, 1, 3], dtype=object)]
[600, array([-90., -45., -45.,   0.]), array([0, 3, 0, 2, 2, 0, 3, 0, 2, 2, 2, 2, 0, 3, 0, 1, 2, 3, 0, 0, 0, 3,
       1, 2, 0, 1, 3, 1, 0, 0, 3, 2, 1, 2, 3, 3, 0, 2, 1, 3], dtype=object)]
[575, array([-90., -45., -45.,   0.]), array([0, 3, 0, 2, 2, 0, 3, 0, 2, 2, 0, 2, 1, 3, 0, 3, 2, 3, 0, 0, 0, 3,
       1, 2, 0, 1, 3, 1, 0, 0, 3, 2, 1, 2, 3, 3, 0, 2, 1, 3], dtype=object)]
[568, array([-90., -45., -45.,   0.]), array([0, 3, 0, 2, 2, 0, 3, 0, 2, 2, 0, 2, 1, 3, 0, 3, 2, 3, 0, 0, 0, 1,
       1, 2, 0, 1, 3, 1, 0, 0, 3, 2, 1, 2, 3, 1, 0, 2, 1, 3], dtype=object)]
[572, array([-80., -40., -40.,   0.]), array([0, 3, 0, 2, 2, 0, 3, 0, 2, 2, 0, 2, 1, 3, 0, 3, 2, 3, 0, 3, 0, 3,
       1, 2, 0, 1, 3, 1, 0, 0, 3, 2, 1, 2, 3, 3, 0, 2, 1, 3], dtype=object)]
[601, array([-90., -45., -45.,   0.]), array([0, 3, 0, 2, 2, 0, 3, 0, 2, 2, 0, 2, 1, 3, 0, 3, 2, 3, 0, 0, 0, 3,
       1, 2, 0, 1, 3, 1, 0, 0, 3, 2, 1, 2, 3, 3, 0, 2, 1, 3], dtype=object)]
[576, array([-90., -45., -45.,   0.]), array([0, 3, 0, 2, 2, 0, 3, 0, 2, 2, 2, 2, 1, 3, 0, 3, 2, 3, 0, 0, 0, 3,
       1, 2, 0, 1, 3, 1, 0, 0, 3, 2, 1, 2, 3, 3, 0, 2, 1, 3], dtype=object)]
[569, array([-90., -45., -45.,   0.]), array([0, 3, 0, 2, 2, 0, 3, 0, 2, 2, 0, 2, 1, 3, 0, 3, 2, 3, 0, 0, 0, 3,
       1, 2, 0, 1, 3, 1, 0, 0, 3, 2, 1, 2, 3, 3, 0, 2, 1, 3], dtype=object)]
[602, array([-80., -40., -40.,   0.]), array([0, 3, 0, 2, 2, 0, 3, 0, 2, 2, 3, 2, 1, 3, 0, 3, 2, 3, 0, 0, 1, 3,
       1, 2, 0, 1, 3, 1, 0, 0, 3, 2, 3, 2, 3, 3, 0, 2, 1, 3], dtype=object)]
[573, array([-90., -45., -45.,   0.]), array([0, 3, 0, 2, 2, 0, 3, 0, 2, 2, 0, 2, 1, 3, 0, 3, 2, 3, 0, 0, 0, 3,
       1, 2, 0, 1, 3, 1, 0, 0, 3, 2, 1, 2, 3, 3, 0, 2, 1, 3], dtype=object)]
[577, array([-90., -45., -45.,   0.]), array([0, 3, 0, 2, 2, 0, 3, 0, 2, 2, 0, 2, 1, 3, 0, 3, 2, 3, 0, 0, 0, 3,
       1, 2, 0, 1, 3, 1, 0, 0, 3, 2, 1, 2, 3, 3, 0, 2, 1, 3], dtype=object)]
[570, array([-80., -40., -40.,   0.]), array([0, 3, 0, 2, 2, 0, 3, 0, 2, 2, 0, 2, 1, 3, 0, 1, 2, 3, 0, 0, 0, 3,
       1, 3, 0, 1, 3, 1, 0, 0, 3, 2, 1, 2, 3, 3, 0, 2, 1, 3], dtype=object)]
[574, array([-90., -45., -45.,   0.]), array([0, 3, 0, 2, 2, 0, 3, 0, 2, 2, 0, 2, 1, 3, 0, 3, 2, 3, 0, 0, 0, 3,
       1, 2, 0, 1, 3, 1, 0, 0, 3, 2, 0, 2, 3, 3, 0, 2, 1, 3], dtype=object)]
[603, array([-90., -45., -45.,   0.]), array([0, 3, 0, 2, 2, 0, 3, 0, 2, 2, 0, 2, 1, 3, 0, 1, 2, 3, 0, 0, 0, 3,
       1, 2, 0, 1, 3, 1, 0, 0, 3, 2, 1, 2, 3, 3, 0, 2, 1, 3], dtype=object)]
[578, array([-90., -45., -45.,   0.]), array([0, 3, 0, 2, 2, 0, 3, 0, 2, 2, 1, 2, 1, 3, 0, 3, 2, 3, 0, 0, 0, 3,
       1, 2, 0, 1, 3, 1, 0, 0, 3, 2, 1, 2, 3, 3, 0, 2, 1, 3], dtype=object)]
[571, array([-90., -45., -45.,   0.]), array([0, 3, 0, 2, 2, 0, 3, 0, 2, 2, 0, 2, 1, 3, 0, 3, 2, 3, 0, 0, 0, 3,
       1, 2, 0, 1, 3, 1, 0, 0, 3, 2, 1, 2, 3, 3, 0, 2, 1, 3], dtype=object)]
[604, array([-90., -45., -45.,   0.]), array([0, 3, 0, 2, 2, 0, 3, 0, 2, 2, 2, 2, 1, 3, 0, 1, 2, 3, 0, 0, 0, 3,
       1, 2, 0, 1, 3, 1, 0, 0, 3, 2, 3, 2, 3, 3, 0, 2, 1, 3], dtype=object)]
[575, array([-90., -45., -45.,   0.]), array([0, 3, 0, 2, 2, 0, 3, 0, 2, 2, 0, 2, 1, 3, 0, 3, 2, 3, 0, 0, 0, 3,
       1, 2, 0, 1, 3, 1, 0, 0, 3, 2, 1, 2, 3, 3, 0, 2, 1, 3], dtype=object)]
[579, array([-90., -45., -45.,   0.]), array([0, 3, 0, 2, 2, 0, 3, 0, 2, 2, 0, 2, 1, 3, 0, 1, 2, 3, 0, 0, 0, 3,
       1, 2, 0, 1, 3, 1, 0, 0, 3, 2, 1, 2, 3, 3, 0, 2, 1, 3], dtype=object)]
[572, array([-80., -40., -40.,   0.]), array([0, 3, 0, 2, 2, 0, 3, 0, 2, 2, 0, 2, 1, 3, 0, 3, 2, 3, 0, 3, 0, 3,
       1, 2, 0, 1, 3, 1, 0, 0, 3, 2, 1, 2, 3, 3, 0, 2, 1, 3], dtype=object)]
[605, array([-90., -45., -45.,   0.]), array([0, 3, 0, 2, 2, 0, 3, 0, 2, 2, 3, 2, 1, 3, 0, 3, 2, 3, 0, 0, 0, 3,
       1, 2, 0, 1, 3, 1, 0, 0, 3, 2, 1, 2, 3, 3, 0, 2, 1, 3], dtype=object)]
[576, array([-90., -45., -45.,   0.]), array([0, 3, 0, 2, 2, 0, 3, 0, 2, 2, 2, 2, 1, 3, 0, 3, 2, 3, 0, 0, 0, 3,
       1, 2, 0, 1, 3, 1, 0, 0, 3, 2, 1, 2, 3, 3, 0, 2, 1, 3], dtype=object)]
[580, array([-90., -45., -45.,   0.]), array([0, 3, 0, 2, 2, 0, 3, 0, 2, 2, 2, 2, 1, 3, 0, 3, 2, 3, 0, 0, 0, 3,
       1, 2, 0, 1, 3, 1, 0, 0, 3, 2, 1, 2, 3, 3, 0, 2, 1, 3], dtype=object)]
[573, array([-90., -45., -45.,   0.]), array([0, 3, 0, 2, 2, 0, 3, 0, 2, 2, 0, 2, 1, 3, 0, 3, 2, 3, 0, 0, 0, 3,
       1, 2, 0, 1, 3, 1, 0, 0, 3, 2, 1, 2, 3, 3, 0, 2, 1, 3], dtype=object)]
[606, array([-90., -45., -45.,   0.]), array([0, 3, 0, 2, 2, 0, 3, 0, 2, 2, 0, 2, 0, 3, 0, 1, 2, 3, 0, 0, 0, 3,
       1, 2, 0, 1, 3, 1, 0, 0, 3, 2, 1, 2, 3, 3, 0, 2, 1, 3], dtype=object)]
[577, array([-90., -45., -45.,   0.]), array([0, 3, 0, 2, 2, 0, 3, 0, 2, 2, 0, 2, 1, 3, 0, 3, 2, 3, 0, 0, 0, 3,
       1, 2, 0, 1, 3, 1, 0, 0, 3, 2, 1, 2, 3, 3, 0, 2, 1, 3], dtype=object)]
[581, array([-90., -45., -45.,   0.]), array([0, 3, 0, 2, 2, 0, 3, 0, 2, 2, 0, 2, 1, 3, 0, 1, 2, 3, 0, 0, 0, 3,
       1, 2, 0, 1, 3, 1, 0, 0, 3, 2, 1, 2, 3, 3, 0, 2, 1, 3], dtype=object)]
[574, array([-90., -45., -45.,   0.]), array([0, 3, 0, 2, 2, 0, 3, 0, 2, 2, 0, 2, 1, 3, 0, 3, 2, 3, 0, 0, 0, 3,
       1, 2, 0, 1, 3, 1, 0, 0, 3, 2, 0, 2, 3, 3, 0, 2, 1, 3], dtype=object)]
[607, array([-90., -45., -45.,   0.]), array([0, 3, 0, 2, 2, 0, 3, 0, 2, 2, 0, 2, 1, 3, 0, 1, 2, 3, 0, 0, 0, 3,
       1, 2, 0, 1, 3, 1, 0, 0, 3, 2, 1, 2, 3, 3, 0, 2, 1, 3], dtype=object)]
[578, array([-90., -45., -45.,   0.]), array([0, 3, 0, 2, 2, 0, 3, 0, 2, 2, 1, 2, 1, 3, 0, 3, 2, 3, 0, 0, 0, 3,
       1, 2, 0, 1, 3, 1, 0, 0, 3, 2, 1, 2, 3, 3, 0, 2, 1, 3], dtype=object)]
[582, array([-90., -45., -45.,   0.]), array([0, 3, 0, 2, 2, 0, 3, 0, 2, 2, 0, 2, 3, 3, 0, 3, 2, 3, 0, 0, 0, 3,
       1, 2, 0, 1, 3, 1, 0, 0, 3, 2, 1, 2, 3, 3, 0, 2, 1, 3], dtype=object)]
[575, array([-90., -45., -45.,   0.]), array([0, 3, 0, 2, 2, 0, 3, 0, 2, 2, 0, 2, 1, 3, 0, 3, 2, 3, 0, 0, 0, 3,
       1, 2, 0, 1, 3, 1, 0, 0, 3, 2, 1, 2, 3, 3, 0, 2, 1, 3], dtype=object)]
[608, array([-90., -45., -45.,   0.]), array([0, 3, 0, 2, 2, 0, 3, 0, 2, 2, 0, 2, 0, 3, 0, 1, 2, 3, 0, 0, 1, 3,
       1, 1, 0, 1, 3, 1, 0, 0, 3, 2, 1, 2, 3, 3, 0, 2, 1, 3], dtype=object)]
[579, array([-90., -45., -45.,   0.]), array([0, 3, 0, 2, 2, 0, 3, 0, 2, 2, 0, 2, 1, 3, 0, 1, 2, 3, 0, 0, 0, 3,
       1, 2, 0, 1, 3, 1, 0, 0, 3, 2, 1, 2, 3, 3, 0, 2, 1, 3], dtype=object)]
[583, array([-90., -45., -45.,   0.]), array([0, 3, 0, 2, 2, 0, 3, 0, 2, 2, 0, 2, 1, 3, 0, 3, 2, 3, 0, 0, 0, 3,
       1, 2, 0, 1, 3, 1, 0, 0, 3, 2, 1, 2, 3, 3, 0, 2, 1, 3], dtype=object)]
[576, array([-90., -45., -45.,   0.]), array([0, 3, 0, 2, 2, 0, 3, 0, 2, 2, 2, 2, 1, 3, 0, 3, 2, 3, 0, 0, 0, 3,
       1, 2, 0, 1, 3, 1, 0, 0, 3, 2, 1, 2, 3, 3, 0, 2, 1, 3], dtype=object)]
[609, array([-90., -45., -45.,   0.]), array([0, 3, 0, 2, 2, 0, 3, 0, 2, 2, 0, 2, 1, 3, 0, 1, 2, 3, 0, 0, 0, 3,
       1, 2, 0, 1, 3, 1, 0, 0, 3, 2, 1, 2, 3, 3, 0, 2, 1, 3], dtype=object)]
[580, array([-90., -45., -45.,   0.]), array([0, 3, 0, 2, 2, 0, 3, 0, 2, 2, 2, 2, 1, 3, 0, 3, 2, 3, 0, 0, 0, 3,
       1, 2, 0, 1, 3, 1, 0, 0, 3, 2, 1, 2, 3, 3, 0, 2, 1, 3], dtype=object)]
[584, array([-90., -45., -45.,   0.]), array([0, 3, 0, 2, 2, 0, 3, 0, 2, 2, 0, 2, 1, 3, 0, 1, 2, 3, 0, 0, 0, 3,
       1, 2, 0, 1, 3, 1, 0, 0, 3, 2, 2, 2, 3, 3, 0, 2, 1, 3], dtype=object)]
[610, array([-90., -45., -45.,   0.]), array([0, 3, 0, 2, 2, 0, 3, 0, 2, 2, 1, 2, 1, 3, 0, 1, 2, 3, 0, 0, 0, 3,
       1, 2, 0, 1, 3, 1, 0, 0, 3, 2, 1, 2, 3, 3, 0, 2, 1, 3], dtype=object)]
[577, array([-90., -45., -45.,   0.]), array([0, 3, 0, 2, 2, 0, 3, 0, 2, 2, 0, 2, 1, 3, 0, 3, 2, 3, 0, 0, 0, 3,
       1, 2, 0, 1, 3, 1, 0, 0, 3, 2, 1, 2, 3, 3, 0, 2, 1, 3], dtype=object)]
[581, array([-90., -45., -45.,   0.]), array([0, 3, 0, 2, 2, 0, 3, 0, 2, 2, 0, 2, 1, 3, 0, 1, 2, 3, 0, 0, 0, 3,
       1, 2, 0, 1, 3, 1, 0, 0, 3, 2, 1, 2, 3, 3, 0, 2, 1, 3], dtype=object)]
[585, array([-90., -45., -45.,   0.]), array([0, 3, 0, 2, 2, 0, 3, 0, 2, 2, 0, 2, 1, 3, 0, 1, 2, 3, 0, 0, 0, 3,
       1, 2, 0, 1, 3, 1, 0, 0, 3, 2, 1, 2, 3, 3, 0, 2, 1, 3], dtype=object)]
[578, array([-90., -45., -45.,   0.]), array([0, 3, 0, 2, 2, 0, 3, 0, 2, 2, 1, 2, 1, 3, 0, 3, 2, 3, 0, 0, 0, 3,
       1, 2, 0, 1, 3, 1, 0, 0, 3, 2, 1, 2, 3, 3, 0, 2, 1, 3], dtype=object)]
[611, array([-90., -45., -45.,   0.]), array([0, 3, 0, 2, 2, 0, 3, 0, 2, 2, 0, 2, 1, 3, 0, 1, 2, 3, 0, 0, 0, 3,
       1, 2, 0, 1, 3, 1, 0, 0, 3, 2, 1, 2, 3, 3, 0, 2, 1, 3], dtype=object)]
[582, array([-90., -45., -45.,   0.]), array([0, 3, 0, 2, 2, 0, 3, 0, 2, 2, 0, 2, 3, 3, 0, 3, 2, 3, 0, 0, 0, 3,
       1, 2, 0, 1, 3, 1, 0, 0, 3, 2, 1, 2, 3, 3, 0, 2, 1, 3], dtype=object)]
[586, array([-90., -45., -45.,   0.]), array([0, 3, 0, 2, 2, 0, 3, 0, 2, 2, 0, 2, 1, 3, 0, 3, 2, 3, 0, 0, 0, 3,
       1, 2, 0, 1, 3, 1, 0, 0, 3, 2, 2, 2, 3, 3, 0, 2, 1, 3], dtype=object)]
[612, array([-90., -45., -45.,   0.]), array([0, 3, 0, 2, 2, 0, 3, 1, 2, 2, 3, 2, 1, 3, 0, 3, 3, 3, 0, 0, 0, 3,
       1, 2, 0, 1, 3, 1, 0, 0, 3, 2, 1, 2, 3, 3, 0, 2, 1, 3], dtype=object)]
[579, array([-90., -45., -45.,   0.]), array([0, 3, 0, 2, 2, 0, 3, 0, 2, 2, 0, 2, 1, 3, 0, 1, 2, 3, 0, 0, 0, 3,
       1, 2, 0, 1, 3, 1, 0, 0, 3, 2, 1, 2, 3, 3, 0, 2, 1, 3], dtype=object)]
[583, array([-90., -45., -45.,   0.]), array([0, 3, 0, 2, 2, 0, 3, 0, 2, 2, 0, 2, 1, 3, 0, 3, 2, 3, 0, 0, 0, 3,
       1, 2, 0, 1, 3, 1, 0, 0, 3, 2, 1, 2, 3, 3, 0, 2, 1, 3], dtype=object)]
[613, array([-90., -45., -45.,   0.]), array([0, 3, 0, 2, 2, 0, 3, 0, 2, 2, 0, 2, 1, 3, 0, 3, 2, 3, 0, 0, 0, 3,
       1, 2, 0, 1, 3, 1, 0, 0, 3, 2, 1, 2, 3, 3, 0, 2, 1, 3], dtype=object)]
[587, array([-90., -45., -45.,   0.]), array([0, 3, 0, 2, 2, 0, 3, 0, 2, 2, 0, 2, 1, 3, 0, 1, 2, 3, 0, 0, 0, 3,
       1, 2, 0, 1, 3, 1, 0, 0, 3, 2, 1, 2, 3, 3, 0, 2, 1, 3], dtype=object)]
[580, array([-90., -45., -45.,   0.]), array([0, 3, 0, 2, 2, 0, 3, 0, 2, 2, 2, 2, 1, 3, 0, 3, 2, 3, 0, 0, 0, 3,
       1, 2, 0, 1, 3, 1, 0, 0, 3, 2, 1, 2, 3, 3, 0, 2, 1, 3], dtype=object)]
[584, array([-90., -45., -45.,   0.]), array([0, 3, 0, 2, 2, 0, 3, 0, 2, 2, 0, 2, 1, 3, 0, 1, 2, 3, 0, 0, 0, 3,
       1, 2, 0, 1, 3, 1, 0, 0, 3, 2, 2, 2, 3, 3, 0, 2, 1, 3], dtype=object)]
[614, array([-90., -45., -45.,   0.]), array([0, 3, 0, 2, 2, 0, 3, 0, 2, 2, 0, 2, 3, 3, 0, 1, 2, 3, 0, 0, 0, 3,
       1, 2, 0, 1, 3, 1, 0, 0, 3, 2, 0, 2, 3, 3, 0, 2, 1, 3], dtype=object)]
[588, array([-90., -45., -45.,   0.]), array([0, 3, 0, 2, 2, 0, 3, 0, 2, 2, 0, 2, 3, 3, 0, 3, 2, 3, 0, 0, 0, 3,
       1, 2, 0, 1, 3, 1, 0, 0, 3, 2, 1, 2, 3, 3, 0, 2, 1, 3], dtype=object)]
[585, array([-90., -45., -45.,   0.]), array([0, 3, 0, 2, 2, 0, 3, 0, 2, 2, 0, 2, 1, 3, 0, 1, 2, 3, 0, 0, 0, 3,
       1, 2, 0, 1, 3, 1, 0, 0, 3, 2, 1, 2, 3, 3, 0, 2, 1, 3], dtype=object)]
[581, array([-90., -45., -45.,   0.]), array([0, 3, 0, 2, 2, 0, 3, 0, 2, 2, 0, 2, 1, 3, 0, 1, 2, 3, 0, 0, 0, 3,
       1, 2, 0, 1, 3, 1, 0, 0, 3, 2, 1, 2, 3, 3, 0, 2, 1, 3], dtype=object)]
[615, array([-90., -45., -45.,   0.]), array([0, 3, 0, 2, 2, 0, 3, 0, 2, 2, 0, 2, 1, 3, 0, 1, 2, 3, 0, 0, 0, 3,
       1, 2, 0, 1, 3, 1, 0, 0, 3, 2, 1, 2, 3, 3, 0, 2, 1, 3], dtype=object)]
[589, array([-90., -45., -45.,   0.]), array([0, 3, 0, 2, 2, 0, 3, 0, 2, 2, 0, 2, 3, 3, 0, 3, 2, 3, 0, 0, 0, 3,
       1, 2, 0, 1, 3, 1, 0, 0, 3, 2, 1, 2, 3, 3, 0, 2, 1, 3], dtype=object)]
[586, array([-90., -45., -45.,   0.]), array([0, 3, 0, 2, 2, 0, 3, 0, 2, 2, 0, 2, 1, 3, 0, 3, 2, 3, 0, 0, 0, 3,
       1, 2, 0, 1, 3, 1, 0, 0, 3, 2, 2, 2, 3, 3, 0, 2, 1, 3], dtype=object)]
[582, array([-90., -45., -45.,   0.]), array([0, 3, 0, 2, 2, 0, 3, 0, 2, 2, 0, 2, 3, 3, 0, 3, 2, 3, 0, 0, 0, 3,
       1, 2, 0, 1, 3, 1, 0, 0, 3, 2, 1, 2, 3, 3, 0, 2, 1, 3], dtype=object)]
[616, array([-90., -45., -45.,   0.]), array([0, 3, 0, 2, 2, 0, 3, 0, 2, 2, 0, 2, 2, 3, 0, 1, 2, 3, 0, 0, 0, 3,
       1, 2, 0, 1, 3, 1, 0, 0, 3, 2, 0, 2, 3, 3, 0, 2, 1, 3], dtype=object)]
[590, array([-90., -45., -45.,   0.]), array([0, 3, 0, 2, 2, 0, 3, 0, 2, 2, 2, 2, 1, 3, 0, 1, 2, 3, 0, 0, 0, 3,
       1, 2, 0, 1, 3, 1, 0, 0, 3, 2, 1, 2, 3, 3, 0, 2, 1, 3], dtype=object)]
[587, array([-90., -45., -45.,   0.]), array([0, 3, 0, 2, 2, 0, 3, 0, 2, 2, 0, 2, 1, 3, 0, 1, 2, 3, 0, 0, 0, 3,
       1, 2, 0, 1, 3, 1, 0, 0, 3, 2, 1, 2, 3, 3, 0, 2, 1, 3], dtype=object)]
[583, array([-90., -45., -45.,   0.]), array([0, 3, 0, 2, 2, 0, 3, 0, 2, 2, 0, 2, 1, 3, 0, 3, 2, 3, 0, 0, 0, 3,
       1, 2, 0, 1, 3, 1, 0, 0, 3, 2, 1, 2, 3, 3, 0, 2, 1, 3], dtype=object)]
[617, array([-90., -45., -45.,   0.]), array([0, 3, 0, 2, 2, 0, 3, 0, 2, 2, 0, 2, 3, 3, 0, 1, 2, 3, 0, 0, 0, 3,
       1, 2, 0, 1, 3, 1, 0, 0, 3, 2, 1, 2, 3, 3, 0, 2, 1, 3], dtype=object)]
[588, array([-90., -45., -45.,   0.]), array([0, 3, 0, 2, 2, 0, 3, 0, 2, 2, 0, 2, 3, 3, 0, 3, 2, 3, 0, 0, 0, 3,
       1, 2, 0, 1, 3, 1, 0, 0, 3, 2, 1, 2, 3, 3, 0, 2, 1, 3], dtype=object)]
[584, array([-90., -45., -45.,   0.]), array([0, 3, 0, 2, 2, 0, 3, 0, 2, 2, 0, 2, 1, 3, 0, 1, 2, 3, 0, 0, 0, 3,
       1, 2, 0, 1, 3, 1, 0, 0, 3, 2, 2, 2, 3, 3, 0, 2, 1, 3], dtype=object)]
[591, array([-90., -45., -45.,   0.]), array([0, 3, 0, 2, 2, 0, 3, 0, 2, 2, 0, 2, 1, 3, 0, 1, 2, 3, 0, 0, 0, 3,
       1, 2, 0, 1, 3, 1, 0, 0, 3, 2, 1, 2, 3, 3, 0, 2, 1, 3], dtype=object)]
[618, array([-90., -45., -45.,   0.]), array([0, 3, 0, 2, 2, 0, 3, 0, 2, 2, 0, 2, 1, 3, 0, 2, 2, 3, 0, 0, 0, 3,
       1, 2, 0, 1, 3, 1, 0, 0, 3, 2, 0, 2, 3, 3, 0, 2, 1, 3], dtype=object)]
[592, array([-80., -40., -40.,   0.]), array([0, 3, 0, 2, 2, 0, 3, 0, 2, 2, 0, 2, 1, 3, 0, 1, 2, 3, 0, 0, 0, 3,
       1, 2, 0, 1, 3, 1, 0, 0, 0, 2, 1, 2, 3, 3, 0, 2, 1, 3], dtype=object)]
[585, array([-90., -45., -45.,   0.]), array([0, 3, 0, 2, 2, 0, 3, 0, 2, 2, 0, 2, 1, 3, 0, 1, 2, 3, 0, 0, 0, 3,
       1, 2, 0, 1, 3, 1, 0, 0, 3, 2, 1, 2, 3, 3, 0, 2, 1, 3], dtype=object)]
[589, array([-90., -45., -45.,   0.]), array([0, 3, 0, 2, 2, 0, 3, 0, 2, 2, 0, 2, 3, 3, 0, 3, 2, 3, 0, 0, 0, 3,
       1, 2, 0, 1, 3, 1, 0, 0, 3, 2, 1, 2, 3, 3, 0, 2, 1, 3], dtype=object)]
[619, array([-90., -45., -45.,   0.]), array([0, 3, 0, 2, 2, 0, 3, 0, 2, 2, 0, 2, 1, 3, 0, 3, 2, 3, 0, 0, 0, 3,
       1, 2, 0, 1, 3, 1, 0, 0, 3, 2, 1, 2, 3, 3, 0, 2, 1, 3], dtype=object)]
[593, array([-90., -45., -45.,   0.]), array([0, 3, 0, 2, 2, 0, 3, 0, 2, 2, 2, 2, 1, 3, 0, 1, 2, 3, 0, 0, 0, 3,
       1, 2, 0, 1, 3, 1, 0, 0, 3, 2, 1, 2, 3, 3, 0, 2, 1, 3], dtype=object)]
[586, array([-90., -45., -45.,   0.]), array([0, 3, 0, 2, 2, 0, 3, 0, 2, 2, 0, 2, 1, 3, 0, 3, 2, 3, 0, 0, 0, 3,
       1, 2, 0, 1, 3, 1, 0, 0, 3, 2, 2, 2, 3, 3, 0, 2, 1, 3], dtype=object)]
[590, array([-90., -45., -45.,   0.]), array([0, 3, 0, 2, 2, 0, 3, 0, 2, 2, 2, 2, 1, 3, 0, 1, 2, 3, 0, 0, 0, 3,
       1, 2, 0, 1, 3, 1, 0, 0, 3, 2, 1, 2, 3, 3, 0, 2, 1, 3], dtype=object)]
[620, array([-90., -45., -45.,   0.]), array([0, 3, 0, 2, 2, 0, 3, 0, 2, 2, 0, 2, 1, 3, 0, 1, 2, 3, 0, 0, 0, 3,
       1, 2, 0, 1, 3, 1, 0, 0, 3, 2, 0, 2, 3, 3, 0, 2, 1, 3], dtype=object)]
[594, array([-90., -45., -45.,   0.]), array([0, 3, 0, 2, 2, 0, 3, 0, 2, 2, 0, 2, 1, 3, 0, 2, 2, 3, 0, 0, 0, 3,
       1, 2, 0, 1, 3, 1, 0, 0, 3, 2, 2, 2, 3, 3, 0, 2, 1, 3], dtype=object)]
[587, array([-90., -45., -45.,   0.]), array([0, 3, 0, 2, 2, 0, 3, 0, 2, 2, 0, 2, 1, 3, 0, 1, 2, 3, 0, 0, 0, 3,
       1, 2, 0, 1, 3, 1, 0, 0, 3, 2, 1, 2, 3, 3, 0, 2, 1, 3], dtype=object)]
[591, array([-90., -45., -45.,   0.]), array([0, 3, 0, 2, 2, 0, 3, 0, 2, 2, 0, 2, 1, 3, 0, 1, 2, 3, 0, 0, 0, 3,
       1, 2, 0, 1, 3, 1, 0, 0, 3, 2, 1, 2, 3, 3, 0, 2, 1, 3], dtype=object)]
[621, array([-90., -45., -45.,   0.]), array([0, 3, 0, 2, 2, 0, 3, 0, 2, 2, 0, 2, 1, 3, 0, 3, 2, 3, 0, 0, 0, 3,
       1, 2, 0, 1, 3, 1, 0, 0, 3, 2, 1, 2, 3, 3, 0, 2, 1, 3], dtype=object)]
[588, array([-90., -45., -45.,   0.]), array([0, 3, 0, 2, 2, 0, 3, 0, 2, 2, 0, 2, 3, 3, 0, 3, 2, 3, 0, 0, 0, 3,
       1, 2, 0, 1, 3, 1, 0, 0, 3, 2, 1, 2, 3, 3, 0, 2, 1, 3], dtype=object)]
[595, array([-90., -45., -45.,   0.]), array([0, 3, 0, 2, 2, 0, 3, 0, 2, 2, 0, 2, 1, 3, 0, 3, 2, 3, 0, 0, 0, 3,
       1, 2, 0, 1, 3, 1, 0, 0, 3, 2, 1, 2, 3, 3, 0, 2, 1, 3], dtype=object)]
[592, array([-80., -40., -40.,   0.]), array([0, 3, 0, 2, 2, 0, 3, 0, 2, 2, 0, 2, 1, 3, 0, 1, 2, 3, 0, 0, 0, 3,
       1, 2, 0, 1, 3, 1, 0, 0, 0, 2, 1, 2, 3, 3, 0, 2, 1, 3], dtype=object)]
[622, array([-90., -45., -45.,   0.]), array([0, 3, 0, 2, 2, 0, 3, 0, 2, 2, 0, 2, 1, 3, 0, 1, 2, 3, 0, 0, 0, 3,
       1, 2, 0, 1, 3, 1, 0, 0, 3, 2, 0, 2, 3, 3, 0, 2, 1, 3], dtype=object)]
[589, array([-90., -45., -45.,   0.]), array([0, 3, 0, 2, 2, 0, 3, 0, 2, 2, 0, 2, 3, 3, 0, 3, 2, 3, 0, 0, 0, 3,
       1, 2, 0, 1, 3, 1, 0, 0, 3, 2, 1, 2, 3, 3, 0, 2, 1, 3], dtype=object)]
[596, array([-90., -45., -45.,   0.]), array([0, 3, 0, 2, 2, 0, 3, 0, 2, 2, 2, 2, 2, 3, 0, 3, 2, 3, 0, 0, 0, 3,
       1, 2, 0, 1, 3, 1, 0, 0, 3, 2, 3, 2, 3, 3, 0, 2, 1, 3], dtype=object)]
[593, array([-90., -45., -45.,   0.]), array([0, 3, 0, 2, 2, 0, 3, 0, 2, 2, 2, 2, 1, 3, 0, 1, 2, 3, 0, 0, 0, 3,
       1, 2, 0, 1, 3, 1, 0, 0, 3, 2, 1, 2, 3, 3, 0, 2, 1, 3], dtype=object)]
[623, array([-90., -45., -45.,   0.]), array([0, 3, 0, 2, 2, 0, 3, 0, 2, 2, 0, 2, 1, 3, 0, 1, 2, 3, 0, 0, 0, 3,
       1, 2, 0, 1, 3, 1, 0, 0, 3, 2, 1, 2, 3, 3, 0, 2, 1, 3], dtype=object)]
[590, array([-90., -45., -45.,   0.]), array([0, 3, 0, 2, 2, 0, 3, 0, 2, 2, 2, 2, 1, 3, 0, 1, 2, 3, 0, 0, 0, 3,
       1, 2, 0, 1, 3, 1, 0, 0, 3, 2, 1, 2, 3, 3, 0, 2, 1, 3], dtype=object)]
[597, array([-90., -45., -45.,   0.]), array([0, 3, 0, 2, 2, 0, 3, 0, 2, 2, 3, 2, 1, 3, 0, 3, 2, 3, 0, 0, 0, 3,
       1, 2, 0, 1, 3, 1, 0, 0, 3, 2, 1, 2, 3, 3, 0, 2, 1, 3], dtype=object)]
[594, array([-90., -45., -45.,   0.]), array([0, 3, 0, 2, 2, 0, 3, 0, 2, 2, 0, 2, 1, 3, 0, 2, 2, 3, 0, 0, 0, 3,
       1, 2, 0, 1, 3, 1, 0, 0, 3, 2, 2, 2, 3, 3, 0, 2, 1, 3], dtype=object)]
[624, array([-90., -45., -45.,   0.]), array([0, 3, 0, 2, 2, 0, 3, 0, 2, 2, 0, 2, 1, 3, 0, 1, 2, 3, 0, 0, 0, 3,
       1, 2, 0, 1, 3, 1, 0, 0, 3, 2, 0, 2, 3, 3, 0, 2, 1, 3], dtype=object)]
[591, array([-90., -45., -45.,   0.]), array([0, 3, 0, 2, 2, 0, 3, 0, 2, 2, 0, 2, 1, 3, 0, 1, 2, 3, 0, 0, 0, 3,
       1, 2, 0, 1, 3, 1, 0, 0, 3, 2, 1, 2, 3, 3, 0, 2, 1, 3], dtype=object)]
[598, array([-90., -45., -45.,   0.]), array([0, 3, 0, 2, 2, 0, 3, 0, 2, 2, 2, 2, 1, 3, 0, 3, 2, 3, 0, 0, 0, 3,
       1, 2, 0, 1, 3, 1, 0, 0, 3, 2, 1, 2, 3, 3, 0, 2, 1, 3], dtype=object)]
[595, array([-90., -45., -45.,   0.]), array([0, 3, 0, 2, 2, 0, 3, 0, 2, 2, 0, 2, 1, 3, 0, 3, 2, 3, 0, 0, 0, 3,
       1, 2, 0, 1, 3, 1, 0, 0, 3, 2, 1, 2, 3, 3, 0, 2, 1, 3], dtype=object)]
[625, array([-90., -45., -45.,   0.]), array([0, 3, 0, 2, 2, 0, 3, 0, 2, 2, 0, 2, 3, 3, 0, 1, 2, 3, 0, 0, 0, 3,
       1, 2, 0, 1, 3, 1, 0, 0, 3, 2, 0, 2, 3, 3, 0, 2, 1, 3], dtype=object)]
[592, array([-80., -40., -40.,   0.]), array([0, 3, 0, 2, 2, 0, 3, 0, 2, 2, 0, 2, 1, 3, 0, 1, 2, 3, 0, 0, 0, 3,
       1, 2, 0, 1, 3, 1, 0, 0, 0, 2, 1, 2, 3, 3, 0, 2, 1, 3], dtype=object)]
[599, array([-90., -45., -45.,   0.]), array([0, 3, 0, 2, 2, 0, 3, 0, 2, 2, 3, 2, 1, 3, 0, 3, 2, 3, 0, 0, 0, 3,
       1, 2, 0, 1, 3, 1, 0, 0, 3, 2, 1, 2, 3, 3, 0, 2, 1, 3], dtype=object)]
[626, array([-90., -45., -45.,   0.]), array([0, 3, 0, 2, 2, 0, 3, 0, 2, 2, 0, 2, 3, 3, 0, 3, 2, 3, 0, 0, 0, 3,
       1, 2, 0, 1, 3, 1, 0, 0, 3, 2, 0, 2, 3, 3, 0, 2, 1, 3], dtype=object)]
[596, array([-90., -45., -45.,   0.]), array([0, 3, 0, 2, 2, 0, 3, 0, 2, 2, 2, 2, 2, 3, 0, 3, 2, 3, 0, 0, 0, 3,
       1, 2, 0, 1, 3, 1, 0, 0, 3, 2, 3, 2, 3, 3, 0, 2, 1, 3], dtype=object)]
[593, array([-90., -45., -45.,   0.]), array([0, 3, 0, 2, 2, 0, 3, 0, 2, 2, 2, 2, 1, 3, 0, 1, 2, 3, 0, 0, 0, 3,
       1, 2, 0, 1, 3, 1, 0, 0, 3, 2, 1, 2, 3, 3, 0, 2, 1, 3], dtype=object)]
[600, array([-90., -45., -45.,   0.]), array([0, 3, 0, 2, 2, 0, 3, 0, 2, 2, 2, 2, 0, 3, 0, 1, 2, 3, 0, 0, 0, 3,
       1, 2, 0, 1, 3, 1, 0, 0, 3, 2, 1, 2, 3, 3, 0, 2, 1, 3], dtype=object)]
[627, array([-90., -45., -45.,   0.]), array([0, 3, 0, 2, 2, 0, 3, 0, 2, 2, 0, 2, 3, 3, 0, 1, 2, 3, 0, 0, 0, 3,
       1, 2, 0, 1, 3, 1, 0, 0, 3, 2, 0, 2, 3, 3, 0, 2, 1, 3], dtype=object)]
[597, array([-90., -45., -45.,   0.]), array([0, 3, 0, 2, 2, 0, 3, 0, 2, 2, 3, 2, 1, 3, 0, 3, 2, 3, 0, 0, 0, 3,
       1, 2, 0, 1, 3, 1, 0, 0, 3, 2, 1, 2, 3, 3, 0, 2, 1, 3], dtype=object)]
[594, array([-90., -45., -45.,   0.]), array([0, 3, 0, 2, 2, 0, 3, 0, 2, 2, 0, 2, 1, 3, 0, 2, 2, 3, 0, 0, 0, 3,
       1, 2, 0, 1, 3, 1, 0, 0, 3, 2, 2, 2, 3, 3, 0, 2, 1, 3], dtype=object)]
[601, array([-90., -45., -45.,   0.]), array([0, 3, 0, 2, 2, 0, 3, 0, 2, 2, 0, 2, 1, 3, 0, 3, 2, 3, 0, 0, 0, 3,
       1, 2, 0, 1, 3, 1, 0, 0, 3, 2, 1, 2, 3, 3, 0, 2, 1, 3], dtype=object)]
[628, array([-90., -45., -45.,   0.]), array([0, 3, 0, 2, 2, 0, 3, 0, 2, 2, 3, 2, 3, 3, 0, 1, 2, 3, 0, 0, 0, 3,
       1, 2, 0, 1, 3, 1, 0, 0, 3, 2, 1, 2, 3, 3, 0, 2, 1, 3], dtype=object)]
[598, array([-90., -45., -45.,   0.]), array([0, 3, 0, 2, 2, 0, 3, 0, 2, 2, 2, 2, 1, 3, 0, 3, 2, 3, 0, 0, 0, 3,
       1, 2, 0, 1, 3, 1, 0, 0, 3, 2, 1, 2, 3, 3, 0, 2, 1, 3], dtype=object)]
[595, array([-90., -45., -45.,   0.]), array([0, 3, 0, 2, 2, 0, 3, 0, 2, 2, 0, 2, 1, 3, 0, 3, 2, 3, 0, 0, 0, 3,
       1, 2, 0, 1, 3, 1, 0, 0, 3, 2, 1, 2, 3, 3, 0, 2, 1, 3], dtype=object)]
[602, array([-80., -40., -40.,   0.]), array([0, 3, 0, 2, 2, 0, 3, 0, 2, 2, 3, 2, 1, 3, 0, 3, 2, 3, 0, 0, 1, 3,
       1, 2, 0, 1, 3, 1, 0, 0, 3, 2, 3, 2, 3, 3, 0, 2, 1, 3], dtype=object)]
[629, array([-90., -45., -45.,   0.]), array([0, 3, 0, 2, 2, 0, 3, 0, 2, 2, 0, 2, 1, 3, 0, 3, 2, 3, 0, 0, 0, 3,
       1, 2, 0, 1, 3, 1, 0, 0, 3, 2, 1, 2, 3, 3, 0, 2, 1, 3], dtype=object)]
[599, array([-90., -45., -45.,   0.]), array([0, 3, 0, 2, 2, 0, 3, 0, 2, 2, 3, 2, 1, 3, 0, 3, 2, 3, 0, 0, 0, 3,
       1, 2, 0, 1, 3, 1, 0, 0, 3, 2, 1, 2, 3, 3, 0, 2, 1, 3], dtype=object)]
[596, array([-90., -45., -45.,   0.]), array([0, 3, 0, 2, 2, 0, 3, 0, 2, 2, 2, 2, 2, 3, 0, 3, 2, 3, 0, 0, 0, 3,
       1, 2, 0, 1, 3, 1, 0, 0, 3, 2, 3, 2, 3, 3, 0, 2, 1, 3], dtype=object)]
[603, array([-90., -45., -45.,   0.]), array([0, 3, 0, 2, 2, 0, 3, 0, 2, 2, 0, 2, 1, 3, 0, 1, 2, 3, 0, 0, 0, 3,
       1, 2, 0, 1, 3, 1, 0, 0, 3, 2, 1, 2, 3, 3, 0, 2, 1, 3], dtype=object)]
[630, array([-90., -45., -45.,   0.]), array([0, 3, 0, 2, 2, 0, 3, 0, 2, 2, 0, 2, 2, 3, 0, 1, 2, 3, 0, 0, 0, 3,
       1, 2, 0, 1, 3, 1, 0, 0, 3, 2, 0, 2, 3, 3, 0, 2, 1, 3], dtype=object)]
[600, array([-90., -45., -45.,   0.]), array([0, 3, 0, 2, 2, 0, 3, 0, 2, 2, 2, 2, 0, 3, 0, 1, 2, 3, 0, 0, 0, 3,
       1, 2, 0, 1, 3, 1, 0, 0, 3, 2, 1, 2, 3, 3, 0, 2, 1, 3], dtype=object)]
[597, array([-90., -45., -45.,   0.]), array([0, 3, 0, 2, 2, 0, 3, 0, 2, 2, 3, 2, 1, 3, 0, 3, 2, 3, 0, 0, 0, 3,
       1, 2, 0, 1, 3, 1, 0, 0, 3, 2, 1, 2, 3, 3, 0, 2, 1, 3], dtype=object)]
[604, array([-90., -45., -45.,   0.]), array([0, 3, 0, 2, 2, 0, 3, 0, 2, 2, 2, 2, 1, 3, 0, 1, 2, 3, 0, 0, 0, 3,
       1, 2, 0, 1, 3, 1, 0, 0, 3, 2, 3, 2, 3, 3, 0, 2, 1, 3], dtype=object)]
[631, array([-90., -45., -45.,   0.]), array([0, 3, 0, 2, 2, 0, 3, 0, 2, 2, 0, 2, 1, 3, 0, 3, 2, 3, 0, 0, 0, 3,
       1, 2, 0, 1, 3, 1, 0, 0, 3, 2, 1, 2, 3, 3, 0, 2, 1, 3], dtype=object)]
[601, array([-90., -45., -45.,   0.]), array([0, 3, 0, 2, 2, 0, 3, 0, 2, 2, 0, 2, 1, 3, 0, 3, 2, 3, 0, 0, 0, 3,
       1, 2, 0, 1, 3, 1, 0, 0, 3, 2, 1, 2, 3, 3, 0, 2, 1, 3], dtype=object)]
[598, array([-90., -45., -45.,   0.]), array([0, 3, 0, 2, 2, 0, 3, 0, 2, 2, 2, 2, 1, 3, 0, 3, 2, 3, 0, 0, 0, 3,
       1, 2, 0, 1, 3, 1, 0, 0, 3, 2, 1, 2, 3, 3, 0, 2, 1, 3], dtype=object)]
[605, array([-90., -45., -45.,   0.]), array([0, 3, 0, 2, 2, 0, 3, 0, 2, 2, 3, 2, 1, 3, 0, 3, 2, 3, 0, 0, 0, 3,
       1, 2, 0, 1, 3, 1, 0, 0, 3, 2, 1, 2, 3, 3, 0, 2, 1, 3], dtype=object)]
[632, array([-90., -45., -45.,   0.]), array([0, 3, 0, 2, 2, 0, 3, 0, 2, 2, 0, 2, 3, 3, 0, 3, 2, 3, 0, 0, 0, 3,
       1, 2, 0, 1, 3, 1, 0, 0, 3, 2, 0, 2, 3, 3, 0, 2, 1, 3], dtype=object)]
[602, array([-80., -40., -40.,   0.]), array([0, 3, 0, 2, 2, 0, 3, 0, 2, 2, 3, 2, 1, 3, 0, 3, 2, 3, 0, 0, 1, 3,
       1, 2, 0, 1, 3, 1, 0, 0, 3, 2, 3, 2, 3, 3, 0, 2, 1, 3], dtype=object)]
[599, array([-90., -45., -45.,   0.]), array([0, 3, 0, 2, 2, 0, 3, 0, 2, 2, 3, 2, 1, 3, 0, 3, 2, 3, 0, 0, 0, 3,
       1, 2, 0, 1, 3, 1, 0, 0, 3, 2, 1, 2, 3, 3, 0, 2, 1, 3], dtype=object)]
[606, array([-90., -45., -45.,   0.]), array([0, 3, 0, 2, 2, 0, 3, 0, 2, 2, 0, 2, 0, 3, 0, 1, 2, 3, 0, 0, 0, 3,
       1, 2, 0, 1, 3, 1, 0, 0, 3, 2, 1, 2, 3, 3, 0, 2, 1, 3], dtype=object)]
[633, array([-90., -45., -45.,   0.]), array([0, 3, 0, 2, 2, 0, 3, 0, 2, 2, 0, 2, 2, 3, 0, 1, 2, 3, 0, 0, 0, 3,
       1, 2, 0, 1, 3, 1, 0, 0, 3, 2, 1, 2, 3, 3, 0, 2, 1, 3], dtype=object)]
[603, array([-90., -45., -45.,   0.]), array([0, 3, 0, 2, 2, 0, 3, 0, 2, 2, 0, 2, 1, 3, 0, 1, 2, 3, 0, 0, 0, 3,
       1, 2, 0, 1, 3, 1, 0, 0, 3, 2, 1, 2, 3, 3, 0, 2, 1, 3], dtype=object)]
[600, array([-90., -45., -45.,   0.]), array([0, 3, 0, 2, 2, 0, 3, 0, 2, 2, 2, 2, 0, 3, 0, 1, 2, 3, 0, 0, 0, 3,
       1, 2, 0, 1, 3, 1, 0, 0, 3, 2, 1, 2, 3, 3, 0, 2, 1, 3], dtype=object)]
[607, array([-90., -45., -45.,   0.]), array([0, 3, 0, 2, 2, 0, 3, 0, 2, 2, 0, 2, 1, 3, 0, 1, 2, 3, 0, 0, 0, 3,
       1, 2, 0, 1, 3, 1, 0, 0, 3, 2, 1, 2, 3, 3, 0, 2, 1, 3], dtype=object)]
[634, array([-90., -45., -45.,   0.]), array([0, 3, 0, 2, 2, 0, 3, 0, 2, 2, 0, 2, 1, 3, 0, 3, 2, 3, 0, 0, 0, 3,
       1, 2, 0, 1, 3, 1, 0, 0, 3, 2, 0, 2, 3, 3, 0, 2, 1, 3], dtype=object)]
[604, array([-90., -45., -45.,   0.]), array([0, 3, 0, 2, 2, 0, 3, 0, 2, 2, 2, 2, 1, 3, 0, 1, 2, 3, 0, 0, 0, 3,
       1, 2, 0, 1, 3, 1, 0, 0, 3, 2, 3, 2, 3, 3, 0, 2, 1, 3], dtype=object)]
[601, array([-90., -45., -45.,   0.]), array([0, 3, 0, 2, 2, 0, 3, 0, 2, 2, 0, 2, 1, 3, 0, 3, 2, 3, 0, 0, 0, 3,
       1, 2, 0, 1, 3, 1, 0, 0, 3, 2, 1, 2, 3, 3, 0, 2, 1, 3], dtype=object)]
[608, array([-90., -45., -45.,   0.]), array([0, 3, 0, 2, 2, 0, 3, 0, 2, 2, 0, 2, 0, 3, 0, 1, 2, 3, 0, 0, 1, 3,
       1, 1, 0, 1, 3, 1, 0, 0, 3, 2, 1, 2, 3, 3, 0, 2, 1, 3], dtype=object)]
[635, array([-90., -45., -45.,   0.]), array([0, 3, 0, 2, 2, 0, 3, 0, 2, 2, 0, 2, 1, 3, 0, 3, 2, 3, 0, 0, 0, 3,
       1, 2, 0, 1, 3, 1, 0, 0, 3, 2, 1, 2, 3, 3, 0, 2, 1, 3], dtype=object)]
[605, array([-90., -45., -45.,   0.]), array([0, 3, 0, 2, 2, 0, 3, 0, 2, 2, 3, 2, 1, 3, 0, 3, 2, 3, 0, 0, 0, 3,
       1, 2, 0, 1, 3, 1, 0, 0, 3, 2, 1, 2, 3, 3, 0, 2, 1, 3], dtype=object)]
[602, array([-80., -40., -40.,   0.]), array([0, 3, 0, 2, 2, 0, 3, 0, 2, 2, 3, 2, 1, 3, 0, 3, 2, 3, 0, 0, 1, 3,
       1, 2, 0, 1, 3, 1, 0, 0, 3, 2, 3, 2, 3, 3, 0, 2, 1, 3], dtype=object)]
[609, array([-90., -45., -45.,   0.]), array([0, 3, 0, 2, 2, 0, 3, 0, 2, 2, 0, 2, 1, 3, 0, 1, 2, 3, 0, 0, 0, 3,
       1, 2, 0, 1, 3, 1, 0, 0, 3, 2, 1, 2, 3, 3, 0, 2, 1, 3], dtype=object)]
[636, array([-90., -45., -45.,   0.]), array([0, 3, 0, 2, 2, 0, 3, 0, 2, 2, 0, 2, 2, 3, 0, 2, 2, 3, 0, 0, 0, 3,
       1, 2, 0, 1, 3, 1, 0, 0, 3, 2, 1, 2, 3, 3, 0, 2, 1, 3], dtype=object)]
[606, array([-90., -45., -45.,   0.]), array([0, 3, 0, 2, 2, 0, 3, 0, 2, 2, 0, 2, 0, 3, 0, 1, 2, 3, 0, 0, 0, 3,
       1, 2, 0, 1, 3, 1, 0, 0, 3, 2, 1, 2, 3, 3, 0, 2, 1, 3], dtype=object)]
[603, array([-90., -45., -45.,   0.]), array([0, 3, 0, 2, 2, 0, 3, 0, 2, 2, 0, 2, 1, 3, 0, 1, 2, 3, 0, 0, 0, 3,
       1, 2, 0, 1, 3, 1, 0, 0, 3, 2, 1, 2, 3, 3, 0, 2, 1, 3], dtype=object)]
[610, array([-90., -45., -45.,   0.]), array([0, 3, 0, 2, 2, 0, 3, 0, 2, 2, 1, 2, 1, 3, 0, 1, 2, 3, 0, 0, 0, 3,
       1, 2, 0, 1, 3, 1, 0, 0, 3, 2, 1, 2, 3, 3, 0, 2, 1, 3], dtype=object)]
[637, array([-90., -45., -45.,   0.]), array([0, 3, 0, 2, 2, 0, 3, 0, 2, 2, 0, 2, 2, 3, 0, 1, 2, 3, 0, 0, 0, 3,
       1, 2, 0, 1, 3, 1, 0, 0, 3, 2, 0, 2, 3, 3, 0, 2, 1, 3], dtype=object)]
[607, array([-90., -45., -45.,   0.]), array([0, 3, 0, 2, 2, 0, 3, 0, 2, 2, 0, 2, 1, 3, 0, 1, 2, 3, 0, 0, 0, 3,
       1, 2, 0, 1, 3, 1, 0, 0, 3, 2, 1, 2, 3, 3, 0, 2, 1, 3], dtype=object)]
[604, array([-90., -45., -45.,   0.]), array([0, 3, 0, 2, 2, 0, 3, 0, 2, 2, 2, 2, 1, 3, 0, 1, 2, 3, 0, 0, 0, 3,
       1, 2, 0, 1, 3, 1, 0, 0, 3, 2, 3, 2, 3, 3, 0, 2, 1, 3], dtype=object)]
[638, array([-90., -45., -45.,   0.]), array([0, 3, 0, 2, 2, 0, 3, 0, 2, 2, 0, 2, 2, 3, 0, 1, 2, 3, 0, 0, 0, 3,
       1, 2, 0, 1, 3, 1, 0, 0, 3, 2, 0, 2, 3, 3, 0, 2, 1, 3], dtype=object)]
[611, array([-90., -45., -45.,   0.]), array([0, 3, 0, 2, 2, 0, 3, 0, 2, 2, 0, 2, 1, 3, 0, 1, 2, 3, 0, 0, 0, 3,
       1, 2, 0, 1, 3, 1, 0, 0, 3, 2, 1, 2, 3, 3, 0, 2, 1, 3], dtype=object)]
[608, array([-90., -45., -45.,   0.]), array([0, 3, 0, 2, 2, 0, 3, 0, 2, 2, 0, 2, 0, 3, 0, 1, 2, 3, 0, 0, 1, 3,
       1, 1, 0, 1, 3, 1, 0, 0, 3, 2, 1, 2, 3, 3, 0, 2, 1, 3], dtype=object)]
[605, array([-90., -45., -45.,   0.]), array([0, 3, 0, 2, 2, 0, 3, 0, 2, 2, 3, 2, 1, 3, 0, 3, 2, 3, 0, 0, 0, 3,
       1, 2, 0, 1, 3, 1, 0, 0, 3, 2, 1, 2, 3, 3, 0, 2, 1, 3], dtype=object)]
[639, array([-90., -45., -45.,   0.]), array([0, 3, 0, 2, 2, 0, 3, 0, 2, 2, 0, 2, 3, 3, 0, 1, 2, 3, 0, 0, 0, 3,
       1, 2, 0, 1, 3, 1, 0, 0, 3, 2, 1, 2, 3, 3, 0, 2, 1, 3], dtype=object)]
[612, array([-90., -45., -45.,   0.]), array([0, 3, 0, 2, 2, 0, 3, 1, 2, 2, 3, 2, 1, 3, 0, 3, 3, 3, 0, 0, 0, 3,
       1, 2, 0, 1, 3, 1, 0, 0, 3, 2, 1, 2, 3, 3, 0, 2, 1, 3], dtype=object)]
[609, array([-90., -45., -45.,   0.]), array([0, 3, 0, 2, 2, 0, 3, 0, 2, 2, 0, 2, 1, 3, 0, 1, 2, 3, 0, 0, 0, 3,
       1, 2, 0, 1, 3, 1, 0, 0, 3, 2, 1, 2, 3, 3, 0, 2, 1, 3], dtype=object)]
[606, array([-90., -45., -45.,   0.]), array([0, 3, 0, 2, 2, 0, 3, 0, 2, 2, 0, 2, 0, 3, 0, 1, 2, 3, 0, 0, 0, 3,
       1, 2, 0, 1, 3, 1, 0, 0, 3, 2, 1, 2, 3, 3, 0, 2, 1, 3], dtype=object)]
[640, array([-90., -45., -45.,   0.]), array([0, 3, 0, 2, 2, 0, 3, 0, 2, 2, 3, 2, 3, 3, 0, 3, 2, 3, 0, 0, 0, 3,
       1, 2, 0, 1, 3, 1, 0, 0, 3, 2, 1, 2, 3, 3, 0, 2, 1, 3], dtype=object)]
[613, array([-90., -45., -45.,   0.]), array([0, 3, 0, 2, 2, 0, 3, 0, 2, 2, 0, 2, 1, 3, 0, 3, 2, 3, 0, 0, 0, 3,
       1, 2, 0, 1, 3, 1, 0, 0, 3, 2, 1, 2, 3, 3, 0, 2, 1, 3], dtype=object)]
[610, array([-90., -45., -45.,   0.]), array([0, 3, 0, 2, 2, 0, 3, 0, 2, 2, 1, 2, 1, 3, 0, 1, 2, 3, 0, 0, 0, 3,
       1, 2, 0, 1, 3, 1, 0, 0, 3, 2, 1, 2, 3, 3, 0, 2, 1, 3], dtype=object)]
[607, array([-90., -45., -45.,   0.]), array([0, 3, 0, 2, 2, 0, 3, 0, 2, 2, 0, 2, 1, 3, 0, 1, 2, 3, 0, 0, 0, 3,
       1, 2, 0, 1, 3, 1, 0, 0, 3, 2, 1, 2, 3, 3, 0, 2, 1, 3], dtype=object)]
[614, array([-90., -45., -45.,   0.]), array([0, 3, 0, 2, 2, 0, 3, 0, 2, 2, 0, 2, 3, 3, 0, 1, 2, 3, 0, 0, 0, 3,
       1, 2, 0, 1, 3, 1, 0, 0, 3, 2, 0, 2, 3, 3, 0, 2, 1, 3], dtype=object)]
[641, array([-90., -45., -45.,   0.]), array([0, 3, 0, 2, 2, 0, 3, 0, 2, 2, 0, 2, 2, 3, 0, 1, 2, 3, 0, 0, 0, 3,
       1, 2, 0, 1, 3, 1, 0, 0, 3, 2, 1, 2, 3, 3, 0, 2, 1, 3], dtype=object)]
[611, array([-90., -45., -45.,   0.]), array([0, 3, 0, 2, 2, 0, 3, 0, 2, 2, 0, 2, 1, 3, 0, 1, 2, 3, 0, 0, 0, 3,
       1, 2, 0, 1, 3, 1, 0, 0, 3, 2, 1, 2, 3, 3, 0, 2, 1, 3], dtype=object)]
[608, array([-90., -45., -45.,   0.]), array([0, 3, 0, 2, 2, 0, 3, 0, 2, 2, 0, 2, 0, 3, 0, 1, 2, 3, 0, 0, 1, 3,
       1, 1, 0, 1, 3, 1, 0, 0, 3, 2, 1, 2, 3, 3, 0, 2, 1, 3], dtype=object)]
[642, array([-90., -45., -45.,   0.]), array([0, 3, 0, 2, 2, 0, 3, 0, 2, 2, 0, 2, 3, 3, 0, 0, 2, 3, 0, 0, 0, 3,
       1, 2, 0, 1, 3, 1, 0, 0, 3, 2, 1, 2, 3, 3, 0, 2, 1, 3], dtype=object)]
[615, array([-90., -45., -45.,   0.]), array([0, 3, 0, 2, 2, 0, 3, 0, 2, 2, 0, 2, 1, 3, 0, 1, 2, 3, 0, 0, 0, 3,
       1, 2, 0, 1, 3, 1, 0, 0, 3, 2, 1, 2, 3, 3, 0, 2, 1, 3], dtype=object)]
[612, array([-90., -45., -45.,   0.]), array([0, 3, 0, 2, 2, 0, 3, 1, 2, 2, 3, 2, 1, 3, 0, 3, 3, 3, 0, 0, 0, 3,
       1, 2, 0, 1, 3, 1, 0, 0, 3, 2, 1, 2, 3, 3, 0, 2, 1, 3], dtype=object)]
[609, array([-90., -45., -45.,   0.]), array([0, 3, 0, 2, 2, 0, 3, 0, 2, 2, 0, 2, 1, 3, 0, 1, 2, 3, 0, 0, 0, 3,
       1, 2, 0, 1, 3, 1, 0, 0, 3, 2, 1, 2, 3, 3, 0, 2, 1, 3], dtype=object)]
[643, array([-90., -45., -45.,   0.]), array([0, 3, 0, 2, 2, 0, 3, 0, 2, 2, 0, 2, 3, 3, 0, 3, 2, 3, 0, 0, 0, 3,
       1, 2, 0, 1, 3, 1, 0, 0, 3, 2, 1, 2, 3, 3, 0, 2, 1, 3], dtype=object)]
[616, array([-90., -45., -45.,   0.]), array([0, 3, 0, 2, 2, 0, 3, 0, 2, 2, 0, 2, 2, 3, 0, 1, 2, 3, 0, 0, 0, 3,
       1, 2, 0, 1, 3, 1, 0, 0, 3, 2, 0, 2, 3, 3, 0, 2, 1, 3], dtype=object)]
[613, array([-90., -45., -45.,   0.]), array([0, 3, 0, 2, 2, 0, 3, 0, 2, 2, 0, 2, 1, 3, 0, 3, 2, 3, 0, 0, 0, 3,
       1, 2, 0, 1, 3, 1, 0, 0, 3, 2, 1, 2, 3, 3, 0, 2, 1, 3], dtype=object)]
[610, array([-90., -45., -45.,   0.]), array([0, 3, 0, 2, 2, 0, 3, 0, 2, 2, 1, 2, 1, 3, 0, 1, 2, 3, 0, 0, 0, 3,
       1, 2, 0, 1, 3, 1, 0, 0, 3, 2, 1, 2, 3, 3, 0, 2, 1, 3], dtype=object)]
[644, array([-90., -45., -45.,   0.]), array([0, 3, 0, 2, 2, 0, 3, 0, 2, 2, 0, 2, 2, 3, 0, 2, 2, 3, 0, 0, 0, 3,
       1, 2, 0, 1, 3, 1, 0, 0, 3, 2, 0, 2, 3, 3, 0, 2, 1, 3], dtype=object)]
[617, array([-90., -45., -45.,   0.]), array([0, 3, 0, 2, 2, 0, 3, 0, 2, 2, 0, 2, 3, 3, 0, 1, 2, 3, 0, 0, 0, 3,
       1, 2, 0, 1, 3, 1, 0, 0, 3, 2, 1, 2, 3, 3, 0, 2, 1, 3], dtype=object)]
[614, array([-90., -45., -45.,   0.]), array([0, 3, 0, 2, 2, 0, 3, 0, 2, 2, 0, 2, 3, 3, 0, 1, 2, 3, 0, 0, 0, 3,
       1, 2, 0, 1, 3, 1, 0, 0, 3, 2, 0, 2, 3, 3, 0, 2, 1, 3], dtype=object)]
[611, array([-90., -45., -45.,   0.]), array([0, 3, 0, 2, 2, 0, 3, 0, 2, 2, 0, 2, 1, 3, 0, 1, 2, 3, 0, 0, 0, 3,
       1, 2, 0, 1, 3, 1, 0, 0, 3, 2, 1, 2, 3, 3, 0, 2, 1, 3], dtype=object)]
[645, array([-90., -45., -45.,   0.]), array([0, 3, 0, 2, 2, 0, 3, 0, 2, 2, 0, 2, 3, 3, 0, 1, 2, 3, 0, 0, 0, 3,
       1, 2, 0, 1, 3, 1, 0, 0, 3, 2, 1, 2, 3, 3, 0, 2, 1, 3], dtype=object)]
[618, array([-90., -45., -45.,   0.]), array([0, 3, 0, 2, 2, 0, 3, 0, 2, 2, 0, 2, 1, 3, 0, 2, 2, 3, 0, 0, 0, 3,
       1, 2, 0, 1, 3, 1, 0, 0, 3, 2, 0, 2, 3, 3, 0, 2, 1, 3], dtype=object)]
[615, array([-90., -45., -45.,   0.]), array([0, 3, 0, 2, 2, 0, 3, 0, 2, 2, 0, 2, 1, 3, 0, 1, 2, 3, 0, 0, 0, 3,
       1, 2, 0, 1, 3, 1, 0, 0, 3, 2, 1, 2, 3, 3, 0, 2, 1, 3], dtype=object)]
[612, array([-90., -45., -45.,   0.]), array([0, 3, 0, 2, 2, 0, 3, 1, 2, 2, 3, 2, 1, 3, 0, 3, 3, 3, 0, 0, 0, 3,
       1, 2, 0, 1, 3, 1, 0, 0, 3, 2, 1, 2, 3, 3, 0, 2, 1, 3], dtype=object)]
[646, array([-90., -45., -45.,   0.]), array([0, 3, 0, 2, 2, 0, 3, 0, 2, 2, 0, 2, 2, 3, 0, 1, 2, 3, 0, 0, 0, 3,
       1, 2, 0, 1, 3, 1, 0, 0, 3, 2, 3, 2, 3, 3, 0, 2, 1, 3], dtype=object)]
[619, array([-90., -45., -45.,   0.]), array([0, 3, 0, 2, 2, 0, 3, 0, 2, 2, 0, 2, 1, 3, 0, 3, 2, 3, 0, 0, 0, 3,
       1, 2, 0, 1, 3, 1, 0, 0, 3, 2, 1, 2, 3, 3, 0, 2, 1, 3], dtype=object)]
[616, array([-90., -45., -45.,   0.]), array([0, 3, 0, 2, 2, 0, 3, 0, 2, 2, 0, 2, 2, 3, 0, 1, 2, 3, 0, 0, 0, 3,
       1, 2, 0, 1, 3, 1, 0, 0, 3, 2, 0, 2, 3, 3, 0, 2, 1, 3], dtype=object)]
[613, array([-90., -45., -45.,   0.]), array([0, 3, 0, 2, 2, 0, 3, 0, 2, 2, 0, 2, 1, 3, 0, 3, 2, 3, 0, 0, 0, 3,
       1, 2, 0, 1, 3, 1, 0, 0, 3, 2, 1, 2, 3, 3, 0, 2, 1, 3], dtype=object)]
[647, array([-90., -45., -45.,   0.]), array([0, 3, 0, 2, 2, 0, 3, 0, 2, 2, 0, 2, 2, 3, 0, 3, 2, 3, 0, 0, 0, 3,
       1, 2, 0, 1, 3, 1, 0, 0, 3, 2, 1, 2, 3, 3, 0, 2, 1, 3], dtype=object)]
[620, array([-90., -45., -45.,   0.]), array([0, 3, 0, 2, 2, 0, 3, 0, 2, 2, 0, 2, 1, 3, 0, 1, 2, 3, 0, 0, 0, 3,
       1, 2, 0, 1, 3, 1, 0, 0, 3, 2, 0, 2, 3, 3, 0, 2, 1, 3], dtype=object)]
[617, array([-90., -45., -45.,   0.]), array([0, 3, 0, 2, 2, 0, 3, 0, 2, 2, 0, 2, 3, 3, 0, 1, 2, 3, 0, 0, 0, 3,
       1, 2, 0, 1, 3, 1, 0, 0, 3, 2, 1, 2, 3, 3, 0, 2, 1, 3], dtype=object)]
[648, array([-90., -45., -45.,   0.]), array([0, 3, 0, 2, 2, 0, 3, 0, 2, 2, 0, 2, 3, 3, 0, 0, 2, 3, 0, 0, 0, 3,
       1, 2, 0, 1, 3, 1, 0, 0, 3, 2, 1, 2, 3, 3, 0, 2, 1, 3], dtype=object)]
[614, array([-90., -45., -45.,   0.]), array([0, 3, 0, 2, 2, 0, 3, 0, 2, 2, 0, 2, 3, 3, 0, 1, 2, 3, 0, 0, 0, 3,
       1, 2, 0, 1, 3, 1, 0, 0, 3, 2, 0, 2, 3, 3, 0, 2, 1, 3], dtype=object)]
[621, array([-90., -45., -45.,   0.]), array([0, 3, 0, 2, 2, 0, 3, 0, 2, 2, 0, 2, 1, 3, 0, 3, 2, 3, 0, 0, 0, 3,
       1, 2, 0, 1, 3, 1, 0, 0, 3, 2, 1, 2, 3, 3, 0, 2, 1, 3], dtype=object)]
[618, array([-90., -45., -45.,   0.]), array([0, 3, 0, 2, 2, 0, 3, 0, 2, 2, 0, 2, 1, 3, 0, 2, 2, 3, 0, 0, 0, 3,
       1, 2, 0, 1, 3, 1, 0, 0, 3, 2, 0, 2, 3, 3, 0, 2, 1, 3], dtype=object)]
[649, array([-90., -45., -45.,   0.]), array([0, 3, 0, 2, 2, 0, 3, 0, 2, 2, 0, 2, 3, 3, 0, 3, 2, 3, 0, 0, 0, 3,
       1, 2, 0, 1, 3, 1, 0, 0, 3, 2, 1, 2, 3, 3, 0, 2, 1, 3], dtype=object)]
[615, array([-90., -45., -45.,   0.]), array([0, 3, 0, 2, 2, 0, 3, 0, 2, 2, 0, 2, 1, 3, 0, 1, 2, 3, 0, 0, 0, 3,
       1, 2, 0, 1, 3, 1, 0, 0, 3, 2, 1, 2, 3, 3, 0, 2, 1, 3], dtype=object)]
[622, array([-90., -45., -45.,   0.]), array([0, 3, 0, 2, 2, 0, 3, 0, 2, 2, 0, 2, 1, 3, 0, 1, 2, 3, 0, 0, 0, 3,
       1, 2, 0, 1, 3, 1, 0, 0, 3, 2, 0, 2, 3, 3, 0, 2, 1, 3], dtype=object)]
[619, array([-90., -45., -45.,   0.]), array([0, 3, 0, 2, 2, 0, 3, 0, 2, 2, 0, 2, 1, 3, 0, 3, 2, 3, 0, 0, 0, 3,
       1, 2, 0, 1, 3, 1, 0, 0, 3, 2, 1, 2, 3, 3, 0, 2, 1, 3], dtype=object)]
[650, array([-90., -45., -45.,   0.]), array([0, 3, 0, 2, 2, 0, 3, 0, 2, 2, 3, 2, 3, 3, 0, 1, 2, 3, 0, 0, 0, 3,
       1, 2, 0, 1, 3, 1, 0, 0, 3, 2, 1, 2, 3, 3, 0, 2, 1, 3], dtype=object)]
[616, array([-90., -45., -45.,   0.]), array([0, 3, 0, 2, 2, 0, 3, 0, 2, 2, 0, 2, 2, 3, 0, 1, 2, 3, 0, 0, 0, 3,
       1, 2, 0, 1, 3, 1, 0, 0, 3, 2, 0, 2, 3, 3, 0, 2, 1, 3], dtype=object)]
[623, array([-90., -45., -45.,   0.]), array([0, 3, 0, 2, 2, 0, 3, 0, 2, 2, 0, 2, 1, 3, 0, 1, 2, 3, 0, 0, 0, 3,
       1, 2, 0, 1, 3, 1, 0, 0, 3, 2, 1, 2, 3, 3, 0, 2, 1, 3], dtype=object)]
[620, array([-90., -45., -45.,   0.]), array([0, 3, 0, 2, 2, 0, 3, 0, 2, 2, 0, 2, 1, 3, 0, 1, 2, 3, 0, 0, 0, 3,
       1, 2, 0, 1, 3, 1, 0, 0, 3, 2, 0, 2, 3, 3, 0, 2, 1, 3], dtype=object)]
[651, array([-90., -45., -45.,   0.]), array([0, 3, 0, 2, 2, 0, 3, 0, 2, 2, 0, 2, 2, 3, 0, 3, 2, 3, 0, 0, 0, 3,
       1, 2, 0, 1, 3, 1, 0, 0, 3, 2, 1, 2, 3, 3, 0, 2, 1, 3], dtype=object)]
[617, array([-90., -45., -45.,   0.]), array([0, 3, 0, 2, 2, 0, 3, 0, 2, 2, 0, 2, 3, 3, 0, 1, 2, 3, 0, 0, 0, 3,
       1, 2, 0, 1, 3, 1, 0, 0, 3, 2, 1, 2, 3, 3, 0, 2, 1, 3], dtype=object)]
[624, array([-90., -45., -45.,   0.]), array([0, 3, 0, 2, 2, 0, 3, 0, 2, 2, 0, 2, 1, 3, 0, 1, 2, 3, 0, 0, 0, 3,
       1, 2, 0, 1, 3, 1, 0, 0, 3, 2, 0, 2, 3, 3, 0, 2, 1, 3], dtype=object)]
[621, array([-90., -45., -45.,   0.]), array([0, 3, 0, 2, 2, 0, 3, 0, 2, 2, 0, 2, 1, 3, 0, 3, 2, 3, 0, 0, 0, 3,
       1, 2, 0, 1, 3, 1, 0, 0, 3, 2, 1, 2, 3, 3, 0, 2, 1, 3], dtype=object)]
[652, array([-90., -45., -45.,   0.]), array([0, 3, 0, 2, 2, 0, 3, 0, 2, 2, 0, 2, 3, 3, 0, 1, 2, 3, 0, 0, 0, 3,
       1, 2, 0, 1, 3, 1, 0, 0, 3, 2, 3, 2, 3, 3, 0, 2, 1, 3], dtype=object)]
[618, array([-90., -45., -45.,   0.]), array([0, 3, 0, 2, 2, 0, 3, 0, 2, 2, 0, 2, 1, 3, 0, 2, 2, 3, 0, 0, 0, 3,
       1, 2, 0, 1, 3, 1, 0, 0, 3, 2, 0, 2, 3, 3, 0, 2, 1, 3], dtype=object)]
[625, array([-90., -45., -45.,   0.]), array([0, 3, 0, 2, 2, 0, 3, 0, 2, 2, 0, 2, 3, 3, 0, 1, 2, 3, 0, 0, 0, 3,
       1, 2, 0, 1, 3, 1, 0, 0, 3, 2, 0, 2, 3, 3, 0, 2, 1, 3], dtype=object)]
[653, array([-90., -45., -45.,   0.]), array([0, 3, 0, 2, 2, 0, 3, 0, 2, 2, 0, 2, 2, 3, 0, 1, 2, 3, 0, 0, 0, 3,
       1, 2, 0, 1, 3, 1, 0, 0, 3, 2, 1, 2, 3, 3, 0, 2, 1, 3], dtype=object)]
[622, array([-90., -45., -45.,   0.]), array([0, 3, 0, 2, 2, 0, 3, 0, 2, 2, 0, 2, 1, 3, 0, 1, 2, 3, 0, 0, 0, 3,
       1, 2, 0, 1, 3, 1, 0, 0, 3, 2, 0, 2, 3, 3, 0, 2, 1, 3], dtype=object)]
[619, array([-90., -45., -45.,   0.]), array([0, 3, 0, 2, 2, 0, 3, 0, 2, 2, 0, 2, 1, 3, 0, 3, 2, 3, 0, 0, 0, 3,
       1, 2, 0, 1, 3, 1, 0, 0, 3, 2, 1, 2, 3, 3, 0, 2, 1, 3], dtype=object)]
[654, array([-90., -45., -45.,   0.]), array([0, 3, 0, 2, 2, 0, 3, 0, 2, 2, 0, 2, 3, 3, 0, 3, 2, 3, 0, 0, 0, 3,
       1, 2, 0, 1, 3, 1, 0, 0, 3, 2, 3, 2, 3, 3, 0, 2, 1, 3], dtype=object)]
[626, array([-90., -45., -45.,   0.]), array([0, 3, 0, 2, 2, 0, 3, 0, 2, 2, 0, 2, 3, 3, 0, 3, 2, 3, 0, 0, 0, 3,
       1, 2, 0, 1, 3, 1, 0, 0, 3, 2, 0, 2, 3, 3, 0, 2, 1, 3], dtype=object)]
[623, array([-90., -45., -45.,   0.]), array([0, 3, 0, 2, 2, 0, 3, 0, 2, 2, 0, 2, 1, 3, 0, 1, 2, 3, 0, 0, 0, 3,
       1, 2, 0, 1, 3, 1, 0, 0, 3, 2, 1, 2, 3, 3, 0, 2, 1, 3], dtype=object)]
[620, array([-90., -45., -45.,   0.]), array([0, 3, 0, 2, 2, 0, 3, 0, 2, 2, 0, 2, 1, 3, 0, 1, 2, 3, 0, 0, 0, 3,
       1, 2, 0, 1, 3, 1, 0, 0, 3, 2, 0, 2, 3, 3, 0, 2, 1, 3], dtype=object)]
[655, array([-90., -45., -45.,   0.]), array([0, 3, 0, 2, 2, 0, 3, 0, 2, 2, 0, 2, 3, 3, 0, 1, 2, 3, 0, 0, 0, 3,
       1, 2, 0, 1, 3, 1, 0, 0, 3, 2, 1, 2, 3, 3, 0, 2, 1, 3], dtype=object)]
[627, array([-90., -45., -45.,   0.]), array([0, 3, 0, 2, 2, 0, 3, 0, 2, 2, 0, 2, 3, 3, 0, 1, 2, 3, 0, 0, 0, 3,
       1, 2, 0, 1, 3, 1, 0, 0, 3, 2, 0, 2, 3, 3, 0, 2, 1, 3], dtype=object)]
[624, array([-90., -45., -45.,   0.]), array([0, 3, 0, 2, 2, 0, 3, 0, 2, 2, 0, 2, 1, 3, 0, 1, 2, 3, 0, 0, 0, 3,
       1, 2, 0, 1, 3, 1, 0, 0, 3, 2, 0, 2, 3, 3, 0, 2, 1, 3], dtype=object)]
[621, array([-90., -45., -45.,   0.]), array([0, 3, 0, 2, 2, 0, 3, 0, 2, 2, 0, 2, 1, 3, 0, 3, 2, 3, 0, 0, 0, 3,
       1, 2, 0, 1, 3, 1, 0, 0, 3, 2, 1, 2, 3, 3, 0, 2, 1, 3], dtype=object)]
[656, array([-90., -45., -45.,   0.]), array([0, 3, 0, 2, 2, 0, 3, 0, 2, 2, 0, 2, 2, 3, 0, 3, 2, 3, 0, 0, 0, 3,
       1, 2, 0, 1, 3, 1, 0, 0, 3, 2, 0, 2, 3, 3, 0, 2, 1, 3], dtype=object)]
[628, array([-90., -45., -45.,   0.]), array([0, 3, 0, 2, 2, 0, 3, 0, 2, 2, 3, 2, 3, 3, 0, 1, 2, 3, 0, 0, 0, 3,
       1, 2, 0, 1, 3, 1, 0, 0, 3, 2, 1, 2, 3, 3, 0, 2, 1, 3], dtype=object)]
[625, array([-90., -45., -45.,   0.]), array([0, 3, 0, 2, 2, 0, 3, 0, 2, 2, 0, 2, 3, 3, 0, 1, 2, 3, 0, 0, 0, 3,
       1, 2, 0, 1, 3, 1, 0, 0, 3, 2, 0, 2, 3, 3, 0, 2, 1, 3], dtype=object)]
[622, array([-90., -45., -45.,   0.]), array([0, 3, 0, 2, 2, 0, 3, 0, 2, 2, 0, 2, 1, 3, 0, 1, 2, 3, 0, 0, 0, 3,
       1, 2, 0, 1, 3, 1, 0, 0, 3, 2, 0, 2, 3, 3, 0, 2, 1, 3], dtype=object)]
[657, array([-90., -45., -45.,   0.]), array([0, 3, 0, 2, 2, 0, 3, 0, 2, 2, 0, 2, 2, 3, 0, 1, 2, 3, 0, 0, 0, 3,
       1, 2, 0, 1, 3, 1, 0, 0, 3, 2, 1, 2, 3, 3, 0, 2, 1, 3], dtype=object)]
[629, array([-90., -45., -45.,   0.]), array([0, 3, 0, 2, 2, 0, 3, 0, 2, 2, 0, 2, 1, 3, 0, 3, 2, 3, 0, 0, 0, 3,
       1, 2, 0, 1, 3, 1, 0, 0, 3, 2, 1, 2, 3, 3, 0, 2, 1, 3], dtype=object)]
[626, array([-90., -45., -45.,   0.]), array([0, 3, 0, 2, 2, 0, 3, 0, 2, 2, 0, 2, 3, 3, 0, 3, 2, 3, 0, 0, 0, 3,
       1, 2, 0, 1, 3, 1, 0, 0, 3, 2, 0, 2, 3, 3, 0, 2, 1, 3], dtype=object)]
[623, array([-90., -45., -45.,   0.]), array([0, 3, 0, 2, 2, 0, 3, 0, 2, 2, 0, 2, 1, 3, 0, 1, 2, 3, 0, 0, 0, 3,
       1, 2, 0, 1, 3, 1, 0, 0, 3, 2, 1, 2, 3, 3, 0, 2, 1, 3], dtype=object)]
[658, array([-90., -45., -45.,   0.]), array([0, 3, 0, 2, 2, 0, 3, 0, 2, 2, 0, 2, 2, 3, 0, 0, 2, 3, 0, 0, 0, 3,
       1, 2, 0, 1, 3, 1, 0, 0, 3, 2, 1, 2, 3, 3, 0, 2, 1, 3], dtype=object)]
[630, array([-90., -45., -45.,   0.]), array([0, 3, 0, 2, 2, 0, 3, 0, 2, 2, 0, 2, 2, 3, 0, 1, 2, 3, 0, 0, 0, 3,
       1, 2, 0, 1, 3, 1, 0, 0, 3, 2, 0, 2, 3, 3, 0, 2, 1, 3], dtype=object)]
[624, array([-90., -45., -45.,   0.]), array([0, 3, 0, 2, 2, 0, 3, 0, 2, 2, 0, 2, 1, 3, 0, 1, 2, 3, 0, 0, 0, 3,
       1, 2, 0, 1, 3, 1, 0, 0, 3, 2, 0, 2, 3, 3, 0, 2, 1, 3], dtype=object)]
[627, array([-90., -45., -45.,   0.]), array([0, 3, 0, 2, 2, 0, 3, 0, 2, 2, 0, 2, 3, 3, 0, 1, 2, 3, 0, 0, 0, 3,
       1, 2, 0, 1, 3, 1, 0, 0, 3, 2, 0, 2, 3, 3, 0, 2, 1, 3], dtype=object)]
[659, array([-90., -45., -45.,   0.]), array([0, 3, 0, 2, 2, 0, 3, 0, 2, 2, 0, 2, 3, 3, 0, 1, 2, 3, 0, 0, 0, 3,
       1, 2, 0, 1, 3, 1, 0, 0, 3, 2, 0, 2, 3, 3, 0, 2, 1, 3], dtype=object)]
[631, array([-90., -45., -45.,   0.]), array([0, 3, 0, 2, 2, 0, 3, 0, 2, 2, 0, 2, 1, 3, 0, 3, 2, 3, 0, 0, 0, 3,
       1, 2, 0, 1, 3, 1, 0, 0, 3, 2, 1, 2, 3, 3, 0, 2, 1, 3], dtype=object)]
[628, array([-90., -45., -45.,   0.]), array([0, 3, 0, 2, 2, 0, 3, 0, 2, 2, 3, 2, 3, 3, 0, 1, 2, 3, 0, 0, 0, 3,
       1, 2, 0, 1, 3, 1, 0, 0, 3, 2, 1, 2, 3, 3, 0, 2, 1, 3], dtype=object)]
[625, array([-90., -45., -45.,   0.]), array([0, 3, 0, 2, 2, 0, 3, 0, 2, 2, 0, 2, 3, 3, 0, 1, 2, 3, 0, 0, 0, 3,
       1, 2, 0, 1, 3, 1, 0, 0, 3, 2, 0, 2, 3, 3, 0, 2, 1, 3], dtype=object)]
[660, array([-90., -45., -45.,   0.]), array([0, 3, 0, 2, 2, 0, 3, 0, 2, 2, 0, 2, 0, 3, 0, 1, 2, 3, 0, 0, 0, 3,
       1, 2, 0, 1, 3, 1, 0, 0, 3, 2, 1, 2, 3, 3, 0, 2, 1, 3], dtype=object)]
[632, array([-90., -45., -45.,   0.]), array([0, 3, 0, 2, 2, 0, 3, 0, 2, 2, 0, 2, 3, 3, 0, 3, 2, 3, 0, 0, 0, 3,
       1, 2, 0, 1, 3, 1, 0, 0, 3, 2, 0, 2, 3, 3, 0, 2, 1, 3], dtype=object)]
[629, array([-90., -45., -45.,   0.]), array([0, 3, 0, 2, 2, 0, 3, 0, 2, 2, 0, 2, 1, 3, 0, 3, 2, 3, 0, 0, 0, 3,
       1, 2, 0, 1, 3, 1, 0, 0, 3, 2, 1, 2, 3, 3, 0, 2, 1, 3], dtype=object)]
[626, array([-90., -45., -45.,   0.]), array([0, 3, 0, 2, 2, 0, 3, 0, 2, 2, 0, 2, 3, 3, 0, 3, 2, 3, 0, 0, 0, 3,
       1, 2, 0, 1, 3, 1, 0, 0, 3, 2, 0, 2, 3, 3, 0, 2, 1, 3], dtype=object)]
[661, array([-90., -45., -45.,   0.]), array([0, 3, 0, 2, 2, 0, 3, 0, 2, 2, 0, 2, 3, 3, 0, 3, 2, 3, 0, 0, 0, 3,
       1, 2, 0, 1, 3, 1, 0, 0, 3, 2, 1, 2, 3, 3, 0, 2, 1, 3], dtype=object)]
[633, array([-90., -45., -45.,   0.]), array([0, 3, 0, 2, 2, 0, 3, 0, 2, 2, 0, 2, 2, 3, 0, 1, 2, 3, 0, 0, 0, 3,
       1, 2, 0, 1, 3, 1, 0, 0, 3, 2, 1, 2, 3, 3, 0, 2, 1, 3], dtype=object)]
[630, array([-90., -45., -45.,   0.]), array([0, 3, 0, 2, 2, 0, 3, 0, 2, 2, 0, 2, 2, 3, 0, 1, 2, 3, 0, 0, 0, 3,
       1, 2, 0, 1, 3, 1, 0, 0, 3, 2, 0, 2, 3, 3, 0, 2, 1, 3], dtype=object)]
[627, array([-90., -45., -45.,   0.]), array([0, 3, 0, 2, 2, 0, 3, 0, 2, 2, 0, 2, 3, 3, 0, 1, 2, 3, 0, 0, 0, 3,
       1, 2, 0, 1, 3, 1, 0, 0, 3, 2, 0, 2, 3, 3, 0, 2, 1, 3], dtype=object)]
[662, array([-90., -45., -45.,   0.]), array([0, 3, 0, 2, 2, 0, 3, 0, 2, 2, 0, 2, 3, 3, 0, 3, 2, 3, 0, 0, 0, 3,
       1, 2, 0, 1, 3, 1, 0, 0, 3, 2, 3, 2, 3, 3, 0, 2, 1, 3], dtype=object)]
[634, array([-90., -45., -45.,   0.]), array([0, 3, 0, 2, 2, 0, 3, 0, 2, 2, 0, 2, 1, 3, 0, 3, 2, 3, 0, 0, 0, 3,
       1, 2, 0, 1, 3, 1, 0, 0, 3, 2, 0, 2, 3, 3, 0, 2, 1, 3], dtype=object)]
[628, array([-90., -45., -45.,   0.]), array([0, 3, 0, 2, 2, 0, 3, 0, 2, 2, 3, 2, 3, 3, 0, 1, 2, 3, 0, 0, 0, 3,
       1, 2, 0, 1, 3, 1, 0, 0, 3, 2, 1, 2, 3, 3, 0, 2, 1, 3], dtype=object)]
[631, array([-90., -45., -45.,   0.]), array([0, 3, 0, 2, 2, 0, 3, 0, 2, 2, 0, 2, 1, 3, 0, 3, 2, 3, 0, 0, 0, 3,
       1, 2, 0, 1, 3, 1, 0, 0, 3, 2, 1, 2, 3, 3, 0, 2, 1, 3], dtype=object)]
[663, array([-90., -45., -45.,   0.]), array([0, 3, 0, 2, 2, 0, 3, 0, 2, 2, 0, 2, 0, 3, 0, 3, 2, 3, 0, 0, 0, 3,
       1, 2, 0, 1, 3, 1, 0, 0, 3, 2, 1, 2, 3, 3, 0, 2, 1, 3], dtype=object)]
[632, array([-90., -45., -45.,   0.]), array([0, 3, 0, 2, 2, 0, 3, 0, 2, 2, 0, 2, 3, 3, 0, 3, 2, 3, 0, 0, 0, 3,
       1, 2, 0, 1, 3, 1, 0, 0, 3, 2, 0, 2, 3, 3, 0, 2, 1, 3], dtype=object)]
[635, array([-90., -45., -45.,   0.]), array([0, 3, 0, 2, 2, 0, 3, 0, 2, 2, 0, 2, 1, 3, 0, 3, 2, 3, 0, 0, 0, 3,
       1, 2, 0, 1, 3, 1, 0, 0, 3, 2, 1, 2, 3, 3, 0, 2, 1, 3], dtype=object)]
[664, array([-90., -45., -45.,   0.]), array([0, 3, 0, 2, 2, 0, 3, 0, 2, 2, 0, 2, 3, 3, 0, 1, 2, 3, 0, 0, 0, 3,
       1, 2, 0, 1, 3, 1, 0, 0, 3, 2, 3, 2, 3, 3, 0, 2, 1, 3], dtype=object)]
[629, array([-90., -45., -45.,   0.]), array([0, 3, 0, 2, 2, 0, 3, 0, 2, 2, 0, 2, 1, 3, 0, 3, 2, 3, 0, 0, 0, 3,
       1, 2, 0, 1, 3, 1, 0, 0, 3, 2, 1, 2, 3, 3, 0, 2, 1, 3], dtype=object)]
[636, array([-90., -45., -45.,   0.]), array([0, 3, 0, 2, 2, 0, 3, 0, 2, 2, 0, 2, 2, 3, 0, 2, 2, 3, 0, 0, 0, 3,
       1, 2, 0, 1, 3, 1, 0, 0, 3, 2, 1, 2, 3, 3, 0, 2, 1, 3], dtype=object)]
[633, array([-90., -45., -45.,   0.]), array([0, 3, 0, 2, 2, 0, 3, 0, 2, 2, 0, 2, 2, 3, 0, 1, 2, 3, 0, 0, 0, 3,
       1, 2, 0, 1, 3, 1, 0, 0, 3, 2, 1, 2, 3, 3, 0, 2, 1, 3], dtype=object)]
[630, array([-90., -45., -45.,   0.]), array([0, 3, 0, 2, 2, 0, 3, 0, 2, 2, 0, 2, 2, 3, 0, 1, 2, 3, 0, 0, 0, 3,
       1, 2, 0, 1, 3, 1, 0, 0, 3, 2, 0, 2, 3, 3, 0, 2, 1, 3], dtype=object)]
[665, array([-90., -45., -45.,   0.]), array([0, 3, 0, 2, 2, 0, 3, 0, 2, 2, 0, 2, 3, 3, 0, 3, 2, 3, 0, 0, 0, 3,
       1, 2, 0, 1, 3, 1, 0, 0, 3, 2, 1, 2, 3, 3, 0, 2, 1, 3], dtype=object)]
[666, array([-90., -45., -45.,   0.]), array([0, 3, 0, 2, 2, 0, 3, 0, 2, 2, 0, 2, 3, 3, 0, 3, 2, 3, 0, 0, 0, 3,
       1, 2, 0, 1, 3, 1, 0, 0, 3, 2, 1, 2, 3, 3, 0, 2, 1, 3], dtype=object)]
[634, array([-90., -45., -45.,   0.]), array([0, 3, 0, 2, 2, 0, 3, 0, 2, 2, 0, 2, 1, 3, 0, 3, 2, 3, 0, 0, 0, 3,
       1, 2, 0, 1, 3, 1, 0, 0, 3, 2, 0, 2, 3, 3, 0, 2, 1, 3], dtype=object)]
[637, array([-90., -45., -45.,   0.]), array([0, 3, 0, 2, 2, 0, 3, 0, 2, 2, 0, 2, 2, 3, 0, 1, 2, 3, 0, 0, 0, 3,
       1, 2, 0, 1, 3, 1, 0, 0, 3, 2, 0, 2, 3, 3, 0, 2, 1, 3], dtype=object)]
[631, array([-90., -45., -45.,   0.]), array([0, 3, 0, 2, 2, 0, 3, 0, 2, 2, 0, 2, 1, 3, 0, 3, 2, 3, 0, 0, 0, 3,
       1, 2, 0, 1, 3, 1, 0, 0, 3, 2, 1, 2, 3, 3, 0, 2, 1, 3], dtype=object)]
[667, array([-90., -45., -45.,   0.]), array([0, 3, 0, 2, 2, 0, 3, 0, 2, 2, 0, 2, 2, 3, 0, 3, 2, 3, 0, 0, 0, 3,
       1, 2, 0, 1, 3, 1, 0, 0, 3, 2, 1, 2, 3, 3, 0, 2, 1, 3], dtype=object)]
[638, array([-90., -45., -45.,   0.]), array([0, 3, 0, 2, 2, 0, 3, 0, 2, 2, 0, 2, 2, 3, 0, 1, 2, 3, 0, 0, 0, 3,
       1, 2, 0, 1, 3, 1, 0, 0, 3, 2, 0, 2, 3, 3, 0, 2, 1, 3], dtype=object)]
[635, array([-90., -45., -45.,   0.]), array([0, 3, 0, 2, 2, 0, 3, 0, 2, 2, 0, 2, 1, 3, 0, 3, 2, 3, 0, 0, 0, 3,
       1, 2, 0, 1, 3, 1, 0, 0, 3, 2, 1, 2, 3, 3, 0, 2, 1, 3], dtype=object)]
[632, array([-90., -45., -45.,   0.]), array([0, 3, 0, 2, 2, 0, 3, 0, 2, 2, 0, 2, 3, 3, 0, 3, 2, 3, 0, 0, 0, 3,
       1, 2, 0, 1, 3, 1, 0, 0, 3, 2, 0, 2, 3, 3, 0, 2, 1, 3], dtype=object)]
[668, array([-90., -45., -45.,   0.]), array([0, 3, 0, 2, 2, 0, 3, 0, 2, 2, 0, 2, 2, 3, 0, 3, 2, 3, 0, 0, 0, 3,
       1, 2, 0, 1, 3, 1, 0, 0, 3, 2, 3, 2, 3, 3, 0, 2, 1, 3], dtype=object)]
[639, array([-90., -45., -45.,   0.]), array([0, 3, 0, 2, 2, 0, 3, 0, 2, 2, 0, 2, 3, 3, 0, 1, 2, 3, 0, 0, 0, 3,
       1, 2, 0, 1, 3, 1, 0, 0, 3, 2, 1, 2, 3, 3, 0, 2, 1, 3], dtype=object)]
[636, array([-90., -45., -45.,   0.]), array([0, 3, 0, 2, 2, 0, 3, 0, 2, 2, 0, 2, 2, 3, 0, 2, 2, 3, 0, 0, 0, 3,
       1, 2, 0, 1, 3, 1, 0, 0, 3, 2, 1, 2, 3, 3, 0, 2, 1, 3], dtype=object)]
[633, array([-90., -45., -45.,   0.]), array([0, 3, 0, 2, 2, 0, 3, 0, 2, 2, 0, 2, 2, 3, 0, 1, 2, 3, 0, 0, 0, 3,
       1, 2, 0, 1, 3, 1, 0, 0, 3, 2, 1, 2, 3, 3, 0, 2, 1, 3], dtype=object)]
[669, array([-90., -45., -45.,   0.]), array([0, 3, 0, 2, 2, 0, 3, 0, 2, 2, 0, 2, 2, 3, 0, 3, 2, 3, 0, 0, 0, 3,
       1, 2, 0, 1, 3, 1, 0, 0, 3, 2, 1, 2, 3, 3, 0, 2, 1, 3], dtype=object)]
[640, array([-90., -45., -45.,   0.]), array([0, 3, 0, 2, 2, 0, 3, 0, 2, 2, 3, 2, 3, 3, 0, 3, 2, 3, 0, 0, 0, 3,
       1, 2, 0, 1, 3, 1, 0, 0, 3, 2, 1, 2, 3, 3, 0, 2, 1, 3], dtype=object)]
[637, array([-90., -45., -45.,   0.]), array([0, 3, 0, 2, 2, 0, 3, 0, 2, 2, 0, 2, 2, 3, 0, 1, 2, 3, 0, 0, 0, 3,
       1, 2, 0, 1, 3, 1, 0, 0, 3, 2, 0, 2, 3, 3, 0, 2, 1, 3], dtype=object)]
[634, array([-90., -45., -45.,   0.]), array([0, 3, 0, 2, 2, 0, 3, 0, 2, 2, 0, 2, 1, 3, 0, 3, 2, 3, 0, 0, 0, 3,
       1, 2, 0, 1, 3, 1, 0, 0, 3, 2, 0, 2, 3, 3, 0, 2, 1, 3], dtype=object)]
[670, array([-90., -45., -45.,   0.]), array([0, 3, 0, 2, 2, 0, 3, 0, 2, 2, 0, 2, 2, 3, 0, 3, 2, 3, 0, 0, 0, 3,
       1, 2, 0, 1, 3, 1, 0, 0, 3, 2, 2, 2, 3, 3, 0, 2, 1, 3], dtype=object)]
[641, array([-90., -45., -45.,   0.]), array([0, 3, 0, 2, 2, 0, 3, 0, 2, 2, 0, 2, 2, 3, 0, 1, 2, 3, 0, 0, 0, 3,
       1, 2, 0, 1, 3, 1, 0, 0, 3, 2, 1, 2, 3, 3, 0, 2, 1, 3], dtype=object)]
[638, array([-90., -45., -45.,   0.]), array([0, 3, 0, 2, 2, 0, 3, 0, 2, 2, 0, 2, 2, 3, 0, 1, 2, 3, 0, 0, 0, 3,
       1, 2, 0, 1, 3, 1, 0, 0, 3, 2, 0, 2, 3, 3, 0, 2, 1, 3], dtype=object)]
[635, array([-90., -45., -45.,   0.]), array([0, 3, 0, 2, 2, 0, 3, 0, 2, 2, 0, 2, 1, 3, 0, 3, 2, 3, 0, 0, 0, 3,
       1, 2, 0, 1, 3, 1, 0, 0, 3, 2, 1, 2, 3, 3, 0, 2, 1, 3], dtype=object)]
[671, array([-90., -45., -45.,   0.]), array([0, 3, 0, 2, 2, 0, 3, 0, 2, 2, 0, 2, 0, 3, 0, 3, 2, 3, 0, 0, 0, 3,
       1, 2, 0, 1, 3, 1, 0, 0, 3, 2, 1, 2, 3, 3, 0, 2, 1, 3], dtype=object)]
[642, array([-90., -45., -45.,   0.]), array([0, 3, 0, 2, 2, 0, 3, 0, 2, 2, 0, 2, 3, 3, 0, 0, 2, 3, 0, 0, 0, 3,
       1, 2, 0, 1, 3, 1, 0, 0, 3, 2, 1, 2, 3, 3, 0, 2, 1, 3], dtype=object)]
[639, array([-90., -45., -45.,   0.]), array([0, 3, 0, 2, 2, 0, 3, 0, 2, 2, 0, 2, 3, 3, 0, 1, 2, 3, 0, 0, 0, 3,
       1, 2, 0, 1, 3, 1, 0, 0, 3, 2, 1, 2, 3, 3, 0, 2, 1, 3], dtype=object)]
[636, array([-90., -45., -45.,   0.]), array([0, 3, 0, 2, 2, 0, 3, 0, 2, 2, 0, 2, 2, 3, 0, 2, 2, 3, 0, 0, 0, 3,
       1, 2, 0, 1, 3, 1, 0, 0, 3, 2, 1, 2, 3, 3, 0, 2, 1, 3], dtype=object)]
[672, array([-90., -45., -45.,   0.]), array([0, 3, 0, 2, 2, 0, 3, 0, 2, 2, 0, 2, 0, 3, 0, 1, 2, 3, 0, 0, 0, 3,
       1, 2, 0, 1, 3, 1, 0, 0, 3, 2, 1, 2, 3, 3, 0, 2, 1, 3], dtype=object)]
[643, array([-90., -45., -45.,   0.]), array([0, 3, 0, 2, 2, 0, 3, 0, 2, 2, 0, 2, 3, 3, 0, 3, 2, 3, 0, 0, 0, 3,
       1, 2, 0, 1, 3, 1, 0, 0, 3, 2, 1, 2, 3, 3, 0, 2, 1, 3], dtype=object)]
[640, array([-90., -45., -45.,   0.]), array([0, 3, 0, 2, 2, 0, 3, 0, 2, 2, 3, 2, 3, 3, 0, 3, 2, 3, 0, 0, 0, 3,
       1, 2, 0, 1, 3, 1, 0, 0, 3, 2, 1, 2, 3, 3, 0, 2, 1, 3], dtype=object)]
[637, array([-90., -45., -45.,   0.]), array([0, 3, 0, 2, 2, 0, 3, 0, 2, 2, 0, 2, 2, 3, 0, 1, 2, 3, 0, 0, 0, 3,
       1, 2, 0, 1, 3, 1, 0, 0, 3, 2, 0, 2, 3, 3, 0, 2, 1, 3], dtype=object)]
[673, array([-90., -45., -45.,   0.]), array([0, 3, 0, 2, 2, 0, 3, 0, 2, 2, 0, 2, 2, 3, 0, 1, 2, 3, 0, 0, 0, 3,
       1, 2, 0, 1, 3, 1, 0, 0, 3, 2, 1, 2, 3, 3, 0, 2, 1, 3], dtype=object)]
[644, array([-90., -45., -45.,   0.]), array([0, 3, 0, 2, 2, 0, 3, 0, 2, 2, 0, 2, 2, 3, 0, 2, 2, 3, 0, 0, 0, 3,
       1, 2, 0, 1, 3, 1, 0, 0, 3, 2, 0, 2, 3, 3, 0, 2, 1, 3], dtype=object)]
[641, array([-90., -45., -45.,   0.]), array([0, 3, 0, 2, 2, 0, 3, 0, 2, 2, 0, 2, 2, 3, 0, 1, 2, 3, 0, 0, 0, 3,
       1, 2, 0, 1, 3, 1, 0, 0, 3, 2, 1, 2, 3, 3, 0, 2, 1, 3], dtype=object)]
[638, array([-90., -45., -45.,   0.]), array([0, 3, 0, 2, 2, 0, 3, 0, 2, 2, 0, 2, 2, 3, 0, 1, 2, 3, 0, 0, 0, 3,
       1, 2, 0, 1, 3, 1, 0, 0, 3, 2, 0, 2, 3, 3, 0, 2, 1, 3], dtype=object)]
[674, array([-90., -45., -45.,   0.]), array([0, 3, 0, 2, 2, 0, 3, 0, 2, 2, 0, 2, 3, 3, 0, 3, 2, 3, 0, 0, 0, 3,
       1, 2, 0, 1, 3, 1, 0, 0, 3, 2, 1, 2, 3, 3, 0, 2, 1, 3], dtype=object)]
[645, array([-90., -45., -45.,   0.]), array([0, 3, 0, 2, 2, 0, 3, 0, 2, 2, 0, 2, 3, 3, 0, 1, 2, 3, 0, 0, 0, 3,
       1, 2, 0, 1, 3, 1, 0, 0, 3, 2, 1, 2, 3, 3, 0, 2, 1, 3], dtype=object)]
[642, array([-90., -45., -45.,   0.]), array([0, 3, 0, 2, 2, 0, 3, 0, 2, 2, 0, 2, 3, 3, 0, 0, 2, 3, 0, 0, 0, 3,
       1, 2, 0, 1, 3, 1, 0, 0, 3, 2, 1, 2, 3, 3, 0, 2, 1, 3], dtype=object)]
[639, array([-90., -45., -45.,   0.]), array([0, 3, 0, 2, 2, 0, 3, 0, 2, 2, 0, 2, 3, 3, 0, 1, 2, 3, 0, 0, 0, 3,
       1, 2, 0, 1, 3, 1, 0, 0, 3, 2, 1, 2, 3, 3, 0, 2, 1, 3], dtype=object)]
[675, array([-90., -45., -45.,   0.]), array([0, 3, 0, 2, 2, 0, 3, 0, 2, 2, 0, 2, 2, 3, 0, 3, 2, 3, 0, 0, 0, 3,
       1, 2, 0, 1, 3, 1, 0, 0, 3, 2, 1, 2, 3, 3, 0, 2, 1, 3], dtype=object)]
[646, array([-90., -45., -45.,   0.]), array([0, 3, 0, 2, 2, 0, 3, 0, 2, 2, 0, 2, 2, 3, 0, 1, 2, 3, 0, 0, 0, 3,
       1, 2, 0, 1, 3, 1, 0, 0, 3, 2, 3, 2, 3, 3, 0, 2, 1, 3], dtype=object)]
[643, array([-90., -45., -45.,   0.]), array([0, 3, 0, 2, 2, 0, 3, 0, 2, 2, 0, 2, 3, 3, 0, 3, 2, 3, 0, 0, 0, 3,
       1, 2, 0, 1, 3, 1, 0, 0, 3, 2, 1, 2, 3, 3, 0, 2, 1, 3], dtype=object)]
[676, array([-90., -45., -45.,   0.]), array([0, 3, 0, 2, 2, 0, 3, 0, 2, 2, 0, 2, 2, 3, 0, 3, 2, 3, 0, 0, 0, 3,
       1, 2, 0, 1, 3, 1, 0, 0, 3, 2, 0, 2, 3, 3, 0, 2, 1, 3], dtype=object)]
[640, array([-90., -45., -45.,   0.]), array([0, 3, 0, 2, 2, 0, 3, 0, 2, 2, 3, 2, 3, 3, 0, 3, 2, 3, 0, 0, 0, 3,
       1, 2, 0, 1, 3, 1, 0, 0, 3, 2, 1, 2, 3, 3, 0, 2, 1, 3], dtype=object)]
[647, array([-90., -45., -45.,   0.]), array([0, 3, 0, 2, 2, 0, 3, 0, 2, 2, 0, 2, 2, 3, 0, 3, 2, 3, 0, 0, 0, 3,
       1, 2, 0, 1, 3, 1, 0, 0, 3, 2, 1, 2, 3, 3, 0, 2, 1, 3], dtype=object)]
[644, array([-90., -45., -45.,   0.]), array([0, 3, 0, 2, 2, 0, 3, 0, 2, 2, 0, 2, 2, 3, 0, 2, 2, 3, 0, 0, 0, 3,
       1, 2, 0, 1, 3, 1, 0, 0, 3, 2, 0, 2, 3, 3, 0, 2, 1, 3], dtype=object)]
[677, array([-90., -45., -45.,   0.]), array([0, 3, 0, 2, 2, 0, 3, 0, 2, 2, 0, 2, 3, 3, 0, 1, 2, 3, 0, 0, 0, 3,
       1, 2, 0, 1, 3, 1, 0, 0, 3, 2, 1, 2, 3, 3, 0, 2, 1, 3], dtype=object)]
[641, array([-90., -45., -45.,   0.]), array([0, 3, 0, 2, 2, 0, 3, 0, 2, 2, 0, 2, 2, 3, 0, 1, 2, 3, 0, 0, 0, 3,
       1, 2, 0, 1, 3, 1, 0, 0, 3, 2, 1, 2, 3, 3, 0, 2, 1, 3], dtype=object)]
[648, array([-90., -45., -45.,   0.]), array([0, 3, 0, 2, 2, 0, 3, 0, 2, 2, 0, 2, 3, 3, 0, 0, 2, 3, 0, 0, 0, 3,
       1, 2, 0, 1, 3, 1, 0, 0, 3, 2, 1, 2, 3, 3, 0, 2, 1, 3], dtype=object)]
[645, array([-90., -45., -45.,   0.]), array([0, 3, 0, 2, 2, 0, 3, 0, 2, 2, 0, 2, 3, 3, 0, 1, 2, 3, 0, 0, 0, 3,
       1, 2, 0, 1, 3, 1, 0, 0, 3, 2, 1, 2, 3, 3, 0, 2, 1, 3], dtype=object)]
[678, array([-90., -45., -45.,   0.]), array([0, 3, 0, 2, 2, 0, 3, 0, 2, 2, 2, 2, 0, 3, 0, 1, 2, 3, 0, 0, 0, 3,
       1, 2, 0, 1, 3, 1, 0, 0, 3, 2, 1, 2, 3, 3, 0, 2, 1, 3], dtype=object)]
[642, array([-90., -45., -45.,   0.]), array([0, 3, 0, 2, 2, 0, 3, 0, 2, 2, 0, 2, 3, 3, 0, 0, 2, 3, 0, 0, 0, 3,
       1, 2, 0, 1, 3, 1, 0, 0, 3, 2, 1, 2, 3, 3, 0, 2, 1, 3], dtype=object)]
[649, array([-90., -45., -45.,   0.]), array([0, 3, 0, 2, 2, 0, 3, 0, 2, 2, 0, 2, 3, 3, 0, 3, 2, 3, 0, 0, 0, 3,
       1, 2, 0, 1, 3, 1, 0, 0, 3, 2, 1, 2, 3, 3, 0, 2, 1, 3], dtype=object)]
[646, array([-90., -45., -45.,   0.]), array([0, 3, 0, 2, 2, 0, 3, 0, 2, 2, 0, 2, 2, 3, 0, 1, 2, 3, 0, 0, 0, 3,
       1, 2, 0, 1, 3, 1, 0, 0, 3, 2, 3, 2, 3, 3, 0, 2, 1, 3], dtype=object)]
[679, array([-90., -45., -45.,   0.]), array([0, 3, 0, 2, 2, 0, 3, 0, 2, 2, 0, 2, 2, 3, 0, 1, 2, 3, 0, 0, 0, 3,
       1, 2, 0, 1, 3, 1, 0, 0, 3, 2, 1, 2, 3, 3, 0, 2, 1, 3], dtype=object)]
[643, array([-90., -45., -45.,   0.]), array([0, 3, 0, 2, 2, 0, 3, 0, 2, 2, 0, 2, 3, 3, 0, 3, 2, 3, 0, 0, 0, 3,
       1, 2, 0, 1, 3, 1, 0, 0, 3, 2, 1, 2, 3, 3, 0, 2, 1, 3], dtype=object)]
[650, array([-90., -45., -45.,   0.]), array([0, 3, 0, 2, 2, 0, 3, 0, 2, 2, 3, 2, 3, 3, 0, 1, 2, 3, 0, 0, 0, 3,
       1, 2, 0, 1, 3, 1, 0, 0, 3, 2, 1, 2, 3, 3, 0, 2, 1, 3], dtype=object)]
[647, array([-90., -45., -45.,   0.]), array([0, 3, 0, 2, 2, 0, 3, 0, 2, 2, 0, 2, 2, 3, 0, 3, 2, 3, 0, 0, 0, 3,
       1, 2, 0, 1, 3, 1, 0, 0, 3, 2, 1, 2, 3, 3, 0, 2, 1, 3], dtype=object)]
[680, array([-90., -45., -45.,   0.]), array([0, 3, 0, 2, 2, 0, 3, 0, 2, 2, 0, 2, 2, 3, 0, 0, 2, 3, 0, 0, 0, 3,
       1, 2, 0, 1, 3, 1, 0, 0, 3, 2, 1, 2, 3, 3, 0, 2, 1, 3], dtype=object)]
[644, array([-90., -45., -45.,   0.]), array([0, 3, 0, 2, 2, 0, 3, 0, 2, 2, 0, 2, 2, 3, 0, 2, 2, 3, 0, 0, 0, 3,
       1, 2, 0, 1, 3, 1, 0, 0, 3, 2, 0, 2, 3, 3, 0, 2, 1, 3], dtype=object)]
[651, array([-90., -45., -45.,   0.]), array([0, 3, 0, 2, 2, 0, 3, 0, 2, 2, 0, 2, 2, 3, 0, 3, 2, 3, 0, 0, 0, 3,
       1, 2, 0, 1, 3, 1, 0, 0, 3, 2, 1, 2, 3, 3, 0, 2, 1, 3], dtype=object)]
[648, array([-90., -45., -45.,   0.]), array([0, 3, 0, 2, 2, 0, 3, 0, 2, 2, 0, 2, 3, 3, 0, 0, 2, 3, 0, 0, 0, 3,
       1, 2, 0, 1, 3, 1, 0, 0, 3, 2, 1, 2, 3, 3, 0, 2, 1, 3], dtype=object)]
[681, array([-90., -45., -45.,   0.]), array([0, 3, 0, 2, 2, 0, 3, 0, 2, 2, 0, 2, 0, 3, 0, 3, 2, 3, 0, 0, 0, 3,
       1, 2, 0, 1, 3, 1, 0, 0, 3, 2, 1, 2, 3, 3, 0, 2, 1, 3], dtype=object)]
[645, array([-90., -45., -45.,   0.]), array([0, 3, 0, 2, 2, 0, 3, 0, 2, 2, 0, 2, 3, 3, 0, 1, 2, 3, 0, 0, 0, 3,
       1, 2, 0, 1, 3, 1, 0, 0, 3, 2, 1, 2, 3, 3, 0, 2, 1, 3], dtype=object)]
[652, array([-90., -45., -45.,   0.]), array([0, 3, 0, 2, 2, 0, 3, 0, 2, 2, 0, 2, 3, 3, 0, 1, 2, 3, 0, 0, 0, 3,
       1, 2, 0, 1, 3, 1, 0, 0, 3, 2, 3, 2, 3, 3, 0, 2, 1, 3], dtype=object)]
[649, array([-90., -45., -45.,   0.]), array([0, 3, 0, 2, 2, 0, 3, 0, 2, 2, 0, 2, 3, 3, 0, 3, 2, 3, 0, 0, 0, 3,
       1, 2, 0, 1, 3, 1, 0, 0, 3, 2, 1, 2, 3, 3, 0, 2, 1, 3], dtype=object)]
[682, array([-90., -45., -45.,   0.]), array([0, 3, 0, 2, 2, 0, 3, 0, 2, 2, 0, 2, 2, 3, 0, 2, 2, 3, 0, 0, 0, 3,
       1, 2, 0, 1, 3, 1, 0, 0, 3, 2, 1, 2, 3, 3, 0, 2, 1, 3], dtype=object)]
[646, array([-90., -45., -45.,   0.]), array([0, 3, 0, 2, 2, 0, 3, 0, 2, 2, 0, 2, 2, 3, 0, 1, 2, 3, 0, 0, 0, 3,
       1, 2, 0, 1, 3, 1, 0, 0, 3, 2, 3, 2, 3, 3, 0, 2, 1, 3], dtype=object)]
[683, array([-90., -45., -45.,   0.]), array([0, 3, 0, 2, 2, 0, 3, 0, 2, 2, 0, 2, 0, 3, 0, 3, 2, 3, 0, 0, 0, 3,
       1, 2, 0, 1, 3, 1, 0, 0, 3, 2, 1, 2, 3, 3, 0, 2, 1, 3], dtype=object)]
[650, array([-90., -45., -45.,   0.]), array([0, 3, 0, 2, 2, 0, 3, 0, 2, 2, 3, 2, 3, 3, 0, 1, 2, 3, 0, 0, 0, 3,
       1, 2, 0, 1, 3, 1, 0, 0, 3, 2, 1, 2, 3, 3, 0, 2, 1, 3], dtype=object)]
[653, array([-90., -45., -45.,   0.]), array([0, 3, 0, 2, 2, 0, 3, 0, 2, 2, 0, 2, 2, 3, 0, 1, 2, 3, 0, 0, 0, 3,
       1, 2, 0, 1, 3, 1, 0, 0, 3, 2, 1, 2, 3, 3, 0, 2, 1, 3], dtype=object)]
[647, array([-90., -45., -45.,   0.]), array([0, 3, 0, 2, 2, 0, 3, 0, 2, 2, 0, 2, 2, 3, 0, 3, 2, 3, 0, 0, 0, 3,
       1, 2, 0, 1, 3, 1, 0, 0, 3, 2, 1, 2, 3, 3, 0, 2, 1, 3], dtype=object)]
[684, array([-90., -45., -45.,   0.]), array([0, 3, 0, 2, 2, 0, 3, 0, 2, 2, 0, 2, 0, 3, 0, 0, 2, 3, 0, 0, 0, 3,
       1, 2, 0, 1, 3, 1, 0, 0, 3, 2, 1, 2, 3, 3, 0, 2, 1, 3], dtype=object)]
[654, array([-90., -45., -45.,   0.]), array([0, 3, 0, 2, 2, 0, 3, 0, 2, 2, 0, 2, 3, 3, 0, 3, 2, 3, 0, 0, 0, 3,
       1, 2, 0, 1, 3, 1, 0, 0, 3, 2, 3, 2, 3, 3, 0, 2, 1, 3], dtype=object)]
[651, array([-90., -45., -45.,   0.]), array([0, 3, 0, 2, 2, 0, 3, 0, 2, 2, 0, 2, 2, 3, 0, 3, 2, 3, 0, 0, 0, 3,
       1, 2, 0, 1, 3, 1, 0, 0, 3, 2, 1, 2, 3, 3, 0, 2, 1, 3], dtype=object)]
[648, array([-90., -45., -45.,   0.]), array([0, 3, 0, 2, 2, 0, 3, 0, 2, 2, 0, 2, 3, 3, 0, 0, 2, 3, 0, 0, 0, 3,
       1, 2, 0, 1, 3, 1, 0, 0, 3, 2, 1, 2, 3, 3, 0, 2, 1, 3], dtype=object)]
[685, array([-90., -45., -45.,   0.]), array([0, 3, 0, 2, 2, 0, 3, 0, 2, 2, 0, 2, 0, 3, 0, 3, 2, 3, 0, 0, 0, 3,
       1, 2, 0, 1, 3, 1, 0, 0, 3, 2, 1, 2, 3, 3, 0, 2, 1, 3], dtype=object)]
[655, array([-90., -45., -45.,   0.]), array([0, 3, 0, 2, 2, 0, 3, 0, 2, 2, 0, 2, 3, 3, 0, 1, 2, 3, 0, 0, 0, 3,
       1, 2, 0, 1, 3, 1, 0, 0, 3, 2, 1, 2, 3, 3, 0, 2, 1, 3], dtype=object)]
[652, array([-90., -45., -45.,   0.]), array([0, 3, 0, 2, 2, 0, 3, 0, 2, 2, 0, 2, 3, 3, 0, 1, 2, 3, 0, 0, 0, 3,
       1, 2, 0, 1, 3, 1, 0, 0, 3, 2, 3, 2, 3, 3, 0, 2, 1, 3], dtype=object)]
[649, array([-90., -45., -45.,   0.]), array([0, 3, 0, 2, 2, 0, 3, 0, 2, 2, 0, 2, 3, 3, 0, 3, 2, 3, 0, 0, 0, 3,
       1, 2, 0, 1, 3, 1, 0, 0, 3, 2, 1, 2, 3, 3, 0, 2, 1, 3], dtype=object)]
[686, array([-90., -45., -45.,   0.]), array([0, 3, 0, 2, 2, 0, 3, 0, 2, 2, 3, 2, 2, 3, 0, 3, 2, 3, 0, 0, 0, 3,
       1, 2, 0, 1, 3, 1, 0, 0, 3, 2, 1, 2, 3, 3, 0, 2, 1, 3], dtype=object)]
[656, array([-90., -45., -45.,   0.]), array([0, 3, 0, 2, 2, 0, 3, 0, 2, 2, 0, 2, 2, 3, 0, 3, 2, 3, 0, 0, 0, 3,
       1, 2, 0, 1, 3, 1, 0, 0, 3, 2, 0, 2, 3, 3, 0, 2, 1, 3], dtype=object)]
[653, array([-90., -45., -45.,   0.]), array([0, 3, 0, 2, 2, 0, 3, 0, 2, 2, 0, 2, 2, 3, 0, 1, 2, 3, 0, 0, 0, 3,
       1, 2, 0, 1, 3, 1, 0, 0, 3, 2, 1, 2, 3, 3, 0, 2, 1, 3], dtype=object)]
[650, array([-90., -45., -45.,   0.]), array([0, 3, 0, 2, 2, 0, 3, 0, 2, 2, 3, 2, 3, 3, 0, 1, 2, 3, 0, 0, 0, 3,
       1, 2, 0, 1, 3, 1, 0, 0, 3, 2, 1, 2, 3, 3, 0, 2, 1, 3], dtype=object)]
[687, array([-90., -45., -45.,   0.]), array([0, 3, 0, 2, 2, 0, 3, 0, 2, 2, 0, 2, 2, 3, 0, 1, 2, 3, 0, 0, 0, 3,
       1, 2, 0, 1, 3, 1, 0, 0, 3, 2, 1, 2, 3, 3, 0, 2, 1, 3], dtype=object)]
[657, array([-90., -45., -45.,   0.]), array([0, 3, 0, 2, 2, 0, 3, 0, 2, 2, 0, 2, 2, 3, 0, 1, 2, 3, 0, 0, 0, 3,
       1, 2, 0, 1, 3, 1, 0, 0, 3, 2, 1, 2, 3, 3, 0, 2, 1, 3], dtype=object)]
[654, array([-90., -45., -45.,   0.]), array([0, 3, 0, 2, 2, 0, 3, 0, 2, 2, 0, 2, 3, 3, 0, 3, 2, 3, 0, 0, 0, 3,
       1, 2, 0, 1, 3, 1, 0, 0, 3, 2, 3, 2, 3, 3, 0, 2, 1, 3], dtype=object)]
[651, array([-90., -45., -45.,   0.]), array([0, 3, 0, 2, 2, 0, 3, 0, 2, 2, 0, 2, 2, 3, 0, 3, 2, 3, 0, 0, 0, 3,
       1, 2, 0, 1, 3, 1, 0, 0, 3, 2, 1, 2, 3, 3, 0, 2, 1, 3], dtype=object)]
[688, array([-90., -45., -45.,   0.]), array([0, 3, 0, 2, 2, 0, 3, 0, 2, 2, 0, 2, 0, 3, 0, 1, 2, 3, 0, 0, 0, 3,
       1, 2, 0, 1, 3, 1, 0, 0, 3, 2, 1, 2, 3, 3, 0, 2, 1, 3], dtype=object)]
[658, array([-90., -45., -45.,   0.]), array([0, 3, 0, 2, 2, 0, 3, 0, 2, 2, 0, 2, 2, 3, 0, 0, 2, 3, 0, 0, 0, 3,
       1, 2, 0, 1, 3, 1, 0, 0, 3, 2, 1, 2, 3, 3, 0, 2, 1, 3], dtype=object)]
[655, array([-90., -45., -45.,   0.]), array([0, 3, 0, 2, 2, 0, 3, 0, 2, 2, 0, 2, 3, 3, 0, 1, 2, 3, 0, 0, 0, 3,
       1, 2, 0, 1, 3, 1, 0, 0, 3, 2, 1, 2, 3, 3, 0, 2, 1, 3], dtype=object)]
[652, array([-90., -45., -45.,   0.]), array([0, 3, 0, 2, 2, 0, 3, 0, 2, 2, 0, 2, 3, 3, 0, 1, 2, 3, 0, 0, 0, 3,
       1, 2, 0, 1, 3, 1, 0, 0, 3, 2, 3, 2, 3, 3, 0, 2, 1, 3], dtype=object)]
[689, array([-90., -45., -45.,   0.]), array([0, 3, 0, 2, 2, 0, 3, 0, 2, 2, 2, 2, 0, 3, 0, 3, 2, 3, 0, 0, 0, 3,
       1, 2, 0, 1, 3, 1, 0, 0, 3, 2, 1, 2, 3, 3, 0, 2, 1, 3], dtype=object)]
[659, array([-90., -45., -45.,   0.]), array([0, 3, 0, 2, 2, 0, 3, 0, 2, 2, 0, 2, 3, 3, 0, 1, 2, 3, 0, 0, 0, 3,
       1, 2, 0, 1, 3, 1, 0, 0, 3, 2, 0, 2, 3, 3, 0, 2, 1, 3], dtype=object)]
[656, array([-90., -45., -45.,   0.]), array([0, 3, 0, 2, 2, 0, 3, 0, 2, 2, 0, 2, 2, 3, 0, 3, 2, 3, 0, 0, 0, 3,
       1, 2, 0, 1, 3, 1, 0, 0, 3, 2, 0, 2, 3, 3, 0, 2, 1, 3], dtype=object)]
[690, array([-90., -45., -45.,   0.]), array([0, 3, 0, 2, 2, 0, 3, 0, 2, 2, 0, 2, 2, 3, 0, 0, 2, 3, 0, 0, 0, 3,
       1, 2, 0, 1, 3, 1, 0, 0, 3, 2, 1, 2, 3, 3, 0, 2, 1, 3], dtype=object)]
[653, array([-90., -45., -45.,   0.]), array([0, 3, 0, 2, 2, 0, 3, 0, 2, 2, 0, 2, 2, 3, 0, 1, 2, 3, 0, 0, 0, 3,
       1, 2, 0, 1, 3, 1, 0, 0, 3, 2, 1, 2, 3, 3, 0, 2, 1, 3], dtype=object)]
[660, array([-90., -45., -45.,   0.]), array([0, 3, 0, 2, 2, 0, 3, 0, 2, 2, 0, 2, 0, 3, 0, 1, 2, 3, 0, 0, 0, 3,
       1, 2, 0, 1, 3, 1, 0, 0, 3, 2, 1, 2, 3, 3, 0, 2, 1, 3], dtype=object)]
[657, array([-90., -45., -45.,   0.]), array([0, 3, 0, 2, 2, 0, 3, 0, 2, 2, 0, 2, 2, 3, 0, 1, 2, 3, 0, 0, 0, 3,
       1, 2, 0, 1, 3, 1, 0, 0, 3, 2, 1, 2, 3, 3, 0, 2, 1, 3], dtype=object)]
[654, array([-90., -45., -45.,   0.]), array([0, 3, 0, 2, 2, 0, 3, 0, 2, 2, 0, 2, 3, 3, 0, 3, 2, 3, 0, 0, 0, 3,
       1, 2, 0, 1, 3, 1, 0, 0, 3, 2, 3, 2, 3, 3, 0, 2, 1, 3], dtype=object)]
[691, array([-90., -45., -45.,   0.]), array([0, 3, 0, 2, 2, 0, 3, 0, 2, 2, 0, 2, 2, 3, 0, 3, 2, 3, 0, 0, 0, 3,
       1, 2, 0, 1, 3, 1, 0, 0, 3, 2, 1, 2, 3, 3, 0, 2, 1, 3], dtype=object)]
[658, array([-90., -45., -45.,   0.]), array([0, 3, 0, 2, 2, 0, 3, 0, 2, 2, 0, 2, 2, 3, 0, 0, 2, 3, 0, 0, 0, 3,
       1, 2, 0, 1, 3, 1, 0, 0, 3, 2, 1, 2, 3, 3, 0, 2, 1, 3], dtype=object)]
[661, array([-90., -45., -45.,   0.]), array([0, 3, 0, 2, 2, 0, 3, 0, 2, 2, 0, 2, 3, 3, 0, 3, 2, 3, 0, 0, 0, 3,
       1, 2, 0, 1, 3, 1, 0, 0, 3, 2, 1, 2, 3, 3, 0, 2, 1, 3], dtype=object)]
[692, array([-90., -45., -45.,   0.]), array([0, 3, 0, 2, 2, 0, 3, 0, 2, 2, 3, 2, 2, 3, 0, 1, 2, 3, 0, 0, 0, 3,
       1, 2, 0, 1, 3, 1, 0, 0, 3, 2, 2, 2, 3, 3, 0, 2, 1, 3], dtype=object)]
[655, array([-90., -45., -45.,   0.]), array([0, 3, 0, 2, 2, 0, 3, 0, 2, 2, 0, 2, 3, 3, 0, 1, 2, 3, 0, 0, 0, 3,
       1, 2, 0, 1, 3, 1, 0, 0, 3, 2, 1, 2, 3, 3, 0, 2, 1, 3], dtype=object)]
[662, array([-90., -45., -45.,   0.]), array([0, 3, 0, 2, 2, 0, 3, 0, 2, 2, 0, 2, 3, 3, 0, 3, 2, 3, 0, 0, 0, 3,
       1, 2, 0, 1, 3, 1, 0, 0, 3, 2, 3, 2, 3, 3, 0, 2, 1, 3], dtype=object)]
[659, array([-90., -45., -45.,   0.]), array([0, 3, 0, 2, 2, 0, 3, 0, 2, 2, 0, 2, 3, 3, 0, 1, 2, 3, 0, 0, 0, 3,
       1, 2, 0, 1, 3, 1, 0, 0, 3, 2, 0, 2, 3, 3, 0, 2, 1, 3], dtype=object)]
[693, array([-90., -45., -45.,   0.]), array([0, 3, 0, 2, 2, 0, 3, 0, 2, 2, 3, 2, 2, 3, 0, 1, 2, 3, 0, 0, 0, 3,
       1, 2, 0, 1, 3, 1, 0, 0, 3, 2, 2, 2, 3, 3, 0, 2, 1, 3], dtype=object)]
[656, array([-90., -45., -45.,   0.]), array([0, 3, 0, 2, 2, 0, 3, 0, 2, 2, 0, 2, 2, 3, 0, 3, 2, 3, 0, 0, 0, 3,
       1, 2, 0, 1, 3, 1, 0, 0, 3, 2, 0, 2, 3, 3, 0, 2, 1, 3], dtype=object)]
[663, array([-90., -45., -45.,   0.]), array([0, 3, 0, 2, 2, 0, 3, 0, 2, 2, 0, 2, 0, 3, 0, 3, 2, 3, 0, 0, 0, 3,
       1, 2, 0, 1, 3, 1, 0, 0, 3, 2, 1, 2, 3, 3, 0, 2, 1, 3], dtype=object)]
[694, array([-90., -45., -45.,   0.]), array([0, 3, 0, 2, 2, 0, 3, 0, 2, 2, 1, 2, 2, 3, 0, 1, 2, 3, 0, 0, 0, 3,
       1, 2, 0, 1, 3, 1, 0, 0, 3, 2, 2, 2, 3, 3, 0, 2, 1, 3], dtype=object)]
[660, array([-90., -45., -45.,   0.]), array([0, 3, 0, 2, 2, 0, 3, 0, 2, 2, 0, 2, 0, 3, 0, 1, 2, 3, 0, 0, 0, 3,
       1, 2, 0, 1, 3, 1, 0, 0, 3, 2, 1, 2, 3, 3, 0, 2, 1, 3], dtype=object)]
[657, array([-90., -45., -45.,   0.]), array([0, 3, 0, 2, 2, 0, 3, 0, 2, 2, 0, 2, 2, 3, 0, 1, 2, 3, 0, 0, 0, 3,
       1, 2, 0, 1, 3, 1, 0, 0, 3, 2, 1, 2, 3, 3, 0, 2, 1, 3], dtype=object)]
[664, array([-90., -45., -45.,   0.]), array([0, 3, 0, 2, 2, 0, 3, 0, 2, 2, 0, 2, 3, 3, 0, 1, 2, 3, 0, 0, 0, 3,
       1, 2, 0, 1, 3, 1, 0, 0, 3, 2, 3, 2, 3, 3, 0, 2, 1, 3], dtype=object)]
[695, array([-90., -45., -45.,   0.]), array([0, 3, 0, 2, 2, 0, 3, 0, 2, 2, 3, 2, 2, 3, 0, 1, 2, 3, 0, 0, 0, 3,
       1, 2, 0, 1, 3, 1, 0, 0, 3, 2, 1, 2, 3, 3, 0, 2, 1, 3], dtype=object)]
[661, array([-90., -45., -45.,   0.]), array([0, 3, 0, 2, 2, 0, 3, 0, 2, 2, 0, 2, 3, 3, 0, 3, 2, 3, 0, 0, 0, 3,
       1, 2, 0, 1, 3, 1, 0, 0, 3, 2, 1, 2, 3, 3, 0, 2, 1, 3], dtype=object)]
[658, array([-90., -45., -45.,   0.]), array([0, 3, 0, 2, 2, 0, 3, 0, 2, 2, 0, 2, 2, 3, 0, 0, 2, 3, 0, 0, 0, 3,
       1, 2, 0, 1, 3, 1, 0, 0, 3, 2, 1, 2, 3, 3, 0, 2, 1, 3], dtype=object)]
[665, array([-90., -45., -45.,   0.]), array([0, 3, 0, 2, 2, 0, 3, 0, 2, 2, 0, 2, 3, 3, 0, 3, 2, 3, 0, 0, 0, 3,
       1, 2, 0, 1, 3, 1, 0, 0, 3, 2, 1, 2, 3, 3, 0, 2, 1, 3], dtype=object)]
[696, array([-90., -45., -45.,   0.]), array([0, 3, 0, 2, 2, 0, 3, 0, 2, 2, 3, 2, 2, 3, 0, 0, 2, 3, 0, 0, 0, 3,
       1, 2, 0, 1, 3, 1, 0, 0, 3, 2, 1, 2, 3, 3, 0, 2, 1, 3], dtype=object)]
[662, array([-90., -45., -45.,   0.]), array([0, 3, 0, 2, 2, 0, 3, 0, 2, 2, 0, 2, 3, 3, 0, 3, 2, 3, 0, 0, 0, 3,
       1, 2, 0, 1, 3, 1, 0, 0, 3, 2, 3, 2, 3, 3, 0, 2, 1, 3], dtype=object)]
[659, array([-90., -45., -45.,   0.]), array([0, 3, 0, 2, 2, 0, 3, 0, 2, 2, 0, 2, 3, 3, 0, 1, 2, 3, 0, 0, 0, 3,
       1, 2, 0, 1, 3, 1, 0, 0, 3, 2, 0, 2, 3, 3, 0, 2, 1, 3], dtype=object)]
[666, array([-90., -45., -45.,   0.]), array([0, 3, 0, 2, 2, 0, 3, 0, 2, 2, 0, 2, 3, 3, 0, 3, 2, 3, 0, 0, 0, 3,
       1, 2, 0, 1, 3, 1, 0, 0, 3, 2, 1, 2, 3, 3, 0, 2, 1, 3], dtype=object)]
[697, array([-90., -45., -45.,   0.]), array([0, 3, 0, 2, 2, 0, 3, 0, 2, 2, 3, 2, 2, 3, 0, 1, 2, 3, 0, 0, 0, 3,
       1, 2, 0, 1, 3, 1, 0, 0, 3, 2, 1, 2, 3, 3, 0, 2, 1, 3], dtype=object)]
[663, array([-90., -45., -45.,   0.]), array([0, 3, 0, 2, 2, 0, 3, 0, 2, 2, 0, 2, 0, 3, 0, 3, 2, 3, 0, 0, 0, 3,
       1, 2, 0, 1, 3, 1, 0, 0, 3, 2, 1, 2, 3, 3, 0, 2, 1, 3], dtype=object)]
[660, array([-90., -45., -45.,   0.]), array([0, 3, 0, 2, 2, 0, 3, 0, 2, 2, 0, 2, 0, 3, 0, 1, 2, 3, 0, 0, 0, 3,
       1, 2, 0, 1, 3, 1, 0, 0, 3, 2, 1, 2, 3, 3, 0, 2, 1, 3], dtype=object)]
[698, array([-90., -45., -45.,   0.]), array([0, 3, 0, 2, 2, 0, 3, 0, 2, 2, 3, 2, 2, 3, 0, 1, 2, 3, 0, 0, 0, 3,
       1, 2, 0, 1, 3, 1, 0, 0, 3, 2, 2, 2, 3, 3, 0, 2, 1, 3], dtype=object)]
[664, array([-90., -45., -45.,   0.]), array([0, 3, 0, 2, 2, 0, 3, 0, 2, 2, 0, 2, 3, 3, 0, 1, 2, 3, 0, 0, 0, 3,
       1, 2, 0, 1, 3, 1, 0, 0, 3, 2, 3, 2, 3, 3, 0, 2, 1, 3], dtype=object)]
[667, array([-90., -45., -45.,   0.]), array([0, 3, 0, 2, 2, 0, 3, 0, 2, 2, 0, 2, 2, 3, 0, 3, 2, 3, 0, 0, 0, 3,
       1, 2, 0, 1, 3, 1, 0, 0, 3, 2, 1, 2, 3, 3, 0, 2, 1, 3], dtype=object)]
[661, array([-90., -45., -45.,   0.]), array([0, 3, 0, 2, 2, 0, 3, 0, 2, 2, 0, 2, 3, 3, 0, 3, 2, 3, 0, 0, 0, 3,
       1, 2, 0, 1, 3, 1, 0, 0, 3, 2, 1, 2, 3, 3, 0, 2, 1, 3], dtype=object)]
[668, array([-90., -45., -45.,   0.]), array([0, 3, 0, 2, 2, 0, 3, 0, 2, 2, 0, 2, 2, 3, 0, 3, 2, 3, 0, 0, 0, 3,
       1, 2, 0, 1, 3, 1, 0, 0, 3, 2, 3, 2, 3, 3, 0, 2, 1, 3], dtype=object)]
[699, array([-90., -45., -45.,   0.]), array([0, 3, 0, 2, 2, 0, 3, 0, 2, 2, 3, 2, 2, 3, 0, 1, 2, 3, 0, 0, 0, 3,
       1, 2, 0, 1, 3, 1, 0, 0, 3, 2, 1, 2, 3, 3, 0, 2, 1, 3], dtype=object)]
[665, array([-90., -45., -45.,   0.]), array([0, 3, 0, 2, 2, 0, 3, 0, 2, 2, 0, 2, 3, 3, 0, 3, 2, 3, 0, 0, 0, 3,
       1, 2, 0, 1, 3, 1, 0, 0, 3, 2, 1, 2, 3, 3, 0, 2, 1, 3], dtype=object)]
[662, array([-90., -45., -45.,   0.]), array([0, 3, 0, 2, 2, 0, 3, 0, 2, 2, 0, 2, 3, 3, 0, 3, 2, 3, 0, 0, 0, 3,
       1, 2, 0, 1, 3, 1, 0, 0, 3, 2, 3, 2, 3, 3, 0, 2, 1, 3], dtype=object)]
[700, array([-90., -45., -45.,   0.]), array([0, 3, 0, 2, 2, 0, 3, 0, 2, 2, 0, 2, 2, 3, 0, 0, 2, 3, 0, 0, 0, 3,
       1, 2, 0, 1, 3, 1, 0, 0, 3, 2, 1, 2, 3, 3, 0, 2, 1, 3], dtype=object)]
[669, array([-90., -45., -45.,   0.]), array([0, 3, 0, 2, 2, 0, 3, 0, 2, 2, 0, 2, 2, 3, 0, 3, 2, 3, 0, 0, 0, 3,
       1, 2, 0, 1, 3, 1, 0, 0, 3, 2, 1, 2, 3, 3, 0, 2, 1, 3], dtype=object)]
[666, array([-90., -45., -45.,   0.]), array([0, 3, 0, 2, 2, 0, 3, 0, 2, 2, 0, 2, 3, 3, 0, 3, 2, 3, 0, 0, 0, 3,
       1, 2, 0, 1, 3, 1, 0, 0, 3, 2, 1, 2, 3, 3, 0, 2, 1, 3], dtype=object)]
[663, array([-90., -45., -45.,   0.]), array([0, 3, 0, 2, 2, 0, 3, 0, 2, 2, 0, 2, 0, 3, 0, 3, 2, 3, 0, 0, 0, 3,
       1, 2, 0, 1, 3, 1, 0, 0, 3, 2, 1, 2, 3, 3, 0, 2, 1, 3], dtype=object)]
[701, array([-90., -45., -45.,   0.]), array([0, 3, 0, 2, 2, 0, 3, 0, 2, 2, 0, 2, 2, 3, 0, 0, 2, 3, 0, 0, 0, 3,
       1, 2, 0, 1, 3, 1, 0, 0, 3, 2, 1, 2, 3, 3, 0, 2, 1, 3], dtype=object)]
[670, array([-90., -45., -45.,   0.]), array([0, 3, 0, 2, 2, 0, 3, 0, 2, 2, 0, 2, 2, 3, 0, 3, 2, 3, 0, 0, 0, 3,
       1, 2, 0, 1, 3, 1, 0, 0, 3, 2, 2, 2, 3, 3, 0, 2, 1, 3], dtype=object)]
[667, array([-90., -45., -45.,   0.]), array([0, 3, 0, 2, 2, 0, 3, 0, 2, 2, 0, 2, 2, 3, 0, 3, 2, 3, 0, 0, 0, 3,
       1, 2, 0, 1, 3, 1, 0, 0, 3, 2, 1, 2, 3, 3, 0, 2, 1, 3], dtype=object)]
[664, array([-90., -45., -45.,   0.]), array([0, 3, 0, 2, 2, 0, 3, 0, 2, 2, 0, 2, 3, 3, 0, 1, 2, 3, 0, 0, 0, 3,
       1, 2, 0, 1, 3, 1, 0, 0, 3, 2, 3, 2, 3, 3, 0, 2, 1, 3], dtype=object)]
[702, array([-80., -40., -40.,   0.]), array([0, 3, 0, 2, 2, 0, 3, 0, 2, 2, 0, 2, 2, 3, 0, 0, 2, 3, 0, 0, 3, 3,
       1, 2, 0, 1, 3, 1, 0, 0, 3, 2, 3, 2, 3, 3, 0, 2, 1, 3], dtype=object)]
[671, array([-90., -45., -45.,   0.]), array([0, 3, 0, 2, 2, 0, 3, 0, 2, 2, 0, 2, 0, 3, 0, 3, 2, 3, 0, 0, 0, 3,
       1, 2, 0, 1, 3, 1, 0, 0, 3, 2, 1, 2, 3, 3, 0, 2, 1, 3], dtype=object)]
[668, array([-90., -45., -45.,   0.]), array([0, 3, 0, 2, 2, 0, 3, 0, 2, 2, 0, 2, 2, 3, 0, 3, 2, 3, 0, 0, 0, 3,
       1, 2, 0, 1, 3, 1, 0, 0, 3, 2, 3, 2, 3, 3, 0, 2, 1, 3], dtype=object)]
[665, array([-90., -45., -45.,   0.]), array([0, 3, 0, 2, 2, 0, 3, 0, 2, 2, 0, 2, 3, 3, 0, 3, 2, 3, 0, 0, 0, 3,
       1, 2, 0, 1, 3, 1, 0, 0, 3, 2, 1, 2, 3, 3, 0, 2, 1, 3], dtype=object)]
[703, array([-90., -45., -45.,   0.]), array([0, 3, 0, 2, 2, 0, 3, 0, 2, 2, 0, 2, 2, 3, 0, 3, 2, 3, 0, 0, 0, 3,
       1, 2, 0, 1, 3, 1, 0, 0, 3, 2, 1, 2, 3, 3, 0, 2, 1, 3], dtype=object)]
[672, array([-90., -45., -45.,   0.]), array([0, 3, 0, 2, 2, 0, 3, 0, 2, 2, 0, 2, 0, 3, 0, 1, 2, 3, 0, 0, 0, 3,
       1, 2, 0, 1, 3, 1, 0, 0, 3, 2, 1, 2, 3, 3, 0, 2, 1, 3], dtype=object)]
[669, array([-90., -45., -45.,   0.]), array([0, 3, 0, 2, 2, 0, 3, 0, 2, 2, 0, 2, 2, 3, 0, 3, 2, 3, 0, 0, 0, 3,
       1, 2, 0, 1, 3, 1, 0, 0, 3, 2, 1, 2, 3, 3, 0, 2, 1, 3], dtype=object)]
[666, array([-90., -45., -45.,   0.]), array([0, 3, 0, 2, 2, 0, 3, 0, 2, 2, 0, 2, 3, 3, 0, 3, 2, 3, 0, 0, 0, 3,
       1, 2, 0, 1, 3, 1, 0, 0, 3, 2, 1, 2, 3, 3, 0, 2, 1, 3], dtype=object)]
[704, array([-90., -45., -45.,   0.]), array([0, 3, 0, 2, 2, 0, 3, 0, 2, 2, 3, 2, 2, 3, 0, 1, 2, 3, 0, 0, 0, 3,
       1, 2, 0, 1, 3, 1, 0, 0, 3, 2, 3, 2, 3, 3, 0, 2, 1, 3], dtype=object)]
[673, array([-90., -45., -45.,   0.]), array([0, 3, 0, 2, 2, 0, 3, 0, 2, 2, 0, 2, 2, 3, 0, 1, 2, 3, 0, 0, 0, 3,
       1, 2, 0, 1, 3, 1, 0, 0, 3, 2, 1, 2, 3, 3, 0, 2, 1, 3], dtype=object)]
[670, array([-90., -45., -45.,   0.]), array([0, 3, 0, 2, 2, 0, 3, 0, 2, 2, 0, 2, 2, 3, 0, 3, 2, 3, 0, 0, 0, 3,
       1, 2, 0, 1, 3, 1, 0, 0, 3, 2, 2, 2, 3, 3, 0, 2, 1, 3], dtype=object)]
[667, array([-90., -45., -45.,   0.]), array([0, 3, 0, 2, 2, 0, 3, 0, 2, 2, 0, 2, 2, 3, 0, 3, 2, 3, 0, 0, 0, 3,
       1, 2, 0, 1, 3, 1, 0, 0, 3, 2, 1, 2, 3, 3, 0, 2, 1, 3], dtype=object)]
[705, array([-90., -45., -45.,   0.]), array([0, 3, 0, 2, 2, 0, 3, 0, 2, 2, 0, 2, 2, 3, 0, 1, 2, 3, 0, 0, 0, 3,
       1, 2, 0, 1, 3, 1, 0, 0, 3, 2, 1, 2, 3, 3, 0, 2, 1, 3], dtype=object)]
[674, array([-90., -45., -45.,   0.]), array([0, 3, 0, 2, 2, 0, 3, 0, 2, 2, 0, 2, 3, 3, 0, 3, 2, 3, 0, 0, 0, 3,
       1, 2, 0, 1, 3, 1, 0, 0, 3, 2, 1, 2, 3, 3, 0, 2, 1, 3], dtype=object)]
[671, array([-90., -45., -45.,   0.]), array([0, 3, 0, 2, 2, 0, 3, 0, 2, 2, 0, 2, 0, 3, 0, 3, 2, 3, 0, 0, 0, 3,
       1, 2, 0, 1, 3, 1, 0, 0, 3, 2, 1, 2, 3, 3, 0, 2, 1, 3], dtype=object)]
[668, array([-90., -45., -45.,   0.]), array([0, 3, 0, 2, 2, 0, 3, 0, 2, 2, 0, 2, 2, 3, 0, 3, 2, 3, 0, 0, 0, 3,
       1, 2, 0, 1, 3, 1, 0, 0, 3, 2, 3, 2, 3, 3, 0, 2, 1, 3], dtype=object)]
[706, array([-90., -45., -45.,   0.]), array([0, 3, 0, 2, 2, 0, 3, 0, 2, 2, 3, 2, 2, 3, 0, 3, 2, 3, 0, 0, 0, 3,
       1, 2, 0, 1, 3, 1, 0, 0, 3, 2, 1, 2, 3, 3, 0, 2, 1, 3], dtype=object)]
[675, array([-90., -45., -45.,   0.]), array([0, 3, 0, 2, 2, 0, 3, 0, 2, 2, 0, 2, 2, 3, 0, 3, 2, 3, 0, 0, 0, 3,
       1, 2, 0, 1, 3, 1, 0, 0, 3, 2, 1, 2, 3, 3, 0, 2, 1, 3], dtype=object)]
[672, array([-90., -45., -45.,   0.]), array([0, 3, 0, 2, 2, 0, 3, 0, 2, 2, 0, 2, 0, 3, 0, 1, 2, 3, 0, 0, 0, 3,
       1, 2, 0, 1, 3, 1, 0, 0, 3, 2, 1, 2, 3, 3, 0, 2, 1, 3], dtype=object)]
[707, array([-90., -45., -45.,   0.]), array([0, 3, 0, 2, 2, 0, 3, 0, 2, 2, 0, 2, 2, 3, 0, 1, 2, 3, 0, 0, 0, 3,
       1, 2, 0, 1, 3, 1, 0, 0, 3, 2, 1, 2, 3, 3, 0, 2, 1, 3], dtype=object)]
[669, array([-90., -45., -45.,   0.]), array([0, 3, 0, 2, 2, 0, 3, 0, 2, 2, 0, 2, 2, 3, 0, 3, 2, 3, 0, 0, 0, 3,
       1, 2, 0, 1, 3, 1, 0, 0, 3, 2, 1, 2, 3, 3, 0, 2, 1, 3], dtype=object)]
[676, array([-90., -45., -45.,   0.]), array([0, 3, 0, 2, 2, 0, 3, 0, 2, 2, 0, 2, 2, 3, 0, 3, 2, 3, 0, 0, 0, 3,
       1, 2, 0, 1, 3, 1, 0, 0, 3, 2, 0, 2, 3, 3, 0, 2, 1, 3], dtype=object)]
[673, array([-90., -45., -45.,   0.]), array([0, 3, 0, 2, 2, 0, 3, 0, 2, 2, 0, 2, 2, 3, 0, 1, 2, 3, 0, 0, 0, 3,
       1, 2, 0, 1, 3, 1, 0, 0, 3, 2, 1, 2, 3, 3, 0, 2, 1, 3], dtype=object)]
[708, array([-90., -45., -45.,   0.]), array([0, 3, 0, 2, 2, 0, 3, 0, 2, 2, 1, 2, 2, 3, 0, 1, 2, 3, 0, 0, 0, 3,
       1, 2, 0, 1, 3, 1, 0, 0, 3, 2, 0, 2, 3, 3, 0, 2, 1, 3], dtype=object)]
[670, array([-90., -45., -45.,   0.]), array([0, 3, 0, 2, 2, 0, 3, 0, 2, 2, 0, 2, 2, 3, 0, 3, 2, 3, 0, 0, 0, 3,
       1, 2, 0, 1, 3, 1, 0, 0, 3, 2, 2, 2, 3, 3, 0, 2, 1, 3], dtype=object)]
[677, array([-90., -45., -45.,   0.]), array([0, 3, 0, 2, 2, 0, 3, 0, 2, 2, 0, 2, 3, 3, 0, 1, 2, 3, 0, 0, 0, 3,
       1, 2, 0, 1, 3, 1, 0, 0, 3, 2, 1, 2, 3, 3, 0, 2, 1, 3], dtype=object)]
[674, array([-90., -45., -45.,   0.]), array([0, 3, 0, 2, 2, 0, 3, 0, 2, 2, 0, 2, 3, 3, 0, 3, 2, 3, 0, 0, 0, 3,
       1, 2, 0, 1, 3, 1, 0, 0, 3, 2, 1, 2, 3, 3, 0, 2, 1, 3], dtype=object)]
[709, array([-90., -45., -45.,   0.]), array([0, 3, 0, 2, 2, 0, 3, 0, 2, 2, 0, 2, 2, 3, 0, 3, 2, 3, 0, 0, 0, 3,
       1, 2, 0, 1, 3, 1, 0, 0, 3, 2, 1, 2, 3, 3, 0, 2, 1, 3], dtype=object)]
[671, array([-90., -45., -45.,   0.]), array([0, 3, 0, 2, 2, 0, 3, 0, 2, 2, 0, 2, 0, 3, 0, 3, 2, 3, 0, 0, 0, 3,
       1, 2, 0, 1, 3, 1, 0, 0, 3, 2, 1, 2, 3, 3, 0, 2, 1, 3], dtype=object)]
[678, array([-90., -45., -45.,   0.]), array([0, 3, 0, 2, 2, 0, 3, 0, 2, 2, 2, 2, 0, 3, 0, 1, 2, 3, 0, 0, 0, 3,
       1, 2, 0, 1, 3, 1, 0, 0, 3, 2, 1, 2, 3, 3, 0, 2, 1, 3], dtype=object)]
[675, array([-90., -45., -45.,   0.]), array([0, 3, 0, 2, 2, 0, 3, 0, 2, 2, 0, 2, 2, 3, 0, 3, 2, 3, 0, 0, 0, 3,
       1, 2, 0, 1, 3, 1, 0, 0, 3, 2, 1, 2, 3, 3, 0, 2, 1, 3], dtype=object)]
[710, array([-80., -40., -40.,   0.]), array([0, 3, 0, 2, 2, 0, 3, 0, 2, 2, 0, 2, 2, 3, 0, 0, 2, 3, 0, 1, 0, 3,
       1, 2, 0, 1, 3, 1, 0, 0, 3, 2, 1, 2, 3, 3, 0, 2, 1, 3], dtype=object)]
[672, array([-90., -45., -45.,   0.]), array([0, 3, 0, 2, 2, 0, 3, 0, 2, 2, 0, 2, 0, 3, 0, 1, 2, 3, 0, 0, 0, 3,
       1, 2, 0, 1, 3, 1, 0, 0, 3, 2, 1, 2, 3, 3, 0, 2, 1, 3], dtype=object)]
[679, array([-90., -45., -45.,   0.]), array([0, 3, 0, 2, 2, 0, 3, 0, 2, 2, 0, 2, 2, 3, 0, 1, 2, 3, 0, 0, 0, 3,
       1, 2, 0, 1, 3, 1, 0, 0, 3, 2, 1, 2, 3, 3, 0, 2, 1, 3], dtype=object)]
[676, array([-90., -45., -45.,   0.]), array([0, 3, 0, 2, 2, 0, 3, 0, 2, 2, 0, 2, 2, 3, 0, 3, 2, 3, 0, 0, 0, 3,
       1, 2, 0, 1, 3, 1, 0, 0, 3, 2, 0, 2, 3, 3, 0, 2, 1, 3], dtype=object)]
[711, array([-90., -45., -45.,   0.]), array([0, 3, 0, 2, 2, 0, 3, 0, 2, 2, 1, 2, 2, 3, 0, 1, 2, 3, 0, 0, 0, 3,
       1, 2, 0, 1, 3, 1, 0, 0, 3, 2, 1, 2, 3, 3, 0, 2, 1, 3], dtype=object)]
[673, array([-90., -45., -45.,   0.]), array([0, 3, 0, 2, 2, 0, 3, 0, 2, 2, 0, 2, 2, 3, 0, 1, 2, 3, 0, 0, 0, 3,
       1, 2, 0, 1, 3, 1, 0, 0, 3, 2, 1, 2, 3, 3, 0, 2, 1, 3], dtype=object)]
[680, array([-90., -45., -45.,   0.]), array([0, 3, 0, 2, 2, 0, 3, 0, 2, 2, 0, 2, 2, 3, 0, 0, 2, 3, 0, 0, 0, 3,
       1, 2, 0, 1, 3, 1, 0, 0, 3, 2, 1, 2, 3, 3, 0, 2, 1, 3], dtype=object)]
[677, array([-90., -45., -45.,   0.]), array([0, 3, 0, 2, 2, 0, 3, 0, 2, 2, 0, 2, 3, 3, 0, 1, 2, 3, 0, 0, 0, 3,
       1, 2, 0, 1, 3, 1, 0, 0, 3, 2, 1, 2, 3, 3, 0, 2, 1, 3], dtype=object)]
[712, array([-90., -45., -45.,   0.]), array([0, 3, 0, 2, 2, 0, 3, 0, 2, 2, 1, 2, 2, 3, 0, 3, 2, 3, 0, 0, 0, 3,
       1, 2, 0, 1, 3, 1, 0, 0, 3, 2, 1, 2, 3, 3, 0, 2, 1, 3], dtype=object)]
[674, array([-90., -45., -45.,   0.]), array([0, 3, 0, 2, 2, 0, 3, 0, 2, 2, 0, 2, 3, 3, 0, 3, 2, 3, 0, 0, 0, 3,
       1, 2, 0, 1, 3, 1, 0, 0, 3, 2, 1, 2, 3, 3, 0, 2, 1, 3], dtype=object)]
[678, array([-90., -45., -45.,   0.]), array([0, 3, 0, 2, 2, 0, 3, 0, 2, 2, 2, 2, 0, 3, 0, 1, 2, 3, 0, 0, 0, 3,
       1, 2, 0, 1, 3, 1, 0, 0, 3, 2, 1, 2, 3, 3, 0, 2, 1, 3], dtype=object)]
[681, array([-90., -45., -45.,   0.]), array([0, 3, 0, 2, 2, 0, 3, 0, 2, 2, 0, 2, 0, 3, 0, 3, 2, 3, 0, 0, 0, 3,
       1, 2, 0, 1, 3, 1, 0, 0, 3, 2, 1, 2, 3, 3, 0, 2, 1, 3], dtype=object)]
[713, array([-90., -45., -45.,   0.]), array([0, 3, 0, 2, 2, 0, 3, 0, 2, 2, 0, 2, 2, 3, 0, 3, 2, 3, 0, 0, 0, 3,
       1, 2, 0, 1, 3, 1, 0, 0, 3, 2, 1, 2, 3, 3, 0, 2, 1, 3], dtype=object)]
[675, array([-90., -45., -45.,   0.]), array([0, 3, 0, 2, 2, 0, 3, 0, 2, 2, 0, 2, 2, 3, 0, 3, 2, 3, 0, 0, 0, 3,
       1, 2, 0, 1, 3, 1, 0, 0, 3, 2, 1, 2, 3, 3, 0, 2, 1, 3], dtype=object)]
[714, array([-90., -45., -45.,   0.]), array([0, 3, 0, 2, 2, 0, 3, 0, 2, 2, 0, 2, 2, 3, 0, 0, 2, 3, 0, 0, 0, 3,
       1, 2, 0, 1, 3, 1, 0, 0, 3, 2, 3, 2, 3, 3, 0, 2, 1, 3], dtype=object)]
[679, array([-90., -45., -45.,   0.]), array([0, 3, 0, 2, 2, 0, 3, 0, 2, 2, 0, 2, 2, 3, 0, 1, 2, 3, 0, 0, 0, 3,
       1, 2, 0, 1, 3, 1, 0, 0, 3, 2, 1, 2, 3, 3, 0, 2, 1, 3], dtype=object)]
[682, array([-90., -45., -45.,   0.]), array([0, 3, 0, 2, 2, 0, 3, 0, 2, 2, 0, 2, 2, 3, 0, 2, 2, 3, 0, 0, 0, 3,
       1, 2, 0, 1, 3, 1, 0, 0, 3, 2, 1, 2, 3, 3, 0, 2, 1, 3], dtype=object)]
[676, array([-90., -45., -45.,   0.]), array([0, 3, 0, 2, 2, 0, 3, 0, 2, 2, 0, 2, 2, 3, 0, 3, 2, 3, 0, 0, 0, 3,
       1, 2, 0, 1, 3, 1, 0, 0, 3, 2, 0, 2, 3, 3, 0, 2, 1, 3], dtype=object)]
[715, array([-90., -45., -45.,   0.]), array([0, 3, 0, 2, 2, 0, 3, 0, 2, 2, 1, 2, 2, 3, 0, 3, 2, 3, 0, 0, 0, 3,
       1, 2, 0, 1, 3, 1, 0, 0, 3, 2, 1, 2, 3, 3, 0, 2, 1, 3], dtype=object)]
[680, array([-90., -45., -45.,   0.]), array([0, 3, 0, 2, 2, 0, 3, 0, 2, 2, 0, 2, 2, 3, 0, 0, 2, 3, 0, 0, 0, 3,
       1, 2, 0, 1, 3, 1, 0, 0, 3, 2, 1, 2, 3, 3, 0, 2, 1, 3], dtype=object)]
[683, array([-90., -45., -45.,   0.]), array([0, 3, 0, 2, 2, 0, 3, 0, 2, 2, 0, 2, 0, 3, 0, 3, 2, 3, 0, 0, 0, 3,
       1, 2, 0, 1, 3, 1, 0, 0, 3, 2, 1, 2, 3, 3, 0, 2, 1, 3], dtype=object)]
[677, array([-90., -45., -45.,   0.]), array([0, 3, 0, 2, 2, 0, 3, 0, 2, 2, 0, 2, 3, 3, 0, 1, 2, 3, 0, 0, 0, 3,
       1, 2, 0, 1, 3, 1, 0, 0, 3, 2, 1, 2, 3, 3, 0, 2, 1, 3], dtype=object)]
[716, array([-90., -45., -45.,   0.]), array([0, 3, 0, 2, 2, 0, 3, 0, 2, 2, 1, 2, 2, 3, 0, 3, 2, 3, 0, 0, 0, 3,
       1, 2, 0, 1, 3, 1, 0, 0, 3, 2, 1, 2, 3, 3, 0, 2, 1, 3], dtype=object)]
[678, array([-90., -45., -45.,   0.]), array([0, 3, 0, 2, 2, 0, 3, 0, 2, 2, 2, 2, 0, 3, 0, 1, 2, 3, 0, 0, 0, 3,
       1, 2, 0, 1, 3, 1, 0, 0, 3, 2, 1, 2, 3, 3, 0, 2, 1, 3], dtype=object)]
[681, array([-90., -45., -45.,   0.]), array([0, 3, 0, 2, 2, 0, 3, 0, 2, 2, 0, 2, 0, 3, 0, 3, 2, 3, 0, 0, 0, 3,
       1, 2, 0, 1, 3, 1, 0, 0, 3, 2, 1, 2, 3, 3, 0, 2, 1, 3], dtype=object)]
[684, array([-90., -45., -45.,   0.]), array([0, 3, 0, 2, 2, 0, 3, 0, 2, 2, 0, 2, 0, 3, 0, 0, 2, 3, 0, 0, 0, 3,
       1, 2, 0, 1, 3, 1, 0, 0, 3, 2, 1, 2, 3, 3, 0, 2, 1, 3], dtype=object)]
[717, array([-90., -45., -45.,   0.]), array([0, 3, 0, 2, 2, 0, 3, 0, 2, 2, 0, 2, 2, 3, 0, 0, 2, 3, 0, 0, 0, 3,
       1, 2, 0, 1, 3, 1, 0, 0, 3, 2, 1, 2, 3, 3, 0, 2, 1, 3], dtype=object)]
[679, array([-90., -45., -45.,   0.]), array([0, 3, 0, 2, 2, 0, 3, 0, 2, 2, 0, 2, 2, 3, 0, 1, 2, 3, 0, 0, 0, 3,
       1, 2, 0, 1, 3, 1, 0, 0, 3, 2, 1, 2, 3, 3, 0, 2, 1, 3], dtype=object)]
[682, array([-90., -45., -45.,   0.]), array([0, 3, 0, 2, 2, 0, 3, 0, 2, 2, 0, 2, 2, 3, 0, 2, 2, 3, 0, 0, 0, 3,
       1, 2, 0, 1, 3, 1, 0, 0, 3, 2, 1, 2, 3, 3, 0, 2, 1, 3], dtype=object)]
[685, array([-90., -45., -45.,   0.]), array([0, 3, 0, 2, 2, 0, 3, 0, 2, 2, 0, 2, 0, 3, 0, 3, 2, 3, 0, 0, 0, 3,
       1, 2, 0, 1, 3, 1, 0, 0, 3, 2, 1, 2, 3, 3, 0, 2, 1, 3], dtype=object)]
[718, array([-90., -45., -45.,   0.]), array([0, 3, 0, 2, 2, 0, 3, 0, 2, 2, 0, 2, 2, 3, 0, 0, 2, 3, 0, 0, 0, 3,
       1, 2, 0, 1, 3, 1, 0, 0, 3, 2, 3, 2, 3, 3, 0, 2, 1, 3], dtype=object)]
[683, array([-90., -45., -45.,   0.]), array([0, 3, 0, 2, 2, 0, 3, 0, 2, 2, 0, 2, 0, 3, 0, 3, 2, 3, 0, 0, 0, 3,
       1, 2, 0, 1, 3, 1, 0, 0, 3, 2, 1, 2, 3, 3, 0, 2, 1, 3], dtype=object)]
[680, array([-90., -45., -45.,   0.]), array([0, 3, 0, 2, 2, 0, 3, 0, 2, 2, 0, 2, 2, 3, 0, 0, 2, 3, 0, 0, 0, 3,
       1, 2, 0, 1, 3, 1, 0, 0, 3, 2, 1, 2, 3, 3, 0, 2, 1, 3], dtype=object)]
[686, array([-90., -45., -45.,   0.]), array([0, 3, 0, 2, 2, 0, 3, 0, 2, 2, 3, 2, 2, 3, 0, 3, 2, 3, 0, 0, 0, 3,
       1, 2, 0, 1, 3, 1, 0, 0, 3, 2, 1, 2, 3, 3, 0, 2, 1, 3], dtype=object)]
[719, array([-90., -45., -45.,   0.]), array([0, 3, 0, 2, 2, 0, 3, 0, 2, 2, 3, 2, 1, 3, 0, 0, 2, 3, 0, 0, 0, 3,
       1, 2, 0, 1, 3, 1, 0, 0, 3, 2, 3, 2, 3, 3, 0, 2, 1, 3], dtype=object)]
[684, array([-90., -45., -45.,   0.]), array([0, 3, 0, 2, 2, 0, 3, 0, 2, 2, 0, 2, 0, 3, 0, 0, 2, 3, 0, 0, 0, 3,
       1, 2, 0, 1, 3, 1, 0, 0, 3, 2, 1, 2, 3, 3, 0, 2, 1, 3], dtype=object)]
[681, array([-90., -45., -45.,   0.]), array([0, 3, 0, 2, 2, 0, 3, 0, 2, 2, 0, 2, 0, 3, 0, 3, 2, 3, 0, 0, 0, 3,
       1, 2, 0, 1, 3, 1, 0, 0, 3, 2, 1, 2, 3, 3, 0, 2, 1, 3], dtype=object)]
[687, array([-90., -45., -45.,   0.]), array([0, 3, 0, 2, 2, 0, 3, 0, 2, 2, 0, 2, 2, 3, 0, 1, 2, 3, 0, 0, 0, 3,
       1, 2, 0, 1, 3, 1, 0, 0, 3, 2, 1, 2, 3, 3, 0, 2, 1, 3], dtype=object)]
[720, array([-90., -45., -45.,   0.]), array([0, 3, 0, 2, 2, 0, 3, 0, 2, 2, 0, 2, 2, 3, 0, 0, 2, 3, 0, 0, 0, 3,
       1, 2, 0, 1, 3, 1, 0, 0, 3, 2, 3, 2, 3, 3, 0, 2, 1, 3], dtype=object)]
[685, array([-90., -45., -45.,   0.]), array([0, 3, 0, 2, 2, 0, 3, 0, 2, 2, 0, 2, 0, 3, 0, 3, 2, 3, 0, 0, 0, 3,
       1, 2, 0, 1, 3, 1, 0, 0, 3, 2, 1, 2, 3, 3, 0, 2, 1, 3], dtype=object)]
[682, array([-90., -45., -45.,   0.]), array([0, 3, 0, 2, 2, 0, 3, 0, 2, 2, 0, 2, 2, 3, 0, 2, 2, 3, 0, 0, 0, 3,
       1, 2, 0, 1, 3, 1, 0, 0, 3, 2, 1, 2, 3, 3, 0, 2, 1, 3], dtype=object)]
[688, array([-90., -45., -45.,   0.]), array([0, 3, 0, 2, 2, 0, 3, 0, 2, 2, 0, 2, 0, 3, 0, 1, 2, 3, 0, 0, 0, 3,
       1, 2, 0, 1, 3, 1, 0, 0, 3, 2, 1, 2, 3, 3, 0, 2, 1, 3], dtype=object)]
[721, array([-90., -45., -45.,   0.]), array([0, 3, 0, 2, 2, 0, 3, 0, 2, 2, 0, 2, 2, 3, 0, 3, 2, 3, 0, 0, 0, 3,
       1, 2, 0, 1, 3, 1, 0, 0, 3, 2, 1, 2, 3, 3, 0, 2, 1, 3], dtype=object)]
[686, array([-90., -45., -45.,   0.]), array([0, 3, 0, 2, 2, 0, 3, 0, 2, 2, 3, 2, 2, 3, 0, 3, 2, 3, 0, 0, 0, 3,
       1, 2, 0, 1, 3, 1, 0, 0, 3, 2, 1, 2, 3, 3, 0, 2, 1, 3], dtype=object)]
[683, array([-90., -45., -45.,   0.]), array([0, 3, 0, 2, 2, 0, 3, 0, 2, 2, 0, 2, 0, 3, 0, 3, 2, 3, 0, 0, 0, 3,
       1, 2, 0, 1, 3, 1, 0, 0, 3, 2, 1, 2, 3, 3, 0, 2, 1, 3], dtype=object)]
[689, array([-90., -45., -45.,   0.]), array([0, 3, 0, 2, 2, 0, 3, 0, 2, 2, 2, 2, 0, 3, 0, 3, 2, 3, 0, 0, 0, 3,
       1, 2, 0, 1, 3, 1, 0, 0, 3, 2, 1, 2, 3, 3, 0, 2, 1, 3], dtype=object)]
[722, array([-90., -45., -45.,   0.]), array([0, 3, 0, 2, 2, 0, 3, 0, 2, 2, 0, 2, 2, 3, 0, 1, 2, 3, 0, 0, 0, 3,
       1, 2, 0, 1, 3, 1, 0, 0, 3, 2, 2, 2, 3, 3, 0, 2, 1, 3], dtype=object)]
[684, array([-90., -45., -45.,   0.]), array([0, 3, 0, 2, 2, 0, 3, 0, 2, 2, 0, 2, 0, 3, 0, 0, 2, 3, 0, 0, 0, 3,
       1, 2, 0, 1, 3, 1, 0, 0, 3, 2, 1, 2, 3, 3, 0, 2, 1, 3], dtype=object)]
[687, array([-90., -45., -45.,   0.]), array([0, 3, 0, 2, 2, 0, 3, 0, 2, 2, 0, 2, 2, 3, 0, 1, 2, 3, 0, 0, 0, 3,
       1, 2, 0, 1, 3, 1, 0, 0, 3, 2, 1, 2, 3, 3, 0, 2, 1, 3], dtype=object)]
[690, array([-90., -45., -45.,   0.]), array([0, 3, 0, 2, 2, 0, 3, 0, 2, 2, 0, 2, 2, 3, 0, 0, 2, 3, 0, 0, 0, 3,
       1, 2, 0, 1, 3, 1, 0, 0, 3, 2, 1, 2, 3, 3, 0, 2, 1, 3], dtype=object)]
[723, array([-90., -45., -45.,   0.]), array([0, 3, 0, 2, 2, 0, 3, 0, 2, 2, 1, 2, 2, 3, 0, 1, 2, 3, 0, 0, 0, 3,
       1, 2, 0, 1, 3, 1, 0, 0, 3, 2, 1, 2, 3, 3, 0, 2, 1, 3], dtype=object)]
[685, array([-90., -45., -45.,   0.]), array([0, 3, 0, 2, 2, 0, 3, 0, 2, 2, 0, 2, 0, 3, 0, 3, 2, 3, 0, 0, 0, 3,
       1, 2, 0, 1, 3, 1, 0, 0, 3, 2, 1, 2, 3, 3, 0, 2, 1, 3], dtype=object)]
[688, array([-90., -45., -45.,   0.]), array([0, 3, 0, 2, 2, 0, 3, 0, 2, 2, 0, 2, 0, 3, 0, 1, 2, 3, 0, 0, 0, 3,
       1, 2, 0, 1, 3, 1, 0, 0, 3, 2, 1, 2, 3, 3, 0, 2, 1, 3], dtype=object)]
[691, array([-90., -45., -45.,   0.]), array([0, 3, 0, 2, 2, 0, 3, 0, 2, 2, 0, 2, 2, 3, 0, 3, 2, 3, 0, 0, 0, 3,
       1, 2, 0, 1, 3, 1, 0, 0, 3, 2, 1, 2, 3, 3, 0, 2, 1, 3], dtype=object)]
[724, array([-90., -45., -45.,   0.]), array([0, 3, 0, 2, 2, 0, 3, 0, 2, 2, 0, 2, 2, 3, 0, 0, 2, 3, 0, 0, 0, 3,
       1, 2, 0, 1, 3, 1, 0, 0, 3, 2, 0, 2, 3, 3, 0, 2, 1, 3], dtype=object)]
[686, array([-90., -45., -45.,   0.]), array([0, 3, 0, 2, 2, 0, 3, 0, 2, 2, 3, 2, 2, 3, 0, 3, 2, 3, 0, 0, 0, 3,
       1, 2, 0, 1, 3, 1, 0, 0, 3, 2, 1, 2, 3, 3, 0, 2, 1, 3], dtype=object)]
[689, array([-90., -45., -45.,   0.]), array([0, 3, 0, 2, 2, 0, 3, 0, 2, 2, 2, 2, 0, 3, 0, 3, 2, 3, 0, 0, 0, 3,
       1, 2, 0, 1, 3, 1, 0, 0, 3, 2, 1, 2, 3, 3, 0, 2, 1, 3], dtype=object)]
[692, array([-90., -45., -45.,   0.]), array([0, 3, 0, 2, 2, 0, 3, 0, 2, 2, 3, 2, 2, 3, 0, 1, 2, 3, 0, 0, 0, 3,
       1, 2, 0, 1, 3, 1, 0, 0, 3, 2, 2, 2, 3, 3, 0, 2, 1, 3], dtype=object)]
[725, array([-90., -45., -45.,   0.]), array([0, 3, 0, 2, 2, 0, 3, 0, 2, 2, 0, 2, 2, 3, 0, 0, 2, 3, 0, 0, 0, 3,
       1, 2, 0, 1, 3, 1, 0, 0, 3, 2, 1, 2, 3, 3, 0, 2, 1, 3], dtype=object)]
[690, array([-90., -45., -45.,   0.]), array([0, 3, 0, 2, 2, 0, 3, 0, 2, 2, 0, 2, 2, 3, 0, 0, 2, 3, 0, 0, 0, 3,
       1, 2, 0, 1, 3, 1, 0, 0, 3, 2, 1, 2, 3, 3, 0, 2, 1, 3], dtype=object)]
[687, array([-90., -45., -45.,   0.]), array([0, 3, 0, 2, 2, 0, 3, 0, 2, 2, 0, 2, 2, 3, 0, 1, 2, 3, 0, 0, 0, 3,
       1, 2, 0, 1, 3, 1, 0, 0, 3, 2, 1, 2, 3, 3, 0, 2, 1, 3], dtype=object)]
[726, array([-90., -45., -45.,   0.]), array([0, 3, 0, 2, 2, 0, 3, 0, 2, 2, 1, 2, 2, 3, 0, 3, 2, 3, 0, 0, 0, 3,
       1, 2, 0, 1, 3, 1, 0, 0, 3, 2, 1, 2, 3, 3, 0, 2, 1, 3], dtype=object)]
[693, array([-90., -45., -45.,   0.]), array([0, 3, 0, 2, 2, 0, 3, 0, 2, 2, 3, 2, 2, 3, 0, 1, 2, 3, 0, 0, 0, 3,
       1, 2, 0, 1, 3, 1, 0, 0, 3, 2, 2, 2, 3, 3, 0, 2, 1, 3], dtype=object)]
[688, array([-90., -45., -45.,   0.]), array([0, 3, 0, 2, 2, 0, 3, 0, 2, 2, 0, 2, 0, 3, 0, 1, 2, 3, 0, 0, 0, 3,
       1, 2, 0, 1, 3, 1, 0, 0, 3, 2, 1, 2, 3, 3, 0, 2, 1, 3], dtype=object)]
[691, array([-90., -45., -45.,   0.]), array([0, 3, 0, 2, 2, 0, 3, 0, 2, 2, 0, 2, 2, 3, 0, 3, 2, 3, 0, 0, 0, 3,
       1, 2, 0, 1, 3, 1, 0, 0, 3, 2, 1, 2, 3, 3, 0, 2, 1, 3], dtype=object)]
[727, array([-90., -45., -45.,   0.]), array([0, 3, 0, 2, 2, 0, 3, 0, 2, 2, 0, 2, 2, 3, 0, 1, 2, 3, 0, 0, 0, 3,
       1, 2, 0, 1, 3, 1, 0, 0, 3, 2, 1, 2, 3, 3, 0, 2, 1, 3], dtype=object)]
[694, array([-90., -45., -45.,   0.]), array([0, 3, 0, 2, 2, 0, 3, 0, 2, 2, 1, 2, 2, 3, 0, 1, 2, 3, 0, 0, 0, 3,
       1, 2, 0, 1, 3, 1, 0, 0, 3, 2, 2, 2, 3, 3, 0, 2, 1, 3], dtype=object)]
[689, array([-90., -45., -45.,   0.]), array([0, 3, 0, 2, 2, 0, 3, 0, 2, 2, 2, 2, 0, 3, 0, 3, 2, 3, 0, 0, 0, 3,
       1, 2, 0, 1, 3, 1, 0, 0, 3, 2, 1, 2, 3, 3, 0, 2, 1, 3], dtype=object)]
[692, array([-90., -45., -45.,   0.]), array([0, 3, 0, 2, 2, 0, 3, 0, 2, 2, 3, 2, 2, 3, 0, 1, 2, 3, 0, 0, 0, 3,
       1, 2, 0, 1, 3, 1, 0, 0, 3, 2, 2, 2, 3, 3, 0, 2, 1, 3], dtype=object)]
[728, array([-90., -45., -45.,   0.]), array([0, 3, 0, 2, 2, 0, 3, 0, 2, 2, 0, 2, 3, 3, 0, 0, 2, 3, 0, 0, 0, 3,
       1, 2, 0, 1, 3, 1, 0, 0, 3, 2, 1, 2, 3, 3, 0, 2, 1, 3], dtype=object)]
[695, array([-90., -45., -45.,   0.]), array([0, 3, 0, 2, 2, 0, 3, 0, 2, 2, 3, 2, 2, 3, 0, 1, 2, 3, 0, 0, 0, 3,
       1, 2, 0, 1, 3, 1, 0, 0, 3, 2, 1, 2, 3, 3, 0, 2, 1, 3], dtype=object)]
[690, array([-90., -45., -45.,   0.]), array([0, 3, 0, 2, 2, 0, 3, 0, 2, 2, 0, 2, 2, 3, 0, 0, 2, 3, 0, 0, 0, 3,
       1, 2, 0, 1, 3, 1, 0, 0, 3, 2, 1, 2, 3, 3, 0, 2, 1, 3], dtype=object)]
[693, array([-90., -45., -45.,   0.]), array([0, 3, 0, 2, 2, 0, 3, 0, 2, 2, 3, 2, 2, 3, 0, 1, 2, 3, 0, 0, 0, 3,
       1, 2, 0, 1, 3, 1, 0, 0, 3, 2, 2, 2, 3, 3, 0, 2, 1, 3], dtype=object)]
[729, array([-90., -45., -45.,   0.]), array([0, 3, 0, 2, 2, 0, 3, 0, 2, 2, 1, 2, 2, 3, 0, 1, 2, 3, 0, 0, 0, 3,
       1, 2, 0, 1, 3, 1, 0, 0, 3, 2, 1, 2, 3, 3, 0, 2, 1, 3], dtype=object)]
[696, array([-90., -45., -45.,   0.]), array([0, 3, 0, 2, 2, 0, 3, 0, 2, 2, 3, 2, 2, 3, 0, 0, 2, 3, 0, 0, 0, 3,
       1, 2, 0, 1, 3, 1, 0, 0, 3, 2, 1, 2, 3, 3, 0, 2, 1, 3], dtype=object)]
[691, array([-90., -45., -45.,   0.]), array([0, 3, 0, 2, 2, 0, 3, 0, 2, 2, 0, 2, 2, 3, 0, 3, 2, 3, 0, 0, 0, 3,
       1, 2, 0, 1, 3, 1, 0, 0, 3, 2, 1, 2, 3, 3, 0, 2, 1, 3], dtype=object)]
[730, array([-80., -40., -40.,   0.]), array([0, 3, 0, 2, 2, 0, 3, 0, 2, 2, 1, 2, 2, 3, 0, 0, 2, 3, 0, 0, 0, 3,
       1, 2, 0, 1, 3, 1, 0, 0, 3, 2, 1, 2, 3, 3, 0, 2, 1, 0], dtype=object)]
[694, array([-90., -45., -45.,   0.]), array([0, 3, 0, 2, 2, 0, 3, 0, 2, 2, 1, 2, 2, 3, 0, 1, 2, 3, 0, 0, 0, 3,
       1, 2, 0, 1, 3, 1, 0, 0, 3, 2, 2, 2, 3, 3, 0, 2, 1, 3], dtype=object)]
[697, array([-90., -45., -45.,   0.]), array([0, 3, 0, 2, 2, 0, 3, 0, 2, 2, 3, 2, 2, 3, 0, 1, 2, 3, 0, 0, 0, 3,
       1, 2, 0, 1, 3, 1, 0, 0, 3, 2, 1, 2, 3, 3, 0, 2, 1, 3], dtype=object)]
[692, array([-90., -45., -45.,   0.]), array([0, 3, 0, 2, 2, 0, 3, 0, 2, 2, 3, 2, 2, 3, 0, 1, 2, 3, 0, 0, 0, 3,
       1, 2, 0, 1, 3, 1, 0, 0, 3, 2, 2, 2, 3, 3, 0, 2, 1, 3], dtype=object)]
[731, array([-90., -45., -45.,   0.]), array([0, 3, 0, 2, 2, 0, 3, 0, 2, 2, 0, 2, 2, 3, 0, 0, 2, 3, 0, 0, 0, 3,
       1, 2, 0, 1, 3, 1, 0, 0, 3, 2, 1, 2, 3, 3, 0, 2, 1, 3], dtype=object)]
[695, array([-90., -45., -45.,   0.]), array([0, 3, 0, 2, 2, 0, 3, 0, 2, 2, 3, 2, 2, 3, 0, 1, 2, 3, 0, 0, 0, 3,
       1, 2, 0, 1, 3, 1, 0, 0, 3, 2, 1, 2, 3, 3, 0, 2, 1, 3], dtype=object)]
[698, array([-90., -45., -45.,   0.]), array([0, 3, 0, 2, 2, 0, 3, 0, 2, 2, 3, 2, 2, 3, 0, 1, 2, 3, 0, 0, 0, 3,
       1, 2, 0, 1, 3, 1, 0, 0, 3, 2, 2, 2, 3, 3, 0, 2, 1, 3], dtype=object)]
[693, array([-90., -45., -45.,   0.]), array([0, 3, 0, 2, 2, 0, 3, 0, 2, 2, 3, 2, 2, 3, 0, 1, 2, 3, 0, 0, 0, 3,
       1, 2, 0, 1, 3, 1, 0, 0, 3, 2, 2, 2, 3, 3, 0, 2, 1, 3], dtype=object)]
[732, array([-90., -45., -45.,   0.]), array([0, 3, 0, 2, 2, 0, 3, 0, 2, 2, 2, 2, 2, 3, 0, 1, 2, 3, 0, 0, 0, 3,
       1, 2, 0, 1, 3, 1, 0, 0, 3, 2, 1, 2, 3, 3, 0, 2, 1, 3], dtype=object)]
[696, array([-90., -45., -45.,   0.]), array([0, 3, 0, 2, 2, 0, 3, 0, 2, 2, 3, 2, 2, 3, 0, 0, 2, 3, 0, 0, 0, 3,
       1, 2, 0, 1, 3, 1, 0, 0, 3, 2, 1, 2, 3, 3, 0, 2, 1, 3], dtype=object)]
[699, array([-90., -45., -45.,   0.]), array([0, 3, 0, 2, 2, 0, 3, 0, 2, 2, 3, 2, 2, 3, 0, 1, 2, 3, 0, 0, 0, 3,
       1, 2, 0, 1, 3, 1, 0, 0, 3, 2, 1, 2, 3, 3, 0, 2, 1, 3], dtype=object)]
[694, array([-90., -45., -45.,   0.]), array([0, 3, 0, 2, 2, 0, 3, 0, 2, 2, 1, 2, 2, 3, 0, 1, 2, 3, 0, 0, 0, 3,
       1, 2, 0, 1, 3, 1, 0, 0, 3, 2, 2, 2, 3, 3, 0, 2, 1, 3], dtype=object)]
[733, array([-90., -45., -45.,   0.]), array([0, 3, 0, 2, 2, 0, 3, 0, 2, 2, 0, 2, 2, 3, 0, 0, 2, 3, 0, 0, 0, 3,
       1, 2, 0, 1, 3, 1, 0, 0, 3, 2, 1, 2, 3, 3, 0, 2, 1, 3], dtype=object)]
[697, array([-90., -45., -45.,   0.]), array([0, 3, 0, 2, 2, 0, 3, 0, 2, 2, 3, 2, 2, 3, 0, 1, 2, 3, 0, 0, 0, 3,
       1, 2, 0, 1, 3, 1, 0, 0, 3, 2, 1, 2, 3, 3, 0, 2, 1, 3], dtype=object)]
[700, array([-90., -45., -45.,   0.]), array([0, 3, 0, 2, 2, 0, 3, 0, 2, 2, 0, 2, 2, 3, 0, 0, 2, 3, 0, 0, 0, 3,
       1, 2, 0, 1, 3, 1, 0, 0, 3, 2, 1, 2, 3, 3, 0, 2, 1, 3], dtype=object)]
[734, array([-90., -45., -45.,   0.]), array([0, 3, 0, 2, 2, 0, 3, 0, 2, 2, 1, 2, 2, 3, 0, 1, 2, 3, 0, 0, 0, 3,
       1, 2, 0, 1, 3, 1, 0, 0, 3, 2, 3, 2, 3, 3, 0, 2, 1, 3], dtype=object)]
[695, array([-90., -45., -45.,   0.]), array([0, 3, 0, 2, 2, 0, 3, 0, 2, 2, 3, 2, 2, 3, 0, 1, 2, 3, 0, 0, 0, 3,
       1, 2, 0, 1, 3, 1, 0, 0, 3, 2, 1, 2, 3, 3, 0, 2, 1, 3], dtype=object)]
[698, array([-90., -45., -45.,   0.]), array([0, 3, 0, 2, 2, 0, 3, 0, 2, 2, 3, 2, 2, 3, 0, 1, 2, 3, 0, 0, 0, 3,
       1, 2, 0, 1, 3, 1, 0, 0, 3, 2, 2, 2, 3, 3, 0, 2, 1, 3], dtype=object)]
[701, array([-90., -45., -45.,   0.]), array([0, 3, 0, 2, 2, 0, 3, 0, 2, 2, 0, 2, 2, 3, 0, 0, 2, 3, 0, 0, 0, 3,
       1, 2, 0, 1, 3, 1, 0, 0, 3, 2, 1, 2, 3, 3, 0, 2, 1, 3], dtype=object)]
[735, array([-90., -45., -45.,   0.]), array([0, 3, 0, 2, 2, 0, 3, 0, 2, 2, 0, 2, 2, 3, 0, 1, 2, 3, 0, 0, 0, 3,
       1, 2, 0, 1, 3, 1, 0, 0, 3, 2, 1, 2, 3, 3, 0, 2, 1, 3], dtype=object)]
[696, array([-90., -45., -45.,   0.]), array([0, 3, 0, 2, 2, 0, 3, 0, 2, 2, 3, 2, 2, 3, 0, 0, 2, 3, 0, 0, 0, 3,
       1, 2, 0, 1, 3, 1, 0, 0, 3, 2, 1, 2, 3, 3, 0, 2, 1, 3], dtype=object)]
[699, array([-90., -45., -45.,   0.]), array([0, 3, 0, 2, 2, 0, 3, 0, 2, 2, 3, 2, 2, 3, 0, 1, 2, 3, 0, 0, 0, 3,
       1, 2, 0, 1, 3, 1, 0, 0, 3, 2, 1, 2, 3, 3, 0, 2, 1, 3], dtype=object)]
[702, array([-80., -40., -40.,   0.]), array([0, 3, 0, 2, 2, 0, 3, 0, 2, 2, 0, 2, 2, 3, 0, 0, 2, 3, 0, 0, 3, 3,
       1, 2, 0, 1, 3, 1, 0, 0, 3, 2, 3, 2, 3, 3, 0, 2, 1, 3], dtype=object)]
[736, array([-90., -45., -45.,   0.]), array([0, 3, 0, 2, 2, 0, 3, 0, 2, 2, 0, 2, 2, 3, 0, 2, 2, 3, 0, 0, 0, 3,
       1, 2, 0, 1, 3, 1, 0, 0, 3, 2, 1, 2, 3, 3, 0, 2, 1, 3], dtype=object)]
[700, array([-90., -45., -45.,   0.]), array([0, 3, 0, 2, 2, 0, 3, 0, 2, 2, 0, 2, 2, 3, 0, 0, 2, 3, 0, 0, 0, 3,
       1, 2, 0, 1, 3, 1, 0, 0, 3, 2, 1, 2, 3, 3, 0, 2, 1, 3], dtype=object)]
[697, array([-90., -45., -45.,   0.]), array([0, 3, 0, 2, 2, 0, 3, 0, 2, 2, 3, 2, 2, 3, 0, 1, 2, 3, 0, 0, 0, 3,
       1, 2, 0, 1, 3, 1, 0, 0, 3, 2, 1, 2, 3, 3, 0, 2, 1, 3], dtype=object)]
[703, array([-90., -45., -45.,   0.]), array([0, 3, 0, 2, 2, 0, 3, 0, 2, 2, 0, 2, 2, 3, 0, 3, 2, 3, 0, 0, 0, 3,
       1, 2, 0, 1, 3, 1, 0, 0, 3, 2, 1, 2, 3, 3, 0, 2, 1, 3], dtype=object)]
[737, array([-90., -45., -45.,   0.]), array([0, 3, 0, 2, 2, 0, 3, 0, 2, 2, 0, 2, 2, 3, 0, 1, 2, 3, 0, 0, 0, 3,
       1, 2, 0, 1, 3, 1, 0, 0, 3, 2, 1, 2, 3, 3, 0, 2, 1, 3], dtype=object)]
[701, array([-90., -45., -45.,   0.]), array([0, 3, 0, 2, 2, 0, 3, 0, 2, 2, 0, 2, 2, 3, 0, 0, 2, 3, 0, 0, 0, 3,
       1, 2, 0, 1, 3, 1, 0, 0, 3, 2, 1, 2, 3, 3, 0, 2, 1, 3], dtype=object)]
[698, array([-90., -45., -45.,   0.]), array([0, 3, 0, 2, 2, 0, 3, 0, 2, 2, 3, 2, 2, 3, 0, 1, 2, 3, 0, 0, 0, 3,
       1, 2, 0, 1, 3, 1, 0, 0, 3, 2, 2, 2, 3, 3, 0, 2, 1, 3], dtype=object)]
[704, array([-90., -45., -45.,   0.]), array([0, 3, 0, 2, 2, 0, 3, 0, 2, 2, 3, 2, 2, 3, 0, 1, 2, 3, 0, 0, 0, 3,
       1, 2, 0, 1, 3, 1, 0, 0, 3, 2, 3, 2, 3, 3, 0, 2, 1, 3], dtype=object)]
[738, array([-90., -45., -45.,   0.]), array([0, 3, 0, 2, 2, 0, 3, 0, 2, 2, 3, 2, 3, 3, 0, 3, 2, 3, 0, 0, 0, 3,
       1, 2, 0, 1, 3, 1, 0, 0, 3, 2, 1, 2, 3, 3, 0, 2, 1, 3], dtype=object)]
[702, array([-80., -40., -40.,   0.]), array([0, 3, 0, 2, 2, 0, 3, 0, 2, 2, 0, 2, 2, 3, 0, 0, 2, 3, 0, 0, 3, 3,
       1, 2, 0, 1, 3, 1, 0, 0, 3, 2, 3, 2, 3, 3, 0, 2, 1, 3], dtype=object)]
[699, array([-90., -45., -45.,   0.]), array([0, 3, 0, 2, 2, 0, 3, 0, 2, 2, 3, 2, 2, 3, 0, 1, 2, 3, 0, 0, 0, 3,
       1, 2, 0, 1, 3, 1, 0, 0, 3, 2, 1, 2, 3, 3, 0, 2, 1, 3], dtype=object)]
[705, array([-90., -45., -45.,   0.]), array([0, 3, 0, 2, 2, 0, 3, 0, 2, 2, 0, 2, 2, 3, 0, 1, 2, 3, 0, 0, 0, 3,
       1, 2, 0, 1, 3, 1, 0, 0, 3, 2, 1, 2, 3, 3, 0, 2, 1, 3], dtype=object)]
[739, array([-90., -45., -45.,   0.]), array([0, 3, 0, 2, 2, 0, 3, 0, 2, 2, 0, 2, 2, 3, 0, 0, 2, 3, 0, 0, 0, 3,
       1, 2, 0, 1, 3, 1, 0, 0, 3, 2, 1, 2, 3, 3, 0, 2, 1, 3], dtype=object)]
[703, array([-90., -45., -45.,   0.]), array([0, 3, 0, 2, 2, 0, 3, 0, 2, 2, 0, 2, 2, 3, 0, 3, 2, 3, 0, 0, 0, 3,
       1, 2, 0, 1, 3, 1, 0, 0, 3, 2, 1, 2, 3, 3, 0, 2, 1, 3], dtype=object)]
[700, array([-90., -45., -45.,   0.]), array([0, 3, 0, 2, 2, 0, 3, 0, 2, 2, 0, 2, 2, 3, 0, 0, 2, 3, 0, 0, 0, 3,
       1, 2, 0, 1, 3, 1, 0, 0, 3, 2, 1, 2, 3, 3, 0, 2, 1, 3], dtype=object)]
[706, array([-90., -45., -45.,   0.]), array([0, 3, 0, 2, 2, 0, 3, 0, 2, 2, 3, 2, 2, 3, 0, 3, 2, 3, 0, 0, 0, 3,
       1, 2, 0, 1, 3, 1, 0, 0, 3, 2, 1, 2, 3, 3, 0, 2, 1, 3], dtype=object)]
[740, array([-90., -45., -45.,   0.]), array([0, 3, 0, 2, 2, 0, 3, 0, 2, 2, 0, 2, 3, 3, 0, 0, 2, 3, 0, 0, 0, 3,
       1, 2, 0, 1, 3, 1, 0, 0, 3, 2, 1, 2, 3, 3, 0, 2, 1, 3], dtype=object)]
[704, array([-90., -45., -45.,   0.]), array([0, 3, 0, 2, 2, 0, 3, 0, 2, 2, 3, 2, 2, 3, 0, 1, 2, 3, 0, 0, 0, 3,
       1, 2, 0, 1, 3, 1, 0, 0, 3, 2, 3, 2, 3, 3, 0, 2, 1, 3], dtype=object)]
[701, array([-90., -45., -45.,   0.]), array([0, 3, 0, 2, 2, 0, 3, 0, 2, 2, 0, 2, 2, 3, 0, 0, 2, 3, 0, 0, 0, 3,
       1, 2, 0, 1, 3, 1, 0, 0, 3, 2, 1, 2, 3, 3, 0, 2, 1, 3], dtype=object)]
[707, array([-90., -45., -45.,   0.]), array([0, 3, 0, 2, 2, 0, 3, 0, 2, 2, 0, 2, 2, 3, 0, 1, 2, 3, 0, 0, 0, 3,
       1, 2, 0, 1, 3, 1, 0, 0, 3, 2, 1, 2, 3, 3, 0, 2, 1, 3], dtype=object)]
[741, array([-90., -45., -45.,   0.]), array([0, 3, 0, 2, 2, 0, 3, 0, 2, 2, 0, 2, 2, 3, 0, 0, 2, 3, 0, 0, 0, 3,
       1, 2, 0, 1, 3, 1, 0, 0, 3, 2, 1, 2, 3, 3, 0, 2, 1, 3], dtype=object)]
[705, array([-90., -45., -45.,   0.]), array([0, 3, 0, 2, 2, 0, 3, 0, 2, 2, 0, 2, 2, 3, 0, 1, 2, 3, 0, 0, 0, 3,
       1, 2, 0, 1, 3, 1, 0, 0, 3, 2, 1, 2, 3, 3, 0, 2, 1, 3], dtype=object)]
[702, array([-80., -40., -40.,   0.]), array([0, 3, 0, 2, 2, 0, 3, 0, 2, 2, 0, 2, 2, 3, 0, 0, 2, 3, 0, 0, 3, 3,
       1, 2, 0, 1, 3, 1, 0, 0, 3, 2, 3, 2, 3, 3, 0, 2, 1, 3], dtype=object)]
[742, array([-90., -45., -45.,   0.]), array([0, 3, 0, 2, 2, 0, 3, 0, 2, 2, 2, 2, 2, 3, 0, 0, 2, 3, 0, 0, 0, 3,
       1, 2, 0, 1, 3, 1, 0, 0, 3, 2, 1, 2, 3, 3, 0, 2, 1, 3], dtype=object)]
[708, array([-90., -45., -45.,   0.]), array([0, 3, 0, 2, 2, 0, 3, 0, 2, 2, 1, 2, 2, 3, 0, 1, 2, 3, 0, 0, 0, 3,
       1, 2, 0, 1, 3, 1, 0, 0, 3, 2, 0, 2, 3, 3, 0, 2, 1, 3], dtype=object)]
[706, array([-90., -45., -45.,   0.]), array([0, 3, 0, 2, 2, 0, 3, 0, 2, 2, 3, 2, 2, 3, 0, 3, 2, 3, 0, 0, 0, 3,
       1, 2, 0, 1, 3, 1, 0, 0, 3, 2, 1, 2, 3, 3, 0, 2, 1, 3], dtype=object)]
[743, array([-90., -45., -45.,   0.]), array([0, 3, 0, 2, 2, 0, 3, 0, 2, 2, 0, 2, 3, 3, 0, 3, 2, 3, 0, 0, 0, 3,
       1, 2, 0, 1, 3, 1, 0, 0, 3, 2, 1, 2, 3, 3, 0, 2, 1, 3], dtype=object)]
[703, array([-90., -45., -45.,   0.]), array([0, 3, 0, 2, 2, 0, 3, 0, 2, 2, 0, 2, 2, 3, 0, 3, 2, 3, 0, 0, 0, 3,
       1, 2, 0, 1, 3, 1, 0, 0, 3, 2, 1, 2, 3, 3, 0, 2, 1, 3], dtype=object)]
[709, array([-90., -45., -45.,   0.]), array([0, 3, 0, 2, 2, 0, 3, 0, 2, 2, 0, 2, 2, 3, 0, 3, 2, 3, 0, 0, 0, 3,
       1, 2, 0, 1, 3, 1, 0, 0, 3, 2, 1, 2, 3, 3, 0, 2, 1, 3], dtype=object)]
[707, array([-90., -45., -45.,   0.]), array([0, 3, 0, 2, 2, 0, 3, 0, 2, 2, 0, 2, 2, 3, 0, 1, 2, 3, 0, 0, 0, 3,
       1, 2, 0, 1, 3, 1, 0, 0, 3, 2, 1, 2, 3, 3, 0, 2, 1, 3], dtype=object)]
[744, array([-90., -45., -45.,   0.]), array([0, 3, 0, 2, 2, 0, 3, 0, 2, 2, 0, 2, 3, 3, 0, 0, 2, 3, 0, 0, 0, 3,
       1, 2, 0, 1, 3, 1, 0, 0, 3, 2, 1, 2, 3, 3, 0, 2, 1, 3], dtype=object)]
[704, array([-90., -45., -45.,   0.]), array([0, 3, 0, 2, 2, 0, 3, 0, 2, 2, 3, 2, 2, 3, 0, 1, 2, 3, 0, 0, 0, 3,
       1, 2, 0, 1, 3, 1, 0, 0, 3, 2, 3, 2, 3, 3, 0, 2, 1, 3], dtype=object)]
[710, array([-80., -40., -40.,   0.]), array([0, 3, 0, 2, 2, 0, 3, 0, 2, 2, 0, 2, 2, 3, 0, 0, 2, 3, 0, 1, 0, 3,
       1, 2, 0, 1, 3, 1, 0, 0, 3, 2, 1, 2, 3, 3, 0, 2, 1, 3], dtype=object)]
[708, array([-90., -45., -45.,   0.]), array([0, 3, 0, 2, 2, 0, 3, 0, 2, 2, 1, 2, 2, 3, 0, 1, 2, 3, 0, 0, 0, 3,
       1, 2, 0, 1, 3, 1, 0, 0, 3, 2, 0, 2, 3, 3, 0, 2, 1, 3], dtype=object)]
[705, array([-90., -45., -45.,   0.]), array([0, 3, 0, 2, 2, 0, 3, 0, 2, 2, 0, 2, 2, 3, 0, 1, 2, 3, 0, 0, 0, 3,
       1, 2, 0, 1, 3, 1, 0, 0, 3, 2, 1, 2, 3, 3, 0, 2, 1, 3], dtype=object)]
[745, array([-90., -45., -45.,   0.]), array([0, 3, 0, 2, 2, 0, 3, 0, 2, 2, 0, 2, 2, 3, 0, 0, 2, 3, 0, 0, 0, 3,
       1, 2, 0, 1, 3, 1, 0, 0, 3, 2, 1, 2, 3, 3, 0, 2, 1, 3], dtype=object)]
[711, array([-90., -45., -45.,   0.]), array([0, 3, 0, 2, 2, 0, 3, 0, 2, 2, 1, 2, 2, 3, 0, 1, 2, 3, 0, 0, 0, 3,
       1, 2, 0, 1, 3, 1, 0, 0, 3, 2, 1, 2, 3, 3, 0, 2, 1, 3], dtype=object)]
[709, array([-90., -45., -45.,   0.]), array([0, 3, 0, 2, 2, 0, 3, 0, 2, 2, 0, 2, 2, 3, 0, 3, 2, 3, 0, 0, 0, 3,
       1, 2, 0, 1, 3, 1, 0, 0, 3, 2, 1, 2, 3, 3, 0, 2, 1, 3], dtype=object)]
[712, array([-90., -45., -45.,   0.]), array([0, 3, 0, 2, 2, 0, 3, 0, 2, 2, 1, 2, 2, 3, 0, 3, 2, 3, 0, 0, 0, 3,
       1, 2, 0, 1, 3, 1, 0, 0, 3, 2, 1, 2, 3, 3, 0, 2, 1, 3], dtype=object)]
[706, array([-90., -45., -45.,   0.]), array([0, 3, 0, 2, 2, 0, 3, 0, 2, 2, 3, 2, 2, 3, 0, 3, 2, 3, 0, 0, 0, 3,
       1, 2, 0, 1, 3, 1, 0, 0, 3, 2, 1, 2, 3, 3, 0, 2, 1, 3], dtype=object)]
[746, array([-90., -45., -45.,   0.]), array([0, 3, 0, 2, 2, 0, 3, 0, 2, 2, 2, 2, 3, 3, 0, 3, 2, 3, 0, 0, 0, 3,
       1, 2, 0, 1, 3, 1, 0, 0, 3, 2, 1, 2, 3, 3, 0, 2, 1, 3], dtype=object)]
[710, array([-80., -40., -40.,   0.]), array([0, 3, 0, 2, 2, 0, 3, 0, 2, 2, 0, 2, 2, 3, 0, 0, 2, 3, 0, 1, 0, 3,
       1, 2, 0, 1, 3, 1, 0, 0, 3, 2, 1, 2, 3, 3, 0, 2, 1, 3], dtype=object)]
[747, array([-90., -45., -45.,   0.]), array([0, 3, 0, 2, 2, 0, 3, 0, 2, 2, 0, 2, 1, 3, 0, 1, 2, 3, 0, 0, 0, 3,
       1, 2, 0, 1, 3, 1, 0, 0, 3, 2, 1, 2, 3, 3, 0, 2, 1, 3], dtype=object)]
[713, array([-90., -45., -45.,   0.]), array([0, 3, 0, 2, 2, 0, 3, 0, 2, 2, 0, 2, 2, 3, 0, 3, 2, 3, 0, 0, 0, 3,
       1, 2, 0, 1, 3, 1, 0, 0, 3, 2, 1, 2, 3, 3, 0, 2, 1, 3], dtype=object)]
[707, array([-90., -45., -45.,   0.]), array([0, 3, 0, 2, 2, 0, 3, 0, 2, 2, 0, 2, 2, 3, 0, 1, 2, 3, 0, 0, 0, 3,
       1, 2, 0, 1, 3, 1, 0, 0, 3, 2, 1, 2, 3, 3, 0, 2, 1, 3], dtype=object)]
[711, array([-90., -45., -45.,   0.]), array([0, 3, 0, 2, 2, 0, 3, 0, 2, 2, 1, 2, 2, 3, 0, 1, 2, 3, 0, 0, 0, 3,
       1, 2, 0, 1, 3, 1, 0, 0, 3, 2, 1, 2, 3, 3, 0, 2, 1, 3], dtype=object)]
[748, array([-90., -45., -45.,   0.]), array([0, 3, 0, 2, 2, 0, 3, 0, 2, 2, 0, 2, 0, 3, 0, 1, 2, 3, 0, 0, 0, 3,
       1, 2, 0, 1, 3, 1, 0, 0, 3, 2, 1, 2, 3, 3, 0, 2, 1, 3], dtype=object)]
[714, array([-90., -45., -45.,   0.]), array([0, 3, 0, 2, 2, 0, 3, 0, 2, 2, 0, 2, 2, 3, 0, 0, 2, 3, 0, 0, 0, 3,
       1, 2, 0, 1, 3, 1, 0, 0, 3, 2, 3, 2, 3, 3, 0, 2, 1, 3], dtype=object)]
[708, array([-90., -45., -45.,   0.]), array([0, 3, 0, 2, 2, 0, 3, 0, 2, 2, 1, 2, 2, 3, 0, 1, 2, 3, 0, 0, 0, 3,
       1, 2, 0, 1, 3, 1, 0, 0, 3, 2, 0, 2, 3, 3, 0, 2, 1, 3], dtype=object)]
[712, array([-90., -45., -45.,   0.]), array([0, 3, 0, 2, 2, 0, 3, 0, 2, 2, 1, 2, 2, 3, 0, 3, 2, 3, 0, 0, 0, 3,
       1, 2, 0, 1, 3, 1, 0, 0, 3, 2, 1, 2, 3, 3, 0, 2, 1, 3], dtype=object)]
[749, array([-90., -45., -45.,   0.]), array([0, 3, 0, 2, 2, 0, 3, 0, 2, 2, 0, 2, 1, 3, 0, 1, 2, 3, 0, 0, 0, 3,
       1, 2, 0, 1, 3, 1, 0, 0, 3, 2, 1, 2, 3, 3, 0, 2, 1, 3], dtype=object)]
[709, array([-90., -45., -45.,   0.]), array([0, 3, 0, 2, 2, 0, 3, 0, 2, 2, 0, 2, 2, 3, 0, 3, 2, 3, 0, 0, 0, 3,
       1, 2, 0, 1, 3, 1, 0, 0, 3, 2, 1, 2, 3, 3, 0, 2, 1, 3], dtype=object)]
[715, array([-90., -45., -45.,   0.]), array([0, 3, 0, 2, 2, 0, 3, 0, 2, 2, 1, 2, 2, 3, 0, 3, 2, 3, 0, 0, 0, 3,
       1, 2, 0, 1, 3, 1, 0, 0, 3, 2, 1, 2, 3, 3, 0, 2, 1, 3], dtype=object)]
[713, array([-90., -45., -45.,   0.]), array([0, 3, 0, 2, 2, 0, 3, 0, 2, 2, 0, 2, 2, 3, 0, 3, 2, 3, 0, 0, 0, 3,
       1, 2, 0, 1, 3, 1, 0, 0, 3, 2, 1, 2, 3, 3, 0, 2, 1, 3], dtype=object)]
[750, array([-90., -45., -45.,   0.]), array([0, 3, 0, 2, 2, 0, 3, 0, 2, 2, 0, 2, 0, 3, 0, 1, 2, 3, 0, 0, 0, 3,
       1, 2, 0, 1, 3, 1, 0, 0, 3, 2, 1, 2, 3, 3, 0, 2, 1, 3], dtype=object)]
[710, array([-80., -40., -40.,   0.]), array([0, 3, 0, 2, 2, 0, 3, 0, 2, 2, 0, 2, 2, 3, 0, 0, 2, 3, 0, 1, 0, 3,
       1, 2, 0, 1, 3, 1, 0, 0, 3, 2, 1, 2, 3, 3, 0, 2, 1, 3], dtype=object)]
[716, array([-90., -45., -45.,   0.]), array([0, 3, 0, 2, 2, 0, 3, 0, 2, 2, 1, 2, 2, 3, 0, 3, 2, 3, 0, 0, 0, 3,
       1, 2, 0, 1, 3, 1, 0, 0, 3, 2, 1, 2, 3, 3, 0, 2, 1, 3], dtype=object)]
[714, array([-90., -45., -45.,   0.]), array([0, 3, 0, 2, 2, 0, 3, 0, 2, 2, 0, 2, 2, 3, 0, 0, 2, 3, 0, 0, 0, 3,
       1, 2, 0, 1, 3, 1, 0, 0, 3, 2, 3, 2, 3, 3, 0, 2, 1, 3], dtype=object)]
[751, array([-90., -45., -45.,   0.]), array([0, 3, 0, 2, 2, 0, 3, 0, 2, 2, 0, 2, 2, 3, 0, 1, 2, 3, 0, 0, 0, 3,
       1, 2, 0, 1, 3, 1, 0, 0, 3, 2, 1, 2, 3, 3, 0, 2, 1, 3], dtype=object)]
[711, array([-90., -45., -45.,   0.]), array([0, 3, 0, 2, 2, 0, 3, 0, 2, 2, 1, 2, 2, 3, 0, 1, 2, 3, 0, 0, 0, 3,
       1, 2, 0, 1, 3, 1, 0, 0, 3, 2, 1, 2, 3, 3, 0, 2, 1, 3], dtype=object)]
[717, array([-90., -45., -45.,   0.]), array([0, 3, 0, 2, 2, 0, 3, 0, 2, 2, 0, 2, 2, 3, 0, 0, 2, 3, 0, 0, 0, 3,
       1, 2, 0, 1, 3, 1, 0, 0, 3, 2, 1, 2, 3, 3, 0, 2, 1, 3], dtype=object)]
[715, array([-90., -45., -45.,   0.]), array([0, 3, 0, 2, 2, 0, 3, 0, 2, 2, 1, 2, 2, 3, 0, 3, 2, 3, 0, 0, 0, 3,
       1, 2, 0, 1, 3, 1, 0, 0, 3, 2, 1, 2, 3, 3, 0, 2, 1, 3], dtype=object)]
[752, array([-90., -45., -45.,   0.]), array([0, 3, 0, 2, 2, 0, 3, 0, 2, 2, 2, 2, 3, 3, 0, 1, 2, 3, 0, 0, 0, 3,
       1, 2, 0, 1, 3, 1, 0, 0, 3, 2, 1, 2, 3, 3, 0, 2, 1, 3], dtype=object)]
[712, array([-90., -45., -45.,   0.]), array([0, 3, 0, 2, 2, 0, 3, 0, 2, 2, 1, 2, 2, 3, 0, 3, 2, 3, 0, 0, 0, 3,
       1, 2, 0, 1, 3, 1, 0, 0, 3, 2, 1, 2, 3, 3, 0, 2, 1, 3], dtype=object)]
[718, array([-90., -45., -45.,   0.]), array([0, 3, 0, 2, 2, 0, 3, 0, 2, 2, 0, 2, 2, 3, 0, 0, 2, 3, 0, 0, 0, 3,
       1, 2, 0, 1, 3, 1, 0, 0, 3, 2, 3, 2, 3, 3, 0, 2, 1, 3], dtype=object)]
[716, array([-90., -45., -45.,   0.]), array([0, 3, 0, 2, 2, 0, 3, 0, 2, 2, 1, 2, 2, 3, 0, 3, 2, 3, 0, 0, 0, 3,
       1, 2, 0, 1, 3, 1, 0, 0, 3, 2, 1, 2, 3, 3, 0, 2, 1, 3], dtype=object)]
[753, array([-90., -45., -45.,   0.]), array([0, 3, 0, 2, 2, 0, 3, 0, 2, 2, 0, 2, 3, 3, 0, 1, 2, 3, 0, 0, 0, 3,
       1, 2, 0, 1, 3, 1, 0, 0, 3, 2, 1, 2, 3, 3, 0, 2, 1, 3], dtype=object)]
[719, array([-90., -45., -45.,   0.]), array([0, 3, 0, 2, 2, 0, 3, 0, 2, 2, 3, 2, 1, 3, 0, 0, 2, 3, 0, 0, 0, 3,
       1, 2, 0, 1, 3, 1, 0, 0, 3, 2, 3, 2, 3, 3, 0, 2, 1, 3], dtype=object)]
[713, array([-90., -45., -45.,   0.]), array([0, 3, 0, 2, 2, 0, 3, 0, 2, 2, 0, 2, 2, 3, 0, 3, 2, 3, 0, 0, 0, 3,
       1, 2, 0, 1, 3, 1, 0, 0, 3, 2, 1, 2, 3, 3, 0, 2, 1, 3], dtype=object)]
[717, array([-90., -45., -45.,   0.]), array([0, 3, 0, 2, 2, 0, 3, 0, 2, 2, 0, 2, 2, 3, 0, 0, 2, 3, 0, 0, 0, 3,
       1, 2, 0, 1, 3, 1, 0, 0, 3, 2, 1, 2, 3, 3, 0, 2, 1, 3], dtype=object)]
[754, array([-90., -45., -45.,   0.]), array([0, 3, 0, 2, 2, 0, 3, 0, 2, 2, 2, 2, 3, 3, 0, 1, 2, 3, 0, 0, 0, 3,
       1, 2, 0, 1, 3, 1, 0, 0, 3, 2, 1, 2, 3, 3, 0, 2, 1, 3], dtype=object)]
[714, array([-90., -45., -45.,   0.]), array([0, 3, 0, 2, 2, 0, 3, 0, 2, 2, 0, 2, 2, 3, 0, 0, 2, 3, 0, 0, 0, 3,
       1, 2, 0, 1, 3, 1, 0, 0, 3, 2, 3, 2, 3, 3, 0, 2, 1, 3], dtype=object)]
[720, array([-90., -45., -45.,   0.]), array([0, 3, 0, 2, 2, 0, 3, 0, 2, 2, 0, 2, 2, 3, 0, 0, 2, 3, 0, 0, 0, 3,
       1, 2, 0, 1, 3, 1, 0, 0, 3, 2, 3, 2, 3, 3, 0, 2, 1, 3], dtype=object)]
[718, array([-90., -45., -45.,   0.]), array([0, 3, 0, 2, 2, 0, 3, 0, 2, 2, 0, 2, 2, 3, 0, 0, 2, 3, 0, 0, 0, 3,
       1, 2, 0, 1, 3, 1, 0, 0, 3, 2, 3, 2, 3, 3, 0, 2, 1, 3], dtype=object)]
[755, array([-90., -45., -45.,   0.]), array([0, 3, 0, 2, 2, 0, 3, 0, 2, 2, 2, 2, 0, 3, 0, 1, 2, 3, 0, 0, 0, 3,
       1, 2, 0, 1, 3, 1, 0, 0, 3, 2, 1, 2, 3, 3, 0, 2, 1, 3], dtype=object)]
[721, array([-90., -45., -45.,   0.]), array([0, 3, 0, 2, 2, 0, 3, 0, 2, 2, 0, 2, 2, 3, 0, 3, 2, 3, 0, 0, 0, 3,
       1, 2, 0, 1, 3, 1, 0, 0, 3, 2, 1, 2, 3, 3, 0, 2, 1, 3], dtype=object)]
[715, array([-90., -45., -45.,   0.]), array([0, 3, 0, 2, 2, 0, 3, 0, 2, 2, 1, 2, 2, 3, 0, 3, 2, 3, 0, 0, 0, 3,
       1, 2, 0, 1, 3, 1, 0, 0, 3, 2, 1, 2, 3, 3, 0, 2, 1, 3], dtype=object)]
[756, array([-90., -45., -45.,   0.]), array([0, 3, 0, 2, 2, 0, 3, 0, 2, 2, 2, 2, 0, 3, 0, 1, 2, 3, 0, 0, 0, 3,
       1, 2, 0, 1, 3, 1, 0, 0, 3, 2, 1, 2, 3, 3, 0, 2, 1, 3], dtype=object)]
[719, array([-90., -45., -45.,   0.]), array([0, 3, 0, 2, 2, 0, 3, 0, 2, 2, 3, 2, 1, 3, 0, 0, 2, 3, 0, 0, 0, 3,
       1, 2, 0, 1, 3, 1, 0, 0, 3, 2, 3, 2, 3, 3, 0, 2, 1, 3], dtype=object)]
[716, array([-90., -45., -45.,   0.]), array([0, 3, 0, 2, 2, 0, 3, 0, 2, 2, 1, 2, 2, 3, 0, 3, 2, 3, 0, 0, 0, 3,
       1, 2, 0, 1, 3, 1, 0, 0, 3, 2, 1, 2, 3, 3, 0, 2, 1, 3], dtype=object)]
[722, array([-90., -45., -45.,   0.]), array([0, 3, 0, 2, 2, 0, 3, 0, 2, 2, 0, 2, 2, 3, 0, 1, 2, 3, 0, 0, 0, 3,
       1, 2, 0, 1, 3, 1, 0, 0, 3, 2, 2, 2, 3, 3, 0, 2, 1, 3], dtype=object)]
[757, array([-90., -45., -45.,   0.]), array([0, 3, 0, 2, 2, 0, 3, 0, 2, 2, 0, 2, 1, 3, 0, 3, 2, 3, 0, 0, 0, 3,
       1, 2, 0, 1, 3, 1, 0, 0, 3, 2, 1, 2, 3, 3, 0, 2, 1, 3], dtype=object)]
[720, array([-90., -45., -45.,   0.]), array([0, 3, 0, 2, 2, 0, 3, 0, 2, 2, 0, 2, 2, 3, 0, 0, 2, 3, 0, 0, 0, 3,
       1, 2, 0, 1, 3, 1, 0, 0, 3, 2, 3, 2, 3, 3, 0, 2, 1, 3], dtype=object)]
[717, array([-90., -45., -45.,   0.]), array([0, 3, 0, 2, 2, 0, 3, 0, 2, 2, 0, 2, 2, 3, 0, 0, 2, 3, 0, 0, 0, 3,
       1, 2, 0, 1, 3, 1, 0, 0, 3, 2, 1, 2, 3, 3, 0, 2, 1, 3], dtype=object)]
[723, array([-90., -45., -45.,   0.]), array([0, 3, 0, 2, 2, 0, 3, 0, 2, 2, 1, 2, 2, 3, 0, 1, 2, 3, 0, 0, 0, 3,
       1, 2, 0, 1, 3, 1, 0, 0, 3, 2, 1, 2, 3, 3, 0, 2, 1, 3], dtype=object)]
[758, array([-90., -45., -45.,   0.]), array([0, 3, 0, 2, 2, 0, 3, 0, 2, 2, 2, 2, 3, 3, 0, 0, 2, 3, 0, 0, 0, 3,
       1, 2, 0, 1, 3, 1, 0, 0, 3, 2, 1, 2, 3, 3, 0, 2, 1, 3], dtype=object)]
[721, array([-90., -45., -45.,   0.]), array([0, 3, 0, 2, 2, 0, 3, 0, 2, 2, 0, 2, 2, 3, 0, 3, 2, 3, 0, 0, 0, 3,
       1, 2, 0, 1, 3, 1, 0, 0, 3, 2, 1, 2, 3, 3, 0, 2, 1, 3], dtype=object)]
[718, array([-90., -45., -45.,   0.]), array([0, 3, 0, 2, 2, 0, 3, 0, 2, 2, 0, 2, 2, 3, 0, 0, 2, 3, 0, 0, 0, 3,
       1, 2, 0, 1, 3, 1, 0, 0, 3, 2, 3, 2, 3, 3, 0, 2, 1, 3], dtype=object)]
[724, array([-90., -45., -45.,   0.]), array([0, 3, 0, 2, 2, 0, 3, 0, 2, 2, 0, 2, 2, 3, 0, 0, 2, 3, 0, 0, 0, 3,
       1, 2, 0, 1, 3, 1, 0, 0, 3, 2, 0, 2, 3, 3, 0, 2, 1, 3], dtype=object)]
[759, array([-90., -45., -45.,   0.]), array([0, 3, 0, 2, 2, 0, 3, 0, 2, 2, 2, 2, 0, 3, 0, 3, 2, 3, 0, 0, 0, 3,
       1, 2, 0, 1, 3, 1, 0, 0, 3, 2, 1, 2, 3, 3, 0, 2, 1, 3], dtype=object)]
[722, array([-90., -45., -45.,   0.]), array([0, 3, 0, 2, 2, 0, 3, 0, 2, 2, 0, 2, 2, 3, 0, 1, 2, 3, 0, 0, 0, 3,
       1, 2, 0, 1, 3, 1, 0, 0, 3, 2, 2, 2, 3, 3, 0, 2, 1, 3], dtype=object)]
[719, array([-90., -45., -45.,   0.]), array([0, 3, 0, 2, 2, 0, 3, 0, 2, 2, 3, 2, 1, 3, 0, 0, 2, 3, 0, 0, 0, 3,
       1, 2, 0, 1, 3, 1, 0, 0, 3, 2, 3, 2, 3, 3, 0, 2, 1, 3], dtype=object)]
[725, array([-90., -45., -45.,   0.]), array([0, 3, 0, 2, 2, 0, 3, 0, 2, 2, 0, 2, 2, 3, 0, 0, 2, 3, 0, 0, 0, 3,
       1, 2, 0, 1, 3, 1, 0, 0, 3, 2, 1, 2, 3, 3, 0, 2, 1, 3], dtype=object)]
[760, array([-90., -45., -45.,   0.]), array([0, 3, 0, 2, 2, 0, 3, 3, 2, 2, 2, 2, 0, 3, 0, 3, 1, 3, 0, 0, 0, 3,
       1, 2, 0, 1, 3, 1, 0, 0, 3, 2, 1, 2, 3, 3, 0, 2, 1, 3], dtype=object)]
[723, array([-90., -45., -45.,   0.]), array([0, 3, 0, 2, 2, 0, 3, 0, 2, 2, 1, 2, 2, 3, 0, 1, 2, 3, 0, 0, 0, 3,
       1, 2, 0, 1, 3, 1, 0, 0, 3, 2, 1, 2, 3, 3, 0, 2, 1, 3], dtype=object)]
[720, array([-90., -45., -45.,   0.]), array([0, 3, 0, 2, 2, 0, 3, 0, 2, 2, 0, 2, 2, 3, 0, 0, 2, 3, 0, 0, 0, 3,
       1, 2, 0, 1, 3, 1, 0, 0, 3, 2, 3, 2, 3, 3, 0, 2, 1, 3], dtype=object)]
[726, array([-90., -45., -45.,   0.]), array([0, 3, 0, 2, 2, 0, 3, 0, 2, 2, 1, 2, 2, 3, 0, 3, 2, 3, 0, 0, 0, 3,
       1, 2, 0, 1, 3, 1, 0, 0, 3, 2, 1, 2, 3, 3, 0, 2, 1, 3], dtype=object)]
[761, array([-90., -45., -45.,   0.]), array([0, 3, 0, 2, 2, 0, 3, 0, 2, 2, 2, 2, 3, 3, 0, 3, 2, 3, 0, 0, 0, 3,
       1, 2, 0, 1, 3, 1, 0, 0, 3, 2, 1, 2, 3, 3, 0, 2, 1, 3], dtype=object)]
[724, array([-90., -45., -45.,   0.]), array([0, 3, 0, 2, 2, 0, 3, 0, 2, 2, 0, 2, 2, 3, 0, 0, 2, 3, 0, 0, 0, 3,
       1, 2, 0, 1, 3, 1, 0, 0, 3, 2, 0, 2, 3, 3, 0, 2, 1, 3], dtype=object)]
[727, array([-90., -45., -45.,   0.]), array([0, 3, 0, 2, 2, 0, 3, 0, 2, 2, 0, 2, 2, 3, 0, 1, 2, 3, 0, 0, 0, 3,
       1, 2, 0, 1, 3, 1, 0, 0, 3, 2, 1, 2, 3, 3, 0, 2, 1, 3], dtype=object)]
[721, array([-90., -45., -45.,   0.]), array([0, 3, 0, 2, 2, 0, 3, 0, 2, 2, 0, 2, 2, 3, 0, 3, 2, 3, 0, 0, 0, 3,
       1, 2, 0, 1, 3, 1, 0, 0, 3, 2, 1, 2, 3, 3, 0, 2, 1, 3], dtype=object)]
[762, array([-80., -40., -40.,   0.]), array([0, 3, 0, 2, 2, 0, 3, 0, 2, 2, 2, 2, 3, 3, 0, 3, 2, 3, 0, 1, 0, 3,
       1, 2, 0, 1, 3, 1, 0, 0, 3, 2, 1, 2, 3, 3, 0, 2, 1, 3], dtype=object)]
[725, array([-90., -45., -45.,   0.]), array([0, 3, 0, 2, 2, 0, 3, 0, 2, 2, 0, 2, 2, 3, 0, 0, 2, 3, 0, 0, 0, 3,
       1, 2, 0, 1, 3, 1, 0, 0, 3, 2, 1, 2, 3, 3, 0, 2, 1, 3], dtype=object)]
[728, array([-90., -45., -45.,   0.]), array([0, 3, 0, 2, 2, 0, 3, 0, 2, 2, 0, 2, 3, 3, 0, 0, 2, 3, 0, 0, 0, 3,
       1, 2, 0, 1, 3, 1, 0, 0, 3, 2, 1, 2, 3, 3, 0, 2, 1, 3], dtype=object)]
[722, array([-90., -45., -45.,   0.]), array([0, 3, 0, 2, 2, 0, 3, 0, 2, 2, 0, 2, 2, 3, 0, 1, 2, 3, 0, 0, 0, 3,
       1, 2, 0, 1, 3, 1, 0, 0, 3, 2, 2, 2, 3, 3, 0, 2, 1, 3], dtype=object)]
[763, array([-90., -45., -45.,   0.]), array([0, 3, 0, 2, 2, 0, 3, 0, 2, 2, 0, 2, 3, 3, 0, 3, 2, 3, 0, 0, 0, 3,
       1, 2, 0, 1, 3, 1, 0, 0, 3, 2, 1, 2, 3, 3, 0, 2, 1, 3], dtype=object)]
[726, array([-90., -45., -45.,   0.]), array([0, 3, 0, 2, 2, 0, 3, 0, 2, 2, 1, 2, 2, 3, 0, 3, 2, 3, 0, 0, 0, 3,
       1, 2, 0, 1, 3, 1, 0, 0, 3, 2, 1, 2, 3, 3, 0, 2, 1, 3], dtype=object)]
[764, array([-90., -45., -45.,   0.]), array([0, 3, 0, 2, 2, 0, 3, 0, 2, 2, 0, 2, 3, 3, 0, 0, 2, 3, 0, 0, 0, 3,
       1, 2, 0, 1, 3, 1, 0, 0, 3, 2, 0, 2, 3, 3, 0, 2, 1, 3], dtype=object)]
[729, array([-90., -45., -45.,   0.]), array([0, 3, 0, 2, 2, 0, 3, 0, 2, 2, 1, 2, 2, 3, 0, 1, 2, 3, 0, 0, 0, 3,
       1, 2, 0, 1, 3, 1, 0, 0, 3, 2, 1, 2, 3, 3, 0, 2, 1, 3], dtype=object)]
[723, array([-90., -45., -45.,   0.]), array([0, 3, 0, 2, 2, 0, 3, 0, 2, 2, 1, 2, 2, 3, 0, 1, 2, 3, 0, 0, 0, 3,
       1, 2, 0, 1, 3, 1, 0, 0, 3, 2, 1, 2, 3, 3, 0, 2, 1, 3], dtype=object)]
[727, array([-90., -45., -45.,   0.]), array([0, 3, 0, 2, 2, 0, 3, 0, 2, 2, 0, 2, 2, 3, 0, 1, 2, 3, 0, 0, 0, 3,
       1, 2, 0, 1, 3, 1, 0, 0, 3, 2, 1, 2, 3, 3, 0, 2, 1, 3], dtype=object)]
[730, array([-80., -40., -40.,   0.]), array([0, 3, 0, 2, 2, 0, 3, 0, 2, 2, 1, 2, 2, 3, 0, 0, 2, 3, 0, 0, 0, 3,
       1, 2, 0, 1, 3, 1, 0, 0, 3, 2, 1, 2, 3, 3, 0, 2, 1, 0], dtype=object)]
[724, array([-90., -45., -45.,   0.]), array([0, 3, 0, 2, 2, 0, 3, 0, 2, 2, 0, 2, 2, 3, 0, 0, 2, 3, 0, 0, 0, 3,
       1, 2, 0, 1, 3, 1, 0, 0, 3, 2, 0, 2, 3, 3, 0, 2, 1, 3], dtype=object)]
[765, array([-90., -45., -45.,   0.]), array([0, 3, 0, 2, 2, 0, 3, 0, 2, 2, 0, 2, 3, 3, 0, 3, 2, 3, 0, 0, 0, 3,
       1, 2, 0, 1, 3, 1, 0, 0, 3, 2, 1, 2, 3, 3, 0, 2, 1, 3], dtype=object)]
[728, array([-90., -45., -45.,   0.]), array([0, 3, 0, 2, 2, 0, 3, 0, 2, 2, 0, 2, 3, 3, 0, 0, 2, 3, 0, 0, 0, 3,
       1, 2, 0, 1, 3, 1, 0, 0, 3, 2, 1, 2, 3, 3, 0, 2, 1, 3], dtype=object)]
[731, array([-90., -45., -45.,   0.]), array([0, 3, 0, 2, 2, 0, 3, 0, 2, 2, 0, 2, 2, 3, 0, 0, 2, 3, 0, 0, 0, 3,
       1, 2, 0, 1, 3, 1, 0, 0, 3, 2, 1, 2, 3, 3, 0, 2, 1, 3], dtype=object)]
[766, array([-90., -45., -45.,   0.]), array([0, 3, 0, 2, 2, 0, 3, 0, 2, 2, 0, 2, 3, 3, 0, 0, 2, 3, 0, 0, 0, 3,
       1, 2, 0, 1, 3, 1, 0, 0, 3, 2, 1, 2, 3, 3, 0, 2, 1, 3], dtype=object)]
[725, array([-90., -45., -45.,   0.]), array([0, 3, 0, 2, 2, 0, 3, 0, 2, 2, 0, 2, 2, 3, 0, 0, 2, 3, 0, 0, 0, 3,
       1, 2, 0, 1, 3, 1, 0, 0, 3, 2, 1, 2, 3, 3, 0, 2, 1, 3], dtype=object)]
[729, array([-90., -45., -45.,   0.]), array([0, 3, 0, 2, 2, 0, 3, 0, 2, 2, 1, 2, 2, 3, 0, 1, 2, 3, 0, 0, 0, 3,
       1, 2, 0, 1, 3, 1, 0, 0, 3, 2, 1, 2, 3, 3, 0, 2, 1, 3], dtype=object)]
[726, array([-90., -45., -45.,   0.]), array([0, 3, 0, 2, 2, 0, 3, 0, 2, 2, 1, 2, 2, 3, 0, 3, 2, 3, 0, 0, 0, 3,
       1, 2, 0, 1, 3, 1, 0, 0, 3, 2, 1, 2, 3, 3, 0, 2, 1, 3], dtype=object)]
[767, array([-90., -45., -45.,   0.]), array([0, 3, 0, 2, 2, 0, 3, 0, 2, 2, 2, 2, 3, 3, 0, 1, 2, 3, 0, 0, 0, 3,
       1, 2, 0, 1, 3, 1, 0, 0, 3, 2, 1, 2, 3, 3, 0, 2, 1, 3], dtype=object)]
[732, array([-90., -45., -45.,   0.]), array([0, 3, 0, 2, 2, 0, 3, 0, 2, 2, 2, 2, 2, 3, 0, 1, 2, 3, 0, 0, 0, 3,
       1, 2, 0, 1, 3, 1, 0, 0, 3, 2, 1, 2, 3, 3, 0, 2, 1, 3], dtype=object)]
[730, array([-80., -40., -40.,   0.]), array([0, 3, 0, 2, 2, 0, 3, 0, 2, 2, 1, 2, 2, 3, 0, 0, 2, 3, 0, 0, 0, 3,
       1, 2, 0, 1, 3, 1, 0, 0, 3, 2, 1, 2, 3, 3, 0, 2, 1, 0], dtype=object)]
[768, array([-80., -40., -40.,   0.]), array([0, 3, 0, 2, 2, 0, 3, 0, 2, 2, 2, 2, 3, 3, 0, 3, 2, 3, 0, 3, 0, 3,
       1, 2, 0, 1, 3, 1, 0, 0, 3, 2, 1, 2, 3, 3, 0, 2, 1, 3], dtype=object)]
[727, array([-90., -45., -45.,   0.]), array([0, 3, 0, 2, 2, 0, 3, 0, 2, 2, 0, 2, 2, 3, 0, 1, 2, 3, 0, 0, 0, 3,
       1, 2, 0, 1, 3, 1, 0, 0, 3, 2, 1, 2, 3, 3, 0, 2, 1, 3], dtype=object)]
[733, array([-90., -45., -45.,   0.]), array([0, 3, 0, 2, 2, 0, 3, 0, 2, 2, 0, 2, 2, 3, 0, 0, 2, 3, 0, 0, 0, 3,
       1, 2, 0, 1, 3, 1, 0, 0, 3, 2, 1, 2, 3, 3, 0, 2, 1, 3], dtype=object)]
[731, array([-90., -45., -45.,   0.]), array([0, 3, 0, 2, 2, 0, 3, 0, 2, 2, 0, 2, 2, 3, 0, 0, 2, 3, 0, 0, 0, 3,
       1, 2, 0, 1, 3, 1, 0, 0, 3, 2, 1, 2, 3, 3, 0, 2, 1, 3], dtype=object)]
[769, array([-90., -45., -45.,   0.]), array([0, 3, 0, 2, 2, 0, 3, 0, 2, 2, 2, 2, 3, 3, 0, 3, 2, 3, 0, 0, 0, 3,
       1, 2, 0, 1, 3, 1, 0, 0, 3, 2, 1, 2, 3, 3, 0, 2, 1, 3], dtype=object)]
[728, array([-90., -45., -45.,   0.]), array([0, 3, 0, 2, 2, 0, 3, 0, 2, 2, 0, 2, 3, 3, 0, 0, 2, 3, 0, 0, 0, 3,
       1, 2, 0, 1, 3, 1, 0, 0, 3, 2, 1, 2, 3, 3, 0, 2, 1, 3], dtype=object)]
[734, array([-90., -45., -45.,   0.]), array([0, 3, 0, 2, 2, 0, 3, 0, 2, 2, 1, 2, 2, 3, 0, 1, 2, 3, 0, 0, 0, 3,
       1, 2, 0, 1, 3, 1, 0, 0, 3, 2, 3, 2, 3, 3, 0, 2, 1, 3], dtype=object)]
[732, array([-90., -45., -45.,   0.]), array([0, 3, 0, 2, 2, 0, 3, 0, 2, 2, 2, 2, 2, 3, 0, 1, 2, 3, 0, 0, 0, 3,
       1, 2, 0, 1, 3, 1, 0, 0, 3, 2, 1, 2, 3, 3, 0, 2, 1, 3], dtype=object)]
[770, array([-90., -45., -45.,   0.]), array([0, 3, 0, 2, 2, 0, 3, 0, 2, 2, 3, 2, 3, 3, 0, 3, 2, 3, 0, 0, 0, 3,
       1, 2, 0, 1, 3, 1, 0, 0, 3, 2, 1, 2, 3, 3, 0, 2, 1, 3], dtype=object)]
[735, array([-90., -45., -45.,   0.]), array([0, 3, 0, 2, 2, 0, 3, 0, 2, 2, 0, 2, 2, 3, 0, 1, 2, 3, 0, 0, 0, 3,
       1, 2, 0, 1, 3, 1, 0, 0, 3, 2, 1, 2, 3, 3, 0, 2, 1, 3], dtype=object)]
[729, array([-90., -45., -45.,   0.]), array([0, 3, 0, 2, 2, 0, 3, 0, 2, 2, 1, 2, 2, 3, 0, 1, 2, 3, 0, 0, 0, 3,
       1, 2, 0, 1, 3, 1, 0, 0, 3, 2, 1, 2, 3, 3, 0, 2, 1, 3], dtype=object)]
[733, array([-90., -45., -45.,   0.]), array([0, 3, 0, 2, 2, 0, 3, 0, 2, 2, 0, 2, 2, 3, 0, 0, 2, 3, 0, 0, 0, 3,
       1, 2, 0, 1, 3, 1, 0, 0, 3, 2, 1, 2, 3, 3, 0, 2, 1, 3], dtype=object)]
[771, array([-90., -45., -45.,   0.]), array([0, 3, 0, 2, 2, 0, 3, 0, 2, 2, 2, 2, 3, 3, 0, 3, 2, 3, 0, 0, 0, 3,
       1, 2, 0, 1, 3, 1, 0, 0, 3, 2, 1, 2, 3, 3, 0, 2, 1, 3], dtype=object)]
[730, array([-80., -40., -40.,   0.]), array([0, 3, 0, 2, 2, 0, 3, 0, 2, 2, 1, 2, 2, 3, 0, 0, 2, 3, 0, 0, 0, 3,
       1, 2, 0, 1, 3, 1, 0, 0, 3, 2, 1, 2, 3, 3, 0, 2, 1, 0], dtype=object)]
[736, array([-90., -45., -45.,   0.]), array([0, 3, 0, 2, 2, 0, 3, 0, 2, 2, 0, 2, 2, 3, 0, 2, 2, 3, 0, 0, 0, 3,
       1, 2, 0, 1, 3, 1, 0, 0, 3, 2, 1, 2, 3, 3, 0, 2, 1, 3], dtype=object)]
[734, array([-90., -45., -45.,   0.]), array([0, 3, 0, 2, 2, 0, 3, 0, 2, 2, 1, 2, 2, 3, 0, 1, 2, 3, 0, 0, 0, 3,
       1, 2, 0, 1, 3, 1, 0, 0, 3, 2, 3, 2, 3, 3, 0, 2, 1, 3], dtype=object)]
[772, array([-90., -45., -45.,   0.]), array([0, 3, 0, 2, 2, 0, 3, 0, 2, 2, 0, 2, 3, 3, 0, 3, 2, 3, 0, 0, 0, 3,
       1, 2, 0, 1, 3, 1, 0, 0, 3, 2, 3, 2, 3, 3, 0, 2, 1, 3], dtype=object)]
[731, array([-90., -45., -45.,   0.]), array([0, 3, 0, 2, 2, 0, 3, 0, 2, 2, 0, 2, 2, 3, 0, 0, 2, 3, 0, 0, 0, 3,
       1, 2, 0, 1, 3, 1, 0, 0, 3, 2, 1, 2, 3, 3, 0, 2, 1, 3], dtype=object)]
[737, array([-90., -45., -45.,   0.]), array([0, 3, 0, 2, 2, 0, 3, 0, 2, 2, 0, 2, 2, 3, 0, 1, 2, 3, 0, 0, 0, 3,
       1, 2, 0, 1, 3, 1, 0, 0, 3, 2, 1, 2, 3, 3, 0, 2, 1, 3], dtype=object)]
[735, array([-90., -45., -45.,   0.]), array([0, 3, 0, 2, 2, 0, 3, 0, 2, 2, 0, 2, 2, 3, 0, 1, 2, 3, 0, 0, 0, 3,
       1, 2, 0, 1, 3, 1, 0, 0, 3, 2, 1, 2, 3, 3, 0, 2, 1, 3], dtype=object)]
[773, array([-90., -45., -45.,   0.]), array([0, 3, 0, 2, 2, 0, 3, 0, 2, 2, 2, 2, 0, 3, 0, 3, 2, 3, 0, 0, 0, 3,
       1, 2, 0, 1, 3, 1, 0, 0, 3, 2, 1, 2, 3, 3, 0, 2, 1, 3], dtype=object)]
[732, array([-90., -45., -45.,   0.]), array([0, 3, 0, 2, 2, 0, 3, 0, 2, 2, 2, 2, 2, 3, 0, 1, 2, 3, 0, 0, 0, 3,
       1, 2, 0, 1, 3, 1, 0, 0, 3, 2, 1, 2, 3, 3, 0, 2, 1, 3], dtype=object)]
[738, array([-90., -45., -45.,   0.]), array([0, 3, 0, 2, 2, 0, 3, 0, 2, 2, 3, 2, 3, 3, 0, 3, 2, 3, 0, 0, 0, 3,
       1, 2, 0, 1, 3, 1, 0, 0, 3, 2, 1, 2, 3, 3, 0, 2, 1, 3], dtype=object)]
[736, array([-90., -45., -45.,   0.]), array([0, 3, 0, 2, 2, 0, 3, 0, 2, 2, 0, 2, 2, 3, 0, 2, 2, 3, 0, 0, 0, 3,
       1, 2, 0, 1, 3, 1, 0, 0, 3, 2, 1, 2, 3, 3, 0, 2, 1, 3], dtype=object)]
[774, array([-90., -45., -45.,   0.]), array([0, 3, 0, 2, 2, 0, 3, 0, 2, 2, 0, 2, 3, 3, 0, 3, 0, 3, 0, 0, 0, 3,
       1, 2, 0, 1, 3, 3, 0, 0, 3, 2, 1, 2, 3, 3, 0, 2, 1, 3], dtype=object)]
[733, array([-90., -45., -45.,   0.]), array([0, 3, 0, 2, 2, 0, 3, 0, 2, 2, 0, 2, 2, 3, 0, 0, 2, 3, 0, 0, 0, 3,
       1, 2, 0, 1, 3, 1, 0, 0, 3, 2, 1, 2, 3, 3, 0, 2, 1, 3], dtype=object)]
[739, array([-90., -45., -45.,   0.]), array([0, 3, 0, 2, 2, 0, 3, 0, 2, 2, 0, 2, 2, 3, 0, 0, 2, 3, 0, 0, 0, 3,
       1, 2, 0, 1, 3, 1, 0, 0, 3, 2, 1, 2, 3, 3, 0, 2, 1, 3], dtype=object)]
[775, array([-90., -45., -45.,   0.]), array([0, 3, 0, 2, 2, 0, 3, 0, 2, 2, 2, 2, 0, 3, 0, 3, 2, 3, 0, 0, 0, 3,
       1, 2, 0, 1, 3, 1, 0, 0, 3, 2, 1, 2, 3, 3, 0, 2, 1, 3], dtype=object)]
[737, array([-90., -45., -45.,   0.]), array([0, 3, 0, 2, 2, 0, 3, 0, 2, 2, 0, 2, 2, 3, 0, 1, 2, 3, 0, 0, 0, 3,
       1, 2, 0, 1, 3, 1, 0, 0, 3, 2, 1, 2, 3, 3, 0, 2, 1, 3], dtype=object)]
[734, array([-90., -45., -45.,   0.]), array([0, 3, 0, 2, 2, 0, 3, 0, 2, 2, 1, 2, 2, 3, 0, 1, 2, 3, 0, 0, 0, 3,
       1, 2, 0, 1, 3, 1, 0, 0, 3, 2, 3, 2, 3, 3, 0, 2, 1, 3], dtype=object)]
[740, array([-90., -45., -45.,   0.]), array([0, 3, 0, 2, 2, 0, 3, 0, 2, 2, 0, 2, 3, 3, 0, 0, 2, 3, 0, 0, 0, 3,
       1, 2, 0, 1, 3, 1, 0, 0, 3, 2, 1, 2, 3, 3, 0, 2, 1, 3], dtype=object)]
[738, array([-90., -45., -45.,   0.]), array([0, 3, 0, 2, 2, 0, 3, 0, 2, 2, 3, 2, 3, 3, 0, 3, 2, 3, 0, 0, 0, 3,
       1, 2, 0, 1, 3, 1, 0, 0, 3, 2, 1, 2, 3, 3, 0, 2, 1, 3], dtype=object)]
[776, array([-80., -40., -40.,   0.]), array([0, 3, 0, 2, 2, 0, 3, 0, 2, 2, 3, 2, 3, 3, 0, 1, 2, 3, 0, 0, 0, 3,
       1, 2, 0, 1, 3, 1, 0, 0, 2, 2, 1, 2, 3, 3, 0, 2, 1, 3], dtype=object)]
[735, array([-90., -45., -45.,   0.]), array([0, 3, 0, 2, 2, 0, 3, 0, 2, 2, 0, 2, 2, 3, 0, 1, 2, 3, 0, 0, 0, 3,
       1, 2, 0, 1, 3, 1, 0, 0, 3, 2, 1, 2, 3, 3, 0, 2, 1, 3], dtype=object)]
[741, array([-90., -45., -45.,   0.]), array([0, 3, 0, 2, 2, 0, 3, 0, 2, 2, 0, 2, 2, 3, 0, 0, 2, 3, 0, 0, 0, 3,
       1, 2, 0, 1, 3, 1, 0, 0, 3, 2, 1, 2, 3, 3, 0, 2, 1, 3], dtype=object)]
[739, array([-90., -45., -45.,   0.]), array([0, 3, 0, 2, 2, 0, 3, 0, 2, 2, 0, 2, 2, 3, 0, 0, 2, 3, 0, 0, 0, 3,
       1, 2, 0, 1, 3, 1, 0, 0, 3, 2, 1, 2, 3, 3, 0, 2, 1, 3], dtype=object)]
[777, array([-90., -45., -45.,   0.]), array([0, 3, 0, 2, 2, 0, 3, 0, 2, 2, 2, 2, 0, 3, 0, 3, 2, 3, 0, 0, 0, 3,
       1, 2, 0, 1, 3, 1, 0, 0, 3, 2, 1, 2, 3, 3, 0, 2, 1, 3], dtype=object)]
[736, array([-90., -45., -45.,   0.]), array([0, 3, 0, 2, 2, 0, 3, 0, 2, 2, 0, 2, 2, 3, 0, 2, 2, 3, 0, 0, 0, 3,
       1, 2, 0, 1, 3, 1, 0, 0, 3, 2, 1, 2, 3, 3, 0, 2, 1, 3], dtype=object)]
[742, array([-90., -45., -45.,   0.]), array([0, 3, 0, 2, 2, 0, 3, 0, 2, 2, 2, 2, 2, 3, 0, 0, 2, 3, 0, 0, 0, 3,
       1, 2, 0, 1, 3, 1, 0, 0, 3, 2, 1, 2, 3, 3, 0, 2, 1, 3], dtype=object)]
[778, array([-90., -45., -45.,   0.]), array([0, 3, 0, 2, 2, 0, 3, 0, 2, 2, 2, 2, 0, 3, 0, 1, 2, 3, 0, 0, 0, 3,
       1, 2, 0, 1, 3, 1, 0, 0, 3, 2, 1, 2, 3, 3, 0, 2, 1, 3], dtype=object)]
[740, array([-90., -45., -45.,   0.]), array([0, 3, 0, 2, 2, 0, 3, 0, 2, 2, 0, 2, 3, 3, 0, 0, 2, 3, 0, 0, 0, 3,
       1, 2, 0, 1, 3, 1, 0, 0, 3, 2, 1, 2, 3, 3, 0, 2, 1, 3], dtype=object)]
[737, array([-90., -45., -45.,   0.]), array([0, 3, 0, 2, 2, 0, 3, 0, 2, 2, 0, 2, 2, 3, 0, 1, 2, 3, 0, 0, 0, 3,
       1, 2, 0, 1, 3, 1, 0, 0, 3, 2, 1, 2, 3, 3, 0, 2, 1, 3], dtype=object)]
[743, array([-90., -45., -45.,   0.]), array([0, 3, 0, 2, 2, 0, 3, 0, 2, 2, 0, 2, 3, 3, 0, 3, 2, 3, 0, 0, 0, 3,
       1, 2, 0, 1, 3, 1, 0, 0, 3, 2, 1, 2, 3, 3, 0, 2, 1, 3], dtype=object)]
[779, array([-90., -45., -45.,   0.]), array([0, 3, 0, 2, 2, 0, 3, 0, 2, 2, 2, 2, 0, 3, 0, 3, 2, 3, 0, 0, 0, 3,
       1, 2, 0, 1, 3, 1, 0, 0, 3, 2, 1, 2, 3, 3, 0, 2, 1, 3], dtype=object)]
[741, array([-90., -45., -45.,   0.]), array([0, 3, 0, 2, 2, 0, 3, 0, 2, 2, 0, 2, 2, 3, 0, 0, 2, 3, 0, 0, 0, 3,
       1, 2, 0, 1, 3, 1, 0, 0, 3, 2, 1, 2, 3, 3, 0, 2, 1, 3], dtype=object)]
[738, array([-90., -45., -45.,   0.]), array([0, 3, 0, 2, 2, 0, 3, 0, 2, 2, 3, 2, 3, 3, 0, 3, 2, 3, 0, 0, 0, 3,
       1, 2, 0, 1, 3, 1, 0, 0, 3, 2, 1, 2, 3, 3, 0, 2, 1, 3], dtype=object)]
[744, array([-90., -45., -45.,   0.]), array([0, 3, 0, 2, 2, 0, 3, 0, 2, 2, 0, 2, 3, 3, 0, 0, 2, 3, 0, 0, 0, 3,
       1, 2, 0, 1, 3, 1, 0, 0, 3, 2, 1, 2, 3, 3, 0, 2, 1, 3], dtype=object)]
[780, array([-90., -45., -45.,   0.]), array([0, 3, 0, 2, 2, 0, 3, 0, 2, 2, 3, 2, 3, 3, 0, 3, 2, 3, 0, 0, 0, 3,
       1, 2, 0, 1, 3, 1, 0, 0, 3, 2, 1, 2, 3, 3, 0, 2, 1, 3], dtype=object)]
[742, array([-90., -45., -45.,   0.]), array([0, 3, 0, 2, 2, 0, 3, 0, 2, 2, 2, 2, 2, 3, 0, 0, 2, 3, 0, 0, 0, 3,
       1, 2, 0, 1, 3, 1, 0, 0, 3, 2, 1, 2, 3, 3, 0, 2, 1, 3], dtype=object)]
[739, array([-90., -45., -45.,   0.]), array([0, 3, 0, 2, 2, 0, 3, 0, 2, 2, 0, 2, 2, 3, 0, 0, 2, 3, 0, 0, 0, 3,
       1, 2, 0, 1, 3, 1, 0, 0, 3, 2, 1, 2, 3, 3, 0, 2, 1, 3], dtype=object)]
[745, array([-90., -45., -45.,   0.]), array([0, 3, 0, 2, 2, 0, 3, 0, 2, 2, 0, 2, 2, 3, 0, 0, 2, 3, 0, 0, 0, 3,
       1, 2, 0, 1, 3, 1, 0, 0, 3, 2, 1, 2, 3, 3, 0, 2, 1, 3], dtype=object)]
[781, array([-90., -45., -45.,   0.]), array([0, 3, 0, 2, 2, 0, 3, 0, 2, 2, 2, 2, 0, 3, 0, 3, 2, 3, 0, 0, 0, 3,
       1, 2, 0, 1, 3, 1, 0, 0, 3, 2, 1, 2, 3, 3, 0, 2, 1, 3], dtype=object)]
[743, array([-90., -45., -45.,   0.]), array([0, 3, 0, 2, 2, 0, 3, 0, 2, 2, 0, 2, 3, 3, 0, 3, 2, 3, 0, 0, 0, 3,
       1, 2, 0, 1, 3, 1, 0, 0, 3, 2, 1, 2, 3, 3, 0, 2, 1, 3], dtype=object)]
[740, array([-90., -45., -45.,   0.]), array([0, 3, 0, 2, 2, 0, 3, 0, 2, 2, 0, 2, 3, 3, 0, 0, 2, 3, 0, 0, 0, 3,
       1, 2, 0, 1, 3, 1, 0, 0, 3, 2, 1, 2, 3, 3, 0, 2, 1, 3], dtype=object)]
[746, array([-90., -45., -45.,   0.]), array([0, 3, 0, 2, 2, 0, 3, 0, 2, 2, 2, 2, 3, 3, 0, 3, 2, 3, 0, 0, 0, 3,
       1, 2, 0, 1, 3, 1, 0, 0, 3, 2, 1, 2, 3, 3, 0, 2, 1, 3], dtype=object)]
[782, array([-90., -45., -45.,   0.]), array([0, 3, 0, 2, 2, 0, 3, 0, 2, 2, 0, 2, 3, 3, 0, 3, 2, 3, 0, 0, 0, 3,
       1, 2, 0, 1, 3, 1, 0, 0, 3, 2, 2, 2, 3, 3, 0, 2, 1, 3], dtype=object)]
[744, array([-90., -45., -45.,   0.]), array([0, 3, 0, 2, 2, 0, 3, 0, 2, 2, 0, 2, 3, 3, 0, 0, 2, 3, 0, 0, 0, 3,
       1, 2, 0, 1, 3, 1, 0, 0, 3, 2, 1, 2, 3, 3, 0, 2, 1, 3], dtype=object)]
[741, array([-90., -45., -45.,   0.]), array([0, 3, 0, 2, 2, 0, 3, 0, 2, 2, 0, 2, 2, 3, 0, 0, 2, 3, 0, 0, 0, 3,
       1, 2, 0, 1, 3, 1, 0, 0, 3, 2, 1, 2, 3, 3, 0, 2, 1, 3], dtype=object)]
[747, array([-90., -45., -45.,   0.]), array([0, 3, 0, 2, 2, 0, 3, 0, 2, 2, 0, 2, 1, 3, 0, 1, 2, 3, 0, 0, 0, 3,
       1, 2, 0, 1, 3, 1, 0, 0, 3, 2, 1, 2, 3, 3, 0, 2, 1, 3], dtype=object)]
[783, array([-90., -45., -45.,   0.]), array([0, 3, 0, 2, 2, 0, 3, 0, 2, 2, 3, 2, 3, 3, 0, 3, 2, 3, 0, 0, 0, 3,
       1, 2, 0, 1, 3, 1, 0, 0, 3, 2, 1, 2, 3, 3, 0, 2, 1, 3], dtype=object)]
[745, array([-90., -45., -45.,   0.]), array([0, 3, 0, 2, 2, 0, 3, 0, 2, 2, 0, 2, 2, 3, 0, 0, 2, 3, 0, 0, 0, 3,
       1, 2, 0, 1, 3, 1, 0, 0, 3, 2, 1, 2, 3, 3, 0, 2, 1, 3], dtype=object)]
[742, array([-90., -45., -45.,   0.]), array([0, 3, 0, 2, 2, 0, 3, 0, 2, 2, 2, 2, 2, 3, 0, 0, 2, 3, 0, 0, 0, 3,
       1, 2, 0, 1, 3, 1, 0, 0, 3, 2, 1, 2, 3, 3, 0, 2, 1, 3], dtype=object)]
[784, array([-90., -45., -45.,   0.]), array([0, 3, 0, 2, 2, 0, 3, 0, 2, 2, 2, 2, 0, 3, 0, 1, 2, 3, 0, 0, 0, 3,
       1, 2, 0, 1, 3, 1, 0, 0, 3, 2, 1, 2, 3, 3, 0, 2, 1, 3], dtype=object)]
[748, array([-90., -45., -45.,   0.]), array([0, 3, 0, 2, 2, 0, 3, 0, 2, 2, 0, 2, 0, 3, 0, 1, 2, 3, 0, 0, 0, 3,
       1, 2, 0, 1, 3, 1, 0, 0, 3, 2, 1, 2, 3, 3, 0, 2, 1, 3], dtype=object)]
[746, array([-90., -45., -45.,   0.]), array([0, 3, 0, 2, 2, 0, 3, 0, 2, 2, 2, 2, 3, 3, 0, 3, 2, 3, 0, 0, 0, 3,
       1, 2, 0, 1, 3, 1, 0, 0, 3, 2, 1, 2, 3, 3, 0, 2, 1, 3], dtype=object)]
[785, array([-90., -45., -45.,   0.]), array([0, 3, 0, 2, 2, 0, 3, 0, 2, 2, 2, 2, 0, 3, 0, 3, 2, 3, 0, 0, 0, 3,
       1, 2, 0, 1, 3, 1, 0, 0, 3, 2, 1, 2, 3, 3, 0, 2, 1, 3], dtype=object)]
[743, array([-90., -45., -45.,   0.]), array([0, 3, 0, 2, 2, 0, 3, 0, 2, 2, 0, 2, 3, 3, 0, 3, 2, 3, 0, 0, 0, 3,
       1, 2, 0, 1, 3, 1, 0, 0, 3, 2, 1, 2, 3, 3, 0, 2, 1, 3], dtype=object)]
[749, array([-90., -45., -45.,   0.]), array([0, 3, 0, 2, 2, 0, 3, 0, 2, 2, 0, 2, 1, 3, 0, 1, 2, 3, 0, 0, 0, 3,
       1, 2, 0, 1, 3, 1, 0, 0, 3, 2, 1, 2, 3, 3, 0, 2, 1, 3], dtype=object)]
[747, array([-90., -45., -45.,   0.]), array([0, 3, 0, 2, 2, 0, 3, 0, 2, 2, 0, 2, 1, 3, 0, 1, 2, 3, 0, 0, 0, 3,
       1, 2, 0, 1, 3, 1, 0, 0, 3, 2, 1, 2, 3, 3, 0, 2, 1, 3], dtype=object)]
[786, array([-80., -40., -40.,   0.]), array([0, 3, 0, 2, 2, 0, 3, 0, 2, 2, 2, 2, 0, 3, 0, 3, 2, 3, 0, 0, 0, 3,
       1, 2, 0, 1, 3, 1, 0, 0, 3, 2, 1, 2, 3, 3, 0, 2, 1, 2], dtype=object)]
[750, array([-90., -45., -45.,   0.]), array([0, 3, 0, 2, 2, 0, 3, 0, 2, 2, 0, 2, 0, 3, 0, 1, 2, 3, 0, 0, 0, 3,
       1, 2, 0, 1, 3, 1, 0, 0, 3, 2, 1, 2, 3, 3, 0, 2, 1, 3], dtype=object)]
[744, array([-90., -45., -45.,   0.]), array([0, 3, 0, 2, 2, 0, 3, 0, 2, 2, 0, 2, 3, 3, 0, 0, 2, 3, 0, 0, 0, 3,
       1, 2, 0, 1, 3, 1, 0, 0, 3, 2, 1, 2, 3, 3, 0, 2, 1, 3], dtype=object)]
[748, array([-90., -45., -45.,   0.]), array([0, 3, 0, 2, 2, 0, 3, 0, 2, 2, 0, 2, 0, 3, 0, 1, 2, 3, 0, 0, 0, 3,
       1, 2, 0, 1, 3, 1, 0, 0, 3, 2, 1, 2, 3, 3, 0, 2, 1, 3], dtype=object)]
[787, array([-90., -45., -45.,   0.]), array([0, 3, 0, 2, 2, 0, 3, 0, 2, 2, 2, 2, 0, 3, 0, 3, 2, 3, 0, 0, 0, 3,
       1, 2, 0, 1, 3, 1, 0, 0, 3, 2, 1, 2, 3, 3, 0, 2, 1, 3], dtype=object)]
[751, array([-90., -45., -45.,   0.]), array([0, 3, 0, 2, 2, 0, 3, 0, 2, 2, 0, 2, 2, 3, 0, 1, 2, 3, 0, 0, 0, 3,
       1, 2, 0, 1, 3, 1, 0, 0, 3, 2, 1, 2, 3, 3, 0, 2, 1, 3], dtype=object)]
[745, array([-90., -45., -45.,   0.]), array([0, 3, 0, 2, 2, 0, 3, 0, 2, 2, 0, 2, 2, 3, 0, 0, 2, 3, 0, 0, 0, 3,
       1, 2, 0, 1, 3, 1, 0, 0, 3, 2, 1, 2, 3, 3, 0, 2, 1, 3], dtype=object)]
[749, array([-90., -45., -45.,   0.]), array([0, 3, 0, 2, 2, 0, 3, 0, 2, 2, 0, 2, 1, 3, 0, 1, 2, 3, 0, 0, 0, 3,
       1, 2, 0, 1, 3, 1, 0, 0, 3, 2, 1, 2, 3, 3, 0, 2, 1, 3], dtype=object)]
[788, array([-80., -40., -40.,   0.]), array([0, 3, 0, 2, 2, 0, 3, 0, 2, 2, 0, 2, 3, 3, 0, 3, 2, 3, 0, 0, 0, 3,
       1, 1, 0, 1, 3, 1, 0, 0, 3, 2, 1, 2, 3, 3, 0, 2, 1, 3], dtype=object)]
[746, array([-90., -45., -45.,   0.]), array([0, 3, 0, 2, 2, 0, 3, 0, 2, 2, 2, 2, 3, 3, 0, 3, 2, 3, 0, 0, 0, 3,
       1, 2, 0, 1, 3, 1, 0, 0, 3, 2, 1, 2, 3, 3, 0, 2, 1, 3], dtype=object)]
[752, array([-90., -45., -45.,   0.]), array([0, 3, 0, 2, 2, 0, 3, 0, 2, 2, 2, 2, 3, 3, 0, 1, 2, 3, 0, 0, 0, 3,
       1, 2, 0, 1, 3, 1, 0, 0, 3, 2, 1, 2, 3, 3, 0, 2, 1, 3], dtype=object)]
[750, array([-90., -45., -45.,   0.]), array([0, 3, 0, 2, 2, 0, 3, 0, 2, 2, 0, 2, 0, 3, 0, 1, 2, 3, 0, 0, 0, 3,
       1, 2, 0, 1, 3, 1, 0, 0, 3, 2, 1, 2, 3, 3, 0, 2, 1, 3], dtype=object)]
[789, array([-90., -45., -45.,   0.]), array([0, 3, 0, 2, 2, 0, 3, 0, 2, 2, 0, 2, 3, 3, 0, 3, 2, 3, 0, 0, 0, 3,
       1, 2, 0, 1, 3, 1, 0, 0, 3, 2, 1, 2, 3, 3, 0, 2, 1, 3], dtype=object)]
[747, array([-90., -45., -45.,   0.]), array([0, 3, 0, 2, 2, 0, 3, 0, 2, 2, 0, 2, 1, 3, 0, 1, 2, 3, 0, 0, 0, 3,
       1, 2, 0, 1, 3, 1, 0, 0, 3, 2, 1, 2, 3, 3, 0, 2, 1, 3], dtype=object)]
[753, array([-90., -45., -45.,   0.]), array([0, 3, 0, 2, 2, 0, 3, 0, 2, 2, 0, 2, 3, 3, 0, 1, 2, 3, 0, 0, 0, 3,
       1, 2, 0, 1, 3, 1, 0, 0, 3, 2, 1, 2, 3, 3, 0, 2, 1, 3], dtype=object)]
[751, array([-90., -45., -45.,   0.]), array([0, 3, 0, 2, 2, 0, 3, 0, 2, 2, 0, 2, 2, 3, 0, 1, 2, 3, 0, 0, 0, 3,
       1, 2, 0, 1, 3, 1, 0, 0, 3, 2, 1, 2, 3, 3, 0, 2, 1, 3], dtype=object)]
[790, array([-76., -38., -38.,   0.]), array([0, 3, 0, 2, 2, 0, 3, 0, 2, 2, 0, 2, 3, 3, 0, 3, 2, 3, 0, 0, 0, 3,
       1, 2, 0, 1, 3, 1, 0, 0, 3, 2, 1, 2, 3, 3, 0, 3, 1, 3], dtype=object)]
[754, array([-90., -45., -45.,   0.]), array([0, 3, 0, 2, 2, 0, 3, 0, 2, 2, 2, 2, 3, 3, 0, 1, 2, 3, 0, 0, 0, 3,
       1, 2, 0, 1, 3, 1, 0, 0, 3, 2, 1, 2, 3, 3, 0, 2, 1, 3], dtype=object)]
[748, array([-90., -45., -45.,   0.]), array([0, 3, 0, 2, 2, 0, 3, 0, 2, 2, 0, 2, 0, 3, 0, 1, 2, 3, 0, 0, 0, 3,
       1, 2, 0, 1, 3, 1, 0, 0, 3, 2, 1, 2, 3, 3, 0, 2, 1, 3], dtype=object)]
[791, array([-90., -45., -45.,   0.]), array([0, 3, 0, 2, 2, 0, 3, 0, 2, 2, 0, 2, 1, 3, 0, 3, 2, 3, 0, 0, 0, 3,
       1, 2, 0, 1, 3, 1, 0, 0, 3, 2, 1, 2, 3, 3, 0, 2, 1, 3], dtype=object)]
[752, array([-90., -45., -45.,   0.]), array([0, 3, 0, 2, 2, 0, 3, 0, 2, 2, 2, 2, 3, 3, 0, 1, 2, 3, 0, 0, 0, 3,
       1, 2, 0, 1, 3, 1, 0, 0, 3, 2, 1, 2, 3, 3, 0, 2, 1, 3], dtype=object)]
[755, array([-90., -45., -45.,   0.]), array([0, 3, 0, 2, 2, 0, 3, 0, 2, 2, 2, 2, 0, 3, 0, 1, 2, 3, 0, 0, 0, 3,
       1, 2, 0, 1, 3, 1, 0, 0, 3, 2, 1, 2, 3, 3, 0, 2, 1, 3], dtype=object)]
[749, array([-90., -45., -45.,   0.]), array([0, 3, 0, 2, 2, 0, 3, 0, 2, 2, 0, 2, 1, 3, 0, 1, 2, 3, 0, 0, 0, 3,
       1, 2, 0, 1, 3, 1, 0, 0, 3, 2, 1, 2, 3, 3, 0, 2, 1, 3], dtype=object)]
[792, array([-90., -45., -45.,   0.]), array([0, 3, 0, 2, 2, 0, 3, 0, 2, 2, 3, 2, 0, 3, 0, 3, 2, 3, 0, 0, 0, 3,
       1, 2, 0, 1, 3, 1, 0, 0, 3, 2, 0, 2, 3, 3, 0, 2, 1, 3], dtype=object)]
[753, array([-90., -45., -45.,   0.]), array([0, 3, 0, 2, 2, 0, 3, 0, 2, 2, 0, 2, 3, 3, 0, 1, 2, 3, 0, 0, 0, 3,
       1, 2, 0, 1, 3, 1, 0, 0, 3, 2, 1, 2, 3, 3, 0, 2, 1, 3], dtype=object)]
[756, array([-90., -45., -45.,   0.]), array([0, 3, 0, 2, 2, 0, 3, 0, 2, 2, 2, 2, 0, 3, 0, 1, 2, 3, 0, 0, 0, 3,
       1, 2, 0, 1, 3, 1, 0, 0, 3, 2, 1, 2, 3, 3, 0, 2, 1, 3], dtype=object)]
[750, array([-90., -45., -45.,   0.]), array([0, 3, 0, 2, 2, 0, 3, 0, 2, 2, 0, 2, 0, 3, 0, 1, 2, 3, 0, 0, 0, 3,
       1, 2, 0, 1, 3, 1, 0, 0, 3, 2, 1, 2, 3, 3, 0, 2, 1, 3], dtype=object)]
[754, array([-90., -45., -45.,   0.]), array([0, 3, 0, 2, 2, 0, 3, 0, 2, 2, 2, 2, 3, 3, 0, 1, 2, 3, 0, 0, 0, 3,
       1, 2, 0, 1, 3, 1, 0, 0, 3, 2, 1, 2, 3, 3, 0, 2, 1, 3], dtype=object)]
[793, array([-90., -45., -45.,   0.]), array([0, 3, 0, 2, 2, 0, 3, 0, 2, 2, 2, 2, 0, 3, 0, 3, 2, 3, 0, 0, 0, 3,
       1, 2, 0, 1, 3, 1, 0, 0, 3, 2, 1, 2, 3, 3, 0, 2, 1, 3], dtype=object)]
[757, array([-90., -45., -45.,   0.]), array([0, 3, 0, 2, 2, 0, 3, 0, 2, 2, 0, 2, 1, 3, 0, 3, 2, 3, 0, 0, 0, 3,
       1, 2, 0, 1, 3, 1, 0, 0, 3, 2, 1, 2, 3, 3, 0, 2, 1, 3], dtype=object)]
[751, array([-90., -45., -45.,   0.]), array([0, 3, 0, 2, 2, 0, 3, 0, 2, 2, 0, 2, 2, 3, 0, 1, 2, 3, 0, 0, 0, 3,
       1, 2, 0, 1, 3, 1, 0, 0, 3, 2, 1, 2, 3, 3, 0, 2, 1, 3], dtype=object)]
[794, array([-90., -45., -45.,   0.]), array([0, 3, 0, 2, 2, 0, 3, 0, 2, 2, 1, 2, 0, 3, 0, 3, 2, 3, 0, 0, 0, 3,
       1, 2, 0, 1, 3, 1, 0, 0, 3, 2, 1, 2, 3, 3, 0, 2, 1, 3], dtype=object)]
[755, array([-90., -45., -45.,   0.]), array([0, 3, 0, 2, 2, 0, 3, 0, 2, 2, 2, 2, 0, 3, 0, 1, 2, 3, 0, 0, 0, 3,
       1, 2, 0, 1, 3, 1, 0, 0, 3, 2, 1, 2, 3, 3, 0, 2, 1, 3], dtype=object)]
[758, array([-90., -45., -45.,   0.]), array([0, 3, 0, 2, 2, 0, 3, 0, 2, 2, 2, 2, 3, 3, 0, 0, 2, 3, 0, 0, 0, 3,
       1, 2, 0, 1, 3, 1, 0, 0, 3, 2, 1, 2, 3, 3, 0, 2, 1, 3], dtype=object)]
[752, array([-90., -45., -45.,   0.]), array([0, 3, 0, 2, 2, 0, 3, 0, 2, 2, 2, 2, 3, 3, 0, 1, 2, 3, 0, 0, 0, 3,
       1, 2, 0, 1, 3, 1, 0, 0, 3, 2, 1, 2, 3, 3, 0, 2, 1, 3], dtype=object)]
[795, array([-90., -45., -45.,   0.]), array([0, 3, 0, 2, 2, 0, 3, 0, 2, 2, 0, 2, 3, 3, 0, 3, 2, 3, 0, 0, 0, 3,
       1, 2, 0, 1, 3, 1, 0, 0, 3, 2, 1, 2, 3, 3, 0, 2, 1, 3], dtype=object)]
[756, array([-90., -45., -45.,   0.]), array([0, 3, 0, 2, 2, 0, 3, 0, 2, 2, 2, 2, 0, 3, 0, 1, 2, 3, 0, 0, 0, 3,
       1, 2, 0, 1, 3, 1, 0, 0, 3, 2, 1, 2, 3, 3, 0, 2, 1, 3], dtype=object)]
[796, array([-90., -45., -45.,   0.]), array([0, 3, 0, 2, 2, 0, 3, 0, 2, 2, 3, 2, 3, 3, 0, 1, 2, 3, 0, 0, 0, 3,
       1, 2, 0, 1, 3, 1, 0, 0, 3, 2, 1, 2, 3, 3, 0, 2, 1, 3], dtype=object)]
[759, array([-90., -45., -45.,   0.]), array([0, 3, 0, 2, 2, 0, 3, 0, 2, 2, 2, 2, 0, 3, 0, 3, 2, 3, 0, 0, 0, 3,
       1, 2, 0, 1, 3, 1, 0, 0, 3, 2, 1, 2, 3, 3, 0, 2, 1, 3], dtype=object)]
[753, array([-90., -45., -45.,   0.]), array([0, 3, 0, 2, 2, 0, 3, 0, 2, 2, 0, 2, 3, 3, 0, 1, 2, 3, 0, 0, 0, 3,
       1, 2, 0, 1, 3, 1, 0, 0, 3, 2, 1, 2, 3, 3, 0, 2, 1, 3], dtype=object)]
[757, array([-90., -45., -45.,   0.]), array([0, 3, 0, 2, 2, 0, 3, 0, 2, 2, 0, 2, 1, 3, 0, 3, 2, 3, 0, 0, 0, 3,
       1, 2, 0, 1, 3, 1, 0, 0, 3, 2, 1, 2, 3, 3, 0, 2, 1, 3], dtype=object)]
[797, array([-90., -45., -45.,   0.]), array([0, 3, 0, 2, 2, 0, 3, 0, 2, 2, 0, 2, 3, 3, 0, 3, 2, 3, 0, 0, 0, 3,
       1, 2, 0, 1, 3, 1, 0, 0, 3, 2, 1, 2, 3, 3, 0, 2, 1, 3], dtype=object)]
[760, array([-90., -45., -45.,   0.]), array([0, 3, 0, 2, 2, 0, 3, 3, 2, 2, 2, 2, 0, 3, 0, 3, 1, 3, 0, 0, 0, 3,
       1, 2, 0, 1, 3, 1, 0, 0, 3, 2, 1, 2, 3, 3, 0, 2, 1, 3], dtype=object)]
[754, array([-90., -45., -45.,   0.]), array([0, 3, 0, 2, 2, 0, 3, 0, 2, 2, 2, 2, 3, 3, 0, 1, 2, 3, 0, 0, 0, 3,
       1, 2, 0, 1, 3, 1, 0, 0, 3, 2, 1, 2, 3, 3, 0, 2, 1, 3], dtype=object)]
[758, array([-90., -45., -45.,   0.]), array([0, 3, 0, 2, 2, 0, 3, 0, 2, 2, 2, 2, 3, 3, 0, 0, 2, 3, 0, 0, 0, 3,
       1, 2, 0, 1, 3, 1, 0, 0, 3, 2, 1, 2, 3, 3, 0, 2, 1, 3], dtype=object)]
[798, array([-90., -45., -45.,   0.]), array([0, 3, 0, 2, 2, 0, 3, 0, 2, 2, 0, 2, 3, 3, 0, 3, 2, 3, 0, 0, 0, 3,
       1, 2, 0, 1, 3, 1, 0, 0, 3, 2, 2, 2, 3, 3, 0, 2, 1, 3], dtype=object)]
[761, array([-90., -45., -45.,   0.]), array([0, 3, 0, 2, 2, 0, 3, 0, 2, 2, 2, 2, 3, 3, 0, 3, 2, 3, 0, 0, 0, 3,
       1, 2, 0, 1, 3, 1, 0, 0, 3, 2, 1, 2, 3, 3, 0, 2, 1, 3], dtype=object)]
[755, array([-90., -45., -45.,   0.]), array([0, 3, 0, 2, 2, 0, 3, 0, 2, 2, 2, 2, 0, 3, 0, 1, 2, 3, 0, 0, 0, 3,
       1, 2, 0, 1, 3, 1, 0, 0, 3, 2, 1, 2, 3, 3, 0, 2, 1, 3], dtype=object)]
[759, array([-90., -45., -45.,   0.]), array([0, 3, 0, 2, 2, 0, 3, 0, 2, 2, 2, 2, 0, 3, 0, 3, 2, 3, 0, 0, 0, 3,
       1, 2, 0, 1, 3, 1, 0, 0, 3, 2, 1, 2, 3, 3, 0, 2, 1, 3], dtype=object)]
[799, array([-90., -45., -45.,   0.]), array([0, 3, 0, 2, 2, 0, 3, 0, 2, 2, 2, 2, 0, 3, 0, 3, 2, 3, 0, 0, 0, 3,
       1, 2, 0, 1, 3, 1, 0, 0, 3, 2, 1, 2, 3, 3, 0, 2, 1, 3], dtype=object)]
[762, array([-80., -40., -40.,   0.]), array([0, 3, 0, 2, 2, 0, 3, 0, 2, 2, 2, 2, 3, 3, 0, 3, 2, 3, 0, 1, 0, 3,
       1, 2, 0, 1, 3, 1, 0, 0, 3, 2, 1, 2, 3, 3, 0, 2, 1, 3], dtype=object)]
[756, array([-90., -45., -45.,   0.]), array([0, 3, 0, 2, 2, 0, 3, 0, 2, 2, 2, 2, 0, 3, 0, 1, 2, 3, 0, 0, 0, 3,
       1, 2, 0, 1, 3, 1, 0, 0, 3, 2, 1, 2, 3, 3, 0, 2, 1, 3], dtype=object)]
[760, array([-90., -45., -45.,   0.]), array([0, 3, 0, 2, 2, 0, 3, 3, 2, 2, 2, 2, 0, 3, 0, 3, 1, 3, 0, 0, 0, 3,
       1, 2, 0, 1, 3, 1, 0, 0, 3, 2, 1, 2, 3, 3, 0, 2, 1, 3], dtype=object)]
[800, array([-90., -45., -45.,   0.]), array([0, 3, 0, 2, 2, 0, 3, 0, 2, 2, 0, 2, 3, 3, 0, 3, 2, 3, 0, 0, 0, 3,
       1, 2, 0, 1, 3, 1, 0, 0, 3, 2, 2, 2, 3, 3, 0, 2, 1, 3], dtype=object)]
[757, array([-90., -45., -45.,   0.]), array([0, 3, 0, 2, 2, 0, 3, 0, 2, 2, 0, 2, 1, 3, 0, 3, 2, 3, 0, 0, 0, 3,
       1, 2, 0, 1, 3, 1, 0, 0, 3, 2, 1, 2, 3, 3, 0, 2, 1, 3], dtype=object)]
[763, array([-90., -45., -45.,   0.]), array([0, 3, 0, 2, 2, 0, 3, 0, 2, 2, 0, 2, 3, 3, 0, 3, 2, 3, 0, 0, 0, 3,
       1, 2, 0, 1, 3, 1, 0, 0, 3, 2, 1, 2, 3, 3, 0, 2, 1, 3], dtype=object)]
[761, array([-90., -45., -45.,   0.]), array([0, 3, 0, 2, 2, 0, 3, 0, 2, 2, 2, 2, 3, 3, 0, 3, 2, 3, 0, 0, 0, 3,
       1, 2, 0, 1, 3, 1, 0, 0, 3, 2, 1, 2, 3, 3, 0, 2, 1, 3], dtype=object)]
[801, array([-90., -45., -45.,   0.]), array([0, 3, 0, 2, 2, 0, 3, 0, 2, 2, 0, 2, 3, 3, 0, 3, 2, 3, 0, 0, 0, 3,
       1, 2, 0, 1, 3, 1, 0, 0, 3, 2, 1, 2, 3, 3, 0, 2, 1, 3], dtype=object)]
[758, array([-90., -45., -45.,   0.]), array([0, 3, 0, 2, 2, 0, 3, 0, 2, 2, 2, 2, 3, 3, 0, 0, 2, 3, 0, 0, 0, 3,
       1, 2, 0, 1, 3, 1, 0, 0, 3, 2, 1, 2, 3, 3, 0, 2, 1, 3], dtype=object)]
[764, array([-90., -45., -45.,   0.]), array([0, 3, 0, 2, 2, 0, 3, 0, 2, 2, 0, 2, 3, 3, 0, 0, 2, 3, 0, 0, 0, 3,
       1, 2, 0, 1, 3, 1, 0, 0, 3, 2, 0, 2, 3, 3, 0, 2, 1, 3], dtype=object)]
[762, array([-80., -40., -40.,   0.]), array([0, 3, 0, 2, 2, 0, 3, 0, 2, 2, 2, 2, 3, 3, 0, 3, 2, 3, 0, 1, 0, 3,
       1, 2, 0, 1, 3, 1, 0, 0, 3, 2, 1, 2, 3, 3, 0, 2, 1, 3], dtype=object)]
[802, array([-90., -45., -45.,   0.]), array([0, 3, 0, 2, 2, 0, 3, 0, 2, 2, 1, 2, 1, 3, 0, 3, 2, 3, 0, 0, 0, 3,
       1, 2, 0, 1, 3, 1, 0, 0, 3, 2, 2, 2, 3, 3, 0, 2, 1, 3], dtype=object)]
[759, array([-90., -45., -45.,   0.]), array([0, 3, 0, 2, 2, 0, 3, 0, 2, 2, 2, 2, 0, 3, 0, 3, 2, 3, 0, 0, 0, 3,
       1, 2, 0, 1, 3, 1, 0, 0, 3, 2, 1, 2, 3, 3, 0, 2, 1, 3], dtype=object)]
[765, array([-90., -45., -45.,   0.]), array([0, 3, 0, 2, 2, 0, 3, 0, 2, 2, 0, 2, 3, 3, 0, 3, 2, 3, 0, 0, 0, 3,
       1, 2, 0, 1, 3, 1, 0, 0, 3, 2, 1, 2, 3, 3, 0, 2, 1, 3], dtype=object)]
[763, array([-90., -45., -45.,   0.]), array([0, 3, 0, 2, 2, 0, 3, 0, 2, 2, 0, 2, 3, 3, 0, 3, 2, 3, 0, 0, 0, 3,
       1, 2, 0, 1, 3, 1, 0, 0, 3, 2, 1, 2, 3, 3, 0, 2, 1, 3], dtype=object)]
[803, array([-90., -45., -45.,   0.]), array([0, 3, 0, 2, 2, 0, 3, 0, 2, 2, 0, 2, 3, 3, 0, 3, 2, 3, 0, 0, 0, 3,
       1, 2, 0, 1, 3, 1, 0, 0, 3, 2, 1, 2, 3, 3, 0, 2, 1, 3], dtype=object)]
[760, array([-90., -45., -45.,   0.]), array([0, 3, 0, 2, 2, 0, 3, 3, 2, 2, 2, 2, 0, 3, 0, 3, 1, 3, 0, 0, 0, 3,
       1, 2, 0, 1, 3, 1, 0, 0, 3, 2, 1, 2, 3, 3, 0, 2, 1, 3], dtype=object)]
[766, array([-90., -45., -45.,   0.]), array([0, 3, 0, 2, 2, 0, 3, 0, 2, 2, 0, 2, 3, 3, 0, 0, 2, 3, 0, 0, 0, 3,
       1, 2, 0, 1, 3, 1, 0, 0, 3, 2, 1, 2, 3, 3, 0, 2, 1, 3], dtype=object)]
[764, array([-90., -45., -45.,   0.]), array([0, 3, 0, 2, 2, 0, 3, 0, 2, 2, 0, 2, 3, 3, 0, 0, 2, 3, 0, 0, 0, 3,
       1, 2, 0, 1, 3, 1, 0, 0, 3, 2, 0, 2, 3, 3, 0, 2, 1, 3], dtype=object)]
[804, array([-90., -45., -45.,   0.]), array([0, 3, 0, 2, 2, 0, 3, 0, 2, 2, 0, 2, 1, 3, 0, 3, 2, 3, 0, 0, 0, 3,
       1, 2, 0, 1, 3, 1, 0, 0, 3, 2, 2, 2, 3, 3, 0, 2, 1, 3], dtype=object)]
[767, array([-90., -45., -45.,   0.]), array([0, 3, 0, 2, 2, 0, 3, 0, 2, 2, 2, 2, 3, 3, 0, 1, 2, 3, 0, 0, 0, 3,
       1, 2, 0, 1, 3, 1, 0, 0, 3, 2, 1, 2, 3, 3, 0, 2, 1, 3], dtype=object)]
[761, array([-90., -45., -45.,   0.]), array([0, 3, 0, 2, 2, 0, 3, 0, 2, 2, 2, 2, 3, 3, 0, 3, 2, 3, 0, 0, 0, 3,
       1, 2, 0, 1, 3, 1, 0, 0, 3, 2, 1, 2, 3, 3, 0, 2, 1, 3], dtype=object)]
[765, array([-90., -45., -45.,   0.]), array([0, 3, 0, 2, 2, 0, 3, 0, 2, 2, 0, 2, 3, 3, 0, 3, 2, 3, 0, 0, 0, 3,
       1, 2, 0, 1, 3, 1, 0, 0, 3, 2, 1, 2, 3, 3, 0, 2, 1, 3], dtype=object)]
[805, array([-90., -45., -45.,   0.]), array([0, 3, 0, 2, 2, 0, 3, 0, 2, 2, 0, 2, 1, 3, 0, 3, 2, 3, 0, 0, 0, 3,
       1, 2, 0, 1, 3, 1, 0, 0, 3, 2, 2, 2, 3, 3, 0, 2, 1, 3], dtype=object)]
[768, array([-80., -40., -40.,   0.]), array([0, 3, 0, 2, 2, 0, 3, 0, 2, 2, 2, 2, 3, 3, 0, 3, 2, 3, 0, 3, 0, 3,
       1, 2, 0, 1, 3, 1, 0, 0, 3, 2, 1, 2, 3, 3, 0, 2, 1, 3], dtype=object)]
[766, array([-90., -45., -45.,   0.]), array([0, 3, 0, 2, 2, 0, 3, 0, 2, 2, 0, 2, 3, 3, 0, 0, 2, 3, 0, 0, 0, 3,
       1, 2, 0, 1, 3, 1, 0, 0, 3, 2, 1, 2, 3, 3, 0, 2, 1, 3], dtype=object)]
[762, array([-80., -40., -40.,   0.]), array([0, 3, 0, 2, 2, 0, 3, 0, 2, 2, 2, 2, 3, 3, 0, 3, 2, 3, 0, 1, 0, 3,
       1, 2, 0, 1, 3, 1, 0, 0, 3, 2, 1, 2, 3, 3, 0, 2, 1, 3], dtype=object)]
[806, array([-90., -45., -45.,   0.]), array([0, 3, 0, 2, 2, 0, 1, 0, 2, 2, 0, 2, 3, 3, 0, 3, 2, 3, 0, 0, 0, 3,
       1, 2, 0, 1, 3, 3, 0, 0, 3, 2, 2, 2, 3, 3, 0, 2, 1, 3], dtype=object)]
[769, array([-90., -45., -45.,   0.]), array([0, 3, 0, 2, 2, 0, 3, 0, 2, 2, 2, 2, 3, 3, 0, 3, 2, 3, 0, 0, 0, 3,
       1, 2, 0, 1, 3, 1, 0, 0, 3, 2, 1, 2, 3, 3, 0, 2, 1, 3], dtype=object)]
[767, array([-90., -45., -45.,   0.]), array([0, 3, 0, 2, 2, 0, 3, 0, 2, 2, 2, 2, 3, 3, 0, 1, 2, 3, 0, 0, 0, 3,
       1, 2, 0, 1, 3, 1, 0, 0, 3, 2, 1, 2, 3, 3, 0, 2, 1, 3], dtype=object)]
[763, array([-90., -45., -45.,   0.]), array([0, 3, 0, 2, 2, 0, 3, 0, 2, 2, 0, 2, 3, 3, 0, 3, 2, 3, 0, 0, 0, 3,
       1, 2, 0, 1, 3, 1, 0, 0, 3, 2, 1, 2, 3, 3, 0, 2, 1, 3], dtype=object)]
[807, array([-90., -45., -45.,   0.]), array([0, 3, 0, 2, 2, 0, 3, 0, 2, 2, 0, 2, 3, 3, 0, 3, 2, 3, 0, 0, 0, 3,
       1, 2, 0, 1, 3, 1, 0, 0, 3, 2, 1, 2, 3, 3, 0, 2, 1, 3], dtype=object)]
[770, array([-90., -45., -45.,   0.]), array([0, 3, 0, 2, 2, 0, 3, 0, 2, 2, 3, 2, 3, 3, 0, 3, 2, 3, 0, 0, 0, 3,
       1, 2, 0, 1, 3, 1, 0, 0, 3, 2, 1, 2, 3, 3, 0, 2, 1, 3], dtype=object)]
[768, array([-80., -40., -40.,   0.]), array([0, 3, 0, 2, 2, 0, 3, 0, 2, 2, 2, 2, 3, 3, 0, 3, 2, 3, 0, 3, 0, 3,
       1, 2, 0, 1, 3, 1, 0, 0, 3, 2, 1, 2, 3, 3, 0, 2, 1, 3], dtype=object)]
[764, array([-90., -45., -45.,   0.]), array([0, 3, 0, 2, 2, 0, 3, 0, 2, 2, 0, 2, 3, 3, 0, 0, 2, 3, 0, 0, 0, 3,
       1, 2, 0, 1, 3, 1, 0, 0, 3, 2, 0, 2, 3, 3, 0, 2, 1, 3], dtype=object)]
[808, array([-90., -45., -45.,   0.]), array([0, 3, 0, 2, 2, 0, 3, 0, 2, 2, 0, 2, 3, 3, 0, 3, 2, 3, 0, 0, 0, 3,
       1, 2, 0, 1, 3, 1, 0, 0, 3, 2, 0, 2, 3, 3, 0, 2, 1, 3], dtype=object)]
[769, array([-90., -45., -45.,   0.]), array([0, 3, 0, 2, 2, 0, 3, 0, 2, 2, 2, 2, 3, 3, 0, 3, 2, 3, 0, 0, 0, 3,
       1, 2, 0, 1, 3, 1, 0, 0, 3, 2, 1, 2, 3, 3, 0, 2, 1, 3], dtype=object)]
[771, array([-90., -45., -45.,   0.]), array([0, 3, 0, 2, 2, 0, 3, 0, 2, 2, 2, 2, 3, 3, 0, 3, 2, 3, 0, 0, 0, 3,
       1, 2, 0, 1, 3, 1, 0, 0, 3, 2, 1, 2, 3, 3, 0, 2, 1, 3], dtype=object)]
[765, array([-90., -45., -45.,   0.]), array([0, 3, 0, 2, 2, 0, 3, 0, 2, 2, 0, 2, 3, 3, 0, 3, 2, 3, 0, 0, 0, 3,
       1, 2, 0, 1, 3, 1, 0, 0, 3, 2, 1, 2, 3, 3, 0, 2, 1, 3], dtype=object)]
[809, array([-90., -45., -45.,   0.]), array([0, 3, 0, 2, 2, 0, 3, 0, 2, 2, 0, 2, 3, 3, 0, 3, 2, 3, 0, 0, 0, 3,
       1, 2, 0, 1, 3, 1, 0, 0, 3, 2, 1, 2, 3, 3, 0, 2, 1, 3], dtype=object)]
[770, array([-90., -45., -45.,   0.]), array([0, 3, 0, 2, 2, 0, 3, 0, 2, 2, 3, 2, 3, 3, 0, 3, 2, 3, 0, 0, 0, 3,
       1, 2, 0, 1, 3, 1, 0, 0, 3, 2, 1, 2, 3, 3, 0, 2, 1, 3], dtype=object)]
[772, array([-90., -45., -45.,   0.]), array([0, 3, 0, 2, 2, 0, 3, 0, 2, 2, 0, 2, 3, 3, 0, 3, 2, 3, 0, 0, 0, 3,
       1, 2, 0, 1, 3, 1, 0, 0, 3, 2, 3, 2, 3, 3, 0, 2, 1, 3], dtype=object)]
[766, array([-90., -45., -45.,   0.]), array([0, 3, 0, 2, 2, 0, 3, 0, 2, 2, 0, 2, 3, 3, 0, 0, 2, 3, 0, 0, 0, 3,
       1, 2, 0, 1, 3, 1, 0, 0, 3, 2, 1, 2, 3, 3, 0, 2, 1, 3], dtype=object)]
[810, array([-90., -45., -45.,   0.]), array([0, 3, 0, 2, 2, 0, 3, 0, 2, 2, 0, 2, 0, 3, 0, 3, 2, 3, 0, 0, 0, 3,
       1, 2, 0, 1, 3, 1, 0, 0, 3, 2, 2, 2, 3, 3, 0, 2, 1, 3], dtype=object)]
[773, array([-90., -45., -45.,   0.]), array([0, 3, 0, 2, 2, 0, 3, 0, 2, 2, 2, 2, 0, 3, 0, 3, 2, 3, 0, 0, 0, 3,
       1, 2, 0, 1, 3, 1, 0, 0, 3, 2, 1, 2, 3, 3, 0, 2, 1, 3], dtype=object)]
[771, array([-90., -45., -45.,   0.]), array([0, 3, 0, 2, 2, 0, 3, 0, 2, 2, 2, 2, 3, 3, 0, 3, 2, 3, 0, 0, 0, 3,
       1, 2, 0, 1, 3, 1, 0, 0, 3, 2, 1, 2, 3, 3, 0, 2, 1, 3], dtype=object)]
[767, array([-90., -45., -45.,   0.]), array([0, 3, 0, 2, 2, 0, 3, 0, 2, 2, 2, 2, 3, 3, 0, 1, 2, 3, 0, 0, 0, 3,
       1, 2, 0, 1, 3, 1, 0, 0, 3, 2, 1, 2, 3, 3, 0, 2, 1, 3], dtype=object)]
[811, array([-90., -45., -45.,   0.]), array([0, 3, 0, 2, 2, 0, 3, 0, 2, 2, 2, 2, 3, 3, 0, 3, 2, 3, 0, 0, 0, 3,
       1, 2, 0, 1, 3, 1, 0, 0, 3, 2, 2, 2, 3, 3, 0, 2, 1, 3], dtype=object)]
[774, array([-90., -45., -45.,   0.]), array([0, 3, 0, 2, 2, 0, 3, 0, 2, 2, 0, 2, 3, 3, 0, 3, 0, 3, 0, 0, 0, 3,
       1, 2, 0, 1, 3, 3, 0, 0, 3, 2, 1, 2, 3, 3, 0, 2, 1, 3], dtype=object)]
[772, array([-90., -45., -45.,   0.]), array([0, 3, 0, 2, 2, 0, 3, 0, 2, 2, 0, 2, 3, 3, 0, 3, 2, 3, 0, 0, 0, 3,
       1, 2, 0, 1, 3, 1, 0, 0, 3, 2, 3, 2, 3, 3, 0, 2, 1, 3], dtype=object)]
[812, array([-90., -45., -45.,   0.]), array([0, 3, 0, 2, 2, 0, 3, 0, 2, 2, 0, 2, 3, 3, 0, 2, 2, 3, 0, 0, 0, 3,
       1, 2, 0, 1, 3, 1, 0, 0, 3, 2, 2, 2, 3, 3, 0, 2, 1, 3], dtype=object)]
[768, array([-80., -40., -40.,   0.]), array([0, 3, 0, 2, 2, 0, 3, 0, 2, 2, 2, 2, 3, 3, 0, 3, 2, 3, 0, 3, 0, 3,
       1, 2, 0, 1, 3, 1, 0, 0, 3, 2, 1, 2, 3, 3, 0, 2, 1, 3], dtype=object)]
[773, array([-90., -45., -45.,   0.]), array([0, 3, 0, 2, 2, 0, 3, 0, 2, 2, 2, 2, 0, 3, 0, 3, 2, 3, 0, 0, 0, 3,
       1, 2, 0, 1, 3, 1, 0, 0, 3, 2, 1, 2, 3, 3, 0, 2, 1, 3], dtype=object)]
[775, array([-90., -45., -45.,   0.]), array([0, 3, 0, 2, 2, 0, 3, 0, 2, 2, 2, 2, 0, 3, 0, 3, 2, 3, 0, 0, 0, 3,
       1, 2, 0, 1, 3, 1, 0, 0, 3, 2, 1, 2, 3, 3, 0, 2, 1, 3], dtype=object)]
[813, array([-90., -45., -45.,   0.]), array([0, 3, 0, 2, 2, 0, 3, 0, 2, 2, 0, 2, 3, 3, 0, 3, 2, 3, 0, 0, 0, 3,
       1, 2, 0, 1, 3, 1, 0, 0, 3, 2, 2, 2, 3, 3, 0, 2, 1, 3], dtype=object)]
[769, array([-90., -45., -45.,   0.]), array([0, 3, 0, 2, 2, 0, 3, 0, 2, 2, 2, 2, 3, 3, 0, 3, 2, 3, 0, 0, 0, 3,
       1, 2, 0, 1, 3, 1, 0, 0, 3, 2, 1, 2, 3, 3, 0, 2, 1, 3], dtype=object)]
[776, array([-80., -40., -40.,   0.]), array([0, 3, 0, 2, 2, 0, 3, 0, 2, 2, 3, 2, 3, 3, 0, 1, 2, 3, 0, 0, 0, 3,
       1, 2, 0, 1, 3, 1, 0, 0, 2, 2, 1, 2, 3, 3, 0, 2, 1, 3], dtype=object)]
[774, array([-90., -45., -45.,   0.]), array([0, 3, 0, 2, 2, 0, 3, 0, 2, 2, 0, 2, 3, 3, 0, 3, 0, 3, 0, 0, 0, 3,
       1, 2, 0, 1, 3, 3, 0, 0, 3, 2, 1, 2, 3, 3, 0, 2, 1, 3], dtype=object)]
[814, array([-90., -45., -45.,   0.]), array([0, 3, 0, 2, 2, 0, 3, 0, 2, 2, 2, 2, 3, 3, 0, 2, 2, 3, 0, 0, 0, 3,
       1, 2, 0, 1, 3, 1, 0, 0, 3, 2, 1, 2, 3, 3, 0, 2, 1, 3], dtype=object)]
[770, array([-90., -45., -45.,   0.]), array([0, 3, 0, 2, 2, 0, 3, 0, 2, 2, 3, 2, 3, 3, 0, 3, 2, 3, 0, 0, 0, 3,
       1, 2, 0, 1, 3, 1, 0, 0, 3, 2, 1, 2, 3, 3, 0, 2, 1, 3], dtype=object)]
[775, array([-90., -45., -45.,   0.]), array([0, 3, 0, 2, 2, 0, 3, 0, 2, 2, 2, 2, 0, 3, 0, 3, 2, 3, 0, 0, 0, 3,
       1, 2, 0, 1, 3, 1, 0, 0, 3, 2, 1, 2, 3, 3, 0, 2, 1, 3], dtype=object)]
[777, array([-90., -45., -45.,   0.]), array([0, 3, 0, 2, 2, 0, 3, 0, 2, 2, 2, 2, 0, 3, 0, 3, 2, 3, 0, 0, 0, 3,
       1, 2, 0, 1, 3, 1, 0, 0, 3, 2, 1, 2, 3, 3, 0, 2, 1, 3], dtype=object)]
[815, array([-90., -45., -45.,   0.]), array([0, 3, 0, 2, 2, 0, 3, 0, 2, 2, 0, 2, 3, 3, 0, 3, 2, 3, 0, 0, 0, 3,
       1, 2, 0, 1, 3, 1, 0, 0, 3, 2, 1, 2, 3, 3, 0, 2, 1, 3], dtype=object)]
[771, array([-90., -45., -45.,   0.]), array([0, 3, 0, 2, 2, 0, 3, 0, 2, 2, 2, 2, 3, 3, 0, 3, 2, 3, 0, 0, 0, 3,
       1, 2, 0, 1, 3, 1, 0, 0, 3, 2, 1, 2, 3, 3, 0, 2, 1, 3], dtype=object)]
[778, array([-90., -45., -45.,   0.]), array([0, 3, 0, 2, 2, 0, 3, 0, 2, 2, 2, 2, 0, 3, 0, 1, 2, 3, 0, 0, 0, 3,
       1, 2, 0, 1, 3, 1, 0, 0, 3, 2, 1, 2, 3, 3, 0, 2, 1, 3], dtype=object)]
[776, array([-80., -40., -40.,   0.]), array([0, 3, 0, 2, 2, 0, 3, 0, 2, 2, 3, 2, 3, 3, 0, 1, 2, 3, 0, 0, 0, 3,
       1, 2, 0, 1, 3, 1, 0, 0, 2, 2, 1, 2, 3, 3, 0, 2, 1, 3], dtype=object)]
[816, array([-90., -45., -45.,   0.]), array([0, 3, 0, 2, 2, 0, 3, 0, 2, 2, 2, 2, 3, 3, 0, 3, 2, 3, 0, 0, 0, 3,
       1, 2, 0, 1, 3, 1, 0, 0, 3, 2, 2, 2, 3, 3, 0, 2, 1, 3], dtype=object)]
[772, array([-90., -45., -45.,   0.]), array([0, 3, 0, 2, 2, 0, 3, 0, 2, 2, 0, 2, 3, 3, 0, 3, 2, 3, 0, 0, 0, 3,
       1, 2, 0, 1, 3, 1, 0, 0, 3, 2, 3, 2, 3, 3, 0, 2, 1, 3], dtype=object)]
[817, array([-90., -45., -45.,   0.]), array([0, 3, 0, 2, 2, 0, 3, 0, 2, 2, 2, 2, 3, 3, 0, 3, 2, 3, 0, 0, 0, 3,
       1, 2, 0, 1, 3, 1, 0, 0, 3, 2, 1, 2, 3, 3, 0, 2, 1, 3], dtype=object)]
[779, array([-90., -45., -45.,   0.]), array([0, 3, 0, 2, 2, 0, 3, 0, 2, 2, 2, 2, 0, 3, 0, 3, 2, 3, 0, 0, 0, 3,
       1, 2, 0, 1, 3, 1, 0, 0, 3, 2, 1, 2, 3, 3, 0, 2, 1, 3], dtype=object)]
[777, array([-90., -45., -45.,   0.]), array([0, 3, 0, 2, 2, 0, 3, 0, 2, 2, 2, 2, 0, 3, 0, 3, 2, 3, 0, 0, 0, 3,
       1, 2, 0, 1, 3, 1, 0, 0, 3, 2, 1, 2, 3, 3, 0, 2, 1, 3], dtype=object)]
[773, array([-90., -45., -45.,   0.]), array([0, 3, 0, 2, 2, 0, 3, 0, 2, 2, 2, 2, 0, 3, 0, 3, 2, 3, 0, 0, 0, 3,
       1, 2, 0, 1, 3, 1, 0, 0, 3, 2, 1, 2, 3, 3, 0, 2, 1, 3], dtype=object)]
[818, array([-90., -45., -45.,   0.]), array([0, 3, 0, 2, 2, 0, 3, 0, 2, 2, 1, 2, 1, 3, 0, 3, 2, 3, 0, 0, 0, 3,
       1, 2, 0, 1, 3, 1, 0, 0, 3, 2, 2, 2, 3, 3, 0, 2, 1, 3], dtype=object)]
[780, array([-90., -45., -45.,   0.]), array([0, 3, 0, 2, 2, 0, 3, 0, 2, 2, 3, 2, 3, 3, 0, 3, 2, 3, 0, 0, 0, 3,
       1, 2, 0, 1, 3, 1, 0, 0, 3, 2, 1, 2, 3, 3, 0, 2, 1, 3], dtype=object)]
[778, array([-90., -45., -45.,   0.]), array([0, 3, 0, 2, 2, 0, 3, 0, 2, 2, 2, 2, 0, 3, 0, 1, 2, 3, 0, 0, 0, 3,
       1, 2, 0, 1, 3, 1, 0, 0, 3, 2, 1, 2, 3, 3, 0, 2, 1, 3], dtype=object)]
[774, array([-90., -45., -45.,   0.]), array([0, 3, 0, 2, 2, 0, 3, 0, 2, 2, 0, 2, 3, 3, 0, 3, 0, 3, 0, 0, 0, 3,
       1, 2, 0, 1, 3, 3, 0, 0, 3, 2, 1, 2, 3, 3, 0, 2, 1, 3], dtype=object)]
[819, array([-90., -45., -45.,   0.]), array([0, 3, 0, 2, 2, 0, 3, 0, 2, 2, 2, 2, 3, 3, 0, 3, 2, 3, 0, 0, 0, 3,
       1, 2, 0, 1, 3, 1, 0, 0, 3, 2, 1, 2, 3, 3, 0, 2, 1, 3], dtype=object)]
[781, array([-90., -45., -45.,   0.]), array([0, 3, 0, 2, 2, 0, 3, 0, 2, 2, 2, 2, 0, 3, 0, 3, 2, 3, 0, 0, 0, 3,
       1, 2, 0, 1, 3, 1, 0, 0, 3, 2, 1, 2, 3, 3, 0, 2, 1, 3], dtype=object)]
[779, array([-90., -45., -45.,   0.]), array([0, 3, 0, 2, 2, 0, 3, 0, 2, 2, 2, 2, 0, 3, 0, 3, 2, 3, 0, 0, 0, 3,
       1, 2, 0, 1, 3, 1, 0, 0, 3, 2, 1, 2, 3, 3, 0, 2, 1, 3], dtype=object)]
[775, array([-90., -45., -45.,   0.]), array([0, 3, 0, 2, 2, 0, 3, 0, 2, 2, 2, 2, 0, 3, 0, 3, 2, 3, 0, 0, 0, 3,
       1, 2, 0, 1, 3, 1, 0, 0, 3, 2, 1, 2, 3, 3, 0, 2, 1, 3], dtype=object)]
[820, array([-90., -45., -45.,   0.]), array([0, 3, 0, 2, 2, 0, 3, 0, 2, 2, 0, 2, 1, 3, 0, 3, 2, 3, 0, 0, 0, 3,
       1, 2, 0, 1, 3, 1, 0, 0, 3, 2, 2, 2, 3, 3, 0, 2, 1, 3], dtype=object)]
[782, array([-90., -45., -45.,   0.]), array([0, 3, 0, 2, 2, 0, 3, 0, 2, 2, 0, 2, 3, 3, 0, 3, 2, 3, 0, 0, 0, 3,
       1, 2, 0, 1, 3, 1, 0, 0, 3, 2, 2, 2, 3, 3, 0, 2, 1, 3], dtype=object)]
[780, array([-90., -45., -45.,   0.]), array([0, 3, 0, 2, 2, 0, 3, 0, 2, 2, 3, 2, 3, 3, 0, 3, 2, 3, 0, 0, 0, 3,
       1, 2, 0, 1, 3, 1, 0, 0, 3, 2, 1, 2, 3, 3, 0, 2, 1, 3], dtype=object)]
[776, array([-80., -40., -40.,   0.]), array([0, 3, 0, 2, 2, 0, 3, 0, 2, 2, 3, 2, 3, 3, 0, 1, 2, 3, 0, 0, 0, 3,
       1, 2, 0, 1, 3, 1, 0, 0, 2, 2, 1, 2, 3, 3, 0, 2, 1, 3], dtype=object)]
[821, array([-90., -45., -45.,   0.]), array([0, 3, 0, 2, 2, 0, 3, 0, 2, 2, 0, 2, 2, 3, 0, 3, 2, 3, 0, 0, 0, 3,
       1, 2, 0, 1, 3, 1, 0, 0, 3, 2, 1, 2, 3, 3, 0, 2, 1, 3], dtype=object)]
[783, array([-90., -45., -45.,   0.]), array([0, 3, 0, 2, 2, 0, 3, 0, 2, 2, 3, 2, 3, 3, 0, 3, 2, 3, 0, 0, 0, 3,
       1, 2, 0, 1, 3, 1, 0, 0, 3, 2, 1, 2, 3, 3, 0, 2, 1, 3], dtype=object)]
[781, array([-90., -45., -45.,   0.]), array([0, 3, 0, 2, 2, 0, 3, 0, 2, 2, 2, 2, 0, 3, 0, 3, 2, 3, 0, 0, 0, 3,
       1, 2, 0, 1, 3, 1, 0, 0, 3, 2, 1, 2, 3, 3, 0, 2, 1, 3], dtype=object)]
[777, array([-90., -45., -45.,   0.]), array([0, 3, 0, 2, 2, 0, 3, 0, 2, 2, 2, 2, 0, 3, 0, 3, 2, 3, 0, 0, 0, 3,
       1, 2, 0, 1, 3, 1, 0, 0, 3, 2, 1, 2, 3, 3, 0, 2, 1, 3], dtype=object)]
[822, array([-90., -45., -45.,   0.]), array([0, 3, 0, 2, 2, 0, 3, 0, 2, 2, 0, 2, 3, 3, 0, 2, 2, 3, 0, 0, 0, 3,
       1, 2, 0, 1, 3, 1, 0, 0, 3, 2, 1, 2, 3, 3, 0, 2, 1, 3], dtype=object)]
[784, array([-90., -45., -45.,   0.]), array([0, 3, 0, 2, 2, 0, 3, 0, 2, 2, 2, 2, 0, 3, 0, 1, 2, 3, 0, 0, 0, 3,
       1, 2, 0, 1, 3, 1, 0, 0, 3, 2, 1, 2, 3, 3, 0, 2, 1, 3], dtype=object)]
[782, array([-90., -45., -45.,   0.]), array([0, 3, 0, 2, 2, 0, 3, 0, 2, 2, 0, 2, 3, 3, 0, 3, 2, 3, 0, 0, 0, 3,
       1, 2, 0, 1, 3, 1, 0, 0, 3, 2, 2, 2, 3, 3, 0, 2, 1, 3], dtype=object)]
[778, array([-90., -45., -45.,   0.]), array([0, 3, 0, 2, 2, 0, 3, 0, 2, 2, 2, 2, 0, 3, 0, 1, 2, 3, 0, 0, 0, 3,
       1, 2, 0, 1, 3, 1, 0, 0, 3, 2, 1, 2, 3, 3, 0, 2, 1, 3], dtype=object)]
[823, array([-90., -45., -45.,   0.]), array([0, 3, 0, 2, 2, 0, 3, 0, 2, 2, 0, 2, 0, 3, 0, 3, 2, 3, 0, 0, 0, 3,
       1, 2, 0, 1, 3, 1, 0, 0, 3, 2, 1, 2, 3, 3, 0, 2, 1, 3], dtype=object)]
[785, array([-90., -45., -45.,   0.]), array([0, 3, 0, 2, 2, 0, 3, 0, 2, 2, 2, 2, 0, 3, 0, 3, 2, 3, 0, 0, 0, 3,
       1, 2, 0, 1, 3, 1, 0, 0, 3, 2, 1, 2, 3, 3, 0, 2, 1, 3], dtype=object)]
[783, array([-90., -45., -45.,   0.]), array([0, 3, 0, 2, 2, 0, 3, 0, 2, 2, 3, 2, 3, 3, 0, 3, 2, 3, 0, 0, 0, 3,
       1, 2, 0, 1, 3, 1, 0, 0, 3, 2, 1, 2, 3, 3, 0, 2, 1, 3], dtype=object)]
[779, array([-90., -45., -45.,   0.]), array([0, 3, 0, 2, 2, 0, 3, 0, 2, 2, 2, 2, 0, 3, 0, 3, 2, 3, 0, 0, 0, 3,
       1, 2, 0, 1, 3, 1, 0, 0, 3, 2, 1, 2, 3, 3, 0, 2, 1, 3], dtype=object)]
[824, array([-90., -45., -45.,   0.]), array([0, 3, 0, 2, 2, 0, 3, 0, 2, 2, 1, 2, 3, 3, 0, 2, 2, 3, 0, 0, 0, 3,
       1, 2, 0, 1, 3, 1, 0, 0, 3, 2, 1, 2, 3, 3, 0, 2, 1, 3], dtype=object)]
[786, array([-80., -40., -40.,   0.]), array([0, 3, 0, 2, 2, 0, 3, 0, 2, 2, 2, 2, 0, 3, 0, 3, 2, 3, 0, 0, 0, 3,
       1, 2, 0, 1, 3, 1, 0, 0, 3, 2, 1, 2, 3, 3, 0, 2, 1, 2], dtype=object)]
[784, array([-90., -45., -45.,   0.]), array([0, 3, 0, 2, 2, 0, 3, 0, 2, 2, 2, 2, 0, 3, 0, 1, 2, 3, 0, 0, 0, 3,
       1, 2, 0, 1, 3, 1, 0, 0, 3, 2, 1, 2, 3, 3, 0, 2, 1, 3], dtype=object)]
[780, array([-90., -45., -45.,   0.]), array([0, 3, 0, 2, 2, 0, 3, 0, 2, 2, 3, 2, 3, 3, 0, 3, 2, 3, 0, 0, 0, 3,
       1, 2, 0, 1, 3, 1, 0, 0, 3, 2, 1, 2, 3, 3, 0, 2, 1, 3], dtype=object)]
[825, array([-90., -45., -45.,   0.]), array([0, 3, 0, 2, 2, 0, 3, 0, 2, 2, 1, 2, 2, 3, 0, 3, 2, 3, 0, 0, 0, 3,
       1, 2, 0, 1, 3, 1, 0, 0, 3, 2, 1, 2, 3, 3, 0, 2, 1, 3], dtype=object)]
[787, array([-90., -45., -45.,   0.]), array([0, 3, 0, 2, 2, 0, 3, 0, 2, 2, 2, 2, 0, 3, 0, 3, 2, 3, 0, 0, 0, 3,
       1, 2, 0, 1, 3, 1, 0, 0, 3, 2, 1, 2, 3, 3, 0, 2, 1, 3], dtype=object)]
[785, array([-90., -45., -45.,   0.]), array([0, 3, 0, 2, 2, 0, 3, 0, 2, 2, 2, 2, 0, 3, 0, 3, 2, 3, 0, 0, 0, 3,
       1, 2, 0, 1, 3, 1, 0, 0, 3, 2, 1, 2, 3, 3, 0, 2, 1, 3], dtype=object)]
[781, array([-90., -45., -45.,   0.]), array([0, 3, 0, 2, 2, 0, 3, 0, 2, 2, 2, 2, 0, 3, 0, 3, 2, 3, 0, 0, 0, 3,
       1, 2, 0, 1, 3, 1, 0, 0, 3, 2, 1, 2, 3, 3, 0, 2, 1, 3], dtype=object)]
[826, array([-90., -45., -45.,   0.]), array([0, 3, 0, 2, 2, 0, 3, 0, 2, 2, 0, 2, 2, 3, 0, 3, 2, 3, 0, 0, 0, 3,
       1, 2, 0, 1, 3, 1, 0, 0, 3, 2, 2, 2, 3, 3, 0, 2, 1, 3], dtype=object)]
[788, array([-80., -40., -40.,   0.]), array([0, 3, 0, 2, 2, 0, 3, 0, 2, 2, 0, 2, 3, 3, 0, 3, 2, 3, 0, 0, 0, 3,
       1, 1, 0, 1, 3, 1, 0, 0, 3, 2, 1, 2, 3, 3, 0, 2, 1, 3], dtype=object)]
[786, array([-80., -40., -40.,   0.]), array([0, 3, 0, 2, 2, 0, 3, 0, 2, 2, 2, 2, 0, 3, 0, 3, 2, 3, 0, 0, 0, 3,
       1, 2, 0, 1, 3, 1, 0, 0, 3, 2, 1, 2, 3, 3, 0, 2, 1, 2], dtype=object)]
[782, array([-90., -45., -45.,   0.]), array([0, 3, 0, 2, 2, 0, 3, 0, 2, 2, 0, 2, 3, 3, 0, 3, 2, 3, 0, 0, 0, 3,
       1, 2, 0, 1, 3, 1, 0, 0, 3, 2, 2, 2, 3, 3, 0, 2, 1, 3], dtype=object)]
[827, array([-90., -45., -45.,   0.]), array([0, 3, 0, 2, 2, 0, 3, 0, 2, 2, 0, 2, 2, 3, 0, 3, 2, 3, 0, 0, 0, 3,
       1, 2, 0, 1, 3, 1, 0, 0, 3, 2, 1, 2, 3, 3, 0, 2, 1, 3], dtype=object)]
[789, array([-90., -45., -45.,   0.]), array([0, 3, 0, 2, 2, 0, 3, 0, 2, 2, 0, 2, 3, 3, 0, 3, 2, 3, 0, 0, 0, 3,
       1, 2, 0, 1, 3, 1, 0, 0, 3, 2, 1, 2, 3, 3, 0, 2, 1, 3], dtype=object)]
[787, array([-90., -45., -45.,   0.]), array([0, 3, 0, 2, 2, 0, 3, 0, 2, 2, 2, 2, 0, 3, 0, 3, 2, 3, 0, 0, 0, 3,
       1, 2, 0, 1, 3, 1, 0, 0, 3, 2, 1, 2, 3, 3, 0, 2, 1, 3], dtype=object)]
[783, array([-90., -45., -45.,   0.]), array([0, 3, 0, 2, 2, 0, 3, 0, 2, 2, 3, 2, 3, 3, 0, 3, 2, 3, 0, 0, 0, 3,
       1, 2, 0, 1, 3, 1, 0, 0, 3, 2, 1, 2, 3, 3, 0, 2, 1, 3], dtype=object)]
[828, array([-90., -45., -45.,   0.]), array([0, 3, 0, 2, 2, 0, 3, 0, 2, 2, 1, 2, 1, 3, 0, 2, 2, 3, 0, 0, 0, 3,
       1, 2, 0, 1, 3, 1, 0, 0, 3, 2, 2, 2, 3, 3, 0, 2, 1, 3], dtype=object)]
[790, array([-76., -38., -38.,   0.]), array([0, 3, 0, 2, 2, 0, 3, 0, 2, 2, 0, 2, 3, 3, 0, 3, 2, 3, 0, 0, 0, 3,
       1, 2, 0, 1, 3, 1, 0, 0, 3, 2, 1, 2, 3, 3, 0, 3, 1, 3], dtype=object)]
[788, array([-80., -40., -40.,   0.]), array([0, 3, 0, 2, 2, 0, 3, 0, 2, 2, 0, 2, 3, 3, 0, 3, 2, 3, 0, 0, 0, 3,
       1, 1, 0, 1, 3, 1, 0, 0, 3, 2, 1, 2, 3, 3, 0, 2, 1, 3], dtype=object)]
[784, array([-90., -45., -45.,   0.]), array([0, 3, 0, 2, 2, 0, 3, 0, 2, 2, 2, 2, 0, 3, 0, 1, 2, 3, 0, 0, 0, 3,
       1, 2, 0, 1, 3, 1, 0, 0, 3, 2, 1, 2, 3, 3, 0, 2, 1, 3], dtype=object)]
[829, array([-90., -45., -45.,   0.]), array([0, 3, 0, 2, 2, 0, 3, 0, 2, 2, 0, 2, 1, 3, 0, 3, 2, 3, 0, 0, 0, 3,
       1, 2, 0, 1, 3, 1, 0, 0, 3, 2, 1, 2, 3, 3, 0, 2, 1, 3], dtype=object)]
[791, array([-90., -45., -45.,   0.]), array([0, 3, 0, 2, 2, 0, 3, 0, 2, 2, 0, 2, 1, 3, 0, 3, 2, 3, 0, 0, 0, 3,
       1, 2, 0, 1, 3, 1, 0, 0, 3, 2, 1, 2, 3, 3, 0, 2, 1, 3], dtype=object)]
[789, array([-90., -45., -45.,   0.]), array([0, 3, 0, 2, 2, 0, 3, 0, 2, 2, 0, 2, 3, 3, 0, 3, 2, 3, 0, 0, 0, 3,
       1, 2, 0, 1, 3, 1, 0, 0, 3, 2, 1, 2, 3, 3, 0, 2, 1, 3], dtype=object)]
[830, array([-90., -45., -45.,   0.]), array([0, 3, 0, 2, 2, 0, 3, 0, 2, 2, 1, 2, 1, 3, 0, 0, 2, 3, 0, 0, 0, 3,
       1, 2, 0, 1, 3, 1, 0, 0, 3, 2, 1, 2, 3, 3, 0, 2, 1, 3], dtype=object)]
[785, array([-90., -45., -45.,   0.]), array([0, 3, 0, 2, 2, 0, 3, 0, 2, 2, 2, 2, 0, 3, 0, 3, 2, 3, 0, 0, 0, 3,
       1, 2, 0, 1, 3, 1, 0, 0, 3, 2, 1, 2, 3, 3, 0, 2, 1, 3], dtype=object)]
[792, array([-90., -45., -45.,   0.]), array([0, 3, 0, 2, 2, 0, 3, 0, 2, 2, 3, 2, 0, 3, 0, 3, 2, 3, 0, 0, 0, 3,
       1, 2, 0, 1, 3, 1, 0, 0, 3, 2, 0, 2, 3, 3, 0, 2, 1, 3], dtype=object)]
[790, array([-76., -38., -38.,   0.]), array([0, 3, 0, 2, 2, 0, 3, 0, 2, 2, 0, 2, 3, 3, 0, 3, 2, 3, 0, 0, 0, 3,
       1, 2, 0, 1, 3, 1, 0, 0, 3, 2, 1, 2, 3, 3, 0, 3, 1, 3], dtype=object)]
[786, array([-80., -40., -40.,   0.]), array([0, 3, 0, 2, 2, 0, 3, 0, 2, 2, 2, 2, 0, 3, 0, 3, 2, 3, 0, 0, 0, 3,
       1, 2, 0, 1, 3, 1, 0, 0, 3, 2, 1, 2, 3, 3, 0, 2, 1, 2], dtype=object)]
[831, array([-90., -45., -45.,   0.]), array([0, 3, 0, 2, 2, 0, 3, 0, 2, 2, 1, 2, 1, 3, 0, 2, 2, 3, 0, 0, 0, 3,
       1, 2, 0, 1, 3, 1, 0, 0, 3, 2, 1, 2, 3, 3, 0, 2, 1, 3], dtype=object)]
[793, array([-90., -45., -45.,   0.]), array([0, 3, 0, 2, 2, 0, 3, 0, 2, 2, 2, 2, 0, 3, 0, 3, 2, 3, 0, 0, 0, 3,
       1, 2, 0, 1, 3, 1, 0, 0, 3, 2, 1, 2, 3, 3, 0, 2, 1, 3], dtype=object)]
[832, array([-90., -45., -45.,   0.]), array([0, 3, 0, 2, 2, 0, 3, 0, 2, 2, 1, 2, 1, 3, 0, 3, 2, 3, 0, 0, 0, 3,
       1, 2, 0, 1, 3, 1, 0, 0, 3, 2, 1, 2, 3, 3, 0, 2, 1, 3], dtype=object)]
[791, array([-90., -45., -45.,   0.]), array([0, 3, 0, 2, 2, 0, 3, 0, 2, 2, 0, 2, 1, 3, 0, 3, 2, 3, 0, 0, 0, 3,
       1, 2, 0, 1, 3, 1, 0, 0, 3, 2, 1, 2, 3, 3, 0, 2, 1, 3], dtype=object)]
[794, array([-90., -45., -45.,   0.]), array([0, 3, 0, 2, 2, 0, 3, 0, 2, 2, 1, 2, 0, 3, 0, 3, 2, 3, 0, 0, 0, 3,
       1, 2, 0, 1, 3, 1, 0, 0, 3, 2, 1, 2, 3, 3, 0, 2, 1, 3], dtype=object)]
[787, array([-90., -45., -45.,   0.]), array([0, 3, 0, 2, 2, 0, 3, 0, 2, 2, 2, 2, 0, 3, 0, 3, 2, 3, 0, 0, 0, 3,
       1, 2, 0, 1, 3, 1, 0, 0, 3, 2, 1, 2, 3, 3, 0, 2, 1, 3], dtype=object)]
[833, array([-90., -45., -45.,   0.]), array([0, 3, 0, 2, 2, 0, 3, 0, 2, 2, 1, 2, 1, 3, 0, 3, 2, 3, 0, 0, 0, 3,
       1, 2, 0, 1, 3, 1, 0, 0, 3, 2, 2, 2, 3, 3, 0, 2, 1, 3], dtype=object)]
[792, array([-90., -45., -45.,   0.]), array([0, 3, 0, 2, 2, 0, 3, 0, 2, 2, 3, 2, 0, 3, 0, 3, 2, 3, 0, 0, 0, 3,
       1, 2, 0, 1, 3, 1, 0, 0, 3, 2, 0, 2, 3, 3, 0, 2, 1, 3], dtype=object)]
[795, array([-90., -45., -45.,   0.]), array([0, 3, 0, 2, 2, 0, 3, 0, 2, 2, 0, 2, 3, 3, 0, 3, 2, 3, 0, 0, 0, 3,
       1, 2, 0, 1, 3, 1, 0, 0, 3, 2, 1, 2, 3, 3, 0, 2, 1, 3], dtype=object)]
[788, array([-80., -40., -40.,   0.]), array([0, 3, 0, 2, 2, 0, 3, 0, 2, 2, 0, 2, 3, 3, 0, 3, 2, 3, 0, 0, 0, 3,
       1, 1, 0, 1, 3, 1, 0, 0, 3, 2, 1, 2, 3, 3, 0, 2, 1, 3], dtype=object)]
[834, array([-90., -45., -45.,   0.]), array([0, 3, 0, 2, 2, 0, 3, 0, 2, 2, 0, 2, 1, 3, 0, 2, 2, 3, 0, 0, 0, 3,
       1, 2, 0, 1, 3, 1, 0, 0, 3, 2, 2, 2, 3, 3, 0, 2, 1, 3], dtype=object)]
[796, array([-90., -45., -45.,   0.]), array([0, 3, 0, 2, 2, 0, 3, 0, 2, 2, 3, 2, 3, 3, 0, 1, 2, 3, 0, 0, 0, 3,
       1, 2, 0, 1, 3, 1, 0, 0, 3, 2, 1, 2, 3, 3, 0, 2, 1, 3], dtype=object)]
[793, array([-90., -45., -45.,   0.]), array([0, 3, 0, 2, 2, 0, 3, 0, 2, 2, 2, 2, 0, 3, 0, 3, 2, 3, 0, 0, 0, 3,
       1, 2, 0, 1, 3, 1, 0, 0, 3, 2, 1, 2, 3, 3, 0, 2, 1, 3], dtype=object)]
[789, array([-90., -45., -45.,   0.]), array([0, 3, 0, 2, 2, 0, 3, 0, 2, 2, 0, 2, 3, 3, 0, 3, 2, 3, 0, 0, 0, 3,
       1, 2, 0, 1, 3, 1, 0, 0, 3, 2, 1, 2, 3, 3, 0, 2, 1, 3], dtype=object)]
[835, array([-90., -45., -45.,   0.]), array([0, 3, 0, 2, 2, 0, 3, 0, 2, 2, 1, 2, 1, 3, 0, 3, 2, 3, 0, 0, 0, 3,
       1, 2, 0, 1, 3, 1, 0, 0, 3, 2, 2, 2, 3, 3, 0, 2, 1, 3], dtype=object)]
[794, array([-90., -45., -45.,   0.]), array([0, 3, 0, 2, 2, 0, 3, 0, 2, 2, 1, 2, 0, 3, 0, 3, 2, 3, 0, 0, 0, 3,
       1, 2, 0, 1, 3, 1, 0, 0, 3, 2, 1, 2, 3, 3, 0, 2, 1, 3], dtype=object)]
[797, array([-90., -45., -45.,   0.]), array([0, 3, 0, 2, 2, 0, 3, 0, 2, 2, 0, 2, 3, 3, 0, 3, 2, 3, 0, 0, 0, 3,
       1, 2, 0, 1, 3, 1, 0, 0, 3, 2, 1, 2, 3, 3, 0, 2, 1, 3], dtype=object)]
[790, array([-76., -38., -38.,   0.]), array([0, 3, 0, 2, 2, 0, 3, 0, 2, 2, 0, 2, 3, 3, 0, 3, 2, 3, 0, 0, 0, 3,
       1, 2, 0, 1, 3, 1, 0, 0, 3, 2, 1, 2, 3, 3, 0, 3, 1, 3], dtype=object)]
[836, array([-90., -45., -45.,   0.]), array([0, 3, 0, 2, 2, 0, 3, 0, 2, 2, 0, 2, 1, 3, 0, 3, 2, 3, 0, 0, 0, 3,
       1, 2, 0, 1, 3, 1, 0, 0, 3, 2, 0, 2, 3, 3, 0, 2, 1, 3], dtype=object)]
[798, array([-90., -45., -45.,   0.]), array([0, 3, 0, 2, 2, 0, 3, 0, 2, 2, 0, 2, 3, 3, 0, 3, 2, 3, 0, 0, 0, 3,
       1, 2, 0, 1, 3, 1, 0, 0, 3, 2, 2, 2, 3, 3, 0, 2, 1, 3], dtype=object)]
[795, array([-90., -45., -45.,   0.]), array([0, 3, 0, 2, 2, 0, 3, 0, 2, 2, 0, 2, 3, 3, 0, 3, 2, 3, 0, 0, 0, 3,
       1, 2, 0, 1, 3, 1, 0, 0, 3, 2, 1, 2, 3, 3, 0, 2, 1, 3], dtype=object)]
[791, array([-90., -45., -45.,   0.]), array([0, 3, 0, 2, 2, 0, 3, 0, 2, 2, 0, 2, 1, 3, 0, 3, 2, 3, 0, 0, 0, 3,
       1, 2, 0, 1, 3, 1, 0, 0, 3, 2, 1, 2, 3, 3, 0, 2, 1, 3], dtype=object)]
[837, array([-90., -45., -45.,   0.]), array([0, 3, 0, 2, 2, 0, 3, 0, 2, 2, 1, 2, 1, 3, 0, 3, 2, 3, 0, 0, 0, 3,
       1, 2, 0, 1, 3, 1, 0, 0, 3, 2, 0, 2, 3, 3, 0, 2, 1, 3], dtype=object)]
[799, array([-90., -45., -45.,   0.]), array([0, 3, 0, 2, 2, 0, 3, 0, 2, 2, 2, 2, 0, 3, 0, 3, 2, 3, 0, 0, 0, 3,
       1, 2, 0, 1, 3, 1, 0, 0, 3, 2, 1, 2, 3, 3, 0, 2, 1, 3], dtype=object)]
[796, array([-90., -45., -45.,   0.]), array([0, 3, 0, 2, 2, 0, 3, 0, 2, 2, 3, 2, 3, 3, 0, 1, 2, 3, 0, 0, 0, 3,
       1, 2, 0, 1, 3, 1, 0, 0, 3, 2, 1, 2, 3, 3, 0, 2, 1, 3], dtype=object)]
[792, array([-90., -45., -45.,   0.]), array([0, 3, 0, 2, 2, 0, 3, 0, 2, 2, 3, 2, 0, 3, 0, 3, 2, 3, 0, 0, 0, 3,
       1, 2, 0, 1, 3, 1, 0, 0, 3, 2, 0, 2, 3, 3, 0, 2, 1, 3], dtype=object)]
[838, array([-90., -45., -45.,   0.]), array([0, 3, 0, 2, 2, 0, 3, 0, 2, 2, 0, 2, 1, 3, 0, 2, 2, 3, 0, 0, 0, 3,
       1, 2, 0, 1, 3, 1, 0, 0, 3, 2, 0, 2, 3, 3, 0, 2, 1, 3], dtype=object)]
[800, array([-90., -45., -45.,   0.]), array([0, 3, 0, 2, 2, 0, 3, 0, 2, 2, 0, 2, 3, 3, 0, 3, 2, 3, 0, 0, 0, 3,
       1, 2, 0, 1, 3, 1, 0, 0, 3, 2, 2, 2, 3, 3, 0, 2, 1, 3], dtype=object)]
[793, array([-90., -45., -45.,   0.]), array([0, 3, 0, 2, 2, 0, 3, 0, 2, 2, 2, 2, 0, 3, 0, 3, 2, 3, 0, 0, 0, 3,
       1, 2, 0, 1, 3, 1, 0, 0, 3, 2, 1, 2, 3, 3, 0, 2, 1, 3], dtype=object)]
[797, array([-90., -45., -45.,   0.]), array([0, 3, 0, 2, 2, 0, 3, 0, 2, 2, 0, 2, 3, 3, 0, 3, 2, 3, 0, 0, 0, 3,
       1, 2, 0, 1, 3, 1, 0, 0, 3, 2, 1, 2, 3, 3, 0, 2, 1, 3], dtype=object)]
[839, array([-90., -45., -45.,   0.]), array([0, 3, 0, 2, 2, 0, 3, 0, 2, 2, 1, 2, 1, 3, 0, 3, 2, 3, 0, 0, 0, 3,
       1, 2, 0, 1, 3, 1, 0, 0, 3, 2, 1, 2, 3, 3, 0, 2, 1, 3], dtype=object)]
[794, array([-90., -45., -45.,   0.]), array([0, 3, 0, 2, 2, 0, 3, 0, 2, 2, 1, 2, 0, 3, 0, 3, 2, 3, 0, 0, 0, 3,
       1, 2, 0, 1, 3, 1, 0, 0, 3, 2, 1, 2, 3, 3, 0, 2, 1, 3], dtype=object)]
[801, array([-90., -45., -45.,   0.]), array([0, 3, 0, 2, 2, 0, 3, 0, 2, 2, 0, 2, 3, 3, 0, 3, 2, 3, 0, 0, 0, 3,
       1, 2, 0, 1, 3, 1, 0, 0, 3, 2, 1, 2, 3, 3, 0, 2, 1, 3], dtype=object)]
[798, array([-90., -45., -45.,   0.]), array([0, 3, 0, 2, 2, 0, 3, 0, 2, 2, 0, 2, 3, 3, 0, 3, 2, 3, 0, 0, 0, 3,
       1, 2, 0, 1, 3, 1, 0, 0, 3, 2, 2, 2, 3, 3, 0, 2, 1, 3], dtype=object)]
[840, array([-90., -45., -45.,   0.]), array([0, 3, 0, 2, 2, 0, 3, 0, 2, 2, 1, 2, 1, 3, 0, 3, 2, 3, 0, 0, 0, 3,
       1, 2, 0, 1, 3, 1, 0, 0, 3, 2, 2, 2, 3, 3, 0, 2, 1, 3], dtype=object)]
[802, array([-90., -45., -45.,   0.]), array([0, 3, 0, 2, 2, 0, 3, 0, 2, 2, 1, 2, 1, 3, 0, 3, 2, 3, 0, 0, 0, 3,
       1, 2, 0, 1, 3, 1, 0, 0, 3, 2, 2, 2, 3, 3, 0, 2, 1, 3], dtype=object)]
[795, array([-90., -45., -45.,   0.]), array([0, 3, 0, 2, 2, 0, 3, 0, 2, 2, 0, 2, 3, 3, 0, 3, 2, 3, 0, 0, 0, 3,
       1, 2, 0, 1, 3, 1, 0, 0, 3, 2, 1, 2, 3, 3, 0, 2, 1, 3], dtype=object)]
[799, array([-90., -45., -45.,   0.]), array([0, 3, 0, 2, 2, 0, 3, 0, 2, 2, 2, 2, 0, 3, 0, 3, 2, 3, 0, 0, 0, 3,
       1, 2, 0, 1, 3, 1, 0, 0, 3, 2, 1, 2, 3, 3, 0, 2, 1, 3], dtype=object)]
[841, array([-90., -45., -45.,   0.]), array([0, 3, 0, 2, 2, 0, 3, 0, 2, 2, 1, 2, 1, 3, 0, 2, 2, 3, 0, 0, 0, 3,
       1, 2, 0, 1, 3, 1, 0, 0, 3, 2, 1, 2, 3, 3, 0, 2, 1, 3], dtype=object)]
[796, array([-90., -45., -45.,   0.]), array([0, 3, 0, 2, 2, 0, 3, 0, 2, 2, 3, 2, 3, 3, 0, 1, 2, 3, 0, 0, 0, 3,
       1, 2, 0, 1, 3, 1, 0, 0, 3, 2, 1, 2, 3, 3, 0, 2, 1, 3], dtype=object)]
[803, array([-90., -45., -45.,   0.]), array([0, 3, 0, 2, 2, 0, 3, 0, 2, 2, 0, 2, 3, 3, 0, 3, 2, 3, 0, 0, 0, 3,
       1, 2, 0, 1, 3, 1, 0, 0, 3, 2, 1, 2, 3, 3, 0, 2, 1, 3], dtype=object)]
[800, array([-90., -45., -45.,   0.]), array([0, 3, 0, 2, 2, 0, 3, 0, 2, 2, 0, 2, 3, 3, 0, 3, 2, 3, 0, 0, 0, 3,
       1, 2, 0, 1, 3, 1, 0, 0, 3, 2, 2, 2, 3, 3, 0, 2, 1, 3], dtype=object)]
[842, array([-90., -45., -45.,   0.]), array([0, 3, 0, 2, 2, 0, 3, 0, 2, 2, 0, 2, 1, 3, 0, 2, 2, 3, 0, 0, 0, 3,
       1, 2, 0, 1, 3, 1, 0, 0, 3, 2, 2, 2, 3, 3, 0, 2, 1, 3], dtype=object)]
[804, array([-90., -45., -45.,   0.]), array([0, 3, 0, 2, 2, 0, 3, 0, 2, 2, 0, 2, 1, 3, 0, 3, 2, 3, 0, 0, 0, 3,
       1, 2, 0, 1, 3, 1, 0, 0, 3, 2, 2, 2, 3, 3, 0, 2, 1, 3], dtype=object)]
[797, array([-90., -45., -45.,   0.]), array([0, 3, 0, 2, 2, 0, 3, 0, 2, 2, 0, 2, 3, 3, 0, 3, 2, 3, 0, 0, 0, 3,
       1, 2, 0, 1, 3, 1, 0, 0, 3, 2, 1, 2, 3, 3, 0, 2, 1, 3], dtype=object)]
[801, array([-90., -45., -45.,   0.]), array([0, 3, 0, 2, 2, 0, 3, 0, 2, 2, 0, 2, 3, 3, 0, 3, 2, 3, 0, 0, 0, 3,
       1, 2, 0, 1, 3, 1, 0, 0, 3, 2, 1, 2, 3, 3, 0, 2, 1, 3], dtype=object)]
[843, array([-90., -45., -45.,   0.]), array([0, 3, 0, 2, 2, 0, 3, 0, 2, 2, 1, 2, 1, 3, 0, 2, 2, 3, 0, 0, 0, 3,
       1, 2, 0, 1, 3, 1, 0, 0, 3, 2, 2, 2, 3, 3, 0, 2, 1, 3], dtype=object)]
[798, array([-90., -45., -45.,   0.]), array([0, 3, 0, 2, 2, 0, 3, 0, 2, 2, 0, 2, 3, 3, 0, 3, 2, 3, 0, 0, 0, 3,
       1, 2, 0, 1, 3, 1, 0, 0, 3, 2, 2, 2, 3, 3, 0, 2, 1, 3], dtype=object)]
[805, array([-90., -45., -45.,   0.]), array([0, 3, 0, 2, 2, 0, 3, 0, 2, 2, 0, 2, 1, 3, 0, 3, 2, 3, 0, 0, 0, 3,
       1, 2, 0, 1, 3, 1, 0, 0, 3, 2, 2, 2, 3, 3, 0, 2, 1, 3], dtype=object)]
[844, array([-76., -38., -38.,   0.]), array([0, 3, 0, 2, 2, 0, 3, 0, 2, 2, 0, 2, 1, 3, 0, 2, 2, 3, 0, 0, 0, 3,
       1, 2, 0, 0, 3, 1, 0, 0, 3, 2, 1, 2, 3, 3, 0, 2, 1, 3], dtype=object)]
[802, array([-90., -45., -45.,   0.]), array([0, 3, 0, 2, 2, 0, 3, 0, 2, 2, 1, 2, 1, 3, 0, 3, 2, 3, 0, 0, 0, 3,
       1, 2, 0, 1, 3, 1, 0, 0, 3, 2, 2, 2, 3, 3, 0, 2, 1, 3], dtype=object)]
[799, array([-90., -45., -45.,   0.]), array([0, 3, 0, 2, 2, 0, 3, 0, 2, 2, 2, 2, 0, 3, 0, 3, 2, 3, 0, 0, 0, 3,
       1, 2, 0, 1, 3, 1, 0, 0, 3, 2, 1, 2, 3, 3, 0, 2, 1, 3], dtype=object)]
[806, array([-90., -45., -45.,   0.]), array([0, 3, 0, 2, 2, 0, 1, 0, 2, 2, 0, 2, 3, 3, 0, 3, 2, 3, 0, 0, 0, 3,
       1, 2, 0, 1, 3, 3, 0, 0, 3, 2, 2, 2, 3, 3, 0, 2, 1, 3], dtype=object)]
[845, array([-90., -45., -45.,   0.]), array([0, 3, 0, 2, 2, 0, 3, 0, 2, 2, 0, 2, 1, 3, 0, 2, 2, 3, 0, 0, 0, 3,
       1, 2, 0, 1, 3, 1, 0, 0, 3, 2, 1, 2, 3, 3, 0, 2, 1, 3], dtype=object)]
[803, array([-90., -45., -45.,   0.]), array([0, 3, 0, 2, 2, 0, 3, 0, 2, 2, 0, 2, 3, 3, 0, 3, 2, 3, 0, 0, 0, 3,
       1, 2, 0, 1, 3, 1, 0, 0, 3, 2, 1, 2, 3, 3, 0, 2, 1, 3], dtype=object)]
[800, array([-90., -45., -45.,   0.]), array([0, 3, 0, 2, 2, 0, 3, 0, 2, 2, 0, 2, 3, 3, 0, 3, 2, 3, 0, 0, 0, 3,
       1, 2, 0, 1, 3, 1, 0, 0, 3, 2, 2, 2, 3, 3, 0, 2, 1, 3], dtype=object)]
[846, array([-80., -40., -40.,   0.]), array([0, 3, 0, 2, 2, 0, 3, 0, 2, 2, 0, 2, 1, 3, 0, 3, 2, 3, 0, 0, 0, 3,
       1, 2, 0, 1, 3, 1, 0, 0, 2, 2, 2, 2, 3, 3, 0, 2, 1, 3], dtype=object)]
[807, array([-90., -45., -45.,   0.]), array([0, 3, 0, 2, 2, 0, 3, 0, 2, 2, 0, 2, 3, 3, 0, 3, 2, 3, 0, 0, 0, 3,
       1, 2, 0, 1, 3, 1, 0, 0, 3, 2, 1, 2, 3, 3, 0, 2, 1, 3], dtype=object)]
[804, array([-90., -45., -45.,   0.]), array([0, 3, 0, 2, 2, 0, 3, 0, 2, 2, 0, 2, 1, 3, 0, 3, 2, 3, 0, 0, 0, 3,
       1, 2, 0, 1, 3, 1, 0, 0, 3, 2, 2, 2, 3, 3, 0, 2, 1, 3], dtype=object)]
[808, array([-90., -45., -45.,   0.]), array([0, 3, 0, 2, 2, 0, 3, 0, 2, 2, 0, 2, 3, 3, 0, 3, 2, 3, 0, 0, 0, 3,
       1, 2, 0, 1, 3, 1, 0, 0, 3, 2, 0, 2, 3, 3, 0, 2, 1, 3], dtype=object)]
[847, array([-90., -45., -45.,   0.]), array([0, 3, 0, 2, 2, 0, 3, 0, 2, 2, 0, 2, 1, 3, 0, 3, 2, 3, 0, 0, 0, 3,
       1, 2, 0, 1, 3, 1, 0, 0, 3, 2, 3, 2, 3, 3, 0, 2, 1, 3], dtype=object)]
[801, array([-90., -45., -45.,   0.]), array([0, 3, 0, 2, 2, 0, 3, 0, 2, 2, 0, 2, 3, 3, 0, 3, 2, 3, 0, 0, 0, 3,
       1, 2, 0, 1, 3, 1, 0, 0, 3, 2, 1, 2, 3, 3, 0, 2, 1, 3], dtype=object)]
[805, array([-90., -45., -45.,   0.]), array([0, 3, 0, 2, 2, 0, 3, 0, 2, 2, 0, 2, 1, 3, 0, 3, 2, 3, 0, 0, 0, 3,
       1, 2, 0, 1, 3, 1, 0, 0, 3, 2, 2, 2, 3, 3, 0, 2, 1, 3], dtype=object)]
[848, array([-90., -45., -45.,   0.]), array([0, 3, 0, 2, 2, 0, 3, 0, 2, 2, 1, 2, 1, 3, 0, 2, 2, 3, 0, 0, 0, 3,
       1, 2, 0, 1, 3, 1, 0, 0, 3, 2, 3, 2, 3, 3, 0, 2, 1, 3], dtype=object)]
[809, array([-90., -45., -45.,   0.]), array([0, 3, 0, 2, 2, 0, 3, 0, 2, 2, 0, 2, 3, 3, 0, 3, 2, 3, 0, 0, 0, 3,
       1, 2, 0, 1, 3, 1, 0, 0, 3, 2, 1, 2, 3, 3, 0, 2, 1, 3], dtype=object)]
[802, array([-90., -45., -45.,   0.]), array([0, 3, 0, 2, 2, 0, 3, 0, 2, 2, 1, 2, 1, 3, 0, 3, 2, 3, 0, 0, 0, 3,
       1, 2, 0, 1, 3, 1, 0, 0, 3, 2, 2, 2, 3, 3, 0, 2, 1, 3], dtype=object)]
[806, array([-90., -45., -45.,   0.]), array([0, 3, 0, 2, 2, 0, 1, 0, 2, 2, 0, 2, 3, 3, 0, 3, 2, 3, 0, 0, 0, 3,
       1, 2, 0, 1, 3, 3, 0, 0, 3, 2, 2, 2, 3, 3, 0, 2, 1, 3], dtype=object)]
[849, array([-90., -45., -45.,   0.]), array([0, 3, 0, 2, 2, 0, 3, 0, 2, 2, 0, 2, 1, 3, 0, 3, 2, 3, 0, 0, 0, 3,
       1, 2, 0, 1, 3, 1, 0, 0, 3, 2, 1, 2, 3, 3, 0, 2, 1, 3], dtype=object)]
[810, array([-90., -45., -45.,   0.]), array([0, 3, 0, 2, 2, 0, 3, 0, 2, 2, 0, 2, 0, 3, 0, 3, 2, 3, 0, 0, 0, 3,
       1, 2, 0, 1, 3, 1, 0, 0, 3, 2, 2, 2, 3, 3, 0, 2, 1, 3], dtype=object)]
[803, array([-90., -45., -45.,   0.]), array([0, 3, 0, 2, 2, 0, 3, 0, 2, 2, 0, 2, 3, 3, 0, 3, 2, 3, 0, 0, 0, 3,
       1, 2, 0, 1, 3, 1, 0, 0, 3, 2, 1, 2, 3, 3, 0, 2, 1, 3], dtype=object)]
[807, array([-90., -45., -45.,   0.]), array([0, 3, 0, 2, 2, 0, 3, 0, 2, 2, 0, 2, 3, 3, 0, 3, 2, 3, 0, 0, 0, 3,
       1, 2, 0, 1, 3, 1, 0, 0, 3, 2, 1, 2, 3, 3, 0, 2, 1, 3], dtype=object)]
[850, array([-90., -45., -45.,   0.]), array([0, 3, 0, 2, 2, 0, 3, 0, 2, 2, 1, 2, 3, 3, 0, 2, 2, 3, 0, 0, 0, 3,
       1, 2, 0, 1, 3, 1, 0, 0, 3, 2, 1, 2, 3, 3, 0, 2, 1, 3], dtype=object)]
[811, array([-90., -45., -45.,   0.]), array([0, 3, 0, 2, 2, 0, 3, 0, 2, 2, 2, 2, 3, 3, 0, 3, 2, 3, 0, 0, 0, 3,
       1, 2, 0, 1, 3, 1, 0, 0, 3, 2, 2, 2, 3, 3, 0, 2, 1, 3], dtype=object)]
[804, array([-90., -45., -45.,   0.]), array([0, 3, 0, 2, 2, 0, 3, 0, 2, 2, 0, 2, 1, 3, 0, 3, 2, 3, 0, 0, 0, 3,
       1, 2, 0, 1, 3, 1, 0, 0, 3, 2, 2, 2, 3, 3, 0, 2, 1, 3], dtype=object)]
[808, array([-90., -45., -45.,   0.]), array([0, 3, 0, 2, 2, 0, 3, 0, 2, 2, 0, 2, 3, 3, 0, 3, 2, 3, 0, 0, 0, 3,
       1, 2, 0, 1, 3, 1, 0, 0, 3, 2, 0, 2, 3, 3, 0, 2, 1, 3], dtype=object)]
[812, array([-90., -45., -45.,   0.]), array([0, 3, 0, 2, 2, 0, 3, 0, 2, 2, 0, 2, 3, 3, 0, 2, 2, 3, 0, 0, 0, 3,
       1, 2, 0, 1, 3, 1, 0, 0, 3, 2, 2, 2, 3, 3, 0, 2, 1, 3], dtype=object)]
[851, array([-90., -45., -45.,   0.]), array([0, 3, 0, 2, 2, 0, 3, 0, 2, 2, 0, 2, 1, 3, 0, 3, 2, 3, 0, 0, 0, 3,
       1, 2, 0, 1, 3, 1, 0, 0, 3, 2, 1, 2, 3, 3, 0, 2, 1, 3], dtype=object)]
[809, array([-90., -45., -45.,   0.]), array([0, 3, 0, 2, 2, 0, 3, 0, 2, 2, 0, 2, 3, 3, 0, 3, 2, 3, 0, 0, 0, 3,
       1, 2, 0, 1, 3, 1, 0, 0, 3, 2, 1, 2, 3, 3, 0, 2, 1, 3], dtype=object)]
[805, array([-90., -45., -45.,   0.]), array([0, 3, 0, 2, 2, 0, 3, 0, 2, 2, 0, 2, 1, 3, 0, 3, 2, 3, 0, 0, 0, 3,
       1, 2, 0, 1, 3, 1, 0, 0, 3, 2, 2, 2, 3, 3, 0, 2, 1, 3], dtype=object)]
[852, array([-80., -40., -40.,   0.]), array([0, 3, 0, 2, 2, 0, 3, 0, 2, 2, 1, 2, 1, 3, 0, 2, 2, 3, 0, 1, 0, 3,
       1, 2, 0, 1, 3, 1, 0, 0, 3, 2, 1, 2, 3, 3, 0, 2, 1, 3], dtype=object)]
[813, array([-90., -45., -45.,   0.]), array([0, 3, 0, 2, 2, 0, 3, 0, 2, 2, 0, 2, 3, 3, 0, 3, 2, 3, 0, 0, 0, 3,
       1, 2, 0, 1, 3, 1, 0, 0, 3, 2, 2, 2, 3, 3, 0, 2, 1, 3], dtype=object)]
[806, array([-90., -45., -45.,   0.]), array([0, 3, 0, 2, 2, 0, 1, 0, 2, 2, 0, 2, 3, 3, 0, 3, 2, 3, 0, 0, 0, 3,
       1, 2, 0, 1, 3, 3, 0, 0, 3, 2, 2, 2, 3, 3, 0, 2, 1, 3], dtype=object)]
[810, array([-90., -45., -45.,   0.]), array([0, 3, 0, 2, 2, 0, 3, 0, 2, 2, 0, 2, 0, 3, 0, 3, 2, 3, 0, 0, 0, 3,
       1, 2, 0, 1, 3, 1, 0, 0, 3, 2, 2, 2, 3, 3, 0, 2, 1, 3], dtype=object)]
[853, array([-90., -45., -45.,   0.]), array([0, 3, 0, 2, 2, 0, 3, 0, 2, 2, 0, 2, 1, 3, 0, 3, 2, 3, 0, 0, 0, 3,
       1, 2, 0, 1, 3, 1, 0, 0, 3, 2, 1, 2, 3, 3, 0, 2, 1, 3], dtype=object)]
[814, array([-90., -45., -45.,   0.]), array([0, 3, 0, 2, 2, 0, 3, 0, 2, 2, 2, 2, 3, 3, 0, 2, 2, 3, 0, 0, 0, 3,
       1, 2, 0, 1, 3, 1, 0, 0, 3, 2, 1, 2, 3, 3, 0, 2, 1, 3], dtype=object)]
[807, array([-90., -45., -45.,   0.]), array([0, 3, 0, 2, 2, 0, 3, 0, 2, 2, 0, 2, 3, 3, 0, 3, 2, 3, 0, 0, 0, 3,
       1, 2, 0, 1, 3, 1, 0, 0, 3, 2, 1, 2, 3, 3, 0, 2, 1, 3], dtype=object)]
[811, array([-90., -45., -45.,   0.]), array([0, 3, 0, 2, 2, 0, 3, 0, 2, 2, 2, 2, 3, 3, 0, 3, 2, 3, 0, 0, 0, 3,
       1, 2, 0, 1, 3, 1, 0, 0, 3, 2, 2, 2, 3, 3, 0, 2, 1, 3], dtype=object)]
[854, array([-90., -45., -45.,   0.]), array([0, 3, 0, 2, 2, 0, 3, 0, 2, 2, 0, 2, 2, 3, 0, 2, 2, 3, 0, 0, 0, 3,
       1, 2, 0, 1, 3, 1, 0, 0, 3, 2, 1, 2, 3, 3, 0, 2, 1, 3], dtype=object)]
[815, array([-90., -45., -45.,   0.]), array([0, 3, 0, 2, 2, 0, 3, 0, 2, 2, 0, 2, 3, 3, 0, 3, 2, 3, 0, 0, 0, 3,
       1, 2, 0, 1, 3, 1, 0, 0, 3, 2, 1, 2, 3, 3, 0, 2, 1, 3], dtype=object)]
[808, array([-90., -45., -45.,   0.]), array([0, 3, 0, 2, 2, 0, 3, 0, 2, 2, 0, 2, 3, 3, 0, 3, 2, 3, 0, 0, 0, 3,
       1, 2, 0, 1, 3, 1, 0, 0, 3, 2, 0, 2, 3, 3, 0, 2, 1, 3], dtype=object)]
[812, array([-90., -45., -45.,   0.]), array([0, 3, 0, 2, 2, 0, 3, 0, 2, 2, 0, 2, 3, 3, 0, 2, 2, 3, 0, 0, 0, 3,
       1, 2, 0, 1, 3, 1, 0, 0, 3, 2, 2, 2, 3, 3, 0, 2, 1, 3], dtype=object)]
[855, array([-90., -45., -45.,   0.]), array([0, 3, 0, 2, 2, 0, 3, 0, 2, 2, 1, 2, 1, 3, 0, 2, 2, 3, 0, 0, 0, 3,
       1, 2, 0, 1, 3, 1, 0, 0, 3, 2, 1, 2, 3, 3, 0, 2, 1, 3], dtype=object)]
[816, array([-90., -45., -45.,   0.]), array([0, 3, 0, 2, 2, 0, 3, 0, 2, 2, 2, 2, 3, 3, 0, 3, 2, 3, 0, 0, 0, 3,
       1, 2, 0, 1, 3, 1, 0, 0, 3, 2, 2, 2, 3, 3, 0, 2, 1, 3], dtype=object)]
[809, array([-90., -45., -45.,   0.]), array([0, 3, 0, 2, 2, 0, 3, 0, 2, 2, 0, 2, 3, 3, 0, 3, 2, 3, 0, 0, 0, 3,
       1, 2, 0, 1, 3, 1, 0, 0, 3, 2, 1, 2, 3, 3, 0, 2, 1, 3], dtype=object)]
[813, array([-90., -45., -45.,   0.]), array([0, 3, 0, 2, 2, 0, 3, 0, 2, 2, 0, 2, 3, 3, 0, 3, 2, 3, 0, 0, 0, 3,
       1, 2, 0, 1, 3, 1, 0, 0, 3, 2, 2, 2, 3, 3, 0, 2, 1, 3], dtype=object)]
[856, array([-90., -45., -45.,   0.]), array([0, 3, 0, 2, 2, 0, 3, 0, 2, 2, 1, 2, 1, 3, 0, 1, 2, 3, 0, 0, 0, 3,
       1, 2, 0, 3, 3, 1, 0, 0, 3, 2, 1, 2, 3, 3, 0, 0, 1, 3], dtype=object)]
[817, array([-90., -45., -45.,   0.]), array([0, 3, 0, 2, 2, 0, 3, 0, 2, 2, 2, 2, 3, 3, 0, 3, 2, 3, 0, 0, 0, 3,
       1, 2, 0, 1, 3, 1, 0, 0, 3, 2, 1, 2, 3, 3, 0, 2, 1, 3], dtype=object)]
[810, array([-90., -45., -45.,   0.]), array([0, 3, 0, 2, 2, 0, 3, 0, 2, 2, 0, 2, 0, 3, 0, 3, 2, 3, 0, 0, 0, 3,
       1, 2, 0, 1, 3, 1, 0, 0, 3, 2, 2, 2, 3, 3, 0, 2, 1, 3], dtype=object)]
[814, array([-90., -45., -45.,   0.]), array([0, 3, 0, 2, 2, 0, 3, 0, 2, 2, 2, 2, 3, 3, 0, 2, 2, 3, 0, 0, 0, 3,
       1, 2, 0, 1, 3, 1, 0, 0, 3, 2, 1, 2, 3, 3, 0, 2, 1, 3], dtype=object)]
[857, array([-90., -45., -45.,   0.]), array([0, 3, 0, 2, 2, 0, 3, 0, 2, 2, 1, 2, 1, 3, 0, 1, 2, 3, 0, 0, 0, 3,
       1, 2, 0, 3, 3, 1, 0, 0, 3, 2, 1, 2, 3, 3, 0, 0, 1, 3], dtype=object)]
[818, array([-90., -45., -45.,   0.]), array([0, 3, 0, 2, 2, 0, 3, 0, 2, 2, 1, 2, 1, 3, 0, 3, 2, 3, 0, 0, 0, 3,
       1, 2, 0, 1, 3, 1, 0, 0, 3, 2, 2, 2, 3, 3, 0, 2, 1, 3], dtype=object)]
[858, array([-90., -45., -45.,   0.]), array([0, 3, 0, 2, 2, 0, 3, 0, 2, 2, 2, 2, 1, 3, 0, 1, 2, 3, 0, 0, 0, 3,
       1, 2, 0, 3, 3, 1, 0, 0, 3, 2, 1, 2, 3, 3, 0, 0, 1, 3], dtype=object)]
[811, array([-90., -45., -45.,   0.]), array([0, 3, 0, 2, 2, 0, 3, 0, 2, 2, 2, 2, 3, 3, 0, 3, 2, 3, 0, 0, 0, 3,
       1, 2, 0, 1, 3, 1, 0, 0, 3, 2, 2, 2, 3, 3, 0, 2, 1, 3], dtype=object)]
[815, array([-90., -45., -45.,   0.]), array([0, 3, 0, 2, 2, 0, 3, 0, 2, 2, 0, 2, 3, 3, 0, 3, 2, 3, 0, 0, 0, 3,
       1, 2, 0, 1, 3, 1, 0, 0, 3, 2, 1, 2, 3, 3, 0, 2, 1, 3], dtype=object)]
[819, array([-90., -45., -45.,   0.]), array([0, 3, 0, 2, 2, 0, 3, 0, 2, 2, 2, 2, 3, 3, 0, 3, 2, 3, 0, 0, 0, 3,
       1, 2, 0, 1, 3, 1, 0, 0, 3, 2, 1, 2, 3, 3, 0, 2, 1, 3], dtype=object)]
[859, array([-90., -45., -45.,   0.]), array([0, 3, 0, 2, 2, 0, 3, 0, 2, 2, 0, 2, 1, 3, 0, 1, 2, 3, 0, 0, 0, 3,
       1, 2, 0, 1, 3, 1, 0, 0, 3, 2, 1, 2, 3, 3, 0, 2, 1, 3], dtype=object)]
[812, array([-90., -45., -45.,   0.]), array([0, 3, 0, 2, 2, 0, 3, 0, 2, 2, 0, 2, 3, 3, 0, 2, 2, 3, 0, 0, 0, 3,
       1, 2, 0, 1, 3, 1, 0, 0, 3, 2, 2, 2, 3, 3, 0, 2, 1, 3], dtype=object)]
[816, array([-90., -45., -45.,   0.]), array([0, 3, 0, 2, 2, 0, 3, 0, 2, 2, 2, 2, 3, 3, 0, 3, 2, 3, 0, 0, 0, 3,
       1, 2, 0, 1, 3, 1, 0, 0, 3, 2, 2, 2, 3, 3, 0, 2, 1, 3], dtype=object)]
[820, array([-90., -45., -45.,   0.]), array([0, 3, 0, 2, 2, 0, 3, 0, 2, 2, 0, 2, 1, 3, 0, 3, 2, 3, 0, 0, 0, 3,
       1, 2, 0, 1, 3, 1, 0, 0, 3, 2, 2, 2, 3, 3, 0, 2, 1, 3], dtype=object)]
[860, array([-90., -45., -45.,   0.]), array([0, 3, 0, 2, 2, 0, 3, 0, 2, 2, 1, 2, 0, 3, 0, 1, 2, 3, 0, 0, 0, 3,
       1, 2, 0, 1, 3, 1, 0, 0, 3, 2, 1, 2, 3, 3, 0, 2, 1, 3], dtype=object)]
[813, array([-90., -45., -45.,   0.]), array([0, 3, 0, 2, 2, 0, 3, 0, 2, 2, 0, 2, 3, 3, 0, 3, 2, 3, 0, 0, 0, 3,
       1, 2, 0, 1, 3, 1, 0, 0, 3, 2, 2, 2, 3, 3, 0, 2, 1, 3], dtype=object)]
[817, array([-90., -45., -45.,   0.]), array([0, 3, 0, 2, 2, 0, 3, 0, 2, 2, 2, 2, 3, 3, 0, 3, 2, 3, 0, 0, 0, 3,
       1, 2, 0, 1, 3, 1, 0, 0, 3, 2, 1, 2, 3, 3, 0, 2, 1, 3], dtype=object)]
[821, array([-90., -45., -45.,   0.]), array([0, 3, 0, 2, 2, 0, 3, 0, 2, 2, 0, 2, 2, 3, 0, 3, 2, 3, 0, 0, 0, 3,
       1, 2, 0, 1, 3, 1, 0, 0, 3, 2, 1, 2, 3, 3, 0, 2, 1, 3], dtype=object)]
[861, array([-90., -45., -45.,   0.]), array([0, 3, 0, 2, 2, 0, 3, 0, 2, 2, 1, 2, 1, 3, 0, 2, 2, 3, 0, 0, 0, 3,
       1, 2, 0, 1, 3, 1, 0, 0, 3, 2, 1, 2, 3, 3, 0, 2, 1, 3], dtype=object)]
[818, array([-90., -45., -45.,   0.]), array([0, 3, 0, 2, 2, 0, 3, 0, 2, 2, 1, 2, 1, 3, 0, 3, 2, 3, 0, 0, 0, 3,
       1, 2, 0, 1, 3, 1, 0, 0, 3, 2, 2, 2, 3, 3, 0, 2, 1, 3], dtype=object)]
[814, array([-90., -45., -45.,   0.]), array([0, 3, 0, 2, 2, 0, 3, 0, 2, 2, 2, 2, 3, 3, 0, 2, 2, 3, 0, 0, 0, 3,
       1, 2, 0, 1, 3, 1, 0, 0, 3, 2, 1, 2, 3, 3, 0, 2, 1, 3], dtype=object)]
[822, array([-90., -45., -45.,   0.]), array([0, 3, 0, 2, 2, 0, 3, 0, 2, 2, 0, 2, 3, 3, 0, 2, 2, 3, 0, 0, 0, 3,
       1, 2, 0, 1, 3, 1, 0, 0, 3, 2, 1, 2, 3, 3, 0, 2, 1, 3], dtype=object)]
[862, array([-80., -40., -40.,   0.]), array([0, 3, 0, 2, 2, 0, 3, 0, 2, 2, 1, 2, 1, 3, 0, 2, 2, 3, 0, 0, 0, 3,
       1, 3, 0, 1, 3, 1, 0, 0, 3, 2, 1, 2, 3, 3, 0, 2, 1, 3], dtype=object)]
[819, array([-90., -45., -45.,   0.]), array([0, 3, 0, 2, 2, 0, 3, 0, 2, 2, 2, 2, 3, 3, 0, 3, 2, 3, 0, 0, 0, 3,
       1, 2, 0, 1, 3, 1, 0, 0, 3, 2, 1, 2, 3, 3, 0, 2, 1, 3], dtype=object)]
[815, array([-90., -45., -45.,   0.]), array([0, 3, 0, 2, 2, 0, 3, 0, 2, 2, 0, 2, 3, 3, 0, 3, 2, 3, 0, 0, 0, 3,
       1, 2, 0, 1, 3, 1, 0, 0, 3, 2, 1, 2, 3, 3, 0, 2, 1, 3], dtype=object)]
[823, array([-90., -45., -45.,   0.]), array([0, 3, 0, 2, 2, 0, 3, 0, 2, 2, 0, 2, 0, 3, 0, 3, 2, 3, 0, 0, 0, 3,
       1, 2, 0, 1, 3, 1, 0, 0, 3, 2, 1, 2, 3, 3, 0, 2, 1, 3], dtype=object)]
[863, array([-90., -45., -45.,   0.]), array([0, 3, 0, 2, 2, 0, 3, 0, 2, 2, 1, 2, 1, 3, 0, 2, 2, 3, 0, 0, 0, 3,
       1, 2, 0, 1, 3, 1, 0, 0, 3, 2, 1, 2, 3, 3, 0, 2, 1, 3], dtype=object)]
[820, array([-90., -45., -45.,   0.]), array([0, 3, 0, 2, 2, 0, 3, 0, 2, 2, 0, 2, 1, 3, 0, 3, 2, 3, 0, 0, 0, 3,
       1, 2, 0, 1, 3, 1, 0, 0, 3, 2, 2, 2, 3, 3, 0, 2, 1, 3], dtype=object)]
[816, array([-90., -45., -45.,   0.]), array([0, 3, 0, 2, 2, 0, 3, 0, 2, 2, 2, 2, 3, 3, 0, 3, 2, 3, 0, 0, 0, 3,
       1, 2, 0, 1, 3, 1, 0, 0, 3, 2, 2, 2, 3, 3, 0, 2, 1, 3], dtype=object)]
[824, array([-90., -45., -45.,   0.]), array([0, 3, 0, 2, 2, 0, 3, 0, 2, 2, 1, 2, 3, 3, 0, 2, 2, 3, 0, 0, 0, 3,
       1, 2, 0, 1, 3, 1, 0, 0, 3, 2, 1, 2, 3, 3, 0, 2, 1, 3], dtype=object)]
[864, array([-80., -40., -40.,   0.]), array([0, 3, 0, 2, 2, 0, 3, 0, 2, 2, 1, 2, 1, 3, 0, 1, 2, 3, 0, 0, 0, 3,
       1, 2, 0, 1, 3, 1, 0, 0, 2, 2, 1, 2, 3, 3, 0, 2, 1, 3], dtype=object)]
[821, array([-90., -45., -45.,   0.]), array([0, 3, 0, 2, 2, 0, 3, 0, 2, 2, 0, 2, 2, 3, 0, 3, 2, 3, 0, 0, 0, 3,
       1, 2, 0, 1, 3, 1, 0, 0, 3, 2, 1, 2, 3, 3, 0, 2, 1, 3], dtype=object)]
[817, array([-90., -45., -45.,   0.]), array([0, 3, 0, 2, 2, 0, 3, 0, 2, 2, 2, 2, 3, 3, 0, 3, 2, 3, 0, 0, 0, 3,
       1, 2, 0, 1, 3, 1, 0, 0, 3, 2, 1, 2, 3, 3, 0, 2, 1, 3], dtype=object)]
[825, array([-90., -45., -45.,   0.]), array([0, 3, 0, 2, 2, 0, 3, 0, 2, 2, 1, 2, 2, 3, 0, 3, 2, 3, 0, 0, 0, 3,
       1, 2, 0, 1, 3, 1, 0, 0, 3, 2, 1, 2, 3, 3, 0, 2, 1, 3], dtype=object)]
[865, array([-90., -45., -45.,   0.]), array([0, 3, 0, 2, 2, 0, 3, 0, 2, 2, 1, 2, 1, 3, 0, 1, 2, 3, 0, 0, 0, 3,
       1, 2, 0, 1, 3, 1, 0, 0, 3, 2, 1, 2, 3, 3, 0, 2, 1, 3], dtype=object)]
[822, array([-90., -45., -45.,   0.]), array([0, 3, 0, 2, 2, 0, 3, 0, 2, 2, 0, 2, 3, 3, 0, 2, 2, 3, 0, 0, 0, 3,
       1, 2, 0, 1, 3, 1, 0, 0, 3, 2, 1, 2, 3, 3, 0, 2, 1, 3], dtype=object)]
[818, array([-90., -45., -45.,   0.]), array([0, 3, 0, 2, 2, 0, 3, 0, 2, 2, 1, 2, 1, 3, 0, 3, 2, 3, 0, 0, 0, 3,
       1, 2, 0, 1, 3, 1, 0, 0, 3, 2, 2, 2, 3, 3, 0, 2, 1, 3], dtype=object)]
[826, array([-90., -45., -45.,   0.]), array([0, 3, 0, 2, 2, 0, 3, 0, 2, 2, 0, 2, 2, 3, 0, 3, 2, 3, 0, 0, 0, 3,
       1, 2, 0, 1, 3, 1, 0, 0, 3, 2, 2, 2, 3, 3, 0, 2, 1, 3], dtype=object)]
[866, array([-90., -45., -45.,   0.]), array([0, 3, 0, 2, 2, 0, 3, 0, 2, 2, 1, 2, 1, 3, 0, 2, 2, 3, 0, 0, 0, 3,
       1, 2, 0, 1, 3, 1, 0, 0, 3, 2, 3, 2, 3, 3, 0, 2, 1, 3], dtype=object)]
[823, array([-90., -45., -45.,   0.]), array([0, 3, 0, 2, 2, 0, 3, 0, 2, 2, 0, 2, 0, 3, 0, 3, 2, 3, 0, 0, 0, 3,
       1, 2, 0, 1, 3, 1, 0, 0, 3, 2, 1, 2, 3, 3, 0, 2, 1, 3], dtype=object)]
[819, array([-90., -45., -45.,   0.]), array([0, 3, 0, 2, 2, 0, 3, 0, 2, 2, 2, 2, 3, 3, 0, 3, 2, 3, 0, 0, 0, 3,
       1, 2, 0, 1, 3, 1, 0, 0, 3, 2, 1, 2, 3, 3, 0, 2, 1, 3], dtype=object)]
[867, array([-90., -45., -45.,   0.]), array([0, 3, 0, 2, 2, 0, 3, 0, 2, 2, 1, 2, 1, 3, 0, 1, 2, 3, 0, 0, 0, 3,
       1, 2, 0, 1, 3, 1, 0, 0, 3, 2, 1, 2, 3, 3, 0, 2, 1, 3], dtype=object)]
[827, array([-90., -45., -45.,   0.]), array([0, 3, 0, 2, 2, 0, 3, 0, 2, 2, 0, 2, 2, 3, 0, 3, 2, 3, 0, 0, 0, 3,
       1, 2, 0, 1, 3, 1, 0, 0, 3, 2, 1, 2, 3, 3, 0, 2, 1, 3], dtype=object)]
[824, array([-90., -45., -45.,   0.]), array([0, 3, 0, 2, 2, 0, 3, 0, 2, 2, 1, 2, 3, 3, 0, 2, 2, 3, 0, 0, 0, 3,
       1, 2, 0, 1, 3, 1, 0, 0, 3, 2, 1, 2, 3, 3, 0, 2, 1, 3], dtype=object)]
[820, array([-90., -45., -45.,   0.]), array([0, 3, 0, 2, 2, 0, 3, 0, 2, 2, 0, 2, 1, 3, 0, 3, 2, 3, 0, 0, 0, 3,
       1, 2, 0, 1, 3, 1, 0, 0, 3, 2, 2, 2, 3, 3, 0, 2, 1, 3], dtype=object)]
[868, array([-80., -40., -40.,   0.]), array([0, 3, 0, 2, 2, 0, 3, 0, 2, 2, 0, 2, 1, 3, 0, 1, 2, 3, 0, 0, 0, 3,
       1, 2, 0, 1, 3, 1, 0, 0, 3, 2, 1, 2, 3, 3, 0, 2, 1, 0], dtype=object)]
[828, array([-90., -45., -45.,   0.]), array([0, 3, 0, 2, 2, 0, 3, 0, 2, 2, 1, 2, 1, 3, 0, 2, 2, 3, 0, 0, 0, 3,
       1, 2, 0, 1, 3, 1, 0, 0, 3, 2, 2, 2, 3, 3, 0, 2, 1, 3], dtype=object)]
[825, array([-90., -45., -45.,   0.]), array([0, 3, 0, 2, 2, 0, 3, 0, 2, 2, 1, 2, 2, 3, 0, 3, 2, 3, 0, 0, 0, 3,
       1, 2, 0, 1, 3, 1, 0, 0, 3, 2, 1, 2, 3, 3, 0, 2, 1, 3], dtype=object)]
[821, array([-90., -45., -45.,   0.]), array([0, 3, 0, 2, 2, 0, 3, 0, 2, 2, 0, 2, 2, 3, 0, 3, 2, 3, 0, 0, 0, 3,
       1, 2, 0, 1, 3, 1, 0, 0, 3, 2, 1, 2, 3, 3, 0, 2, 1, 3], dtype=object)]
[869, array([-90., -45., -45.,   0.]), array([0, 3, 0, 2, 2, 0, 3, 0, 2, 2, 0, 2, 1, 3, 0, 2, 2, 3, 0, 0, 0, 3,
       1, 2, 0, 1, 3, 1, 0, 0, 3, 2, 1, 2, 3, 3, 0, 2, 1, 3], dtype=object)]
[829, array([-90., -45., -45.,   0.]), array([0, 3, 0, 2, 2, 0, 3, 0, 2, 2, 0, 2, 1, 3, 0, 3, 2, 3, 0, 0, 0, 3,
       1, 2, 0, 1, 3, 1, 0, 0, 3, 2, 1, 2, 3, 3, 0, 2, 1, 3], dtype=object)]
[826, array([-90., -45., -45.,   0.]), array([0, 3, 0, 2, 2, 0, 3, 0, 2, 2, 0, 2, 2, 3, 0, 3, 2, 3, 0, 0, 0, 3,
       1, 2, 0, 1, 3, 1, 0, 0, 3, 2, 2, 2, 3, 3, 0, 2, 1, 3], dtype=object)]
[822, array([-90., -45., -45.,   0.]), array([0, 3, 0, 2, 2, 0, 3, 0, 2, 2, 0, 2, 3, 3, 0, 2, 2, 3, 0, 0, 0, 3,
       1, 2, 0, 1, 3, 1, 0, 0, 3, 2, 1, 2, 3, 3, 0, 2, 1, 3], dtype=object)]
[870, array([-90., -45., -45.,   0.]), array([0, 3, 0, 2, 2, 0, 3, 0, 2, 2, 1, 2, 1, 3, 0, 2, 2, 3, 0, 0, 0, 3,
       1, 2, 0, 1, 3, 1, 0, 0, 3, 2, 3, 2, 3, 3, 0, 2, 1, 3], dtype=object)]
[830, array([-90., -45., -45.,   0.]), array([0, 3, 0, 2, 2, 0, 3, 0, 2, 2, 1, 2, 1, 3, 0, 0, 2, 3, 0, 0, 0, 3,
       1, 2, 0, 1, 3, 1, 0, 0, 3, 2, 1, 2, 3, 3, 0, 2, 1, 3], dtype=object)]
[827, array([-90., -45., -45.,   0.]), array([0, 3, 0, 2, 2, 0, 3, 0, 2, 2, 0, 2, 2, 3, 0, 3, 2, 3, 0, 0, 0, 3,
       1, 2, 0, 1, 3, 1, 0, 0, 3, 2, 1, 2, 3, 3, 0, 2, 1, 3], dtype=object)]
[823, array([-90., -45., -45.,   0.]), array([0, 3, 0, 2, 2, 0, 3, 0, 2, 2, 0, 2, 0, 3, 0, 3, 2, 3, 0, 0, 0, 3,
       1, 2, 0, 1, 3, 1, 0, 0, 3, 2, 1, 2, 3, 3, 0, 2, 1, 3], dtype=object)]
[871, array([-90., -45., -45.,   0.]), array([0, 3, 0, 2, 2, 0, 3, 0, 2, 2, 1, 2, 1, 3, 0, 2, 2, 3, 0, 0, 0, 3,
       1, 2, 0, 1, 3, 1, 0, 0, 3, 2, 1, 2, 3, 3, 0, 2, 1, 3], dtype=object)]
[831, array([-90., -45., -45.,   0.]), array([0, 3, 0, 2, 2, 0, 3, 0, 2, 2, 1, 2, 1, 3, 0, 2, 2, 3, 0, 0, 0, 3,
       1, 2, 0, 1, 3, 1, 0, 0, 3, 2, 1, 2, 3, 3, 0, 2, 1, 3], dtype=object)]
[828, array([-90., -45., -45.,   0.]), array([0, 3, 0, 2, 2, 0, 3, 0, 2, 2, 1, 2, 1, 3, 0, 2, 2, 3, 0, 0, 0, 3,
       1, 2, 0, 1, 3, 1, 0, 0, 3, 2, 2, 2, 3, 3, 0, 2, 1, 3], dtype=object)]
[824, array([-90., -45., -45.,   0.]), array([0, 3, 0, 2, 2, 0, 3, 0, 2, 2, 1, 2, 3, 3, 0, 2, 2, 3, 0, 0, 0, 3,
       1, 2, 0, 1, 3, 1, 0, 0, 3, 2, 1, 2, 3, 3, 0, 2, 1, 3], dtype=object)]
[872, array([-90., -45., -45.,   0.]), array([0, 3, 0, 2, 2, 0, 3, 0, 2, 2, 1, 2, 1, 3, 0, 0, 2, 3, 0, 0, 0, 3,
       1, 2, 0, 1, 3, 1, 0, 0, 3, 2, 1, 2, 3, 3, 0, 2, 1, 3], dtype=object)]
[832, array([-90., -45., -45.,   0.]), array([0, 3, 0, 2, 2, 0, 3, 0, 2, 2, 1, 2, 1, 3, 0, 3, 2, 3, 0, 0, 0, 3,
       1, 2, 0, 1, 3, 1, 0, 0, 3, 2, 1, 2, 3, 3, 0, 2, 1, 3], dtype=object)]
[829, array([-90., -45., -45.,   0.]), array([0, 3, 0, 2, 2, 0, 3, 0, 2, 2, 0, 2, 1, 3, 0, 3, 2, 3, 0, 0, 0, 3,
       1, 2, 0, 1, 3, 1, 0, 0, 3, 2, 1, 2, 3, 3, 0, 2, 1, 3], dtype=object)]
[825, array([-90., -45., -45.,   0.]), array([0, 3, 0, 2, 2, 0, 3, 0, 2, 2, 1, 2, 2, 3, 0, 3, 2, 3, 0, 0, 0, 3,
       1, 2, 0, 1, 3, 1, 0, 0, 3, 2, 1, 2, 3, 3, 0, 2, 1, 3], dtype=object)]
[873, array([-90., -45., -45.,   0.]), array([0, 3, 0, 2, 2, 0, 3, 0, 2, 2, 1, 2, 1, 3, 0, 2, 2, 3, 0, 0, 0, 3,
       1, 2, 0, 1, 3, 1, 0, 0, 3, 2, 1, 2, 3, 3, 0, 2, 1, 3], dtype=object)]
[833, array([-90., -45., -45.,   0.]), array([0, 3, 0, 2, 2, 0, 3, 0, 2, 2, 1, 2, 1, 3, 0, 3, 2, 3, 0, 0, 0, 3,
       1, 2, 0, 1, 3, 1, 0, 0, 3, 2, 2, 2, 3, 3, 0, 2, 1, 3], dtype=object)]
[830, array([-90., -45., -45.,   0.]), array([0, 3, 0, 2, 2, 0, 3, 0, 2, 2, 1, 2, 1, 3, 0, 0, 2, 3, 0, 0, 0, 3,
       1, 2, 0, 1, 3, 1, 0, 0, 3, 2, 1, 2, 3, 3, 0, 2, 1, 3], dtype=object)]
[826, array([-90., -45., -45.,   0.]), array([0, 3, 0, 2, 2, 0, 3, 0, 2, 2, 0, 2, 2, 3, 0, 3, 2, 3, 0, 0, 0, 3,
       1, 2, 0, 1, 3, 1, 0, 0, 3, 2, 2, 2, 3, 3, 0, 2, 1, 3], dtype=object)]
[874, array([-90., -45., -45.,   0.]), array([0, 3, 0, 2, 2, 0, 3, 0, 2, 2, 1, 2, 1, 3, 0, 2, 2, 3, 0, 0, 0, 3,
       1, 2, 0, 1, 3, 1, 0, 0, 3, 2, 0, 2, 3, 3, 0, 2, 1, 3], dtype=object)]
[834, array([-90., -45., -45.,   0.]), array([0, 3, 0, 2, 2, 0, 3, 0, 2, 2, 0, 2, 1, 3, 0, 2, 2, 3, 0, 0, 0, 3,
       1, 2, 0, 1, 3, 1, 0, 0, 3, 2, 2, 2, 3, 3, 0, 2, 1, 3], dtype=object)]
[831, array([-90., -45., -45.,   0.]), array([0, 3, 0, 2, 2, 0, 3, 0, 2, 2, 1, 2, 1, 3, 0, 2, 2, 3, 0, 0, 0, 3,
       1, 2, 0, 1, 3, 1, 0, 0, 3, 2, 1, 2, 3, 3, 0, 2, 1, 3], dtype=object)]
[827, array([-90., -45., -45.,   0.]), array([0, 3, 0, 2, 2, 0, 3, 0, 2, 2, 0, 2, 2, 3, 0, 3, 2, 3, 0, 0, 0, 3,
       1, 2, 0, 1, 3, 1, 0, 0, 3, 2, 1, 2, 3, 3, 0, 2, 1, 3], dtype=object)]
[875, array([-90., -45., -45.,   0.]), array([0, 3, 0, 2, 2, 0, 3, 0, 2, 2, 1, 2, 1, 3, 0, 2, 2, 3, 0, 0, 0, 3,
       1, 2, 0, 1, 3, 1, 0, 0, 3, 2, 1, 2, 3, 3, 0, 2, 1, 3], dtype=object)]
[835, array([-90., -45., -45.,   0.]), array([0, 3, 0, 2, 2, 0, 3, 0, 2, 2, 1, 2, 1, 3, 0, 3, 2, 3, 0, 0, 0, 3,
       1, 2, 0, 1, 3, 1, 0, 0, 3, 2, 2, 2, 3, 3, 0, 2, 1, 3], dtype=object)]
[832, array([-90., -45., -45.,   0.]), array([0, 3, 0, 2, 2, 0, 3, 0, 2, 2, 1, 2, 1, 3, 0, 3, 2, 3, 0, 0, 0, 3,
       1, 2, 0, 1, 3, 1, 0, 0, 3, 2, 1, 2, 3, 3, 0, 2, 1, 3], dtype=object)]
[828, array([-90., -45., -45.,   0.]), array([0, 3, 0, 2, 2, 0, 3, 0, 2, 2, 1, 2, 1, 3, 0, 2, 2, 3, 0, 0, 0, 3,
       1, 2, 0, 1, 3, 1, 0, 0, 3, 2, 2, 2, 3, 3, 0, 2, 1, 3], dtype=object)]
[876, array([-90., -45., -45.,   0.]), array([0, 3, 0, 2, 2, 0, 3, 0, 2, 2, 1, 2, 1, 3, 0, 2, 2, 3, 0, 0, 0, 3,
       1, 2, 0, 1, 3, 1, 0, 0, 3, 2, 0, 2, 3, 3, 0, 2, 1, 3], dtype=object)]
[836, array([-90., -45., -45.,   0.]), array([0, 3, 0, 2, 2, 0, 3, 0, 2, 2, 0, 2, 1, 3, 0, 3, 2, 3, 0, 0, 0, 3,
       1, 2, 0, 1, 3, 1, 0, 0, 3, 2, 0, 2, 3, 3, 0, 2, 1, 3], dtype=object)]
[829, array([-90., -45., -45.,   0.]), array([0, 3, 0, 2, 2, 0, 3, 0, 2, 2, 0, 2, 1, 3, 0, 3, 2, 3, 0, 0, 0, 3,
       1, 2, 0, 1, 3, 1, 0, 0, 3, 2, 1, 2, 3, 3, 0, 2, 1, 3], dtype=object)]
[877, array([-90., -45., -45.,   0.]), array([0, 3, 0, 2, 2, 0, 3, 0, 2, 2, 0, 2, 2, 3, 0, 1, 2, 3, 0, 0, 0, 3,
       1, 2, 0, 1, 3, 1, 0, 0, 3, 2, 1, 2, 3, 3, 0, 2, 1, 3], dtype=object)]
[833, array([-90., -45., -45.,   0.]), array([0, 3, 0, 2, 2, 0, 3, 0, 2, 2, 1, 2, 1, 3, 0, 3, 2, 3, 0, 0, 0, 3,
       1, 2, 0, 1, 3, 1, 0, 0, 3, 2, 2, 2, 3, 3, 0, 2, 1, 3], dtype=object)]
[837, array([-90., -45., -45.,   0.]), array([0, 3, 0, 2, 2, 0, 3, 0, 2, 2, 1, 2, 1, 3, 0, 3, 2, 3, 0, 0, 0, 3,
       1, 2, 0, 1, 3, 1, 0, 0, 3, 2, 0, 2, 3, 3, 0, 2, 1, 3], dtype=object)]
[878, array([-90., -45., -45.,   0.]), array([0, 3, 0, 2, 2, 0, 3, 0, 2, 2, 1, 2, 1, 3, 0, 2, 2, 3, 0, 0, 0, 3,
       1, 2, 0, 1, 3, 1, 0, 0, 3, 2, 0, 2, 3, 3, 0, 2, 1, 3], dtype=object)]
[830, array([-90., -45., -45.,   0.]), array([0, 3, 0, 2, 2, 0, 3, 0, 2, 2, 1, 2, 1, 3, 0, 0, 2, 3, 0, 0, 0, 3,
       1, 2, 0, 1, 3, 1, 0, 0, 3, 2, 1, 2, 3, 3, 0, 2, 1, 3], dtype=object)]
[834, array([-90., -45., -45.,   0.]), array([0, 3, 0, 2, 2, 0, 3, 0, 2, 2, 0, 2, 1, 3, 0, 2, 2, 3, 0, 0, 0, 3,
       1, 2, 0, 1, 3, 1, 0, 0, 3, 2, 2, 2, 3, 3, 0, 2, 1, 3], dtype=object)]
[838, array([-90., -45., -45.,   0.]), array([0, 3, 0, 2, 2, 0, 3, 0, 2, 2, 0, 2, 1, 3, 0, 2, 2, 3, 0, 0, 0, 3,
       1, 2, 0, 1, 3, 1, 0, 0, 3, 2, 0, 2, 3, 3, 0, 2, 1, 3], dtype=object)]
[831, array([-90., -45., -45.,   0.]), array([0, 3, 0, 2, 2, 0, 3, 0, 2, 2, 1, 2, 1, 3, 0, 2, 2, 3, 0, 0, 0, 3,
       1, 2, 0, 1, 3, 1, 0, 0, 3, 2, 1, 2, 3, 3, 0, 2, 1, 3], dtype=object)]
[879, array([-90., -45., -45.,   0.]), array([0, 3, 0, 2, 2, 0, 3, 0, 2, 2, 0, 2, 2, 3, 0, 1, 2, 3, 0, 0, 0, 3,
       1, 2, 0, 1, 3, 1, 0, 0, 3, 2, 1, 2, 3, 3, 0, 2, 1, 3], dtype=object)]
[835, array([-90., -45., -45.,   0.]), array([0, 3, 0, 2, 2, 0, 3, 0, 2, 2, 1, 2, 1, 3, 0, 3, 2, 3, 0, 0, 0, 3,
       1, 2, 0, 1, 3, 1, 0, 0, 3, 2, 2, 2, 3, 3, 0, 2, 1, 3], dtype=object)]
[839, array([-90., -45., -45.,   0.]), array([0, 3, 0, 2, 2, 0, 3, 0, 2, 2, 1, 2, 1, 3, 0, 3, 2, 3, 0, 0, 0, 3,
       1, 2, 0, 1, 3, 1, 0, 0, 3, 2, 1, 2, 3, 3, 0, 2, 1, 3], dtype=object)]
[832, array([-90., -45., -45.,   0.]), array([0, 3, 0, 2, 2, 0, 3, 0, 2, 2, 1, 2, 1, 3, 0, 3, 2, 3, 0, 0, 0, 3,
       1, 2, 0, 1, 3, 1, 0, 0, 3, 2, 1, 2, 3, 3, 0, 2, 1, 3], dtype=object)]
[880, array([-90., -45., -45.,   0.]), array([0, 3, 0, 2, 2, 0, 3, 0, 2, 2, 0, 2, 2, 3, 0, 2, 2, 3, 0, 0, 0, 3,
       1, 2, 0, 1, 3, 1, 0, 0, 3, 2, 1, 2, 3, 3, 0, 2, 1, 3], dtype=object)]
[836, array([-90., -45., -45.,   0.]), array([0, 3, 0, 2, 2, 0, 3, 0, 2, 2, 0, 2, 1, 3, 0, 3, 2, 3, 0, 0, 0, 3,
       1, 2, 0, 1, 3, 1, 0, 0, 3, 2, 0, 2, 3, 3, 0, 2, 1, 3], dtype=object)]
[840, array([-90., -45., -45.,   0.]), array([0, 3, 0, 2, 2, 0, 3, 0, 2, 2, 1, 2, 1, 3, 0, 3, 2, 3, 0, 0, 0, 3,
       1, 2, 0, 1, 3, 1, 0, 0, 3, 2, 2, 2, 3, 3, 0, 2, 1, 3], dtype=object)]
[833, array([-90., -45., -45.,   0.]), array([0, 3, 0, 2, 2, 0, 3, 0, 2, 2, 1, 2, 1, 3, 0, 3, 2, 3, 0, 0, 0, 3,
       1, 2, 0, 1, 3, 1, 0, 0, 3, 2, 2, 2, 3, 3, 0, 2, 1, 3], dtype=object)]
[881, array([-90., -45., -45.,   0.]), array([0, 3, 0, 2, 2, 0, 3, 0, 2, 2, 1, 2, 1, 3, 0, 1, 2, 3, 0, 0, 0, 3,
       1, 2, 0, 1, 3, 1, 0, 0, 3, 2, 1, 2, 3, 3, 0, 2, 1, 3], dtype=object)]
[837, array([-90., -45., -45.,   0.]), array([0, 3, 0, 2, 2, 0, 3, 0, 2, 2, 1, 2, 1, 3, 0, 3, 2, 3, 0, 0, 0, 3,
       1, 2, 0, 1, 3, 1, 0, 0, 3, 2, 0, 2, 3, 3, 0, 2, 1, 3], dtype=object)]
[834, array([-90., -45., -45.,   0.]), array([0, 3, 0, 2, 2, 0, 3, 0, 2, 2, 0, 2, 1, 3, 0, 2, 2, 3, 0, 0, 0, 3,
       1, 2, 0, 1, 3, 1, 0, 0, 3, 2, 2, 2, 3, 3, 0, 2, 1, 3], dtype=object)]
[841, array([-90., -45., -45.,   0.]), array([0, 3, 0, 2, 2, 0, 3, 0, 2, 2, 1, 2, 1, 3, 0, 2, 2, 3, 0, 0, 0, 3,
       1, 2, 0, 1, 3, 1, 0, 0, 3, 2, 1, 2, 3, 3, 0, 2, 1, 3], dtype=object)]
[882, array([-90., -45., -45.,   0.]), array([0, 3, 0, 2, 2, 0, 3, 0, 2, 2, 0, 2, 2, 3, 0, 2, 2, 3, 0, 0, 0, 3,
       1, 2, 0, 1, 3, 1, 0, 0, 3, 2, 1, 2, 3, 3, 0, 2, 1, 3], dtype=object)]
[838, array([-90., -45., -45.,   0.]), array([0, 3, 0, 2, 2, 0, 3, 0, 2, 2, 0, 2, 1, 3, 0, 2, 2, 3, 0, 0, 0, 3,
       1, 2, 0, 1, 3, 1, 0, 0, 3, 2, 0, 2, 3, 3, 0, 2, 1, 3], dtype=object)]
[842, array([-90., -45., -45.,   0.]), array([0, 3, 0, 2, 2, 0, 3, 0, 2, 2, 0, 2, 1, 3, 0, 2, 2, 3, 0, 0, 0, 3,
       1, 2, 0, 1, 3, 1, 0, 0, 3, 2, 2, 2, 3, 3, 0, 2, 1, 3], dtype=object)]
[835, array([-90., -45., -45.,   0.]), array([0, 3, 0, 2, 2, 0, 3, 0, 2, 2, 1, 2, 1, 3, 0, 3, 2, 3, 0, 0, 0, 3,
       1, 2, 0, 1, 3, 1, 0, 0, 3, 2, 2, 2, 3, 3, 0, 2, 1, 3], dtype=object)]
[883, array([-90., -45., -45.,   0.]), array([0, 3, 0, 2, 2, 0, 3, 0, 2, 2, 0, 2, 2, 3, 0, 1, 2, 3, 0, 0, 0, 3,
       1, 2, 0, 1, 3, 1, 0, 0, 3, 2, 1, 2, 3, 3, 0, 2, 1, 3], dtype=object)]
[839, array([-90., -45., -45.,   0.]), array([0, 3, 0, 2, 2, 0, 3, 0, 2, 2, 1, 2, 1, 3, 0, 3, 2, 3, 0, 0, 0, 3,
       1, 2, 0, 1, 3, 1, 0, 0, 3, 2, 1, 2, 3, 3, 0, 2, 1, 3], dtype=object)]
[884, array([-90., -45., -45.,   0.]), array([0, 3, 0, 2, 2, 0, 3, 0, 2, 2, 1, 2, 1, 3, 0, 0, 2, 3, 0, 0, 0, 3,
       1, 2, 0, 1, 3, 1, 0, 0, 3, 2, 1, 2, 3, 3, 0, 2, 1, 3], dtype=object)]
[836, array([-90., -45., -45.,   0.]), array([0, 3, 0, 2, 2, 0, 3, 0, 2, 2, 0, 2, 1, 3, 0, 3, 2, 3, 0, 0, 0, 3,
       1, 2, 0, 1, 3, 1, 0, 0, 3, 2, 0, 2, 3, 3, 0, 2, 1, 3], dtype=object)]
[843, array([-90., -45., -45.,   0.]), array([0, 3, 0, 2, 2, 0, 3, 0, 2, 2, 1, 2, 1, 3, 0, 2, 2, 3, 0, 0, 0, 3,
       1, 2, 0, 1, 3, 1, 0, 0, 3, 2, 2, 2, 3, 3, 0, 2, 1, 3], dtype=object)]
[840, array([-90., -45., -45.,   0.]), array([0, 3, 0, 2, 2, 0, 3, 0, 2, 2, 1, 2, 1, 3, 0, 3, 2, 3, 0, 0, 0, 3,
       1, 2, 0, 1, 3, 1, 0, 0, 3, 2, 2, 2, 3, 3, 0, 2, 1, 3], dtype=object)]
[885, array([-90., -45., -45.,   0.]), array([0, 3, 0, 2, 2, 0, 3, 0, 2, 2, 0, 2, 2, 3, 0, 1, 2, 3, 0, 0, 0, 3,
       1, 2, 0, 1, 3, 1, 0, 0, 3, 2, 3, 2, 3, 3, 0, 2, 1, 3], dtype=object)]
[844, array([-76., -38., -38.,   0.]), array([0, 3, 0, 2, 2, 0, 3, 0, 2, 2, 0, 2, 1, 3, 0, 2, 2, 3, 0, 0, 0, 3,
       1, 2, 0, 0, 3, 1, 0, 0, 3, 2, 1, 2, 3, 3, 0, 2, 1, 3], dtype=object)]
[837, array([-90., -45., -45.,   0.]), array([0, 3, 0, 2, 2, 0, 3, 0, 2, 2, 1, 2, 1, 3, 0, 3, 2, 3, 0, 0, 0, 3,
       1, 2, 0, 1, 3, 1, 0, 0, 3, 2, 0, 2, 3, 3, 0, 2, 1, 3], dtype=object)]
[841, array([-90., -45., -45.,   0.]), array([0, 3, 0, 2, 2, 0, 3, 0, 2, 2, 1, 2, 1, 3, 0, 2, 2, 3, 0, 0, 0, 3,
       1, 2, 0, 1, 3, 1, 0, 0, 3, 2, 1, 2, 3, 3, 0, 2, 1, 3], dtype=object)]
[886, array([-90., -45., -45.,   0.]), array([0, 3, 0, 2, 2, 0, 3, 0, 2, 2, 0, 2, 2, 3, 0, 1, 2, 3, 0, 0, 0, 3,
       1, 2, 0, 1, 3, 1, 0, 0, 3, 2, 2, 2, 3, 3, 0, 2, 1, 3], dtype=object)]
[838, array([-90., -45., -45.,   0.]), array([0, 3, 0, 2, 2, 0, 3, 0, 2, 2, 0, 2, 1, 3, 0, 2, 2, 3, 0, 0, 0, 3,
       1, 2, 0, 1, 3, 1, 0, 0, 3, 2, 0, 2, 3, 3, 0, 2, 1, 3], dtype=object)]
[845, array([-90., -45., -45.,   0.]), array([0, 3, 0, 2, 2, 0, 3, 0, 2, 2, 0, 2, 1, 3, 0, 2, 2, 3, 0, 0, 0, 3,
       1, 2, 0, 1, 3, 1, 0, 0, 3, 2, 1, 2, 3, 3, 0, 2, 1, 3], dtype=object)]
[842, array([-90., -45., -45.,   0.]), array([0, 3, 0, 2, 2, 0, 3, 0, 2, 2, 0, 2, 1, 3, 0, 2, 2, 3, 0, 0, 0, 3,
       1, 2, 0, 1, 3, 1, 0, 0, 3, 2, 2, 2, 3, 3, 0, 2, 1, 3], dtype=object)]
[887, array([-90., -45., -45.,   0.]), array([0, 3, 0, 2, 2, 0, 3, 0, 2, 2, 0, 2, 2, 3, 0, 1, 2, 3, 0, 0, 0, 3,
       1, 2, 0, 1, 3, 1, 0, 0, 3, 2, 0, 2, 3, 3, 0, 2, 1, 3], dtype=object)]
[846, array([-80., -40., -40.,   0.]), array([0, 3, 0, 2, 2, 0, 3, 0, 2, 2, 0, 2, 1, 3, 0, 3, 2, 3, 0, 0, 0, 3,
       1, 2, 0, 1, 3, 1, 0, 0, 2, 2, 2, 2, 3, 3, 0, 2, 1, 3], dtype=object)]
[839, array([-90., -45., -45.,   0.]), array([0, 3, 0, 2, 2, 0, 3, 0, 2, 2, 1, 2, 1, 3, 0, 3, 2, 3, 0, 0, 0, 3,
       1, 2, 0, 1, 3, 1, 0, 0, 3, 2, 1, 2, 3, 3, 0, 2, 1, 3], dtype=object)]
[843, array([-90., -45., -45.,   0.]), array([0, 3, 0, 2, 2, 0, 3, 0, 2, 2, 1, 2, 1, 3, 0, 2, 2, 3, 0, 0, 0, 3,
       1, 2, 0, 1, 3, 1, 0, 0, 3, 2, 2, 2, 3, 3, 0, 2, 1, 3], dtype=object)]
[888, array([-90., -45., -45.,   0.]), array([0, 3, 0, 2, 2, 0, 3, 0, 2, 2, 0, 2, 1, 3, 0, 2, 2, 3, 0, 0, 0, 3,
       1, 2, 0, 1, 3, 1, 0, 0, 3, 2, 0, 2, 3, 3, 0, 2, 1, 3], dtype=object)]
[840, array([-90., -45., -45.,   0.]), array([0, 3, 0, 2, 2, 0, 3, 0, 2, 2, 1, 2, 1, 3, 0, 3, 2, 3, 0, 0, 0, 3,
       1, 2, 0, 1, 3, 1, 0, 0, 3, 2, 2, 2, 3, 3, 0, 2, 1, 3], dtype=object)]
[847, array([-90., -45., -45.,   0.]), array([0, 3, 0, 2, 2, 0, 3, 0, 2, 2, 0, 2, 1, 3, 0, 3, 2, 3, 0, 0, 0, 3,
       1, 2, 0, 1, 3, 1, 0, 0, 3, 2, 3, 2, 3, 3, 0, 2, 1, 3], dtype=object)]
[844, array([-76., -38., -38.,   0.]), array([0, 3, 0, 2, 2, 0, 3, 0, 2, 2, 0, 2, 1, 3, 0, 2, 2, 3, 0, 0, 0, 3,
       1, 2, 0, 0, 3, 1, 0, 0, 3, 2, 1, 2, 3, 3, 0, 2, 1, 3], dtype=object)]
[889, array([-90., -45., -45.,   0.]), array([0, 3, 0, 2, 2, 0, 3, 0, 2, 2, 0, 2, 2, 3, 0, 3, 2, 3, 0, 0, 0, 3,
       1, 2, 0, 1, 3, 1, 0, 0, 3, 2, 1, 2, 3, 3, 0, 2, 1, 3], dtype=object)]
[848, array([-90., -45., -45.,   0.]), array([0, 3, 0, 2, 2, 0, 3, 0, 2, 2, 1, 2, 1, 3, 0, 2, 2, 3, 0, 0, 0, 3,
       1, 2, 0, 1, 3, 1, 0, 0, 3, 2, 3, 2, 3, 3, 0, 2, 1, 3], dtype=object)]
[841, array([-90., -45., -45.,   0.]), array([0, 3, 0, 2, 2, 0, 3, 0, 2, 2, 1, 2, 1, 3, 0, 2, 2, 3, 0, 0, 0, 3,
       1, 2, 0, 1, 3, 1, 0, 0, 3, 2, 1, 2, 3, 3, 0, 2, 1, 3], dtype=object)]
[845, array([-90., -45., -45.,   0.]), array([0, 3, 0, 2, 2, 0, 3, 0, 2, 2, 0, 2, 1, 3, 0, 2, 2, 3, 0, 0, 0, 3,
       1, 2, 0, 1, 3, 1, 0, 0, 3, 2, 1, 2, 3, 3, 0, 2, 1, 3], dtype=object)]
[890, array([-90., -45., -45.,   0.]), array([0, 3, 0, 2, 2, 0, 3, 0, 2, 2, 0, 2, 2, 3, 0, 3, 2, 3, 0, 0, 0, 3,
       1, 2, 0, 1, 3, 1, 0, 0, 3, 2, 2, 2, 3, 3, 0, 2, 1, 3], dtype=object)]
[842, array([-90., -45., -45.,   0.]), array([0, 3, 0, 2, 2, 0, 3, 0, 2, 2, 0, 2, 1, 3, 0, 2, 2, 3, 0, 0, 0, 3,
       1, 2, 0, 1, 3, 1, 0, 0, 3, 2, 2, 2, 3, 3, 0, 2, 1, 3], dtype=object)]
[849, array([-90., -45., -45.,   0.]), array([0, 3, 0, 2, 2, 0, 3, 0, 2, 2, 0, 2, 1, 3, 0, 3, 2, 3, 0, 0, 0, 3,
       1, 2, 0, 1, 3, 1, 0, 0, 3, 2, 1, 2, 3, 3, 0, 2, 1, 3], dtype=object)]
[846, array([-80., -40., -40.,   0.]), array([0, 3, 0, 2, 2, 0, 3, 0, 2, 2, 0, 2, 1, 3, 0, 3, 2, 3, 0, 0, 0, 3,
       1, 2, 0, 1, 3, 1, 0, 0, 2, 2, 2, 2, 3, 3, 0, 2, 1, 3], dtype=object)]
[891, array([-90., -45., -45.,   0.]), array([0, 3, 0, 2, 2, 0, 3, 0, 2, 2, 0, 2, 2, 3, 0, 3, 2, 3, 0, 0, 0, 3,
       1, 2, 0, 1, 3, 1, 0, 0, 3, 2, 2, 2, 3, 3, 0, 2, 1, 3], dtype=object)]
[843, array([-90., -45., -45.,   0.]), array([0, 3, 0, 2, 2, 0, 3, 0, 2, 2, 1, 2, 1, 3, 0, 2, 2, 3, 0, 0, 0, 3,
       1, 2, 0, 1, 3, 1, 0, 0, 3, 2, 2, 2, 3, 3, 0, 2, 1, 3], dtype=object)]
[850, array([-90., -45., -45.,   0.]), array([0, 3, 0, 2, 2, 0, 3, 0, 2, 2, 1, 2, 3, 3, 0, 2, 2, 3, 0, 0, 0, 3,
       1, 2, 0, 1, 3, 1, 0, 0, 3, 2, 1, 2, 3, 3, 0, 2, 1, 3], dtype=object)]
[847, array([-90., -45., -45.,   0.]), array([0, 3, 0, 2, 2, 0, 3, 0, 2, 2, 0, 2, 1, 3, 0, 3, 2, 3, 0, 0, 0, 3,
       1, 2, 0, 1, 3, 1, 0, 0, 3, 2, 3, 2, 3, 3, 0, 2, 1, 3], dtype=object)]
[892, array([-90., -45., -45.,   0.]), array([0, 3, 0, 2, 2, 0, 3, 0, 2, 2, 0, 2, 2, 3, 0, 3, 2, 3, 0, 0, 0, 3,
       1, 2, 0, 1, 3, 1, 0, 0, 3, 2, 2, 2, 3, 3, 0, 2, 1, 3], dtype=object)]
[844, array([-76., -38., -38.,   0.]), array([0, 3, 0, 2, 2, 0, 3, 0, 2, 2, 0, 2, 1, 3, 0, 2, 2, 3, 0, 0, 0, 3,
       1, 2, 0, 0, 3, 1, 0, 0, 3, 2, 1, 2, 3, 3, 0, 2, 1, 3], dtype=object)]
[851, array([-90., -45., -45.,   0.]), array([0, 3, 0, 2, 2, 0, 3, 0, 2, 2, 0, 2, 1, 3, 0, 3, 2, 3, 0, 0, 0, 3,
       1, 2, 0, 1, 3, 1, 0, 0, 3, 2, 1, 2, 3, 3, 0, 2, 1, 3], dtype=object)]
[848, array([-90., -45., -45.,   0.]), array([0, 3, 0, 2, 2, 0, 3, 0, 2, 2, 1, 2, 1, 3, 0, 2, 2, 3, 0, 0, 0, 3,
       1, 2, 0, 1, 3, 1, 0, 0, 3, 2, 3, 2, 3, 3, 0, 2, 1, 3], dtype=object)]
[893, array([-90., -45., -45.,   0.]), array([0, 3, 0, 2, 2, 0, 3, 0, 2, 2, 0, 2, 2, 3, 0, 3, 2, 3, 0, 0, 0, 3,
       1, 2, 0, 1, 3, 1, 0, 0, 3, 2, 3, 2, 3, 3, 0, 2, 1, 3], dtype=object)]
[845, array([-90., -45., -45.,   0.]), array([0, 3, 0, 2, 2, 0, 3, 0, 2, 2, 0, 2, 1, 3, 0, 2, 2, 3, 0, 0, 0, 3,
       1, 2, 0, 1, 3, 1, 0, 0, 3, 2, 1, 2, 3, 3, 0, 2, 1, 3], dtype=object)]
[852, array([-80., -40., -40.,   0.]), array([0, 3, 0, 2, 2, 0, 3, 0, 2, 2, 1, 2, 1, 3, 0, 2, 2, 3, 0, 1, 0, 3,
       1, 2, 0, 1, 3, 1, 0, 0, 3, 2, 1, 2, 3, 3, 0, 2, 1, 3], dtype=object)]
[849, array([-90., -45., -45.,   0.]), array([0, 3, 0, 2, 2, 0, 3, 0, 2, 2, 0, 2, 1, 3, 0, 3, 2, 3, 0, 0, 0, 3,
       1, 2, 0, 1, 3, 1, 0, 0, 3, 2, 1, 2, 3, 3, 0, 2, 1, 3], dtype=object)]
[894, array([-90., -45., -45.,   0.]), array([0, 3, 0, 2, 2, 0, 3, 0, 2, 2, 2, 2, 1, 3, 0, 2, 2, 3, 0, 0, 0, 3,
       1, 2, 0, 1, 3, 1, 0, 0, 3, 2, 3, 2, 3, 3, 0, 2, 1, 3], dtype=object)]
[846, array([-80., -40., -40.,   0.]), array([0, 3, 0, 2, 2, 0, 3, 0, 2, 2, 0, 2, 1, 3, 0, 3, 2, 3, 0, 0, 0, 3,
       1, 2, 0, 1, 3, 1, 0, 0, 2, 2, 2, 2, 3, 3, 0, 2, 1, 3], dtype=object)]
[853, array([-90., -45., -45.,   0.]), array([0, 3, 0, 2, 2, 0, 3, 0, 2, 2, 0, 2, 1, 3, 0, 3, 2, 3, 0, 0, 0, 3,
       1, 2, 0, 1, 3, 1, 0, 0, 3, 2, 1, 2, 3, 3, 0, 2, 1, 3], dtype=object)]
[850, array([-90., -45., -45.,   0.]), array([0, 3, 0, 2, 2, 0, 3, 0, 2, 2, 1, 2, 3, 3, 0, 2, 2, 3, 0, 0, 0, 3,
       1, 2, 0, 1, 3, 1, 0, 0, 3, 2, 1, 2, 3, 3, 0, 2, 1, 3], dtype=object)]
[895, array([-90., -45., -45.,   0.]), array([0, 3, 0, 2, 2, 0, 3, 0, 2, 2, 0, 2, 2, 3, 0, 2, 2, 3, 0, 0, 0, 3,
       1, 2, 0, 1, 3, 1, 0, 0, 3, 2, 2, 2, 3, 3, 0, 2, 1, 3], dtype=object)]
[847, array([-90., -45., -45.,   0.]), array([0, 3, 0, 2, 2, 0, 3, 0, 2, 2, 0, 2, 1, 3, 0, 3, 2, 3, 0, 0, 0, 3,
       1, 2, 0, 1, 3, 1, 0, 0, 3, 2, 3, 2, 3, 3, 0, 2, 1, 3], dtype=object)]
[854, array([-90., -45., -45.,   0.]), array([0, 3, 0, 2, 2, 0, 3, 0, 2, 2, 0, 2, 2, 3, 0, 2, 2, 3, 0, 0, 0, 3,
       1, 2, 0, 1, 3, 1, 0, 0, 3, 2, 1, 2, 3, 3, 0, 2, 1, 3], dtype=object)]
[851, array([-90., -45., -45.,   0.]), array([0, 3, 0, 2, 2, 0, 3, 0, 2, 2, 0, 2, 1, 3, 0, 3, 2, 3, 0, 0, 0, 3,
       1, 2, 0, 1, 3, 1, 0, 0, 3, 2, 1, 2, 3, 3, 0, 2, 1, 3], dtype=object)]
[896, array([-90., -45., -45.,   0.]), array([0, 3, 0, 2, 2, 0, 3, 0, 2, 2, 0, 2, 2, 3, 0, 2, 2, 3, 0, 0, 0, 3,
       1, 2, 0, 1, 3, 1, 0, 0, 3, 2, 2, 2, 3, 3, 0, 2, 1, 3], dtype=object)]
[848, array([-90., -45., -45.,   0.]), array([0, 3, 0, 2, 2, 0, 3, 0, 2, 2, 1, 2, 1, 3, 0, 2, 2, 3, 0, 0, 0, 3,
       1, 2, 0, 1, 3, 1, 0, 0, 3, 2, 3, 2, 3, 3, 0, 2, 1, 3], dtype=object)]
[855, array([-90., -45., -45.,   0.]), array([0, 3, 0, 2, 2, 0, 3, 0, 2, 2, 1, 2, 1, 3, 0, 2, 2, 3, 0, 0, 0, 3,
       1, 2, 0, 1, 3, 1, 0, 0, 3, 2, 1, 2, 3, 3, 0, 2, 1, 3], dtype=object)]
[852, array([-80., -40., -40.,   0.]), array([0, 3, 0, 2, 2, 0, 3, 0, 2, 2, 1, 2, 1, 3, 0, 2, 2, 3, 0, 1, 0, 3,
       1, 2, 0, 1, 3, 1, 0, 0, 3, 2, 1, 2, 3, 3, 0, 2, 1, 3], dtype=object)]
[897, array([-90., -45., -45.,   0.]), array([0, 3, 0, 2, 2, 0, 3, 0, 2, 2, 0, 2, 2, 3, 0, 1, 2, 3, 0, 0, 0, 3,
       1, 2, 0, 1, 3, 1, 0, 0, 3, 2, 3, 2, 3, 3, 0, 2, 1, 3], dtype=object)]
[849, array([-90., -45., -45.,   0.]), array([0, 3, 0, 2, 2, 0, 3, 0, 2, 2, 0, 2, 1, 3, 0, 3, 2, 3, 0, 0, 0, 3,
       1, 2, 0, 1, 3, 1, 0, 0, 3, 2, 1, 2, 3, 3, 0, 2, 1, 3], dtype=object)]
[856, array([-90., -45., -45.,   0.]), array([0, 3, 0, 2, 2, 0, 3, 0, 2, 2, 1, 2, 1, 3, 0, 1, 2, 3, 0, 0, 0, 3,
       1, 2, 0, 3, 3, 1, 0, 0, 3, 2, 1, 2, 3, 3, 0, 0, 1, 3], dtype=object)]
[853, array([-90., -45., -45.,   0.]), array([0, 3, 0, 2, 2, 0, 3, 0, 2, 2, 0, 2, 1, 3, 0, 3, 2, 3, 0, 0, 0, 3,
       1, 2, 0, 1, 3, 1, 0, 0, 3, 2, 1, 2, 3, 3, 0, 2, 1, 3], dtype=object)]
[898, array([-90., -45., -45.,   0.]), array([0, 3, 0, 2, 2, 0, 3, 0, 2, 2, 0, 2, 0, 3, 0, 1, 2, 3, 0, 0, 0, 3,
       1, 2, 0, 1, 3, 1, 0, 0, 3, 2, 2, 2, 3, 3, 0, 2, 1, 3], dtype=object)]
[850, array([-90., -45., -45.,   0.]), array([0, 3, 0, 2, 2, 0, 3, 0, 2, 2, 1, 2, 3, 3, 0, 2, 2, 3, 0, 0, 0, 3,
       1, 2, 0, 1, 3, 1, 0, 0, 3, 2, 1, 2, 3, 3, 0, 2, 1, 3], dtype=object)]
[857, array([-90., -45., -45.,   0.]), array([0, 3, 0, 2, 2, 0, 3, 0, 2, 2, 1, 2, 1, 3, 0, 1, 2, 3, 0, 0, 0, 3,
       1, 2, 0, 3, 3, 1, 0, 0, 3, 2, 1, 2, 3, 3, 0, 0, 1, 3], dtype=object)]
[854, array([-90., -45., -45.,   0.]), array([0, 3, 0, 2, 2, 0, 3, 0, 2, 2, 0, 2, 2, 3, 0, 2, 2, 3, 0, 0, 0, 3,
       1, 2, 0, 1, 3, 1, 0, 0, 3, 2, 1, 2, 3, 3, 0, 2, 1, 3], dtype=object)]
[899, array([-90., -45., -45.,   0.]), array([0, 3, 0, 2, 2, 0, 3, 0, 2, 2, 1, 2, 2, 3, 0, 1, 2, 3, 0, 0, 0, 3,
       1, 2, 0, 1, 3, 1, 0, 0, 3, 2, 2, 2, 3, 3, 0, 2, 1, 3], dtype=object)]
[851, array([-90., -45., -45.,   0.]), array([0, 3, 0, 2, 2, 0, 3, 0, 2, 2, 0, 2, 1, 3, 0, 3, 2, 3, 0, 0, 0, 3,
       1, 2, 0, 1, 3, 1, 0, 0, 3, 2, 1, 2, 3, 3, 0, 2, 1, 3], dtype=object)]
[858, array([-90., -45., -45.,   0.]), array([0, 3, 0, 2, 2, 0, 3, 0, 2, 2, 2, 2, 1, 3, 0, 1, 2, 3, 0, 0, 0, 3,
       1, 2, 0, 3, 3, 1, 0, 0, 3, 2, 1, 2, 3, 3, 0, 0, 1, 3], dtype=object)]
[855, array([-90., -45., -45.,   0.]), array([0, 3, 0, 2, 2, 0, 3, 0, 2, 2, 1, 2, 1, 3, 0, 2, 2, 3, 0, 0, 0, 3,
       1, 2, 0, 1, 3, 1, 0, 0, 3, 2, 1, 2, 3, 3, 0, 2, 1, 3], dtype=object)]
[900, array([-90., -45., -45.,   0.]), array([0, 3, 0, 2, 2, 0, 3, 0, 2, 2, 1, 2, 0, 3, 0, 1, 2, 3, 0, 0, 0, 3,
       1, 2, 0, 1, 3, 1, 0, 0, 3, 2, 2, 2, 3, 3, 0, 2, 1, 3], dtype=object)]
[852, array([-80., -40., -40.,   0.]), array([0, 3, 0, 2, 2, 0, 3, 0, 2, 2, 1, 2, 1, 3, 0, 2, 2, 3, 0, 1, 0, 3,
       1, 2, 0, 1, 3, 1, 0, 0, 3, 2, 1, 2, 3, 3, 0, 2, 1, 3], dtype=object)]
[859, array([-90., -45., -45.,   0.]), array([0, 3, 0, 2, 2, 0, 3, 0, 2, 2, 0, 2, 1, 3, 0, 1, 2, 3, 0, 0, 0, 3,
       1, 2, 0, 1, 3, 1, 0, 0, 3, 2, 1, 2, 3, 3, 0, 2, 1, 3], dtype=object)]
[856, array([-90., -45., -45.,   0.]), array([0, 3, 0, 2, 2, 0, 3, 0, 2, 2, 1, 2, 1, 3, 0, 1, 2, 3, 0, 0, 0, 3,
       1, 2, 0, 3, 3, 1, 0, 0, 3, 2, 1, 2, 3, 3, 0, 0, 1, 3], dtype=object)]
[901, array([-90., -45., -45.,   0.]), array([0, 3, 0, 2, 2, 0, 3, 0, 2, 2, 0, 2, 2, 3, 0, 1, 2, 3, 0, 0, 0, 3,
       1, 2, 0, 1, 3, 1, 0, 0, 3, 2, 3, 2, 3, 3, 0, 2, 1, 3], dtype=object)]
[853, array([-90., -45., -45.,   0.]), array([0, 3, 0, 2, 2, 0, 3, 0, 2, 2, 0, 2, 1, 3, 0, 3, 2, 3, 0, 0, 0, 3,
       1, 2, 0, 1, 3, 1, 0, 0, 3, 2, 1, 2, 3, 3, 0, 2, 1, 3], dtype=object)]
[860, array([-90., -45., -45.,   0.]), array([0, 3, 0, 2, 2, 0, 3, 0, 2, 2, 1, 2, 0, 3, 0, 1, 2, 3, 0, 0, 0, 3,
       1, 2, 0, 1, 3, 1, 0, 0, 3, 2, 1, 2, 3, 3, 0, 2, 1, 3], dtype=object)]
[857, array([-90., -45., -45.,   0.]), array([0, 3, 0, 2, 2, 0, 3, 0, 2, 2, 1, 2, 1, 3, 0, 1, 2, 3, 0, 0, 0, 3,
       1, 2, 0, 3, 3, 1, 0, 0, 3, 2, 1, 2, 3, 3, 0, 0, 1, 3], dtype=object)]
[902, array([-90., -45., -45.,   0.]), array([0, 3, 0, 2, 2, 0, 3, 0, 2, 2, 1, 2, 0, 3, 0, 1, 2, 3, 0, 0, 0, 3,
       1, 2, 0, 1, 3, 1, 0, 0, 3, 2, 3, 2, 3, 3, 0, 2, 1, 3], dtype=object)]
[854, array([-90., -45., -45.,   0.]), array([0, 3, 0, 2, 2, 0, 3, 0, 2, 2, 0, 2, 2, 3, 0, 2, 2, 3, 0, 0, 0, 3,
       1, 2, 0, 1, 3, 1, 0, 0, 3, 2, 1, 2, 3, 3, 0, 2, 1, 3], dtype=object)]
[861, array([-90., -45., -45.,   0.]), array([0, 3, 0, 2, 2, 0, 3, 0, 2, 2, 1, 2, 1, 3, 0, 2, 2, 3, 0, 0, 0, 3,
       1, 2, 0, 1, 3, 1, 0, 0, 3, 2, 1, 2, 3, 3, 0, 2, 1, 3], dtype=object)]
[858, array([-90., -45., -45.,   0.]), array([0, 3, 0, 2, 2, 0, 3, 0, 2, 2, 2, 2, 1, 3, 0, 1, 2, 3, 0, 0, 0, 3,
       1, 2, 0, 3, 3, 1, 0, 0, 3, 2, 1, 2, 3, 3, 0, 0, 1, 3], dtype=object)]
[903, array([-90., -45., -45.,   0.]), array([0, 3, 0, 2, 2, 0, 3, 0, 2, 2, 0, 2, 2, 3, 0, 1, 2, 3, 0, 0, 0, 3,
       1, 2, 0, 1, 3, 1, 0, 0, 3, 2, 2, 2, 3, 3, 0, 2, 1, 3], dtype=object)]
[855, array([-90., -45., -45.,   0.]), array([0, 3, 0, 2, 2, 0, 3, 0, 2, 2, 1, 2, 1, 3, 0, 2, 2, 3, 0, 0, 0, 3,
       1, 2, 0, 1, 3, 1, 0, 0, 3, 2, 1, 2, 3, 3, 0, 2, 1, 3], dtype=object)]
[862, array([-80., -40., -40.,   0.]), array([0, 3, 0, 2, 2, 0, 3, 0, 2, 2, 1, 2, 1, 3, 0, 2, 2, 3, 0, 0, 0, 3,
       1, 3, 0, 1, 3, 1, 0, 0, 3, 2, 1, 2, 3, 3, 0, 2, 1, 3], dtype=object)]
[859, array([-90., -45., -45.,   0.]), array([0, 3, 0, 2, 2, 0, 3, 0, 2, 2, 0, 2, 1, 3, 0, 1, 2, 3, 0, 0, 0, 3,
       1, 2, 0, 1, 3, 1, 0, 0, 3, 2, 1, 2, 3, 3, 0, 2, 1, 3], dtype=object)]
[904, array([-90., -45., -45.,   0.]), array([0, 3, 0, 2, 2, 0, 3, 0, 2, 2, 3, 2, 2, 3, 0, 3, 2, 3, 0, 0, 0, 3,
       1, 2, 0, 1, 3, 1, 0, 0, 3, 2, 2, 2, 3, 3, 0, 2, 1, 3], dtype=object)]
[856, array([-90., -45., -45.,   0.]), array([0, 3, 0, 2, 2, 0, 3, 0, 2, 2, 1, 2, 1, 3, 0, 1, 2, 3, 0, 0, 0, 3,
       1, 2, 0, 3, 3, 1, 0, 0, 3, 2, 1, 2, 3, 3, 0, 0, 1, 3], dtype=object)]
[863, array([-90., -45., -45.,   0.]), array([0, 3, 0, 2, 2, 0, 3, 0, 2, 2, 1, 2, 1, 3, 0, 2, 2, 3, 0, 0, 0, 3,
       1, 2, 0, 1, 3, 1, 0, 0, 3, 2, 1, 2, 3, 3, 0, 2, 1, 3], dtype=object)]
[860, array([-90., -45., -45.,   0.]), array([0, 3, 0, 2, 2, 0, 3, 0, 2, 2, 1, 2, 0, 3, 0, 1, 2, 3, 0, 0, 0, 3,
       1, 2, 0, 1, 3, 1, 0, 0, 3, 2, 1, 2, 3, 3, 0, 2, 1, 3], dtype=object)]
[905, array([-90., -45., -45.,   0.]), array([0, 3, 0, 2, 2, 0, 3, 0, 2, 2, 2, 2, 2, 3, 0, 1, 2, 3, 0, 0, 0, 3,
       1, 2, 0, 1, 3, 1, 0, 0, 3, 2, 1, 2, 3, 3, 0, 2, 1, 3], dtype=object)]
[857, array([-90., -45., -45.,   0.]), array([0, 3, 0, 2, 2, 0, 3, 0, 2, 2, 1, 2, 1, 3, 0, 1, 2, 3, 0, 0, 0, 3,
       1, 2, 0, 3, 3, 1, 0, 0, 3, 2, 1, 2, 3, 3, 0, 0, 1, 3], dtype=object)]
[864, array([-80., -40., -40.,   0.]), array([0, 3, 0, 2, 2, 0, 3, 0, 2, 2, 1, 2, 1, 3, 0, 1, 2, 3, 0, 0, 0, 3,
       1, 2, 0, 1, 3, 1, 0, 0, 2, 2, 1, 2, 3, 3, 0, 2, 1, 3], dtype=object)]
[861, array([-90., -45., -45.,   0.]), array([0, 3, 0, 2, 2, 0, 3, 0, 2, 2, 1, 2, 1, 3, 0, 2, 2, 3, 0, 0, 0, 3,
       1, 2, 0, 1, 3, 1, 0, 0, 3, 2, 1, 2, 3, 3, 0, 2, 1, 3], dtype=object)]
[906, array([-90., -45., -45.,   0.]), array([0, 3, 0, 2, 2, 0, 3, 0, 2, 2, 2, 2, 2, 3, 0, 1, 2, 3, 0, 0, 0, 3,
       1, 2, 0, 1, 3, 1, 0, 0, 3, 2, 0, 2, 3, 3, 0, 2, 1, 3], dtype=object)]
[858, array([-90., -45., -45.,   0.]), array([0, 3, 0, 2, 2, 0, 3, 0, 2, 2, 2, 2, 1, 3, 0, 1, 2, 3, 0, 0, 0, 3,
       1, 2, 0, 3, 3, 1, 0, 0, 3, 2, 1, 2, 3, 3, 0, 0, 1, 3], dtype=object)]
[865, array([-90., -45., -45.,   0.]), array([0, 3, 0, 2, 2, 0, 3, 0, 2, 2, 1, 2, 1, 3, 0, 1, 2, 3, 0, 0, 0, 3,
       1, 2, 0, 1, 3, 1, 0, 0, 3, 2, 1, 2, 3, 3, 0, 2, 1, 3], dtype=object)]
[862, array([-80., -40., -40.,   0.]), array([0, 3, 0, 2, 2, 0, 3, 0, 2, 2, 1, 2, 1, 3, 0, 2, 2, 3, 0, 0, 0, 3,
       1, 3, 0, 1, 3, 1, 0, 0, 3, 2, 1, 2, 3, 3, 0, 2, 1, 3], dtype=object)]
[907, array([-90., -45., -45.,   0.]), array([0, 3, 0, 2, 2, 0, 3, 0, 2, 2, 3, 2, 2, 3, 0, 1, 2, 3, 0, 0, 0, 3,
       1, 2, 0, 1, 3, 1, 0, 0, 3, 2, 2, 2, 3, 3, 0, 2, 1, 3], dtype=object)]
[859, array([-90., -45., -45.,   0.]), array([0, 3, 0, 2, 2, 0, 3, 0, 2, 2, 0, 2, 1, 3, 0, 1, 2, 3, 0, 0, 0, 3,
       1, 2, 0, 1, 3, 1, 0, 0, 3, 2, 1, 2, 3, 3, 0, 2, 1, 3], dtype=object)]
[866, array([-90., -45., -45.,   0.]), array([0, 3, 0, 2, 2, 0, 3, 0, 2, 2, 1, 2, 1, 3, 0, 2, 2, 3, 0, 0, 0, 3,
       1, 2, 0, 1, 3, 1, 0, 0, 3, 2, 3, 2, 3, 3, 0, 2, 1, 3], dtype=object)]
[908, array([-90., -45., -45.,   0.]), array([0, 3, 0, 2, 2, 0, 3, 0, 2, 2, 3, 2, 2, 3, 0, 1, 2, 3, 0, 0, 0, 3,
       1, 2, 0, 1, 3, 1, 0, 0, 3, 2, 2, 2, 3, 3, 0, 2, 1, 3], dtype=object)]
[863, array([-90., -45., -45.,   0.]), array([0, 3, 0, 2, 2, 0, 3, 0, 2, 2, 1, 2, 1, 3, 0, 2, 2, 3, 0, 0, 0, 3,
       1, 2, 0, 1, 3, 1, 0, 0, 3, 2, 1, 2, 3, 3, 0, 2, 1, 3], dtype=object)]
[867, array([-90., -45., -45.,   0.]), array([0, 3, 0, 2, 2, 0, 3, 0, 2, 2, 1, 2, 1, 3, 0, 1, 2, 3, 0, 0, 0, 3,
       1, 2, 0, 1, 3, 1, 0, 0, 3, 2, 1, 2, 3, 3, 0, 2, 1, 3], dtype=object)]
[860, array([-90., -45., -45.,   0.]), array([0, 3, 0, 2, 2, 0, 3, 0, 2, 2, 1, 2, 0, 3, 0, 1, 2, 3, 0, 0, 0, 3,
       1, 2, 0, 1, 3, 1, 0, 0, 3, 2, 1, 2, 3, 3, 0, 2, 1, 3], dtype=object)]
[909, array([-90., -45., -45.,   0.]), array([0, 3, 0, 2, 2, 0, 3, 0, 2, 2, 0, 2, 2, 3, 0, 3, 2, 3, 0, 0, 0, 3,
       1, 2, 0, 1, 3, 1, 0, 0, 3, 2, 2, 2, 3, 3, 0, 2, 1, 3], dtype=object)]
[864, array([-80., -40., -40.,   0.]), array([0, 3, 0, 2, 2, 0, 3, 0, 2, 2, 1, 2, 1, 3, 0, 1, 2, 3, 0, 0, 0, 3,
       1, 2, 0, 1, 3, 1, 0, 0, 2, 2, 1, 2, 3, 3, 0, 2, 1, 3], dtype=object)]
[868, array([-80., -40., -40.,   0.]), array([0, 3, 0, 2, 2, 0, 3, 0, 2, 2, 0, 2, 1, 3, 0, 1, 2, 3, 0, 0, 0, 3,
       1, 2, 0, 1, 3, 1, 0, 0, 3, 2, 1, 2, 3, 3, 0, 2, 1, 0], dtype=object)]
[861, array([-90., -45., -45.,   0.]), array([0, 3, 0, 2, 2, 0, 3, 0, 2, 2, 1, 2, 1, 3, 0, 2, 2, 3, 0, 0, 0, 3,
       1, 2, 0, 1, 3, 1, 0, 0, 3, 2, 1, 2, 3, 3, 0, 2, 1, 3], dtype=object)]
[910, array([-90., -45., -45.,   0.]), array([0, 3, 0, 2, 2, 0, 3, 0, 2, 2, 0, 2, 2, 3, 0, 0, 2, 3, 0, 0, 0, 3,
       1, 2, 0, 1, 3, 1, 0, 0, 3, 2, 0, 2, 3, 3, 0, 2, 1, 3], dtype=object)]
[865, array([-90., -45., -45.,   0.]), array([0, 3, 0, 2, 2, 0, 3, 0, 2, 2, 1, 2, 1, 3, 0, 1, 2, 3, 0, 0, 0, 3,
       1, 2, 0, 1, 3, 1, 0, 0, 3, 2, 1, 2, 3, 3, 0, 2, 1, 3], dtype=object)]
[869, array([-90., -45., -45.,   0.]), array([0, 3, 0, 2, 2, 0, 3, 0, 2, 2, 0, 2, 1, 3, 0, 2, 2, 3, 0, 0, 0, 3,
       1, 2, 0, 1, 3, 1, 0, 0, 3, 2, 1, 2, 3, 3, 0, 2, 1, 3], dtype=object)]
[862, array([-80., -40., -40.,   0.]), array([0, 3, 0, 2, 2, 0, 3, 0, 2, 2, 1, 2, 1, 3, 0, 2, 2, 3, 0, 0, 0, 3,
       1, 3, 0, 1, 3, 1, 0, 0, 3, 2, 1, 2, 3, 3, 0, 2, 1, 3], dtype=object)]
[911, array([-90., -45., -45.,   0.]), array([0, 3, 0, 2, 2, 0, 3, 0, 2, 2, 0, 2, 2, 3, 0, 1, 2, 3, 0, 0, 0, 3,
       1, 2, 0, 1, 3, 1, 0, 0, 3, 2, 3, 2, 3, 3, 0, 2, 1, 3], dtype=object)]
[866, array([-90., -45., -45.,   0.]), array([0, 3, 0, 2, 2, 0, 3, 0, 2, 2, 1, 2, 1, 3, 0, 2, 2, 3, 0, 0, 0, 3,
       1, 2, 0, 1, 3, 1, 0, 0, 3, 2, 3, 2, 3, 3, 0, 2, 1, 3], dtype=object)]
[870, array([-90., -45., -45.,   0.]), array([0, 3, 0, 2, 2, 0, 3, 0, 2, 2, 1, 2, 1, 3, 0, 2, 2, 3, 0, 0, 0, 3,
       1, 2, 0, 1, 3, 1, 0, 0, 3, 2, 3, 2, 3, 3, 0, 2, 1, 3], dtype=object)]
[863, array([-90., -45., -45.,   0.]), array([0, 3, 0, 2, 2, 0, 3, 0, 2, 2, 1, 2, 1, 3, 0, 2, 2, 3, 0, 0, 0, 3,
       1, 2, 0, 1, 3, 1, 0, 0, 3, 2, 1, 2, 3, 3, 0, 2, 1, 3], dtype=object)]
[912, array([-90., -45., -45.,   0.]), array([0, 3, 0, 2, 2, 0, 3, 0, 2, 2, 2, 2, 2, 3, 0, 3, 2, 3, 0, 0, 0, 3,
       1, 2, 0, 1, 3, 1, 0, 0, 3, 2, 3, 2, 3, 3, 0, 2, 1, 3], dtype=object)]
[867, array([-90., -45., -45.,   0.]), array([0, 3, 0, 2, 2, 0, 3, 0, 2, 2, 1, 2, 1, 3, 0, 1, 2, 3, 0, 0, 0, 3,
       1, 2, 0, 1, 3, 1, 0, 0, 3, 2, 1, 2, 3, 3, 0, 2, 1, 3], dtype=object)]
[864, array([-80., -40., -40.,   0.]), array([0, 3, 0, 2, 2, 0, 3, 0, 2, 2, 1, 2, 1, 3, 0, 1, 2, 3, 0, 0, 0, 3,
       1, 2, 0, 1, 3, 1, 0, 0, 2, 2, 1, 2, 3, 3, 0, 2, 1, 3], dtype=object)]
[871, array([-90., -45., -45.,   0.]), array([0, 3, 0, 2, 2, 0, 3, 0, 2, 2, 1, 2, 1, 3, 0, 2, 2, 3, 0, 0, 0, 3,
       1, 2, 0, 1, 3, 1, 0, 0, 3, 2, 1, 2, 3, 3, 0, 2, 1, 3], dtype=object)]
[913, array([-90., -45., -45.,   0.]), array([0, 3, 0, 2, 2, 0, 3, 0, 2, 2, 0, 2, 2, 3, 0, 1, 2, 3, 0, 0, 0, 3,
       1, 2, 0, 1, 3, 1, 0, 0, 3, 2, 0, 2, 3, 3, 0, 2, 1, 3], dtype=object)]
[868, array([-80., -40., -40.,   0.]), array([0, 3, 0, 2, 2, 0, 3, 0, 2, 2, 0, 2, 1, 3, 0, 1, 2, 3, 0, 0, 0, 3,
       1, 2, 0, 1, 3, 1, 0, 0, 3, 2, 1, 2, 3, 3, 0, 2, 1, 0], dtype=object)]
[914, array([-90., -45., -45.,   0.]), array([0, 3, 0, 2, 2, 0, 3, 0, 2, 2, 3, 2, 2, 3, 0, 3, 2, 3, 0, 0, 0, 3,
       1, 2, 0, 1, 3, 1, 0, 0, 3, 2, 0, 2, 3, 3, 0, 2, 1, 3], dtype=object)]
[872, array([-90., -45., -45.,   0.]), array([0, 3, 0, 2, 2, 0, 3, 0, 2, 2, 1, 2, 1, 3, 0, 0, 2, 3, 0, 0, 0, 3,
       1, 2, 0, 1, 3, 1, 0, 0, 3, 2, 1, 2, 3, 3, 0, 2, 1, 3], dtype=object)]
[865, array([-90., -45., -45.,   0.]), array([0, 3, 0, 2, 2, 0, 3, 0, 2, 2, 1, 2, 1, 3, 0, 1, 2, 3, 0, 0, 0, 3,
       1, 2, 0, 1, 3, 1, 0, 0, 3, 2, 1, 2, 3, 3, 0, 2, 1, 3], dtype=object)]
[869, array([-90., -45., -45.,   0.]), array([0, 3, 0, 2, 2, 0, 3, 0, 2, 2, 0, 2, 1, 3, 0, 2, 2, 3, 0, 0, 0, 3,
       1, 2, 0, 1, 3, 1, 0, 0, 3, 2, 1, 2, 3, 3, 0, 2, 1, 3], dtype=object)]
[866, array([-90., -45., -45.,   0.]), array([0, 3, 0, 2, 2, 0, 3, 0, 2, 2, 1, 2, 1, 3, 0, 2, 2, 3, 0, 0, 0, 3,
       1, 2, 0, 1, 3, 1, 0, 0, 3, 2, 3, 2, 3, 3, 0, 2, 1, 3], dtype=object)]
[915, array([-90., -45., -45.,   0.]), array([0, 3, 0, 2, 2, 0, 3, 0, 2, 2, 0, 2, 2, 3, 0, 3, 2, 3, 0, 0, 0, 3,
       1, 2, 0, 1, 3, 1, 0, 0, 3, 2, 0, 2, 3, 3, 0, 2, 1, 3], dtype=object)]
[873, array([-90., -45., -45.,   0.]), array([0, 3, 0, 2, 2, 0, 3, 0, 2, 2, 1, 2, 1, 3, 0, 2, 2, 3, 0, 0, 0, 3,
       1, 2, 0, 1, 3, 1, 0, 0, 3, 2, 1, 2, 3, 3, 0, 2, 1, 3], dtype=object)]
[870, array([-90., -45., -45.,   0.]), array([0, 3, 0, 2, 2, 0, 3, 0, 2, 2, 1, 2, 1, 3, 0, 2, 2, 3, 0, 0, 0, 3,
       1, 2, 0, 1, 3, 1, 0, 0, 3, 2, 3, 2, 3, 3, 0, 2, 1, 3], dtype=object)]
[916, array([-90., -45., -45.,   0.]), array([0, 3, 0, 2, 2, 0, 3, 0, 2, 2, 3, 2, 2, 3, 0, 3, 2, 3, 0, 0, 0, 3,
       1, 2, 0, 1, 3, 1, 0, 0, 3, 2, 0, 2, 3, 3, 0, 2, 1, 3], dtype=object)]
[867, array([-90., -45., -45.,   0.]), array([0, 3, 0, 2, 2, 0, 3, 0, 2, 2, 1, 2, 1, 3, 0, 1, 2, 3, 0, 0, 0, 3,
       1, 2, 0, 1, 3, 1, 0, 0, 3, 2, 1, 2, 3, 3, 0, 2, 1, 3], dtype=object)]
[874, array([-90., -45., -45.,   0.]), array([0, 3, 0, 2, 2, 0, 3, 0, 2, 2, 1, 2, 1, 3, 0, 2, 2, 3, 0, 0, 0, 3,
       1, 2, 0, 1, 3, 1, 0, 0, 3, 2, 0, 2, 3, 3, 0, 2, 1, 3], dtype=object)]
[871, array([-90., -45., -45.,   0.]), array([0, 3, 0, 2, 2, 0, 3, 0, 2, 2, 1, 2, 1, 3, 0, 2, 2, 3, 0, 0, 0, 3,
       1, 2, 0, 1, 3, 1, 0, 0, 3, 2, 1, 2, 3, 3, 0, 2, 1, 3], dtype=object)]
[868, array([-80., -40., -40.,   0.]), array([0, 3, 0, 2, 2, 0, 3, 0, 2, 2, 0, 2, 1, 3, 0, 1, 2, 3, 0, 0, 0, 3,
       1, 2, 0, 1, 3, 1, 0, 0, 3, 2, 1, 2, 3, 3, 0, 2, 1, 0], dtype=object)]
[917, array([-90., -45., -45.,   0.]), array([0, 3, 0, 2, 2, 0, 3, 0, 2, 2, 0, 2, 2, 3, 0, 1, 2, 3, 0, 0, 0, 3,
       1, 2, 0, 1, 3, 1, 0, 0, 3, 2, 2, 2, 3, 3, 0, 2, 1, 3], dtype=object)]
[875, array([-90., -45., -45.,   0.]), array([0, 3, 0, 2, 2, 0, 3, 0, 2, 2, 1, 2, 1, 3, 0, 2, 2, 3, 0, 0, 0, 3,
       1, 2, 0, 1, 3, 1, 0, 0, 3, 2, 1, 2, 3, 3, 0, 2, 1, 3], dtype=object)]
[872, array([-90., -45., -45.,   0.]), array([0, 3, 0, 2, 2, 0, 3, 0, 2, 2, 1, 2, 1, 3, 0, 0, 2, 3, 0, 0, 0, 3,
       1, 2, 0, 1, 3, 1, 0, 0, 3, 2, 1, 2, 3, 3, 0, 2, 1, 3], dtype=object)]
[918, array([-90., -45., -45.,   0.]), array([0, 3, 0, 2, 2, 0, 3, 0, 2, 2, 3, 2, 2, 3, 0, 1, 2, 3, 0, 0, 0, 3,
       1, 2, 0, 1, 3, 1, 0, 0, 3, 2, 2, 2, 3, 3, 0, 2, 1, 3], dtype=object)]
[869, array([-90., -45., -45.,   0.]), array([0, 3, 0, 2, 2, 0, 3, 0, 2, 2, 0, 2, 1, 3, 0, 2, 2, 3, 0, 0, 0, 3,
       1, 2, 0, 1, 3, 1, 0, 0, 3, 2, 1, 2, 3, 3, 0, 2, 1, 3], dtype=object)]
[876, array([-90., -45., -45.,   0.]), array([0, 3, 0, 2, 2, 0, 3, 0, 2, 2, 1, 2, 1, 3, 0, 2, 2, 3, 0, 0, 0, 3,
       1, 2, 0, 1, 3, 1, 0, 0, 3, 2, 0, 2, 3, 3, 0, 2, 1, 3], dtype=object)]
[873, array([-90., -45., -45.,   0.]), array([0, 3, 0, 2, 2, 0, 3, 0, 2, 2, 1, 2, 1, 3, 0, 2, 2, 3, 0, 0, 0, 3,
       1, 2, 0, 1, 3, 1, 0, 0, 3, 2, 1, 2, 3, 3, 0, 2, 1, 3], dtype=object)]
[919, array([-90., -45., -45.,   0.]), array([0, 3, 0, 2, 2, 0, 3, 0, 2, 2, 0, 2, 2, 3, 0, 3, 2, 3, 0, 0, 0, 3,
       1, 2, 0, 1, 3, 1, 0, 0, 3, 2, 3, 2, 3, 3, 0, 2, 1, 3], dtype=object)]
[870, array([-90., -45., -45.,   0.]), array([0, 3, 0, 2, 2, 0, 3, 0, 2, 2, 1, 2, 1, 3, 0, 2, 2, 3, 0, 0, 0, 3,
       1, 2, 0, 1, 3, 1, 0, 0, 3, 2, 3, 2, 3, 3, 0, 2, 1, 3], dtype=object)]
[877, array([-90., -45., -45.,   0.]), array([0, 3, 0, 2, 2, 0, 3, 0, 2, 2, 0, 2, 2, 3, 0, 1, 2, 3, 0, 0, 0, 3,
       1, 2, 0, 1, 3, 1, 0, 0, 3, 2, 1, 2, 3, 3, 0, 2, 1, 3], dtype=object)]
[874, array([-90., -45., -45.,   0.]), array([0, 3, 0, 2, 2, 0, 3, 0, 2, 2, 1, 2, 1, 3, 0, 2, 2, 3, 0, 0, 0, 3,
       1, 2, 0, 1, 3, 1, 0, 0, 3, 2, 0, 2, 3, 3, 0, 2, 1, 3], dtype=object)]
[920, array([-90., -45., -45.,   0.]), array([0, 3, 0, 2, 2, 0, 3, 0, 2, 2, 0, 2, 1, 3, 0, 3, 2, 3, 0, 0, 0, 3,
       1, 2, 0, 1, 3, 1, 0, 0, 3, 2, 0, 2, 3, 3, 0, 2, 1, 3], dtype=object)]
[878, array([-90., -45., -45.,   0.]), array([0, 3, 0, 2, 2, 0, 3, 0, 2, 2, 1, 2, 1, 3, 0, 2, 2, 3, 0, 0, 0, 3,
       1, 2, 0, 1, 3, 1, 0, 0, 3, 2, 0, 2, 3, 3, 0, 2, 1, 3], dtype=object)]
[871, array([-90., -45., -45.,   0.]), array([0, 3, 0, 2, 2, 0, 3, 0, 2, 2, 1, 2, 1, 3, 0, 2, 2, 3, 0, 0, 0, 3,
       1, 2, 0, 1, 3, 1, 0, 0, 3, 2, 1, 2, 3, 3, 0, 2, 1, 3], dtype=object)]
[875, array([-90., -45., -45.,   0.]), array([0, 3, 0, 2, 2, 0, 3, 0, 2, 2, 1, 2, 1, 3, 0, 2, 2, 3, 0, 0, 0, 3,
       1, 2, 0, 1, 3, 1, 0, 0, 3, 2, 1, 2, 3, 3, 0, 2, 1, 3], dtype=object)]
[921, array([-90., -45., -45.,   0.]), array([0, 3, 0, 2, 2, 0, 3, 0, 2, 2, 0, 2, 2, 3, 0, 3, 2, 3, 0, 0, 0, 3,
       1, 2, 0, 1, 3, 1, 0, 0, 3, 2, 3, 2, 3, 3, 0, 2, 1, 3], dtype=object)]
[872, array([-90., -45., -45.,   0.]), array([0, 3, 0, 2, 2, 0, 3, 0, 2, 2, 1, 2, 1, 3, 0, 0, 2, 3, 0, 0, 0, 3,
       1, 2, 0, 1, 3, 1, 0, 0, 3, 2, 1, 2, 3, 3, 0, 2, 1, 3], dtype=object)]
[879, array([-90., -45., -45.,   0.]), array([0, 3, 0, 2, 2, 0, 3, 0, 2, 2, 0, 2, 2, 3, 0, 1, 2, 3, 0, 0, 0, 3,
       1, 2, 0, 1, 3, 1, 0, 0, 3, 2, 1, 2, 3, 3, 0, 2, 1, 3], dtype=object)]
[922, array([-90., -45., -45.,   0.]), array([0, 3, 0, 2, 2, 0, 3, 0, 2, 2, 2, 2, 2, 3, 0, 3, 2, 3, 0, 0, 0, 3,
       1, 2, 0, 1, 3, 1, 0, 0, 3, 2, 3, 2, 3, 3, 0, 2, 1, 3], dtype=object)]
[876, array([-90., -45., -45.,   0.]), array([0, 3, 0, 2, 2, 0, 3, 0, 2, 2, 1, 2, 1, 3, 0, 2, 2, 3, 0, 0, 0, 3,
       1, 2, 0, 1, 3, 1, 0, 0, 3, 2, 0, 2, 3, 3, 0, 2, 1, 3], dtype=object)]
[880, array([-90., -45., -45.,   0.]), array([0, 3, 0, 2, 2, 0, 3, 0, 2, 2, 0, 2, 2, 3, 0, 2, 2, 3, 0, 0, 0, 3,
       1, 2, 0, 1, 3, 1, 0, 0, 3, 2, 1, 2, 3, 3, 0, 2, 1, 3], dtype=object)]
[873, array([-90., -45., -45.,   0.]), array([0, 3, 0, 2, 2, 0, 3, 0, 2, 2, 1, 2, 1, 3, 0, 2, 2, 3, 0, 0, 0, 3,
       1, 2, 0, 1, 3, 1, 0, 0, 3, 2, 1, 2, 3, 3, 0, 2, 1, 3], dtype=object)]
[877, array([-90., -45., -45.,   0.]), array([0, 3, 0, 2, 2, 0, 3, 0, 2, 2, 0, 2, 2, 3, 0, 1, 2, 3, 0, 0, 0, 3,
       1, 2, 0, 1, 3, 1, 0, 0, 3, 2, 1, 2, 3, 3, 0, 2, 1, 3], dtype=object)]
[923, array([-90., -45., -45.,   0.]), array([0, 3, 0, 2, 2, 0, 3, 0, 2, 2, 0, 2, 2, 3, 0, 3, 2, 3, 0, 0, 0, 3,
       1, 2, 0, 1, 3, 1, 0, 0, 3, 2, 3, 2, 3, 3, 0, 2, 1, 3], dtype=object)]
[874, array([-90., -45., -45.,   0.]), array([0, 3, 0, 2, 2, 0, 3, 0, 2, 2, 1, 2, 1, 3, 0, 2, 2, 3, 0, 0, 0, 3,
       1, 2, 0, 1, 3, 1, 0, 0, 3, 2, 0, 2, 3, 3, 0, 2, 1, 3], dtype=object)]
[881, array([-90., -45., -45.,   0.]), array([0, 3, 0, 2, 2, 0, 3, 0, 2, 2, 1, 2, 1, 3, 0, 1, 2, 3, 0, 0, 0, 3,
       1, 2, 0, 1, 3, 1, 0, 0, 3, 2, 1, 2, 3, 3, 0, 2, 1, 3], dtype=object)]
[924, array([-90., -45., -45.,   0.]), array([0, 3, 0, 2, 2, 0, 3, 0, 2, 2, 1, 2, 2, 3, 0, 3, 2, 3, 0, 0, 0, 3,
       1, 2, 0, 1, 3, 1, 0, 0, 3, 2, 0, 2, 3, 3, 0, 2, 1, 3], dtype=object)]
[878, array([-90., -45., -45.,   0.]), array([0, 3, 0, 2, 2, 0, 3, 0, 2, 2, 1, 2, 1, 3, 0, 2, 2, 3, 0, 0, 0, 3,
       1, 2, 0, 1, 3, 1, 0, 0, 3, 2, 0, 2, 3, 3, 0, 2, 1, 3], dtype=object)]
[882, array([-90., -45., -45.,   0.]), array([0, 3, 0, 2, 2, 0, 3, 0, 2, 2, 0, 2, 2, 3, 0, 2, 2, 3, 0, 0, 0, 3,
       1, 2, 0, 1, 3, 1, 0, 0, 3, 2, 1, 2, 3, 3, 0, 2, 1, 3], dtype=object)]
[875, array([-90., -45., -45.,   0.]), array([0, 3, 0, 2, 2, 0, 3, 0, 2, 2, 1, 2, 1, 3, 0, 2, 2, 3, 0, 0, 0, 3,
       1, 2, 0, 1, 3, 1, 0, 0, 3, 2, 1, 2, 3, 3, 0, 2, 1, 3], dtype=object)]
[925, array([-90., -45., -45.,   0.]), array([0, 3, 0, 2, 2, 0, 3, 0, 2, 2, 0, 2, 2, 3, 0, 3, 2, 3, 0, 0, 0, 3,
       1, 2, 0, 1, 3, 1, 0, 0, 3, 2, 3, 2, 3, 3, 0, 2, 1, 3], dtype=object)]
[879, array([-90., -45., -45.,   0.]), array([0, 3, 0, 2, 2, 0, 3, 0, 2, 2, 0, 2, 2, 3, 0, 1, 2, 3, 0, 0, 0, 3,
       1, 2, 0, 1, 3, 1, 0, 0, 3, 2, 1, 2, 3, 3, 0, 2, 1, 3], dtype=object)]
[876, array([-90., -45., -45.,   0.]), array([0, 3, 0, 2, 2, 0, 3, 0, 2, 2, 1, 2, 1, 3, 0, 2, 2, 3, 0, 0, 0, 3,
       1, 2, 0, 1, 3, 1, 0, 0, 3, 2, 0, 2, 3, 3, 0, 2, 1, 3], dtype=object)]
[883, array([-90., -45., -45.,   0.]), array([0, 3, 0, 2, 2, 0, 3, 0, 2, 2, 0, 2, 2, 3, 0, 1, 2, 3, 0, 0, 0, 3,
       1, 2, 0, 1, 3, 1, 0, 0, 3, 2, 1, 2, 3, 3, 0, 2, 1, 3], dtype=object)]
[926, array([-90., -45., -45.,   0.]), array([0, 3, 0, 2, 2, 0, 3, 0, 2, 2, 3, 2, 2, 3, 0, 3, 2, 3, 0, 0, 0, 3,
       1, 2, 0, 1, 3, 1, 0, 0, 3, 2, 1, 2, 3, 3, 0, 2, 1, 3], dtype=object)]
[880, array([-90., -45., -45.,   0.]), array([0, 3, 0, 2, 2, 0, 3, 0, 2, 2, 0, 2, 2, 3, 0, 2, 2, 3, 0, 0, 0, 3,
       1, 2, 0, 1, 3, 1, 0, 0, 3, 2, 1, 2, 3, 3, 0, 2, 1, 3], dtype=object)]
[884, array([-90., -45., -45.,   0.]), array([0, 3, 0, 2, 2, 0, 3, 0, 2, 2, 1, 2, 1, 3, 0, 0, 2, 3, 0, 0, 0, 3,
       1, 2, 0, 1, 3, 1, 0, 0, 3, 2, 1, 2, 3, 3, 0, 2, 1, 3], dtype=object)]
[877, array([-90., -45., -45.,   0.]), array([0, 3, 0, 2, 2, 0, 3, 0, 2, 2, 0, 2, 2, 3, 0, 1, 2, 3, 0, 0, 0, 3,
       1, 2, 0, 1, 3, 1, 0, 0, 3, 2, 1, 2, 3, 3, 0, 2, 1, 3], dtype=object)]
[927, array([-90., -45., -45.,   0.]), array([0, 3, 0, 2, 2, 0, 3, 0, 2, 2, 0, 2, 2, 3, 0, 3, 2, 3, 0, 0, 0, 3,
       1, 2, 0, 1, 3, 1, 0, 0, 3, 2, 2, 2, 3, 3, 0, 2, 1, 3], dtype=object)]
[881, array([-90., -45., -45.,   0.]), array([0, 3, 0, 2, 2, 0, 3, 0, 2, 2, 1, 2, 1, 3, 0, 1, 2, 3, 0, 0, 0, 3,
       1, 2, 0, 1, 3, 1, 0, 0, 3, 2, 1, 2, 3, 3, 0, 2, 1, 3], dtype=object)]
[878, array([-90., -45., -45.,   0.]), array([0, 3, 0, 2, 2, 0, 3, 0, 2, 2, 1, 2, 1, 3, 0, 2, 2, 3, 0, 0, 0, 3,
       1, 2, 0, 1, 3, 1, 0, 0, 3, 2, 0, 2, 3, 3, 0, 2, 1, 3], dtype=object)]
[928, array([-90., -45., -45.,   0.]), array([0, 3, 0, 2, 2, 0, 3, 0, 2, 2, 0, 2, 2, 3, 0, 2, 2, 3, 0, 0, 0, 3,
       1, 2, 0, 1, 3, 1, 0, 0, 3, 2, 3, 2, 3, 3, 0, 2, 1, 3], dtype=object)]
[885, array([-90., -45., -45.,   0.]), array([0, 3, 0, 2, 2, 0, 3, 0, 2, 2, 0, 2, 2, 3, 0, 1, 2, 3, 0, 0, 0, 3,
       1, 2, 0, 1, 3, 1, 0, 0, 3, 2, 3, 2, 3, 3, 0, 2, 1, 3], dtype=object)]
[882, array([-90., -45., -45.,   0.]), array([0, 3, 0, 2, 2, 0, 3, 0, 2, 2, 0, 2, 2, 3, 0, 2, 2, 3, 0, 0, 0, 3,
       1, 2, 0, 1, 3, 1, 0, 0, 3, 2, 1, 2, 3, 3, 0, 2, 1, 3], dtype=object)]
[886, array([-90., -45., -45.,   0.]), array([0, 3, 0, 2, 2, 0, 3, 0, 2, 2, 0, 2, 2, 3, 0, 1, 2, 3, 0, 0, 0, 3,
       1, 2, 0, 1, 3, 1, 0, 0, 3, 2, 2, 2, 3, 3, 0, 2, 1, 3], dtype=object)]
[929, array([-90., -45., -45.,   0.]), array([0, 3, 0, 2, 2, 0, 3, 0, 2, 2, 0, 2, 2, 3, 0, 3, 2, 3, 0, 0, 0, 3,
       1, 2, 0, 1, 3, 1, 0, 0, 3, 2, 3, 2, 3, 3, 0, 2, 1, 3], dtype=object)]
[879, array([-90., -45., -45.,   0.]), array([0, 3, 0, 2, 2, 0, 3, 0, 2, 2, 0, 2, 2, 3, 0, 1, 2, 3, 0, 0, 0, 3,
       1, 2, 0, 1, 3, 1, 0, 0, 3, 2, 1, 2, 3, 3, 0, 2, 1, 3], dtype=object)]
[883, array([-90., -45., -45.,   0.]), array([0, 3, 0, 2, 2, 0, 3, 0, 2, 2, 0, 2, 2, 3, 0, 1, 2, 3, 0, 0, 0, 3,
       1, 2, 0, 1, 3, 1, 0, 0, 3, 2, 1, 2, 3, 3, 0, 2, 1, 3], dtype=object)]
[880, array([-90., -45., -45.,   0.]), array([0, 3, 0, 2, 2, 0, 3, 0, 2, 2, 0, 2, 2, 3, 0, 2, 2, 3, 0, 0, 0, 3,
       1, 2, 0, 1, 3, 1, 0, 0, 3, 2, 1, 2, 3, 3, 0, 2, 1, 3], dtype=object)]
[887, array([-90., -45., -45.,   0.]), array([0, 3, 0, 2, 2, 0, 3, 0, 2, 2, 0, 2, 2, 3, 0, 1, 2, 3, 0, 0, 0, 3,
       1, 2, 0, 1, 3, 1, 0, 0, 3, 2, 0, 2, 3, 3, 0, 2, 1, 3], dtype=object)]
[930, array([-90., -45., -45.,   0.]), array([0, 3, 0, 2, 2, 0, 3, 0, 2, 2, 0, 2, 2, 3, 0, 0, 2, 3, 0, 0, 0, 3,
       1, 2, 0, 1, 3, 1, 0, 0, 3, 2, 3, 2, 3, 3, 0, 2, 1, 3], dtype=object)]
[884, array([-90., -45., -45.,   0.]), array([0, 3, 0, 2, 2, 0, 3, 0, 2, 2, 1, 2, 1, 3, 0, 0, 2, 3, 0, 0, 0, 3,
       1, 2, 0, 1, 3, 1, 0, 0, 3, 2, 1, 2, 3, 3, 0, 2, 1, 3], dtype=object)]
[881, array([-90., -45., -45.,   0.]), array([0, 3, 0, 2, 2, 0, 3, 0, 2, 2, 1, 2, 1, 3, 0, 1, 2, 3, 0, 0, 0, 3,
       1, 2, 0, 1, 3, 1, 0, 0, 3, 2, 1, 2, 3, 3, 0, 2, 1, 3], dtype=object)]
[888, array([-90., -45., -45.,   0.]), array([0, 3, 0, 2, 2, 0, 3, 0, 2, 2, 0, 2, 1, 3, 0, 2, 2, 3, 0, 0, 0, 3,
       1, 2, 0, 1, 3, 1, 0, 0, 3, 2, 0, 2, 3, 3, 0, 2, 1, 3], dtype=object)]
[931, array([-90., -45., -45.,   0.]), array([0, 3, 0, 2, 2, 0, 3, 0, 2, 2, 2, 2, 2, 3, 0, 3, 2, 3, 0, 0, 0, 3,
       1, 2, 0, 1, 3, 1, 0, 0, 3, 2, 1, 2, 3, 3, 0, 2, 1, 3], dtype=object)]
[885, array([-90., -45., -45.,   0.]), array([0, 3, 0, 2, 2, 0, 3, 0, 2, 2, 0, 2, 2, 3, 0, 1, 2, 3, 0, 0, 0, 3,
       1, 2, 0, 1, 3, 1, 0, 0, 3, 2, 3, 2, 3, 3, 0, 2, 1, 3], dtype=object)]
[932, array([-90., -45., -45.,   0.]), array([0, 3, 0, 2, 2, 0, 3, 0, 2, 2, 2, 2, 0, 3, 0, 3, 2, 3, 0, 0, 0, 3,
       1, 2, 0, 1, 3, 1, 0, 0, 3, 2, 3, 2, 3, 3, 0, 2, 1, 3], dtype=object)]
[882, array([-90., -45., -45.,   0.]), array([0, 3, 0, 2, 2, 0, 3, 0, 2, 2, 0, 2, 2, 3, 0, 2, 2, 3, 0, 0, 0, 3,
       1, 2, 0, 1, 3, 1, 0, 0, 3, 2, 1, 2, 3, 3, 0, 2, 1, 3], dtype=object)]
[889, array([-90., -45., -45.,   0.]), array([0, 3, 0, 2, 2, 0, 3, 0, 2, 2, 0, 2, 2, 3, 0, 3, 2, 3, 0, 0, 0, 3,
       1, 2, 0, 1, 3, 1, 0, 0, 3, 2, 1, 2, 3, 3, 0, 2, 1, 3], dtype=object)]
[886, array([-90., -45., -45.,   0.]), array([0, 3, 0, 2, 2, 0, 3, 0, 2, 2, 0, 2, 2, 3, 0, 1, 2, 3, 0, 0, 0, 3,
       1, 2, 0, 1, 3, 1, 0, 0, 3, 2, 2, 2, 3, 3, 0, 2, 1, 3], dtype=object)]
[933, array([-90., -45., -45.,   0.]), array([0, 3, 0, 2, 2, 0, 3, 0, 2, 2, 0, 2, 2, 3, 0, 3, 2, 3, 0, 0, 0, 3,
       1, 2, 0, 1, 3, 1, 0, 0, 3, 2, 3, 2, 3, 3, 0, 2, 1, 3], dtype=object)]
[890, array([-90., -45., -45.,   0.]), array([0, 3, 0, 2, 2, 0, 3, 0, 2, 2, 0, 2, 2, 3, 0, 3, 2, 3, 0, 0, 0, 3,
       1, 2, 0, 1, 3, 1, 0, 0, 3, 2, 2, 2, 3, 3, 0, 2, 1, 3], dtype=object)]
[883, array([-90., -45., -45.,   0.]), array([0, 3, 0, 2, 2, 0, 3, 0, 2, 2, 0, 2, 2, 3, 0, 1, 2, 3, 0, 0, 0, 3,
       1, 2, 0, 1, 3, 1, 0, 0, 3, 2, 1, 2, 3, 3, 0, 2, 1, 3], dtype=object)]
[887, array([-90., -45., -45.,   0.]), array([0, 3, 0, 2, 2, 0, 3, 0, 2, 2, 0, 2, 2, 3, 0, 1, 2, 3, 0, 0, 0, 3,
       1, 2, 0, 1, 3, 1, 0, 0, 3, 2, 0, 2, 3, 3, 0, 2, 1, 3], dtype=object)]
[884, array([-90., -45., -45.,   0.]), array([0, 3, 0, 2, 2, 0, 3, 0, 2, 2, 1, 2, 1, 3, 0, 0, 2, 3, 0, 0, 0, 3,
       1, 2, 0, 1, 3, 1, 0, 0, 3, 2, 1, 2, 3, 3, 0, 2, 1, 3], dtype=object)]
[934, array([-90., -45., -45.,   0.]), array([0, 3, 0, 2, 2, 0, 3, 0, 2, 2, 1, 2, 2, 3, 0, 3, 2, 3, 0, 0, 0, 3,
       1, 2, 0, 1, 3, 1, 0, 0, 3, 2, 0, 2, 3, 3, 0, 2, 1, 3], dtype=object)]
[891, array([-90., -45., -45.,   0.]), array([0, 3, 0, 2, 2, 0, 3, 0, 2, 2, 0, 2, 2, 3, 0, 3, 2, 3, 0, 0, 0, 3,
       1, 2, 0, 1, 3, 1, 0, 0, 3, 2, 2, 2, 3, 3, 0, 2, 1, 3], dtype=object)]
[888, array([-90., -45., -45.,   0.]), array([0, 3, 0, 2, 2, 0, 3, 0, 2, 2, 0, 2, 1, 3, 0, 2, 2, 3, 0, 0, 0, 3,
       1, 2, 0, 1, 3, 1, 0, 0, 3, 2, 0, 2, 3, 3, 0, 2, 1, 3], dtype=object)]
[885, array([-90., -45., -45.,   0.]), array([0, 3, 0, 2, 2, 0, 3, 0, 2, 2, 0, 2, 2, 3, 0, 1, 2, 3, 0, 0, 0, 3,
       1, 2, 0, 1, 3, 1, 0, 0, 3, 2, 3, 2, 3, 3, 0, 2, 1, 3], dtype=object)]
[935, array([-90., -45., -45.,   0.]), array([0, 3, 0, 2, 2, 0, 3, 0, 2, 2, 2, 2, 2, 3, 0, 3, 2, 3, 0, 0, 0, 3,
       1, 2, 0, 1, 3, 1, 0, 0, 3, 2, 3, 2, 3, 3, 0, 2, 1, 3], dtype=object)]
[892, array([-90., -45., -45.,   0.]), array([0, 3, 0, 2, 2, 0, 3, 0, 2, 2, 0, 2, 2, 3, 0, 3, 2, 3, 0, 0, 0, 3,
       1, 2, 0, 1, 3, 1, 0, 0, 3, 2, 2, 2, 3, 3, 0, 2, 1, 3], dtype=object)]
[889, array([-90., -45., -45.,   0.]), array([0, 3, 0, 2, 2, 0, 3, 0, 2, 2, 0, 2, 2, 3, 0, 3, 2, 3, 0, 0, 0, 3,
       1, 2, 0, 1, 3, 1, 0, 0, 3, 2, 1, 2, 3, 3, 0, 2, 1, 3], dtype=object)]
[886, array([-90., -45., -45.,   0.]), array([0, 3, 0, 2, 2, 0, 3, 0, 2, 2, 0, 2, 2, 3, 0, 1, 2, 3, 0, 0, 0, 3,
       1, 2, 0, 1, 3, 1, 0, 0, 3, 2, 2, 2, 3, 3, 0, 2, 1, 3], dtype=object)]
[936, array([-90., -45., -45.,   0.]), array([0, 3, 0, 2, 2, 0, 3, 0, 2, 2, 1, 2, 2, 3, 0, 3, 2, 3, 0, 0, 0, 3,
       1, 2, 0, 1, 3, 1, 0, 0, 3, 2, 3, 2, 3, 3, 0, 2, 1, 3], dtype=object)]
[893, array([-90., -45., -45.,   0.]), array([0, 3, 0, 2, 2, 0, 3, 0, 2, 2, 0, 2, 2, 3, 0, 3, 2, 3, 0, 0, 0, 3,
       1, 2, 0, 1, 3, 1, 0, 0, 3, 2, 3, 2, 3, 3, 0, 2, 1, 3], dtype=object)]
[890, array([-90., -45., -45.,   0.]), array([0, 3, 0, 2, 2, 0, 3, 0, 2, 2, 0, 2, 2, 3, 0, 3, 2, 3, 0, 0, 0, 3,
       1, 2, 0, 1, 3, 1, 0, 0, 3, 2, 2, 2, 3, 3, 0, 2, 1, 3], dtype=object)]
[894, array([-90., -45., -45.,   0.]), array([0, 3, 0, 2, 2, 0, 3, 0, 2, 2, 2, 2, 1, 3, 0, 2, 2, 3, 0, 0, 0, 3,
       1, 2, 0, 1, 3, 1, 0, 0, 3, 2, 3, 2, 3, 3, 0, 2, 1, 3], dtype=object)]
[887, array([-90., -45., -45.,   0.]), array([0, 3, 0, 2, 2, 0, 3, 0, 2, 2, 0, 2, 2, 3, 0, 1, 2, 3, 0, 0, 0, 3,
       1, 2, 0, 1, 3, 1, 0, 0, 3, 2, 0, 2, 3, 3, 0, 2, 1, 3], dtype=object)]
[937, array([-90., -45., -45.,   0.]), array([0, 3, 0, 2, 2, 0, 3, 0, 2, 2, 0, 2, 2, 3, 0, 3, 2, 3, 0, 0, 0, 3,
       1, 2, 0, 1, 3, 1, 0, 0, 3, 2, 0, 2, 3, 3, 0, 2, 1, 3], dtype=object)]
[891, array([-90., -45., -45.,   0.]), array([0, 3, 0, 2, 2, 0, 3, 0, 2, 2, 0, 2, 2, 3, 0, 3, 2, 3, 0, 0, 0, 3,
       1, 2, 0, 1, 3, 1, 0, 0, 3, 2, 2, 2, 3, 3, 0, 2, 1, 3], dtype=object)]
[938, array([-90., -45., -45.,   0.]), array([0, 3, 0, 2, 2, 0, 3, 0, 2, 2, 0, 2, 1, 3, 0, 3, 2, 3, 0, 0, 0, 3,
       1, 2, 0, 1, 3, 1, 0, 0, 3, 2, 0, 2, 3, 3, 0, 2, 1, 3], dtype=object)]
[895, array([-90., -45., -45.,   0.]), array([0, 3, 0, 2, 2, 0, 3, 0, 2, 2, 0, 2, 2, 3, 0, 2, 2, 3, 0, 0, 0, 3,
       1, 2, 0, 1, 3, 1, 0, 0, 3, 2, 2, 2, 3, 3, 0, 2, 1, 3], dtype=object)]
[888, array([-90., -45., -45.,   0.]), array([0, 3, 0, 2, 2, 0, 3, 0, 2, 2, 0, 2, 1, 3, 0, 2, 2, 3, 0, 0, 0, 3,
       1, 2, 0, 1, 3, 1, 0, 0, 3, 2, 0, 2, 3, 3, 0, 2, 1, 3], dtype=object)]
[892, array([-90., -45., -45.,   0.]), array([0, 3, 0, 2, 2, 0, 3, 0, 2, 2, 0, 2, 2, 3, 0, 3, 2, 3, 0, 0, 0, 3,
       1, 2, 0, 1, 3, 1, 0, 0, 3, 2, 2, 2, 3, 3, 0, 2, 1, 3], dtype=object)]
[939, array([-90., -45., -45.,   0.]), array([0, 3, 0, 2, 2, 0, 3, 0, 2, 2, 0, 2, 2, 3, 0, 3, 2, 3, 0, 0, 0, 3,
       1, 2, 0, 1, 3, 1, 0, 0, 3, 2, 0, 2, 3, 3, 0, 2, 1, 3], dtype=object)]
[896, array([-90., -45., -45.,   0.]), array([0, 3, 0, 2, 2, 0, 3, 0, 2, 2, 0, 2, 2, 3, 0, 2, 2, 3, 0, 0, 0, 3,
       1, 2, 0, 1, 3, 1, 0, 0, 3, 2, 2, 2, 3, 3, 0, 2, 1, 3], dtype=object)]
[889, array([-90., -45., -45.,   0.]), array([0, 3, 0, 2, 2, 0, 3, 0, 2, 2, 0, 2, 2, 3, 0, 3, 2, 3, 0, 0, 0, 3,
       1, 2, 0, 1, 3, 1, 0, 0, 3, 2, 1, 2, 3, 3, 0, 2, 1, 3], dtype=object)]
[893, array([-90., -45., -45.,   0.]), array([0, 3, 0, 2, 2, 0, 3, 0, 2, 2, 0, 2, 2, 3, 0, 3, 2, 3, 0, 0, 0, 3,
       1, 2, 0, 1, 3, 1, 0, 0, 3, 2, 3, 2, 3, 3, 0, 2, 1, 3], dtype=object)]
[940, array([-90., -45., -45.,   0.]), array([0, 1, 0, 2, 0, 0, 3, 0, 2, 2, 0, 2, 2, 3, 0, 3, 2, 3, 0, 0, 0, 3,
       1, 2, 0, 1, 3, 1, 0, 0, 3, 2, 3, 2, 3, 3, 0, 2, 1, 3], dtype=object)]
[897, array([-90., -45., -45.,   0.]), array([0, 3, 0, 2, 2, 0, 3, 0, 2, 2, 0, 2, 2, 3, 0, 1, 2, 3, 0, 0, 0, 3,
       1, 2, 0, 1, 3, 1, 0, 0, 3, 2, 3, 2, 3, 3, 0, 2, 1, 3], dtype=object)]
[890, array([-90., -45., -45.,   0.]), array([0, 3, 0, 2, 2, 0, 3, 0, 2, 2, 0, 2, 2, 3, 0, 3, 2, 3, 0, 0, 0, 3,
       1, 2, 0, 1, 3, 1, 0, 0, 3, 2, 2, 2, 3, 3, 0, 2, 1, 3], dtype=object)]
[894, array([-90., -45., -45.,   0.]), array([0, 3, 0, 2, 2, 0, 3, 0, 2, 2, 2, 2, 1, 3, 0, 2, 2, 3, 0, 0, 0, 3,
       1, 2, 0, 1, 3, 1, 0, 0, 3, 2, 3, 2, 3, 3, 0, 2, 1, 3], dtype=object)]
[941, array([-90., -45., -45.,   0.]), array([0, 3, 0, 2, 2, 0, 3, 0, 2, 2, 0, 2, 2, 3, 0, 3, 2, 3, 0, 0, 0, 3,
       1, 2, 0, 1, 3, 1, 0, 0, 3, 2, 1, 2, 3, 3, 0, 2, 1, 3], dtype=object)]
[898, array([-90., -45., -45.,   0.]), array([0, 3, 0, 2, 2, 0, 3, 0, 2, 2, 0, 2, 0, 3, 0, 1, 2, 3, 0, 0, 0, 3,
       1, 2, 0, 1, 3, 1, 0, 0, 3, 2, 2, 2, 3, 3, 0, 2, 1, 3], dtype=object)]
[891, array([-90., -45., -45.,   0.]), array([0, 3, 0, 2, 2, 0, 3, 0, 2, 2, 0, 2, 2, 3, 0, 3, 2, 3, 0, 0, 0, 3,
       1, 2, 0, 1, 3, 1, 0, 0, 3, 2, 2, 2, 3, 3, 0, 2, 1, 3], dtype=object)]
[895, array([-90., -45., -45.,   0.]), array([0, 3, 0, 2, 2, 0, 3, 0, 2, 2, 0, 2, 2, 3, 0, 2, 2, 3, 0, 0, 0, 3,
       1, 2, 0, 1, 3, 1, 0, 0, 3, 2, 2, 2, 3, 3, 0, 2, 1, 3], dtype=object)]
[942, array([-80., -40., -40.,   0.]), array([0, 3, 0, 2, 2, 0, 3, 0, 2, 2, 0, 2, 2, 3, 0, 3, 2, 3, 0, 3, 0, 3,
       1, 2, 0, 1, 3, 1, 0, 0, 3, 2, 1, 2, 3, 3, 0, 2, 1, 3], dtype=object)]
[899, array([-90., -45., -45.,   0.]), array([0, 3, 0, 2, 2, 0, 3, 0, 2, 2, 1, 2, 2, 3, 0, 1, 2, 3, 0, 0, 0, 3,
       1, 2, 0, 1, 3, 1, 0, 0, 3, 2, 2, 2, 3, 3, 0, 2, 1, 3], dtype=object)]
[892, array([-90., -45., -45.,   0.]), array([0, 3, 0, 2, 2, 0, 3, 0, 2, 2, 0, 2, 2, 3, 0, 3, 2, 3, 0, 0, 0, 3,
       1, 2, 0, 1, 3, 1, 0, 0, 3, 2, 2, 2, 3, 3, 0, 2, 1, 3], dtype=object)]
[896, array([-90., -45., -45.,   0.]), array([0, 3, 0, 2, 2, 0, 3, 0, 2, 2, 0, 2, 2, 3, 0, 2, 2, 3, 0, 0, 0, 3,
       1, 2, 0, 1, 3, 1, 0, 0, 3, 2, 2, 2, 3, 3, 0, 2, 1, 3], dtype=object)]
[900, array([-90., -45., -45.,   0.]), array([0, 3, 0, 2, 2, 0, 3, 0, 2, 2, 1, 2, 0, 3, 0, 1, 2, 3, 0, 0, 0, 3,
       1, 2, 0, 1, 3, 1, 0, 0, 3, 2, 2, 2, 3, 3, 0, 2, 1, 3], dtype=object)]
[943, array([-90., -45., -45.,   0.]), array([0, 3, 0, 2, 2, 0, 3, 0, 2, 2, 3, 2, 2, 3, 0, 3, 2, 3, 0, 0, 0, 3,
       1, 2, 0, 1, 3, 1, 0, 0, 3, 2, 0, 2, 3, 3, 0, 2, 1, 3], dtype=object)]
[893, array([-90., -45., -45.,   0.]), array([0, 3, 0, 2, 2, 0, 3, 0, 2, 2, 0, 2, 2, 3, 0, 3, 2, 3, 0, 0, 0, 3,
       1, 2, 0, 1, 3, 1, 0, 0, 3, 2, 3, 2, 3, 3, 0, 2, 1, 3], dtype=object)]
[897, array([-90., -45., -45.,   0.]), array([0, 3, 0, 2, 2, 0, 3, 0, 2, 2, 0, 2, 2, 3, 0, 1, 2, 3, 0, 0, 0, 3,
       1, 2, 0, 1, 3, 1, 0, 0, 3, 2, 3, 2, 3, 3, 0, 2, 1, 3], dtype=object)]
[944, array([-90., -45., -45.,   0.]), array([0, 3, 0, 2, 2, 0, 3, 0, 2, 2, 3, 2, 2, 3, 0, 3, 2, 3, 0, 0, 0, 3,
       1, 2, 0, 1, 3, 1, 0, 0, 3, 2, 0, 2, 3, 3, 0, 2, 1, 3], dtype=object)]
[901, array([-90., -45., -45.,   0.]), array([0, 3, 0, 2, 2, 0, 3, 0, 2, 2, 0, 2, 2, 3, 0, 1, 2, 3, 0, 0, 0, 3,
       1, 2, 0, 1, 3, 1, 0, 0, 3, 2, 3, 2, 3, 3, 0, 2, 1, 3], dtype=object)]
[894, array([-90., -45., -45.,   0.]), array([0, 3, 0, 2, 2, 0, 3, 0, 2, 2, 2, 2, 1, 3, 0, 2, 2, 3, 0, 0, 0, 3,
       1, 2, 0, 1, 3, 1, 0, 0, 3, 2, 3, 2, 3, 3, 0, 2, 1, 3], dtype=object)]
[898, array([-90., -45., -45.,   0.]), array([0, 3, 0, 2, 2, 0, 3, 0, 2, 2, 0, 2, 0, 3, 0, 1, 2, 3, 0, 0, 0, 3,
       1, 2, 0, 1, 3, 1, 0, 0, 3, 2, 2, 2, 3, 3, 0, 2, 1, 3], dtype=object)]
[945, array([-90., -45., -45.,   0.]), array([0, 3, 0, 2, 2, 0, 3, 0, 2, 2, 0, 2, 2, 3, 0, 2, 2, 3, 0, 0, 0, 3,
       1, 2, 0, 1, 3, 1, 0, 0, 3, 2, 1, 2, 3, 3, 0, 2, 1, 3], dtype=object)]
[902, array([-90., -45., -45.,   0.]), array([0, 3, 0, 2, 2, 0, 3, 0, 2, 2, 1, 2, 0, 3, 0, 1, 2, 3, 0, 0, 0, 3,
       1, 2, 0, 1, 3, 1, 0, 0, 3, 2, 3, 2, 3, 3, 0, 2, 1, 3], dtype=object)]
[895, array([-90., -45., -45.,   0.]), array([0, 3, 0, 2, 2, 0, 3, 0, 2, 2, 0, 2, 2, 3, 0, 2, 2, 3, 0, 0, 0, 3,
       1, 2, 0, 1, 3, 1, 0, 0, 3, 2, 2, 2, 3, 3, 0, 2, 1, 3], dtype=object)]
[899, array([-90., -45., -45.,   0.]), array([0, 3, 0, 2, 2, 0, 3, 0, 2, 2, 1, 2, 2, 3, 0, 1, 2, 3, 0, 0, 0, 3,
       1, 2, 0, 1, 3, 1, 0, 0, 3, 2, 2, 2, 3, 3, 0, 2, 1, 3], dtype=object)]
[946, array([-90., -45., -45.,   0.]), array([0, 3, 0, 2, 2, 0, 3, 0, 2, 2, 0, 2, 2, 3, 0, 2, 2, 3, 0, 0, 0, 3,
       1, 2, 0, 1, 3, 1, 0, 0, 3, 2, 3, 2, 3, 3, 0, 2, 1, 3], dtype=object)]
[903, array([-90., -45., -45.,   0.]), array([0, 3, 0, 2, 2, 0, 3, 0, 2, 2, 0, 2, 2, 3, 0, 1, 2, 3, 0, 0, 0, 3,
       1, 2, 0, 1, 3, 1, 0, 0, 3, 2, 2, 2, 3, 3, 0, 2, 1, 3], dtype=object)]
[896, array([-90., -45., -45.,   0.]), array([0, 3, 0, 2, 2, 0, 3, 0, 2, 2, 0, 2, 2, 3, 0, 2, 2, 3, 0, 0, 0, 3,
       1, 2, 0, 1, 3, 1, 0, 0, 3, 2, 2, 2, 3, 3, 0, 2, 1, 3], dtype=object)]
[900, array([-90., -45., -45.,   0.]), array([0, 3, 0, 2, 2, 0, 3, 0, 2, 2, 1, 2, 0, 3, 0, 1, 2, 3, 0, 0, 0, 3,
       1, 2, 0, 1, 3, 1, 0, 0, 3, 2, 2, 2, 3, 3, 0, 2, 1, 3], dtype=object)]
[947, array([-90., -45., -45.,   0.]), array([0, 3, 0, 2, 2, 0, 3, 0, 2, 2, 0, 2, 2, 3, 0, 3, 2, 3, 0, 0, 0, 3,
       1, 2, 0, 1, 3, 1, 0, 0, 3, 2, 3, 2, 3, 3, 0, 2, 1, 3], dtype=object)]
[904, array([-90., -45., -45.,   0.]), array([0, 3, 0, 2, 2, 0, 3, 0, 2, 2, 3, 2, 2, 3, 0, 3, 2, 3, 0, 0, 0, 3,
       1, 2, 0, 1, 3, 1, 0, 0, 3, 2, 2, 2, 3, 3, 0, 2, 1, 3], dtype=object)]
[897, array([-90., -45., -45.,   0.]), array([0, 3, 0, 2, 2, 0, 3, 0, 2, 2, 0, 2, 2, 3, 0, 1, 2, 3, 0, 0, 0, 3,
       1, 2, 0, 1, 3, 1, 0, 0, 3, 2, 3, 2, 3, 3, 0, 2, 1, 3], dtype=object)]
[901, array([-90., -45., -45.,   0.]), array([0, 3, 0, 2, 2, 0, 3, 0, 2, 2, 0, 2, 2, 3, 0, 1, 2, 3, 0, 0, 0, 3,
       1, 2, 0, 1, 3, 1, 0, 0, 3, 2, 3, 2, 3, 3, 0, 2, 1, 3], dtype=object)]
[948, array([-90., -45., -45.,   0.]), array([0, 3, 0, 2, 2, 0, 3, 0, 2, 2, 0, 2, 2, 3, 0, 2, 2, 3, 0, 0, 0, 3,
       1, 2, 0, 1, 3, 1, 0, 0, 3, 2, 3, 2, 3, 3, 0, 2, 1, 3], dtype=object)]
[905, array([-90., -45., -45.,   0.]), array([0, 3, 0, 2, 2, 0, 3, 0, 2, 2, 2, 2, 2, 3, 0, 1, 2, 3, 0, 0, 0, 3,
       1, 2, 0, 1, 3, 1, 0, 0, 3, 2, 1, 2, 3, 3, 0, 2, 1, 3], dtype=object)]
[898, array([-90., -45., -45.,   0.]), array([0, 3, 0, 2, 2, 0, 3, 0, 2, 2, 0, 2, 0, 3, 0, 1, 2, 3, 0, 0, 0, 3,
       1, 2, 0, 1, 3, 1, 0, 0, 3, 2, 2, 2, 3, 3, 0, 2, 1, 3], dtype=object)]
[949, array([-90., -45., -45.,   0.]), array([0, 3, 0, 2, 2, 0, 3, 0, 2, 2, 0, 2, 2, 3, 0, 3, 2, 3, 0, 0, 0, 3,
       1, 2, 0, 1, 3, 1, 0, 0, 3, 2, 1, 2, 3, 3, 0, 2, 1, 3], dtype=object)]
[902, array([-90., -45., -45.,   0.]), array([0, 3, 0, 2, 2, 0, 3, 0, 2, 2, 1, 2, 0, 3, 0, 1, 2, 3, 0, 0, 0, 3,
       1, 2, 0, 1, 3, 1, 0, 0, 3, 2, 3, 2, 3, 3, 0, 2, 1, 3], dtype=object)]
[906, array([-90., -45., -45.,   0.]), array([0, 3, 0, 2, 2, 0, 3, 0, 2, 2, 2, 2, 2, 3, 0, 1, 2, 3, 0, 0, 0, 3,
       1, 2, 0, 1, 3, 1, 0, 0, 3, 2, 0, 2, 3, 3, 0, 2, 1, 3], dtype=object)]
[899, array([-90., -45., -45.,   0.]), array([0, 3, 0, 2, 2, 0, 3, 0, 2, 2, 1, 2, 2, 3, 0, 1, 2, 3, 0, 0, 0, 3,
       1, 2, 0, 1, 3, 1, 0, 0, 3, 2, 2, 2, 3, 3, 0, 2, 1, 3], dtype=object)]
[950, array([-90., -45., -45.,   0.]), array([0, 3, 0, 2, 2, 0, 3, 0, 2, 2, 0, 2, 2, 3, 0, 2, 2, 3, 0, 0, 0, 3,
       1, 2, 0, 1, 3, 1, 0, 0, 3, 2, 3, 2, 3, 3, 0, 2, 1, 3], dtype=object)]
[903, array([-90., -45., -45.,   0.]), array([0, 3, 0, 2, 2, 0, 3, 0, 2, 2, 0, 2, 2, 3, 0, 1, 2, 3, 0, 0, 0, 3,
       1, 2, 0, 1, 3, 1, 0, 0, 3, 2, 2, 2, 3, 3, 0, 2, 1, 3], dtype=object)]
[907, array([-90., -45., -45.,   0.]), array([0, 3, 0, 2, 2, 0, 3, 0, 2, 2, 3, 2, 2, 3, 0, 1, 2, 3, 0, 0, 0, 3,
       1, 2, 0, 1, 3, 1, 0, 0, 3, 2, 2, 2, 3, 3, 0, 2, 1, 3], dtype=object)]
[951, array([-90., -45., -45.,   0.]), array([0, 3, 0, 2, 2, 0, 3, 0, 2, 2, 0, 2, 2, 3, 0, 3, 2, 3, 0, 0, 0, 3,
       1, 2, 0, 1, 3, 1, 0, 0, 3, 2, 0, 2, 3, 3, 0, 2, 1, 3], dtype=object)]
[900, array([-90., -45., -45.,   0.]), array([0, 3, 0, 2, 2, 0, 3, 0, 2, 2, 1, 2, 0, 3, 0, 1, 2, 3, 0, 0, 0, 3,
       1, 2, 0, 1, 3, 1, 0, 0, 3, 2, 2, 2, 3, 3, 0, 2, 1, 3], dtype=object)]
[908, array([-90., -45., -45.,   0.]), array([0, 3, 0, 2, 2, 0, 3, 0, 2, 2, 3, 2, 2, 3, 0, 1, 2, 3, 0, 0, 0, 3,
       1, 2, 0, 1, 3, 1, 0, 0, 3, 2, 2, 2, 3, 3, 0, 2, 1, 3], dtype=object)]
[904, array([-90., -45., -45.,   0.]), array([0, 3, 0, 2, 2, 0, 3, 0, 2, 2, 3, 2, 2, 3, 0, 3, 2, 3, 0, 0, 0, 3,
       1, 2, 0, 1, 3, 1, 0, 0, 3, 2, 2, 2, 3, 3, 0, 2, 1, 3], dtype=object)]
[952, array([-90., -45., -45.,   0.]), array([0, 3, 0, 2, 2, 0, 3, 0, 2, 2, 0, 2, 3, 3, 0, 3, 2, 3, 0, 0, 0, 3,
       1, 2, 0, 1, 3, 1, 0, 0, 3, 2, 0, 2, 3, 3, 0, 2, 1, 3], dtype=object)]
[901, array([-90., -45., -45.,   0.]), array([0, 3, 0, 2, 2, 0, 3, 0, 2, 2, 0, 2, 2, 3, 0, 1, 2, 3, 0, 0, 0, 3,
       1, 2, 0, 1, 3, 1, 0, 0, 3, 2, 3, 2, 3, 3, 0, 2, 1, 3], dtype=object)]
[909, array([-90., -45., -45.,   0.]), array([0, 3, 0, 2, 2, 0, 3, 0, 2, 2, 0, 2, 2, 3, 0, 3, 2, 3, 0, 0, 0, 3,
       1, 2, 0, 1, 3, 1, 0, 0, 3, 2, 2, 2, 3, 3, 0, 2, 1, 3], dtype=object)]
[905, array([-90., -45., -45.,   0.]), array([0, 3, 0, 2, 2, 0, 3, 0, 2, 2, 2, 2, 2, 3, 0, 1, 2, 3, 0, 0, 0, 3,
       1, 2, 0, 1, 3, 1, 0, 0, 3, 2, 1, 2, 3, 3, 0, 2, 1, 3], dtype=object)]
[953, array([-90., -45., -45.,   0.]), array([0, 3, 0, 2, 2, 0, 3, 0, 2, 2, 0, 2, 2, 3, 0, 3, 2, 3, 0, 0, 0, 3,
       1, 2, 0, 1, 3, 1, 0, 0, 3, 2, 1, 2, 3, 3, 0, 2, 1, 3], dtype=object)]
[902, array([-90., -45., -45.,   0.]), array([0, 3, 0, 2, 2, 0, 3, 0, 2, 2, 1, 2, 0, 3, 0, 1, 2, 3, 0, 0, 0, 3,
       1, 2, 0, 1, 3, 1, 0, 0, 3, 2, 3, 2, 3, 3, 0, 2, 1, 3], dtype=object)]
[910, array([-90., -45., -45.,   0.]), array([0, 3, 0, 2, 2, 0, 3, 0, 2, 2, 0, 2, 2, 3, 0, 0, 2, 3, 0, 0, 0, 3,
       1, 2, 0, 1, 3, 1, 0, 0, 3, 2, 0, 2, 3, 3, 0, 2, 1, 3], dtype=object)]
[906, array([-90., -45., -45.,   0.]), array([0, 3, 0, 2, 2, 0, 3, 0, 2, 2, 2, 2, 2, 3, 0, 1, 2, 3, 0, 0, 0, 3,
       1, 2, 0, 1, 3, 1, 0, 0, 3, 2, 0, 2, 3, 3, 0, 2, 1, 3], dtype=object)]
[954, array([-90., -45., -45.,   0.]), array([0, 3, 0, 2, 2, 0, 3, 0, 2, 2, 1, 2, 2, 3, 0, 3, 2, 3, 0, 0, 0, 3,
       1, 2, 0, 1, 3, 1, 0, 0, 3, 2, 1, 2, 3, 3, 0, 2, 1, 3], dtype=object)]
[903, array([-90., -45., -45.,   0.]), array([0, 3, 0, 2, 2, 0, 3, 0, 2, 2, 0, 2, 2, 3, 0, 1, 2, 3, 0, 0, 0, 3,
       1, 2, 0, 1, 3, 1, 0, 0, 3, 2, 2, 2, 3, 3, 0, 2, 1, 3], dtype=object)]
[907, array([-90., -45., -45.,   0.]), array([0, 3, 0, 2, 2, 0, 3, 0, 2, 2, 3, 2, 2, 3, 0, 1, 2, 3, 0, 0, 0, 3,
       1, 2, 0, 1, 3, 1, 0, 0, 3, 2, 2, 2, 3, 3, 0, 2, 1, 3], dtype=object)]
[911, array([-90., -45., -45.,   0.]), array([0, 3, 0, 2, 2, 0, 3, 0, 2, 2, 0, 2, 2, 3, 0, 1, 2, 3, 0, 0, 0, 3,
       1, 2, 0, 1, 3, 1, 0, 0, 3, 2, 3, 2, 3, 3, 0, 2, 1, 3], dtype=object)]
[955, array([-90., -45., -45.,   0.]), array([0, 3, 0, 2, 2, 0, 3, 0, 2, 2, 0, 2, 2, 3, 0, 3, 2, 3, 0, 0, 0, 3,
       1, 2, 0, 1, 3, 1, 0, 0, 3, 2, 1, 2, 3, 3, 0, 2, 1, 3], dtype=object)]
[904, array([-90., -45., -45.,   0.]), array([0, 3, 0, 2, 2, 0, 3, 0, 2, 2, 3, 2, 2, 3, 0, 3, 2, 3, 0, 0, 0, 3,
       1, 2, 0, 1, 3, 1, 0, 0, 3, 2, 2, 2, 3, 3, 0, 2, 1, 3], dtype=object)]
[912, array([-90., -45., -45.,   0.]), array([0, 3, 0, 2, 2, 0, 3, 0, 2, 2, 2, 2, 2, 3, 0, 3, 2, 3, 0, 0, 0, 3,
       1, 2, 0, 1, 3, 1, 0, 0, 3, 2, 3, 2, 3, 3, 0, 2, 1, 3], dtype=object)]
[908, array([-90., -45., -45.,   0.]), array([0, 3, 0, 2, 2, 0, 3, 0, 2, 2, 3, 2, 2, 3, 0, 1, 2, 3, 0, 0, 0, 3,
       1, 2, 0, 1, 3, 1, 0, 0, 3, 2, 2, 2, 3, 3, 0, 2, 1, 3], dtype=object)]
[956, array([-90., -45., -45.,   0.]), array([0, 3, 0, 2, 2, 0, 3, 0, 2, 2, 1, 2, 2, 3, 0, 2, 2, 3, 0, 0, 0, 3,
       1, 2, 0, 1, 3, 1, 0, 0, 3, 2, 3, 2, 3, 3, 0, 2, 1, 3], dtype=object)]
[905, array([-90., -45., -45.,   0.]), array([0, 3, 0, 2, 2, 0, 3, 0, 2, 2, 2, 2, 2, 3, 0, 1, 2, 3, 0, 0, 0, 3,
       1, 2, 0, 1, 3, 1, 0, 0, 3, 2, 1, 2, 3, 3, 0, 2, 1, 3], dtype=object)]
[913, array([-90., -45., -45.,   0.]), array([0, 3, 0, 2, 2, 0, 3, 0, 2, 2, 0, 2, 2, 3, 0, 1, 2, 3, 0, 0, 0, 3,
       1, 2, 0, 1, 3, 1, 0, 0, 3, 2, 0, 2, 3, 3, 0, 2, 1, 3], dtype=object)]
[909, array([-90., -45., -45.,   0.]), array([0, 3, 0, 2, 2, 0, 3, 0, 2, 2, 0, 2, 2, 3, 0, 3, 2, 3, 0, 0, 0, 3,
       1, 2, 0, 1, 3, 1, 0, 0, 3, 2, 2, 2, 3, 3, 0, 2, 1, 3], dtype=object)]
[957, array([-90., -45., -45.,   0.]), array([0, 3, 0, 2, 2, 0, 3, 0, 2, 2, 0, 2, 2, 3, 0, 3, 2, 3, 0, 0, 0, 3,
       1, 2, 0, 1, 3, 1, 0, 0, 3, 2, 3, 2, 3, 3, 0, 2, 1, 3], dtype=object)]
[906, array([-90., -45., -45.,   0.]), array([0, 3, 0, 2, 2, 0, 3, 0, 2, 2, 2, 2, 2, 3, 0, 1, 2, 3, 0, 0, 0, 3,
       1, 2, 0, 1, 3, 1, 0, 0, 3, 2, 0, 2, 3, 3, 0, 2, 1, 3], dtype=object)]
[914, array([-90., -45., -45.,   0.]), array([0, 3, 0, 2, 2, 0, 3, 0, 2, 2, 3, 2, 2, 3, 0, 3, 2, 3, 0, 0, 0, 3,
       1, 2, 0, 1, 3, 1, 0, 0, 3, 2, 0, 2, 3, 3, 0, 2, 1, 3], dtype=object)]
[910, array([-90., -45., -45.,   0.]), array([0, 3, 0, 2, 2, 0, 3, 0, 2, 2, 0, 2, 2, 3, 0, 0, 2, 3, 0, 0, 0, 3,
       1, 2, 0, 1, 3, 1, 0, 0, 3, 2, 0, 2, 3, 3, 0, 2, 1, 3], dtype=object)]
[958, array([-90., -45., -45.,   0.]), array([0, 3, 0, 2, 2, 0, 3, 0, 2, 2, 1, 2, 2, 3, 0, 2, 2, 3, 0, 0, 0, 3,
       1, 2, 0, 1, 3, 1, 0, 0, 3, 2, 3, 2, 3, 3, 0, 2, 1, 3], dtype=object)]
[907, array([-90., -45., -45.,   0.]), array([0, 3, 0, 2, 2, 0, 3, 0, 2, 2, 3, 2, 2, 3, 0, 1, 2, 3, 0, 0, 0, 3,
       1, 2, 0, 1, 3, 1, 0, 0, 3, 2, 2, 2, 3, 3, 0, 2, 1, 3], dtype=object)]
[915, array([-90., -45., -45.,   0.]), array([0, 3, 0, 2, 2, 0, 3, 0, 2, 2, 0, 2, 2, 3, 0, 3, 2, 3, 0, 0, 0, 3,
       1, 2, 0, 1, 3, 1, 0, 0, 3, 2, 0, 2, 3, 3, 0, 2, 1, 3], dtype=object)]
[911, array([-90., -45., -45.,   0.]), array([0, 3, 0, 2, 2, 0, 3, 0, 2, 2, 0, 2, 2, 3, 0, 1, 2, 3, 0, 0, 0, 3,
       1, 2, 0, 1, 3, 1, 0, 0, 3, 2, 3, 2, 3, 3, 0, 2, 1, 3], dtype=object)]
[959, array([-90., -45., -45.,   0.]), array([0, 3, 0, 2, 2, 0, 3, 0, 2, 2, 0, 2, 2, 3, 0, 3, 2, 3, 0, 0, 0, 3,
       1, 2, 0, 1, 3, 1, 0, 0, 3, 2, 1, 2, 3, 3, 0, 2, 1, 3], dtype=object)]
[908, array([-90., -45., -45.,   0.]), array([0, 3, 0, 2, 2, 0, 3, 0, 2, 2, 3, 2, 2, 3, 0, 1, 2, 3, 0, 0, 0, 3,
       1, 2, 0, 1, 3, 1, 0, 0, 3, 2, 2, 2, 3, 3, 0, 2, 1, 3], dtype=object)]
[916, array([-90., -45., -45.,   0.]), array([0, 3, 0, 2, 2, 0, 3, 0, 2, 2, 3, 2, 2, 3, 0, 3, 2, 3, 0, 0, 0, 3,
       1, 2, 0, 1, 3, 1, 0, 0, 3, 2, 0, 2, 3, 3, 0, 2, 1, 3], dtype=object)]
[912, array([-90., -45., -45.,   0.]), array([0, 3, 0, 2, 2, 0, 3, 0, 2, 2, 2, 2, 2, 3, 0, 3, 2, 3, 0, 0, 0, 3,
       1, 2, 0, 1, 3, 1, 0, 0, 3, 2, 3, 2, 3, 3, 0, 2, 1, 3], dtype=object)]
[960, array([-90., -45., -45.,   0.]), array([0, 3, 0, 2, 2, 0, 3, 0, 2, 2, 0, 2, 2, 3, 0, 0, 2, 3, 0, 0, 0, 3,
       1, 2, 0, 1, 3, 1, 0, 0, 3, 2, 0, 2, 3, 3, 0, 2, 1, 3], dtype=object)]
[909, array([-90., -45., -45.,   0.]), array([0, 3, 0, 2, 2, 0, 3, 0, 2, 2, 0, 2, 2, 3, 0, 3, 2, 3, 0, 0, 0, 3,
       1, 2, 0, 1, 3, 1, 0, 0, 3, 2, 2, 2, 3, 3, 0, 2, 1, 3], dtype=object)]
[917, array([-90., -45., -45.,   0.]), array([0, 3, 0, 2, 2, 0, 3, 0, 2, 2, 0, 2, 2, 3, 0, 1, 2, 3, 0, 0, 0, 3,
       1, 2, 0, 1, 3, 1, 0, 0, 3, 2, 2, 2, 3, 3, 0, 2, 1, 3], dtype=object)]
[913, array([-90., -45., -45.,   0.]), array([0, 3, 0, 2, 2, 0, 3, 0, 2, 2, 0, 2, 2, 3, 0, 1, 2, 3, 0, 0, 0, 3,
       1, 2, 0, 1, 3, 1, 0, 0, 3, 2, 0, 2, 3, 3, 0, 2, 1, 3], dtype=object)]
[961, array([-90., -45., -45.,   0.]), array([0, 3, 0, 2, 2, 0, 3, 0, 2, 2, 0, 2, 2, 3, 0, 3, 2, 3, 0, 0, 0, 3,
       1, 2, 0, 1, 3, 1, 0, 0, 3, 2, 1, 2, 3, 3, 0, 2, 1, 3], dtype=object)]
[910, array([-90., -45., -45.,   0.]), array([0, 3, 0, 2, 2, 0, 3, 0, 2, 2, 0, 2, 2, 3, 0, 0, 2, 3, 0, 0, 0, 3,
       1, 2, 0, 1, 3, 1, 0, 0, 3, 2, 0, 2, 3, 3, 0, 2, 1, 3], dtype=object)]
[918, array([-90., -45., -45.,   0.]), array([0, 3, 0, 2, 2, 0, 3, 0, 2, 2, 3, 2, 2, 3, 0, 1, 2, 3, 0, 0, 0, 3,
       1, 2, 0, 1, 3, 1, 0, 0, 3, 2, 2, 2, 3, 3, 0, 2, 1, 3], dtype=object)]
[962, array([-90., -45., -45.,   0.]), array([0, 3, 0, 2, 2, 0, 3, 0, 2, 2, 0, 2, 2, 3, 0, 0, 2, 3, 0, 0, 0, 3,
       1, 2, 0, 1, 3, 1, 0, 0, 3, 2, 3, 2, 3, 3, 0, 2, 1, 3], dtype=object)]
[914, array([-90., -45., -45.,   0.]), array([0, 3, 0, 2, 2, 0, 3, 0, 2, 2, 3, 2, 2, 3, 0, 3, 2, 3, 0, 0, 0, 3,
       1, 2, 0, 1, 3, 1, 0, 0, 3, 2, 0, 2, 3, 3, 0, 2, 1, 3], dtype=object)]
[911, array([-90., -45., -45.,   0.]), array([0, 3, 0, 2, 2, 0, 3, 0, 2, 2, 0, 2, 2, 3, 0, 1, 2, 3, 0, 0, 0, 3,
       1, 2, 0, 1, 3, 1, 0, 0, 3, 2, 3, 2, 3, 3, 0, 2, 1, 3], dtype=object)]
[919, array([-90., -45., -45.,   0.]), array([0, 3, 0, 2, 2, 0, 3, 0, 2, 2, 0, 2, 2, 3, 0, 3, 2, 3, 0, 0, 0, 3,
       1, 2, 0, 1, 3, 1, 0, 0, 3, 2, 3, 2, 3, 3, 0, 2, 1, 3], dtype=object)]
[963, array([-90., -45., -45.,   0.]), array([0, 3, 0, 2, 2, 0, 3, 0, 2, 2, 0, 2, 2, 3, 0, 3, 2, 3, 0, 0, 0, 3,
       1, 2, 0, 1, 3, 1, 0, 0, 3, 2, 1, 2, 3, 3, 0, 2, 1, 3], dtype=object)]
[915, array([-90., -45., -45.,   0.]), array([0, 3, 0, 2, 2, 0, 3, 0, 2, 2, 0, 2, 2, 3, 0, 3, 2, 3, 0, 0, 0, 3,
       1, 2, 0, 1, 3, 1, 0, 0, 3, 2, 0, 2, 3, 3, 0, 2, 1, 3], dtype=object)]
[912, array([-90., -45., -45.,   0.]), array([0, 3, 0, 2, 2, 0, 3, 0, 2, 2, 2, 2, 2, 3, 0, 3, 2, 3, 0, 0, 0, 3,
       1, 2, 0, 1, 3, 1, 0, 0, 3, 2, 3, 2, 3, 3, 0, 2, 1, 3], dtype=object)]
[920, array([-90., -45., -45.,   0.]), array([0, 3, 0, 2, 2, 0, 3, 0, 2, 2, 0, 2, 1, 3, 0, 3, 2, 3, 0, 0, 0, 3,
       1, 2, 0, 1, 3, 1, 0, 0, 3, 2, 0, 2, 3, 3, 0, 2, 1, 3], dtype=object)]
[964, array([-90., -45., -45.,   0.]), array([0, 3, 0, 2, 2, 0, 3, 0, 2, 2, 0, 2, 2, 3, 0, 0, 2, 3, 0, 0, 0, 3,
       1, 2, 0, 1, 3, 1, 0, 0, 3, 2, 3, 2, 3, 3, 0, 2, 1, 3], dtype=object)]
[916, array([-90., -45., -45.,   0.]), array([0, 3, 0, 2, 2, 0, 3, 0, 2, 2, 3, 2, 2, 3, 0, 3, 2, 3, 0, 0, 0, 3,
       1, 2, 0, 1, 3, 1, 0, 0, 3, 2, 0, 2, 3, 3, 0, 2, 1, 3], dtype=object)]
[913, array([-90., -45., -45.,   0.]), array([0, 3, 0, 2, 2, 0, 3, 0, 2, 2, 0, 2, 2, 3, 0, 1, 2, 3, 0, 0, 0, 3,
       1, 2, 0, 1, 3, 1, 0, 0, 3, 2, 0, 2, 3, 3, 0, 2, 1, 3], dtype=object)]
[921, array([-90., -45., -45.,   0.]), array([0, 3, 0, 2, 2, 0, 3, 0, 2, 2, 0, 2, 2, 3, 0, 3, 2, 3, 0, 0, 0, 3,
       1, 2, 0, 1, 3, 1, 0, 0, 3, 2, 3, 2, 3, 3, 0, 2, 1, 3], dtype=object)]
[965, array([-90., -45., -45.,   0.]), array([0, 3, 0, 2, 2, 0, 3, 0, 2, 2, 0, 2, 2, 3, 0, 3, 2, 3, 0, 0, 0, 3,
       1, 2, 0, 1, 3, 1, 0, 0, 3, 2, 1, 2, 3, 3, 0, 2, 1, 3], dtype=object)]
[917, array([-90., -45., -45.,   0.]), array([0, 3, 0, 2, 2, 0, 3, 0, 2, 2, 0, 2, 2, 3, 0, 1, 2, 3, 0, 0, 0, 3,
       1, 2, 0, 1, 3, 1, 0, 0, 3, 2, 2, 2, 3, 3, 0, 2, 1, 3], dtype=object)]
[914, array([-90., -45., -45.,   0.]), array([0, 3, 0, 2, 2, 0, 3, 0, 2, 2, 3, 2, 2, 3, 0, 3, 2, 3, 0, 0, 0, 3,
       1, 2, 0, 1, 3, 1, 0, 0, 3, 2, 0, 2, 3, 3, 0, 2, 1, 3], dtype=object)]
[922, array([-90., -45., -45.,   0.]), array([0, 3, 0, 2, 2, 0, 3, 0, 2, 2, 2, 2, 2, 3, 0, 3, 2, 3, 0, 0, 0, 3,
       1, 2, 0, 1, 3, 1, 0, 0, 3, 2, 3, 2, 3, 3, 0, 2, 1, 3], dtype=object)]
[966, array([-80., -40., -40.,   0.]), array([0, 3, 0, 2, 2, 0, 3, 0, 2, 2, 0, 2, 2, 3, 0, 0, 2, 3, 0, 0, 0, 3,
       1, 2, 0, 1, 3, 1, 0, 0, 2, 2, 3, 2, 3, 3, 0, 2, 1, 3], dtype=object)]
[918, array([-90., -45., -45.,   0.]), array([0, 3, 0, 2, 2, 0, 3, 0, 2, 2, 3, 2, 2, 3, 0, 1, 2, 3, 0, 0, 0, 3,
       1, 2, 0, 1, 3, 1, 0, 0, 3, 2, 2, 2, 3, 3, 0, 2, 1, 3], dtype=object)]
[915, array([-90., -45., -45.,   0.]), array([0, 3, 0, 2, 2, 0, 3, 0, 2, 2, 0, 2, 2, 3, 0, 3, 2, 3, 0, 0, 0, 3,
       1, 2, 0, 1, 3, 1, 0, 0, 3, 2, 0, 2, 3, 3, 0, 2, 1, 3], dtype=object)]
[923, array([-90., -45., -45.,   0.]), array([0, 3, 0, 2, 2, 0, 3, 0, 2, 2, 0, 2, 2, 3, 0, 3, 2, 3, 0, 0, 0, 3,
       1, 2, 0, 1, 3, 1, 0, 0, 3, 2, 3, 2, 3, 3, 0, 2, 1, 3], dtype=object)]
[967, array([-90., -45., -45.,   0.]), array([0, 3, 0, 2, 2, 0, 3, 0, 2, 2, 0, 2, 2, 3, 0, 3, 2, 3, 0, 0, 0, 3,
       1, 2, 0, 1, 3, 1, 0, 0, 3, 2, 1, 2, 3, 3, 0, 2, 1, 3], dtype=object)]
[916, array([-90., -45., -45.,   0.]), array([0, 3, 0, 2, 2, 0, 3, 0, 2, 2, 3, 2, 2, 3, 0, 3, 2, 3, 0, 0, 0, 3,
       1, 2, 0, 1, 3, 1, 0, 0, 3, 2, 0, 2, 3, 3, 0, 2, 1, 3], dtype=object)]
[919, array([-90., -45., -45.,   0.]), array([0, 3, 0, 2, 2, 0, 3, 0, 2, 2, 0, 2, 2, 3, 0, 3, 2, 3, 0, 0, 0, 3,
       1, 2, 0, 1, 3, 1, 0, 0, 3, 2, 3, 2, 3, 3, 0, 2, 1, 3], dtype=object)]
[924, array([-90., -45., -45.,   0.]), array([0, 3, 0, 2, 2, 0, 3, 0, 2, 2, 1, 2, 2, 3, 0, 3, 2, 3, 0, 0, 0, 3,
       1, 2, 0, 1, 3, 1, 0, 0, 3, 2, 0, 2, 3, 3, 0, 2, 1, 3], dtype=object)]
[968, array([-80., -40., -40.,   0.]), array([0, 3, 0, 2, 2, 0, 3, 0, 2, 2, 0, 2, 2, 3, 0, 3, 2, 3, 0, 0, 0, 3,
       1, 2, 0, 1, 3, 1, 0, 0, 0, 2, 1, 2, 3, 3, 0, 2, 1, 3], dtype=object)]
[920, array([-90., -45., -45.,   0.]), array([0, 3, 0, 2, 2, 0, 3, 0, 2, 2, 0, 2, 1, 3, 0, 3, 2, 3, 0, 0, 0, 3,
       1, 2, 0, 1, 3, 1, 0, 0, 3, 2, 0, 2, 3, 3, 0, 2, 1, 3], dtype=object)]
[917, array([-90., -45., -45.,   0.]), array([0, 3, 0, 2, 2, 0, 3, 0, 2, 2, 0, 2, 2, 3, 0, 1, 2, 3, 0, 0, 0, 3,
       1, 2, 0, 1, 3, 1, 0, 0, 3, 2, 2, 2, 3, 3, 0, 2, 1, 3], dtype=object)]
[925, array([-90., -45., -45.,   0.]), array([0, 3, 0, 2, 2, 0, 3, 0, 2, 2, 0, 2, 2, 3, 0, 3, 2, 3, 0, 0, 0, 3,
       1, 2, 0, 1, 3, 1, 0, 0, 3, 2, 3, 2, 3, 3, 0, 2, 1, 3], dtype=object)]
[969, array([-90., -45., -45.,   0.]), array([0, 3, 0, 2, 2, 0, 3, 0, 2, 2, 0, 2, 2, 3, 0, 3, 2, 3, 0, 0, 0, 3,
       1, 2, 0, 1, 3, 1, 0, 0, 3, 2, 1, 2, 3, 3, 0, 2, 1, 3], dtype=object)]
[921, array([-90., -45., -45.,   0.]), array([0, 3, 0, 2, 2, 0, 3, 0, 2, 2, 0, 2, 2, 3, 0, 3, 2, 3, 0, 0, 0, 3,
       1, 2, 0, 1, 3, 1, 0, 0, 3, 2, 3, 2, 3, 3, 0, 2, 1, 3], dtype=object)]
[918, array([-90., -45., -45.,   0.]), array([0, 3, 0, 2, 2, 0, 3, 0, 2, 2, 3, 2, 2, 3, 0, 1, 2, 3, 0, 0, 0, 3,
       1, 2, 0, 1, 3, 1, 0, 0, 3, 2, 2, 2, 3, 3, 0, 2, 1, 3], dtype=object)]
[926, array([-90., -45., -45.,   0.]), array([0, 3, 0, 2, 2, 0, 3, 0, 2, 2, 3, 2, 2, 3, 0, 3, 2, 3, 0, 0, 0, 3,
       1, 2, 0, 1, 3, 1, 0, 0, 3, 2, 1, 2, 3, 3, 0, 2, 1, 3], dtype=object)]
[970, array([-90., -45., -45.,   0.]), array([0, 3, 0, 2, 2, 0, 3, 0, 2, 2, 0, 2, 2, 3, 0, 0, 2, 3, 0, 0, 0, 3,
       1, 2, 0, 1, 3, 1, 0, 0, 3, 2, 3, 2, 3, 3, 0, 2, 1, 3], dtype=object)]
[922, array([-90., -45., -45.,   0.]), array([0, 3, 0, 2, 2, 0, 3, 0, 2, 2, 2, 2, 2, 3, 0, 3, 2, 3, 0, 0, 0, 3,
       1, 2, 0, 1, 3, 1, 0, 0, 3, 2, 3, 2, 3, 3, 0, 2, 1, 3], dtype=object)]
[919, array([-90., -45., -45.,   0.]), array([0, 3, 0, 2, 2, 0, 3, 0, 2, 2, 0, 2, 2, 3, 0, 3, 2, 3, 0, 0, 0, 3,
       1, 2, 0, 1, 3, 1, 0, 0, 3, 2, 3, 2, 3, 3, 0, 2, 1, 3], dtype=object)]
[971, array([-90., -45., -45.,   0.]), array([0, 3, 0, 2, 2, 0, 3, 0, 2, 2, 0, 2, 2, 3, 0, 3, 2, 3, 0, 0, 0, 3,
       1, 2, 0, 1, 3, 1, 0, 0, 3, 2, 3, 2, 3, 3, 0, 2, 1, 3], dtype=object)]
[927, array([-90., -45., -45.,   0.]), array([0, 3, 0, 2, 2, 0, 3, 0, 2, 2, 0, 2, 2, 3, 0, 3, 2, 3, 0, 0, 0, 3,
       1, 2, 0, 1, 3, 1, 0, 0, 3, 2, 2, 2, 3, 3, 0, 2, 1, 3], dtype=object)]
[923, array([-90., -45., -45.,   0.]), array([0, 3, 0, 2, 2, 0, 3, 0, 2, 2, 0, 2, 2, 3, 0, 3, 2, 3, 0, 0, 0, 3,
       1, 2, 0, 1, 3, 1, 0, 0, 3, 2, 3, 2, 3, 3, 0, 2, 1, 3], dtype=object)]
[920, array([-90., -45., -45.,   0.]), array([0, 3, 0, 2, 2, 0, 3, 0, 2, 2, 0, 2, 1, 3, 0, 3, 2, 3, 0, 0, 0, 3,
       1, 2, 0, 1, 3, 1, 0, 0, 3, 2, 0, 2, 3, 3, 0, 2, 1, 3], dtype=object)]
[928, array([-90., -45., -45.,   0.]), array([0, 3, 0, 2, 2, 0, 3, 0, 2, 2, 0, 2, 2, 3, 0, 2, 2, 3, 0, 0, 0, 3,
       1, 2, 0, 1, 3, 1, 0, 0, 3, 2, 3, 2, 3, 3, 0, 2, 1, 3], dtype=object)]
[972, array([-90., -45., -45.,   0.]), array([0, 3, 0, 2, 2, 0, 3, 0, 2, 2, 1, 2, 2, 3, 0, 3, 2, 3, 0, 0, 0, 3,
       1, 2, 0, 1, 3, 1, 0, 0, 3, 2, 1, 2, 3, 3, 0, 2, 1, 3], dtype=object)]
[924, array([-90., -45., -45.,   0.]), array([0, 3, 0, 2, 2, 0, 3, 0, 2, 2, 1, 2, 2, 3, 0, 3, 2, 3, 0, 0, 0, 3,
       1, 2, 0, 1, 3, 1, 0, 0, 3, 2, 0, 2, 3, 3, 0, 2, 1, 3], dtype=object)]
[921, array([-90., -45., -45.,   0.]), array([0, 3, 0, 2, 2, 0, 3, 0, 2, 2, 0, 2, 2, 3, 0, 3, 2, 3, 0, 0, 0, 3,
       1, 2, 0, 1, 3, 1, 0, 0, 3, 2, 3, 2, 3, 3, 0, 2, 1, 3], dtype=object)]
[929, array([-90., -45., -45.,   0.]), array([0, 3, 0, 2, 2, 0, 3, 0, 2, 2, 0, 2, 2, 3, 0, 3, 2, 3, 0, 0, 0, 3,
       1, 2, 0, 1, 3, 1, 0, 0, 3, 2, 3, 2, 3, 3, 0, 2, 1, 3], dtype=object)]
[973, array([-90., -45., -45.,   0.]), array([0, 3, 0, 2, 2, 0, 3, 0, 2, 2, 0, 2, 2, 3, 0, 3, 2, 3, 0, 0, 0, 3,
       1, 2, 0, 1, 3, 1, 0, 0, 3, 2, 1, 2, 3, 3, 0, 2, 1, 3], dtype=object)]
[925, array([-90., -45., -45.,   0.]), array([0, 3, 0, 2, 2, 0, 3, 0, 2, 2, 0, 2, 2, 3, 0, 3, 2, 3, 0, 0, 0, 3,
       1, 2, 0, 1, 3, 1, 0, 0, 3, 2, 3, 2, 3, 3, 0, 2, 1, 3], dtype=object)]
[922, array([-90., -45., -45.,   0.]), array([0, 3, 0, 2, 2, 0, 3, 0, 2, 2, 2, 2, 2, 3, 0, 3, 2, 3, 0, 0, 0, 3,
       1, 2, 0, 1, 3, 1, 0, 0, 3, 2, 3, 2, 3, 3, 0, 2, 1, 3], dtype=object)]
[930, array([-90., -45., -45.,   0.]), array([0, 3, 0, 2, 2, 0, 3, 0, 2, 2, 0, 2, 2, 3, 0, 0, 2, 3, 0, 0, 0, 3,
       1, 2, 0, 1, 3, 1, 0, 0, 3, 2, 3, 2, 3, 3, 0, 2, 1, 3], dtype=object)]
[974, array([-80., -40., -40.,   0.]), array([0, 3, 0, 2, 2, 0, 3, 0, 2, 2, 0, 2, 1, 3, 0, 3, 2, 3, 0, 0, 0, 3,
       1, 2, 0, 1, 3, 1, 0, 0, 0, 2, 3, 2, 3, 3, 0, 2, 1, 3], dtype=object)]
[926, array([-90., -45., -45.,   0.]), array([0, 3, 0, 2, 2, 0, 3, 0, 2, 2, 3, 2, 2, 3, 0, 3, 2, 3, 0, 0, 0, 3,
       1, 2, 0, 1, 3, 1, 0, 0, 3, 2, 1, 2, 3, 3, 0, 2, 1, 3], dtype=object)]
[923, array([-90., -45., -45.,   0.]), array([0, 3, 0, 2, 2, 0, 3, 0, 2, 2, 0, 2, 2, 3, 0, 3, 2, 3, 0, 0, 0, 3,
       1, 2, 0, 1, 3, 1, 0, 0, 3, 2, 3, 2, 3, 3, 0, 2, 1, 3], dtype=object)]
[975, array([-90., -45., -45.,   0.]), array([0, 3, 0, 2, 2, 0, 3, 0, 2, 2, 0, 2, 2, 3, 0, 3, 2, 3, 0, 0, 0, 3,
       1, 2, 0, 1, 3, 1, 0, 0, 3, 2, 1, 2, 3, 3, 0, 2, 1, 3], dtype=object)]
[931, array([-90., -45., -45.,   0.]), array([0, 3, 0, 2, 2, 0, 3, 0, 2, 2, 2, 2, 2, 3, 0, 3, 2, 3, 0, 0, 0, 3,
       1, 2, 0, 1, 3, 1, 0, 0, 3, 2, 1, 2, 3, 3, 0, 2, 1, 3], dtype=object)]
[927, array([-90., -45., -45.,   0.]), array([0, 3, 0, 2, 2, 0, 3, 0, 2, 2, 0, 2, 2, 3, 0, 3, 2, 3, 0, 0, 0, 3,
       1, 2, 0, 1, 3, 1, 0, 0, 3, 2, 2, 2, 3, 3, 0, 2, 1, 3], dtype=object)]
[924, array([-90., -45., -45.,   0.]), array([0, 3, 0, 2, 2, 0, 3, 0, 2, 2, 1, 2, 2, 3, 0, 3, 2, 3, 0, 0, 0, 3,
       1, 2, 0, 1, 3, 1, 0, 0, 3, 2, 0, 2, 3, 3, 0, 2, 1, 3], dtype=object)]
[976, array([-80., -40., -40.,   0.]), array([0, 3, 0, 2, 2, 0, 3, 0, 2, 2, 0, 2, 2, 3, 0, 3, 2, 3, 0, 0, 0, 3,
       1, 1, 0, 1, 3, 1, 0, 0, 3, 2, 3, 2, 3, 3, 0, 2, 1, 3], dtype=object)]
[932, array([-90., -45., -45.,   0.]), array([0, 3, 0, 2, 2, 0, 3, 0, 2, 2, 2, 2, 0, 3, 0, 3, 2, 3, 0, 0, 0, 3,
       1, 2, 0, 1, 3, 1, 0, 0, 3, 2, 3, 2, 3, 3, 0, 2, 1, 3], dtype=object)]
[928, array([-90., -45., -45.,   0.]), array([0, 3, 0, 2, 2, 0, 3, 0, 2, 2, 0, 2, 2, 3, 0, 2, 2, 3, 0, 0, 0, 3,
       1, 2, 0, 1, 3, 1, 0, 0, 3, 2, 3, 2, 3, 3, 0, 2, 1, 3], dtype=object)]
[925, array([-90., -45., -45.,   0.]), array([0, 3, 0, 2, 2, 0, 3, 0, 2, 2, 0, 2, 2, 3, 0, 3, 2, 3, 0, 0, 0, 3,
       1, 2, 0, 1, 3, 1, 0, 0, 3, 2, 3, 2, 3, 3, 0, 2, 1, 3], dtype=object)]
[977, array([-90., -45., -45.,   0.]), array([0, 3, 0, 2, 2, 0, 3, 0, 2, 2, 2, 2, 2, 3, 0, 3, 2, 3, 0, 0, 0, 3,
       1, 2, 0, 1, 3, 1, 0, 0, 3, 2, 1, 2, 3, 3, 0, 2, 1, 3], dtype=object)]
[933, array([-90., -45., -45.,   0.]), array([0, 3, 0, 2, 2, 0, 3, 0, 2, 2, 0, 2, 2, 3, 0, 3, 2, 3, 0, 0, 0, 3,
       1, 2, 0, 1, 3, 1, 0, 0, 3, 2, 3, 2, 3, 3, 0, 2, 1, 3], dtype=object)]
[929, array([-90., -45., -45.,   0.]), array([0, 3, 0, 2, 2, 0, 3, 0, 2, 2, 0, 2, 2, 3, 0, 3, 2, 3, 0, 0, 0, 3,
       1, 2, 0, 1, 3, 1, 0, 0, 3, 2, 3, 2, 3, 3, 0, 2, 1, 3], dtype=object)]
[926, array([-90., -45., -45.,   0.]), array([0, 3, 0, 2, 2, 0, 3, 0, 2, 2, 3, 2, 2, 3, 0, 3, 2, 3, 0, 0, 0, 3,
       1, 2, 0, 1, 3, 1, 0, 0, 3, 2, 1, 2, 3, 3, 0, 2, 1, 3], dtype=object)]
[978, array([-90., -45., -45.,   0.]), array([0, 3, 0, 2, 2, 0, 3, 0, 2, 2, 2, 2, 2, 3, 0, 1, 2, 3, 0, 0, 0, 3,
       1, 2, 0, 1, 3, 1, 0, 0, 3, 2, 1, 2, 3, 3, 0, 2, 1, 3], dtype=object)]
[934, array([-90., -45., -45.,   0.]), array([0, 3, 0, 2, 2, 0, 3, 0, 2, 2, 1, 2, 2, 3, 0, 3, 2, 3, 0, 0, 0, 3,
       1, 2, 0, 1, 3, 1, 0, 0, 3, 2, 0, 2, 3, 3, 0, 2, 1, 3], dtype=object)]
[930, array([-90., -45., -45.,   0.]), array([0, 3, 0, 2, 2, 0, 3, 0, 2, 2, 0, 2, 2, 3, 0, 0, 2, 3, 0, 0, 0, 3,
       1, 2, 0, 1, 3, 1, 0, 0, 3, 2, 3, 2, 3, 3, 0, 2, 1, 3], dtype=object)]
[927, array([-90., -45., -45.,   0.]), array([0, 3, 0, 2, 2, 0, 3, 0, 2, 2, 0, 2, 2, 3, 0, 3, 2, 3, 0, 0, 0, 3,
       1, 2, 0, 1, 3, 1, 0, 0, 3, 2, 2, 2, 3, 3, 0, 2, 1, 3], dtype=object)]
[979, array([-90., -45., -45.,   0.]), array([0, 3, 0, 2, 2, 0, 3, 0, 2, 2, 0, 2, 2, 3, 0, 3, 2, 3, 0, 0, 0, 3,
       1, 2, 0, 1, 3, 1, 0, 0, 3, 2, 3, 2, 3, 3, 0, 2, 1, 3], dtype=object)]
[935, array([-90., -45., -45.,   0.]), array([0, 3, 0, 2, 2, 0, 3, 0, 2, 2, 2, 2, 2, 3, 0, 3, 2, 3, 0, 0, 0, 3,
       1, 2, 0, 1, 3, 1, 0, 0, 3, 2, 3, 2, 3, 3, 0, 2, 1, 3], dtype=object)]
[931, array([-90., -45., -45.,   0.]), array([0, 3, 0, 2, 2, 0, 3, 0, 2, 2, 2, 2, 2, 3, 0, 3, 2, 3, 0, 0, 0, 3,
       1, 2, 0, 1, 3, 1, 0, 0, 3, 2, 1, 2, 3, 3, 0, 2, 1, 3], dtype=object)]
[928, array([-90., -45., -45.,   0.]), array([0, 3, 0, 2, 2, 0, 3, 0, 2, 2, 0, 2, 2, 3, 0, 2, 2, 3, 0, 0, 0, 3,
       1, 2, 0, 1, 3, 1, 0, 0, 3, 2, 3, 2, 3, 3, 0, 2, 1, 3], dtype=object)]
[980, array([-90., -45., -45.,   0.]), array([0, 3, 0, 2, 2, 0, 3, 0, 2, 2, 0, 2, 2, 3, 0, 2, 2, 3, 0, 0, 0, 3,
       1, 2, 0, 1, 3, 1, 0, 0, 3, 2, 3, 2, 3, 3, 0, 2, 1, 3], dtype=object)]
[936, array([-90., -45., -45.,   0.]), array([0, 3, 0, 2, 2, 0, 3, 0, 2, 2, 1, 2, 2, 3, 0, 3, 2, 3, 0, 0, 0, 3,
       1, 2, 0, 1, 3, 1, 0, 0, 3, 2, 3, 2, 3, 3, 0, 2, 1, 3], dtype=object)]
[932, array([-90., -45., -45.,   0.]), array([0, 3, 0, 2, 2, 0, 3, 0, 2, 2, 2, 2, 0, 3, 0, 3, 2, 3, 0, 0, 0, 3,
       1, 2, 0, 1, 3, 1, 0, 0, 3, 2, 3, 2, 3, 3, 0, 2, 1, 3], dtype=object)]
[929, array([-90., -45., -45.,   0.]), array([0, 3, 0, 2, 2, 0, 3, 0, 2, 2, 0, 2, 2, 3, 0, 3, 2, 3, 0, 0, 0, 3,
       1, 2, 0, 1, 3, 1, 0, 0, 3, 2, 3, 2, 3, 3, 0, 2, 1, 3], dtype=object)]
[981, array([-90., -45., -45.,   0.]), array([0, 3, 0, 2, 2, 0, 3, 0, 2, 2, 0, 2, 2, 3, 0, 3, 2, 3, 0, 0, 0, 3,
       1, 2, 0, 1, 3, 1, 0, 0, 3, 2, 1, 2, 3, 3, 0, 2, 1, 3], dtype=object)]
[937, array([-90., -45., -45.,   0.]), array([0, 3, 0, 2, 2, 0, 3, 0, 2, 2, 0, 2, 2, 3, 0, 3, 2, 3, 0, 0, 0, 3,
       1, 2, 0, 1, 3, 1, 0, 0, 3, 2, 0, 2, 3, 3, 0, 2, 1, 3], dtype=object)]
[930, array([-90., -45., -45.,   0.]), array([0, 3, 0, 2, 2, 0, 3, 0, 2, 2, 0, 2, 2, 3, 0, 0, 2, 3, 0, 0, 0, 3,
       1, 2, 0, 1, 3, 1, 0, 0, 3, 2, 3, 2, 3, 3, 0, 2, 1, 3], dtype=object)]
[933, array([-90., -45., -45.,   0.]), array([0, 3, 0, 2, 2, 0, 3, 0, 2, 2, 0, 2, 2, 3, 0, 3, 2, 3, 0, 0, 0, 3,
       1, 2, 0, 1, 3, 1, 0, 0, 3, 2, 3, 2, 3, 3, 0, 2, 1, 3], dtype=object)]
[982, array([-90., -45., -45.,   0.]), array([0, 3, 0, 2, 2, 0, 3, 0, 2, 2, 0, 2, 0, 3, 0, 3, 2, 3, 0, 0, 0, 3,
       1, 2, 0, 1, 3, 1, 0, 0, 3, 2, 3, 2, 3, 3, 0, 2, 1, 3], dtype=object)]
[938, array([-90., -45., -45.,   0.]), array([0, 3, 0, 2, 2, 0, 3, 0, 2, 2, 0, 2, 1, 3, 0, 3, 2, 3, 0, 0, 0, 3,
       1, 2, 0, 1, 3, 1, 0, 0, 3, 2, 0, 2, 3, 3, 0, 2, 1, 3], dtype=object)]
[934, array([-90., -45., -45.,   0.]), array([0, 3, 0, 2, 2, 0, 3, 0, 2, 2, 1, 2, 2, 3, 0, 3, 2, 3, 0, 0, 0, 3,
       1, 2, 0, 1, 3, 1, 0, 0, 3, 2, 0, 2, 3, 3, 0, 2, 1, 3], dtype=object)]
[931, array([-90., -45., -45.,   0.]), array([0, 3, 0, 2, 2, 0, 3, 0, 2, 2, 2, 2, 2, 3, 0, 3, 2, 3, 0, 0, 0, 3,
       1, 2, 0, 1, 3, 1, 0, 0, 3, 2, 1, 2, 3, 3, 0, 2, 1, 3], dtype=object)]
[983, array([-90., -45., -45.,   0.]), array([0, 3, 0, 2, 2, 0, 3, 0, 2, 2, 0, 2, 2, 3, 0, 3, 2, 3, 0, 0, 0, 3,
       1, 2, 0, 1, 3, 1, 0, 0, 3, 2, 1, 2, 3, 3, 0, 2, 1, 3], dtype=object)]
[939, array([-90., -45., -45.,   0.]), array([0, 3, 0, 2, 2, 0, 3, 0, 2, 2, 0, 2, 2, 3, 0, 3, 2, 3, 0, 0, 0, 3,
       1, 2, 0, 1, 3, 1, 0, 0, 3, 2, 0, 2, 3, 3, 0, 2, 1, 3], dtype=object)]
[932, array([-90., -45., -45.,   0.]), array([0, 3, 0, 2, 2, 0, 3, 0, 2, 2, 2, 2, 0, 3, 0, 3, 2, 3, 0, 0, 0, 3,
       1, 2, 0, 1, 3, 1, 0, 0, 3, 2, 3, 2, 3, 3, 0, 2, 1, 3], dtype=object)]
[935, array([-90., -45., -45.,   0.]), array([0, 3, 0, 2, 2, 0, 3, 0, 2, 2, 2, 2, 2, 3, 0, 3, 2, 3, 0, 0, 0, 3,
       1, 2, 0, 1, 3, 1, 0, 0, 3, 2, 3, 2, 3, 3, 0, 2, 1, 3], dtype=object)]
[984, array([-80., -40., -40.,   0.]), array([0, 3, 0, 2, 2, 0, 3, 0, 2, 2, 0, 2, 2, 3, 0, 3, 2, 3, 0, 0, 0, 3,
       1, 2, 0, 1, 3, 1, 0, 0, 3, 2, 1, 2, 3, 3, 0, 2, 1, 2], dtype=object)]
[940, array([-90., -45., -45.,   0.]), array([0, 1, 0, 2, 0, 0, 3, 0, 2, 2, 0, 2, 2, 3, 0, 3, 2, 3, 0, 0, 0, 3,
       1, 2, 0, 1, 3, 1, 0, 0, 3, 2, 3, 2, 3, 3, 0, 2, 1, 3], dtype=object)]
[933, array([-90., -45., -45.,   0.]), array([0, 3, 0, 2, 2, 0, 3, 0, 2, 2, 0, 2, 2, 3, 0, 3, 2, 3, 0, 0, 0, 3,
       1, 2, 0, 1, 3, 1, 0, 0, 3, 2, 3, 2, 3, 3, 0, 2, 1, 3], dtype=object)]
[936, array([-90., -45., -45.,   0.]), array([0, 3, 0, 2, 2, 0, 3, 0, 2, 2, 1, 2, 2, 3, 0, 3, 2, 3, 0, 0, 0, 3,
       1, 2, 0, 1, 3, 1, 0, 0, 3, 2, 3, 2, 3, 3, 0, 2, 1, 3], dtype=object)]
[985, array([-90., -45., -45.,   0.]), array([0, 3, 0, 2, 2, 0, 3, 0, 2, 2, 0, 2, 2, 3, 0, 3, 2, 3, 0, 0, 0, 3,
       1, 2, 0, 1, 3, 1, 0, 0, 3, 2, 1, 2, 3, 3, 0, 2, 1, 3], dtype=object)]
[934, array([-90., -45., -45.,   0.]), array([0, 3, 0, 2, 2, 0, 3, 0, 2, 2, 1, 2, 2, 3, 0, 3, 2, 3, 0, 0, 0, 3,
       1, 2, 0, 1, 3, 1, 0, 0, 3, 2, 0, 2, 3, 3, 0, 2, 1, 3], dtype=object)]
[941, array([-90., -45., -45.,   0.]), array([0, 3, 0, 2, 2, 0, 3, 0, 2, 2, 0, 2, 2, 3, 0, 3, 2, 3, 0, 0, 0, 3,
       1, 2, 0, 1, 3, 1, 0, 0, 3, 2, 1, 2, 3, 3, 0, 2, 1, 3], dtype=object)]
[937, array([-90., -45., -45.,   0.]), array([0, 3, 0, 2, 2, 0, 3, 0, 2, 2, 0, 2, 2, 3, 0, 3, 2, 3, 0, 0, 0, 3,
       1, 2, 0, 1, 3, 1, 0, 0, 3, 2, 0, 2, 3, 3, 0, 2, 1, 3], dtype=object)]
[986, array([-80., -40., -40.,   0.]), array([0, 3, 0, 2, 2, 0, 3, 0, 2, 2, 0, 2, 2, 3, 0, 3, 2, 3, 0, 1, 0, 3,
       1, 2, 0, 1, 3, 1, 0, 0, 3, 2, 1, 2, 3, 3, 0, 2, 1, 3], dtype=object)]
[942, array([-80., -40., -40.,   0.]), array([0, 3, 0, 2, 2, 0, 3, 0, 2, 2, 0, 2, 2, 3, 0, 3, 2, 3, 0, 3, 0, 3,
       1, 2, 0, 1, 3, 1, 0, 0, 3, 2, 1, 2, 3, 3, 0, 2, 1, 3], dtype=object)]
[935, array([-90., -45., -45.,   0.]), array([0, 3, 0, 2, 2, 0, 3, 0, 2, 2, 2, 2, 2, 3, 0, 3, 2, 3, 0, 0, 0, 3,
       1, 2, 0, 1, 3, 1, 0, 0, 3, 2, 3, 2, 3, 3, 0, 2, 1, 3], dtype=object)]
[938, array([-90., -45., -45.,   0.]), array([0, 3, 0, 2, 2, 0, 3, 0, 2, 2, 0, 2, 1, 3, 0, 3, 2, 3, 0, 0, 0, 3,
       1, 2, 0, 1, 3, 1, 0, 0, 3, 2, 0, 2, 3, 3, 0, 2, 1, 3], dtype=object)]
[987, array([-90., -45., -45.,   0.]), array([0, 3, 0, 2, 2, 0, 3, 0, 2, 2, 2, 2, 2, 3, 0, 3, 2, 3, 0, 0, 0, 3,
       1, 2, 0, 1, 3, 1, 0, 0, 3, 2, 1, 2, 3, 3, 0, 2, 1, 3], dtype=object)]
[936, array([-90., -45., -45.,   0.]), array([0, 3, 0, 2, 2, 0, 3, 0, 2, 2, 1, 2, 2, 3, 0, 3, 2, 3, 0, 0, 0, 3,
       1, 2, 0, 1, 3, 1, 0, 0, 3, 2, 3, 2, 3, 3, 0, 2, 1, 3], dtype=object)]
[943, array([-90., -45., -45.,   0.]), array([0, 3, 0, 2, 2, 0, 3, 0, 2, 2, 3, 2, 2, 3, 0, 3, 2, 3, 0, 0, 0, 3,
       1, 2, 0, 1, 3, 1, 0, 0, 3, 2, 0, 2, 3, 3, 0, 2, 1, 3], dtype=object)]
[939, array([-90., -45., -45.,   0.]), array([0, 3, 0, 2, 2, 0, 3, 0, 2, 2, 0, 2, 2, 3, 0, 3, 2, 3, 0, 0, 0, 3,
       1, 2, 0, 1, 3, 1, 0, 0, 3, 2, 0, 2, 3, 3, 0, 2, 1, 3], dtype=object)]
[988, array([-90., -45., -45.,   0.]), array([0, 3, 0, 2, 2, 0, 3, 0, 2, 2, 0, 2, 2, 3, 0, 2, 2, 3, 0, 0, 0, 3,
       1, 2, 0, 1, 3, 1, 0, 0, 3, 2, 3, 2, 3, 3, 0, 2, 1, 3], dtype=object)]
[937, array([-90., -45., -45.,   0.]), array([0, 3, 0, 2, 2, 0, 3, 0, 2, 2, 0, 2, 2, 3, 0, 3, 2, 3, 0, 0, 0, 3,
       1, 2, 0, 1, 3, 1, 0, 0, 3, 2, 0, 2, 3, 3, 0, 2, 1, 3], dtype=object)]
[944, array([-90., -45., -45.,   0.]), array([0, 3, 0, 2, 2, 0, 3, 0, 2, 2, 3, 2, 2, 3, 0, 3, 2, 3, 0, 0, 0, 3,
       1, 2, 0, 1, 3, 1, 0, 0, 3, 2, 0, 2, 3, 3, 0, 2, 1, 3], dtype=object)]
[940, array([-90., -45., -45.,   0.]), array([0, 1, 0, 2, 0, 0, 3, 0, 2, 2, 0, 2, 2, 3, 0, 3, 2, 3, 0, 0, 0, 3,
       1, 2, 0, 1, 3, 1, 0, 0, 3, 2, 3, 2, 3, 3, 0, 2, 1, 3], dtype=object)]
[989, array([-90., -45., -45.,   0.]), array([0, 3, 0, 2, 2, 0, 3, 0, 2, 2, 0, 2, 2, 3, 0, 3, 2, 3, 0, 0, 0, 3,
       1, 2, 0, 1, 3, 1, 0, 0, 3, 2, 3, 2, 3, 3, 0, 2, 1, 3], dtype=object)]
[938, array([-90., -45., -45.,   0.]), array([0, 3, 0, 2, 2, 0, 3, 0, 2, 2, 0, 2, 1, 3, 0, 3, 2, 3, 0, 0, 0, 3,
       1, 2, 0, 1, 3, 1, 0, 0, 3, 2, 0, 2, 3, 3, 0, 2, 1, 3], dtype=object)]
[945, array([-90., -45., -45.,   0.]), array([0, 3, 0, 2, 2, 0, 3, 0, 2, 2, 0, 2, 2, 3, 0, 2, 2, 3, 0, 0, 0, 3,
       1, 2, 0, 1, 3, 1, 0, 0, 3, 2, 1, 2, 3, 3, 0, 2, 1, 3], dtype=object)]
[941, array([-90., -45., -45.,   0.]), array([0, 3, 0, 2, 2, 0, 3, 0, 2, 2, 0, 2, 2, 3, 0, 3, 2, 3, 0, 0, 0, 3,
       1, 2, 0, 1, 3, 1, 0, 0, 3, 2, 1, 2, 3, 3, 0, 2, 1, 3], dtype=object)]
[990, array([-90., -45., -45.,   0.]), array([0, 3, 0, 2, 2, 0, 3, 0, 2, 2, 0, 2, 2, 3, 0, 2, 2, 3, 0, 0, 0, 3,
       1, 2, 0, 1, 3, 1, 0, 0, 3, 2, 3, 2, 3, 3, 0, 2, 1, 3], dtype=object)]
[946, array([-90., -45., -45.,   0.]), array([0, 3, 0, 2, 2, 0, 3, 0, 2, 2, 0, 2, 2, 3, 0, 2, 2, 3, 0, 0, 0, 3,
       1, 2, 0, 1, 3, 1, 0, 0, 3, 2, 3, 2, 3, 3, 0, 2, 1, 3], dtype=object)]
[939, array([-90., -45., -45.,   0.]), array([0, 3, 0, 2, 2, 0, 3, 0, 2, 2, 0, 2, 2, 3, 0, 3, 2, 3, 0, 0, 0, 3,
       1, 2, 0, 1, 3, 1, 0, 0, 3, 2, 0, 2, 3, 3, 0, 2, 1, 3], dtype=object)]
[942, array([-80., -40., -40.,   0.]), array([0, 3, 0, 2, 2, 0, 3, 0, 2, 2, 0, 2, 2, 3, 0, 3, 2, 3, 0, 3, 0, 3,
       1, 2, 0, 1, 3, 1, 0, 0, 3, 2, 1, 2, 3, 3, 0, 2, 1, 3], dtype=object)]
[991, array([-90., -45., -45.,   0.]), array([0, 3, 0, 2, 2, 0, 3, 0, 2, 2, 0, 2, 2, 3, 0, 2, 2, 3, 0, 0, 0, 3,
       1, 2, 0, 1, 3, 1, 0, 0, 3, 2, 3, 2, 3, 3, 0, 2, 1, 3], dtype=object)]
[940, array([-90., -45., -45.,   0.]), array([0, 1, 0, 2, 0, 0, 3, 0, 2, 2, 0, 2, 2, 3, 0, 3, 2, 3, 0, 0, 0, 3,
       1, 2, 0, 1, 3, 1, 0, 0, 3, 2, 3, 2, 3, 3, 0, 2, 1, 3], dtype=object)]
[947, array([-90., -45., -45.,   0.]), array([0, 3, 0, 2, 2, 0, 3, 0, 2, 2, 0, 2, 2, 3, 0, 3, 2, 3, 0, 0, 0, 3,
       1, 2, 0, 1, 3, 1, 0, 0, 3, 2, 3, 2, 3, 3, 0, 2, 1, 3], dtype=object)]
[992, array([-90., -45., -45.,   0.]), array([0, 3, 0, 2, 2, 0, 3, 0, 2, 2, 2, 2, 2, 3, 0, 2, 2, 3, 0, 0, 0, 3,
       1, 2, 0, 1, 3, 1, 0, 0, 3, 2, 3, 2, 3, 3, 0, 2, 1, 3], dtype=object)]
[943, array([-90., -45., -45.,   0.]), array([0, 3, 0, 2, 2, 0, 3, 0, 2, 2, 3, 2, 2, 3, 0, 3, 2, 3, 0, 0, 0, 3,
       1, 2, 0, 1, 3, 1, 0, 0, 3, 2, 0, 2, 3, 3, 0, 2, 1, 3], dtype=object)]
[941, array([-90., -45., -45.,   0.]), array([0, 3, 0, 2, 2, 0, 3, 0, 2, 2, 0, 2, 2, 3, 0, 3, 2, 3, 0, 0, 0, 3,
       1, 2, 0, 1, 3, 1, 0, 0, 3, 2, 1, 2, 3, 3, 0, 2, 1, 3], dtype=object)]
[948, array([-90., -45., -45.,   0.]), array([0, 3, 0, 2, 2, 0, 3, 0, 2, 2, 0, 2, 2, 3, 0, 2, 2, 3, 0, 0, 0, 3,
       1, 2, 0, 1, 3, 1, 0, 0, 3, 2, 3, 2, 3, 3, 0, 2, 1, 3], dtype=object)]
[944, array([-90., -45., -45.,   0.]), array([0, 3, 0, 2, 2, 0, 3, 0, 2, 2, 3, 2, 2, 3, 0, 3, 2, 3, 0, 0, 0, 3,
       1, 2, 0, 1, 3, 1, 0, 0, 3, 2, 0, 2, 3, 3, 0, 2, 1, 3], dtype=object)]
[993, array([-90., -45., -45.,   0.]), array([0, 3, 0, 2, 2, 0, 3, 0, 2, 2, 0, 2, 2, 3, 0, 3, 2, 3, 0, 0, 0, 3,
       1, 2, 0, 1, 3, 1, 0, 0, 3, 2, 1, 2, 3, 3, 0, 2, 1, 3], dtype=object)]
[942, array([-80., -40., -40.,   0.]), array([0, 3, 0, 2, 2, 0, 3, 0, 2, 2, 0, 2, 2, 3, 0, 3, 2, 3, 0, 3, 0, 3,
       1, 2, 0, 1, 3, 1, 0, 0, 3, 2, 1, 2, 3, 3, 0, 2, 1, 3], dtype=object)]
[949, array([-90., -45., -45.,   0.]), array([0, 3, 0, 2, 2, 0, 3, 0, 2, 2, 0, 2, 2, 3, 0, 3, 2, 3, 0, 0, 0, 3,
       1, 2, 0, 1, 3, 1, 0, 0, 3, 2, 1, 2, 3, 3, 0, 2, 1, 3], dtype=object)]
[994, array([-90., -45., -45.,   0.]), array([0, 3, 0, 2, 2, 0, 3, 0, 2, 2, 2, 2, 1, 3, 0, 3, 2, 3, 0, 0, 0, 3,
       1, 2, 0, 1, 3, 1, 0, 0, 3, 2, 3, 2, 3, 3, 0, 2, 1, 3], dtype=object)]
[945, array([-90., -45., -45.,   0.]), array([0, 3, 0, 2, 2, 0, 3, 0, 2, 2, 0, 2, 2, 3, 0, 2, 2, 3, 0, 0, 0, 3,
       1, 2, 0, 1, 3, 1, 0, 0, 3, 2, 1, 2, 3, 3, 0, 2, 1, 3], dtype=object)]
[943, array([-90., -45., -45.,   0.]), array([0, 3, 0, 2, 2, 0, 3, 0, 2, 2, 3, 2, 2, 3, 0, 3, 2, 3, 0, 0, 0, 3,
       1, 2, 0, 1, 3, 1, 0, 0, 3, 2, 0, 2, 3, 3, 0, 2, 1, 3], dtype=object)]
[950, array([-90., -45., -45.,   0.]), array([0, 3, 0, 2, 2, 0, 3, 0, 2, 2, 0, 2, 2, 3, 0, 2, 2, 3, 0, 0, 0, 3,
       1, 2, 0, 1, 3, 1, 0, 0, 3, 2, 3, 2, 3, 3, 0, 2, 1, 3], dtype=object)]
[946, array([-90., -45., -45.,   0.]), array([0, 3, 0, 2, 2, 0, 3, 0, 2, 2, 0, 2, 2, 3, 0, 2, 2, 3, 0, 0, 0, 3,
       1, 2, 0, 1, 3, 1, 0, 0, 3, 2, 3, 2, 3, 3, 0, 2, 1, 3], dtype=object)]
[995, array([-90., -45., -45.,   0.]), array([0, 3, 0, 2, 2, 0, 3, 0, 2, 2, 0, 2, 2, 3, 0, 3, 2, 3, 0, 0, 0, 3,
       1, 2, 0, 1, 3, 1, 0, 0, 3, 2, 1, 2, 3, 3, 0, 2, 1, 3], dtype=object)]
[944, array([-90., -45., -45.,   0.]), array([0, 3, 0, 2, 2, 0, 3, 0, 2, 2, 3, 2, 2, 3, 0, 3, 2, 3, 0, 0, 0, 3,
       1, 2, 0, 1, 3, 1, 0, 0, 3, 2, 0, 2, 3, 3, 0, 2, 1, 3], dtype=object)]
[951, array([-90., -45., -45.,   0.]), array([0, 3, 0, 2, 2, 0, 3, 0, 2, 2, 0, 2, 2, 3, 0, 3, 2, 3, 0, 0, 0, 3,
       1, 2, 0, 1, 3, 1, 0, 0, 3, 2, 0, 2, 3, 3, 0, 2, 1, 3], dtype=object)]
[996, array([-90., -45., -45.,   0.]), array([0, 3, 0, 2, 2, 0, 3, 0, 2, 2, 2, 2, 2, 3, 0, 2, 2, 3, 0, 0, 0, 3,
       1, 2, 0, 1, 3, 1, 0, 0, 3, 2, 3, 2, 3, 3, 0, 2, 1, 3], dtype=object)]
[947, array([-90., -45., -45.,   0.]), array([0, 3, 0, 2, 2, 0, 3, 0, 2, 2, 0, 2, 2, 3, 0, 3, 2, 3, 0, 0, 0, 3,
       1, 2, 0, 1, 3, 1, 0, 0, 3, 2, 3, 2, 3, 3, 0, 2, 1, 3], dtype=object)]
[945, array([-90., -45., -45.,   0.]), array([0, 3, 0, 2, 2, 0, 3, 0, 2, 2, 0, 2, 2, 3, 0, 2, 2, 3, 0, 0, 0, 3,
       1, 2, 0, 1, 3, 1, 0, 0, 3, 2, 1, 2, 3, 3, 0, 2, 1, 3], dtype=object)]
[952, array([-90., -45., -45.,   0.]), array([0, 3, 0, 2, 2, 0, 3, 0, 2, 2, 0, 2, 3, 3, 0, 3, 2, 3, 0, 0, 0, 3,
       1, 2, 0, 1, 3, 1, 0, 0, 3, 2, 0, 2, 3, 3, 0, 2, 1, 3], dtype=object)]
[948, array([-90., -45., -45.,   0.]), array([0, 3, 0, 2, 2, 0, 3, 0, 2, 2, 0, 2, 2, 3, 0, 2, 2, 3, 0, 0, 0, 3,
       1, 2, 0, 1, 3, 1, 0, 0, 3, 2, 3, 2, 3, 3, 0, 2, 1, 3], dtype=object)]
[997, array([-90., -45., -45.,   0.]), array([0, 3, 0, 2, 2, 0, 3, 0, 2, 2, 2, 2, 2, 3, 0, 3, 2, 3, 0, 0, 0, 3,
       1, 2, 0, 1, 3, 1, 0, 0, 3, 2, 1, 2, 3, 3, 0, 2, 1, 3], dtype=object)]
[946, array([-90., -45., -45.,   0.]), array([0, 3, 0, 2, 2, 0, 3, 0, 2, 2, 0, 2, 2, 3, 0, 2, 2, 3, 0, 0, 0, 3,
       1, 2, 0, 1, 3, 1, 0, 0, 3, 2, 3, 2, 3, 3, 0, 2, 1, 3], dtype=object)]
[953, array([-90., -45., -45.,   0.]), array([0, 3, 0, 2, 2, 0, 3, 0, 2, 2, 0, 2, 2, 3, 0, 3, 2, 3, 0, 0, 0, 3,
       1, 2, 0, 1, 3, 1, 0, 0, 3, 2, 1, 2, 3, 3, 0, 2, 1, 3], dtype=object)]
[949, array([-90., -45., -45.,   0.]), array([0, 3, 0, 2, 2, 0, 3, 0, 2, 2, 0, 2, 2, 3, 0, 3, 2, 3, 0, 0, 0, 3,
       1, 2, 0, 1, 3, 1, 0, 0, 3, 2, 1, 2, 3, 3, 0, 2, 1, 3], dtype=object)]
[998, array([-90., -45., -45.,   0.]), array([0, 3, 0, 2, 2, 0, 3, 0, 2, 2, 2, 2, 2, 3, 0, 2, 2, 3, 0, 0, 0, 3,
       1, 2, 0, 1, 3, 1, 0, 0, 3, 2, 3, 2, 3, 3, 0, 2, 1, 3], dtype=object)]
[947, array([-90., -45., -45.,   0.]), array([0, 3, 0, 2, 2, 0, 3, 0, 2, 2, 0, 2, 2, 3, 0, 3, 2, 3, 0, 0, 0, 3,
       1, 2, 0, 1, 3, 1, 0, 0, 3, 2, 3, 2, 3, 3, 0, 2, 1, 3], dtype=object)]
[954, array([-90., -45., -45.,   0.]), array([0, 3, 0, 2, 2, 0, 3, 0, 2, 2, 1, 2, 2, 3, 0, 3, 2, 3, 0, 0, 0, 3,
       1, 2, 0, 1, 3, 1, 0, 0, 3, 2, 1, 2, 3, 3, 0, 2, 1, 3], dtype=object)]
[950, array([-90., -45., -45.,   0.]), array([0, 3, 0, 2, 2, 0, 3, 0, 2, 2, 0, 2, 2, 3, 0, 2, 2, 3, 0, 0, 0, 3,
       1, 2, 0, 1, 3, 1, 0, 0, 3, 2, 3, 2, 3, 3, 0, 2, 1, 3], dtype=object)]
[999, array([-90., -45., -45.,   0.]), array([0, 3, 0, 2, 2, 0, 3, 0, 2, 2, 0, 2, 2, 3, 0, 3, 2, 3, 0, 0, 0, 3,
       1, 2, 0, 1, 3, 1, 0, 0, 3, 2, 1, 2, 3, 3, 0, 2, 1, 3], dtype=object)]
[948, array([-90., -45., -45.,   0.]), array([0, 3, 0, 2, 2, 0, 3, 0, 2, 2, 0, 2, 2, 3, 0, 2, 2, 3, 0, 0, 0, 3,
       1, 2, 0, 1, 3, 1, 0, 0, 3, 2, 3, 2, 3, 3, 0, 2, 1, 3], dtype=object)]
[955, array([-90., -45., -45.,   0.]), array([0, 3, 0, 2, 2, 0, 3, 0, 2, 2, 0, 2, 2, 3, 0, 3, 2, 3, 0, 0, 0, 3,
       1, 2, 0, 1, 3, 1, 0, 0, 3, 2, 1, 2, 3, 3, 0, 2, 1, 3], dtype=object)]
[951, array([-90., -45., -45.,   0.]), array([0, 3, 0, 2, 2, 0, 3, 0, 2, 2, 0, 2, 2, 3, 0, 3, 2, 3, 0, 0, 0, 3,
       1, 2, 0, 1, 3, 1, 0, 0, 3, 2, 0, 2, 3, 3, 0, 2, 1, 3], dtype=object)]
[949, array([-90., -45., -45.,   0.]), array([0, 3, 0, 2, 2, 0, 3, 0, 2, 2, 0, 2, 2, 3, 0, 3, 2, 3, 0, 0, 0, 3,
       1, 2, 0, 1, 3, 1, 0, 0, 3, 2, 1, 2, 3, 3, 0, 2, 1, 3], dtype=object)]
[952, array([-90., -45., -45.,   0.]), array([0, 3, 0, 2, 2, 0, 3, 0, 2, 2, 0, 2, 3, 3, 0, 3, 2, 3, 0, 0, 0, 3,
       1, 2, 0, 1, 3, 1, 0, 0, 3, 2, 0, 2, 3, 3, 0, 2, 1, 3], dtype=object)]
[956, array([-90., -45., -45.,   0.]), array([0, 3, 0, 2, 2, 0, 3, 0, 2, 2, 1, 2, 2, 3, 0, 2, 2, 3, 0, 0, 0, 3,
       1, 2, 0, 1, 3, 1, 0, 0, 3, 2, 3, 2, 3, 3, 0, 2, 1, 3], dtype=object)]
[950, array([-90., -45., -45.,   0.]), array([0, 3, 0, 2, 2, 0, 3, 0, 2, 2, 0, 2, 2, 3, 0, 2, 2, 3, 0, 0, 0, 3,
       1, 2, 0, 1, 3, 1, 0, 0, 3, 2, 3, 2, 3, 3, 0, 2, 1, 3], dtype=object)]
[953, array([-90., -45., -45.,   0.]), array([0, 3, 0, 2, 2, 0, 3, 0, 2, 2, 0, 2, 2, 3, 0, 3, 2, 3, 0, 0, 0, 3,
       1, 2, 0, 1, 3, 1, 0, 0, 3, 2, 1, 2, 3, 3, 0, 2, 1, 3], dtype=object)]
[957, array([-90., -45., -45.,   0.]), array([0, 3, 0, 2, 2, 0, 3, 0, 2, 2, 0, 2, 2, 3, 0, 3, 2, 3, 0, 0, 0, 3,
       1, 2, 0, 1, 3, 1, 0, 0, 3, 2, 3, 2, 3, 3, 0, 2, 1, 3], dtype=object)]
[951, array([-90., -45., -45.,   0.]), array([0, 3, 0, 2, 2, 0, 3, 0, 2, 2, 0, 2, 2, 3, 0, 3, 2, 3, 0, 0, 0, 3,
       1, 2, 0, 1, 3, 1, 0, 0, 3, 2, 0, 2, 3, 3, 0, 2, 1, 3], dtype=object)]
[954, array([-90., -45., -45.,   0.]), array([0, 3, 0, 2, 2, 0, 3, 0, 2, 2, 1, 2, 2, 3, 0, 3, 2, 3, 0, 0, 0, 3,
       1, 2, 0, 1, 3, 1, 0, 0, 3, 2, 1, 2, 3, 3, 0, 2, 1, 3], dtype=object)]
[958, array([-90., -45., -45.,   0.]), array([0, 3, 0, 2, 2, 0, 3, 0, 2, 2, 1, 2, 2, 3, 0, 2, 2, 3, 0, 0, 0, 3,
       1, 2, 0, 1, 3, 1, 0, 0, 3, 2, 3, 2, 3, 3, 0, 2, 1, 3], dtype=object)]
[952, array([-90., -45., -45.,   0.]), array([0, 3, 0, 2, 2, 0, 3, 0, 2, 2, 0, 2, 3, 3, 0, 3, 2, 3, 0, 0, 0, 3,
       1, 2, 0, 1, 3, 1, 0, 0, 3, 2, 0, 2, 3, 3, 0, 2, 1, 3], dtype=object)]
[955, array([-90., -45., -45.,   0.]), array([0, 3, 0, 2, 2, 0, 3, 0, 2, 2, 0, 2, 2, 3, 0, 3, 2, 3, 0, 0, 0, 3,
       1, 2, 0, 1, 3, 1, 0, 0, 3, 2, 1, 2, 3, 3, 0, 2, 1, 3], dtype=object)]
[959, array([-90., -45., -45.,   0.]), array([0, 3, 0, 2, 2, 0, 3, 0, 2, 2, 0, 2, 2, 3, 0, 3, 2, 3, 0, 0, 0, 3,
       1, 2, 0, 1, 3, 1, 0, 0, 3, 2, 1, 2, 3, 3, 0, 2, 1, 3], dtype=object)]
[953, array([-90., -45., -45.,   0.]), array([0, 3, 0, 2, 2, 0, 3, 0, 2, 2, 0, 2, 2, 3, 0, 3, 2, 3, 0, 0, 0, 3,
       1, 2, 0, 1, 3, 1, 0, 0, 3, 2, 1, 2, 3, 3, 0, 2, 1, 3], dtype=object)]
[956, array([-90., -45., -45.,   0.]), array([0, 3, 0, 2, 2, 0, 3, 0, 2, 2, 1, 2, 2, 3, 0, 2, 2, 3, 0, 0, 0, 3,
       1, 2, 0, 1, 3, 1, 0, 0, 3, 2, 3, 2, 3, 3, 0, 2, 1, 3], dtype=object)]
[960, array([-90., -45., -45.,   0.]), array([0, 3, 0, 2, 2, 0, 3, 0, 2, 2, 0, 2, 2, 3, 0, 0, 2, 3, 0, 0, 0, 3,
       1, 2, 0, 1, 3, 1, 0, 0, 3, 2, 0, 2, 3, 3, 0, 2, 1, 3], dtype=object)]
[954, array([-90., -45., -45.,   0.]), array([0, 3, 0, 2, 2, 0, 3, 0, 2, 2, 1, 2, 2, 3, 0, 3, 2, 3, 0, 0, 0, 3,
       1, 2, 0, 1, 3, 1, 0, 0, 3, 2, 1, 2, 3, 3, 0, 2, 1, 3], dtype=object)]
[957, array([-90., -45., -45.,   0.]), array([0, 3, 0, 2, 2, 0, 3, 0, 2, 2, 0, 2, 2, 3, 0, 3, 2, 3, 0, 0, 0, 3,
       1, 2, 0, 1, 3, 1, 0, 0, 3, 2, 3, 2, 3, 3, 0, 2, 1, 3], dtype=object)]
[961, array([-90., -45., -45.,   0.]), array([0, 3, 0, 2, 2, 0, 3, 0, 2, 2, 0, 2, 2, 3, 0, 3, 2, 3, 0, 0, 0, 3,
       1, 2, 0, 1, 3, 1, 0, 0, 3, 2, 1, 2, 3, 3, 0, 2, 1, 3], dtype=object)]
[955, array([-90., -45., -45.,   0.]), array([0, 3, 0, 2, 2, 0, 3, 0, 2, 2, 0, 2, 2, 3, 0, 3, 2, 3, 0, 0, 0, 3,
       1, 2, 0, 1, 3, 1, 0, 0, 3, 2, 1, 2, 3, 3, 0, 2, 1, 3], dtype=object)]
[958, array([-90., -45., -45.,   0.]), array([0, 3, 0, 2, 2, 0, 3, 0, 2, 2, 1, 2, 2, 3, 0, 2, 2, 3, 0, 0, 0, 3,
       1, 2, 0, 1, 3, 1, 0, 0, 3, 2, 3, 2, 3, 3, 0, 2, 1, 3], dtype=object)]
[962, array([-90., -45., -45.,   0.]), array([0, 3, 0, 2, 2, 0, 3, 0, 2, 2, 0, 2, 2, 3, 0, 0, 2, 3, 0, 0, 0, 3,
       1, 2, 0, 1, 3, 1, 0, 0, 3, 2, 3, 2, 3, 3, 0, 2, 1, 3], dtype=object)]
[956, array([-90., -45., -45.,   0.]), array([0, 3, 0, 2, 2, 0, 3, 0, 2, 2, 1, 2, 2, 3, 0, 2, 2, 3, 0, 0, 0, 3,
       1, 2, 0, 1, 3, 1, 0, 0, 3, 2, 3, 2, 3, 3, 0, 2, 1, 3], dtype=object)]
[959, array([-90., -45., -45.,   0.]), array([0, 3, 0, 2, 2, 0, 3, 0, 2, 2, 0, 2, 2, 3, 0, 3, 2, 3, 0, 0, 0, 3,
       1, 2, 0, 1, 3, 1, 0, 0, 3, 2, 1, 2, 3, 3, 0, 2, 1, 3], dtype=object)]
[963, array([-90., -45., -45.,   0.]), array([0, 3, 0, 2, 2, 0, 3, 0, 2, 2, 0, 2, 2, 3, 0, 3, 2, 3, 0, 0, 0, 3,
       1, 2, 0, 1, 3, 1, 0, 0, 3, 2, 1, 2, 3, 3, 0, 2, 1, 3], dtype=object)]
[957, array([-90., -45., -45.,   0.]), array([0, 3, 0, 2, 2, 0, 3, 0, 2, 2, 0, 2, 2, 3, 0, 3, 2, 3, 0, 0, 0, 3,
       1, 2, 0, 1, 3, 1, 0, 0, 3, 2, 3, 2, 3, 3, 0, 2, 1, 3], dtype=object)]
[960, array([-90., -45., -45.,   0.]), array([0, 3, 0, 2, 2, 0, 3, 0, 2, 2, 0, 2, 2, 3, 0, 0, 2, 3, 0, 0, 0, 3,
       1, 2, 0, 1, 3, 1, 0, 0, 3, 2, 0, 2, 3, 3, 0, 2, 1, 3], dtype=object)]
[964, array([-90., -45., -45.,   0.]), array([0, 3, 0, 2, 2, 0, 3, 0, 2, 2, 0, 2, 2, 3, 0, 0, 2, 3, 0, 0, 0, 3,
       1, 2, 0, 1, 3, 1, 0, 0, 3, 2, 3, 2, 3, 3, 0, 2, 1, 3], dtype=object)]
[958, array([-90., -45., -45.,   0.]), array([0, 3, 0, 2, 2, 0, 3, 0, 2, 2, 1, 2, 2, 3, 0, 2, 2, 3, 0, 0, 0, 3,
       1, 2, 0, 1, 3, 1, 0, 0, 3, 2, 3, 2, 3, 3, 0, 2, 1, 3], dtype=object)]
[961, array([-90., -45., -45.,   0.]), array([0, 3, 0, 2, 2, 0, 3, 0, 2, 2, 0, 2, 2, 3, 0, 3, 2, 3, 0, 0, 0, 3,
       1, 2, 0, 1, 3, 1, 0, 0, 3, 2, 1, 2, 3, 3, 0, 2, 1, 3], dtype=object)]
[965, array([-90., -45., -45.,   0.]), array([0, 3, 0, 2, 2, 0, 3, 0, 2, 2, 0, 2, 2, 3, 0, 3, 2, 3, 0, 0, 0, 3,
       1, 2, 0, 1, 3, 1, 0, 0, 3, 2, 1, 2, 3, 3, 0, 2, 1, 3], dtype=object)]
[959, array([-90., -45., -45.,   0.]), array([0, 3, 0, 2, 2, 0, 3, 0, 2, 2, 0, 2, 2, 3, 0, 3, 2, 3, 0, 0, 0, 3,
       1, 2, 0, 1, 3, 1, 0, 0, 3, 2, 1, 2, 3, 3, 0, 2, 1, 3], dtype=object)]
[962, array([-90., -45., -45.,   0.]), array([0, 3, 0, 2, 2, 0, 3, 0, 2, 2, 0, 2, 2, 3, 0, 0, 2, 3, 0, 0, 0, 3,
       1, 2, 0, 1, 3, 1, 0, 0, 3, 2, 3, 2, 3, 3, 0, 2, 1, 3], dtype=object)]
[966, array([-80., -40., -40.,   0.]), array([0, 3, 0, 2, 2, 0, 3, 0, 2, 2, 0, 2, 2, 3, 0, 0, 2, 3, 0, 0, 0, 3,
       1, 2, 0, 1, 3, 1, 0, 0, 2, 2, 3, 2, 3, 3, 0, 2, 1, 3], dtype=object)]
[960, array([-90., -45., -45.,   0.]), array([0, 3, 0, 2, 2, 0, 3, 0, 2, 2, 0, 2, 2, 3, 0, 0, 2, 3, 0, 0, 0, 3,
       1, 2, 0, 1, 3, 1, 0, 0, 3, 2, 0, 2, 3, 3, 0, 2, 1, 3], dtype=object)]
[963, array([-90., -45., -45.,   0.]), array([0, 3, 0, 2, 2, 0, 3, 0, 2, 2, 0, 2, 2, 3, 0, 3, 2, 3, 0, 0, 0, 3,
       1, 2, 0, 1, 3, 1, 0, 0, 3, 2, 1, 2, 3, 3, 0, 2, 1, 3], dtype=object)]
[967, array([-90., -45., -45.,   0.]), array([0, 3, 0, 2, 2, 0, 3, 0, 2, 2, 0, 2, 2, 3, 0, 3, 2, 3, 0, 0, 0, 3,
       1, 2, 0, 1, 3, 1, 0, 0, 3, 2, 1, 2, 3, 3, 0, 2, 1, 3], dtype=object)]
[961, array([-90., -45., -45.,   0.]), array([0, 3, 0, 2, 2, 0, 3, 0, 2, 2, 0, 2, 2, 3, 0, 3, 2, 3, 0, 0, 0, 3,
       1, 2, 0, 1, 3, 1, 0, 0, 3, 2, 1, 2, 3, 3, 0, 2, 1, 3], dtype=object)]
[964, array([-90., -45., -45.,   0.]), array([0, 3, 0, 2, 2, 0, 3, 0, 2, 2, 0, 2, 2, 3, 0, 0, 2, 3, 0, 0, 0, 3,
       1, 2, 0, 1, 3, 1, 0, 0, 3, 2, 3, 2, 3, 3, 0, 2, 1, 3], dtype=object)]
[968, array([-80., -40., -40.,   0.]), array([0, 3, 0, 2, 2, 0, 3, 0, 2, 2, 0, 2, 2, 3, 0, 3, 2, 3, 0, 0, 0, 3,
       1, 2, 0, 1, 3, 1, 0, 0, 0, 2, 1, 2, 3, 3, 0, 2, 1, 3], dtype=object)]
[962, array([-90., -45., -45.,   0.]), array([0, 3, 0, 2, 2, 0, 3, 0, 2, 2, 0, 2, 2, 3, 0, 0, 2, 3, 0, 0, 0, 3,
       1, 2, 0, 1, 3, 1, 0, 0, 3, 2, 3, 2, 3, 3, 0, 2, 1, 3], dtype=object)]
[965, array([-90., -45., -45.,   0.]), array([0, 3, 0, 2, 2, 0, 3, 0, 2, 2, 0, 2, 2, 3, 0, 3, 2, 3, 0, 0, 0, 3,
       1, 2, 0, 1, 3, 1, 0, 0, 3, 2, 1, 2, 3, 3, 0, 2, 1, 3], dtype=object)]
[969, array([-90., -45., -45.,   0.]), array([0, 3, 0, 2, 2, 0, 3, 0, 2, 2, 0, 2, 2, 3, 0, 3, 2, 3, 0, 0, 0, 3,
       1, 2, 0, 1, 3, 1, 0, 0, 3, 2, 1, 2, 3, 3, 0, 2, 1, 3], dtype=object)]
[963, array([-90., -45., -45.,   0.]), array([0, 3, 0, 2, 2, 0, 3, 0, 2, 2, 0, 2, 2, 3, 0, 3, 2, 3, 0, 0, 0, 3,
       1, 2, 0, 1, 3, 1, 0, 0, 3, 2, 1, 2, 3, 3, 0, 2, 1, 3], dtype=object)]
[966, array([-80., -40., -40.,   0.]), array([0, 3, 0, 2, 2, 0, 3, 0, 2, 2, 0, 2, 2, 3, 0, 0, 2, 3, 0, 0, 0, 3,
       1, 2, 0, 1, 3, 1, 0, 0, 2, 2, 3, 2, 3, 3, 0, 2, 1, 3], dtype=object)]
[970, array([-90., -45., -45.,   0.]), array([0, 3, 0, 2, 2, 0, 3, 0, 2, 2, 0, 2, 2, 3, 0, 0, 2, 3, 0, 0, 0, 3,
       1, 2, 0, 1, 3, 1, 0, 0, 3, 2, 3, 2, 3, 3, 0, 2, 1, 3], dtype=object)]
[964, array([-90., -45., -45.,   0.]), array([0, 3, 0, 2, 2, 0, 3, 0, 2, 2, 0, 2, 2, 3, 0, 0, 2, 3, 0, 0, 0, 3,
       1, 2, 0, 1, 3, 1, 0, 0, 3, 2, 3, 2, 3, 3, 0, 2, 1, 3], dtype=object)]
[967, array([-90., -45., -45.,   0.]), array([0, 3, 0, 2, 2, 0, 3, 0, 2, 2, 0, 2, 2, 3, 0, 3, 2, 3, 0, 0, 0, 3,
       1, 2, 0, 1, 3, 1, 0, 0, 3, 2, 1, 2, 3, 3, 0, 2, 1, 3], dtype=object)]
[971, array([-90., -45., -45.,   0.]), array([0, 3, 0, 2, 2, 0, 3, 0, 2, 2, 0, 2, 2, 3, 0, 3, 2, 3, 0, 0, 0, 3,
       1, 2, 0, 1, 3, 1, 0, 0, 3, 2, 3, 2, 3, 3, 0, 2, 1, 3], dtype=object)]
[965, array([-90., -45., -45.,   0.]), array([0, 3, 0, 2, 2, 0, 3, 0, 2, 2, 0, 2, 2, 3, 0, 3, 2, 3, 0, 0, 0, 3,
       1, 2, 0, 1, 3, 1, 0, 0, 3, 2, 1, 2, 3, 3, 0, 2, 1, 3], dtype=object)]
[968, array([-80., -40., -40.,   0.]), array([0, 3, 0, 2, 2, 0, 3, 0, 2, 2, 0, 2, 2, 3, 0, 3, 2, 3, 0, 0, 0, 3,
       1, 2, 0, 1, 3, 1, 0, 0, 0, 2, 1, 2, 3, 3, 0, 2, 1, 3], dtype=object)]
[972, array([-90., -45., -45.,   0.]), array([0, 3, 0, 2, 2, 0, 3, 0, 2, 2, 1, 2, 2, 3, 0, 3, 2, 3, 0, 0, 0, 3,
       1, 2, 0, 1, 3, 1, 0, 0, 3, 2, 1, 2, 3, 3, 0, 2, 1, 3], dtype=object)]
[966, array([-80., -40., -40.,   0.]), array([0, 3, 0, 2, 2, 0, 3, 0, 2, 2, 0, 2, 2, 3, 0, 0, 2, 3, 0, 0, 0, 3,
       1, 2, 0, 1, 3, 1, 0, 0, 2, 2, 3, 2, 3, 3, 0, 2, 1, 3], dtype=object)]
[969, array([-90., -45., -45.,   0.]), array([0, 3, 0, 2, 2, 0, 3, 0, 2, 2, 0, 2, 2, 3, 0, 3, 2, 3, 0, 0, 0, 3,
       1, 2, 0, 1, 3, 1, 0, 0, 3, 2, 1, 2, 3, 3, 0, 2, 1, 3], dtype=object)]
[973, array([-90., -45., -45.,   0.]), array([0, 3, 0, 2, 2, 0, 3, 0, 2, 2, 0, 2, 2, 3, 0, 3, 2, 3, 0, 0, 0, 3,
       1, 2, 0, 1, 3, 1, 0, 0, 3, 2, 1, 2, 3, 3, 0, 2, 1, 3], dtype=object)]
[967, array([-90., -45., -45.,   0.]), array([0, 3, 0, 2, 2, 0, 3, 0, 2, 2, 0, 2, 2, 3, 0, 3, 2, 3, 0, 0, 0, 3,
       1, 2, 0, 1, 3, 1, 0, 0, 3, 2, 1, 2, 3, 3, 0, 2, 1, 3], dtype=object)]
[970, array([-90., -45., -45.,   0.]), array([0, 3, 0, 2, 2, 0, 3, 0, 2, 2, 0, 2, 2, 3, 0, 0, 2, 3, 0, 0, 0, 3,
       1, 2, 0, 1, 3, 1, 0, 0, 3, 2, 3, 2, 3, 3, 0, 2, 1, 3], dtype=object)]
[974, array([-80., -40., -40.,   0.]), array([0, 3, 0, 2, 2, 0, 3, 0, 2, 2, 0, 2, 1, 3, 0, 3, 2, 3, 0, 0, 0, 3,
       1, 2, 0, 1, 3, 1, 0, 0, 0, 2, 3, 2, 3, 3, 0, 2, 1, 3], dtype=object)]
[968, array([-80., -40., -40.,   0.]), array([0, 3, 0, 2, 2, 0, 3, 0, 2, 2, 0, 2, 2, 3, 0, 3, 2, 3, 0, 0, 0, 3,
       1, 2, 0, 1, 3, 1, 0, 0, 0, 2, 1, 2, 3, 3, 0, 2, 1, 3], dtype=object)]
[971, array([-90., -45., -45.,   0.]), array([0, 3, 0, 2, 2, 0, 3, 0, 2, 2, 0, 2, 2, 3, 0, 3, 2, 3, 0, 0, 0, 3,
       1, 2, 0, 1, 3, 1, 0, 0, 3, 2, 3, 2, 3, 3, 0, 2, 1, 3], dtype=object)]
[975, array([-90., -45., -45.,   0.]), array([0, 3, 0, 2, 2, 0, 3, 0, 2, 2, 0, 2, 2, 3, 0, 3, 2, 3, 0, 0, 0, 3,
       1, 2, 0, 1, 3, 1, 0, 0, 3, 2, 1, 2, 3, 3, 0, 2, 1, 3], dtype=object)]
[969, array([-90., -45., -45.,   0.]), array([0, 3, 0, 2, 2, 0, 3, 0, 2, 2, 0, 2, 2, 3, 0, 3, 2, 3, 0, 0, 0, 3,
       1, 2, 0, 1, 3, 1, 0, 0, 3, 2, 1, 2, 3, 3, 0, 2, 1, 3], dtype=object)]
[972, array([-90., -45., -45.,   0.]), array([0, 3, 0, 2, 2, 0, 3, 0, 2, 2, 1, 2, 2, 3, 0, 3, 2, 3, 0, 0, 0, 3,
       1, 2, 0, 1, 3, 1, 0, 0, 3, 2, 1, 2, 3, 3, 0, 2, 1, 3], dtype=object)]
[976, array([-80., -40., -40.,   0.]), array([0, 3, 0, 2, 2, 0, 3, 0, 2, 2, 0, 2, 2, 3, 0, 3, 2, 3, 0, 0, 0, 3,
       1, 1, 0, 1, 3, 1, 0, 0, 3, 2, 3, 2, 3, 3, 0, 2, 1, 3], dtype=object)]
[970, array([-90., -45., -45.,   0.]), array([0, 3, 0, 2, 2, 0, 3, 0, 2, 2, 0, 2, 2, 3, 0, 0, 2, 3, 0, 0, 0, 3,
       1, 2, 0, 1, 3, 1, 0, 0, 3, 2, 3, 2, 3, 3, 0, 2, 1, 3], dtype=object)]
[973, array([-90., -45., -45.,   0.]), array([0, 3, 0, 2, 2, 0, 3, 0, 2, 2, 0, 2, 2, 3, 0, 3, 2, 3, 0, 0, 0, 3,
       1, 2, 0, 1, 3, 1, 0, 0, 3, 2, 1, 2, 3, 3, 0, 2, 1, 3], dtype=object)]
[977, array([-90., -45., -45.,   0.]), array([0, 3, 0, 2, 2, 0, 3, 0, 2, 2, 2, 2, 2, 3, 0, 3, 2, 3, 0, 0, 0, 3,
       1, 2, 0, 1, 3, 1, 0, 0, 3, 2, 1, 2, 3, 3, 0, 2, 1, 3], dtype=object)]
[971, array([-90., -45., -45.,   0.]), array([0, 3, 0, 2, 2, 0, 3, 0, 2, 2, 0, 2, 2, 3, 0, 3, 2, 3, 0, 0, 0, 3,
       1, 2, 0, 1, 3, 1, 0, 0, 3, 2, 3, 2, 3, 3, 0, 2, 1, 3], dtype=object)]
[974, array([-80., -40., -40.,   0.]), array([0, 3, 0, 2, 2, 0, 3, 0, 2, 2, 0, 2, 1, 3, 0, 3, 2, 3, 0, 0, 0, 3,
       1, 2, 0, 1, 3, 1, 0, 0, 0, 2, 3, 2, 3, 3, 0, 2, 1, 3], dtype=object)]
[978, array([-90., -45., -45.,   0.]), array([0, 3, 0, 2, 2, 0, 3, 0, 2, 2, 2, 2, 2, 3, 0, 1, 2, 3, 0, 0, 0, 3,
       1, 2, 0, 1, 3, 1, 0, 0, 3, 2, 1, 2, 3, 3, 0, 2, 1, 3], dtype=object)]
[972, array([-90., -45., -45.,   0.]), array([0, 3, 0, 2, 2, 0, 3, 0, 2, 2, 1, 2, 2, 3, 0, 3, 2, 3, 0, 0, 0, 3,
       1, 2, 0, 1, 3, 1, 0, 0, 3, 2, 1, 2, 3, 3, 0, 2, 1, 3], dtype=object)]
[975, array([-90., -45., -45.,   0.]), array([0, 3, 0, 2, 2, 0, 3, 0, 2, 2, 0, 2, 2, 3, 0, 3, 2, 3, 0, 0, 0, 3,
       1, 2, 0, 1, 3, 1, 0, 0, 3, 2, 1, 2, 3, 3, 0, 2, 1, 3], dtype=object)]
[979, array([-90., -45., -45.,   0.]), array([0, 3, 0, 2, 2, 0, 3, 0, 2, 2, 0, 2, 2, 3, 0, 3, 2, 3, 0, 0, 0, 3,
       1, 2, 0, 1, 3, 1, 0, 0, 3, 2, 3, 2, 3, 3, 0, 2, 1, 3], dtype=object)]
[973, array([-90., -45., -45.,   0.]), array([0, 3, 0, 2, 2, 0, 3, 0, 2, 2, 0, 2, 2, 3, 0, 3, 2, 3, 0, 0, 0, 3,
       1, 2, 0, 1, 3, 1, 0, 0, 3, 2, 1, 2, 3, 3, 0, 2, 1, 3], dtype=object)]
[976, array([-80., -40., -40.,   0.]), array([0, 3, 0, 2, 2, 0, 3, 0, 2, 2, 0, 2, 2, 3, 0, 3, 2, 3, 0, 0, 0, 3,
       1, 1, 0, 1, 3, 1, 0, 0, 3, 2, 3, 2, 3, 3, 0, 2, 1, 3], dtype=object)]
[980, array([-90., -45., -45.,   0.]), array([0, 3, 0, 2, 2, 0, 3, 0, 2, 2, 0, 2, 2, 3, 0, 2, 2, 3, 0, 0, 0, 3,
       1, 2, 0, 1, 3, 1, 0, 0, 3, 2, 3, 2, 3, 3, 0, 2, 1, 3], dtype=object)]
[974, array([-80., -40., -40.,   0.]), array([0, 3, 0, 2, 2, 0, 3, 0, 2, 2, 0, 2, 1, 3, 0, 3, 2, 3, 0, 0, 0, 3,
       1, 2, 0, 1, 3, 1, 0, 0, 0, 2, 3, 2, 3, 3, 0, 2, 1, 3], dtype=object)]
[977, array([-90., -45., -45.,   0.]), array([0, 3, 0, 2, 2, 0, 3, 0, 2, 2, 2, 2, 2, 3, 0, 3, 2, 3, 0, 0, 0, 3,
       1, 2, 0, 1, 3, 1, 0, 0, 3, 2, 1, 2, 3, 3, 0, 2, 1, 3], dtype=object)]
[981, array([-90., -45., -45.,   0.]), array([0, 3, 0, 2, 2, 0, 3, 0, 2, 2, 0, 2, 2, 3, 0, 3, 2, 3, 0, 0, 0, 3,
       1, 2, 0, 1, 3, 1, 0, 0, 3, 2, 1, 2, 3, 3, 0, 2, 1, 3], dtype=object)]
[975, array([-90., -45., -45.,   0.]), array([0, 3, 0, 2, 2, 0, 3, 0, 2, 2, 0, 2, 2, 3, 0, 3, 2, 3, 0, 0, 0, 3,
       1, 2, 0, 1, 3, 1, 0, 0, 3, 2, 1, 2, 3, 3, 0, 2, 1, 3], dtype=object)]
[978, array([-90., -45., -45.,   0.]), array([0, 3, 0, 2, 2, 0, 3, 0, 2, 2, 2, 2, 2, 3, 0, 1, 2, 3, 0, 0, 0, 3,
       1, 2, 0, 1, 3, 1, 0, 0, 3, 2, 1, 2, 3, 3, 0, 2, 1, 3], dtype=object)]
[982, array([-90., -45., -45.,   0.]), array([0, 3, 0, 2, 2, 0, 3, 0, 2, 2, 0, 2, 0, 3, 0, 3, 2, 3, 0, 0, 0, 3,
       1, 2, 0, 1, 3, 1, 0, 0, 3, 2, 3, 2, 3, 3, 0, 2, 1, 3], dtype=object)]
[976, array([-80., -40., -40.,   0.]), array([0, 3, 0, 2, 2, 0, 3, 0, 2, 2, 0, 2, 2, 3, 0, 3, 2, 3, 0, 0, 0, 3,
       1, 1, 0, 1, 3, 1, 0, 0, 3, 2, 3, 2, 3, 3, 0, 2, 1, 3], dtype=object)]
[979, array([-90., -45., -45.,   0.]), array([0, 3, 0, 2, 2, 0, 3, 0, 2, 2, 0, 2, 2, 3, 0, 3, 2, 3, 0, 0, 0, 3,
       1, 2, 0, 1, 3, 1, 0, 0, 3, 2, 3, 2, 3, 3, 0, 2, 1, 3], dtype=object)]
[983, array([-90., -45., -45.,   0.]), array([0, 3, 0, 2, 2, 0, 3, 0, 2, 2, 0, 2, 2, 3, 0, 3, 2, 3, 0, 0, 0, 3,
       1, 2, 0, 1, 3, 1, 0, 0, 3, 2, 1, 2, 3, 3, 0, 2, 1, 3], dtype=object)]
[977, array([-90., -45., -45.,   0.]), array([0, 3, 0, 2, 2, 0, 3, 0, 2, 2, 2, 2, 2, 3, 0, 3, 2, 3, 0, 0, 0, 3,
       1, 2, 0, 1, 3, 1, 0, 0, 3, 2, 1, 2, 3, 3, 0, 2, 1, 3], dtype=object)]
[980, array([-90., -45., -45.,   0.]), array([0, 3, 0, 2, 2, 0, 3, 0, 2, 2, 0, 2, 2, 3, 0, 2, 2, 3, 0, 0, 0, 3,
       1, 2, 0, 1, 3, 1, 0, 0, 3, 2, 3, 2, 3, 3, 0, 2, 1, 3], dtype=object)]
[984, array([-80., -40., -40.,   0.]), array([0, 3, 0, 2, 2, 0, 3, 0, 2, 2, 0, 2, 2, 3, 0, 3, 2, 3, 0, 0, 0, 3,
       1, 2, 0, 1, 3, 1, 0, 0, 3, 2, 1, 2, 3, 3, 0, 2, 1, 2], dtype=object)]
[978, array([-90., -45., -45.,   0.]), array([0, 3, 0, 2, 2, 0, 3, 0, 2, 2, 2, 2, 2, 3, 0, 1, 2, 3, 0, 0, 0, 3,
       1, 2, 0, 1, 3, 1, 0, 0, 3, 2, 1, 2, 3, 3, 0, 2, 1, 3], dtype=object)]
[981, array([-90., -45., -45.,   0.]), array([0, 3, 0, 2, 2, 0, 3, 0, 2, 2, 0, 2, 2, 3, 0, 3, 2, 3, 0, 0, 0, 3,
       1, 2, 0, 1, 3, 1, 0, 0, 3, 2, 1, 2, 3, 3, 0, 2, 1, 3], dtype=object)]
[985, array([-90., -45., -45.,   0.]), array([0, 3, 0, 2, 2, 0, 3, 0, 2, 2, 0, 2, 2, 3, 0, 3, 2, 3, 0, 0, 0, 3,
       1, 2, 0, 1, 3, 1, 0, 0, 3, 2, 1, 2, 3, 3, 0, 2, 1, 3], dtype=object)]
[979, array([-90., -45., -45.,   0.]), array([0, 3, 0, 2, 2, 0, 3, 0, 2, 2, 0, 2, 2, 3, 0, 3, 2, 3, 0, 0, 0, 3,
       1, 2, 0, 1, 3, 1, 0, 0, 3, 2, 3, 2, 3, 3, 0, 2, 1, 3], dtype=object)]
[982, array([-90., -45., -45.,   0.]), array([0, 3, 0, 2, 2, 0, 3, 0, 2, 2, 0, 2, 0, 3, 0, 3, 2, 3, 0, 0, 0, 3,
       1, 2, 0, 1, 3, 1, 0, 0, 3, 2, 3, 2, 3, 3, 0, 2, 1, 3], dtype=object)]
[986, array([-80., -40., -40.,   0.]), array([0, 3, 0, 2, 2, 0, 3, 0, 2, 2, 0, 2, 2, 3, 0, 3, 2, 3, 0, 1, 0, 3,
       1, 2, 0, 1, 3, 1, 0, 0, 3, 2, 1, 2, 3, 3, 0, 2, 1, 3], dtype=object)]
[980, array([-90., -45., -45.,   0.]), array([0, 3, 0, 2, 2, 0, 3, 0, 2, 2, 0, 2, 2, 3, 0, 2, 2, 3, 0, 0, 0, 3,
       1, 2, 0, 1, 3, 1, 0, 0, 3, 2, 3, 2, 3, 3, 0, 2, 1, 3], dtype=object)]
[987, array([-90., -45., -45.,   0.]), array([0, 3, 0, 2, 2, 0, 3, 0, 2, 2, 2, 2, 2, 3, 0, 3, 2, 3, 0, 0, 0, 3,
       1, 2, 0, 1, 3, 1, 0, 0, 3, 2, 1, 2, 3, 3, 0, 2, 1, 3], dtype=object)]
[983, array([-90., -45., -45.,   0.]), array([0, 3, 0, 2, 2, 0, 3, 0, 2, 2, 0, 2, 2, 3, 0, 3, 2, 3, 0, 0, 0, 3,
       1, 2, 0, 1, 3, 1, 0, 0, 3, 2, 1, 2, 3, 3, 0, 2, 1, 3], dtype=object)]
[981, array([-90., -45., -45.,   0.]), array([0, 3, 0, 2, 2, 0, 3, 0, 2, 2, 0, 2, 2, 3, 0, 3, 2, 3, 0, 0, 0, 3,
       1, 2, 0, 1, 3, 1, 0, 0, 3, 2, 1, 2, 3, 3, 0, 2, 1, 3], dtype=object)]
[988, array([-90., -45., -45.,   0.]), array([0, 3, 0, 2, 2, 0, 3, 0, 2, 2, 0, 2, 2, 3, 0, 2, 2, 3, 0, 0, 0, 3,
       1, 2, 0, 1, 3, 1, 0, 0, 3, 2, 3, 2, 3, 3, 0, 2, 1, 3], dtype=object)]
[984, array([-80., -40., -40.,   0.]), array([0, 3, 0, 2, 2, 0, 3, 0, 2, 2, 0, 2, 2, 3, 0, 3, 2, 3, 0, 0, 0, 3,
       1, 2, 0, 1, 3, 1, 0, 0, 3, 2, 1, 2, 3, 3, 0, 2, 1, 2], dtype=object)]
[982, array([-90., -45., -45.,   0.]), array([0, 3, 0, 2, 2, 0, 3, 0, 2, 2, 0, 2, 0, 3, 0, 3, 2, 3, 0, 0, 0, 3,
       1, 2, 0, 1, 3, 1, 0, 0, 3, 2, 3, 2, 3, 3, 0, 2, 1, 3], dtype=object)]
[989, array([-90., -45., -45.,   0.]), array([0, 3, 0, 2, 2, 0, 3, 0, 2, 2, 0, 2, 2, 3, 0, 3, 2, 3, 0, 0, 0, 3,
       1, 2, 0, 1, 3, 1, 0, 0, 3, 2, 3, 2, 3, 3, 0, 2, 1, 3], dtype=object)]
[985, array([-90., -45., -45.,   0.]), array([0, 3, 0, 2, 2, 0, 3, 0, 2, 2, 0, 2, 2, 3, 0, 3, 2, 3, 0, 0, 0, 3,
       1, 2, 0, 1, 3, 1, 0, 0, 3, 2, 1, 2, 3, 3, 0, 2, 1, 3], dtype=object)]
[983, array([-90., -45., -45.,   0.]), array([0, 3, 0, 2, 2, 0, 3, 0, 2, 2, 0, 2, 2, 3, 0, 3, 2, 3, 0, 0, 0, 3,
       1, 2, 0, 1, 3, 1, 0, 0, 3, 2, 1, 2, 3, 3, 0, 2, 1, 3], dtype=object)]
[990, array([-90., -45., -45.,   0.]), array([0, 3, 0, 2, 2, 0, 3, 0, 2, 2, 0, 2, 2, 3, 0, 2, 2, 3, 0, 0, 0, 3,
       1, 2, 0, 1, 3, 1, 0, 0, 3, 2, 3, 2, 3, 3, 0, 2, 1, 3], dtype=object)]
[984, array([-80., -40., -40.,   0.]), array([0, 3, 0, 2, 2, 0, 3, 0, 2, 2, 0, 2, 2, 3, 0, 3, 2, 3, 0, 0, 0, 3,
       1, 2, 0, 1, 3, 1, 0, 0, 3, 2, 1, 2, 3, 3, 0, 2, 1, 2], dtype=object)]
[986, array([-80., -40., -40.,   0.]), array([0, 3, 0, 2, 2, 0, 3, 0, 2, 2, 0, 2, 2, 3, 0, 3, 2, 3, 0, 1, 0, 3,
       1, 2, 0, 1, 3, 1, 0, 0, 3, 2, 1, 2, 3, 3, 0, 2, 1, 3], dtype=object)]
[991, array([-90., -45., -45.,   0.]), array([0, 3, 0, 2, 2, 0, 3, 0, 2, 2, 0, 2, 2, 3, 0, 2, 2, 3, 0, 0, 0, 3,
       1, 2, 0, 1, 3, 1, 0, 0, 3, 2, 3, 2, 3, 3, 0, 2, 1, 3], dtype=object)]
[985, array([-90., -45., -45.,   0.]), array([0, 3, 0, 2, 2, 0, 3, 0, 2, 2, 0, 2, 2, 3, 0, 3, 2, 3, 0, 0, 0, 3,
       1, 2, 0, 1, 3, 1, 0, 0, 3, 2, 1, 2, 3, 3, 0, 2, 1, 3], dtype=object)]
[987, array([-90., -45., -45.,   0.]), array([0, 3, 0, 2, 2, 0, 3, 0, 2, 2, 2, 2, 2, 3, 0, 3, 2, 3, 0, 0, 0, 3,
       1, 2, 0, 1, 3, 1, 0, 0, 3, 2, 1, 2, 3, 3, 0, 2, 1, 3], dtype=object)]
[992, array([-90., -45., -45.,   0.]), array([0, 3, 0, 2, 2, 0, 3, 0, 2, 2, 2, 2, 2, 3, 0, 2, 2, 3, 0, 0, 0, 3,
       1, 2, 0, 1, 3, 1, 0, 0, 3, 2, 3, 2, 3, 3, 0, 2, 1, 3], dtype=object)]
[986, array([-80., -40., -40.,   0.]), array([0, 3, 0, 2, 2, 0, 3, 0, 2, 2, 0, 2, 2, 3, 0, 3, 2, 3, 0, 1, 0, 3,
       1, 2, 0, 1, 3, 1, 0, 0, 3, 2, 1, 2, 3, 3, 0, 2, 1, 3], dtype=object)]
[988, array([-90., -45., -45.,   0.]), array([0, 3, 0, 2, 2, 0, 3, 0, 2, 2, 0, 2, 2, 3, 0, 2, 2, 3, 0, 0, 0, 3,
       1, 2, 0, 1, 3, 1, 0, 0, 3, 2, 3, 2, 3, 3, 0, 2, 1, 3], dtype=object)]
[993, array([-90., -45., -45.,   0.]), array([0, 3, 0, 2, 2, 0, 3, 0, 2, 2, 0, 2, 2, 3, 0, 3, 2, 3, 0, 0, 0, 3,
       1, 2, 0, 1, 3, 1, 0, 0, 3, 2, 1, 2, 3, 3, 0, 2, 1, 3], dtype=object)]
[987, array([-90., -45., -45.,   0.]), array([0, 3, 0, 2, 2, 0, 3, 0, 2, 2, 2, 2, 2, 3, 0, 3, 2, 3, 0, 0, 0, 3,
       1, 2, 0, 1, 3, 1, 0, 0, 3, 2, 1, 2, 3, 3, 0, 2, 1, 3], dtype=object)]
[989, array([-90., -45., -45.,   0.]), array([0, 3, 0, 2, 2, 0, 3, 0, 2, 2, 0, 2, 2, 3, 0, 3, 2, 3, 0, 0, 0, 3,
       1, 2, 0, 1, 3, 1, 0, 0, 3, 2, 3, 2, 3, 3, 0, 2, 1, 3], dtype=object)]
[994, array([-90., -45., -45.,   0.]), array([0, 3, 0, 2, 2, 0, 3, 0, 2, 2, 2, 2, 1, 3, 0, 3, 2, 3, 0, 0, 0, 3,
       1, 2, 0, 1, 3, 1, 0, 0, 3, 2, 3, 2, 3, 3, 0, 2, 1, 3], dtype=object)]
[988, array([-90., -45., -45.,   0.]), array([0, 3, 0, 2, 2, 0, 3, 0, 2, 2, 0, 2, 2, 3, 0, 2, 2, 3, 0, 0, 0, 3,
       1, 2, 0, 1, 3, 1, 0, 0, 3, 2, 3, 2, 3, 3, 0, 2, 1, 3], dtype=object)]
[990, array([-90., -45., -45.,   0.]), array([0, 3, 0, 2, 2, 0, 3, 0, 2, 2, 0, 2, 2, 3, 0, 2, 2, 3, 0, 0, 0, 3,
       1, 2, 0, 1, 3, 1, 0, 0, 3, 2, 3, 2, 3, 3, 0, 2, 1, 3], dtype=object)]
[995, array([-90., -45., -45.,   0.]), array([0, 3, 0, 2, 2, 0, 3, 0, 2, 2, 0, 2, 2, 3, 0, 3, 2, 3, 0, 0, 0, 3,
       1, 2, 0, 1, 3, 1, 0, 0, 3, 2, 1, 2, 3, 3, 0, 2, 1, 3], dtype=object)]
[989, array([-90., -45., -45.,   0.]), array([0, 3, 0, 2, 2, 0, 3, 0, 2, 2, 0, 2, 2, 3, 0, 3, 2, 3, 0, 0, 0, 3,
       1, 2, 0, 1, 3, 1, 0, 0, 3, 2, 3, 2, 3, 3, 0, 2, 1, 3], dtype=object)]
[991, array([-90., -45., -45.,   0.]), array([0, 3, 0, 2, 2, 0, 3, 0, 2, 2, 0, 2, 2, 3, 0, 2, 2, 3, 0, 0, 0, 3,
       1, 2, 0, 1, 3, 1, 0, 0, 3, 2, 3, 2, 3, 3, 0, 2, 1, 3], dtype=object)]
[996, array([-90., -45., -45.,   0.]), array([0, 3, 0, 2, 2, 0, 3, 0, 2, 2, 2, 2, 2, 3, 0, 2, 2, 3, 0, 0, 0, 3,
       1, 2, 0, 1, 3, 1, 0, 0, 3, 2, 3, 2, 3, 3, 0, 2, 1, 3], dtype=object)]
[990, array([-90., -45., -45.,   0.]), array([0, 3, 0, 2, 2, 0, 3, 0, 2, 2, 0, 2, 2, 3, 0, 2, 2, 3, 0, 0, 0, 3,
       1, 2, 0, 1, 3, 1, 0, 0, 3, 2, 3, 2, 3, 3, 0, 2, 1, 3], dtype=object)]
[992, array([-90., -45., -45.,   0.]), array([0, 3, 0, 2, 2, 0, 3, 0, 2, 2, 2, 2, 2, 3, 0, 2, 2, 3, 0, 0, 0, 3,
       1, 2, 0, 1, 3, 1, 0, 0, 3, 2, 3, 2, 3, 3, 0, 2, 1, 3], dtype=object)]
[997, array([-90., -45., -45.,   0.]), array([0, 3, 0, 2, 2, 0, 3, 0, 2, 2, 2, 2, 2, 3, 0, 3, 2, 3, 0, 0, 0, 3,
       1, 2, 0, 1, 3, 1, 0, 0, 3, 2, 1, 2, 3, 3, 0, 2, 1, 3], dtype=object)]
[991, array([-90., -45., -45.,   0.]), array([0, 3, 0, 2, 2, 0, 3, 0, 2, 2, 0, 2, 2, 3, 0, 2, 2, 3, 0, 0, 0, 3,
       1, 2, 0, 1, 3, 1, 0, 0, 3, 2, 3, 2, 3, 3, 0, 2, 1, 3], dtype=object)]
[998, array([-90., -45., -45.,   0.]), array([0, 3, 0, 2, 2, 0, 3, 0, 2, 2, 2, 2, 2, 3, 0, 2, 2, 3, 0, 0, 0, 3,
       1, 2, 0, 1, 3, 1, 0, 0, 3, 2, 3, 2, 3, 3, 0, 2, 1, 3], dtype=object)]
[993, array([-90., -45., -45.,   0.]), array([0, 3, 0, 2, 2, 0, 3, 0, 2, 2, 0, 2, 2, 3, 0, 3, 2, 3, 0, 0, 0, 3,
       1, 2, 0, 1, 3, 1, 0, 0, 3, 2, 1, 2, 3, 3, 0, 2, 1, 3], dtype=object)]
[992, array([-90., -45., -45.,   0.]), array([0, 3, 0, 2, 2, 0, 3, 0, 2, 2, 2, 2, 2, 3, 0, 2, 2, 3, 0, 0, 0, 3,
       1, 2, 0, 1, 3, 1, 0, 0, 3, 2, 3, 2, 3, 3, 0, 2, 1, 3], dtype=object)]
[994, array([-90., -45., -45.,   0.]), array([0, 3, 0, 2, 2, 0, 3, 0, 2, 2, 2, 2, 1, 3, 0, 3, 2, 3, 0, 0, 0, 3,
       1, 2, 0, 1, 3, 1, 0, 0, 3, 2, 3, 2, 3, 3, 0, 2, 1, 3], dtype=object)]
[999, array([-90., -45., -45.,   0.]), array([0, 3, 0, 2, 2, 0, 3, 0, 2, 2, 0, 2, 2, 3, 0, 3, 2, 3, 0, 0, 0, 3,
       1, 2, 0, 1, 3, 1, 0, 0, 3, 2, 1, 2, 3, 3, 0, 2, 1, 3], dtype=object)]
[993, array([-90., -45., -45.,   0.]), array([0, 3, 0, 2, 2, 0, 3, 0, 2, 2, 0, 2, 2, 3, 0, 3, 2, 3, 0, 0, 0, 3,
       1, 2, 0, 1, 3, 1, 0, 0, 3, 2, 1, 2, 3, 3, 0, 2, 1, 3], dtype=object)]
[995, array([-90., -45., -45.,   0.]), array([0, 3, 0, 2, 2, 0, 3, 0, 2, 2, 0, 2, 2, 3, 0, 3, 2, 3, 0, 0, 0, 3,
       1, 2, 0, 1, 3, 1, 0, 0, 3, 2, 1, 2, 3, 3, 0, 2, 1, 3], dtype=object)]
[1000, array([-90., -45., -45.,   0.]), array([0, 3, 0, 2, 2, 0, 3, 0, 2, 2, 1, 2, 2, 3, 0, 3, 2, 3, 0, 0, 0, 3,
       1, 2, 0, 1, 3, 1, 0, 0, 3, 2, 1, 2, 3, 3, 0, 2, 1, 3], dtype=object)]
[994, array([-90., -45., -45.,   0.]), array([0, 3, 0, 2, 2, 0, 3, 0, 2, 2, 2, 2, 1, 3, 0, 3, 2, 3, 0, 0, 0, 3,
       1, 2, 0, 1, 3, 1, 0, 0, 3, 2, 3, 2, 3, 3, 0, 2, 1, 3], dtype=object)]
[996, array([-90., -45., -45.,   0.]), array([0, 3, 0, 2, 2, 0, 3, 0, 2, 2, 2, 2, 2, 3, 0, 2, 2, 3, 0, 0, 0, 3,
       1, 2, 0, 1, 3, 1, 0, 0, 3, 2, 3, 2, 3, 3, 0, 2, 1, 3], dtype=object)]
[995, array([-90., -45., -45.,   0.]), array([0, 3, 0, 2, 2, 0, 3, 0, 2, 2, 0, 2, 2, 3, 0, 3, 2, 3, 0, 0, 0, 3,
       1, 2, 0, 1, 3, 1, 0, 0, 3, 2, 1, 2, 3, 3, 0, 2, 1, 3], dtype=object)]
[997, array([-90., -45., -45.,   0.]), array([0, 3, 0, 2, 2, 0, 3, 0, 2, 2, 2, 2, 2, 3, 0, 3, 2, 3, 0, 0, 0, 3,
       1, 2, 0, 1, 3, 1, 0, 0, 3, 2, 1, 2, 3, 3, 0, 2, 1, 3], dtype=object)]
[996, array([-90., -45., -45.,   0.]), array([0, 3, 0, 2, 2, 0, 3, 0, 2, 2, 2, 2, 2, 3, 0, 2, 2, 3, 0, 0, 0, 3,
       1, 2, 0, 1, 3, 1, 0, 0, 3, 2, 3, 2, 3, 3, 0, 2, 1, 3], dtype=object)]
[998, array([-90., -45., -45.,   0.]), array([0, 3, 0, 2, 2, 0, 3, 0, 2, 2, 2, 2, 2, 3, 0, 2, 2, 3, 0, 0, 0, 3,
       1, 2, 0, 1, 3, 1, 0, 0, 3, 2, 3, 2, 3, 3, 0, 2, 1, 3], dtype=object)]
[997, array([-90., -45., -45.,   0.]), array([0, 3, 0, 2, 2, 0, 3, 0, 2, 2, 2, 2, 2, 3, 0, 3, 2, 3, 0, 0, 0, 3,
       1, 2, 0, 1, 3, 1, 0, 0, 3, 2, 1, 2, 3, 3, 0, 2, 1, 3], dtype=object)]
[999, array([-90., -45., -45.,   0.]), array([0, 3, 0, 2, 2, 0, 3, 0, 2, 2, 0, 2, 2, 3, 0, 3, 2, 3, 0, 0, 0, 3,
       1, 2, 0, 1, 3, 1, 0, 0, 3, 2, 1, 2, 3, 3, 0, 2, 1, 3], dtype=object)]
[998, array([-90., -45., -45.,   0.]), array([0, 3, 0, 2, 2, 0, 3, 0, 2, 2, 2, 2, 2, 3, 0, 2, 2, 3, 0, 0, 0, 3,
       1, 2, 0, 1, 3, 1, 0, 0, 3, 2, 3, 2, 3, 3, 0, 2, 1, 3], dtype=object)]
[1000, array([-90., -45., -45.,   0.]), array([0, 3, 0, 2, 2, 0, 3, 0, 2, 2, 1, 2, 2, 3, 0, 3, 2, 3, 0, 0, 0, 3,
       1, 2, 0, 1, 3, 1, 0, 0, 3, 2, 1, 2, 3, 3, 0, 2, 1, 3], dtype=object)]
[999, array([-90., -45., -45.,   0.]), array([0, 3, 0, 2, 2, 0, 3, 0, 2, 2, 0, 2, 2, 3, 0, 3, 2, 3, 0, 0, 0, 3,
       1, 2, 0, 1, 3, 1, 0, 0, 3, 2, 1, 2, 3, 3, 0, 2, 1, 3], dtype=object)]
[1000, array([-90., -45., -45.,   0.]), array([0, 3, 0, 2, 2, 0, 3, 0, 2, 2, 1, 2, 2, 3, 0, 3, 2, 3, 0, 0, 0, 3,
       1, 2, 0, 1, 3, 1, 0, 0, 3, 2, 1, 2, 3, 3, 0, 2, 1, 3], dtype=object)]
[1000, array([-90., -45., -45.,   0.]), array([0, 3, 0, 2, 2, 0, 3, 0, 2, 2, 1, 2, 2, 3, 0, 3, 2, 3, 0, 0, 0, 3,
       1, 2, 0, 1, 3, 1, 0, 0, 3, 2, 1, 2, 3, 3, 0, 2, 1, 3], dtype=object)]
Minimum Energy found with CAFQA initialization: -45.0
8 Qubits and 2 reps
Minimum Energy found with CAFQA initialization: -45.0
Starting task: task_0 for val : -45.0
Finished task: task_0
Starting task: Vanilla_task for val : [np.float64(-45.0), np.float64(-27.0), np.float64(-16.0)]
Finished task: Vanilla_task
Starting task: task_1 for val : -27.0
Finished task: task_1
Starting task: Random_MA-QAOA for val : [np.float64(-45.0), np.float64(-27.0), np.float64(-16.0)]
Finished task: Random_MA-QAOA
Starting task: task_2 for val : -16.0
Finished task: task_2
Total Time : 83.71383925806731
